time_sec,joint_pelvisYaw,joint_pelvisPitch,joint_pelvisRoll,joint_lShoulderPitch,joint_lShoulderRoll,joint_lShoulderYaw,joint_lElbow,joint_lWristRoll,joint_lWristPitch,joint_rShoulderPitch,joint_rShoulderRoll,joint_rShoulderYaw,joint_rElbow,joint_rWristRoll,joint_rWristPitch
0.000000,0.010597,0.011110,0.020986,-0.911008,-1.104734,1.294205,-1.509339,0.009981,0.004591,-0.991296,-1.241388,-1.706982,1.570000,-0.008811,0.004838
0.033333,0.016590,0.012272,0.023536,-0.832298,-1.068816,1.201503,-1.515184,0.017397,0.001708,-0.891296,-1.172086,-1.606982,1.560081,0.002983,0.001068
0.066667,0.011587,0.016736,0.019033,-0.794471,-1.056927,1.156392,-1.521390,0.014693,0.001275,-0.791296,-1.130058,-1.506982,1.560081,0.011118,-0.002383
0.100000,0.012990,0.021149,0.015457,-0.739572,-1.036643,1.091281,-1.530591,0.007048,-0.000581,-0.691296,-1.068030,-1.406982,1.543370,0.014986,-0.004417
0.133333,0.010092,0.024636,0.012345,-0.704967,-1.044099,1.023365,-1.551137,-0.002898,0.000881,-0.591296,-1.017522,-1.306982,1.535797,0.012001,-0.007851
0.166667,-0.000501,0.028165,-0.001426,-0.677105,-1.038736,0.978184,-1.546826,-0.002903,-0.008845,-0.491296,-0.959185,-1.206982,1.516393,0.012169,-0.009787
0.200000,-0.000917,0.031811,-0.003120,-0.665654,-1.021739,0.946286,-1.546014,-0.002576,-0.012919,-0.391296,-0.905987,-1.106982,1.504056,0.014633,-0.000801
0.233333,0.002923,0.029971,0.002923,-0.667708,-1.022828,0.908918,-1.551219,-0.003073,-0.015749,-0.311008,-0.869524,-1.006982,1.487073,0.009965,-0.000318
0.266667,-0.003753,0.028911,-0.001569,-0.682880,-1.034611,0.901934,-1.549226,0.002531,-0.022826,-0.254763,-0.846367,-0.906982,1.488307,0.000401,0.002221
0.300000,-0.007616,0.035459,-0.002546,-0.717759,-1.028888,0.934949,-1.542857,0.005220,-0.017015,-0.238517,-0.849499,-0.806982,1.505799,0.001927,0.013013
0.333333,-0.000823,0.033321,0.009530,-0.775412,-1.021762,0.983761,-1.545494,0.002353,-0.010670,-0.262272,-0.886891,-0.706982,1.522053,0.003790,0.013701
0.366667,0.003361,0.030615,0.012398,-0.815610,-1.003793,1.029749,-1.521840,0.006166,0.001289,-0.326027,-0.913938,-0.646982,1.526931,-0.006419,0.002096
0.400000,0.005173,0.037824,0.009736,-0.856445,-0.992907,1.106537,-1.505002,0.002109,0.007380,-0.410069,-0.938578,-0.626982,1.538596,-0.014855,0.009711
0.433333,0.008056,0.035907,0.016312,-0.901709,-0.979581,1.176537,-1.494963,0.004742,0.015290,-0.510069,-0.989913,-0.646982,1.554072,-0.006439,0.006772
0.466667,0.013580,0.032604,0.017744,-0.916756,-0.972360,1.227040,-1.488950,0.001393,0.011493,-0.610069,-1.037479,-0.706982,1.554072,-0.001672,-0.000386
0.500000,0.016337,0.031676,0.016411,-0.922030,-0.982993,1.259654,-1.490843,-0.001172,0.018135,-0.710069,-1.061043,-0.806982,1.557222,0.000288,0.009126
0.533333,0.013955,0.029558,0.016805,-0.916053,-1.007126,1.277139,-1.504977,-0.004578,0.010056,-0.780461,-1.095681,-0.906982,1.564682,0.007453,0.013702
0.566667,0.020817,0.024933,0.020430,-0.906983,-1.014465,1.269252,-1.514504,0.007241,0.011436,-0.820237,-1.149440,-1.006982,1.570000,0.013823,0.010429
0.600000,0.023319,0.027202,0.026685,-0.892748,-1.022806,1.250357,-1.522877,0.009050,0.018111,-0.820013,-1.181041,-1.106982,1.557628,0.008292,0.012491
0.633333,0.017895,0.021526,0.025537,-0.875574,-1.027357,1.210959,-1.535259,0.011973,0.018550,-0.779789,-1.183307,-1.184778,1.525255,0.003621,0.011639
0.666667,0.018748,0.022443,0.025960,-0.841051,-1.018967,1.174054,-1.527998,0.014421,0.015936,-0.699565,-1.187774,-1.222574,1.472883,0.001068,-0.002133
0.700000,0.023148,0.022617,0.024204,-0.818967,-1.019727,1.130629,-1.540653,0.010179,0.006901,-0.608949,-1.175002,-1.220370,1.400510,-0.000156,-0.004791
0.733333,0.017862,0.018433,0.021573,-0.797750,-1.025899,1.087790,-1.548685,0.004005,0.001659,-0.508949,-1.133936,-1.178166,1.308830,0.005875,-0.005693
0.766667,0.012428,0.020332,0.011488,-0.784217,-1.020029,1.072365,-1.535275,0.000400,-0.000839,-0.408949,-1.075027,-1.095962,1.249522,0.003273,-0.008272
0.800000,0.013046,0.027770,0.014467,-0.803843,-1.017331,1.096939,-1.519573,0.004214,0.005412,-0.337075,-1.031425,-0.995962,1.230214,-0.000787,-0.001981
0.833333,0.009778,0.024636,0.013144,-0.844183,-1.022968,1.136911,-1.525399,0.004154,-0.000693,-0.293395,-0.994205,-0.895962,1.250906,0.000394,-0.000084
0.866667,0.000352,0.021616,0.006690,-0.874001,-1.022901,1.191028,-1.513796,0.011037,0.003449,-0.273761,-0.940919,-0.795962,1.311598,0.007105,0.005721
0.900000,0.001583,0.028485,0.005965,-0.914352,-1.012360,1.254717,-1.506118,0.009809,0.000104,-0.294127,-0.922478,-0.695962,1.403278,0.004473,0.006950
0.933333,0.000313,0.024836,0.008813,-0.946734,-1.011987,1.285285,-1.519489,0.010625,-0.009195,-0.354493,-0.904727,-0.595962,1.470058,0.010489,0.007709
0.966667,-0.002801,0.022437,-0.003845,-0.946594,-0.996656,1.275854,-1.530706,0.014427,-0.016068,-0.426733,-0.904773,-0.535962,1.521739,0.019163,0.000964
1.000000,0.000968,0.027191,-0.004621,-0.918235,-0.980731,1.226422,-1.533710,0.012124,-0.009589,-0.510779,-0.925001,-0.515962,1.553419,0.021566,0.010368
1.033333,0.007103,0.029348,0.000407,-0.880657,-0.984165,1.158088,-1.542437,0.010221,-0.006428,-0.610779,-0.971826,-0.535962,1.562738,0.013160,0.009215
1.066667,0.000140,0.030421,-0.005063,-0.810895,-0.983952,1.064967,-1.550115,0.005634,0.000550,-0.710779,-1.007612,-0.595962,1.562738,0.011024,0.003792
1.100000,0.007396,0.030607,-0.002468,-0.728432,-0.987153,0.964967,-1.556744,0.001866,0.005996,-0.799106,-1.066615,-0.695962,1.567639,0.015308,0.011008
1.133333,0.009793,0.025625,0.007560,-0.641157,-0.989592,0.864967,-1.561229,-0.008504,0.005119,-0.851009,-1.106388,-0.795962,1.559777,0.006867,0.012782
1.166667,0.009231,0.031688,0.007686,-0.550137,-0.974169,0.764967,-1.558440,-0.009157,0.006483,-0.862912,-1.122800,-0.855962,1.549712,-0.002479,0.013304
1.200000,0.004315,0.033497,0.012330,-0.455127,-0.936810,0.664967,-1.562600,-0.005379,0.005638,-0.834815,-1.137389,-0.875962,1.537399,-0.001277,0.018370
1.233333,0.016088,0.022308,0.016625,-0.360118,-0.906662,0.564967,-1.562600,-0.001913,0.000179,-0.766718,-1.152426,-0.855962,1.519259,-0.000079,0.020981
1.266667,0.022197,0.022525,0.013239,-0.279613,-0.881064,0.464967,-1.554515,0.004018,0.004664,-0.670293,-1.165781,-0.795962,1.509620,-0.014862,0.013739
1.300000,0.028636,0.022639,0.010909,-0.234602,-0.895467,0.364967,-1.554515,0.005012,0.003346,-0.594588,-1.165336,-0.695962,1.502066,-0.013741,0.019338
1.333333,0.027278,0.011995,0.016943,-0.228990,-0.927115,0.264967,-1.561915,0.009613,0.002101,-0.552081,-1.187377,-0.595962,1.502400,-0.006169,0.014366
1.366667,0.038984,0.008029,0.015646,-0.259076,-0.969656,0.170056,-1.557735,0.004758,0.004296,-0.549575,-1.194680,-0.531906,1.517075,-0.017628,0.001461
1.400000,0.029831,0.011937,0.014713,-0.329048,-1.030110,0.115145,-1.556055,0.008385,0.003884,-0.587069,-1.200456,-0.507851,1.532068,-0.019479,0.005901
1.433333,0.024506,0.012682,0.018899,-0.398625,-1.075916,0.100234,-1.543350,0.001487,-0.000957,-0.664562,-1.184005,-0.523795,1.528294,-0.007304,0.004760
1.466667,0.029613,0.014282,0.022258,-0.466208,-1.091443,0.125323,-1.511268,0.007871,0.003818,-0.757761,-1.177726,-0.579739,1.528572,-0.014637,0.007123
1.500000,0.032497,0.016709,0.023628,-0.534393,-1.114574,0.190412,-1.482266,0.003638,-0.003438,-0.857761,-1.152021,-0.675684,1.531407,-0.012474,0.009581
1.533333,0.015907,0.019718,0.014278,-0.606879,-1.142481,0.290412,-1.464429,0.002256,-0.007387,-0.941324,-1.120670,-0.775684,1.531407,-0.002067,0.016174
1.566667,0.012610,0.026153,0.010620,-0.679479,-1.136343,0.390412,-1.451688,0.000635,0.003816,-1.002703,-1.098458,-0.875684,1.534553,-0.001741,0.022122
1.600000,0.014761,0.028543,0.009722,-0.753858,-1.143293,0.490412,-1.438714,0.001802,0.008956,-1.024082,-1.102762,-0.975684,1.547967,-0.001024,0.027609
1.633333,0.002322,0.025280,0.000997,-0.792070,-1.160277,0.590412,-1.446375,0.002533,0.000044,-1.005461,-1.093950,-1.075684,1.548905,0.010328,0.019677
1.666667,0.003232,0.026189,-0.014054,-0.790281,-1.151682,0.690412,-1.436899,0.008593,0.006015,-0.946841,-1.088859,-1.162881,1.551203,0.010230,0.015524
1.700000,0.012629,0.026051,-0.003559,-0.748493,-1.133046,0.766898,-1.427977,0.009618,0.009523,-0.864657,-1.089047,-1.210078,1.537331,0.017474,0.019665
1.733333,0.019329,0.019015,-0.000879,-0.666704,-1.118773,0.803385,-1.405285,0.009419,0.000399,-0.764657,-1.073959,-1.217275,1.511943,0.020235,0.009637
1.766667,0.015729,0.019984,-0.004518,-0.566704,-1.103087,0.799871,-1.394566,0.011007,0.002227,-0.664657,-1.046549,-1.184472,1.506555,0.018963,0.009140
1.800000,0.018362,0.020156,0.003298,-0.466704,-1.070906,0.756358,-1.394503,0.007736,0.005425,-0.564657,-1.026615,-1.111669,1.513934,0.017563,0.011231
1.833333,0.018111,0.019735,0.014217,-0.388619,-1.049047,0.679122,-1.406774,0.001138,0.003203,-0.469986,-1.003765,-1.011669,1.506940,0.016017,0.014886
1.866667,0.007973,0.023669,0.012176,-0.350534,-1.042572,0.625400,-1.404230,0.001879,0.008610,-0.398749,-0.978834,-0.911669,1.512570,0.008651,0.006084
1.900000,0.002544,0.024286,0.015340,-0.352449,-1.064130,0.611678,-1.421169,0.003712,0.007203,-0.354652,-0.962956,-0.811669,1.537957,0.004200,0.005003
1.933333,0.001003,0.020620,0.020056,-0.394364,-1.080834,0.637956,-1.444556,0.003044,0.002808,-0.329864,-0.950393,-0.711669,1.543297,0.010382,0.006579
1.966667,0.003898,0.026225,0.014175,-0.476279,-1.125078,0.704234,-1.452265,-0.000269,0.003283,-0.323103,-0.930934,-0.611669,1.550118,0.001770,0.005861
2.000000,-0.005393,0.025278,0.011241,-0.576279,-1.166586,0.804234,-1.459772,-0.000002,0.000394,-0.311012,-0.907779,-0.511669,1.541710,-0.000880,-0.000771
2.033333,0.006738,0.022496,0.012163,-0.676279,-1.187126,0.904234,-1.474567,-0.001873,-0.009330,-0.286630,-0.885701,-0.411669,1.511365,-0.002142,-0.002008
2.066667,0.015387,0.024070,0.008266,-0.776279,-1.184553,1.004234,-1.479216,0.000448,-0.005765,-0.254039,-0.844260,-0.311669,1.454955,-0.013583,0.001575
2.100000,0.016134,0.025336,0.008188,-0.862320,-1.196117,1.104234,-1.477407,0.003276,-0.015281,-0.207230,-0.786299,-0.211669,1.378592,-0.020950,-0.002629
2.133333,0.015990,0.019558,0.012992,-0.923539,-1.180721,1.204234,-1.466093,0.001671,-0.017047,-0.171496,-0.732431,-0.112689,1.287754,-0.015345,-0.009892
2.166667,0.027846,0.020122,0.015802,-0.972558,-1.164767,1.304234,-1.471533,-0.000100,-0.024314,-0.152891,-0.686532,-0.021543,1.223537,-0.021049,-0.010487
2.200000,0.028642,0.018347,0.017730,-0.999597,-1.162677,1.390834,-1.471144,0.003562,-0.025779,-0.137724,-0.650544,0.048841,1.184079,-0.019171,-0.002536
2.233333,0.023911,0.022102,0.026278,-0.997419,-1.161741,1.471961,-1.457686,0.004156,-0.029015,-0.128782,-0.623721,0.101884,1.168169,-0.002658,-0.003660
2.266667,0.040745,0.031124,0.032496,-0.997280,-1.137569,1.523729,-1.437888,0.005559,-0.007879,-0.121895,-0.631751,0.137698,1.192258,-0.003728,-0.000135
2.300000,0.039746,0.036453,0.039062,-0.996796,-1.143518,1.546355,-1.443271,0.007761,-0.005997,-0.114174,-0.631560,0.158957,1.237898,-0.008991,0.004722
2.333333,0.031901,0.037477,0.030608,-0.985082,-1.141676,1.552671,-1.440236,0.016282,-0.000070,-0.101860,-0.632925,0.176762,1.289505,-0.002748,0.011306
2.366667,0.026350,0.045932,0.032237,-0.985136,-1.138200,1.564133,-1.433667,0.008666,0.009664,-0.107204,-0.643280,0.182966,1.354941,-0.001036,0.009689
2.400000,0.023827,0.040863,0.030544,-0.985150,-1.148590,1.547680,-1.451035,0.003235,0.006329,-0.106086,-0.654919,0.198568,1.404733,-0.002196,0.007569
2.433333,0.008355,0.035432,0.020263,-0.972175,-1.164740,1.543130,-1.479394,0.000687,-0.005909,-0.123577,-0.651347,0.208788,1.426264,0.001918,0.007714
2.466667,0.003451,0.036578,0.011986,-0.971902,-1.170573,1.547792,-1.499152,0.002160,-0.007885,-0.120737,-0.669341,0.203983,1.439428,0.001824,0.016111
2.500000,0.001683,0.033323,0.021376,-0.970785,-1.187041,1.546775,-1.503555,-0.000211,-0.004433,-0.126127,-0.694337,0.206284,1.431796,0.002744,0.011372
2.533333,0.002545,0.026723,0.018005,-0.941768,-1.203329,1.529453,-1.514736,0.004895,-0.008958,-0.120416,-0.725484,0.206023,1.384163,0.003121,0.007105
2.566667,0.002698,0.024114,0.017253,-0.934511,-1.218183,1.532529,-1.517556,0.011708,0.001691,-0.124677,-0.771518,0.180261,1.326451,-0.003724,0.010775
2.600000,0.001253,0.015743,0.022380,-0.928984,-1.224438,1.530661,-1.517994,0.008716,-0.003778,-0.123890,-0.836921,0.151506,1.256999,-0.004232,0.007362
2.633333,0.004417,0.012076,0.028197,-0.920316,-1.207049,1.524187,-1.505474,0.007613,-0.001845,-0.144094,-0.902448,0.118835,1.168791,0.002271,-0.004605
2.666667,0.005759,0.017054,0.022907,-0.915328,-1.192283,1.539703,-1.499030,0.010129,-0.000121,-0.178440,-0.975103,0.067238,1.068791,-0.001886,-0.007407
2.700000,0.005101,0.016517,0.023769,-0.927624,-1.188515,1.539776,-1.502021,0.008627,0.001763,-0.200493,-1.054035,0.040778,0.968791,-0.000944,-0.007082
2.733333,0.010961,0.015332,0.016204,-0.919057,-1.168746,1.536865,-1.485815,0.008842,-0.004932,-0.232907,-1.136201,0.021639,0.868791,0.004054,-0.011711
2.766667,0.013330,0.019064,0.007423,-0.920872,-1.177400,1.518037,-1.490589,0.010983,-0.003220,-0.244615,-1.208019,0.019194,0.768791,0.000983,-0.010954
2.800000,0.012547,0.019162,0.005718,-0.924071,-1.198559,1.505759,-1.499431,0.012659,-0.004778,-0.250829,-1.276948,0.027151,0.668791,0.000815,-0.009213
2.833333,0.012745,0.013587,0.011703,-0.932323,-1.199554,1.473551,-1.514100,0.010749,-0.007592,-0.245224,-1.323578,0.042724,0.568791,-0.002064,-0.002793
2.866667,0.013326,0.019528,0.012742,-0.954678,-1.189026,1.445123,-1.515882,0.012778,-0.002377,-0.246632,-1.361905,0.044786,0.479268,-0.004145,0.002955
2.900000,0.008900,0.023399,0.019508,-0.969531,-1.197676,1.426956,-1.535855,0.003089,-0.001813,-0.228444,-1.373850,0.043145,0.401890,-0.005365,0.005264
2.933333,0.007481,0.022428,0.026837,-0.977182,-1.190718,1.427105,-1.539964,-0.000208,-0.000044,-0.230257,-1.376142,0.030415,0.344512,-0.003882,0.005104
2.966667,0.008159,0.020404,0.028312,-0.959053,-1.171254,1.405241,-1.531380,0.006321,0.001536,-0.248636,-1.363240,0.001800,0.327134,-0.001258,0.006293
3.000000,0.008680,0.022651,0.026045,-0.922533,-1.176719,1.363306,-1.528300,0.005887,0.008094,-0.283926,-1.363423,-0.051326,0.349756,-0.003447,0.004030
3.033333,0.007196,0.018360,0.022654,-0.876121,-1.181335,1.317592,-1.534573,0.003129,-0.001503,-0.343361,-1.355095,-0.121149,0.401901,-0.001877,-0.001605
3.066667,-0.001948,0.021220,0.015587,-0.854544,-1.172725,1.267653,-1.535584,0.004240,-0.000982,-0.423361,-1.340462,-0.201149,0.481901,0.002550,-0.008138
3.100000,-0.005514,0.023551,0.008685,-0.852966,-1.157609,1.237209,-1.532776,0.003343,-0.001683,-0.523361,-1.339147,-0.301149,0.581901,0.000805,-0.009186
3.133333,-0.008626,0.025479,0.004227,-0.876595,-1.174614,1.223508,-1.544305,-0.006014,-0.005496,-0.623361,-1.355601,-0.401149,0.681901,-0.004638,-0.008731
3.166667,-0.020381,0.028550,-0.009388,-0.895029,-1.180298,1.227669,-1.537969,-0.005724,-0.019674,-0.718712,-1.344105,-0.501149,0.781901,0.001274,-0.014134
3.200000,-0.021013,0.031030,-0.013208,-0.917163,-1.176702,1.231830,-1.537229,-0.002471,-0.023319,-0.796305,-1.349424,-0.601149,0.881902,0.004780,-0.003204
3.233333,-0.015006,0.025567,-0.008188,-0.922105,-1.189266,1.205930,-1.539980,0.000970,-0.028597,-0.855169,-1.363434,-0.701149,0.981902,0.000677,-0.001236
3.266667,-0.020380,0.024890,-0.011990,-0.887046,-1.222247,1.140535,-1.547815,0.009057,-0.038768,-0.886676,-1.347493,-0.801149,1.081902,-0.002390,-0.001696
3.300000,-0.021467,0.033484,-0.013544,-0.841063,-1.234966,1.058398,-1.551493,0.008035,-0.033170,-0.908432,-1.349702,-0.901149,1.181902,-0.000765,0.005073
3.333333,-0.014774,0.031363,-0.001680,-0.799650,-1.251481,0.958398,-1.564574,0.005826,-0.026023,-0.915520,-1.361462,-1.001149,1.281902,-0.003005,0.009283
3.366667,-0.014253,0.029039,0.001050,-0.748958,-1.253389,0.858397,-1.553215,0.010036,-0.010708,-0.916913,-1.346353,-1.101149,1.360005,-0.014441,0.002451
3.400000,-0.015746,0.042761,0.000854,-0.726486,-1.260740,0.796061,-1.552795,0.001916,-0.004841,-0.910794,-1.322819,-1.201149,1.423244,-0.022866,0.014046
3.433333,-0.012397,0.040082,0.007796,-0.729292,-1.252567,0.759277,-1.551767,-0.001991,0.005436,-0.919196,-1.332895,-1.301149,1.475152,-0.018984,0.012407
3.466667,-0.006922,0.034647,0.010123,-0.750485,-1.246603,0.762493,-1.549819,0.000494,0.003801,-0.931910,-1.322218,-1.401149,1.505665,-0.013332,0.003242
3.500000,0.000449,0.035468,0.010084,-0.806238,-1.250069,0.805709,-1.549819,-0.004641,0.007451,-0.933616,-1.307740,-1.501149,1.513935,-0.006019,0.011933
3.533333,0.001535,0.034117,0.013165,-0.867435,-1.268518,0.888925,-1.558340,-0.013743,-0.003723,-0.931528,-1.310833,-1.584481,1.527447,-0.004677,0.009606
3.566667,0.008555,0.028191,0.016672,-0.916997,-1.269588,0.968334,-1.554268,0.000215,-0.003967,-0.939474,-1.338794,-1.652541,1.541827,0.000426,0.001115
3.600000,0.011210,0.030704,0.023612,-0.965239,-1.274841,1.055390,-1.543893,0.004390,0.003641,-0.944905,-1.348124,-1.711479,1.547539,-0.003335,0.004465
3.633333,0.006439,0.028223,0.022642,-0.998889,-1.275219,1.127638,-1.535730,0.003822,0.001076,-0.919419,-1.338354,-1.740036,1.534646,-0.007263,0.005205
3.666667,0.005777,0.028148,0.024228,-0.997172,-1.261800,1.199886,-1.505619,0.008254,0.003616,-0.913933,-1.344346,-1.754262,1.528415,-0.014820,-0.007338
3.700000,0.008453,0.024880,0.022373,-0.985980,-1.250182,1.246283,-1.472464,0.007477,-0.003863,-0.919049,-1.350247,-1.775948,1.502412,-0.006684,-0.007754
3.733333,0.003481,0.019232,0.019038,-0.960974,-1.241524,1.273449,-1.436524,0.000059,-0.004867,-0.905369,-1.329069,-1.784480,1.460759,-0.000940,-0.005581
3.766667,0.000874,0.021531,0.010164,-0.912010,-1.217533,1.287480,-1.386230,-0.000933,-0.004950,-0.880311,-1.295271,-1.772754,1.409630,-0.004440,-0.007680
3.800000,0.000754,0.027411,0.013593,-0.861200,-1.202229,1.294551,-1.314644,0.001937,0.001763,-0.866538,-1.294885,-1.767509,1.370036,-0.006863,0.004333
3.833333,-0.006179,0.023555,0.010661,-0.815092,-1.200015,1.278830,-1.262974,0.002910,-0.009202,-0.843489,-1.285955,-1.748264,1.332490,-0.002296,0.005290
3.866667,-0.012713,0.023346,0.001436,-0.789451,-1.186720,1.288961,-1.241346,0.013358,-0.006348,-0.797085,-1.246413,-1.698228,1.304241,0.000678,0.009746
3.900000,-0.008655,0.032431,0.000035,-0.789258,-1.174914,1.324465,-1.241261,0.014190,-0.011891,-0.745684,-1.201505,-1.636616,1.305638,0.003465,0.005640
3.933333,-0.009926,0.030089,0.001905,-0.814038,-1.177033,1.360975,-1.279560,0.009726,-0.025659,-0.681012,-1.150869,-1.564385,1.328748,0.015656,0.001270
3.966667,-0.009259,0.029865,-0.010533,-0.844945,-1.161274,1.393686,-1.339985,0.017893,-0.031162,-0.601411,-1.067959,-1.476054,1.380326,0.024214,-0.010264
4.000000,-0.000254,0.036031,-0.010814,-0.890057,-1.147985,1.412847,-1.406210,0.018344,-0.027223,-0.501411,-0.974508,-1.376054,1.433451,0.028553,-0.001356
4.033333,0.003121,0.040008,-0.002360,-0.910561,-1.161052,1.392007,-1.452472,0.012248,-0.023793,-0.410807,-0.902423,-1.276054,1.485354,0.022045,-0.007903
4.066667,-0.000679,0.037963,-0.006520,-0.891066,-1.165742,1.331168,-1.489127,0.006074,-0.018380,-0.342898,-0.853466,-1.176054,1.514787,0.017476,-0.006887
4.100000,0.003216,0.039190,-0.003117,-0.846596,-1.171722,1.249260,-1.508049,0.003559,-0.013361,-0.300356,-0.826737,-1.076054,1.537285,0.017856,-0.000211
4.133333,0.005886,0.034216,0.009390,-0.787560,-1.177703,1.152919,-1.529321,-0.009852,-0.010877,-0.269917,-0.817087,-0.976054,1.519784,0.011401,-0.001724
4.166667,0.005620,0.039867,0.012577,-0.713241,-1.158169,1.052919,-1.536913,-0.011800,-0.007927,-0.261028,-0.819740,-0.876054,1.491198,0.002668,0.000648
4.200000,0.005183,0.040898,0.017255,-0.650780,-1.124123,0.952919,-1.552433,-0.005391,-0.005437,-0.254272,-0.833049,-0.776054,1.456761,0.001299,0.011813
4.233333,0.017192,0.032058,0.024010,-0.612606,-1.088749,0.852919,-1.557560,-0.001849,-0.012867,-0.250466,-0.859093,-0.676054,1.422839,0.005551,0.013497
4.266667,0.024396,0.032356,0.020904,-0.603857,-1.044894,0.752919,-1.557675,0.009138,-0.009668,-0.240530,-0.894399,-0.576054,1.367839,-0.007821,0.011205
4.300000,0.030739,0.031990,0.018376,-0.627318,-1.020598,0.681198,-1.557675,0.012718,-0.016020,-0.253813,-0.945079,-0.476054,1.312839,-0.008449,0.017416
4.333333,0.029716,0.021167,0.022128,-0.682520,-1.003763,0.649477,-1.565639,0.016881,-0.015841,-0.274629,-1.018192,-0.376054,1.240906,-0.001597,0.011566
4.366667,0.036146,0.015614,0.019706,-0.756233,-0.986385,0.657568,-1.565639,0.009546,-0.014855,-0.323916,-1.085284,-0.285217,1.203178,-0.009923,-0.003520
4.400000,0.025981,0.016890,0.015828,-0.845658,-0.979184,0.705660,-1.565639,0.012905,-0.008834,-0.387558,-1.155315,-0.234381,1.181745,-0.013913,-0.003218
4.433333,0.022580,0.014949,0.019115,-0.930503,-0.969777,0.793751,-1.551894,0.003949,-0.013841,-0.471961,-1.193856,-0.223545,1.184455,-0.000652,-0.005728
4.466667,0.025978,0.016539,0.020237,-0.988688,-0.949211,0.893563,-1.525465,0.011094,-0.005995,-0.561045,-1.217287,-0.252709,1.222869,-0.006406,-0.000336
4.500000,0.030860,0.020709,0.022161,-1.039676,-0.948361,0.993376,-1.510887,0.005628,-0.008854,-0.661044,-1.225474,-0.321873,1.301284,-0.010094,0.003169
4.533333,0.017037,0.022271,0.012636,-1.068505,-0.960375,1.089352,-1.508715,0.006364,-0.011363,-0.750567,-1.217208,-0.421873,1.371240,-0.002154,0.013556
4.566667,0.010506,0.031419,0.009714,-1.097334,-0.950577,1.181339,-1.508715,0.006374,-0.003598,-0.815050,-1.203545,-0.521873,1.437419,-0.000791,0.020515
4.600000,0.011269,0.034024,0.010608,-1.130671,-0.958672,1.268695,-1.514524,0.009122,0.003150,-0.842296,-1.210795,-0.621873,1.495228,-0.003451,0.026512
4.633333,-0.001943,0.028631,0.002575,-1.157349,-0.976743,1.328448,-1.539745,0.005443,-0.006410,-0.830838,-1.199738,-0.721873,1.528286,0.001962,0.017504
4.666667,-0.002512,0.027237,-0.014224,-1.151223,-0.972226,1.359607,-1.550829,0.012875,-0.000946,-0.779380,-1.182589,-0.781873,1.550390,0.009274,0.014940
4.700000,0.006231,0.027159,-0.003978,-1.127257,-0.955474,1.356993,-1.553001,0.014348,-0.003049,-0.719818,-1.162389,-0.801873,1.560436,0.012988,0.014723
4.733333,0.012943,0.018599,-0.002934,-1.063291,-0.939631,1.318368,-1.553001,0.011100,-0.011655,-0.655517,-1.127871,-0.781873,1.548659,0.012810,0.005234
4.766667,0.008148,0.019355,-0.009151,-0.969972,-0.913542,1.244375,-1.560102,0.008507,-0.010812,-0.607983,-1.076576,-0.733938,1.548659,0.014565,0.007975
4.800000,0.017516,0.019355,-0.003431,-0.869972,-0.869078,1.157984,-1.561311,0.006198,-0.003811,-0.570750,-1.024962,-0.665652,1.554899,0.017721,0.012482
4.833333,0.017748,0.017476,0.007486,-0.769972,-0.813963,1.060187,-1.555316,0.001295,-0.008446,-0.553839,-0.964789,-0.611738,1.537741,0.017992,0.016408
4.866667,0.011923,0.020046,0.006021,-0.669972,-0.740016,0.960187,-1.536888,0.004874,0.004068,-0.524549,-0.903279,-0.571129,1.521645,0.014168,0.011383
4.900000,0.011635,0.019887,0.011574,-0.569972,-0.659430,0.860187,-1.531207,0.007742,0.003803,-0.504026,-0.848034,-0.530521,1.519659,0.013602,0.013931
4.933333,0.015883,0.014411,0.017381,-0.469972,-0.572879,0.760187,-1.527316,0.008413,0.002296,-0.482260,-0.812737,-0.481112,1.508933,0.014274,0.015287
4.966667,0.015004,0.020694,0.013423,-0.409972,-0.526327,0.660187,-1.527316,0.003571,0.004640,-0.473188,-0.783026,-0.417121,1.511465,0.007019,0.016999
5.000000,0.005290,0.020706,0.010643,-0.389972,-0.519776,0.560187,-1.535283,0.004090,0.001407,-0.445831,-0.770272,-0.341438,1.512747,0.005698,0.010369
5.033333,0.018937,0.020304,0.009689,-0.409972,-0.553224,0.483677,-1.552326,-0.001689,-0.010999,-0.428189,-0.772750,-0.254465,1.524115,0.002928,0.006703
5.066667,0.023563,0.020223,0.003838,-0.469972,-0.626672,0.447168,-1.557784,0.003702,-0.007385,-0.407507,-0.784395,-0.169826,1.537877,-0.011773,0.009190
5.100000,0.022111,0.020826,0.002812,-0.569972,-0.726672,0.450658,-1.557443,0.003069,-0.015837,-0.370431,-0.782100,-0.097737,1.535927,-0.014777,0.002366
5.133333,0.019130,0.014544,0.006867,-0.669972,-0.817194,0.494149,-1.545467,0.004775,-0.025821,-0.335143,-0.785605,-0.040798,1.524222,-0.006896,-0.010582
5.166667,0.027588,0.014599,0.008564,-0.769972,-0.893692,0.577639,-1.546979,-0.000430,-0.030061,-0.314577,-0.790592,0.017113,1.531942,-0.015015,-0.012636
5.200000,0.023381,0.013829,0.010813,-0.869972,-0.958930,0.677639,-1.545785,0.005110,-0.029263,-0.290176,-0.796264,0.057409,1.535178,-0.008143,-0.006773
5.233333,0.019640,0.020080,0.020011,-0.944718,-1.006956,0.777639,-1.527511,0.001911,-0.033135,-0.272026,-0.785998,0.081757,1.530389,0.006710,-0.009905
5.266667,0.033315,0.030332,0.026031,-0.983259,-1.038281,0.877639,-1.498442,0.008904,-0.015419,-0.260889,-0.802766,0.111111,1.543065,0.003119,-0.006837
5.300000,0.031837,0.034680,0.031762,-0.991038,-1.078162,0.977639,-1.487713,0.009550,-0.009944,-0.252874,-0.809396,0.142968,1.552401,0.005091,-0.001913
5.333333,0.027493,0.035390,0.024217,-0.958817,-1.105139,1.077639,-1.451334,0.019144,-0.008353,-0.240690,-0.815645,0.165389,1.560557,0.013810,-0.000349
5.366667,0.021641,0.042372,0.026389,-0.886596,-1.143376,1.177639,-1.397522,0.010209,-0.002859,-0.245317,-0.835592,0.170077,1.562567,0.015517,-0.001206
5.400000,0.024722,0.036686,0.025289,-0.799629,-1.198824,1.237639,-1.339630,0.005358,-0.004847,-0.244147,-0.867083,0.183607,1.567355,0.018231,-0.005599
5.433333,0.013394,0.030902,0.016560,-0.708866,-1.252376,1.262425,-1.281738,0.002446,-0.018383,-0.261795,-0.875085,0.180589,1.567355,0.029644,-0.008102
5.466667,0.010680,0.032013,0.009105,-0.608866,-1.291701,1.247210,-1.188053,0.003267,-0.020096,-0.262135,-0.909711,0.167472,1.570000,0.021462,0.000010
5.500000,0.008224,0.029666,0.020680,-0.508866,-1.342953,1.191996,-1.088053,0.001218,-0.013466,-0.272260,-0.946850,0.159162,1.570000,0.019992,-0.001101
5.533333,0.010689,0.024837,0.017899,-0.408866,-1.376143,1.097761,-0.988053,0.005865,-0.012964,-0.276905,-0.972991,0.149314,1.566146,0.019659,-0.000300
5.566667,0.005611,0.021374,0.016456,-0.326104,-1.389334,1.004948,-0.902596,0.010983,-0.003614,-0.305148,-0.985134,0.108903,1.566146,0.012814,0.006700
5.600000,0.002499,0.015988,0.020658,-0.253208,-1.400704,0.907350,-0.820528,0.008106,-0.007242,-0.340440,-1.005465,0.055852,1.566146,0.009129,0.001706
5.633333,0.006210,0.013020,0.027519,-0.203215,-1.387222,0.809752,-0.754573,0.008071,-0.006510,-0.403838,-1.000826,-0.009388,1.566146,0.015603,-0.010649
5.666667,0.006941,0.017644,0.022568,-0.160412,-1.368040,0.712153,-0.706626,0.007627,-0.003424,-0.484859,-0.987002,-0.108289,1.566146,0.011290,-0.014813
5.700000,0.007528,0.015969,0.024577,-0.121462,-1.364432,0.613575,-0.697739,0.009205,-0.006012,-0.579632,-0.950862,-0.208289,1.570000,0.007824,-0.017260
5.733333,0.014240,0.016039,0.020284,-0.078279,-1.354102,0.513575,-0.697660,0.006982,-0.009554,-0.674404,-0.937925,-0.308289,1.570000,0.011335,-0.024875
5.766667,0.018857,0.019322,0.012432,-0.043657,-1.354521,0.413575,-0.734192,0.007364,-0.007704,-0.774404,-0.903111,-0.408289,1.570000,0.006228,-0.021423
5.800000,0.019226,0.021364,0.009760,-0.007059,-1.367921,0.313575,-0.794611,0.006649,-0.006851,-0.874404,-0.865681,-0.508289,1.570000,0.002850,-0.015816
5.833333,0.016447,0.018764,0.011905,0.012913,-1.363782,0.213575,-0.877023,0.007249,-0.013076,-0.974404,-0.820131,-0.608289,1.570000,-0.002152,-0.005531
5.866667,0.018625,0.023811,0.011481,-0.002737,-1.350052,0.113575,-0.960375,0.007251,-0.007753,-1.074404,-0.813121,-0.708289,1.570000,-0.002503,0.000017
5.900000,0.011126,0.026997,0.013658,-0.016163,-1.355444,0.013575,-1.058110,0.006977,-0.011036,-1.137474,-0.772833,-0.808289,1.570000,0.000403,0.004081
5.933333,0.005140,0.024838,0.018412,-0.031161,-1.350506,-0.068207,-1.135846,0.007804,-0.009952,-1.180545,-0.752545,-0.908289,1.570000,0.004627,0.004218
5.966667,0.010668,0.020306,0.022898,-0.065233,-1.332587,-0.109990,-1.174245,0.016620,-0.008502,-1.183615,-0.771970,-0.968289,1.550000,0.008474,0.002720
6.000000,0.021786,0.020099,0.026464,-0.115488,-1.312909,-0.111772,-1.212644,0.014861,-0.001525,-1.146685,-0.818022,-1.017915,1.510000,0.009156,-0.003123
6.033333,0.020318,0.015666,0.025300,-0.166268,-1.265309,-0.073554,-1.251042,0.010985,-0.007750,-1.069755,-0.864075,-1.044373,1.464467,0.009363,-0.009310
6.066667,0.019852,0.017333,0.022360,-0.246268,-1.185309,0.004663,-1.287702,0.008110,-0.006680,-0.989755,-0.934363,-1.070830,1.438934,0.008707,-0.013556
6.100000,0.024746,0.017886,0.019587,-0.346268,-1.085309,0.104663,-1.333589,0.002346,-0.007617,-0.911898,-1.011988,-1.097288,1.433400,0.003564,-0.014838
6.133333,0.019196,0.022815,0.013737,-0.446268,-1.013114,0.204664,-1.403875,-0.006937,-0.008900,-0.870982,-1.072488,-1.163745,1.453400,-0.001572,-0.014657
6.166667,0.003604,0.023709,-0.002725,-0.546268,-0.961438,0.304664,-1.445059,-0.006204,-0.023757,-0.856555,-1.098024,-1.215635,1.493400,0.000472,-0.017687
6.200000,0.005305,0.027508,-0.007466,-0.646268,-0.934508,0.404664,-1.475178,-0.000707,-0.027483,-0.842129,-1.123559,-1.250693,1.538934,0.003882,-0.010182
6.233333,0.008171,0.026101,-0.003114,-0.746268,-0.941714,0.504664,-1.493180,0.002468,-0.031084,-0.827703,-1.137518,-1.245751,1.564467,-0.001294,-0.008480
6.266667,0.004676,0.026038,-0.007040,-0.818835,-0.980416,0.604664,-1.503215,0.009522,-0.037677,-0.791133,-1.126694,-1.200809,1.563311,-0.006310,-0.007270
6.300000,0.005823,0.032772,-0.007639,-0.891401,-1.005971,0.704664,-1.508916,0.007042,-0.034070,-0.717623,-1.132995,-1.115867,1.563311,-0.004262,-0.002582
6.333333,0.014864,0.033181,0.006437,-0.953080,-1.029381,0.804664,-1.525117,0.002220,-0.026636,-0.617623,-1.143989,-1.015867,1.544373,-0.004769,-0.003788
6.366667,0.020429,0.029760,0.010376,-0.988037,-1.029293,0.904664,-1.513571,0.004364,-0.017598,-0.517623,-1.128399,-0.915867,1.505486,-0.012791,-0.013197
6.400000,0.024635,0.039883,0.011574,-1.008192,-1.035070,1.004664,-1.512902,-0.002037,-0.015596,-0.417623,-1.101090,-0.815867,1.456904,-0.018479,-0.004725
6.433333,0.029711,0.039315,0.020465,-1.038723,-1.031720,1.104664,-1.513779,-0.005270,-0.008065,-0.317623,-1.110825,-0.715867,1.416220,-0.012848,-0.009420
6.466667,0.033773,0.034874,0.023724,-1.044755,-1.029524,1.204664,-1.515395,-0.001997,-0.010667,-0.240231,-1.104061,-0.615867,1.364461,-0.010801,-0.014752
6.500000,0.041110,0.034359,0.022533,-1.050604,-1.039206,1.304664,-1.521234,-0.003019,-0.009252,-0.171005,-1.096525,-0.515867,1.329663,-0.006633,-0.002189
6.533333,0.037504,0.035990,0.025484,-1.060148,-1.066647,1.404664,-1.537482,-0.009773,-0.017031,-0.117591,-1.111956,-0.415867,1.320945,-0.003288,0.000807
6.566667,0.044071,0.029677,0.027915,-1.068666,-1.076604,1.496355,-1.543168,-0.002684,-0.009093,-0.086250,-1.152506,-0.315867,1.336189,0.002426,-0.004184
6.600000,0.047175,0.032358,0.034353,-1.075730,-1.087306,1.573714,-1.542328,0.001529,-0.005015,-0.082918,-1.171470,-0.215867,1.355327,0.000937,-0.000496
6.633333,0.043912,0.026438,0.034896,-1.078630,-1.093226,1.623281,-1.543960,0.000398,-0.005686,-0.063430,-1.172354,-0.115867,1.368495,-0.001865,0.000620
6.666667,0.041413,0.024800,0.036322,-1.068202,-1.086707,1.672045,-1.526342,0.002856,-0.001445,-0.075777,-1.190240,-0.017908,1.403640,-0.006223,-0.013830
6.700000,0.045433,0.021879,0.034069,-1.065046,-1.080331,1.691504,-1.527355,-0.000560,-0.009049,-0.101763,-1.203889,0.066727,1.451245,-0.009294,-0.015408
6.733333,0.037486,0.016424,0.032551,-1.055905,-1.080926,1.687645,-1.522896,-0.003877,-0.016113,-0.124622,-1.190854,0.124065,1.482134,-0.004668,-0.017404
6.766667,0.029158,0.017542,0.021204,-1.031079,-1.064068,1.666031,-1.502156,-0.001750,-0.013192,-0.159473,-1.170720,0.141404,1.510368,-0.009505,-0.017021
6.800000,0.026561,0.026285,0.021123,-1.034916,-1.055378,1.638090,-1.486491,-0.000538,-0.004670,-0.227870,-1.181196,0.118742,1.548959,-0.012019,-0.009977
6.833333,0.022395,0.025519,0.016964,-1.036243,-1.057460,1.584059,-1.492018,0.000028,-0.011509,-0.296267,-1.181410,0.058122,1.567550,-0.008766,-0.004895
6.866667,0.010960,0.022458,0.007343,-1.025424,-1.056023,1.523535,-1.482825,0.009431,-0.005944,-0.375212,-1.149478,-0.029174,1.567550,-0.000884,0.001154
6.900000,0.012612,0.029595,0.004065,-1.031687,-1.042522,1.467648,-1.484616,0.011046,-0.010609,-0.475212,-1.152117,-0.129174,1.570000,0.000376,0.005353
6.933333,0.011264,0.027511,0.005343,-1.050462,-1.042974,1.411046,-1.510367,0.003630,-0.019031,-0.575212,-1.146214,-0.229174,1.566515,0.006957,0.004676
6.966667,0.009096,0.026832,-0.006371,-1.054413,-1.024229,1.381881,-1.527641,0.010819,-0.026333,-0.675213,-1.138220,-0.329174,1.566515,0.014440,-0.002209
7.000000,0.015280,0.033033,-0.005996,-1.067959,-0.997681,1.356477,-1.536882,0.011315,-0.018299,-0.775213,-1.117292,-0.429174,1.566515,0.017796,0.005758
7.033333,0.019142,0.037130,0.000072,-1.082916,-0.990290,1.329715,-1.549917,0.004579,-0.012206,-0.856324,-1.120774,-0.529174,1.562947,0.010487,-0.000805
7.066667,0.014304,0.040405,-0.004836,-1.081475,-0.986846,1.313625,-1.555397,-0.000548,-0.003298,-0.906681,-1.098137,-0.629174,1.562947,0.006509,-0.006192
7.100000,0.017283,0.041806,-0.001834,-1.088084,-0.988330,1.330341,-1.556521,-0.000622,-0.001414,-0.935793,-1.093748,-0.729174,1.566431,0.009520,0.000158
7.133333,0.019284,0.037048,0.008580,-1.093524,-0.990306,1.323091,-1.556740,-0.010842,-0.002881,-0.935517,-1.071659,-0.829174,1.560407,0.004139,0.000098
7.166667,0.014241,0.043493,0.008835,-1.087896,-0.994573,1.330582,-1.545457,-0.016213,-0.005797,-0.895718,-1.061428,-0.929174,1.553384,-0.009396,0.000920
7.200000,0.013635,0.044334,0.013083,-1.091055,-0.988880,1.349296,-1.549309,-0.009277,-0.006275,-0.834808,-1.060188,-1.029174,1.553167,-0.012362,0.011534
7.233333,0.021684,0.034273,0.017745,-1.086820,-0.985078,1.351209,-1.551007,-0.006487,-0.016998,-0.764651,-1.078300,-1.089174,1.549883,-0.008206,0.013260
7.266667,0.027120,0.032811,0.014092,-1.063567,-0.979897,1.327190,-1.537336,-0.003430,-0.011848,-0.675741,-1.101618,-1.109174,1.549883,-0.019477,0.002258
7.300000,0.034066,0.032334,0.010347,-1.034459,-1.000653,1.322095,-1.534855,-0.001857,-0.012953,-0.576218,-1.118125,-1.089174,1.553244,-0.020777,0.005327
7.333333,0.034259,0.019850,0.016615,-1.018944,-1.017011,1.305614,-1.543054,0.004332,-0.012213,-0.476218,-1.158283,-1.029174,1.560267,-0.008055,-0.002461
7.366667,0.043618,0.015208,0.015065,-1.001230,-1.027294,1.283705,-1.533558,0.001465,-0.013321,-0.399160,-1.173865,-0.929174,1.564053,-0.010998,-0.017147
7.400000,0.036365,0.016451,0.013416,-0.986540,-1.043748,1.293454,-1.530124,0.007764,-0.005168,-0.325842,-1.182465,-0.829174,1.567337,-0.015001,-0.014251
7.433333,0.033113,0.015400,0.019223,-0.965005,-1.047272,1.317810,-1.522454,0.002819,-0.009997,-0.272695,-1.165240,-0.729174,1.564745,-0.006873,-0.013359
7.466667,0.037971,0.015925,0.024116,-0.930602,-1.033708,1.339443,-1.494088,0.010323,-0.003421,-0.240520,-1.155668,-0.629174,1.563749,-0.011518,-0.009079
7.500000,0.041503,0.019349,0.025084,-0.882579,-1.033271,1.340855,-1.475716,0.007766,-0.010186,-0.218831,-1.127846,-0.529174,1.563749,-0.010611,-0.004954
7.533333,0.028403,0.022221,0.016683,-0.826080,-1.047309,1.333629,-1.469806,0.000212,-0.015074,-0.187839,-1.094079,-0.429174,1.563749,-0.003230,0.006025
7.566667,0.026584,0.030530,0.014157,-0.782295,-1.036518,1.290681,-1.461222,-0.005664,-0.008801,-0.173579,-1.074045,-0.329174,1.563749,-0.004679,0.009148
7.600000,0.028030,0.031928,0.014613,-0.738009,-1.040923,1.226567,-1.452638,-0.002138,-0.003434,-0.156189,-1.075534,-0.229174,1.559392,-0.005069,0.016397
7.633333,0.017974,0.027274,0.007663,-0.688439,-1.060751,1.137668,-1.455182,-0.005756,-0.012738,-0.138293,-1.067070,-0.129174,1.536102,0.002024,0.010441
7.666667,0.023679,0.027173,-0.005693,-0.627277,-1.068664,1.068164,-1.434381,0.000021,-0.006254,-0.124353,-1.076570,-0.068015,1.489153,0.001847,0.012488
7.700000,0.029857,0.026780,0.005137,-0.558809,-1.074352,1.008111,-1.410559,0.003546,-0.003815,-0.122632,-1.101797,-0.030558,1.422204,0.007759,0.010253
7.733333,0.036549,0.017897,0.009034,-0.463125,-1.091514,0.945239,-1.375438,0.004100,-0.010548,-0.122580,-1.117051,-0.007308,1.335256,0.011426,0.004758
7.766667,0.034907,0.020857,0.003542,-0.392128,-1.113949,0.908700,-1.356723,0.004377,-0.008466,-0.131062,-1.126359,-0.007242,1.235255,0.013675,0.004548
7.800000,0.038988,0.020857,0.008317,-0.332711,-1.129712,0.875938,-1.351478,0.000932,-0.005271,-0.135552,-1.147038,-0.031513,1.135255,0.014412,0.006072
7.833333,0.035780,0.018574,0.017611,-0.287957,-1.131914,0.825609,-1.350956,-0.003036,-0.002840,-0.148671,-1.148044,-0.041228,1.035255,0.015133,0.005582
7.866667,0.029693,0.021515,0.015730,-0.248647,-1.116491,0.768331,-1.339456,-0.001735,0.005310,-0.149641,-1.134408,-0.050820,0.940493,0.012637,0.000388
7.900000,0.027962,0.021008,0.016255,-0.224162,-1.109870,0.726624,-1.353813,0.003230,0.002882,-0.149402,-1.116489,-0.056183,0.883228,0.013341,0.001439
7.933333,0.029704,0.015017,0.021632,-0.197283,-1.078916,0.651076,-1.375496,0.005911,-0.000956,-0.143738,-1.102157,-0.055854,0.865964,0.016489,0.004715
7.966667,0.026893,0.020122,0.017090,-0.187797,-1.033090,0.570976,-1.402459,0.006782,0.001647,-0.153025,-1.069328,-0.051584,0.888699,0.010913,0.006647
8.000000,0.019259,0.020404,0.014362,-0.192068,-0.984556,0.489050,-1.445396,0.006786,-0.002388,-0.150946,-1.034700,-0.039818,0.951434,0.008956,0.002885
8.033333,0.033058,0.015283,0.013938,-0.217942,-0.923622,0.404621,-1.496126,0.001543,-0.009380,-0.170684,-1.017197,-0.021537,1.048933,0.004482,0.002412
8.066667,0.034426,0.017000,0.008332,-0.268991,-0.837808,0.310615,-1.528908,0.000800,-0.001329,-0.208520,-1.007483,-0.013571,1.148933,-0.012365,0.005148
8.100000,0.032962,0.017810,0.005822,-0.311540,-0.771026,0.229965,-1.557958,-0.001860,-0.006957,-0.245872,-0.983415,-0.024544,1.248933,-0.019296,0.004003
8.133333,0.033941,0.012705,0.009026,-0.347257,-0.703590,0.179935,-1.563705,-0.007107,-0.010351,-0.288882,-0.973759,-0.049281,1.345929,-0.014787,-0.005442
8.166667,0.043515,0.011725,0.008809,-0.385943,-0.645051,0.134759,-1.566697,-0.011765,-0.017138,-0.350893,-0.977278,-0.085690,1.429451,-0.021095,-0.004234
8.200000,0.036668,0.013369,0.010252,-0.409342,-0.611099,0.108315,-1.566697,-0.007152,-0.015789,-0.400927,-0.983586,-0.135113,1.493664,-0.016229,-0.001151
8.233333,0.032234,0.017984,0.020360,-0.407807,-0.591764,0.115877,-1.561119,-0.006881,-0.021596,-0.436841,-0.973718,-0.189929,1.537805,0.000271,-0.000492
8.266667,0.047671,0.027888,0.027786,-0.431859,-0.561250,0.134264,-1.541147,-0.003801,-0.002188,-0.471682,-0.991081,-0.244927,1.562019,-0.001328,0.003154
8.300000,0.046528,0.031440,0.032939,-0.452249,-0.566540,0.137959,-1.544451,0.000264,0.002924,-0.504534,-0.995225,-0.292953,1.568692,-0.002861,0.011121
8.333333,0.039650,0.031151,0.026060,-0.462519,-0.570220,0.161693,-1.544451,0.007993,0.004273,-0.528780,-0.994919,-0.332182,1.569384,0.001420,0.011230
8.366667,0.036232,0.039145,0.026747,-0.496714,-0.588335,0.206693,-1.538604,0.001998,0.008157,-0.569476,-0.991783,-0.381334,1.569384,0.000018,0.016519
8.400000,0.038397,0.033208,0.024186,-0.555843,-0.631833,0.251694,-1.544181,-0.002635,0.005472,-0.625263,-0.993801,-0.444798,1.569456,-0.003240,0.015534
8.433333,0.022598,0.028158,0.012196,-0.615591,-0.701107,0.312512,-1.562568,-0.006796,-0.008625,-0.702456,-0.981065,-0.511650,1.569456,0.004043,0.013102
8.466667,0.022126,0.029649,0.003847,-0.696860,-0.772011,0.397404,-1.562568,-0.003893,-0.011176,-0.784557,-0.993461,-0.591315,1.570000,-0.001365,0.019963
8.500000,0.017140,0.030983,0.013052,-0.796860,-0.866048,0.497404,-1.550623,-0.005988,-0.004798,-0.884557,-1.016130,-0.691315,1.570000,0.000471,0.020166
8.533333,0.017974,0.026372,0.010056,-0.878543,-0.952643,0.597404,-1.543063,0.002105,-0.006076,-0.968120,-1.045029,-0.791315,1.566656,0.000837,0.017253
8.566667,0.015317,0.023895,0.009643,-0.955674,-1.033931,0.697404,-1.527197,0.006028,0.001023,-1.026426,-1.076584,-0.891315,1.566656,-0.002800,0.018323
8.600000,0.013148,0.018617,0.014018,-1.009679,-1.089908,0.797404,-1.503916,0.005892,-0.003432,-1.052714,-1.115881,-0.991315,1.564710,-0.005162,0.011490
8.633333,0.012338,0.016180,0.020398,-1.046365,-1.105885,0.897404,-1.477219,0.001108,-0.004140,-1.059063,-1.137092,-1.091315,1.560179,0.002358,0.000408
8.666667,0.013550,0.020217,0.016748,-1.045511,-1.109010,0.997404,-1.460210,0.003335,-0.002482,-1.025603,-1.162790,-1.191315,1.556185,-0.002407,-0.005822
8.700000,0.013257,0.018721,0.018031,-1.032614,-1.116632,1.097404,-1.451360,0.000818,-0.005929,-0.969661,-1.181654,-1.291315,1.553646,-0.001506,-0.008294
8.733333,0.018069,0.018747,0.011146,-0.992267,-1.100726,1.197404,-1.431512,0.001546,-0.011313,-0.933988,-1.214841,-1.391315,1.553646,0.002979,-0.015942
8.766667,0.021124,0.020891,0.002950,-0.949951,-1.103034,1.297404,-1.435605,0.001137,-0.013597,-0.890331,-1.229465,-1.491315,1.553042,0.004656,-0.011786
8.800000,0.017529,0.021986,0.001249,-0.898686,-1.114161,1.393988,-1.440011,0.002224,-0.015044,-0.842651,-1.247426,-1.591315,1.552665,0.004139,-0.011233
8.833333,0.013446,0.016470,0.003804,-0.868418,-1.105852,1.467226,-1.449692,0.001711,-0.018769,-0.814949,-1.243012,-1.670738,1.552311,0.003645,-0.003848
8.866667,0.013896,0.020944,0.005586,-0.860384,-1.087416,1.508373,-1.445593,0.004193,-0.011866,-0.804066,-1.258154,-1.727630,1.558194,0.000096,0.000275
8.900000,0.009062,0.023774,0.011976,-0.845983,-1.088821,1.545647,-1.457668,-0.000668,-0.013518,-0.777029,-1.236889,-1.772468,1.553770,0.000418,0.002972
8.933333,0.005789,0.022249,0.020096,-0.836676,-1.077323,1.562920,-1.454802,-0.000310,-0.012102,-0.769992,-1.229157,-1.797305,1.551896,-0.001510,-0.000019
8.966667,0.011297,0.021475,0.022400,-0.813639,-1.064482,1.543610,-1.433454,0.010164,-0.009680,-0.746919,-1.209847,-1.782143,1.532381,0.001576,-0.002382
9.000000,0.018207,0.024864,0.024665,-0.767143,-1.065794,1.507646,-1.398248,0.011476,-0.006899,-0.703675,-1.172913,-1.747557,1.500887,-0.000555,-0.005106
9.033333,0.016589,0.022767,0.021981,-0.693172,-1.065294,1.463772,-1.375076,0.010473,-0.014447,-0.642532,-1.095979,-1.695503,1.466776,0.003829,-0.009871
9.066667,0.014452,0.027637,0.016873,-0.649036,-1.049367,1.383772,-1.353775,0.010837,-0.013866,-0.562532,-1.015979,-1.615503,1.426456,0.006030,-0.015548
9.100000,0.016302,0.029736,0.013644,-0.624900,-1.025787,1.323772,-1.333197,0.007287,-0.014038,-0.462532,-0.915979,-1.515503,1.366137,0.004873,-0.014964
9.133333,0.015423,0.032495,0.010997,-0.626039,-1.024690,1.281266,-1.336294,-0.001992,-0.016538,-0.363978,-0.823566,-1.415503,1.305817,0.001872,-0.015475
9.166667,0.003388,0.034475,-0.003014,-0.634284,-1.029936,1.274562,-1.336401,-0.000968,-0.027595,-0.291230,-0.752281,-1.315503,1.236916,0.008072,-0.019737
9.200000,0.006972,0.036028,-0.006547,-0.678131,-1.025223,1.297420,-1.333911,0.000501,-0.028469,-0.236843,-0.720996,-1.215503,1.146284,0.010775,-0.011486
9.233333,0.010259,0.032297,-0.001354,-0.705281,-1.037134,1.327430,-1.331707,0.000068,-0.031625,-0.206827,-0.718900,-1.115503,1.046284,0.011031,-0.009145
9.266667,0.005793,0.032559,-0.006054,-0.697331,-1.068334,1.323658,-1.326293,0.007555,-0.039972,-0.185868,-0.719620,-1.015503,0.946284,0.006428,-0.006965
9.300000,0.002423,0.038676,-0.007916,-0.704107,-1.078630,1.342392,-1.317959,0.010065,-0.034147,-0.196758,-0.752753,-0.915503,0.846284,0.007253,0.002110
9.333333,0.013502,0.034762,0.004012,-0.725182,-1.088979,1.346419,-1.322919,0.005193,-0.026009,-0.201227,-0.782205,-0.815503,0.746284,0.006635,0.004728
9.366667,0.015847,0.033176,0.006784,-0.720432,-1.084169,1.328984,-1.305696,0.011319,-0.018043,-0.203925,-0.780480,-0.715503,0.646284,-0.005037,-0.007436
9.400000,0.018159,0.042506,0.005385,-0.725637,-1.087158,1.338934,-1.297829,0.007387,-0.014734,-0.194067,-0.749565,-0.615503,0.586284,-0.014535,0.003025
9.433333,0.022455,0.040598,0.011508,-0.750926,-1.081407,1.358098,-1.294116,0.003399,-0.005882,-0.201817,-0.743990,-0.515503,0.566284,-0.006210,-0.006212
9.466667,0.025884,0.036672,0.013314,-0.749801,-1.081129,1.353825,-1.289801,0.002008,-0.009635,-0.212739,-0.707010,-0.415503,0.586284,-0.003918,-0.011004
9.500000,0.029423,0.037981,0.012797,-0.756418,-1.092271,1.350913,-1.292131,0.001275,-0.006316,-0.219096,-0.652582,-0.329868,0.646284,-0.004566,-0.000375
9.533333,0.023788,0.039209,0.014101,-0.762528,-1.119496,1.351758,-1.306793,-0.011223,-0.014880,-0.229307,-0.602212,-0.251235,0.746284,0.001233,0.005109
9.566667,0.028433,0.035976,0.016907,-0.762760,-1.129241,1.326940,-1.311000,0.000618,-0.010433,-0.250835,-0.568419,-0.184375,0.846284,0.006524,-0.004654
9.600000,0.031365,0.040166,0.024166,-0.748201,-1.137545,1.296731,-1.307373,0.006471,-0.003289,-0.271562,-0.506470,-0.133401,0.946284,-0.000448,0.000225
9.633333,0.029254,0.035187,0.024330,-0.721903,-1.141452,1.249958,-1.305572,0.003269,-0.004124,-0.260913,-0.435927,-0.093384,1.046284,-0.005345,0.000271
9.666667,0.027232,0.036618,0.026359,-0.672824,-1.131111,1.200896,-1.280936,0.004677,-0.006054,-0.268482,-0.365385,-0.055521,1.146284,-0.007688,-0.017993
9.700000,0.034079,0.034308,0.026408,-0.627361,-1.124637,1.139979,-1.271601,0.005659,-0.012275,-0.273789,-0.291966,-0.020290,1.246284,-0.010128,-0.021406
9.733333,0.026922,0.029964,0.025754,-0.578923,-1.123697,1.077299,-1.259952,-0.001038,-0.014047,-0.265578,-0.213066,0.002424,1.345601,-0.008865,-0.018355
9.766667,0.021861,0.031664,0.016304,-0.534134,-1.106574,1.032493,-1.236723,0.001252,-0.016613,-0.250848,-0.139931,0.023036,1.420302,-0.011513,-0.019482
9.800000,0.020306,0.038084,0.019175,-0.527498,-1.096202,1.017879,-1.228346,0.002195,-0.006085,-0.258283,-0.091830,0.035195,1.476438,-0.009288,-0.014055
9.833333,0.017871,0.036040,0.015039,-0.540774,-1.096037,1.007987,-1.244951,0.001348,-0.010006,-0.259144,-0.064795,0.035774,1.520200,-0.005173,-0.010341
9.866667,0.006545,0.030653,0.006269,-0.569644,-1.087371,1.037307,-1.254098,0.013854,-0.008389,-0.270214,-0.030500,0.007139,1.544943,-0.000911,-0.005569
9.900000,0.009149,0.036679,0.005127,-0.622640,-1.069032,1.099513,-1.275944,0.014511,-0.015706,-0.311670,-0.025109,-0.037206,1.550369,0.000539,-0.003434
9.933333,0.006406,0.033443,0.007615,-0.701796,-1.063442,1.173805,-1.318249,0.007261,-0.023244,-0.373780,-0.017216,-0.103563,1.554141,0.006334,-0.004134
9.966667,0.005252,0.033733,-0.004528,-0.780952,-1.040970,1.257905,-1.348390,0.019298,-0.032171,-0.448636,-0.024288,-0.190510,1.562748,0.011600,-0.008860
10.000000,0.010331,0.038905,-0.004736,-0.864505,-1.009814,1.351412,-1.369393,0.016787,-0.027226,-0.531771,-0.013424,-0.289358,1.563729,0.014043,-0.001998
10.033333,0.015089,0.045207,0.001601,-0.931302,-0.998019,1.409155,-1.389922,0.010247,-0.018688,-0.614999,-0.021620,-0.389358,1.559283,0.007931,-0.007369
10.066667,0.010945,0.046545,-0.004288,-0.969437,-0.986896,1.448325,-1.399689,0.006478,-0.010840,-0.690095,-0.015224,-0.489358,1.559283,0.005959,-0.013583
10.100000,0.014756,0.048280,-0.002279,-0.996742,-0.980793,1.487495,-1.406854,0.006498,-0.006420,-0.754293,-0.035570,-0.589358,1.565554,0.007922,-0.006015
10.133333,0.017224,0.044847,0.007503,-1.004229,-0.974691,1.497858,-1.408141,-0.005805,-0.007241,-0.803027,-0.038345,-0.689358,1.556567,-0.001052,-0.008091
10.166667,0.013430,0.051200,0.008527,-0.995042,-0.969295,1.506183,-1.396696,-0.005870,-0.003272,-0.840084,-0.076611,-0.789358,1.548119,-0.011693,-0.005796
10.200000,0.009290,0.052035,0.010463,-0.989366,-0.956824,1.538291,-1.398627,-0.002428,-0.006659,-0.872275,-0.133073,-0.889358,1.543040,-0.009712,0.000646
10.233333,0.015675,0.041416,0.014920,-0.988787,-0.951670,1.557380,-1.396152,-0.001612,-0.010711,-0.893957,-0.204127,-0.949358,1.532909,-0.007475,0.003855
10.266667,0.019141,0.040985,0.010356,-0.969071,-0.947123,1.556511,-1.375104,0.005205,-0.006256,-0.892376,-0.285177,-0.969358,1.522439,-0.022013,-0.002548
10.300000,0.022167,0.040479,0.006656,-0.947152,-0.977520,1.569643,-1.365468,0.008491,-0.011009,-0.867164,-0.383798,-0.959278,1.500956,-0.020349,0.000577
10.333333,0.023498,0.026795,0.010561,-0.936470,-1.006358,1.567202,-1.366467,0.010062,-0.012330,-0.827826,-0.483798,-0.917429,1.465953,-0.009118,-0.006505
10.366667,0.035666,0.020412,0.008545,-0.925866,-1.030054,1.545271,-1.353360,0.003689,-0.007524,-0.795397,-0.583798,-0.861473,1.447104,-0.014002,-0.018335
10.400000,0.029038,0.020767,0.005715,-0.910068,-1.058852,1.545417,-1.345316,0.011909,-0.008043,-0.748566,-0.683798,-0.837963,1.408860,-0.017267,-0.016518
10.433333,0.025071,0.019914,0.009995,-0.891998,-1.072529,1.554844,-1.338718,0.002766,-0.015021,-0.715937,-0.783798,-0.848087,1.352970,0.000426,-0.016699
10.466667,0.031322,0.020367,0.012690,-0.870460,-1.062000,1.573177,-1.317102,0.007863,-0.004693,-0.702400,-0.873178,-0.874854,1.318176,-0.002547,-0.011741
10.500000,0.035451,0.025321,0.015246,-0.854256,-1.067024,1.574824,-1.314890,0.007390,-0.009630,-0.699013,-0.951347,-0.918487,1.298901,-0.002874,-0.009376
10.533333,0.020481,0.029812,0.006601,-0.839619,-1.080979,1.580917,-1.321527,0.004914,-0.015955,-0.680785,-0.996917,-0.955910,1.271966,0.003259,0.000505
10.566667,0.014974,0.038420,0.004043,-0.853742,-1.068637,1.589257,-1.336941,-0.003272,-0.006720,-0.691097,-1.037174,-0.985421,1.285030,0.004155,0.007907
10.600000,0.016243,0.038202,0.004079,-0.874579,-1.070821,1.583522,-1.349552,-0.001529,0.001971,-0.706997,-1.059929,-1.016622,1.321390,0.006063,0.014807
10.633333,0.006345,0.032082,-0.003887,-0.892672,-1.085839,1.558431,-1.381501,-0.000957,-0.010084,-0.734833,-1.058793,-1.037971,1.355179,0.011438,0.007723
10.666667,0.005241,0.031443,-0.019136,-0.900646,-1.080222,1.566889,-1.386857,0.006125,-0.005895,-0.766790,-1.059252,-1.062460,1.406429,0.012612,0.010434
10.700000,0.012176,0.031539,-0.007233,-0.917819,-1.073387,1.583724,-1.396323,0.009644,-0.001782,-0.809789,-1.064243,-1.082992,1.450872,0.019012,0.011611
10.733333,0.018480,0.024473,-0.005949,-0.905731,-1.079544,1.576586,-1.392953,0.011717,-0.006500,-0.833808,-1.061738,-1.085193,1.466981,0.021367,0.001564
10.766667,0.014799,0.028002,-0.011225,-0.900050,-1.094466,1.586590,-1.400682,0.008394,-0.005887,-0.839777,-1.054359,-1.052071,1.496980,0.013628,-0.002294
10.800000,0.015540,0.028287,-0.005880,-0.908424,-1.104717,1.596885,-1.411493,0.001492,-0.002365,-0.813812,-1.060352,-1.002237,1.521802,0.010839,-0.003302
10.833333,0.013766,0.028513,0.003409,-0.915293,-1.109039,1.584157,-1.420570,-0.006256,-0.006405,-0.771478,-1.059080,-0.926722,1.517139,0.008238,-0.005943
10.866667,0.007496,0.031695,-0.000862,-0.910832,-1.106337,1.572537,-1.407235,-0.005777,-0.002059,-0.720042,-1.058924,-0.865806,1.511224,0.004100,-0.011191
10.900000,0.005504,0.031992,0.002352,-0.912313,-1.115976,1.584990,-1.408960,-0.001878,-0.005472,-0.677278,-1.062246,-0.810081,1.519387,0.008116,-0.008754
10.933333,0.008535,0.026969,0.005908,-0.918987,-1.107144,1.569221,-1.414259,0.002207,-0.007763,-0.653587,-1.076559,-0.780941,1.509588,0.017149,-0.004430
10.966667,0.007549,0.032683,0.001157,-0.909413,-1.102407,1.557473,-1.404275,0.001372,-0.003817,-0.669896,-1.084190,-0.791800,1.511632,0.015172,-0.001338
11.000000,-0.001500,0.031686,-0.002297,-0.898232,-1.104923,1.562708,-1.402334,0.000539,-0.006650,-0.715794,-1.098842,-0.840105,1.503896,0.014940,0.000561
11.033333,0.006417,0.028119,-0.001504,-0.891416,-1.098969,1.561231,-1.407434,-0.000662,-0.014552,-0.783206,-1.129190,-0.898083,1.503816,0.014094,-0.001800
11.066667,0.009148,0.026610,-0.007537,-0.895370,-1.074846,1.554904,-1.399579,-0.000614,-0.007346,-0.856438,-1.168867,-0.984668,1.499188,-0.005063,0.001084
11.100000,0.008464,0.027744,-0.007370,-0.880841,-1.069073,1.563333,-1.392166,0.002578,-0.016332,-0.905790,-1.195292,-1.084668,1.475259,-0.013507,-0.001241
11.133333,0.009659,0.021744,-0.003509,-0.871359,-1.045069,1.578624,-1.380945,-0.000500,-0.018767,-0.931110,-1.222927,-1.184668,1.440752,-0.007577,-0.007269
11.166667,0.021701,0.018404,-0.001706,-0.868762,-1.022048,1.585961,-1.382039,-0.003600,-0.022592,-0.920000,-1.256437,-1.284668,1.405510,-0.014062,-0.012478
11.200000,0.018499,0.017682,-0.000361,-0.858902,-1.016223,1.598521,-1.380745,-0.001500,-0.022703,-0.882183,-1.283836,-1.384668,1.347103,-0.010370,-0.005256
11.233333,0.015807,0.024802,0.006364,-0.826861,-1.013963,1.616088,-1.364701,0.000423,-0.026477,-0.813358,-1.293487,-1.481450,1.267498,0.006723,-0.010583
11.266667,0.031754,0.032769,0.010437,-0.813851,-0.992386,1.619482,-1.333364,0.001192,-0.007225,-0.741759,-1.322613,-1.538232,1.185957,0.006239,-0.008768
11.300000,0.030008,0.037051,0.015727,-0.802700,-1.005700,1.612233,-1.323512,0.006347,-0.005402,-0.654194,-1.350726,-1.555014,1.089804,0.005317,-0.003675
11.333333,0.020848,0.041088,0.008061,-0.781653,-1.008829,1.604684,-1.312368,0.018515,-0.002704,-0.566628,-1.370448,-1.531796,0.993650,0.015961,0.002524
11.366667,0.019665,0.047298,0.008621,-0.779975,-1.011836,1.603643,-1.295770,0.012788,0.005810,-0.466628,-1.386840,-1.468578,0.893650,0.018054,0.001555
11.400000,0.023635,0.040404,0.010477,-0.787884,-1.025430,1.582414,-1.305790,0.006724,0.000043,-0.378548,-1.394799,-1.368578,0.793650,0.016545,0.001845
11.433333,0.009408,0.035427,0.001904,-0.777502,-1.042328,1.566691,-1.332059,0.004518,-0.011347,-0.317455,-1.375219,-1.268578,0.693650,0.023348,0.000547
11.466667,0.009281,0.036878,-0.005755,-0.766260,-1.038653,1.540385,-1.346299,0.003363,-0.013677,-0.266924,-1.364563,-1.168578,0.593650,0.020114,0.008403
11.500000,0.007924,0.032770,0.004109,-0.742612,-1.046820,1.495137,-1.335402,-0.002203,-0.007531,-0.238328,-1.355173,-1.068578,0.493650,0.016534,0.006013
11.533333,0.010662,0.027736,0.003229,-0.683346,-1.051251,1.423200,-1.327707,0.002064,-0.009234,-0.227349,-1.353086,-0.968578,0.393650,0.015296,0.008206
11.566667,0.007026,0.023299,0.003597,-0.609222,-1.058609,1.338459,-1.294938,0.006734,-0.001046,-0.234229,-1.350156,-0.868578,0.333650,0.010265,0.017040
11.600000,0.002688,0.015547,0.009340,-0.526765,-1.059254,1.243464,-1.246857,0.002937,-0.006544,-0.239094,-1.361053,-0.768578,0.313650,0.007697,0.014836
11.633333,0.005275,0.009976,0.016143,-0.457730,-1.040813,1.156590,-1.197968,-0.002140,-0.007627,-0.271097,-1.352904,-0.693758,0.333650,0.011930,0.003325
11.666667,0.006318,0.014448,0.013310,-0.426772,-1.020049,1.109402,-1.187054,-0.000055,-0.007830,-0.321164,-1.333057,-0.658939,0.393650,0.008616,-0.003598
11.700000,0.005777,0.013675,0.013549,-0.435814,-1.008630,1.102216,-1.204052,-0.002021,-0.012753,-0.393616,-1.302780,-0.664119,0.493650,0.009877,-0.008840
11.733333,0.009158,0.014763,0.004557,-0.472867,-0.982179,1.135028,-1.222935,-0.000882,-0.016510,-0.476289,-1.299528,-0.709300,0.593650,0.014843,-0.019333
11.766667,0.009783,0.018842,-0.004822,-0.549920,-0.985973,1.207841,-1.280881,-0.002395,-0.016141,-0.570244,-1.291996,-0.794480,0.693650,0.009992,-0.016279
11.800000,0.005563,0.022998,-0.007722,-0.637931,-1.003883,1.307841,-1.337392,0.001730,-0.018162,-0.645474,-1.311462,-0.894480,0.793650,0.008442,-0.014803
11.833333,0.005119,0.017544,-0.005351,-0.718813,-1.007571,1.407841,-1.374263,-0.002896,-0.020308,-0.705243,-1.329801,-0.994480,0.893650,0.012268,-0.006559
11.866667,0.003528,0.023562,-0.003766,-0.797406,-1.006040,1.476862,-1.388409,0.004065,-0.011777,-0.742649,-1.362861,-1.094481,0.993650,0.003758,-0.001894
11.900000,-0.000631,0.027461,0.002356,-0.850367,-1.020504,1.541721,-1.415637,-0.003248,-0.012321,-0.760036,-1.372898,-1.194481,1.093650,0.002980,0.001556
11.933333,-0.001120,0.026266,0.009216,-0.883327,-1.015754,1.586581,-1.422866,-0.001479,-0.010329,-0.761166,-1.386089,-1.294481,1.193650,0.006284,-0.001624
11.966667,0.008409,0.021947,0.014929,-0.876288,-1.025991,1.591440,-1.404366,0.005237,-0.009667,-0.743323,-1.370029,-1.354481,1.253651,0.008539,-0.003671
12.000000,0.017989,0.024866,0.020159,-0.857521,-1.064777,1.570386,-1.385656,0.007795,-0.006323,-0.700941,-1.337901,-1.374481,1.273651,0.000112,-0.003355
12.033333,0.021229,0.018661,0.019535,-0.824306,-1.098911,1.555604,-1.370615,0.002839,-0.013094,-0.640921,-1.285331,-1.354481,1.253651,0.003255,-0.008042
12.066667,0.019821,0.018975,0.017870,-0.806901,-1.122045,1.529837,-1.349926,0.004622,-0.011170,-0.560921,-1.223802,-1.294481,1.193650,0.001929,-0.013118
12.100000,0.023594,0.019141,0.017703,-0.785364,-1.137494,1.501110,-1.328466,0.000866,-0.015116,-0.460921,-1.173623,-1.194481,1.093650,-0.001909,-0.015382
12.133333,0.017433,0.023417,0.014913,-0.787423,-1.155959,1.483314,-1.331834,-0.004329,-0.013599,-0.360921,-1.146948,-1.094481,1.004531,-0.010407,-0.013667
12.166667,0.002796,0.025422,-0.000771,-0.773918,-1.157322,1.484952,-1.324540,-0.001141,-0.023868,-0.260921,-1.126910,-0.994480,0.935058,-0.008948,-0.020822
12.200000,0.001391,0.028302,-0.003759,-0.776581,-1.146148,1.493513,-1.323505,0.000794,-0.027081,-0.173530,-1.136419,-0.894481,0.880250,-0.005305,-0.012525
12.233333,0.004170,0.026701,0.001401,-0.773104,-1.150041,1.485525,-1.328560,-0.000212,-0.030382,-0.110497,-1.155386,-0.794481,0.841597,-0.007198,-0.010705
12.266667,-0.000466,0.028144,-0.003220,-0.755519,-1.166089,1.463486,-1.333733,0.007583,-0.036239,-0.059648,-1.144605,-0.694480,0.802944,-0.014167,-0.008012
12.300000,-0.003218,0.034927,-0.004126,-0.754337,-1.158992,1.470518,-1.334719,0.007854,-0.029651,-0.043706,-1.150321,-0.594480,0.789105,-0.011263,-0.001313
12.333333,0.004672,0.032524,0.008639,-0.769947,-1.158529,1.470189,-1.348527,0.002581,-0.023644,-0.048568,-1.163518,-0.494480,0.755621,-0.012941,-0.000165
12.366667,0.011129,0.030943,0.012087,-0.761100,-1.146977,1.455193,-1.335621,0.006053,-0.013689,-0.062044,-1.148941,-0.394480,0.710355,-0.023486,-0.007790
12.400000,0.014211,0.041261,0.011844,-0.762071,-1.140975,1.463982,-1.331356,0.004133,-0.011289,-0.063180,-1.125455,-0.294610,0.665625,-0.030304,0.001370
12.433333,0.020223,0.038079,0.018858,-0.782663,-1.128189,1.485370,-1.332001,0.001024,-0.004187,-0.078162,-1.138003,-0.197291,0.648847,-0.023265,-0.003198
12.466667,0.025857,0.034904,0.020715,-0.778778,-1.121871,1.484114,-1.330243,-0.000585,-0.009781,-0.091352,-1.130662,-0.126305,0.619847,-0.019524,-0.007683
12.500000,0.030336,0.033809,0.019840,-0.781460,-1.125193,1.481219,-1.334025,-0.002057,-0.004100,-0.095547,-1.118102,-0.090167,0.614938,-0.011454,0.005389
12.533333,0.024923,0.032383,0.022162,-0.783368,-1.142996,1.485949,-1.347080,-0.010583,-0.011042,-0.095658,-1.128453,-0.069267,0.640444,-0.007489,0.007928
12.566667,0.030078,0.025458,0.024191,-0.786711,-1.141949,1.473672,-1.354443,-0.002213,-0.008443,-0.107205,-1.159083,-0.087568,0.689258,-0.003326,0.001958
12.600000,0.027707,0.027595,0.030297,-0.787055,-1.144830,1.472657,-1.352845,0.003259,0.000630,-0.127233,-1.171408,-0.143317,0.750120,-0.007061,0.006553
12.633333,0.024913,0.022197,0.028617,-0.782514,-1.140801,1.463858,-1.360760,0.001956,0.003049,-0.133954,-1.163621,-0.212733,0.827509,-0.010129,0.004730
12.666667,0.019886,0.022065,0.028698,-0.754336,-1.125990,1.455334,-1.347733,0.004270,0.003510,-0.168865,-1.164999,-0.287300,0.920806,-0.018440,-0.008818
12.700000,0.023496,0.020624,0.024612,-0.725820,-1.115193,1.432744,-1.353539,0.005347,-0.005212,-0.226637,-1.155685,-0.386630,1.020806,-0.020115,-0.011097
12.733333,0.016275,0.018583,0.022048,-0.695633,-1.111468,1.405773,-1.353975,0.000489,-0.010471,-0.275994,-1.124891,-0.486630,1.113682,-0.015530,-0.010614
12.766667,0.011201,0.019797,0.011146,-0.647064,-1.094892,1.360854,-1.339114,-0.001599,-0.008407,-0.320881,-1.079099,-0.586630,1.190593,-0.016519,-0.012490
12.800000,0.011205,0.026749,0.014001,-0.607878,-1.090589,1.307149,-1.321044,-0.000517,-0.000493,-0.380627,-1.066695,-0.686630,1.252401,-0.018629,-0.004800
12.833333,0.006854,0.025431,0.011576,-0.573428,-1.097924,1.238538,-1.319765,0.001831,-0.005618,-0.427813,-1.054219,-0.786630,1.302298,-0.013769,-0.002798
12.866667,-0.002532,0.022550,0.002910,-0.531240,-1.105519,1.176186,-1.304098,0.007042,-0.002380,-0.449693,-1.017296,-0.886630,1.335833,-0.005061,0.004195
12.900000,0.000540,0.027462,0.001598,-0.483178,-1.107598,1.106686,-1.287985,0.006339,-0.004539,-0.471401,-1.013009,-0.986630,1.352284,-0.001451,0.007490
12.933333,0.001065,0.024388,0.003612,-0.448185,-1.120515,1.032993,-1.287862,0.002219,-0.018031,-0.477737,-1.015225,-1.079914,1.344701,0.002390,0.005997
12.966667,-0.002658,0.024924,-0.009153,-0.431204,-1.112628,0.998514,-1.290163,0.011704,-0.025543,-0.487517,-1.019641,-1.160353,1.352220,0.011450,-0.000768
13.000000,0.004970,0.029982,-0.009626,-0.437940,-1.093816,0.994145,-1.291825,0.010277,-0.021014,-0.479822,-1.016122,-1.240793,1.349841,0.015080,0.005283
13.033333,0.009944,0.036378,-0.002602,-0.452049,-1.089018,1.000944,-1.298942,0.007668,-0.015192,-0.481785,-1.037772,-1.305382,1.335742,0.008693,-0.000528
13.066667,0.003176,0.040083,-0.008399,-0.490398,-1.076818,1.044188,-1.313941,0.003343,-0.008501,-0.508878,-1.029883,-1.369972,1.343970,0.003679,-0.006567
13.100000,0.006824,0.043688,-0.005185,-0.555680,-1.070806,1.122722,-1.333836,0.003148,-0.003715,-0.559459,-1.030515,-1.441277,1.378590,0.008599,0.001450
13.133333,0.007076,0.038731,0.006958,-0.622929,-1.064793,1.201255,-1.347026,-0.008248,-0.003197,-0.595690,-1.009845,-1.525427,1.382569,0.001543,0.002300
13.166667,0.003575,0.045218,0.008376,-0.676246,-1.059242,1.279788,-1.343084,-0.012041,-0.000926,-0.632179,-0.989529,-1.575273,1.381084,-0.009436,0.004187
13.200000,-0.001965,0.044687,0.012298,-0.738878,-1.047862,1.379788,-1.353795,-0.009149,-0.000920,-0.644317,-0.966307,-1.600968,1.367683,-0.011397,0.008582
13.233333,0.007939,0.034105,0.017793,-0.783085,-1.047992,1.458096,-1.353521,-0.008323,-0.009112,-0.616456,-0.962661,-1.586664,1.316162,-0.011481,0.008296
13.266667,0.013025,0.034652,0.013374,-0.804322,-1.045199,1.524860,-1.335608,-0.000402,-0.006447,-0.550439,-0.952919,-1.532359,1.238249,-0.023903,0.001697
13.300000,0.020485,0.034278,0.008165,-0.819791,-1.069652,1.584316,-1.334329,0.000045,-0.012091,-0.460663,-0.928891,-1.438055,1.162045,-0.026520,0.005159
13.333333,0.024382,0.024574,0.013009,-0.850863,-1.091664,1.624438,-1.349704,0.007026,-0.015398,-0.360663,-0.914581,-1.338055,1.113113,-0.016611,-0.000788
13.366667,0.035669,0.018709,0.011234,-0.890593,-1.101079,1.632380,-1.352698,0.002737,-0.015709,-0.265729,-0.887029,-1.238055,1.104181,-0.023624,-0.013563
13.400000,0.032365,0.020426,0.010404,-0.941682,-1.110732,1.652815,-1.372882,0.008567,-0.012877,-0.180543,-0.859197,-1.138055,1.135249,-0.023529,-0.013541
13.433333,0.030700,0.017956,0.016367,-0.982468,-1.106592,1.669221,-1.391948,0.001685,-0.019949,-0.116117,-0.818103,-1.038055,1.186894,-0.015942,-0.013765
13.466667,0.036179,0.018065,0.021181,-1.004496,-1.082377,1.686328,-1.389039,0.007124,-0.012983,-0.077827,-0.801122,-0.938055,1.247908,-0.018659,-0.010044
13.500000,0.039837,0.020214,0.023301,-1.027409,-1.069990,1.682769,-1.399663,0.002104,-0.018319,-0.053710,-0.784280,-0.838055,1.296486,-0.021371,-0.009347
13.533333,0.027003,0.024216,0.016437,-1.040062,-1.073439,1.689491,-1.418104,-0.000554,-0.024425,-0.036860,-0.760859,-0.738055,1.330461,-0.012461,0.002112
13.566667,0.020941,0.031892,0.013415,-1.058692,-1.049841,1.700073,-1.427109,-0.004793,-0.014973,-0.036472,-0.745430,-0.638054,1.360022,-0.014466,0.012119
13.600000,0.022012,0.034689,0.013945,-1.072446,-1.035101,1.711388,-1.433986,-0.006010,-0.008516,-0.038121,-0.756950,-0.538054,1.382531,-0.013871,0.015850
13.633333,0.011731,0.030145,0.006411,-1.070725,-1.021787,1.706067,-1.442060,-0.006787,-0.017433,-0.034644,-0.749445,-0.438054,1.386666,-0.008012,0.006773
13.666667,0.012618,0.031434,-0.008414,-1.032693,-0.989175,1.700746,-1.414017,-0.002074,-0.012372,-0.033135,-0.756846,-0.338054,1.377296,-0.003083,0.007181
13.700000,0.020154,0.030195,0.001143,-0.973455,-0.954486,1.677325,-1.356224,-0.000828,-0.008462,-0.042034,-0.780252,-0.238054,1.342528,-0.000785,0.006347
13.733333,0.026317,0.020880,0.002874,-0.875305,-0.943102,1.619244,-1.272339,-0.001223,-0.016246,-0.046940,-0.797868,-0.138054,1.272175,0.003511,0.000104
13.766667,0.024481,0.022550,-0.002056,-0.775305,-0.953785,1.536002,-1.188454,-0.002962,-0.012936,-0.059665,-0.816875,-0.061348,1.188296,0.004433,0.001494
13.800000,0.030617,0.022340,0.002245,-0.675305,-0.987759,1.436002,-1.088454,-0.004779,-0.011042,-0.078183,-0.863634,-0.014241,1.102355,0.007354,0.007325
13.833333,0.029319,0.018072,0.012011,-0.575305,-1.031176,1.336002,-0.988454,-0.012205,-0.010279,-0.115644,-0.907949,0.001108,1.002355,0.005672,0.014201
13.866667,0.027138,0.019375,0.009524,-0.475305,-1.072395,1.236002,-0.888454,-0.010328,-0.002942,-0.145423,-0.947985,-0.009579,0.902355,0.005237,0.011011
13.900000,0.028527,0.018294,0.012021,-0.375305,-1.130310,1.136002,-0.788454,-0.006994,-0.001449,-0.175938,-0.994228,-0.035538,0.802355,0.004541,0.012774
13.933333,0.028574,0.011259,0.016106,-0.291548,-1.166713,1.036002,-0.688454,-0.003986,-0.002135,-0.196704,-1.038570,-0.058992,0.702355,0.008631,0.017488
13.966667,0.027093,0.017740,0.011670,-0.227274,-1.199526,0.936002,-0.589735,-0.007186,0.001407,-0.210555,-1.056037,-0.073291,0.633645,0.001038,0.019550
14.000000,0.020431,0.017371,0.008254,-0.182290,-1.230987,0.836002,-0.511441,-0.007869,-0.003221,-0.193111,-1.066872,-0.076310,0.580628,0.000898,0.012972
14.033333,0.030594,0.014371,0.007417,-0.171583,-1.246436,0.736002,-0.473147,-0.013085,-0.012016,-0.187627,-1.083943,-0.079789,0.567611,-0.004910,0.009442
14.066667,0.030729,0.016381,0.000749,-0.200876,-1.225616,0.636002,-0.474853,-0.011823,-0.011148,-0.189716,-1.088602,-0.107997,0.594594,-0.018291,0.010860
14.100000,0.032848,0.018780,-0.001933,-0.253927,-1.212023,0.576002,-0.516560,-0.009828,-0.018308,-0.187801,-1.070817,-0.155416,0.659676,-0.022485,0.006999
14.133333,0.030301,0.012299,0.001336,-0.327495,-1.170132,0.556002,-0.596985,-0.013050,-0.023668,-0.205995,-1.054226,-0.222389,0.733467,-0.018478,-0.004809
14.166667,0.037340,0.013985,0.001600,-0.421772,-1.124130,0.576002,-0.696985,-0.014652,-0.028857,-0.260403,-1.036483,-0.308887,0.831566,-0.019280,-0.007972
14.200000,0.031829,0.015645,0.002221,-0.521772,-1.097353,0.636002,-0.796985,-0.008892,-0.028510,-0.327790,-1.018596,-0.408887,0.929665,-0.010565,-0.004162
14.233333,0.026961,0.021657,0.011118,-0.621772,-1.084811,0.736002,-0.896985,-0.008757,-0.028830,-0.404651,-0.994616,-0.508887,1.027764,0.002530,-0.005315
14.266667,0.036723,0.030075,0.017730,-0.721772,-1.059898,0.836002,-0.996985,-0.005018,-0.012759,-0.504651,-1.001959,-0.608887,1.127764,-0.002609,-0.002923
14.300000,0.034959,0.033095,0.022888,-0.817965,-1.074926,0.936002,-1.096985,0.000522,-0.005813,-0.604651,-1.004814,-0.708887,1.227304,-0.000592,0.001075
14.333333,0.027829,0.034273,0.016229,-0.890182,-1.083178,1.036002,-1.196985,0.011010,-0.003216,-0.687901,-1.007208,-0.808887,1.316884,0.000219,0.005451
14.366667,0.024165,0.041123,0.018092,-0.949247,-1.094017,1.136002,-1.270012,0.004144,0.005946,-0.749362,-1.011736,-0.908887,1.405331,-0.002272,0.011110
14.400000,0.024638,0.035631,0.017853,-0.980531,-1.119744,1.236002,-1.340714,0.002469,0.003134,-0.793463,-1.013298,-1.008887,1.457886,-0.002454,0.010711
14.433333,0.011387,0.031929,0.007663,-0.983045,-1.150513,1.336002,-1.382858,-0.002199,-0.007552,-0.809902,-0.988928,-1.108887,1.479444,0.007607,0.009138
14.466667,0.012707,0.035346,-0.000585,-0.975607,-1.168448,1.436002,-1.410901,-0.001026,-0.009625,-0.786342,-0.984110,-1.208887,1.472851,0.003146,0.020729
14.500000,0.009630,0.034747,0.008679,-0.966808,-1.203497,1.533502,-1.403412,-0.003392,-0.008498,-0.745768,-0.983480,-1.308887,1.445452,0.002207,0.016706
14.533333,0.010698,0.031373,0.005418,-0.931161,-1.235535,1.601103,-1.382895,0.001794,-0.014386,-0.686982,-0.991610,-1.368887,1.379185,0.003439,0.010685
14.566667,0.011555,0.028112,0.003862,-0.883294,-1.265633,1.628704,-1.324703,0.004370,-0.005500,-0.605558,-1.013074,-1.388888,1.308810,-0.002815,0.011579
14.600000,0.007865,0.021693,0.008602,-0.824198,-1.289636,1.616305,-1.255070,0.004368,-0.011570,-0.511795,-1.051431,-1.368888,1.229432,-0.004157,0.001585
14.633333,0.008295,0.017694,0.016284,-0.738860,-1.286532,1.563906,-1.159537,0.001189,-0.012674,-0.418032,-1.072264,-1.308887,1.138665,-0.001085,-0.011519
14.666667,0.013250,0.019409,0.013165,-0.638860,-1.265898,1.474008,-1.059537,0.000737,-0.008489,-0.345762,-1.093465,-1.208887,1.038665,-0.006312,-0.012961
14.700000,0.015143,0.014354,0.016115,-0.538860,-1.247783,1.374008,-0.972890,0.002340,-0.011263,-0.281735,-1.092445,-1.108887,0.938665,-0.004412,-0.009397
14.733333,0.023825,0.013001,0.010654,-0.438860,-1.213366,1.274008,-0.893676,-0.000648,-0.017594,-0.251915,-1.101394,-1.008887,0.838665,0.000902,-0.012327
14.766667,0.027983,0.013399,0.003398,-0.343452,-1.199741,1.174008,-0.843203,-0.004567,-0.016465,-0.222094,-1.084065,-0.908888,0.738665,0.000784,-0.005337
14.800000,0.028217,0.013132,0.001370,-0.270447,-1.196415,1.074008,-0.809562,-0.005281,-0.014892,-0.192705,-1.066572,-0.808887,0.678665,0.000174,-0.003118
14.833333,0.027293,0.008864,0.006759,-0.220527,-1.187113,0.974008,-0.796372,-0.008920,-0.017370,-0.156598,-1.034003,-0.708887,0.649143,-0.001210,0.006202
14.866667,0.025726,0.016054,0.008115,-0.204612,-1.172065,0.874008,-0.783264,-0.012756,-0.011038,-0.120761,-1.032500,-0.608887,0.659622,-0.005012,0.012006
14.900000,0.016628,0.019578,0.013614,-0.192872,-1.175003,0.774008,-0.784054,-0.010420,-0.011194,-0.062199,-0.993373,-0.508887,0.705004,-0.001900,0.007745
14.933333,0.015911,0.019203,0.020453,-0.196539,-1.164858,0.674008,-0.776101,-0.004315,-0.008050,-0.023636,-0.974247,-0.427508,0.770387,-0.001590,0.002179
14.966667,0.019427,0.017032,0.025289,-0.180419,-1.144414,0.574008,-0.791317,0.007093,-0.004357,-0.024642,-0.990582,-0.362854,0.795770,0.004868,0.001987
15.000000,0.022663,0.018150,0.024596,-0.181212,-1.122481,0.514008,-0.826082,0.011939,0.004285,-0.044636,-1.032959,-0.338200,0.805742,0.006831,-0.000198
15.033333,0.020975,0.013490,0.021678,-0.188001,-1.099748,0.494008,-0.887410,0.012487,0.001209,-0.096116,-1.075336,-0.353546,0.789870,0.010949,-0.005277
15.066667,0.016382,0.015769,0.016646,-0.230614,-1.062633,0.514008,-0.967410,0.009119,0.003767,-0.176116,-1.145390,-0.408892,0.779094,0.014093,-0.006022
15.100000,0.017175,0.017810,0.012800,-0.293228,-1.018444,0.574008,-1.067410,0.003256,0.001021,-0.276116,-1.214773,-0.485618,0.788318,0.012507,-0.001167
15.133333,0.010486,0.021589,0.006583,-0.393228,-1.004747,0.674008,-1.167410,-0.004142,-0.001818,-0.376116,-1.262711,-0.585618,0.837542,0.007731,-0.003362
15.166667,-0.002142,0.023603,-0.007675,-0.489397,-1.004000,0.774008,-1.241041,-0.004982,-0.013621,-0.476116,-1.270649,-0.685618,0.911698,0.011383,-0.008809
15.200000,-0.001757,0.027079,-0.012267,-0.585567,-0.986863,0.874008,-1.293125,0.002758,-0.014622,-0.576116,-1.269157,-0.785618,1.011698,0.013499,-0.003522
15.233333,0.001639,0.023645,-0.007577,-0.657673,-0.984232,0.974008,-1.330011,0.003317,-0.014905,-0.676116,-1.253809,-0.885618,1.111698,0.010109,0.001243
15.266667,-0.003351,0.021756,-0.012674,-0.689780,-0.988949,1.034008,-1.326898,0.008016,-0.019717,-0.736116,-1.227389,-0.945618,1.211698,0.004867,0.002811
15.300000,-0.004995,0.029575,-0.013805,-0.696299,-0.968857,1.054008,-1.283784,0.006587,-0.014661,-0.756398,-1.222413,-0.965618,1.311698,0.009721,0.013013
15.333333,0.002008,0.029695,-0.001559,-0.687623,-0.955410,1.059123,-1.227039,0.004845,-0.008384,-0.736679,-1.227703,-0.945618,1.403358,0.011173,0.015626
15.366667,0.007591,0.027898,0.000870,-0.678757,-0.933684,1.064239,-1.167039,0.003951,0.001150,-0.676961,-1.202425,-0.885618,1.470693,0.002066,0.005650
15.400000,0.008235,0.039719,-0.000209,-0.693953,-0.914902,1.069354,-1.122237,-0.001859,0.000644,-0.577242,-1.160947,-0.785618,1.518950,-0.002592,0.010104
15.433333,0.012203,0.039568,0.007717,-0.749149,-0.886513,1.114469,-1.117435,-0.001770,0.004958,-0.477524,-1.121899,-0.685618,1.550611,0.007090,0.004123
15.466667,0.015881,0.034801,0.009828,-0.812107,-0.864592,1.199584,-1.150696,-0.002088,-0.001266,-0.395407,-1.051784,-0.585618,1.554698,0.009306,-0.005453
15.500000,0.024460,0.034586,0.008847,-0.883976,-0.848537,1.299584,-1.212117,-0.002294,0.002211,-0.319454,-0.971403,-0.485618,1.544044,0.010636,0.004013
15.533333,0.019806,0.033933,0.013940,-0.932189,-0.847942,1.399584,-1.270892,-0.006520,-0.004033,-0.257558,-0.916738,-0.385618,1.540965,0.016726,0.005440
15.566667,0.027415,0.028275,0.019401,-0.963038,-0.830406,1.499584,-1.312805,0.006424,-0.002152,-0.217116,-0.889623,-0.285618,1.544368,0.019823,0.001076
15.600000,0.029163,0.030159,0.027428,-0.972094,-0.822501,1.599584,-1.332392,0.009488,0.007147,-0.205474,-0.869234,-0.185618,1.544368,0.014678,0.003722
15.633333,0.028096,0.024739,0.029824,-0.969432,-0.812153,1.671034,-1.340445,0.009141,0.007748,-0.184579,-0.843170,-0.085618,1.536413,0.010234,0.005944
15.666667,0.023047,0.024283,0.033539,-0.952236,-0.795013,1.732005,-1.329586,0.010964,0.007345,-0.197520,-0.856219,0.004154,1.547067,0.007006,-0.009103
15.700000,0.026982,0.022850,0.030742,-0.946050,-0.778908,1.761514,-1.338346,0.008168,-0.003837,-0.220148,-0.879220,0.076517,1.554472,0.006674,-0.008423
15.733333,0.020547,0.018246,0.028167,-0.935000,-0.772618,1.759360,-1.346141,0.000848,-0.005273,-0.236291,-0.887835,0.119030,1.554180,0.010158,-0.009200
15.766667,0.017661,0.020779,0.018135,-0.913680,-0.755388,1.727489,-1.336262,0.001449,-0.004717,-0.263634,-0.918580,0.121542,1.554180,0.006353,-0.006376
15.800000,0.015389,0.027574,0.017777,-0.921905,-0.750599,1.698522,-1.332222,0.003610,0.006953,-0.322348,-0.986069,0.084054,1.569708,0.002412,0.001497
15.833333,0.008140,0.024476,0.012681,-0.925909,-0.760429,1.658506,-1.346578,0.000875,0.001706,-0.381061,-1.054444,0.016795,1.569708,0.004641,0.005502
15.866667,-0.002789,0.021205,0.004169,-0.912682,-0.778189,1.623156,-1.346317,0.011863,0.005448,-0.456031,-1.096923,-0.073056,1.569708,0.007252,0.008581
15.900000,-0.003605,0.027500,0.002252,-0.909150,-0.796434,1.604828,-1.351762,0.014657,0.000410,-0.556031,-1.166237,-0.173056,1.570000,0.009396,0.011920
15.933333,-0.007235,0.021742,0.002593,-0.913913,-0.833054,1.589696,-1.380601,0.009085,-0.008391,-0.656031,-1.207937,-0.273056,1.561937,0.016908,0.005006
15.966667,-0.008683,0.021770,-0.009587,-0.893705,-0.852348,1.580249,-1.397736,0.016428,-0.015719,-0.751700,-1.240459,-0.373056,1.561937,0.027878,-0.000688
16.000000,-0.000866,0.027657,-0.009794,-0.871663,-0.873322,1.552329,-1.406364,0.018611,-0.012434,-0.807369,-1.241421,-0.473056,1.552662,0.028491,0.005836
16.033333,0.004401,0.031831,-0.004083,-0.845698,-0.907889,1.511206,-1.415988,0.008649,-0.004874,-0.841948,-1.256988,-0.573056,1.536345,0.024626,0.004820
16.066667,0.000262,0.034335,-0.010665,-0.831843,-0.940844,1.484723,-1.414508,0.002171,0.002571,-0.875517,-1.247494,-0.673056,1.513636,0.021727,0.001347
16.100000,0.001340,0.038550,-0.006729,-0.832494,-0.973388,1.484761,-1.408081,-0.002891,0.006578,-0.893181,-1.245858,-0.773056,1.504241,0.022909,0.008881
16.133333,0.000782,0.032638,0.005364,-0.843799,-1.001107,1.482226,-1.399269,-0.011660,0.006481,-0.895442,-1.230437,-0.873056,1.467411,0.009465,0.008446
16.166667,-0.001644,0.039806,0.006024,-0.862036,-1.019751,1.518121,-1.377138,-0.014323,0.006792,-0.916980,-1.217771,-0.973056,1.434249,0.005452,0.008282
16.200000,-0.003567,0.040293,0.010467,-0.896315,-1.023291,1.583241,-1.365000,-0.007388,0.005157,-0.936644,-1.208372,-1.073056,1.395147,0.002850,0.011492
16.233333,0.004862,0.029789,0.016883,-0.910116,-1.024367,1.614813,-1.354017,-0.005825,0.000721,-0.935129,-1.214742,-1.173056,1.358086,0.001995,0.010162
16.266667,0.010635,0.029895,0.012261,-0.902628,-1.020984,1.630251,-1.324589,0.006602,0.004087,-0.909519,-1.223344,-1.262543,1.298995,-0.010499,0.006195
16.300000,0.014978,0.030030,0.008024,-0.890151,-1.048382,1.663471,-1.293577,0.007766,0.002099,-0.863642,-1.225614,-1.312030,1.239274,-0.007429,0.006228
16.333333,0.017362,0.018771,0.013059,-0.890021,-1.074521,1.678929,-1.271748,0.013236,0.001192,-0.798488,-1.254943,-1.321516,1.165162,-0.003344,0.001229
16.366667,0.023035,0.014749,0.010777,-0.884916,-1.092845,1.673551,-1.232177,0.009098,-0.000115,-0.716299,-1.277858,-1.291003,1.094727,-0.007831,-0.010409
16.400000,0.019557,0.015146,0.009553,-0.875034,-1.120737,1.693766,-1.194142,0.013419,-0.000349,-0.616299,-1.299325,-1.220489,1.008643,-0.011629,-0.007841
16.433333,0.015327,0.015106,0.015214,-0.860307,-1.136494,1.712785,-1.158183,0.005615,-0.005291,-0.516299,-1.300951,-1.120489,0.919340,-0.001140,-0.010911
16.466667,0.023473,0.017680,0.020025,-0.840447,-1.130398,1.731033,-1.121605,0.010506,-0.002199,-0.422831,-1.313371,-1.020489,0.830036,-0.004327,-0.005824
16.500000,0.025946,0.020684,0.022120,-0.817818,-1.136779,1.728610,-1.099214,0.003933,-0.005965,-0.337774,-1.314811,-0.920489,0.756612,-0.007750,-0.001091
16.533333,0.016073,0.021981,0.014246,-0.803747,-1.155203,1.731525,-1.099660,-0.001699,-0.009355,-0.266807,-1.299886,-0.820489,0.702888,-0.000541,0.007169
16.566667,0.008269,0.032031,0.010178,-0.815355,-1.144551,1.734246,-1.111117,-0.002954,-0.002724,-0.229386,-1.295702,-0.733007,0.689164,0.004109,0.015433
16.600000,0.013308,0.032283,0.010339,-0.834201,-1.148343,1.733525,-1.125743,-0.003512,0.003558,-0.223509,-1.311533,-0.685524,0.715440,0.002868,0.022617
16.633333,0.003642,0.027251,0.002389,-0.847715,-1.159200,1.709503,-1.159118,-0.006693,-0.003656,-0.241938,-1.308836,-0.678041,0.777401,0.008879,0.018807
16.666667,0.005004,0.027724,-0.012287,-0.845138,-1.152876,1.710703,-1.168906,0.001449,0.002526,-0.268919,-1.309294,-0.710559,0.863481,0.011732,0.014069
16.700000,0.011272,0.029914,-0.001179,-0.840858,-1.143169,1.714423,-1.175513,0.006423,0.006090,-0.305350,-1.320421,-0.783076,0.929944,0.012378,0.016094
16.733333,0.017528,0.021894,0.000435,-0.796577,-1.144879,1.686289,-1.159450,0.005268,0.000261,-0.321438,-1.317952,-0.851383,0.961198,0.012741,0.005781
16.766667,0.010047,0.024471,-0.006105,-0.745333,-1.155287,1.643807,-1.144129,0.004932,0.000880,-0.323815,-1.311719,-0.879691,0.989251,0.011127,0.003797
16.800000,0.012088,0.024999,-0.001830,-0.683864,-1.171366,1.590149,-1.109461,0.002166,0.002179,-0.298755,-1.325254,-0.867998,0.981620,0.010381,0.002387
16.833333,0.007062,0.023182,0.007009,-0.612675,-1.177854,1.511268,-1.069195,-0.007413,0.004058,-0.276624,-1.329493,-0.816305,0.933989,0.011967,0.003415
16.866667,-0.001999,0.025530,0.003851,-0.517556,-1.184411,1.416144,-0.998473,-0.006789,0.010612,-0.247058,-1.333254,-0.725690,0.875579,0.007487,-0.000372
16.900000,-0.001690,0.024486,0.007662,-0.422438,-1.206807,1.321020,-0.934867,-0.006859,0.010843,-0.227670,-1.339775,-0.626767,0.821636,0.005435,0.001824
16.933333,0.003583,0.018656,0.013434,-0.332649,-1.212004,1.221020,-0.877383,-0.007289,0.007985,-0.214941,-1.352598,-0.531650,0.756658,0.011626,0.004295
16.966667,0.003427,0.024994,0.008736,-0.254227,-1.218723,1.121020,-0.829343,-0.010258,0.014439,-0.227494,-1.355483,-0.455555,0.720525,0.006221,0.007934
17.000000,-0.000559,0.022885,0.007852,-0.194617,-1.232401,1.021020,-0.797252,-0.007997,0.007930,-0.228305,-1.360561,-0.392740,0.692376,0.002534,0.007970
17.033333,0.013799,0.018000,0.007955,-0.156339,-1.238150,0.921020,-0.778352,-0.015576,-0.001492,-0.243980,-1.373166,-0.355753,0.694636,0.003772,0.003102
17.066667,0.016593,0.019863,0.002579,-0.148555,-1.223378,0.821020,-0.759820,-0.014016,0.002148,-0.268348,-1.381846,-0.348900,0.714221,-0.009735,0.007754
17.100000,0.017507,0.021537,0.001942,-0.149189,-1.225459,0.721020,-0.748892,-0.010884,-0.003220,-0.283898,-1.375211,-0.378242,0.719885,-0.018874,0.010661
17.133333,0.017690,0.014672,0.007024,-0.170388,-1.205721,0.621020,-0.741225,-0.012263,-0.008285,-0.310767,-1.363064,-0.428562,0.735814,-0.015712,0.003298
17.166667,0.023609,0.015023,0.006481,-0.212775,-1.182843,0.561020,-0.757608,-0.018084,-0.016460,-0.369485,-1.349169,-0.505602,0.783759,-0.020194,-0.002382
17.200000,0.019690,0.017087,0.007906,-0.273829,-1.167474,0.541020,-0.800801,-0.015425,-0.011744,-0.436334,-1.331090,-0.595736,0.841294,-0.018561,0.004937
17.233333,0.016992,0.021382,0.014744,-0.344390,-1.154819,0.561020,-0.864753,-0.012275,-0.015646,-0.498028,-1.303457,-0.695736,0.912248,-0.004572,-0.000464
17.266667,0.026272,0.032161,0.019496,-0.436322,-1.116930,0.621020,-0.937799,-0.010171,0.002084,-0.569037,-1.299106,-0.795736,1.011357,-0.008964,0.001281
17.300000,0.027589,0.036606,0.023373,-0.536322,-1.113849,0.721020,-1.022660,-0.005430,0.003147,-0.638435,-1.287465,-0.895736,1.111357,-0.007637,0.005984
17.333333,0.021917,0.039230,0.016199,-0.636322,-1.104246,0.821020,-1.107520,0.003538,0.008874,-0.684858,-1.279205,-0.995736,1.211357,-0.001668,0.014586
17.366667,0.016329,0.047162,0.017154,-0.736322,-1.098252,0.921020,-1.175488,0.000579,0.013496,-0.719753,-1.271182,-1.095736,1.311357,-0.001135,0.017070
17.400000,0.014164,0.042583,0.017370,-0.829782,-1.102649,1.021020,-1.247401,-0.005396,0.011368,-0.755094,-1.263828,-1.195736,1.393437,-0.001903,0.017583
17.433333,0.002332,0.036980,0.007577,-0.892518,-1.113854,1.121020,-1.310379,-0.010126,0.000968,-0.779825,-1.229583,-1.295736,1.447308,0.009237,0.012842
17.466667,-0.002679,0.039613,0.000263,-0.939419,-1.108202,1.221020,-1.360704,-0.010177,-0.001986,-0.767557,-1.212466,-1.395736,1.476831,0.003496,0.019662
17.500000,-0.003614,0.037891,0.008928,-0.956832,-1.117274,1.321020,-1.379320,-0.008321,0.000610,-0.751233,-1.198927,-1.481442,1.481118,0.003012,0.018428
17.533333,-0.001675,0.030812,0.006061,-0.934246,-1.126011,1.381020,-1.374829,-0.003271,-0.001050,-0.707338,-1.194609,-1.527148,1.445406,0.003799,0.014339
17.566667,-0.002795,0.027588,0.005281,-0.878199,-1.145049,1.401020,-1.330339,0.003122,0.007367,-0.636077,-1.198599,-1.532853,1.387614,-0.005764,0.017669
17.600000,-0.006549,0.019614,0.009829,-0.812876,-1.163304,1.381020,-1.265977,0.003204,-0.000294,-0.550437,-1.226618,-1.498559,1.318030,-0.008267,0.014380
17.633333,-0.006553,0.015987,0.017201,-0.723389,-1.163615,1.321020,-1.174268,-0.001164,0.003391,-0.471086,-1.244061,-1.424265,1.232795,-0.001546,0.001538
17.666667,-0.003604,0.017938,0.014581,-0.623389,-1.162272,1.221020,-1.077836,-0.003321,0.005312,-0.405452,-1.272967,-1.324265,1.138123,-0.005491,-0.005958
17.700000,-0.000781,0.016150,0.018171,-0.528075,-1.172251,1.121020,-1.006231,-0.004862,0.001057,-0.340346,-1.293432,-1.224265,1.059214,-0.005974,-0.007577
17.733333,0.008630,0.015597,0.012343,-0.450291,-1.154185,1.037199,-0.945730,-0.010722,-0.004704,-0.310480,-1.324429,-1.124264,1.020305,0.005070,-0.015454
17.766667,0.008659,0.017253,0.005092,-0.412403,-1.149182,0.962528,-0.925230,-0.014354,-0.004548,-0.280614,-1.339171,-1.024264,0.981395,0.005666,-0.009554
17.800000,0.010200,0.016024,0.002098,-0.409898,-1.145554,0.920728,-0.944729,-0.011769,-0.008513,-0.255272,-1.361096,-0.924265,0.945938,0.001639,-0.005796
17.833333,0.006484,0.013194,0.006312,-0.425394,-1.121220,0.885074,-0.991148,-0.008747,-0.008810,-0.226180,-1.358326,-0.824265,0.921638,-0.000014,0.000387
17.866667,0.006187,0.017402,0.006691,-0.450507,-1.081144,0.849419,-1.032390,-0.010137,0.001619,-0.215330,-1.373519,-0.724265,0.902252,-0.004453,0.006915
17.900000,-0.002648,0.019145,0.012843,-0.458089,-1.056063,0.797586,-1.100497,-0.013675,-0.001484,-0.192175,-1.361961,-0.624264,0.842866,-0.003829,0.011876
17.933333,-0.000976,0.018296,0.020275,-0.425776,-1.023606,0.736603,-1.148603,-0.013433,-0.002076,-0.189021,-1.356822,-0.524264,0.783480,-0.002407,0.006952
17.966667,0.004695,0.017130,0.024226,-0.398079,-0.989044,0.682749,-1.196710,-0.004105,-0.002694,-0.189790,-1.337948,-0.424264,0.760642,0.003021,0.003228
18.000000,0.014731,0.018174,0.027732,-0.392382,-0.985515,0.662749,-1.250112,-0.003821,0.000016,-0.192656,-1.303769,-0.324264,0.761317,0.001171,0.003043
18.033333,0.018208,0.016197,0.025695,-0.412382,-0.983440,0.682749,-1.304127,0.001517,-0.012788,-0.188961,-1.232211,-0.224264,0.781317,0.004991,-0.005682
18.066667,0.016781,0.018808,0.021691,-0.472382,-0.976245,0.742749,-1.339940,0.007071,-0.012919,-0.187076,-1.152211,-0.129487,0.841317,0.006329,-0.011808
18.100000,0.023040,0.021871,0.018579,-0.572382,-0.962015,0.842749,-1.373684,0.008784,-0.012412,-0.181542,-1.052211,-0.056261,0.941317,0.003286,-0.014664
18.133333,0.019558,0.024655,0.015196,-0.672382,-0.978962,0.942749,-1.391998,0.004511,-0.013047,-0.180224,-0.952211,0.012190,1.041317,-0.000265,-0.015399
18.166667,0.004534,0.027375,-0.000985,-0.743922,-0.980471,1.042749,-1.385288,0.004538,-0.024898,-0.176638,-0.852211,0.055933,1.141317,0.002858,-0.022942
18.200000,0.002004,0.030132,-0.004079,-0.815462,-0.967334,1.142749,-1.382032,0.008882,-0.028596,-0.178048,-0.788723,0.072767,1.237954,0.007687,-0.012947
18.233333,0.006208,0.028904,-0.000036,-0.861848,-0.970460,1.242749,-1.385163,0.009895,-0.030409,-0.177505,-0.741666,0.092700,1.309133,0.002464,-0.010484
18.266667,-0.001656,0.029306,-0.005278,-0.868235,-0.986490,1.342749,-1.389688,0.017796,-0.038093,-0.167918,-0.697227,0.133062,1.362639,-0.004878,-0.007842
18.300000,-0.005888,0.036372,-0.006702,-0.874621,-0.979888,1.442749,-1.387782,0.017498,-0.032491,-0.173152,-0.692788,0.138198,1.416145,-0.005605,0.001713
18.333333,0.002897,0.034248,0.005431,-0.887440,-0.976506,1.531079,-1.394548,0.013495,-0.028070,-0.172340,-0.708601,0.153588,1.437927,-0.005663,0.005067
18.366667,0.009795,0.032170,0.007695,-0.860259,-0.964054,1.579410,-1.377599,0.018456,-0.015260,-0.172539,-0.706667,0.164517,1.426133,-0.014798,-0.004155
18.400000,0.013482,0.042229,0.006026,-0.818232,-0.957926,1.596958,-1.346036,0.013458,-0.011188,-0.159774,-0.701097,0.137569,1.399796,-0.020613,0.002564
18.433333,0.019866,0.040142,0.013562,-0.784606,-0.947425,1.583456,-1.314127,0.007067,-0.003281,-0.168379,-0.732909,0.100975,1.366516,-0.014144,-0.002250
18.466667,0.028574,0.036214,0.015106,-0.710980,-0.953539,1.529954,-1.264080,0.002748,-0.009397,-0.176424,-0.755306,0.066325,1.293237,-0.010378,-0.010827
18.500000,0.033730,0.035680,0.014658,-0.619381,-0.979335,1.448122,-1.194601,0.005133,-0.004072,-0.185460,-0.774774,0.009931,1.211681,-0.005704,0.003600
18.533333,0.029502,0.034347,0.017155,-0.527781,-1.034294,1.366290,-1.125122,-0.004493,-0.009871,-0.201792,-0.815480,-0.019385,1.127064,-0.002949,0.009390
18.566667,0.036778,0.027471,0.020712,-0.438435,-1.074522,1.275239,-1.044102,0.004156,-0.006072,-0.236669,-0.883389,-0.026314,1.042447,0.003249,0.005597
18.600000,0.039758,0.026952,0.026686,-0.355111,-1.119947,1.175239,-0.944102,0.012035,0.002396,-0.280124,-0.937821,-0.042660,0.942447,-0.002030,0.013562
18.633333,0.039389,0.020361,0.025816,-0.282151,-1.155834,1.075239,-0.858373,0.014739,0.006619,-0.304039,-0.971165,-0.038265,0.842447,-0.004490,0.023285
18.666667,0.039768,0.018877,0.027357,-0.229651,-1.169878,0.975239,-0.788050,0.013275,0.006468,-0.341832,-1.003031,-0.019366,0.742447,-0.010336,0.012084
18.700000,0.049339,0.014580,0.024020,-0.202301,-1.173526,0.875239,-0.755251,0.011233,-0.002034,-0.371990,-1.012098,-0.015932,0.642447,-0.009221,0.005989
18.733333,0.044334,0.007532,0.022882,-0.197307,-1.177990,0.775239,-0.754823,0.006588,-0.004180,-0.381385,-0.985385,-0.017202,0.542447,-0.007861,0.007299
18.766667,0.041038,0.010997,0.012629,-0.217890,-1.155762,0.675239,-0.794394,0.008056,-0.006347,-0.358418,-0.932149,-0.017461,0.444988,-0.008977,0.005296
18.800000,0.038500,0.018868,0.015360,-0.268110,-1.120829,0.605912,-0.859696,0.007960,0.001121,-0.329238,-0.869415,-0.014345,0.387529,-0.013988,0.006575
18.833333,0.032304,0.019296,0.012196,-0.337869,-1.097643,0.566938,-0.949590,0.008755,-0.002050,-0.289590,-0.790836,-0.008634,0.370071,-0.009452,0.007203
18.866667,0.018354,0.019296,0.004226,-0.422479,-1.069753,0.567963,-1.041960,0.016901,0.000630,-0.239935,-0.695057,0.003400,0.392612,-0.003552,0.011942
18.900000,0.019538,0.030406,0.002932,-0.522479,-1.032660,0.608989,-1.141960,0.018929,-0.007046,-0.195775,-0.595057,0.025087,0.455153,-0.001515,0.011508
18.933333,0.016427,0.028393,0.004834,-0.622479,-1.015460,0.690015,-1.241960,0.010196,-0.019847,-0.165334,-0.495057,0.060786,0.555153,0.006028,0.004351
18.966667,0.011289,0.030014,-0.007832,-0.722479,-0.995302,0.780369,-1.326633,0.022262,-0.027337,-0.164047,-0.402896,0.086186,0.655153,0.015067,-0.003563
19.000000,0.015481,0.035522,-0.009435,-0.822479,-0.974096,0.880369,-1.389098,0.022734,-0.028280,-0.157579,-0.310735,0.095585,0.755153,0.020936,-0.003132
19.033333,0.017781,0.042039,-0.001962,-0.908750,-0.974981,0.980369,-1.429664,0.019173,-0.025744,-0.170312,-0.235992,0.114990,0.855153,0.012654,-0.008580
19.066667,0.009129,0.043311,-0.006833,-0.969092,-0.981961,1.080369,-1.450167,0.012966,-0.016858,-0.208241,-0.184883,0.110306,0.955153,0.008073,-0.011543
19.100000,0.010107,0.043611,-0.001358,-1.020046,-0.993594,1.180369,-1.450426,0.011337,-0.012434,-0.261475,-0.155965,0.073594,1.055153,0.010251,-0.001581
19.133333,0.014528,0.037733,0.012270,-1.053469,-1.007158,1.264333,-1.445156,-0.003498,-0.012006,-0.301595,-0.137159,0.050068,1.155153,0.000648,-0.000787
19.166667,0.014527,0.044610,0.015377,-1.061034,-1.017522,1.345927,-1.429343,-0.008313,-0.009249,-0.342586,-0.145957,0.028352,1.249785,-0.012732,0.002654
19.200000,0.013109,0.044291,0.019331,-1.065667,-1.016894,1.411081,-1.430514,-0.001696,-0.009740,-0.356511,-0.177337,-0.005966,1.304417,-0.014417,0.011767
19.233333,0.022650,0.033647,0.023628,-1.070378,-1.020778,1.448083,-1.433392,-0.000733,-0.017210,-0.342697,-0.225083,-0.016684,1.319049,-0.009869,0.011105
19.266667,0.030266,0.034314,0.019016,-1.056053,-1.018851,1.471323,-1.422077,0.010115,-0.009908,-0.305889,-0.290638,-0.000519,1.293681,-0.024490,0.002557
19.300000,0.032758,0.033635,0.014826,-1.034945,-1.041048,1.510600,-1.422822,0.010602,-0.014434,-0.268049,-0.378242,-0.000219,1.228312,-0.022661,0.005729
19.333333,0.033176,0.019918,0.019182,-1.025197,-1.055459,1.538567,-1.435661,0.017477,-0.013024,-0.233763,-0.478242,0.022543,1.128312,-0.011880,-0.001303
19.366667,0.041967,0.013721,0.017045,-1.012425,-1.059462,1.555132,-1.430749,0.011688,-0.007412,-0.232650,-0.578242,0.045402,1.028312,-0.014416,-0.015341
19.400000,0.036833,0.014881,0.015092,-0.997815,-1.062138,1.596972,-1.428327,0.019753,-0.001960,-0.234100,-0.678242,0.063695,0.928312,-0.016051,-0.011110
19.433333,0.032369,0.013964,0.018486,-0.977111,-1.054970,1.641807,-1.425016,0.011739,-0.008299,-0.245366,-0.778242,0.060665,0.828313,-0.000546,-0.011619
19.466667,0.040112,0.014756,0.021252,-0.955556,-1.026802,1.679987,-1.404498,0.022409,0.000740,-0.250465,-0.878242,0.054382,0.728312,-0.001267,-0.006153
19.500000,0.043752,0.018696,0.021763,-0.939175,-1.008823,1.691846,-1.399519,0.020468,-0.003328,-0.247464,-0.978242,0.038528,0.628312,-0.001660,0.000416
19.533333,0.027274,0.021319,0.012357,-0.925858,-1.005411,1.708155,-1.409360,0.017996,-0.008963,-0.222666,-1.075744,0.008827,0.528312,0.005583,0.015363
19.566667,0.018858,0.029687,0.007429,-0.940229,-0.975838,1.713395,-1.427844,0.013590,-0.003773,-0.216742,-1.173245,-0.043158,0.468312,0.001823,0.022249
19.600000,0.018864,0.031430,0.006063,-0.958527,-0.952021,1.708830,-1.441770,0.014017,0.004877,-0.225837,-1.259596,-0.103513,0.448312,0.001563,0.028066
19.633333,0.006748,0.027315,-0.002939,-0.971543,-0.943265,1.683309,-1.472396,0.010199,-0.004593,-0.249475,-1.317355,-0.173694,0.468312,0.008212,0.018145
19.666667,0.006402,0.027435,-0.018035,-0.972395,-0.925794,1.689202,-1.478874,0.013571,0.001809,-0.274017,-1.363707,-0.263478,0.528312,0.009706,0.016629
19.700000,0.014684,0.028497,-0.007932,-0.983450,-0.906888,1.699381,-1.484781,0.013627,0.004201,-0.313876,-1.386867,-0.363478,0.628312,0.013331,0.013441
19.733333,0.020463,0.020728,-0.004983,-0.962689,-0.902224,1.692693,-1.476951,0.014452,-0.002064,-0.338509,-1.393164,-0.455642,0.728312,0.020657,0.001461
19.766667,0.016720,0.022255,-0.010015,-0.955176,-0.920499,1.698275,-1.477667,0.014141,-0.002701,-0.341076,-1.375222,-0.507806,0.828312,0.018285,0.001854
19.800000,0.016610,0.023864,-0.005792,-0.968004,-0.936171,1.711694,-1.486901,0.012786,-0.001207,-0.316857,-1.350913,-0.522159,0.915250,0.017438,0.005447
19.833333,0.012848,0.023278,0.002744,-0.976877,-0.947290,1.697209,-1.486339,0.005870,-0.003110,-0.294272,-1.298011,-0.498459,0.974980,0.017251,0.005277
19.866667,0.006167,0.026665,-0.001352,-0.952170,-0.948685,1.667422,-1.454194,0.009522,-0.000456,-0.244994,-1.230799,-0.449504,1.019220,0.012604,-0.001980
19.900000,0.003574,0.028157,0.000453,-0.919278,-0.963551,1.628446,-1.403009,0.008507,-0.000140,-0.188532,-1.140451,-0.368384,1.052297,0.012098,0.001156
19.933333,0.005150,0.024667,0.004885,-0.863729,-0.959325,1.557776,-1.343163,0.009890,-0.003239,-0.132763,-1.045491,-0.301937,1.068164,0.017086,0.002484
19.966667,0.007670,0.030819,0.001126,-0.778286,-0.956436,1.466877,-1.244102,0.006006,0.001011,-0.081343,-0.945491,-0.254239,1.074720,0.009424,0.006951
20.000000,0.007853,0.029266,0.001531,-0.678286,-0.953479,1.372468,-1.144102,0.006253,-0.002655,-0.015117,-0.845491,-0.223477,1.068483,0.006457,0.008488
20.033333,0.023883,0.024604,0.004604,-0.578286,-0.945476,1.272468,-1.044102,0.000313,-0.008640,0.029634,-0.745491,-0.192426,1.070112,0.001124,0.008157
20.066667,0.033115,0.023741,0.002139,-0.478286,-0.931357,1.172468,-0.944102,0.005314,-0.002745,0.056359,-0.645491,-0.170951,1.074670,-0.020280,0.012685
20.100000,0.038942,0.024861,0.002735,-0.392560,-0.938742,1.072468,-0.866346,0.005699,-0.008757,0.086659,-0.545491,-0.157622,1.062841,-0.026731,0.010825
20.133333,0.041647,0.017100,0.007808,-0.346835,-0.935206,0.972468,-0.828591,0.004674,-0.013605,0.090096,-0.445491,-0.146343,1.060601,-0.016972,-0.000392
20.166667,0.046632,0.018364,0.008557,-0.341109,-0.943971,0.912468,-0.830835,0.002563,-0.018641,0.062138,-0.369163,-0.116179,1.089782,-0.020606,-0.006708
20.200000,0.039710,0.020915,0.009792,-0.375383,-0.968862,0.892468,-0.873080,0.004302,-0.020254,0.032987,-0.318860,-0.081641,1.117986,-0.013786,-0.000147
20.233333,0.034506,0.026442,0.017326,-0.449658,-0.988901,0.912468,-0.955324,0.003908,-0.031132,0.003848,-0.291547,-0.056406,1.142112,0.007684,-0.002347
20.266667,0.043685,0.034464,0.023776,-0.549658,-0.976568,0.972468,-1.055324,0.008317,-0.014203,-0.024845,-0.304235,-0.025590,1.199832,0.002872,-0.000443
20.300000,0.039971,0.038931,0.028121,-0.649658,-0.994871,1.072468,-1.155324,0.009727,-0.011402,-0.050337,-0.329802,0.010267,1.264271,-0.001632,0.004775
20.333333,0.033022,0.040256,0.019739,-0.749658,-0.993545,1.172468,-1.255324,0.017999,-0.010326,-0.056012,-0.357215,0.029796,1.328488,0.003442,0.007489
20.366667,0.031989,0.047358,0.020787,-0.849658,-0.992017,1.272468,-1.325585,0.014295,-0.004088,-0.076319,-0.398603,0.028959,1.401306,0.003549,0.007704
20.400000,0.031575,0.041412,0.019439,-0.933775,-1.001119,1.372468,-1.393670,0.009559,-0.004258,-0.091741,-0.449800,0.040309,1.458804,-0.000132,0.007435
20.433333,0.017871,0.037160,0.008978,-0.989884,-1.018209,1.458945,-1.439272,0.004686,-0.015570,-0.128820,-0.483256,0.039896,1.491067,0.011205,0.007118
20.466667,0.015223,0.038965,0.001668,-1.038336,-1.016154,1.528735,-1.476954,0.004450,-0.017097,-0.144870,-0.531348,0.017431,1.513701,0.007273,0.014309
20.500000,0.011056,0.036691,0.011316,-1.065000,-1.029170,1.576931,-1.486452,-0.000007,-0.013699,-0.180584,-0.591999,-0.008385,1.525417,0.006440,0.013044
20.533333,0.011055,0.030911,0.007580,-1.055501,-1.036807,1.599732,-1.506938,0.006891,-0.012712,-0.209433,-0.642269,-0.043755,1.504929,0.006865,0.009526
20.566667,0.007624,0.027931,0.006346,-1.052574,-1.041889,1.605873,-1.513957,0.012398,-0.003499,-0.255557,-0.684482,-0.112432,1.505719,0.001325,0.011962
20.600000,0.004399,0.021123,0.010603,-1.055157,-1.032928,1.603748,-1.520527,0.012055,-0.007791,-0.309663,-0.733040,-0.192111,1.493136,-0.002835,0.007255
20.633333,0.005980,0.017205,0.016750,-1.048270,-1.003947,1.596020,-1.513090,0.010811,-0.006069,-0.391339,-0.762231,-0.271790,1.473388,0.002962,-0.004271
20.666667,0.007766,0.022338,0.013126,-1.034455,-0.964260,1.609886,-1.509539,0.015127,-0.000558,-0.481773,-0.793347,-0.371790,1.442740,-0.000644,-0.008642
20.700000,0.003693,0.020765,0.014219,-1.031930,-0.932266,1.618946,-1.513162,0.011734,-0.002049,-0.581773,-0.831641,-0.471790,1.406414,-0.002356,-0.008745
20.733333,0.010905,0.021923,0.006632,-1.009289,-0.890851,1.629712,-1.499423,0.012185,-0.005014,-0.658075,-0.885191,-0.571790,1.358854,0.004526,-0.018552
20.766667,0.013466,0.024216,-0.001464,-0.991970,-0.880081,1.632648,-1.501242,0.013702,-0.007928,-0.694377,-0.949459,-0.671790,1.309903,0.005127,-0.016637
20.800000,0.010253,0.025119,-0.004776,-0.977231,-0.881933,1.649910,-1.505018,0.014547,-0.009675,-0.690679,-1.045576,-0.731790,1.243812,0.005568,-0.015769
20.833333,0.007419,0.018232,-0.002129,-0.974654,-0.874168,1.643012,-1.516126,0.014153,-0.013861,-0.646981,-1.126489,-0.751790,1.168340,0.005137,-0.006407
20.866667,0.010545,0.021319,-0.000173,-0.990708,-0.864622,1.636366,-1.514596,0.016903,-0.007972,-0.563284,-1.210605,-0.731790,1.090750,0.005435,-0.002160
20.900000,0.004076,0.021648,0.006002,-0.997493,-0.872107,1.636693,-1.529743,0.012057,-0.011788,-0.463284,-1.279085,-0.671790,0.990750,0.005098,0.001289
20.933333,0.001490,0.018859,0.012034,-1.001453,-0.867374,1.646638,-1.532264,0.011227,-0.009228,-0.363284,-1.328244,-0.571790,0.890750,0.004609,-0.000940
20.966667,0.007709,0.015602,0.014809,-0.979962,-0.888521,1.624548,-1.514755,0.017775,-0.011199,-0.303284,-1.337404,-0.511790,0.830750,0.008652,-0.002347
21.000000,0.018070,0.016592,0.017606,-0.935023,-0.943978,1.586618,-1.474211,0.017543,-0.005512,-0.283284,-1.321768,-0.491790,0.810750,0.005152,-0.000520
21.033333,0.017374,0.013933,0.014628,-0.856327,-0.993264,1.538637,-1.435539,0.014550,-0.013078,-0.303284,-1.266132,-0.511790,0.830750,0.002125,-0.004683
21.066667,0.016707,0.018483,0.010557,-0.776327,-1.026941,1.458637,-1.386864,0.015901,-0.010556,-0.335773,-1.186132,-0.571790,0.890750,0.004957,-0.004965
21.100000,0.020376,0.022127,0.007045,-0.676327,-1.053393,1.358637,-1.324907,0.009449,-0.010277,-0.368263,-1.115360,-0.671790,0.969367,0.004346,0.001211
21.133333,0.020567,0.026326,0.004035,-0.576327,-1.071120,1.258637,-1.284441,0.001539,-0.009705,-0.362924,-1.066865,-0.734070,1.024367,-0.002621,0.003220
21.166667,0.004814,0.029724,-0.010815,-0.476327,-1.068444,1.158637,-1.256542,0.002253,-0.021230,-0.341976,-1.018662,-0.783464,1.072579,0.000385,-0.008212
21.200000,0.005630,0.030614,-0.013791,-0.406911,-1.052465,1.058637,-1.239345,0.003642,-0.024751,-0.298022,-1.009543,-0.823686,1.110188,0.009742,0.000566
21.233333,0.006966,0.025574,-0.008842,-0.350058,-1.052182,0.958637,-1.236285,0.000014,-0.027345,-0.265058,-1.018891,-0.826501,1.123628,0.005284,0.000821
21.266667,0.000983,0.024825,-0.013049,-0.299687,-1.063750,0.860089,-1.250795,0.008330,-0.036389,-0.232622,-1.007608,-0.789316,1.130468,-0.005093,-0.000008
21.300000,-0.003372,0.031513,-0.013494,-0.289315,-1.054716,0.801541,-1.264958,0.010967,-0.029948,-0.228280,-1.014049,-0.767304,1.157821,-0.002266,0.008926
21.333333,0.006429,0.028881,-0.001187,-0.301944,-1.050936,0.764307,-1.288330,0.006726,-0.026082,-0.211694,-1.045245,-0.718177,1.151964,-0.002108,0.012845
21.366667,0.010905,0.028382,0.000916,-0.285410,-1.038858,0.727073,-1.283344,0.011516,-0.015665,-0.190548,-1.055041,-0.638222,1.116709,-0.017614,0.002901
21.400000,0.015182,0.038940,0.000403,-0.256315,-1.034263,0.689839,-1.265942,0.008334,-0.015276,-0.154776,-1.052210,-0.555675,1.065623,-0.024013,0.013312
21.433333,0.019600,0.036509,0.007293,-0.226308,-1.023556,0.651153,-1.241560,0.005899,-0.007899,-0.146678,-1.080781,-0.473128,1.009503,-0.015262,0.010157
21.466667,0.024042,0.032204,0.008553,-0.156301,-1.010393,0.572467,-1.196033,0.005993,-0.010038,-0.145016,-1.078023,-0.373128,0.925962,-0.017478,0.006867
21.500000,0.031711,0.030044,0.008002,-0.082306,-0.995465,0.472467,-1.128731,0.004490,-0.006427,-0.147024,-1.050217,-0.286758,0.851607,-0.015069,0.021638
21.533333,0.030393,0.029110,0.012453,-0.025094,-0.983918,0.372467,-1.061428,-0.001595,-0.011634,-0.151856,-1.019548,-0.200387,0.796943,-0.007866,0.026962
21.566667,0.036137,0.021692,0.016446,0.006345,-0.944381,0.272467,-0.978735,0.006965,-0.006106,-0.172831,-1.003507,-0.126864,0.769816,-0.004475,0.023057
21.600000,0.041456,0.023765,0.024468,0.011786,-0.895899,0.172467,-0.878735,0.010763,0.002173,-0.193985,-0.950665,-0.075530,0.747053,-0.008480,0.024634
21.633333,0.041733,0.017182,0.027170,-0.010930,-0.841228,0.072467,-0.780913,0.008859,-0.000232,-0.188395,-0.889152,-0.040396,0.714814,-0.011908,0.023988
21.666667,0.039160,0.018375,0.028899,-0.026584,-0.783325,0.000922,-0.703163,0.008325,0.000293,-0.201726,-0.834050,-0.012480,0.712744,-0.018430,0.008673
21.700000,0.046155,0.013780,0.026983,-0.041833,-0.731399,-0.068827,-0.658699,0.004522,-0.009942,-0.217125,-0.785787,-0.001046,0.698008,-0.022993,0.010417
21.733333,0.039919,0.010947,0.026124,-0.054458,-0.697208,-0.117503,-0.641902,0.000864,-0.012837,-0.218571,-0.725223,0.001606,0.671581,-0.022095,0.009750
21.766667,0.034087,0.011852,0.016817,-0.043083,-0.661455,-0.139128,-0.635134,0.004357,-0.009811,-0.208170,-0.670857,0.006961,0.653715,-0.027537,0.009999
21.800000,0.032182,0.020083,0.017692,-0.039682,-0.641768,-0.143593,-0.661811,0.006609,-0.000436,-0.208329,-0.650206,0.011023,0.650779,-0.025739,0.016748
21.833333,0.027121,0.017943,0.014561,-0.033453,-0.640789,-0.157522,-0.692706,0.007651,-0.005429,-0.197693,-0.644481,0.016302,0.633921,-0.020166,0.017480
21.866667,0.014687,0.017943,0.006087,-0.025122,-0.651086,-0.149481,-0.713725,0.019713,0.000062,-0.180368,-0.619656,0.017882,0.634158,-0.012155,0.019122
21.900000,0.017877,0.024967,0.003370,-0.026095,-0.654501,-0.139090,-0.734711,0.021279,-0.004115,-0.176392,-0.626662,0.013347,0.628850,-0.006830,0.023036
21.933333,0.017111,0.020963,0.006205,-0.041261,-0.677967,-0.135055,-0.770081,0.009997,-0.017411,-0.178775,-0.642206,0.017478,0.603634,0.002145,0.019555
21.966667,0.014154,0.020032,-0.005525,-0.057079,-0.694679,-0.108181,-0.809829,0.017393,-0.024652,-0.193387,-0.664036,0.015995,0.578524,0.009765,0.011656
22.000000,0.017018,0.026369,-0.006836,-0.094468,-0.717882,-0.060298,-0.865286,0.017727,-0.021301,-0.187637,-0.699547,-0.005023,0.527980,0.011535,0.019532
22.033333,0.021679,0.029567,-0.000631,-0.136531,-0.758646,-0.012986,-0.928784,0.013094,-0.015454,-0.194369,-0.764485,-0.011083,0.453317,0.007698,0.010866
22.066667,0.015341,0.031762,-0.006671,-0.179868,-0.816547,0.050903,-0.992162,0.008711,-0.010814,-0.191210,-0.829424,-0.012117,0.408352,0.001037,0.002425
22.100000,0.017816,0.034946,-0.005229,-0.237253,-0.886390,0.134097,-1.052720,0.010569,-0.006494,-0.192469,-0.906113,-0.036859,0.401664,0.002394,0.008295
22.133333,0.020370,0.030534,0.004912,-0.283630,-0.957093,0.217292,-1.093409,-0.002683,-0.007971,-0.175875,-0.966129,-0.041620,0.394682,-0.001138,0.008867
22.166667,0.018477,0.035340,0.006737,-0.315906,-1.009940,0.300487,-1.097041,-0.007595,-0.003426,-0.176032,-1.008501,-0.037565,0.421040,-0.010715,0.007412
22.200000,0.013617,0.036830,0.008790,-0.334265,-1.052006,0.400001,-1.086344,-0.006074,-0.004013,-0.169723,-1.049670,-0.047139,0.453518,-0.010210,0.018149
22.233333,0.021083,0.026207,0.013897,-0.332058,-1.079996,0.461134,-1.062182,-0.008213,-0.010274,-0.176717,-1.084449,-0.043737,0.473564,-0.004729,0.019281
22.266667,0.025921,0.026694,0.008851,-0.294040,-1.089600,0.484438,-1.016424,-0.000958,-0.008084,-0.172467,-1.110982,-0.016817,0.474535,-0.020433,0.012802
22.300000,0.030200,0.026632,0.005096,-0.235760,-1.111692,0.467742,-0.962555,0.004819,-0.010505,-0.178697,-1.120903,-0.018020,0.469532,-0.025490,0.013846
22.333333,0.032521,0.015994,0.009519,-0.181104,-1.129285,0.416237,-0.919978,0.014794,-0.009346,-0.186287,-1.152167,-0.003154,0.458857,-0.014124,0.008474
22.366667,0.041468,0.011306,0.008546,-0.141205,-1.134943,0.325219,-0.876568,0.009558,-0.007036,-0.207429,-1.166597,0.009167,0.477815,-0.021985,-0.004175
22.400000,0.038141,0.011612,0.005913,-0.098330,-1.139451,0.251600,-0.843598,0.015681,-0.004845,-0.212331,-1.179310,0.013220,0.469206,-0.021628,-0.004310
22.433333,0.033585,0.010813,0.012233,-0.066798,-1.130367,0.213222,-0.816352,0.009137,-0.010289,-0.220562,-1.170584,-0.005362,0.446256,-0.008067,-0.003609
22.466667,0.038011,0.010713,0.016510,-0.049380,-1.103967,0.214111,-0.792758,0.013925,-0.000326,-0.221632,-1.178559,-0.022528,0.443748,-0.009326,0.003168
22.500000,0.043377,0.014649,0.017993,-0.040885,-1.099921,0.209810,-0.776748,0.008691,-0.010385,-0.215359,-1.178456,-0.044642,0.441962,-0.009984,0.009153
22.533333,0.030628,0.016003,0.010081,-0.039095,-1.103967,0.218706,-0.784450,0.006976,-0.015063,-0.189616,-1.168626,-0.075023,0.444423,-0.000392,0.018147
22.566667,0.022086,0.027353,0.008689,-0.067122,-1.083239,0.248584,-0.807665,0.004684,-0.006205,-0.191908,-1.150875,-0.127394,0.486884,-0.005048,0.029821
22.600000,0.022998,0.030958,0.008374,-0.123804,-1.056804,0.281049,-0.865156,0.004577,0.001505,-0.202216,-1.145901,-0.186121,0.564486,-0.002829,0.037500
22.633333,0.013319,0.028232,0.000350,-0.200861,-1.034382,0.314247,-0.946974,-0.000346,-0.012148,-0.234308,-1.117511,-0.255014,0.652877,0.004845,0.029368
22.666667,0.011310,0.030374,-0.014782,-0.288779,-0.979947,0.387446,-1.046974,0.002453,-0.004792,-0.292051,-1.064290,-0.344678,0.752877,0.006648,0.026367
22.700000,0.015318,0.033601,-0.005083,-0.388779,-0.920102,0.487446,-1.146974,0.005238,-0.004111,-0.379063,-1.015064,-0.444678,0.852877,0.009774,0.027038
22.733333,0.021586,0.023432,-0.003879,-0.488779,-0.875898,0.587446,-1.246974,0.005874,-0.009688,-0.466468,-0.964145,-0.544678,0.952877,0.012403,0.015219
22.766667,0.016753,0.025085,-0.010397,-0.588779,-0.865120,0.687446,-1.332898,0.005762,-0.007396,-0.566468,-0.918431,-0.644678,1.052877,0.010078,0.011995
22.800000,0.016452,0.027148,-0.005951,-0.688779,-0.862652,0.787446,-1.415805,0.006914,-0.002765,-0.626468,-0.890467,-0.730812,1.152877,0.006315,0.012811
22.833333,0.014352,0.025486,0.004169,-0.765899,-0.869550,0.868812,-1.462328,0.000598,-0.005406,-0.646468,-0.890906,-0.776945,1.212877,0.007040,0.012832
22.866667,0.008070,0.028885,0.001155,-0.815063,-0.881100,0.933501,-1.478455,0.001153,-0.000812,-0.626468,-0.908271,-0.783079,1.232877,0.000365,0.005916
22.900000,0.003931,0.031194,0.003674,-0.834362,-0.907588,0.988888,-1.484303,0.002330,-0.004369,-0.566468,-0.942593,-0.749213,1.212877,0.002408,0.005587
22.933333,0.006961,0.023971,0.009030,-0.830235,-0.912014,1.009871,-1.481755,0.006387,-0.006463,-0.466468,-0.992348,-0.675346,1.152877,0.010309,0.006562
22.966667,0.008173,0.027316,0.004616,-0.790660,-0.920954,1.002459,-1.460296,0.002543,-0.004945,-0.382685,-1.043022,-0.575346,1.052877,0.005930,0.009002
23.000000,0.000176,0.025564,0.002512,-0.740422,-0.928787,0.996637,-1.448462,0.006840,-0.008351,-0.314903,-1.089505,-0.475346,0.952877,0.002101,0.007480
23.033333,0.013894,0.018602,0.003179,-0.696771,-0.926363,0.969734,-1.444009,0.001562,-0.015896,-0.270092,-1.136756,-0.375346,0.852877,0.001738,0.006508
23.066667,0.021115,0.016407,-0.002728,-0.660616,-0.903877,0.927156,-1.432060,0.003629,-0.008517,-0.248283,-1.176186,-0.275346,0.752877,-0.013971,0.008912
23.100000,0.023061,0.017202,-0.004648,-0.620638,-0.902644,0.895550,-1.418213,0.001951,-0.015917,-0.232923,-1.188705,-0.181120,0.652877,-0.018654,0.010004
23.133333,0.022642,0.011795,-0.000931,-0.602533,-0.886818,0.882593,-1.403288,0.000406,-0.018590,-0.229602,-1.193398,-0.126893,0.557219,-0.011569,0.001688
23.166667,0.034313,0.009287,-0.001140,-0.617973,-0.881718,0.884854,-1.413655,-0.007025,-0.023514,-0.247571,-1.192003,-0.112667,0.501561,-0.014771,0.000856
23.200000,0.028569,0.011613,-0.000067,-0.654781,-0.896280,0.923488,-1.424423,-0.004808,-0.023644,-0.282569,-1.176614,-0.138440,0.485903,-0.011400,0.005248
23.233333,0.024016,0.019729,0.007703,-0.713959,-0.920010,0.987099,-1.421194,-0.003167,-0.026653,-0.334565,-1.146419,-0.204214,0.510244,0.002098,0.003402
23.266667,0.032244,0.030055,0.014239,-0.800386,-0.921536,1.074143,-1.409073,0.001560,-0.007134,-0.420112,-1.142658,-0.304214,0.574586,-0.001402,0.002986
23.300000,0.030009,0.035497,0.019127,-0.889526,-0.954942,1.170933,-1.419957,0.007092,-0.000238,-0.517403,-1.128640,-0.404214,0.674586,-0.006088,0.008610
23.333333,0.021390,0.039898,0.013412,-0.957922,-0.971332,1.253353,-1.423275,0.017106,0.002833,-0.601400,-1.118052,-0.504214,0.774586,-0.000567,0.010885
23.366667,0.018275,0.046969,0.016115,-1.010437,-0.985187,1.337159,-1.414791,0.011640,0.010483,-0.650015,-1.120315,-0.604214,0.874586,-0.001289,0.013517
23.400000,0.018044,0.039390,0.016529,-1.032305,-1.009852,1.406641,-1.432837,0.006992,0.004714,-0.662368,-1.128215,-0.704214,0.974586,-0.000215,0.013483
23.433333,0.007126,0.033388,0.006387,-1.023387,-1.042040,1.453742,-1.457948,0.000327,-0.009607,-0.634722,-1.122249,-0.792302,1.043002,0.007623,0.012930
23.466667,0.009827,0.034000,-0.000125,-1.017458,-1.056629,1.485193,-1.471218,-0.001738,-0.015695,-0.567075,-1.149431,-0.840390,1.071419,0.008369,0.019124
23.500000,0.007664,0.031475,0.008306,-1.009476,-1.086162,1.512132,-1.462776,-0.005093,-0.014042,-0.475432,-1.181202,-0.848478,1.059835,0.009051,0.015713
23.533333,0.010185,0.027299,0.004283,-0.982885,-1.110797,1.511311,-1.469807,0.005559,-0.018610,-0.379171,-1.212121,-0.816567,1.008251,0.009165,0.011516
23.566667,0.007731,0.025470,0.003625,-0.981581,-1.132284,1.512295,-1.463225,0.008631,-0.008726,-0.295804,-1.237250,-0.744655,0.935451,0.002131,0.017056
23.600000,0.008543,0.020167,0.007962,-0.991155,-1.143128,1.511956,-1.455318,0.006184,-0.012686,-0.225363,-1.264805,-0.644655,0.855524,-0.002787,0.009623
23.633333,0.008183,0.017113,0.012932,-0.993035,-1.131572,1.506226,-1.438830,0.001002,-0.013874,-0.184043,-1.263890,-0.544655,0.798521,0.003349,-0.003241
23.666667,0.008817,0.021591,0.009159,-0.989138,-1.111415,1.509454,-1.419827,0.005512,-0.010516,-0.169048,-1.268345,-0.444655,0.760660,0.000023,-0.004770
23.700000,0.010748,0.019653,0.009754,-0.993891,-1.101223,1.500444,-1.396654,0.000602,-0.011690,-0.162840,-1.271268,-0.352356,0.736706,0.001836,-0.004454
23.733333,0.018019,0.018656,0.002981,-0.964004,-1.078193,1.464366,-1.352338,-0.002784,-0.016000,-0.179999,-1.297733,-0.288920,0.731437,0.005376,-0.014401
23.766667,0.021192,0.019542,-0.004961,-0.914027,-1.085557,1.411993,-1.295542,-0.000607,-0.016533,-0.192252,-1.312047,-0.259536,0.724878,0.005271,-0.007076
23.800000,0.018462,0.020084,-0.006541,-0.839612,-1.117694,1.340662,-1.219167,-0.001785,-0.014440,-0.213168,-1.333270,-0.269249,0.695395,0.003640,-0.003288
23.833333,0.019610,0.015346,-0.002543,-0.753773,-1.135432,1.241077,-1.136056,-0.001283,-0.015767,-0.230089,-1.335393,-0.288809,0.648058,0.002299,0.005723
23.866667,0.021759,0.019363,0.000397,-0.653773,-1.145931,1.141492,-1.036056,0.001288,-0.009506,-0.258483,-1.355131,-0.308481,0.605726,0.000664,0.010389
23.900000,0.017825,0.022065,0.006264,-0.553773,-1.163555,1.041492,-0.936056,-0.000054,-0.010579,-0.267905,-1.334869,-0.308522,0.525927,0.001809,0.018821
23.933333,0.014245,0.021448,0.013700,-0.473773,-1.161178,0.961492,-0.856056,-0.000475,-0.007309,-0.289306,-1.325259,-0.294511,0.466128,0.000172,0.019108
23.966667,0.016857,0.021211,0.013400,-0.413773,-1.154028,0.901492,-0.796056,0.002762,-0.004828,-0.292923,-1.323475,-0.261402,0.426329,-0.004672,0.022953
