time_sec,joint_pelvisYaw,joint_pelvisPitch,joint_pelvisRoll,joint_lShoulderPitch,joint_lShoulderRoll,joint_lShoulderYaw,joint_lElbow,joint_lWristRoll,joint_lWristPitch,joint_rShoulderPitch,joint_rShoulderRoll,joint_rShoulderYaw,joint_rElbow,joint_rWristRoll,joint_rWristPitch
0.000000,0.011492,0.017549,-0.007731,-0.203740,-0.966470,0.006488,-0.377692,-0.004104,-0.029037,-0.217387,-0.905658,-0.082623,0.172327,-0.003337,-0.015562
0.033333,0.020840,0.013389,0.000696,-0.178917,-0.931531,0.010239,-0.390235,0.007362,-0.023138,-0.214545,-0.873684,-0.107546,0.189668,0.002149,-0.010663
0.066667,0.016039,0.015896,-0.003454,-0.173515,-0.919484,0.017662,-0.396648,0.005697,-0.021457,-0.217134,-0.846108,-0.118474,0.214436,0.007197,-0.011441
0.100000,0.016971,0.016528,-0.007261,-0.168781,-0.896178,0.022515,-0.406365,-0.000194,-0.019061,-0.211676,-0.823430,-0.135099,0.225321,0.006621,-0.008949
0.133333,0.011946,0.019377,-0.011683,-0.182098,-0.898769,0.015757,-0.414538,-0.008787,-0.018898,-0.209008,-0.806032,-0.115516,0.231387,0.000247,-0.004805
0.166667,-0.006385,0.020546,-0.028976,-0.173536,-0.890396,0.028176,-0.415568,-0.008162,-0.032279,-0.204003,-0.776392,-0.109843,0.223506,0.004794,-0.009756
0.200000,-0.004369,0.023032,-0.034186,-0.177485,-0.872632,0.038183,-0.410565,-0.002462,-0.032737,-0.202797,-0.758588,-0.116343,0.198977,0.008024,-0.001625
0.233333,0.001467,0.019825,-0.031413,-0.178268,-0.875352,0.024877,-0.413685,-0.002062,-0.033208,-0.199633,-0.752788,-0.093028,0.147817,0.004296,-0.002574
0.266667,-0.005070,0.020501,-0.037327,-0.159154,-0.902621,-0.001757,-0.405037,0.011044,-0.041783,-0.191305,-0.722088,-0.050569,0.095074,-0.003365,0.000995
0.300000,-0.006964,0.029028,-0.038265,-0.158784,-0.913401,-0.000529,-0.391081,0.011576,-0.035513,-0.197524,-0.712625,-0.045055,0.066556,-0.003011,0.005057
0.333333,0.004568,0.028676,-0.025283,-0.174978,-0.935365,-0.017674,-0.379886,0.009897,-0.026584,-0.196951,-0.723329,-0.031868,0.030687,-0.004946,0.003334
0.366667,0.008347,0.026708,-0.021433,-0.170938,-0.951809,-0.034921,-0.352909,0.011425,-0.014857,-0.199068,-0.716727,-0.019903,0.023279,-0.011745,-0.005593
0.400000,0.008125,0.037342,-0.020838,-0.174899,-0.970146,-0.027107,-0.332338,0.007828,-0.014705,-0.183221,-0.703681,-0.039219,0.041599,-0.018259,0.006509
0.433333,0.014125,0.035653,-0.010556,-0.200984,-0.987754,-0.009185,-0.321330,0.000876,-0.007101,-0.189239,-0.730635,-0.054054,0.092603,-0.006333,-0.000882
0.466667,0.019874,0.031396,-0.008032,-0.200544,-1.010856,-0.006704,-0.321652,0.001605,-0.013099,-0.189470,-0.743469,-0.056218,0.143922,-0.001835,-0.006112
0.500000,0.025998,0.032567,-0.007511,-0.203213,-1.043205,-0.003396,-0.332442,-0.003440,-0.009071,-0.176471,-0.739037,-0.069704,0.226612,0.002326,0.008248
0.533333,0.021324,0.034691,-0.004649,-0.201243,-1.088388,0.006592,-0.361456,-0.009747,-0.017973,-0.155329,-0.749916,-0.058344,0.320841,0.005447,0.009370
0.566667,0.027355,0.030355,-0.000735,-0.203219,-1.116196,-0.003474,-0.381581,-0.000750,-0.012620,-0.141691,-0.777249,-0.029257,0.418062,0.011695,0.000289
0.600000,0.029121,0.034042,0.004641,-0.201559,-1.134330,-0.000374,-0.400768,0.002021,-0.004030,-0.118898,-0.775643,-0.016013,0.518062,0.007531,0.004792
0.633333,0.024551,0.029208,0.002868,-0.201082,-1.144255,-0.001339,-0.434082,-0.000226,-0.001138,-0.066151,-0.748156,0.016649,0.618062,0.000398,0.005496
0.666667,0.019823,0.027822,0.003923,-0.186661,-1.141230,0.017899,-0.446405,0.004283,-0.001349,-0.046853,-0.742177,0.039606,0.718062,-0.002491,-0.008666
0.700000,0.024946,0.023352,0.001466,-0.181091,-1.146473,0.023520,-0.464536,0.001525,-0.010009,-0.031678,-0.722673,0.024410,0.818062,-0.002993,-0.013164
0.733333,0.016946,0.018388,-0.000376,-0.174153,-1.161311,0.040908,-0.487725,-0.003883,-0.013926,-0.008951,-0.683492,-0.016253,0.918062,-0.002436,-0.013286
0.766667,0.009130,0.018994,-0.009889,-0.156275,-1.165546,0.059969,-0.490755,-0.004150,-0.012280,0.031746,-0.635843,-0.079002,1.018062,-0.004888,-0.015287
0.800000,0.008504,0.025021,-0.007324,-0.163738,-1.179111,0.075574,-0.473522,-0.002374,-0.005254,0.058427,-0.628193,-0.159773,1.087278,0.000211,-0.010135
0.833333,0.003581,0.022967,-0.009764,-0.168056,-1.198812,0.065908,-0.478090,-0.001147,-0.008837,0.088800,-0.628301,-0.222023,1.122209,0.004565,-0.008098
0.866667,-0.007790,0.021219,-0.019631,-0.160957,-1.198560,0.069030,-0.481401,0.008888,-0.005186,0.093261,-0.626280,-0.244274,1.117141,0.013040,0.000160
0.900000,-0.005317,0.028210,-0.021984,-0.159106,-1.170582,0.070051,-0.491368,0.011472,-0.005055,0.065209,-0.658313,-0.233720,1.072073,0.017861,0.005267
0.933333,-0.005362,0.023369,-0.021977,-0.162992,-1.139767,0.057383,-0.532301,0.005047,-0.018881,0.004887,-0.706638,-0.190667,0.987005,0.024978,0.001548
0.966667,-0.005470,0.023146,-0.035497,-0.151574,-1.089385,0.067679,-0.581104,0.017697,-0.025878,-0.081311,-0.754963,-0.142399,0.892721,0.029736,-0.005824
1.000000,0.002320,0.028594,-0.037638,-0.150290,-1.036972,0.080571,-0.621493,0.017778,-0.022052,-0.141807,-0.801773,-0.116505,0.792721,0.032052,0.002827
1.033333,0.005602,0.033257,-0.030256,-0.148588,-1.015345,0.073980,-0.650657,0.011032,-0.018468,-0.187957,-0.861672,-0.094484,0.692721,0.020511,-0.005343
1.066667,0.000124,0.035468,-0.034570,-0.141725,-1.029225,0.066012,-0.643621,0.007716,-0.017324,-0.218505,-0.916179,-0.086218,0.592721,0.015300,-0.009592
1.100000,0.003150,0.038753,-0.030247,-0.154296,-1.073659,0.082684,-0.622916,0.010291,-0.012515,-0.237495,-0.974689,-0.104229,0.492721,0.015057,-0.000718
1.133333,0.005510,0.033485,-0.018212,-0.165010,-1.127760,0.062330,-0.590577,-0.006431,-0.012301,-0.231529,-1.016488,-0.108791,0.392721,0.006493,0.000996
1.166667,0.002058,0.039605,-0.016463,-0.172323,-1.177341,0.064652,-0.546835,-0.010564,-0.013240,-0.238086,-1.038065,-0.106273,0.313653,-0.003991,-0.000879
1.200000,0.000914,0.037500,-0.012523,-0.187619,-1.217312,0.078295,-0.514412,-0.003782,-0.014903,-0.230262,-1.054290,-0.121487,0.251244,-0.003718,0.009386
1.233333,0.008577,0.024751,-0.007290,-0.196136,-1.234125,0.083910,-0.512794,-0.006065,-0.018496,-0.222552,-1.069660,-0.127097,0.228835,-0.003853,0.005960
1.266667,0.013071,0.022766,-0.011359,-0.184317,-1.229710,0.065423,-0.493879,0.001404,-0.013342,-0.206901,-1.074051,-0.112561,0.237844,-0.018043,-0.000239
1.300000,0.017062,0.023251,-0.013596,-0.171125,-1.237730,0.073632,-0.498991,0.005755,-0.016970,-0.194892,-1.055154,-0.126068,0.286502,-0.018702,0.001332
1.333333,0.017668,0.011282,-0.007035,-0.168298,-1.236904,0.061029,-0.524604,0.010511,-0.015657,-0.180190,-1.060731,-0.120485,0.354228,-0.008649,-0.005264
1.366667,0.025397,0.008725,-0.006824,-0.166535,-1.230097,0.043955,-0.543462,0.004780,-0.011392,-0.184072,-1.054876,-0.114692,0.445294,-0.015599,-0.020409
1.400000,0.018809,0.010782,-0.008330,-0.163227,-1.236271,0.049981,-0.563646,0.012546,-0.007773,-0.167739,-1.049133,-0.122210,0.503572,-0.014310,-0.019240
1.433333,0.016335,0.012315,-0.001725,-0.154432,-1.232795,0.079619,-0.592820,0.002649,-0.015579,-0.158642,-1.031482,-0.155721,0.552028,-0.000484,-0.022379
1.466667,0.020336,0.013460,0.002724,-0.140122,-1.219288,0.119586,-0.599639,0.008974,-0.007068,-0.154529,-1.040857,-0.195225,0.588172,-0.001727,-0.014728
1.500000,0.024733,0.018644,0.004428,-0.129871,-1.230876,0.151182,-0.614612,0.003101,-0.013928,-0.155154,-1.051114,-0.260901,0.624315,-0.003731,-0.010713
1.533333,0.012451,0.020577,-0.006007,-0.123940,-1.257434,0.200688,-0.645558,0.000591,-0.020342,-0.146054,-1.061167,-0.345181,0.657527,0.004843,0.000259
1.566667,0.006521,0.031812,-0.008642,-0.143009,-1.261623,0.255801,-0.672080,-0.003077,-0.014114,-0.172657,-1.077356,-0.444805,0.723526,0.003759,0.011146
1.600000,0.004961,0.033198,-0.007545,-0.180115,-1.283375,0.311404,-0.689614,-0.001920,-0.006857,-0.217724,-1.133545,-0.544805,0.799385,0.002445,0.019023
1.633333,-0.008147,0.028745,-0.014012,-0.218979,-1.314168,0.361126,-0.719931,-0.005437,-0.019620,-0.279121,-1.172562,-0.644805,0.869570,0.007953,0.006835
1.666667,-0.007821,0.027949,-0.027431,-0.247679,-1.320934,0.440030,-0.720068,0.004798,-0.013685,-0.353223,-1.209850,-0.744805,0.939755,0.008901,0.007025
1.700000,-0.002247,0.028599,-0.013843,-0.284141,-1.320391,0.521097,-0.713697,0.006245,-0.011261,-0.440850,-1.247003,-0.844805,0.989559,0.018653,0.007414
1.733333,0.003438,0.017072,-0.010619,-0.293441,-1.330887,0.573107,-0.698601,0.004845,-0.019693,-0.513997,-1.269686,-0.944805,1.012482,0.019876,-0.004059
1.766667,0.000948,0.019560,-0.016178,-0.302217,-1.343504,0.625116,-0.696228,0.002953,-0.018836,-0.565339,-1.262634,-1.044805,1.043950,0.022259,-0.007140
1.800000,0.002836,0.019560,-0.011934,-0.314243,-1.353004,0.654609,-0.699342,-0.001461,-0.015984,-0.596282,-1.259525,-1.144805,1.064578,0.023261,-0.002728
1.833333,-0.000826,0.019193,-0.001860,-0.330275,-1.354865,0.660498,-0.707699,-0.011961,-0.016168,-0.618482,-1.236176,-1.244805,1.058499,0.026384,-0.003244
1.866667,-0.008123,0.024400,-0.005632,-0.337823,-1.346439,0.672947,-0.704223,-0.012969,-0.008329,-0.616381,-1.202855,-1.344805,1.061616,0.018100,-0.011302
1.900000,-0.007749,0.026631,-0.003417,-0.349777,-1.349287,0.714124,-0.721761,-0.009146,-0.011446,-0.611113,-1.162930,-1.441238,1.079504,0.020466,-0.009578
1.933333,-0.008551,0.020851,0.000940,-0.366794,-1.337085,0.733426,-0.750575,-0.002417,-0.011979,-0.593291,-1.115939,-1.505664,1.090551,0.021029,-0.008264
1.966667,-0.010766,0.029158,-0.004841,-0.400461,-1.329220,0.781125,-0.783472,-0.004236,-0.009989,-0.555870,-1.055152,-1.562519,1.130776,0.018826,-0.005398
2.000000,-0.017670,0.031443,-0.007631,-0.434187,-1.332515,0.852429,-0.833176,-0.004232,-0.018745,-0.493221,-0.980548,-1.603338,1.197708,0.020248,-0.007284
2.033333,-0.005741,0.029559,-0.008482,-0.467571,-1.329370,0.930223,-0.886318,-0.008204,-0.029733,-0.421217,-0.902673,-1.635248,1.278757,0.020631,-0.008499
2.066667,-0.005240,0.030859,-0.016547,-0.508643,-1.307096,0.994219,-0.926015,-0.008864,-0.022754,-0.326861,-0.805873,-1.649802,1.371533,0.008737,-0.006859
2.100000,-0.001371,0.033160,-0.019172,-0.528490,-1.302993,1.043263,-0.960783,-0.015133,-0.029907,-0.226861,-0.705873,-1.674930,1.448871,0.006964,-0.004909
2.133333,0.004658,0.024853,-0.015051,-0.519944,-1.276617,1.052307,-0.975877,-0.018227,-0.029883,-0.126861,-0.605873,-1.667629,1.496735,0.009570,-0.016356
2.166667,0.016225,0.019836,-0.016801,-0.502859,-1.244699,1.021351,-1.001186,-0.022675,-0.033360,-0.066861,-0.543301,-1.636364,1.521664,0.000140,-0.019342
2.200000,0.012836,0.015852,-0.013383,-0.479967,-1.230878,0.950394,-1.038968,-0.017923,-0.033970,-0.046861,-0.506687,-1.574009,1.535310,0.000835,-0.013295
2.233333,0.014659,0.020273,-0.003436,-0.441801,-1.206494,0.853567,-1.084158,-0.015075,-0.036520,-0.066861,-0.497533,-1.492577,1.530287,0.010755,-0.012488
2.266667,0.030846,0.030467,0.001953,-0.414427,-1.150184,0.753567,-1.146918,-0.005356,-0.017808,-0.125607,-0.528380,-1.392577,1.532565,0.002941,-0.008898
2.300000,0.030686,0.034103,0.005427,-0.387993,-1.094739,0.653567,-1.229351,0.000723,-0.017047,-0.216405,-0.559226,-1.292577,1.544318,-0.002371,-0.002164
2.333333,0.022838,0.037268,-0.004329,-0.360456,-1.034656,0.553567,-1.303420,0.013090,-0.014056,-0.279824,-0.576149,-1.192577,1.559006,0.001671,0.001623
2.366667,0.020237,0.047437,-0.007610,-0.351256,-0.962232,0.453567,-1.345659,0.007356,-0.002063,-0.326577,-0.585104,-1.092577,1.564977,0.001053,0.003625
2.400000,0.020472,0.041242,-0.010020,-0.332400,-0.908933,0.365770,-1.353934,0.002335,-0.006421,-0.348578,-0.578117,-0.992577,1.570000,0.002193,0.002430
2.433333,0.005611,0.034120,-0.021081,-0.307131,-0.875827,0.308244,-1.325570,-0.004453,-0.019475,-0.346284,-0.547218,-0.892577,1.563956,0.013308,-0.001160
2.466667,0.002325,0.035354,-0.029817,-0.295983,-0.857529,0.259162,-1.257207,-0.004043,-0.020526,-0.311938,-0.532433,-0.792577,1.554280,0.011795,0.008686
2.500000,0.000294,0.032935,-0.019208,-0.285887,-0.848786,0.222007,-1.157207,-0.008269,-0.014377,-0.278264,-0.522610,-0.692577,1.538885,0.010110,0.007208
2.533333,-0.000440,0.026205,-0.021489,-0.246962,-0.849421,0.204044,-1.057207,-0.001832,-0.016930,-0.236002,-0.523532,-0.592577,1.512384,0.007782,0.005522
2.566667,-0.005544,0.022652,-0.023167,-0.240222,-0.852154,0.201748,-0.957207,0.003489,-0.005692,-0.198822,-0.534388,-0.492577,1.504295,-0.001188,0.008945
2.600000,-0.010153,0.016320,-0.018964,-0.236815,-0.834695,0.187705,-0.857207,0.003541,-0.010350,-0.157701,-0.554826,-0.392577,1.494103,-0.006082,0.003348
2.633333,-0.008600,0.012677,-0.011808,-0.235271,-0.801504,0.185586,-0.775289,0.000014,-0.008734,-0.146026,-0.567414,-0.292577,1.485065,-0.002159,-0.011292
2.666667,-0.007826,0.015814,-0.015657,-0.234049,-0.768847,0.211540,-0.712051,0.002058,-0.004532,-0.141557,-0.591536,-0.197771,1.479893,-0.005550,-0.015833
2.700000,-0.008230,0.012380,-0.013541,-0.242688,-0.743105,0.218302,-0.670206,0.000160,-0.010312,-0.126955,-0.626914,-0.116693,1.486357,-0.002760,-0.016994
2.733333,0.000095,0.011814,-0.019406,-0.231385,-0.714924,0.222917,-0.631006,-0.001925,-0.016829,-0.132023,-0.680837,-0.075615,1.491883,0.002766,-0.023680
2.766667,0.002236,0.013667,-0.026474,-0.238186,-0.726743,0.235009,-0.619019,-0.002741,-0.019663,-0.166581,-0.747862,-0.074536,1.485556,0.001722,-0.021981
2.800000,-0.000294,0.014282,-0.027511,-0.247507,-0.778563,0.266731,-0.615735,-0.001697,-0.019486,-0.211693,-0.837944,-0.113458,1.461707,-0.001110,-0.019389
2.833333,-0.004040,0.008593,-0.022261,-0.263265,-0.850978,0.298454,-0.618399,-0.003349,-0.027329,-0.276306,-0.906042,-0.187185,1.419709,-0.001426,-0.010422
2.866667,-0.001846,0.013105,-0.019130,-0.291025,-0.929842,0.341856,-0.620105,-0.003810,-0.019191,-0.376306,-0.974151,-0.287185,1.380659,-0.005518,-0.007312
2.900000,-0.007550,0.014218,-0.012400,-0.306542,-1.029842,0.397776,-0.650577,-0.007856,-0.022365,-0.453028,-1.014817,-0.387185,1.304136,-0.005515,-0.007993
2.933333,-0.007657,0.010929,-0.004610,-0.306449,-1.127594,0.447698,-0.673835,-0.007647,-0.020553,-0.509750,-1.036712,-0.487185,1.246721,-0.005716,-0.010920
2.966667,0.000407,0.014778,0.002709,-0.317691,-1.197988,0.497620,-0.710308,-0.012369,-0.021281,-0.526473,-1.027286,-0.587185,1.229307,0.008716,-0.012902
3.000000,0.011469,0.022088,0.008965,-0.345012,-1.268381,0.547542,-0.762153,-0.024398,-0.008724,-0.503195,-0.999843,-0.687185,1.251892,0.014591,-0.016235
3.033333,0.010336,0.025207,0.010190,-0.384234,-1.324413,0.625784,-0.833563,-0.037544,-0.015489,-0.439917,-0.932400,-0.787185,1.291001,0.027238,-0.021010
3.066667,0.005232,0.035539,0.011090,-0.452883,-1.360444,0.705784,-0.873563,-0.050327,-0.008878,-0.359917,-0.852400,-0.887185,1.370088,0.038650,-0.023267
3.100000,0.005450,0.042289,0.011099,-0.502310,-1.378121,0.774849,-0.893563,-0.069652,-0.005558,-0.259917,-0.763311,-0.947185,1.450066,0.046799,-0.018537
3.133333,-0.006568,0.043678,0.007270,-0.512913,-1.403759,0.803915,-0.873563,-0.077837,-0.006262,-0.159917,-0.693956,-0.967185,1.510044,0.043929,-0.017879
3.166667,-0.028325,0.043892,-0.009865,-0.483517,-1.409397,0.792981,-0.813563,-0.074476,-0.022633,-0.059917,-0.655212,-0.947185,1.550022,0.050728,-0.024327
3.200000,-0.029524,0.042760,-0.016046,-0.423256,-1.397953,0.742046,-0.713563,-0.067091,-0.023471,0.040083,-0.656468,-0.927185,1.570000,0.052905,-0.015427
3.233333,-0.025291,0.036711,-0.014100,-0.343646,-1.397953,0.651112,-0.613563,-0.063347,-0.027383,0.140083,-0.697724,-0.891004,1.570000,0.048595,-0.011868
3.266667,-0.030123,0.035395,-0.020218,-0.264036,-1.398556,0.551112,-0.547824,-0.047400,-0.036623,0.200083,-0.768069,-0.894824,1.561201,0.035144,-0.010832
3.300000,-0.026348,0.041409,-0.022650,-0.222711,-1.397754,0.451431,-0.522084,-0.036780,-0.028266,0.220083,-0.858680,-0.938643,1.561201,0.028079,0.000957
3.333333,-0.009035,0.037254,-0.009992,-0.194811,-1.395844,0.365789,-0.522667,-0.034053,-0.017281,0.200083,-0.958680,-1.022462,1.541201,0.017905,0.004599
3.366667,-0.002691,0.034043,-0.005735,-0.177258,-1.385377,0.289141,-0.525480,-0.025170,-0.004314,0.140083,-1.058680,-1.068605,1.501201,0.000890,-0.001419
3.400000,0.000778,0.042879,-0.006267,-0.175171,-1.383466,0.234059,-0.556731,-0.023443,-0.001933,0.040083,-1.140204,-1.090929,1.441201,-0.010498,0.009055
3.433333,0.007913,0.038391,0.002555,-0.194046,-1.382093,0.192526,-0.575016,-0.025141,0.007454,-0.059917,-1.221728,-1.073253,1.370000,-0.001317,0.003568
3.466667,0.013865,0.032094,0.004544,-0.191979,-1.376091,0.178877,-0.579901,-0.025010,0.005514,-0.156201,-1.287827,-1.015578,1.270000,0.002857,-0.003848
3.500000,0.017824,0.031395,0.003584,-0.204410,-1.378002,0.172789,-0.585527,-0.024987,0.007871,-0.223437,-1.318639,-0.917902,1.170000,0.006171,0.008323
3.533333,0.016429,0.030769,0.005536,-0.210402,-1.398329,0.172206,-0.605485,-0.030077,-0.001165,-0.278322,-1.343834,-0.817902,1.070000,0.013186,0.008684
3.566667,0.020878,0.024233,0.008593,-0.212566,-1.400240,0.165443,-0.622471,-0.020595,0.004753,-0.333208,-1.372575,-0.757901,0.970000,0.015798,-0.000737
3.600000,0.021638,0.029444,0.014650,-0.212046,-1.401613,0.164185,-0.636268,-0.012409,0.014178,-0.388093,-1.377319,-0.737902,0.910000,0.008249,0.001387
3.633333,0.019461,0.024022,0.014743,-0.204824,-1.392534,0.145718,-0.663466,-0.015049,0.012325,-0.446694,-1.357487,-0.757901,0.890000,0.004618,-0.001612
3.666667,0.017002,0.024515,0.015914,-0.186442,-1.371694,0.145650,-0.686559,-0.014517,0.013556,-0.534343,-1.361675,-0.817901,0.910000,0.001400,-0.016792
3.700000,0.022491,0.021152,0.012795,-0.177420,-1.347576,0.136945,-0.733093,-0.016980,0.004948,-0.634343,-1.365999,-0.917901,0.970000,0.001680,-0.019577
3.733333,0.017970,0.016843,0.010525,-0.171298,-1.329163,0.134722,-0.793777,-0.020871,0.002018,-0.732888,-1.352988,-1.017901,1.057201,0.008626,-0.019564
3.766667,0.013521,0.017304,-0.000581,-0.150245,-1.294781,0.134653,-0.867629,-0.021442,0.001250,-0.791432,-1.335874,-1.117901,1.107437,0.007968,-0.018799
3.800000,0.011687,0.025589,0.001124,-0.148982,-1.273449,0.131097,-0.941480,-0.016286,0.011290,-0.809976,-1.358761,-1.217901,1.117673,0.007718,-0.010657
3.833333,0.006043,0.023286,-0.002029,-0.141181,-1.266649,0.099176,-1.032372,-0.012776,0.004817,-0.788520,-1.374025,-1.304850,1.087909,0.012760,-0.006615
3.866667,-0.005064,0.022059,-0.010273,-0.112091,-1.251946,0.074189,-1.105659,-0.001186,0.008031,-0.727064,-1.354769,-1.351798,1.018144,0.018603,-0.000064
3.900000,-0.004612,0.029881,-0.011834,-0.075270,-1.219743,0.041584,-1.168265,0.000992,0.002602,-0.627064,-1.348598,-1.358747,0.921178,0.021046,0.003770
3.933333,-0.007133,0.025588,-0.010297,-0.049092,-1.197729,-0.001056,-1.222183,-0.004262,-0.009521,-0.527064,-1.330525,-1.325695,0.821178,0.029587,-0.000729
3.966667,-0.009320,0.023522,-0.024169,-0.023455,-1.165161,-0.011205,-1.249515,0.004562,-0.017567,-0.434752,-1.303878,-1.252644,0.759233,0.036383,-0.006810
4.000000,-0.002826,0.029433,-0.025053,-0.013788,-1.140986,-0.009783,-1.240516,0.002428,-0.013490,-0.347848,-1.271743,-1.152644,0.726350,0.038063,-0.000263
4.033333,0.001564,0.034808,-0.017639,-0.018950,-1.147615,-0.017628,-1.218036,-0.006128,-0.006995,-0.288330,-1.269213,-1.052644,0.712281,0.029441,-0.006105
4.066667,-0.002724,0.037719,-0.022601,-0.032342,-1.179016,-0.004559,-1.169243,-0.011793,-0.002112,-0.268812,-1.274836,-0.952644,0.738213,0.022777,-0.010885
4.100000,0.000888,0.040226,-0.017815,-0.064399,-1.220572,0.037340,-1.114494,-0.013392,0.003306,-0.289294,-1.297164,-0.885042,0.804144,0.023145,0.000038
4.133333,0.003193,0.036073,-0.004706,-0.087620,-1.256205,0.049709,-1.064976,-0.024953,0.003319,-0.331728,-1.305464,-0.854635,0.863541,0.013167,0.001086
4.166667,-0.000919,0.041751,-0.002585,-0.102501,-1.273548,0.078871,-1.022309,-0.027520,0.005822,-0.398707,-1.307010,-0.864227,0.930973,0.003493,0.001744
4.200000,-0.005908,0.039293,0.001095,-0.111115,-1.275831,0.122868,-1.010728,-0.022977,0.004333,-0.475696,-1.304128,-0.913820,1.018756,0.002550,0.009948
4.233333,0.003480,0.025804,0.006997,-0.114078,-1.259025,0.143617,-1.030671,-0.022424,-0.003160,-0.552684,-1.301792,-1.003413,1.106538,0.005767,0.009759
4.266667,0.006612,0.025299,0.002743,-0.089214,-1.231692,0.136915,-1.046061,-0.015467,0.001567,-0.625265,-1.304776,-1.100608,1.194321,-0.009477,0.000551
4.300000,0.009320,0.024595,-0.000343,-0.061226,-1.220734,0.135950,-1.082804,-0.016320,-0.003306,-0.699446,-1.293627,-1.200607,1.290583,-0.009214,0.004101
4.333333,0.010815,0.013537,0.005344,-0.045040,-1.204320,0.106580,-1.142695,-0.011883,-0.002668,-0.764952,-1.313611,-1.300607,1.384816,-0.001747,-0.004389
4.366667,0.021599,0.010619,0.004738,-0.036609,-1.181201,0.062724,-1.180268,-0.014651,0.000937,-0.822437,-1.321553,-1.400607,1.460867,-0.006996,-0.021152
4.400000,0.013120,0.013012,0.003710,-0.023546,-1.168755,0.032298,-1.214776,-0.007809,0.005863,-0.854435,-1.334176,-1.500607,1.514866,-0.009632,-0.019437
4.433333,0.012506,0.011986,0.009608,-0.013883,-1.147486,0.026285,-1.240768,-0.014483,-0.000096,-0.866642,-1.324774,-1.600608,1.535100,0.003011,-0.020359
4.466667,0.018943,0.013337,0.013079,-0.000893,-1.121210,0.040837,-1.236131,-0.005535,0.005919,-0.865914,-1.330821,-1.697682,1.525475,0.001700,-0.016862
4.500000,0.023245,0.016640,0.016133,0.013231,-1.116749,0.043793,-1.229012,-0.008062,-0.004363,-0.859627,-1.326590,-1.776877,1.501336,-0.000325,-0.011722
4.533333,0.008792,0.018764,0.006483,0.026525,-1.126621,0.048596,-1.231774,-0.012080,-0.010774,-0.841350,-1.317822,-1.836161,1.479381,0.006776,0.001468
4.566667,0.003911,0.029094,0.002206,0.014651,-1.117481,0.060646,-1.230770,-0.018350,-0.001826,-0.833934,-1.314858,-1.876695,1.472000,0.007595,0.011767
4.600000,0.004459,0.031229,0.002032,-0.008838,-1.131931,0.065259,-1.226207,-0.018001,0.004381,-0.826880,-1.338131,-1.897379,1.460230,0.011405,0.017383
4.633333,-0.005811,0.027139,-0.004609,-0.027437,-1.154885,0.052291,-1.228336,-0.019341,-0.003202,-0.824689,-1.348685,-1.884526,1.446299,0.015681,0.009702
4.666667,-0.003315,0.027599,-0.019943,-0.037520,-1.163632,0.079323,-1.203068,-0.013139,0.004863,-0.820236,-1.362062,-1.880149,1.445183,0.021151,0.009990
4.700000,0.002637,0.028445,-0.008064,-0.058121,-1.169423,0.116451,-1.172510,-0.009711,0.006231,-0.821987,-1.380867,-1.877782,1.425335,0.025806,0.011381
4.733333,0.008940,0.017983,-0.004568,-0.045998,-1.186221,0.131000,-1.127305,-0.006313,-0.002235,-0.815762,-1.385588,-1.857273,1.374328,0.028644,0.000152
4.766667,0.005515,0.020496,-0.009955,-0.043879,-1.210741,0.154198,-1.082654,-0.007660,-0.002553,-0.793373,-1.374358,-1.816615,1.356082,0.026785,0.001252
4.800000,0.006843,0.020496,-0.005754,-0.055679,-1.234076,0.163302,-1.021941,-0.011002,-0.002397,-0.747816,-1.371457,-1.772420,1.329855,0.030583,0.004834
4.833333,0.003087,0.020557,0.003955,-0.075461,-1.243747,0.146653,-0.957437,-0.018275,-0.004251,-0.688801,-1.347003,-1.697628,1.270259,0.031537,0.006023
4.866667,-0.004372,0.025353,0.000379,-0.085030,-1.237727,0.131443,-0.870664,-0.016427,0.001050,-0.606199,-1.308523,-1.600736,1.206230,0.024388,-0.000832
4.900000,-0.005758,0.027687,0.002205,-0.101397,-1.238732,0.132486,-0.807965,-0.016338,-0.002328,-0.506199,-1.267483,-1.500736,1.175314,0.025087,-0.000493
4.933333,-0.005103,0.022942,0.006293,-0.111738,-1.208946,0.096930,-0.784712,-0.013992,-0.004192,-0.406199,-1.237733,-1.400736,1.146506,0.030034,0.000128
4.966667,-0.004571,0.030196,-0.000887,-0.104650,-1.173602,0.056277,-0.801459,-0.015935,-0.001375,-0.319853,-1.198859,-1.300736,1.157698,0.019437,0.002907
5.000000,-0.011047,0.030148,-0.005987,-0.092578,-1.139677,0.018786,-0.858206,-0.015211,-0.006056,-0.253447,-1.171974,-1.200736,1.190511,0.013024,0.000063
5.033333,0.004429,0.026647,-0.007547,-0.092867,-1.097546,-0.035960,-0.954953,-0.021306,-0.015233,-0.227040,-1.165643,-1.100736,1.263323,0.013022,-0.002256
5.066667,0.011229,0.027449,-0.015440,-0.119083,-1.030250,-0.094340,-1.054953,-0.018318,-0.008081,-0.240634,-1.157454,-1.000736,1.341656,-0.005720,0.001875
5.100000,0.012548,0.028713,-0.017972,-0.140593,-0.981167,-0.136928,-1.154953,-0.016831,-0.016624,-0.294228,-1.127688,-0.940736,1.409847,-0.014929,0.000333
5.133333,0.014418,0.021459,-0.013201,-0.174924,-0.918263,-0.147546,-1.254953,-0.019516,-0.020540,-0.374167,-1.096826,-0.920736,1.458252,-0.008733,-0.012323
5.166667,0.025025,0.018490,-0.012100,-0.215948,-0.852561,-0.163787,-1.354953,-0.023169,-0.026458,-0.474167,-1.066854,-0.940736,1.509583,-0.012627,-0.016058
5.200000,0.020990,0.016724,-0.008567,-0.246055,-0.808764,-0.160294,-1.437839,-0.018204,-0.024821,-0.574167,-1.035174,-1.000736,1.542604,-0.009021,-0.012548
5.233333,0.015404,0.021455,0.001196,-0.247598,-0.778633,-0.139439,-1.489143,-0.017327,-0.031936,-0.674167,-1.001327,-1.100736,1.555624,0.007294,-0.015430
5.266667,0.031542,0.031368,0.007909,-0.255949,-0.731944,-0.125796,-1.504179,-0.013242,-0.014879,-0.774167,-0.998508,-1.180786,1.562075,0.004603,-0.010582
5.300000,0.032106,0.035963,0.014178,-0.258249,-0.720591,-0.135402,-1.519214,-0.011050,-0.010279,-0.869948,-0.991586,-1.244972,1.568310,0.003612,-0.004463
5.333333,0.022452,0.037829,0.004907,-0.242783,-0.710997,-0.137409,-1.522223,-0.002388,-0.006829,-0.925729,-0.983664,-1.269158,1.570000,0.007261,0.001883
5.366667,0.019352,0.048518,0.002516,-0.236253,-0.715746,-0.119150,-1.506248,-0.010582,0.002418,-0.941510,-0.989055,-1.253344,1.570000,0.008478,0.009958
5.400000,0.020824,0.042463,-0.000851,-0.225116,-0.744620,-0.136037,-1.517293,-0.015134,0.001211,-0.917291,-0.997058,-1.197531,1.570000,0.009341,0.010995
5.433333,0.006210,0.036098,-0.013449,-0.210662,-0.793797,-0.127098,-1.539230,-0.017430,-0.007735,-0.853072,-0.988908,-1.121667,1.570000,0.019330,0.008961
5.466667,0.002670,0.037861,-0.024387,-0.205574,-0.830682,-0.119067,-1.547204,-0.014260,-0.010265,-0.753072,-1.003772,-1.021667,1.570000,0.016571,0.019788
5.500000,0.002863,0.037316,-0.014992,-0.206278,-0.884305,-0.117449,-1.547204,-0.016270,-0.005099,-0.653072,-1.027845,-0.921667,1.570000,0.018724,0.017053
5.533333,0.004375,0.030272,-0.017957,-0.186058,-0.929499,-0.134154,-1.563303,-0.007428,-0.007810,-0.553072,-1.045746,-0.821667,1.570000,0.018078,0.011193
5.566667,0.002646,0.027683,-0.018625,-0.196582,-0.973971,-0.127660,-1.563962,-0.001213,0.000730,-0.464132,-1.058420,-0.721667,1.570000,0.010469,0.014863
5.600000,0.001229,0.022291,-0.014030,-0.210030,-1.007711,-0.141926,-1.570000,-0.002216,-0.005822,-0.397219,-1.079563,-0.621667,1.570000,0.007009,0.008810
5.633333,0.004239,0.018864,-0.007010,-0.225936,-1.018406,-0.140566,-1.570000,-0.006464,-0.005242,-0.360730,-1.083530,-0.521667,1.570000,0.011283,-0.004693
5.666667,0.006627,0.023099,-0.010742,-0.249033,-1.035142,-0.112178,-1.567239,-0.004192,-0.001764,-0.351242,-1.093905,-0.421667,1.570000,0.005949,-0.010162
5.700000,0.005927,0.020793,-0.008537,-0.284194,-1.060309,-0.098429,-1.567239,-0.006732,-0.007200,-0.350585,-1.097310,-0.321667,1.570000,0.007236,-0.012390
5.733333,0.013574,0.019866,-0.015018,-0.294387,-1.068805,-0.083313,-1.560249,-0.010171,-0.012597,-0.378868,-1.123999,-0.234396,1.570000,0.011628,-0.020072
5.766667,0.016133,0.021636,-0.022329,-0.302374,-1.100531,-0.083414,-1.560249,-0.011857,-0.013171,-0.385124,-1.134320,-0.156566,1.570000,0.009806,-0.017022
5.800000,0.013178,0.022412,-0.023562,-0.308823,-1.147381,-0.078134,-1.560249,-0.011583,-0.013202,-0.384837,-1.154206,-0.105138,1.570000,0.008068,-0.016248
5.833333,0.010306,0.016274,-0.017899,-0.312562,-1.164163,-0.097611,-1.563010,-0.012236,-0.018651,-0.382792,-1.151071,-0.067954,1.570000,0.006324,-0.007494
5.866667,0.012160,0.021032,-0.015784,-0.332856,-1.170209,-0.111465,-1.563010,-0.011374,-0.010440,-0.389318,-1.168918,-0.054297,1.570000,0.000935,-0.004139
5.900000,0.005416,0.023436,-0.008544,-0.342672,-1.189807,-0.120692,-1.570000,-0.014978,-0.013185,-0.376928,-1.152543,-0.054765,1.570000,0.000822,-0.003150
5.933333,0.002710,0.021521,-0.000479,-0.349165,-1.189406,-0.109919,-1.570000,-0.014994,-0.012551,-0.384539,-1.149192,-0.065792,1.570000,0.000233,-0.006598
5.966667,0.006859,0.017815,0.003816,-0.343790,-1.173881,-0.087967,-1.550000,-0.001944,-0.014644,-0.408267,-1.130439,-0.090417,1.550000,0.004383,-0.002400
6.000000,0.015709,0.019103,0.006766,-0.347707,-1.157099,-0.041257,-1.510000,0.001295,-0.007554,-0.446754,-1.116087,-0.140798,1.521902,0.000562,-0.001321
6.033333,0.014584,0.013746,0.005758,-0.342493,-1.124424,0.032790,-1.465661,0.004982,-0.012600,-0.498795,-1.088714,-0.207653,1.495072,0.001986,-0.001987
6.066667,0.007128,0.017043,0.002170,-0.344247,-1.080495,0.112790,-1.406587,0.006931,-0.007736,-0.552663,-1.063412,-0.287653,1.474388,0.002902,0.000269
6.100000,0.008743,0.018547,-0.000074,-0.326001,-1.056566,0.212790,-1.327513,0.007023,-0.004425,-0.597739,-1.058110,-0.387653,1.433705,-0.002739,0.005513
6.133333,0.004946,0.022973,-0.003419,-0.298412,-1.072638,0.301079,-1.248438,-0.001301,-0.001732,-0.616887,-1.087095,-0.487653,1.393022,-0.009229,0.003322
6.166667,-0.013611,0.024185,-0.021052,-0.246193,-1.119020,0.349367,-1.169364,0.000237,-0.012637,-0.596035,-1.125912,-0.587653,1.340437,-0.003765,-0.002097
6.200000,-0.013055,0.026890,-0.027155,-0.206467,-1.164057,0.357656,-1.074629,0.003318,-0.016204,-0.544226,-1.177751,-0.647653,1.266584,0.001978,0.008140
6.233333,-0.005840,0.023707,-0.024318,-0.176285,-1.221560,0.325945,-0.974629,0.006606,-0.018663,-0.469506,-1.252296,-0.667653,1.166584,-0.002093,0.007844
6.266667,-0.012653,0.023660,-0.032214,-0.151688,-1.272509,0.254233,-0.874629,0.015957,-0.029072,-0.383577,-1.295811,-0.647653,1.066584,-0.008602,0.011326
6.300000,-0.014695,0.032188,-0.034863,-0.162782,-1.296489,0.174504,-0.774629,0.019605,-0.023360,-0.313624,-1.340428,-0.587653,0.966584,-0.008219,0.020179
6.333333,-0.001596,0.031817,-0.021084,-0.184901,-1.310472,0.111028,-0.674629,0.016285,-0.015844,-0.261047,-1.375341,-0.487653,0.866584,-0.012617,0.021606
6.366667,0.004344,0.031003,-0.016652,-0.184132,-1.312430,0.067616,-0.581003,0.022673,-0.002830,-0.226460,-1.383905,-0.387653,0.766584,-0.026332,0.008982
6.400000,0.007026,0.042933,-0.015986,-0.184630,-1.319223,0.053432,-0.520763,0.015695,-0.001193,-0.203729,-1.369752,-0.287982,0.666584,-0.033865,0.020137
6.433333,0.013468,0.041141,-0.005685,-0.199452,-1.312136,0.053018,-0.481887,0.010739,0.008313,-0.208215,-1.385139,-0.191447,0.567607,-0.024914,0.013886
6.466667,0.020231,0.035416,-0.003461,-0.191580,-1.302460,0.055319,-0.467940,0.008882,0.004768,-0.221194,-1.383206,-0.123550,0.490511,-0.020925,0.007512
6.500000,0.022937,0.035188,-0.004931,-0.193470,-1.301417,0.062720,-0.479852,0.007724,0.005013,-0.225457,-1.365142,-0.085212,0.425454,-0.015563,0.016828
6.533333,0.018518,0.037075,-0.002161,-0.192403,-1.308054,0.064380,-0.504306,-0.002586,-0.005648,-0.226843,-1.362662,-0.050203,0.386287,-0.011018,0.018965
6.566667,0.024448,0.029407,0.001202,-0.190581,-1.283938,0.048541,-0.526818,0.008905,-0.001288,-0.238498,-1.378979,-0.034667,0.381749,-0.005392,0.008439
6.600000,0.025245,0.033173,0.006649,-0.191233,-1.248956,0.039485,-0.549678,0.013944,0.007149,-0.257012,-1.371301,-0.044036,0.384451,-0.009589,0.008308
6.633333,0.020935,0.028484,0.006536,-0.188705,-1.203533,0.021546,-0.587610,0.013505,0.006096,-0.246345,-1.345556,-0.045350,0.365271,-0.015600,0.008235
6.666667,0.020899,0.028364,0.008027,-0.166576,-1.129161,0.012944,-0.639683,0.013602,0.006079,-0.247586,-1.315942,-0.034751,0.374054,-0.021140,-0.005464
6.700000,0.025750,0.024608,0.005768,-0.144071,-1.047111,-0.009980,-0.712840,0.012382,-0.002311,-0.233714,-1.257092,-0.034081,0.396945,-0.019095,-0.009016
6.733333,0.018066,0.020897,0.003562,-0.125042,-0.955812,-0.026180,-0.794553,0.007930,-0.007303,-0.203076,-1.171608,-0.033293,0.425208,-0.016074,-0.006031
6.766667,0.012919,0.024097,-0.006384,-0.090656,-0.855812,-0.037393,-0.894553,0.005632,-0.010278,-0.149712,-1.071608,-0.017164,0.485208,-0.019338,-0.005851
6.800000,0.011829,0.033627,-0.004049,-0.082144,-0.755812,-0.047171,-0.994553,0.008923,-0.000783,-0.107149,-0.971608,-0.000728,0.585208,-0.018013,0.001859
6.833333,0.005724,0.033530,-0.006407,-0.077588,-0.655812,-0.072390,-1.094553,0.011928,-0.003810,-0.070430,-0.871608,0.014006,0.685208,-0.014054,0.004245
6.866667,-0.005136,0.030269,-0.015102,-0.073814,-0.555812,-0.074432,-1.194553,0.021502,0.000109,-0.045324,-0.771608,0.018171,0.785208,-0.008289,0.012241
6.900000,-0.002099,0.039171,-0.016022,-0.077001,-0.455812,-0.071556,-1.281311,0.024896,-0.004562,-0.036988,-0.671613,0.013489,0.885208,-0.007865,0.014341
6.933333,-0.003450,0.034641,-0.014109,-0.090776,-0.371840,-0.078477,-1.345355,0.021384,-0.012546,-0.043389,-0.577675,0.011030,0.985209,0.000808,0.009549
6.966667,-0.005816,0.032787,-0.027658,-0.091424,-0.327867,-0.060935,-1.369399,0.028164,-0.018923,-0.069628,-0.523737,-0.008198,1.046545,0.005977,-0.000372
7.000000,-0.002052,0.037023,-0.027983,-0.111665,-0.323894,-0.029873,-1.353443,0.026951,-0.014778,-0.099077,-0.509799,-0.048078,1.067881,0.009566,0.009544
7.033333,0.003171,0.042132,-0.021368,-0.135085,-0.359922,-0.021432,-1.297487,0.021301,-0.010666,-0.147145,-0.535861,-0.075880,1.049217,0.001815,0.003776
7.066667,-0.004533,0.042001,-0.027301,-0.146557,-0.435949,-0.005415,-1.214772,0.013992,-0.002836,-0.197431,-0.601919,-0.091243,0.990554,-0.000369,-0.001486
7.100000,0.000177,0.042810,-0.023720,-0.170615,-0.535949,0.034859,-1.114772,0.014206,-0.000437,-0.246728,-0.701919,-0.128883,0.891890,-0.000862,0.009192
7.133333,0.003929,0.035466,-0.012053,-0.193806,-0.635949,0.060805,-1.014772,0.002361,-0.002986,-0.270333,-0.801919,-0.134601,0.791890,-0.008016,0.012086
7.166667,0.002533,0.042152,-0.011771,-0.210580,-0.735949,0.097982,-0.914772,-0.000420,-0.001941,-0.274915,-0.901919,-0.134817,0.691890,-0.018027,0.011065
7.200000,-0.002684,0.041951,-0.008162,-0.249614,-0.835949,0.174602,-0.854772,0.004717,-0.002251,-0.255923,-0.993213,-0.161405,0.631890,-0.022170,0.019567
7.233333,0.009702,0.031486,-0.002678,-0.311006,-0.927995,0.260274,-0.834772,0.007340,-0.011331,-0.252582,-1.046157,-0.210446,0.611890,-0.019686,0.020450
7.266667,0.014376,0.033267,-0.006035,-0.382199,-0.980040,0.345947,-0.854772,0.015721,-0.007102,-0.264147,-1.059100,-0.252508,0.631890,-0.033758,0.014411
7.300000,0.020380,0.037791,-0.007800,-0.467385,-0.992085,0.423119,-0.914772,0.016931,-0.008929,-0.301402,-1.032044,-0.289448,0.691890,-0.037399,0.017784
7.333333,0.022738,0.028386,-0.000067,-0.535114,-0.964131,0.460291,-1.014772,0.020249,-0.005937,-0.338525,-0.964988,-0.295456,0.791890,-0.031834,0.009676
7.366667,0.036578,0.025949,0.000364,-0.566051,-0.896176,0.457464,-1.114772,0.015737,-0.002607,-0.368990,-0.866637,-0.287440,0.891890,-0.037780,-0.004188
7.400000,0.030186,0.031134,-0.000466,-0.566938,-0.796176,0.414636,-1.214772,0.019889,0.001513,-0.359455,-0.766637,-0.261853,0.991890,-0.042899,-0.003453
7.433333,0.027152,0.033916,0.005633,-0.533866,-0.696176,0.331808,-1.314772,0.011691,-0.004221,-0.309920,-0.666637,-0.239652,1.091890,-0.032079,-0.006949
7.466667,0.031537,0.036340,0.008936,-0.469007,-0.596176,0.259070,-1.387156,0.017736,0.000027,-0.221825,-0.566637,-0.228914,1.191890,-0.032788,-0.004126
7.500000,0.036671,0.043033,0.010048,-0.425804,-0.496176,0.186331,-1.455845,0.014343,-0.011326,-0.127913,-0.466637,-0.221236,1.291890,-0.033989,-0.000244
7.533333,0.019859,0.050220,-0.000454,-0.397693,-0.396176,0.113592,-1.506891,0.009619,-0.019257,-0.047477,-0.366637,-0.202811,1.381713,-0.026214,0.009680
7.566667,0.013377,0.060486,-0.004440,-0.399631,-0.296176,0.068414,-1.537936,0.006457,-0.010000,-0.003955,-0.266637,-0.178707,1.457335,-0.026804,0.019121
7.600000,0.015664,0.060941,-0.005297,-0.402747,-0.196176,0.046188,-1.535005,0.007480,-0.005023,0.010622,-0.166637,-0.151957,1.512957,-0.025527,0.029518
7.633333,0.004341,0.054505,-0.012602,-0.407701,-0.116218,0.016427,-1.547803,0.005938,-0.016236,-0.008851,-0.066637,-0.126176,1.545356,-0.019328,0.023795
7.666667,0.004870,0.052710,-0.028009,-0.400412,-0.060694,0.022347,-1.532537,0.013409,-0.011004,-0.048599,0.016604,-0.128428,1.560978,-0.015712,0.024231
7.700000,0.012034,0.051823,-0.015736,-0.403286,-0.035571,0.044239,-1.525653,0.017073,-0.009499,-0.106883,0.083887,-0.139798,1.566777,-0.010775,0.026470
7.733333,0.018272,0.041646,-0.012708,-0.372345,-0.031353,0.047694,-1.511678,0.016070,-0.020742,-0.152308,0.122002,-0.146624,1.558810,-0.009011,0.014818
7.766667,0.013533,0.043973,-0.017833,-0.351780,-0.067136,0.065381,-1.496217,0.014388,-0.019227,-0.184415,0.131848,-0.144804,1.558810,-0.008276,0.011539
7.800000,0.016379,0.045341,-0.012526,-0.328113,-0.103224,0.063342,-1.487994,0.012265,-0.013277,-0.181030,0.132028,-0.138916,1.557590,-0.008989,0.012041
7.833333,0.012833,0.044698,-0.002679,-0.300372,-0.143102,0.034431,-1.471531,0.001829,-0.011809,-0.169742,0.116092,-0.118468,1.533146,-0.009847,0.013787
7.866667,0.004600,0.046401,-0.006189,-0.260676,-0.192578,0.019249,-1.424328,0.000788,-0.003845,-0.139793,0.093295,-0.100119,1.495400,-0.016292,0.006000
7.900000,0.001336,0.047127,-0.004137,-0.240109,-0.261149,0.034943,-1.364218,0.002004,-0.004227,-0.112749,0.059666,-0.090524,1.445620,-0.015672,0.008276
7.933333,0.000407,0.041250,0.000316,-0.228163,-0.329719,0.035337,-1.299570,0.004502,-0.004736,-0.097681,0.014306,-0.084057,1.381427,-0.013496,0.010183
7.966667,-0.002195,0.044933,-0.006836,-0.218804,-0.417941,0.075731,-1.199570,0.001491,-0.004086,-0.121284,-0.041021,-0.099361,1.341677,-0.021454,0.014401
8.000000,-0.007363,0.042229,-0.010238,-0.214662,-0.517941,0.147317,-1.122264,0.004157,-0.010196,-0.145558,-0.083305,-0.116417,1.334549,-0.024022,0.012079
8.033333,0.004919,0.038302,-0.012587,-0.194014,-0.577942,0.229200,-1.084958,0.000027,-0.017607,-0.196479,-0.102771,-0.139979,1.360723,-0.025915,0.010610
8.066667,0.007883,0.037885,-0.023298,-0.148050,-0.597942,0.311084,-1.087652,0.002354,-0.009312,-0.258447,-0.090479,-0.160094,1.418470,-0.042485,0.015503
8.100000,0.006184,0.038645,-0.030840,-0.075871,-0.577942,0.411084,-1.130347,0.001771,-0.015497,-0.298791,-0.042004,-0.183714,1.482663,-0.049069,0.017608
8.133333,0.006140,0.030209,-0.031808,0.005845,-0.517941,0.511084,-1.208716,-0.002018,-0.016321,-0.331748,0.009610,-0.199682,1.526856,-0.043770,0.008990
8.166667,0.009519,0.030065,-0.037765,0.105845,-0.441944,0.611084,-1.277727,-0.007026,-0.018664,-0.365977,0.043378,-0.194652,1.558428,-0.049376,0.009552
8.200000,0.000781,0.029853,-0.041153,0.205845,-0.391289,0.711084,-1.310969,-0.002950,-0.016062,-0.376614,0.054115,-0.170353,1.570000,-0.047576,0.018481
8.233333,-0.007541,0.035878,-0.034402,0.305845,-0.365352,0.811084,-1.312927,-0.002277,-0.019697,-0.375343,0.046898,-0.153384,1.570000,-0.033279,0.019172
8.266667,0.005541,0.045034,-0.027723,0.405845,-0.358115,0.888792,-1.274885,0.001072,0.000313,-0.381167,0.003777,-0.145215,1.570000,-0.039438,0.022908
8.300000,0.002760,0.051824,-0.021291,0.505845,-0.390878,0.926501,-1.241168,0.004510,0.005433,-0.389302,-0.022849,-0.140439,1.570000,-0.041499,0.031376
8.333333,-0.005106,0.052714,-0.028494,0.605845,-0.408455,0.956657,-1.224038,0.016483,0.009586,-0.396556,-0.031073,-0.154028,1.570000,-0.033268,0.036772
8.366667,-0.004308,0.060751,-0.024257,0.665845,-0.440690,0.986813,-1.218159,0.009441,0.018852,-0.426012,-0.040704,-0.195814,1.570000,-0.030363,0.039349
8.400000,0.001750,0.053875,-0.021119,0.685845,-0.488207,1.009279,-1.241748,0.005642,0.015401,-0.451784,-0.033554,-0.254213,1.570000,-0.028087,0.036013
8.433333,-0.006897,0.047622,-0.028224,0.665845,-0.556393,1.054036,-1.282784,0.003112,0.003466,-0.490236,-0.002197,-0.300903,1.570000,-0.015001,0.032543
8.466667,-0.004331,0.049004,-0.033539,0.605845,-0.606486,1.138793,-1.318782,0.004880,-0.000091,-0.512001,0.023967,-0.355364,1.570000,-0.014966,0.039209
8.500000,-0.002264,0.047120,-0.019292,0.505845,-0.676122,1.231102,-1.332683,0.000533,0.003265,-0.547483,0.047991,-0.400410,1.570000,-0.018271,0.034160
8.533333,0.001098,0.041005,-0.020482,0.405845,-0.737319,1.323411,-1.348660,0.009406,-0.001972,-0.561217,0.068475,-0.430468,1.570000,-0.017960,0.028144
8.566667,0.001052,0.036610,-0.020817,0.305845,-0.792439,1.423411,-1.346831,0.015237,0.007902,-0.578565,0.077132,-0.441537,1.570000,-0.024360,0.030416
8.600000,-0.000368,0.029658,-0.016679,0.205845,-0.826208,1.523411,-1.340376,0.013428,0.001114,-0.590378,0.083415,-0.451284,1.570000,-0.027985,0.022459
8.633333,0.001994,0.025561,-0.009307,0.105845,-0.838069,1.608025,-1.314271,0.010341,0.003133,-0.615180,0.085060,-0.456618,1.570000,-0.024453,0.005425
8.666667,0.006002,0.028578,-0.013091,0.005845,-0.851821,1.692638,-1.294955,0.012309,0.005858,-0.626364,0.068121,-0.466138,1.570000,-0.026934,-0.001913
8.700000,0.005977,0.025264,-0.011843,-0.094155,-0.874012,1.745829,-1.282991,0.009826,0.000776,-0.626647,0.052705,-0.458858,1.570000,-0.024605,-0.003475
8.733333,0.013232,0.023480,-0.018619,-0.194155,-0.886554,1.782179,-1.256293,0.006488,-0.006949,-0.640900,0.018533,-0.451972,1.570000,-0.021053,-0.011999
8.766667,0.016791,0.025564,-0.026201,-0.294155,-0.921078,1.787692,-1.251497,0.005921,-0.007974,-0.634937,-0.012725,-0.430374,1.570000,-0.021900,-0.008620
8.800000,0.016222,0.026460,-0.028354,-0.394155,-0.982560,1.795268,-1.248877,0.005738,-0.010811,-0.613086,-0.067499,-0.396475,1.569854,-0.025375,-0.005267
8.833333,0.014393,0.021474,-0.023617,-0.494155,-1.016123,1.778353,-1.252626,0.003968,-0.016366,-0.592936,-0.098878,-0.359594,1.567637,-0.028761,0.004523
8.866667,0.017574,0.025973,-0.020583,-0.594155,-1.042826,1.761595,-1.244173,0.003274,-0.007955,-0.575010,-0.143802,-0.327624,1.567637,-0.034749,0.008239
8.900000,0.012226,0.029438,-0.014245,-0.694155,-1.083490,1.759373,-1.253139,0.000263,-0.010021,-0.522996,-0.173747,-0.288121,1.561797,-0.033285,0.011395
8.933333,0.009903,0.027254,-0.006831,-0.794155,-1.104154,1.767988,-1.247380,0.000340,-0.010325,-0.490982,-0.208720,-0.263056,1.555956,-0.033635,0.008947
8.966667,0.014398,0.022283,-0.000699,-0.854155,-1.097860,1.749927,-1.224135,0.003717,-0.012447,-0.444958,-0.250345,-0.231834,1.530261,-0.018263,0.005214
9.000000,0.022346,0.021931,0.002905,-0.874155,-1.113272,1.716357,-1.179905,0.000607,-0.007545,-0.379053,-0.315365,-0.200977,1.486637,-0.012463,0.000994
9.033333,0.022980,0.016545,0.002602,-0.854155,-1.118301,1.674052,-1.122968,-0.003415,-0.015882,-0.304964,-0.380385,-0.167533,1.420796,0.000901,-0.008008
9.066667,0.020997,0.017055,0.000974,-0.794155,-1.104928,1.594052,-1.054205,-0.008666,-0.013613,-0.226498,-0.460386,-0.154758,1.340796,0.009553,-0.012621
9.100000,0.025345,0.016978,-0.001032,-0.694155,-1.080187,1.494052,-0.986066,-0.017668,-0.015059,-0.139499,-0.560386,-0.140660,1.240796,0.016545,-0.012246
9.133333,0.020425,0.020651,-0.005237,-0.594155,-1.090129,1.394052,-0.939366,-0.024478,-0.014213,-0.078082,-0.660386,-0.121476,1.141804,0.005745,-0.013827
9.166667,0.003925,0.021916,-0.020618,-0.494155,-1.090280,1.294052,-0.910081,-0.023854,-0.024861,-0.040069,-0.737969,-0.109476,1.076594,0.012610,-0.021734
9.200000,0.003167,0.023942,-0.025693,-0.394155,-1.077501,1.194052,-0.914367,-0.020445,-0.028267,-0.026133,-0.809863,-0.117890,1.051385,0.015487,-0.010827
9.233333,0.005297,0.022558,-0.022159,-0.297945,-1.080114,1.094052,-0.937112,-0.020037,-0.029990,-0.035781,-0.858277,-0.092303,1.041714,0.013304,-0.010995
9.266667,-0.002904,0.022498,-0.028026,-0.209817,-1.101151,0.994052,-0.979233,-0.012236,-0.037443,-0.053340,-0.866691,-0.048943,1.072043,0.006456,-0.008332
9.300000,-0.000371,0.031508,-0.028851,-0.161689,-1.096465,0.894052,-1.039914,-0.010402,-0.029530,-0.082386,-0.874479,-0.039895,1.141365,0.009825,0.002366
9.333333,0.012695,0.031846,-0.016340,-0.153561,-1.097531,0.794052,-1.123182,-0.012503,-0.024358,-0.112585,-0.867129,-0.026739,1.215188,0.007204,0.005313
9.366667,0.018188,0.031589,-0.012619,-0.185433,-1.089359,0.694052,-1.212878,-0.008546,-0.010130,-0.136434,-0.826871,-0.004052,1.273006,-0.007990,-0.002990
9.400000,0.023236,0.044602,-0.012484,-0.253515,-1.085963,0.634052,-1.312878,-0.010724,-0.009256,-0.137432,-0.770094,-0.008132,1.337178,-0.013018,0.007017
9.433333,0.031886,0.045925,-0.002379,-0.353515,-1.078515,0.614052,-1.397437,-0.016168,-0.000473,-0.144155,-0.724204,-0.012758,1.388762,-0.006151,-0.002708
9.466667,0.036752,0.042812,-0.000623,-0.453515,-1.078624,0.634052,-1.456298,-0.017833,-0.008587,-0.138963,-0.641625,-0.001321,1.401752,0.001808,-0.009363
9.500000,0.040789,0.044107,-0.001012,-0.553515,-1.092963,0.694052,-1.501703,-0.021541,-0.004770,-0.109216,-0.556602,-0.001192,1.378440,0.006490,-0.000228
9.533333,0.037954,0.046455,0.001763,-0.653515,-1.124903,0.794052,-1.519214,-0.029722,-0.014039,-0.073981,-0.501955,0.014598,1.331133,0.015978,-0.002290
9.566667,0.043784,0.040231,0.005226,-0.753515,-1.139552,0.894052,-1.518209,-0.019758,-0.011232,-0.057153,-0.470985,0.035629,1.283243,0.020869,-0.012737
9.600000,0.045106,0.042860,0.010636,-0.853515,-1.155727,0.994052,-1.506367,-0.013950,-0.002307,-0.052775,-0.462268,0.029018,1.207941,0.018364,-0.009964
9.633333,0.044302,0.037672,0.009358,-0.945929,-1.169365,1.094052,-1.502206,-0.014631,-0.002645,-0.063243,-0.490865,0.009213,1.131232,0.009877,-0.013234
9.666667,0.045380,0.036359,0.010874,-1.010460,-1.151080,1.194052,-1.481220,-0.015763,-0.001153,-0.086331,-0.519463,0.007751,1.080222,0.005898,-0.030371
9.700000,0.052482,0.032356,0.008054,-1.060371,-1.114604,1.294052,-1.488128,-0.017875,-0.010631,-0.110622,-0.516280,-0.000005,1.069213,0.003546,-0.031106
9.733333,0.046428,0.027201,0.005558,-1.082556,-1.076841,1.394052,-1.497469,-0.024672,-0.015524,-0.125590,-0.489420,-0.008329,1.066446,0.005742,-0.028121
9.766667,0.041061,0.030974,-0.003708,-1.064740,-1.014548,1.480540,-1.499361,-0.025662,-0.017823,-0.103004,-0.429420,-0.027562,1.103680,0.001892,-0.030167
9.800000,0.038541,0.041359,-0.000391,-1.034678,-0.938275,1.564157,-1.515252,-0.024672,-0.005611,-0.040419,-0.329420,-0.049661,1.180913,0.005535,-0.023456
9.833333,0.030128,0.042410,-0.002728,-0.997529,-0.877764,1.616662,-1.542258,-0.023054,-0.012902,0.034786,-0.229420,-0.104348,1.270465,0.010130,-0.016604
9.866667,0.016117,0.041648,-0.011729,-0.945171,-0.854874,1.638337,-1.537073,-0.017359,-0.006100,0.123436,-0.129420,-0.186980,1.360018,0.022358,-0.009831
9.900000,0.015960,0.056628,-0.013502,-0.913110,-0.850561,1.620011,-1.513765,-0.021435,-0.007418,0.223436,-0.029420,-0.286980,1.442014,0.032127,-0.008438
9.933333,0.011740,0.058883,-0.012328,-0.913021,-0.886248,1.575197,-1.499186,-0.030350,-0.014891,0.323436,0.070580,-0.383650,1.490442,0.044646,-0.011190
9.966667,0.004404,0.061718,-0.026514,-0.929462,-0.961936,1.523626,-1.471888,-0.023613,-0.022275,0.423436,0.144738,-0.440320,1.498870,0.056391,-0.017811
10.000000,0.009422,0.073367,-0.030405,-0.980581,-1.059556,1.503166,-1.454279,-0.025724,-0.014258,0.523436,0.178896,-0.456991,1.467298,0.063421,-0.013445
10.033333,0.013060,0.084396,-0.023302,-1.034233,-1.155850,1.497758,-1.446123,-0.033168,-0.011102,0.623436,0.175631,-0.433661,1.395726,0.058303,-0.022697
10.066667,0.005135,0.088318,-0.030036,-1.077046,-1.241066,1.514859,-1.458721,-0.039594,-0.002207,0.723436,0.132366,-0.370331,1.302157,0.053180,-0.033363
10.100000,0.008427,0.091430,-0.026889,-1.112851,-1.306540,1.571959,-1.475653,-0.041687,0.000237,0.823436,0.049100,-0.298212,1.202157,0.053376,-0.030209
10.133333,0.010418,0.086994,-0.013839,-1.134244,-1.332554,1.600253,-1.487882,-0.055579,-0.000697,0.923436,-0.035332,-0.234525,1.102157,0.040012,-0.035392
10.166667,0.007767,0.092342,-0.010031,-1.119459,-1.331208,1.610384,-1.472763,-0.057919,-0.001196,1.023436,-0.107831,-0.210837,1.002157,0.028047,-0.038116
10.200000,0.005157,0.091446,-0.004983,-1.091970,-1.293569,1.596294,-1.480381,-0.051516,-0.003294,1.123436,-0.182908,-0.227149,0.942157,0.023061,-0.032386
10.233333,0.017580,0.074083,0.002168,-1.042750,-1.227007,1.559696,-1.494179,-0.047861,-0.011763,1.223436,-0.257984,-0.283461,0.922157,0.021892,-0.027310
10.266667,0.023939,0.067173,-0.002432,-0.968566,-1.140187,1.483097,-1.494170,-0.036973,-0.005364,1.310814,-0.333061,-0.351892,0.942157,0.005697,-0.026475
10.300000,0.031819,0.057239,-0.006300,-0.872096,-1.052827,1.404934,-1.510074,-0.030540,-0.008859,1.358191,-0.421128,-0.451892,1.002157,0.002867,-0.017145
10.333333,0.031241,0.034394,-0.000480,-0.775231,-0.952827,1.304934,-1.542802,-0.022666,-0.008468,1.365569,-0.521128,-0.551892,1.102157,0.008638,-0.020238
10.366667,0.039056,0.020849,-0.001787,-0.704225,-0.869780,1.204934,-1.555530,-0.020281,-0.002879,1.332947,-0.621128,-0.651892,1.202157,-0.001880,-0.027768
10.400000,0.029552,0.016316,-0.002417,-0.656523,-0.811830,1.104934,-1.555530,-0.009789,0.003183,1.260325,-0.721128,-0.751892,1.302157,-0.005090,-0.026290
10.433333,0.022631,0.007897,0.004399,-0.615971,-0.763154,1.004943,-1.557634,-0.014340,-0.004952,1.160325,-0.821128,-0.851892,1.380543,0.002212,-0.029761
10.466667,0.027293,0.009109,0.008787,-0.612200,-0.723347,0.944951,-1.540686,-0.006084,0.001566,1.060325,-0.921128,-0.951892,1.437682,0.000030,-0.023334
10.500000,0.033621,0.015193,0.010505,-0.645294,-0.720693,0.913945,-1.540056,-0.009535,-0.005262,0.960325,-1.021128,-1.051892,1.480630,-0.001823,-0.016420
10.533333,0.018528,0.019046,0.000969,-0.688697,-0.728039,0.888909,-1.540056,-0.016342,-0.012579,0.860325,-1.112285,-1.151892,1.503602,0.006357,-0.007928
10.566667,0.016150,0.031071,-0.003429,-0.708796,-0.710290,0.863873,-1.540056,-0.021657,-0.007062,0.760325,-1.178054,-1.251892,1.486575,0.007282,0.003964
10.600000,0.022714,0.037174,-0.004771,-0.721744,-0.702677,0.838828,-1.532423,-0.017025,-0.003345,0.660325,-1.203823,-1.311892,1.451162,0.011147,0.011049
10.633333,0.011144,0.032733,-0.013009,-0.697911,-0.692105,0.773783,-1.517930,-0.019770,-0.015732,0.560325,-1.189592,-1.331892,1.396995,0.018288,0.000748
10.666667,0.014665,0.032985,-0.029545,-0.634079,-0.644379,0.679753,-1.489393,-0.013400,-0.012861,0.460325,-1.135361,-1.311892,1.317019,0.021770,-0.002041
10.700000,0.027326,0.035784,-0.020002,-0.534079,-0.569699,0.579753,-1.472947,-0.009798,-0.014643,0.360325,-1.049974,-1.251892,1.217019,0.030332,-0.002103
10.733333,0.035491,0.028708,-0.017847,-0.434079,-0.495020,0.479753,-1.451083,-0.008563,-0.025610,0.260325,-0.949974,-1.151892,1.147346,0.031311,-0.016743
10.766667,0.030344,0.033219,-0.022776,-0.334079,-0.439990,0.379753,-1.435095,-0.012780,-0.023497,0.160325,-0.849974,-1.051892,1.117672,0.034337,-0.017432
10.800000,0.033831,0.037296,-0.018206,-0.256248,-0.385764,0.279753,-1.441238,-0.015669,-0.019165,0.095179,-0.749974,-0.951892,1.119106,0.037654,-0.015428
10.833333,0.029940,0.039945,-0.008091,-0.206800,-0.351737,0.179753,-1.425850,-0.022841,-0.018488,0.052261,-0.649974,-0.851892,1.133580,0.039727,-0.013921
10.866667,0.021207,0.044729,-0.011275,-0.176137,-0.340144,0.079753,-1.388180,-0.020796,-0.009874,0.039127,-0.549974,-0.751892,1.172100,0.033009,-0.020321
10.900000,0.016887,0.046252,-0.009514,-0.160166,-0.366877,0.004084,-1.361136,-0.018917,-0.009252,0.046516,-0.449974,-0.651892,1.203717,0.033163,-0.018231
10.933333,0.018851,0.041766,-0.005349,-0.171611,-0.375867,-0.060891,-1.342100,-0.015172,-0.010624,0.071782,-0.349974,-0.551892,1.221765,0.036047,-0.017143
10.966667,0.020189,0.048316,-0.012142,-0.174302,-0.418144,-0.106458,-1.308641,-0.017447,-0.007627,0.076756,-0.249974,-0.451892,1.247063,0.026022,-0.012468
11.000000,0.013795,0.047473,-0.014485,-0.163521,-0.471707,-0.121018,-1.282612,-0.013129,-0.013918,0.089279,-0.165053,-0.351892,1.274388,0.020271,-0.013843
11.033333,0.027858,0.043269,-0.015159,-0.155872,-0.519202,-0.131030,-1.265026,-0.018803,-0.024691,0.085484,-0.098599,-0.251892,1.314892,0.015296,-0.015847
11.066667,0.034254,0.041967,-0.023846,-0.161263,-0.540334,-0.134785,-1.256671,-0.018607,-0.018824,0.074102,-0.059254,-0.151892,1.365080,-0.003442,-0.008385
11.100000,0.036019,0.041548,-0.026441,-0.153788,-0.578735,-0.130264,-1.254616,-0.020280,-0.027168,0.070205,-0.022963,-0.061511,1.395276,-0.011744,-0.008433
11.133333,0.036945,0.030921,-0.021943,-0.157778,-0.579790,-0.106526,-1.263030,-0.022866,-0.030453,0.056680,0.008067,-0.001002,1.408938,-0.004951,-0.018750
11.166667,0.048461,0.027469,-0.023834,-0.186858,-0.554579,-0.085730,-1.303274,-0.030233,-0.034225,0.027511,0.054176,0.038118,1.438308,-0.008335,-0.021046
11.200000,0.045031,0.025905,-0.022238,-0.232043,-0.539046,-0.046742,-1.359771,-0.027467,-0.030053,0.008268,0.118752,0.054269,1.461356,-0.001264,-0.013825
11.233333,0.041761,0.031719,-0.011725,-0.276194,-0.523086,0.001658,-1.393879,-0.026122,-0.036203,-0.012412,0.202927,0.041239,1.470887,0.017345,-0.016575
11.266667,0.059475,0.041991,-0.005215,-0.345796,-0.468538,0.071089,-1.417759,-0.021826,-0.015844,-0.036717,0.283452,-0.002172,1.502913,0.015576,-0.011820
11.300000,0.061205,0.050578,0.000520,-0.430517,-0.446277,0.141894,-1.454899,-0.017788,-0.011971,-0.065955,0.369238,-0.055711,1.528337,0.015128,-0.007698
11.333333,0.053785,0.054362,-0.007306,-0.488516,-0.418847,0.198353,-1.483903,-0.006775,-0.006913,-0.074856,0.452699,-0.097617,1.547765,0.020935,-0.003684
11.366667,0.052317,0.064206,-0.006954,-0.533257,-0.397220,0.266490,-1.483959,-0.013779,0.000306,-0.083848,0.515748,-0.149068,1.556288,0.021230,-0.000585
11.400000,0.054894,0.059754,-0.008676,-0.554199,-0.394158,0.299029,-1.507074,-0.017660,-0.004156,-0.085774,0.577182,-0.194677,1.554881,0.024203,-0.001039
11.433333,0.038521,0.054587,-0.019445,-0.540224,-0.421323,0.318375,-1.532776,-0.022931,-0.015247,-0.072550,0.617397,-0.200285,1.534266,0.033811,-0.004545
11.466667,0.036521,0.056822,-0.029350,-0.494863,-0.435762,0.301760,-1.545975,-0.021470,-0.018380,-0.019325,0.646073,-0.174232,1.503463,0.030204,0.007348
11.500000,0.033635,0.057326,-0.021449,-0.436225,-0.485275,0.271427,-1.529981,-0.026103,-0.016785,0.039427,0.637074,-0.138423,1.447881,0.031189,0.003641
11.533333,0.032946,0.052983,-0.025828,-0.363869,-0.531232,0.238203,-1.530526,-0.017448,-0.020035,0.110102,0.613892,-0.088761,1.385309,0.030160,-0.001443
11.566667,0.028043,0.050097,-0.027115,-0.328614,-0.574992,0.240576,-1.525270,-0.010113,-0.008743,0.189860,0.598467,-0.024327,1.353078,0.020464,0.001655
11.600000,0.024766,0.045623,-0.023483,-0.328276,-0.600736,0.256143,-1.527801,-0.008391,-0.016104,0.272732,0.610964,0.039416,1.325835,0.018195,-0.004554
11.633333,0.025246,0.042260,-0.016192,-0.359323,-0.604266,0.301772,-1.521032,-0.013610,-0.014856,0.333712,0.634950,0.075962,1.320085,0.023481,-0.019782
11.666667,0.027905,0.045584,-0.017482,-0.430370,-0.582283,0.387402,-1.532666,-0.011369,-0.009942,0.380466,0.673806,0.103555,1.347598,0.018341,-0.025035
11.700000,0.027830,0.043521,-0.013648,-0.530370,-0.558163,0.481504,-1.547269,-0.012200,-0.014091,0.431997,0.747258,0.143948,1.388804,0.022699,-0.027296
11.733333,0.036522,0.042615,-0.018706,-0.630370,-0.519654,0.575606,-1.543682,-0.016469,-0.019515,0.455878,0.789993,0.163497,1.430010,0.027776,-0.037192
11.766667,0.040274,0.044743,-0.025753,-0.730370,-0.489528,0.667899,-1.548650,-0.017603,-0.018773,0.455836,0.832729,0.157117,1.471794,0.028211,-0.033250
11.800000,0.039943,0.045784,-0.026108,-0.830370,-0.459402,0.766090,-1.555420,-0.017111,-0.019126,0.437685,0.875225,0.146270,1.509854,0.027345,-0.031761
11.833333,0.039412,0.039644,-0.020291,-0.930370,-0.419665,0.845309,-1.561117,-0.017246,-0.023445,0.393762,0.928841,0.104377,1.534006,0.024989,-0.022751
11.866667,0.043968,0.043634,-0.016215,-1.030370,-0.369774,0.897543,-1.561117,-0.018518,-0.015781,0.309838,0.942457,0.028346,1.555372,0.017183,-0.017832
11.900000,0.040551,0.046580,-0.008508,-1.103065,-0.333448,0.949131,-1.570000,-0.021223,-0.019015,0.225915,0.959179,-0.058275,1.556739,0.017246,-0.016291
11.933333,0.041677,0.043929,0.000966,-1.155760,-0.296528,0.982528,-1.570000,-0.021215,-0.019961,0.125915,0.955900,-0.158275,1.562811,0.014431,-0.021126
11.966667,0.041566,0.035429,0.005623,-1.168456,-0.299607,1.004868,-1.550000,-0.009000,-0.016564,0.025915,0.912913,-0.218275,1.546084,0.013848,-0.019307
12.000000,0.044707,0.032661,0.009659,-1.141151,-0.342687,1.018749,-1.510000,-0.005701,-0.008256,-0.062447,0.843934,-0.238275,1.510000,0.005686,-0.017955
12.033333,0.038006,0.022851,0.006905,-1.073846,-0.409764,1.042899,-1.450000,-0.001649,-0.010570,-0.125084,0.774956,-0.218275,1.450000,0.003628,-0.022149
12.066667,0.028717,0.020956,0.002253,-0.993846,-0.489764,1.041779,-1.370000,0.002202,-0.004095,-0.173102,0.694956,-0.180428,1.370000,0.001866,-0.021981
12.100000,0.023295,0.017612,-0.001407,-0.893846,-0.589764,1.020659,-1.270000,0.000892,0.003390,-0.196342,0.594956,-0.128770,1.270000,-0.003899,-0.014810
12.133333,0.018028,0.019721,-0.005101,-0.793846,-0.689764,0.970596,-1.170000,-0.004542,0.003294,-0.203624,0.494956,-0.083422,1.170000,-0.013614,-0.015216
12.166667,0.000950,0.020127,-0.022052,-0.693846,-0.789764,0.907964,-1.070000,-0.003746,-0.008142,-0.204630,0.394956,-0.060258,1.070000,-0.008515,-0.022332
12.200000,0.001147,0.021391,-0.026967,-0.593846,-0.889764,0.822047,-0.970000,0.000548,-0.009156,-0.205032,0.294956,-0.065246,0.970000,-0.002432,-0.011282
12.233333,0.001990,0.018239,-0.022521,-0.493846,-0.989764,0.722047,-0.870000,0.001150,-0.009843,-0.204157,0.194956,-0.053278,0.870000,-0.008996,-0.008012
12.266667,-0.002880,0.018737,-0.027525,-0.393846,-1.089764,0.622047,-0.770271,0.010277,-0.020542,-0.197981,0.094956,-0.035000,0.770000,-0.018245,-0.007286
12.300000,-0.004869,0.027547,-0.028989,-0.313736,-1.189764,0.522047,-0.693976,0.013168,-0.011785,-0.198773,-0.005044,-0.050411,0.670000,-0.015780,0.002493
12.333333,0.006047,0.027160,-0.015925,-0.253206,-1.273811,0.422047,-0.650184,0.011630,-0.005092,-0.207843,-0.105044,-0.083639,0.586936,-0.015975,0.005158
12.366667,0.010147,0.028279,-0.010545,-0.228332,-1.317858,0.362047,-0.645239,0.016052,0.002774,-0.242095,-0.205044,-0.128714,0.543872,-0.029068,-0.003079
12.400000,0.012687,0.041686,-0.008907,-0.243458,-1.347926,0.342047,-0.680294,0.014440,0.002828,-0.269763,-0.305044,-0.208592,0.540809,-0.032679,0.005369
12.433333,0.017850,0.040313,0.000399,-0.298584,-1.344203,0.362047,-0.755078,0.012849,0.010142,-0.309900,-0.405044,-0.308592,0.577745,-0.024907,-0.000871
12.466667,0.025210,0.040194,0.003833,-0.373820,-1.300481,0.422047,-0.846428,0.012595,0.001885,-0.319028,-0.505044,-0.408592,0.654681,-0.017938,-0.007563
12.500000,0.027772,0.047654,0.003611,-0.469476,-1.232710,0.522047,-0.945275,0.012444,0.006201,-0.297792,-0.565044,-0.508592,0.754681,-0.009455,0.005372
12.533333,0.022999,0.055379,0.006252,-0.529476,-1.164940,0.582047,-1.045275,0.008345,0.002476,-0.237703,-0.585044,-0.590490,0.854681,0.001962,0.005922
12.566667,0.029486,0.055276,0.010018,-0.566156,-1.071149,0.602047,-1.145275,0.020355,0.012208,-0.160095,-0.565044,-0.632389,0.954681,0.008573,0.001437
12.600000,0.029367,0.065316,0.015174,-0.581208,-0.971149,0.582047,-1.245275,0.030673,0.025266,-0.060095,-0.505044,-0.634287,1.054681,0.007939,0.004425
12.633333,0.024722,0.061939,0.013640,-0.569040,-0.871149,0.522047,-1.345275,0.033508,0.029128,0.039905,-0.405044,-0.596185,1.154681,0.004697,0.005478
12.666667,0.025646,0.059761,0.013271,-0.539080,-0.771149,0.422047,-1.426338,0.039340,0.033085,0.139905,-0.305044,-0.518084,1.254681,-0.002607,-0.010185
12.700000,0.036856,0.054727,0.008558,-0.548428,-0.671149,0.336902,-1.491283,0.037617,0.026000,0.239905,-0.205044,-0.418084,1.354681,-0.005838,-0.009636
12.733333,0.033251,0.046957,0.004219,-0.580335,-0.590147,0.291757,-1.536228,0.030516,0.021755,0.339905,-0.105044,-0.358084,1.436039,-0.002681,-0.011223
12.766667,0.032242,0.043568,-0.005581,-0.633870,-0.523842,0.286612,-1.551120,0.026528,0.019395,0.439905,-0.005044,-0.338084,1.492695,-0.006269,-0.010802
12.800000,0.037242,0.048398,-0.001903,-0.714624,-0.482131,0.321467,-1.556065,0.026681,0.026329,0.502504,0.094956,-0.358084,1.523896,-0.005792,-0.005957
12.833333,0.036102,0.043794,-0.002406,-0.813171,-0.474859,0.396322,-1.559947,0.025232,0.015707,0.531575,0.194956,-0.418084,1.541490,-0.002315,-0.003276
12.866667,0.026721,0.035504,-0.009386,-0.912410,-0.491342,0.496322,-1.559947,0.033738,0.017665,0.552786,0.294956,-0.518084,1.541917,0.004624,0.002894
12.900000,0.030206,0.040611,-0.009957,-1.012410,-0.526000,0.596322,-1.559947,0.034214,0.010832,0.573997,0.380164,-0.618084,1.538755,0.006255,0.005498
12.933333,0.027857,0.036776,-0.008718,-1.112410,-0.576765,0.696323,-1.570000,0.027194,-0.001072,0.595208,0.435504,-0.718084,1.521521,0.013755,0.001843
12.966667,0.024413,0.036439,-0.024204,-1.172869,-0.607941,0.796323,-1.570000,0.034951,-0.008869,0.653820,0.450843,-0.818084,1.519320,0.020195,-0.003622
13.000000,0.025433,0.042504,-0.029683,-1.193328,-0.644678,0.877547,-1.550000,0.032002,-0.003341,0.745960,0.426183,-0.918084,1.490726,0.021085,0.000989
13.033333,0.021566,0.050786,-0.025193,-1.173788,-0.697659,0.918771,-1.510000,0.024168,-0.001149,0.845960,0.361522,-1.018084,1.439298,0.012391,-0.005504
13.066667,0.011299,0.052140,-0.032971,-1.114247,-0.753468,0.919995,-1.450000,0.018672,0.007552,0.945960,0.271653,-1.078084,1.370102,0.007842,-0.011125
13.100000,0.011223,0.053820,-0.029581,-1.014706,-0.807125,0.881219,-1.370000,0.015741,0.012786,1.005960,0.193186,-1.098084,1.299680,0.009463,-0.002058
13.133333,0.010272,0.046264,-0.017020,-0.914706,-0.855777,0.802443,-1.270000,0.001542,0.012844,1.025960,0.152762,-1.078084,1.199680,-0.001269,-0.000745
13.166667,0.009200,0.051373,-0.012245,-0.814706,-0.879836,0.702443,-1.170000,-0.003043,0.014252,1.005960,0.138640,-1.018084,1.099681,-0.010466,0.000629
13.200000,0.009511,0.049679,-0.007061,-0.714706,-0.873658,0.602443,-1.070000,-0.000668,0.014160,0.945960,0.158288,-0.918084,1.016268,-0.014509,0.007246
13.233333,0.021569,0.038217,0.000205,-0.614706,-0.837807,0.502443,-0.970000,-0.001353,0.003148,0.845960,0.188654,-0.818084,0.968391,-0.012541,0.006882
13.266667,0.030064,0.037978,-0.004367,-0.514706,-0.773304,0.402443,-0.899558,0.007172,0.005307,0.745960,0.237487,-0.718084,0.960514,-0.027907,0.000375
13.300000,0.036688,0.039791,-0.007649,-0.422428,-0.708801,0.302443,-0.869115,0.009465,0.000959,0.645960,0.288277,-0.618084,0.983850,-0.029224,0.000360
13.333333,0.040335,0.029720,-0.001451,-0.370149,-0.628891,0.218414,-0.878673,0.012930,0.002503,0.545960,0.352765,-0.532157,1.047185,-0.021172,-0.006182
13.366667,0.052577,0.025011,-0.001767,-0.357870,-0.544483,0.166288,-0.928231,0.008806,0.003717,0.445960,0.423483,-0.486231,1.133932,-0.023329,-0.021390
13.400000,0.047579,0.028832,-0.002924,-0.385592,-0.466120,0.154162,-1.017788,0.016916,0.005275,0.345960,0.523483,-0.480304,1.225144,-0.026069,-0.019040
13.433333,0.044465,0.029978,0.004591,-0.453313,-0.397340,0.181167,-1.117788,0.009113,-0.004181,0.245960,0.623483,-0.514378,1.300825,-0.014897,-0.022750
13.466667,0.049401,0.032482,0.009030,-0.522548,-0.344903,0.237320,-1.207740,0.016005,0.002666,0.145960,0.723483,-0.550694,1.356677,-0.015701,-0.016235
13.500000,0.053981,0.036564,0.010916,-0.584737,-0.323210,0.277502,-1.290782,0.014078,-0.007686,0.045960,0.808671,-0.572936,1.392603,-0.017192,-0.011693
13.533333,0.037570,0.042291,0.001587,-0.623711,-0.326744,0.285781,-1.362088,0.013348,-0.013600,-0.025983,0.883504,-0.555178,1.407645,-0.010860,-0.002123
13.566667,0.031071,0.050870,-0.002490,-0.660413,-0.316976,0.273549,-1.422115,0.009036,-0.004575,-0.065293,0.918337,-0.497420,1.401690,-0.011321,0.007100
13.600000,0.032701,0.052206,-0.004046,-0.657116,-0.327442,0.229713,-1.442141,0.009519,0.004647,-0.072692,0.913169,-0.407573,1.371265,-0.009225,0.015264
13.633333,0.020808,0.044965,-0.011630,-0.647597,-0.352825,0.172429,-1.459280,0.009967,-0.007650,-0.080090,0.868002,-0.321369,1.329458,-0.002214,0.008128
13.666667,0.022222,0.044100,-0.027928,-0.626136,-0.378858,0.155144,-1.453252,0.016404,-0.004541,-0.087488,0.797646,-0.268669,1.267576,0.001418,0.008717
13.700000,0.032407,0.042182,-0.016843,-0.614444,-0.414272,0.154292,-1.447196,0.021061,-0.002164,-0.122616,0.697646,-0.229745,1.186578,0.006223,0.010767
13.733333,0.039944,0.033199,-0.013298,-0.592208,-0.471925,0.163415,-1.427415,0.021005,-0.012301,-0.189571,0.597646,-0.211355,1.086578,0.008518,-0.001335
13.766667,0.036035,0.033398,-0.018081,-0.609971,-0.539762,0.205009,-1.416037,0.018590,-0.009457,-0.288259,0.497646,-0.218529,1.025634,0.008844,-0.004429
13.800000,0.040026,0.034354,-0.013184,-0.664722,-0.607650,0.270904,-1.417596,0.012759,-0.006265,-0.386948,0.397646,-0.259818,1.004689,0.008703,-0.004985
13.833333,0.036614,0.033420,-0.001951,-0.738461,-0.657503,0.336799,-1.419347,0.007191,-0.004004,-0.485637,0.297646,-0.307602,1.023745,0.008005,-0.006109
13.866667,0.027513,0.036998,-0.003909,-0.825647,-0.683084,0.426262,-1.406741,0.005141,0.002544,-0.584653,0.208912,-0.381611,1.082801,0.001244,-0.016195
13.900000,0.022973,0.036197,-0.001469,-0.925647,-0.711289,0.526262,-1.417097,0.008134,0.002844,-0.684475,0.120178,-0.475086,1.181856,0.000019,-0.016044
13.933333,0.024322,0.030523,0.004343,-1.025647,-0.708190,0.626262,-1.435187,0.014213,-0.000712,-0.784475,0.031445,-0.575086,1.281856,0.004920,-0.013729
13.966667,0.022128,0.035303,-0.001285,-1.122608,-0.685714,0.726262,-1.443463,0.011931,0.003931,-0.884475,-0.040715,-0.675086,1.379485,-0.005872,-0.013774
14.000000,0.012157,0.031208,-0.003417,-1.194646,-0.656491,0.826262,-1.465447,0.013401,-0.001066,-0.984475,-0.109721,-0.775086,1.453749,-0.007689,-0.018351
14.033333,0.023901,0.024305,-0.005070,-1.251193,-0.613617,0.926262,-1.492995,0.007112,-0.009112,-1.077981,-0.176406,-0.875086,1.511378,-0.009282,-0.016859
14.066667,0.028954,0.021875,-0.012995,-1.286503,-0.548786,1.026262,-1.507690,0.005940,-0.003309,-1.143437,-0.242159,-0.975086,1.549007,-0.023678,-0.010915
14.100000,0.025681,0.022190,-0.016260,-1.281814,-0.515260,1.126262,-1.517358,0.005352,-0.011681,-1.168893,-0.289063,-1.075086,1.566635,-0.032142,-0.011502
14.133333,0.026450,0.015016,-0.013859,-1.240163,-0.479148,1.226262,-1.511346,0.000590,-0.015004,-1.154349,-0.344542,-1.175086,1.561304,-0.023036,-0.018959
14.166667,0.034601,0.015518,-0.016316,-1.183435,-0.458315,1.323124,-1.507903,-0.006911,-0.020643,-1.099805,-0.403174,-1.235086,1.541745,-0.026488,-0.016437
14.200000,0.026792,0.016056,-0.016464,-1.102198,-0.467502,1.384439,-1.496534,-0.002472,-0.018973,-1.011755,-0.475394,-1.255086,1.513249,-0.019207,-0.007854
14.233333,0.017826,0.023192,-0.007487,-1.002198,-0.493276,1.432045,-1.467750,-0.002100,-0.024234,-0.911755,-0.548545,-1.235086,1.474283,-0.004487,-0.010185
14.266667,0.032628,0.033982,-0.001129,-0.902198,-0.496265,1.439651,-1.432747,0.003744,-0.003605,-0.811755,-0.640547,-1.175086,1.439901,-0.006361,-0.006258
14.300000,0.029288,0.037802,0.004739,-0.802198,-0.529904,1.407258,-1.423239,0.005236,-0.000331,-0.711755,-0.726456,-1.075086,1.392145,-0.007942,0.005428
14.333333,0.022716,0.039191,-0.004722,-0.702198,-0.547817,1.344498,-1.416352,0.017312,0.003184,-0.611755,-0.800392,-0.975086,1.360010,-0.003315,0.009639
14.366667,0.020635,0.047402,-0.004114,-0.609426,-0.569010,1.287347,-1.403143,0.013683,0.010714,-0.511755,-0.857266,-0.875086,1.313448,-0.004093,0.013758
14.400000,0.025059,0.039546,-0.007282,-0.516655,-0.596896,1.203904,-1.412045,0.011952,0.008818,-0.411755,-0.891659,-0.775086,1.257356,-0.004203,0.013291
14.433333,0.013743,0.032072,-0.020776,-0.423883,-0.629362,1.120462,-1.424978,0.004147,-0.004179,-0.318743,-0.897735,-0.675086,1.176680,0.001354,0.011403
14.466667,0.014466,0.034455,-0.031681,-0.331112,-0.636021,1.037019,-1.413426,0.011530,-0.004288,-0.227222,-0.895293,-0.575086,1.094710,-0.002355,0.016261
14.500000,0.011317,0.031870,-0.023362,-0.238340,-0.657023,0.947079,-1.372860,0.008618,0.002853,-0.157458,-0.898015,-0.475086,0.994710,-0.007507,0.012967
14.533333,0.014612,0.026316,-0.027367,-0.145075,-0.671067,0.847079,-1.348594,0.013209,-0.000942,-0.102603,-0.902935,-0.375086,0.894710,-0.008247,0.008610
14.566667,0.008623,0.024978,-0.028267,-0.091810,-0.688010,0.771680,-1.334530,0.017545,0.007331,-0.060391,-0.909048,-0.275766,0.794710,-0.012403,0.012422
14.600000,0.003439,0.020238,-0.022934,-0.078545,-0.692173,0.736281,-1.348753,0.019424,0.003778,-0.011190,-0.934993,-0.176447,0.734710,-0.016016,0.005974
14.633333,0.002524,0.016889,-0.014252,-0.105281,-0.682142,0.736506,-1.364287,0.013369,0.001856,0.030985,-0.946834,-0.105246,0.714710,-0.008915,-0.004243
14.666667,0.004301,0.022774,-0.015673,-0.172016,-0.689255,0.776731,-1.399052,0.014327,0.004972,0.054919,-0.951897,-0.074045,0.734710,-0.007219,-0.010858
14.700000,0.001949,0.022046,-0.012178,-0.272016,-0.708077,0.856957,-1.443541,0.013620,0.002567,0.053760,-0.946000,-0.082844,0.794710,-0.003861,-0.013425
14.733333,0.012512,0.021623,-0.016989,-0.372016,-0.708093,0.952581,-1.451438,0.012494,0.000691,0.025246,-0.961391,-0.130962,0.894710,0.001069,-0.022722
14.766667,0.018738,0.022808,-0.023507,-0.472016,-0.731281,1.048206,-1.461441,0.011339,0.000891,-0.043269,-0.945266,-0.219080,0.994710,0.002903,-0.018916
14.800000,0.018109,0.021521,-0.023709,-0.572016,-0.756355,1.148206,-1.475499,0.012296,0.000563,-0.143269,-0.925855,-0.319080,1.094710,-0.003037,-0.019451
14.833333,0.015802,0.013983,-0.017606,-0.672016,-0.743776,1.248206,-1.493695,0.008528,-0.004124,-0.243269,-0.881048,-0.419080,1.194710,-0.007976,-0.009436
14.866667,0.017924,0.015273,-0.013856,-0.772016,-0.705530,1.338291,-1.497702,0.007664,0.001090,-0.343269,-0.846544,-0.519080,1.294710,-0.014795,-0.006262
14.900000,0.013545,0.014782,-0.005614,-0.872016,-0.653936,1.410501,-1.528898,0.002535,-0.003005,-0.443269,-0.772040,-0.619080,1.380036,-0.014651,-0.003364
14.933333,0.010983,0.010357,0.003866,-0.972016,-0.586993,1.462711,-1.540776,0.001211,-0.004372,-0.543269,-0.697536,-0.719080,1.445362,-0.012996,-0.007207
14.966667,0.017513,0.008790,0.008923,-1.032016,-0.558165,1.474921,-1.531775,0.010932,-0.006021,-0.603269,-0.663032,-0.800734,1.470688,-0.004304,-0.008078
15.000000,0.028268,0.009574,0.013085,-1.053477,-0.569337,1.475638,-1.511612,0.012162,0.000356,-0.644854,-0.667509,-0.877430,1.456014,-0.004252,-0.008498
15.033333,0.031571,0.006181,0.011511,-1.062721,-0.606177,1.467783,-1.500686,0.010165,-0.002987,-0.665578,-0.687509,-0.937080,1.401340,0.000648,-0.013770
15.066667,0.027337,0.011664,0.007249,-1.050965,-0.683017,1.465284,-1.477828,0.009909,0.000489,-0.669140,-0.747509,-0.976373,1.321340,0.002856,-0.015244
15.100000,0.028965,0.015411,0.003201,-1.014058,-0.783017,1.450508,-1.451424,0.004500,0.001617,-0.638946,-0.847509,-0.975666,1.221340,-0.001854,-0.013540
15.133333,0.027229,0.018767,-0.000967,-1.002016,-0.883017,1.455509,-1.450697,-0.004163,0.003806,-0.628816,-0.947509,-0.953304,1.121340,-0.008003,-0.012733
15.166667,0.009996,0.021423,-0.018277,-0.988823,-0.983017,1.472003,-1.447975,-0.002982,-0.008681,-0.597102,-1.047509,-0.895902,1.021340,-0.002419,-0.022294
15.200000,0.009072,0.024628,-0.022951,-0.971420,-1.083017,1.506983,-1.433144,0.000434,-0.014170,-0.546248,-1.147509,-0.815544,0.921340,-0.000507,-0.011967
15.233333,0.013028,0.022060,-0.018407,-0.943062,-1.183017,1.532771,-1.421802,0.001389,-0.015483,-0.472556,-1.234582,-0.715544,0.821340,-0.004645,-0.010381
15.266667,0.006745,0.024183,-0.022910,-0.899854,-1.268413,1.550835,-1.394006,0.009087,-0.026454,-0.394706,-1.284400,-0.615544,0.721340,-0.009645,-0.007413
15.300000,0.001695,0.032412,-0.024216,-0.831783,-1.333810,1.549122,-1.340533,0.008691,-0.020257,-0.315198,-1.330764,-0.522135,0.633586,-0.009680,0.002208
15.333333,0.011358,0.031083,-0.010697,-0.763400,-1.371430,1.507409,-1.276846,0.002850,-0.016417,-0.251711,-1.338222,-0.429666,0.545832,-0.010106,0.008739
15.366667,0.013562,0.030002,-0.007110,-0.671445,-1.369050,1.425696,-1.199000,0.007130,-0.003457,-0.203913,-1.305680,-0.337196,0.467216,-0.022083,0.002538
15.400000,0.014675,0.040884,-0.007849,-0.571445,-1.326670,1.325696,-1.139000,0.002269,-0.003964,-0.158149,-1.246065,-0.251414,0.428599,-0.026526,0.014700
15.433333,0.022034,0.039695,-0.000183,-0.471445,-1.260281,1.225696,-1.119000,0.000030,0.007271,-0.131812,-1.199723,-0.165631,0.429983,-0.015208,0.012327
15.466667,0.029183,0.037031,0.001296,-0.378811,-1.193593,1.125696,-1.139000,0.001143,0.001922,-0.122776,-1.136841,-0.091542,0.459120,-0.009134,0.006431
15.500000,0.035514,0.040514,-0.000466,-0.316791,-1.150320,1.025696,-1.199000,0.002067,0.007107,-0.107333,-1.076905,-0.043647,0.528257,-0.006770,0.016905
15.533333,0.031900,0.043078,0.002229,-0.272752,-1.126882,0.925696,-1.299000,-0.005180,-0.001206,-0.093474,-1.054625,-0.004314,0.628257,0.000656,0.017320
15.566667,0.039099,0.038008,0.005860,-0.264654,-1.134143,0.825696,-1.393200,0.005476,0.005900,-0.104854,-1.065709,0.014191,0.709799,0.005414,0.009964
15.600000,0.040920,0.040231,0.012435,-0.296557,-1.180017,0.725696,-1.464101,0.010524,0.013610,-0.131719,-1.094552,-0.007304,0.751340,0.000009,0.011959
15.633333,0.037495,0.033866,0.012716,-0.361093,-1.238191,0.633431,-1.495003,0.008154,0.014066,-0.133082,-1.136739,-0.036810,0.752882,-0.005735,0.008272
15.666667,0.035083,0.031791,0.014895,-0.404221,-1.283242,0.581166,-1.485904,0.010105,0.015131,-0.158900,-1.204779,-0.067543,0.714423,-0.008566,-0.008255
15.700000,0.042994,0.026516,0.011337,-0.466319,-1.328645,0.568901,-1.436805,0.008710,0.004858,-0.190040,-1.266711,-0.129715,0.642514,-0.010461,-0.010780
15.733333,0.034954,0.019452,0.009178,-0.522968,-1.369160,0.596637,-1.367192,0.003008,0.000739,-0.207577,-1.299326,-0.194385,0.576434,-0.007855,-0.013227
15.766667,0.028156,0.019506,-0.000737,-0.565392,-1.378913,0.664372,-1.292832,0.001258,-0.001174,-0.226800,-1.298164,-0.259054,0.550354,-0.012291,-0.015874
15.800000,0.028093,0.025925,0.001364,-0.607816,-1.382033,0.764372,-1.258472,0.004049,0.006214,-0.275820,-1.282336,-0.337429,0.564274,-0.013724,-0.009517
15.833333,0.023979,0.022583,-0.002279,-0.677083,-1.388031,0.864372,-1.257077,0.003025,0.002766,-0.330771,-1.245776,-0.427444,0.618194,-0.011165,-0.010342
15.866667,0.012193,0.020367,-0.009936,-0.726801,-1.393843,0.964372,-1.271410,0.013543,0.005730,-0.389086,-1.177670,-0.517458,0.705565,-0.001496,-0.006727
15.900000,0.016807,0.030506,-0.011293,-0.781996,-1.393843,1.064372,-1.300092,0.014138,0.001393,-0.447909,-1.120914,-0.617458,0.805565,-0.000309,-0.007092
15.933333,0.015871,0.027514,-0.009020,-0.831652,-1.404606,1.164372,-1.336457,0.010383,-0.008793,-0.487450,-1.064159,-0.717458,0.905565,0.005056,-0.011860
15.966667,0.013205,0.028082,-0.021114,-0.864296,-1.390000,1.264372,-1.349242,0.017703,-0.012404,-0.486991,-0.988722,-0.817458,1.005565,0.014964,-0.018430
16.000000,0.020601,0.034703,-0.020811,-0.876375,-1.375907,1.364372,-1.346217,0.017580,-0.008236,-0.446531,-0.904120,-0.917458,1.105565,0.018515,-0.007277
16.033333,0.025617,0.042198,-0.013511,-0.878582,-1.373211,1.447998,-1.342796,0.006689,-0.000761,-0.380111,-0.819519,-1.017458,1.205565,0.010848,-0.014877
16.066667,0.018849,0.046180,-0.017449,-0.844818,-1.364529,1.491624,-1.328495,-0.001107,0.007648,-0.299515,-0.719519,-1.117458,1.288003,0.007856,-0.015598
16.100000,0.021306,0.050773,-0.013543,-0.790820,-1.356735,1.495250,-1.308284,-0.008640,0.015560,-0.199515,-0.619519,-1.217458,1.352894,0.014893,-0.000236
16.133333,0.021678,0.046997,-0.001023,-0.713833,-1.352242,1.458876,-1.276051,-0.019714,0.013729,-0.099515,-0.519519,-1.277458,1.377785,0.004700,0.006773
16.166667,0.014533,0.057757,0.001674,-0.621363,-1.353973,1.382502,-1.226663,-0.026071,0.014777,0.000485,-0.419519,-1.297458,1.363508,-0.003358,0.013366
16.200000,0.007803,0.057863,0.005028,-0.521363,-1.356138,1.282502,-1.170218,-0.019573,0.014860,0.100485,-0.346870,-1.277458,1.309231,-0.001188,0.033111
16.233333,0.013593,0.045366,0.009145,-0.421363,-1.364819,1.182502,-1.120850,-0.015336,0.005813,0.200485,-0.314221,-1.217458,1.232515,0.005647,0.040329
16.266667,0.016256,0.045463,0.003682,-0.359090,-1.371896,1.082502,-1.097756,-0.003040,0.008249,0.300485,-0.321572,-1.117458,1.133347,-0.006273,0.036479
16.300000,0.021098,0.044573,-0.001823,-0.336816,-1.396389,0.982502,-1.110263,-0.003763,0.003960,0.400485,-0.368923,-1.017458,1.034179,-0.001535,0.040915
16.333333,0.023278,0.031218,0.003081,-0.353434,-1.408751,0.882502,-1.162770,0.001781,0.004265,0.500485,-0.456274,-0.917458,0.934179,0.006983,0.034361
16.366667,0.034417,0.024809,0.001917,-0.392525,-1.404702,0.786783,-1.247002,-0.002674,0.005950,0.600485,-0.528619,-0.817458,0.834179,0.001254,0.017101
16.400000,0.030137,0.028315,0.001158,-0.446348,-1.404702,0.730643,-1.347002,-0.000465,0.007500,0.700485,-0.590632,-0.717458,0.734179,-0.000093,0.016028
16.433333,0.029401,0.028797,0.007651,-0.470975,-1.391074,0.706938,-1.431602,-0.008549,0.000421,0.800485,-0.614335,-0.617458,0.634179,0.012723,0.011853
16.466667,0.034740,0.032532,0.011592,-0.461494,-1.356730,0.723233,-1.481265,-0.001750,0.006692,0.900485,-0.618418,-0.517458,0.534179,0.011019,0.016469
16.500000,0.039421,0.039519,0.012027,-0.442689,-1.335086,0.747928,-1.525865,-0.005195,-0.002602,1.000485,-0.602914,-0.424019,0.434179,0.012346,0.021942
16.533333,0.025764,0.047933,0.002047,-0.419988,-1.326814,0.785876,-1.550464,-0.008600,-0.011135,1.100485,-0.578115,-0.344051,0.334179,0.021782,0.034108
16.566667,0.018906,0.060721,-0.003628,-0.422555,-1.294512,0.813656,-1.555064,-0.008664,-0.001572,1.200485,-0.561578,-0.281110,0.252368,0.023281,0.047219
16.600000,0.021241,0.064229,-0.006620,-0.426942,-1.271893,0.822018,-1.549198,-0.009238,0.004599,1.300485,-0.574260,-0.236028,0.186066,0.026240,0.056559
16.633333,0.010376,0.060718,-0.015548,-0.438452,-1.263063,0.799582,-1.564134,-0.010222,-0.005139,1.400485,-0.577383,-0.190946,0.123313,0.034208,0.050522
16.666667,0.010698,0.059485,-0.031671,-0.448100,-1.228707,0.795838,-1.561856,-0.000844,0.000386,1.500485,-0.594547,-0.141641,0.100560,0.037760,0.050312
16.700000,0.015722,0.059321,-0.021236,-0.473212,-1.181815,0.785379,-1.561856,0.002652,0.002758,1.600485,-0.620430,-0.078864,0.103691,0.041985,0.053234
16.733333,0.024988,0.048675,-0.018940,-0.468015,-1.134370,0.745508,-1.556916,0.004163,-0.004538,1.700485,-0.618898,0.000938,0.128632,0.042665,0.038792
16.766667,0.018464,0.049822,-0.022392,-0.484093,-1.091226,0.699319,-1.546993,0.005466,-0.002525,1.800485,-0.593225,0.080309,0.178065,0.039556,0.034185
16.800000,0.022047,0.050672,-0.016758,-0.518187,-1.034291,0.643987,-1.546994,0.001940,-0.000988,1.900485,-0.556730,0.129472,0.263948,0.038250,0.031287
16.833333,0.020456,0.050210,-0.006123,-0.557399,-0.970183,0.561563,-1.549272,-0.004917,-0.000270,1.960485,-0.485782,0.140973,0.349831,0.035442,0.028593
16.866667,0.017963,0.054607,-0.008556,-0.577331,-0.889821,0.468320,-1.547471,-0.001136,0.007269,1.980485,-0.403065,0.123571,0.449831,0.023877,0.012270
16.900000,0.016592,0.053951,-0.005647,-0.601146,-0.809459,0.375077,-1.552411,0.000327,0.002892,1.960485,-0.335383,0.080528,0.549832,0.018776,0.010684
16.933333,0.021297,0.047987,-0.000975,-0.617159,-0.709459,0.275135,-1.568199,0.007768,-0.001823,1.900485,-0.289544,0.034070,0.649832,0.017345,0.009364
16.966667,0.023175,0.051137,-0.007806,-0.628165,-0.649459,0.215135,-1.568199,0.008124,0.004912,1.800485,-0.245599,0.001109,0.749832,0.005457,0.012835
17.000000,0.019029,0.047731,-0.011490,-0.614828,-0.629459,0.185528,-1.568199,0.010021,0.002292,1.700485,-0.241654,-0.011387,0.825874,0.002310,0.009202
17.033333,0.031540,0.042324,-0.012584,-0.626728,-0.649459,0.195922,-1.570000,0.002392,-0.001429,1.640485,-0.269724,-0.000976,0.901916,0.004545,0.012538
17.066667,0.035807,0.042270,-0.021355,-0.665055,-0.691574,0.246316,-1.570000,0.001746,0.010458,1.620485,-0.309855,0.035076,0.977959,-0.006686,0.020761
17.100000,0.035604,0.043457,-0.025159,-0.719558,-0.767566,0.336710,-1.570000,-0.002023,0.009660,1.640485,-0.333587,0.075385,1.054001,-0.004297,0.027218
17.133333,0.035195,0.034658,-0.021851,-0.772335,-0.808614,0.427103,-1.569587,-0.007441,0.008753,1.700485,-0.373176,0.114651,1.130043,0.010168,0.019399
17.166667,0.040634,0.036436,-0.024153,-0.835299,-0.827219,0.527103,-1.569587,-0.014758,0.004830,1.800485,-0.395354,0.164521,1.230043,0.010252,0.020863
17.200000,0.033008,0.037576,-0.024279,-0.874230,-0.836911,0.627103,-1.569251,-0.013974,0.004591,1.900485,-0.400013,0.200966,1.330043,0.019608,0.028848
17.233333,0.024000,0.045915,-0.016617,-0.873161,-0.837457,0.723048,-1.548914,-0.015470,-0.000899,2.000485,-0.396000,0.208687,1.400081,0.037509,0.027129
17.266667,0.036067,0.057435,-0.010830,-0.832092,-0.816622,0.778992,-1.508577,-0.012617,0.017000,2.100485,-0.391850,0.214152,1.445382,0.032090,0.029252
17.300000,0.034873,0.068702,-0.006441,-0.766726,-0.828347,0.794937,-1.448653,-0.009940,0.017559,2.200485,-0.370049,0.208686,1.451953,0.028266,0.036153
17.333333,0.027100,0.071092,-0.015129,-0.682694,-0.822514,0.770882,-1.388809,0.002759,0.019252,2.300485,-0.361734,0.188259,1.437859,0.031972,0.037648
17.366667,0.025202,0.078143,-0.016094,-0.582694,-0.798626,0.706826,-1.333763,-0.000427,0.024298,2.360485,-0.378922,0.147252,1.383766,0.028005,0.041476
17.400000,0.028249,0.067882,-0.015241,-0.482694,-0.786211,0.606826,-1.306107,-0.001387,0.018688,2.380485,-0.407170,0.094969,1.319634,0.022214,0.038119
17.433333,0.016361,0.058902,-0.025409,-0.382694,-0.772358,0.506826,-1.307827,-0.004091,0.003106,2.360485,-0.463344,0.030532,1.240240,0.026680,0.032127
17.466667,0.011748,0.056193,-0.032128,-0.309575,-0.728665,0.406826,-1.349547,0.003110,-0.000328,2.300485,-0.547346,-0.031390,1.159576,0.015137,0.037218
17.500000,0.011645,0.049903,-0.020280,-0.263737,-0.696401,0.306826,-1.397489,0.000073,0.002210,2.200485,-0.625926,-0.076004,1.090455,0.007106,0.033478
17.533333,0.013847,0.041017,-0.021020,-0.231746,-0.679974,0.206826,-1.441732,0.011795,-0.002549,2.100485,-0.689987,-0.110228,1.036503,0.001841,0.026467
17.566667,0.013628,0.036895,-0.021500,-0.239756,-0.673235,0.120003,-1.487110,0.017596,0.003585,2.000485,-0.732916,-0.139118,1.018016,-0.006639,0.026999
17.600000,0.012386,0.029699,-0.017042,-0.287766,-0.665718,0.066061,-1.525445,0.020340,-0.002580,1.900485,-0.757915,-0.176148,1.004639,-0.011655,0.020984
17.633333,0.017143,0.024944,-0.010295,-0.348894,-0.650425,0.038593,-1.539153,0.015167,-0.002212,1.800485,-0.759874,-0.227008,1.017717,-0.007385,0.005416
17.666667,0.020211,0.028682,-0.012913,-0.422742,-0.661289,0.051125,-1.541398,0.019238,0.000495,1.700485,-0.768633,-0.299449,1.039915,-0.011080,-0.001117
17.700000,0.020719,0.026155,-0.009866,-0.522742,-0.683286,0.103658,-1.547621,0.017190,-0.001913,1.600485,-0.764867,-0.343181,1.086946,-0.010970,-0.006386
17.733333,0.029184,0.024862,-0.016417,-0.622742,-0.693480,0.183013,-1.532654,0.017223,-0.004168,1.500485,-0.775730,-0.352247,1.138511,-0.006502,-0.014118
17.766667,0.030181,0.026922,-0.023180,-0.722742,-0.733392,0.269488,-1.532936,0.014093,-0.003573,1.400485,-0.764521,-0.321314,1.191670,-0.007615,-0.012131
17.800000,0.029128,0.027725,-0.023396,-0.822742,-0.806082,0.369488,-1.537844,0.016258,-0.003904,1.300485,-0.748424,-0.250380,1.218374,-0.005905,-0.009785
17.833333,0.024450,0.021190,-0.018118,-0.922742,-0.844648,0.469488,-1.547502,0.014669,-0.005080,1.200485,-0.700714,-0.155480,1.205078,-0.005301,-0.000626
17.866667,0.024599,0.024524,-0.014437,-1.018614,-0.869915,0.569488,-1.552418,0.012381,0.004161,1.100485,-0.680047,-0.076469,1.151782,-0.009647,0.004555
17.900000,0.017623,0.026867,-0.006442,-1.074486,-0.893664,0.643858,-1.570000,0.008778,-0.001715,1.000485,-0.648231,-0.033653,1.058486,-0.008558,0.008957
17.933333,0.016160,0.023678,0.002158,-1.090358,-0.897413,0.698228,-1.570000,0.010420,-0.003508,0.900485,-0.636416,-0.010837,0.958486,-0.007644,0.007732
17.966667,0.016050,0.018771,0.007814,-1.066230,-0.891737,0.712597,-1.561335,0.015920,-0.004349,0.800485,-0.664600,-0.028021,0.898486,-0.000065,0.005464
18.000000,0.020930,0.018284,0.011726,-1.002102,-0.922277,0.686967,-1.561335,0.014559,-0.001468,0.700485,-0.726946,-0.081006,0.878486,-0.000687,0.003328
18.033333,0.016662,0.012471,0.009908,-0.902102,-0.946985,0.621337,-1.561335,0.012459,-0.009266,0.600485,-0.789292,-0.157200,0.898486,0.006524,-0.000653
18.066667,0.009011,0.014128,0.007066,-0.802102,-0.977299,0.541337,-1.561335,0.008389,-0.004483,0.500485,-0.869292,-0.237200,0.958486,0.013043,-0.005136
18.100000,0.008462,0.014006,0.004664,-0.702102,-1.021791,0.441337,-1.561335,-0.001175,-0.003299,0.400485,-0.969292,-0.337200,1.044068,0.013913,-0.005901
18.133333,0.006035,0.016953,0.001150,-0.602102,-1.082931,0.341337,-1.570000,-0.009716,-0.000341,0.300485,-1.069292,-0.437200,1.093481,0.007890,-0.001641
18.166667,-0.008650,0.019621,-0.014972,-0.502102,-1.136098,0.281337,-1.550000,-0.009669,-0.015286,0.200485,-1.129292,-0.537200,1.102894,0.014096,-0.009712
18.200000,-0.007147,0.023750,-0.020698,-0.429321,-1.187677,0.261337,-1.510000,-0.005038,-0.019643,0.100485,-1.170863,-0.614891,1.072307,0.017512,-0.000733
18.233333,-0.003274,0.021908,-0.017431,-0.367864,-1.249777,0.281337,-1.450000,-0.003995,-0.021869,0.000485,-1.187922,-0.652581,1.001720,0.010307,0.000060
18.266667,-0.008780,0.023856,-0.023771,-0.340512,-1.303736,0.341337,-1.386626,0.006145,-0.029668,-0.065617,-1.164981,-0.650271,0.905552,0.003106,0.003780
18.300000,-0.010964,0.033755,-0.026514,-0.353160,-1.326815,0.441337,-1.327835,0.007391,-0.025626,-0.119324,-1.138690,-0.607961,0.805552,0.001595,0.010127
18.333333,-0.000166,0.033096,-0.014824,-0.405808,-1.336963,0.541337,-1.294975,0.002182,-0.018616,-0.146031,-1.118258,-0.525651,0.716086,-0.000677,0.011368
18.366667,0.006549,0.030456,-0.010392,-0.471236,-1.327829,0.641337,-1.264894,0.006761,-0.005145,-0.148029,-1.082894,-0.425651,0.654066,-0.012646,0.002714
18.400000,0.009581,0.042089,-0.010736,-0.545570,-1.321761,0.741337,-1.263496,0.001544,-0.002535,-0.117633,-1.035068,-0.340744,0.616677,-0.014705,0.012837
18.433333,0.014356,0.040368,-0.001823,-0.609263,-1.312822,0.840061,-1.266573,-0.000938,0.005258,-0.109655,-1.026239,-0.256813,0.612208,-0.008020,0.004448
18.466667,0.019369,0.035834,0.000458,-0.632955,-1.318028,0.898785,-1.245069,-0.002377,-0.002103,-0.110425,-1.001474,-0.202251,0.618822,-0.002919,-0.004126
18.500000,0.023982,0.036361,-0.000867,-0.616648,-1.331785,0.917509,-1.197634,-0.004573,0.001241,-0.104765,-0.970849,-0.173638,0.630424,-0.002465,0.007919
18.533333,0.017125,0.038380,0.000516,-0.560340,-1.353003,0.896233,-1.147419,-0.014865,-0.007956,-0.095373,-0.958927,-0.145763,0.647966,0.005276,0.007109
18.566667,0.023856,0.030400,0.002790,-0.483804,-1.354658,0.834957,-1.083056,-0.003216,-0.004740,-0.098858,-0.965351,-0.116123,0.680876,0.007398,0.001858
18.600000,0.025574,0.032590,0.006643,-0.392868,-1.352855,0.734957,-1.028418,-0.001283,0.004277,-0.098737,-0.937645,-0.105823,0.720867,0.003499,0.006203
18.633333,0.022951,0.026748,0.004373,-0.341933,-1.333358,0.634957,-1.013781,-0.004036,0.004456,-0.068677,-0.889225,-0.075228,0.789775,-0.001766,0.005773
18.666667,0.023391,0.028924,0.006667,-0.330998,-1.309605,0.574957,-1.039143,0.001129,0.007771,-0.070762,-0.840804,-0.039226,0.883161,-0.004704,-0.009708
18.700000,0.031961,0.026547,0.003788,-0.360063,-1.298839,0.554957,-1.104506,0.002217,-0.003479,-0.070933,-0.767042,-0.011918,0.983161,-0.005496,-0.014197
18.733333,0.026879,0.025324,0.001597,-0.429128,-1.294304,0.574957,-1.195333,-0.003822,-0.008475,-0.059259,-0.671908,0.004273,1.083161,-0.001059,-0.019013
18.766667,0.023739,0.029044,-0.007153,-0.529128,-1.283641,0.634957,-1.267469,-0.001118,-0.007759,-0.022672,-0.571908,0.025221,1.159260,-0.003025,-0.022531
18.800000,0.023132,0.037373,-0.004682,-0.629128,-1.290621,0.734957,-1.322759,0.004747,0.001108,0.020331,-0.508225,0.036426,1.195359,0.000268,-0.016601
18.833333,0.018332,0.035026,-0.008369,-0.729128,-1.307773,0.834957,-1.363380,0.004199,-0.005595,0.102048,-0.460852,0.043514,1.199755,0.006223,-0.012838
18.866667,0.007063,0.031162,-0.016543,-0.829128,-1.319010,0.934957,-1.374905,0.011595,0.000543,0.193409,-0.415928,0.032700,1.184403,0.015498,-0.004758
18.900000,0.005874,0.039089,-0.018221,-0.929128,-1.334143,1.034957,-1.363210,0.011810,-0.002033,0.293409,-0.399448,0.006329,1.149100,0.021022,-0.000852
18.933333,0.001267,0.037739,-0.016610,-1.023607,-1.359754,1.134957,-1.352014,0.004144,-0.017304,0.393409,-0.382969,-0.044481,1.110785,0.034551,-0.004650
18.966667,-0.002374,0.040058,-0.029257,-1.098618,-1.364229,1.234957,-1.342637,0.010886,-0.023875,0.493409,-0.339534,-0.115633,1.112471,0.046744,-0.010071
19.000000,0.000826,0.047490,-0.030404,-1.153950,-1.366508,1.334957,-1.329114,0.009727,-0.020722,0.593409,-0.279789,-0.202125,1.130905,0.056580,-0.001326
19.033333,0.002664,0.056785,-0.022873,-1.177443,-1.381134,1.434957,-1.321402,0.003001,-0.017137,0.693409,-0.231584,-0.272521,1.141543,0.055215,-0.006266
19.066667,-0.005145,0.061648,-0.026576,-1.163795,-1.383396,1.523077,-1.333887,-0.003546,-0.016007,0.793409,-0.170917,-0.329449,1.167191,0.053215,-0.009951
19.100000,-0.001924,0.064323,-0.022312,-1.140373,-1.381147,1.611197,-1.356825,-0.005242,-0.009759,0.893409,-0.133740,-0.378213,1.209184,0.056424,0.001520
19.133333,-0.000290,0.058162,-0.008697,-1.114477,-1.376822,1.659387,-1.377914,-0.016684,-0.010764,0.993409,-0.105798,-0.392226,1.219748,0.048451,0.002536
19.166667,-0.003231,0.063778,-0.005530,-1.079848,-1.355371,1.696272,-1.386622,-0.020713,-0.008193,1.093409,-0.100159,-0.394017,1.234647,0.036790,0.004793
19.200000,-0.006774,0.060799,-0.001770,-1.063769,-1.326366,1.718934,-1.418616,-0.014745,-0.008643,1.193409,-0.108462,-0.399456,1.261595,0.033116,0.014488
19.233333,0.005200,0.044675,0.003566,-1.057579,-1.293321,1.717260,-1.436988,-0.012410,-0.011529,1.293409,-0.140784,-0.378364,1.287491,0.035012,0.013516
19.266667,0.009869,0.042372,-0.000988,-1.046086,-1.257282,1.699553,-1.438123,-0.001577,-0.007153,1.392069,-0.189616,-0.325436,1.321368,0.019409,0.006428
19.300000,0.016129,0.041185,-0.006633,-1.047290,-1.239702,1.708761,-1.454794,0.000811,-0.009698,1.450728,-0.259851,-0.268101,1.372092,0.013050,0.008626
19.333333,0.017027,0.028831,-0.001135,-1.065718,-1.222057,1.699739,-1.482434,0.004915,-0.009202,1.469387,-0.347783,-0.186122,1.421820,0.016676,-0.001204
19.366667,0.027361,0.022515,-0.001008,-1.082174,-1.196410,1.667718,-1.486922,0.000516,-0.005208,1.448046,-0.447783,-0.129255,1.456249,0.006139,-0.016403
19.400000,0.020474,0.023297,-0.002155,-1.102058,-1.188263,1.645192,-1.499428,0.009001,-0.001730,1.386705,-0.547783,-0.112388,1.465693,-0.001924,-0.014140
19.433333,0.017968,0.018658,0.005331,-1.104620,-1.169014,1.621960,-1.506086,0.000792,-0.007894,1.286705,-0.647783,-0.135521,1.453382,0.004107,-0.017038
19.466667,0.025061,0.017972,0.012094,-1.076427,-1.144077,1.571743,-1.490338,0.007692,-0.002377,1.186705,-0.747783,-0.198655,1.415650,-0.001454,-0.011680
19.500000,0.028923,0.019579,0.015104,-1.019421,-1.145285,1.511061,-1.494816,0.007452,-0.012261,1.086705,-0.847783,-0.298655,1.349535,-0.005287,-0.006823
19.533333,0.015620,0.022780,0.005821,-0.937677,-1.166108,1.447601,-1.509456,0.005818,-0.019951,0.986705,-0.947783,-0.398655,1.274214,0.000512,0.002103
19.566667,0.009676,0.031922,0.001891,-0.839755,-1.155271,1.370862,-1.512720,0.003406,-0.012890,0.886705,-1.047783,-0.458655,1.189870,0.001373,0.013494
19.600000,0.011570,0.033775,0.001282,-0.739755,-1.144648,1.270862,-1.535984,0.004947,-0.005726,0.786705,-1.147783,-0.478655,1.089870,0.002429,0.021835
19.633333,-0.002105,0.028690,-0.006445,-0.639755,-1.144417,1.170862,-1.562992,0.004287,-0.015689,0.686705,-1.211908,-0.458655,0.989870,0.010226,0.013781
19.666667,0.001532,0.027275,-0.022584,-0.539755,-1.126042,1.070862,-1.570000,0.011765,-0.009538,0.586705,-1.271590,-0.398655,0.889870,0.015269,0.013946
19.700000,0.007759,0.026707,-0.011023,-0.447691,-1.107087,0.970862,-1.570000,0.014280,-0.007926,0.486705,-1.306797,-0.303330,0.789870,0.019090,0.016792
19.733333,0.016759,0.016032,-0.006862,-0.391292,-1.108596,0.870862,-1.570000,0.013840,-0.018309,0.386705,-1.331796,-0.237095,0.695470,0.020208,0.002831
19.766667,0.013544,0.018390,-0.011930,-0.374894,-1.144103,0.770862,-1.558047,0.012922,-0.018577,0.286705,-1.333643,-0.210860,0.641070,0.020406,0.001070
19.800000,0.017819,0.018390,-0.006881,-0.398495,-1.170267,0.710862,-1.553355,0.010856,-0.016043,0.186705,-1.345506,-0.224625,0.626671,0.021019,0.002914
19.833333,0.013885,0.018421,0.003861,-0.462097,-1.178101,0.690862,-1.528663,0.001801,-0.016145,0.086705,-1.333809,-0.278390,0.652271,0.019255,0.003430
19.866667,0.006405,0.023954,0.000797,-0.557763,-1.171770,0.710862,-1.494177,0.002917,-0.010875,-0.013295,-1.313263,-0.367480,0.717871,0.014019,-0.005558
19.900000,0.002138,0.027019,0.001835,-0.657763,-1.172616,0.770862,-1.476500,0.003520,-0.009299,-0.113295,-1.292099,-0.467480,0.817871,0.015329,-0.004734
19.933333,0.001860,0.023212,0.006606,-0.757763,-1.144226,0.870862,-1.468918,0.006280,-0.010061,-0.213295,-1.277596,-0.567480,0.917871,0.018978,-0.001877
19.966667,0.001597,0.030457,0.000087,-0.857763,-1.122421,0.970862,-1.464317,0.000660,-0.007031,-0.313295,-1.251140,-0.667480,1.017871,0.009687,-0.000002
20.000000,-0.006225,0.030022,-0.003729,-0.943359,-1.107377,1.070862,-1.480565,0.003617,-0.010843,-0.373295,-1.226617,-0.767480,1.117871,0.007441,-0.001900
20.033333,0.007844,0.026364,-0.006136,-1.015938,-1.076140,1.170862,-1.505486,-0.005130,-0.016495,-0.393295,-1.195418,-0.827480,1.217871,0.007483,-0.004237
20.066667,0.013165,0.026391,-0.014521,-1.072888,-1.023516,1.270862,-1.517659,-0.002638,-0.009409,-0.373295,-1.152010,-0.847480,1.317871,-0.008013,0.000808
20.100000,0.013789,0.026910,-0.018691,-1.099732,-0.997707,1.370862,-1.526609,-0.004313,-0.016540,-0.313295,-1.096445,-0.827480,1.403658,-0.014077,0.000192
20.133333,0.013550,0.019665,-0.016272,-1.099775,-0.957414,1.466302,-1.519371,-0.006035,-0.018532,-0.213295,-1.055284,-0.767480,1.464594,-0.005732,-0.008562
20.166667,0.024100,0.017500,-0.017936,-1.106123,-0.930145,1.541860,-1.525799,-0.011804,-0.023142,-0.117749,-1.038998,-0.667480,1.506422,-0.008986,-0.012009
20.200000,0.019730,0.015357,-0.016164,-1.103938,-0.934340,1.597444,-1.527090,-0.005591,-0.022557,-0.045709,-1.045803,-0.567480,1.534945,-0.005205,-0.005016
20.233333,0.014982,0.020146,-0.007193,-1.085479,-0.949059,1.649032,-1.510482,-0.005969,-0.027967,-0.010267,-1.057617,-0.467480,1.539860,0.009348,-0.006460
20.266667,0.032103,0.030212,-0.000844,-1.090296,-0.939338,1.674821,-1.483095,-0.000225,-0.007958,0.000851,-1.097880,-0.367480,1.544500,0.005601,-0.002321
20.300000,0.031759,0.034036,0.004653,-1.098139,-0.962133,1.677446,-1.481654,0.002736,-0.003406,-0.028031,-1.121551,-0.267480,1.548442,0.003721,0.003003
20.333333,0.023797,0.036208,-0.003781,-1.091126,-0.970852,1.683632,-1.474195,0.013616,-0.000144,-0.076063,-1.132202,-0.167480,1.557040,0.008039,0.007283
20.366667,0.022221,0.044920,-0.003727,-1.096875,-0.980299,1.696502,-1.458600,0.006513,0.008770,-0.140588,-1.142231,-0.107480,1.558943,0.007679,0.011383
20.400000,0.024975,0.038508,-0.005550,-1.108796,-1.004773,1.684937,-1.472192,0.003125,0.005412,-0.208516,-1.151786,-0.087480,1.564453,0.006663,0.009688
20.433333,0.009783,0.032266,-0.016540,-1.099850,-1.035174,1.676658,-1.498446,-0.002050,-0.007926,-0.292120,-1.132501,-0.107480,1.562268,0.014889,0.004890
20.466667,0.007906,0.033957,-0.024994,-1.108450,-1.046119,1.678785,-1.516418,0.001395,-0.012030,-0.375723,-1.134609,-0.167480,1.567815,0.009926,0.014107
20.500000,0.006679,0.032405,-0.014508,-1.117654,-1.069991,1.674364,-1.518522,-0.002533,-0.008697,-0.475723,-1.140793,-0.267480,1.567815,0.007811,0.010817
20.533333,0.005506,0.027283,-0.017430,-1.100029,-1.089386,1.656719,-1.534644,0.006226,-0.013290,-0.575723,-1.147104,-0.367480,1.565449,0.006053,0.006880
20.566667,0.002446,0.023841,-0.017029,-1.101982,-1.104085,1.652668,-1.539401,0.011810,-0.004744,-0.668273,-1.145212,-0.467480,1.565449,-0.001530,0.010550
20.600000,0.001444,0.016598,-0.012206,-1.111319,-1.106686,1.647113,-1.541505,0.011680,-0.010811,-0.751719,-1.148071,-0.567480,1.567634,-0.005197,0.004441
20.633333,0.003888,0.012939,-0.005186,-1.112216,-1.090309,1.637324,-1.527525,0.007039,-0.009844,-0.820801,-1.134898,-0.667480,1.567634,-0.001010,-0.009339
20.666667,0.005426,0.016182,-0.008404,-1.113441,-1.069191,1.650402,-1.520493,0.008410,-0.005621,-0.865679,-1.125387,-0.767480,1.567634,-0.004237,-0.013611
20.700000,0.005471,0.013009,-0.006172,-1.133986,-1.057090,1.655354,-1.522399,0.006220,-0.009352,-0.881883,-1.107229,-0.867480,1.570000,-0.002158,-0.015142
20.733333,0.012939,0.012867,-0.013075,-1.135081,-1.031630,1.665015,-1.506348,0.002927,-0.013960,-0.904834,-1.115771,-0.967480,1.570000,0.002891,-0.023460
20.766667,0.014604,0.016037,-0.020980,-1.140295,-1.032207,1.659429,-1.515963,0.001486,-0.013859,-0.896888,-1.111254,-1.034556,1.570000,0.002222,-0.018674
20.800000,0.010004,0.017543,-0.022785,-1.120175,-1.038642,1.635399,-1.525896,0.002051,-0.013814,-0.863307,-1.118839,-1.061632,1.570000,0.002185,-0.015337
20.833333,0.005540,0.011673,-0.019497,-1.082079,-1.027658,1.571368,-1.530202,-0.002120,-0.018574,-0.813930,-1.109279,-1.048707,1.570000,-0.000116,-0.006008
20.866667,0.004771,0.015625,-0.019227,-1.020280,-0.999035,1.501976,-1.505949,-0.003908,-0.011775,-0.753226,-1.125772,-0.995783,1.570000,-0.007300,-0.001039
20.900000,-0.003203,0.016994,-0.014603,-0.944083,-0.981053,1.402714,-1.515667,-0.007288,-0.017009,-0.653226,-1.103689,-0.902859,1.570000,-0.006726,0.002702
20.933333,-0.007353,0.013339,-0.008756,-0.844083,-0.950398,1.302714,-1.511128,-0.006740,-0.019013,-0.553226,-1.098957,-0.802859,1.570000,-0.006821,-0.000086
20.966667,0.006025,0.016292,-0.003592,-0.744083,-0.913884,1.202714,-1.490637,0.001958,-0.023110,-0.453226,-1.076762,-0.742859,1.550000,0.003709,-0.000927
21.000000,0.024139,0.026057,-0.000806,-0.644083,-0.877369,1.102714,-1.456194,0.008379,-0.019806,-0.353226,-1.038187,-0.722859,1.510000,0.007689,-0.002675
21.033333,0.034961,0.030739,-0.000539,-0.544083,-0.821760,1.002714,-1.421751,0.010993,-0.029479,-0.253226,-0.961827,-0.742859,1.450000,0.017922,-0.007003
21.066667,0.041138,0.043819,-0.002911,-0.444083,-0.741759,0.902714,-1.347309,0.012804,-0.027434,-0.153226,-0.884043,-0.788664,1.370000,0.027169,-0.009702
21.100000,0.050313,0.053360,-0.005072,-0.344083,-0.641759,0.802714,-1.247308,0.009946,-0.026651,-0.053226,-0.786258,-0.834469,1.270000,0.030229,-0.009901
21.133333,0.046536,0.058799,-0.009497,-0.258708,-0.541759,0.702714,-1.147308,0.003588,-0.026440,0.046774,-0.688473,-0.840275,1.170000,0.020938,-0.008956
21.166667,0.028386,0.060443,-0.023973,-0.183421,-0.441759,0.602714,-1.047309,0.005181,-0.039947,0.146774,-0.590689,-0.806080,1.109223,0.026211,-0.015577
21.200000,0.028640,0.065563,-0.028463,-0.148133,-0.341759,0.502714,-0.947309,0.011703,-0.040990,0.246774,-0.490689,-0.731885,1.088445,0.032801,-0.008195
21.233333,0.032385,0.065575,-0.022849,-0.124729,-0.241759,0.402714,-0.847309,0.014727,-0.044975,0.346774,-0.390689,-0.631885,1.104765,0.027802,-0.007694
21.266667,0.028997,0.070313,-0.025782,-0.106949,-0.168550,0.302714,-0.747308,0.025497,-0.054413,0.446773,-0.290689,-0.531885,1.133726,0.021656,-0.005691
21.300000,0.028813,0.080603,-0.024937,-0.114543,-0.121056,0.202714,-0.647308,0.031382,-0.047267,0.546773,-0.196354,-0.431885,1.202686,0.026490,-0.000076
21.333333,0.040569,0.081265,-0.010441,-0.139102,-0.113561,0.108175,-0.547308,0.026845,-0.038305,0.646774,-0.132106,-0.331885,1.232424,0.026651,0.000934
21.366667,0.042920,0.075973,-0.005222,-0.146458,-0.146067,0.022893,-0.447308,0.028764,-0.023995,0.746774,-0.107858,-0.260628,1.222162,0.013640,-0.008034
21.400000,0.043506,0.083943,-0.005040,-0.164795,-0.218572,-0.041323,-0.359206,0.020699,-0.018236,0.846774,-0.123611,-0.229372,1.174803,0.009187,0.002720
21.433333,0.048275,0.079613,0.002834,-0.198494,-0.304286,-0.089831,-0.285891,0.014491,-0.006419,0.946774,-0.179363,-0.238115,1.114803,0.020643,-0.001783
21.466667,0.053637,0.072786,0.005239,-0.208684,-0.404286,-0.121941,-0.227070,0.009095,-0.008841,1.046774,-0.269450,-0.286859,1.014803,0.024948,-0.007800
21.500000,0.057353,0.072176,0.003802,-0.223443,-0.504286,-0.141825,-0.188673,0.004656,-0.003718,1.146774,-0.369450,-0.375602,0.914803,0.028098,0.004345
21.533333,0.054949,0.073512,0.006489,-0.232427,-0.604286,-0.150634,-0.165416,-0.007754,-0.011792,1.246774,-0.469450,-0.475602,0.825349,0.035185,0.004594
21.566667,0.061854,0.067845,0.010868,-0.243689,-0.704286,-0.167317,-0.157651,-0.000927,-0.004116,1.346774,-0.569450,-0.575602,0.772050,0.040806,-0.002882
21.600000,0.063436,0.070132,0.017478,-0.258148,-0.804286,-0.176043,-0.159023,0.000164,0.005673,1.446774,-0.667908,-0.675602,0.741691,0.035813,0.000767
21.633333,0.059296,0.064252,0.016621,-0.272415,-0.904286,-0.181599,-0.185902,-0.004005,0.006693,1.546774,-0.726798,-0.775602,0.712152,0.032392,0.002098
21.666667,0.057447,0.065109,0.017394,-0.270967,-0.992531,-0.164843,-0.218400,-0.002237,0.007202,1.646774,-0.753951,-0.875602,0.722613,0.030556,-0.012198
21.700000,0.062816,0.064693,0.013634,-0.274626,-1.070692,-0.155197,-0.275761,-0.003551,-0.001419,1.746774,-0.760514,-0.975603,0.749770,0.033173,-0.011630
21.733333,0.054983,0.062252,0.009887,-0.277045,-1.140011,-0.135967,-0.342793,-0.009199,-0.005995,1.846774,-0.733676,-1.074940,0.757272,0.037672,-0.009867
21.766667,0.048765,0.067766,-0.000394,-0.266259,-1.181647,-0.100403,-0.423008,-0.008403,-0.006322,1.946774,-0.668381,-1.168453,0.774091,0.036483,-0.007412
21.800000,0.048123,0.080914,0.000679,-0.279175,-1.205627,-0.056339,-0.503224,-0.005726,0.003443,2.046774,-0.627467,-1.261965,0.822422,0.039861,0.001466
21.833333,0.045316,0.082382,-0.001806,-0.291687,-1.231370,-0.033933,-0.597394,-0.005528,0.000892,2.146774,-0.592429,-1.350049,0.868708,0.044607,0.008655
21.866667,0.036217,0.079473,-0.009745,-0.297185,-1.239362,0.000550,-0.691564,0.003944,0.005250,2.246773,-0.538773,-1.413840,0.921381,0.053597,0.017257
21.900000,0.041163,0.089859,-0.010895,-0.318781,-1.228379,0.023437,-0.788671,0.007418,0.002151,2.346773,-0.514217,-1.478294,0.997553,0.056458,0.022358
21.933333,0.046403,0.090142,-0.008381,-0.360388,-1.213815,0.007196,-0.888671,0.003362,-0.009842,2.446773,-0.489661,-1.538265,1.081469,0.065792,0.019410
21.966667,0.047743,0.089843,-0.020363,-0.390898,-1.176908,0.002888,-0.988671,0.014848,-0.016851,2.546773,-0.460634,-1.558235,1.163568,0.070706,0.011957
22.000000,0.052552,0.092003,-0.021727,-0.443008,-1.109993,0.020238,-1.088671,0.015829,-0.013107,2.646773,-0.441912,-1.543633,1.207711,0.071666,0.017968
22.033333,0.057897,0.097639,-0.014644,-0.500309,-1.041483,0.048117,-1.188671,0.012171,-0.006519,2.706773,-0.455676,-1.513324,1.218227,0.058917,0.007574
22.066667,0.053326,0.095261,-0.020864,-0.517611,-0.979634,0.064817,-1.288671,0.009806,-0.002099,2.726773,-0.468989,-1.443015,1.188742,0.047205,-0.003385
22.100000,0.049880,0.087157,-0.019053,-0.503923,-0.931715,0.084831,-1.348671,0.012713,0.000477,2.706773,-0.518015,-1.343015,1.119257,0.036915,0.002694
22.133333,0.046303,0.073045,-0.009079,-0.461333,-0.883796,0.064845,-1.368671,0.004979,-0.002039,2.646773,-0.569889,-1.243015,1.019257,0.022383,0.000834
22.166667,0.042299,0.074930,-0.007516,-0.382162,-0.851519,0.032492,-1.348671,0.005608,-0.003107,2.546773,-0.612509,-1.143015,0.919257,0.004116,-0.001442
22.200000,0.034822,0.067760,-0.005322,-0.293975,-0.825444,-0.024687,-1.288671,0.012688,-0.006062,2.446773,-0.645725,-1.043015,0.819257,-0.002952,0.007931
22.233333,0.041787,0.050126,0.000165,-0.225256,-0.798080,-0.067462,-1.188671,0.016538,-0.015642,2.346773,-0.675250,-0.943015,0.719257,-0.002631,0.009299
22.266667,0.046859,0.048442,-0.003734,-0.167856,-0.758335,-0.093478,-1.088671,0.021140,-0.010865,2.246773,-0.679924,-0.843015,0.654582,-0.014898,0.002540
22.300000,0.051583,0.047306,-0.006597,-0.138909,-0.739318,-0.085355,-0.988671,0.020207,-0.013081,2.146774,-0.665603,-0.743015,0.622692,-0.018508,0.007665
22.333333,0.049880,0.033956,-0.001246,-0.142324,-0.725568,-0.084923,-0.888671,0.022318,-0.009721,2.046774,-0.676091,-0.643015,0.627555,-0.008589,0.000139
22.366667,0.058335,0.026819,-0.001517,-0.157475,-0.718969,-0.089504,-0.788671,0.017278,-0.006977,1.946774,-0.691701,-0.543015,0.661640,-0.016313,-0.014347
22.400000,0.047402,0.027049,-0.003086,-0.173154,-0.733765,-0.074027,-0.688671,0.019723,-0.001001,1.846774,-0.715755,-0.443015,0.695725,-0.018301,-0.012380
22.433333,0.041820,0.024478,0.003706,-0.188498,-0.753576,-0.042499,-0.588671,0.013020,-0.006173,1.746774,-0.745572,-0.356712,0.706765,-0.006838,-0.014528
22.466667,0.043626,0.023938,0.008470,-0.190947,-0.770299,-0.009491,-0.488671,0.017890,0.000055,1.646774,-0.797382,-0.310409,0.725019,-0.009123,-0.009066
22.500000,0.047053,0.026745,0.011877,-0.196562,-0.806115,0.003576,-0.404759,0.014133,-0.009323,1.546774,-0.836868,-0.304106,0.746521,-0.010776,-0.003619
22.533333,0.029677,0.031858,0.002887,-0.199676,-0.855856,0.015443,-0.343483,0.010464,-0.015144,1.446774,-0.854110,-0.337803,0.778801,-0.001434,0.008027
22.566667,0.022197,0.041407,0.000802,-0.222793,-0.873413,0.020950,-0.308020,0.006878,-0.005631,1.346774,-0.871353,-0.404874,0.851081,0.000608,0.020307
22.600000,0.023101,0.043908,0.000264,-0.247116,-0.907040,0.012329,-0.272557,0.007938,0.001786,1.246774,-0.900235,-0.484514,0.939496,0.001960,0.028033
22.633333,0.012972,0.037509,-0.008086,-0.264656,-0.951611,-0.016898,-0.268785,0.007068,-0.007778,1.146774,-0.911094,-0.524153,0.987912,0.009852,0.018675
22.666667,0.015837,0.037031,-0.025002,-0.261497,-0.979355,-0.009642,-0.260984,0.015638,-0.001784,1.046774,-0.925302,-0.523793,0.996328,0.012319,0.017910
22.700000,0.026186,0.036710,-0.014302,-0.266722,-0.998829,0.007858,-0.255053,0.018843,-0.000227,0.946774,-0.940218,-0.483433,0.964744,0.016882,0.019309
22.733333,0.035236,0.028158,-0.012359,-0.240381,-1.027281,0.009027,-0.238304,0.022197,-0.008746,0.846774,-0.936776,-0.409700,0.893159,0.018188,0.005741
22.766667,0.032123,0.030057,-0.018213,-0.226774,-1.055802,0.025047,-0.241582,0.021817,-0.007565,0.746773,-0.916766,-0.319840,0.796587,0.018239,0.003221
22.800000,0.036592,0.031877,-0.013553,-0.226282,-1.067743,0.030859,-0.241171,0.019799,-0.005629,0.646773,-0.898357,-0.253342,0.700014,0.018241,0.004486
22.833333,0.035237,0.032179,-0.003503,-0.234846,-1.065319,0.015230,-0.242076,0.012424,-0.006351,0.546773,-0.869061,-0.209144,0.605168,0.019743,0.004842
22.866667,0.027051,0.036715,-0.006298,-0.233317,-1.048722,0.005496,-0.233380,0.014310,0.001258,0.446773,-0.840548,-0.188437,0.539705,0.012933,-0.002857
22.900000,0.023812,0.037719,-0.004741,-0.235788,-1.046108,0.014745,-0.247946,0.014131,-0.000258,0.346773,-0.825687,-0.183498,0.506630,0.011617,-0.002302
22.933333,0.025450,0.032485,-0.000098,-0.237272,-1.023607,-0.004340,-0.264443,0.016998,-0.002621,0.246773,-0.822446,-0.187299,0.500585,0.014898,-0.000203
22.966667,0.024425,0.039534,-0.006503,-0.229646,-1.010205,-0.014196,-0.279796,0.014933,0.000875,0.147907,-0.814047,-0.189372,0.532608,0.005598,0.002397
23.000000,0.015847,0.038416,-0.009350,-0.215680,-1.000950,-0.008001,-0.307254,0.016254,-0.003030,0.077404,-0.810726,-0.187447,0.568603,0.000473,-0.000595
23.033333,0.028388,0.034188,-0.010833,-0.205795,-0.980760,-0.016666,-0.331185,0.010265,-0.014013,0.023867,-0.815380,-0.178306,0.602188,-0.002612,-0.001899
23.066667,0.033642,0.034756,-0.019240,-0.209277,-0.934348,-0.030446,-0.337756,0.011415,-0.009333,-0.009694,-0.804044,-0.163707,0.623750,-0.019135,0.003924
23.100000,0.033675,0.035957,-0.022152,-0.203125,-0.911612,-0.033191,-0.341172,0.010837,-0.016471,-0.018105,-0.772955,-0.156665,0.617609,-0.025969,0.002157
23.133333,0.034750,0.027088,-0.019142,-0.200039,-0.867773,-0.021828,-0.339427,0.007063,-0.020483,-0.016170,-0.744212,-0.149777,0.595316,-0.019027,-0.008418
23.166667,0.045445,0.025363,-0.020213,-0.208765,-0.823814,-0.029080,-0.342639,0.001383,-0.026184,-0.031233,-0.710844,-0.137186,0.575208,-0.023740,-0.010456
23.200000,0.043886,0.025303,-0.019387,-0.212129,-0.802172,-0.024241,-0.348816,0.005278,-0.024527,-0.049416,-0.678311,-0.127963,0.543968,-0.019218,-0.006232
23.233333,0.040601,0.030517,-0.010092,-0.202766,-0.790657,-0.005040,-0.348039,0.006742,-0.029573,-0.068428,-0.642691,-0.125557,0.523069,-0.003360,-0.008658
23.266667,0.058312,0.042487,-0.003666,-0.211817,-0.744375,0.008306,-0.328459,0.011532,-0.011937,-0.072590,-0.625341,-0.120213,0.539414,-0.008742,-0.005510
23.300000,0.060885,0.049764,0.002762,-0.220318,-0.734442,0.002587,-0.327182,0.015451,-0.006905,-0.076625,-0.601038,-0.113905,0.551401,-0.010442,-0.000117
23.333333,0.054465,0.053944,-0.006745,-0.212376,-0.713129,0.003179,-0.313428,0.026063,-0.005582,-0.052026,-0.571379,-0.113953,0.595502,-0.006536,0.005776
23.366667,0.049810,0.064166,-0.005789,-0.223198,-0.689585,0.019459,-0.287318,0.020553,0.004958,-0.001272,-0.534831,-0.134361,0.663764,-0.004347,0.011130
23.400000,0.051578,0.058227,-0.006118,-0.232140,-0.676542,-0.000733,-0.268923,0.014780,0.002495,0.070334,-0.490430,-0.177641,0.741319,-0.001692,0.011367
23.433333,0.034148,0.050627,-0.016294,-0.225191,-0.684622,-0.004228,-0.284246,0.008299,-0.008065,0.141941,-0.441656,-0.226395,0.818875,0.011542,0.011085
23.466667,0.027611,0.052053,-0.025039,-0.226231,-0.669675,-0.008692,-0.290155,0.007750,-0.011251,0.241941,-0.407432,-0.294326,0.918875,0.010855,0.023061
23.500000,0.022583,0.049304,-0.013249,-0.228074,-0.673789,-0.018035,-0.293284,0.002634,-0.004761,0.341941,-0.390211,-0.362575,1.018875,0.015092,0.021630
23.533333,0.021883,0.041910,-0.015816,-0.199689,-0.687518,-0.040063,-0.327920,0.007188,-0.007575,0.441941,-0.394581,-0.417307,1.118875,0.017133,0.018641
23.566667,0.016493,0.039194,-0.017248,-0.190363,-0.710981,-0.038060,-0.379864,0.012459,0.002414,0.541941,-0.412634,-0.451900,1.218875,0.010077,0.023824
23.600000,0.013897,0.034521,-0.014296,-0.174863,-0.734520,-0.047093,-0.438091,0.012357,-0.003877,0.641941,-0.448615,-0.472063,1.318875,0.006939,0.019977
23.633333,0.016724,0.031485,-0.008155,-0.164511,-0.744737,-0.040594,-0.496002,0.008029,-0.001958,0.741941,-0.479413,-0.486301,1.396290,0.011921,0.008085
23.666667,0.019724,0.037198,-0.012838,-0.179922,-0.774437,-0.008006,-0.578733,0.010636,0.001253,0.801941,-0.517976,-0.505381,1.433706,0.004230,0.003190
23.700000,0.022724,0.037334,-0.010958,-0.229260,-0.809964,0.043420,-0.667971,0.010504,-0.004012,0.821941,-0.564783,-0.535569,1.431121,0.001685,-0.001289
23.733333,0.032830,0.038465,-0.017299,-0.288346,-0.851625,0.107286,-0.758243,0.010050,-0.009332,0.801941,-0.629542,-0.559245,1.388536,0.004793,-0.012727
23.766667,0.038008,0.041889,-0.024037,-0.376781,-0.911625,0.190926,-0.848514,0.009529,-0.009539,0.741941,-0.698911,-0.580280,1.305951,0.000684,-0.013036
23.800000,0.037708,0.043910,-0.024613,-0.476781,-1.011625,0.290926,-0.948514,0.012452,-0.009189,0.641941,-0.798911,-0.567240,1.205951,-0.003318,-0.013327
23.833333,0.035890,0.038138,-0.018482,-0.576781,-1.079885,0.390926,-1.048514,0.011550,-0.012521,0.541941,-0.889947,-0.534765,1.105951,-0.004882,-0.005700
23.866667,0.036660,0.040681,-0.015369,-0.676781,-1.139768,0.490926,-1.144022,0.010852,-0.003189,0.441941,-0.980983,-0.473763,1.005951,-0.007904,-0.000349
23.900000,0.030284,0.041283,-0.007668,-0.762003,-1.196114,0.590926,-1.215489,0.004855,-0.005270,0.341941,-1.044993,-0.415530,0.905951,-0.006971,0.003194
23.933333,0.027150,0.036543,0.000706,-0.827224,-1.232461,0.670926,-1.266956,0.004461,-0.003883,0.261941,-1.089003,-0.365395,0.825951,-0.005454,0.001830
23.966667,0.027018,0.034642,0.001113,-0.872446,-1.248807,0.730926,-1.298422,0.002795,-0.004595,0.201941,-1.113012,-0.335260,0.765951,-0.005620,0.001714
