time_sec,joint_pelvisYaw,joint_pelvisPitch,joint_pelvisRoll,joint_lShoulderPitch,joint_lShoulderRoll,joint_lShoulderYaw,joint_lElbow,joint_lWristRoll,joint_lWristPitch,joint_rShoulderPitch,joint_rShoulderRoll,joint_rShoulderYaw,joint_rElbow,joint_rWristRoll,joint_rWristPitch
0.000000,-0.000433,0.021533,0.007983,-0.823716,-1.067393,0.671005,-1.570000,-0.005693,-0.027586,-0.553795,-1.171934,-1.307095,1.034017,-0.004348,-0.012380
0.033333,0.010192,0.017600,0.013628,-0.723716,-1.052821,0.571005,-1.562827,0.010203,-0.020254,-0.563139,-1.160030,-1.314873,1.044947,0.006746,-0.015201
0.066667,0.006607,0.019959,0.011056,-0.677756,-1.054090,0.482668,-1.562827,0.009327,-0.015799,-0.571599,-1.145902,-1.324194,1.067676,0.009186,-0.018440
0.100000,0.009709,0.020507,0.008900,-0.631014,-1.044834,0.405944,-1.562827,0.003578,-0.014396,-0.576898,-1.141709,-1.343659,1.084498,0.013518,-0.016249
0.133333,0.008102,0.024594,0.006416,-0.610905,-1.065795,0.346740,-1.570000,0.001761,-0.014774,-0.583033,-1.147398,-1.355189,1.110827,0.006230,-0.015195
0.166667,-0.006939,0.026855,-0.006962,-0.616977,-1.068267,0.327536,-1.559954,0.000184,-0.021866,-0.592543,-1.133219,-1.372012,1.129718,0.013793,-0.023317
0.200000,-0.008519,0.029406,-0.012397,-0.644561,-1.061761,0.348332,-1.548001,0.002761,-0.028872,-0.619288,-1.127107,-1.413685,1.165729,0.018208,-0.015419
0.233333,-0.004775,0.026952,-0.010442,-0.695082,-1.068113,0.397465,-1.541293,0.004034,-0.030163,-0.642691,-1.133913,-1.450224,1.183670,0.015477,-0.014639
0.266667,-0.009626,0.025947,-0.017700,-0.767896,-1.094712,0.474986,-1.524398,0.013057,-0.035817,-0.668443,-1.111481,-1.469314,1.204054,0.008945,-0.015002
0.300000,-0.010268,0.030660,-0.021134,-0.854076,-1.097747,0.574986,-1.501340,0.014999,-0.030822,-0.709798,-1.107130,-1.515067,1.240759,0.013091,-0.008603
0.333333,-0.001216,0.029126,-0.010244,-0.942463,-1.107520,0.674986,-1.490633,0.013484,-0.026165,-0.736119,-1.112959,-1.549698,1.254215,0.005652,-0.007128
0.366667,0.003166,0.026436,-0.008885,-1.007558,-1.110274,0.774986,-1.462337,0.016937,-0.012322,-0.747157,-1.096526,-1.563186,1.243006,-0.006090,-0.018164
0.400000,0.004535,0.034859,-0.009533,-1.056197,-1.119789,0.874986,-1.445731,0.016543,-0.011132,-0.744607,-1.072699,-1.593315,1.225841,-0.011126,-0.011063
0.433333,0.010233,0.033874,-0.001047,-1.084654,-1.123650,0.974986,-1.440477,0.015007,-0.007551,-0.745807,-1.088174,-1.616270,1.218678,-0.004630,-0.013911
0.466667,0.014995,0.028681,0.001207,-1.088808,-1.133568,1.074986,-1.441958,0.014208,-0.010174,-0.730457,-1.086615,-1.610508,1.182034,-0.005550,-0.017654
0.500000,0.021604,0.028154,-0.000158,-1.096367,-1.154286,1.174986,-1.451379,0.011337,-0.009943,-0.698345,-1.082189,-1.594068,1.149694,-0.004105,-0.004850
0.533333,0.019780,0.028215,0.003538,-1.105078,-1.185446,1.274986,-1.473835,0.005882,-0.017700,-0.652717,-1.095415,-1.558772,1.135104,0.001148,-0.003635
0.566667,0.024313,0.020823,0.006657,-1.116569,-1.198714,1.357696,-1.483557,0.015163,-0.013404,-0.595856,-1.123181,-1.483476,1.141493,0.007419,-0.007401
0.600000,0.022258,0.023353,0.011387,-1.131215,-1.208094,1.428307,-1.493482,0.022936,-0.002984,-0.516058,-1.116848,-1.402658,1.152102,0.002821,-0.007512
0.633333,0.018090,0.020988,0.011758,-1.142499,-1.208117,1.469575,-1.506190,0.023467,-0.008897,-0.416058,-1.087549,-1.310559,1.169791,0.000459,-0.007791
0.666667,0.015536,0.021533,0.013999,-1.127771,-1.186144,1.510843,-1.488652,0.029468,-0.009484,-0.342636,-1.065833,-1.210559,1.212541,0.002060,-0.022142
0.700000,0.024339,0.018871,0.012205,-1.103577,-1.162090,1.528093,-1.466080,0.030954,-0.014699,-0.291536,-1.050910,-1.110559,1.230415,0.002184,-0.021338
0.733333,0.019308,0.016933,0.009964,-1.065430,-1.142761,1.529196,-1.433437,0.027320,-0.019612,-0.256816,-1.023016,-1.010559,1.221786,0.007711,-0.023250
0.766667,0.014298,0.018763,0.003256,-1.004310,-1.118760,1.502399,-1.379423,0.024721,-0.022318,-0.262095,-1.027914,-0.942012,1.182398,0.003153,-0.023177
0.800000,0.016602,0.022414,0.005953,-0.934555,-1.106301,1.464945,-1.302056,0.021672,-0.012269,-0.307375,-1.072813,-0.913464,1.125410,0.004353,-0.019228
0.833333,0.009742,0.018864,0.002830,-0.872060,-1.115365,1.400573,-1.228311,0.019866,-0.017826,-0.365085,-1.124063,-0.924917,1.047307,0.008275,-0.014142
0.866667,-0.000886,0.016637,-0.004919,-0.813971,-1.127941,1.342376,-1.163604,0.021467,-0.017315,-0.422464,-1.137831,-0.976370,1.003492,0.013771,-0.010821
0.900000,0.001147,0.023105,-0.005221,-0.783510,-1.133940,1.314636,-1.115989,0.018116,-0.023139,-0.497218,-1.180281,-1.067823,0.987119,0.010181,-0.007814
0.933333,0.003728,0.019715,-0.004510,-0.780281,-1.146338,1.312869,-1.096557,0.015517,-0.033609,-0.557959,-1.184036,-1.167823,0.988284,0.020000,-0.009548
0.966667,-0.002099,0.019484,-0.016526,-0.813353,-1.140756,1.351102,-1.117125,0.025070,-0.037372,-0.618700,-1.164763,-1.267823,1.029449,0.026559,-0.014297
1.000000,0.002261,0.024928,-0.017981,-0.869844,-1.136691,1.411690,-1.167972,0.024841,-0.033971,-0.655177,-1.127444,-1.367823,1.096559,0.024477,-0.008538
1.033333,0.002901,0.029206,-0.012674,-0.932013,-1.149112,1.455060,-1.221441,0.025210,-0.029742,-0.695570,-1.113070,-1.467823,1.168626,0.018545,-0.012597
1.066667,-0.001492,0.030614,-0.019320,-0.977349,-1.170389,1.476734,-1.273105,0.021754,-0.024966,-0.733085,-1.074356,-1.561776,1.246164,0.018676,-0.020309
1.100000,0.000581,0.032662,-0.017879,-1.020595,-1.194034,1.512436,-1.318361,0.017466,-0.020080,-0.767767,-1.059181,-1.650709,1.336787,0.018273,-0.013329
1.133333,0.002459,0.029769,-0.007791,-1.050475,-1.216570,1.508137,-1.344736,0.007815,-0.020689,-0.783001,-1.041587,-1.710372,1.398242,0.008237,-0.011539
1.166667,-0.000401,0.036230,-0.007405,-1.056332,-1.225425,1.497224,-1.344343,0.004499,-0.014149,-0.799704,-1.034488,-1.753864,1.440113,0.002804,-0.014885
1.200000,-0.005478,0.036436,-0.005495,-1.069212,-1.227570,1.509411,-1.360224,0.005393,-0.016486,-0.813600,-1.032788,-1.797356,1.461957,0.001859,-0.006750
1.233333,0.005059,0.025449,-0.000502,-1.075673,-1.220061,1.512587,-1.364602,0.003831,-0.023534,-0.817081,-1.045126,-1.814783,1.461029,0.002690,-0.004674
1.266667,0.008990,0.023170,-0.002922,-1.071501,-1.204595,1.502144,-1.349818,0.012978,-0.020082,-0.814843,-1.058154,-1.818805,1.449853,-0.008892,-0.013256
1.300000,0.011834,0.022013,-0.005306,-1.051419,-1.214727,1.517366,-1.342630,0.013237,-0.023126,-0.802006,-1.069730,-1.838601,1.427845,-0.007607,-0.016200
1.333333,0.016850,0.012104,0.001184,-1.045707,-1.219379,1.523714,-1.344430,0.014197,-0.027659,-0.785564,-1.105101,-1.842652,1.401833,-0.002499,-0.016610
1.366667,0.027339,0.007621,0.001256,-1.032444,-1.215685,1.512486,-1.328422,0.014259,-0.023147,-0.766302,-1.133697,-1.821573,1.380435,-0.006488,-0.030809
1.400000,0.017917,0.010333,0.001126,-1.011379,-1.223404,1.527345,-1.316031,0.018807,-0.020084,-0.726576,-1.169693,-1.808187,1.341809,-0.007752,-0.027333
1.433333,0.012665,0.011329,0.003788,-0.980898,-1.225282,1.538226,-1.302829,0.010782,-0.023797,-0.681232,-1.183808,-1.786205,1.282807,0.004880,-0.025939
1.466667,0.020846,0.015564,0.006858,-0.951331,-1.209733,1.561567,-1.274913,0.021310,-0.020562,-0.638068,-1.207582,-1.743853,1.223805,0.004592,-0.017464
1.500000,0.023768,0.019890,0.007500,-0.927518,-1.215502,1.566649,-1.263166,0.019432,-0.023197,-0.586850,-1.218630,-1.698278,1.148692,0.002072,-0.013702
1.533333,0.014513,0.023985,-0.000073,-0.906313,-1.233983,1.577555,-1.260061,0.014049,-0.032922,-0.522480,-1.215602,-1.646977,1.067313,0.007825,-0.003795
1.566667,0.013287,0.033325,-0.002748,-0.916162,-1.227720,1.589764,-1.264239,0.013805,-0.022485,-0.476506,-1.209744,-1.580095,1.018061,0.008960,0.003015
1.600000,0.015124,0.035866,-0.001671,-0.929822,-1.232589,1.595969,-1.270884,0.012887,-0.018516,-0.435010,-1.218162,-1.500236,0.982788,0.010776,0.010067
1.633333,0.004444,0.030438,-0.008539,-0.944542,-1.247394,1.576179,-1.294975,0.009340,-0.025581,-0.395734,-1.203821,-1.414241,0.958866,0.016682,0.006839
1.666667,0.006911,0.028028,-0.021383,-0.948779,-1.237733,1.586667,-1.298970,0.018862,-0.023662,-0.353933,-1.182951,-1.323387,0.964736,0.025126,0.000847
1.700000,0.010013,0.028040,-0.010859,-0.959884,-1.224238,1.604162,-1.307419,0.023519,-0.015226,-0.323006,-1.164156,-1.223387,0.962423,0.028670,0.006185
1.733333,0.012051,0.019154,-0.007322,-0.943479,-1.219468,1.599909,-1.306717,0.024656,-0.025354,-0.284228,-1.132482,-1.123387,0.935797,0.029657,-0.003094
1.766667,0.009389,0.021072,-0.010014,-0.942030,-1.222590,1.610166,-1.317800,0.026116,-0.022396,-0.248702,-1.097503,-1.023387,0.935191,0.026145,-0.003786
1.800000,0.010836,0.021721,-0.004824,-0.955649,-1.225621,1.629148,-1.337439,0.023692,-0.022765,-0.205988,-1.078891,-0.923387,0.932419,0.027014,-0.005032
1.833333,0.005271,0.022583,0.004300,-0.968164,-1.226387,1.625852,-1.354439,0.016235,-0.020013,-0.180364,-1.057431,-0.823387,0.912068,0.024822,-0.000807
1.866667,-0.000855,0.025139,0.001742,-0.974096,-1.221118,1.624816,-1.353433,0.014898,-0.016084,-0.151607,-1.039042,-0.723387,0.897250,0.019878,-0.009566
1.900000,0.000367,0.024595,0.002184,-0.987799,-1.228416,1.648597,-1.367852,0.020750,-0.015766,-0.135946,-1.029660,-0.623387,0.897991,0.019319,-0.009802
1.933333,0.000759,0.020017,0.006196,-0.994039,-1.219557,1.643616,-1.379815,0.026585,-0.019396,-0.119315,-1.029348,-0.523387,0.875092,0.022224,-0.009206
1.966667,-0.000995,0.026388,0.000582,-0.972513,-1.207075,1.634752,-1.373696,0.028257,-0.017067,-0.126746,-1.027502,-0.423387,0.849514,0.018488,-0.004881
2.000000,-0.007082,0.024213,-0.002630,-0.930014,-1.197077,1.626590,-1.371379,0.031518,-0.019661,-0.130505,-1.036134,-0.323387,0.811423,0.017704,-0.003401
2.033333,0.004344,0.021879,-0.001593,-0.866672,-1.174971,1.592873,-1.367572,0.028874,-0.028087,-0.144692,-1.050728,-0.223387,0.768336,0.017039,-0.007839
2.066667,0.004191,0.025661,-0.006560,-0.783069,-1.135560,1.522385,-1.337641,0.027965,-0.022391,-0.158184,-1.061870,-0.123387,0.740248,0.006408,-0.002602
2.100000,0.002778,0.027194,-0.009818,-0.683069,-1.111555,1.449750,-1.305654,0.021966,-0.027796,-0.163068,-1.055980,-0.045257,0.705995,0.005177,-0.003834
2.133333,0.003544,0.020175,-0.006075,-0.583069,-1.072257,1.360143,-1.267500,0.015132,-0.028958,-0.165838,-1.043953,0.002575,0.705237,0.009094,-0.011685
2.166667,0.008302,0.021642,-0.003908,-0.483069,-1.032148,1.260143,-1.255985,0.008473,-0.037615,-0.166576,-1.035733,0.034979,0.740917,0.002934,-0.016030
2.200000,0.004440,0.022402,-0.003596,-0.383069,-1.010599,1.160143,-1.269776,0.012155,-0.033859,-0.154416,-1.027624,0.045371,0.800265,0.010220,-0.010734
2.233333,-0.000157,0.027423,0.005322,-0.285437,-0.992863,1.060143,-1.286200,0.009406,-0.041207,-0.148758,-1.008452,0.029308,0.853091,0.024073,-0.009515
2.266667,0.014620,0.038457,0.013278,-0.208285,-0.951791,0.960143,-1.291083,0.012044,-0.026684,-0.159370,-1.019353,-0.004885,0.935722,0.019713,-0.005334
2.300000,0.015414,0.045632,0.019686,-0.145772,-0.944630,0.860143,-1.311925,0.010340,-0.021239,-0.180866,-1.021556,-0.048781,1.010294,0.019722,-0.002285
2.333333,0.010794,0.047242,0.010999,-0.092925,-0.932331,0.760143,-1.308144,0.018092,-0.020010,-0.213299,-1.014568,-0.117248,1.080611,0.030229,0.000729
2.366667,0.010743,0.056821,0.011573,-0.076631,-0.917449,0.660143,-1.266829,0.010747,-0.012162,-0.273335,-1.007596,-0.203704,1.156585,0.025846,0.006088
2.400000,0.013637,0.051070,0.009547,-0.066847,-0.919034,0.560143,-1.220641,0.009292,-0.008358,-0.343924,-1.001674,-0.303704,1.233549,0.023879,0.004554
2.433333,0.001795,0.044907,-0.002546,-0.058879,-0.931847,0.460143,-1.194539,0.006889,-0.018664,-0.428274,-0.972427,-0.403704,1.291179,0.028234,0.000192
2.466667,0.000469,0.043427,-0.011090,-0.061364,-0.930665,0.360143,-1.168252,0.011218,-0.020201,-0.490725,-0.964323,-0.503704,1.340862,0.021827,0.009054
2.500000,0.002466,0.042961,-0.003446,-0.068649,-0.941027,0.260143,-1.132464,0.009123,-0.011790,-0.540310,-0.962236,-0.603704,1.378908,0.012791,0.005897
2.533333,-0.001366,0.035860,-0.006597,-0.047696,-0.949671,0.160143,-1.129103,0.012227,-0.018310,-0.550653,-0.967219,-0.695747,1.393536,0.014022,-0.000728
2.566667,-0.002933,0.034329,-0.009311,-0.050044,-0.950273,0.060143,-1.159018,0.015048,-0.014213,-0.522366,-0.969948,-0.747789,1.415323,0.006929,0.001881
2.600000,-0.007744,0.028548,-0.004446,-0.050387,-0.937412,-0.039857,-1.208846,0.019912,-0.018514,-0.466666,-0.981574,-0.759832,1.443167,0.007069,0.001190
2.633333,-0.006201,0.029088,0.001785,-0.051096,-0.904635,-0.123833,-1.250107,0.019297,-0.019078,-0.428059,-0.979320,-0.731874,1.463827,0.011645,-0.010254
2.666667,-0.008088,0.033847,0.000672,-0.061235,-0.875057,-0.167810,-1.308977,0.021958,-0.018717,-0.407900,-0.981767,-0.663917,1.489152,0.010618,-0.015321
2.700000,-0.008479,0.032904,0.003298,-0.077932,-0.854424,-0.211787,-1.364393,0.021343,-0.020866,-0.398774,-0.972025,-0.563917,1.517851,0.015322,-0.014696
2.733333,-0.005087,0.033119,-0.001250,-0.074762,-0.826866,-0.230770,-1.385723,0.021494,-0.023959,-0.424420,-0.987604,-0.463917,1.533820,0.023272,-0.023618
2.766667,0.000821,0.037397,-0.008700,-0.078740,-0.830908,-0.248481,-1.394778,0.020837,-0.020721,-0.438397,-0.986062,-0.363917,1.534148,0.024819,-0.022447
2.800000,-0.002302,0.038367,-0.010565,-0.074954,-0.848703,-0.246467,-1.384469,0.020128,-0.020809,-0.432853,-0.990682,-0.299997,1.523647,0.025142,-0.025644
2.833333,-0.002796,0.034409,-0.005508,-0.073904,-0.848073,-0.269737,-1.360260,0.014698,-0.023812,-0.423308,-0.977250,-0.258455,1.501702,0.026899,-0.017538
2.866667,0.000058,0.038040,-0.004415,-0.097982,-0.854762,-0.259905,-1.307079,0.015244,-0.017792,-0.441892,-0.990210,-0.256914,1.459799,0.021348,-0.013694
2.900000,-0.002082,0.038170,0.000674,-0.119090,-0.886018,-0.235067,-1.247983,0.012577,-0.020318,-0.453460,-0.989318,-0.295372,1.390626,0.019012,-0.008866
2.933333,-0.004837,0.033470,0.007357,-0.132761,-0.922498,-0.171502,-1.161161,0.010376,-0.022598,-0.484109,-1.004548,-0.373831,1.310373,0.015663,-0.011345
2.966667,0.002335,0.026859,0.009778,-0.168736,-0.967366,-0.103683,-1.101462,0.019196,-0.019189,-0.499087,-1.046352,-0.416209,1.224138,0.020856,-0.007158
3.000000,0.013661,0.024503,0.009540,-0.218080,-1.039861,-0.010582,-1.053523,0.023363,-0.013084,-0.488134,-1.088568,-0.476209,1.129722,0.017809,-0.008947
3.033333,0.015481,0.016696,0.006717,-0.267423,-1.097144,0.089418,-1.031268,0.025466,-0.017997,-0.437561,-1.115473,-0.521852,1.051417,0.017778,-0.009417
3.066667,0.011654,0.017462,0.004106,-0.342762,-1.132523,0.189418,-1.022913,0.023254,-0.014628,-0.386634,-1.120009,-0.567494,1.013113,0.020215,-0.014597
3.100000,0.016003,0.018014,0.001211,-0.398101,-1.143887,0.289418,-1.018487,0.018572,-0.010830,-0.337247,-1.129848,-0.613136,1.000270,0.019009,-0.015249
3.133333,0.010057,0.019298,-0.001932,-0.429543,-1.166555,0.389418,-1.002231,0.008332,-0.013198,-0.306354,-1.121854,-0.665813,1.005936,0.012946,-0.015671
3.166667,-0.006186,0.020553,-0.014883,-0.420986,-1.177624,0.489418,-0.967993,0.004879,-0.026270,-0.286404,-1.108952,-0.678489,1.009091,0.013396,-0.023163
3.200000,-0.005334,0.024560,-0.018350,-0.390013,-1.178364,0.564753,-0.919146,0.006386,-0.028725,-0.273248,-1.111362,-0.665524,1.003424,0.019479,-0.015029
3.233333,0.002431,0.022719,-0.015639,-0.334093,-1.193385,0.600087,-0.879161,0.007470,-0.035981,-0.254680,-1.131295,-0.612558,0.967037,0.015324,-0.010629
3.266667,-0.004013,0.022975,-0.019804,-0.278173,-1.219167,0.595422,-0.858047,0.014506,-0.044086,-0.218117,-1.131873,-0.519593,0.905189,0.010585,-0.007147
3.300000,-0.002063,0.032495,-0.021102,-0.246149,-1.215936,0.550757,-0.849331,0.017447,-0.037924,-0.195646,-1.150285,-0.419593,0.854856,0.008219,0.001277
3.333333,0.006008,0.029802,-0.009558,-0.226538,-1.206638,0.466091,-0.875756,0.012292,-0.025840,-0.180247,-1.172776,-0.319593,0.803261,0.010693,0.007689
3.366667,0.009257,0.029874,-0.005867,-0.192073,-1.182882,0.366091,-0.925903,0.014678,-0.012974,-0.175571,-1.163220,-0.219593,0.755259,-0.002291,-0.003680
3.400000,0.010461,0.040429,-0.005821,-0.155902,-1.136107,0.266091,-0.993288,0.009896,-0.005943,-0.161496,-1.137753,-0.138940,0.712317,-0.005992,0.002843
3.433333,0.014895,0.040500,0.003025,-0.131369,-1.074495,0.166091,-1.077874,0.005219,0.002950,-0.169167,-1.144274,-0.058287,0.692310,0.000253,-0.003519
3.466667,0.017055,0.037582,0.006612,-0.084188,-1.023624,0.066091,-1.163103,0.004242,-0.000426,-0.178149,-1.132376,-0.006151,0.659460,0.004913,-0.011052
3.500000,0.020396,0.039586,0.005498,-0.052192,-0.991312,-0.033909,-1.224537,0.007677,-0.002656,-0.185619,-1.117615,0.009571,0.643160,0.004976,-0.001294
3.533333,0.016821,0.039262,0.007145,-0.041219,-0.983935,-0.113034,-1.251172,-0.001008,-0.011680,-0.193983,-1.131729,0.006702,0.646705,0.015621,-0.003633
3.566667,0.020644,0.035413,0.011572,-0.061560,-1.007199,-0.152159,-1.237808,0.006221,-0.005149,-0.218068,-1.176677,-0.016820,0.675908,0.016432,-0.008195
3.600000,0.023993,0.037788,0.014785,-0.110263,-1.058553,-0.151284,-1.184444,0.009257,-0.000679,-0.252283,-1.205829,-0.080342,0.722177,0.010152,-0.003983
3.633333,0.022144,0.032125,0.013648,-0.173959,-1.121445,-0.110409,-1.099151,0.007430,-0.005461,-0.267316,-1.213401,-0.155347,0.780603,0.007658,-0.006266
3.666667,0.023962,0.031254,0.014766,-0.250057,-1.166488,-0.029534,-1.024272,0.009047,-0.001771,-0.305844,-1.228597,-0.233938,0.860669,0.005060,-0.020672
3.700000,0.030275,0.026859,0.012954,-0.342403,-1.206236,0.070466,-0.989393,0.010941,-0.007750,-0.353831,-1.231011,-0.333938,0.932363,0.000582,-0.021773
3.733333,0.022102,0.019188,0.008755,-0.434748,-1.230408,0.170466,-0.991696,0.012909,-0.015420,-0.386960,-1.204493,-0.433938,0.981020,0.007324,-0.024471
3.766667,0.018308,0.019626,-0.000688,-0.527094,-1.220870,0.270466,-1.013390,0.015762,-0.018549,-0.403063,-1.162732,-0.533938,1.008626,0.003496,-0.029916
3.800000,0.022200,0.025394,0.001326,-0.627094,-1.203699,0.370466,-1.074904,0.017788,-0.011911,-0.426268,-1.158862,-0.633938,1.021950,-0.000040,-0.018961
3.833333,0.013847,0.022717,-0.002944,-0.709374,-1.206012,0.470466,-1.142081,0.021759,-0.018814,-0.438579,-1.151681,-0.733938,1.023089,0.002466,-0.016661
3.866667,0.004398,0.020908,-0.011545,-0.760345,-1.204587,0.570466,-1.180663,0.029729,-0.018380,-0.437473,-1.121691,-0.833938,1.029434,0.011439,-0.008033
3.900000,0.008387,0.028772,-0.011460,-0.803606,-1.202972,0.670466,-1.207628,0.029694,-0.019776,-0.458103,-1.124410,-0.933938,1.047568,0.014579,-0.005213
3.933333,0.005025,0.024952,-0.008609,-0.824728,-1.214267,0.770466,-1.235010,0.024713,-0.025445,-0.488404,-1.122851,-1.033938,1.054768,0.020136,-0.003968
3.966667,-0.000362,0.022625,-0.020478,-0.834312,-1.208105,0.870466,-1.241035,0.032974,-0.029259,-0.536890,-1.116385,-1.133938,1.086911,0.029107,-0.011156
4.000000,0.007125,0.027587,-0.020932,-0.845856,-1.199789,0.970466,-1.235083,0.029683,-0.024191,-0.588828,-1.103371,-1.233938,1.117277,0.034225,-0.007273
4.033333,0.009656,0.033059,-0.014126,-0.859753,-1.208063,1.070466,-1.233969,0.023390,-0.022465,-0.652401,-1.113262,-1.333938,1.131985,0.023746,-0.015923
4.066667,0.004293,0.033647,-0.020177,-0.860822,-1.216232,1.170466,-1.226524,0.015873,-0.017094,-0.707049,-1.098083,-1.433938,1.142700,0.016459,-0.023095
4.100000,0.007801,0.036285,-0.017568,-0.870984,-1.231240,1.270466,-1.220423,0.014226,-0.016451,-0.752785,-1.102228,-1.533938,1.171083,0.024106,-0.016236
4.133333,0.007188,0.035020,-0.008956,-0.875446,-1.244832,1.368056,-1.212794,0.003142,-0.016211,-0.775648,-1.091843,-1.604965,1.163880,0.017521,-0.017516
4.166667,0.005694,0.043121,-0.006802,-0.869241,-1.247723,1.452574,-1.193590,-0.001134,-0.016198,-0.771160,-1.086848,-1.640535,1.141674,0.006878,-0.013242
4.200000,0.000387,0.042065,-0.005593,-0.867566,-1.246468,1.511041,-1.182184,0.001876,-0.014292,-0.740283,-1.095375,-1.636104,1.107563,0.006326,-0.005065
4.233333,0.008491,0.032911,-0.002210,-0.859202,-1.241458,1.529647,-1.171094,0.003750,-0.019259,-0.681773,-1.125232,-1.591673,1.048693,0.012052,-0.000079
4.266667,0.015211,0.031357,-0.006311,-0.833237,-1.228514,1.525335,-1.140105,0.009809,-0.016114,-0.604107,-1.163259,-1.507242,0.964141,-0.002847,-0.006961
4.300000,0.019950,0.031547,-0.007016,-0.796825,-1.239066,1.497072,-1.125732,0.016047,-0.018549,-0.509315,-1.196472,-1.411784,0.875175,-0.000501,-0.005109
4.333333,0.019722,0.021106,-0.002558,-0.773815,-1.246384,1.453391,-1.120465,0.019822,-0.018053,-0.417374,-1.253459,-1.311784,0.775174,0.006734,-0.011866
4.366667,0.028810,0.018174,-0.000645,-0.752465,-1.240136,1.404595,-1.109644,0.019420,-0.019899,-0.353947,-1.288382,-1.211784,0.705462,0.002947,-0.021596
4.400000,0.025435,0.022048,-0.000531,-0.729640,-1.240164,1.379969,-1.105695,0.024371,-0.020869,-0.304924,-1.323823,-1.111784,0.635749,-0.001640,-0.019943
4.433333,0.017084,0.022136,0.005820,-0.709514,-1.230154,1.367613,-1.106673,0.019650,-0.029415,-0.275682,-1.329150,-1.011784,0.568075,0.010632,-0.019909
4.466667,0.023775,0.022114,0.009627,-0.691729,-1.205505,1.381619,-1.092245,0.023356,-0.024836,-0.263118,-1.338108,-0.911784,0.540402,0.002784,-0.013117
4.500000,0.029553,0.025493,0.012276,-0.679539,-1.195341,1.392638,-1.094234,0.022594,-0.029189,-0.250196,-1.332071,-0.811784,0.552729,0.003828,-0.008461
4.533333,0.018586,0.026847,0.004447,-0.672256,-1.197367,1.408756,-1.112396,0.019993,-0.027805,-0.221829,-1.317707,-0.711784,0.569091,0.012897,-0.002811
4.566667,0.011758,0.032391,0.003210,-0.693675,-1.180692,1.437148,-1.131946,0.016872,-0.017039,-0.201956,-1.304526,-0.611784,0.625452,0.009913,0.002230
4.600000,0.017595,0.035301,0.002320,-0.715294,-1.174634,1.455523,-1.149235,0.016948,-0.003703,-0.185950,-1.309350,-0.536380,0.710400,0.010934,0.008272
4.633333,0.011596,0.030978,-0.004826,-0.736668,-1.183018,1.449317,-1.183021,0.014524,-0.009736,-0.175401,-1.301814,-0.469657,0.768689,0.024960,-0.002181
4.666667,0.012298,0.031222,-0.017007,-0.750534,-1.172075,1.471253,-1.194410,0.019061,-0.009273,-0.173565,-1.298767,-0.434372,0.825750,0.024640,-0.004285
4.700000,0.020959,0.034061,-0.007744,-0.771236,-1.164360,1.501768,-1.204101,0.023048,-0.012319,-0.183052,-1.301586,-0.422138,0.861375,0.025869,0.002467
4.733333,0.029968,0.028627,-0.005802,-0.764838,-1.163790,1.507792,-1.201865,0.025482,-0.019258,-0.190738,-1.289227,-0.426032,0.873322,0.028590,-0.005342
4.766667,0.025494,0.030643,-0.009091,-0.773884,-1.175912,1.527083,-1.211372,0.025624,-0.020108,-0.200700,-1.267784,-0.441535,0.894641,0.027169,-0.007132
4.800000,0.022626,0.031794,-0.005175,-0.795585,-1.183306,1.552027,-1.226240,0.023496,-0.015134,-0.208785,-1.254592,-0.488358,0.933891,0.023580,-0.005169
4.833333,0.020167,0.031173,0.001518,-0.815850,-1.191959,1.551448,-1.241764,0.019189,-0.012128,-0.231171,-1.227918,-0.543742,0.961793,0.027227,-0.006269
4.866667,0.013496,0.035056,-0.000577,-0.830446,-1.189422,1.549762,-1.239739,0.014910,-0.004656,-0.253560,-1.195118,-0.616076,1.006729,0.022957,-0.013076
4.900000,0.008995,0.036082,0.001402,-0.852586,-1.205102,1.568362,-1.256399,0.016258,-0.003883,-0.287790,-1.164480,-0.712282,1.072831,0.023277,-0.015482
4.933333,0.011648,0.029876,0.003338,-0.871663,-1.205421,1.559433,-1.273239,0.019409,-0.005430,-0.320081,-1.148389,-0.812282,1.124093,0.025933,-0.013331
4.966667,0.012454,0.034524,-0.002002,-0.880150,-1.209548,1.548633,-1.276722,0.016788,-0.008087,-0.355451,-1.130314,-0.894454,1.167258,0.018093,-0.011718
5.000000,0.003364,0.032373,-0.003116,-0.879988,-1.219474,1.553533,-1.287320,0.015743,-0.012273,-0.367747,-1.124512,-0.943898,1.187480,0.014991,-0.011187
5.033333,0.011801,0.026349,-0.004958,-0.874390,-1.226304,1.545747,-1.298238,0.014736,-0.020634,-0.372112,-1.138215,-0.953343,1.190821,0.012391,-0.020017
5.066667,0.016585,0.026500,-0.011077,-0.867800,-1.216764,1.531039,-1.290307,0.018905,-0.021621,-0.359591,-1.166969,-0.922787,1.165169,0.003702,-0.014883
5.100000,0.018061,0.026600,-0.011420,-0.847247,-1.226275,1.521237,-1.280595,0.013521,-0.026518,-0.330738,-1.181894,-0.853127,1.114356,-0.001112,-0.014369
5.133333,0.022468,0.019960,-0.007347,-0.817235,-1.217348,1.507611,-1.258441,0.013100,-0.027531,-0.308290,-1.197612,-0.778444,1.052689,0.001780,-0.019001
5.166667,0.030257,0.020263,-0.007668,-0.800523,-1.211033,1.482007,-1.247268,0.008769,-0.029978,-0.298167,-1.219820,-0.713062,1.004481,0.000542,-0.019864
5.200000,0.029737,0.021994,-0.005164,-0.778743,-1.219148,1.457349,-1.230124,0.009029,-0.023641,-0.287939,-1.238445,-0.664257,0.961884,0.005402,-0.008800
5.233333,0.028697,0.024063,0.003949,-0.752195,-1.224979,1.443208,-1.213246,0.003784,-0.024534,-0.290702,-1.229581,-0.639875,0.937094,0.016632,-0.011410
5.266667,0.037238,0.035238,0.010156,-0.754970,-1.203930,1.441695,-1.192998,0.013155,-0.010959,-0.304601,-1.244204,-0.654598,0.952304,0.018597,-0.010761
5.300000,0.034703,0.041661,0.016108,-0.766964,-1.213487,1.442609,-1.198548,0.011842,-0.007901,-0.323938,-1.246857,-0.692171,0.980989,0.021181,-0.008993
5.333333,0.032087,0.043461,0.009906,-0.770985,-1.214067,1.450557,-1.206095,0.020112,-0.006809,-0.342508,-1.236734,-0.753171,1.024482,0.024640,-0.008492
5.366667,0.029810,0.048906,0.010598,-0.801612,-1.207747,1.478829,-1.219122,0.015029,-0.005066,-0.384719,-1.219238,-0.837593,1.089324,0.023255,-0.005153
5.400000,0.031074,0.045430,0.007788,-0.837188,-1.218343,1.485758,-1.255575,0.013793,-0.004802,-0.431659,-1.202948,-0.937593,1.149655,0.024139,-0.001184
5.433333,0.020557,0.040027,-0.003401,-0.847925,-1.233540,1.486686,-1.300752,0.009988,-0.013375,-0.486785,-1.161540,-1.037593,1.194398,0.027925,-0.002731
5.466667,0.018464,0.040900,-0.011603,-0.875647,-1.236439,1.491840,-1.343517,0.015413,-0.012820,-0.530035,-1.143423,-1.137593,1.242134,0.021476,0.004955
5.500000,0.016201,0.038268,-0.003600,-0.901695,-1.249208,1.486577,-1.365320,0.015063,-0.006774,-0.583696,-1.129501,-1.237593,1.282919,0.014991,0.004986
5.533333,0.014905,0.034577,-0.007808,-0.894748,-1.266362,1.462670,-1.395065,0.022273,-0.004862,-0.622742,-1.122930,-1.328378,1.301262,0.016554,-0.002358
5.566667,0.010333,0.032094,-0.009996,-0.899356,-1.278332,1.439314,-1.417256,0.025826,-0.001369,-0.668017,-1.112885,-1.414799,1.337816,0.007215,-0.003107
5.600000,0.007979,0.026927,-0.007638,-0.908724,-1.285195,1.399351,-1.446562,0.021751,-0.007938,-0.726317,-1.109569,-1.493668,1.389958,0.002906,-0.010124
5.633333,0.010111,0.023864,-0.002510,-0.902901,-1.269601,1.341144,-1.456431,0.014600,-0.007177,-0.799929,-1.087479,-1.552225,1.437213,0.008804,-0.022663
5.666667,0.009660,0.028762,-0.007026,-0.878448,-1.251161,1.273253,-1.477630,0.014286,-0.004454,-0.843931,-1.065311,-1.570782,1.480636,0.007927,-0.029783
5.700000,0.009650,0.027317,-0.004688,-0.847581,-1.237130,1.194016,-1.501433,0.011165,-0.009076,-0.862549,-1.027107,-1.558554,1.524329,0.006454,-0.030621
5.733333,0.014123,0.027244,-0.007264,-0.785527,-1.211846,1.099599,-1.494327,0.007855,-0.010596,-0.841166,-1.014837,-1.510690,1.552155,0.013343,-0.041104
5.766667,0.013782,0.029862,-0.011671,-0.703558,-1.218127,1.005181,-1.479544,0.009140,-0.010405,-0.779784,-0.987832,-1.430378,1.539981,0.015180,-0.041443
5.800000,0.008588,0.032199,-0.013929,-0.603558,-1.237840,0.906977,-1.446611,0.013101,-0.014699,-0.679784,-0.960388,-1.330378,1.503906,0.013865,-0.037475
5.833333,0.008932,0.029117,-0.008868,-0.503558,-1.240998,0.806977,-1.406380,0.014677,-0.021198,-0.579784,-0.921628,-1.230378,1.461721,0.020641,-0.031314
5.866667,0.009034,0.035284,-0.007568,-0.410114,-1.242361,0.706977,-1.343775,0.016170,-0.015531,-0.479784,-0.915993,-1.130378,1.430919,0.015711,-0.026031
5.900000,0.002028,0.039740,-0.004115,-0.316670,-1.263321,0.606977,-1.287261,0.010892,-0.020155,-0.379784,-0.884975,-1.030378,1.378801,0.018681,-0.020696
5.933333,0.000526,0.039564,0.001697,-0.242705,-1.265041,0.506977,-1.231894,0.007728,-0.019944,-0.292861,-0.873957,-0.930378,1.346682,0.020320,-0.019659
5.966667,0.004854,0.032995,0.005977,-0.208740,-1.253330,0.446977,-1.216527,0.015089,-0.016275,-0.245939,-0.898860,-0.860385,1.341358,0.027930,-0.019762
6.000000,0.009844,0.031423,0.008842,-0.214774,-1.271135,0.426977,-1.226978,0.015587,-0.005678,-0.239017,-0.949655,-0.830392,1.360180,0.022469,-0.012074
6.033333,0.009962,0.022129,0.009010,-0.254253,-1.280366,0.446977,-1.274021,0.017175,-0.006954,-0.272095,-1.000451,-0.828803,1.389791,0.029708,-0.008207
6.066667,0.007338,0.021090,0.007248,-0.333732,-1.273371,0.506977,-1.350631,0.022637,-0.002395,-0.340391,-1.066520,-0.860314,1.441909,0.031594,-0.004431
6.100000,0.008584,0.018777,0.007446,-0.433731,-1.256173,0.606977,-1.425482,0.022797,0.002726,-0.410580,-1.143359,-0.923269,1.494028,0.029793,-0.001201
6.133333,0.004493,0.022822,0.006849,-0.533732,-1.269618,0.706977,-1.485722,0.012857,0.000775,-0.463401,-1.204381,-0.965458,1.539352,0.022069,0.003911
6.166667,-0.012881,0.023747,-0.007713,-0.627714,-1.264040,0.806977,-1.512966,0.012752,-0.013676,-0.497996,-1.231513,-0.982793,1.564676,0.029301,-0.001795
6.200000,-0.014183,0.028935,-0.012590,-0.721697,-1.244720,0.906977,-1.521556,0.013074,-0.019272,-0.514044,-1.258596,-1.002071,1.570000,0.034726,0.001773
6.233333,-0.013469,0.025889,-0.008756,-0.802493,-1.240667,1.006977,-1.518780,0.014378,-0.021941,-0.514385,-1.278352,-0.991719,1.570000,0.031164,0.001185
6.266667,-0.017732,0.027022,-0.015872,-0.852076,-1.251512,1.106977,-1.514558,0.018966,-0.031281,-0.515903,-1.270225,-0.949924,1.566960,0.026193,0.007398
6.300000,-0.018382,0.032931,-0.019581,-0.901659,-1.238258,1.206977,-1.500229,0.026251,-0.022019,-0.530241,-1.277915,-0.924481,1.566960,0.031635,0.013186
6.333333,-0.008196,0.032663,-0.007017,-0.932058,-1.230020,1.298872,-1.499585,0.019903,-0.015092,-0.536053,-1.285709,-0.884017,1.559474,0.030087,0.011582
6.366667,-0.002295,0.029432,-0.003860,-0.932613,-1.213656,1.362281,-1.477595,0.024475,-0.003647,-0.520412,-1.253551,-0.813208,1.531987,0.017955,0.004475
6.400000,0.001598,0.040106,-0.004603,-0.930327,-1.200546,1.425691,-1.461647,0.018251,0.000490,-0.485259,-1.202652,-0.738928,1.484501,0.016493,0.016029
6.433333,0.008469,0.038749,0.005191,-0.939461,-1.175571,1.466634,-1.449489,0.018955,0.006686,-0.433959,-1.165170,-0.664648,1.420055,0.022529,0.010663
6.466667,0.009682,0.036118,0.007810,-0.912724,-1.155424,1.482610,-1.435863,0.014826,-0.001378,-0.368908,-1.100482,-0.585504,1.332569,0.022504,0.004095
6.500000,0.010425,0.035109,0.006103,-0.871189,-1.139658,1.466692,-1.412545,0.015700,0.000209,-0.301789,-1.029580,-0.546234,1.272569,0.021240,0.016871
6.533333,0.001593,0.036277,0.008154,-0.819499,-1.139047,1.439259,-1.389228,0.013083,-0.011362,-0.257884,-0.970196,-0.546964,1.252569,0.026993,0.015044
6.566667,0.003623,0.031047,0.010887,-0.743837,-1.125144,1.371826,-1.343299,0.021909,-0.006289,-0.231914,-0.943772,-0.575711,1.272569,0.029450,0.011257
6.600000,0.001566,0.031489,0.014229,-0.647967,-1.125947,1.286860,-1.293089,0.024385,0.001257,-0.239016,-0.925109,-0.618076,1.329259,0.025847,0.015145
6.633333,0.000645,0.027605,0.012954,-0.547967,-1.126720,1.186860,-1.266051,0.021852,-0.001492,-0.241134,-0.906644,-0.639710,1.396445,0.022731,0.016880
6.666667,-0.000866,0.029444,0.013771,-0.487967,-1.137037,1.086860,-1.268016,0.024896,0.002924,-0.272072,-0.928179,-0.621344,1.463631,0.019873,0.004131
6.700000,0.009519,0.026643,0.013085,-0.467967,-1.162650,0.986860,-1.309982,0.023476,-0.001633,-0.314068,-0.978198,-0.562979,1.511117,0.021851,0.001890
6.733333,0.005553,0.023336,0.011485,-0.481539,-1.186967,0.886860,-1.381219,0.014502,-0.007135,-0.347181,-1.017732,-0.476597,1.534986,0.022881,-0.004248
6.766667,0.001151,0.026829,0.002466,-0.535111,-1.192677,0.817736,-1.444714,0.014170,-0.008008,-0.368467,-1.048067,-0.376597,1.534580,0.023728,-0.008449
6.800000,0.000180,0.031078,0.005462,-0.628684,-1.208846,0.788612,-1.491817,0.019743,0.002359,-0.401545,-1.105411,-0.276597,1.523679,0.025778,-0.003776
6.833333,0.001929,0.027499,0.002518,-0.722256,-1.220992,0.799488,-1.523079,0.023267,-0.005273,-0.420419,-1.139926,-0.181823,1.483839,0.026664,-0.002505
6.866667,-0.009280,0.024725,-0.005670,-0.796079,-1.217466,0.850364,-1.518319,0.032195,-0.001877,-0.416545,-1.134441,-0.117814,1.423699,0.030138,0.006259
6.900000,-0.006183,0.028913,-0.006841,-0.850471,-1.209421,0.941240,-1.488331,0.038114,-0.006868,-0.415580,-1.146480,-0.093806,1.347177,0.034171,0.009425
6.933333,-0.006423,0.022838,-0.004537,-0.868439,-1.212058,1.041240,-1.460628,0.035425,-0.017655,-0.421300,-1.151821,-0.109797,1.258238,0.036189,0.008751
6.966667,-0.004710,0.023831,-0.017435,-0.846406,-1.200834,1.122434,-1.412331,0.040238,-0.023687,-0.401589,-1.145097,-0.145002,1.169300,0.040756,0.002767
7.000000,-0.004445,0.028711,-0.017176,-0.784373,-1.195704,1.163629,-1.339875,0.034398,-0.023462,-0.356082,-1.129389,-0.199156,1.069300,0.043738,0.012615
7.033333,-0.001677,0.031303,-0.011615,-0.702090,-1.211590,1.164823,-1.263441,0.023236,-0.022071,-0.310978,-1.140957,-0.222545,0.969300,0.040993,0.011043
7.066667,-0.006692,0.032324,-0.018229,-0.605665,-1.214279,1.126018,-1.174286,0.013867,-0.019051,-0.260560,-1.119753,-0.205933,0.909300,0.034863,0.008774
7.100000,-0.007760,0.035581,-0.014841,-0.505665,-1.215266,1.047212,-1.074286,0.007026,-0.014108,-0.203532,-1.108583,-0.168292,0.889144,0.038137,0.016164
7.133333,-0.010591,0.032196,-0.002658,-0.405665,-1.209672,0.947212,-0.974286,-0.002609,-0.013825,-0.150915,-1.085979,-0.111438,0.894408,0.027200,0.016083
7.166667,-0.012207,0.037821,-0.000411,-0.318247,-1.194804,0.847212,-0.874286,-0.003648,-0.012196,-0.118663,-1.068466,-0.038634,0.927824,0.020586,0.013669
7.200000,-0.012903,0.041981,0.003287,-0.249581,-1.173470,0.747212,-0.774286,0.002012,-0.009237,-0.089409,-1.054441,0.011235,0.971557,0.020345,0.020343
7.233333,-0.003064,0.034197,0.009786,-0.202194,-1.173657,0.647212,-0.687760,0.005397,-0.017627,-0.081350,-1.064963,0.050228,0.993667,0.021078,0.018998
7.266667,0.006062,0.034669,0.006799,-0.173924,-1.189909,0.547212,-0.601234,0.011879,-0.015149,-0.071141,-1.084101,0.088819,0.989802,0.009821,0.013296
7.300000,0.010609,0.034929,0.003587,-0.180458,-1.244803,0.447212,-0.554708,0.011740,-0.022120,-0.082852,-1.095948,0.089092,0.961390,0.014437,0.015235
7.333333,0.014076,0.026202,0.007480,-0.214409,-1.295809,0.364218,-0.548182,0.012741,-0.020640,-0.095850,-1.132644,0.079736,0.926736,0.023360,0.010999
7.366667,0.024524,0.021122,0.005751,-0.269608,-1.330190,0.321224,-0.581656,0.009002,-0.021174,-0.123972,-1.152028,0.070480,0.904587,0.009580,-0.002930
7.400000,0.018679,0.023946,0.003924,-0.343529,-1.367018,0.318230,-0.641656,0.017848,-0.018410,-0.132681,-1.170702,0.044745,0.864061,0.009302,-0.001512
7.433333,0.011477,0.022374,0.008146,-0.438332,-1.376121,0.355236,-0.741656,0.017773,-0.020488,-0.146750,-1.162556,0.010862,0.809665,0.017756,-0.003786
7.466667,0.019994,0.023322,0.010467,-0.538332,-1.354057,0.432242,-0.841656,0.027325,-0.010368,-0.149484,-1.166946,-0.007782,0.759763,0.014346,0.002415
7.500000,0.022344,0.025910,0.012676,-0.638332,-1.343694,0.532242,-0.941656,0.029471,-0.018368,-0.146556,-1.160542,-0.023407,0.698376,0.014489,0.002906
7.533333,0.007560,0.028145,0.005156,-0.737315,-1.353823,0.632242,-1.041656,0.029901,-0.020786,-0.125859,-1.145323,-0.031305,0.632983,0.027235,0.011746
7.566667,0.001715,0.033395,0.001991,-0.836299,-1.340843,0.732242,-1.141657,0.027095,-0.010816,-0.126158,-1.136867,-0.028190,0.598272,0.028708,0.020436
7.600000,0.006145,0.034670,0.001206,-0.898796,-1.342835,0.832242,-1.213420,0.027616,-0.008247,-0.123313,-1.153701,-0.028482,0.574181,0.032443,0.026913
7.633333,-0.005232,0.028166,-0.003829,-0.931183,-1.357339,0.932242,-1.272548,0.021786,-0.015730,-0.125937,-1.153756,-0.012876,0.553063,0.037069,0.021611
7.666667,-0.005826,0.027741,-0.016801,-0.943346,-1.356059,1.032242,-1.304036,0.026418,-0.011460,-0.130485,-1.153926,-0.012333,0.553516,0.035533,0.019291
7.700000,0.001578,0.026561,-0.005602,-0.946197,-1.348311,1.132242,-1.320821,0.028229,-0.014143,-0.147808,-1.164671,-0.016697,0.543521,0.037664,0.018978
7.733333,0.004228,0.019835,-0.001351,-0.917578,-1.351033,1.232242,-1.314635,0.026147,-0.018430,-0.156124,-1.156236,-0.011982,0.510784,0.038003,0.006791
7.766667,0.001989,0.021935,-0.005827,-0.909421,-1.363313,1.332242,-1.312516,0.023789,-0.016830,-0.162249,-1.138198,0.003159,0.507427,0.033058,0.006972
7.800000,0.006272,0.023215,-0.002251,-0.916546,-1.372254,1.432243,-1.318314,0.022671,-0.018566,-0.163265,-1.129922,0.001654,0.511072,0.033685,0.007993
7.833333,0.005757,0.022991,0.004911,-0.922865,-1.374170,1.514267,-1.321570,0.014251,-0.017361,-0.165311,-1.104833,0.007758,0.514344,0.032760,0.011801
7.866667,-0.005030,0.028117,0.002013,-0.924610,-1.371101,1.579913,-1.316996,0.013364,-0.009054,-0.149977,-1.064533,0.012513,0.549249,0.026296,0.007885
7.900000,-0.005768,0.029310,0.002158,-0.941375,-1.380322,1.636291,-1.329179,0.015601,-0.010132,-0.119807,-1.015517,0.016851,0.616214,0.027234,0.008670
7.933333,-0.004522,0.024705,0.006675,-0.957179,-1.371808,1.660935,-1.344604,0.016994,-0.013544,-0.082888,-0.962465,0.022017,0.683178,0.032472,0.008891
7.966667,-0.007247,0.030560,0.001923,-0.972769,-1.366438,1.666889,-1.361350,0.021155,-0.007268,-0.027542,-0.894685,0.029648,0.774801,0.026117,0.008653
8.000000,-0.015431,0.029595,-0.000317,-0.989277,-1.364690,1.679394,-1.393941,0.025487,-0.012441,0.046750,-0.816268,0.040280,0.874801,0.028590,0.006962
8.033333,-0.003399,0.026802,-0.003207,-1.002915,-1.345791,1.677497,-1.424407,0.025186,-0.021172,0.106541,-0.742813,0.032274,0.974801,0.030566,0.001502
8.066667,0.002569,0.026506,-0.009128,-1.015335,-1.309923,1.674293,-1.440166,0.028096,-0.018761,0.131912,-0.698714,-0.008050,1.074801,0.017808,0.004189
8.100000,0.002518,0.029092,-0.013283,-1.012655,-1.289592,1.678676,-1.448976,0.032288,-0.026108,0.137143,-0.656841,-0.068703,1.174801,0.011865,0.000375
8.133333,0.002620,0.021958,-0.011327,-0.992293,-1.251792,1.677236,-1.429362,0.024407,-0.033283,0.103289,-0.651241,-0.123374,1.242253,0.019522,-0.007853
8.166667,0.010669,0.019721,-0.011764,-0.965140,-1.221373,1.665018,-1.399875,0.020173,-0.036491,0.041984,-0.685642,-0.158756,1.269705,0.011814,-0.009405
8.200000,0.011808,0.018266,-0.008650,-0.930381,-1.216145,1.661656,-1.367333,0.019422,-0.035714,-0.019447,-0.755079,-0.154138,1.257157,0.017046,-0.002220
8.233333,0.007688,0.023496,-0.000137,-0.874946,-1.215538,1.651403,-1.315712,0.020030,-0.042405,-0.070322,-0.822971,-0.112605,1.204610,0.028716,-0.000950
8.266667,0.021932,0.032622,0.008273,-0.811596,-1.204551,1.625296,-1.251969,0.018421,-0.026754,-0.111298,-0.916986,-0.057830,1.112062,0.023691,0.005120
8.300000,0.021303,0.038403,0.015319,-0.740971,-1.229884,1.583702,-1.180046,0.020544,-0.020097,-0.151911,-1.001253,-0.008760,1.012062,0.020154,0.009160
8.333333,0.016544,0.039782,0.010431,-0.669687,-1.246874,1.524311,-1.094501,0.026258,-0.015842,-0.178075,-1.070247,0.024359,0.912062,0.027669,0.012722
8.366667,0.013425,0.048454,0.011139,-0.621816,-1.255364,1.453413,-1.019080,0.020110,-0.011827,-0.204827,-1.118177,0.024548,0.824636,0.024101,0.018635
8.400000,0.016338,0.042926,0.011175,-0.576431,-1.275628,1.360561,-0.969354,0.012248,-0.009743,-0.219539,-1.148045,0.015165,0.737211,0.024962,0.020627
8.433333,0.003244,0.037428,0.001644,-0.568564,-1.281600,1.307709,-0.959628,0.011038,-0.018238,-0.226628,-1.137913,0.016589,0.689785,0.035102,0.015799
8.466667,-0.000621,0.037819,-0.006338,-0.600696,-1.256504,1.294858,-0.989902,0.013103,-0.021698,-0.194994,-1.113588,0.011852,0.682360,0.033058,0.024926
8.500000,-0.002352,0.037229,0.001647,-0.660392,-1.232630,1.322006,-1.058008,0.012312,-0.021211,-0.167743,-1.085939,0.021803,0.714934,0.030373,0.021562
8.533333,-0.001620,0.029974,-0.001141,-0.695595,-1.214152,1.382588,-1.143702,0.019549,-0.018969,-0.138455,-1.063639,0.036050,0.774934,0.033892,0.014983
8.566667,-0.004309,0.027604,-0.003455,-0.764343,-1.192116,1.482588,-1.237795,0.028637,-0.013903,-0.121719,-1.037986,0.039444,0.874934,0.026960,0.016098
8.600000,-0.006641,0.021896,0.000028,-0.816226,-1.172974,1.570791,-1.308928,0.029682,-0.020417,-0.110472,-1.033748,0.044869,0.974934,0.026897,0.014202
8.633333,-0.001667,0.019983,0.006536,-0.852125,-1.144899,1.635655,-1.354396,0.027552,-0.020311,-0.131723,-1.025556,0.042118,1.074934,0.029782,0.002731
8.666667,0.000677,0.025152,0.002532,-0.865314,-1.127547,1.696676,-1.375712,0.030309,-0.016721,-0.174612,-1.035963,0.000631,1.169645,0.025029,-0.004748
8.700000,-0.000406,0.025590,0.004693,-0.881505,-1.117321,1.717696,-1.377791,0.027615,-0.018140,-0.217995,-1.053129,-0.052223,1.232100,0.022800,-0.007277
8.733333,0.006256,0.024325,-0.000929,-0.873097,-1.098072,1.720133,-1.353058,0.025760,-0.019687,-0.271423,-1.093972,-0.114235,1.290641,0.028339,-0.016262
8.766667,0.006005,0.027311,-0.008691,-0.861915,-1.112020,1.694367,-1.337595,0.024051,-0.016083,-0.307761,-1.121695,-0.202328,1.309183,0.027684,-0.014284
8.800000,0.005111,0.028437,-0.012274,-0.834174,-1.142906,1.651940,-1.313446,0.020949,-0.015292,-0.337399,-1.151428,-0.294997,1.288693,0.026512,-0.013029
8.833333,0.002001,0.024052,-0.009619,-0.804971,-1.152379,1.573356,-1.287716,0.019418,-0.018874,-0.353671,-1.152601,-0.387667,1.262319,0.028665,-0.003050
8.866667,0.000947,0.028027,-0.009189,-0.759223,-1.165955,1.494771,-1.241222,0.020131,-0.015527,-0.387266,-1.151033,-0.480336,1.268201,0.023075,0.002314
8.900000,-0.009037,0.032613,-0.003282,-0.700385,-1.204343,1.394771,-1.187447,0.012324,-0.021184,-0.420861,-1.109466,-0.580336,1.277995,0.022890,0.004302
8.933333,-0.012058,0.031246,0.004076,-0.623669,-1.231916,1.294771,-1.107363,0.009187,-0.023771,-0.475408,-1.059603,-0.680336,1.319441,0.021061,0.000556
8.966667,-0.007385,0.025860,0.008414,-0.556800,-1.242551,1.194771,-1.061630,0.017291,-0.023820,-0.544157,-1.039349,-0.780336,1.366483,0.025736,-0.000823
9.000000,0.003862,0.026448,0.012391,-0.508282,-1.282583,1.095624,-1.025467,0.015178,-0.015760,-0.627249,-1.047656,-0.880336,1.421341,0.022532,-0.003958
9.033333,0.004520,0.020094,0.010824,-0.484115,-1.308646,1.012497,-1.015031,0.011732,-0.017407,-0.685878,-1.067656,-0.980336,1.454695,0.027799,-0.009730
9.066667,0.003708,0.019945,0.008022,-0.477380,-1.311888,0.955574,-1.016299,0.010577,-0.011800,-0.727956,-1.097865,-1.080336,1.477661,0.027444,-0.011347
9.100000,0.009452,0.018504,0.005791,-0.487864,-1.302328,0.916354,-1.020369,0.005177,-0.005890,-0.761645,-1.162346,-1.180336,1.482253,0.025458,-0.007573
9.133333,0.007025,0.023081,0.002962,-0.505817,-1.323239,0.897429,-1.009844,-0.001171,-0.006037,-0.779723,-1.209421,-1.271481,1.503730,0.017371,-0.005785
9.166667,-0.010475,0.023090,-0.013368,-0.519860,-1.317007,0.917650,-1.015482,0.002261,-0.019974,-0.768826,-1.216496,-1.322625,1.514403,0.019659,-0.010994
9.200000,-0.007922,0.027895,-0.018714,-0.549553,-1.294912,0.961852,-1.035394,0.008759,-0.027249,-0.743720,-1.197088,-1.333770,1.531726,0.024739,-0.003651
9.233333,0.000555,0.026833,-0.017181,-0.601813,-1.285952,1.019850,-1.083600,0.013846,-0.031271,-0.695165,-1.183918,-1.304914,1.537569,0.025177,-0.003261
9.266667,-0.003850,0.027855,-0.023208,-0.660628,-1.290297,1.100145,-1.149034,0.024162,-0.039476,-0.630579,-1.139083,-1.236059,1.533921,0.021970,-0.003669
9.300000,-0.005159,0.034901,-0.024268,-0.734671,-1.272060,1.200145,-1.205792,0.027116,-0.031968,-0.541606,-1.111654,-1.136059,1.532609,0.027527,0.001254
9.333333,0.008532,0.034590,-0.010230,-0.803610,-1.269880,1.300146,-1.248816,0.021963,-0.022939,-0.441606,-1.104562,-1.036059,1.505460,0.028592,0.000060
9.366667,0.015745,0.032154,-0.004727,-0.848747,-1.263921,1.393679,-1.251841,0.025197,-0.008663,-0.341606,-1.106547,-0.936059,1.453164,0.017306,-0.008116
9.400000,0.013585,0.041205,-0.002977,-0.880714,-1.267648,1.487212,-1.238522,0.020869,-0.003310,-0.246635,-1.111540,-0.836059,1.382735,0.007510,0.001178
9.433333,0.017100,0.038628,0.005381,-0.909489,-1.262560,1.562626,-1.223276,0.017098,0.003580,-0.182224,-1.153928,-0.736059,1.308521,0.013130,-0.000639
9.466667,0.021731,0.034473,0.006301,-0.902214,-1.262250,1.605425,-1.191301,0.017028,-0.000104,-0.156304,-1.183974,-0.636059,1.208521,0.015369,-0.004089
9.500000,0.021170,0.034896,0.004486,-0.869773,-1.263663,1.608224,-1.133059,0.018025,0.001790,-0.145698,-1.206917,-0.536059,1.108521,0.016695,0.010242
9.533333,0.015844,0.036155,0.007021,-0.821133,-1.275150,1.577488,-1.074818,0.007769,-0.004588,-0.150518,-1.243717,-0.436059,1.008521,0.020278,0.012382
9.566667,0.020527,0.031865,0.009488,-0.745664,-1.266441,1.506753,-0.992920,0.016212,-0.001729,-0.173615,-1.294951,-0.336059,0.908521,0.027113,0.007512
9.600000,0.023491,0.035449,0.014413,-0.649613,-1.256730,1.414138,-0.892920,0.019001,0.003399,-0.192472,-1.327028,-0.251457,0.823019,0.021553,0.010849
9.633333,0.017432,0.029806,0.014213,-0.549613,-1.238157,1.314138,-0.792920,0.016850,0.001652,-0.180213,-1.336063,-0.199835,0.753757,0.017148,0.012680
9.666667,0.016477,0.030521,0.014855,-0.453512,-1.211809,1.214138,-0.692920,0.016710,0.003014,-0.192638,-1.357073,-0.188213,0.724494,0.017949,0.001690
9.700000,0.017598,0.026988,0.010185,-0.379323,-1.190749,1.114138,-0.592920,0.019984,-0.011052,-0.229637,-1.371890,-0.216591,0.735232,0.019290,-0.002200
9.733333,0.012065,0.020595,0.009024,-0.328011,-1.176220,1.014138,-0.492920,0.012731,-0.012231,-0.264260,-1.355092,-0.284968,0.767514,0.020592,-0.001331
9.766667,0.008159,0.022002,-0.000138,-0.287605,-1.147992,0.914138,-0.392920,0.013008,-0.012558,-0.304842,-1.329455,-0.377948,0.814100,0.016731,-0.004118
9.800000,0.010100,0.028706,0.002098,-0.281713,-1.135483,0.814138,-0.310135,0.015920,-0.007516,-0.375966,-1.335563,-0.477948,0.873612,0.014283,-0.000393
9.833333,0.007906,0.024399,-0.000234,-0.281117,-1.137430,0.714138,-0.257325,0.013290,-0.015049,-0.441153,-1.334041,-0.577948,0.929927,0.013468,0.000043
9.866667,0.001735,0.021221,-0.006049,-0.267060,-1.131205,0.614138,-0.236832,0.019251,-0.008429,-0.487704,-1.302261,-0.677948,0.982710,0.016953,0.009515
9.900000,0.001129,0.028183,-0.007123,-0.252582,-1.111840,0.514138,-0.256339,0.017956,-0.014305,-0.553325,-1.308205,-0.777948,1.053949,0.018957,0.008612
9.933333,-0.003076,0.024781,-0.005034,-0.238690,-1.103233,0.414138,-0.315846,0.016866,-0.025148,-0.621541,-1.305255,-0.877948,1.130707,0.030785,0.002562
9.966667,-0.010023,0.024032,-0.015342,-0.200127,-1.075100,0.314138,-0.398137,0.019338,-0.030143,-0.691842,-1.294513,-0.977948,1.218299,0.040229,-0.006798
10.000000,-0.007584,0.029801,-0.014951,-0.161991,-1.031763,0.214138,-0.490454,0.020524,-0.024783,-0.746420,-1.274804,-1.077948,1.309087,0.043209,-0.004992
10.033333,-0.007393,0.032892,-0.009383,-0.122648,-1.010699,0.114138,-0.590454,0.016040,-0.021837,-0.805152,-1.280117,-1.177948,1.391900,0.038893,-0.010553
10.066667,-0.009591,0.035541,-0.014797,-0.080485,-1.005515,0.014138,-0.690454,0.011653,-0.017732,-0.823884,-1.255876,-1.237948,1.450462,0.037534,-0.015248
10.100000,-0.007874,0.038097,-0.010858,-0.052733,-1.010917,-0.045862,-0.790454,0.002697,-0.014038,-0.825160,-1.244243,-1.277932,1.495420,0.033208,-0.007533
10.133333,-0.002466,0.033460,-0.001589,-0.042156,-1.020704,-0.103712,-0.890454,-0.003492,-0.013054,-0.786436,-1.220267,-1.277916,1.500379,0.024537,-0.006473
10.166667,-0.001633,0.039999,-0.000837,-0.049090,-1.046078,-0.121562,-0.950454,-0.003240,-0.013093,-0.729373,-1.201690,-1.237900,1.465337,0.019230,-0.002268
10.200000,-0.001739,0.042541,0.002077,-0.078594,-1.064814,-0.114858,-0.970454,-0.005721,-0.011054,-0.646791,-1.198090,-1.157884,1.401804,0.018093,0.006258
10.233333,0.006509,0.033468,0.006532,-0.112598,-1.080448,-0.090494,-0.950454,-0.001598,-0.019063,-0.564209,-1.224045,-1.077868,1.322522,0.019846,0.008598
10.266667,0.014857,0.033986,0.002261,-0.138003,-1.089603,-0.085553,-0.890454,0.007348,-0.014332,-0.464209,-1.260801,-0.977867,1.222522,0.014008,0.003219
10.300000,0.018371,0.036206,-0.000743,-0.168003,-1.125444,-0.051586,-0.790454,0.012162,-0.018667,-0.370861,-1.286984,-0.877868,1.122522,0.014256,0.005707
10.333333,0.013688,0.024447,0.004807,-0.202701,-1.150555,-0.035245,-0.690454,0.011995,-0.019117,-0.299074,-1.336943,-0.777867,1.022522,0.016986,0.003588
10.366667,0.021093,0.019923,0.003950,-0.228006,-1.165323,-0.039980,-0.590454,0.014846,-0.022901,-0.267288,-1.357610,-0.697700,0.945604,0.013515,-0.011197
10.400000,0.014750,0.022632,0.002021,-0.245292,-1.191006,-0.035625,-0.494631,0.018846,-0.019320,-0.271558,-1.359586,-0.657532,0.908686,0.010673,-0.008605
10.433333,0.010299,0.022681,0.007052,-0.253577,-1.203627,-0.014682,-0.408679,0.017105,-0.023017,-0.307731,-1.335044,-0.657364,0.901617,0.018721,-0.006927
10.466667,0.016241,0.025148,0.009808,-0.245439,-1.200449,0.015084,-0.362465,0.019561,-0.019677,-0.377252,-1.312574,-0.697196,0.934547,0.015675,0.001628
10.500000,0.024875,0.030949,0.011042,-0.233373,-1.217360,0.038884,-0.356252,0.017768,-0.027025,-0.465211,-1.272948,-0.777028,1.007478,0.016138,-0.002644
10.533333,0.009991,0.034856,0.003399,-0.227695,-1.247403,0.087484,-0.390038,0.013807,-0.029294,-0.541835,-1.231403,-0.877028,1.097327,0.019367,0.003782
10.566667,0.004266,0.041597,0.001270,-0.245900,-1.241268,0.149333,-0.459647,0.014314,-0.019440,-0.614912,-1.206398,-0.977028,1.187176,0.022392,0.007587
10.600000,0.005371,0.042021,-0.000225,-0.295801,-1.239195,0.214019,-0.559385,0.012114,-0.013462,-0.677409,-1.209248,-1.077028,1.282220,0.020798,0.013659
10.633333,-0.008846,0.034190,-0.007728,-0.370515,-1.234302,0.278704,-0.659385,0.012009,-0.018208,-0.720602,-1.213477,-1.177028,1.342477,0.027916,0.006397
10.666667,-0.009923,0.032118,-0.022658,-0.457325,-1.199758,0.366982,-0.759385,0.018898,-0.009405,-0.729829,-1.234688,-1.277028,1.373291,0.032693,0.010292
10.700000,-0.004569,0.031002,-0.012466,-0.545223,-1.155817,0.466982,-0.859385,0.022094,-0.004768,-0.718835,-1.266622,-1.377028,1.364106,0.037016,0.015576
10.733333,0.001423,0.021646,-0.010422,-0.593121,-1.122315,0.566982,-0.959385,0.019552,-0.013042,-0.675329,-1.291232,-1.444076,1.314921,0.034956,0.009479
10.766667,-0.002039,0.022482,-0.014284,-0.601019,-1.108783,0.666982,-1.020866,0.020276,-0.014694,-0.610501,-1.305107,-1.471124,1.230692,0.034430,0.008413
10.800000,0.004766,0.023650,-0.007886,-0.568917,-1.099299,0.726982,-1.055230,0.015587,-0.015466,-0.524978,-1.332845,-1.458172,1.141249,0.036079,0.010188
10.833333,0.001958,0.023909,0.002265,-0.496815,-1.100990,0.746982,-1.049594,0.009530,-0.015288,-0.438931,-1.341688,-1.405219,1.041249,0.034574,0.013466
10.866667,-0.000695,0.028067,-0.000686,-0.397202,-1.111272,0.726982,-1.003958,0.007313,-0.010822,-0.356972,-1.341927,-1.312267,0.941249,0.033359,0.006724
10.900000,-0.002563,0.028451,0.001867,-0.315404,-1.150393,0.666982,-0.918322,0.009594,-0.015444,-0.298094,-1.340715,-1.212267,0.841249,0.035789,0.008784
10.933333,-0.003855,0.022307,0.005907,-0.261154,-1.176260,0.566982,-0.831205,0.012076,-0.019534,-0.262142,-1.342425,-1.112267,0.741249,0.039153,0.009124
10.966667,-0.003855,0.028836,0.001713,-0.228981,-1.211657,0.466982,-0.731205,0.007553,-0.015544,-0.253768,-1.334806,-1.012267,0.662189,0.032165,0.011816
11.000000,-0.011022,0.028480,-0.000992,-0.219051,-1.234281,0.366982,-0.631205,0.007815,-0.022399,-0.249270,-1.329645,-0.912267,0.587770,0.029451,0.006851
11.033333,0.001671,0.024657,-0.001375,-0.230807,-1.241996,0.266982,-0.531205,0.005262,-0.026836,-0.258813,-1.338249,-0.812267,0.537804,0.025192,0.005077
11.066667,0.007420,0.027160,-0.007699,-0.256199,-1.222071,0.170262,-0.431205,0.012083,-0.015554,-0.267777,-1.350222,-0.712267,0.505988,0.013558,0.007951
11.100000,0.008696,0.030390,-0.009443,-0.266493,-1.214375,0.087317,-0.337181,0.012079,-0.016025,-0.262899,-1.345962,-0.612267,0.477704,0.009884,0.006744
11.133333,0.006766,0.022693,-0.007812,-0.269240,-1.183710,0.034480,-0.266195,0.009478,-0.019972,-0.259701,-1.337916,-0.512267,0.458188,0.014131,-0.003435
11.166667,0.016049,0.021220,-0.007900,-0.274710,-1.166229,-0.006400,-0.227493,0.006720,-0.023070,-0.264031,-1.345951,-0.412267,0.453169,0.010845,-0.004255
11.200000,0.012527,0.021690,-0.006340,-0.278542,-1.166748,-0.029953,-0.209148,0.012319,-0.024801,-0.257080,-1.351005,-0.312267,0.447258,0.013232,0.004491
11.233333,0.005680,0.026552,0.001213,-0.263972,-1.169589,-0.018385,-0.208715,0.006642,-0.032800,-0.250083,-1.338056,-0.224728,0.454681,0.025961,0.002941
11.266667,0.023794,0.036517,0.008148,-0.262317,-1.155767,-0.008189,-0.216386,0.009037,-0.020421,-0.244002,-1.354247,-0.177190,0.498574,0.025434,0.008139
11.300000,0.025088,0.041859,0.014440,-0.259405,-1.177324,-0.017991,-0.241019,0.012036,-0.016128,-0.236678,-1.363767,-0.169652,0.547193,0.024645,0.013752
11.333333,0.020941,0.041695,0.008263,-0.246231,-1.188483,-0.023555,-0.265304,0.019544,-0.012158,-0.232176,-1.362838,-0.200459,0.612349,0.030907,0.015307
11.366667,0.020322,0.047575,0.008925,-0.243834,-1.191109,-0.006447,-0.298800,0.009158,-0.005596,-0.252385,-1.347596,-0.271266,0.693944,0.032712,0.014012
11.400000,0.023910,0.041836,0.009415,-0.236192,-1.211789,-0.015213,-0.354384,0.005162,-0.004031,-0.290136,-1.331192,-0.369611,0.784054,0.029125,0.011840
11.433333,0.008364,0.036878,-0.001229,-0.222358,-1.232075,-0.002296,-0.428881,0.001700,-0.012872,-0.357889,-1.290855,-0.467957,0.872159,0.033843,0.007388
11.466667,0.009750,0.038920,-0.009733,-0.221869,-1.235283,0.018179,-0.500143,0.006944,-0.014802,-0.415568,-1.268831,-0.566302,0.948119,0.031780,0.014271
11.500000,0.007538,0.039191,-0.002833,-0.219794,-1.247437,0.037719,-0.551866,0.001547,-0.012740,-0.475977,-1.252100,-0.666302,1.006626,0.027205,0.014248
11.533333,0.004616,0.036092,-0.005658,-0.193909,-1.260129,0.031041,-0.587121,0.009537,-0.015957,-0.496386,-1.255137,-0.766302,1.025133,0.028985,0.012362
11.566667,0.002862,0.033874,-0.008626,-0.193554,-1.262612,0.028319,-0.592708,0.015722,-0.012032,-0.476795,-1.266811,-0.826302,1.003640,0.025053,0.016916
11.600000,0.001910,0.027755,-0.004571,-0.193339,-1.255090,-0.001714,-0.567672,0.015601,-0.019320,-0.417204,-1.283070,-0.846302,0.944153,0.021281,0.011249
11.633333,0.000384,0.024322,0.000791,-0.191615,-1.226210,-0.027500,-0.521690,0.014834,-0.017414,-0.343999,-1.283564,-0.826302,0.862373,0.025934,0.000422
11.666667,0.000521,0.028625,-0.001080,-0.195092,-1.201221,-0.028545,-0.481528,0.019897,-0.013504,-0.276859,-1.284562,-0.766302,0.772876,0.025181,-0.003856
11.700000,0.002146,0.026313,0.001649,-0.207205,-1.188884,-0.043373,-0.452734,0.020405,-0.017785,-0.218875,-1.276344,-0.666302,0.697221,0.023145,-0.007584
11.733333,0.008949,0.026123,-0.001699,-0.197362,-1.169917,-0.048277,-0.424727,0.018994,-0.022933,-0.197522,-1.286214,-0.566302,0.661566,0.025159,-0.013572
11.766667,0.008453,0.029070,-0.009263,-0.190918,-1.187025,-0.053113,-0.434036,0.018370,-0.020304,-0.178229,-1.297187,-0.466302,0.626297,0.029318,-0.009141
11.800000,0.008645,0.028859,-0.010252,-0.179672,-1.224113,-0.047132,-0.467513,0.017110,-0.021836,-0.184223,-1.318915,-0.366302,0.620424,0.027179,-0.004479
11.833333,0.005297,0.024604,-0.007441,-0.173079,-1.239120,-0.067323,-0.504051,0.019167,-0.026439,-0.182461,-1.325890,-0.277783,0.625942,0.023779,0.001244
11.866667,0.006257,0.028204,-0.007412,-0.185218,-1.244613,-0.071516,-0.537103,0.019749,-0.020397,-0.202515,-1.351526,-0.229264,0.657618,0.020853,0.006870
11.900000,0.001470,0.030306,-0.002420,-0.194117,-1.266362,-0.062116,-0.579705,0.014539,-0.017902,-0.225936,-1.337163,-0.220745,0.689293,0.024013,0.005384
11.933333,0.002317,0.027903,0.005895,-0.200305,-1.268110,-0.037997,-0.602620,0.014168,-0.014332,-0.270617,-1.322808,-0.252226,0.750523,0.021269,0.001072
11.966667,0.000756,0.024514,0.010761,-0.200695,-1.249879,-0.006609,-0.625548,0.018150,-0.013258,-0.325683,-1.291968,-0.323707,0.822357,0.023952,-0.002659
12.000000,0.006454,0.025158,0.015930,-0.208258,-1.234377,0.050949,-0.667199,0.015305,-0.009179,-0.399972,-1.243279,-0.423707,0.912297,0.024142,-0.004435
12.033333,0.002986,0.020696,0.017288,-0.199956,-1.217046,0.132510,-0.727867,0.011576,-0.012133,-0.483290,-1.184799,-0.523707,1.002238,0.025450,-0.011299
12.066667,-0.001217,0.019737,0.015934,-0.206785,-1.178742,0.214071,-0.807867,0.011759,-0.010871,-0.556742,-1.130459,-0.623707,1.092178,0.026649,-0.008112
12.100000,-0.000817,0.019022,0.013016,-0.232072,-1.120437,0.314071,-0.907867,0.005160,-0.014281,-0.606875,-1.089175,-0.723707,1.172082,0.026528,-0.005377
12.133333,0.000302,0.022951,0.008796,-0.269573,-1.086961,0.409042,-1.003035,-0.002469,-0.017976,-0.617009,-1.067829,-0.823707,1.228016,0.018517,-0.003113
12.166667,-0.008577,0.023414,-0.006968,-0.314006,-1.049090,0.504014,-1.088418,-0.002972,-0.029146,-0.587142,-1.047253,-0.923707,1.251892,0.018965,-0.010352
12.200000,-0.006915,0.026291,-0.013246,-0.379531,-0.985706,0.598985,-1.173801,0.001050,-0.033382,-0.517275,-1.032301,-0.984213,1.245678,0.024496,-0.000551
12.233333,-0.006789,0.025872,-0.012295,-0.461788,-0.936656,0.693957,-1.249035,0.002524,-0.038226,-0.425674,-1.029987,-1.004719,1.214482,0.020214,-0.002711
12.266667,-0.013199,0.026417,-0.017941,-0.521748,-0.904899,0.788929,-1.304781,0.011921,-0.049093,-0.334072,-0.999900,-0.985225,1.180555,0.011256,-0.003110
12.300000,-0.017634,0.033229,-0.017731,-0.594984,-0.855464,0.888929,-1.344718,0.019766,-0.040760,-0.275996,-0.987407,-0.925731,1.170598,0.018229,0.000927
12.333333,-0.010091,0.031862,-0.004403,-0.664199,-0.825287,0.982697,-1.376903,0.017101,-0.035879,-0.239687,-0.986316,-0.826237,1.161676,0.018962,0.005081
12.366667,-0.004008,0.030089,-0.000519,-0.723011,-0.795110,1.065768,-1.371216,0.022268,-0.024490,-0.223755,-0.969879,-0.737648,1.151116,0.006980,-0.001756
12.400000,0.002256,0.039673,-0.000653,-0.781823,-0.779440,1.148840,-1.371139,0.019262,-0.021584,-0.222888,-0.943616,-0.689059,1.148810,0.004120,0.008744
12.433333,0.007054,0.038330,0.008914,-0.850540,-0.765074,1.225877,-1.374814,0.017894,-0.007884,-0.247797,-0.957352,-0.644102,1.154610,0.010388,0.009396
12.466667,0.011458,0.034411,0.009295,-0.900610,-0.758364,1.285946,-1.378047,0.011922,-0.009489,-0.279180,-0.952411,-0.639145,1.152807,0.010993,0.002008
12.500000,0.014763,0.035040,0.007873,-0.951568,-0.758502,1.346471,-1.388328,0.010538,-0.006037,-0.320300,-0.935301,-0.674188,1.176422,0.012916,0.009872
12.533333,0.010272,0.033476,0.008956,-0.991881,-0.776223,1.397568,-1.408451,0.005789,-0.012700,-0.369111,-0.928749,-0.737821,1.231763,0.019709,0.010992
12.566667,0.012854,0.027511,0.011159,-1.019917,-0.772332,1.430860,-1.418203,0.014002,-0.007962,-0.425087,-0.944563,-0.801453,1.299034,0.023597,0.004824
12.600000,0.013010,0.029879,0.013508,-1.043324,-0.771246,1.455313,-1.420740,0.021806,-0.004782,-0.495286,-0.935568,-0.901453,1.373471,0.017825,0.005142
12.633333,0.009950,0.023820,0.012131,-1.060594,-0.768083,1.471635,-1.427787,0.022059,-0.008000,-0.556243,-0.910509,-1.001453,1.427853,0.010895,0.007892
12.666667,0.007566,0.023187,0.010958,-1.057434,-0.755859,1.492378,-1.412059,0.028977,-0.003819,-0.586001,-0.909753,-1.061453,1.470534,0.012682,-0.002425
12.700000,0.013483,0.021163,0.008906,-1.063426,-0.742511,1.505251,-1.417606,0.026053,-0.013998,-0.587690,-0.913180,-1.081453,1.479743,0.010938,-0.007692
12.733333,0.008951,0.016766,0.008240,-1.057388,-0.741310,1.508597,-1.416465,0.022123,-0.018553,-0.561670,-0.895950,-1.069262,1.461127,0.014458,-0.010245
12.766667,0.005330,0.016564,0.001611,-1.036001,-0.730978,1.508512,-1.403749,0.020667,-0.017502,-0.498857,-0.880436,-1.017072,1.416839,0.011695,-0.008647
12.800000,0.008317,0.022832,0.004401,-1.036341,-0.728252,1.507969,-1.399844,0.025408,-0.013582,-0.413283,-0.902129,-0.924881,1.364921,0.011897,-0.002722
12.833333,0.003484,0.019977,0.002659,-1.036645,-0.742206,1.489885,-1.415691,0.026307,-0.018955,-0.359884,-0.927058,-0.849134,1.320203,0.010228,-0.001272
12.866667,-0.009290,0.018149,-0.004677,-1.021015,-0.759644,1.472636,-1.414705,0.032766,-0.014197,-0.333532,-0.925082,-0.803836,1.297814,0.018087,0.005944
12.900000,-0.009420,0.025895,-0.005869,-1.025792,-0.775150,1.468422,-1.426745,0.030794,-0.019625,-0.344261,-0.954448,-0.790728,1.305594,0.017421,0.006649
12.933333,-0.009761,0.022218,-0.005191,-1.045429,-0.806422,1.455950,-1.455285,0.025832,-0.030010,-0.391783,-0.993901,-0.817620,1.330272,0.025897,0.003489
12.966667,-0.011434,0.021920,-0.016215,-1.051399,-0.827030,1.461844,-1.473193,0.032010,-0.030238,-0.471309,-1.033355,-0.884513,1.390239,0.031432,-0.000462
13.000000,-0.004178,0.027046,-0.016121,-1.064704,-0.847780,1.470064,-1.481941,0.023915,-0.027574,-0.558355,-1.065378,-0.974961,1.449271,0.037358,0.006231
13.033333,-0.001964,0.031789,-0.009586,-1.078186,-0.886596,1.468906,-1.494101,0.021600,-0.022773,-0.658355,-1.120645,-1.074961,1.497417,0.031199,-0.002343
13.066667,-0.009082,0.032567,-0.015745,-1.072808,-0.919175,1.456173,-1.499038,0.016256,-0.017079,-0.758355,-1.153967,-1.174961,1.530049,0.025845,-0.008072
13.100000,-0.008383,0.035151,-0.011851,-1.074580,-0.949619,1.468860,-1.504602,0.013487,-0.012678,-0.858355,-1.181598,-1.270893,1.559009,0.027916,-0.001810
13.133333,-0.008707,0.032703,-0.000981,-1.078089,-0.970391,1.448951,-1.508354,0.005228,-0.013709,-0.936193,-1.187816,-1.326824,1.561873,0.021980,-0.005735
13.166667,-0.012836,0.039213,0.000002,-1.077694,-0.975148,1.431511,-1.506970,0.005599,-0.012230,-0.990640,-1.186433,-1.358800,1.554488,0.011287,-0.004052
13.200000,-0.011566,0.039901,0.003797,-1.093351,-0.962876,1.437319,-1.522857,0.003878,-0.014387,-1.028202,-1.185806,-1.380881,1.552536,0.008969,0.007650
13.233333,-0.000148,0.028718,0.009023,-1.114698,-0.948074,1.433830,-1.534540,0.006082,-0.021367,-1.048776,-1.196759,-1.367280,1.550509,0.012901,0.011044
13.266667,0.005910,0.029793,0.004070,-1.129728,-0.916885,1.410381,-1.532761,0.011903,-0.018925,-1.051269,-1.208766,-1.333883,1.550509,-0.000147,-0.000583
13.300000,0.007436,0.029088,0.000216,-1.151555,-0.903858,1.409875,-1.542049,0.011450,-0.025204,-1.056220,-1.205469,-1.320246,1.555399,0.003278,0.002370
13.333333,0.009585,0.016906,0.004639,-1.190646,-0.885646,1.398974,-1.559143,0.016804,-0.024123,-1.056220,-1.227842,-1.295046,1.562784,0.011503,-0.005142
13.366667,0.014865,0.011644,0.002018,-1.224228,-0.854572,1.365146,-1.559143,0.018082,-0.020187,-1.059348,-1.231860,-1.251854,1.566766,0.007569,-0.018374
13.400000,0.008392,0.015897,-0.000051,-1.262180,-0.820761,1.352299,-1.559143,0.024132,-0.016296,-1.045510,-1.234867,-1.220908,1.568793,0.004243,-0.015351
13.433333,0.005463,0.016316,0.004140,-1.279611,-0.783607,1.338635,-1.564779,0.019254,-0.020737,-1.023705,-1.215518,-1.194333,1.559080,0.016634,-0.014698
13.466667,0.012994,0.018572,0.005314,-1.265235,-0.728291,1.301818,-1.552993,0.024369,-0.013812,-0.984879,-1.197529,-1.184901,1.545075,0.010548,-0.007986
13.500000,0.013239,0.026270,0.005856,-1.216687,-0.675366,1.249493,-1.552994,0.019189,-0.020348,-0.934395,-1.154830,-1.184304,1.521793,0.007124,-0.001171
13.533333,0.002878,0.032024,-0.001588,-1.145249,-0.639737,1.193387,-1.552994,0.015205,-0.024502,-0.857667,-1.101936,-1.174290,1.489869,0.009898,0.006967
13.566667,-0.003542,0.041507,-0.003875,-1.053893,-0.590696,1.111468,-1.552994,0.011902,-0.011374,-0.774895,-1.049684,-1.147712,1.437946,0.011514,0.012315
13.600000,-0.002980,0.045026,-0.003337,-0.961276,-0.562194,1.011468,-1.552222,0.007696,-0.002636,-0.678169,-1.014876,-1.100627,1.375735,0.010210,0.021935
13.633333,-0.014580,0.040925,-0.006907,-0.868658,-0.556594,0.911468,-1.564007,0.002995,-0.009516,-0.578169,-0.978459,-1.016639,1.299024,0.016127,0.013200
13.666667,-0.010531,0.041242,-0.017357,-0.776040,-0.556929,0.811468,-1.555988,0.008044,-0.005396,-0.478169,-0.956151,-0.919334,1.210382,0.015968,0.009402
13.700000,-0.007596,0.040939,-0.006467,-0.693507,-0.559395,0.711468,-1.555988,0.010344,-0.006264,-0.378169,-0.943868,-0.819334,1.110382,0.021139,0.013963
13.733333,0.000109,0.031140,-0.002979,-0.610825,-0.576591,0.611468,-1.550978,0.008206,-0.016913,-0.295591,-0.931283,-0.719334,1.010382,0.019845,0.003043
13.766667,-0.003240,0.032880,-0.005178,-0.557396,-0.607078,0.511468,-1.543988,0.009790,-0.018776,-0.234537,-0.915782,-0.619334,0.950382,0.019089,0.000467
13.800000,0.000063,0.034683,0.000300,-0.530919,-0.641774,0.411728,-1.543989,0.007849,-0.018137,-0.188664,-0.917733,-0.519334,0.890889,0.018440,0.004715
13.833333,-0.003106,0.033975,0.007594,-0.543194,-0.683177,0.351988,-1.538915,0.000396,-0.015154,-0.172051,-0.918887,-0.419334,0.835105,0.020895,0.007728
13.866667,-0.006135,0.037571,0.005406,-0.585385,-0.735728,0.332249,-1.510953,0.000286,-0.007999,-0.172682,-0.930286,-0.343764,0.792042,0.015236,-0.001578
13.900000,-0.007659,0.038475,0.007445,-0.651215,-0.809861,0.352509,-1.489728,0.006142,-0.009568,-0.181156,-0.951916,-0.282820,0.765876,0.015700,0.002222
13.933333,-0.006615,0.032602,0.010815,-0.706691,-0.873734,0.412769,-1.466747,0.007030,-0.009878,-0.192559,-0.988644,-0.239070,0.718140,0.017251,0.003670
13.966667,-0.006975,0.036205,0.006390,-0.735215,-0.937623,0.512769,-1.423216,0.010391,-0.006153,-0.210913,-1.027534,-0.208397,0.695344,0.010340,0.002984
14.000000,-0.014586,0.033079,0.004690,-0.724986,-0.995625,0.612769,-1.382333,0.014575,-0.011409,-0.208514,-1.071746,-0.186975,0.677108,0.006027,-0.000185
14.033333,-0.005703,0.027038,0.005028,-0.678753,-1.030277,0.712769,-1.353870,0.010253,-0.022533,-0.210370,-1.119245,-0.156354,0.673252,0.004811,-0.004740
14.066667,-0.000067,0.026872,-0.001024,-0.621069,-1.040801,0.812769,-1.319735,0.009959,-0.021402,-0.210573,-1.162331,-0.121330,0.679068,-0.008812,-0.000696
14.100000,0.001830,0.026171,-0.002781,-0.558605,-1.057184,0.912769,-1.293314,0.012416,-0.028385,-0.195132,-1.183316,-0.093811,0.671492,-0.010178,-0.001805
14.133333,0.003433,0.018677,-0.001406,-0.517987,-1.050769,1.010117,-1.271168,0.006613,-0.034711,-0.188401,-1.193460,-0.079784,0.662489,-0.003494,-0.008580
14.166667,0.013806,0.017165,-0.001454,-0.511629,-1.040513,1.098027,-1.275771,0.001844,-0.041607,-0.192833,-1.207598,-0.065351,0.651647,-0.004162,-0.013194
14.200000,0.010423,0.015862,-0.000672,-0.523342,-1.041664,1.171050,-1.280141,0.004612,-0.040280,-0.195497,-1.220228,-0.059317,0.637895,0.000306,-0.004172
14.233333,0.005206,0.020092,0.008127,-0.534080,-1.042419,1.244073,-1.280889,0.004141,-0.044586,-0.200055,-1.217514,-0.060300,0.611889,0.014020,-0.007663
14.266667,0.017713,0.029175,0.014431,-0.565119,-1.014287,1.301816,-1.271876,0.009869,-0.029091,-0.205144,-1.247273,-0.062572,0.597454,0.007872,-0.005686
14.300000,0.015569,0.034268,0.021702,-0.596146,-1.019179,1.339079,-1.286156,0.010181,-0.021414,-0.209708,-1.267279,-0.053892,0.558999,0.008384,-0.000522
14.333333,0.011980,0.033469,0.016423,-0.610754,-1.016391,1.366288,-1.292592,0.017123,-0.015530,-0.209810,-1.277768,-0.052475,0.542485,0.012153,0.005526
14.366667,0.012215,0.043121,0.018143,-0.639725,-1.010328,1.403313,-1.293731,0.013627,-0.008453,-0.216974,-1.284765,-0.067429,0.541780,0.010517,0.009624
14.400000,0.016757,0.037744,0.017394,-0.666223,-1.020877,1.415132,-1.315914,0.011588,-0.007065,-0.218409,-1.292025,-0.095138,0.539152,0.013665,0.007998
14.433333,0.005001,0.032740,0.006901,-0.679667,-1.042120,1.421629,-1.349082,0.006821,-0.016903,-0.235668,-1.264699,-0.136859,0.559916,0.021963,0.008107
14.466667,0.006061,0.032032,-0.001309,-0.701541,-1.048781,1.433458,-1.375356,0.011459,-0.018877,-0.239995,-1.251045,-0.202964,0.620679,0.017127,0.014572
14.500000,0.005429,0.032662,0.006096,-0.725698,-1.067321,1.443264,-1.380400,0.009523,-0.017042,-0.257653,-1.236713,-0.292959,0.693071,0.014271,0.013918
14.533333,0.008335,0.027168,0.001461,-0.720672,-1.089367,1.436778,-1.393445,0.013312,-0.018175,-0.275569,-1.220794,-0.382955,0.760266,0.012432,0.006844
14.566667,0.003921,0.025046,-0.000882,-0.737451,-1.107565,1.440091,-1.398293,0.017630,-0.013281,-0.313416,-1.194962,-0.482955,0.855069,0.002748,0.010655
14.600000,0.000834,0.019432,0.001640,-0.754988,-1.119559,1.444000,-1.398576,0.016921,-0.018329,-0.364835,-1.176219,-0.582955,0.949871,-0.001092,0.002322
14.633333,0.004437,0.016674,0.006540,-0.767379,-1.109501,1.445475,-1.381821,0.013612,-0.021663,-0.432012,-1.147184,-0.682955,1.044674,0.003695,-0.008294
14.666667,0.002892,0.021057,0.002439,-0.782550,-1.099439,1.468466,-1.376928,0.015840,-0.019878,-0.508161,-1.124922,-0.782955,1.139476,-0.000630,-0.014727
14.700000,-0.002884,0.018933,0.003513,-0.811303,-1.097176,1.480952,-1.377369,0.016272,-0.022930,-0.572576,-1.098640,-0.882955,1.235107,0.003506,-0.013305
14.733333,0.003635,0.017885,-0.001828,-0.813839,-1.083735,1.493420,-1.360399,0.011619,-0.026824,-0.634570,-1.102570,-0.982955,1.328461,0.006347,-0.019366
14.766667,0.004827,0.020089,-0.009067,-0.822204,-1.092257,1.495023,-1.363550,0.009745,-0.027766,-0.659646,-1.097994,-1.082955,1.392558,0.005152,-0.016056
14.800000,-0.001317,0.022421,-0.012366,-0.827529,-1.109180,1.501560,-1.370136,0.009391,-0.025362,-0.678936,-1.100226,-1.182955,1.442713,0.005347,-0.016477
14.833333,-0.004814,0.017394,-0.009101,-0.832947,-1.107046,1.488160,-1.378449,0.008129,-0.027813,-0.684086,-1.084549,-1.282955,1.473856,0.008946,-0.007085
14.866667,-0.003066,0.021154,-0.008137,-0.849956,-1.094214,1.475377,-1.379792,0.006504,-0.020436,-0.689907,-1.095553,-1.375704,1.504330,0.005236,-0.004875
14.900000,-0.011643,0.023104,-0.002940,-0.858430,-1.094365,1.469007,-1.395519,0.005870,-0.023444,-0.679925,-1.066556,-1.458106,1.506575,0.009258,-0.003074
14.933333,-0.013281,0.020191,0.005036,-0.858951,-1.081353,1.473509,-1.396479,0.006287,-0.024567,-0.688126,-1.053184,-1.520509,1.518078,0.012732,-0.003641
14.966667,-0.004932,0.017200,0.008471,-0.837394,-1.087224,1.453310,-1.377934,0.014016,-0.028583,-0.668970,-1.067572,-1.542912,1.503522,0.016366,0.000319
15.000000,0.004971,0.019776,0.010306,-0.792842,-1.120674,1.413048,-1.338574,0.017052,-0.024266,-0.626442,-1.107195,-1.525315,1.467978,0.010684,-0.000301
15.033333,0.006685,0.016763,0.010371,-0.715869,-1.155301,1.364036,-1.280824,0.017736,-0.026253,-0.567928,-1.134745,-1.474970,1.397473,0.013030,-0.001559
15.066667,0.006729,0.020360,0.006772,-0.635869,-1.174344,1.284036,-1.200824,0.015992,-0.020296,-0.520267,-1.167875,-1.394970,1.317473,0.014131,-0.005070
15.100000,0.009098,0.020514,0.004017,-0.535869,-1.178599,1.184036,-1.100824,0.009721,-0.015935,-0.485444,-1.205141,-1.306604,1.217473,0.010489,-0.002704
15.133333,0.003292,0.023763,0.002601,-0.435869,-1.185438,1.084036,-1.000824,-0.000064,-0.012162,-0.469273,-1.223302,-1.233470,1.133370,0.000202,-0.004596
15.166667,-0.008109,0.022669,-0.010098,-0.335869,-1.165880,0.984036,-0.900824,-0.000273,-0.026970,-0.459295,-1.201464,-1.162627,1.073007,0.007211,-0.010315
15.200000,-0.005972,0.025082,-0.014332,-0.258874,-1.124243,0.884036,-0.840824,0.002685,-0.030841,-0.449317,-1.182144,-1.091783,1.035123,0.014542,-0.004519
15.233333,-0.002778,0.022687,-0.010442,-0.191176,-1.101447,0.784036,-0.820824,0.007290,-0.036728,-0.407000,-1.172808,-1.020940,1.011809,0.011076,-0.001185
15.266667,-0.007346,0.024523,-0.015045,-0.128512,-1.099568,0.684036,-0.840824,0.016620,-0.043279,-0.331846,-1.143541,-0.938462,1.012813,0.005305,-0.001120
15.300000,-0.008569,0.030388,-0.018147,-0.105848,-1.076538,0.584036,-0.900824,0.022116,-0.038480,-0.252188,-1.133379,-0.840752,1.037920,0.012726,0.005230
15.333333,-0.001675,0.031217,-0.007613,-0.096209,-1.070549,0.484036,-1.000824,0.019972,-0.029056,-0.187858,-1.133447,-0.740752,1.076826,0.009131,0.006351
15.366667,-0.000327,0.028395,-0.005934,-0.078729,-1.062801,0.384036,-1.076933,0.023439,-0.022579,-0.146768,-1.114639,-0.640752,1.115106,-0.004208,-0.000815
15.400000,0.001780,0.038128,-0.005801,-0.072738,-1.061750,0.284036,-1.146590,0.016376,-0.014818,-0.123138,-1.090798,-0.540752,1.166280,-0.010289,0.007020
15.433333,0.008769,0.037893,0.000639,-0.081349,-1.056221,0.184036,-1.197058,0.018255,-0.008368,-0.128910,-1.099882,-0.440752,1.219066,-0.005008,0.003523
15.466667,0.013721,0.035826,0.003772,-0.070387,-1.057283,0.098999,-1.224932,0.019424,-0.012738,-0.160534,-1.091136,-0.340752,1.255445,-0.004675,-0.002642
15.500000,0.018670,0.036970,0.003232,-0.075265,-1.067809,0.034752,-1.240336,0.014576,-0.011388,-0.193032,-1.083814,-0.256443,1.279962,-0.001990,0.006596
15.533333,0.019881,0.039554,0.007693,-0.088296,-1.093743,-0.016182,-1.249662,0.009911,-0.013231,-0.228735,-1.100330,-0.188297,1.314556,0.002610,0.006359
15.566667,0.020838,0.037145,0.010216,-0.108228,-1.101609,-0.049962,-1.239050,0.022152,-0.008936,-0.286978,-1.136834,-0.160150,1.356892,0.004479,0.004025
15.600000,0.025543,0.038111,0.015980,-0.137472,-1.115706,-0.061603,-1.208731,0.020148,-0.005700,-0.355820,-1.155544,-0.172003,1.396530,0.005365,0.006048
15.633333,0.020776,0.034568,0.015109,-0.167362,-1.124838,-0.065670,-1.178011,0.015883,-0.006638,-0.424661,-1.153107,-0.223857,1.417765,0.000353,0.004136
15.666667,0.018152,0.033706,0.015840,-0.178838,-1.128224,-0.050528,-1.119763,0.018043,-0.005265,-0.511107,-1.165664,-0.300019,1.430725,-0.003146,-0.010796
15.700000,0.019193,0.029932,0.010675,-0.186912,-1.138165,-0.047746,-1.051483,0.017702,-0.016795,-0.601581,-1.170057,-0.400019,1.420038,-0.004532,-0.012983
15.733333,0.017233,0.022102,0.007199,-0.189308,-1.152903,-0.040837,-0.969593,0.010617,-0.022033,-0.663385,-1.152811,-0.500019,1.385503,-0.001678,-0.017301
15.766667,0.006686,0.022568,-0.001889,-0.170808,-1.144161,-0.027616,-0.890488,0.014439,-0.018966,-0.691074,-1.126627,-0.600019,1.331356,-0.007411,-0.017728
15.800000,0.006013,0.028152,0.000883,-0.162195,-1.143016,-0.017813,-0.829743,0.017664,-0.008906,-0.681333,-1.139420,-0.700019,1.272017,-0.008313,-0.008700
15.833333,0.004310,0.024342,-0.002295,-0.155933,-1.145831,-0.028264,-0.799718,0.020885,-0.012808,-0.645653,-1.148232,-0.800019,1.198723,-0.004811,-0.001332
15.866667,-0.004167,0.021287,-0.009289,-0.144445,-1.136854,-0.003755,-0.799277,0.027456,-0.013015,-0.579500,-1.135006,-0.881807,1.117144,0.002126,0.005073
15.900000,-0.002767,0.029744,-0.010294,-0.136777,-1.121480,0.032462,-0.831153,0.025480,-0.018548,-0.502016,-1.152899,-0.923595,1.024208,0.007929,0.009672
15.933333,0.001259,0.028282,-0.007432,-0.135268,-1.124095,0.057724,-0.879117,0.018025,-0.029567,-0.418647,-1.170686,-0.925383,0.927653,0.018066,0.006592
15.966667,0.004269,0.025715,-0.019792,-0.124976,-1.119676,0.090542,-0.891715,0.021274,-0.040208,-0.360935,-1.184333,-0.887172,0.831097,0.028193,0.001834
16.000000,0.004678,0.031092,-0.019154,-0.121136,-1.125618,0.119131,-0.873593,0.017936,-0.034498,-0.297071,-1.190751,-0.808960,0.731097,0.029965,0.007662
16.033333,0.007628,0.034844,-0.011371,-0.113753,-1.157797,0.119004,-0.827184,0.010875,-0.027031,-0.256222,-1.216912,-0.708960,0.631097,0.022787,0.003705
16.066667,0.001048,0.033672,-0.015393,-0.120541,-1.192036,0.125886,-0.788457,0.007695,-0.023317,-0.238365,-1.224204,-0.608960,0.556258,0.017232,-0.003371
16.100000,0.001742,0.034475,-0.012408,-0.149324,-1.224613,0.155272,-0.769753,0.006236,-0.021680,-0.245979,-1.241392,-0.508960,0.509190,0.014129,0.005675
16.133333,-0.001703,0.032371,-0.000731,-0.195932,-1.245566,0.197985,-0.791049,0.003454,-0.023089,-0.239229,-1.239283,-0.408960,0.467412,0.005008,0.006337
16.166667,-0.006254,0.037569,-0.000297,-0.263284,-1.237146,0.265178,-0.847721,0.004048,-0.022805,-0.247223,-1.235250,-0.348960,0.459881,-0.001059,0.003735
16.200000,-0.007609,0.039216,0.001137,-0.359491,-1.212849,0.365178,-0.943097,0.009737,-0.021042,-0.251309,-1.236486,-0.328960,0.471008,-0.003612,0.011742
16.233333,0.001673,0.030600,0.005643,-0.455698,-1.189125,0.465178,-1.021677,0.017329,-0.029362,-0.261633,-1.246613,-0.340264,0.485789,0.002822,0.015832
16.266667,0.004824,0.031753,0.000467,-0.537657,-1.163881,0.565178,-1.062496,0.026546,-0.022953,-0.271204,-1.260920,-0.387500,0.504852,-0.006213,0.006158
16.300000,0.010030,0.030255,-0.004630,-0.609639,-1.166505,0.665178,-1.093783,0.024008,-0.025564,-0.295830,-1.264525,-0.474735,0.545772,-0.007274,0.005734
16.333333,0.015647,0.021056,0.000316,-0.667834,-1.177848,0.765178,-1.108770,0.027048,-0.026456,-0.319857,-1.290771,-0.559977,0.586861,-0.006402,0.003462
16.366667,0.020200,0.015656,0.000460,-0.699757,-1.183940,0.865178,-1.095298,0.026283,-0.026775,-0.351736,-1.302674,-0.614390,0.641057,-0.009680,-0.011293
16.400000,0.014340,0.015742,-0.001316,-0.703838,-1.196176,0.965178,-1.078663,0.026989,-0.021412,-0.363350,-1.314801,-0.658766,0.666439,-0.013556,-0.010037
16.433333,0.010357,0.015381,0.003610,-0.685961,-1.199689,1.065178,-1.059789,0.020097,-0.026063,-0.365989,-1.302936,-0.689028,0.671294,-0.001103,-0.011269
16.466667,0.016800,0.017927,0.006945,-0.638060,-1.188286,1.134427,-1.010448,0.029735,-0.019341,-0.353747,-1.305851,-0.679291,0.658455,-0.001869,-0.003631
16.500000,0.017898,0.023068,0.008529,-0.566317,-1.197537,1.163676,-0.948619,0.028393,-0.022077,-0.328120,-1.300705,-0.631547,0.616359,-0.001356,-0.003774
16.533333,0.008037,0.027581,0.001477,-0.494451,-1.227104,1.152924,-0.896152,0.023715,-0.029973,-0.289643,-1.288855,-0.574632,0.564993,0.004903,0.005000
16.566667,0.004174,0.036912,-0.000135,-0.447428,-1.235027,1.102173,-0.841416,0.021958,-0.023287,-0.270550,-1.285140,-0.511510,0.547543,0.005213,0.013504
16.600000,0.006894,0.039124,0.001759,-0.402616,-1.255481,1.011422,-0.786681,0.019837,-0.017729,-0.259559,-1.302209,-0.456829,0.535855,0.000217,0.025914
16.633333,-0.004347,0.033825,-0.003648,-0.373197,-1.286535,0.911422,-0.758146,0.014635,-0.027070,-0.259991,-1.304943,-0.420257,0.531174,0.006584,0.016344
16.666667,-0.003543,0.030862,-0.016884,-0.366285,-1.292607,0.828104,-0.734550,0.016200,-0.028621,-0.269518,-1.307949,-0.423685,0.561332,0.011719,0.018039
16.700000,0.000399,0.029446,-0.007793,-0.372456,-1.288535,0.764952,-0.715376,0.014839,-0.024541,-0.293381,-1.315727,-0.452715,0.580608,0.012816,0.021369
16.733333,0.005215,0.022123,-0.004239,-0.357393,-1.293671,0.724876,-0.699470,0.010832,-0.029541,-0.308299,-1.308071,-0.481420,0.578201,0.009374,0.008844
16.766667,0.002359,0.022427,-0.010205,-0.374637,-1.306440,0.724799,-0.709002,0.013562,-0.029717,-0.318891,-1.295580,-0.490506,0.598505,0.009005,0.003741
16.800000,0.004857,0.021288,-0.005194,-0.408774,-1.312531,0.764722,-0.732335,0.013289,-0.023299,-0.318966,-1.294180,-0.502336,0.614818,0.008104,0.006628
16.833333,0.002943,0.023067,0.002985,-0.458033,-1.306398,0.827964,-0.775618,0.008192,-0.025326,-0.318222,-1.282814,-0.477126,0.611313,0.008771,0.008514
16.866667,-0.003535,0.028787,-0.000120,-0.520604,-1.288185,0.911038,-0.833578,0.011732,-0.018725,-0.299095,-1.264408,-0.426314,0.628057,0.007149,0.002134
16.900000,-0.004806,0.029703,0.000355,-0.607407,-1.275782,1.011038,-0.910495,0.017561,-0.020380,-0.279768,-1.249572,-0.360767,0.672568,0.006983,0.002449
16.933333,-0.004346,0.026648,0.005839,-0.694843,-1.244344,1.111038,-1.001974,0.023122,-0.021627,-0.258624,-1.235541,-0.284581,0.712988,0.012304,0.006239
16.966667,-0.003326,0.032462,0.001259,-0.775446,-1.216388,1.211038,-1.093454,0.026313,-0.018502,-0.241867,-1.210089,-0.189828,0.780940,0.006982,0.004384
17.000000,-0.008411,0.031179,0.000284,-0.833596,-1.201966,1.311038,-1.183085,0.031861,-0.019896,-0.212135,-1.186644,-0.104235,0.857883,0.005727,-0.002465
17.033333,0.004780,0.025705,0.000751,-0.872189,-1.186414,1.411038,-1.251982,0.033058,-0.027576,-0.193383,-1.175460,-0.033484,0.934770,0.006658,-0.007477
17.066667,0.011447,0.026798,-0.003715,-0.888953,-1.160879,1.489904,-1.299301,0.037418,-0.024184,-0.174553,-1.166707,0.021519,0.996021,-0.002434,-0.005041
17.100000,0.010645,0.026816,-0.006958,-0.878305,-1.157750,1.539265,-1.322839,0.033017,-0.033317,-0.146250,-1.146509,0.049086,1.022716,-0.004878,-0.007093
17.133333,0.008477,0.021002,-0.003650,-0.855467,-1.134264,1.558250,-1.320165,0.027884,-0.040180,-0.131180,-1.131229,0.050837,1.020244,-0.001799,-0.014643
17.166667,0.016445,0.019543,-0.004419,-0.851067,-1.108915,1.562634,-1.327095,0.026497,-0.044245,-0.138319,-1.132221,0.046962,0.988598,-0.003695,-0.011694
17.200000,0.012691,0.020199,-0.001893,-0.856661,-1.099566,1.562101,-1.334845,0.023332,-0.043546,-0.149237,-1.138993,0.029491,0.925148,0.000271,-0.002883
17.233333,0.003996,0.024402,0.005426,-0.853008,-1.090358,1.568930,-1.333272,0.021143,-0.045340,-0.166776,-1.135299,0.004925,0.837334,0.015273,-0.003942
17.266667,0.015840,0.031892,0.010950,-0.851301,-1.047739,1.565264,-1.328872,0.027918,-0.026196,-0.189932,-1.157309,-0.016751,0.748166,0.007293,-0.001143
17.300000,0.018162,0.037474,0.016324,-0.848099,-1.037404,1.551973,-1.350684,0.026273,-0.017999,-0.212937,-1.170134,-0.034218,0.648166,0.010832,0.006584
17.333333,0.009102,0.038410,0.011267,-0.808913,-1.020167,1.513284,-1.358430,0.032613,-0.014139,-0.221281,-1.170424,-0.047046,0.572858,0.014275,0.010840
17.366667,0.007574,0.046837,0.011176,-0.739291,-0.993561,1.439512,-1.346091,0.026654,-0.007770,-0.218645,-1.162669,-0.058158,0.537550,0.016092,0.014067
17.400000,0.009061,0.042492,0.010695,-0.660743,-0.981837,1.339512,-1.324653,0.022745,-0.013638,-0.198764,-1.149695,-0.048693,0.542241,0.014886,0.011496
17.433333,-0.001528,0.039250,0.002958,-0.572513,-0.995040,1.239512,-1.289822,0.014595,-0.024711,-0.187060,-1.113426,-0.036093,0.586933,0.025059,0.011217
17.466667,-0.003008,0.042108,-0.004386,-0.472513,-1.006492,1.139512,-1.214992,0.018724,-0.031096,-0.152273,-1.095950,-0.029645,0.671625,0.017394,0.017009
17.500000,-0.002230,0.044052,0.004164,-0.372513,-1.044720,1.039512,-1.114992,0.010932,-0.025942,-0.126194,-1.081247,-0.016857,0.771625,0.015226,0.011107
17.533333,-0.004085,0.039995,0.000443,-0.289884,-1.094012,0.939512,-1.014992,0.018369,-0.029807,-0.116800,-1.079210,-0.017345,0.871625,0.013227,0.005956
17.566667,-0.002036,0.039146,-0.000682,-0.247254,-1.154535,0.839512,-0.914992,0.023100,-0.021528,-0.138905,-1.086699,-0.055568,0.971625,0.006644,0.010126
17.600000,-0.007426,0.034105,0.002580,-0.244625,-1.207818,0.739512,-0.823188,0.024424,-0.027686,-0.178988,-1.113236,-0.112381,1.052711,0.005534,0.003401
17.633333,-0.008412,0.032673,0.008050,-0.275559,-1.231114,0.639512,-0.757655,0.019179,-0.024039,-0.249742,-1.126243,-0.179145,1.110648,0.008973,-0.009738
17.666667,-0.005729,0.036395,0.003712,-0.346493,-1.249452,0.579512,-0.722741,0.021997,-0.022697,-0.340270,-1.152336,-0.279145,1.150533,0.001342,-0.013810
17.700000,-0.003878,0.034509,0.006106,-0.440057,-1.275879,0.559512,-0.720362,0.019764,-0.022028,-0.440270,-1.172964,-0.379145,1.167517,-0.002455,-0.015153
17.733333,0.002268,0.032366,0.000541,-0.507267,-1.278386,0.579512,-0.723641,0.019013,-0.023704,-0.540270,-1.210614,-0.479145,1.183318,-0.000144,-0.019756
17.766667,0.009201,0.035225,-0.007358,-0.570004,-1.299224,0.639512,-0.758490,0.019693,-0.025688,-0.623543,-1.235019,-0.579145,1.178033,-0.001612,-0.017677
17.800000,0.006155,0.031099,-0.010299,-0.630419,-1.333779,0.739512,-0.797208,0.021365,-0.026304,-0.693846,-1.270551,-0.679145,1.175470,-0.001985,-0.010069
17.833333,0.005643,0.025129,-0.007692,-0.676546,-1.338953,0.839512,-0.828036,0.021079,-0.030056,-0.746757,-1.282097,-0.779145,1.167863,0.001684,-0.002430
17.866667,0.004401,0.025952,-0.007083,-0.719676,-1.328162,0.939512,-0.851680,0.022117,-0.026040,-0.773012,-1.309541,-0.879145,1.180493,-0.003673,-0.000272
17.900000,-0.004412,0.025815,-0.003779,-0.761188,-1.326531,1.039512,-0.909665,0.016665,-0.032166,-0.776100,-1.300407,-0.979145,1.157202,0.002378,-0.000316
17.933333,-0.008461,0.021150,0.002123,-0.787174,-1.308270,1.139512,-0.953256,0.015049,-0.031690,-0.775914,-1.297751,-1.079145,1.153911,0.006054,-0.004327
17.966667,-0.001620,0.020663,0.005955,-0.821917,-1.275748,1.239512,-1.006707,0.021198,-0.026190,-0.788699,-1.278122,-1.165604,1.171047,0.014663,-0.009795
18.000000,0.002682,0.020396,0.009350,-0.870932,-1.254222,1.328049,-1.077429,0.020471,-0.016375,-0.818876,-1.267706,-1.235312,1.211279,0.017333,-0.012872
18.033333,0.001922,0.018110,0.007450,-0.906971,-1.234946,1.394483,-1.162801,0.020852,-0.017457,-0.875708,-1.241598,-1.285378,1.254175,0.028121,-0.012605
18.066667,-0.004378,0.022523,0.004390,-0.949384,-1.208299,1.442918,-1.246950,0.021738,-0.007009,-0.941633,-1.222656,-1.318477,1.334175,0.029014,-0.010581
18.100000,-0.005866,0.025025,0.002531,-0.989666,-1.173262,1.467392,-1.325376,0.020349,0.000228,-0.991247,-1.211771,-1.315384,1.410505,0.027562,-0.005527
18.133333,-0.011373,0.025908,-0.000416,-1.012530,-1.169151,1.467173,-1.390527,0.010844,0.000162,-1.018753,-1.222293,-1.285833,1.471032,0.020114,-0.001923
18.166667,-0.027513,0.028234,-0.014741,-1.002024,-1.170871,1.465563,-1.426576,0.011867,-0.011153,-1.012122,-1.214237,-1.233033,1.507140,0.025439,-0.007181
18.200000,-0.025087,0.031511,-0.017603,-1.007125,-1.161975,1.470219,-1.449876,0.014128,-0.013600,-0.983442,-1.221873,-1.185200,1.528905,0.027930,0.001103
18.233333,-0.020785,0.027241,-0.013991,-1.006945,-1.167856,1.462829,-1.460614,0.014056,-0.016149,-0.953731,-1.235137,-1.118450,1.528243,0.024033,0.002230
18.266667,-0.024861,0.027516,-0.019967,-1.000753,-1.190622,1.449789,-1.470566,0.018132,-0.021615,-0.949710,-1.223925,-1.086830,1.526943,0.017799,0.003072
18.300000,-0.026097,0.036253,-0.022336,-1.011980,-1.191159,1.458544,-1.473046,0.022351,-0.016258,-0.961332,-1.230181,-1.095210,1.533581,0.019692,0.010970
18.333333,-0.015713,0.034931,-0.011329,-1.031001,-1.191717,1.458556,-1.484678,0.021872,-0.009236,-0.988841,-1.245392,-1.143590,1.538327,0.014671,0.013859
18.366667,-0.011613,0.033669,-0.008913,-1.018873,-1.177157,1.443323,-1.469058,0.024873,0.002436,-1.013133,-1.234082,-1.194100,1.526417,0.002119,0.004402
18.400000,-0.009419,0.045223,-0.008766,-0.993626,-1.165480,1.443848,-1.447369,0.018990,0.004725,-1.020339,-1.216123,-1.270138,1.525443,-0.000906,0.012813
18.433333,-0.003501,0.042747,-0.001014,-0.958636,-1.137495,1.443124,-1.427159,0.015991,0.010875,-1.022555,-1.232911,-1.308974,1.535159,0.005685,0.010123
18.466667,0.003063,0.039035,0.000888,-0.883645,-1.130174,1.405298,-1.387694,0.012837,0.002924,-0.991236,-1.229638,-1.307810,1.529488,0.011011,0.002407
18.500000,0.003844,0.038839,0.001995,-0.794247,-1.146004,1.349071,-1.328181,0.008836,0.003621,-0.938167,-1.214274,-1.266646,1.529694,0.010378,0.012909
18.533333,-0.001742,0.038798,0.005196,-0.696363,-1.175694,1.283924,-1.268668,0.001188,-0.002809,-0.870364,-1.215189,-1.198026,1.543844,0.019841,0.013126
18.566667,0.003402,0.035054,0.008808,-0.598479,-1.196353,1.193065,-1.189008,0.013096,0.000117,-0.794753,-1.235955,-1.099764,1.552645,0.023818,0.006068
18.600000,0.005751,0.040539,0.016137,-0.498479,-1.232069,1.093065,-1.089008,0.017286,0.006719,-0.694753,-1.237733,-0.999763,1.555065,0.020191,0.004925
18.633333,-0.001210,0.037681,0.017387,-0.407098,-1.252942,0.993065,-1.006360,0.017657,0.005907,-0.594753,-1.219618,-0.899763,1.544011,0.014129,0.007233
18.666667,-0.000135,0.040501,0.018485,-0.355718,-1.251085,0.893065,-0.952950,0.019277,0.008036,-0.509954,-1.223191,-0.799763,1.549042,0.013565,-0.005125
18.700000,0.003929,0.038646,0.014698,-0.344337,-1.242387,0.833065,-0.939539,0.017803,-0.005744,-0.465156,-1.228902,-0.699763,1.543138,0.012564,-0.007218
18.733333,-0.002235,0.032905,0.011680,-0.372957,-1.229007,0.813065,-0.966128,0.014683,-0.010326,-0.460357,-1.210908,-0.626160,1.522161,0.012282,-0.009315
18.766667,-0.008632,0.032879,0.002137,-0.441577,-1.189124,0.833065,-1.032717,0.016371,-0.010015,-0.495558,-1.178943,-0.592556,1.503094,0.013094,-0.008093
18.800000,-0.004747,0.036307,0.003424,-0.541577,-1.146197,0.893065,-1.121954,0.021431,0.001670,-0.570759,-1.180299,-0.598953,1.504520,0.014822,-0.004084
18.833333,-0.010090,0.029940,-0.001982,-0.641577,-1.116425,0.993065,-1.221954,0.019652,-0.003014,-0.670759,-1.178064,-0.645350,1.497505,0.014913,-0.004802
18.866667,-0.018266,0.024802,-0.009188,-0.721073,-1.094115,1.093065,-1.300314,0.031278,0.001430,-0.770759,-1.145118,-0.731746,1.499603,0.021450,0.001092
18.900000,-0.014720,0.030246,-0.010868,-0.760570,-1.077600,1.170534,-1.342517,0.032998,-0.002452,-0.850707,-1.146652,-0.831746,1.518508,0.024217,0.004235
18.933333,-0.015952,0.026077,-0.009356,-0.760066,-1.086813,1.208003,-1.347560,0.028568,-0.017475,-0.890655,-1.162752,-0.905012,1.521299,0.028075,-0.001418
18.966667,-0.018744,0.026598,-0.020295,-0.719563,-1.089045,1.205473,-1.312604,0.034955,-0.024744,-0.890603,-1.171664,-0.938278,1.533877,0.033339,-0.003354
19.000000,-0.015371,0.032121,-0.019417,-0.639059,-1.089720,1.162942,-1.237648,0.035005,-0.024296,-0.850552,-1.159312,-0.931544,1.538213,0.039150,0.007243
19.033333,-0.010605,0.038759,-0.012322,-0.539059,-1.109592,1.080411,-1.144331,0.025222,-0.018792,-0.770500,-1.170370,-0.884809,1.532279,0.030003,-0.000463
19.066667,-0.017593,0.041641,-0.015157,-0.439059,-1.126011,0.980411,-1.047173,0.014874,-0.012692,-0.670500,-1.157503,-0.798075,1.531680,0.029316,-0.004176
19.100000,-0.016098,0.046821,-0.011972,-0.339060,-1.139597,0.880411,-0.950771,0.012658,-0.005150,-0.586626,-1.143426,-0.698075,1.547955,0.029253,0.002890
19.133333,-0.015262,0.045389,-0.000765,-0.266102,-1.150122,0.780411,-0.886316,-0.001327,-0.006124,-0.520273,-1.124846,-0.598075,1.542809,0.024662,-0.000867
19.166667,-0.018245,0.053833,0.001350,-0.233145,-1.157693,0.680411,-0.861860,-0.001884,-0.005307,-0.484336,-1.129591,-0.498075,1.533857,0.014382,-0.006431
19.200000,-0.022573,0.056987,0.003740,-0.240188,-1.158783,0.580411,-0.877405,0.003953,-0.005075,-0.488399,-1.145769,-0.432825,1.514747,0.013955,0.001534
19.233333,-0.010864,0.049503,0.006087,-0.287231,-1.160024,0.520411,-0.932949,0.006476,-0.012528,-0.532462,-1.175787,-0.406651,1.479085,0.014106,-0.000786
19.266667,-0.004974,0.047320,-0.000128,-0.374274,-1.157035,0.500411,-1.024895,0.014803,-0.011586,-0.595310,-1.209789,-0.410375,1.431930,-0.000729,-0.006570
19.300000,0.001649,0.042666,-0.005269,-0.474274,-1.172672,0.520411,-1.124895,0.020596,-0.016014,-0.640638,-1.227473,-0.438915,1.372641,-0.005010,-0.008156
19.333333,0.002826,0.031001,-0.002193,-0.574274,-1.174744,0.580411,-1.222059,0.024994,-0.015014,-0.655548,-1.258513,-0.467456,1.298190,0.004415,-0.007891
19.366667,0.014253,0.021883,-0.004670,-0.645916,-1.159182,0.680411,-1.291492,0.024297,-0.015816,-0.630459,-1.264629,-0.461246,1.234958,-0.001509,-0.016913
19.400000,0.007654,0.019452,-0.005662,-0.677559,-1.137581,0.780411,-1.340212,0.029352,-0.013265,-0.565370,-1.266174,-0.415961,1.158050,-0.002847,-0.014806
19.433333,0.004718,0.017605,0.002508,-0.669201,-1.104494,0.880411,-1.348931,0.023077,-0.018203,-0.465370,-1.245006,-0.340778,1.069963,0.010677,-0.016346
19.466667,0.006446,0.020914,0.007543,-0.620844,-1.066611,0.955889,-1.317651,0.027848,-0.016338,-0.374897,-1.244467,-0.260284,0.981877,0.008160,-0.007036
19.500000,0.013059,0.022982,0.009841,-0.532487,-1.056379,0.991366,-1.250229,0.025028,-0.022513,-0.297714,-1.242160,-0.197482,0.893790,0.004348,-0.007471
19.533333,-0.000176,0.027384,0.003705,-0.453532,-1.069196,0.986844,-1.190573,0.019917,-0.024624,-0.241491,-1.236799,-0.154288,0.796797,0.010912,-0.000872
19.566667,-0.006376,0.037797,0.003024,-0.414577,-1.079963,0.959475,-1.127868,0.018288,-0.016130,-0.217285,-1.246095,-0.146971,0.720900,0.009666,0.008271
19.600000,-0.001961,0.038866,0.002228,-0.398295,-1.112195,0.908117,-1.065164,0.012920,-0.010645,-0.218295,-1.286397,-0.172848,0.648955,0.008306,0.017044
19.633333,-0.010338,0.033138,-0.005115,-0.405290,-1.152028,0.876468,-1.029668,0.012570,-0.015831,-0.240444,-1.307605,-0.217772,0.606274,0.013658,0.008884
19.666667,-0.010216,0.035146,-0.017271,-0.451160,-1.167854,0.884818,-1.016173,0.019138,-0.010056,-0.289302,-1.309044,-0.285005,0.603593,0.016769,0.012852
19.700000,-0.002602,0.035719,-0.007734,-0.507997,-1.175718,0.933169,-1.014595,0.017834,-0.011566,-0.357200,-1.312834,-0.372631,0.637906,0.021014,0.013063
19.733333,0.004185,0.026638,-0.004931,-0.542994,-1.184754,0.996259,-1.020973,0.014564,-0.017274,-0.433081,-1.294959,-0.464379,0.691122,0.019197,-0.000219
19.766667,-0.001882,0.030156,-0.010466,-0.585932,-1.193954,1.083338,-1.050909,0.018065,-0.015612,-0.518402,-1.256316,-0.562933,0.780387,0.019324,-0.002048
19.800000,-0.003398,0.031044,-0.005752,-0.634794,-1.198716,1.168033,-1.093636,0.012708,-0.013540,-0.598112,-1.228943,-0.662933,0.880387,0.018218,-0.002638
19.833333,-0.002629,0.028951,0.001789,-0.669320,-1.195726,1.226048,-1.134493,0.005167,-0.014741,-0.653996,-1.204695,-0.762933,0.980387,0.016621,-0.003454
19.866667,-0.009239,0.031791,-0.000214,-0.690663,-1.190895,1.266681,-1.157766,0.008021,-0.008379,-0.676492,-1.179614,-0.862933,1.080387,0.013656,-0.008312
19.900000,-0.010842,0.032936,-0.000270,-0.713092,-1.196550,1.302748,-1.194875,0.013069,-0.016199,-0.671045,-1.161798,-0.962933,1.179951,0.017070,-0.006041
19.933333,-0.012128,0.025852,0.004271,-0.727242,-1.189889,1.306290,-1.224803,0.015767,-0.015365,-0.637189,-1.159921,-1.062933,1.254877,0.016648,-0.002346
19.966667,-0.010567,0.032354,-0.002066,-0.727356,-1.193022,1.295580,-1.235008,0.015771,-0.013846,-0.578279,-1.150207,-1.122933,1.307067,0.011286,0.002371
20.000000,-0.018291,0.032561,-0.004281,-0.719374,-1.206555,1.299166,-1.235453,0.016266,-0.016638,-0.503194,-1.150326,-1.142933,1.319256,0.012559,-0.000399
20.033333,-0.009295,0.027017,-0.004583,-0.714481,-1.217838,1.295505,-1.230961,0.012664,-0.025396,-0.421497,-1.168578,-1.122933,1.303953,0.006184,-0.003419
20.066667,-0.004849,0.027512,-0.010050,-0.718868,-1.224258,1.301120,-1.198628,0.013536,-0.017448,-0.346009,-1.200640,-1.062933,1.262445,-0.009237,0.004169
20.100000,0.001163,0.030451,-0.012984,-0.715868,-1.248846,1.322048,-1.163006,0.011604,-0.027434,-0.270774,-1.218177,-0.962933,1.205575,-0.011238,0.001517
20.133333,0.005164,0.022172,-0.010491,-0.715791,-1.250683,1.349410,-1.120557,0.006927,-0.029385,-0.222949,-1.236290,-0.862933,1.134166,-0.003422,-0.008155
20.166667,0.013311,0.018611,-0.009976,-0.725136,-1.255212,1.370644,-1.088460,0.002847,-0.036705,-0.192175,-1.261634,-0.762933,1.065188,-0.009848,-0.007117
20.200000,0.010362,0.020598,-0.009290,-0.732494,-1.268750,1.395223,-1.063340,0.008929,-0.035418,-0.177369,-1.281632,-0.662933,1.004599,-0.001471,-0.001544
20.233333,0.007478,0.023382,-0.000095,-0.721866,-1.277232,1.418709,-1.037302,0.010365,-0.037773,-0.169192,-1.280399,-0.562933,0.942643,0.010083,-0.006773
20.266667,0.020814,0.030691,0.006986,-0.722211,-1.260179,1.431314,-1.000115,0.016274,-0.018801,-0.163570,-1.302477,-0.462933,0.898623,0.008812,-0.003383
20.300000,0.019526,0.036715,0.015255,-0.721913,-1.272814,1.431105,-0.989480,0.019201,-0.015780,-0.158833,-1.313654,-0.362933,0.854895,0.006531,0.005594
20.333333,0.013810,0.039858,0.008147,-0.709820,-1.272907,1.430876,-0.980770,0.028661,-0.010994,-0.151476,-1.315133,-0.275693,0.834812,0.011837,0.006487
20.366667,0.010346,0.047487,0.010096,-0.708000,-1.268739,1.440332,-0.971112,0.019655,-0.004595,-0.155383,-1.308670,-0.222829,0.830636,0.010717,0.012474
20.400000,0.011473,0.042934,0.008802,-0.701916,-1.274289,1.420743,-0.982509,0.014487,-0.008596,-0.155089,-1.302967,-0.182004,0.814468,0.011916,0.014191
20.433333,-0.004185,0.039596,0.000039,-0.683201,-1.283229,1.401132,-1.013775,0.007948,-0.019794,-0.171575,-1.267517,-0.170082,0.798323,0.018765,0.010483
20.466667,-0.005778,0.040670,-0.007888,-0.662907,-1.278989,1.373498,-1.030165,0.010000,-0.024198,-0.174053,-1.253446,-0.195883,0.800927,0.013267,0.017875
20.500000,-0.008220,0.039184,-0.000170,-0.630998,-1.288004,1.324395,-1.023641,0.006274,-0.024340,-0.183306,-1.238151,-0.222956,0.795364,0.014273,0.014209
20.533333,-0.004431,0.033778,-0.004886,-0.585472,-1.295979,1.269316,-1.024803,0.015218,-0.025304,-0.183023,-1.231448,-0.240489,0.770600,0.009700,0.011724
20.566667,-0.006516,0.030381,-0.007508,-0.573534,-1.306530,1.247772,-1.030307,0.020989,-0.020904,-0.192009,-1.225246,-0.270566,0.785836,0.004203,0.015153
20.600000,-0.006495,0.022128,-0.004876,-0.579138,-1.309658,1.252782,-1.034224,0.020148,-0.025448,-0.185485,-1.235340,-0.287175,0.798718,-0.000537,0.009971
20.633333,-0.005737,0.017817,0.000505,-0.599539,-1.290807,1.281139,-1.035101,0.019669,-0.024056,-0.194581,-1.227400,-0.294944,0.811745,0.004558,-0.003188
20.666667,-0.004092,0.020596,-0.002763,-0.641967,-1.274872,1.349496,-1.057820,0.021624,-0.015576,-0.210803,-1.230999,-0.311327,0.837530,-0.003135,-0.007388
20.700000,-0.005427,0.018383,0.000318,-0.689786,-1.270180,1.418534,-1.085793,0.017350,-0.018443,-0.211081,-1.231542,-0.318500,0.861983,-0.001654,-0.012714
20.733333,0.000473,0.019657,-0.003532,-0.708657,-1.252014,1.471792,-1.083973,0.016114,-0.017788,-0.221317,-1.251937,-0.325240,0.886435,0.003846,-0.019959
20.766667,0.002109,0.024669,-0.011195,-0.724823,-1.262395,1.493264,-1.094780,0.017183,-0.020417,-0.221232,-1.258637,-0.328438,0.900108,0.004977,-0.018154
20.800000,-0.000143,0.025732,-0.013111,-0.731303,-1.282862,1.509257,-1.106012,0.018664,-0.021871,-0.209395,-1.274201,-0.333002,0.921687,0.005373,-0.014941
20.833333,-0.001192,0.022279,-0.008693,-0.735847,-1.284465,1.501291,-1.114733,0.022045,-0.028039,-0.191007,-1.269860,-0.326174,0.936085,0.007419,-0.007745
20.866667,0.003368,0.027268,-0.008833,-0.748378,-1.275490,1.478027,-1.110853,0.025530,-0.025540,-0.190546,-1.282330,-0.328258,0.974213,0.005805,-0.003389
20.900000,-0.001569,0.029726,-0.004907,-0.751473,-1.283268,1.452780,-1.120464,0.018796,-0.031420,-0.165010,-1.255789,-0.343973,0.999486,0.007781,-0.001535
20.933333,-0.002105,0.027973,0.002259,-0.746438,-1.276665,1.440880,-1.117228,0.017084,-0.031794,-0.159473,-1.241430,-0.367796,1.039934,0.009115,-0.001330
20.966667,0.002792,0.024783,0.005906,-0.720427,-1.263855,1.406964,-1.131484,0.022019,-0.027560,-0.175781,-1.221850,-0.401369,1.090564,0.012736,-0.005434
21.000000,0.011973,0.023688,0.008080,-0.674587,-1.281089,1.357007,-1.165650,0.017363,-0.018789,-0.210306,-1.210371,-0.463687,1.157710,0.011235,-0.002231
21.033333,0.007112,0.018057,0.008077,-0.621114,-1.296158,1.299247,-1.224018,0.015725,-0.018767,-0.265154,-1.188058,-0.541467,1.224856,0.013977,-0.004592
21.066667,0.005357,0.017220,0.005914,-0.579425,-1.294316,1.219247,-1.295760,0.017939,-0.011778,-0.334442,-1.173581,-0.621467,1.297967,0.015781,-0.004145
21.100000,0.005613,0.016891,0.005481,-0.523134,-1.280173,1.119247,-1.365878,0.013980,-0.009211,-0.383731,-1.168527,-0.721467,1.351077,0.014389,0.001463
21.133333,0.002545,0.019917,0.002240,-0.483677,-1.292802,1.019247,-1.420715,0.001001,-0.011652,-0.393019,-1.178085,-0.796066,1.369802,0.009736,0.001800
21.166667,-0.012647,0.020510,-0.011381,-0.441503,-1.277544,0.919247,-1.444250,0.001681,-0.024065,-0.362641,-1.166749,-0.830665,1.348527,0.016833,-0.007777
21.200000,-0.007846,0.021622,-0.015081,-0.377119,-1.241283,0.819247,-1.455670,0.004963,-0.027709,-0.294203,-1.159490,-0.825264,1.291228,0.023845,-0.001881
21.233333,-0.004713,0.019854,-0.010220,-0.308849,-1.224099,0.719247,-1.462653,0.004401,-0.033041,-0.217318,-1.161798,-0.779863,1.215929,0.021922,-0.000401
21.266667,-0.008844,0.020423,-0.015207,-0.236844,-1.220101,0.619247,-1.473341,0.013383,-0.036490,-0.145958,-1.134685,-0.694462,1.180629,0.017635,-0.000591
21.300000,-0.008003,0.028316,-0.015668,-0.188005,-1.192854,0.519247,-1.482905,0.020125,-0.028471,-0.105838,-1.125974,-0.594462,1.179716,0.021522,0.008350
21.333333,-0.001537,0.028256,-0.002103,-0.179011,-1.180470,0.425944,-1.506544,0.016749,-0.021165,-0.088490,-1.127451,-0.494462,1.215885,0.019700,0.009961
21.366667,0.002718,0.029550,0.002789,-0.205004,-1.171965,0.352810,-1.505160,0.020575,-0.009708,-0.108253,-1.120452,-0.394462,1.275470,0.009751,0.004902
21.400000,0.004595,0.042294,0.002084,-0.261621,-1.169015,0.318439,-1.513341,0.016832,-0.003785,-0.147176,-1.120920,-0.294462,1.353792,0.004212,0.009356
21.433333,0.010940,0.040868,0.009971,-0.340316,-1.173571,0.300834,-1.519148,0.012096,0.003064,-0.220573,-1.161388,-0.198197,1.420832,0.009783,0.001927
21.466667,0.015229,0.038905,0.011448,-0.398461,-1.190189,0.320112,-1.513675,0.011510,-0.000996,-0.302730,-1.185994,-0.141931,1.468216,0.009209,-0.004192
21.500000,0.021524,0.042440,0.008736,-0.437654,-1.213291,0.371186,-1.505093,0.012437,0.002371,-0.401781,-1.196813,-0.125665,1.502674,0.009307,0.005499
21.533333,0.014507,0.040713,0.010215,-0.449340,-1.246220,0.425067,-1.493647,0.003882,-0.005869,-0.501781,-1.214404,-0.149400,1.533416,0.016082,0.005493
21.566667,0.016821,0.033847,0.011864,-0.433975,-1.262198,0.460474,-1.455799,0.014920,-0.002667,-0.601781,-1.238765,-0.213134,1.550311,0.014901,-0.001242
21.600000,0.015975,0.036487,0.016046,-0.405513,-1.279611,0.500391,-1.398245,0.017482,0.002013,-0.701781,-1.245521,-0.313134,1.558489,0.008599,0.003743
21.633333,0.009529,0.027068,0.014537,-0.368640,-1.287907,0.515149,-1.335654,0.013707,-0.001311,-0.795546,-1.231319,-0.413134,1.563353,0.004969,0.001241
21.666667,0.006762,0.023650,0.014358,-0.327289,-1.283587,0.529926,-1.262438,0.015209,-0.004200,-0.879024,-1.244376,-0.513134,1.567030,0.004011,-0.008915
21.700000,0.012151,0.021221,0.011245,-0.299340,-1.282150,0.522333,-1.218489,0.013034,-0.016233,-0.935821,-1.261315,-0.613134,1.567030,-0.001712,-0.015454
21.733333,0.006924,0.015436,0.010505,-0.280453,-1.282568,0.517044,-1.186382,0.008107,-0.022575,-0.957449,-1.250162,-0.713134,1.564112,0.005335,-0.012792
21.766667,0.003077,0.015440,0.001759,-0.261763,-1.260561,0.510165,-1.154337,0.013367,-0.021428,-0.939076,-1.229718,-0.813134,1.556652,0.007450,-0.014331
21.800000,0.004898,0.022798,0.004136,-0.271207,-1.245515,0.511986,-1.146426,0.018410,-0.013949,-0.886939,-1.246093,-0.873134,1.549656,0.005750,-0.007978
21.833333,0.002473,0.021484,0.002334,-0.277337,-1.247326,0.490375,-1.153891,0.018371,-0.020804,-0.805088,-1.257380,-0.893134,1.547096,0.009777,-0.006182
21.866667,-0.003709,0.018935,-0.005953,-0.281282,-1.242985,0.495262,-1.148568,0.027144,-0.015568,-0.711836,-1.236483,-0.873134,1.546112,0.016169,0.005743
21.900000,-0.000527,0.025395,-0.007604,-0.301467,-1.236670,0.511604,-1.142251,0.030754,-0.017773,-0.629846,-1.251758,-0.813134,1.549030,0.021320,0.003469
21.933333,-0.002405,0.024211,-0.005757,-0.332938,-1.245214,0.529637,-1.153797,0.022953,-0.031774,-0.578390,-1.266748,-0.713134,1.545669,0.024712,0.002240
21.966667,-0.002065,0.024825,-0.017138,-0.365237,-1.236451,0.567248,-1.151944,0.027794,-0.041569,-0.566935,-1.276687,-0.639171,1.555636,0.034617,-0.001021
22.000000,-0.000502,0.028473,-0.018202,-0.423548,-1.223871,0.629778,-1.142208,0.026606,-0.032362,-0.595480,-1.275397,-0.605209,1.558195,0.032144,0.003573
22.033333,0.002254,0.034198,-0.011702,-0.481118,-1.230129,0.705204,-1.131598,0.024973,-0.025934,-0.662106,-1.299955,-0.611247,1.557792,0.023775,-0.000108
22.066667,-0.004193,0.034968,-0.017874,-0.530267,-1.230847,0.786583,-1.134103,0.013748,-0.021344,-0.752642,-1.296300,-0.657284,1.557792,0.017988,-0.000872
22.100000,0.001189,0.035894,-0.015220,-0.589691,-1.233018,0.886583,-1.143354,0.013390,-0.017005,-0.837177,-1.297957,-0.743322,1.568614,0.019562,0.003243
22.133333,-0.001331,0.032257,-0.004153,-0.635054,-1.236203,0.986583,-1.157394,0.005006,-0.014728,-0.899117,-1.280587,-0.843322,1.565798,0.011645,0.001651
22.166667,-0.001383,0.040122,-0.002501,-0.659107,-1.227687,1.086583,-1.171537,0.005439,-0.017729,-0.925145,-1.260383,-0.943322,1.560874,0.002819,0.003128
22.200000,-0.006562,0.039504,-0.000712,-0.697879,-1.209883,1.186583,-1.210075,0.007764,-0.018207,-0.911173,-1.227880,-1.003322,1.554368,0.001928,0.007514
22.233333,0.004648,0.031264,0.004815,-0.730481,-1.195650,1.271873,-1.254183,0.011416,-0.022608,-0.857201,-1.192564,-1.023322,1.544057,0.006533,0.009786
22.266667,0.006705,0.031375,0.002433,-0.750737,-1.177718,1.349751,-1.294762,0.022294,-0.017030,-0.778693,-1.148132,-1.003322,1.543279,-0.002320,0.006398
22.300000,0.014913,0.031003,0.000304,-0.778334,-1.187249,1.420599,-1.346442,0.025891,-0.018707,-0.682780,-1.087777,-0.943322,1.534574,-0.001817,0.009109
22.333333,0.015855,0.019425,0.005682,-0.815103,-1.194581,1.467918,-1.402064,0.030534,-0.016204,-0.582780,-1.044719,-0.843322,1.536727,0.009490,0.006089
22.366667,0.024046,0.014537,0.006522,-0.835979,-1.198785,1.478042,-1.431033,0.028417,-0.014762,-0.516399,-1.003532,-0.743322,1.544619,0.008308,-0.008859
22.400000,0.015890,0.016092,0.004556,-0.833196,-1.220104,1.467920,-1.426359,0.035166,-0.014589,-0.490017,-0.967328,-0.683322,1.554931,0.003663,-0.007896
22.433333,0.012014,0.015543,0.006851,-0.810355,-1.231688,1.439967,-1.400542,0.027888,-0.021433,-0.503636,-0.922111,-0.663322,1.551609,0.010389,-0.010652
22.466667,0.013718,0.016796,0.007211,-0.754235,-1.223598,1.400713,-1.349492,0.031215,-0.015747,-0.517254,-0.884620,-0.683322,1.553619,0.007240,-0.003632
22.500000,0.016698,0.021346,0.007436,-0.687605,-1.234637,1.344987,-1.303827,0.026419,-0.023519,-0.530873,-0.835963,-0.727913,1.544919,0.005524,-0.003815
22.533333,0.006566,0.024313,-0.001033,-0.622082,-1.256514,1.286457,-1.270099,0.023894,-0.029013,-0.510873,-0.786098,-0.772504,1.525246,0.010863,0.005917
22.566667,0.001013,0.033162,-0.004293,-0.595580,-1.251828,1.240610,-1.256168,0.023294,-0.022484,-0.450873,-0.762274,-0.777095,1.486230,0.008494,0.014014
22.600000,0.005155,0.033997,-0.003925,-0.577302,-1.262095,1.200718,-1.242237,0.021829,-0.015050,-0.350873,-0.778450,-0.741686,1.431314,0.011553,0.020314
22.633333,-0.003749,0.028584,-0.008851,-0.570439,-1.287655,1.144498,-1.241356,0.021073,-0.024871,-0.272825,-0.826899,-0.666277,1.361807,0.014034,0.015889
22.666667,0.000714,0.028204,-0.019837,-0.559343,-1.298141,1.107611,-1.215315,0.026337,-0.016940,-0.217744,-0.901108,-0.566277,1.274264,0.015627,0.018024
22.700000,0.004756,0.028743,-0.008686,-0.553578,-1.309138,1.080215,-1.189332,0.028520,-0.012408,-0.190826,-0.997979,-0.466277,1.174921,0.019852,0.020504
22.733333,0.010143,0.020497,-0.003850,-0.510508,-1.323429,1.035093,-1.147175,0.024864,-0.020191,-0.183555,-1.083553,-0.366277,1.074921,0.022506,0.009409
22.766667,0.007654,0.022596,-0.006760,-0.477271,-1.340679,0.984905,-1.117558,0.024480,-0.020335,-0.203422,-1.143591,-0.266277,0.974921,0.020312,0.010792
22.800000,0.009595,0.023324,-0.002287,-0.443156,-1.354272,0.929378,-1.096064,0.024178,-0.016637,-0.217940,-1.181492,-0.166277,0.874921,0.026068,0.011458
22.833333,0.004003,0.020667,0.006032,-0.404918,-1.356634,0.854517,-1.073772,0.015923,-0.019519,-0.236450,-1.199464,-0.084227,0.774921,0.025067,0.011247
22.866667,-0.003556,0.023939,0.002764,-0.353278,-1.349049,0.770165,-1.035439,0.015339,-0.017470,-0.241606,-1.190112,-0.025375,0.683221,0.022009,0.007208
22.900000,-0.006857,0.025489,0.004987,-0.306884,-1.355909,0.685814,-1.006450,0.018881,-0.015308,-0.253098,-1.179016,0.021456,0.619925,0.022643,0.012340
22.933333,-0.005625,0.021843,0.008479,-0.263151,-1.347123,0.585814,-0.979018,0.018633,-0.014350,-0.262077,-1.182398,0.047067,0.593780,0.028572,0.011478
22.966667,-0.003280,0.028796,0.005842,-0.232024,-1.347328,0.485814,-0.942949,0.013530,-0.009865,-0.294454,-1.188814,0.040117,0.607633,0.023629,0.009863
23.000000,-0.011063,0.031320,0.004809,-0.220249,-1.356655,0.385814,-0.926338,0.016057,-0.015997,-0.329880,-1.202271,0.019174,0.661488,0.025633,0.009278
23.033333,0.005899,0.031357,0.006198,-0.238532,-1.357537,0.303176,-0.940423,0.009781,-0.024050,-0.390497,-1.226608,-0.018570,0.747041,0.019856,0.001248
23.066667,0.010768,0.031475,-0.000964,-0.289853,-1.340835,0.260539,-0.975185,0.008245,-0.016622,-0.465133,-1.253719,-0.084293,0.844191,0.005360,0.002512
23.100000,0.007784,0.033439,-0.004337,-0.360457,-1.340701,0.257902,-1.035851,0.011499,-0.023079,-0.555142,-1.253231,-0.168795,0.944191,0.001034,-0.001662
23.133333,0.009001,0.025758,-0.003745,-0.447917,-1.312912,0.295264,-1.115307,0.011757,-0.026216,-0.645152,-1.238597,-0.260738,1.044191,0.003569,-0.007397
23.166667,0.020514,0.022536,-0.006781,-0.547917,-1.287657,0.372627,-1.207929,0.008297,-0.029892,-0.722981,-1.223276,-0.360738,1.144191,-0.002280,-0.011269
23.200000,0.013181,0.017706,-0.007402,-0.628120,-1.277956,0.472627,-1.277395,0.012300,-0.026060,-0.776334,-1.206454,-0.460738,1.244191,0.005423,0.000886
23.233333,0.009187,0.020761,0.000451,-0.668322,-1.271651,0.572627,-1.318561,0.012258,-0.032490,-0.793753,-1.177624,-0.560738,1.304191,0.021286,-0.004186
23.266667,0.020032,0.027680,0.007182,-0.668525,-1.251087,0.651794,-1.321000,0.012665,-0.020869,-0.771171,-1.187450,-0.660738,1.324191,0.013969,0.004489
23.300000,0.018780,0.031802,0.013333,-0.628728,-1.265111,0.691181,-1.323439,0.014234,-0.016525,-0.708589,-1.196548,-0.760738,1.304191,0.013693,0.007170
23.333333,0.013009,0.032184,0.007629,-0.548930,-1.271405,0.690789,-1.307605,0.018416,-0.013297,-0.628177,-1.211142,-0.860738,1.244191,0.021354,0.011581
23.366667,0.008843,0.040708,0.008983,-0.460362,-1.280373,0.650397,-1.274925,0.010280,-0.006082,-0.532242,-1.232452,-0.929248,1.144191,0.020056,0.012737
23.400000,0.010239,0.036130,0.008277,-0.371793,-1.306356,0.570005,-1.230936,0.007882,-0.009267,-0.440327,-1.256674,-0.957758,1.044191,0.018276,0.015804
23.433333,0.003646,0.030802,-0.000583,-0.301262,-1.332574,0.472166,-1.189535,0.003162,-0.014689,-0.371682,-1.249418,-0.946268,0.944191,0.027898,0.012810
23.466667,-0.001232,0.032406,-0.007444,-0.254450,-1.347653,0.377075,-1.119709,0.004028,-0.019372,-0.315633,-1.264447,-0.894777,0.844191,0.025761,0.023806
23.500000,-0.001061,0.033275,0.002086,-0.221199,-1.372890,0.281764,-1.035534,0.005308,-0.017021,-0.280874,-1.278204,-0.803287,0.744191,0.022702,0.022808
23.533333,0.001735,0.028507,-0.000889,-0.184641,-1.389724,0.203490,-0.951360,0.015459,-0.021504,-0.264102,-1.288338,-0.703287,0.644191,0.024742,0.017591
23.566667,0.000023,0.026023,-0.002215,-0.183608,-1.394480,0.142931,-0.866795,0.020544,-0.015411,-0.268125,-1.296119,-0.603287,0.561313,0.019431,0.020984
23.600000,-0.001646,0.021060,0.001330,-0.186130,-1.404146,0.080654,-0.778370,0.023360,-0.022375,-0.266398,-1.319237,-0.503287,0.478436,0.018356,0.017578
23.633333,0.003269,0.018024,0.007732,-0.192236,-1.390801,0.035985,-0.678370,0.019273,-0.018586,-0.280107,-1.318031,-0.403287,0.416977,0.020787,0.005605
23.666667,0.001151,0.022683,0.004320,-0.205994,-1.375500,0.031316,-0.578370,0.021169,-0.012475,-0.298923,-1.321622,-0.303287,0.381175,0.015274,-0.000532
23.700000,0.001656,0.020776,0.005978,-0.230379,-1.371173,0.009610,-0.478370,0.021384,-0.012965,-0.307138,-1.322151,-0.203287,0.354310,0.016714,0.002751
23.733333,0.009786,0.019738,0.000987,-0.233140,-1.360195,-0.010194,-0.379133,0.019599,-0.017474,-0.324384,-1.339167,-0.110904,0.350322,0.024437,-0.003687
23.766667,0.009905,0.022406,-0.005172,-0.237585,-1.360195,-0.027613,-0.312115,0.018701,-0.019423,-0.324111,-1.341705,-0.028038,0.346870,0.019828,-0.003686
23.800000,0.003591,0.024553,-0.008405,-0.234956,-1.362663,-0.039207,-0.272729,0.021411,-0.022780,-0.319068,-1.351717,0.027122,0.342386,0.021668,-0.000006
23.833333,0.002757,0.019737,-0.004913,-0.231047,-1.348141,-0.074280,-0.256154,0.017051,-0.026362,-0.308793,-1.344810,0.070104,0.331630,0.021458,0.009249
23.866667,0.002193,0.025146,-0.003950,-0.243273,-1.320970,-0.096925,-0.264566,0.019485,-0.018811,-0.307941,-1.357373,0.089862,0.349040,0.015642,0.010969
23.900000,-0.001081,0.026474,0.003035,-0.241597,-1.305634,-0.105518,-0.305163,0.014318,-0.019903,-0.289897,-1.335165,0.086555,0.331318,0.012231,0.009835
23.933333,-0.001067,0.021750,0.010972,-0.236644,-1.279321,-0.096496,-0.333540,0.012256,-0.018039,-0.291853,-1.323577,0.072765,0.333061,0.013635,0.006456
23.966667,0.004086,0.018811,0.012896,-0.231462,-1.268325,-0.093877,-0.354285,0.008867,-0.017965,-0.290545,-1.320533,0.066681,0.334417,0.008378,0.001929
