time_sec,joint_pelvisYaw,joint_pelvisPitch,joint_pelvisRoll,joint_lShoulderPitch,joint_lShoulderRoll,joint_lShoulderYaw,joint_lElbow,joint_lWristRoll,joint_lWristPitch,joint_rShoulderPitch,joint_rShoulderRoll,joint_rShoulderYaw,joint_rElbow,joint_rWristRoll,joint_rWristPitch
0.000000,0.030690,0.036383,0.036449,-0.686740,-1.369039,1.501711,-0.756303,0.011247,-0.022056,-0.397436,-1.344686,-0.979905,0.684620,0.013672,-0.027419
0.033333,0.042358,0.027110,0.046850,-0.668263,-1.352459,1.512978,-0.740601,0.032464,-0.012329,-0.399752,-1.331767,-1.008397,0.646837,0.034517,-0.027852
0.066667,0.027769,0.030036,0.039173,-0.665595,-1.359006,1.533820,-0.743955,0.024399,-0.003457,-0.400444,-1.313913,-1.016289,0.662381,0.045699,-0.035866
0.100000,0.028753,0.029716,0.029858,-0.656206,-1.346588,1.542082,-0.743917,0.008137,-0.007007,-0.399710,-1.312539,-1.041036,0.667391,0.046623,-0.034912
0.133333,0.017078,0.034872,0.023301,-0.680655,-1.368415,1.537370,-0.749771,-0.010597,-0.001814,-0.405142,-1.317723,-1.029358,0.678749,0.026516,-0.027713
0.166667,-0.010725,0.038434,-0.003066,-0.666803,-1.364646,1.555741,-0.746490,-0.006294,-0.028665,-0.400290,-1.307515,-1.020942,0.694554,0.030343,-0.042909
0.200000,-0.010959,0.043765,-0.016351,-0.670304,-1.342801,1.588398,-0.734056,0.001387,-0.035662,-0.387744,-1.305326,-1.045469,0.690360,0.045288,-0.029244
0.233333,-0.000218,0.039794,-0.008596,-0.677948,-1.337829,1.582020,-0.729362,0.009021,-0.044671,-0.389068,-1.325846,-1.040123,0.664235,0.032563,-0.022231
0.266667,-0.012140,0.043361,-0.017508,-0.672314,-1.354668,1.568222,-0.731203,0.028000,-0.059106,-0.382336,-1.311311,-0.997921,0.651215,0.010096,-0.015103
0.300000,-0.019129,0.060005,-0.016339,-0.672841,-1.358813,1.567813,-0.738683,0.033503,-0.055558,-0.392616,-1.315445,-0.995718,0.670573,0.008904,0.005807
0.333333,0.000528,0.057916,0.005255,-0.689871,-1.358709,1.543846,-0.747860,0.028725,-0.045020,-0.387772,-1.338193,-0.988237,0.661361,0.003409,0.012509
0.366667,0.013662,0.049809,0.021384,-0.688567,-1.353262,1.491153,-0.740800,0.042106,-0.024239,-0.410378,-1.327341,-0.976485,0.649129,-0.030058,0.005498
0.400000,0.015905,0.068135,0.020149,-0.677042,-1.347815,1.474359,-0.725433,0.044010,-0.022701,-0.395019,-1.293780,-1.004733,0.637229,-0.041887,0.024721
0.433333,0.028324,0.063023,0.039480,-0.693516,-1.341117,1.471325,-0.714710,0.041740,-0.004791,-0.403000,-1.298794,-1.032982,0.639660,-0.017611,0.014861
0.466667,0.045962,0.053179,0.043210,-0.685905,-1.323679,1.467365,-0.713302,0.043538,-0.006021,-0.410980,-1.295491,-1.038395,0.618369,-0.002686,-0.001995
0.500000,0.050149,0.053864,0.036857,-0.700655,-1.335743,1.467722,-0.722069,0.046299,0.002460,-0.420173,-1.273574,-1.063160,0.606981,0.005040,0.018206
0.533333,0.040633,0.060008,0.038916,-0.704360,-1.362539,1.486966,-0.737689,0.026968,-0.010340,-0.414658,-1.285257,-1.055285,0.624856,0.019723,0.013991
0.566667,0.054091,0.051759,0.051151,-0.726531,-1.373828,1.479433,-0.751951,0.040518,0.000659,-0.437808,-1.329215,-1.021714,0.662957,0.033967,0.000278
0.600000,0.059635,0.056951,0.060972,-0.739976,-1.384298,1.487485,-0.743845,0.055950,0.021014,-0.459266,-1.353173,-1.027162,0.673087,0.021600,0.002037
0.633333,0.052642,0.045803,0.054912,-0.751726,-1.385476,1.490340,-0.743112,0.049933,0.021107,-0.440725,-1.346584,-1.021684,0.666939,0.009889,0.000092
0.666667,0.051812,0.046916,0.064974,-0.735583,-1.372143,1.512435,-0.717862,0.050163,0.024358,-0.454305,-1.369602,-1.002142,0.681949,0.000419,-0.038910
0.700000,0.069102,0.041153,0.061111,-0.732283,-1.354063,1.532849,-0.722189,0.046428,0.008891,-0.481526,-1.381878,-1.013889,0.682322,0.005714,-0.044394
0.733333,0.058548,0.029523,0.052128,-0.725862,-1.346494,1.563224,-0.731010,0.030090,0.003376,-0.480081,-1.371417,-1.024699,0.656453,0.008835,-0.047773
0.766667,0.051794,0.028900,0.029250,-0.701846,-1.327539,1.596292,-0.737078,0.023724,0.002015,-0.455272,-1.345181,-1.013274,0.642406,0.002460,-0.047036
0.800000,0.040373,0.045166,0.038821,-0.703612,-1.318646,1.622844,-0.729014,0.031309,0.022659,-0.444431,-1.356864,-1.005554,0.628358,0.004783,-0.028312
0.833333,0.033562,0.036674,0.032280,-0.702464,-1.318767,1.618457,-0.749086,0.032929,0.015487,-0.429528,-1.363981,-1.002624,0.622550,0.010758,-0.009588
0.866667,0.010983,0.031733,0.017044,-0.677853,-1.323320,1.612386,-0.744017,0.056074,0.016469,-0.388235,-1.341841,-0.986037,0.634987,0.023509,0.009222
0.900000,0.009297,0.047054,0.013631,-0.667354,-1.328820,1.594811,-0.744214,0.058943,0.001915,-0.378052,-1.350162,-0.983846,0.652107,0.031704,0.010724
0.933333,-0.000478,0.044409,0.022988,-0.679495,-1.330696,1.560728,-0.765280,0.047418,-0.028097,-0.381253,-1.354258,-0.964869,0.648474,0.050642,0.003126
0.966667,-0.004538,0.036814,-0.007656,-0.688197,-1.320991,1.552597,-0.794299,0.056415,-0.043306,-0.410485,-1.359300,-0.947365,0.684840,0.069552,-0.011518
1.000000,0.007435,0.052663,-0.015489,-0.691550,-1.310196,1.554001,-0.798078,0.048418,-0.044187,-0.403780,-1.346618,-0.944177,0.689452,0.073642,-0.006771
1.033333,0.012011,0.065911,-0.002593,-0.712142,-1.321086,1.535706,-0.798852,0.028876,-0.031219,-0.418402,-1.368485,-0.931783,0.663086,0.053788,-0.023212
1.066667,0.006867,0.073143,-0.009583,-0.696372,-1.323931,1.509832,-0.799104,0.009648,-0.023807,-0.433549,-1.362481,-0.912169,0.647898,0.040413,-0.031508
1.100000,0.008184,0.080499,-0.003038,-0.696285,-1.341009,1.508428,-0.797770,0.006146,-0.010328,-0.444217,-1.376037,-0.932554,0.664685,0.041335,-0.011012
1.133333,0.018722,0.077994,0.027129,-0.684172,-1.358087,1.472944,-0.785354,-0.015951,-0.012741,-0.428754,-1.361317,-0.941524,0.641471,0.014939,-0.014048
1.166667,0.008340,0.089118,0.034349,-0.687069,-1.364671,1.458863,-0.770039,-0.023139,-0.006226,-0.439228,-1.340726,-0.945733,0.644523,-0.000159,-0.004175
1.200000,0.001499,0.082843,0.039391,-0.694551,-1.354466,1.467797,-0.781295,-0.014252,-0.009252,-0.432059,-1.322262,-0.971696,0.638552,-0.006161,0.014340
1.233333,0.020124,0.057608,0.045774,-0.720844,-1.333541,1.485758,-0.786540,0.000670,-0.019656,-0.433255,-1.330406,-0.984790,0.631856,0.001830,0.018321
1.266667,0.035424,0.055434,0.037254,-0.718438,-1.302380,1.481008,-0.769832,0.023432,-0.012705,-0.436322,-1.338989,-0.966376,0.614755,-0.015220,-0.001447
1.300000,0.047809,0.054351,0.027424,-0.721833,-1.308703,1.510338,-0.764895,0.030360,-0.023344,-0.447368,-1.335850,-0.987146,0.623779,-0.008828,0.006384
1.333333,0.052003,0.031660,0.041520,-0.741557,-1.309234,1.520994,-0.777888,0.045839,-0.021906,-0.447645,-1.371263,-0.973655,0.636430,0.007375,-0.013247
1.366667,0.078363,0.024687,0.042965,-0.756935,-1.310279,1.508634,-0.776311,0.039700,-0.017456,-0.484238,-1.383375,-0.951998,0.689081,0.005208,-0.047388
1.400000,0.064723,0.031028,0.042356,-0.762432,-1.322672,1.523598,-0.776966,0.050375,-0.005476,-0.480830,-1.383375,-0.945488,0.714212,0.002931,-0.045481
1.433333,0.059655,0.026836,0.057531,-0.757398,-1.330963,1.561273,-0.777622,0.032065,-0.015942,-0.469337,-1.366423,-0.964536,0.717772,0.015885,-0.046981
1.466667,0.070055,0.033010,0.064317,-0.732437,-1.307376,1.598948,-0.744859,0.048185,-0.000522,-0.451074,-1.361478,-0.969580,0.704755,0.006754,-0.044556
1.500000,0.084031,0.042967,0.068003,-0.706716,-1.307004,1.615297,-0.734165,0.042802,-0.019963,-0.435114,-1.350592,-0.982752,0.673824,0.002724,-0.036389
1.533333,0.058007,0.049447,0.060179,-0.681889,-1.324071,1.635509,-0.743190,0.033067,-0.030816,-0.379155,-1.326332,-0.985255,0.633008,0.013144,-0.007983
1.566667,0.041387,0.063998,0.049512,-0.685867,-1.312602,1.650036,-0.764279,0.033749,-0.018920,-0.363196,-1.315446,-0.983113,0.632192,0.008452,0.008753
1.600000,0.042174,0.072420,0.043012,-0.713752,-1.324255,1.646511,-0.785368,0.034311,-0.005060,-0.363760,-1.332398,-0.986921,0.645582,0.012483,0.021182
1.633333,0.015847,0.060357,0.026199,-0.738820,-1.341898,1.607909,-0.831187,0.031488,-0.016966,-0.377250,-1.343015,-0.967433,0.656407,0.026624,0.013644
1.666667,0.015054,0.055868,-0.011884,-0.729461,-1.343830,1.609307,-0.837007,0.042819,-0.006749,-0.378001,-1.353901,-0.978838,0.687709,0.033780,0.012364
1.700000,0.019977,0.056751,-0.009967,-0.741731,-1.329046,1.628232,-0.834385,0.054682,-0.002190,-0.411307,-1.374040,-0.997399,0.693799,0.042278,0.010063
1.733333,0.044802,0.041013,-0.002670,-0.717364,-1.320363,1.617282,-0.814743,0.048451,-0.013554,-0.435210,-1.384925,-1.007079,0.667248,0.043624,-0.012647
1.766667,0.031501,0.043777,-0.008311,-0.708318,-1.322898,1.624384,-0.803787,0.044032,-0.007685,-0.454250,-1.384925,-0.989802,0.666492,0.046415,-0.006686
1.800000,0.041174,0.043777,0.003024,-0.711617,-1.328831,1.641309,-0.807013,0.037052,-0.005857,-0.447869,-1.384286,-1.005758,0.675032,0.047200,-0.007375
1.833333,0.043183,0.046172,0.029403,-0.748733,-1.320583,1.631296,-0.812802,0.025355,-0.000146,-0.467870,-1.368088,-1.014783,0.646809,0.047721,-0.000443
1.866667,0.039477,0.051436,0.027531,-0.762410,-1.305652,1.620435,-0.787032,0.034358,0.010596,-0.460008,-1.344630,-1.025347,0.637700,0.036969,-0.019249
1.900000,0.024148,0.055324,0.029265,-0.781316,-1.324620,1.648785,-0.778283,0.037673,0.009161,-0.452255,-1.330426,-1.042104,0.650973,0.042261,-0.017724
1.933333,0.028461,0.043452,0.039646,-0.798552,-1.316545,1.637135,-0.778310,0.051112,0.004054,-0.455359,-1.327496,-1.056282,0.654480,0.050296,-0.017840
1.966667,0.027520,0.060077,0.029440,-0.799680,-1.330231,1.610739,-0.762450,0.044861,0.004263,-0.493751,-1.319533,-1.055050,0.670340,0.036218,-0.010748
2.000000,0.002418,0.057505,0.020774,-0.777324,-1.349352,1.611281,-0.769015,0.045698,-0.007688,-0.501028,-1.321998,-1.047452,0.684402,0.030622,-0.021832
2.033333,0.017315,0.050011,0.022827,-0.762940,-1.358659,1.591281,-0.785630,0.024011,-0.026068,-0.529744,-1.341692,-1.043516,0.704862,0.025944,-0.028388
2.066667,0.027744,0.051524,0.007683,-0.773750,-1.333762,1.564447,-0.790539,0.026762,-0.016349,-0.552795,-1.355639,-1.050272,0.729212,-0.009525,-0.020239
2.100000,0.031034,0.053265,-0.000510,-0.749708,-1.335907,1.553449,-0.792469,0.021161,-0.035146,-0.541837,-1.339529,-1.063005,0.723329,-0.033135,-0.025619
2.133333,0.035006,0.036641,0.004122,-0.739746,-1.307625,1.575630,-0.792957,0.012905,-0.039814,-0.518435,-1.328071,-1.079023,0.711334,-0.021356,-0.050045
2.166667,0.058269,0.027819,0.006673,-0.752855,-1.275725,1.564144,-0.808457,0.004262,-0.056627,-0.525992,-1.326013,-1.083143,0.708074,-0.030847,-0.054279
2.200000,0.051519,0.028394,0.007883,-0.765610,-1.279772,1.574708,-0.820668,0.017760,-0.050446,-0.515181,-1.329965,-1.096140,0.710912,-0.021007,-0.037010
2.233333,0.043457,0.037668,0.030116,-0.748577,-1.289943,1.592106,-0.810875,0.024005,-0.054237,-0.502933,-1.330222,-1.096568,0.706034,0.013353,-0.036803
2.266667,0.061017,0.056925,0.050649,-0.768068,-1.279740,1.617780,-0.786600,0.035390,-0.022590,-0.490685,-1.349262,-1.103909,0.738730,0.012018,-0.027254
2.300000,0.059178,0.065565,0.065798,-0.774167,-1.293630,1.610275,-0.779652,0.043444,-0.010390,-0.480389,-1.365085,-1.106188,0.748906,0.008168,-0.011400
2.333333,0.047517,0.067868,0.056674,-0.752726,-1.295598,1.608246,-0.758486,0.065895,0.002396,-0.449894,-1.380877,-1.093663,0.769461,0.014335,-0.003314
2.366667,0.038144,0.083404,0.062376,-0.747105,-1.297566,1.624167,-0.730558,0.053468,0.015182,-0.441838,-1.382516,-1.088560,0.793503,0.017903,0.003680
2.400000,0.045050,0.068036,0.064101,-0.747511,-1.315758,1.601704,-0.736340,0.042457,0.004289,-0.427244,-1.368121,-1.082576,0.791630,0.018347,0.000281
2.433333,0.032832,0.055422,0.038853,-0.730561,-1.333570,1.582831,-0.771540,0.030547,-0.006603,-0.443788,-1.338023,-1.056119,0.766100,0.034565,-0.003987
2.466667,0.027601,0.055750,0.014475,-0.726093,-1.334675,1.574964,-0.796977,0.038291,-0.017495,-0.432953,-1.332444,-1.051729,0.749819,0.025729,0.012299
2.500000,0.020139,0.057988,0.025280,-0.734832,-1.358376,1.562796,-0.797119,0.029401,-0.007722,-0.435303,-1.321370,-1.055944,0.739981,0.026569,0.009878
2.533333,0.022926,0.046808,0.014550,-0.703571,-1.372769,1.519184,-0.815069,0.044945,-0.008626,-0.421762,-1.328789,-1.048856,0.696609,0.024643,0.006069
2.566667,0.014544,0.040351,0.009773,-0.698606,-1.379018,1.494529,-0.815051,0.060911,0.013770,-0.427523,-1.336500,-1.046500,0.693238,0.004165,0.018676
2.600000,0.010850,0.029282,0.013518,-0.680902,-1.381391,1.457789,-0.796087,0.059712,-0.003834,-0.410897,-1.353458,-1.056802,0.692236,-0.000122,0.004012
2.633333,0.021141,0.021239,0.034875,-0.675084,-1.370049,1.426967,-0.765404,0.048908,0.001602,-0.430299,-1.344461,-1.064033,0.691380,0.012791,-0.024872
2.666667,0.024963,0.027328,0.024461,-0.669328,-1.344837,1.428635,-0.751347,0.052933,0.008567,-0.454864,-1.342396,-1.084097,0.697040,0.005159,-0.035404
2.700000,0.025066,0.023240,0.029260,-0.678002,-1.328934,1.430976,-0.747627,0.044490,-0.000793,-0.465118,-1.326379,-1.077900,0.710534,0.005822,-0.039457
2.733333,0.046548,0.024301,0.015497,-0.658610,-1.318943,1.448788,-0.721876,0.031057,-0.014795,-0.479003,-1.333063,-1.090111,0.724029,0.019673,-0.054541
2.766667,0.053045,0.029579,0.001924,-0.658265,-1.323573,1.450982,-0.718232,0.031045,-0.020200,-0.484139,-1.332615,-1.086834,0.721235,0.021689,-0.041804
2.800000,0.041821,0.035491,-0.003921,-0.658013,-1.346970,1.468966,-0.727971,0.033153,-0.022054,-0.474622,-1.349083,-1.075093,0.730264,0.018014,-0.032970
2.833333,0.035869,0.026296,0.011577,-0.665926,-1.361641,1.449737,-0.751593,0.032941,-0.030727,-0.464156,-1.338046,-1.048301,0.716986,0.014271,-0.007663
2.866667,0.032554,0.040066,0.019834,-0.699409,-1.367497,1.429709,-0.747791,0.036128,-0.012400,-0.467819,-1.351387,-1.041630,0.729407,0.006262,0.001330
2.900000,0.015610,0.044320,0.032786,-0.724634,-1.371471,1.413638,-0.775367,0.030413,-0.016199,-0.447490,-1.333660,-1.026473,0.707711,0.009715,0.001851
2.933333,0.008086,0.039400,0.045735,-0.738744,-1.365454,1.435941,-0.790363,0.029721,-0.008595,-0.447161,-1.329521,-1.031269,0.706015,0.008731,-0.007973
2.966667,0.015953,0.032563,0.052680,-0.723877,-1.340669,1.454038,-0.811281,0.048481,-0.013901,-0.465456,-1.316771,-1.047599,0.723100,0.025101,-0.009271
3.000000,0.024791,0.038099,0.054942,-0.706516,-1.355073,1.481539,-0.825254,0.042036,0.002662,-0.495593,-1.304996,-1.097543,0.763372,0.032708,-0.009436
3.033333,0.024525,0.027455,0.047437,-0.670419,-1.349257,1.518839,-0.862713,0.038612,-0.011474,-0.526711,-1.285394,-1.164930,0.793863,0.040365,-0.012465
3.066667,0.007263,0.034274,0.041448,-0.646642,-1.343210,1.551603,-0.891797,0.032152,-0.002567,-0.565413,-1.259342,-1.244930,0.858469,0.050737,-0.011943
3.100000,0.005671,0.038168,0.034694,-0.619545,-1.318891,1.550977,-0.917848,0.015525,-0.005223,-0.601615,-1.248728,-1.344930,0.912310,0.050708,-0.002215
3.133333,-0.006819,0.045042,0.028198,-0.624173,-1.328197,1.532735,-0.923807,-0.003574,-0.000277,-0.621879,-1.250735,-1.441031,0.936632,0.032945,0.006835
3.166667,-0.034495,0.047620,0.001631,-0.605934,-1.313486,1.542302,-0.917335,0.000268,-0.027103,-0.621374,-1.239272,-1.517031,0.954231,0.038980,-0.005174
3.200000,-0.035122,0.053709,-0.011805,-0.606431,-1.295139,1.567985,-0.901494,0.007443,-0.034622,-0.605758,-1.235636,-1.588588,0.951850,0.053916,0.010063
3.233333,-0.024180,0.049230,-0.003562,-0.615094,-1.292991,1.558205,-0.894605,0.014485,-0.043954,-0.604136,-1.257412,-1.620144,0.927169,0.041069,0.016838
3.266667,-0.037225,0.051102,-0.012831,-0.609242,-1.316202,1.543442,-0.893063,0.036414,-0.060286,-0.595120,-1.244856,-1.611700,0.911490,0.019400,0.022471
3.300000,-0.044357,0.069225,-0.012902,-0.611664,-1.322729,1.542463,-0.893610,0.042952,-0.057901,-0.598621,-1.251373,-1.605969,0.925330,0.018783,0.042509
3.333333,-0.024937,0.067797,0.008258,-0.630120,-1.325257,1.518061,-0.895536,0.037647,-0.047503,-0.587604,-1.278860,-1.582262,0.911504,0.012916,0.047649
3.366667,-0.012415,0.059548,0.023593,-0.629100,-1.320458,1.462077,-0.882625,0.050621,-0.025713,-0.602232,-1.275335,-1.549742,0.892214,-0.020692,0.039049
3.400000,-0.011421,0.078833,0.020690,-0.618907,-1.315659,1.441914,-0.861772,0.051837,-0.023906,-0.579275,-1.246398,-1.540742,0.873580,-0.031960,0.057418
3.433333,0.001707,0.075207,0.037465,-0.637716,-1.307136,1.434255,-0.845001,0.048051,-0.004799,-0.567905,-1.256356,-1.531742,0.871821,-0.008400,0.047724
3.466667,0.018644,0.063908,0.041137,-0.632080,-1.292135,1.425552,-0.840345,0.048409,-0.005567,-0.559958,-1.262917,-1.483926,0.843587,0.006750,0.030043
3.500000,0.022853,0.064022,0.033608,-0.648476,-1.305960,1.418525,-0.844842,0.051662,0.002330,-0.548984,-1.248508,-1.451450,0.824880,0.014349,0.049773
3.533333,0.013425,0.069110,0.033856,-0.653316,-1.334143,1.427379,-0.852789,0.031944,-0.011091,-0.523205,-1.265111,-1.392230,0.835290,0.029807,0.044487
3.566667,0.027690,0.060532,0.044494,-0.673184,-1.347527,1.406756,-0.856533,0.045387,-0.001235,-0.524712,-1.316050,-1.312287,0.864720,0.044136,0.030349
3.600000,0.032875,0.065969,0.052820,-0.683331,-1.357161,1.394632,-0.838022,0.058901,0.019145,-0.537933,-1.346990,-1.270425,0.868465,0.030745,0.031625
3.633333,0.026381,0.054956,0.045319,-0.690364,-1.362289,1.378754,-0.827577,0.052540,0.019399,-0.511155,-1.341326,-1.231613,0.858686,0.018665,0.029884
3.666667,0.026082,0.055724,0.054301,-0.671277,-1.351879,1.384620,-0.794978,0.052051,0.021399,-0.522689,-1.363209,-1.203352,0.868873,0.010159,-0.009269
3.700000,0.044299,0.050153,0.050381,-0.666518,-1.335788,1.399612,-0.792202,0.048403,0.004717,-0.550189,-1.377546,-1.209456,0.868302,0.015434,-0.014574
3.733333,0.034306,0.038317,0.042125,-0.663242,-1.330059,1.430981,-0.797189,0.032257,-0.001036,-0.550402,-1.363561,-1.229720,0.842704,0.018572,-0.017281
3.766667,0.028764,0.037465,0.020895,-0.642877,-1.312961,1.479736,-0.805450,0.027610,-0.004422,-0.530014,-1.331599,-1.241290,0.833071,0.013826,-0.015634
3.800000,0.018752,0.054022,0.031490,-0.650070,-1.300250,1.529304,-0.802243,0.035318,0.015386,-0.526238,-1.337369,-1.270483,0.825514,0.016179,0.002477
3.833333,0.011105,0.045775,0.026199,-0.655334,-1.296135,1.552470,-0.828184,0.037652,0.008543,-0.521246,-1.340906,-1.304665,0.828463,0.022509,0.020587
3.866667,-0.011963,0.039317,0.012024,-0.637299,-1.297081,1.570794,-0.836933,0.062692,0.010300,-0.489450,-1.311988,-1.334462,0.848281,0.035644,0.039727
3.900000,-0.013245,0.052791,0.009620,-0.630180,-1.296991,1.576524,-0.852069,0.067069,-0.003948,-0.493872,-1.317056,-1.381668,0.879598,0.043864,0.040926
3.933333,-0.023183,0.050901,0.020287,-0.645776,-1.294135,1.565965,-0.884972,0.056399,-0.032803,-0.510383,-1.320101,-1.411420,0.885522,0.063155,0.034346
3.966667,-0.027926,0.044056,-0.009047,-0.656670,-1.280934,1.574719,-0.926586,0.066968,-0.047127,-0.550282,-1.325413,-1.437899,0.929372,0.082445,0.020394
4.000000,-0.015052,0.060551,-0.015010,-0.659612,-1.262821,1.589492,-0.946371,0.060251,-0.047359,-0.551396,-1.305413,-1.471577,0.948968,0.087093,0.025794
4.033333,-0.010898,0.075539,-0.001137,-0.679004,-1.265726,1.581337,-0.962706,0.041839,-0.034210,-0.574498,-1.317068,-1.492268,0.939891,0.067999,0.010797
4.066667,-0.017395,0.085398,-0.006451,-0.663194,-1.255289,1.566198,-0.981451,0.023427,-0.025315,-0.591957,-1.301788,-1.502892,0.934726,0.052657,0.005430
4.100000,-0.015116,0.092518,0.000858,-0.662476,-1.278243,1.568958,-0.997982,0.020644,-0.011822,-0.604407,-1.304039,-1.541584,0.963656,0.054047,0.024269
4.133333,-0.003428,0.089723,0.031615,-0.650174,-1.301198,1.547316,-1.002263,-0.000306,-0.015042,-0.591053,-1.277360,-1.562876,0.952586,0.028532,0.019737
4.166667,-0.013738,0.101322,0.039261,-0.652799,-1.301800,1.546057,-0.999226,-0.008593,-0.009266,-0.602626,-1.252731,-1.576536,0.957485,0.013013,0.028806
4.200000,-0.019603,0.095937,0.045289,-0.661286,-1.287166,1.573387,-1.020348,-0.001760,-0.012270,-0.598905,-1.234393,-1.612210,0.951057,0.008233,0.046842
4.233333,0.000105,0.070625,0.050861,-0.687873,-1.269808,1.603405,-1.027571,0.012451,-0.024344,-0.604607,-1.242989,-1.628536,0.945471,0.019513,0.047928
4.266667,0.016859,0.071074,0.042634,-0.678617,-1.231489,1.625038,-1.011827,0.034792,-0.018374,-0.606040,-1.251436,-1.617001,0.929487,0.002991,0.026839
4.300000,0.028527,0.070048,0.032516,-0.683127,-1.222599,1.654471,-1.006056,0.041569,-0.028920,-0.620728,-1.248812,-1.643903,0.935556,0.009185,0.036152
4.333333,0.033262,0.047306,0.046472,-0.704441,-1.225900,1.664707,-1.016256,0.058379,-0.026908,-0.627842,-1.284138,-1.642393,0.945946,0.025070,0.016208
4.366667,0.060321,0.037703,0.048520,-0.720673,-1.231732,1.646355,-1.010622,0.054194,-0.023020,-0.668264,-1.301782,-1.622162,0.996335,0.020872,-0.019761
4.400000,0.047381,0.044626,0.049009,-0.725569,-1.246607,1.657215,-1.010657,0.065009,-0.010250,-0.668685,-1.313504,-1.623230,1.018121,0.016890,-0.017566
4.433333,0.039749,0.037882,0.063720,-0.726662,-1.249317,1.676460,-1.010692,0.047130,-0.018637,-0.663303,-1.307846,-1.641131,1.016211,0.029215,-0.016829
4.466667,0.050120,0.043512,0.071015,-0.702401,-1.229075,1.712306,-0.975759,0.061908,-0.002484,-0.644723,-1.310106,-1.645919,0.999500,0.021437,-0.013739
4.500000,0.063732,0.054042,0.074040,-0.674078,-1.230846,1.727349,-0.964855,0.055975,-0.021187,-0.625951,-1.307749,-1.654421,0.963355,0.018140,-0.003946
4.533333,0.037345,0.063458,0.064837,-0.646501,-1.250569,1.742393,-0.969775,0.046087,-0.031087,-0.567214,-1.285129,-1.658073,0.919501,0.028875,0.026345
4.566667,0.019560,0.077664,0.053131,-0.648623,-1.242789,1.745053,-0.986553,0.047280,-0.018874,-0.548477,-1.268431,-1.651283,0.915646,0.025834,0.045097
4.600000,0.020113,0.085771,0.046526,-0.673226,-1.258403,1.727480,-1.003331,0.047725,-0.005423,-0.546717,-1.288087,-1.655524,0.928840,0.030046,0.057936
4.633333,-0.005991,0.071639,0.029658,-0.691904,-1.279789,1.672960,-1.038452,0.045275,-0.016990,-0.557656,-1.299824,-1.634439,0.941185,0.041584,0.050555
4.666667,-0.006406,0.066477,-0.008265,-0.678915,-1.284863,1.658441,-1.033572,0.057254,-0.006518,-0.558118,-1.316177,-1.645684,0.976927,0.047148,0.048088
4.700000,-0.000343,0.066642,-0.006189,-0.687950,-1.271102,1.661578,-1.023111,0.067591,-0.002284,-0.589970,-1.333446,-1.660736,0.987768,0.055785,0.043474
4.733333,0.027265,0.051763,0.000888,-0.658826,-1.263662,1.643979,-0.996701,0.061667,-0.012390,-0.609002,-1.343093,-1.666254,0.964953,0.056890,0.017338
4.766667,0.015252,0.054144,-0.003983,-0.646868,-1.267083,1.646614,-0.979114,0.059058,-0.006255,-0.628526,-1.339216,-1.646313,0.965089,0.058550,0.023148
4.800000,0.025125,0.055534,0.007403,-0.647266,-1.273896,1.659641,-0.983185,0.053729,-0.004137,-0.623499,-1.335339,-1.662863,0.976101,0.059585,0.021289
4.833333,0.027215,0.057605,0.034277,-0.680631,-1.267248,1.646333,-0.989626,0.042068,0.001702,-0.641388,-1.310472,-1.670108,0.949062,0.061370,0.028712
4.866667,0.022827,0.063405,0.032418,-0.691145,-1.253791,1.633570,-0.964871,0.052837,0.013282,-0.631927,-1.285720,-1.678289,0.938951,0.050950,0.011947
4.900000,0.006273,0.066058,0.034594,-0.708774,-1.274012,1.658883,-0.956064,0.055151,0.010510,-0.627766,-1.268588,-1.697628,0.950727,0.056001,0.014331
4.933333,0.010702,0.054711,0.044528,-0.724699,-1.267240,1.645687,-0.956950,0.067584,0.004882,-0.628364,-1.260963,-1.707346,0.950389,0.064879,0.012926
4.966667,0.008983,0.072029,0.034325,-0.725874,-1.280624,1.620300,-0.944246,0.059534,0.004493,-0.665869,-1.253337,-1.702154,0.962107,0.051349,0.019839
5.000000,-0.016327,0.069371,0.025701,-0.705365,-1.298384,1.621248,-0.952296,0.060413,-0.007054,-0.673772,-1.255826,-1.687275,0.971875,0.045585,0.008205
5.033333,-0.001636,0.061610,0.028107,-0.693536,-1.305665,1.606301,-0.968467,0.039275,-0.025632,-0.699526,-1.276976,-1.671512,0.981102,0.040189,0.000290
5.066667,0.008480,0.062500,0.013446,-0.705440,-1.278047,1.588224,-0.973536,0.042728,-0.015516,-0.717897,-1.292595,-1.662573,0.995775,0.004016,0.008123
5.100000,0.011236,0.064281,0.005055,-0.683414,-1.277423,1.585079,-0.972386,0.036585,-0.034483,-0.704225,-1.278023,-1.662858,0.982561,-0.020099,0.002192
5.133333,0.015691,0.045500,0.009363,-0.674394,-1.248506,1.614408,-0.965361,0.027645,-0.039608,-0.672995,-1.268430,-1.658735,0.956560,-0.008169,-0.023524
5.166667,0.039684,0.036627,0.012373,-0.689542,-1.217422,1.609444,-0.975212,0.019414,-0.056158,-0.670392,-1.269712,-1.643584,0.938145,-0.016630,-0.028932
5.200000,0.031859,0.036162,0.013806,-0.700693,-1.222461,1.624034,-0.982638,0.032355,-0.049063,-0.652950,-1.277402,-1.642223,0.931368,-0.006829,-0.012226
5.233333,0.022753,0.045927,0.035422,-0.684066,-1.234914,1.641754,-0.966792,0.038470,-0.052660,-0.633636,-1.282485,-1.627029,0.916005,0.027233,-0.012046
5.266667,0.039647,0.065076,0.055097,-0.703073,-1.228341,1.667916,-0.938648,0.049766,-0.020306,-0.614323,-1.312783,-1.621996,0.939215,0.025240,-0.002115
5.300000,0.037201,0.076121,0.070269,-0.711785,-1.245540,1.660349,-0.929970,0.059492,-0.007032,-0.602165,-1.338102,-1.614977,0.945878,0.020430,0.014152
5.333333,0.022346,0.079331,0.060039,-0.690833,-1.250305,1.660400,-0.903261,0.082089,0.004714,-0.574080,-1.356884,-1.599189,0.964657,0.026196,0.022233
5.366667,0.014054,0.096080,0.064244,-0.688049,-1.255070,1.678592,-0.870857,0.069696,0.016461,-0.570000,-1.356707,-1.590317,0.988023,0.030552,0.029487
5.400000,0.021685,0.080872,0.065668,-0.693202,-1.278749,1.658538,-0.872827,0.058209,0.005548,-0.561358,-1.339600,-1.583055,0.986298,0.031023,0.026101
5.433333,0.010617,0.068093,0.040435,-0.682698,-1.301182,1.644298,-0.903471,0.045394,-0.006007,-0.582484,-1.300095,-1.551485,0.957673,0.050046,0.021442
5.466667,0.005627,0.069106,0.016058,-0.683490,-1.305362,1.641469,-0.926148,0.052801,-0.017562,-0.574707,-1.286841,-1.544729,0.939477,0.040925,0.039447
5.500000,-0.000688,0.071142,0.026295,-0.699774,-1.333513,1.638292,-0.926854,0.043564,-0.007798,-0.581319,-1.274218,-1.541342,0.925579,0.040558,0.039281
5.533333,0.000860,0.059762,0.015651,-0.676058,-1.354079,1.605915,-0.946926,0.058514,-0.008556,-0.568553,-1.284642,-1.520290,0.875328,0.037952,0.035412
5.566667,-0.008511,0.053086,0.009979,-0.678014,-1.364930,1.592732,-0.948706,0.076120,0.012870,-0.573933,-1.295765,-1.504683,0.865077,0.018266,0.046832
5.600000,-0.014255,0.042042,0.013956,-0.669357,-1.367422,1.568799,-0.930178,0.076323,-0.005062,-0.557715,-1.318033,-1.495546,0.855068,0.011747,0.031378
5.633333,-0.003890,0.033731,0.034561,-0.669798,-1.356893,1.546937,-0.897767,0.066287,0.000213,-0.575561,-1.314049,-1.481132,0.842633,0.024175,-0.000620
5.666667,0.000977,0.039678,0.023313,-0.667690,-1.331079,1.552095,-0.882066,0.069426,0.007063,-0.591037,-1.315973,-1.477487,0.837358,0.017128,-0.013456
5.700000,0.001363,0.035678,0.027261,-0.679049,-1.312852,1.551742,-0.870796,0.061110,-0.002808,-0.594799,-1.307319,-1.451506,0.839648,0.017082,-0.018569
5.733333,0.022927,0.036925,0.013042,-0.659452,-1.299594,1.564064,-0.837819,0.046362,-0.016411,-0.601754,-1.320660,-1.438647,0.841939,0.029262,-0.033336
5.766667,0.030186,0.042791,-0.001099,-0.653052,-1.308225,1.556458,-0.829186,0.045758,-0.021490,-0.600538,-1.324446,-1.419318,0.832315,0.030646,-0.020575
5.800000,0.017898,0.048425,-0.008170,-0.646472,-1.329958,1.560545,-0.832752,0.046271,-0.023166,-0.580828,-1.346115,-1.385525,0.837760,0.027057,-0.010926
5.833333,0.011439,0.039103,0.007378,-0.647897,-1.343003,1.526278,-0.850621,0.046167,-0.031915,-0.566066,-1.339757,-1.345653,0.824591,0.021690,0.014759
5.866667,0.009574,0.053158,0.015208,-0.675856,-1.347670,1.491161,-0.846385,0.048628,-0.013423,-0.563588,-1.353790,-1.331774,0.840209,0.013676,0.024631
5.900000,-0.006559,0.057912,0.028543,-0.696251,-1.349681,1.462420,-0.873772,0.042660,-0.017243,-0.539511,-1.335751,-1.321510,0.826178,0.017532,0.025584
5.933333,-0.013314,0.053048,0.041337,-0.702802,-1.338435,1.470111,-0.888447,0.041704,-0.009588,-0.535434,-1.331163,-1.331247,0.832147,0.016521,0.016359
5.966667,-0.000743,0.043667,0.044367,-0.682619,-1.314087,1.452627,-0.912774,0.051739,-0.012924,-0.515788,-1.312810,-1.320723,0.815044,0.030085,0.010261
6.000000,0.012613,0.043484,0.041152,-0.671424,-1.329738,1.444167,-0.943591,0.037058,0.005480,-0.466472,-1.297527,-1.300930,0.785395,0.035346,0.004412
6.033333,0.014800,0.027916,0.029545,-0.646112,-1.328076,1.452348,-0.996967,0.022776,-0.006542,-0.404874,-1.275190,-1.255144,0.735972,0.039087,-0.006061
6.066667,0.000910,0.030688,0.018614,-0.639994,-1.326471,1.460528,-1.044655,0.004990,0.002588,-0.324874,-1.247298,-1.175144,0.710832,0.045989,-0.013317
6.100000,0.003475,0.029280,0.006593,-0.637212,-1.306927,1.446009,-1.089205,-0.022044,0.001987,-0.241965,-1.239028,-1.075144,0.665692,0.043409,-0.011783
6.133333,-0.009190,0.034400,0.000279,-0.668510,-1.322126,1.446224,-1.111150,-0.043057,0.008196,-0.179921,-1.248064,-0.975144,0.620552,0.025645,-0.003886
6.166667,-0.037398,0.039766,-0.025172,-0.670401,-1.314563,1.475770,-1.105716,-0.042215,-0.016878,-0.139377,-1.242059,-0.875144,0.589317,0.029690,-0.017370
6.200000,-0.038344,0.045918,-0.039354,-0.686407,-1.297317,1.523536,-1.092218,-0.035553,-0.022966,-0.098833,-1.243107,-0.775144,0.542393,0.044188,-0.002272
6.233333,-0.027951,0.041841,-0.032141,-0.701056,-1.295967,1.531302,-1.086437,-0.029594,-0.029519,-0.096864,-1.267970,-0.675144,0.481517,0.031218,0.005538
6.266667,-0.043432,0.044156,-0.041352,-0.699287,-1.313852,1.525336,-1.088002,-0.013880,-0.043488,-0.088087,-1.253211,-0.575144,0.435296,0.009735,0.014790
6.300000,-0.052360,0.060634,-0.040810,-0.703438,-1.313174,1.539288,-1.103801,-0.012140,-0.039885,-0.092682,-1.257027,-0.488280,0.429075,0.009802,0.037847
6.333333,-0.032323,0.057992,-0.019689,-0.716552,-1.305411,1.527884,-1.122772,-0.018877,-0.029771,-0.087899,-1.281382,-0.418162,0.424405,0.006608,0.046841
6.366667,-0.017888,0.049113,-0.002893,-0.708277,-1.293023,1.481493,-1.125557,-0.007129,-0.008218,-0.113758,-1.272461,-0.388045,0.437153,-0.025718,0.039012
6.400000,-0.014992,0.066478,-0.002735,-0.688267,-1.280651,1.471395,-1.129439,-0.006387,-0.006538,-0.101042,-1.239724,-0.397928,0.460437,-0.037251,0.056685
6.433333,0.001735,0.063016,0.017311,-0.694480,-1.257883,1.476339,-1.141372,-0.007125,0.010862,-0.118043,-1.246987,-0.438129,0.509065,-0.013970,0.044125
6.466667,0.022726,0.053091,0.022987,-0.665026,-1.218936,1.448768,-1.161578,-0.002012,0.008059,-0.140808,-1.250232,-0.505195,0.557694,-0.001868,0.020737
6.500000,0.029637,0.053113,0.018637,-0.659497,-1.207414,1.416596,-1.194247,0.002688,0.014386,-0.189236,-1.232936,-0.595514,0.630867,0.004620,0.035683
6.533333,0.022185,0.059084,0.022888,-0.635360,-1.204304,1.391630,-1.233024,-0.015023,-0.000114,-0.227113,-1.247626,-0.685832,0.722085,0.018714,0.028148
6.566667,0.037788,0.051567,0.036145,-0.625678,-1.183676,1.330371,-1.258076,0.000077,0.009147,-0.298256,-1.301103,-0.776151,0.822085,0.033257,0.012192
6.600000,0.043145,0.055778,0.048102,-0.603807,-1.172193,1.267462,-1.257668,0.013864,0.025422,-0.365472,-1.327694,-0.876151,0.922085,0.019492,0.011676
6.633333,0.037713,0.045660,0.043241,-0.584615,-1.162924,1.213975,-1.257356,0.008662,0.024828,-0.392688,-1.318303,-0.976151,1.022085,0.009484,0.012242
6.666667,0.036764,0.046332,0.053386,-0.538025,-1.141546,1.190447,-1.231285,0.010024,0.026772,-0.422118,-1.322130,-1.068319,1.118508,0.000879,-0.025526
6.700000,0.054068,0.040045,0.049116,-0.515089,-1.122165,1.162881,-1.230898,0.007789,0.009544,-0.454969,-1.327247,-1.147974,1.197561,0.007400,-0.028063
6.733333,0.044388,0.028060,0.041455,-0.501454,-1.117405,1.160929,-1.233927,-0.006401,0.003842,-0.454553,-1.293578,-1.195056,1.239590,0.011134,-0.029058
6.766667,0.038657,0.027414,0.017436,-0.491411,-1.107543,1.185586,-1.236596,-0.008378,0.003651,-0.418065,-1.263896,-1.202137,1.241618,0.006359,-0.025651
6.800000,0.026453,0.041670,0.026160,-0.514354,-1.113322,1.238681,-1.222616,-0.002107,0.024250,-0.381577,-1.274214,-1.169219,1.203647,0.009004,-0.008212
6.833333,0.017496,0.033795,0.019615,-0.553183,-1.129074,1.289934,-1.236863,-0.002344,0.017953,-0.333028,-1.299543,-1.104132,1.129252,0.014119,0.009228
6.866667,-0.005845,0.029827,0.004343,-0.569236,-1.150013,1.356995,-1.228040,0.019975,0.019917,-0.260967,-1.284872,-1.011558,1.056383,0.026305,0.027775
6.900000,-0.008936,0.045046,-0.000500,-0.595430,-1.171535,1.410679,-1.226155,0.021439,0.006364,-0.217181,-1.310200,-0.929925,0.991390,0.033723,0.028871
6.933333,-0.019186,0.043214,0.008648,-0.633095,-1.184836,1.445592,-1.238655,0.008608,-0.021031,-0.194890,-1.318784,-0.848448,0.926397,0.051176,0.020995
6.966667,-0.022434,0.036601,-0.022204,-0.660990,-1.180282,1.480504,-1.263516,0.018069,-0.034408,-0.212599,-1.327366,-0.798013,0.901404,0.068630,0.006129
7.000000,-0.008295,0.052979,-0.029905,-0.661193,-1.170295,1.478745,-1.261379,0.010956,-0.033217,-0.202368,-1.315140,-0.787577,0.916410,0.073338,0.010782
7.033333,-0.003166,0.065348,-0.017660,-0.675491,-1.180161,1.453697,-1.260448,-0.009313,-0.017701,-0.224260,-1.338795,-0.808809,0.923741,0.052404,-0.005818
7.066667,-0.007836,0.070402,-0.024593,-0.649788,-1.168156,1.416412,-1.266774,-0.029583,-0.008330,-0.257877,-1.340121,-0.851673,0.956093,0.034426,-0.015812
7.100000,-0.004572,0.077521,-0.016699,-0.634991,-1.188485,1.397897,-1.269625,-0.031665,0.005296,-0.302587,-1.358397,-0.934381,1.023966,0.034282,0.002722
7.133333,0.007149,0.075045,0.015003,-0.611769,-1.208813,1.352202,-1.260597,-0.051557,0.002188,-0.326148,-1.349460,-1.026048,1.051839,0.006605,-0.001277
7.166667,-0.002267,0.085388,0.023811,-0.606833,-1.202021,1.345022,-1.250339,-0.058013,0.008652,-0.376615,-1.333620,-1.116784,1.078962,-0.009921,0.007873
7.200000,-0.007597,0.079742,0.030958,-0.607136,-1.178072,1.359792,-1.269688,-0.047862,0.004574,-0.399680,-1.319922,-1.214168,1.089605,-0.016812,0.023861
7.233333,0.012785,0.056202,0.038201,-0.626461,-1.156850,1.376640,-1.274845,-0.031100,-0.005960,-0.422745,-1.327265,-1.284491,1.101015,-0.006056,0.027376
7.266667,0.026929,0.051309,0.029636,-0.614583,-1.108019,1.369583,-1.262657,-0.008158,0.001994,-0.434011,-1.337303,-1.330357,1.105403,-0.023171,0.007554
7.300000,0.038875,0.050693,0.019762,-0.608459,-1.093399,1.379164,-1.260412,-0.001708,-0.007937,-0.455767,-1.334553,-1.376222,1.137013,-0.016452,0.016286
7.333333,0.042517,0.028212,0.033822,-0.617246,-1.091383,1.366936,-1.275726,0.014147,-0.007349,-0.469059,-1.371288,-1.391674,1.169373,-0.000120,-0.003865
7.366667,0.068363,0.021490,0.035129,-0.620518,-1.090385,1.332757,-1.273849,0.008315,-0.003843,-0.517630,-1.380319,-1.388113,1.241734,-0.001617,-0.038245
7.400000,0.054209,0.029022,0.035917,-0.614420,-1.095355,1.328666,-1.277257,0.020336,0.007356,-0.526201,-1.380319,-1.399373,1.277456,-0.004087,-0.035040
7.433333,0.049393,0.027923,0.052244,-0.599526,-1.094976,1.348481,-1.280664,0.002636,-0.003693,-0.528087,-1.361565,-1.430720,1.284678,0.009804,-0.035182
7.466667,0.059803,0.033546,0.059657,-0.566970,-1.067546,1.378838,-1.250297,0.018308,0.010838,-0.516016,-1.352823,-1.445981,1.276889,0.002272,-0.031924
7.500000,0.073401,0.044042,0.063940,-0.531751,-1.064626,1.391005,-1.242369,0.012738,-0.007599,-0.503600,-1.339952,-1.467243,1.248004,-0.000422,-0.022508
7.533333,0.046999,0.051014,0.056931,-0.498140,-1.079957,1.403172,-1.251100,0.003148,-0.017346,-0.451184,-1.316763,-1.482262,1.213039,0.011300,0.007529
7.566667,0.029762,0.064665,0.046455,-0.494877,-1.070777,1.410869,-1.270100,0.002397,-0.005554,-0.438768,-1.303892,-1.485235,1.218073,0.008425,0.027093
7.600000,0.030538,0.073261,0.040336,-0.516269,-1.083608,1.397839,-1.289099,0.002004,0.007883,-0.440657,-1.322646,-1.492580,1.234242,0.013218,0.040048
7.633333,0.005643,0.061532,0.023821,-0.535191,-1.101796,1.351273,-1.325437,-0.000250,-0.003591,-0.455978,-1.332646,-1.480510,1.240166,0.026063,0.032712
7.666667,0.007003,0.056438,-0.013468,-0.523972,-1.104195,1.344707,-1.321776,0.012394,0.006246,-0.456663,-1.345516,-1.493784,1.267187,0.031031,0.030430
7.700000,0.012700,0.056810,-0.010758,-0.536448,-1.090770,1.359756,-1.311929,0.024247,0.010168,-0.488263,-1.364963,-1.507807,1.260288,0.039756,0.027997
7.733333,0.038408,0.041272,-0.004496,-0.511638,-1.085123,1.352775,-1.283878,0.019995,0.000533,-0.507343,-1.377834,-1.512311,1.213390,0.039917,0.003262
7.766667,0.026414,0.043032,-0.010428,-0.502173,-1.091369,1.366521,-1.266600,0.019394,0.005401,-0.523368,-1.377834,-1.486632,1.195357,0.041896,0.008134
7.800000,0.034732,0.043032,0.000414,-0.505140,-1.098773,1.391374,-1.271984,0.013454,0.006488,-0.510576,-1.383524,-1.487602,1.178734,0.042661,0.005825
7.833333,0.035471,0.044620,0.025882,-0.542167,-1.092738,1.391994,-1.281126,0.001929,0.012850,-0.520863,-1.370841,-1.476947,1.122112,0.044027,0.013312
7.866667,0.031872,0.049869,0.022503,-0.555796,-1.077334,1.394560,-1.257454,0.011102,0.025799,-0.503631,-1.356536,-1.474785,1.085873,0.032205,-0.006339
7.900000,0.016666,0.053478,0.024159,-0.576605,-1.094151,1.431459,-1.251986,0.013552,0.022655,-0.489533,-1.348807,-1.478651,1.081039,0.038448,-0.005928
7.933333,0.021050,0.042238,0.033825,-0.596237,-1.082813,1.429813,-1.257010,0.024248,0.019151,-0.482263,-1.348807,-1.479252,1.066926,0.045827,-0.007385
7.966667,0.019508,0.058591,0.023529,-0.599868,-1.092820,1.410596,-1.251500,0.015676,0.021871,-0.514598,-1.341860,-1.469505,1.081203,0.031490,0.000637
8.000000,-0.005926,0.056648,0.014618,-0.582151,-1.106740,1.415613,-1.264850,0.016454,0.010477,-0.520394,-1.344145,-1.457202,1.099962,0.026602,-0.010342
8.033333,0.008639,0.048580,0.016623,-0.573442,-1.111488,1.397067,-1.286467,-0.003358,-0.009507,-0.548679,-1.360008,-1.443380,1.129817,0.022228,-0.016086
8.066667,0.019821,0.049887,0.002812,-0.590020,-1.081580,1.370294,-1.299009,-0.000388,0.000161,-0.569150,-1.366596,-1.434622,1.168266,-0.013455,-0.007485
8.100000,0.023067,0.052038,-0.004949,-0.571288,-1.079828,1.358529,-1.302640,-0.005357,-0.018898,-0.557440,-1.346930,-1.435310,1.176008,-0.036121,-0.012086
8.133333,0.026267,0.035685,-0.000909,-0.567747,-1.052909,1.377236,-1.295948,-0.010054,-0.025332,-0.529050,-1.327264,-1.427818,1.178500,-0.022421,-0.037228
8.166667,0.049686,0.026729,0.001942,-0.585953,-1.026383,1.355943,-1.306636,-0.017287,-0.043974,-0.526682,-1.313538,-1.396381,1.195249,-0.030048,-0.041356
8.200000,0.042956,0.027642,0.003878,-0.599656,-1.036187,1.353076,-1.315673,-0.004738,-0.038352,-0.505025,-1.304888,-1.370430,1.220520,-0.019182,-0.023214
8.233333,0.033573,0.037176,0.026278,-0.581173,-1.054795,1.358436,-1.297045,0.002208,-0.043227,-0.484339,-1.290727,-1.335422,1.245791,0.016976,-0.020038
8.266667,0.050238,0.055832,0.045996,-0.599176,-1.059672,1.347334,-1.266064,0.013550,-0.012919,-0.463653,-1.305544,-1.303835,1.311050,0.017953,-0.006525
8.300000,0.049231,0.064286,0.061992,-0.598133,-1.086174,1.305759,-1.255940,0.020710,-0.001459,-0.448877,-1.320361,-1.273514,1.360155,0.015248,0.012921
8.333333,0.036933,0.067509,0.052587,-0.566948,-1.097599,1.264184,-1.218729,0.044193,0.008741,-0.420819,-1.324667,-1.250938,1.424283,0.020803,0.024243
8.366667,0.027043,0.083615,0.057742,-0.554656,-1.109498,1.238054,-1.174902,0.034280,0.018941,-0.420570,-1.315865,-1.242093,1.480325,0.025166,0.031765
8.400000,0.032811,0.069461,0.058794,-0.545622,-1.141408,1.171924,-1.163030,0.023939,0.005898,-0.414760,-1.294060,-1.257590,1.501747,0.025376,0.028025
8.433333,0.021203,0.057966,0.033026,-0.520482,-1.166618,1.133597,-1.179722,0.013691,-0.007145,-0.441884,-1.247243,-1.256901,1.499650,0.042547,0.021497
8.466667,0.016751,0.059934,0.008588,-0.514630,-1.170316,1.106129,-1.190079,0.021335,-0.020188,-0.440173,-1.226212,-1.282321,1.500177,0.031238,0.036232
8.500000,0.008848,0.062814,0.020336,-0.523189,-1.198250,1.090325,-1.189805,0.010890,-0.008613,-0.451403,-1.216022,-1.316870,1.492230,0.031833,0.032287
8.533333,0.011428,0.052367,0.010055,-0.491748,-1.217317,1.055812,-1.211116,0.024463,-0.006820,-0.440996,-1.226406,-1.337248,1.454161,0.028098,0.027842
8.566667,0.004195,0.045913,0.004708,-0.494055,-1.241963,1.046248,-1.223023,0.040557,0.017782,-0.450406,-1.239606,-1.345783,1.450712,0.007653,0.037857
8.600000,0.000038,0.034385,0.010064,-0.487206,-1.247039,1.034687,-1.219604,0.038991,0.002385,-0.435924,-1.265091,-1.370001,1.439561,0.001114,0.021972
8.633333,0.010004,0.025483,0.030647,-0.490426,-1.242146,1.030189,-1.200937,0.029914,0.011119,-0.457078,-1.264789,-1.387913,1.418564,0.014900,-0.008125
8.666667,0.015020,0.030367,0.018834,-0.497684,-1.213016,1.054026,-1.200958,0.034636,0.019759,-0.480309,-1.268615,-1.407580,1.395851,0.007143,-0.021710
8.700000,0.016002,0.026214,0.022847,-0.518553,-1.192754,1.084734,-1.210440,0.026555,0.011969,-0.490772,-1.263123,-1.403719,1.386139,0.007951,-0.028106
8.733333,0.037667,0.026041,0.009466,-0.507971,-1.152683,1.127224,-1.194110,0.012945,0.000062,-0.503208,-1.282602,-1.412540,1.376426,0.019962,-0.044328
8.766667,0.044944,0.031103,-0.004837,-0.510069,-1.142835,1.143908,-1.204542,0.012215,-0.002655,-0.506602,-1.294050,-1.403301,1.357936,0.019850,-0.033035
8.800000,0.033929,0.036076,-0.010855,-0.511451,-1.138931,1.182670,-1.233467,0.011506,-0.002473,-0.492055,-1.325345,-1.390719,1.336303,0.014517,-0.026223
8.833333,0.028697,0.026526,0.003891,-0.517970,-1.135027,1.192289,-1.270953,0.009671,-0.010680,-0.479472,-1.327736,-1.363517,1.297489,0.008541,-0.000777
8.866667,0.026938,0.039002,0.011621,-0.550879,-1.121774,1.193576,-1.277394,0.012106,0.007322,-0.480095,-1.348373,-1.355871,1.283882,-0.000450,0.008978
8.900000,0.011052,0.042789,0.023418,-0.577178,-1.112643,1.198132,-1.317101,0.004860,0.004244,-0.457820,-1.335244,-1.345211,1.230275,0.002461,0.008846
8.933333,0.003854,0.036912,0.035453,-0.596059,-1.093290,1.242689,-1.336808,0.003310,0.011976,-0.455545,-1.332422,-1.353697,1.196654,0.001810,-0.001092
8.966667,0.017732,0.030419,0.041053,-0.595321,-1.067993,1.287245,-1.328084,0.022212,-0.000376,-0.475575,-1.309754,-1.371831,1.163034,0.015251,-0.007804
9.000000,0.032625,0.035842,0.041351,-0.606284,-1.077842,1.360945,-1.318847,0.014227,0.010442,-0.505883,-1.275989,-1.424085,1.143544,0.020208,-0.013055
9.033333,0.037176,0.025640,0.032102,-0.607220,-1.066360,1.460945,-1.334185,0.008169,-0.010305,-0.557990,-1.204826,-1.465822,1.109982,0.023136,-0.022643
9.066667,0.025232,0.032926,0.024230,-0.618712,-1.056296,1.560631,-1.339139,0.000396,-0.009331,-0.609722,-1.127428,-1.495686,1.113447,0.030023,-0.027169
9.100000,0.027946,0.036487,0.015450,-0.622087,-1.031042,1.623006,-1.339137,-0.016259,-0.019030,-0.649176,-1.068455,-1.526457,1.096925,0.026677,-0.022671
9.133333,0.014067,0.042172,0.007728,-0.648783,-1.045188,1.665470,-1.351383,-0.035395,-0.013519,-0.649880,-1.034812,-1.517229,1.080403,0.010276,-0.012851
9.166667,-0.015665,0.043755,-0.019244,-0.635991,-1.044204,1.707934,-1.345909,-0.029089,-0.039231,-0.610585,-1.001168,-1.468000,1.043358,0.018223,-0.025379
9.200000,-0.018711,0.047428,-0.034614,-0.633226,-1.040279,1.727515,-1.331195,-0.019303,-0.042797,-0.536284,-1.004922,-1.407430,0.980384,0.037021,-0.009999
9.233333,-0.009927,0.042666,-0.028240,-0.638269,-1.049997,1.707411,-1.325276,-0.010474,-0.049167,-0.460234,-1.044413,-1.328337,0.880384,0.026467,-0.001708
9.266667,-0.023094,0.044428,-0.039042,-0.631429,-1.079878,1.684617,-1.326926,0.010443,-0.062104,-0.384460,-1.048772,-1.228337,0.780384,0.007254,0.007424
9.300000,-0.032389,0.060576,-0.039587,-0.632246,-1.087361,1.670189,-1.333049,0.016567,-0.057198,-0.340310,-1.067802,-1.128338,0.720212,0.007696,0.030025
9.333333,-0.013778,0.059129,-0.019241,-0.647553,-1.086610,1.630748,-1.340561,0.010757,-0.044374,-0.305074,-1.109812,-1.028337,0.660039,0.002897,0.038367
9.366667,-0.000362,0.049775,-0.003358,-0.642946,-1.079478,1.576006,-1.332738,0.024054,-0.022131,-0.296218,-1.117962,-0.928337,0.599867,-0.030835,0.031492
9.400000,0.001916,0.066171,-0.004914,-0.627545,-1.073234,1.557505,-1.316066,0.025490,-0.019371,-0.272385,-1.090375,-0.853232,0.559391,-0.041803,0.050177
9.433333,0.014607,0.061545,0.013940,-0.641458,-1.065798,1.555456,-1.305740,0.022966,-0.000323,-0.275545,-1.099495,-0.778126,0.558916,-0.018214,0.038995
9.466667,0.033451,0.051163,0.018622,-0.631266,-1.053500,1.550695,-1.302273,0.025220,-0.000688,-0.285832,-1.097546,-0.732256,0.539441,-0.003400,0.019887
9.500000,0.037715,0.051600,0.012008,-0.646072,-1.069420,1.551872,-1.309635,0.026683,0.005365,-0.299560,-1.072617,-0.726385,0.535229,0.004493,0.038415
9.533333,0.028884,0.058579,0.014974,-0.644732,-1.100657,1.569445,-1.319167,0.007176,-0.008516,-0.305026,-1.081548,-0.737987,0.571017,0.020293,0.033087
9.566667,0.042439,0.051891,0.028355,-0.657611,-1.117396,1.558818,-1.324652,0.020372,0.001171,-0.344989,-1.129514,-0.762199,0.627109,0.034072,0.018660
9.600000,0.048320,0.057352,0.039257,-0.651536,-1.134383,1.554025,-1.301178,0.032717,0.018710,-0.389960,-1.144829,-0.826411,0.683200,0.021107,0.018163
9.633333,0.043280,0.048107,0.034696,-0.636538,-1.141125,1.542210,-1.282758,0.025290,0.017202,-0.399493,-1.131212,-0.901388,0.729959,0.008441,0.016190
9.666667,0.046285,0.050503,0.046624,-0.593290,-1.131182,1.549471,-1.240820,0.025776,0.019996,-0.436670,-1.137998,-0.976366,0.801455,-0.003736,-0.023421
9.700000,0.064318,0.045836,0.043772,-0.567211,-1.114390,1.556507,-1.225344,0.020362,0.002724,-0.492634,-1.144784,-1.073871,0.858982,0.000607,-0.027963
9.733333,0.055590,0.035764,0.036213,-0.542997,-1.109636,1.573019,-1.215600,0.003708,-0.002887,-0.514182,-1.112535,-1.160365,0.890835,0.001764,-0.031585
9.766667,0.049523,0.035962,0.014648,-0.510211,-1.088825,1.603192,-1.210285,-0.000320,-0.003240,-0.509067,-1.073099,-1.228375,0.905887,-0.006001,-0.027911
9.800000,0.038560,0.052274,0.024915,-0.510454,-1.078002,1.639041,-1.197232,0.007389,0.017271,-0.509407,-1.073663,-1.259236,0.909443,-0.005290,-0.009474
9.833333,0.029667,0.043212,0.019283,-0.512947,-1.077564,1.648056,-1.215220,0.008333,0.010368,-0.506628,-1.079133,-1.274955,0.900269,0.001568,0.008964
9.866667,0.007535,0.037364,0.004373,-0.497238,-1.083496,1.661368,-1.217669,0.032563,0.012256,-0.466944,-1.044604,-1.265116,0.904971,0.013149,0.028023
9.900000,0.005832,0.050589,0.000792,-0.495935,-1.086618,1.666878,-1.229380,0.035329,-0.002236,-0.454107,-1.050075,-1.253687,0.908075,0.021897,0.030438
9.933333,-0.003140,0.049076,0.009863,-0.519920,-1.089598,1.655896,-1.263903,0.023311,-0.032836,-0.450595,-1.055385,-1.220821,0.887980,0.041594,0.024350
9.966667,-0.008582,0.041062,-0.021067,-0.543904,-1.080696,1.660519,-1.308353,0.032271,-0.047838,-0.477065,-1.060695,-1.185103,0.898064,0.061292,0.011722
10.000000,0.002538,0.056947,-0.028822,-0.560541,-1.068766,1.668909,-1.327337,0.027180,-0.046876,-0.466654,-1.043493,-1.149374,0.882179,0.067539,0.018940
10.033333,0.004978,0.070650,-0.017292,-0.592418,-1.079386,1.655012,-1.346630,0.009221,-0.034081,-0.456243,-1.058376,-1.099202,0.832100,0.049578,0.006307
10.066667,-0.003900,0.075975,-0.025626,-0.584540,-1.079060,1.631403,-1.362510,-0.008056,-0.023792,-0.441296,-1.051164,-1.024126,0.789416,0.035327,0.002957
10.100000,-0.004254,0.081564,-0.020063,-0.589586,-1.107727,1.628337,-1.371167,-0.011110,-0.008764,-0.421006,-1.065511,-0.973907,0.775609,0.038389,0.023351
10.133333,0.005146,0.078101,0.008570,-0.580344,-1.136393,1.594456,-1.363041,-0.030746,-0.010248,-0.375612,-1.052615,-0.923688,0.731624,0.012053,0.020268
10.166667,-0.005767,0.088158,0.014962,-0.582676,-1.138660,1.583643,-1.349339,-0.039504,-0.003823,-0.355845,-1.039553,-0.871878,0.718559,-0.002837,0.030309
10.200000,-0.013011,0.081496,0.019642,-0.581275,-1.123635,1.584731,-1.357053,-0.031811,-0.005071,-0.342116,-1.028333,-0.857662,0.701933,-0.008296,0.046505
10.233333,0.006878,0.057369,0.025642,-0.596852,-1.102184,1.587935,-1.355487,-0.017796,-0.016964,-0.345996,-1.039207,-0.853505,0.701394,0.002652,0.047480
10.266667,0.021003,0.052334,0.015785,-0.579695,-1.055647,1.568790,-1.333904,0.005760,-0.009647,-0.349434,-1.048453,-0.833667,0.694745,-0.014662,0.031537
10.300000,0.033852,0.052424,0.005896,-0.554637,-1.046978,1.554004,-1.309415,0.010794,-0.020068,-0.372355,-1.044941,-0.853829,0.728095,-0.007316,0.040349
10.333333,0.039216,0.030994,0.019830,-0.536644,-1.052983,1.503054,-1.291232,0.026047,-0.019153,-0.394433,-1.078797,-0.890736,0.769222,0.007423,0.018154
10.366667,0.067564,0.023954,0.022251,-0.518918,-1.059033,1.440204,-1.257257,0.020413,-0.018699,-0.450473,-1.094712,-0.930049,0.848199,0.003879,-0.017300
10.400000,0.055912,0.033383,0.022994,-0.490827,-1.074649,1.400794,-1.227139,0.029569,-0.007037,-0.473744,-1.103675,-0.999303,0.906326,-0.000883,-0.016857
10.433333,0.052687,0.032854,0.040380,-0.455469,-1.085399,1.383734,-1.197021,0.009716,-0.017542,-0.499372,-1.092709,-1.099303,0.962636,0.011440,-0.024250
10.466667,0.065476,0.038823,0.047986,-0.411189,-1.062443,1.393129,-1.147292,0.024967,-0.003492,-0.509445,-1.083006,-1.199303,0.998298,0.002909,-0.023725
10.500000,0.080188,0.048487,0.052547,-0.374580,-1.060542,1.398686,-1.131257,0.017754,-0.024091,-0.522379,-1.063508,-1.295829,1.028021,-0.001229,-0.014984
10.533333,0.054899,0.056719,0.045437,-0.338723,-1.076532,1.404243,-1.126562,0.006378,-0.033766,-0.499403,-1.028024,-1.374628,1.057530,0.008388,0.012327
10.566667,0.039301,0.071145,0.035617,-0.336007,-1.065599,1.409904,-1.136928,0.006698,-0.023654,-0.509195,-0.997527,-1.438523,1.111678,0.003838,0.028582
10.600000,0.041677,0.080302,0.030016,-0.355200,-1.071697,1.389723,-1.147295,0.006874,-0.011219,-0.539754,-0.994296,-1.502417,1.181964,0.005045,0.040876
10.633333,0.015842,0.067202,0.014896,-0.372444,-1.086151,1.333845,-1.177156,0.004040,-0.022898,-0.582952,-0.989802,-1.545475,1.241080,0.016293,0.032340
10.666667,0.015882,0.062745,-0.022446,-0.356723,-1.083647,1.317967,-1.167018,0.017258,-0.013391,-0.604333,-0.995104,-1.592006,1.306137,0.021591,0.031021
10.700000,0.022238,0.064195,-0.019787,-0.365571,-1.063923,1.321121,-1.159749,0.029207,-0.009077,-0.655904,-1.000406,-1.637791,1.344062,0.029774,0.028117
10.733333,0.047363,0.047805,-0.012910,-0.335451,-1.050466,1.301253,-1.135260,0.025149,-0.019750,-0.699425,-1.001864,-1.669531,1.350782,0.029204,0.005421
10.766667,0.033634,0.049130,-0.018588,-0.323422,-1.053106,1.307227,-1.123396,0.023310,-0.015455,-0.727860,-0.993543,-1.672260,1.360416,0.032027,0.011111
10.800000,0.043342,0.050370,-0.007882,-0.324875,-1.053563,1.322661,-1.132037,0.017289,-0.015353,-0.728764,-0.985226,-1.691931,1.385949,0.032810,0.010853
10.833333,0.045441,0.052375,0.018059,-0.362195,-1.040952,1.315813,-1.147438,0.005916,-0.009324,-0.753438,-0.956879,-1.701741,1.373913,0.033564,0.018236
10.866667,0.041222,0.057257,0.016472,-0.378820,-1.017638,1.313683,-1.129862,0.015270,0.002113,-0.751320,-0.929963,-1.714275,1.374756,0.022654,0.001401
10.900000,0.026223,0.061308,0.018244,-0.404187,-1.028057,1.348913,-1.129506,0.017291,0.000101,-0.750812,-0.908857,-1.731457,1.397990,0.030509,0.002825
10.933333,0.032681,0.049944,0.029107,-0.428046,-1.008989,1.351604,-1.142277,0.029711,-0.004154,-0.759125,-0.903740,-1.746132,1.409927,0.038834,0.003290
10.966667,0.033271,0.066729,0.019848,-0.437245,-1.013601,1.340533,-1.143998,0.022435,-0.001934,-0.802785,-0.898621,-1.746837,1.429744,0.024748,0.011113
11.000000,0.008348,0.064816,0.011442,-0.423382,-1.024146,1.351743,-1.159687,0.024248,-0.013526,-0.816846,-0.899839,-1.741883,1.448161,0.020025,0.000226
11.033333,0.023426,0.056438,0.012477,-0.417010,-1.029026,1.341746,-1.184965,0.004309,-0.032711,-0.850084,-0.920244,-1.736379,1.469269,0.016009,-0.006534
11.066667,0.034412,0.057752,-0.002285,-0.434871,-0.997469,1.331174,-1.200973,0.008164,-0.023460,-0.873086,-0.934079,-1.737639,1.495264,-0.019617,0.002105
11.100000,0.036994,0.060459,-0.011841,-0.419244,-0.995399,1.328820,-1.203412,0.003060,-0.041319,-0.862354,-0.917435,-1.749658,1.492556,-0.041947,-0.004357
11.133333,0.037274,0.042434,-0.009031,-0.418082,-0.970521,1.359612,-1.198059,-0.002895,-0.047984,-0.834589,-0.907711,-1.756337,1.473912,-0.028330,-0.029818
11.166667,0.060353,0.033805,-0.006758,-0.441428,-0.943937,1.356859,-1.211977,-0.010534,-0.065306,-0.835344,-0.911415,-1.751554,1.464475,-0.035784,-0.034613
11.200000,0.053127,0.034332,-0.005014,-0.459005,-0.951375,1.372822,-1.223096,0.002965,-0.058664,-0.817324,-0.919498,-1.756416,1.463736,-0.026158,-0.018828
11.233333,0.043354,0.043956,0.016685,-0.447165,-0.969577,1.389359,-1.207251,0.009591,-0.063180,-0.799629,-0.923242,-1.754693,1.453994,0.008397,-0.019002
11.266667,0.059382,0.062782,0.036166,-0.470321,-0.968794,1.415553,-1.179223,0.022534,-0.033467,-0.781934,-0.958106,-1.769154,1.476342,0.006325,-0.009554
11.300000,0.059783,0.072920,0.051849,-0.480129,-0.989685,1.408601,-1.170039,0.031024,-0.021422,-0.775190,-0.986050,-1.779629,1.482664,0.000705,0.006056
11.333333,0.047641,0.075916,0.042303,-0.457644,-0.996377,1.408265,-1.142015,0.054888,-0.007953,-0.752382,-0.999733,-1.778695,1.506911,0.003370,0.011835
11.366667,0.038888,0.092910,0.045964,-0.454132,-1.003473,1.426672,-1.106940,0.044955,0.005517,-0.748912,-0.997359,-1.781757,1.526071,0.005629,0.020677
11.400000,0.046841,0.077535,0.047253,-0.458875,-1.027166,1.410961,-1.108100,0.034660,-0.003378,-0.744714,-0.978149,-1.791253,1.518161,0.004318,0.016613
11.433333,0.035046,0.065760,0.022797,-0.446619,-1.050112,1.402848,-1.137060,0.023208,-0.014565,-0.766828,-0.931049,-1.765326,1.493756,0.022300,0.013021
11.466667,0.029116,0.067833,-0.001427,-0.446358,-1.051101,1.408731,-1.159707,0.030532,-0.025752,-0.755746,-0.905787,-1.765389,1.480304,0.013279,0.029963
11.500000,0.021244,0.070360,0.010383,-0.458294,-1.075834,1.413362,-1.161195,0.019545,-0.016180,-0.756227,-0.889321,-1.771924,1.464127,0.014401,0.029743
11.533333,0.022978,0.058958,0.001756,-0.430231,-1.093556,1.389060,-1.183522,0.033331,-0.016964,-0.734520,-0.896678,-1.757720,1.416111,0.012615,0.023518
11.566667,0.012901,0.052765,-0.003022,-0.427672,-1.120356,1.378704,-1.190591,0.050430,0.005267,-0.721778,-0.905557,-1.731643,1.398858,-0.005744,0.035207
11.600000,0.007562,0.041299,0.001958,-0.411736,-1.126887,1.354584,-1.182183,0.048462,-0.010210,-0.682724,-0.928427,-1.705566,1.366010,-0.010376,0.020336
11.633333,0.018162,0.031819,0.022734,-0.407392,-1.122493,1.332704,-1.159006,0.038116,-0.003466,-0.663422,-0.929459,-1.652933,1.322208,0.003831,-0.009238
11.666667,0.020479,0.035823,0.010098,-0.405837,-1.102478,1.339006,-1.159307,0.041844,0.005141,-0.620098,-0.936221,-1.592219,1.252971,-0.000071,-0.021285
11.700000,0.020279,0.029402,0.012169,-0.408346,-1.090601,1.368290,-1.171969,0.030909,-0.001132,-0.571735,-0.950219,-1.514902,1.183733,0.004382,-0.025718
11.733333,0.041367,0.027861,-0.002639,-0.382239,-1.062615,1.412416,-1.159888,0.014423,-0.012763,-0.528385,-0.990441,-1.427146,1.083733,0.019413,-0.040876
11.766667,0.047845,0.031051,-0.019100,-0.365604,-1.070167,1.437375,-1.170830,0.011093,-0.014917,-0.485035,-1.019782,-1.339390,0.983733,0.023328,-0.028702
11.800000,0.035097,0.034908,-0.028045,-0.328196,-1.088987,1.485268,-1.196661,0.009536,-0.012009,-0.421935,-1.069824,-1.239390,0.883733,0.022969,-0.019735
11.833333,0.029286,0.025266,-0.014354,-0.298917,-1.099683,1.493161,-1.227501,0.006423,-0.018773,-0.381567,-1.092822,-1.139390,0.783733,0.018226,0.005979
11.866667,0.024924,0.039397,-0.007299,-0.305574,-1.102916,1.467003,-1.225140,0.008434,-0.000299,-0.354105,-1.115821,-1.039390,0.723733,0.010420,0.018018
11.900000,0.008211,0.044357,0.004274,-0.302498,-1.107954,1.446175,-1.251667,0.000101,-0.003366,-0.306398,-1.105552,-0.939390,0.663733,0.014567,0.020113
11.933333,0.001115,0.039773,0.016570,-0.286103,-1.097455,1.459664,-1.262849,-0.001987,0.004091,-0.278690,-1.105942,-0.839390,0.610591,0.013436,0.011264
11.966667,0.015122,0.033186,0.027978,-0.300016,-1.115688,1.473980,-1.240222,0.015944,-0.000145,-0.290982,-1.125631,-0.779390,0.597449,0.022554,0.007068
12.000000,0.030254,0.037896,0.034347,-0.325794,-1.173921,1.528296,-1.199117,0.011645,0.018041,-0.320541,-1.166873,-0.759390,0.624306,0.024824,0.002913
12.033333,0.035353,0.025197,0.030569,-0.351571,-1.237694,1.615508,-1.182382,0.008355,0.006647,-0.377194,-1.200339,-0.779390,0.651164,0.024668,-0.006116
12.066667,0.024378,0.030360,0.027687,-0.417348,-1.295771,1.699077,-1.161258,0.003521,0.018016,-0.457194,-1.227073,-0.839390,0.718022,0.027646,-0.010795
12.100000,0.029190,0.032913,0.023958,-0.517348,-1.347048,1.755111,-1.136709,-0.009418,0.018462,-0.551095,-1.272076,-0.939390,0.818022,0.020289,-0.005683
12.133333,0.016989,0.038141,0.016997,-0.617348,-1.385125,1.784983,-1.130352,-0.026168,0.025576,-0.630344,-1.298369,-1.039390,0.904530,0.001233,0.002333
12.166667,-0.010181,0.040447,-0.010182,-0.708091,-1.403201,1.814856,-1.126071,-0.022426,0.001239,-0.686917,-1.290152,-1.139390,0.980642,0.005364,-0.008724
12.200000,-0.009099,0.047003,-0.023792,-0.798834,-1.393011,1.848206,-1.116152,-0.013121,-0.004996,-0.705349,-1.289711,-1.239390,1.027397,0.019368,0.006959
12.233333,0.001742,0.042980,-0.015808,-0.871607,-1.393011,1.845199,-1.115822,-0.005429,-0.013683,-0.721498,-1.312155,-1.339390,1.052801,0.005879,0.014199
12.266667,-0.009933,0.044176,-0.026185,-0.904381,-1.399810,1.835411,-1.125129,0.017186,-0.029473,-0.716817,-1.296330,-1.408694,1.057158,-0.017275,0.021156
12.300000,-0.016969,0.061121,-0.026171,-0.937155,-1.399810,1.841998,-1.137359,0.023321,-0.027521,-0.722075,-1.299216,-1.477998,1.075006,-0.018940,0.043516
12.333333,0.002864,0.059309,-0.003978,-0.961066,-1.399810,1.829959,-1.154949,0.017783,-0.018002,-0.717506,-1.323236,-1.535673,1.063250,-0.024193,0.050635
12.366667,0.015860,0.050562,0.011475,-0.965854,-1.390000,1.784300,-1.153809,0.030440,0.002996,-0.735594,-1.313338,-1.580328,1.048484,-0.058320,0.041709
12.400000,0.018242,0.069043,0.010080,-0.959136,-1.390000,1.777122,-1.144075,0.032131,0.005111,-0.715966,-1.280555,-1.624984,1.034585,-0.071047,0.060008
12.433333,0.030273,0.066091,0.030528,-0.980391,-1.390000,1.785090,-1.135954,0.025922,0.023027,-0.720392,-1.287773,-1.660335,1.038806,-0.046369,0.048800
12.466667,0.046972,0.056197,0.036057,-0.979483,-1.383045,1.792014,-1.141235,0.026631,0.021967,-0.729532,-1.289147,-1.681049,1.019947,-0.030764,0.029105
12.500000,0.051025,0.056062,0.030076,-0.996696,-1.383045,1.798822,-1.153316,0.028795,0.028961,-0.741289,-1.269387,-1.710051,1.011690,-0.022632,0.047592
12.533333,0.040417,0.062263,0.033338,-1.002283,-1.403045,1.824505,-1.170344,0.009236,0.015044,-0.740938,-1.283545,-1.712073,1.030435,-0.005817,0.043219
12.566667,0.053436,0.054809,0.046647,-1.023451,-1.403045,1.817852,-1.183610,0.022388,0.024301,-0.768606,-1.329331,-1.686506,1.067878,0.009397,0.029618
12.600000,0.058569,0.059293,0.056801,-1.036773,-1.403045,1.824655,-1.174488,0.037458,0.043765,-0.793806,-1.355116,-1.700939,1.079697,-0.003785,0.031059
12.633333,0.051424,0.048324,0.050742,-1.043430,-1.406460,1.818810,-1.170851,0.031620,0.043022,-0.779006,-1.346744,-1.695033,1.074596,-0.015100,0.029599
12.666667,0.050057,0.050903,0.060541,-1.022987,-1.406460,1.831707,-1.142968,0.033453,0.046379,-0.794091,-1.366746,-1.674011,1.085126,-0.023580,-0.010042
12.700000,0.068000,0.045465,0.056944,-1.016791,-1.398619,1.845823,-1.143166,0.029773,0.030646,-0.823282,-1.378374,-1.688107,1.087020,-0.019158,-0.015269
12.733333,0.057176,0.032997,0.047678,-1.009323,-1.398619,1.868756,-1.146988,0.013234,0.026153,-0.824455,-1.364696,-1.699609,1.060435,-0.015482,-0.017858
12.766667,0.050615,0.033716,0.024200,-0.982708,-1.397854,1.893924,-1.149868,0.007578,0.026078,-0.797407,-1.333399,-1.688012,1.045904,-0.020816,-0.015158
12.800000,0.041298,0.050506,0.033471,-0.984921,-1.391073,1.916515,-1.136935,0.015502,0.047340,-0.784369,-1.339543,-1.683396,1.032814,-0.018944,0.003148
12.833333,0.035338,0.042025,0.025385,-0.983067,-1.391073,1.907471,-1.153499,0.015352,0.040331,-0.767912,-1.341712,-1.681319,1.033491,-0.013807,0.021454
12.866667,0.013010,0.036139,0.009012,-0.957716,-1.396908,1.892334,-1.146013,0.040548,0.041673,-0.724941,-1.312254,-1.662362,1.048171,-0.000346,0.039709
12.900000,0.012063,0.050935,0.004983,-0.945456,-1.396908,1.870469,-1.145603,0.045892,0.026858,-0.711038,-1.316475,-1.661655,1.070534,0.007496,0.040114
12.933333,0.002583,0.047843,0.014420,-0.958203,-1.397178,1.833672,-1.162208,0.034455,-0.002890,-0.713603,-1.318315,-1.645348,1.069393,0.026381,0.031620
12.966667,-0.003645,0.040773,-0.016143,-0.966377,-1.387004,1.822932,-1.186856,0.043721,-0.017018,-0.742160,-1.322713,-1.629360,1.106811,0.045266,0.016938
13.000000,0.006768,0.055775,-0.022519,-0.968396,-1.379782,1.820215,-1.184927,0.037128,-0.017622,-0.734134,-1.311360,-1.629292,1.108840,0.049051,0.022183
13.033333,0.010590,0.069708,-0.010223,-0.987295,-1.381788,1.800744,-1.183788,0.018566,-0.003543,-0.746356,-1.334802,-1.622095,1.079337,0.027697,0.008527
13.066667,0.002692,0.077582,-0.018783,-0.971104,-1.381788,1.773039,-1.185482,0.000004,0.004606,-0.760701,-1.333837,-1.600745,1.053437,0.011336,0.004674
13.100000,0.003582,0.085308,-0.012186,-0.968928,-1.382283,1.769429,-1.181022,-0.003471,0.017712,-0.771010,-1.352152,-1.618093,1.057186,0.011245,0.025742
13.133333,0.014759,0.082597,0.017615,-0.953619,-1.396071,1.734208,-1.167854,-0.024667,0.013969,-0.756268,-1.342801,-1.623412,1.020935,-0.016186,0.023009
13.166667,0.005460,0.094578,0.024623,-0.952479,-1.402959,1.722599,-1.151766,-0.032790,0.020336,-0.765508,-1.326798,-1.618841,1.010197,-0.032208,0.033248
13.200000,-0.002084,0.088962,0.030315,-0.960227,-1.402959,1.738465,-1.165436,-0.027055,0.016385,-0.762394,-1.314877,-1.643158,0.990991,-0.039821,0.050410
13.233333,0.017909,0.064531,0.037824,-0.982956,-1.400298,1.757855,-1.167400,-0.014034,0.005045,-0.767608,-1.325300,-1.657063,0.980975,-0.030177,0.050879
13.266667,0.027572,0.058839,0.027849,-0.980000,-1.396051,1.760967,-1.154008,0.008962,0.011282,-0.772676,-1.335714,-1.642562,0.963412,-0.047848,0.030544
13.300000,0.039651,0.057315,0.017227,-0.981616,-1.402759,1.786457,-1.149545,0.015495,0.001128,-0.784222,-1.333794,-1.663127,0.972279,-0.042271,0.038859
13.333333,0.042342,0.034599,0.030748,-1.001893,-1.403092,1.793259,-1.161484,0.031435,0.002261,-0.786944,-1.369880,-1.655147,0.988280,-0.025457,0.017354
13.366667,0.068584,0.026282,0.033977,-1.013269,-1.403092,1.772586,-1.156067,0.026876,0.004849,-0.821771,-1.379230,-1.628490,1.044280,-0.025142,-0.019160
13.400000,0.054826,0.032491,0.034843,-1.017668,-1.405753,1.784624,-1.155616,0.036834,0.016008,-0.817082,-1.379230,-1.622097,1.070068,-0.025740,-0.016879
13.433333,0.054883,0.031392,0.051169,-1.008962,-1.404121,1.812941,-1.155165,0.017682,0.006670,-0.802986,-1.362191,-1.631812,1.073755,-0.011490,-0.018605
13.466667,0.065197,0.037935,0.058488,-0.984133,-1.384038,1.850489,-1.122261,0.032713,0.021980,-0.783315,-1.356697,-1.633000,1.063081,-0.017261,-0.016539
13.500000,0.079913,0.047772,0.062641,-0.957196,-1.383955,1.866725,-1.112957,0.027317,0.003461,-0.763946,-1.344277,-1.639655,1.034608,-0.020478,-0.007399
13.533333,0.054629,0.056056,0.053260,-0.931725,-1.383955,1.884772,-1.121483,0.016776,-0.005343,-0.704810,-1.319715,-1.638678,0.999264,-0.008811,0.022112
13.566667,0.037469,0.070584,0.041351,-0.935413,-1.367037,1.894935,-1.141483,0.018020,0.008322,-0.685673,-1.306566,-1.632328,1.003920,-0.013739,0.039402
13.600000,0.037273,0.079041,0.034983,-0.961751,-1.372916,1.884293,-1.161483,0.018850,0.022841,-0.684389,-1.324333,-1.637935,1.026137,-0.008940,0.051137
13.633333,0.011495,0.065706,0.018495,-0.983867,-1.389279,1.837109,-1.204917,0.015498,0.010421,-0.694541,-1.331580,-1.616711,1.041212,0.003580,0.043582
13.666667,0.011179,0.060885,-0.019803,-0.972584,-1.389362,1.829925,-1.208350,0.027565,0.020121,-0.694463,-1.344728,-1.628452,1.076830,0.010054,0.042262
13.700000,0.017655,0.061177,-0.018100,-0.982968,-1.389362,1.837563,-1.204821,0.039038,0.023920,-0.727017,-1.361575,-1.640971,1.088214,0.018839,0.038743
13.733333,0.045793,0.045222,-0.011721,-0.956683,-1.395316,1.820679,-1.183883,0.034075,0.013795,-0.748293,-1.371624,-1.642431,1.064233,0.019835,0.014397
13.766667,0.033931,0.047719,-0.017016,-0.946538,-1.395316,1.824600,-1.173972,0.032542,0.017359,-0.768738,-1.369176,-1.615038,1.062693,0.023040,0.020364
13.800000,0.043795,0.048258,-0.005279,-0.947384,-1.399036,1.832071,-1.180627,0.027087,0.018678,-0.763801,-1.365703,-1.624140,1.077252,0.024407,0.018023
13.833333,0.046266,0.050600,0.020868,-0.981341,-1.392971,1.812004,-1.190537,0.015162,0.024726,-0.784260,-1.342789,-1.624160,1.055237,0.025735,0.023382
13.866667,0.041943,0.056909,0.018402,-0.992795,-1.383500,1.792295,-1.167408,0.025393,0.035564,-0.777251,-1.316175,-1.629948,1.049089,0.015380,0.004906
13.900000,0.025152,0.061019,0.020571,-1.009487,-1.394464,1.808755,-1.161689,0.027434,0.032148,-0.773501,-1.296360,-1.645005,1.069715,0.022001,0.005367
13.933333,0.029889,0.049727,0.029388,-1.026179,-1.394464,1.790290,-1.164184,0.038709,0.028455,-0.777657,-1.289300,-1.658596,1.077678,0.029033,0.003310
13.966667,0.028991,0.067179,0.017744,-1.029873,-1.394464,1.766105,-1.155339,0.030914,0.030184,-0.818355,-1.282240,-1.657151,1.095825,0.014297,0.009966
14.000000,0.002877,0.065174,0.008944,-1.012515,-1.400530,1.769457,-1.166449,0.031505,0.018160,-0.828427,-1.285287,-1.647409,1.110546,0.008681,-0.001368
14.033333,0.016763,0.057186,0.011041,-1.003465,-1.406149,1.761059,-1.187685,0.009321,0.000354,-0.857934,-1.308545,-1.638487,1.125311,0.002389,-0.009564
14.066667,0.026209,0.058434,-0.003407,-1.018484,-1.386273,1.749035,-1.198616,0.012349,0.010726,-0.879650,-1.326525,-1.636613,1.143027,-0.034219,-0.002627
14.100000,0.029781,0.060534,-0.011247,-0.998925,-1.386273,1.751546,-1.203183,0.006514,-0.008184,-0.867121,-1.312776,-1.640784,1.133407,-0.058022,-0.008218
14.133333,0.033364,0.042544,-0.005996,-0.991123,-1.374244,1.784253,-1.201059,-0.000292,-0.013780,-0.838252,-1.304566,-1.641174,1.110968,-0.044535,-0.033559
14.166667,0.057625,0.034124,-0.002478,-1.005455,-1.353645,1.784126,-1.215727,-0.008708,-0.029590,-0.839603,-1.306714,-1.633000,1.099080,-0.052951,-0.039381
14.200000,0.050977,0.034046,-0.001031,-1.017404,-1.356896,1.802082,-1.230120,0.005148,-0.022395,-0.824157,-1.315019,-1.636245,1.097628,-0.043263,-0.022481
14.233333,0.044037,0.043788,0.020112,-1.003579,-1.370908,1.823667,-1.222353,0.012328,-0.025100,-0.809209,-1.319952,-1.632626,1.085854,-0.009287,-0.022244
14.266667,0.061444,0.063653,0.038715,-1.024332,-1.365273,1.857394,-1.201710,0.023616,0.007708,-0.794262,-1.343211,-1.642787,1.114080,-0.012883,-0.012407
14.300000,0.060053,0.074627,0.053904,-1.036619,-1.377302,1.859637,-1.199096,0.032078,0.021781,-0.787478,-1.360929,-1.653324,1.123912,-0.019089,0.003014
14.333333,0.047951,0.077397,0.043838,-1.023740,-1.377901,1.872840,-1.185766,0.055473,0.033903,-0.762400,-1.377659,-1.651751,1.146289,-0.014454,0.011148
14.366667,0.039690,0.093511,0.049103,-1.027439,-1.378500,1.902719,-1.162586,0.043453,0.046024,-0.760881,-1.375782,-1.657705,1.173423,-0.009946,0.018307
14.400000,0.047307,0.078481,0.051057,-1.038752,-1.384365,1.904994,-1.171870,0.032144,0.035572,-0.754486,-1.356838,-1.666725,1.176520,-0.009296,0.015072
14.433333,0.034498,0.065889,0.028469,-1.031865,-1.390000,1.904709,-1.215257,0.020268,0.024212,-0.776292,-1.324198,-1.646581,1.151738,0.012884,0.011179
14.466667,0.030080,0.066536,0.004148,-1.039544,-1.390000,1.919521,-1.252053,0.028703,0.012851,-0.767826,-1.316124,-1.648383,1.140130,0.005571,0.028936
14.500000,0.022540,0.068464,0.014727,-1.058758,-1.410000,1.931057,-1.262561,0.020153,0.023542,-0.775252,-1.302111,-1.663299,1.130069,0.006376,0.028367
14.533333,0.024661,0.057971,0.004003,-1.037974,-1.410000,1.914276,-1.291787,0.036122,0.023861,-0.763038,-1.311346,-1.664142,1.082939,0.002533,0.024271
14.566667,0.014863,0.052070,-0.000903,-1.040232,-1.410000,1.903712,-1.303272,0.053802,0.046038,-0.768081,-1.321820,-1.663600,1.075810,-0.017461,0.036710
14.600000,0.010971,0.039943,0.003213,-1.032228,-1.410000,1.884840,-1.290285,0.054270,0.029124,-0.753309,-1.340876,-1.677572,1.066603,-0.025450,0.021353
14.633333,0.020602,0.031404,0.025216,-1.028290,-1.390000,1.863112,-1.260520,0.044564,0.033947,-0.773845,-1.335366,-1.684243,1.051901,-0.012716,-0.008738
14.666667,0.025165,0.036910,0.015848,-1.021414,-1.368046,1.866534,-1.244195,0.048722,0.039822,-0.791156,-1.336786,-1.697326,1.042622,-0.018243,-0.020166
14.700000,0.024971,0.032085,0.021826,-1.029866,-1.366092,1.868154,-1.237032,0.040418,0.029436,-0.796515,-1.324898,-1.688531,1.043560,-0.016072,-0.024329
14.733333,0.047139,0.032429,0.009128,-1.010618,-1.366091,1.887562,-1.207610,0.025937,0.014798,-0.804802,-1.333369,-1.698663,1.044497,-0.002260,-0.039569
14.766667,0.054211,0.038177,-0.004145,-1.006285,-1.366091,1.886084,-1.201901,0.025605,0.008180,-0.804703,-1.335743,-1.695123,1.035391,-0.000299,-0.026622
14.800000,0.042108,0.042795,-0.010755,-1.003535,-1.386091,1.894037,-1.208800,0.025432,0.006802,-0.793250,-1.355120,-1.685128,1.037935,-0.005366,-0.017447
14.833333,0.035218,0.034178,0.004501,-1.009072,-1.388046,1.863906,-1.229989,0.024835,-0.001882,-0.787068,-1.347886,-1.662656,1.020783,-0.011687,0.008084
14.866667,0.032631,0.047988,0.012327,-1.039281,-1.390000,1.827900,-1.223298,0.026871,0.016065,-0.793010,-1.362949,-1.659809,1.030482,-0.019200,0.018322
14.900000,0.015611,0.052022,0.024811,-1.059668,-1.390000,1.795491,-1.243583,0.020298,0.011810,-0.774821,-1.348806,-1.645129,1.007204,-0.016291,0.019682
14.933333,0.008207,0.046790,0.036941,-1.066554,-1.390000,1.793904,-1.250524,0.018972,0.019535,-0.776632,-1.345872,-1.649607,1.003927,-0.017493,0.010460
14.966667,0.020293,0.039090,0.044338,-1.045414,-1.370000,1.770645,-1.228226,0.038320,0.011079,-0.754488,-1.346929,-1.627842,0.981320,0.001904,0.008414
15.000000,0.035472,0.039311,0.045660,-0.998364,-1.390000,1.745471,-1.175202,0.030602,0.024807,-0.702482,-1.348425,-1.597078,0.948343,0.012399,0.004839
15.033333,0.039932,0.024993,0.038732,-0.911313,-1.384127,1.716292,-1.122178,0.024045,0.007162,-0.638351,-1.343644,-1.542639,0.875367,0.021225,-0.001196
15.066667,0.026930,0.029653,0.033458,-0.824262,-1.384127,1.647114,-1.042178,0.015118,0.011399,-0.558351,-1.332189,-1.462639,0.799859,0.032801,-0.004031
15.100000,0.030082,0.030466,0.026324,-0.724262,-1.364170,1.547114,-0.942178,-0.003356,0.004616,-0.458351,-1.335068,-1.362639,0.708826,0.034176,0.002007
15.133333,0.018000,0.035554,0.020605,-0.624262,-1.379020,1.447114,-0.842178,-0.024632,0.009693,-0.358351,-1.338880,-1.262639,0.626151,0.015178,0.009098
15.166667,-0.011555,0.040359,-0.004435,-0.524262,-1.366947,1.347114,-0.742178,-0.022614,-0.016907,-0.277974,-1.328864,-1.162639,0.574631,0.019792,-0.002747
15.200000,-0.013573,0.045971,-0.018829,-0.430871,-1.348214,1.247114,-0.657505,-0.014051,-0.022809,-0.197597,-1.324519,-1.062639,0.533078,0.033148,0.011732
15.233333,-0.002136,0.040692,-0.011052,-0.340915,-1.343607,1.147114,-0.604475,-0.006436,-0.030414,-0.152021,-1.343331,-0.962639,0.504316,0.020415,0.016712
15.266667,-0.014406,0.041308,-0.018706,-0.250958,-1.363540,1.047114,-0.574510,0.013510,-0.046416,-0.120390,-1.327808,-0.862639,0.491736,0.001666,0.023812
15.300000,-0.023421,0.057226,-0.018224,-0.201002,-1.368690,0.947114,-0.568455,0.021375,-0.045075,-0.119628,-1.330359,-0.762639,0.510797,0.003200,0.044882
15.333333,-0.003774,0.054768,0.003258,-0.171832,-1.368857,0.847114,-0.573206,0.016968,-0.035700,-0.111227,-1.351629,-0.662639,0.498703,-0.002278,0.051397
15.366667,0.011498,0.047695,0.020048,-0.164033,-1.361558,0.747114,-0.562629,0.030166,-0.015650,-0.131675,-1.338463,-0.562639,0.487008,-0.035394,0.043469
15.400000,0.013958,0.067188,0.018368,-0.162509,-1.354259,0.647114,-0.541366,0.031546,-0.013555,-0.117324,-1.302140,-0.491498,0.474273,-0.046464,0.062262
15.433333,0.026857,0.064633,0.036135,-0.188050,-1.343079,0.547114,-0.523282,0.029157,0.007132,-0.119015,-1.305817,-0.420358,0.478434,-0.026455,0.050064
15.466667,0.046185,0.054886,0.039621,-0.188678,-1.324032,0.447114,-0.511509,0.027975,0.008787,-0.129837,-1.298413,-0.367328,0.462451,-0.014969,0.031675
15.500000,0.050073,0.055262,0.032311,-0.208519,-1.335937,0.347114,-0.510548,0.029059,0.018252,-0.131232,-1.272288,-0.346909,0.456788,-0.008635,0.050032
15.533333,0.039851,0.059749,0.033611,-0.211314,-1.361551,0.258184,-0.515087,0.009310,0.007465,-0.115438,-1.280292,-0.326490,0.480760,0.005849,0.044331
15.566667,0.053967,0.050674,0.045341,-0.230155,-1.371974,0.172881,-0.516544,0.022583,0.019775,-0.126995,-1.323402,-0.292058,0.528439,0.019503,0.030650
15.600000,0.058323,0.055774,0.054889,-0.240171,-1.382882,0.107558,-0.494734,0.035697,0.038715,-0.141252,-1.346111,-0.291269,0.549277,0.005744,0.033301
15.633333,0.052881,0.044941,0.049106,-0.250416,-1.382106,0.061666,-0.482704,0.028746,0.038940,-0.115510,-1.339901,-0.285094,0.552837,-0.007460,0.031191
15.666667,0.052692,0.044710,0.057398,-0.228002,-1.367066,0.055774,-0.449056,0.030652,0.042005,-0.127210,-1.350552,-0.267632,0.586078,-0.018530,-0.007666
15.700000,0.069483,0.038597,0.052813,-0.217673,-1.347637,0.042444,-0.443472,0.027262,0.025323,-0.147535,-1.361291,-0.277065,0.599921,-0.014068,-0.014130
15.733333,0.058021,0.026130,0.044262,-0.208734,-1.339763,0.055372,-0.451087,0.010379,0.018515,-0.142164,-1.336925,-0.292026,0.587262,-0.012505,-0.017645
15.766667,0.052649,0.024405,0.020611,-0.184029,-1.322491,0.088319,-0.463507,0.007197,0.017229,-0.123009,-1.301679,-0.294989,0.579950,-0.018393,-0.016461
15.800000,0.039982,0.040084,0.029264,-0.184010,-1.317691,0.125918,-0.463478,0.015730,0.036599,-0.118671,-1.305171,-0.299955,0.570060,-0.015703,0.001873
15.833333,0.032770,0.033248,0.025791,-0.187255,-1.324479,0.139296,-0.492410,0.017173,0.028961,-0.113448,-1.322659,-0.312568,0.553421,-0.006728,0.020208
15.866667,0.009219,0.029228,0.012204,-0.169409,-1.338379,0.179566,-0.499204,0.039517,0.031076,-0.087938,-1.300974,-0.326181,0.556179,0.007215,0.041795
15.900000,0.005854,0.045125,0.009220,-0.164420,-1.347736,0.202013,-0.510014,0.042330,0.016820,-0.096446,-1.319290,-0.344929,0.560480,0.017874,0.044760
15.933333,-0.005096,0.044781,0.020865,-0.187029,-1.355474,0.212530,-0.533470,0.031147,-0.012801,-0.111491,-1.333630,-0.349691,0.548724,0.036628,0.038170
15.966667,-0.009500,0.038735,-0.007489,-0.205579,-1.350268,0.238964,-0.564381,0.041989,-0.028017,-0.151720,-1.349234,-0.355952,0.576285,0.055382,0.024337
16.000000,0.002164,0.054413,-0.016127,-0.221578,-1.341495,0.280521,-0.568044,0.035675,-0.028107,-0.152834,-1.340280,-0.373243,0.573094,0.060630,0.029451
16.033333,0.006127,0.069591,-0.004188,-0.256931,-1.353317,0.292003,-0.566382,0.018916,-0.014965,-0.183873,-1.365530,-0.384906,0.536290,0.041152,0.016079
16.066667,-0.000481,0.075595,-0.009762,-0.255623,-1.353317,0.293549,-0.561891,0.002156,-0.005681,-0.210808,-1.364205,-0.388484,0.508523,0.027228,0.009144
16.100000,0.001288,0.082086,-0.004309,-0.264239,-1.363146,0.307024,-0.561603,-0.002271,0.008692,-0.232743,-1.377800,-0.424405,0.514295,0.030870,0.029834
16.133333,0.011921,0.079534,0.025057,-0.261456,-1.377761,0.302039,-0.548153,-0.024729,0.007217,-0.227895,-1.363508,-0.446969,0.480749,0.007849,0.028402
16.166667,0.001463,0.091361,0.032946,-0.269593,-1.385562,0.306151,-0.532987,-0.033633,0.013361,-0.248366,-1.343435,-0.463071,0.479467,-0.007007,0.039073
16.200000,-0.005479,0.083688,0.039233,-0.273880,-1.375909,0.317036,-0.545627,-0.026862,0.008701,-0.238912,-1.327532,-0.478430,0.471798,-0.010666,0.054843
16.233333,0.014224,0.060046,0.043662,-0.295336,-1.363774,0.333068,-0.554387,-0.012721,-0.003754,-0.237892,-1.334909,-0.484464,0.465939,-0.000994,0.058003
16.266667,0.027256,0.056402,0.035012,-0.288696,-1.344668,0.318797,-0.538515,0.010527,0.002738,-0.228808,-1.342620,-0.455099,0.455133,-0.016982,0.038982
16.300000,0.039906,0.054938,0.025554,-0.281222,-1.356716,0.316589,-0.536915,0.017038,-0.008685,-0.230639,-1.338218,-0.460485,0.464825,-0.009925,0.045998
16.333333,0.043389,0.031761,0.038709,-0.286401,-1.357716,0.291006,-0.553581,0.032990,-0.007310,-0.220760,-1.373296,-0.432332,0.478041,0.006515,0.025841
16.366667,0.069944,0.024256,0.038198,-0.289175,-1.361129,0.258202,-0.557619,0.028065,-0.004971,-0.250880,-1.385535,-0.393107,0.531256,0.003729,-0.009918
16.400000,0.056498,0.031221,0.036368,-0.281471,-1.371941,0.244865,-0.561771,0.039728,0.005348,-0.241001,-1.385535,-0.368664,0.558632,0.000487,-0.007727
16.433333,0.052633,0.028461,0.051774,-0.263998,-1.376120,0.261831,-0.565923,0.021574,-0.005603,-0.227458,-1.374080,-0.375336,0.557416,0.014327,-0.010727
16.466667,0.064054,0.033691,0.056524,-0.231575,-1.349060,0.285195,-0.536984,0.038189,0.008958,-0.203437,-1.374265,-0.366049,0.543755,0.004850,-0.008896
16.500000,0.078591,0.044082,0.060563,-0.202703,-1.347056,0.291933,-0.529780,0.032970,-0.010859,-0.183970,-1.370059,-0.365320,0.509895,0.001552,-0.000882
16.533333,0.053127,0.050717,0.053809,-0.174859,-1.353297,0.305732,-0.541299,0.022786,-0.020409,-0.124504,-1.350319,-0.363491,0.468399,0.012416,0.028351
16.566667,0.036455,0.064131,0.043904,-0.176986,-1.334619,0.316691,-0.564323,0.021278,-0.008041,-0.105037,-1.346113,-0.354077,0.466903,0.008472,0.046347
16.600000,0.036868,0.073266,0.037696,-0.200119,-1.343711,0.314055,-0.587348,0.021256,0.005104,-0.103267,-1.357568,-0.348948,0.483035,0.011373,0.059300
16.633333,0.010186,0.061996,0.022598,-0.223033,-1.361139,0.280020,-0.635747,0.018678,-0.005677,-0.116287,-1.368382,-0.329096,0.498269,0.024569,0.051462
16.666667,0.010646,0.056826,-0.014919,-0.210768,-1.361349,0.285986,-0.644147,0.031379,0.004558,-0.114242,-1.372587,-0.340685,0.535417,0.029900,0.049694
16.700000,0.017449,0.057681,-0.012437,-0.222446,-1.351871,0.294788,-0.644469,0.042586,0.009915,-0.141997,-1.390540,-0.351474,0.544848,0.038491,0.047141
16.733333,0.044254,0.042426,-0.004132,-0.194125,-1.348536,0.283559,-0.629959,0.038871,0.000067,-0.158774,-1.394746,-0.353442,0.517999,0.039606,0.023272
16.766667,0.033211,0.043324,-0.009344,-0.181382,-1.351036,0.285925,-0.625872,0.037141,0.005655,-0.171460,-1.394746,-0.325799,0.513521,0.041066,0.027829
16.800000,0.042187,0.043701,0.002292,-0.175590,-1.354145,0.284249,-0.633386,0.028897,0.006104,-0.156158,-1.392670,-0.320659,0.518660,0.041860,0.026300
16.833333,0.044254,0.046691,0.028326,-0.204523,-1.344487,0.257705,-0.648107,0.016195,0.012326,-0.168362,-1.378618,-0.307522,0.486119,0.043063,0.033394
16.866667,0.039977,0.052639,0.026894,-0.210105,-1.327816,0.240646,-0.630905,0.024641,0.023031,-0.154638,-1.353646,-0.302880,0.472371,0.032114,0.014662
16.900000,0.023897,0.056238,0.028096,-0.220622,-1.345000,0.258996,-0.628535,0.027017,0.019951,-0.141204,-1.342421,-0.302412,0.483237,0.037787,0.015410
16.933333,0.026447,0.045034,0.038129,-0.232421,-1.334366,0.237347,-0.635798,0.037419,0.015326,-0.138210,-1.342421,-0.303356,0.482440,0.046113,0.016144
16.966667,0.026032,0.061953,0.027757,-0.229008,-1.344055,0.211138,-0.626705,0.030259,0.016830,-0.169419,-1.333498,-0.288127,0.491705,0.031745,0.024750
17.000000,0.000301,0.058790,0.018800,-0.205950,-1.361459,0.209796,-0.633699,0.032139,0.004161,-0.170022,-1.340928,-0.269955,0.498649,0.026869,0.013947
17.033333,0.014569,0.050510,0.019141,-0.191965,-1.370756,0.189073,-0.648283,0.012251,-0.014740,-0.194942,-1.366970,-0.256620,0.510978,0.022021,0.007085
17.066667,0.027542,0.051181,0.003760,-0.206585,-1.343858,0.164216,-0.650179,0.014744,-0.004651,-0.214634,-1.378195,-0.254864,0.527449,-0.013630,0.015224
17.100000,0.032073,0.053382,-0.005322,-0.184854,-1.344778,0.159121,-0.647463,0.009256,-0.023749,-0.201565,-1.369673,-0.262417,0.515581,-0.036207,0.009603
17.133333,0.034009,0.036086,-0.001902,-0.182205,-1.319560,0.193046,-0.641652,0.003765,-0.029307,-0.179347,-1.365793,-0.280023,0.497741,-0.023301,-0.016007
17.166667,0.057589,0.026710,-0.000141,-0.198766,-1.287627,0.191117,-0.652546,-0.003468,-0.045185,-0.187242,-1.366812,-0.278729,0.485447,-0.032348,-0.020344
17.200000,0.050591,0.027383,0.002342,-0.210367,-1.290276,0.207729,-0.661290,0.009787,-0.037849,-0.172628,-1.371880,-0.286193,0.481645,-0.022691,-0.004112
17.233333,0.038416,0.037529,0.025423,-0.194907,-1.301771,0.229199,-0.649389,0.015611,-0.040870,-0.159442,-1.371880,-0.290923,0.474472,0.010574,-0.003093
17.266667,0.053902,0.056586,0.048242,-0.215797,-1.294585,0.257471,-0.622046,0.026977,-0.008101,-0.146256,-1.380402,-0.296347,0.503276,0.009072,0.005646
17.300000,0.052710,0.065439,0.064776,-0.224391,-1.309535,0.247965,-0.614154,0.034750,0.004998,-0.138191,-1.394584,-0.299946,0.511220,0.004939,0.021464
17.333333,0.040003,0.069738,0.057279,-0.203971,-1.313471,0.252115,-0.594249,0.055077,0.016267,-0.111636,-1.400186,-0.296789,0.537108,0.010710,0.029202
17.366667,0.031492,0.085597,0.062279,-0.202788,-1.317407,0.277722,-0.568906,0.042875,0.027536,-0.109925,-1.398508,-0.302988,0.565678,0.015017,0.036522
17.400000,0.039205,0.070777,0.064414,-0.209144,-1.336852,0.274473,-0.576894,0.032725,0.015978,-0.103100,-1.391302,-0.304318,0.565146,0.016207,0.031804
17.433333,0.028758,0.059030,0.036102,-0.202179,-1.351900,0.284572,-0.622804,0.023212,0.003535,-0.131032,-1.366841,-0.290718,0.545847,0.033782,0.027064
17.466667,0.026122,0.059906,0.009983,-0.205049,-1.350494,0.299410,-0.659824,0.030691,-0.008909,-0.128333,-1.358322,-0.295621,0.533314,0.024523,0.040827
17.500000,0.019193,0.061851,0.021071,-0.224113,-1.371554,0.311030,-0.670643,0.022062,0.001341,-0.137314,-1.355709,-0.302788,0.522425,0.024775,0.037744
17.533333,0.020373,0.051036,0.011183,-0.203178,-1.381822,0.297242,-0.700606,0.036750,0.001592,-0.130557,-1.357503,-0.300944,0.478008,0.021734,0.034025
17.566667,0.013015,0.044477,0.006340,-0.203376,-1.383931,0.287675,-0.711211,0.052042,0.023830,-0.137136,-1.364708,-0.297602,0.473591,0.001986,0.046065
17.600000,0.008900,0.033527,0.011445,-0.192883,-1.386847,0.263867,-0.698761,0.050119,0.006953,-0.120074,-1.386437,-0.303998,0.465346,-0.003013,0.031951
17.633333,0.017144,0.025529,0.032856,-0.193060,-1.376250,0.249050,-0.673710,0.039608,0.012897,-0.140178,-1.381921,-0.310393,0.462967,0.009106,0.005522
17.666667,0.021241,0.030723,0.021012,-0.187685,-1.352141,0.259650,-0.659928,0.045352,0.019365,-0.163179,-1.381800,-0.328840,0.466136,0.002810,-0.005428
17.700000,0.022543,0.026568,0.024967,-0.197286,-1.338825,0.259067,-0.656285,0.038456,0.009816,-0.171391,-1.374319,-0.318996,0.476919,0.003499,-0.010216
17.733333,0.044984,0.028530,0.010384,-0.179730,-1.332279,0.274981,-0.631999,0.025496,-0.002979,-0.185870,-1.374319,-0.331525,0.487703,0.015227,-0.024417
17.766667,0.052566,0.032806,-0.003563,-0.174289,-1.334551,0.265221,-0.622734,0.024895,-0.007669,-0.189234,-1.373104,-0.329877,0.485105,0.015329,-0.012440
17.800000,0.041868,0.037885,-0.009244,-0.167178,-1.356483,0.262008,-0.625438,0.026465,-0.008899,-0.175617,-1.387282,-0.318538,0.496816,0.012217,-0.004081
17.833333,0.036375,0.028255,0.005713,-0.172249,-1.369459,0.224280,-0.642757,0.024823,-0.016374,-0.164541,-1.374420,-0.298384,0.489953,0.006338,0.021896
17.866667,0.033775,0.041718,0.012611,-0.202344,-1.373888,0.187987,-0.630794,0.026356,0.002169,-0.168030,-1.381902,-0.299378,0.509002,-0.000875,0.031026
17.900000,0.016064,0.044823,0.024969,-0.224445,-1.377200,0.159833,-0.646362,0.020661,-0.003442,-0.148822,-1.370911,-0.294198,0.494601,0.003699,0.030871
17.933333,0.008129,0.039980,0.037450,-0.234112,-1.373967,0.166357,-0.652044,0.019945,0.002842,-0.149614,-1.363867,-0.306582,0.500199,0.003531,0.021655
17.966667,0.019058,0.033170,0.042232,-0.257880,-1.351074,0.191365,-0.667247,0.035994,-0.000291,-0.170220,-1.341432,-0.328656,0.518855,0.020887,0.011387
18.000000,0.030722,0.039228,0.043224,-0.293550,-1.328180,0.250887,-0.694779,0.025478,0.017976,-0.202088,-1.306035,-0.381827,0.565404,0.029836,0.001244
18.033333,0.031475,0.027014,0.034489,-0.329220,-1.283214,0.345566,-0.762310,0.018441,0.007342,-0.259391,-1.250306,-0.451151,0.611953,0.035379,-0.010379
18.066667,0.016560,0.033154,0.026359,-0.404891,-1.235285,0.440245,-0.842311,0.009032,0.020184,-0.339391,-1.185567,-0.531151,0.691953,0.045493,-0.019110
18.100000,0.017260,0.036230,0.017631,-0.504891,-1.169231,0.540245,-0.942311,-0.009866,0.021488,-0.439391,-1.138813,-0.631151,0.791954,0.045415,-0.018463
18.133333,0.004975,0.042043,0.011698,-0.604891,-1.136312,0.640245,-1.042310,-0.029299,0.027275,-0.539391,-1.112337,-0.731151,0.891953,0.026557,-0.010298
18.166667,-0.022714,0.043445,-0.015035,-0.704891,-1.118102,0.740245,-1.142311,-0.024944,0.002168,-0.629545,-1.085860,-0.831151,0.991953,0.031874,-0.022980
18.200000,-0.021319,0.049880,-0.028799,-0.804891,-1.097178,0.840245,-1.229296,-0.016032,-0.005798,-0.682014,-1.084122,-0.931151,1.091954,0.048084,-0.009716
18.233333,-0.009657,0.045601,-0.020510,-0.904891,-1.093564,0.940245,-1.310981,-0.009143,-0.015291,-0.732249,-1.107179,-1.031151,1.181498,0.035547,-0.003924
18.266667,-0.021657,0.048956,-0.030054,-0.964891,-1.110939,1.040245,-1.378070,0.006969,-0.030694,-0.751358,-1.092252,-1.131151,1.246210,0.013203,0.003200
18.300000,-0.027922,0.066170,-0.030210,-1.024891,-1.116500,1.140245,-1.423423,0.013434,-0.027443,-0.770466,-1.097047,-1.231151,1.310921,0.012193,0.021475
18.333333,-0.007875,0.064491,-0.008788,-1.076527,-1.117559,1.240245,-1.446544,0.007852,-0.017659,-0.766615,-1.122012,-1.331151,1.339803,0.006888,0.025685
18.366667,0.004222,0.054594,0.006695,-1.106715,-1.111952,1.340245,-1.442678,0.020381,0.003885,-0.784254,-1.111723,-1.431151,1.335116,-0.028218,0.017394
18.400000,0.005372,0.071651,0.005497,-1.108870,-1.106344,1.440245,-1.426250,0.021347,0.005121,-0.764128,-1.076640,-1.531151,1.320151,-0.041422,0.035742
18.433333,0.017735,0.066196,0.025623,-1.138970,-1.100425,1.540245,-1.412714,0.022031,0.022421,-0.773079,-1.081556,-1.615904,1.327057,-0.017851,0.023379
18.466667,0.033989,0.055234,0.031933,-1.147841,-1.084073,1.640245,-1.416774,0.022155,0.019467,-0.782030,-1.075898,-1.692942,1.313568,-0.003279,0.007625
18.500000,0.037755,0.055628,0.025864,-1.165077,-1.097514,1.729284,-1.427169,0.025050,0.024912,-0.792481,-1.050070,-1.765641,1.305462,0.004436,0.029281
18.533333,0.028479,0.063303,0.029541,-1.171201,-1.125778,1.798892,-1.442015,0.005520,0.010336,-0.791583,-1.059496,-1.798339,1.327109,0.021061,0.025567
18.566667,0.043168,0.056430,0.042320,-1.191865,-1.138858,1.835184,-1.455272,0.019503,0.019612,-0.819392,-1.108922,-1.802067,1.368123,0.036353,0.011946
18.600000,0.049196,0.060609,0.051953,-1.206192,-1.150677,1.858124,-1.445155,0.034059,0.037783,-0.843723,-1.134019,-1.821042,1.385741,0.022855,0.013181
18.633333,0.042798,0.049939,0.044943,-1.209758,-1.154453,1.856147,-1.439178,0.028412,0.037325,-0.828054,-1.129690,-1.813417,1.383756,0.011680,0.010904
18.666667,0.043327,0.051889,0.055582,-1.187267,-1.142819,1.865131,-1.409099,0.028340,0.040239,-0.843691,-1.148032,-1.793838,1.398908,0.000958,-0.028785
18.700000,0.060579,0.045712,0.051673,-1.181654,-1.124835,1.879140,-1.408498,0.023713,0.023175,-0.876256,-1.166374,-1.811180,1.405057,0.005847,-0.034793
18.733333,0.049828,0.033998,0.042841,-1.174484,-1.118778,1.902854,-1.410500,0.006961,0.017739,-0.880115,-1.144942,-1.829190,1.381436,0.009127,-0.038108
18.766667,0.043300,0.034841,0.019714,-1.146564,-1.101563,1.931683,-1.410879,0.002226,0.016298,-0.856544,-1.112135,-1.824373,1.367467,0.004422,-0.035127
18.800000,0.032898,0.052287,0.029583,-1.150637,-1.092754,1.959686,-1.396646,0.009420,0.036713,-0.846272,-1.118108,-1.826439,1.353780,0.006393,-0.016079
18.833333,0.024557,0.043000,0.022027,-1.151576,-1.091846,1.958202,-1.410339,0.011549,0.029717,-0.832863,-1.126435,-1.830704,1.353242,0.012756,0.002968
18.866667,0.002654,0.036994,0.006373,-1.128196,-1.097412,1.946428,-1.398688,0.037510,0.031567,-0.790068,-1.094761,-1.813444,1.365522,0.024482,0.021788
18.900000,0.000924,0.051074,0.002287,-1.116763,-1.101699,1.928130,-1.396130,0.042083,0.017711,-0.777154,-1.102863,-1.813301,1.385727,0.031310,0.022842
18.933333,-0.009302,0.048599,0.011142,-1.128977,-1.103281,1.893207,-1.411919,0.029210,-0.010177,-0.779778,-1.106667,-1.796822,1.382637,0.049981,0.014699
18.966667,-0.014253,0.041075,-0.020002,-1.137352,-1.093612,1.884028,-1.435580,0.038237,-0.023827,-0.809104,-1.111692,-1.778497,1.419263,0.068652,-0.001492
19.000000,-0.002018,0.057650,-0.026809,-1.138343,-1.085044,1.883955,-1.434451,0.031341,-0.024179,-0.801567,-1.100248,-1.774268,1.425088,0.073527,0.002993
19.033333,0.003641,0.072153,-0.014904,-1.157857,-1.099389,1.868578,-1.436748,0.012096,-0.011142,-0.813810,-1.121561,-1.766715,1.401631,0.054954,-0.013804
19.066667,-0.003738,0.080835,-0.023901,-1.141275,-1.101290,1.843335,-1.438082,-0.007148,-0.003950,-0.826591,-1.116007,-1.745626,1.384029,0.040359,-0.022505
19.100000,-0.001329,0.087207,-0.016385,-1.140185,-1.135532,1.842953,-1.436144,-0.010939,0.007442,-0.837552,-1.129822,-1.763700,1.396061,0.040356,-0.003221
19.133333,0.009538,0.084093,0.013799,-1.126238,-1.169775,1.814902,-1.423213,-0.032352,0.003681,-0.823629,-1.116270,-1.771446,1.368092,0.013074,-0.006580
19.166667,-0.001108,0.095076,0.020429,-1.125131,-1.175540,1.807231,-1.407147,-0.043387,0.009808,-0.832743,-1.096441,-1.767424,1.358188,-0.003643,0.001471
19.200000,-0.009593,0.088777,0.025649,-1.129525,-1.162197,1.820750,-1.419068,-0.038927,0.007742,-0.828374,-1.079421,-1.790004,1.338769,-0.011886,0.017694
19.233333,0.010940,0.062820,0.032873,-1.150876,-1.143741,1.839062,-1.425439,-0.025782,-0.002216,-0.833587,-1.089268,-1.799728,1.328218,-0.002980,0.020522
19.266667,0.021047,0.057700,0.022345,-1.144910,-1.098847,1.837389,-1.413432,-0.002685,0.005909,-0.834645,-1.096759,-1.771269,1.310276,-0.020508,-0.001950
19.300000,0.033057,0.056350,0.011746,-1.142316,-1.086672,1.855494,-1.411444,0.003927,-0.004486,-0.844816,-1.091617,-1.782414,1.315168,-0.015069,0.006185
19.333333,0.036772,0.033146,0.026733,-1.160019,-1.087285,1.855412,-1.425699,0.021376,-0.003355,-0.847514,-1.124196,-1.772242,1.329194,0.001075,-0.013941
19.366667,0.062738,0.024943,0.030676,-1.171258,-1.089410,1.834141,-1.423232,0.018765,-0.000354,-0.883916,-1.138156,-1.744417,1.382016,-0.000271,-0.046932
19.400000,0.048703,0.031616,0.032008,-1.175295,-1.100837,1.844708,-1.424192,0.029315,0.010391,-0.880317,-1.144369,-1.740341,1.403328,-0.001850,-0.042858
19.433333,0.047457,0.030246,0.048535,-1.168194,-1.105592,1.875260,-1.425152,0.011263,0.000300,-0.868251,-1.133569,-1.761829,1.402396,0.012070,-0.041795
19.466667,0.058989,0.036239,0.055786,-1.145396,-1.083127,1.913705,-1.393827,0.026169,0.015397,-0.847614,-1.130290,-1.769727,1.388239,0.004872,-0.038079
19.500000,0.073845,0.046220,0.058886,-1.120500,-1.082758,1.930337,-1.386258,0.020352,-0.002917,-0.827312,-1.121496,-1.781268,1.355782,0.002427,-0.028824
19.533333,0.048702,0.054733,0.049508,-1.096394,-1.101625,1.948400,-1.395411,0.009798,-0.012307,-0.767687,-1.095755,-1.785964,1.317325,0.013895,0.001011
19.566667,0.035203,0.070303,0.036014,-1.101733,-1.093284,1.954733,-1.414329,0.012389,0.001476,-0.748061,-1.077761,-1.774346,1.318868,0.007714,0.019683
19.600000,0.039323,0.079009,0.029408,-1.129415,-1.103424,1.945981,-1.433247,0.012073,0.016622,-0.747780,-1.096123,-1.775347,1.337073,0.011857,0.033435
19.633333,0.012476,0.066162,0.013621,-1.151946,-1.120555,1.900838,-1.470532,0.008778,0.005063,-0.758649,-1.106965,-1.753731,1.348919,0.024373,0.026140
19.666667,0.012113,0.061740,-0.024593,-1.140690,-1.120929,1.895695,-1.467817,0.021329,0.015652,-0.758691,-1.123320,-1.761557,1.382829,0.029696,0.025945
19.700000,0.018129,0.061755,-0.022808,-1.151085,-1.101690,1.908714,-1.458661,0.032837,0.019071,-0.792090,-1.142252,-1.773082,1.391092,0.038710,0.023565
19.733333,0.040054,0.044991,-0.014823,-1.123237,-1.089600,1.902191,-1.429826,0.023739,0.007719,-0.812886,-1.153804,-1.781416,1.362017,0.041116,-0.000006
19.766667,0.024271,0.047144,-0.019689,-1.111500,-1.092370,1.910753,-1.412960,0.022610,0.009460,-0.832212,-1.151011,-1.761345,1.356280,0.043692,0.006013
19.800000,0.032598,0.047350,-0.008591,-1.112548,-1.094406,1.927302,-1.417727,0.016048,0.009176,-0.825606,-1.148346,-1.772458,1.367874,0.046954,0.003980
19.833333,0.034374,0.048908,0.018055,-1.146547,-1.082358,1.916602,-1.426594,0.003341,0.014807,-0.843554,-1.126461,-1.772527,1.342003,0.048123,0.011107
19.866667,0.029772,0.054253,0.015190,-1.158047,-1.064059,1.903981,-1.401900,0.011334,0.026736,-0.831242,-1.102165,-1.774534,1.330868,0.037039,-0.008136
19.900000,0.014991,0.058098,0.018168,-1.175219,-1.078611,1.926000,-1.397969,0.014992,0.023976,-0.823673,-1.085250,-1.787073,1.347978,0.043233,-0.008343
19.933333,0.019727,0.046749,0.027362,-1.191174,-1.062891,1.909904,-1.401015,0.025422,0.022138,-0.824112,-1.082341,-1.794941,1.352772,0.050657,-0.011422
19.966667,0.019422,0.064236,0.016454,-1.192004,-1.070098,1.885435,-1.393998,0.019432,0.025601,-0.863081,-1.079302,-1.791389,1.368611,0.034450,-0.003155
20.000000,-0.006565,0.062708,0.008100,-1.169619,-1.083966,1.888215,-1.404071,0.021062,0.014379,-0.872424,-1.086014,-1.780566,1.381912,0.028792,-0.015128
20.033333,0.007448,0.054865,0.011769,-1.154972,-1.087089,1.876589,-1.423177,0.000433,-0.004628,-0.902408,-1.114416,-1.773496,1.397104,0.022777,-0.021625
20.066667,0.016932,0.056574,-0.002214,-1.166342,-1.053353,1.863516,-1.432624,0.004109,0.005824,-0.925433,-1.136765,-1.773769,1.417328,-0.013651,-0.013460
20.100000,0.020071,0.059662,-0.009690,-1.144428,-1.049890,1.869357,-1.435408,-0.000443,-0.012089,-0.914435,-1.127461,-1.787433,1.409870,-0.037300,-0.018232
20.133333,0.023673,0.041969,-0.005070,-1.135887,-1.020971,1.905023,-1.428602,-0.009404,-0.018017,-0.885523,-1.124394,-1.795809,1.386538,-0.023150,-0.041682
20.166667,0.047268,0.034667,-0.001967,-1.154684,-0.987904,1.911682,-1.440608,-0.017531,-0.034817,-0.888710,-1.130797,-1.798994,1.375813,-0.031846,-0.045328
20.200000,0.040180,0.035722,-0.000578,-1.171920,-0.991738,1.940241,-1.453700,-0.003283,-0.027796,-0.875319,-1.141519,-1.813243,1.376055,-0.021782,-0.027790
20.233333,0.032734,0.045904,0.020648,-1.161908,-1.004618,1.970249,-1.440985,0.002862,-0.030473,-0.860670,-1.150345,-1.817523,1.365924,0.013263,-0.026682
20.266667,0.049822,0.065138,0.039359,-1.186398,-0.998702,2.014060,-1.415990,0.015008,0.000920,-0.846021,-1.190024,-1.833740,1.395792,0.012592,-0.015308
20.300000,0.048571,0.075965,0.055100,-1.201860,-1.014391,2.024824,-1.410645,0.025250,0.015029,-0.840306,-1.223468,-1.845580,1.409912,0.006619,-0.000855
20.333333,0.035259,0.079005,0.045039,-1.190220,-1.018407,2.039441,-1.393537,0.047536,0.028546,-0.815572,-1.238864,-1.844150,1.434167,0.010668,0.006620
20.366667,0.027375,0.095239,0.049797,-1.194902,-1.022467,2.064877,-1.366310,0.034846,0.042063,-0.814845,-1.233394,-1.848091,1.462477,0.014508,0.013943
20.400000,0.034121,0.079542,0.051061,-1.204015,-1.043237,2.057959,-1.374547,0.024211,0.031602,-0.809791,-1.210328,-1.855111,1.465219,0.014609,0.010558
20.433333,0.023154,0.067108,0.027440,-1.193803,-1.064661,2.045489,-1.412846,0.011381,0.020317,-0.834777,-1.158185,-1.829879,1.440509,0.031590,0.004903
20.466667,0.018158,0.068307,0.003296,-1.199338,-1.067451,2.046291,-1.447573,0.017563,0.009032,-0.829335,-1.129157,-1.830754,1.431937,0.023347,0.022955
20.500000,0.011770,0.069603,0.013275,-1.213913,-1.090794,2.047610,-1.454062,0.008497,0.019065,-0.839507,-1.111371,-1.841145,1.425707,0.024694,0.022797
20.533333,0.012441,0.059060,0.002574,-1.188487,-1.106199,2.024539,-1.480957,0.024036,0.018394,-0.829250,-1.118010,-1.836593,1.384228,0.021353,0.018257
20.566667,0.003133,0.053462,-0.002463,-1.190102,-1.132707,2.013280,-1.492368,0.041667,0.039965,-0.838105,-1.124689,-1.834701,1.382749,0.001484,0.028934
20.600000,-0.003295,0.042003,0.001513,-1.181192,-1.137357,1.992032,-1.482358,0.040954,0.022360,-0.824830,-1.139358,-1.844461,1.383708,-0.004495,0.014150
20.633333,0.007630,0.032858,0.022172,-1.176707,-1.129808,1.970373,-1.452738,0.032545,0.026411,-0.845611,-1.130913,-1.847135,1.374157,0.006817,-0.017254
20.666667,0.012747,0.039271,0.012787,-1.170899,-1.105261,1.973352,-1.440381,0.037655,0.032387,-0.864112,-1.129274,-1.858639,1.371945,0.000024,-0.030163
20.700000,0.013723,0.034598,0.017782,-1.179494,-1.088816,1.977478,-1.436301,0.029381,0.022961,-0.871199,-1.114910,-1.849768,1.382052,0.001686,-0.035994
20.733333,0.035633,0.034554,0.004932,-1.160666,-1.056677,1.998444,-1.407705,0.014562,0.009701,-0.879576,-1.126052,-1.856241,1.392158,0.014550,-0.051082
20.766667,0.043487,0.040091,-0.008388,-1.158626,-1.060963,2.000349,-1.404879,0.014405,0.004089,-0.880045,-1.126757,-1.852837,1.388378,0.016638,-0.039127
20.800000,0.030658,0.045332,-0.014431,-1.155491,-1.076855,2.008234,-1.414159,0.014702,0.003968,-0.867066,-1.144174,-1.840787,1.401123,0.013121,-0.031247
20.833333,0.023087,0.035622,0.000866,-1.158287,-1.089192,1.977299,-1.436423,0.013160,-0.004463,-0.856949,-1.134212,-1.815739,1.391363,0.007880,-0.007012
20.866667,0.019995,0.049217,0.008933,-1.186680,-1.094976,1.937789,-1.430004,0.015219,0.013212,-0.860097,-1.147240,-1.809760,1.404532,-0.000237,0.002986
20.900000,0.004022,0.053281,0.021527,-1.204827,-1.100365,1.901981,-1.452091,0.008629,0.008906,-0.836830,-1.126092,-1.791050,1.385750,0.002527,0.003119
20.933333,-0.003061,0.047476,0.033868,-1.208788,-1.089329,1.895910,-1.459768,0.006914,0.016952,-0.833562,-1.121249,-1.790562,1.385869,0.001013,-0.006814
20.966667,0.008679,0.039352,0.036844,-1.185838,-1.106689,1.879003,-1.438521,0.021517,0.007096,-0.809685,-1.139694,-1.765808,1.363833,0.020111,-0.009705
21.000000,0.021922,0.039250,0.034954,-1.150473,-1.164048,1.881134,-1.389873,0.012079,0.019091,-0.756535,-1.170618,-1.732482,1.331882,0.030912,-0.015238
21.033333,0.024877,0.022505,0.023103,-1.099598,-1.226957,1.900283,-1.367074,0.003799,-0.000010,-0.690119,-1.193608,-1.675403,1.259930,0.038589,-0.023282
21.066667,0.011737,0.024597,0.013590,-1.062548,-1.287364,1.917086,-1.341828,-0.006801,0.004502,-0.610119,-1.210773,-1.595403,1.179930,0.050794,-0.028459
21.100000,0.015366,0.023980,0.003128,-1.023388,-1.332014,1.908461,-1.310513,-0.025430,-0.003565,-0.510119,-1.247547,-1.495403,1.079930,0.051901,-0.023275
21.133333,0.003553,0.027693,-0.001953,-1.019140,-1.369293,1.905509,-1.299695,-0.043915,0.002040,-0.424751,-1.263625,-1.395403,0.980488,0.032140,-0.017171
21.166667,-0.023522,0.031593,-0.027586,-1.004193,-1.381189,1.922340,-1.297940,-0.039381,-0.025045,-0.362559,-1.254604,-1.295403,0.914528,0.035680,-0.028862
21.200000,-0.022532,0.038746,-0.040421,-1.004755,-1.360701,1.947324,-1.286511,-0.029759,-0.031864,-0.300367,-1.253517,-1.195403,0.862456,0.050121,-0.014638
21.233333,-0.011177,0.035240,-0.032988,-1.008286,-1.358801,1.934654,-1.281211,-0.022368,-0.040984,-0.273073,-1.271672,-1.095403,0.829416,0.035727,-0.006231
21.266667,-0.022090,0.037762,-0.043153,-1.001173,-1.374560,1.917674,-1.282746,-0.003436,-0.055984,-0.254298,-1.250974,-0.995403,0.820933,0.017836,0.003387
21.300000,-0.029457,0.055226,-0.044100,-0.999149,-1.377688,1.914186,-1.287402,0.000527,-0.053901,-0.256030,-1.250972,-0.895403,0.851892,0.021141,0.025478
21.333333,-0.010309,0.053366,-0.023542,-1.009524,-1.378829,1.880892,-1.287309,-0.007919,-0.045007,-0.239651,-1.278662,-0.795403,0.849370,0.016504,0.033155
21.366667,0.001085,0.044782,-0.008617,-0.994849,-1.373357,1.818257,-1.271041,0.002567,-0.025284,-0.247028,-1.275934,-0.695403,0.833010,-0.016848,0.028240
21.400000,-0.001195,0.063051,-0.010927,-0.973547,-1.367885,1.788359,-1.237872,0.002395,-0.026578,-0.219507,-1.253965,-0.595403,0.805535,-0.026802,0.048010
21.433333,0.006108,0.059113,0.007970,-0.979419,-1.362122,1.771911,-1.209172,-0.002440,-0.010550,-0.211614,-1.271239,-0.495403,0.791734,-0.005813,0.036207
21.466667,0.019337,0.047571,0.011519,-0.961506,-1.348421,1.749908,-1.190379,-0.002586,-0.013531,-0.208583,-1.276333,-0.395403,0.744962,0.006418,0.017746
21.500000,0.019853,0.048395,0.002154,-0.970009,-1.355793,1.737095,-1.185330,-0.000861,-0.006617,-0.204901,-1.253735,-0.295403,0.702958,0.015916,0.038045
21.533333,0.004663,0.055480,0.002909,-0.973795,-1.383165,1.744888,-1.184831,-0.021508,-0.020774,-0.190395,-1.261555,-0.195403,0.687142,0.035409,0.032640
21.566667,0.015409,0.047554,0.013489,-0.995978,-1.390537,1.722806,-1.193992,-0.009928,-0.011212,-0.208194,-1.307935,-0.095403,0.701414,0.053077,0.018677
21.600000,0.014914,0.052761,0.022412,-1.011950,-1.396300,1.717696,-1.186611,0.001825,0.005233,-0.232320,-1.334316,0.004597,0.680739,0.043920,0.017458
21.633333,0.005828,0.043125,0.014982,-1.028717,-1.402157,1.713057,-1.185706,-0.004847,0.005612,-0.216446,-1.332878,0.104597,0.653035,0.034385,0.014412
21.666667,0.005089,0.043959,0.026004,-1.016261,-1.399857,1.729034,-1.163898,-0.004848,0.008795,-0.236158,-1.358568,0.202602,0.657024,0.023879,-0.025715
21.700000,0.023789,0.037169,0.021672,-1.018307,-1.387388,1.746299,-1.173967,-0.008617,-0.006953,-0.265832,-1.377129,0.267867,0.660504,0.026049,-0.031637
21.733333,0.014703,0.024567,0.013990,-1.016210,-1.387388,1.777694,-1.183719,-0.024786,-0.011968,-0.264411,-1.360686,0.307701,0.638688,0.027104,-0.035809
21.766667,0.013623,0.023173,-0.009369,-0.993149,-1.377330,1.808415,-1.190995,-0.027851,-0.009445,-0.243029,-1.327157,0.307535,0.653588,0.018635,-0.031078
21.800000,0.006169,0.038101,0.001172,-0.993079,-1.363735,1.833420,-1.183046,-0.019158,0.010883,-0.236236,-1.333629,0.283590,0.675799,0.018954,-0.009135
21.833333,0.001487,0.030179,-0.003868,-0.991289,-1.359476,1.833528,-1.204296,-0.015373,0.004394,-0.229443,-1.341462,0.221639,0.701549,0.021467,0.011130
21.866667,-0.015756,0.026364,-0.015710,-0.964766,-1.356562,1.832560,-1.200664,0.009848,0.008510,-0.206879,-1.316425,0.152429,0.741570,0.030955,0.031376
21.900000,-0.012522,0.043372,-0.016671,-0.946581,-1.354740,1.827225,-1.205888,0.015244,-0.002263,-0.221411,-1.327831,0.068648,0.808882,0.034467,0.034356
21.933333,-0.017009,0.042048,-0.004690,-0.928396,-1.349503,1.795547,-1.227184,0.009407,-0.026552,-0.261428,-1.341825,-0.015132,0.876194,0.047214,0.025382
21.966667,-0.015806,0.035631,-0.032709,-0.906097,-1.335645,1.787500,-1.260001,0.024581,-0.037106,-0.326856,-1.355354,-0.115132,0.976194,0.060409,0.009503
22.000000,0.000476,0.050025,-0.037784,-0.877455,-1.318938,1.783821,-1.268214,0.021097,-0.032927,-0.368236,-1.345167,-0.215132,1.076194,0.064711,0.013637
22.033333,0.008687,0.061126,-0.024497,-0.863473,-1.327447,1.759324,-1.276108,0.006702,-0.016466,-0.442492,-1.369406,-0.315132,1.176194,0.043633,-0.002252
22.066667,0.007376,0.065394,-0.031002,-0.822192,-1.329269,1.722202,-1.285730,-0.007012,-0.007654,-0.514056,-1.367635,-0.415132,1.271310,0.030192,-0.009454
22.100000,0.009654,0.072173,-0.022354,-0.820912,-1.344565,1.721673,-1.292039,-0.011286,0.003763,-0.565853,-1.379124,-0.515132,1.357614,0.031767,0.011098
22.133333,0.021231,0.068990,0.010145,-0.810911,-1.359861,1.696194,-1.284188,-0.033564,-0.000269,-0.594654,-1.362978,-0.615132,1.403919,0.006395,0.008143
22.166667,0.011054,0.079923,0.018011,-0.814683,-1.365221,1.691243,-1.271742,-0.042976,0.004999,-0.632625,-1.343251,-0.715132,1.443554,-0.010148,0.017320
22.200000,0.004040,0.074149,0.023689,-0.828144,-1.355941,1.713368,-1.288070,-0.036773,-0.000747,-0.635975,-1.327650,-0.815132,1.443340,-0.015696,0.034823
22.233333,0.022136,0.050136,0.030532,-0.855107,-1.335246,1.739546,-1.294694,-0.023657,-0.011846,-0.643714,-1.334457,-0.912292,1.440320,-0.008870,0.037019
22.266667,0.036184,0.045284,0.021053,-0.853760,-1.307224,1.745202,-1.282339,-0.000874,-0.005317,-0.648784,-1.342502,-0.977458,1.433728,-0.026296,0.019714
22.300000,0.047868,0.045041,0.010473,-0.856430,-1.315001,1.773756,-1.281412,0.005376,-0.015416,-0.662302,-1.338649,-1.042624,1.443472,-0.020531,0.027976
22.333333,0.051312,0.023431,0.024387,-0.878395,-1.318454,1.785557,-1.297294,0.021222,-0.013638,-0.666349,-1.373600,-1.075688,1.456836,-0.003491,0.007626
22.366667,0.076325,0.018103,0.026405,-0.894318,-1.320602,1.770282,-1.295014,0.015531,-0.011152,-0.705017,-1.384334,-1.084264,1.495812,-0.005208,-0.028791
22.400000,0.061339,0.025619,0.026024,-0.902685,-1.334253,1.786391,-1.294569,0.027108,-0.000009,-0.703685,-1.384334,-1.082498,1.502477,-0.006814,-0.026496
22.433333,0.056563,0.024107,0.042028,-0.899361,-1.342210,1.823021,-1.294123,0.008743,-0.009397,-0.695369,-1.370572,-1.111233,1.490972,0.006458,-0.029408
22.466667,0.067079,0.031220,0.049181,-0.874911,-1.320487,1.861705,-1.260114,0.024499,0.006440,-0.674856,-1.367713,-1.122140,1.475361,-0.001480,-0.026299
22.500000,0.081020,0.041638,0.053161,-0.849207,-1.320993,1.877143,-1.249297,0.018791,-0.013479,-0.656039,-1.359644,-1.137248,1.442470,-0.004557,-0.016466
22.533333,0.054962,0.048107,0.045609,-0.822209,-1.335000,1.893645,-1.256642,0.009474,-0.021235,-0.597943,-1.337240,-1.148490,1.418008,0.005739,0.013807
22.566667,0.038756,0.062354,0.035558,-0.823805,-1.322044,1.903195,-1.276642,0.008265,-0.007254,-0.579848,-1.329171,-1.146502,1.433547,0.000618,0.031361
22.600000,0.039671,0.071278,0.029184,-0.847474,-1.332251,1.890002,-1.296642,0.007719,0.006986,-0.578108,-1.342933,-1.146007,1.458522,0.004790,0.043324
22.633333,0.013733,0.059081,0.012657,-0.868629,-1.348034,1.840133,-1.338609,0.004230,-0.005505,-0.592098,-1.352863,-1.131072,1.476684,0.019576,0.036084
22.666667,0.014363,0.053642,-0.025177,-0.855831,-1.347555,1.830264,-1.340576,0.016165,0.005055,-0.593800,-1.360933,-1.144036,1.515177,0.024783,0.033970
22.700000,0.021002,0.054468,-0.023011,-0.866021,-1.333467,1.840385,-1.336028,0.027982,0.008457,-0.625642,-1.381411,-1.155974,1.524694,0.033512,0.030571
22.733333,0.047295,0.038611,-0.016718,-0.837171,-1.326558,1.824154,-1.313915,0.023514,-0.002585,-0.646598,-1.389480,-1.163453,1.501844,0.034801,0.007372
22.766667,0.033589,0.039943,-0.022343,-0.826249,-1.329507,1.830666,-1.302981,0.021797,0.001491,-0.665996,-1.389480,-1.143281,1.500110,0.037511,0.013113
22.800000,0.043418,0.039943,-0.011833,-0.827333,-1.333640,1.843714,-1.310078,0.015984,0.002683,-0.658092,-1.391990,-1.146911,1.510950,0.037091,0.010540
22.833333,0.045046,0.042301,0.013207,-0.859630,-1.323491,1.827874,-1.322534,0.004611,0.008875,-0.675124,-1.378972,-1.140904,1.483448,0.038259,0.017165
22.866667,0.040665,0.047410,0.010829,-0.869657,-1.307935,1.811774,-1.301506,0.013191,0.019952,-0.668450,-1.356518,-1.151559,1.476648,0.027639,0.000745
22.900000,0.024239,0.051323,0.012720,-0.889017,-1.325200,1.833541,-1.298042,0.015090,0.017293,-0.662540,-1.346472,-1.166449,1.492075,0.034079,0.001541
22.933333,0.029459,0.040403,0.022610,-0.905780,-1.315516,1.817700,-1.301873,0.027614,0.012766,-0.665094,-1.346472,-1.179267,1.494398,0.042230,0.001126
22.966667,0.027986,0.056414,0.012617,-0.906737,-1.328162,1.792962,-1.293888,0.019920,0.014857,-0.703083,-1.336890,-1.177249,1.503719,0.027863,0.009973
23.000000,0.002253,0.053969,0.004594,-0.887154,-1.346061,1.797112,-1.301597,0.021675,0.002418,-0.711076,-1.338552,-1.171921,1.514090,0.022823,-0.000801
23.033333,0.016519,0.045406,0.005985,-0.874611,-1.353414,1.783026,-1.318385,0.000768,-0.016221,-0.736343,-1.356757,-1.160789,1.524174,0.018712,-0.009076
23.066667,0.026599,0.047408,-0.008787,-0.886157,-1.324489,1.768940,-1.324107,0.004362,-0.006680,-0.755144,-1.366803,-1.155092,1.536059,-0.016697,-0.000759
23.100000,0.029519,0.049287,-0.016795,-0.864770,-1.322516,1.769985,-1.322675,-0.002156,-0.024942,-0.740103,-1.350919,-1.159698,1.521047,-0.039405,-0.006417
23.133333,0.032530,0.033277,-0.013135,-0.857808,-1.294049,1.803354,-1.312711,-0.010128,-0.031304,-0.711112,-1.339908,-1.163917,1.499611,-0.027362,-0.032956
23.166667,0.054609,0.025254,-0.010244,-0.875040,-1.263765,1.806272,-1.321694,-0.019009,-0.046944,-0.711803,-1.340254,-1.153400,1.483128,-0.035291,-0.038284
23.200000,0.047980,0.026196,-0.008016,-0.890783,-1.269097,1.830320,-1.329224,-0.005573,-0.038857,-0.694967,-1.347776,-1.149459,1.478222,-0.027434,-0.021599
23.233333,0.039331,0.034730,0.014585,-0.876183,-1.282862,1.854368,-1.312691,0.000906,-0.041972,-0.678292,-1.347776,-1.141282,1.466802,0.006165,-0.020965
23.266667,0.056198,0.054246,0.034019,-0.897114,-1.278180,1.891776,-1.284837,0.012238,-0.010262,-0.661616,-1.363661,-1.131600,1.486802,0.003769,-0.011138
23.300000,0.054770,0.062512,0.049531,-0.909623,-1.295784,1.895898,-1.277334,0.021154,0.002929,-0.648553,-1.380860,-1.120440,1.488239,-0.000570,0.004773
23.333333,0.043099,0.064075,0.039522,-0.894102,-1.300496,1.905553,-1.258951,0.043715,0.014002,-0.618490,-1.391870,-1.096963,1.509772,0.002029,0.013520
23.366667,0.033832,0.079782,0.044236,-0.895302,-1.305209,1.931518,-1.232942,0.031930,0.025075,-0.611786,-1.391729,-1.083219,1.526339,0.007153,0.021083
23.400000,0.040654,0.065169,0.045249,-0.906230,-1.325106,1.925398,-1.242063,0.020779,0.013572,-0.598211,-1.382490,-1.066890,1.517758,0.006869,0.017322
23.433333,0.029546,0.052407,0.019558,-0.900669,-1.341774,1.918624,-1.281117,0.009953,0.002069,-0.613117,-1.357846,-1.032391,1.493391,0.025153,0.012620
23.466667,0.025112,0.053310,-0.004692,-0.906793,-1.340156,1.926580,-1.315940,0.018324,-0.009433,-0.601241,-1.351452,-1.023061,1.483795,0.016333,0.028803
23.500000,0.018071,0.055852,0.005903,-0.926012,-1.361056,1.935891,-1.324786,0.009251,0.000721,-0.604173,-1.347341,-1.026097,1.474580,0.018557,0.025976
23.533333,0.020009,0.044748,-0.005217,-0.905230,-1.373302,1.916191,-1.353181,0.025050,0.000054,-0.589457,-1.351801,-1.019148,1.436820,0.015055,0.020284
23.566667,0.012089,0.038752,-0.010073,-0.910652,-1.378208,1.910710,-1.366197,0.041568,0.022757,-0.593603,-1.361040,-1.014091,1.439061,-0.004150,0.031117
23.600000,0.006974,0.027110,-0.004816,-0.904843,-1.377624,1.896771,-1.358485,0.040756,0.005460,-0.580357,-1.382893,-1.026034,1.442287,-0.010332,0.015107
23.633333,0.016689,0.018172,0.015891,-0.903513,-1.364322,1.878092,-1.331274,0.030851,0.011543,-0.603965,-1.380308,-1.034596,1.436864,0.001848,-0.014667
23.666667,0.021249,0.023774,0.006492,-0.901247,-1.339779,1.882977,-1.318904,0.034288,0.017885,-0.626430,-1.381628,-1.049435,1.433724,-0.005795,-0.026849
23.700000,0.021925,0.020267,0.011681,-0.912786,-1.323890,1.889306,-1.316394,0.026402,0.009434,-0.636282,-1.377442,-1.038758,1.445645,-0.004268,-0.032009
23.733333,0.043118,0.020267,-0.002336,-0.892398,-1.310997,1.906937,-1.289263,0.012433,-0.004944,-0.650569,-1.377442,-1.048438,1.457565,0.008505,-0.047358
23.766667,0.050133,0.026046,-0.016601,-0.885755,-1.318164,1.902794,-1.287104,0.012097,-0.009912,-0.653769,-1.378626,-1.040210,1.452867,0.009133,-0.035018
23.800000,0.038689,0.031603,-0.021764,-0.878746,-1.343301,1.912043,-1.298980,0.013647,-0.012072,-0.643826,-1.397534,-1.028291,1.467332,0.005403,-0.027293
23.833333,0.032582,0.022407,-0.006511,-0.876814,-1.357162,1.881292,-1.321440,0.014411,-0.020088,-0.637667,-1.387663,-1.009199,1.460634,0.000846,-0.001703
23.866667,0.029712,0.035708,0.002595,-0.901078,-1.360401,1.841805,-1.314491,0.016483,-0.002489,-0.643881,-1.391850,-1.013314,1.475179,-0.007444,0.008202
23.900000,0.013467,0.039936,0.015853,-0.917296,-1.366498,1.808883,-1.333939,0.011300,-0.006134,-0.625934,-1.380512,-1.012020,1.455298,-0.004045,0.008330
23.933333,0.006527,0.034524,0.029119,-0.927488,-1.359702,1.795961,-1.339210,0.010651,0.000812,-0.627988,-1.370781,-1.030727,1.455417,-0.004096,-0.001541
23.966667,0.007125,0.032965,0.028645,-0.932134,-1.354935,1.779659,-1.334175,0.009556,0.001569,-0.626329,-1.363327,-1.036507,1.450252,-0.003857,-0.000864
