time_sec,joint_pelvisYaw,joint_pelvisPitch,joint_pelvisRoll,joint_lShoulderPitch,joint_lShoulderRoll,joint_lShoulderYaw,joint_lElbow,joint_lWristRoll,joint_lWristPitch,joint_rShoulderPitch,joint_rShoulderRoll,joint_rShoulderYaw,joint_rElbow,joint_rWristRoll,joint_rWristPitch
0.000000,0.006502,0.003132,0.009032,-0.223861,-1.290245,0.274253,-1.107695,-0.004320,-0.004501,-0.232757,-1.200928,0.116632,1.497033,-0.008692,-0.004736
0.033333,0.013257,0.001524,0.014216,-0.230634,-1.292634,0.330683,-1.031358,0.007316,0.001436,-0.234941,-1.192720,0.092281,1.476346,-0.005912,-0.003925
0.066667,0.007077,0.003903,0.010121,-0.239651,-1.305607,0.365107,-0.995788,0.003989,0.005781,-0.235952,-1.182398,0.079261,1.488408,-0.001354,-0.005464
0.100000,0.006144,0.003898,0.006350,-0.251051,-1.315936,0.410050,-0.941595,0.000193,0.005838,-0.232554,-1.183630,0.065030,1.489096,-0.002463,-0.002194
0.133333,0.002281,0.003898,0.003506,-0.270982,-1.355045,0.436668,-0.902138,-0.010888,0.004536,-0.229265,-1.195147,0.084183,1.510894,-0.013319,0.000108
0.166667,-0.015154,0.004575,-0.012230,-0.260169,-1.372750,0.456811,-0.856237,-0.008949,-0.009435,-0.222841,-1.188107,0.085605,1.513840,-0.010533,-0.003661
0.200000,-0.015651,0.008321,-0.016435,-0.258302,-1.375203,0.462453,-0.791092,-0.009161,-0.012080,-0.219901,-1.195192,0.069015,1.518590,-0.005170,0.002597
0.233333,-0.011578,0.005316,-0.012395,-0.248905,-1.386181,0.437166,-0.735411,-0.005892,-0.017562,-0.217471,-1.211883,0.083343,1.506378,-0.012354,0.003343
0.266667,-0.016538,0.006221,-0.018092,-0.217125,-1.399803,0.381360,-0.699042,-0.001566,-0.026945,-0.214979,-1.198613,0.111396,1.504397,-0.019755,0.003907
0.300000,-0.020892,0.013195,-0.018708,-0.203207,-1.386490,0.316655,-0.673208,-0.000075,-0.022090,-0.230759,-1.202248,0.105201,1.517193,-0.013858,0.009966
0.333333,-0.008978,0.013457,-0.006726,-0.194402,-1.371510,0.233820,-0.683754,-0.004143,-0.014836,-0.253658,-1.214998,0.088298,1.521961,-0.014043,0.011799
0.366667,-0.004510,0.010205,-0.004937,-0.167447,-1.343917,0.149656,-0.722824,-0.000560,-0.003660,-0.301553,-1.198604,0.060444,1.519008,-0.027944,0.003998
0.400000,-0.004143,0.020832,-0.006960,-0.143584,-1.316397,0.070605,-0.778609,-0.007510,-0.000953,-0.364782,-1.169348,-0.003434,1.528664,-0.034130,0.014380
0.433333,0.001368,0.019564,0.001428,-0.137944,-1.281846,-0.003806,-0.853707,-0.010122,0.007895,-0.452482,-1.177388,-0.099826,1.544550,-0.024474,0.011505
0.466667,0.008035,0.015293,0.002535,-0.109898,-1.254392,-0.067701,-0.940227,-0.008037,0.004704,-0.541809,-1.165240,-0.196218,1.543723,-0.020971,0.006623
0.500000,0.011993,0.015407,0.001562,-0.097644,-1.239004,-0.125839,-1.030368,-0.011330,0.008997,-0.641809,-1.145564,-0.296218,1.550263,-0.016160,0.016594
0.533333,0.006058,0.016047,0.004850,-0.090381,-1.236287,-0.167991,-1.108451,-0.016886,0.002224,-0.741809,-1.149078,-0.396218,1.562561,-0.010294,0.017087
0.566667,0.013134,0.009124,0.008197,-0.090381,-1.230779,-0.197709,-1.163893,-0.002766,0.006324,-0.841809,-1.179786,-0.496218,1.567647,-0.001632,0.009499
0.600000,0.012394,0.010763,0.013746,-0.091165,-1.230291,-0.202650,-1.186778,0.003696,0.012195,-0.910051,-1.188688,-0.596218,1.567647,-0.005333,0.011051
0.633333,0.010845,0.008061,0.011270,-0.096068,-1.227633,-0.190412,-1.182130,0.002018,0.009966,-0.938293,-1.180845,-0.696218,1.563837,-0.009049,0.010985
0.666667,0.006931,0.007008,0.010572,-0.104523,-1.226465,-0.152778,-1.137482,0.005016,0.007573,-0.926535,-1.189950,-0.756218,1.565363,-0.013016,-0.001732
0.700000,0.013776,0.005603,0.006895,-0.128478,-1.243430,-0.091130,-1.074751,0.005390,-0.003066,-0.874777,-1.192699,-0.776218,1.565363,-0.011338,-0.004717
0.733333,0.005183,0.002105,0.004659,-0.154988,-1.263174,-0.021837,-0.994661,-0.005433,-0.007101,-0.783018,-1.172203,-0.756218,1.564244,-0.012637,-0.006284
0.766667,0.001245,0.003747,-0.004838,-0.187563,-1.279281,0.058038,-0.907128,-0.007199,-0.005481,-0.687279,-1.149628,-0.696218,1.559862,-0.015808,-0.006293
0.800000,-0.001921,0.009928,-0.001019,-0.240115,-1.311036,0.146211,-0.820884,-0.007061,0.004496,-0.617037,-1.163986,-0.596218,1.559359,-0.017280,-0.003625
0.833333,-0.004196,0.009928,-0.001615,-0.302463,-1.341087,0.234384,-0.766768,-0.009149,0.000355,-0.576644,-1.178596,-0.496218,1.559359,-0.013662,-0.001954
0.866667,-0.013290,0.009928,-0.008973,-0.361002,-1.353310,0.322556,-0.751689,-0.001880,0.006977,-0.560418,-1.168662,-0.421404,1.559359,-0.008078,0.006606
0.900000,-0.009911,0.017817,-0.009227,-0.432752,-1.352898,0.422556,-0.776611,0.002203,0.003561,-0.584191,-1.190787,-0.386591,1.560478,-0.003403,0.010237
0.933333,-0.009610,0.014930,-0.007150,-0.519431,-1.355194,0.522556,-0.841533,-0.000294,-0.009133,-0.643704,-1.214669,-0.391777,1.561939,0.002536,0.005733
0.966667,-0.009721,0.013161,-0.020417,-0.606111,-1.330229,0.622556,-0.932698,0.008024,-0.012207,-0.702821,-1.237118,-0.417376,1.567080,0.006703,0.003720
1.000000,-0.006851,0.016541,-0.021436,-0.693951,-1.292822,0.722556,-1.031736,0.011452,-0.008274,-0.732089,-1.251438,-0.476786,1.567080,0.004206,0.010244
1.033333,-0.004218,0.018105,-0.013557,-0.784331,-1.276059,0.822556,-1.131736,0.004608,-0.001822,-0.743886,-1.289130,-0.511010,1.566657,-0.005377,0.005254
1.066667,-0.011250,0.018188,-0.018213,-0.851259,-1.258072,0.922557,-1.231736,-0.002048,0.004784,-0.715683,-1.300270,-0.505233,1.566657,-0.009390,0.002017
1.100000,-0.009621,0.022032,-0.015156,-0.904956,-1.246849,1.022557,-1.314885,-0.005946,0.012094,-0.666448,-1.311273,-0.468549,1.569577,-0.009867,0.010487
1.133333,-0.008025,0.019611,-0.002005,-0.942764,-1.235626,1.122556,-1.382613,-0.016496,0.009167,-0.602340,-1.300337,-0.411452,1.566697,-0.017492,0.011206
1.166667,-0.008970,0.028581,-0.000367,-0.956109,-1.225584,1.222556,-1.417777,-0.021545,0.011523,-0.558091,-1.283458,-0.338974,1.563407,-0.025290,0.012889
1.200000,-0.011268,0.029626,0.003071,-0.968451,-1.205527,1.322556,-1.451496,-0.016251,0.008049,-0.523524,-1.272703,-0.286438,1.563830,-0.025856,0.020256
1.233333,0.002201,0.021448,0.007049,-0.984354,-1.193478,1.413448,-1.467601,-0.009725,0.001386,-0.515850,-1.278730,-0.249463,1.562876,-0.024100,0.019465
1.266667,0.007001,0.018536,0.003378,-0.993765,-1.175550,1.484751,-1.469657,-0.002218,0.004345,-0.511487,-1.290969,-0.219216,1.562876,-0.036977,0.011901
1.300000,0.011153,0.017181,-0.000484,-1.009251,-1.183720,1.531176,-1.484351,-0.000799,0.000855,-0.521265,-1.292051,-0.226001,1.565592,-0.035102,0.012657
1.333333,0.011939,0.004849,0.004716,-1.039406,-1.192777,1.549916,-1.510672,0.003417,0.001827,-0.530164,-1.320240,-0.230886,1.568881,-0.026148,0.006011
1.366667,0.020378,0.002239,0.002613,-1.062696,-1.194087,1.528655,-1.520598,0.000295,0.006345,-0.553123,-1.327430,-0.230662,1.568881,-0.031025,-0.007884
1.400000,0.011879,0.003187,0.002073,-1.089024,-1.201867,1.503498,-1.532146,0.001589,0.009851,-0.561616,-1.334954,-0.239693,1.569835,-0.032676,-0.008407
1.433333,0.010734,0.004304,0.007561,-1.097900,-1.198771,1.478148,-1.545060,-0.004986,0.005421,-0.565302,-1.319643,-0.264356,1.563324,-0.020718,-0.010913
1.466667,0.017652,0.006841,0.010071,-1.076587,-1.172607,1.437676,-1.534850,0.002761,0.011452,-0.566432,-1.312833,-0.275153,1.552020,-0.024312,-0.006552
1.500000,0.022220,0.010560,0.012069,-1.025070,-1.158395,1.384889,-1.541017,0.000635,0.004859,-0.567597,-1.292186,-0.293808,1.546643,-0.024898,-0.003569
1.533333,0.009567,0.011349,0.004699,-0.951041,-1.157620,1.332102,-1.545025,-0.003220,-0.002402,-0.550313,-1.263280,-0.314880,1.546643,-0.016442,0.007185
1.566667,0.003750,0.019736,0.003555,-0.853865,-1.127375,1.252321,-1.545025,-0.007566,0.006858,-0.537934,-1.236397,-0.317524,1.546643,-0.018600,0.018709
1.600000,0.005578,0.020394,0.005709,-0.753865,-1.104757,1.152321,-1.548550,-0.009939,0.013478,-0.517206,-1.230267,-0.307658,1.552591,-0.018693,0.026760
1.633333,-0.004777,0.017220,0.001282,-0.653865,-1.097151,1.052321,-1.563992,-0.010926,0.004873,-0.487271,-1.212152,-0.274626,1.551601,-0.011570,0.018804
1.666667,-0.002205,0.017997,-0.012032,-0.553865,-1.072716,0.952321,-1.554296,-0.005127,0.010424,-0.441583,-1.198948,-0.224572,1.556978,-0.007141,0.018524
1.700000,0.004266,0.019549,-0.000492,-0.453865,-1.040927,0.852321,-1.554296,-0.001567,0.012892,-0.402464,-1.191662,-0.168042,1.549130,-0.003405,0.019405
1.733333,0.012704,0.011561,0.001818,-0.353865,-1.023189,0.752321,-1.550242,-0.000774,0.003111,-0.360633,-1.176441,-0.111990,1.528156,-0.002850,0.008875
1.766667,0.008374,0.016110,-0.004663,-0.269747,-1.020277,0.652321,-1.532195,0.000649,0.004173,-0.323523,-1.155444,-0.059068,1.517523,-0.000940,0.006649
1.800000,0.010682,0.016110,-0.000108,-0.197842,-1.007324,0.552321,-1.508559,-0.004076,0.006126,-0.276135,-1.150019,-0.028483,1.498785,-0.003819,0.008128
1.833333,0.006884,0.016333,0.009688,-0.146960,-0.989893,0.452321,-1.474620,-0.011895,0.005056,-0.246864,-1.144045,-0.022888,1.447589,-0.006789,0.009214
1.866667,0.000169,0.019745,0.007955,-0.115005,-0.970218,0.352321,-1.410985,-0.009611,0.010151,-0.211763,-1.145698,-0.033527,1.384240,-0.012110,-0.001081
1.900000,-0.004000,0.022031,0.009716,-0.098974,-0.969871,0.252321,-1.331404,-0.005818,0.009036,-0.188472,-1.161481,-0.051849,1.314018,-0.009967,-0.002363
1.933333,-0.003760,0.016503,0.014316,-0.096330,-0.959839,0.152321,-1.251823,-0.002110,0.007435,-0.177835,-1.190531,-0.068289,1.214018,-0.008404,-0.002976
1.966667,-0.005568,0.021840,0.008822,-0.103707,-0.973961,0.065953,-1.151823,-0.002836,0.008953,-0.196809,-1.217258,-0.082965,1.114018,-0.014223,-0.000352
2.000000,-0.011909,0.019705,0.005275,-0.113533,-1.006547,0.010671,-1.051823,-0.000837,0.004276,-0.208596,-1.246803,-0.085429,1.014018,-0.016263,-0.004846
2.033333,0.002284,0.015986,0.003384,-0.130171,-1.037863,-0.036804,-0.951823,-0.007362,-0.003363,-0.235047,-1.284224,-0.076020,0.914018,-0.020254,-0.004919
2.066667,0.008525,0.016067,-0.004114,-0.159732,-1.053179,-0.060621,-0.851823,-0.006481,0.002545,-0.261783,-1.315717,-0.068374,0.814018,-0.034883,-0.001934
2.100000,0.010036,0.015654,-0.005998,-0.173166,-1.086111,-0.064519,-0.751823,-0.005425,-0.006143,-0.269815,-1.324555,-0.067552,0.714018,-0.039564,-0.002960
2.133333,0.012101,0.010317,-0.002779,-0.183522,-1.091529,-0.051751,-0.651823,-0.006883,-0.007413,-0.274434,-1.327724,-0.074492,0.614018,-0.031029,-0.013766
2.166667,0.022688,0.008367,-0.001657,-0.195369,-1.091320,-0.057009,-0.553788,-0.008088,-0.011897,-0.280216,-1.334876,-0.073774,0.518474,-0.033074,-0.015843
2.200000,0.018424,0.006335,0.000424,-0.196332,-1.105896,-0.053803,-0.469668,-0.004277,-0.008455,-0.272843,-1.338497,-0.078267,0.456959,-0.026472,-0.010369
2.233333,0.014364,0.009040,0.009674,-0.177856,-1.116881,-0.034254,-0.420154,-0.005035,-0.012371,-0.257847,-1.325508,-0.085420,0.435445,-0.010194,-0.010386
2.266667,0.026765,0.018915,0.017140,-0.172448,-1.100090,-0.000372,-0.410640,-0.002130,0.006304,-0.235059,-1.336518,-0.092744,0.453930,-0.015156,-0.004065
2.300000,0.025422,0.018951,0.024008,-0.165607,-1.115597,0.020355,-0.441126,0.000402,0.010248,-0.209537,-1.337962,-0.097878,0.512415,-0.019480,0.004363
2.333333,0.015694,0.018952,0.016856,-0.159484,-1.117058,0.058165,-0.509648,0.007197,0.011429,-0.187990,-1.325691,-0.106793,0.606445,-0.016030,0.010794
2.366667,0.010388,0.027343,0.016225,-0.178506,-1.109501,0.119703,-0.604253,0.001144,0.015830,-0.192207,-1.302464,-0.135361,0.706445,-0.016355,0.016107
2.400000,0.009619,0.022259,0.013673,-0.228122,-1.117301,0.181241,-0.704253,-0.000926,0.013503,-0.217330,-1.281090,-0.184955,0.806445,-0.019014,0.015173
2.433333,-0.001973,0.017176,0.001154,-0.291527,-1.130622,0.248526,-0.804253,-0.003655,0.002416,-0.282453,-1.240945,-0.239704,0.906445,-0.011040,0.011397
2.466667,-0.003308,0.019532,-0.009453,-0.377208,-1.130094,0.338669,-0.904253,-0.004153,-0.001654,-0.350833,-1.225258,-0.297164,1.006445,-0.014270,0.017283
2.500000,-0.002883,0.019385,-0.002080,-0.477208,-1.142477,0.438669,-1.004253,-0.006004,0.002860,-0.419442,-1.218996,-0.343444,1.106445,-0.016347,0.013186
2.533333,-0.002047,0.013453,-0.005747,-0.577208,-1.155987,0.538669,-1.104253,0.002598,0.001068,-0.449583,-1.224862,-0.353162,1.206445,-0.018817,0.008243
2.566667,-0.003188,0.012117,-0.006362,-0.637208,-1.166399,0.638669,-1.167685,0.007820,0.009448,-0.439724,-1.223569,-0.322880,1.294603,-0.024790,0.010026
2.600000,-0.006003,0.006272,-0.002297,-0.657208,-1.174931,0.703799,-1.191118,0.007094,0.002871,-0.389865,-1.231175,-0.260262,1.342760,-0.026307,0.007143
2.633333,-0.003967,0.004145,0.004944,-0.637208,-1.160373,0.735691,-1.174551,0.004691,0.004962,-0.327599,-1.221781,-0.183968,1.350918,-0.020895,-0.004275
2.666667,-0.003336,0.009249,0.002071,-0.577208,-1.150370,0.727582,-1.117983,0.006206,0.009145,-0.271445,-1.220757,-0.119137,1.319076,-0.023412,-0.008601
2.700000,-0.004091,0.007769,0.004966,-0.477208,-1.148725,0.679474,-1.021416,0.001343,0.005208,-0.220640,-1.217387,-0.063791,1.247233,-0.020630,-0.010309
2.733333,0.002913,0.007769,-0.000806,-0.377208,-1.134267,0.591365,-0.921416,-0.001036,-0.000852,-0.209195,-1.243078,-0.035403,1.147233,-0.015261,-0.016071
2.766667,0.006594,0.009318,-0.007120,-0.279566,-1.135977,0.498126,-0.821416,-0.001910,-0.001409,-0.199648,-1.261747,-0.021544,1.047233,-0.016100,-0.015217
2.800000,0.003384,0.009712,-0.008289,-0.201308,-1.145637,0.398126,-0.744968,0.000089,-0.003393,-0.199104,-1.291935,-0.022496,0.947233,-0.015351,-0.014195
2.833333,0.001728,0.004129,-0.004170,-0.146605,-1.131534,0.298126,-0.697008,-0.001088,-0.007258,-0.193081,-1.299687,-0.020850,0.847233,-0.015904,-0.004707
2.866667,0.005782,0.009225,-0.001838,-0.128338,-1.109816,0.198126,-0.689047,0.001178,-0.000738,-0.198106,-1.327338,-0.026782,0.770952,-0.019693,-0.000044
2.900000,-0.000362,0.009792,0.003873,-0.135361,-1.101031,0.138126,-0.721087,-0.001194,-0.002857,-0.180537,-1.324416,-0.039892,0.714043,-0.017746,0.002439
2.933333,-0.004170,0.007894,0.009871,-0.160025,-1.082765,0.118126,-0.793127,-0.000437,-0.000973,-0.181072,-1.328797,-0.058471,0.677134,-0.015729,0.001102
2.966667,0.003518,0.007237,0.011595,-0.175580,-1.056548,0.098126,-0.881614,0.007810,0.000304,-0.195959,-1.314202,-0.087061,0.680225,-0.011033,0.000786
3.000000,0.012629,0.008119,0.012740,-0.195913,-1.028779,0.118126,-0.981614,0.009917,0.007023,-0.230655,-1.283630,-0.141697,0.723316,-0.012582,-0.000297
3.033333,0.013598,0.002742,0.010338,-0.199396,-0.974951,0.156920,-1.081614,0.009395,0.001150,-0.287422,-1.213058,-0.215833,0.782688,-0.007447,-0.002651
3.066667,0.012077,0.005159,0.006021,-0.199972,-0.918456,0.195713,-1.181614,0.009233,0.002660,-0.367422,-1.133058,-0.295833,0.862688,-0.004499,-0.004973
3.100000,0.017870,0.005545,0.002704,-0.205294,-0.865149,0.234506,-1.249119,0.004958,0.002149,-0.467422,-1.033058,-0.395833,0.962688,-0.008153,-0.002253
3.133333,0.011847,0.005545,0.000734,-0.222145,-0.847215,0.309433,-1.294056,-0.003715,0.003143,-0.567422,-0.947253,-0.495833,1.062688,-0.017185,0.000908
3.166667,-0.003798,0.005756,-0.013584,-0.220628,-0.858171,0.384360,-1.298993,-0.004127,-0.008095,-0.667422,-0.869606,-0.595833,1.162688,-0.013184,-0.004569
3.200000,-0.003761,0.007857,-0.018311,-0.233979,-0.896553,0.463150,-1.263930,0.001275,-0.007290,-0.767422,-0.831958,-0.695833,1.262688,-0.010260,0.003447
3.233333,0.000688,0.004874,-0.013503,-0.238184,-0.950965,0.511195,-1.191877,0.004268,-0.009313,-0.867422,-0.815799,-0.795833,1.356636,-0.014783,0.006272
3.266667,-0.007617,0.004404,-0.019435,-0.217642,-1.019446,0.519239,-1.112319,0.011086,-0.015104,-0.963062,-0.811464,-0.895833,1.427770,-0.020651,0.010791
3.300000,-0.008236,0.009665,-0.021426,-0.215297,-1.068430,0.528139,-1.022554,0.013814,-0.010070,-1.036390,-0.832932,-0.995833,1.489233,-0.017914,0.020580
3.333333,0.000178,0.008544,-0.010639,-0.230913,-1.112490,0.522236,-0.956211,0.011173,-0.004394,-1.081335,-0.878630,-1.095833,1.521162,-0.020140,0.026564
3.366667,0.003431,0.006985,-0.009084,-0.231177,-1.129303,0.517268,-0.902561,0.015197,0.001515,-1.091149,-0.911259,-1.195833,1.523454,-0.029104,0.018137
3.400000,0.004710,0.016534,-0.010733,-0.248207,-1.146579,0.543045,-0.885902,0.009259,0.002597,-1.060963,-0.938742,-1.295833,1.507962,-0.036060,0.026566
3.433333,0.011089,0.016051,-0.002802,-0.288950,-1.141889,0.599500,-0.909242,0.007686,0.008677,-1.018928,-0.994401,-1.395833,1.501095,-0.027438,0.019962
3.466667,0.015413,0.012385,-0.001611,-0.312678,-1.122651,0.646762,-0.965358,0.006825,0.003553,-0.960286,-1.028253,-1.491807,1.465317,-0.019839,0.013027
3.500000,0.020157,0.012385,-0.001721,-0.336735,-1.095812,0.696492,-1.038051,0.006792,0.006521,-0.890027,-1.032663,-1.547782,1.419072,-0.016344,0.020231
3.533333,0.017287,0.012945,0.001351,-0.358631,-1.073376,0.742234,-1.129217,0.000101,0.001801,-0.814899,-1.046801,-1.563757,1.362464,-0.012789,0.022672
3.566667,0.024966,0.009111,0.006093,-0.372313,-1.030322,0.762299,-1.207074,0.010453,0.008116,-0.739771,-1.079561,-1.539731,1.289693,-0.005377,0.015976
3.600000,0.026765,0.012105,0.012916,-0.386475,-0.990644,0.780766,-1.265521,0.015373,0.016080,-0.640854,-1.094951,-1.475706,1.191109,-0.008460,0.016366
3.633333,0.023155,0.010510,0.014191,-0.400222,-0.959200,0.798563,-1.313230,0.014211,0.013792,-0.540854,-1.103764,-1.375706,1.091109,-0.015352,0.015746
3.666667,0.022655,0.012021,0.016976,-0.385714,-0.935442,0.799288,-1.320939,0.015721,0.013961,-0.440854,-1.134877,-1.275706,1.018913,-0.016441,0.000093
3.700000,0.028065,0.010221,0.015878,-0.355792,-0.927851,0.780410,-1.306335,0.011454,0.004550,-0.345887,-1.160696,-1.175706,0.952118,-0.016884,-0.002608
3.733333,0.020060,0.004623,0.014797,-0.324981,-0.929884,0.747208,-1.285321,0.006375,-0.000025,-0.264070,-1.160376,-1.075706,0.897285,-0.016116,-0.002958
3.766667,0.013105,0.006226,0.007294,-0.269978,-0.934275,0.684927,-1.243717,0.005393,-0.001361,-0.206570,-1.150184,-0.975706,0.853700,-0.019363,-0.004306
3.800000,0.014061,0.012467,0.009656,-0.220592,-0.959275,0.595519,-1.172851,0.008493,0.010458,-0.179435,-1.168377,-0.875706,0.813019,-0.017054,-0.001109
3.833333,0.009166,0.010955,0.007345,-0.180842,-0.996616,0.495519,-1.101986,0.006149,0.005952,-0.177789,-1.186953,-0.775706,0.765770,-0.014127,0.002476
3.866667,-0.001129,0.010955,0.000336,-0.152448,-1.034850,0.395519,-1.022267,0.016270,0.010363,-0.186038,-1.176368,-0.675706,0.728743,-0.006612,0.006200
3.900000,0.000024,0.018473,-0.000834,-0.136070,-1.070722,0.295519,-0.922267,0.016069,0.008923,-0.204413,-1.196960,-0.582705,0.682964,-0.002832,0.009390
3.933333,-0.000732,0.014425,0.001835,-0.142622,-1.104608,0.195519,-0.822267,0.009862,0.000906,-0.220591,-1.222838,-0.489705,0.625939,0.003817,0.008255
3.966667,-0.003366,0.013133,-0.009353,-0.145756,-1.108320,0.119688,-0.727298,0.017333,-0.005685,-0.238335,-1.245049,-0.399578,0.591905,0.005972,0.003651
4.000000,0.001847,0.015582,-0.009841,-0.159141,-1.100910,0.058678,-0.645351,0.016992,-0.001111,-0.236462,-1.255118,-0.334914,0.536635,0.007607,0.009462
4.033333,0.007250,0.016696,-0.002261,-0.172817,-1.104769,0.001590,-0.579102,0.009434,0.003715,-0.241575,-1.288298,-0.270251,0.470781,-0.000839,0.005692
4.066667,0.001864,0.017861,-0.007113,-0.183766,-1.100713,-0.015498,-0.552854,0.003086,0.008103,-0.244278,-1.294398,-0.212490,0.420900,-0.006481,0.000326
4.100000,0.005412,0.020678,-0.004847,-0.210259,-1.100664,0.007414,-0.566606,0.000722,0.011479,-0.252658,-1.299665,-0.185715,0.392007,-0.003142,0.008205
4.133333,0.007326,0.016774,0.005826,-0.251982,-1.100615,0.046157,-0.615326,-0.011915,0.011532,-0.242083,-1.281131,-0.156068,0.344164,-0.008085,0.006660
4.166667,0.005471,0.025624,0.006981,-0.313817,-1.085358,0.110078,-0.691026,-0.012786,0.013580,-0.243710,-1.255406,-0.136865,0.336320,-0.017090,0.005058
4.200000,0.001328,0.026288,0.009003,-0.402477,-1.057191,0.210078,-0.791026,-0.008716,0.012084,-0.230052,-1.231526,-0.152865,0.363438,-0.018659,0.011879
4.233333,0.011190,0.017489,0.011489,-0.500950,-1.035259,0.310078,-0.891026,-0.004833,0.005511,-0.223355,-1.225980,-0.184528,0.411371,-0.015503,0.013644
4.266667,0.018009,0.016669,0.006427,-0.600950,-1.008760,0.410078,-0.991026,0.004594,0.007832,-0.214903,-1.219971,-0.225204,0.478317,-0.030034,0.005230
4.300000,0.022131,0.015672,0.002376,-0.699702,-1.012411,0.510078,-1.091026,0.006145,0.004701,-0.233474,-1.201431,-0.305879,0.578317,-0.031593,0.011376
4.333333,0.021558,0.004374,0.006453,-0.785018,-1.028170,0.610078,-1.191026,0.010143,0.003817,-0.273971,-1.205004,-0.390647,0.678317,-0.024849,0.007716
4.366667,0.029625,0.002595,0.003244,-0.852164,-1.048160,0.710078,-1.277281,0.010157,0.005690,-0.347840,-1.189173,-0.480212,0.778317,-0.028859,-0.007012
4.400000,0.022646,0.003162,0.002622,-0.897072,-1.078114,0.810078,-1.347171,0.013794,0.007508,-0.427643,-1.168603,-0.580212,0.878317,-0.028883,-0.009343
4.433333,0.018931,0.003002,0.006296,-0.906373,-1.098994,0.910078,-1.377132,0.006131,0.003685,-0.504340,-1.132144,-0.680212,0.978317,-0.016394,-0.010002
4.466667,0.028006,0.005255,0.007810,-0.891231,-1.101016,1.010078,-1.377595,0.013403,0.009567,-0.559896,-1.115353,-0.780212,1.078317,-0.017911,-0.008526
4.500000,0.035763,0.008537,0.009896,-0.889517,-1.119287,1.110078,-1.372975,0.009050,0.005074,-0.599167,-1.094292,-0.880212,1.178317,-0.015613,-0.003246
4.533333,0.023757,0.009032,0.001835,-0.885500,-1.144466,1.210078,-1.371662,0.001906,0.000569,-0.607818,-1.069502,-0.980212,1.275288,-0.009201,0.010166
4.566667,0.017994,0.017860,-0.001360,-0.889976,-1.140113,1.310079,-1.360736,0.002087,0.009855,-0.593784,-1.056963,-1.080212,1.362515,-0.011988,0.019998
4.600000,0.018975,0.020330,-0.000608,-0.890060,-1.150696,1.397150,-1.349740,0.003806,0.016726,-0.564797,-1.067739,-1.140212,1.413036,-0.011973,0.026456
4.633333,0.004641,0.018030,-0.006592,-0.875834,-1.173155,1.444221,-1.328241,0.002696,0.006702,-0.518698,-1.067850,-1.160212,1.423556,-0.005926,0.020843
4.666667,0.006105,0.018110,-0.019870,-0.821617,-1.182290,1.451293,-1.271825,0.007187,0.010466,-0.448884,-1.083822,-1.140212,1.394077,-0.007114,0.019006
4.700000,0.012397,0.019466,-0.007753,-0.747873,-1.189199,1.418364,-1.185848,0.009333,0.012929,-0.369690,-1.128992,-1.080212,1.327627,-0.002245,0.017866
4.733333,0.020573,0.010868,-0.003446,-0.647873,-1.205994,1.345435,-1.085848,0.003228,0.005287,-0.298469,-1.170051,-0.980212,1.230920,-0.001797,0.005605
4.766667,0.016745,0.013549,-0.007271,-0.547873,-1.226835,1.245435,-0.985848,-0.000741,0.006524,-0.247744,-1.208797,-0.880212,1.130920,-0.002214,0.002429
4.800000,0.021752,0.013549,-0.001217,-0.447873,-1.231907,1.145435,-0.885848,-0.005351,0.010436,-0.217239,-1.262649,-0.780212,1.030920,-0.001477,0.001969
4.833333,0.017884,0.013614,0.008026,-0.361570,-1.219221,1.045435,-0.785848,-0.011641,0.009049,-0.219109,-1.298443,-0.680212,0.930920,-0.000831,0.000569
4.866667,0.011147,0.016634,0.006476,-0.295353,-1.197423,0.945435,-0.685848,-0.009977,0.015768,-0.238439,-1.313352,-0.580212,0.830920,-0.006641,-0.008025
4.900000,0.006897,0.017942,0.008002,-0.243049,-1.189857,0.845435,-0.585848,-0.006655,0.016572,-0.264515,-1.325331,-0.480212,0.730920,-0.005809,-0.007086
4.933333,0.007495,0.011531,0.012681,-0.217397,-1.171588,0.745435,-0.498819,-0.004312,0.015664,-0.284948,-1.339222,-0.380212,0.630920,-0.004294,-0.004560
4.966667,0.007244,0.015745,0.007579,-0.206472,-1.182166,0.645435,-0.434222,-0.006818,0.020597,-0.302300,-1.334745,-0.289953,0.560786,-0.012873,-0.001741
5.000000,-0.000004,0.014669,0.003537,-0.202759,-1.210060,0.545435,-0.399809,-0.005402,0.016249,-0.290833,-1.328195,-0.215171,0.521506,-0.014479,-0.005147
5.033333,0.013137,0.011767,0.001115,-0.218960,-1.232763,0.472985,-0.405395,-0.010111,0.006844,-0.278762,-1.315780,-0.145572,0.522226,-0.015129,-0.005723
5.066667,0.019907,0.011245,-0.007642,-0.261248,-1.229097,0.440534,-0.450982,-0.008002,0.009474,-0.260235,-1.277578,-0.077056,0.562946,-0.028348,-0.002994
5.100000,0.020301,0.013738,-0.010870,-0.316884,-1.237745,0.448084,-0.523598,-0.007303,0.000793,-0.224993,-1.215599,-0.022246,0.643665,-0.032109,-0.006424
5.133333,0.020323,0.009525,-0.010039,-0.397794,-1.210147,0.495633,-0.613781,-0.008541,-0.005324,-0.202139,-1.147881,0.023274,0.734519,-0.024786,-0.017181
5.166667,0.030702,0.008802,-0.010494,-0.497794,-1.173565,0.583183,-0.713781,-0.009898,-0.008784,-0.194479,-1.079543,0.079922,0.834519,-0.026422,-0.019714
5.200000,0.028457,0.007015,-0.007739,-0.597794,-1.149436,0.683183,-0.813781,-0.006937,-0.003883,-0.185341,-1.019518,0.123206,0.934519,-0.024317,-0.015518
5.233333,0.025889,0.013789,0.002391,-0.697794,-1.136367,0.783183,-0.913781,-0.004614,-0.005679,-0.181119,-0.971670,0.147395,1.034519,-0.009519,-0.015029
5.266667,0.042495,0.021947,0.010941,-0.797794,-1.102844,0.883183,-1.013781,0.002157,0.015543,-0.177184,-0.956302,0.164322,1.134519,-0.012334,-0.011665
5.300000,0.044119,0.024119,0.019793,-0.883707,-1.106490,0.983183,-1.113781,0.002848,0.021359,-0.170294,-0.940935,0.179139,1.234519,-0.015412,-0.004225
5.333333,0.035434,0.023811,0.014150,-0.947420,-1.102718,1.083183,-1.213781,0.009694,0.024418,-0.158603,-0.930386,0.187672,1.334519,-0.016643,0.001638
5.366667,0.031358,0.032251,0.015496,-1.001919,-1.097759,1.183183,-1.304358,0.004847,0.029069,-0.161003,-0.925408,0.176211,1.421615,-0.014500,0.003725
5.400000,0.032902,0.025598,0.015908,-1.026119,-1.107508,1.283183,-1.387522,-0.001417,0.025548,-0.155289,-0.922438,0.174655,1.474073,-0.015099,0.004871
5.433333,0.020081,0.021011,0.004852,-1.021791,-1.123335,1.383183,-1.444699,-0.006931,0.012586,-0.169910,-0.903500,0.167445,1.500161,-0.008846,0.004363
5.466667,0.017425,0.022549,-0.002899,-1.022789,-1.124295,1.483183,-1.494075,-0.001855,0.007875,-0.163440,-0.909240,0.153175,1.506837,-0.012475,0.010912
5.500000,0.017451,0.021393,0.006785,-1.022132,-1.137915,1.569710,-1.514738,-0.005997,0.013357,-0.163960,-0.922444,0.141616,1.491396,-0.010545,0.007881
5.533333,0.018141,0.016012,0.003637,-0.994681,-1.152517,1.630115,-1.522438,0.000160,0.010803,-0.156246,-0.944027,0.132841,1.457913,-0.012749,0.005017
5.566667,0.014591,0.014308,0.002347,-0.989352,-1.166910,1.674653,-1.516793,0.008595,0.019514,-0.158127,-0.970662,0.106005,1.450418,-0.019012,0.004430
5.600000,0.012339,0.007906,0.006102,-0.990331,-1.174214,1.695439,-1.511499,0.007738,0.013455,-0.148277,-1.013165,0.076198,1.432807,-0.022110,-0.000610
5.633333,0.013325,0.004528,0.011566,-0.985611,-1.159214,1.693590,-1.490151,0.001845,0.015321,-0.167633,-1.039304,0.034592,1.412044,-0.016352,-0.013640
5.666667,0.013492,0.009615,0.006761,-0.972073,-1.146311,1.702099,-1.468269,0.005034,0.016380,-0.206049,-1.073913,-0.039091,1.393873,-0.018623,-0.017856
5.700000,0.012187,0.007507,0.006310,-0.962661,-1.140454,1.696729,-1.453320,0.004206,0.014540,-0.263231,-1.100307,-0.117018,1.390463,-0.015756,-0.017421
5.733333,0.019670,0.007507,-0.000973,-0.930247,-1.115935,1.686714,-1.424097,-0.001012,0.008217,-0.334675,-1.140965,-0.206612,1.395417,-0.013490,-0.023756
5.766667,0.020814,0.008597,-0.010298,-0.881398,-1.113912,1.660450,-1.408548,-0.002293,0.006649,-0.431108,-1.149342,-0.306612,1.406050,-0.013818,-0.020503
5.800000,0.017148,0.009094,-0.014297,-0.807009,-1.112725,1.616821,-1.386239,-0.000895,0.003685,-0.531108,-1.160523,-0.406612,1.422002,-0.013830,-0.013489
5.833333,0.013080,0.003842,-0.010571,-0.725293,-1.090732,1.536308,-1.374479,-0.000037,-0.002970,-0.631108,-1.145977,-0.506612,1.438313,-0.014020,-0.002222
5.866667,0.014182,0.006909,-0.008589,-0.636021,-1.060171,1.455794,-1.338549,-0.001938,0.001609,-0.731108,-1.150902,-0.606612,1.470568,-0.018553,0.001442
5.900000,0.006619,0.007032,-0.002959,-0.537929,-1.051927,1.355794,-1.322134,-0.002976,-0.000580,-0.811396,-1.125607,-0.706612,1.470850,-0.012030,0.007629
5.933333,0.003998,0.005276,0.005015,-0.438491,-1.032658,1.255794,-1.297683,-0.000103,0.000466,-0.871685,-1.120209,-0.806612,1.481938,-0.007193,0.008111
5.966667,0.009533,0.004447,0.010543,-0.339053,-1.012552,1.155794,-1.263846,0.010146,0.003164,-0.891974,-1.103696,-0.866612,1.470272,-0.001348,0.002147
6.000000,0.020508,0.004447,0.014277,-0.240717,-0.990249,1.055794,-1.208706,0.011355,0.014335,-0.872262,-1.072910,-0.886612,1.437773,-0.002507,-0.002014
6.033333,0.020317,0.000245,0.014284,-0.162216,-0.953164,0.955794,-1.153191,0.014312,0.011896,-0.812551,-1.002123,-0.866612,1.365515,0.000968,-0.006189
6.066667,0.016085,0.001342,0.011864,-0.103049,-0.905760,0.855794,-1.073577,0.014200,0.017357,-0.732551,-0.922123,-0.806612,1.285514,0.003143,-0.011523
6.100000,0.020938,0.001219,0.009853,-0.065891,-0.861332,0.755794,-0.985969,0.011157,0.020092,-0.632551,-0.822123,-0.717551,1.225515,0.001053,-0.012112
6.133333,0.018940,0.001219,0.006738,-0.050193,-0.856903,0.655794,-0.919707,0.005048,0.020202,-0.532551,-0.728003,-0.651374,1.205514,-0.004690,-0.007339
6.166667,0.001566,0.001373,-0.008353,-0.042661,-0.885689,0.555794,-0.871489,0.006303,0.005877,-0.432551,-0.633883,-0.625196,1.225514,0.000378,-0.012415
6.200000,0.005485,0.004079,-0.013339,-0.054732,-0.920591,0.455794,-0.863271,0.010207,0.000792,-0.332551,-0.539763,-0.639018,1.285514,0.009211,-0.002898
6.233333,0.014783,0.002860,-0.010064,-0.067962,-0.966146,0.363983,-0.894037,0.012077,-0.005013,-0.232551,-0.445643,-0.692841,1.382412,0.009253,0.001055
6.266667,0.009896,0.004357,-0.015226,-0.093713,-0.996152,0.312173,-0.952797,0.021048,-0.015604,-0.132551,-0.351523,-0.752729,1.454045,0.007951,0.003910
6.300000,0.011143,0.012644,-0.015525,-0.138002,-0.987638,0.300362,-1.030211,0.026205,-0.014854,-0.032551,-0.251523,-0.821849,1.510942,0.015945,0.011496
6.333333,0.028079,0.014744,-0.003003,-0.213024,-0.956828,0.328552,-1.129581,0.025885,-0.012540,0.067449,-0.161283,-0.856082,1.547839,0.021613,0.015363
6.366667,0.035094,0.014532,0.001061,-0.288046,-0.909348,0.396742,-1.226868,0.034571,-0.006322,0.167449,-0.102417,-0.857276,1.555705,0.013313,0.008140
6.400000,0.035346,0.024271,0.002153,-0.379477,-0.857745,0.496742,-1.324785,0.034524,-0.005938,0.267449,-0.057540,-0.834761,1.546831,0.008486,0.016516
6.433333,0.042646,0.023649,0.010744,-0.465875,-0.813918,0.596742,-1.407881,0.033617,0.001268,0.367449,-0.052663,-0.795241,1.549248,0.017595,0.011718
6.466667,0.048245,0.018382,0.012072,-0.526816,-0.786761,0.683232,-1.467245,0.032096,-0.002590,0.467449,-0.087786,-0.723605,1.536624,0.020678,0.005070
6.500000,0.048889,0.016129,0.011566,-0.577661,-0.768793,0.750656,-1.512593,0.030870,0.003647,0.567449,-0.133643,-0.656747,1.516568,0.022591,0.014771
6.533333,0.041919,0.015114,0.013785,-0.603544,-0.763792,0.787700,-1.531404,0.020736,0.001109,0.667449,-0.188126,-0.582927,1.500382,0.028462,0.015317
6.566667,0.046879,0.010294,0.016230,-0.605229,-0.751980,0.784745,-1.520017,0.026312,0.007330,0.767449,-0.268620,-0.492816,1.481240,0.031241,0.009846
6.600000,0.044363,0.011528,0.020516,-0.579061,-0.743779,0.741789,-1.483454,0.028539,0.016133,0.837200,-0.349114,-0.402706,1.436073,0.023769,0.011336
6.633333,0.035849,0.008508,0.018295,-0.538351,-0.717427,0.672344,-1.430620,0.023971,0.017056,0.866950,-0.422645,-0.312595,1.380682,0.012698,0.008624
6.666667,0.033184,0.008508,0.017148,-0.467736,-0.696050,0.581964,-1.351803,0.023233,0.017055,0.856701,-0.509445,-0.232883,1.312722,0.004440,-0.007692
6.700000,0.035176,0.007028,0.013980,-0.382084,-0.675960,0.481964,-1.261606,0.019309,0.008617,0.806452,-0.585745,-0.172454,1.229925,-0.000618,-0.011411
6.733333,0.027782,0.002108,0.011739,-0.288231,-0.662649,0.381964,-1.161606,0.013183,0.007491,0.716202,-0.634121,-0.134819,1.129925,-0.001791,-0.015737
6.766667,0.020318,0.003304,0.003809,-0.199353,-0.630527,0.281964,-1.061606,0.010392,0.007881,0.616202,-0.648441,-0.113121,1.029925,-0.009699,-0.016710
6.800000,0.022122,0.007902,0.007889,-0.150474,-0.604394,0.181964,-0.961606,0.013094,0.020872,0.516202,-0.662930,-0.112260,0.936247,-0.007053,-0.009087
6.833333,0.016665,0.007902,0.006450,-0.109668,-0.579923,0.091310,-0.861606,0.010454,0.021242,0.416202,-0.662149,-0.112858,0.871465,-0.006068,-0.007140
6.866667,0.008484,0.007902,-0.001025,-0.081310,-0.544060,0.024314,-0.781673,0.020023,0.026072,0.316202,-0.631869,-0.111759,0.830163,0.000993,-0.003355
6.900000,0.010032,0.015048,-0.001774,-0.077886,-0.481498,-0.013032,-0.741739,0.021065,0.022297,0.216202,-0.626102,-0.111173,0.802056,0.005348,-0.000000
6.933333,0.007819,0.011744,0.000979,-0.087400,-0.424306,-0.031578,-0.741806,0.018476,0.014680,0.116202,-0.614393,-0.102705,0.774325,0.014540,-0.001800
6.966667,0.002823,0.011389,-0.012057,-0.086012,-0.361125,-0.010125,-0.779546,0.025697,0.008116,0.023727,-0.594899,-0.088763,0.780272,0.021836,-0.007550
7.000000,0.005019,0.013262,-0.011274,-0.097028,-0.271197,0.026706,-0.851101,0.026408,0.007390,-0.032059,-0.563343,-0.085041,0.784742,0.024835,0.002321
7.033333,0.007791,0.013486,-0.004084,-0.108926,-0.207680,0.043194,-0.925377,0.020321,0.013624,-0.069207,-0.553460,-0.066021,0.780343,0.019823,-0.004067
7.066667,0.000090,0.013571,-0.010539,-0.114501,-0.155435,0.052121,-0.999652,0.013667,0.019465,-0.081283,-0.507110,-0.036808,0.802747,0.013358,-0.006367
7.100000,0.005969,0.018288,-0.007752,-0.132715,-0.123291,0.082250,-1.061427,0.010948,0.024990,-0.083332,-0.476978,-0.032780,0.864776,0.012558,0.001770
7.133333,0.005957,0.014828,0.003263,-0.144564,-0.091146,0.075063,-1.116433,0.000918,0.021115,-0.071137,-0.433074,-0.013391,0.926805,0.001276,0.001722
7.166667,0.007929,0.024916,0.003558,-0.152544,-0.072021,0.077249,-1.150950,-0.003464,0.024316,-0.077211,-0.393083,0.006922,1.001415,-0.005837,0.003048
7.200000,0.003213,0.026236,0.005805,-0.161936,-0.026693,0.079659,-1.200968,-0.002495,0.022402,-0.071342,-0.350928,0.010971,1.097640,-0.006448,0.013991
7.233333,0.014751,0.019005,0.011781,-0.164756,0.008518,0.067906,-1.235494,-0.000942,0.013667,-0.079505,-0.346914,0.014419,1.172401,-0.002577,0.012170
7.266667,0.018531,0.016667,0.006955,-0.144527,0.067261,0.029070,-1.248700,0.003575,0.013289,-0.074602,-0.345107,0.036786,1.231400,-0.015097,0.006963
7.300000,0.025693,0.016674,0.003700,-0.126621,0.107261,0.014795,-1.269345,0.003765,0.014101,-0.075393,-0.343911,0.023208,1.251186,-0.015647,0.008408
7.333333,0.024686,0.004713,0.009776,-0.122168,0.144811,-0.014166,-1.297733,0.011304,0.016513,-0.075235,-0.372371,0.025931,1.255145,-0.006558,-0.001035
7.366667,0.036076,0.003169,0.010133,-0.126491,0.171385,-0.035645,-1.303180,0.010593,0.021500,-0.095668,-0.400548,0.029277,1.249439,-0.017379,-0.016238
7.400000,0.030148,0.004780,0.009397,-0.131008,0.203501,-0.029829,-1.317521,0.018160,0.029421,-0.100074,-0.421020,0.021474,1.225196,-0.020614,-0.016336
7.433333,0.027020,0.004495,0.014924,-0.134825,0.229197,0.001079,-1.329352,0.013835,0.025341,-0.108294,-0.430336,-0.005193,1.176715,-0.003564,-0.020921
7.466667,0.034475,0.007704,0.019713,-0.129212,0.257980,0.042247,-1.308513,0.020840,0.030689,-0.114124,-0.452671,-0.016865,1.130925,-0.004374,-0.016616
7.500000,0.037977,0.011905,0.022243,-0.125968,0.277932,0.064004,-1.297277,0.016423,0.023911,-0.114501,-0.461958,-0.030091,1.069905,-0.008727,-0.013596
7.533333,0.025021,0.012340,0.013039,-0.117216,0.280998,0.087225,-1.294462,0.014706,0.017100,-0.097327,-0.460133,-0.044605,1.005934,0.000631,-0.005795
7.566667,0.018224,0.020300,0.010639,-0.125797,0.296897,0.097698,-1.265795,0.011825,0.021881,-0.094550,-0.467747,-0.055088,0.973467,0.000987,0.007592
7.600000,0.020689,0.022354,0.011960,-0.126721,0.289166,0.085295,-1.233459,0.010657,0.029057,-0.092925,-0.505600,-0.067459,0.946069,-0.003433,0.012881
7.633333,0.009313,0.018356,0.005661,-0.118601,0.268048,0.046867,-1.195450,0.008875,0.020371,-0.093966,-0.530274,-0.070885,0.921844,0.002101,0.006402
7.666667,0.011222,0.016861,-0.009089,-0.097191,0.244294,0.037983,-1.126766,0.014469,0.026237,-0.093184,-0.567378,-0.093289,0.922548,0.006207,0.005738
7.700000,0.019325,0.018433,0.002794,-0.086388,0.221735,0.030162,-1.034317,0.015288,0.025416,-0.107148,-0.609939,-0.118766,0.904700,0.008189,0.007674
7.733333,0.026405,0.010035,0.005456,-0.050044,0.187803,0.009065,-0.934317,0.011914,0.017998,-0.113713,-0.641523,-0.135743,0.862997,0.008055,-0.005489
7.766667,0.023713,0.013646,-0.000447,-0.039444,0.145862,0.012834,-0.834317,0.011228,0.018017,-0.120055,-0.654420,-0.142702,0.856225,0.009433,-0.007381
7.800000,0.024147,0.013646,0.004252,-0.044370,0.118917,0.013207,-0.758117,0.006663,0.018421,-0.118116,-0.674702,-0.163550,0.853575,0.008737,-0.006378
7.833333,0.022175,0.015885,0.013057,-0.053980,0.098271,0.003370,-0.693324,-0.000848,0.016460,-0.126970,-0.679015,-0.177128,0.832902,0.005211,-0.004714
7.866667,0.014474,0.019750,0.009094,-0.057107,0.091639,0.004911,-0.645400,0.001499,0.023841,-0.123584,-0.677895,-0.195242,0.834476,0.001101,-0.012471
7.900000,0.013347,0.021779,0.009670,-0.067279,0.065873,0.027100,-0.630792,0.004235,0.021518,-0.126358,-0.679313,-0.216559,0.858376,0.002348,-0.013557
7.933333,0.012523,0.015932,0.014523,-0.078427,0.063672,0.026632,-0.645283,0.007203,0.019868,-0.132183,-0.684297,-0.232997,0.871543,0.003702,-0.013943
7.966667,0.013339,0.020774,0.008424,-0.090531,0.056722,0.052219,-0.675972,0.007701,0.022910,-0.148149,-0.669797,-0.244471,0.912640,-0.003032,-0.012308
8.000000,0.007127,0.017847,0.005669,-0.107976,0.055837,0.098473,-0.735256,0.008241,0.017819,-0.151165,-0.643562,-0.242533,0.948428,-0.003245,-0.016910
8.033333,0.018805,0.013647,0.004054,-0.142656,0.064469,0.159803,-0.817671,0.001157,0.009323,-0.163829,-0.618848,-0.221148,0.992792,-0.006673,-0.018607
8.066667,0.020170,0.014121,-0.003739,-0.201760,0.099508,0.231285,-0.906769,0.005280,0.018297,-0.171736,-0.583578,-0.186981,1.037909,-0.019640,-0.013267
8.100000,0.021545,0.016456,-0.008268,-0.265000,0.118457,0.325424,-1.006769,0.007228,0.010676,-0.162033,-0.530534,-0.156992,1.055438,-0.023321,-0.011790
8.133333,0.024693,0.011614,-0.005725,-0.319657,0.147890,0.425424,-1.106769,0.004479,0.009623,-0.157696,-0.493527,-0.129530,1.043985,-0.015682,-0.023545
8.166667,0.034271,0.009598,-0.005489,-0.353953,0.173847,0.489322,-1.200793,0.002492,0.006717,-0.164886,-0.484838,-0.104676,1.021992,-0.020656,-0.025444
8.200000,0.029900,0.007924,-0.002324,-0.356065,0.174406,0.513220,-1.258996,0.007598,0.007973,-0.165446,-0.499400,-0.096566,0.964120,-0.014877,-0.018151
8.233333,0.029236,0.010450,0.007628,-0.325749,0.162569,0.528585,-1.280183,0.005784,0.001128,-0.168620,-0.515092,-0.104279,0.884439,-0.002485,-0.022050
8.266667,0.044466,0.016949,0.017165,-0.285087,0.175270,0.503949,-1.261369,0.008602,0.020799,-0.168960,-0.561817,-0.108931,0.828639,-0.006736,-0.020234
8.300000,0.044624,0.016949,0.024195,-0.243079,0.156281,0.439314,-1.237762,0.008874,0.026009,-0.168276,-0.594015,-0.112628,0.766262,-0.007704,-0.012860
8.333333,0.034602,0.016949,0.017148,-0.204068,0.155343,0.388742,-1.201958,0.016261,0.030352,-0.156612,-0.609042,-0.112525,0.738886,-0.002242,-0.006537
8.366667,0.031782,0.023761,0.017248,-0.191227,0.159032,0.371241,-1.168348,0.008889,0.039036,-0.150446,-0.604316,-0.116489,0.751510,-0.002976,-0.001811
8.400000,0.033117,0.017561,0.016391,-0.177908,0.160392,0.326181,-1.162394,0.004872,0.036314,-0.135510,-0.591090,-0.114142,0.786857,-0.001389,0.000064
8.433333,0.019791,0.012415,0.004799,-0.158518,0.145794,0.307372,-1.171214,0.001540,0.024457,-0.141822,-0.554998,-0.108719,0.825493,0.006741,-0.000495
8.466667,0.016753,0.014272,-0.004529,-0.147348,0.157591,0.295461,-1.172120,0.004631,0.021727,-0.123320,-0.533130,-0.109804,0.884451,-0.001004,0.007896
8.500000,0.016514,0.014485,0.004117,-0.135019,0.153469,0.272805,-1.155581,0.001932,0.023365,-0.119624,-0.518865,-0.106039,0.929615,-0.001599,0.003980
8.533333,0.018791,0.010427,0.002022,-0.094764,0.146577,0.232585,-1.147237,0.008903,0.020870,-0.110030,-0.519045,-0.100985,0.943830,-0.002828,-0.000885
8.566667,0.014997,0.010427,0.001211,-0.077903,0.131544,0.205171,-1.111901,0.014828,0.030567,-0.111751,-0.525404,-0.101598,0.956730,-0.010558,0.001799
8.600000,0.010188,0.005328,0.005087,-0.060618,0.131790,0.157276,-1.061790,0.012160,0.024433,-0.108294,-0.544675,-0.100336,0.943178,-0.012913,-0.002672
8.633333,0.011192,0.003472,0.012639,-0.051462,0.145641,0.122601,-1.001503,0.009828,0.023305,-0.128520,-0.554087,-0.103186,0.927170,-0.004645,-0.013827
8.666667,0.014051,0.007693,0.009727,-0.052559,0.145174,0.119327,-0.944099,0.011812,0.026495,-0.143706,-0.568285,-0.114299,0.914652,-0.009291,-0.018144
8.700000,0.013521,0.005229,0.010783,-0.063921,0.143752,0.100546,-0.889905,0.009899,0.020131,-0.145431,-0.569022,-0.107812,0.911993,-0.006469,-0.019850
8.733333,0.021560,0.005229,0.005154,-0.058807,0.152965,0.079168,-0.840023,0.007493,0.015641,-0.158190,-0.589942,-0.108374,0.919008,-0.002059,-0.027341
8.766667,0.027030,0.006285,-0.001802,-0.065466,0.136938,0.052020,-0.822443,0.008087,0.015903,-0.150620,-0.585638,-0.101888,0.932230,-0.004502,-0.025355
8.800000,0.025415,0.006892,-0.004425,-0.067672,0.100227,0.024688,-0.813699,0.007837,0.015078,-0.130704,-0.590166,-0.087939,0.949142,-0.008283,-0.022694
8.833333,0.022829,0.002458,-0.001714,-0.073466,0.093755,-0.025718,-0.821623,0.006728,0.010130,-0.111746,-0.574334,-0.070768,0.961213,-0.007133,-0.013312
8.866667,0.024510,0.008224,-0.000652,-0.098466,0.088267,-0.067775,-0.830574,0.008485,0.019183,-0.109475,-0.584367,-0.063136,0.984637,-0.012983,-0.009542
8.900000,0.017806,0.008759,0.003562,-0.115745,0.071547,-0.090038,-0.863873,0.004526,0.016595,-0.095275,-0.557914,-0.061042,0.968062,-0.010618,-0.008112
8.933333,0.014388,0.007734,0.009042,-0.126446,0.068732,-0.092300,-0.884869,0.003715,0.018196,-0.101076,-0.550993,-0.069658,0.948489,-0.008543,-0.010491
8.966667,0.016401,0.007127,0.010856,-0.137987,0.046601,-0.074497,-0.879916,0.013183,0.015827,-0.129952,-0.556602,-0.052614,0.944217,-0.005880,-0.011514
9.000000,0.019349,0.009302,0.012516,-0.152261,-0.015529,-0.055118,-0.851027,0.013886,0.019493,-0.175999,-0.567984,-0.024637,0.960088,-0.015237,-0.014228
9.033333,0.013850,0.003551,0.010811,-0.154842,-0.087945,-0.028141,-0.803336,0.010549,0.011563,-0.213817,-0.563322,0.010510,0.985696,-0.014997,-0.017286
9.066667,0.007779,0.006268,0.008037,-0.167331,-0.167945,-0.008425,-0.723335,0.010787,0.009890,-0.250790,-0.567364,0.041072,1.051305,-0.019314,-0.015022
9.100000,0.006936,0.007399,0.005175,-0.172646,-0.267945,0.005279,-0.643073,0.005975,0.007253,-0.279799,-0.591269,0.067896,1.151305,-0.026525,-0.010305
9.133333,0.001223,0.008982,0.002230,-0.171726,-0.367945,-0.009195,-0.589613,-0.003049,0.008472,-0.287747,-0.609630,0.088009,1.251305,-0.033605,-0.008211
9.166667,-0.015736,0.007910,-0.011955,-0.146796,-0.467945,-0.005149,-0.572892,-0.004706,-0.002965,-0.267069,-0.626532,0.080527,1.320093,-0.027976,-0.011685
9.200000,-0.015968,0.011755,-0.017092,-0.125118,-0.567945,-0.008301,-0.596172,-0.000871,-0.007782,-0.238394,-0.659477,0.045657,1.348881,-0.024728,0.002201
9.233333,-0.015963,0.008503,-0.012786,-0.099429,-0.667945,-0.032017,-0.659451,-0.001768,-0.008788,-0.208068,-0.717336,0.037996,1.338664,-0.028175,0.005108
9.266667,-0.023310,0.007129,-0.017674,-0.060913,-0.767945,-0.069720,-0.742992,0.005532,-0.016492,-0.170461,-0.762306,0.040665,1.288448,-0.036379,0.007745
9.300000,-0.027591,0.012340,-0.017768,-0.042764,-0.850064,-0.091740,-0.839732,0.006805,-0.013080,-0.149490,-0.825584,0.010043,1.198231,-0.036760,0.018403
9.333333,-0.016439,0.011604,-0.005129,-0.041827,-0.918035,-0.136966,-0.939732,0.006431,-0.008469,-0.137223,-0.909689,-0.014639,1.099227,-0.038503,0.022244
9.366667,-0.013867,0.008713,-0.001120,-0.030576,-0.948650,-0.177132,-1.039732,0.011921,0.005249,-0.142572,-0.990774,-0.031576,1.000223,-0.050814,0.013213
9.400000,-0.011402,0.017394,-0.001633,-0.025296,-0.979265,-0.195575,-1.139732,0.010041,0.006990,-0.134180,-1.057351,-0.080611,0.927861,-0.056211,0.022486
9.433333,-0.007292,0.017102,0.007225,-0.040878,-0.990784,-0.196342,-1.225225,0.007528,0.015798,-0.149575,-1.136954,-0.130634,0.886971,-0.047954,0.020696
9.466667,-0.000335,0.011838,0.008261,-0.034136,-0.994786,-0.192224,-1.282492,0.005161,0.011863,-0.162985,-1.203647,-0.180656,0.883572,-0.042966,0.015526
9.500000,0.002972,0.011472,0.006151,-0.031043,-0.999784,-0.176668,-1.310187,0.002719,0.015837,-0.166382,-1.239519,-0.246363,0.911562,-0.040883,0.029305
9.533333,0.000891,0.011616,0.008351,-0.029405,-1.017703,-0.151152,-1.302319,-0.001802,0.004710,-0.162822,-1.271063,-0.302415,0.973923,-0.031883,0.027867
9.566667,0.003529,0.007484,0.011333,-0.033983,-1.022422,-0.135147,-1.258584,0.007421,0.009080,-0.171958,-1.307437,-0.344838,1.048644,-0.025295,0.022399
9.600000,0.003785,0.009720,0.015977,-0.039266,-1.025259,-0.114721,-1.189355,0.013751,0.014497,-0.176223,-1.315113,-0.398713,1.119331,-0.028600,0.023075
9.633333,-0.001210,0.008191,0.014454,-0.048864,-1.028870,-0.104530,-1.108354,0.012131,0.014396,-0.149130,-1.295698,-0.427754,1.162349,-0.031099,0.022282
9.666667,-0.001756,0.008956,0.015192,-0.057996,-1.034232,-0.078233,-1.016922,0.014211,0.014880,-0.150088,-1.277267,-0.441917,1.213977,-0.033184,0.008020
9.700000,0.003055,0.007551,0.011904,-0.073887,-1.052737,-0.074259,-0.921056,0.009286,0.009006,-0.154759,-1.255235,-0.458519,1.245875,-0.034255,0.008209
9.733333,0.000235,0.003002,0.008275,-0.089236,-1.072752,-0.066892,-0.821998,0.003373,0.002931,-0.147556,-1.211527,-0.469687,1.249045,-0.032683,0.004673
9.766667,-0.002556,0.003989,-0.001456,-0.091753,-1.086401,-0.043441,-0.738861,0.000639,0.004483,-0.142687,-1.169163,-0.490228,1.240485,-0.032012,0.003417
9.800000,-0.001270,0.007781,0.001867,-0.110910,-1.108539,-0.004924,-0.695724,0.004745,0.013560,-0.175172,-1.165979,-0.535602,1.237899,-0.031784,0.007294
9.833333,-0.006745,0.007015,0.000210,-0.124199,-1.132792,0.027221,-0.692587,0.004605,0.009381,-0.206181,-1.174264,-0.595855,1.225293,-0.028059,0.012404
9.866667,-0.016375,0.007015,-0.007301,-0.136125,-1.144634,0.097923,-0.729450,0.013645,0.014251,-0.248987,-1.153498,-0.672012,1.225766,-0.019733,0.019801
9.900000,-0.015595,0.014303,-0.008399,-0.164219,-1.144719,0.186932,-0.805370,0.015171,0.011755,-0.321608,-1.166956,-0.767233,1.246279,-0.016646,0.023775
9.933333,-0.020613,0.011080,-0.005969,-0.223578,-1.149668,0.277760,-0.905370,0.010752,-0.001567,-0.408222,-1.169359,-0.867233,1.262164,-0.012877,0.023185
9.966667,-0.025194,0.010928,-0.019900,-0.284307,-1.130748,0.371367,-1.005370,0.020435,-0.007604,-0.490724,-1.163755,-0.967233,1.301969,-0.006316,0.021468
10.000000,-0.020163,0.013495,-0.021489,-0.367304,-1.105343,0.471366,-1.105370,0.019638,-0.002355,-0.539876,-1.147425,-1.067233,1.329340,-0.004609,0.024827
10.033333,-0.017707,0.014632,-0.015201,-0.467304,-1.097210,0.571366,-1.196930,0.013957,0.001777,-0.576845,-1.154289,-1.167233,1.340661,-0.013081,0.018625
10.066667,-0.025806,0.015818,-0.021500,-0.566249,-1.092222,0.671367,-1.279027,0.009208,0.007307,-0.573815,-1.133865,-1.227233,1.332232,-0.017858,0.015105
10.100000,-0.020580,0.017788,-0.019454,-0.658260,-1.094902,0.771367,-1.337598,0.006372,0.012677,-0.530784,-1.129042,-1.247233,1.329001,-0.015261,0.021028
10.133333,-0.019711,0.015629,-0.006663,-0.740730,-1.097582,0.871367,-1.381876,-0.005617,0.013975,-0.452281,-1.106373,-1.227233,1.286053,-0.024955,0.019442
10.166667,-0.021115,0.024668,-0.004702,-0.801571,-1.090359,0.971367,-1.395878,-0.006343,0.015038,-0.370845,-1.083550,-1.167233,1.225561,-0.033091,0.019261
10.200000,-0.023407,0.025925,0.000053,-0.852817,-1.067476,1.071367,-1.418320,-0.000187,0.016275,-0.283548,-1.059448,-1.067233,1.153399,-0.037860,0.025919
10.233333,-0.007917,0.017451,0.006182,-0.884940,-1.043323,1.171367,-1.434753,0.001682,0.010290,-0.228523,-1.051026,-0.967233,1.069675,-0.034971,0.023256
10.266667,-0.002045,0.017469,0.004034,-0.903717,-1.003053,1.271366,-1.445907,0.013028,0.015140,-0.194291,-1.035818,-0.867233,0.969675,-0.048918,0.015254
10.300000,0.008231,0.015988,0.001467,-0.912711,-0.978745,1.371367,-1.469946,0.012401,0.012374,-0.186862,-1.007285,-0.767233,0.869675,-0.045887,0.013363
10.333333,0.010488,0.004382,0.007401,-0.927119,-0.953109,1.443894,-1.503046,0.013833,0.014337,-0.199293,-0.993607,-0.667233,0.781666,-0.039175,0.002987
10.366667,0.021799,0.001989,0.006117,-0.915552,-0.918851,1.476422,-1.514082,0.008397,0.015309,-0.229375,-0.966509,-0.567233,0.730421,-0.041283,-0.014679
10.400000,0.013316,0.003630,0.006215,-0.884161,-0.882295,1.468949,-1.528126,0.012331,0.019492,-0.239318,-0.933532,-0.467233,0.679175,-0.040891,-0.015271
10.433333,0.012418,0.004859,0.012351,-0.833052,-0.843936,1.421477,-1.531140,0.002371,0.016071,-0.247377,-0.890147,-0.367233,0.639237,-0.027484,-0.019443
10.466667,0.018055,0.008203,0.016664,-0.761266,-0.799746,1.339754,-1.506407,0.009677,0.020773,-0.249528,-0.872942,-0.267233,0.612610,-0.030120,-0.014250
10.500000,0.023877,0.012387,0.019715,-0.665696,-0.774403,1.245503,-1.494239,0.008576,0.012726,-0.246030,-0.855231,-0.178325,0.589966,-0.028322,-0.008654
10.533333,0.010295,0.013563,0.013309,-0.565696,-0.769740,1.151253,-1.494228,0.004894,0.008150,-0.226039,-0.838598,-0.107932,0.551505,-0.020312,0.003200
10.566667,0.007579,0.020680,0.011485,-0.494901,-0.755240,1.057002,-1.494048,0.001115,0.019532,-0.224102,-0.839451,-0.053579,0.534390,-0.022341,0.013773
10.600000,0.010063,0.022307,0.012736,-0.424181,-0.763695,0.970541,-1.493704,0.003183,0.025960,-0.226733,-0.880304,-0.031966,0.505968,-0.021763,0.022342
10.633333,-0.001427,0.018963,0.007079,-0.363516,-0.786808,0.895907,-1.501854,0.000154,0.018057,-0.234354,-0.910305,-0.019296,0.464235,-0.016488,0.014701
10.666667,-0.001275,0.017163,-0.006407,-0.318800,-0.797540,0.852638,-1.488931,0.004814,0.022052,-0.245869,-0.953138,-0.028182,0.424657,-0.015282,0.012281
10.700000,0.007333,0.017909,0.003900,-0.302530,-0.804076,0.823541,-1.475298,0.008488,0.021517,-0.268495,-1.000809,-0.034380,0.365975,-0.010812,0.010485
10.733333,0.012433,0.009214,0.006820,-0.259985,-0.818186,0.798924,-1.449891,0.007248,0.013132,-0.282646,-1.036362,-0.036860,0.291108,-0.009860,-0.000514
10.766667,0.008176,0.012449,0.000079,-0.242169,-0.838227,0.797001,-1.432752,0.004932,0.014134,-0.293794,-1.049904,-0.029585,0.256241,-0.009147,-0.004006
10.800000,0.011611,0.012449,0.004309,-0.229749,-0.847873,0.779382,-1.435640,0.002008,0.016296,-0.295577,-1.064492,-0.036260,0.233982,-0.008245,-0.004924
10.833333,0.009327,0.014693,0.012383,-0.215191,-0.850368,0.730398,-1.428949,-0.006098,0.018289,-0.301605,-1.062544,-0.037217,0.212867,-0.007767,-0.001941
10.866667,-0.000422,0.019126,0.008903,-0.177929,-0.845743,0.667241,-1.400715,-0.008452,0.027258,-0.295082,-1.056940,-0.046442,0.214845,-0.013836,-0.005826
10.900000,-0.001217,0.022404,0.009117,-0.145690,-0.860776,0.607921,-1.384288,-0.005316,0.026125,-0.288851,-1.054751,-0.055328,0.240802,-0.012559,-0.008987
10.933333,-0.001473,0.016357,0.013331,-0.106667,-0.854945,0.518118,-1.370241,-0.002872,0.024047,-0.284963,-1.059516,-0.060779,0.257100,-0.009313,-0.006055
10.966667,-0.002827,0.020094,0.007206,-0.058519,-0.862731,0.426434,-1.329269,-0.002996,0.024527,-0.289227,-1.058426,-0.066491,0.291893,-0.017042,-0.001644
11.000000,-0.009838,0.017309,0.004065,-0.012375,-0.878567,0.339512,-1.296275,-0.000461,0.018740,-0.276764,-1.062648,-0.065037,0.315950,-0.019846,-0.007224
11.033333,0.004495,0.012975,0.003745,0.018873,-0.891378,0.255395,-1.265794,-0.003058,0.008782,-0.274743,-1.079347,-0.057477,0.344159,-0.021054,-0.012473
11.066667,0.008312,0.012909,-0.002822,0.030811,-0.887315,0.184207,-1.223773,-0.000950,0.011211,-0.273705,-1.096843,-0.053768,0.370760,-0.034269,-0.005823
11.100000,0.009182,0.012094,-0.004801,0.045550,-0.905137,0.127979,-1.179985,-0.000531,0.003614,-0.259469,-1.098545,-0.058687,0.375223,-0.041863,-0.005695
11.133333,0.009978,0.008358,-0.001526,0.046778,-0.901675,0.101112,-1.137341,-0.003382,0.002603,-0.246178,-1.100326,-0.068399,0.373139,-0.034278,-0.016209
11.166667,0.019588,0.006590,-0.001270,0.034452,-0.899814,0.084659,-1.113051,-0.006936,-0.000028,-0.245022,-1.109779,-0.071242,0.378416,-0.035018,-0.016858
11.200000,0.016374,0.004569,-0.000021,0.022086,-0.914666,0.087410,-1.089501,-0.002868,0.000187,-0.240407,-1.116496,-0.077796,0.379903,-0.028916,-0.008524
11.233333,0.011981,0.006958,0.010146,0.022397,-0.926997,0.108915,-1.062945,-0.001626,-0.003748,-0.233483,-1.107788,-0.086502,0.379812,-0.014675,-0.010058
11.266667,0.025939,0.016622,0.017818,0.006039,-0.913752,0.131592,-1.029280,0.002394,0.014393,-0.218204,-1.123680,-0.088828,0.408770,-0.017129,-0.007219
11.300000,0.024145,0.017670,0.023936,-0.009205,-0.931343,0.141503,-1.022029,0.002821,0.018184,-0.207207,-1.129424,-0.085904,0.424864,-0.020158,0.000199
11.333333,0.016158,0.018134,0.017539,-0.007668,-0.932081,0.153383,-1.020416,0.011327,0.020802,-0.192990,-1.125954,-0.082090,0.456333,-0.020326,0.005202
11.366667,0.012765,0.025738,0.018311,-0.022498,-0.924283,0.175839,-1.017164,0.003469,0.028108,-0.179314,-1.112245,-0.087023,0.502504,-0.022221,0.008053
11.400000,0.015508,0.020671,0.016326,-0.033836,-0.932267,0.168409,-1.036496,-0.000376,0.026745,-0.160333,-1.094552,-0.085951,0.562722,-0.021814,0.008094
11.433333,0.002192,0.015399,0.005089,-0.032780,-0.941603,0.168094,-1.076297,-0.004385,0.015844,-0.161301,-1.045312,-0.080312,0.625689,-0.012626,0.005372
11.466667,0.002102,0.017701,-0.003901,-0.035494,-0.930590,0.155066,-1.109146,0.000116,0.012127,-0.138435,-1.008052,-0.078465,0.716963,-0.015906,0.015240
11.500000,-0.000447,0.017843,0.003838,-0.039175,-0.932928,0.125713,-1.119186,-0.002892,0.015830,-0.120514,-0.967746,-0.068714,0.816963,-0.016717,0.014172
11.533333,0.000727,0.012312,-0.000096,-0.012600,-0.935993,0.081217,-1.137192,0.003352,0.014346,-0.103090,-0.938727,-0.055510,0.905440,-0.021532,0.010437
11.566667,-0.003690,0.011807,-0.001276,-0.007934,-0.936092,0.042010,-1.136729,0.008033,0.022069,-0.094609,-0.905014,-0.048144,0.993917,-0.028737,0.014669
11.600000,-0.006286,0.006911,0.002027,-0.001622,-0.927983,-0.013671,-1.128859,0.007268,0.014891,-0.082287,-0.883281,-0.038100,1.065892,-0.034838,0.009933
11.633333,-0.004075,0.003560,0.008032,-0.000505,-0.902658,-0.052460,-1.106027,0.003957,0.016359,-0.091153,-0.855155,-0.034984,1.115515,-0.030804,-0.003111
11.666667,-0.000665,0.008005,0.004677,-0.005932,-0.879334,-0.052070,-1.091473,0.006189,0.018271,-0.106172,-0.837389,-0.044985,1.139294,-0.032189,-0.009318
11.700000,-0.003830,0.007586,0.006657,-0.019947,-0.864998,-0.067708,-1.088524,0.005979,0.013053,-0.105508,-0.809439,-0.039666,1.149770,-0.027271,-0.009846
11.733333,0.003468,0.007493,0.000125,-0.014016,-0.837869,-0.071642,-1.077062,0.002964,0.008128,-0.119043,-0.813499,-0.040143,1.159583,-0.023900,-0.019285
11.766667,0.006371,0.009590,-0.007633,-0.012190,-0.838622,-0.077235,-1.090764,0.003385,0.009512,-0.115209,-0.805952,-0.037608,1.145899,-0.022763,-0.014173
11.800000,0.003032,0.011262,-0.009045,-0.004895,-0.848531,-0.068551,-1.121997,0.003883,0.007615,-0.100413,-0.807372,-0.030890,1.116554,-0.021820,-0.010948
11.833333,0.001038,0.006236,-0.006246,-0.001548,-0.839932,-0.078836,-1.160364,0.005020,0.004119,-0.084600,-0.790125,-0.026202,1.095497,-0.022601,-0.001714
11.866667,0.006772,0.011471,-0.005817,-0.022825,-0.828834,-0.053550,-1.196369,0.005984,0.011272,-0.104028,-0.801516,-0.049841,1.099266,-0.027033,-0.000396
11.900000,0.000698,0.014661,-0.002614,-0.071047,-0.843587,-0.015372,-1.263918,0.003308,0.008823,-0.124941,-0.772908,-0.089862,1.103698,-0.026838,0.003235
11.933333,-0.001193,0.015041,0.001798,-0.137311,-0.851483,0.057691,-1.322086,0.003285,0.008641,-0.185854,-0.744534,-0.158344,1.148130,-0.027000,-0.000909
11.966667,0.006568,0.013369,0.002179,-0.221364,-0.878365,0.135704,-1.384638,0.011869,0.007395,-0.270473,-0.741154,-0.237590,1.225690,-0.019486,-0.004376
12.000000,0.016210,0.013269,0.003730,-0.321364,-0.935319,0.232686,-1.447289,0.010889,0.012173,-0.370473,-0.763962,-0.337590,1.319049,-0.018044,-0.007196
12.033333,0.017518,0.006380,0.000654,-0.421364,-0.985548,0.332686,-1.503276,0.008475,0.004420,-0.470473,-0.783273,-0.437590,1.394009,-0.012133,-0.009313
12.066667,0.018361,0.004712,-0.003243,-0.521364,-1.015458,0.432686,-1.539263,0.009100,0.007273,-0.570473,-0.810255,-0.537590,1.460694,-0.005292,-0.009927
12.100000,0.023211,0.002663,-0.004942,-0.621364,-1.027099,0.532686,-1.564631,0.005346,0.005486,-0.670473,-0.863068,-0.637590,1.493993,-0.002679,-0.009104
12.133333,0.017773,0.002663,-0.007848,-0.721364,-1.041296,0.632686,-1.570000,-0.004667,0.006257,-0.770473,-0.895529,-0.737590,1.514857,-0.011310,-0.007343
12.166667,0.001847,0.003979,-0.023194,-0.821364,-1.036041,0.732686,-1.565655,-0.003998,-0.007466,-0.860881,-0.888580,-0.837590,1.514042,-0.008134,-0.012204
12.200000,-0.000769,0.005833,-0.027739,-0.921364,-1.014415,0.832686,-1.565655,0.001477,-0.007765,-0.928909,-0.876492,-0.937590,1.514598,-0.002074,-0.003010
12.233333,0.000134,0.004311,-0.022922,-0.999187,-1.004562,0.932686,-1.565655,0.002067,-0.011673,-0.980049,-0.870734,-1.028600,1.497535,-0.009709,-0.005293
12.266667,-0.004080,0.003820,-0.029648,-1.037011,-1.007460,1.030319,-1.565655,0.008951,-0.021860,-0.994996,-0.836337,-1.079609,1.491794,-0.020919,-0.000725
12.300000,-0.007130,0.010301,-0.029819,-1.045197,-0.984519,1.103503,-1.555535,0.011037,-0.016356,-0.992697,-0.808496,-1.097944,1.502589,-0.018677,0.006142
12.333333,0.004544,0.008985,-0.015972,-1.013383,-0.971893,1.136687,-1.534723,0.004344,-0.011875,-0.969766,-0.782777,-1.083413,1.498720,-0.022240,0.005371
12.366667,0.007004,0.008493,-0.011292,-0.941568,-0.955431,1.129870,-1.489566,0.006744,-0.002006,-0.929214,-0.728717,-1.028883,1.471878,-0.035029,-0.003196
12.400000,0.008989,0.018541,-0.010695,-0.851930,-0.947516,1.083054,-1.424409,0.000338,-0.001299,-0.865551,-0.660655,-0.943343,1.430931,-0.040437,0.009648
12.433333,0.015397,0.018754,-0.000394,-0.762293,-0.946665,0.998604,-1.339252,-0.002937,0.009633,-0.798081,-0.630513,-0.857803,1.372047,-0.028773,0.000704
12.466667,0.025088,0.015707,0.002177,-0.662293,-0.952522,0.898604,-1.244214,-0.000715,0.006222,-0.707856,-0.593739,-0.764937,1.273945,-0.026996,-0.005569
12.500000,0.027570,0.015878,0.000572,-0.562293,-0.960020,0.798604,-1.144214,0.000521,0.012555,-0.607856,-0.557886,-0.664937,1.173945,-0.022495,0.005464
12.533333,0.028394,0.016315,0.003299,-0.462293,-0.974892,0.698604,-1.044214,-0.007668,0.007357,-0.507856,-0.554182,-0.564937,1.073945,-0.018856,0.002157
12.566667,0.034756,0.010041,0.007909,-0.362293,-0.972467,0.598604,-0.944214,0.001132,0.014840,-0.407856,-0.587154,-0.464937,0.973945,-0.013218,-0.006811
12.600000,0.033136,0.010426,0.014309,-0.273200,-0.963779,0.498604,-0.844214,0.004950,0.022910,-0.331676,-0.602947,-0.364937,0.873945,-0.017445,-0.003835
12.633333,0.028930,0.006991,0.013093,-0.202598,-0.955805,0.398604,-0.744214,0.001528,0.022145,-0.265451,-0.616112,-0.265787,0.773945,-0.018475,-0.003254
12.666667,0.028232,0.006821,0.015073,-0.161281,-0.943063,0.331720,-0.675121,0.004509,0.022478,-0.239227,-0.665643,-0.190723,0.673945,-0.021875,-0.016639
12.700000,0.034623,0.005023,0.012767,-0.155911,-0.932369,0.293475,-0.646029,0.002723,0.011602,-0.236823,-0.720003,-0.132962,0.573945,-0.018409,-0.017302
12.733333,0.029525,0.001248,0.009934,-0.177609,-0.927676,0.283277,-0.656936,-0.002340,0.004289,-0.245614,-0.751491,-0.096626,0.473945,-0.014337,-0.019121
12.766667,0.025613,0.003764,-0.000005,-0.228399,-0.901933,0.313080,-0.707844,-0.002693,0.004206,-0.247772,-0.781105,-0.076363,0.393232,-0.017020,-0.019788
12.800000,0.026044,0.008740,0.003111,-0.300699,-0.875531,0.382882,-0.798751,-0.001722,0.013177,-0.265591,-0.833776,-0.075437,0.326129,-0.017289,-0.015137
12.833333,0.020084,0.008740,0.001312,-0.383714,-0.857673,0.459568,-0.898751,-0.001443,0.008913,-0.269639,-0.879770,-0.070847,0.282922,-0.014404,-0.012856
12.866667,0.009127,0.008740,-0.005951,-0.470781,-0.838651,0.547615,-0.998751,0.009755,0.013712,-0.261414,-0.890918,-0.068319,0.263742,-0.010387,-0.006920
12.900000,0.010782,0.017788,-0.006225,-0.570781,-0.804172,0.647615,-1.098751,0.011770,0.012853,-0.266463,-0.928262,-0.075333,0.263703,-0.008893,-0.006037
12.933333,0.009527,0.014663,-0.003115,-0.665005,-0.782050,0.747615,-1.198751,0.009262,0.000926,-0.273816,-0.971416,-0.074459,0.244377,-0.001983,-0.010674
12.966667,0.006022,0.013856,-0.013549,-0.719229,-0.748307,0.847615,-1.258751,0.019982,-0.004025,-0.262764,-1.007928,-0.066195,0.246236,0.002083,-0.015497
13.000000,0.011156,0.016179,-0.012673,-0.733452,-0.686264,0.947615,-1.278751,0.019008,0.000772,-0.225486,-1.015507,-0.075576,0.234298,0.006554,-0.005149
13.033333,0.013934,0.017453,-0.003966,-0.707676,-0.611867,1.047615,-1.258752,0.015397,0.006885,-0.182973,-1.040796,-0.070571,0.212049,-0.002068,-0.008995
13.066667,0.006690,0.017167,-0.008952,-0.641899,-0.524225,1.143247,-1.198751,0.014091,0.011332,-0.128362,-1.035580,-0.054001,0.207793,-0.007642,-0.009939
13.100000,0.006320,0.021329,-0.005155,-0.541899,-0.424225,1.232893,-1.098751,0.014565,0.017619,-0.076246,-1.022253,-0.060389,0.228656,-0.004901,0.003539
13.133333,0.006079,0.017746,0.006018,-0.441899,-0.324225,1.282538,-0.998751,0.006758,0.016195,-0.028539,-0.991077,-0.059372,0.224859,-0.010930,0.005164
13.166667,0.003834,0.027118,0.008214,-0.341899,-0.224225,1.292183,-0.898751,0.007828,0.018676,-0.005999,-0.964657,-0.047819,0.246904,-0.018496,0.005211
13.200000,-0.000838,0.028075,0.010601,-0.241899,-0.124225,1.261828,-0.798751,0.011795,0.016933,0.008453,-0.932934,-0.040439,0.270720,-0.016473,0.014880
13.233333,0.009091,0.019312,0.016683,-0.141899,-0.024225,1.195840,-0.711850,0.014676,0.013730,0.005250,-0.916580,-0.013657,0.288337,-0.009191,0.016455
13.266667,0.017946,0.017733,0.012838,-0.041899,0.075775,1.095840,-0.625990,0.020611,0.018114,0.008250,-0.893704,0.035877,0.320836,-0.021230,0.008219
13.300000,0.023416,0.018986,0.010063,0.058101,0.175775,0.995840,-0.580130,0.021196,0.017080,0.010779,-0.855320,0.073366,0.383199,-0.018581,0.010511
13.333333,0.024856,0.008076,0.014464,0.158101,0.275775,0.895840,-0.562383,0.024733,0.020974,0.022870,-0.821763,0.126733,0.449621,-0.008820,0.002632
13.366667,0.035819,0.005845,0.013521,0.258101,0.366015,0.795840,-0.570811,0.022587,0.026465,0.015415,-0.786176,0.163189,0.540557,-0.010798,-0.014205
13.400000,0.030666,0.007891,0.011555,0.358101,0.416255,0.695840,-0.606094,0.025588,0.029340,0.025898,-0.746879,0.175263,0.640557,-0.010931,-0.017382
13.433333,0.027010,0.007979,0.016520,0.458101,0.426495,0.595840,-0.662207,0.018449,0.026569,0.031825,-0.697538,0.157916,0.735033,0.000953,-0.022490
13.466667,0.033988,0.010531,0.018710,0.539533,0.396734,0.495840,-0.710700,0.022502,0.031710,0.023059,-0.666868,0.133949,0.813987,-0.003396,-0.020614
13.500000,0.038453,0.014211,0.020458,0.580964,0.326974,0.395840,-0.771078,0.015351,0.020651,0.010602,-0.638798,0.105138,0.892941,-0.010522,-0.018305
13.533333,0.023821,0.015578,0.011591,0.582396,0.226974,0.295840,-0.845282,0.008087,0.011875,0.016410,-0.597039,0.084692,0.970876,-0.009689,-0.008131
13.566667,0.020455,0.023730,0.009196,0.543828,0.155219,0.214682,-0.919533,0.001772,0.018722,0.006324,-0.563810,0.071668,1.047574,-0.016130,0.002000
13.600000,0.024117,0.025593,0.009551,0.465260,0.087800,0.158478,-0.993379,0.002229,0.023782,-0.007827,-0.550451,0.061306,1.109350,-0.018702,0.008943
13.633333,0.013784,0.021202,0.003182,0.365260,0.034830,0.116381,-1.066862,-0.001457,0.013734,-0.018463,-0.519416,0.064923,1.154629,-0.016343,0.002368
13.666667,0.014685,0.020241,-0.011174,0.283276,0.008593,0.105447,-1.108689,0.005298,0.020566,-0.024530,-0.500753,0.056126,1.192614,-0.013612,0.001747
13.700000,0.023027,0.020376,0.000000,0.214310,-0.001967,0.109034,-1.139709,0.007089,0.024382,-0.037753,-0.486550,0.048647,1.199754,-0.009680,0.002550
13.733333,0.030175,0.011954,0.001527,0.173377,-0.017510,0.102008,-1.148786,0.008843,0.016544,-0.042649,-0.467807,0.044432,1.177578,-0.007384,-0.008037
13.766667,0.025766,0.013876,-0.003074,0.147817,-0.034287,0.107601,-1.146762,0.006183,0.016775,-0.048353,-0.447930,0.054687,1.175848,-0.007695,-0.010301
13.800000,0.028049,0.013876,0.001339,0.145996,-0.031428,0.104407,-1.146530,0.004115,0.020064,-0.041893,-0.437953,0.053999,1.167951,-0.006867,-0.008436
13.833333,0.027801,0.015206,0.009659,0.140133,-0.028633,0.082992,-1.146535,-0.003523,0.018192,-0.047342,-0.422321,0.057219,1.137859,-0.006006,-0.008339
13.866667,0.020931,0.020512,0.006629,0.140728,-0.013260,0.065333,-1.135533,-0.002498,0.023451,-0.043499,-0.406921,0.053242,1.127252,-0.010398,-0.013535
13.900000,0.016166,0.022648,0.009015,0.136966,-0.007629,0.062586,-1.142393,-0.001504,0.023853,-0.044839,-0.394396,0.054209,1.133628,-0.010099,-0.013245
13.933333,0.016812,0.017306,0.011969,0.127946,0.020300,0.028530,-1.165256,0.001571,0.022694,-0.044724,-0.388424,0.055195,1.127160,-0.008240,-0.010559
13.966667,0.016880,0.023212,0.006289,0.108506,0.035735,-0.002292,-1.191257,-0.000113,0.023645,-0.062398,-0.377219,0.058671,1.156223,-0.015145,-0.007334
14.000000,0.008857,0.022270,0.003881,0.086329,0.046702,-0.020548,-1.239800,0.000473,0.020275,-0.063664,-0.369406,0.066154,1.186928,-0.017686,-0.010202
14.033333,0.021568,0.017378,0.002413,0.057326,0.057919,-0.054233,-1.293958,-0.003523,0.012312,-0.077122,-0.377301,0.080736,1.224672,-0.020738,-0.015654
14.066667,0.027772,0.017292,-0.004654,0.013373,0.081066,-0.081927,-1.341453,-0.003432,0.015178,-0.089410,-0.392704,0.090234,1.266771,-0.036241,-0.010036
14.100000,0.028536,0.019230,-0.006293,-0.020054,0.078812,-0.099362,-1.379285,-0.001890,0.008423,-0.085837,-0.393660,0.090493,1.289168,-0.040890,-0.010564
14.133333,0.029969,0.013325,-0.002536,-0.046503,0.081286,-0.096551,-1.395168,-0.004727,0.006730,-0.085038,-0.407373,0.081377,1.290717,-0.034017,-0.021942
14.166667,0.040348,0.011327,-0.002660,-0.076398,0.078478,-0.109865,-1.410607,-0.006289,0.002536,-0.091471,-0.427842,0.080415,1.300298,-0.037991,-0.022696
14.200000,0.036653,0.009697,0.000121,-0.098316,0.054956,-0.105971,-1.418648,-0.001790,0.003047,-0.089710,-0.447901,0.073218,1.303330,-0.032926,-0.013094
14.233333,0.031197,0.013613,0.009188,-0.101478,0.024224,-0.091211,-1.403683,-0.000117,-0.001306,-0.086942,-0.455952,0.059798,1.292776,-0.016567,-0.014267
14.266667,0.046623,0.021813,0.016470,-0.112571,0.016673,-0.084969,-1.372012,0.001679,0.015219,-0.080861,-0.493162,0.052499,1.299253,-0.021782,-0.009469
14.300000,0.047644,0.023289,0.022327,-0.120416,-0.017197,-0.097098,-1.365345,0.003308,0.018475,-0.073973,-0.512869,0.051088,1.297127,-0.025220,-0.002713
14.333333,0.040798,0.021569,0.014711,-0.108244,-0.034266,-0.101092,-1.348764,0.011249,0.018973,-0.062153,-0.525381,0.049613,1.302586,-0.018742,0.000707
14.366667,0.036226,0.029673,0.015139,-0.105077,-0.059127,-0.091264,-1.315781,0.003602,0.027725,-0.060428,-0.546637,0.034696,1.303879,-0.019295,0.005104
14.400000,0.037037,0.022142,0.013882,-0.096030,-0.102227,-0.113056,-1.288232,0.000503,0.024791,-0.055947,-0.568276,0.026364,1.287972,-0.019726,0.004715
14.433333,0.021240,0.016648,0.003569,-0.078814,-0.161518,-0.106032,-1.264692,-0.002493,0.014439,-0.075388,-0.574355,0.018731,1.247581,-0.009039,0.001880
14.466667,0.017531,0.018491,-0.004316,-0.066884,-0.207016,-0.098532,-1.216969,0.001178,0.012435,-0.072634,-0.608906,0.003384,1.199296,-0.010239,0.010400
14.500000,0.014182,0.018488,0.005066,-0.063317,-0.278568,-0.096885,-1.148480,-0.002696,0.017363,-0.084771,-0.657211,-0.009687,1.123240,-0.015052,0.009363
14.533333,0.016078,0.012026,0.001595,-0.040094,-0.350119,-0.103960,-1.079992,0.005181,0.012860,-0.092881,-0.714939,-0.019030,1.023240,-0.015368,0.005502
14.566667,0.013631,0.011816,0.001066,-0.045100,-0.421671,-0.084902,-0.999818,0.009879,0.020440,-0.115881,-0.788767,-0.040083,0.923240,-0.022070,0.009544
14.600000,0.010976,0.005419,0.003543,-0.059883,-0.500213,-0.084997,-0.915636,0.007486,0.012685,-0.138928,-0.878156,-0.063141,0.823240,-0.027747,0.005186
14.633333,0.011325,0.002099,0.009762,-0.081647,-0.573920,-0.072073,-0.815636,0.002144,0.012501,-0.183839,-0.974877,-0.094676,0.723240,-0.025138,-0.007048
14.666667,0.013217,0.005846,0.005578,-0.112213,-0.655291,-0.030819,-0.715636,0.005140,0.014244,-0.241331,-1.071598,-0.155583,0.636703,-0.027058,-0.011057
14.700000,0.011810,0.003918,0.005824,-0.158220,-0.736662,-0.009751,-0.615636,0.001139,0.008889,-0.295085,-1.168319,-0.224062,0.565958,-0.024443,-0.010308
14.733333,0.020359,0.003918,-0.002497,-0.183448,-0.818033,0.005023,-0.515636,-0.002671,0.001639,-0.354048,-1.254688,-0.307355,0.535213,-0.019061,-0.015364
14.766667,0.022875,0.005285,-0.011294,-0.207778,-0.899405,0.009788,-0.441312,-0.001450,-0.000633,-0.408731,-1.321026,-0.405565,0.530043,-0.015924,-0.010465
14.800000,0.019421,0.005285,-0.016327,-0.226220,-0.999405,0.023062,-0.391596,0.000302,-0.004445,-0.472882,-1.362916,-0.505565,0.559520,-0.014473,-0.006461
14.833333,0.016453,0.001367,-0.015075,-0.238279,-1.099405,0.011419,-0.363784,-0.001230,-0.010573,-0.522921,-1.381026,-0.605565,0.596232,-0.013825,0.003137
14.866667,0.018965,0.005460,-0.014328,-0.261619,-1.193208,0.008684,-0.352766,0.000004,-0.004402,-0.576852,-1.390674,-0.705565,0.657152,-0.016314,0.005278
14.900000,0.009804,0.005460,-0.009637,-0.273553,-1.275326,0.011719,-0.364952,-0.001582,-0.005061,-0.618300,-1.382639,-0.805565,0.694611,-0.015557,0.007361
14.933333,0.006259,0.004093,-0.003467,-0.277488,-1.337446,0.027096,-0.371462,-0.002175,-0.003757,-0.655475,-1.374635,-0.905565,0.726495,-0.015875,0.006225
14.966667,0.012066,0.004093,0.002991,-0.298587,-1.359565,0.050042,-0.393364,0.008836,-0.002162,-0.652650,-1.354359,-0.965565,0.763733,-0.006408,0.002587
15.000000,0.019858,0.004093,0.009654,-0.328852,-1.341684,0.097906,-0.433362,0.011373,0.005922,-0.623936,-1.317862,-0.985565,0.820272,-0.005828,0.001403
15.033333,0.018423,0.000000,0.011009,-0.340946,-1.290000,0.171894,-0.496567,0.013183,0.002668,-0.571454,-1.249828,-0.965565,0.876811,-0.001320,-0.001869
15.066667,0.015855,0.000912,0.011014,-0.368964,-1.210000,0.248007,-0.576567,0.015567,0.007987,-0.491454,-1.169828,-0.905565,0.956811,0.003241,-0.005832
15.100000,0.020582,0.000912,0.012449,-0.399030,-1.110000,0.326089,-0.676567,0.012053,0.011247,-0.391454,-1.086861,-0.805565,1.056811,0.005385,-0.006565
15.133333,0.017400,0.000912,0.009929,-0.414895,-1.041837,0.381944,-0.776567,0.002300,0.012727,-0.295698,-1.026535,-0.705565,1.156811,-0.004634,-0.002654
15.166667,0.001523,0.002343,-0.005368,-0.429922,-0.991352,0.437800,-0.876567,0.004047,0.000372,-0.222442,-0.976669,-0.605565,1.240653,-0.002050,-0.012127
15.200000,0.000942,0.004557,-0.010616,-0.467678,-0.954848,0.493655,-0.976567,0.006927,-0.001864,-0.164503,-0.966803,-0.505565,1.304957,0.001730,-0.002429
15.233333,0.007301,0.003645,-0.007234,-0.526828,-0.950683,0.553398,-1.076567,0.007606,-0.005799,-0.130621,-0.982367,-0.405565,1.345706,-0.002224,-0.000878
15.266667,-0.002029,0.004578,-0.014853,-0.595695,-0.978146,0.631172,-1.176567,0.015799,-0.015105,-0.107268,-0.992667,-0.305565,1.356145,-0.012441,-0.000833
15.300000,-0.005997,0.010775,-0.017329,-0.678763,-0.982968,0.731172,-1.276567,0.016697,-0.009414,-0.112896,-1.020328,-0.205565,1.365695,-0.008324,0.006987
15.333333,0.002146,0.009344,-0.005529,-0.757375,-0.993390,0.831172,-1.359996,0.012727,-0.001392,-0.113230,-1.055989,-0.105565,1.352645,-0.008955,0.011896
15.366667,0.005585,0.007130,-0.003342,-0.797516,-0.989829,0.906305,-1.403687,0.018098,0.009024,-0.115567,-1.062926,-0.026054,1.333764,-0.021927,0.000584
15.400000,0.002785,0.016469,-0.003647,-0.797657,-0.993679,0.941439,-1.442307,0.012295,0.012167,-0.097842,-1.045688,0.021403,1.324969,-0.031129,0.010415
15.433333,0.012156,0.015536,0.006099,-0.766032,-0.980745,0.936572,-1.461355,0.008576,0.019568,-0.098045,-1.053074,0.066910,1.333707,-0.020017,0.005567
15.466667,0.015858,0.010148,0.008715,-0.694407,-0.965296,0.891706,-1.463556,0.010509,0.014186,-0.100095,-1.038125,0.085763,1.323584,-0.016184,-0.002356
15.500000,0.020136,0.010148,0.007903,-0.595936,-0.941658,0.806839,-1.469075,0.008257,0.017142,-0.089531,-1.007752,0.079694,1.329219,-0.011306,0.005468
15.533333,0.018861,0.011343,0.012834,-0.495936,-0.926295,0.706839,-1.489192,0.000708,0.008490,-0.079100,-1.000927,0.091214,1.345286,-0.005798,0.007604
15.566667,0.023911,0.005439,0.017742,-0.395936,-0.888871,0.606839,-1.500945,0.009725,0.012679,-0.086243,-1.024155,0.114847,1.366814,0.003534,-0.000980
15.600000,0.020976,0.007172,0.022924,-0.312197,-0.853599,0.506839,-1.507341,0.011916,0.019373,-0.092943,-1.029385,0.117104,1.381869,-0.000189,0.003832
15.633333,0.017733,0.006363,0.022423,-0.240090,-0.820076,0.406839,-1.511813,0.008323,0.018930,-0.069910,-1.022371,0.122774,1.376887,-0.006765,0.002712
15.666667,0.017183,0.006686,0.024291,-0.180749,-0.794420,0.306839,-1.489538,0.010710,0.021194,-0.076262,-1.038896,0.130724,1.390252,-0.011482,-0.008630
15.700000,0.022405,0.005491,0.020639,-0.137802,-0.782807,0.206839,-1.469947,0.005667,0.013258,-0.081917,-1.048343,0.127656,1.396188,-0.006214,-0.011580
15.733333,0.016810,0.002057,0.018224,-0.116902,-0.783411,0.106839,-1.444756,-0.000655,0.009512,-0.076693,-1.036109,0.119297,1.378420,-0.005561,-0.012017
15.766667,0.012881,0.004672,0.009701,-0.090175,-0.781820,0.042669,-1.404494,0.002512,0.010112,-0.057094,-1.016140,0.117726,1.357046,-0.010462,-0.012692
15.800000,0.014775,0.010891,0.012442,-0.091817,-0.801984,0.017414,-1.357132,0.005814,0.019434,-0.054851,-1.027951,0.120712,1.349741,-0.007612,-0.003098
15.833333,0.009805,0.010568,0.008806,-0.102799,-0.834731,0.026247,-1.336334,0.002823,0.012281,-0.045507,-1.032719,0.127266,1.335804,-0.005754,0.001233
15.866667,-0.000785,0.010568,0.001385,-0.121670,-0.865055,0.075079,-1.316644,0.011889,0.016995,-0.033909,-1.011952,0.125556,1.326635,-0.002632,0.006384
15.900000,0.003142,0.018036,-0.000650,-0.158493,-0.890496,0.163912,-1.310268,0.016848,0.014005,-0.036907,-1.021559,0.126221,1.334808,0.003634,0.007855
15.933333,-0.001385,0.014186,0.001062,-0.224882,-0.925492,0.256915,-1.327550,0.014691,0.003252,-0.053932,-1.038928,0.134067,1.334923,0.010594,0.002270
15.966667,-0.005537,0.013015,-0.012631,-0.291271,-0.934523,0.351002,-1.350377,0.021258,-0.004681,-0.086089,-1.059096,0.137367,1.360757,0.014562,-0.004167
16.000000,-0.000538,0.014598,-0.014381,-0.375553,-0.947502,0.451002,-1.366162,0.021136,0.000126,-0.101997,-1.084852,0.120008,1.388174,0.016229,0.000439
16.033333,0.003359,0.015721,-0.009084,-0.475553,-0.979849,0.551002,-1.379900,0.018348,0.004433,-0.129177,-1.137146,0.120301,1.405543,0.009458,-0.004660
16.066667,-0.004307,0.016456,-0.016430,-0.574268,-1.017202,0.651002,-1.383899,0.010160,0.007306,-0.161511,-1.172214,0.103451,1.432569,0.001000,-0.009380
16.100000,0.000490,0.020108,-0.013896,-0.658436,-1.058256,0.751002,-1.380677,0.004245,0.012065,-0.194010,-1.210804,0.055958,1.473619,0.002186,0.001379
16.133333,0.000704,0.016082,-0.002083,-0.722297,-1.099260,0.851003,-1.381112,-0.004398,0.014433,-0.208128,-1.227492,0.009924,1.482361,-0.008095,-0.000414
16.166667,-0.002814,0.026792,0.000277,-0.749353,-1.117269,0.951002,-1.369147,-0.006866,0.014459,-0.226093,-1.231083,-0.030257,1.479999,-0.016466,0.000064
16.200000,-0.009262,0.025764,0.003921,-0.736410,-1.111266,1.051003,-1.380576,-0.006609,0.014531,-0.218283,-1.234325,-0.073572,1.477937,-0.019036,0.008106
16.233333,-0.001801,0.017561,0.009681,-0.684752,-1.094277,1.111002,-1.391740,-0.002227,0.009317,-0.194227,-1.243658,-0.078064,1.453034,-0.012927,0.008307
16.266667,0.003769,0.014142,0.005777,-0.607640,-1.061036,1.131003,-1.390323,0.005639,0.013810,-0.154374,-1.248001,-0.050959,1.429562,-0.026513,0.004347
16.300000,0.009791,0.013119,0.002821,-0.510836,-1.044063,1.111003,-1.395594,0.005638,0.009308,-0.116655,-1.234245,-0.028577,1.399619,-0.024446,0.007229
16.333333,0.008566,0.000827,0.008954,-0.410836,-1.024367,1.051003,-1.407633,0.009870,0.009447,-0.083571,-1.239775,0.013999,1.374709,-0.015397,0.002387
16.366667,0.020328,0.000732,0.009119,-0.310836,-1.009302,0.951002,-1.391997,0.007976,0.009562,-0.083511,-1.226425,0.046867,1.370842,-0.020197,-0.013702
16.400000,0.013445,0.001064,0.009720,-0.210836,-1.003369,0.851003,-1.371321,0.010137,0.014754,-0.075495,-1.209605,0.056607,1.354528,-0.024464,-0.011333
16.433333,0.009133,0.003299,0.015142,-0.122069,-0.993419,0.751002,-1.346788,0.006113,0.009393,-0.076780,-1.175828,0.039525,1.313673,-0.009266,-0.017598
16.466667,0.015889,0.005824,0.018523,-0.051849,-0.973973,0.651002,-1.301689,0.012157,0.015249,-0.076814,-1.159281,0.029655,1.279964,-0.011201,-0.013541
16.500000,0.022123,0.009460,0.020316,-0.010929,-0.974874,0.551002,-1.266226,0.008259,0.010275,-0.069957,-1.136953,0.018162,1.236291,-0.012942,-0.011618
16.533333,0.009010,0.010056,0.012048,0.010133,-0.984438,0.451002,-1.247126,0.007741,0.004998,-0.043055,-1.111479,0.005866,1.182427,-0.006602,0.000677
16.566667,0.006024,0.019222,0.009285,-0.008804,-0.968687,0.351002,-1.238131,0.002730,0.012255,-0.037348,-1.095807,0.001337,1.168364,-0.007772,0.008033
16.600000,0.009336,0.019080,0.010446,-0.030564,-0.965606,0.251002,-1.229136,-0.001304,0.019505,-0.032090,-1.101320,0.000354,1.160934,-0.011742,0.013022
16.633333,0.000050,0.016554,0.004951,-0.049424,-0.971186,0.151002,-1.245092,-0.004857,0.010091,-0.031544,-1.091031,0.007998,1.160540,-0.006705,0.004813
16.666667,0.002114,0.016534,-0.009936,-0.066734,-0.949821,0.066182,-1.265679,0.000816,0.014260,-0.034923,-1.080890,0.002476,1.185884,-0.002722,0.003037
16.700000,0.008228,0.017559,0.001156,-0.096433,-0.920532,-0.004350,-1.294273,0.003142,0.018873,-0.047928,-1.073193,-0.002932,1.207755,0.001433,0.003065
16.733333,0.014876,0.008947,0.003323,-0.103652,-0.900328,-0.062940,-1.318841,0.003202,0.010520,-0.054750,-1.052393,-0.006478,1.201882,0.005250,-0.006839
16.766667,0.010914,0.013115,-0.003166,-0.132698,-0.885823,-0.081530,-1.361808,0.002376,0.012087,-0.066443,-1.019515,0.000376,1.229377,0.008229,-0.007398
16.800000,0.013481,0.013115,0.000119,-0.179978,-0.854478,-0.073352,-1.410372,-0.002808,0.015199,-0.067544,-0.996301,-0.005449,1.262857,0.007235,-0.004427
16.833333,0.011073,0.013272,0.008900,-0.229156,-0.821802,-0.059235,-1.448850,-0.008390,0.015231,-0.079085,-0.964915,-0.007624,1.266833,0.005468,-0.001533
16.866667,0.003637,0.018181,0.004923,-0.263086,-0.782796,-0.037728,-1.463017,-0.009134,0.021144,-0.080482,-0.932674,-0.013315,1.275550,-0.002408,-0.010910
16.900000,0.002242,0.021011,0.006075,-0.295627,-0.756685,-0.000755,-1.486818,-0.005877,0.018788,-0.085321,-0.906430,-0.013130,1.297383,-0.004494,-0.011530
16.933333,0.003075,0.015212,0.010784,-0.311567,-0.715917,0.000987,-1.510046,-0.002212,0.016615,-0.086446,-0.898894,-0.010508,1.300806,-0.003951,-0.010684
16.966667,0.000395,0.020646,0.005379,-0.297319,-0.694494,-0.015241,-1.514780,-0.000121,0.020409,-0.096154,-0.888546,0.001861,1.307651,-0.011166,-0.010021
17.000000,-0.004751,0.018700,0.003818,-0.259005,-0.683409,-0.029089,-1.511238,0.000228,0.017771,-0.086818,-0.887711,0.019076,1.304001,-0.010641,-0.015350
17.033333,0.007642,0.012671,0.002474,-0.220043,-0.670818,-0.060582,-1.513123,-0.003535,0.006181,-0.093262,-0.903655,0.041580,1.300807,-0.008003,-0.015844
17.066667,0.009446,0.012527,-0.003796,-0.184504,-0.646395,-0.095780,-1.498230,-0.002371,0.012061,-0.097932,-0.923705,0.055043,1.298110,-0.023611,-0.010188
17.100000,0.010290,0.013047,-0.005459,-0.138560,-0.644424,-0.121639,-1.476744,-0.001878,0.003866,-0.089001,-0.922598,0.057411,1.273822,-0.029028,-0.009447
17.133333,0.011825,0.007613,-0.002068,-0.107321,-0.625975,-0.128422,-1.448052,-0.004726,0.001138,-0.091100,-0.925648,0.044753,1.243693,-0.020778,-0.020143
17.166667,0.020970,0.007421,-0.002929,-0.097389,-0.608491,-0.153782,-1.444616,-0.007287,-0.005231,-0.104517,-0.930032,0.039706,1.238843,-0.027925,-0.021644
17.200000,0.020146,0.007279,0.000124,-0.090169,-0.607281,-0.163996,-1.439988,-0.006171,-0.002064,-0.108672,-0.928399,0.028960,1.244357,-0.022162,-0.017060
17.233333,0.017668,0.011438,0.008580,-0.076463,-0.609715,-0.158005,-1.425529,-0.005331,-0.005845,-0.115217,-0.912537,0.015118,1.241163,-0.005349,-0.020599
17.266667,0.032288,0.020942,0.015659,-0.084633,-0.589310,-0.162036,-1.405190,-0.003478,0.012437,-0.117784,-0.927870,0.007661,1.267324,-0.006679,-0.017131
17.300000,0.032333,0.021058,0.021860,-0.088074,-0.603274,-0.182293,-1.410553,-0.000716,0.016335,-0.117735,-0.930766,0.009111,1.282609,-0.008459,-0.009456
17.333333,0.025055,0.020789,0.015798,-0.077150,-0.607309,-0.188469,-1.407967,0.007915,0.018543,-0.111328,-0.933768,0.007851,1.299163,-0.005632,-0.003820
17.366667,0.019000,0.027901,0.016995,-0.081225,-0.617344,-0.177574,-1.388763,0.000989,0.026600,-0.114813,-0.942403,-0.009637,1.289430,-0.008565,0.000825
17.400000,0.020534,0.021081,0.016903,-0.077245,-0.647179,-0.201068,-1.377812,-0.003296,0.025829,-0.115043,-0.957662,-0.024093,1.262734,-0.009891,0.001452
17.433333,0.006724,0.015069,0.006951,-0.063513,-0.689968,-0.191185,-1.361507,-0.004819,0.016189,-0.142296,-0.957425,-0.034760,1.206684,-0.004312,-0.001042
17.466667,0.004500,0.017914,-0.000894,-0.057979,-0.722130,-0.179920,-1.311383,-0.002983,0.012570,-0.152089,-0.987325,-0.059837,1.142539,-0.008141,0.005774
17.500000,0.000047,0.016550,0.008508,-0.057403,-0.775540,-0.175250,-1.234156,-0.007018,0.015090,-0.178874,-1.027983,-0.076682,1.051845,-0.005457,0.003104
17.533333,0.003654,0.011128,0.005646,-0.031877,-0.827697,-0.180695,-1.156930,0.001002,0.012624,-0.196653,-1.072569,-0.082350,0.951845,-0.007629,0.001328
17.566667,0.002013,0.010214,0.003699,-0.036746,-0.883407,-0.161559,-1.063111,0.005411,0.019672,-0.216321,-1.113993,-0.087298,0.851845,-0.013330,0.004153
17.600000,0.000453,0.005158,0.005931,-0.043587,-0.942727,-0.159813,-0.969293,0.003242,0.012468,-0.222235,-1.159908,-0.090026,0.751845,-0.014110,-0.001240
17.633333,0.004032,0.002197,0.011260,-0.054332,-0.973884,-0.143942,-0.869293,-0.002354,0.011931,-0.242751,-1.181805,-0.091445,0.651845,-0.009426,-0.012796
17.666667,0.007981,0.005876,0.006767,-0.069946,-1.016193,-0.100477,-0.800948,0.000854,0.016859,-0.257162,-1.204486,-0.100084,0.575024,-0.014557,-0.019417
17.700000,0.005194,0.003826,0.006842,-0.102361,-1.064696,-0.043148,-0.772604,-0.002666,0.010370,-0.258018,-1.222215,-0.092169,0.508024,-0.011891,-0.021484
17.733333,0.011323,0.003826,0.000113,-0.133325,-1.087775,0.024079,-0.784260,-0.001435,0.004621,-0.272730,-1.258516,-0.091633,0.481024,-0.007464,-0.029627
17.766667,0.013952,0.005636,-0.008662,-0.181317,-1.119197,0.111237,-0.835916,-0.002933,0.000200,-0.268812,-1.283815,-0.081814,0.454024,-0.008197,-0.028533
17.800000,0.012846,0.005981,-0.011943,-0.243537,-1.164559,0.211237,-0.927572,0.002382,-0.000448,-0.262221,-1.324147,-0.065249,0.427024,-0.009238,-0.025871
17.833333,0.012054,0.002302,-0.009310,-0.323405,-1.172931,0.311237,-1.027572,0.004340,-0.006348,-0.257808,-1.342630,-0.049552,0.393123,-0.007482,-0.018599
17.866667,0.016282,0.008799,-0.008302,-0.417362,-1.168742,0.411237,-1.127572,0.008142,0.000349,-0.265507,-1.369704,-0.044208,0.380788,-0.010933,-0.017122
17.900000,0.011257,0.009678,-0.003226,-0.517362,-1.183724,0.511237,-1.214403,0.003432,-0.003490,-0.257295,-1.368818,-0.043931,0.328452,-0.009479,-0.013055
17.933333,0.008789,0.008601,0.004090,-0.617362,-1.182681,0.611237,-1.281234,0.005605,-0.000575,-0.269083,-1.372084,-0.055394,0.289992,-0.008863,-0.013252
17.966667,0.012345,0.008256,0.009677,-0.717362,-1.166487,0.711237,-1.348065,0.011804,0.000407,-0.254956,-1.354199,-0.054354,0.291532,-0.007370,-0.015557
18.000000,0.021288,0.008321,0.015323,-0.817362,-1.147673,0.811237,-1.414897,0.011719,0.009394,-0.215266,-1.318164,-0.049646,0.316794,-0.015843,-0.015286
18.033333,0.019404,0.001824,0.016605,-0.917363,-1.101421,0.911237,-1.463382,0.010388,0.005704,-0.161240,-1.250204,-0.039390,0.350669,-0.017357,-0.017882
18.066667,0.017911,0.003519,0.015111,-1.004264,-1.021421,1.011237,-1.505037,0.011696,0.010050,-0.112767,-1.170204,-0.028003,0.424544,-0.019715,-0.022704
18.100000,0.021125,0.004204,0.015323,-1.066327,-0.921421,1.111237,-1.546691,0.005788,0.013629,-0.058947,-1.070204,-0.018226,0.524544,-0.027401,-0.021588
18.133333,0.016692,0.004204,0.013343,-1.112548,-0.821421,1.211237,-1.568346,-0.002029,0.015901,-0.021565,-0.970204,-0.000707,0.624544,-0.034937,-0.020935
18.166667,-0.002718,0.005679,-0.003548,-1.120748,-0.742148,1.311237,-1.570000,-0.003124,0.002292,-0.007532,-0.870204,0.007078,0.724544,-0.030222,-0.025729
18.200000,-0.000116,0.007949,-0.009650,-1.127479,-0.683566,1.403975,-1.570000,0.000505,-0.000856,-0.001007,-0.770204,0.006101,0.824544,-0.023917,-0.016812
18.233333,0.004079,0.005374,-0.006060,-1.118804,-0.662697,1.464903,-1.570000,-0.000125,-0.001541,0.007234,-0.676536,0.030411,0.924544,-0.030456,-0.014084
18.266667,-0.002373,0.004882,-0.013640,-1.098386,-0.681829,1.492692,-1.570000,0.010156,-0.012179,0.029614,-0.601689,0.076331,1.020341,-0.037899,-0.012894
18.300000,-0.004452,0.011554,-0.016195,-1.093809,-0.716162,1.519980,-1.570000,0.011953,-0.007893,0.034106,-0.566841,0.089401,1.116137,-0.035037,-0.002669
18.333333,0.008154,0.010014,-0.003621,-1.102924,-0.756438,1.523019,-1.570000,0.010177,-0.000428,0.045320,-0.567432,0.112914,1.187351,-0.037168,-0.001702
18.366667,0.010167,0.008892,-0.000437,-1.087173,-0.780801,1.499990,-1.558553,0.013945,0.011875,0.051163,-0.594029,0.133057,1.237598,-0.050162,-0.009732
18.400000,0.007340,0.017431,-0.001328,-1.087249,-0.807451,1.500934,-1.558553,0.009962,0.013775,0.066929,-0.628427,0.116411,1.281952,-0.054507,0.000643
18.433333,0.013388,0.016359,0.006632,-1.104721,-0.822812,1.507378,-1.558553,0.008009,0.023416,0.050843,-0.684004,0.083522,1.321078,-0.047826,-0.001256
18.466667,0.018785,0.012308,0.006169,-1.099497,-0.843636,1.496981,-1.558553,0.008580,0.016020,0.029083,-0.736862,0.049301,1.349164,-0.044589,-0.007391
18.500000,0.022472,0.012308,0.004223,-1.108111,-0.874466,1.498837,-1.558553,0.006926,0.016483,-0.016050,-0.768805,-0.014365,1.387441,-0.040487,0.003564
18.533333,0.017448,0.012067,0.004974,-1.114359,-0.924893,1.510164,-1.570000,0.001682,0.006873,-0.084217,-0.812487,-0.090608,1.435421,-0.034146,0.005018
18.566667,0.026428,0.007039,0.007238,-1.119397,-0.960637,1.510974,-1.570000,0.009772,0.011488,-0.176583,-0.869905,-0.166851,1.480158,-0.025376,-0.001181
18.600000,0.025262,0.008405,0.012188,-1.119630,-0.991726,1.526953,-1.569864,0.011973,0.018779,-0.276583,-0.902904,-0.266851,1.514327,-0.022831,0.001955
18.633333,0.017762,0.005783,0.011726,-1.108884,-1.019354,1.534891,-1.569864,0.013122,0.017930,-0.376583,-0.900284,-0.366851,1.528814,-0.027536,0.005790
18.666667,0.013537,0.005783,0.011509,-1.080852,-1.026983,1.554826,-1.551624,0.011510,0.018213,-0.476583,-0.904931,-0.466851,1.548415,-0.028467,-0.004558
18.700000,0.022313,0.004877,0.008106,-1.066713,-1.031929,1.574742,-1.545777,0.007058,0.008506,-0.576583,-0.898610,-0.566851,1.559279,-0.026051,-0.005661
18.733333,0.013144,0.001366,0.005560,-1.044507,-1.038691,1.584172,-1.541727,0.002986,0.003032,-0.654477,-0.872046,-0.666851,1.552454,-0.023440,-0.003966
18.766667,0.007377,0.003302,-0.004736,-1.011643,-1.029837,1.591236,-1.517813,0.004913,0.002742,-0.705735,-0.837482,-0.766851,1.543118,-0.026097,-0.003535
18.800000,0.008489,0.009497,-0.002408,-1.006145,-1.028119,1.610006,-1.500891,0.005447,0.014146,-0.736478,-0.832066,-0.866851,1.539689,-0.022206,-0.001102
18.833333,0.006654,0.009497,-0.005307,-0.997104,-1.039759,1.604832,-1.502982,0.006799,0.009535,-0.746783,-0.822370,-0.966851,1.532967,-0.018865,0.002701
18.866667,-0.007720,0.009497,-0.012298,-0.962873,-1.050996,1.592601,-1.476026,0.019386,0.014314,-0.717089,-0.785895,-1.066851,1.519405,-0.011979,0.011013
18.900000,-0.004693,0.017477,-0.013360,-0.910595,-1.075099,1.569212,-1.427272,0.019647,0.011312,-0.669500,-0.781796,-1.136774,1.492668,-0.010167,0.011758
18.933333,-0.005416,0.014839,-0.008882,-0.852967,-1.122702,1.520656,-1.378519,0.013627,-0.000885,-0.608547,-0.797192,-1.166698,1.448441,-0.005346,0.008809
18.966667,-0.006367,0.014129,-0.020113,-0.761649,-1.147989,1.445778,-1.302637,0.018506,-0.008781,-0.528110,-0.821778,-1.156621,1.389030,0.000752,0.006910
19.000000,-0.004475,0.016617,-0.019120,-0.661649,-1.181181,1.354844,-1.205983,0.016594,-0.002846,-0.428110,-0.868855,-1.106544,1.302189,-0.002010,0.012035
19.033333,0.000663,0.017476,-0.010542,-0.561649,-1.229416,1.254844,-1.105983,0.004916,0.003772,-0.328110,-0.955932,-1.016468,1.202189,-0.011590,0.006248
19.066667,-0.005979,0.017905,-0.015115,-0.461649,-1.252182,1.154844,-1.005983,-0.001353,0.009326,-0.262711,-1.019204,-0.916468,1.102189,-0.016272,0.004578
19.100000,-0.003731,0.020395,-0.011891,-0.373249,-1.265184,1.054844,-0.929875,-0.004671,0.015659,-0.229494,-1.074067,-0.847994,1.029631,-0.013820,0.012457
19.133333,-0.004701,0.015120,-0.000439,-0.316768,-1.276163,0.954844,-0.893768,-0.016757,0.016567,-0.225711,-1.100207,-0.819273,0.985696,-0.023995,0.010384
19.166667,-0.006914,0.023046,-0.000195,-0.299474,-1.249202,0.871769,-0.897660,-0.019843,0.016574,-0.252420,-1.094965,-0.830552,0.981761,-0.028044,0.010041
19.200000,-0.010020,0.023292,0.002192,-0.322180,-1.200920,0.828694,-0.941553,-0.012591,0.013001,-0.291998,-1.075333,-0.881831,1.007201,-0.029269,0.017675
19.233333,0.000043,0.014882,0.006690,-0.379815,-1.157212,0.825619,-1.025446,-0.010344,0.003318,-0.321013,-1.072115,-0.949065,1.060502,-0.026055,0.019992
19.266667,0.005836,0.013522,0.001176,-0.465851,-1.107544,0.862545,-1.119655,-0.002557,0.005080,-0.338527,-1.064737,-1.015117,1.126360,-0.039258,0.014479
19.300000,0.012394,0.013312,-0.003468,-0.559967,-1.085257,0.939470,-1.213863,0.000602,0.000811,-0.357966,-1.048781,-1.081418,1.195236,-0.038439,0.016758
19.333333,0.013933,0.002898,0.001121,-0.654896,-1.083046,1.039470,-1.297407,0.006385,0.003802,-0.370604,-1.061611,-1.134848,1.257538,-0.029607,0.011127
19.366667,0.024428,0.001794,-0.001500,-0.741716,-1.087056,1.139470,-1.356069,0.001775,0.009205,-0.401384,-1.065526,-1.168728,1.322062,-0.033896,-0.003752
19.400000,0.018326,0.001794,-0.002951,-0.811004,-1.100581,1.239470,-1.402582,0.008540,0.011244,-0.425725,-1.071506,-1.225159,1.358725,-0.036606,-0.005379
19.433333,0.014864,0.001837,0.002320,-0.841882,-1.109246,1.332174,-1.416097,0.001033,0.006999,-0.446286,-1.065717,-1.270543,1.355389,-0.023392,-0.007886
19.466667,0.023696,0.003990,0.006563,-0.832760,-1.100356,1.389965,-1.392718,0.008989,0.014687,-0.435487,-1.091106,-1.275927,1.320412,-0.026957,-0.002430
19.500000,0.028628,0.006658,0.010661,-0.791640,-1.109821,1.407755,-1.363919,0.006045,0.006699,-0.400997,-1.118709,-1.254184,1.252009,-0.029017,-0.000043
19.533333,0.014660,0.006658,0.004373,-0.724716,-1.130211,1.385546,-1.341902,0.001577,0.001007,-0.336345,-1.139783,-1.211988,1.152009,-0.023078,0.009975
19.566667,0.009425,0.015749,0.003129,-0.647095,-1.127212,1.323336,-1.294357,-0.002417,0.011779,-0.273608,-1.164916,-1.131288,1.059780,-0.023500,0.020416
19.600000,0.011966,0.016945,0.005430,-0.567884,-1.135824,1.228423,-1.245600,-0.002607,0.019384,-0.212999,-1.209818,-1.031288,0.967551,-0.024178,0.025834
19.633333,-0.000218,0.014793,0.001076,-0.488672,-1.150603,1.128423,-1.193737,-0.008817,0.009044,-0.170476,-1.220841,-0.931288,0.890437,-0.019411,0.017411
19.666667,0.001762,0.015057,-0.012982,-0.401460,-1.126952,1.028423,-1.117960,-0.003418,0.015244,-0.132695,-1.199258,-0.831288,0.853324,-0.019127,0.014725
19.700000,0.007856,0.015923,-0.001195,-0.308161,-1.086688,0.928423,-1.024294,0.000387,0.016145,-0.115549,-1.174919,-0.731288,0.856210,-0.015621,0.014805
19.733333,0.015475,0.007075,0.001504,-0.208162,-1.049560,0.828423,-0.958672,-0.003405,0.007568,-0.100003,-1.133761,-0.631288,0.891325,-0.013863,-0.000022
19.766667,0.011967,0.011096,-0.004043,-0.134000,-1.018753,0.728423,-0.926967,-0.005212,0.008074,-0.088246,-1.085394,-0.531288,0.966440,-0.014695,-0.003436
19.800000,0.013737,0.011096,0.000140,-0.077184,-0.979293,0.628423,-0.935262,-0.007839,0.010516,-0.074562,-1.053758,-0.431288,1.066440,-0.013853,-0.005161
19.833333,0.010801,0.011769,0.008819,-0.047594,-0.946910,0.528423,-0.976911,-0.015818,0.010000,-0.085218,-1.035016,-0.331288,1.166440,-0.015766,-0.002453
19.866667,0.004092,0.016628,0.005861,-0.038214,-0.914571,0.428423,-1.034496,-0.014830,0.016334,-0.088676,-1.020294,-0.231288,1.256185,-0.023135,-0.009059
19.900000,-0.000681,0.019127,0.007279,-0.046656,-0.902633,0.328423,-1.101714,-0.010317,0.016446,-0.095300,-1.011200,-0.133654,1.332526,-0.023900,-0.008347
19.933333,0.001116,0.012372,0.010563,-0.059781,-0.874917,0.228423,-1.166488,-0.005439,0.013569,-0.102574,-1.010488,-0.054126,1.392932,-0.020948,-0.008642
19.966667,0.002434,0.015215,0.004238,-0.078284,-0.859653,0.128423,-1.225258,-0.006441,0.015654,-0.121349,-0.998518,0.004467,1.443263,-0.027585,-0.005525
20.000000,-0.004379,0.013610,0.001978,-0.096118,-0.855745,0.048120,-1.276870,-0.004420,0.009594,-0.120189,-0.989925,0.042313,1.454723,-0.027613,-0.008529
20.033333,0.007754,0.008741,0.000451,-0.127384,-0.846857,-0.019987,-1.338598,-0.011185,-0.000705,-0.129501,-0.989608,0.065318,1.464610,-0.028770,-0.010654
20.066667,0.014371,0.008658,-0.006387,-0.179820,-0.815427,-0.052112,-1.395299,-0.006764,0.006021,-0.138762,-0.990748,0.071346,1.476449,-0.043410,-0.006345
20.100000,0.014771,0.010551,-0.008864,-0.220466,-0.800840,-0.063062,-1.437743,-0.007698,-0.003185,-0.134217,-0.973401,0.067650,1.466357,-0.050143,-0.006995
20.133333,0.014118,0.007709,-0.004861,-0.256497,-0.768728,-0.044629,-1.464316,-0.009446,-0.003591,-0.135387,-0.960502,0.056092,1.441911,-0.044005,-0.014911
20.166667,0.023951,0.005708,-0.004271,-0.287326,-0.733579,-0.045893,-1.495822,-0.012391,-0.005586,-0.144976,-0.952412,0.051907,1.439219,-0.049827,-0.015742
20.200000,0.021332,0.004852,-0.001432,-0.296109,-0.713896,-0.049410,-1.513094,-0.006575,-0.002985,-0.148520,-0.943305,0.040919,1.433261,-0.043886,-0.012248
20.233333,0.017995,0.008155,0.008634,-0.270978,-0.702140,-0.055010,-1.502331,-0.009729,-0.010793,-0.149246,-0.922403,0.028816,1.417719,-0.027959,-0.011435
20.266667,0.033666,0.016964,0.016763,-0.247948,-0.667747,-0.081787,-1.476833,-0.007286,0.009658,-0.144350,-0.930422,0.024448,1.430935,-0.030252,-0.005598
20.300000,0.034393,0.017626,0.022701,-0.217931,-0.670228,-0.132848,-1.473207,-0.004564,0.012564,-0.135241,-0.928521,0.026382,1.436561,-0.033007,0.000852
20.333333,0.026752,0.018024,0.014720,-0.178609,-0.663855,-0.169292,-1.462319,0.003681,0.013347,-0.123204,-0.924461,0.029212,1.451055,-0.027441,0.003279
20.366667,0.022693,0.024264,0.015214,-0.161485,-0.656013,-0.177866,-1.441887,-0.003042,0.020566,-0.119345,-0.920148,0.020078,1.478093,-0.026933,0.009543
20.400000,0.023490,0.018682,0.013215,-0.142038,-0.665956,-0.217248,-1.442965,-0.005956,0.018514,-0.111833,-0.914418,0.021227,1.486166,-0.028315,0.006920
20.433333,0.009355,0.013128,0.003299,-0.125218,-0.683774,-0.217240,-1.458865,-0.007112,0.008119,-0.127813,-0.883894,0.019642,1.475001,-0.021801,0.005957
20.466667,0.005926,0.014941,-0.005239,-0.120553,-0.681919,-0.212275,-1.467470,-0.006760,0.004786,-0.122976,-0.870446,0.012411,1.478634,-0.025679,0.012578
20.500000,0.003197,0.014543,0.004941,-0.117194,-0.690347,-0.215611,-1.462216,-0.008618,0.009556,-0.127114,-0.859185,0.013099,1.468591,-0.028132,0.013095
20.533333,0.005274,0.010036,0.001658,-0.090856,-0.699887,-0.231836,-1.474582,-0.004405,0.008785,-0.125164,-0.849285,0.019707,1.435183,-0.029084,0.009484
20.566667,0.002183,0.009656,0.000438,-0.097947,-0.699818,-0.224652,-1.483800,0.003128,0.017889,-0.134869,-0.831006,0.017661,1.441776,-0.035323,0.013706
20.600000,0.001217,0.004209,0.002846,-0.100568,-0.688136,-0.244704,-1.493132,0.001223,0.012664,-0.138195,-0.820144,0.021082,1.446685,-0.037597,0.006392
20.633333,0.004254,0.001733,0.009183,-0.110239,-0.656986,-0.254333,-1.489122,-0.001253,0.012019,-0.163457,-0.796005,0.018043,1.447333,-0.031006,-0.005074
20.666667,0.006761,0.006646,0.005023,-0.133918,-0.626593,-0.230279,-1.494553,-0.000720,0.015577,-0.198561,-0.772965,-0.002124,1.452735,-0.032251,-0.011313
20.700000,0.007281,0.005500,0.006350,-0.165152,-0.598421,-0.225720,-1.506282,0.000329,0.010029,-0.226212,-0.740913,-0.007414,1.463607,-0.033431,-0.013106
20.733333,0.015553,0.005500,-0.000369,-0.177411,-0.560696,-0.216643,-1.502080,-0.003289,0.003984,-0.264423,-0.741176,-0.019965,1.474479,-0.027984,-0.021800
20.766667,0.015692,0.008182,-0.007074,-0.198474,-0.550128,-0.216291,-1.515438,-0.005376,0.000685,-0.287636,-0.725393,-0.029449,1.482867,-0.029081,-0.015869
20.800000,0.014729,0.009212,-0.009988,-0.221549,-0.548115,-0.201607,-1.530775,-0.005731,-0.002091,-0.317189,-0.724313,-0.040350,1.490800,-0.028322,-0.014576
20.833333,0.012125,0.004299,-0.006315,-0.241173,-0.531707,-0.212952,-1.546662,-0.005651,-0.006548,-0.340852,-0.710756,-0.048152,1.495443,-0.031276,-0.007133
20.866667,0.014565,0.010405,-0.005358,-0.282426,-0.521470,-0.211512,-1.546412,-0.005541,0.001239,-0.380428,-0.726414,-0.081152,1.516905,-0.035810,-0.004511
20.900000,0.005528,0.011354,-0.000003,-0.326559,-0.538457,-0.201091,-1.559645,-0.011516,0.000598,-0.418208,-0.734436,-0.128066,1.503657,-0.032803,-0.000443
20.933333,0.001724,0.009620,0.005666,-0.362903,-0.547621,-0.167508,-1.557904,-0.011512,0.003005,-0.469835,-0.761768,-0.200681,1.502923,-0.028621,-0.003921
20.966667,0.007001,0.008589,0.010050,-0.406904,-0.588231,-0.128736,-1.534824,0.000797,0.003625,-0.484839,-0.810595,-0.237279,1.484126,-0.020359,-0.004868
21.000000,0.015610,0.008801,0.013564,-0.466996,-0.665656,-0.063935,-1.502856,0.001319,0.008265,-0.472279,-0.882684,-0.255290,1.480407,-0.015790,-0.006373
21.033333,0.013176,0.002109,0.012143,-0.527089,-0.748968,0.022654,-1.482380,0.003549,-0.001920,-0.436234,-0.954772,-0.235290,1.461802,-0.008029,-0.008046
21.066667,0.011668,0.004101,0.009293,-0.607089,-0.832281,0.109243,-1.456130,0.008752,-0.000068,-0.387692,-1.013678,-0.175290,1.469968,-0.001318,-0.011046
21.100000,0.017186,0.004550,0.008359,-0.704946,-0.932281,0.209243,-1.420402,0.007526,-0.003247,-0.334586,-1.079104,-0.086205,1.465892,-0.001456,-0.012918
21.133333,0.010646,0.004550,0.004668,-0.780463,-1.029210,0.309243,-1.402310,-0.002423,-0.000099,-0.298819,-1.125708,-0.003180,1.482510,-0.009540,-0.011139
21.166667,-0.006932,0.005578,-0.010998,-0.815979,-1.091921,0.409243,-1.373105,-0.000522,-0.016342,-0.282059,-1.132850,0.053884,1.477566,-0.008109,-0.015922
21.200000,-0.008756,0.010127,-0.015519,-0.811496,-1.118214,0.509243,-1.318342,0.005433,-0.016385,-0.269938,-1.137950,0.079057,1.457886,-0.000958,-0.007664
21.233333,-0.007294,0.007187,-0.009824,-0.767012,-1.135579,0.609243,-1.246501,0.003565,-0.023380,-0.254783,-1.140650,0.099405,1.418491,-0.011395,-0.005356
21.266667,-0.016002,0.007182,-0.015367,-0.684672,-1.125263,0.669243,-1.164137,0.010411,-0.033263,-0.226977,-1.116896,0.128441,1.371338,-0.019618,0.002060
21.300000,-0.019748,0.014671,-0.014843,-0.584672,-1.080415,0.689243,-1.064137,0.013409,-0.030249,-0.209900,-1.111964,0.123537,1.324163,-0.018596,0.011956
21.333333,-0.009967,0.013881,-0.002006,-0.484672,-1.051179,0.669243,-0.967229,0.009964,-0.021821,-0.191277,-1.114385,0.120138,1.263932,-0.019101,0.015010
21.366667,-0.006000,0.010484,0.001731,-0.384672,-1.020229,0.609243,-0.873704,0.007893,-0.011959,-0.181366,-1.091837,0.121228,1.196952,-0.032216,0.006605
21.400000,-0.004073,0.019289,0.000636,-0.299869,-0.998207,0.509243,-0.814181,0.003331,-0.006754,-0.160020,-1.059833,0.094602,1.140964,-0.034532,0.015414
21.433333,-0.000745,0.017897,0.008685,-0.237676,-0.984844,0.409243,-0.774105,-0.001567,0.004877,-0.163069,-1.067464,0.066292,1.110402,-0.026193,0.008284
21.466667,0.006517,0.013463,0.009930,-0.198730,-0.989268,0.317520,-0.765416,-0.000865,-0.000877,-0.173335,-1.056872,0.054525,1.086664,-0.022294,0.000200
21.500000,0.011240,0.013012,0.008372,-0.192212,-1.004809,0.265797,-0.782531,-0.003316,0.002435,-0.176501,-1.044448,0.040709,1.089880,-0.018192,0.009218
21.533333,0.009391,0.014244,0.011538,-0.211585,-1.034346,0.254074,-0.817470,-0.007576,-0.006329,-0.175526,-1.053711,0.053033,1.122691,-0.010400,0.009942
21.566667,0.016837,0.009049,0.013740,-0.255761,-1.048567,0.282351,-0.857810,0.005526,-0.000512,-0.191345,-1.088739,0.079129,1.172163,-0.005463,0.003950
21.600000,0.021107,0.009578,0.019602,-0.317327,-1.066366,0.350628,-0.911304,0.012775,0.003616,-0.212925,-1.101647,0.087505,1.231249,-0.010944,0.005076
21.633333,0.017588,0.006524,0.017387,-0.395645,-1.077602,0.450628,-0.973411,0.008740,0.004880,-0.217969,-1.097065,0.098072,1.278930,-0.016617,0.003938
21.666667,0.018708,0.006695,0.016726,-0.481537,-1.079996,0.550628,-1.046622,0.013347,0.006473,-0.252652,-1.114021,0.098960,1.339657,-0.018433,-0.009581
21.700000,0.023646,0.004312,0.013290,-0.581537,-1.092464,0.650628,-1.138626,0.010474,-0.000536,-0.308820,-1.124777,0.077354,1.401016,-0.019391,-0.013407
21.733333,0.016014,0.001030,0.010989,-0.681537,-1.108396,0.750628,-1.228642,0.004636,-0.007049,-0.348654,-1.111404,0.047953,1.431000,-0.018343,-0.014412
21.766667,0.010262,0.004892,0.001119,-0.779142,-1.112488,0.850628,-1.292748,0.004791,-0.002649,-0.367121,-1.088424,0.026902,1.445432,-0.019459,-0.015558
21.800000,0.011760,0.011286,0.005218,-0.875034,-1.124815,0.950628,-1.351014,0.007301,0.007177,-0.381736,-1.096789,0.014267,1.462899,-0.017239,-0.009981
21.833333,0.006651,0.011114,0.004898,-0.943420,-1.142891,1.050628,-1.396364,0.006812,0.002819,-0.380479,-1.096034,0.017865,1.471123,-0.016365,-0.008318
21.866667,-0.002482,0.011114,-0.002695,-0.976462,-1.151276,1.150628,-1.412412,0.016463,0.008136,-0.352233,-1.066802,0.029917,1.468998,-0.011906,-0.001420
21.900000,-0.001011,0.019262,-0.003013,-1.000222,-1.150890,1.250628,-1.411347,0.016337,0.006418,-0.327716,-1.068884,0.051715,1.482452,-0.008883,0.000367
21.933333,-0.002850,0.014871,-0.000565,-0.999222,-1.157630,1.346601,-1.416600,0.012309,-0.006118,-0.311155,-1.069638,0.080300,1.480158,-0.002685,-0.000231
21.966667,-0.008128,0.012882,-0.014453,-0.959936,-1.142516,1.402574,-1.387694,0.020236,-0.012758,-0.302914,-1.068246,0.100162,1.486471,0.002624,-0.004587
22.000000,-0.003326,0.017232,-0.014897,-0.908156,-1.119909,1.418546,-1.331704,0.020195,-0.009927,-0.270545,-1.056939,0.102239,1.462026,0.004308,0.005317
22.033333,-0.002903,0.019744,-0.007149,-0.851719,-1.114437,1.394519,-1.265015,0.012912,-0.005935,-0.245164,-1.072508,0.116242,1.418888,-0.003123,0.000517
22.066667,-0.008824,0.019945,-0.011907,-0.764565,-1.107119,1.330492,-1.178025,0.004380,-0.000940,-0.222491,-1.063898,0.121501,1.357221,-0.007906,-0.003157
22.100000,-0.007146,0.024089,-0.009010,-0.664565,-1.104205,1.230492,-1.078025,0.000522,0.005131,-0.205552,-1.066506,0.097865,1.305233,-0.007488,0.005752
22.133333,-0.006220,0.021022,0.003630,-0.564565,-1.101292,1.130492,-0.978025,-0.011195,0.002448,-0.181324,-1.054774,0.090013,1.225511,-0.015265,0.007162
22.166667,-0.011723,0.028789,0.004727,-0.464565,-1.095617,1.030492,-0.878025,-0.016558,0.005201,-0.176727,-1.047508,0.083471,1.153604,-0.022305,0.007032
22.200000,-0.013454,0.028826,0.007433,-0.373371,-1.080763,0.930492,-0.778025,-0.011934,0.003419,-0.170326,-1.044142,0.062469,1.084768,-0.024244,0.014020
22.233333,-0.004556,0.020148,0.012293,-0.302570,-1.072000,0.830492,-0.687315,-0.005459,-0.003165,-0.173250,-1.059868,0.052006,1.028139,-0.019808,0.013561
22.266667,0.001598,0.018650,0.008905,-0.245733,-1.059005,0.730492,-0.601461,0.002479,-0.001763,-0.170937,-1.080335,0.062320,0.980724,-0.032930,0.004408
22.300000,0.007806,0.017311,0.005972,-0.210841,-1.074344,0.630492,-0.555606,0.005126,-0.002803,-0.176193,-1.089218,0.045806,0.935035,-0.032582,0.005703
22.333333,0.008549,0.005249,0.010377,-0.204406,-1.089465,0.530492,-0.540606,0.010014,-0.002660,-0.181135,-1.125072,0.051594,0.909554,-0.023592,-0.002175
22.366667,0.017934,0.002699,0.008991,-0.210501,-1.100768,0.430492,-0.542484,0.007110,-0.000214,-0.202002,-1.143160,0.059102,0.914755,-0.025236,-0.016952
22.400000,0.014173,0.003903,0.007663,-0.210656,-1.120415,0.330492,-0.563033,0.010025,0.001771,-0.206052,-1.159572,0.057378,0.902074,-0.027933,-0.016149
22.433333,0.012239,0.003921,0.013093,-0.206287,-1.126340,0.259703,-0.587096,0.003940,-0.002560,-0.208606,-1.153377,0.038109,0.871429,-0.014140,-0.018211
22.466667,0.018111,0.007182,0.015795,-0.196592,-1.116133,0.228913,-0.586675,0.010267,0.004309,-0.207668,-1.161263,0.031603,0.857443,-0.016148,-0.014442
22.500000,0.024963,0.010306,0.018254,-0.186022,-1.123805,0.198124,-0.586089,0.008168,-0.002665,-0.198905,-1.156599,0.024252,0.838920,-0.019628,-0.010906
22.533333,0.012124,0.011509,0.010342,-0.174447,-1.141464,0.180387,-0.599966,0.005093,-0.006468,-0.172721,-1.146354,0.015011,0.813725,-0.015286,-0.000502
22.566667,0.007069,0.018989,0.008448,-0.188420,-1.130063,0.202650,-0.621012,0.001943,0.002323,-0.164521,-1.142873,0.016488,0.823643,-0.017901,0.010766
22.600000,0.008903,0.020887,0.009241,-0.216670,-1.137891,0.235702,-0.642487,0.000717,0.010599,-0.156472,-1.166805,0.016176,0.838444,-0.017504,0.018490
22.633333,-0.001369,0.017626,0.003366,-0.242124,-1.154802,0.258334,-0.684797,-0.000335,0.001315,-0.153114,-1.177042,0.023871,0.838582,-0.012363,0.011159
22.666667,-0.000457,0.017736,-0.009997,-0.258644,-1.152601,0.318507,-0.708825,0.005074,0.007994,-0.153175,-1.193279,0.016411,0.847006,-0.008860,0.009356
22.700000,0.007362,0.017491,0.000646,-0.283406,-1.144932,0.383571,-0.729473,0.005708,0.009064,-0.165170,-1.216188,0.010091,0.833727,-0.005138,0.011106
22.733333,0.012540,0.010120,0.002950,-0.277605,-1.150668,0.414806,-0.732170,0.005759,0.002493,-0.169151,-1.225058,0.005511,0.796127,-0.001246,-0.001797
22.766667,0.008992,0.013123,-0.003562,-0.270428,-1.161955,0.438254,-0.737246,0.006121,0.004401,-0.175068,-1.219952,0.014617,0.788975,-0.003453,-0.003836
22.800000,0.011829,0.013123,0.000435,-0.268092,-1.167325,0.435442,-0.735966,-0.001414,0.005189,-0.171610,-1.222915,0.013705,0.801293,-0.002506,-0.004671
22.833333,0.009941,0.013213,0.008026,-0.268910,-1.163306,0.404213,-0.730353,-0.009370,0.002140,-0.178413,-1.209335,0.019144,0.807997,-0.004586,-0.002753
22.866667,0.004164,0.018642,0.005022,-0.256998,-1.153566,0.368818,-0.701371,-0.004911,0.007144,-0.172034,-1.188227,0.022430,0.846580,-0.009959,-0.009426
22.900000,0.001500,0.020046,0.006024,-0.250114,-1.156780,0.349426,-0.682994,-0.003918,0.004970,-0.168585,-1.169396,0.029368,0.912544,-0.009622,-0.011429
22.933333,0.002791,0.014858,0.010514,-0.245779,-1.146263,0.309214,-0.673415,-0.001311,0.001742,-0.168547,-1.158596,0.039801,0.974231,-0.002564,-0.009521
22.966667,0.000538,0.019662,0.004703,-0.237967,-1.146105,0.286066,-0.658201,0.001947,0.006478,-0.180393,-1.139231,0.057935,1.052725,-0.011305,-0.005372
23.000000,-0.007145,0.019086,0.001883,-0.227008,-1.157428,0.293175,-0.657634,0.002358,0.004563,-0.176280,-1.124933,0.081965,1.123062,-0.014671,-0.009368
23.033333,0.001987,0.014849,0.000266,-0.236716,-1.163646,0.326506,-0.692476,-0.003380,-0.003061,-0.184624,-1.121393,0.111922,1.192951,-0.017742,-0.012062
23.066667,0.009055,0.015339,-0.007211,-0.271958,-1.151335,0.377663,-0.739533,-0.002016,0.001995,-0.191527,-1.113559,0.137363,1.261208,-0.033111,-0.007779
23.100000,0.007958,0.016083,-0.010197,-0.318537,-1.154338,0.457429,-0.806614,-0.000756,-0.007060,-0.184460,-1.085369,0.151283,1.302246,-0.042476,-0.007604
23.133333,0.010572,0.011279,-0.007183,-0.383561,-1.136350,0.556810,-0.889047,-0.004200,-0.010870,-0.183554,-1.057644,0.148330,1.325130,-0.034631,-0.017973
23.166667,0.020233,0.009871,-0.007641,-0.469930,-1.119261,0.656810,-0.988759,-0.003882,-0.016375,-0.198461,-1.033074,0.144394,1.357996,-0.036691,-0.018828
23.200000,0.018602,0.007720,-0.005373,-0.554021,-1.117846,0.756810,-1.077088,-0.001618,-0.013223,-0.207440,-1.010434,0.132479,1.383382,-0.030489,-0.012818
23.233333,0.013395,0.010932,0.004492,-0.617048,-1.121912,0.856810,-1.140049,0.000223,-0.016581,-0.225116,-0.982284,0.102010,1.390117,-0.016130,-0.012474
23.266667,0.029355,0.019864,0.012037,-0.683849,-1.106368,0.956810,-1.183203,0.003750,0.002059,-0.271608,-0.992225,0.059826,1.426539,-0.015478,-0.010678
23.300000,0.031414,0.020652,0.018125,-0.757017,-1.126085,1.056810,-1.226645,0.007897,0.005583,-0.324735,-0.996413,0.008676,1.449276,-0.018708,-0.003436
23.333333,0.023994,0.019259,0.010768,-0.811122,-1.134055,1.156810,-1.266781,0.015814,0.008670,-0.387954,-1.000870,-0.063610,1.477180,-0.015744,-0.000833
23.366667,0.021656,0.026308,0.011317,-0.869372,-1.141867,1.256810,-1.284433,0.009826,0.015977,-0.472721,-1.006831,-0.154826,1.502865,-0.016355,0.002929
23.400000,0.023488,0.019889,0.009461,-0.926085,-1.168305,1.356810,-1.322531,0.007215,0.013994,-0.566716,-1.012484,-0.254826,1.510660,-0.017713,0.001769
23.433333,0.011942,0.013508,-0.001980,-0.946455,-1.197105,1.438059,-1.350153,0.004687,0.004643,-0.621837,-0.988067,-0.354826,1.480263,-0.011728,-0.000393
23.466667,0.008592,0.015549,-0.011000,-0.938080,-1.206691,1.494698,-1.356990,0.006515,0.001641,-0.636958,-0.980429,-0.454826,1.442783,-0.015205,0.009388
23.500000,0.008939,0.015549,-0.002066,-0.908767,-1.228989,1.516763,-1.327132,0.003518,0.002675,-0.616958,-0.976998,-0.554826,1.375504,-0.014492,0.008903
23.533333,0.011761,0.011216,-0.006599,-0.841078,-1.247950,1.498828,-1.291140,0.011222,-0.001556,-0.556958,-0.977475,-0.654826,1.279933,-0.010881,0.003786
23.566667,0.008548,0.011216,-0.008087,-0.755990,-1.258386,1.440892,-1.220072,0.016351,0.005791,-0.456958,-0.971307,-0.714826,1.188987,-0.014379,0.009721
23.600000,0.002934,0.005955,-0.003673,-0.667244,-1.260094,1.361708,-1.139286,0.014346,-0.002541,-0.356958,-0.973265,-0.734826,1.098041,-0.016536,0.005063
23.633333,0.003307,0.003127,0.003283,-0.567244,-1.241015,1.267134,-1.039286,0.009804,-0.002075,-0.280859,-0.960461,-0.714826,1.014739,-0.010508,-0.008100
23.666667,0.003868,0.007667,0.000820,-0.467244,-1.207993,1.167134,-0.947500,0.010752,0.002634,-0.229512,-0.948364,-0.654826,0.967561,-0.013542,-0.012462
23.700000,0.000418,0.005788,0.003588,-0.372307,-1.180094,1.067134,-0.869295,0.008062,-0.002705,-0.182392,-0.924255,-0.554826,0.951238,-0.015037,-0.012752
23.733333,0.008345,0.005788,-0.001662,-0.291897,-1.141966,0.967134,-0.793709,0.002660,-0.007065,-0.174865,-0.928665,-0.454826,0.970290,-0.011866,-0.020776
23.766667,0.013043,0.007180,-0.009762,-0.234863,-1.127940,0.867134,-0.728915,0.003558,-0.004337,-0.167338,-0.920933,-0.354826,1.021604,-0.014168,-0.018673
23.800000,0.010900,0.008393,-0.011056,-0.201584,-1.120774,0.767134,-0.667807,0.004147,-0.006061,-0.162346,-0.925612,-0.254826,1.102595,-0.016218,-0.016770
23.833333,0.007727,0.003853,-0.007481,-0.190584,-1.109455,0.667134,-0.619146,0.003653,-0.009599,-0.154877,-0.916068,-0.154826,1.167132,-0.015363,-0.009503
23.866667,0.010690,0.010311,-0.005697,-0.210337,-1.093399,0.567134,-0.566757,0.004371,-0.000303,-0.166891,-0.933866,-0.056023,1.240813,-0.018125,-0.006657
23.900000,0.003558,0.012529,-0.000625,-0.220917,-1.094136,0.467134,-0.528665,0.002002,-0.002428,-0.167603,-0.927639,0.020093,1.296450,-0.017607,-0.006186
23.933333,-0.000015,0.012944,0.006607,-0.228121,-1.084098,0.387134,-0.499780,-0.000370,-0.003049,-0.188315,-0.936295,0.076210,1.339823,-0.016977,-0.008740
23.966667,0.000127,0.013949,0.005438,-0.231570,-1.087198,0.327134,-0.487210,-0.001832,-0.000714,-0.202591,-0.948363,0.112327,1.364800,-0.017736,-0.009845
