time_sec,joint_pelvisYaw,joint_pelvisPitch,joint_pelvisRoll,joint_lShoulderPitch,joint_lShoulderRoll,joint_lShoulderYaw,joint_lElbow,joint_lWristRoll,joint_lWristPitch,joint_rShoulderPitch,joint_rShoulderRoll,joint_rShoulderYaw,joint_rElbow,joint_rWristRoll,joint_rWristPitch
0.000000,0.007631,0.013745,-0.001910,-0.210825,-1.410000,0.199400,-0.634119,-0.001819,-0.019089,-0.174916,-1.393378,-0.124506,0.366971,-0.010766,0.007821
0.033333,0.014197,0.012427,0.010834,-0.257530,-1.374750,0.299400,-0.734119,0.014307,-0.019677,-0.194515,-1.347960,-0.224506,0.466971,-0.009880,0.010757
0.066667,0.009760,0.016076,0.007827,-0.313099,-1.361644,0.399400,-0.820073,0.013519,-0.016198,-0.216817,-1.314578,-0.324506,0.566971,-0.008858,0.009234
0.100000,0.011251,0.019410,0.006565,-0.388667,-1.330215,0.499400,-0.906826,0.008697,-0.017505,-0.256055,-1.268783,-0.424506,0.666971,-0.010832,0.010363
0.133333,0.007427,0.023774,0.003827,-0.488667,-1.330881,0.599400,-0.983686,-0.000014,-0.012592,-0.302969,-1.231701,-0.524506,0.766971,-0.017596,0.011808
0.166667,-0.010912,0.026243,-0.012003,-0.565195,-1.314585,0.699400,-1.035985,0.001037,-0.023498,-0.356810,-1.182824,-0.624506,0.866971,-0.013217,0.003509
0.200000,-0.007036,0.030360,-0.015845,-0.633297,-1.287807,0.799400,-1.067876,0.004673,-0.026559,-0.422938,-1.132839,-0.724506,0.966971,-0.009117,0.009924
0.233333,-0.002627,0.026880,-0.010497,-0.671171,-1.285282,0.899400,-1.094965,0.007942,-0.029097,-0.477995,-1.098913,-0.824506,1.066971,-0.010770,0.009979
0.266667,-0.010245,0.024909,-0.015952,-0.669045,-1.315613,0.959400,-1.084178,0.015245,-0.037167,-0.496116,-1.059440,-0.924506,1.140555,-0.018543,0.009791
0.300000,-0.014229,0.030443,-0.017904,-0.626918,-1.327327,0.979400,-1.043285,0.015961,-0.035470,-0.487840,-1.043170,-1.014963,1.204656,-0.018646,0.017778
0.333333,0.000041,0.027256,-0.004769,-0.568264,-1.349634,0.959400,-0.986953,0.011164,-0.029622,-0.444130,-1.053514,-1.065419,1.228757,-0.019751,0.019520
0.366667,0.001183,0.021948,-0.002584,-0.478035,-1.358371,0.899400,-0.913954,0.013845,-0.019575,-0.379744,-1.066727,-1.075876,1.212858,-0.033131,0.015069
0.400000,0.000978,0.031704,-0.004977,-0.388105,-1.369637,0.799400,-0.813954,0.008870,-0.017934,-0.289114,-1.087330,-1.046333,1.156958,-0.036800,0.021608
0.433333,0.009167,0.028561,0.001831,-0.320266,-1.367402,0.699400,-0.713954,0.009518,-0.008657,-0.226167,-1.145894,-0.976789,1.087475,-0.026278,0.018769
0.466667,0.015135,0.024718,0.002306,-0.272622,-1.364660,0.599400,-0.613954,0.010747,-0.010892,-0.200807,-1.199191,-0.876789,0.987475,-0.019702,0.009632
0.500000,0.016980,0.025057,-0.001621,-0.255862,-1.369026,0.499400,-0.520302,0.009715,-0.007539,-0.187810,-1.235045,-0.776789,0.887475,-0.016066,0.020313
0.533333,0.014922,0.028327,-0.001170,-0.255039,-1.392173,0.399400,-0.434666,0.000330,-0.011958,-0.192812,-1.278400,-0.676789,0.787475,-0.007121,0.015604
0.566667,0.022798,0.023822,0.001620,-0.266452,-1.396539,0.299400,-0.374015,0.007405,-0.007718,-0.220376,-1.328429,-0.576789,0.687475,-0.003345,0.009098
0.600000,0.021185,0.028298,0.006383,-0.276057,-1.399872,0.207786,-0.325523,0.010936,0.001257,-0.246522,-1.358458,-0.476789,0.587475,-0.007790,0.010297
0.633333,0.017971,0.022243,0.005085,-0.278104,-1.402221,0.132725,-0.316187,0.009621,0.002466,-0.237450,-1.355829,-0.376789,0.487475,-0.012751,0.012575
0.666667,0.017675,0.021483,0.006941,-0.256712,-1.392064,0.097664,-0.340502,0.012335,0.005191,-0.235030,-1.366607,-0.282636,0.427475,-0.016706,0.000013
0.700000,0.024896,0.016535,0.005762,-0.238491,-1.377623,0.088242,-0.396802,0.012380,-0.006583,-0.222523,-1.366426,-0.215591,0.407475,-0.018893,0.000109
0.733333,0.017257,0.011615,0.004999,-0.221731,-1.367627,0.104204,-0.468117,0.008107,-0.014042,-0.198623,-1.340377,-0.176711,0.422018,-0.017970,0.002711
0.766667,0.012744,0.012909,-0.001703,-0.192374,-1.337632,0.151780,-0.566151,0.005558,-0.017634,-0.174428,-1.294329,-0.177831,0.476561,-0.026307,0.005649
0.800000,0.012366,0.022996,0.005110,-0.190380,-1.304458,0.222803,-0.665029,0.008151,-0.012434,-0.179844,-1.252747,-0.218951,0.571103,-0.029047,0.011538
0.833333,0.008352,0.022115,0.005860,-0.199008,-1.283757,0.293827,-0.763906,0.009054,-0.022215,-0.192014,-1.205352,-0.294224,0.665646,-0.026476,0.013766
0.866667,-0.001625,0.021469,0.000603,-0.206328,-1.254316,0.379212,-0.862784,0.019149,-0.018965,-0.211975,-1.132918,-0.382389,0.760189,-0.020124,0.019668
0.900000,-0.001664,0.031006,0.001805,-0.229881,-1.211902,0.479212,-0.961662,0.020964,-0.022231,-0.248940,-1.074715,-0.482389,0.860189,-0.017868,0.020014
0.933333,-0.004201,0.029954,0.006449,-0.264105,-1.183220,0.562875,-1.057589,0.015761,-0.031039,-0.282126,-1.016513,-0.542389,0.960189,-0.005693,0.010770
0.966667,-0.008853,0.028967,-0.006321,-0.259876,-1.144277,0.606537,-1.114978,0.023250,-0.038797,-0.319194,-0.956803,-0.562389,1.060189,-0.000961,0.004958
1.000000,-0.004666,0.035757,-0.005877,-0.237579,-1.097474,0.610200,-1.132367,0.022952,-0.034056,-0.335914,-0.880326,-0.551956,1.160189,0.001131,0.011380
1.033333,-0.001964,0.042439,0.002517,-0.204713,-1.076939,0.573863,-1.113042,0.015451,-0.032287,-0.358856,-0.806397,-0.501524,1.260189,-0.011732,0.006464
1.066667,-0.008784,0.044041,-0.003015,-0.155717,-1.071372,0.497525,-1.053717,0.008593,-0.025170,-0.368688,-0.720231,-0.411092,1.354651,-0.018536,0.001633
1.100000,-0.004997,0.045996,-0.000111,-0.118302,-1.077501,0.397525,-0.963253,0.005817,-0.024345,-0.379470,-0.649859,-0.335013,1.433207,-0.021303,0.014041
1.133333,-0.003125,0.042464,0.011762,-0.105145,-1.083630,0.297525,-0.878207,-0.007092,-0.024246,-0.366381,-0.584547,-0.258934,1.477780,-0.029641,0.009932
1.166667,-0.005866,0.049267,0.013320,-0.111972,-1.088225,0.214819,-0.793539,-0.011997,-0.022331,-0.361911,-0.529682,-0.197415,1.502711,-0.042174,0.010229
1.200000,-0.011236,0.048049,0.015072,-0.134340,-1.078468,0.143463,-0.722282,-0.008549,-0.019727,-0.343657,-0.490468,-0.149588,1.505249,-0.041531,0.017504
1.233333,0.002950,0.035164,0.019406,-0.155886,-1.062290,0.088488,-0.665851,-0.005558,-0.028151,-0.333463,-0.479866,-0.112088,1.489587,-0.038202,0.020039
1.266667,0.007654,0.033827,0.014668,-0.165101,-1.032689,0.050653,-0.604630,0.005477,-0.025554,-0.311523,-0.464248,-0.070274,1.468293,-0.049356,0.008675
1.300000,0.013327,0.031748,0.010392,-0.182919,-1.014721,0.046596,-0.536529,0.006247,-0.026731,-0.284976,-0.438535,-0.067344,1.440982,-0.048982,0.010840
1.333333,0.011895,0.018451,0.013936,-0.213883,-0.986168,0.044761,-0.468052,0.010218,-0.024898,-0.255705,-0.432807,-0.059345,1.393312,-0.040403,0.004892
1.366667,0.020849,0.012989,0.012160,-0.246754,-0.945362,0.037667,-0.389819,0.007688,-0.022165,-0.248360,-0.415767,-0.068338,1.328036,-0.046613,-0.009764
1.400000,0.009751,0.016382,0.010200,-0.274031,-0.898042,0.044334,-0.310394,0.011756,-0.018103,-0.229508,-0.385351,-0.099872,1.246498,-0.050594,-0.010045
1.433333,0.004532,0.015978,0.013822,-0.289281,-0.845834,0.071346,-0.239566,0.001915,-0.020576,-0.221324,-0.349536,-0.159475,1.146498,-0.041336,-0.009627
1.466667,0.009744,0.019455,0.017672,-0.284897,-0.785791,0.098647,-0.181579,0.010204,-0.015495,-0.224907,-0.337058,-0.207378,1.046498,-0.045319,-0.001012
1.500000,0.012305,0.025258,0.019167,-0.278873,-0.739598,0.106431,-0.148540,0.008530,-0.022939,-0.224369,-0.314076,-0.251423,0.946498,-0.045650,0.003100
1.533333,-0.004079,0.029881,0.008383,-0.266775,-0.711504,0.110241,-0.132070,0.004812,-0.029790,-0.202245,-0.287132,-0.286253,0.850157,-0.036928,0.013019
1.566667,-0.011431,0.038804,0.004593,-0.277221,-0.668688,0.111582,-0.127857,0.001922,-0.021977,-0.199925,-0.278701,-0.310900,0.784963,-0.033714,0.023751
1.600000,-0.011400,0.040883,0.004240,-0.294881,-0.641501,0.098347,-0.115048,0.002410,-0.013396,-0.194474,-0.304893,-0.336559,0.727212,-0.029647,0.031833
1.633333,-0.023998,0.033918,-0.003619,-0.306244,-0.628353,0.063752,-0.120636,0.001152,-0.024403,-0.199081,-0.324462,-0.365682,0.687097,-0.021821,0.022266
1.666667,-0.022929,0.032508,-0.018360,-0.302139,-0.609970,0.064959,-0.115490,0.007642,-0.018360,-0.228193,-0.364105,-0.419605,0.686982,-0.019088,0.021182
1.700000,-0.016366,0.031954,-0.004733,-0.308689,-0.593353,0.080915,-0.111451,0.010474,-0.016208,-0.286069,-0.425535,-0.492057,0.717450,-0.014591,0.023124
1.733333,-0.009314,0.022338,-0.000353,-0.284183,-0.591147,0.078330,-0.104430,0.010312,-0.023507,-0.352524,-0.482688,-0.581826,0.740654,-0.014647,0.009172
1.766667,-0.012007,0.025427,-0.003611,-0.269537,-0.606193,0.092835,-0.124988,0.010640,-0.026044,-0.440046,-0.534954,-0.672474,0.796415,-0.017609,0.006615
1.800000,-0.009017,0.027482,0.002491,-0.266175,-0.623295,0.104496,-0.152995,0.006826,-0.024200,-0.536311,-0.604177,-0.772474,0.874539,-0.017391,0.006287
1.833333,-0.010499,0.029118,0.012634,-0.269740,-0.644238,0.098007,-0.192400,-0.002209,-0.028710,-0.636311,-0.672072,-0.872474,0.952664,-0.016665,0.004155
1.866667,-0.015487,0.033627,0.010289,-0.261117,-0.668151,0.092889,-0.240436,-0.000038,-0.024484,-0.736311,-0.739195,-0.972474,1.036547,-0.019768,-0.006090
1.900000,-0.016484,0.035174,0.012509,-0.256118,-0.717068,0.104741,-0.305563,0.003237,-0.028223,-0.836311,-0.810596,-1.072474,1.136547,-0.017980,-0.006383
1.933333,-0.012817,0.029025,0.017807,-0.251914,-0.752173,0.083079,-0.383111,0.007599,-0.027712,-0.925993,-0.886884,-1.149727,1.236547,-0.011745,-0.005873
1.966667,-0.012909,0.033859,0.012206,-0.239825,-0.807385,0.057905,-0.461971,0.005544,-0.023905,-0.975674,-0.954747,-1.186980,1.336547,-0.019016,-0.001729
2.000000,-0.018713,0.032186,0.010493,-0.222164,-0.878583,0.036181,-0.555220,0.007916,-0.025154,-0.985355,-1.019757,-1.184233,1.423237,-0.019688,-0.002806
2.033333,-0.005861,0.028938,0.009609,-0.207834,-0.942279,-0.003781,-0.655220,0.001213,-0.031054,-0.973265,-1.087815,-1.141487,1.489928,-0.023242,-0.005692
2.066667,0.000380,0.030711,0.003389,-0.205780,-0.987819,-0.050434,-0.755220,0.002930,-0.024260,-0.952364,-1.147670,-1.079297,1.536619,-0.040037,-0.000474
2.100000,0.000684,0.033421,0.000603,-0.190105,-1.047170,-0.090081,-0.855220,0.001091,-0.033194,-0.905381,-1.176784,-1.022567,1.563309,-0.047147,-0.001359
2.133333,0.004680,0.026533,0.004253,-0.178145,-1.076236,-0.107472,-0.955220,-0.001076,-0.037084,-0.870506,-1.191393,-0.970131,1.568177,-0.040008,-0.012382
2.166667,0.016094,0.024878,0.002770,-0.176768,-1.094792,-0.132297,-1.055220,-0.004520,-0.043366,-0.835631,-1.200589,-0.917696,1.565056,-0.046343,-0.014587
2.200000,0.014830,0.022885,0.004271,-0.174185,-1.126503,-0.137604,-1.155220,0.000054,-0.042315,-0.782527,-1.204204,-0.865260,1.565056,-0.040427,-0.007035
2.233333,0.012315,0.026261,0.012804,-0.159808,-1.151763,-0.122322,-1.217330,-0.000094,-0.045491,-0.698234,-1.197661,-0.792268,1.545056,-0.024894,-0.008642
2.266667,0.028567,0.034838,0.018350,-0.167497,-1.153020,-0.087306,-1.239441,0.004853,-0.025418,-0.610342,-1.221858,-0.696563,1.505056,-0.027404,-0.002865
2.300000,0.027429,0.039518,0.023075,-0.176982,-1.182311,-0.064678,-1.221551,0.006295,-0.018821,-0.510342,-1.246035,-0.596563,1.446878,-0.026275,0.005324
2.333333,0.020781,0.039572,0.014590,-0.174165,-1.194798,-0.036988,-1.163662,0.015053,-0.012127,-0.410342,-1.270101,-0.496563,1.370000,-0.020101,0.009200
2.366667,0.018030,0.047848,0.013580,-0.192153,-1.208881,0.011185,-1.065772,0.008918,-0.000962,-0.336700,-1.308192,-0.402351,1.270000,-0.018413,0.016404
2.400000,0.020593,0.040288,0.011157,-0.212631,-1.246374,0.036962,-0.965772,0.004954,-0.001080,-0.288857,-1.346192,-0.339008,1.170000,-0.015977,0.018660
2.433333,0.008361,0.033583,0.000100,-0.220032,-1.283913,0.064546,-0.865772,0.000278,-0.011070,-0.265836,-1.359872,-0.299333,1.070000,-0.005150,0.017035
2.466667,0.007505,0.034296,-0.009128,-0.235973,-1.306986,0.086667,-0.765772,0.003208,-0.013098,-0.251332,-1.384289,-0.291679,0.970000,-0.008833,0.026649
2.500000,0.005433,0.032381,-0.000543,-0.253851,-1.342832,0.104798,-0.665772,-0.000406,-0.010082,-0.261722,-1.401273,-0.293692,0.870000,-0.007537,0.026309
2.533333,0.006088,0.024879,-0.003824,-0.236847,-1.370337,0.104294,-0.576625,0.007664,-0.014716,-0.262360,-1.402821,-0.319414,0.770000,-0.007150,0.021489
2.566667,0.003348,0.022350,-0.004353,-0.232659,-1.379625,0.111246,-0.523075,0.013454,-0.007337,-0.260635,-1.402821,-0.336978,0.676518,-0.015010,0.023330
2.600000,0.000704,0.014755,-0.000588,-0.225805,-1.391047,0.101809,-0.495488,0.014124,-0.014779,-0.249188,-1.407140,-0.351311,0.594862,-0.018164,0.017230
2.633333,0.003142,0.010775,0.005971,-0.218674,-1.379186,0.106722,-0.492493,0.010643,-0.014789,-0.258116,-1.399136,-0.367980,0.535095,-0.013854,0.003972
2.666667,0.005024,0.015353,0.003997,-0.216104,-1.362519,0.136892,-0.529498,0.012734,-0.013280,-0.264502,-1.399136,-0.406564,0.508341,-0.019254,-0.000133
2.700000,0.003801,0.013993,0.006027,-0.234723,-1.354279,0.185697,-0.595649,0.010719,-0.017906,-0.260072,-1.398217,-0.439101,0.502310,-0.019556,-0.001098
2.733333,0.010304,0.013296,-0.001270,-0.245341,-1.339422,0.249444,-0.646555,0.008314,-0.023727,-0.271965,-1.398217,-0.480847,0.529761,-0.015210,-0.007993
2.766667,0.012004,0.017039,-0.009053,-0.279813,-1.334794,0.334545,-0.711495,0.006490,-0.023705,-0.268759,-1.398217,-0.529730,0.560800,-0.018237,-0.004114
2.800000,0.008387,0.019876,-0.010126,-0.328635,-1.334298,0.434545,-0.791845,0.007692,-0.023686,-0.263817,-1.405181,-0.584256,0.602339,-0.021116,-0.002061
2.833333,0.005124,0.016369,-0.005399,-0.395299,-1.315813,0.534545,-0.872195,0.007137,-0.027309,-0.261553,-1.395452,-0.634364,0.633260,-0.023066,0.007864
2.866667,0.006231,0.023528,-0.002438,-0.475656,-1.287127,0.634545,-0.952545,0.006219,-0.019882,-0.276700,-1.396370,-0.701022,0.683458,-0.029479,0.009716
2.900000,-0.000470,0.030109,0.005235,-0.575656,-1.276783,0.734545,-1.052544,0.004220,-0.022972,-0.288305,-1.385520,-0.775759,0.728907,-0.028251,0.013087
2.933333,-0.003236,0.031157,0.013846,-0.671352,-1.258032,0.834545,-1.134952,0.005976,-0.023088,-0.319911,-1.374670,-0.862923,0.778944,-0.027089,0.011153
2.966667,0.002286,0.028532,0.016286,-0.727048,-1.235149,0.894545,-1.217359,0.011602,-0.023402,-0.324360,-1.347721,-0.910086,0.836591,-0.017398,0.012063
3.000000,0.010759,0.029615,0.016591,-0.742745,-1.215069,0.914545,-1.299766,0.009008,-0.015994,-0.303779,-1.306600,-0.930086,0.911842,-0.016436,0.011162
3.033333,0.009792,0.024253,0.013050,-0.718441,-1.191885,0.894545,-1.372195,0.006306,-0.021420,-0.270834,-1.235750,-0.910086,0.987094,-0.008103,0.011012
3.066667,0.005636,0.024571,0.007115,-0.654137,-1.154656,0.834545,-1.422339,0.000265,-0.015768,-0.226828,-1.155750,-0.850086,1.067094,-0.002929,0.009750
3.100000,0.007590,0.024465,0.001919,-0.554137,-1.106294,0.734545,-1.471339,-0.009265,-0.013089,-0.179213,-1.069611,-0.750086,1.167094,-0.001908,0.012837
3.133333,0.002580,0.027610,-0.002415,-0.454137,-1.088803,0.634545,-1.505111,-0.018728,-0.011019,-0.152885,-1.004724,-0.650086,1.267094,-0.009029,0.013503
3.166667,-0.014618,0.029237,-0.018345,-0.354137,-1.083957,0.534545,-1.511275,-0.017744,-0.023250,-0.152099,-0.945559,-0.550086,1.355699,-0.002546,0.006439
3.200000,-0.013098,0.032867,-0.023759,-0.277229,-1.067304,0.434545,-1.514662,-0.015143,-0.025288,-0.156113,-0.923572,-0.450086,1.429215,0.002690,0.015950
3.233333,-0.009754,0.030482,-0.019881,-0.213085,-1.068706,0.334545,-1.525244,-0.013455,-0.030366,-0.158428,-0.920220,-0.350086,1.477738,-0.000683,0.017146
3.266667,-0.017638,0.029913,-0.026211,-0.149398,-1.089202,0.234545,-1.536517,-0.008165,-0.038124,-0.153005,-0.904933,-0.250086,1.498659,-0.010077,0.018309
3.300000,-0.019009,0.037761,-0.026773,-0.125712,-1.089342,0.134545,-1.542403,-0.004798,-0.033448,-0.157672,-0.908396,-0.150086,1.519240,-0.008454,0.025551
3.333333,-0.008982,0.035493,-0.013582,-0.126950,-1.093865,0.039688,-1.557322,-0.008667,-0.027422,-0.152191,-0.923703,-0.060304,1.516484,-0.009762,0.027389
3.366667,-0.004735,0.032621,-0.010684,-0.122998,-1.088217,-0.037095,-1.544998,-0.002720,-0.016757,-0.151460,-0.916563,0.002656,1.498699,-0.023407,0.017149
3.400000,-0.001733,0.041467,-0.010460,-0.130517,-1.086834,-0.082238,-1.543654,-0.007266,-0.011843,-0.132729,-0.894245,0.034022,1.492580,-0.030094,0.024395
3.433333,0.005984,0.039717,-0.000517,-0.157614,-1.076169,-0.109271,-1.539936,-0.006323,-0.004954,-0.134773,-0.910000,0.063032,1.502317,-0.019853,0.017959
3.466667,0.011141,0.034748,0.001445,-0.161636,-1.069403,-0.111962,-1.539012,-0.007541,-0.011834,-0.138836,-0.908997,0.065448,1.491861,-0.017235,0.012454
3.500000,0.014378,0.035490,0.000295,-0.168483,-1.073599,-0.097655,-1.539012,-0.010962,-0.008753,-0.140444,-0.897874,0.048889,1.496117,-0.015906,0.022416
3.533333,0.009617,0.036241,0.003837,-0.171897,-1.091825,-0.082601,-1.547723,-0.021537,-0.017664,-0.143759,-0.912022,0.049619,1.517975,-0.008829,0.024217
3.566667,0.014235,0.032635,0.007343,-0.171333,-1.090178,-0.086036,-1.533649,-0.010208,-0.013685,-0.171324,-0.956765,0.060260,1.536153,-0.003616,0.017430
3.600000,0.011875,0.034090,0.012344,-0.168069,-1.093307,-0.086127,-1.502177,-0.006950,-0.005575,-0.209462,-0.986897,0.036002,1.546076,-0.004559,0.019660
3.633333,0.005804,0.029503,0.011376,-0.159642,-1.087773,-0.089674,-1.453968,-0.009883,-0.003946,-0.254202,-1.006172,-0.001663,1.541680,-0.007395,0.019850
3.666667,0.005878,0.029707,0.012152,-0.138434,-1.068661,-0.075362,-1.383408,-0.006024,-0.002057,-0.321488,-1.047785,-0.035264,1.525414,-0.009298,0.006210
3.700000,0.013452,0.026274,0.008684,-0.125759,-1.049956,-0.075152,-1.304137,-0.005899,-0.010525,-0.376762,-1.083443,-0.074014,1.481665,-0.007848,0.003801
3.733333,0.006881,0.020071,0.005773,-0.114633,-1.040494,-0.066056,-1.211758,-0.012430,-0.016088,-0.407808,-1.094606,-0.113711,1.414924,-0.003963,0.005466
3.766667,0.005085,0.022453,-0.003267,-0.095334,-1.016575,-0.053624,-1.120727,-0.010705,-0.017170,-0.402018,-1.092602,-0.133548,1.328182,-0.009799,0.008223
3.800000,0.006645,0.029648,-0.000896,-0.104161,-1.007204,-0.046215,-1.064255,-0.005636,-0.008317,-0.365074,-1.118212,-0.128230,1.236292,-0.008144,0.015268
3.833333,0.000699,0.026469,-0.003947,-0.111346,-1.012229,-0.063300,-1.046020,-0.004723,-0.013092,-0.318231,-1.139281,-0.120291,1.136292,-0.002516,0.020106
3.866667,-0.010587,0.023846,-0.012034,-0.109536,-1.019437,-0.066386,-1.060865,0.004838,-0.008431,-0.268482,-1.129105,-0.119527,1.036292,0.004465,0.027290
3.900000,-0.009608,0.032756,-0.013758,-0.125631,-1.024223,-0.071714,-1.115709,0.006517,-0.009281,-0.228409,-1.149371,-0.115999,0.936292,0.008251,0.029281
3.933333,-0.011675,0.030647,-0.012859,-0.158730,-1.041984,-0.086828,-1.207026,0.000750,-0.018434,-0.206829,-1.179795,-0.100900,0.836292,0.017580,0.021865
3.966667,-0.014784,0.030387,-0.027309,-0.181516,-1.041906,-0.079461,-1.298343,0.007468,-0.023412,-0.212279,-1.210219,-0.092922,0.736292,0.023010,0.011347
4.000000,-0.009688,0.036533,-0.028352,-0.215351,-1.044048,-0.071111,-1.377969,0.008439,-0.018671,-0.197996,-1.233647,-0.102437,0.636292,0.023469,0.015197
4.033333,-0.006301,0.042394,-0.021177,-0.248248,-1.064426,-0.081479,-1.439630,0.001747,-0.010910,-0.201134,-1.281702,-0.097093,0.536292,0.015558,0.007319
4.066667,-0.011788,0.044889,-0.026784,-0.247664,-1.083789,-0.092082,-1.465825,-0.004892,-0.005697,-0.229116,-1.307970,-0.111884,0.470183,0.012959,0.004160
4.100000,-0.009602,0.047072,-0.022310,-0.248361,-1.107764,-0.077686,-1.461627,-0.008060,-0.001118,-0.273365,-1.331014,-0.160849,0.444073,0.015043,0.015041
4.133333,-0.008908,0.042063,-0.009024,-0.239183,-1.130339,-0.088735,-1.421746,-0.019179,-0.003286,-0.321487,-1.328796,-0.227849,0.457963,0.006177,0.017676
4.166667,-0.010451,0.049791,-0.005794,-0.219676,-1.143662,-0.076272,-1.355319,-0.023824,-0.003350,-0.402518,-1.312721,-0.294848,0.511853,-0.003494,0.019717
4.200000,-0.016356,0.049204,-0.001620,-0.201297,-1.145295,-0.038030,-1.273777,-0.021327,-0.006191,-0.496003,-1.292516,-0.394848,0.605743,-0.004256,0.028767
4.233333,-0.004932,0.037060,0.003832,-0.197379,-1.140871,-0.001267,-1.187702,-0.018112,-0.017059,-0.587897,-1.281692,-0.494848,0.705743,-0.005424,0.026698
4.266667,-0.001019,0.034164,-0.000293,-0.177937,-1.123057,0.011484,-1.092019,-0.009860,-0.015728,-0.653811,-1.264296,-0.594848,0.805743,-0.017240,0.017644
4.300000,0.004864,0.032931,-0.003487,-0.163788,-1.119437,0.037483,-0.992019,-0.008894,-0.018805,-0.679978,-1.232162,-0.694848,0.905743,-0.017682,0.020014
4.333333,0.005605,0.019127,0.002110,-0.163090,-1.104338,0.039647,-0.918373,-0.005875,-0.018254,-0.667381,-1.217914,-0.754848,1.005743,-0.010536,0.013226
4.366667,0.018125,0.013853,0.001683,-0.165672,-1.083120,0.016033,-0.884728,-0.006907,-0.017525,-0.617736,-1.188610,-0.774848,1.105743,-0.019735,-0.000855
4.400000,0.010501,0.015296,0.001854,-0.157649,-1.070938,-0.002800,-0.891083,-0.002669,-0.014011,-0.529681,-1.160276,-0.754848,1.205743,-0.023312,0.001072
4.433333,0.008697,0.016573,0.007905,-0.145887,-1.053540,-0.000163,-0.923559,-0.010605,-0.019727,-0.429681,-1.119357,-0.694848,1.305743,-0.016537,0.001126
4.466667,0.016606,0.020020,0.012714,-0.121710,-1.033879,0.010364,-0.978684,-0.003255,-0.014972,-0.335649,-1.100149,-0.594848,1.378993,-0.021050,0.007882
4.500000,0.020935,0.026688,0.014854,-0.098583,-1.039623,0.004726,-1.047077,-0.004667,-0.023443,-0.250787,-1.087263,-0.494848,1.432436,-0.021853,0.011635
4.533333,0.006232,0.031881,0.005462,-0.078893,-1.060060,0.000210,-1.111818,-0.007974,-0.028555,-0.175715,-1.073982,-0.394848,1.467580,-0.013132,0.021807
4.566667,-0.000729,0.041420,0.001653,-0.089118,-1.061034,0.005192,-1.175419,-0.010653,-0.016562,-0.122112,-1.072138,-0.294848,1.490563,-0.012167,0.031692
4.600000,0.000897,0.044035,0.001478,-0.112550,-1.084633,-0.003077,-1.214164,-0.009063,-0.008260,-0.083366,-1.099828,-0.194848,1.473546,-0.010800,0.038950
4.633333,-0.011826,0.037761,-0.006450,-0.148400,-1.120398,-0.021117,-1.270260,-0.010778,-0.016499,-0.058392,-1.111080,-0.107686,1.443279,-0.002448,0.030605
4.666667,-0.012088,0.037439,-0.022889,-0.195703,-1.142760,0.000844,-1.323087,-0.004349,-0.009170,-0.032502,-1.123166,-0.060524,1.414991,0.001099,0.031429
4.700000,-0.006223,0.038635,-0.012014,-0.262090,-1.162336,0.059556,-1.374507,-0.002417,-0.005315,-0.016746,-1.140148,-0.044437,1.373441,0.005483,0.033767
4.733333,-0.000489,0.031315,-0.008315,-0.316436,-1.191606,0.103916,-1.409904,-0.000533,-0.012511,0.000692,-1.139466,-0.050581,1.312716,0.008939,0.021678
4.766667,-0.004919,0.035040,-0.013439,-0.378893,-1.226847,0.164069,-1.453580,-0.001307,-0.009763,0.007604,-1.124006,-0.093135,1.291990,0.008315,0.020613
4.800000,-0.004034,0.037975,-0.007888,-0.450406,-1.255495,0.230218,-1.497255,-0.004551,-0.005167,0.018946,-1.116303,-0.162851,1.292469,0.006826,0.021300
4.833333,-0.006332,0.039804,0.003198,-0.507609,-1.274469,0.277631,-1.514935,-0.013924,-0.004432,0.008398,-1.096619,-0.232567,1.286461,0.005576,0.021616
4.866667,-0.014379,0.044313,0.001238,-0.542808,-1.287572,0.308934,-1.510604,-0.013991,0.004612,-0.001381,-1.070230,-0.311208,1.302111,-0.001327,0.011845
4.900000,-0.017463,0.046063,0.003268,-0.564979,-1.317922,0.353483,-1.515457,-0.013908,0.003018,-0.024636,-1.052779,-0.407617,1.341873,-0.003407,0.011682
4.933333,-0.020492,0.040655,0.008121,-0.581168,-1.330196,0.364720,-1.529063,-0.008832,-0.000321,-0.052429,-1.045205,-0.507617,1.367888,0.001614,0.013685
4.966667,-0.021513,0.047277,0.002652,-0.574761,-1.350794,0.357882,-1.527359,-0.010174,0.001982,-0.100023,-1.027243,-0.607617,1.407112,-0.002190,0.017221
5.000000,-0.030070,0.044450,-0.000089,-0.557356,-1.375959,0.358611,-1.530409,-0.007248,-0.003378,-0.134269,-1.019391,-0.707617,1.436518,-0.004208,0.013593
5.033333,-0.016901,0.040911,-0.001264,-0.543880,-1.397731,0.340665,-1.542309,-0.010687,-0.013616,-0.178747,-1.027637,-0.807617,1.469404,-0.004803,0.012114
5.066667,-0.011544,0.040862,-0.009382,-0.543165,-1.400518,0.316989,-1.546836,-0.008498,-0.008835,-0.209162,-1.033957,-0.882436,1.497184,-0.022347,0.014707
5.100000,-0.007802,0.040989,-0.012407,-0.529076,-1.407405,0.300718,-1.546649,-0.012272,-0.014850,-0.217755,-1.021703,-0.936838,1.503675,-0.029056,0.010785
5.133333,-0.005603,0.030503,-0.009822,-0.517182,-1.399549,0.294417,-1.538005,-0.015994,-0.018587,-0.221750,-1.022053,-0.953986,1.494937,-0.024697,-0.000808
5.166667,0.005152,0.028094,-0.010422,-0.518355,-1.389178,0.259284,-1.545295,-0.020275,-0.023520,-0.232197,-1.033493,-0.931134,1.511873,-0.029948,-0.003318
5.200000,0.001541,0.024885,-0.008353,-0.514056,-1.388357,0.229568,-1.550808,-0.017247,-0.022810,-0.240073,-1.051100,-0.868282,1.522594,-0.024655,0.001931
5.233333,-0.001562,0.028931,0.001677,-0.492482,-1.381437,0.213832,-1.544747,-0.017906,-0.027412,-0.256264,-1.064589,-0.790611,1.524121,-0.006660,0.001795
5.266667,0.013499,0.038896,0.008464,-0.489668,-1.362069,0.185499,-1.530889,-0.013408,-0.007986,-0.276811,-1.112019,-0.693358,1.542209,-0.009938,0.004574
5.300000,0.013664,0.045027,0.015375,-0.487969,-1.367620,0.139503,-1.540797,-0.011896,-0.002469,-0.301241,-1.152572,-0.593358,1.557120,-0.010817,0.009000
5.333333,0.005428,0.046620,0.007702,-0.474298,-1.364626,0.113452,-1.540797,-0.003656,0.001354,-0.324563,-1.184578,-0.493358,1.564482,-0.003679,0.011217
5.366667,0.001120,0.055677,0.007988,-0.479213,-1.360912,0.118894,-1.536192,-0.011778,0.010215,-0.361070,-1.221635,-0.426273,1.564482,-0.002867,0.015356
5.400000,0.002231,0.049353,0.007376,-0.485842,-1.370427,0.096965,-1.543116,-0.016168,0.008795,-0.410062,-1.263202,-0.391706,1.563287,-0.001731,0.013606
5.433333,-0.011021,0.043376,-0.002546,-0.479020,-1.389794,0.113541,-1.563033,-0.020697,-0.002814,-0.486600,-1.276407,-0.397140,1.560545,0.008617,0.011854
5.466667,-0.014035,0.044740,-0.010429,-0.483437,-1.392099,0.149312,-1.564172,-0.018570,-0.005729,-0.568740,-1.303312,-0.442573,1.564539,0.005411,0.020569
5.500000,-0.015712,0.043325,-0.000293,-0.486883,-1.405464,0.188623,-1.546483,-0.022932,-0.001731,-0.668740,-1.330523,-0.528007,1.564539,0.004182,0.018539
5.533333,-0.014411,0.036353,-0.002612,-0.455287,-1.410000,0.202719,-1.518672,-0.015472,-0.005270,-0.747242,-1.342706,-0.620526,1.561202,0.004833,0.012756
5.566667,-0.016043,0.031844,-0.003699,-0.426210,-1.410000,0.224133,-1.466255,-0.009903,0.001779,-0.788739,-1.326577,-0.720526,1.563922,-0.002806,0.016979
5.600000,-0.018367,0.022289,-0.000592,-0.383698,-1.410000,0.209695,-1.395061,-0.010154,-0.006761,-0.790236,-1.302223,-0.820526,1.559899,-0.006496,0.013281
5.633333,-0.015301,0.016319,0.004909,-0.339144,-1.396392,0.190000,-1.302644,-0.013118,-0.007404,-0.755881,-1.255798,-0.920526,1.547700,-0.001740,0.002316
5.666667,-0.012171,0.018085,0.001049,-0.294969,-1.385381,0.184896,-1.207917,-0.009460,-0.005179,-0.681527,-1.199669,-1.004843,1.530010,-0.006905,-0.000504
5.700000,-0.011389,0.014094,0.001398,-0.267312,-1.385381,0.165008,-1.107917,-0.010306,-0.009662,-0.588670,-1.131853,-1.049159,1.508960,-0.007931,-0.000326
5.733333,-0.004413,0.012591,-0.006975,-0.237420,-1.385381,0.144275,-1.007917,-0.012450,-0.014238,-0.502659,-1.102608,-1.064969,1.503670,-0.003467,-0.007252
5.766667,-0.001570,0.015260,-0.015669,-0.231413,-1.385381,0.120064,-0.907917,-0.013090,-0.012978,-0.416647,-1.069952,-1.040778,1.485144,-0.006188,-0.004974
5.800000,-0.004083,0.016860,-0.018601,-0.226612,-1.398988,0.108499,-0.807917,-0.012109,-0.012733,-0.326487,-1.041097,-0.976588,1.460721,-0.008651,-0.003372
5.833333,-0.005768,0.012338,-0.015248,-0.229479,-1.400615,0.074310,-0.707917,-0.012618,-0.017434,-0.242387,-1.006618,-0.888081,1.439858,-0.010036,0.005021
5.866667,-0.003242,0.018622,-0.012723,-0.251434,-1.399049,0.053212,-0.614569,-0.011312,-0.011451,-0.173566,-1.005497,-0.799575,1.434459,-0.015960,0.008680
5.900000,-0.008866,0.021889,-0.005471,-0.263649,-1.399049,0.051045,-0.545481,-0.014675,-0.014726,-0.116959,-0.966465,-0.699575,1.389964,-0.015726,0.011566
5.933333,-0.010654,0.020433,0.003109,-0.269952,-1.399049,0.068207,-0.496392,-0.014057,-0.014764,-0.080351,-0.947433,-0.599575,1.354227,-0.015255,0.009691
5.966667,-0.002084,0.017308,0.007324,-0.259308,-1.379049,0.066081,-0.447304,-0.004395,-0.017404,-0.083743,-0.964599,-0.499575,1.309821,-0.008663,0.009140
6.000000,0.008747,0.019308,0.009458,-0.258425,-1.362263,0.066769,-0.404545,-0.001560,-0.011043,-0.116816,-1.006688,-0.399575,1.247347,-0.011913,0.006934
6.033333,0.009538,0.014654,0.005871,-0.245339,-1.340189,0.068684,-0.376788,-0.001306,-0.016568,-0.146961,-1.048776,-0.301228,1.156105,-0.006732,0.002367
6.066667,0.008129,0.017278,0.000010,-0.247795,-1.315055,0.062983,-0.345672,-0.001464,-0.013607,-0.180583,-1.128776,-0.235480,1.064864,-0.003506,-0.000415
6.100000,0.012974,0.019145,-0.004373,-0.249427,-1.279277,0.054005,-0.312637,-0.004693,-0.013152,-0.206764,-1.225021,-0.193264,0.964864,-0.003955,0.001781
6.133333,0.007807,0.022571,-0.009834,-0.265349,-1.274703,0.046780,-0.301447,-0.012776,-0.010299,-0.213407,-1.301266,-0.155352,0.864864,-0.012986,0.002726
6.166667,-0.008969,0.022178,-0.026668,-0.257566,-1.272797,0.058606,-0.298030,-0.011930,-0.024394,-0.204056,-1.345885,-0.144085,0.769652,-0.004584,-0.003492
6.200000,-0.007549,0.024289,-0.031321,-0.263606,-1.261392,0.073878,-0.290820,-0.008534,-0.026889,-0.194975,-1.382129,-0.166002,0.702605,0.000461,0.006995
6.233333,-0.003158,0.020452,-0.026799,-0.265131,-1.267710,0.063687,-0.286918,-0.006933,-0.030055,-0.183424,-1.398374,-0.159396,0.651563,-0.004453,0.007942
6.266667,-0.009285,0.018902,-0.033040,-0.248096,-1.293478,0.039871,-0.282058,-0.002095,-0.040759,-0.166654,-1.386793,-0.139703,0.621930,-0.009614,0.009253
6.300000,-0.010953,0.026376,-0.034028,-0.248552,-1.300147,0.042510,-0.278375,-0.000668,-0.035025,-0.163865,-1.386793,-0.155706,0.632298,-0.003670,0.013830
6.333333,-0.000545,0.025116,-0.020497,-0.259454,-1.309093,0.028207,-0.282582,-0.005605,-0.027405,-0.157002,-1.398419,-0.167972,0.651886,-0.005488,0.015963
6.366667,0.004608,0.022311,-0.016426,-0.250007,-1.305008,0.011350,-0.276893,-0.001771,-0.016603,-0.159422,-1.396428,-0.174651,0.656842,-0.015378,0.004337
6.400000,0.005331,0.033416,-0.016802,-0.248060,-1.304695,0.020681,-0.281248,-0.005180,-0.013722,-0.147526,-1.381249,-0.208730,0.662607,-0.018661,0.015894
6.433333,0.010200,0.032253,-0.006743,-0.266008,-1.294251,0.041770,-0.293486,-0.005774,-0.002286,-0.157037,-1.392830,-0.233094,0.677791,-0.012074,0.010715
6.466667,0.016299,0.027381,-0.003815,-0.261355,-1.284412,0.046318,-0.303799,-0.005059,-0.009056,-0.167404,-1.392830,-0.238162,0.662476,-0.010461,0.007536
6.500000,0.019966,0.027877,-0.003586,-0.264922,-1.285545,0.051292,-0.315970,-0.006468,-0.006634,-0.172232,-1.385812,-0.243746,0.647312,-0.008767,0.017935
6.533333,0.015613,0.029670,-0.000243,-0.264641,-1.297047,0.057981,-0.342471,-0.013854,-0.015254,-0.170806,-1.387803,-0.220079,0.648712,-0.004759,0.019851
6.566667,0.021056,0.024952,0.003819,-0.262902,-1.283839,0.044172,-0.374719,-0.004163,-0.011793,-0.179821,-1.402982,-0.170294,0.673299,-0.001444,0.011985
6.600000,0.021488,0.028374,0.009523,-0.257655,-1.264386,0.034872,-0.413820,0.000246,-0.006274,-0.183552,-1.401469,-0.133598,0.707057,-0.007399,0.014039
6.633333,0.015371,0.023329,0.009907,-0.245339,-1.232223,0.016004,-0.471821,-0.001629,-0.006959,-0.156561,-1.379957,-0.091645,0.760346,-0.013020,0.012496
6.666667,0.013424,0.024333,0.011377,-0.214749,-1.174641,0.008388,-0.545972,-0.000047,-0.005763,-0.152207,-1.350014,-0.041003,0.839476,-0.018341,-0.002994
6.700000,0.019119,0.022212,0.009211,-0.190479,-1.116115,-0.016152,-0.637829,-0.001893,-0.016848,-0.144582,-1.315658,0.001532,0.928510,-0.020818,-0.005090
6.733333,0.012058,0.018023,0.008171,-0.169613,-1.067783,-0.039120,-0.729686,-0.009153,-0.022112,-0.127909,-1.266936,0.026158,1.017543,-0.020188,-0.008551
6.766667,0.008271,0.020294,-0.000252,-0.139355,-1.011340,-0.062307,-0.829686,-0.008186,-0.022829,-0.102712,-1.203274,0.050733,1.104185,-0.025539,-0.009724
6.800000,0.008938,0.030120,0.002574,-0.138767,-0.970704,-0.089483,-0.929686,-0.006022,-0.014783,-0.092596,-1.173851,0.078733,1.193184,-0.026530,-0.003059
6.833333,0.003918,0.028346,-0.000313,-0.144050,-0.957079,-0.133525,-1.029686,-0.004236,-0.020278,-0.076504,-1.159399,0.100239,1.273803,-0.021255,0.000808
6.866667,-0.007043,0.025491,-0.007902,-0.142158,-0.948877,-0.159166,-1.129686,0.004968,-0.015738,-0.059227,-1.122341,0.108284,1.343427,-0.015268,0.008249
6.900000,-0.005331,0.033766,-0.008570,-0.154004,-0.939079,-0.175609,-1.229686,0.006620,-0.019403,-0.055720,-1.119651,0.116410,1.399240,-0.012068,0.011180
6.933333,-0.007994,0.031275,-0.006446,-0.180034,-0.944170,-0.198100,-1.329686,0.000372,-0.032647,-0.059041,-1.121313,0.132231,1.422706,-0.003530,0.007972
6.966667,-0.009567,0.030437,-0.018859,-0.191888,-0.933455,-0.190496,-1.417749,0.009437,-0.037973,-0.076421,-1.125984,0.136290,1.449033,0.002679,-0.000734
7.000000,-0.003943,0.037064,-0.018134,-0.209917,-0.917499,-0.182898,-1.485812,0.007616,-0.036058,-0.067005,-1.120181,0.126517,1.461643,0.002498,0.006830
7.033333,-0.001513,0.043922,-0.011273,-0.226728,-0.920650,-0.193701,-1.533875,0.001847,-0.031306,-0.067806,-1.140527,0.137779,1.455084,-0.006231,-0.000309
7.066667,-0.005820,0.046414,-0.016431,-0.219804,-0.920012,-0.204439,-1.561937,-0.003466,-0.023800,-0.064323,-1.136969,0.146602,1.443236,-0.010878,-0.006062
7.100000,-0.002553,0.049275,-0.012071,-0.220692,-0.924762,-0.188274,-1.569766,-0.005508,-0.018663,-0.063712,-1.143109,0.122388,1.451284,-0.009866,0.003467
7.133333,-0.002736,0.045348,0.000296,-0.217695,-0.929512,-0.206918,-1.569766,-0.018468,-0.020910,-0.043520,-1.128667,0.117628,1.430734,-0.018177,0.005437
7.166667,-0.004670,0.052716,0.002481,-0.207360,-0.925476,-0.200739,-1.553981,-0.021564,-0.019111,-0.044704,-1.114691,0.111259,1.410780,-0.028298,0.005889
7.200000,-0.007387,0.051717,0.006665,-0.204249,-0.906289,-0.186498,-1.553981,-0.017838,-0.019642,-0.035335,-1.102911,0.088748,1.400435,-0.030305,0.015262
7.233333,0.002777,0.039919,0.011064,-0.207628,-0.889779,-0.176844,-1.553981,-0.013755,-0.029497,-0.035909,-1.108521,0.077436,1.390760,-0.027149,0.016752
7.266667,0.008246,0.039198,0.005919,-0.193591,-0.865830,-0.195319,-1.541009,-0.005850,-0.028113,-0.027120,-1.115256,0.095130,1.387394,-0.041917,0.009272
7.300000,0.015251,0.037694,0.001823,-0.179876,-0.865835,-0.189689,-1.540993,-0.003185,-0.033062,-0.027644,-1.107348,0.084302,1.389797,-0.043641,0.011911
7.333333,0.015421,0.025487,0.005901,-0.180618,-0.866707,-0.203106,-1.551631,0.001045,-0.031465,-0.026031,-1.129925,0.093568,1.402228,-0.034889,0.004575
7.366667,0.025623,0.021267,0.004210,-0.180578,-0.867023,-0.218781,-1.537087,-0.001775,-0.030183,-0.041775,-1.137104,0.102487,1.430908,-0.041562,-0.011005
7.400000,0.017757,0.024375,0.002429,-0.171787,-0.873356,-0.219850,-1.520713,0.002071,-0.026474,-0.034807,-1.143112,0.102478,1.438016,-0.045823,-0.009222
7.433333,0.013965,0.024342,0.007310,-0.157942,-0.875157,-0.192790,-1.497545,-0.004992,-0.028319,-0.036124,-1.130893,0.074169,1.413659,-0.032723,-0.011992
7.466667,0.020294,0.027127,0.011190,-0.138300,-0.871829,-0.155025,-1.441187,0.000831,-0.019704,-0.036811,-1.142130,0.043050,1.377877,-0.035275,-0.004760
7.500000,0.024984,0.030937,0.013235,-0.130184,-0.890319,-0.124616,-1.369960,-0.001429,-0.025064,-0.039276,-1.151955,-0.005228,1.313570,-0.035137,0.000093
7.533333,0.010081,0.033897,0.003923,-0.132633,-0.930564,-0.077507,-1.288129,-0.005900,-0.027721,-0.030759,-1.163298,-0.066930,1.216756,-0.024344,0.011487
7.566667,0.002484,0.041121,0.000746,-0.164197,-0.970630,-0.026444,-1.188129,-0.007946,-0.016347,-0.052163,-1.182325,-0.145281,1.145602,-0.021805,0.022047
7.600000,0.005348,0.040438,0.000370,-0.216877,-1.038067,0.018791,-1.088129,-0.005209,-0.007446,-0.080596,-1.240855,-0.225124,1.074447,-0.017505,0.030302
7.633333,-0.007678,0.033114,-0.007676,-0.262856,-1.113602,0.041413,-0.988129,-0.005305,-0.016165,-0.117901,-1.283991,-0.309304,1.016434,-0.006449,0.021065
7.666667,-0.006370,0.030836,-0.023767,-0.284603,-1.169889,0.090436,-0.888129,0.003223,-0.010085,-0.153926,-1.319828,-0.399750,0.998421,-0.001776,0.019533
7.700000,0.001487,0.029686,-0.012523,-0.308284,-1.215363,0.138779,-0.788129,0.008051,-0.009081,-0.200011,-1.354459,-0.499750,0.990061,0.004261,0.021628
7.733333,0.010494,0.019666,-0.009308,-0.304033,-1.250006,0.168429,-0.688129,0.008787,-0.018639,-0.233370,-1.371197,-0.599750,0.966822,0.008367,0.008567
7.766667,0.006338,0.022826,-0.013676,-0.297116,-1.279229,0.203908,-0.615648,0.007377,-0.018151,-0.263517,-1.360048,-0.699246,0.983584,0.006330,0.007560
7.800000,0.009386,0.023951,-0.007596,-0.310832,-1.298040,0.261999,-0.583168,0.003282,-0.014800,-0.285151,-1.353792,-0.798741,1.008377,0.004476,0.009938
7.833333,0.006836,0.024867,0.003165,-0.341343,-1.306955,0.320091,-0.586657,-0.006305,-0.014789,-0.318097,-1.332401,-0.894596,1.008960,0.003664,0.011228
7.866667,-0.000851,0.029730,0.000694,-0.367054,-1.305264,0.395760,-0.608997,-0.005694,-0.006311,-0.342560,-1.307168,-0.981507,1.025886,-0.002154,0.002231
7.900000,-0.004162,0.031905,0.002960,-0.399757,-1.316677,0.494187,-0.670153,-0.004653,-0.005072,-0.373029,-1.290037,-1.050415,1.065545,-0.004498,0.004057
7.933333,-0.005170,0.026119,0.008031,-0.427130,-1.307274,0.552614,-0.725432,-0.001461,-0.006612,-0.400189,-1.284527,-1.093422,1.095529,0.000588,0.004086
7.966667,-0.007297,0.031639,0.001761,-0.424108,-1.301092,0.571041,-0.764868,-0.002865,-0.003368,-0.429239,-1.265591,-1.102580,1.144341,-0.007709,0.006880
8.000000,-0.015530,0.029290,-0.000444,-0.388524,-1.294940,0.549468,-0.795516,-0.000209,-0.008342,-0.430951,-1.252959,-1.077982,1.204561,-0.012073,0.003915
8.033333,-0.003641,0.024951,-0.000640,-0.337689,-1.273765,0.488494,-0.845032,-0.006615,-0.017693,-0.419108,-1.249094,-1.022329,1.275597,-0.015475,0.000649
8.066667,0.001404,0.025479,-0.007206,-0.289702,-1.222126,0.388494,-0.895733,-0.005600,-0.014967,-0.377215,-1.237111,-0.944678,1.353121,-0.033263,0.004073
8.100000,0.002645,0.027092,-0.010128,-0.231654,-1.188022,0.288494,-0.957985,-0.006707,-0.023401,-0.317563,-1.205111,-0.853432,1.416500,-0.041230,0.002081
8.133333,0.005352,0.020447,-0.005617,-0.192273,-1.140027,0.188494,-1.010861,-0.010513,-0.028236,-0.269102,-1.184620,-0.756035,1.456655,-0.034762,-0.009450
8.166667,0.015886,0.019995,-0.005080,-0.192892,-1.116717,0.113951,-1.038486,-0.016124,-0.034447,-0.256931,-1.179755,-0.696035,1.484937,-0.038853,-0.012162
8.200000,0.013213,0.017895,-0.002331,-0.213183,-1.128815,0.069599,-1.028391,-0.011783,-0.033719,-0.279502,-1.182532,-0.676035,1.498449,-0.035127,-0.005696
8.233333,0.009629,0.021570,0.007988,-0.228266,-1.158757,0.065247,-0.980426,-0.011147,-0.036451,-0.342074,-1.186872,-0.696035,1.479379,-0.017898,-0.007292
8.266667,0.025384,0.030634,0.015714,-0.268873,-1.178809,0.100895,-0.899267,-0.005866,-0.015651,-0.407143,-1.227497,-0.756035,1.444127,-0.021837,-0.002970
8.300000,0.025936,0.034466,0.021865,-0.308814,-1.233024,0.176543,-0.843328,-0.002107,-0.009545,-0.465744,-1.263638,-0.856035,1.392100,-0.021931,0.002576
8.333333,0.020076,0.034196,0.012995,-0.323848,-1.263088,0.259872,-0.802703,0.005727,-0.002734,-0.495186,-1.289155,-0.956035,1.347737,-0.016619,0.008273
8.366667,0.018082,0.042225,0.011509,-0.339670,-1.283440,0.349915,-0.763418,-0.000584,0.006793,-0.484629,-1.315569,-1.037366,1.288078,-0.013940,0.013137
8.400000,0.021459,0.034956,0.009243,-0.348401,-1.314857,0.408111,-0.749976,-0.004249,0.003796,-0.444343,-1.341303,-1.078698,1.221002,-0.013076,0.014097
8.433333,0.009564,0.028687,-0.002134,-0.337338,-1.339057,0.454164,-0.759243,-0.008934,-0.008239,-0.417432,-1.336103,-1.081623,1.153925,-0.002442,0.013451
8.466667,0.007778,0.030195,-0.011826,-0.334106,-1.346273,0.471500,-0.754761,-0.007174,-0.011461,-0.367702,-1.344797,-1.074275,1.093007,-0.006887,0.023814
8.500000,0.005843,0.028904,-0.002395,-0.332281,-1.364642,0.469649,-0.738496,-0.008584,-0.010103,-0.332810,-1.355605,-1.035848,1.027333,-0.006778,0.020198
8.533333,0.006541,0.023840,-0.005799,-0.305508,-1.379416,0.443899,-0.741226,-0.000611,-0.013819,-0.315770,-1.363266,-0.997423,0.960117,-0.008050,0.016718
8.566667,0.003304,0.021897,-0.006917,-0.298848,-1.384858,0.428562,-0.736037,0.005098,-0.005665,-0.314485,-1.363510,-0.979241,0.932901,-0.016208,0.019544
8.600000,0.000096,0.015111,-0.003852,-0.293013,-1.393587,0.395493,-0.719651,0.004632,-0.013680,-0.310559,-1.374567,-0.979430,0.915083,-0.019214,0.012917
8.633333,0.001996,0.010892,0.002352,-0.286738,-1.379300,0.369875,-0.694987,0.000472,-0.013346,-0.329301,-1.367870,-0.980220,0.908209,-0.013346,-0.001019
8.666667,0.003675,0.015483,-0.001781,-0.279844,-1.361640,0.367229,-0.676926,0.003150,-0.010554,-0.344383,-1.369197,-0.981303,0.900461,-0.017945,-0.004989
8.700000,0.002828,0.013305,-0.000325,-0.283452,-1.357528,0.351575,-0.657975,0.001036,-0.015298,-0.347119,-1.364437,-0.968190,0.895296,-0.016620,-0.007183
8.733333,0.010040,0.012607,-0.008722,-0.269605,-1.349078,0.332364,-0.624425,-0.002153,-0.019913,-0.362063,-1.370818,-0.954965,0.889358,-0.010795,-0.015484
8.766667,0.012177,0.015292,-0.017404,-0.262190,-1.351598,0.303028,-0.606932,-0.002761,-0.018659,-0.357464,-1.377322,-0.924236,0.874023,-0.012548,-0.012469
8.800000,0.009492,0.017267,-0.020629,-0.252962,-1.372555,0.276601,-0.590612,-0.001657,-0.018160,-0.339581,-1.395512,-0.876071,0.846953,-0.014291,-0.011129
8.833333,0.007160,0.012929,-0.016579,-0.250399,-1.374959,0.229390,-0.584537,-0.002853,-0.022953,-0.322017,-1.390664,-0.831413,0.821043,-0.015086,-0.003550
8.866667,0.010282,0.019799,-0.015125,-0.266925,-1.365386,0.190423,-0.570745,-0.002762,-0.016159,-0.315097,-1.397366,-0.792634,0.820501,-0.017705,-0.001367
8.900000,0.003211,0.022679,-0.007731,-0.272635,-1.372478,0.169021,-0.573223,-0.005584,-0.019133,-0.289207,-1.391961,-0.756860,0.780731,-0.016780,0.001526
8.933333,0.000601,0.020830,0.000970,-0.275166,-1.371120,0.167618,-0.568131,-0.005311,-0.018793,-0.283317,-1.386557,-0.738624,0.757979,-0.016027,-0.000727
8.966667,0.007131,0.017735,0.007652,-0.261277,-1.359917,0.168796,-0.543893,0.002928,-0.020588,-0.261070,-1.364748,-0.707496,0.769859,-0.008655,0.003157
9.000000,0.015808,0.018681,0.011641,-0.257081,-1.380832,0.175115,-0.507675,0.002730,-0.013333,-0.218069,-1.328382,-0.663648,0.803218,-0.009298,0.005645
9.033333,0.013121,0.011551,0.011427,-0.242270,-1.394517,0.188340,-0.482312,-0.000509,-0.019010,-0.169218,-1.262978,-0.606782,0.840236,-0.006893,0.007908
9.066667,0.011259,0.013613,0.007983,-0.244323,-1.395875,0.197575,-0.455090,-0.002434,-0.014380,-0.130969,-1.182978,-0.551465,0.915726,-0.002468,0.009786
9.100000,0.014624,0.015316,0.005386,-0.244382,-1.393845,0.203205,-0.424413,-0.008674,-0.012715,-0.088754,-1.082978,-0.496764,0.974198,-0.001736,0.015454
9.133333,0.011021,0.018278,-0.000389,-0.260610,-1.406611,0.197037,-0.415270,-0.017132,-0.009330,-0.067807,-0.982978,-0.445979,1.003576,-0.007586,0.016560
9.166667,-0.005811,0.018723,-0.018289,-0.251696,-1.406611,0.204365,-0.407689,-0.014888,-0.021399,-0.066156,-0.886106,-0.409693,1.007231,0.000091,0.009572
9.200000,-0.002883,0.022901,-0.023873,-0.256261,-1.400577,0.210418,-0.390024,-0.009039,-0.023124,-0.066013,-0.829233,-0.388646,0.978433,0.006384,0.017814
9.233333,0.001185,0.020067,-0.020302,-0.254476,-1.400577,0.192671,-0.375954,-0.008580,-0.027065,-0.061029,-0.802489,-0.345293,0.924980,0.005210,0.018390
9.266667,-0.002760,0.019148,-0.028332,-0.237184,-1.403966,0.158529,-0.356321,-0.002275,-0.037220,-0.045945,-0.789905,-0.281324,0.871527,-0.001056,0.021469
9.300000,-0.004194,0.026481,-0.030365,-0.236563,-1.403966,0.151261,-0.332098,-0.000870,-0.033617,-0.042858,-0.817320,-0.239798,0.837959,0.002267,0.027917
9.333333,0.008351,0.025239,-0.017276,-0.251248,-1.403966,0.123414,-0.316090,-0.006017,-0.026928,-0.038198,-0.879078,-0.191932,0.790114,0.001691,0.031338
9.366667,0.014118,0.021259,-0.014756,-0.246281,-1.392689,0.093333,-0.288174,-0.002105,-0.016542,-0.044277,-0.925493,-0.150741,0.734721,-0.006877,0.023535
9.400000,0.017737,0.031838,-0.015865,-0.249844,-1.392689,0.087096,-0.266745,-0.006606,-0.014986,-0.036753,-0.958172,-0.137334,0.665511,-0.012211,0.033228
9.433333,0.023801,0.030330,-0.005844,-0.271638,-1.392689,0.093551,-0.256560,-0.007728,-0.004083,-0.053960,-1.016692,-0.123926,0.616367,-0.002692,0.026509
9.466667,0.030281,0.025708,-0.004210,-0.272323,-1.391934,0.085439,-0.248308,-0.007669,-0.008341,-0.074171,-1.065873,-0.110483,0.544528,0.004007,0.021111
9.500000,0.034704,0.026052,-0.005915,-0.280141,-1.391934,0.081082,-0.240361,-0.009790,-0.004677,-0.086881,-1.087246,-0.116156,0.480440,0.006188,0.031581
9.533333,0.030314,0.028251,-0.003570,-0.285344,-1.409244,0.081244,-0.246287,-0.018262,-0.012583,-0.096105,-1.123252,-0.103999,0.438364,0.011668,0.031679
9.566667,0.035615,0.022547,-0.000052,-0.290913,-1.409244,0.065099,-0.253288,-0.006500,-0.007269,-0.115860,-1.168610,-0.079132,0.434173,0.015815,0.025662
9.600000,0.036114,0.025431,0.005014,-0.295006,-1.409244,0.056574,-0.254362,-0.001280,-0.000591,-0.133368,-1.188614,-0.079057,0.425610,0.011711,0.027182
9.633333,0.030153,0.019758,0.006037,-0.289943,-1.390000,0.033114,-0.276561,-0.003538,-0.001517,-0.123515,-1.177957,-0.068694,0.408952,0.004264,0.027241
9.666667,0.026497,0.020505,0.008826,-0.258218,-1.350000,0.022172,-0.318348,0.000390,-0.002800,-0.126509,-1.157638,-0.047553,0.424543,0.000135,0.013019
9.700000,0.030780,0.017475,0.008916,-0.228432,-1.297406,-0.004931,-0.385670,0.000138,-0.012072,-0.124452,-1.100560,-0.034191,0.458122,-0.002666,0.009690
9.733333,0.021180,0.014302,0.008602,-0.199919,-1.249332,-0.032134,-0.461971,-0.005707,-0.017878,-0.111141,-1.020838,-0.025769,0.493816,-0.002058,0.009051
9.766667,0.014850,0.017666,0.002178,-0.170028,-1.185889,-0.056247,-0.561971,-0.003754,-0.020602,-0.097297,-0.926470,-0.006155,0.553816,-0.008926,0.009657
9.800000,0.013562,0.028687,0.006406,-0.170403,-1.146125,-0.068730,-0.661971,0.000563,-0.012303,-0.109941,-0.849437,0.012029,0.653816,-0.010330,0.015288
9.833333,0.008027,0.027927,0.004825,-0.197271,-1.137736,-0.094751,-0.761971,0.000299,-0.016403,-0.126842,-0.792565,0.023404,0.753816,-0.008470,0.016169
9.866667,-0.002551,0.026160,-0.002273,-0.221849,-1.136824,-0.097391,-0.861971,0.009526,-0.012870,-0.141966,-0.733162,0.024662,0.853816,-0.002978,0.022854
9.900000,0.000280,0.035304,-0.001837,-0.262090,-1.133493,-0.085950,-0.961971,0.011223,-0.015426,-0.170708,-0.710658,0.024385,0.953816,-0.001959,0.023888
9.933333,-0.001816,0.032775,0.000943,-0.301340,-1.143134,-0.085512,-1.061971,0.003627,-0.027036,-0.193293,-0.688155,0.030048,1.053816,0.006113,0.019047
9.966667,-0.002990,0.031886,-0.011453,-0.314586,-1.129094,-0.075623,-1.161971,0.012166,-0.036148,-0.209903,-0.674600,0.035133,1.153816,0.009916,0.011862
10.000000,0.002133,0.037114,-0.010600,-0.305272,-1.096788,-0.078722,-1.261971,0.012671,-0.032092,-0.197605,-0.640885,0.030572,1.253816,0.010876,0.018687
10.033333,0.006429,0.044484,-0.003673,-0.288997,-1.078713,-0.105204,-1.361971,0.005707,-0.028474,-0.186041,-0.627881,0.047990,1.327737,0.001173,0.013007
10.066667,0.001216,0.046398,-0.010183,-0.242706,-1.052737,-0.144574,-1.443577,-0.002098,-0.022822,-0.165703,-0.576975,0.064371,1.378901,-0.002485,0.007002
10.100000,0.004011,0.050019,-0.006151,-0.206466,-1.031604,-0.156345,-1.502508,-0.003321,-0.017756,-0.147714,-0.541190,0.051274,1.412538,-0.003006,0.017524
10.133333,0.003430,0.046893,0.005787,-0.176831,-1.010472,-0.196823,-1.543934,-0.016171,-0.019339,-0.113093,-0.486485,0.051249,1.407276,-0.011087,0.017983
10.166667,0.002169,0.055982,0.007740,-0.154647,-0.989579,-0.201246,-1.548551,-0.020632,-0.020802,-0.100431,-0.437775,0.047802,1.381123,-0.022962,0.020446
10.200000,-0.002603,0.056001,0.010961,-0.139413,-0.956132,-0.197084,-1.548603,-0.016438,-0.022020,-0.085982,-0.378565,0.023023,1.354579,-0.025294,0.029047
10.233333,0.005938,0.045398,0.016428,-0.137026,-0.931109,-0.191023,-1.547270,-0.012223,-0.030896,-0.084611,-0.348333,0.009500,1.328003,-0.024787,0.030302
10.266667,0.010360,0.042774,0.011462,-0.116718,-0.898789,-0.210426,-1.528612,-0.003426,-0.029597,-0.080536,-0.305831,0.019842,1.305175,-0.039885,0.021806
10.300000,0.016768,0.041809,0.007693,-0.099299,-0.890803,-0.203430,-1.518381,-0.001052,-0.032263,-0.086607,-0.255964,-0.003683,1.286601,-0.041850,0.024421
10.333333,0.017285,0.029434,0.011796,-0.098761,-0.886895,-0.213963,-1.520017,0.001767,-0.029239,-0.092163,-0.228459,-0.007155,1.276479,-0.032374,0.016030
10.366667,0.027714,0.024429,0.010731,-0.101114,-0.886002,-0.228452,-1.501875,-0.000760,-0.027129,-0.117102,-0.199129,-0.005770,1.291566,-0.040056,0.000269
10.400000,0.021238,0.027097,0.009148,-0.095791,-0.890447,-0.228122,-1.488973,0.003719,-0.024896,-0.123968,-0.157961,-0.014800,1.289441,-0.044396,0.001732
10.433333,0.018397,0.028989,0.014421,-0.089432,-0.889347,-0.202327,-1.476071,-0.005156,-0.029115,-0.132734,-0.120214,-0.044637,1.267798,-0.031981,0.000077
10.466667,0.024943,0.031959,0.018217,-0.074848,-0.876994,-0.169729,-1.449617,0.001360,-0.022735,-0.136827,-0.102668,-0.053445,1.264086,-0.035308,0.006233
10.500000,0.029279,0.037247,0.020662,-0.058496,-0.883866,-0.159601,-1.442144,0.000590,-0.032276,-0.134703,-0.078067,-0.059478,1.258802,-0.036824,0.011586
10.533333,0.014474,0.042189,0.011889,-0.043789,-0.903592,-0.151647,-1.451329,-0.002666,-0.037476,-0.113047,-0.047629,-0.064395,1.243399,-0.026904,0.021878
10.566667,0.008569,0.050697,0.009443,-0.056132,-0.903313,-0.146055,-1.465564,-0.004177,-0.027041,-0.107758,-0.035398,-0.060307,1.267997,-0.025467,0.031419
10.600000,0.010251,0.052380,0.009804,-0.078328,-0.922944,-0.157061,-1.479799,-0.002463,-0.019394,-0.098759,-0.043766,-0.051390,1.302557,-0.024060,0.039377
10.633333,-0.002716,0.045433,0.002986,-0.099416,-0.953565,-0.188160,-1.509493,-0.003722,-0.028205,-0.093786,-0.036090,-0.032780,1.328334,-0.016420,0.031075
10.666667,-0.001730,0.044323,-0.012532,-0.115712,-0.969239,-0.183940,-1.518285,0.003800,-0.022976,-0.087427,-0.036366,-0.028398,1.368120,-0.013882,0.029857
10.700000,0.005058,0.044168,-0.001455,-0.145505,-0.982776,-0.165130,-1.527668,0.006554,-0.021494,-0.091247,-0.041425,-0.024162,1.394603,-0.009544,0.032221
10.733333,0.011853,0.035174,0.001216,-0.149980,-1.008457,-0.160252,-1.526343,0.003788,-0.031434,-0.089263,-0.034422,-0.016767,1.390504,-0.008156,0.019664
10.766667,0.007314,0.038359,-0.003918,-0.169965,-1.042914,-0.138775,-1.534306,0.003488,-0.030032,-0.088094,-0.023586,-0.000292,1.409742,-0.009536,0.017788
10.800000,0.009653,0.041709,0.001663,-0.207708,-1.072606,-0.112190,-1.541477,-0.000044,-0.027333,-0.081935,-0.017813,0.004351,1.430492,-0.010706,0.019204
10.833333,0.005938,0.043520,0.011576,-0.257309,-1.096014,-0.090687,-1.555495,-0.008611,-0.026964,-0.087566,-0.009426,0.014071,1.422693,-0.011015,0.020439
10.866667,-0.002254,0.048522,0.008581,-0.308852,-1.110216,-0.046798,-1.551138,-0.008844,-0.017564,-0.085563,-0.006489,0.020141,1.424901,-0.017045,0.010742
10.900000,-0.007239,0.051935,0.010203,-0.383848,-1.137260,0.023254,-1.552464,-0.005256,-0.015757,-0.086691,-0.015136,0.029667,1.445546,-0.017567,0.011171
10.933333,-0.007921,0.045894,0.014512,-0.465498,-1.142134,0.093306,-1.564500,-0.003055,-0.015964,-0.093038,-0.035994,0.042302,1.445716,-0.013610,0.009879
10.966667,-0.010221,0.052567,0.008428,-0.555232,-1.146617,0.182972,-1.564500,-0.004867,-0.010508,-0.108271,-0.067431,0.057474,1.451300,-0.020896,0.011066
11.000000,-0.017362,0.052662,0.007042,-0.648532,-1.148860,0.282400,-1.563738,-0.003432,-0.013134,-0.106624,-0.112227,0.073585,1.445434,-0.022419,0.005583
11.033333,-0.003907,0.050209,0.008003,-0.746667,-1.137450,0.382400,-1.562919,-0.008151,-0.023440,-0.115473,-0.184187,0.088975,1.430489,-0.024305,0.002646
11.066667,0.003518,0.050852,0.003354,-0.806667,-1.093096,0.482400,-1.552456,-0.005268,-0.019661,-0.118545,-0.259182,0.089470,1.409488,-0.040576,0.008255
11.100000,0.006033,0.053092,0.002784,-0.826667,-1.058816,0.582400,-1.521994,-0.005732,-0.030314,-0.098612,-0.338927,0.067023,1.368963,-0.046681,0.011415
11.133333,0.010551,0.041004,0.007781,-0.806667,-1.018908,0.671940,-1.471532,-0.009835,-0.037755,-0.081301,-0.438874,0.021992,1.307008,-0.039258,0.005044
11.166667,0.022241,0.033688,0.007490,-0.746667,-1.005822,0.721481,-1.401846,-0.014537,-0.045334,-0.071845,-0.538820,-0.041284,1.245053,-0.042128,0.007856
11.200000,0.021385,0.025799,0.008941,-0.646667,-1.023409,0.731022,-1.317689,-0.011279,-0.045466,-0.060406,-0.638820,-0.124684,1.166854,-0.033623,0.018682
11.233333,0.019767,0.025271,0.016956,-0.546667,-1.063677,0.700562,-1.217689,-0.012958,-0.050755,-0.057124,-0.738820,-0.224684,1.066854,-0.013206,0.019829
11.266667,0.038887,0.029718,0.021870,-0.446667,-1.104377,0.630103,-1.117689,-0.009356,-0.029096,-0.060211,-0.838820,-0.302720,0.966854,-0.012824,0.024255
11.300000,0.041256,0.031952,0.025686,-0.357598,-1.171789,0.530103,-1.017689,-0.005943,-0.021912,-0.068802,-0.938820,-0.352132,0.866854,-0.007146,0.028846
11.333333,0.036552,0.030183,0.015197,-0.283295,-1.215288,0.430103,-0.917689,0.006115,-0.015760,-0.075912,-1.038820,-0.371287,0.766854,0.001942,0.031190
11.366667,0.035213,0.038107,0.011802,-0.247886,-1.257677,0.330103,-0.817689,-0.000605,-0.005092,-0.092660,-1.138820,-0.357611,0.676293,0.005354,0.034738
11.400000,0.037943,0.030131,0.007049,-0.228972,-1.307276,0.230103,-0.717689,-0.005232,-0.004737,-0.107900,-1.221637,-0.303936,0.585732,0.008168,0.032258
11.433333,0.024336,0.024288,-0.006400,-0.230296,-1.346956,0.158599,-0.617689,-0.010174,-0.015915,-0.140048,-1.272478,-0.242338,0.495171,0.019908,0.028118
11.466667,0.021555,0.026387,-0.017343,-0.249148,-1.369658,0.095522,-0.517689,-0.009452,-0.017213,-0.148236,-1.303810,-0.195425,0.409590,0.014973,0.036279
11.500000,0.019298,0.025722,-0.009256,-0.272252,-1.396544,0.045554,-0.417689,-0.016524,-0.012980,-0.168442,-1.326269,-0.142800,0.339524,0.014344,0.033909
11.533333,0.019399,0.019747,-0.012811,-0.260751,-1.406435,0.015124,-0.326227,-0.009200,-0.015948,-0.174058,-1.332051,-0.111930,0.274976,0.013968,0.029195
11.566667,0.016347,0.017749,-0.013263,-0.262403,-1.406435,0.007681,-0.267203,-0.003677,-0.007677,-0.178402,-1.332079,-0.099083,0.250427,0.005744,0.031786
11.600000,0.013757,0.010904,-0.009688,-0.261857,-1.409728,-0.011847,-0.229786,-0.003957,-0.014639,-0.174563,-1.347065,-0.092656,0.236961,0.002466,0.025368
11.633333,0.016418,0.007400,-0.002954,-0.257858,-1.392247,-0.016824,-0.218934,-0.007505,-0.014971,-0.189674,-1.346430,-0.093062,0.240255,0.006908,0.012503
11.666667,0.018529,0.012853,-0.005393,-0.249748,-1.377089,0.005091,-0.247933,-0.005341,-0.011563,-0.200138,-1.351866,-0.111677,0.258279,0.001948,0.008173
11.700000,0.017867,0.011137,-0.003308,-0.252444,-1.377089,0.008280,-0.305121,-0.006507,-0.015563,-0.200100,-1.352990,-0.112921,0.277973,0.001980,0.005831
11.733333,0.024854,0.011137,-0.010668,-0.236565,-1.373347,0.016048,-0.342227,-0.008555,-0.021479,-0.214303,-1.364382,-0.120683,0.297667,0.007457,-0.001727
11.766667,0.026517,0.014339,-0.018170,-0.224971,-1.373347,0.008822,-0.397727,-0.008423,-0.021341,-0.210821,-1.370296,-0.122597,0.313736,0.005378,0.002109
11.800000,0.023671,0.016697,-0.020254,-0.211773,-1.391100,0.009667,-0.466661,-0.006890,-0.021852,-0.197936,-1.386901,-0.118942,0.331194,0.004558,0.004075
11.833333,0.020504,0.012441,-0.016248,-0.206669,-1.387127,-0.013617,-0.525645,-0.006351,-0.028814,-0.185667,-1.381814,-0.106992,0.336060,0.002251,0.012380
11.866667,0.023506,0.018976,-0.013473,-0.220600,-1.374308,-0.026025,-0.566834,-0.006208,-0.022555,-0.183720,-1.389144,-0.103098,0.364301,-0.001730,0.014947
11.900000,0.016774,0.021892,-0.005909,-0.225896,-1.378010,-0.032021,-0.621603,-0.008664,-0.026103,-0.165157,-1.383839,-0.101591,0.353123,-0.000621,0.017528
11.933333,0.014135,0.020015,0.002672,-0.228868,-1.377971,-0.019434,-0.656372,-0.008105,-0.026695,-0.166595,-1.381029,-0.109398,0.354488,0.000672,0.014733
11.966667,0.016432,0.016828,0.008534,-0.248437,-1.357933,0.002104,-0.651142,-0.002490,-0.027226,-0.188134,-1.375705,-0.129879,0.372724,0.005179,0.012878
12.000000,0.023253,0.017405,0.012601,-0.265604,-1.374722,0.047771,-0.616012,-0.004896,-0.018040,-0.215066,-1.379007,-0.176415,0.395023,0.004259,0.009647
12.033333,0.017742,0.011560,0.011583,-0.271058,-1.387542,0.121750,-0.577537,-0.009378,-0.023315,-0.237615,-1.377179,-0.241473,0.395349,0.008903,0.005077
12.066667,0.013243,0.013905,0.006847,-0.290829,-1.386721,0.176294,-0.523608,-0.013414,-0.016061,-0.265061,-1.364916,-0.302781,0.427720,0.011196,0.002920
12.100000,0.013158,0.014896,0.003061,-0.309412,-1.370106,0.210838,-0.449679,-0.021623,-0.011043,-0.286515,-1.360668,-0.344089,0.440091,0.009759,0.003861
12.133333,0.010908,0.017268,-0.003518,-0.312771,-1.383816,0.208927,-0.388412,-0.028961,-0.005292,-0.291028,-1.363291,-0.345396,0.419976,0.002711,0.004841
12.166667,-0.006398,0.017093,-0.022675,-0.307486,-1.371201,0.202143,-0.327144,-0.028845,-0.016007,-0.290089,-1.341782,-0.318140,0.397134,0.008259,-0.003445
12.200000,-0.005431,0.019956,-0.029337,-0.317652,-1.344386,0.169037,-0.262146,-0.023521,-0.014920,-0.292445,-1.330437,-0.278975,0.370392,0.011402,0.006094
12.233333,-0.002470,0.016570,-0.025285,-0.323200,-1.334918,0.129589,-0.211040,-0.021383,-0.017440,-0.293877,-1.331912,-0.220087,0.325351,0.007745,0.006070
12.266667,-0.006739,0.016083,-0.032399,-0.311473,-1.346794,0.096680,-0.196563,-0.013133,-0.028061,-0.289250,-1.306135,-0.165992,0.295111,0.001191,0.006093
12.300000,-0.009002,0.022759,-0.033835,-0.314971,-1.337448,0.100227,-0.198589,-0.013655,-0.023747,-0.292221,-1.300440,-0.151898,0.297357,0.004319,0.014158
12.333333,0.002534,0.022842,-0.019271,-0.323146,-1.337834,0.088730,-0.228567,-0.017697,-0.017000,-0.287679,-1.314814,-0.144960,0.286235,0.002984,0.019818
12.366667,0.008652,0.020494,-0.014948,-0.308217,-1.330078,0.079548,-0.256386,-0.010807,-0.008117,-0.286993,-1.308746,-0.139733,0.278392,-0.008286,0.011549
12.400000,0.010127,0.031056,-0.014663,-0.301684,-1.325834,0.092078,-0.297655,-0.015299,-0.006132,-0.266415,-1.292998,-0.169098,0.280062,-0.012596,0.019255
12.433333,0.015875,0.029431,-0.004346,-0.314628,-1.315355,0.114420,-0.325802,-0.017294,0.004021,-0.267810,-1.316487,-0.196206,0.298544,-0.006225,0.015132
12.466667,0.021041,0.025808,-0.001421,-0.306154,-1.310821,0.121508,-0.346734,-0.017604,0.000382,-0.271013,-1.324780,-0.210496,0.297745,-0.003523,0.007116
12.500000,0.025560,0.025635,-0.001838,-0.309557,-1.319228,0.129385,-0.359029,-0.018286,0.003658,-0.269062,-1.319307,-0.237013,0.308400,-0.002265,0.018353
12.533333,0.020851,0.027050,0.000684,-0.313091,-1.341992,0.138910,-0.378223,-0.028664,-0.003570,-0.262955,-1.333102,-0.241768,0.333137,0.004302,0.020362
12.566667,0.024931,0.021835,0.004159,-0.322582,-1.349328,0.134475,-0.377820,-0.019963,-0.000380,-0.272828,-1.364943,-0.231476,0.366275,0.007087,0.015859
12.600000,0.024371,0.022904,0.009825,-0.329538,-1.361261,0.135359,-0.360736,-0.016004,0.005737,-0.281580,-1.376783,-0.245686,0.387763,0.003201,0.016555
12.633333,0.019192,0.017479,0.009893,-0.335392,-1.369280,0.130245,-0.351317,-0.017060,0.002333,-0.263112,-1.376047,-0.251489,0.396947,-0.000732,0.016199
12.666667,0.018675,0.017695,0.010948,-0.326849,-1.366613,0.144259,-0.332134,-0.014298,0.002543,-0.269636,-1.393763,-0.260796,0.429055,-0.002570,-0.001892
12.700000,0.026633,0.013855,0.009315,-0.327229,-1.371360,0.156946,-0.327705,-0.015395,-0.007280,-0.277503,-1.399209,-0.295428,0.454462,-0.003741,-0.007248
12.733333,0.023615,0.008382,0.007015,-0.324136,-1.378595,0.178033,-0.337012,-0.021246,-0.013044,-0.273776,-1.392692,-0.331602,0.467170,0.000669,-0.006685
12.766667,0.019012,0.011982,-0.000623,-0.325570,-1.370967,0.217450,-0.371719,-0.019186,-0.014984,-0.271843,-1.369605,-0.380738,0.499914,-0.001623,-0.003311
12.800000,0.016852,0.019965,0.003488,-0.349523,-1.371465,0.278120,-0.416813,-0.014580,-0.004586,-0.304664,-1.365783,-0.451098,0.564245,-0.000060,0.005067
12.833333,0.009358,0.017039,0.002275,-0.399365,-1.377141,0.338789,-0.492354,-0.012049,-0.011326,-0.342108,-1.354904,-0.527135,0.628576,0.003184,0.008674
12.866667,-0.004500,0.016195,-0.005526,-0.465391,-1.374098,0.423143,-0.576545,-0.001490,-0.005380,-0.396638,-1.321007,-0.611676,0.708118,0.006320,0.014791
12.900000,-0.006959,0.028591,-0.005950,-0.548398,-1.366043,0.523143,-0.668771,-0.000650,-0.003231,-0.481235,-1.313628,-0.711676,0.808118,0.005153,0.012135
12.933333,-0.009941,0.029463,-0.002850,-0.648398,-1.371878,0.623143,-0.768771,-0.008108,-0.011017,-0.575237,-1.304951,-0.811676,0.908118,0.011969,0.005589
12.966667,-0.012325,0.032219,-0.016200,-0.748398,-1.358456,0.723143,-0.868771,-0.001496,-0.015841,-0.661418,-1.299456,-0.911676,1.008118,0.017838,-0.003084
13.000000,-0.008642,0.041362,-0.015528,-0.848398,-1.340445,0.823143,-0.968771,-0.004013,-0.012213,-0.707600,-1.284500,-1.011676,1.108118,0.018397,0.004001
13.033333,-0.003082,0.048607,-0.007762,-0.948398,-1.339920,0.923143,-1.068771,-0.012867,-0.006569,-0.719780,-1.295122,-1.111676,1.168118,0.014914,-0.002808
13.066667,-0.008334,0.048426,-0.011693,-1.012697,-1.317348,1.023143,-1.168771,-0.016258,-0.003193,-0.691959,-1.275596,-1.171676,1.188118,0.013183,-0.003505
13.100000,-0.005310,0.048365,-0.008181,-1.058306,-1.290725,1.123143,-1.257474,-0.017108,0.003052,-0.624138,-1.276480,-1.191676,1.168118,0.011620,0.006696
13.133333,-0.001406,0.042875,0.004919,-1.063916,-1.264104,1.183143,-1.333379,-0.027302,0.000395,-0.524138,-1.254217,-1.171676,1.108118,-0.000487,0.009803
13.166667,-0.002173,0.049379,0.007161,-1.029526,-1.228367,1.203143,-1.382327,-0.030887,0.000415,-0.424138,-1.223716,-1.111676,1.048118,-0.012813,0.014084
13.200000,-0.006719,0.047230,0.010987,-0.955136,-1.177363,1.183143,-1.431276,-0.027968,-0.005542,-0.324138,-1.167637,-1.011676,1.028118,-0.021811,0.025903
13.233333,0.007155,0.035890,0.014752,-0.876447,-1.145027,1.123143,-1.466776,-0.026678,-0.017793,-0.233288,-1.127407,-0.911676,1.048118,-0.023085,0.023025
13.266667,0.014787,0.034068,0.008883,-0.776447,-1.115075,1.023143,-1.483287,-0.020094,-0.019536,-0.160415,-1.086113,-0.811676,1.108118,-0.038196,0.013001
13.300000,0.019628,0.034046,0.003764,-0.676447,-1.113620,0.923143,-1.507628,-0.019684,-0.024620,-0.110770,-1.041167,-0.711676,1.208118,-0.040987,0.013565
13.333333,0.020706,0.022807,0.006038,-0.576447,-1.115799,0.823143,-1.538925,-0.016199,-0.020602,-0.081715,-1.036220,-0.611676,1.308118,-0.032920,0.002288
13.366667,0.031188,0.018906,0.003405,-0.490895,-1.124170,0.723143,-1.541699,-0.016019,-0.015412,-0.082759,-1.059465,-0.511676,1.368118,-0.037761,-0.013937
13.400000,0.020469,0.021537,0.001043,-0.419910,-1.147881,0.623143,-1.529553,-0.010233,-0.007714,-0.097385,-1.097008,-0.411676,1.388118,-0.040123,-0.011473
13.433333,0.015776,0.022815,0.005691,-0.353242,-1.159819,0.523143,-1.507693,-0.018543,-0.010249,-0.121226,-1.137227,-0.327771,1.368118,-0.027150,-0.011270
13.466667,0.021134,0.024745,0.009586,-0.291123,-1.150452,0.423143,-1.450801,-0.010736,-0.002513,-0.144400,-1.195249,-0.270672,1.308118,-0.028996,-0.004366
13.500000,0.026214,0.028281,0.012291,-0.246361,-1.153210,0.323143,-1.373909,-0.012761,-0.010218,-0.168346,-1.249740,-0.235176,1.208118,-0.027466,0.001687
13.533333,0.010854,0.031812,0.003821,-0.203587,-1.163041,0.223143,-1.287173,-0.018636,-0.015821,-0.175740,-1.284076,-0.221149,1.108118,-0.017311,0.012410
13.566667,0.007058,0.039426,0.001019,-0.186248,-1.144341,0.147112,-1.195213,-0.020075,-0.009366,-0.188545,-1.318412,-0.226577,1.008118,-0.014462,0.024637
13.600000,0.010655,0.039065,0.002269,-0.175781,-1.142436,0.099294,-1.103252,-0.017567,-0.002178,-0.196885,-1.350366,-0.254601,0.908118,-0.011635,0.032997
13.633333,-0.000075,0.031909,-0.004296,-0.176047,-1.156494,0.070614,-1.011292,-0.018759,-0.013005,-0.206236,-1.366089,-0.271484,0.808118,-0.001454,0.023694
13.666667,0.001185,0.029435,-0.019287,-0.185131,-1.166128,0.081476,-0.919331,-0.012161,-0.008249,-0.210918,-1.375898,-0.306764,0.708118,0.004168,0.021485
13.700000,0.009817,0.027839,-0.007460,-0.209939,-1.181069,0.112556,-0.825739,-0.007307,-0.008126,-0.226770,-1.397671,-0.345147,0.611267,0.009993,0.024565
13.733333,0.019725,0.018002,-0.003264,-0.212610,-1.212222,0.134239,-0.725739,-0.009538,-0.016117,-0.238399,-1.399444,-0.385969,0.527383,0.009408,0.012472
13.766667,0.015244,0.021275,-0.008547,-0.236647,-1.257080,0.167710,-0.632202,-0.009760,-0.016282,-0.252597,-1.399444,-0.422243,0.483500,0.011592,0.011331
13.800000,0.017476,0.021291,-0.003791,-0.274413,-1.305580,0.215474,-0.561130,-0.014144,-0.013704,-0.265934,-1.410000,-0.482851,0.469203,0.013108,0.013114
13.833333,0.014857,0.021626,0.006040,-0.312909,-1.345133,0.252471,-0.498988,-0.021768,-0.014099,-0.293378,-1.410000,-0.543460,0.473969,0.012896,0.015622
13.866667,0.007303,0.025958,0.002762,-0.339526,-1.371253,0.292125,-0.446068,-0.022184,-0.005723,-0.313132,-1.404251,-0.619497,0.501241,0.009477,0.007577
13.900000,0.002022,0.027682,0.004538,-0.365589,-1.398052,0.352916,-0.424574,-0.019212,-0.006691,-0.335453,-1.404251,-0.700071,0.544751,0.012026,0.007707
13.933333,0.002772,0.021583,0.009157,-0.383397,-1.404851,0.376296,-0.410404,-0.016587,-0.007110,-0.354393,-1.404251,-0.755117,0.569950,0.016561,0.010258
13.966667,0.002333,0.028455,0.002639,-0.384119,-1.404851,0.366243,-0.387521,-0.017960,-0.002382,-0.369225,-1.404251,-0.770164,0.584466,0.008425,0.013466
14.000000,-0.004497,0.027062,-0.000948,-0.371867,-1.407630,0.347697,-0.371283,-0.015988,-0.007672,-0.356709,-1.404251,-0.745211,0.579920,0.007251,0.011059
14.033333,0.008716,0.022367,-0.002335,-0.360096,-1.408113,0.306274,-0.353499,-0.020570,-0.016797,-0.349255,-1.410000,-0.680258,0.569509,0.004723,0.007227
14.066667,0.013628,0.022230,-0.011113,-0.355680,-1.395287,0.242872,-0.321919,-0.018046,-0.008440,-0.332143,-1.410000,-0.588874,0.548854,-0.011185,0.011038
14.100000,0.013342,0.023031,-0.014983,-0.337840,-1.394290,0.193030,-0.296413,-0.018263,-0.014992,-0.300266,-1.410000,-0.505263,0.509994,-0.019409,0.009093
14.133333,0.016016,0.016144,-0.011538,-0.324707,-1.376091,0.171556,-0.280644,-0.020777,-0.019579,-0.278925,-1.401491,-0.445484,0.475565,-0.013042,-0.000977
14.166667,0.026062,0.013863,-0.011143,-0.325896,-1.358579,0.145069,-0.284791,-0.025186,-0.023294,-0.273464,-1.401491,-0.407080,0.459657,-0.019983,-0.003522
14.200000,0.022557,0.011958,-0.009084,-0.323430,-1.354464,0.134968,-0.297324,-0.021534,-0.021330,-0.262206,-1.401491,-0.392888,0.453465,-0.016266,0.004154
14.233333,0.018855,0.016058,0.001559,-0.311314,-1.355717,0.151139,-0.313263,-0.022308,-0.027375,-0.259404,-1.401491,-0.402785,0.453198,-0.000870,0.003436
14.266667,0.034823,0.025921,0.010008,-0.328324,-1.335591,0.191161,-0.334772,-0.018543,-0.009383,-0.264718,-1.401491,-0.436292,0.489448,-0.003987,0.006942
14.300000,0.035016,0.027921,0.017593,-0.346405,-1.351136,0.227410,-0.372794,-0.015446,-0.005726,-0.273716,-1.403518,-0.485968,0.522618,-0.005168,0.011273
14.333333,0.024865,0.028598,0.010670,-0.368546,-1.348678,0.288392,-0.415324,-0.005990,-0.001904,-0.283513,-1.403518,-0.554270,0.569817,-0.001278,0.013961
14.366667,0.020603,0.039377,0.012861,-0.413580,-1.328861,0.372988,-0.481792,-0.013248,0.005921,-0.317020,-1.398251,-0.638359,0.627510,-0.004104,0.016771
14.400000,0.021398,0.036786,0.013186,-0.483597,-1.311956,0.457583,-0.567225,-0.016711,0.005540,-0.365240,-1.390656,-0.738359,0.677845,-0.004015,0.014341
14.433333,0.006925,0.034154,0.003327,-0.553614,-1.302076,0.542179,-0.667225,-0.020251,-0.005084,-0.400768,-1.375992,-0.813667,0.694706,0.003668,0.011539
14.466667,0.004267,0.038426,-0.004424,-0.613721,-1.281890,0.642179,-0.731571,-0.017141,-0.006738,-0.403473,-1.373663,-0.848974,0.691314,-0.002586,0.022577
14.500000,0.006747,0.037765,0.005678,-0.641515,-1.286280,0.742179,-0.755917,-0.021820,-0.004424,-0.387708,-1.373663,-0.844282,0.655371,-0.001456,0.019814
14.533333,0.009941,0.029223,0.001376,-0.629309,-1.309614,0.802179,-0.740263,-0.013331,-0.009607,-0.348029,-1.378930,-0.799590,0.583274,0.001037,0.017055
14.566667,0.009296,0.023095,-0.000600,-0.577103,-1.338091,0.822179,-0.684609,-0.008162,-0.004631,-0.290908,-1.386524,-0.714898,0.522602,-0.007688,0.022613
14.600000,0.007991,0.012160,0.001503,-0.488433,-1.369094,0.802179,-0.588955,-0.009679,-0.013235,-0.250709,-1.401189,-0.614898,0.455402,-0.010466,0.016932
14.633333,0.011442,0.006013,0.005738,-0.419921,-1.371934,0.742179,-0.488955,-0.016158,-0.013052,-0.241237,-1.397347,-0.514898,0.407950,-0.004528,0.003844
14.666667,0.012016,0.010663,0.000235,-0.371804,-1.368307,0.642179,-0.396167,-0.012770,-0.008598,-0.257754,-1.397347,-0.427091,0.381789,-0.010617,0.000902
14.700000,0.010546,0.009573,0.000317,-0.342986,-1.368319,0.542179,-0.321683,-0.015227,-0.009663,-0.267142,-1.392445,-0.346804,0.366732,-0.009883,-0.001715
14.733333,0.016481,0.009573,-0.008325,-0.326617,-1.361595,0.443769,-0.256180,-0.019032,-0.012914,-0.293555,-1.392445,-0.291063,0.362722,-0.003584,-0.010181
14.766667,0.018836,0.013789,-0.017101,-0.333237,-1.361595,0.349395,-0.223350,-0.019649,-0.010475,-0.300470,-1.391299,-0.245436,0.358711,-0.005540,-0.007673
14.800000,0.016569,0.016844,-0.019722,-0.338607,-1.381595,0.286872,-0.214845,-0.016954,-0.009679,-0.300672,-1.396566,-0.222305,0.354529,-0.006093,-0.008001
14.833333,0.014113,0.012521,-0.015883,-0.346151,-1.382032,0.242112,-0.221304,-0.017413,-0.013476,-0.295032,-1.384088,-0.202406,0.348039,-0.006395,0.000718
14.866667,0.016472,0.019427,-0.012944,-0.369565,-1.373640,0.208485,-0.224241,-0.016301,-0.005853,-0.299032,-1.388991,-0.193543,0.365271,-0.011132,0.003982
14.900000,0.009815,0.022701,-0.005657,-0.383005,-1.380364,0.207422,-0.241796,-0.020092,-0.008705,-0.283715,-1.380532,-0.185611,0.342504,-0.009944,0.005413
14.933333,0.006390,0.021116,0.002729,-0.389921,-1.380364,0.222322,-0.246677,-0.020765,-0.009453,-0.288398,-1.373220,-0.187566,0.336938,-0.008276,0.002580
14.966667,0.008220,0.019016,0.011389,-0.370134,-1.360364,0.245371,-0.267234,-0.008247,-0.016904,-0.283838,-1.352147,-0.207025,0.351798,-0.006617,0.003639
15.000000,0.013096,0.020986,0.018479,-0.365026,-1.339134,0.290658,-0.305613,-0.003317,-0.017838,-0.275657,-1.316166,-0.251058,0.387674,-0.014218,0.002769
15.033333,0.009171,0.017323,0.019812,-0.349852,-1.290000,0.347939,-0.369211,0.000888,-0.029173,-0.257170,-1.247708,-0.316536,0.424877,-0.018045,-0.001060
15.066667,0.003208,0.021904,0.019654,-0.353512,-1.210000,0.407987,-0.449211,0.005144,-0.031927,-0.246974,-1.167708,-0.396536,0.502079,-0.021824,-0.001981
15.100000,0.004435,0.025045,0.019799,-0.359740,-1.110000,0.478207,-0.549211,0.004541,-0.037391,-0.230883,-1.067708,-0.496536,0.602079,-0.030910,0.000340
15.133333,-0.000529,0.029536,0.014955,-0.388267,-1.010000,0.522992,-0.649211,-0.004231,-0.033388,-0.221897,-0.967708,-0.596536,0.702079,-0.037717,0.001544
15.166667,-0.014691,0.031525,-0.001181,-0.379740,-0.910000,0.567777,-0.749211,-0.005802,-0.043348,-0.211143,-0.867708,-0.696536,0.802079,-0.031633,-0.007526
15.200000,-0.013188,0.033063,-0.005802,-0.373263,-0.822452,0.613651,-0.849212,-0.007591,-0.047058,-0.201578,-0.795537,-0.792564,0.902079,-0.022274,0.002148
15.233333,-0.008581,0.029712,-0.001065,-0.355373,-0.772824,0.627597,-0.949211,-0.004613,-0.048510,-0.185556,-0.740181,-0.848881,1.002079,-0.023676,0.003669
15.266667,-0.014396,0.029590,-0.006231,-0.314915,-0.759841,0.611371,-1.011528,0.003443,-0.057625,-0.156759,-0.694383,-0.865197,1.102079,-0.025189,0.005818
15.300000,-0.014499,0.035259,-0.006424,-0.290302,-0.759868,0.613133,-1.043307,0.002123,-0.051771,-0.141356,-0.688584,-0.873466,1.202079,-0.023456,0.015480
15.333333,-0.006076,0.033276,0.007025,-0.277121,-0.782754,0.591020,-1.051098,-0.000307,-0.044722,-0.127995,-0.713637,-0.857815,1.272518,-0.023490,0.016514
15.366667,-0.003238,0.031742,0.009817,-0.252548,-0.795374,0.546126,-1.018890,0.006416,-0.032384,-0.125569,-0.729682,-0.822909,1.305436,-0.035133,0.008745
15.400000,-0.002988,0.041882,0.008240,-0.231417,-0.810073,0.515160,-0.972859,0.000712,-0.032151,-0.106122,-0.737063,-0.811574,1.315929,-0.044418,0.019388
15.433333,0.005011,0.037666,0.016509,-0.230307,-0.810023,0.493939,-0.946328,0.001034,-0.020248,-0.116952,-0.774887,-0.800239,1.311970,-0.035553,0.014826
15.466667,0.007251,0.033173,0.017631,-0.197995,-0.813624,0.440165,-0.934063,0.003061,-0.028479,-0.118828,-0.804317,-0.756951,1.271475,-0.032729,0.007521
15.500000,0.012942,0.032879,0.014998,-0.177392,-0.823340,0.370266,-0.936065,-0.000546,-0.026574,-0.108903,-0.810298,-0.697584,1.224250,-0.031392,0.022407
15.533333,0.010516,0.032710,0.018020,-0.151792,-0.846295,0.298932,-0.961335,-0.004968,-0.033872,-0.090752,-0.834417,-0.621443,1.194912,-0.025819,0.023605
15.566667,0.019815,0.027586,0.021029,-0.135831,-0.848007,0.208677,-0.995281,0.002688,-0.028714,-0.087498,-0.875033,-0.521443,1.182320,-0.014262,0.011047
15.600000,0.018009,0.031583,0.024248,-0.119168,-0.844456,0.108677,-1.044176,0.002292,-0.019891,-0.075339,-0.886900,-0.421443,1.168678,-0.020909,0.011459
15.633333,0.015690,0.027458,0.022276,-0.112723,-0.833205,0.020151,-1.109341,-0.000193,-0.020124,-0.041166,-0.867163,-0.321443,1.160424,-0.026260,0.008860
15.666667,0.011930,0.029239,0.022315,-0.098181,-0.813255,-0.028376,-1.145120,0.002626,-0.019263,-0.034192,-0.860267,-0.221443,1.185346,-0.029338,-0.006589
15.700000,0.016761,0.028618,0.017364,-0.092008,-0.793104,-0.076515,-1.178397,-0.001492,-0.030084,-0.029343,-0.842647,-0.136186,1.196826,-0.030601,-0.012732
15.733333,0.007989,0.024623,0.013479,-0.086875,-0.787097,-0.102119,-1.197708,-0.007795,-0.032893,-0.015398,-0.811316,-0.074761,1.183602,-0.030744,-0.008572
15.766667,0.004132,0.027739,0.004958,-0.070180,-0.778671,-0.092363,-1.180255,-0.004868,-0.036882,0.000353,-0.784076,-0.045373,1.145879,-0.035724,-0.006453
15.800000,0.003747,0.035708,0.008478,-0.076327,-0.785223,-0.066953,-1.122802,-0.001444,-0.026574,-0.006935,-0.796836,-0.049513,1.099303,-0.034668,0.001869
15.833333,0.001649,0.031672,0.006784,-0.079688,-0.807478,-0.061075,-1.064457,-0.000730,-0.032610,-0.010295,-0.823148,-0.078370,1.021425,-0.028835,0.006332
15.866667,-0.006823,0.027207,0.000459,-0.078845,-0.835574,-0.026701,-0.985346,0.008576,-0.026971,-0.015870,-0.836684,-0.127740,0.947651,-0.021870,0.017406
15.900000,-0.005032,0.033176,0.001332,-0.086228,-0.859379,0.024920,-0.885346,0.010635,-0.030552,-0.036988,-0.879280,-0.193278,0.894241,-0.017772,0.021769
15.933333,-0.007458,0.028852,0.004709,-0.108452,-0.890335,0.066084,-0.806011,0.004921,-0.042060,-0.062744,-0.930155,-0.266780,0.860953,-0.006829,0.020611
15.966667,-0.010327,0.027149,-0.008735,-0.117093,-0.897836,0.120122,-0.761687,0.012605,-0.050014,-0.101161,-0.969969,-0.346753,0.867665,0.004391,0.011923
16.000000,-0.004026,0.032179,-0.007896,-0.134168,-0.900535,0.188789,-0.744885,0.012951,-0.043853,-0.133697,-0.975984,-0.442010,0.908796,0.004297,0.017301
16.033333,-0.001114,0.036673,-0.000982,-0.151384,-0.914014,0.234183,-0.752300,0.004454,-0.040227,-0.180541,-0.990036,-0.542010,0.971861,-0.002671,0.009643
16.066667,-0.007186,0.039176,-0.007479,-0.159997,-0.914851,0.279794,-0.799716,-0.001014,-0.033883,-0.229753,-0.971004,-0.642010,1.044944,-0.008719,-0.000250
16.100000,-0.004498,0.041903,-0.003802,-0.179872,-0.917413,0.340502,-0.866466,-0.003708,-0.027958,-0.282364,-0.951610,-0.742010,1.126321,-0.010555,0.006082
16.133333,-0.000804,0.036763,0.010094,-0.198371,-0.919490,0.384422,-0.932727,-0.014579,-0.029310,-0.311377,-0.916068,-0.842010,1.180232,-0.020556,0.006610
16.166667,-0.003884,0.046024,0.011252,-0.213843,-0.904417,0.431700,-0.981000,-0.020809,-0.031208,-0.337361,-0.890437,-0.942010,1.216573,-0.027908,0.009712
16.200000,-0.008939,0.047604,0.016331,-0.222385,-0.883185,0.473368,-1.019408,-0.014164,-0.031890,-0.340648,-0.868942,-1.042010,1.236280,-0.031918,0.018254
16.233333,0.002615,0.034988,0.022269,-0.220367,-0.876892,0.475035,-1.022906,-0.010853,-0.040191,-0.342689,-0.876363,-1.133591,1.237205,-0.030160,0.022569
16.266667,0.006255,0.031401,0.017430,-0.190716,-0.870030,0.436703,-0.986403,-0.001807,-0.038430,-0.316436,-0.878995,-1.185173,1.234484,-0.043282,0.014725
16.300000,0.010668,0.030376,0.012057,-0.163352,-0.903168,0.375159,-0.915380,-0.000705,-0.040310,-0.274654,-0.875314,-1.196754,1.219229,-0.046920,0.018906
16.333333,0.009362,0.016932,0.015653,-0.148452,-0.947691,0.275159,-0.834822,0.004482,-0.035551,-0.221620,-0.901445,-1.168336,1.202308,-0.041444,0.009081
16.366667,0.020728,0.010858,0.013027,-0.147418,-0.985960,0.175159,-0.759406,0.001205,-0.032599,-0.180812,-0.909690,-1.099918,1.202901,-0.046426,-0.004966
16.400000,0.012178,0.014346,0.010799,-0.148042,-1.024072,0.085875,-0.718901,0.004520,-0.027981,-0.112619,-0.907426,-0.999918,1.182278,-0.046874,-0.004179
16.433333,0.011084,0.017170,0.015437,-0.151796,-1.049735,0.033860,-0.692970,-0.004095,-0.029944,-0.066584,-0.887201,-0.899918,1.141389,-0.033499,-0.005106
16.466667,0.016538,0.021993,0.019244,-0.142052,-1.046207,0.018228,-0.676834,0.002388,-0.022503,-0.037275,-0.881560,-0.799918,1.112049,-0.035150,0.001093
16.500000,0.020523,0.028021,0.020926,-0.132994,-1.056696,0.002597,-0.689771,-0.000301,-0.031534,-0.011196,-0.861644,-0.699918,1.078031,-0.033551,0.006239
16.533333,0.004456,0.033320,0.010682,-0.123041,-1.078541,-0.008973,-0.706942,-0.006685,-0.035089,0.022759,-0.840295,-0.599918,1.032529,-0.024585,0.016757
16.566667,-0.002033,0.042089,0.006184,-0.138351,-1.078446,-0.001263,-0.696365,-0.007060,-0.024870,0.028667,-0.833622,-0.499918,1.017951,-0.024920,0.026513
16.600000,-0.000633,0.043749,0.006951,-0.162171,-1.096713,-0.004900,-0.671214,-0.007027,-0.015714,0.032600,-0.857775,-0.399918,1.001490,-0.023289,0.030865
16.633333,-0.012672,0.036204,-0.000952,-0.188169,-1.132333,-0.026429,-0.636268,-0.009078,-0.022897,0.024346,-0.871564,-0.313697,0.979631,-0.014982,0.022646
16.666667,-0.012004,0.033179,-0.016942,-0.213112,-1.157615,-0.008762,-0.572250,-0.000906,-0.013762,0.009177,-0.894924,-0.267477,0.976581,-0.011856,0.020513
16.700000,-0.003966,0.032250,-0.005873,-0.254687,-1.185291,0.023266,-0.489083,0.005568,-0.012797,-0.020726,-0.927364,-0.246209,0.958938,-0.005673,0.020900
16.733333,0.004968,0.021508,-0.002508,-0.273243,-1.226151,0.040241,-0.404830,0.004334,-0.020865,-0.047101,-0.947069,-0.243555,0.918627,-0.002081,0.008012
16.766667,0.000687,0.023573,-0.008874,-0.302141,-1.276583,0.071295,-0.341474,0.004460,-0.022806,-0.078793,-0.955454,-0.273920,0.915694,-0.001433,0.009236
16.800000,0.002636,0.025778,-0.004498,-0.346461,-1.322597,0.111789,-0.309366,0.001451,-0.019554,-0.103898,-0.972752,-0.329909,0.923623,-0.002122,0.010050
16.833333,0.000768,0.028085,0.005460,-0.385515,-1.353777,0.143439,-0.299809,-0.007129,-0.021872,-0.138819,-0.979344,-0.381859,0.910983,-0.002783,0.012396
16.866667,-0.006037,0.033127,0.002738,-0.405992,-1.373324,0.188502,-0.310353,-0.008120,-0.013510,-0.160638,-0.981893,-0.439284,0.916925,-0.005306,0.005064
16.900000,-0.010636,0.036018,0.005221,-0.423893,-1.395322,0.258622,-0.349731,-0.005971,-0.014440,-0.185534,-0.992455,-0.506243,0.944850,-0.004604,0.006499
16.933333,-0.010441,0.031439,0.009885,-0.438405,-1.399314,0.311768,-0.403652,-0.003988,-0.012802,-0.202813,-1.008897,-0.565843,0.961103,-0.000309,0.006645
16.966667,-0.012164,0.037633,0.004749,-0.429531,-1.399563,0.369595,-0.466325,-0.007301,-0.011769,-0.224177,-1.011269,-0.626039,0.997925,-0.006980,0.008631
17.000000,-0.019540,0.035210,0.002612,-0.410978,-1.405557,0.437069,-0.540773,-0.005911,-0.016233,-0.225506,-1.018533,-0.690275,1.030672,-0.007657,0.006072
17.033333,-0.007916,0.030707,0.001934,-0.394343,-1.410000,0.485249,-0.611408,-0.008331,-0.026668,-0.243587,-1.037106,-0.753611,1.070404,-0.008577,0.003306
17.066667,-0.001840,0.030585,-0.004354,-0.390885,-1.405846,0.522445,-0.667536,-0.007030,-0.022364,-0.259231,-1.050577,-0.817647,1.108622,-0.027361,0.007734
17.100000,-0.000940,0.030731,-0.006509,-0.372577,-1.405846,0.553696,-0.709437,-0.005150,-0.033376,-0.262869,-1.045876,-0.890291,1.120899,-0.032536,0.009581
17.133333,0.003152,0.022332,-0.002416,-0.360703,-1.397510,0.580267,-0.730874,-0.007586,-0.037829,-0.271510,-1.048032,-0.948178,1.116773,-0.025866,0.000676
17.166667,0.013412,0.020790,-0.001063,-0.362110,-1.391304,0.578329,-0.746495,-0.012160,-0.043856,-0.289258,-1.053450,-0.982434,1.117153,-0.030944,-0.001239
17.200000,0.010342,0.018823,0.002069,-0.361237,-1.391304,0.580285,-0.754158,-0.010174,-0.040558,-0.298174,-1.060199,-1.015337,1.108499,-0.031282,0.005470
17.233333,0.007830,0.023923,0.012366,-0.345948,-1.390981,0.593224,-0.749818,-0.009216,-0.044792,-0.301769,-1.054903,-1.028120,1.090961,-0.014464,0.004271
17.266667,0.024365,0.034399,0.020339,-0.353590,-1.377529,0.612513,-0.726961,-0.005902,-0.024060,-0.295942,-1.075617,-1.015936,1.101328,-0.020017,0.006400
17.300000,0.023693,0.039093,0.027313,-0.361772,-1.385865,0.613638,-0.724569,-0.002488,-0.017325,-0.291404,-1.083930,-1.005028,1.098087,-0.018553,0.012149
17.333333,0.018568,0.040025,0.018029,-0.358161,-1.384568,0.627426,-0.719692,0.008038,-0.013104,-0.273381,-1.079368,-0.977750,1.114162,-0.013402,0.014731
17.366667,0.016433,0.047883,0.019490,-0.375741,-1.379940,0.664778,-0.718218,0.000374,-0.005180,-0.240794,-1.060887,-0.922298,1.145938,-0.013072,0.019871
17.400000,0.017852,0.040775,0.018744,-0.392290,-1.384417,0.689033,-0.734398,-0.006132,-0.007559,-0.199230,-1.037999,-0.858118,1.171050,-0.014187,0.019115
17.433333,0.003930,0.034632,0.008966,-0.396621,-1.388918,0.729857,-0.776948,-0.010177,-0.020174,-0.171702,-0.981380,-0.784637,1.203822,-0.006432,0.016950
17.466667,0.000891,0.037691,0.001729,-0.421369,-1.377204,0.800912,-0.813634,-0.007748,-0.024751,-0.110599,-0.926756,-0.684637,1.269023,-0.016235,0.025763
17.500000,-0.001316,0.037639,0.014084,-0.454122,-1.372641,0.880208,-0.836336,-0.010194,-0.021922,-0.059615,-0.873185,-0.584637,1.340152,-0.021224,0.023072
17.533333,0.000524,0.033400,0.012356,-0.464755,-1.365268,0.955150,-0.878623,-0.002296,-0.026137,-0.016337,-0.821869,-0.484637,1.388440,-0.025167,0.016419
17.566667,-0.003685,0.034018,0.012571,-0.503253,-1.348407,1.043190,-0.929766,0.005216,-0.018445,0.018068,-0.756829,-0.384637,1.458545,-0.034560,0.017514
17.600000,-0.007069,0.029815,0.017360,-0.561068,-1.320496,1.131230,-0.991843,0.004874,-0.023875,0.060700,-0.691788,-0.284637,1.510699,-0.040339,0.008603
17.633333,-0.005036,0.028278,0.024034,-0.623447,-1.275349,1.219270,-1.059784,0.000871,-0.021969,0.075951,-0.624753,-0.187374,1.540373,-0.036253,-0.007175
17.666667,-0.006249,0.035588,0.020989,-0.701328,-1.219983,1.314915,-1.155684,0.001923,-0.016786,0.086285,-0.537073,-0.130110,1.548777,-0.041773,-0.013644
17.700000,-0.010454,0.036918,0.022469,-0.801328,-1.179465,1.414915,-1.255684,0.000577,-0.019478,0.107205,-0.437073,-0.112846,1.558737,-0.041428,-0.017352
17.733333,-0.004657,0.036602,0.015905,-0.892137,-1.138861,1.514915,-1.323974,-0.001156,-0.023540,0.108021,-0.337073,-0.135583,1.558737,-0.037955,-0.026095
17.766667,-0.004024,0.040594,0.008903,-0.954748,-1.135822,1.574915,-1.379305,-0.002410,-0.023208,0.110645,-0.237073,-0.198319,1.558737,-0.040834,-0.023989
17.800000,-0.008283,0.041906,0.007317,-0.977359,-1.157786,1.594915,-1.394635,-0.000616,-0.023364,0.105228,-0.137073,-0.298319,1.561217,-0.043768,-0.024609
17.833333,-0.010668,0.036597,0.012847,-0.959969,-1.170921,1.574915,-1.369966,-0.002637,-0.030255,0.114229,-0.037073,-0.398319,1.564966,-0.044507,-0.017807
17.866667,-0.006279,0.039692,0.015050,-0.902580,-1.176428,1.514915,-1.305296,-0.001871,-0.025957,0.127824,0.062927,-0.498319,1.570000,-0.051461,-0.011943
17.900000,-0.013540,0.041275,0.020603,-0.814382,-1.193649,1.414915,-1.232336,-0.006003,-0.031717,0.181420,0.162927,-0.558319,1.570000,-0.053495,-0.010631
17.933333,-0.016869,0.036570,0.026945,-0.714382,-1.193305,1.314915,-1.132336,-0.005989,-0.034714,0.240061,0.262927,-0.578319,1.570000,-0.055207,-0.013342
17.966667,-0.006361,0.029043,0.027211,-0.614382,-1.197426,1.214915,-1.032336,-0.000625,-0.034871,0.294123,0.322927,-0.558319,1.550000,-0.041654,-0.008624
18.000000,0.004729,0.025303,0.025303,-0.516236,-1.233965,1.114915,-0.932336,-0.003478,-0.024416,0.314123,0.342927,-0.498319,1.510000,-0.038045,-0.003861
18.033333,0.005761,0.017435,0.018641,-0.441777,-1.266671,1.014915,-0.832336,-0.010319,-0.026073,0.294123,0.322927,-0.398319,1.450000,-0.024312,-0.005954
18.066667,0.006882,0.017755,0.010303,-0.387174,-1.290435,0.914915,-0.732336,-0.012110,-0.019996,0.234123,0.262927,-0.298319,1.370000,-0.010104,-0.004144
18.100000,0.015506,0.017346,0.002975,-0.351248,-1.299644,0.814915,-0.632336,-0.019608,-0.013880,0.134123,0.162927,-0.234891,1.270000,-0.001548,0.005126
18.133333,0.013144,0.020705,-0.003246,-0.338194,-1.312810,0.714915,-0.532336,-0.030159,-0.010816,0.034123,0.062927,-0.177013,1.170000,-0.009627,0.008035
18.166667,-0.002998,0.021673,-0.022037,-0.330828,-1.307061,0.614915,-0.432336,-0.025727,-0.024537,-0.056052,-0.037073,-0.153526,1.070000,-0.002951,0.005187
18.200000,0.000346,0.024791,-0.027043,-0.338416,-1.289471,0.514915,-0.333302,-0.021236,-0.026773,-0.120778,-0.137073,-0.170040,0.970000,0.002151,0.017571
18.233333,0.004098,0.019985,-0.022512,-0.337556,-1.292420,0.414915,-0.256988,-0.020430,-0.027346,-0.169147,-0.237073,-0.198406,0.870000,-0.003352,0.021348
18.266667,-0.001893,0.018811,-0.029535,-0.322160,-1.319812,0.314915,-0.191334,-0.017879,-0.034398,-0.190928,-0.337073,-0.222223,0.791104,-0.009626,0.020357
18.300000,-0.005819,0.026136,-0.031071,-0.323891,-1.322260,0.235797,-0.147780,-0.015377,-0.031248,-0.207823,-0.437073,-0.280492,0.752208,-0.002742,0.026971
18.333333,0.004766,0.024884,-0.016840,-0.338520,-1.330409,0.170389,-0.123110,-0.021646,-0.025865,-0.218549,-0.537073,-0.344368,0.748641,-0.003550,0.026420
18.366667,0.005332,0.021722,-0.012581,-0.331277,-1.328046,0.119579,-0.102424,-0.016187,-0.016047,-0.235757,-0.637073,-0.408244,0.769830,-0.015228,0.017721
18.400000,0.007967,0.033304,-0.012981,-0.331298,-1.327319,0.101181,-0.095720,-0.020604,-0.012908,-0.240995,-0.737073,-0.500268,0.816293,-0.021749,0.028160
18.433333,0.011856,0.030200,-0.001450,-0.346774,-1.316164,0.097644,-0.100349,-0.018670,-0.006144,-0.262797,-0.837073,-0.564258,0.873952,-0.014226,0.024353
18.466667,0.019267,0.023808,0.001829,-0.341437,-1.310948,0.097919,-0.112415,-0.015757,-0.009868,-0.279170,-0.937073,-0.607100,0.902274,-0.011746,0.017996
18.500000,0.023487,0.023854,0.001911,-0.343297,-1.319988,0.105111,-0.128069,-0.016999,-0.003365,-0.278976,-1.016612,-0.634847,0.904639,-0.009841,0.028803
18.533333,0.021710,0.025586,0.004420,-0.341319,-1.341138,0.116567,-0.155703,-0.025784,-0.010963,-0.269225,-1.092861,-0.622594,0.904189,-0.004236,0.028219
18.566667,0.026668,0.020075,0.007189,-0.344731,-1.344447,0.107352,-0.165403,-0.017504,-0.009179,-0.269833,-1.164862,-0.574198,0.903436,0.002128,0.020289
18.600000,0.027533,0.023745,0.011416,-0.350126,-1.352166,0.107553,-0.165056,-0.010424,-0.003806,-0.263368,-1.218258,-0.542556,0.882053,-0.000872,0.023946
18.633333,0.022362,0.019453,0.010482,-0.350914,-1.354211,0.101372,-0.166385,-0.015987,-0.002387,-0.232669,-1.234977,-0.500216,0.850006,-0.007465,0.025534
18.666667,0.020617,0.018349,0.010962,-0.338306,-1.339599,0.114564,-0.147861,-0.014756,-0.001033,-0.230202,-1.254404,-0.453145,0.846490,-0.009978,0.011718
18.700000,0.027344,0.014642,0.007943,-0.334440,-1.331830,0.110008,-0.133727,-0.016070,-0.011452,-0.230645,-1.265741,-0.420234,0.830931,-0.009947,0.007123
18.733333,0.021973,0.010211,0.007358,-0.328489,-1.327839,0.115641,-0.130318,-0.019655,-0.016530,-0.219391,-1.247452,-0.403940,0.803380,-0.007458,0.006110
18.766667,0.018637,0.011332,-0.000970,-0.308333,-1.307663,0.121425,-0.119266,-0.022032,-0.017597,-0.199589,-1.213607,-0.379158,0.779715,-0.011553,0.004418
18.800000,0.017805,0.019978,0.003457,-0.311057,-1.299616,0.127069,-0.104532,-0.015330,-0.010845,-0.193130,-1.213563,-0.356691,0.766572,-0.010768,0.009398
18.833333,0.016260,0.018085,0.000624,-0.311925,-1.304975,0.107427,-0.116688,-0.013367,-0.016586,-0.177336,-1.212053,-0.334637,0.740352,-0.005815,0.014811
18.866667,0.004800,0.016985,-0.006238,-0.298876,-1.303320,0.104612,-0.132471,-0.002009,-0.012109,-0.158393,-1.181924,-0.313181,0.722477,-0.000090,0.024591
18.900000,0.005512,0.024947,-0.007152,-0.293301,-1.297096,0.100062,-0.148713,-0.001678,-0.014545,-0.153646,-1.185668,-0.281154,0.691623,0.002746,0.026556
18.933333,0.003349,0.023152,-0.005748,-0.298720,-1.299772,0.084617,-0.192438,-0.006385,-0.026328,-0.156784,-1.193576,-0.240110,0.645214,0.010166,0.025127
18.966667,0.001792,0.022458,-0.019055,-0.285375,-1.281575,0.082651,-0.248632,-0.000010,-0.035256,-0.173627,-1.199114,-0.203932,0.599770,0.018684,0.019358
19.000000,0.007373,0.029365,-0.019085,-0.272824,-1.247413,0.076116,-0.315318,-0.001074,-0.031354,-0.165455,-1.188639,-0.177754,0.532311,0.018190,0.024909
19.033333,0.011176,0.034267,-0.012901,-0.262070,-1.230926,0.051639,-0.397055,-0.007691,-0.025107,-0.167082,-1.201196,-0.136819,0.455832,0.009291,0.019385
19.066667,0.004920,0.036471,-0.019972,-0.234465,-1.211320,0.021386,-0.488842,-0.015492,-0.021779,-0.162008,-1.178436,-0.105421,0.419353,0.005077,0.014706
19.100000,0.008310,0.039001,-0.015851,-0.218031,-1.200051,0.017598,-0.583583,-0.017796,-0.014622,-0.159945,-1.164574,-0.106366,0.422240,0.004535,0.023192
19.133333,0.008325,0.035563,-0.003121,-0.203666,-1.188781,-0.017251,-0.670933,-0.029288,-0.012971,-0.136476,-1.126194,-0.095194,0.428185,-0.007515,0.021494
19.166667,0.003787,0.044254,-0.000401,-0.191572,-1.177963,-0.024807,-0.731651,-0.032331,-0.015210,-0.131177,-1.086994,-0.084922,0.471098,-0.018322,0.020947
19.200000,-0.001462,0.044849,0.003079,-0.188544,-1.157665,-0.022427,-0.790540,-0.031094,-0.017879,-0.112470,-1.041751,-0.091201,0.542617,-0.019141,0.025254
19.233333,0.011109,0.034307,0.009666,-0.190822,-1.141592,-0.020241,-0.834631,-0.024749,-0.021653,-0.104358,-1.017629,-0.088451,0.614137,-0.018862,0.026478
19.266667,0.016053,0.034470,0.005026,-0.176792,-1.116184,-0.043497,-0.846827,-0.016306,-0.019774,-0.080352,-0.981736,-0.056519,0.686291,-0.032635,0.016557
19.300000,0.021181,0.033256,0.001352,-0.165979,-1.115779,-0.042168,-0.866415,-0.016826,-0.027513,-0.065682,-0.935609,-0.047765,0.783899,-0.036038,0.017684
19.333333,0.018569,0.021427,0.005689,-0.167928,-1.117806,-0.058438,-0.891772,-0.012070,-0.024500,-0.049246,-0.902118,-0.021407,0.881728,-0.028023,0.010787
19.366667,0.027450,0.016476,0.005671,-0.172581,-1.118607,-0.079356,-0.886428,-0.013371,-0.022327,-0.055478,-0.854855,0.001705,0.981728,-0.037606,-0.002997
19.400000,0.016121,0.018290,0.005192,-0.174034,-1.127948,-0.084092,-0.867765,-0.011687,-0.021328,-0.043060,-0.794168,0.007817,1.081728,-0.040663,-0.003755
19.433333,0.012094,0.018772,0.012018,-0.169588,-1.129488,-0.063385,-0.846255,-0.020332,-0.026304,-0.047108,-0.726349,-0.017688,1.170709,-0.032078,-0.003479
19.466667,0.016945,0.021667,0.016568,-0.160734,-1.126229,-0.027852,-0.784745,-0.012600,-0.017327,-0.057684,-0.658529,-0.056797,1.238402,-0.034222,0.006000
19.500000,0.022959,0.025377,0.021436,-0.163099,-1.145242,-0.008867,-0.704099,-0.015763,-0.024354,-0.075740,-0.574127,-0.122022,1.301616,-0.034626,0.008025
19.533333,0.008258,0.029241,0.012903,-0.166265,-1.183673,0.021682,-0.615982,-0.021148,-0.030232,-0.074683,-0.486506,-0.207450,1.353626,-0.023809,0.015613
19.566667,0.002903,0.037775,0.010196,-0.194724,-1.194467,0.054583,-0.515982,-0.024127,-0.016857,-0.084055,-0.386506,-0.276334,1.395572,-0.026906,0.023801
19.600000,0.005372,0.037569,0.012293,-0.230788,-1.221351,0.067212,-0.415982,-0.021835,-0.009004,-0.087475,-0.307426,-0.315509,1.411990,-0.024927,0.028905
19.633333,-0.005558,0.031375,0.004743,-0.255814,-1.245053,0.055358,-0.328643,-0.026096,-0.017847,-0.086682,-0.234385,-0.314683,1.416942,-0.017610,0.017566
19.666667,-0.006591,0.028025,-0.011299,-0.258710,-1.242795,0.072597,-0.250193,-0.019963,-0.014250,-0.076117,-0.196685,-0.275353,1.425892,-0.016040,0.016922
19.700000,0.001349,0.025946,0.000619,-0.270323,-1.228879,0.090752,-0.194077,-0.016026,-0.013674,-0.076641,-0.169432,-0.205496,1.417915,-0.013675,0.019981
19.733333,0.009033,0.016580,0.004180,-0.253470,-1.229172,0.089319,-0.155419,-0.017807,-0.026677,-0.078675,-0.164745,-0.133196,1.391362,-0.009421,0.010894
19.766667,0.002339,0.019649,-0.001692,-0.244380,-1.240160,0.106099,-0.136447,-0.019974,-0.027522,-0.084532,-0.163145,-0.073986,1.401355,-0.009558,0.008902
19.800000,0.002990,0.020505,0.004462,-0.251986,-1.249603,0.114764,-0.132914,-0.020958,-0.024768,-0.083554,-0.166831,-0.027597,1.422947,-0.010473,0.011609
19.833333,0.001420,0.022473,0.014564,-0.264949,-1.257714,0.108241,-0.133475,-0.029154,-0.026946,-0.097594,-0.162512,-0.009753,1.419155,-0.010221,0.011124
19.866667,-0.007936,0.026945,0.011506,-0.266432,-1.261405,0.105151,-0.129722,-0.030548,-0.016495,-0.114523,-0.158512,-0.017922,1.433581,-0.014605,0.006140
19.900000,-0.011480,0.028073,0.012877,-0.270118,-1.282408,0.116573,-0.144211,-0.028413,-0.016909,-0.148597,-0.166706,-0.052068,1.467771,-0.013649,0.004673
19.933333,-0.011661,0.021041,0.017525,-0.278528,-1.287708,0.105458,-0.167527,-0.026324,-0.017426,-0.198977,-0.178113,-0.104816,1.485851,-0.009937,0.004811
19.966667,-0.014174,0.027368,0.011740,-0.289849,-1.309472,0.124445,-0.202743,-0.028431,-0.014417,-0.273448,-0.178196,-0.184743,1.509269,-0.017241,0.003852
20.000000,-0.023537,0.027250,0.009399,-0.314106,-1.338608,0.166235,-0.264975,-0.026310,-0.015636,-0.357468,-0.163655,-0.274628,1.538551,-0.018835,0.001388
20.033333,-0.012197,0.025395,0.008294,-0.359003,-1.357112,0.226827,-0.349188,-0.031672,-0.023820,-0.456325,-0.160024,-0.369028,1.557747,-0.020785,-0.007530
20.066667,-0.010517,0.028128,0.001077,-0.430162,-1.348201,0.299735,-0.437700,-0.031235,-0.015225,-0.556325,-0.154562,-0.469028,1.565819,-0.035666,-0.004952
20.100000,-0.012254,0.032959,-0.003163,-0.492358,-1.351249,0.397239,-0.537700,-0.032084,-0.023015,-0.656325,-0.136150,-0.569028,1.570000,-0.038249,-0.009177
20.133333,-0.009138,0.025775,-0.000871,-0.530248,-1.323040,0.497239,-0.608369,-0.035039,-0.026581,-0.754111,-0.156597,-0.669028,1.570000,-0.029598,-0.020463
20.166667,0.003219,0.024283,-0.002004,-0.532546,-1.290851,0.557239,-0.639038,-0.040145,-0.034530,-0.811897,-0.204332,-0.769028,1.560432,-0.035385,-0.023222
20.200000,0.002687,0.021330,0.000703,-0.494843,-1.276120,0.577239,-0.629707,-0.034308,-0.035515,-0.829683,-0.270391,-0.869028,1.553236,-0.030876,-0.013448
20.233333,0.004659,0.022247,0.009766,-0.417141,-1.266503,0.557239,-0.580377,-0.031933,-0.044531,-0.807469,-0.343521,-0.947570,1.526039,-0.016560,-0.011877
20.266667,0.025905,0.027887,0.017217,-0.350050,-1.237141,0.497239,-0.491046,-0.025060,-0.022642,-0.745254,-0.442381,-0.986112,1.478843,-0.020836,-0.003056
20.300000,0.028966,0.030291,0.022821,-0.295882,-1.245811,0.397239,-0.397924,-0.021372,-0.018127,-0.645254,-0.542381,-0.984653,1.411646,-0.021697,0.009021
20.333333,0.025880,0.027944,0.012719,-0.256243,-1.246589,0.297239,-0.322952,-0.012135,-0.011476,-0.545254,-0.642381,-0.943195,1.334018,-0.011884,0.016944
20.366667,0.026091,0.035793,0.010272,-0.252622,-1.247510,0.225799,-0.254476,-0.019937,-0.003873,-0.445254,-0.742381,-0.861737,1.234018,-0.008364,0.024689
20.400000,0.028803,0.030421,0.007216,-0.259869,-1.267005,0.160433,-0.210050,-0.022005,-0.003185,-0.345254,-0.842381,-0.761737,1.134018,-0.004647,0.025718
20.433333,0.016866,0.026135,-0.005078,-0.253932,-1.289684,0.129938,-0.198402,-0.027119,-0.016119,-0.268955,-0.941002,-0.661737,1.034018,0.005420,0.025122
20.466667,0.014515,0.028700,-0.014350,-0.256927,-1.294811,0.109729,-0.206630,-0.026241,-0.019675,-0.199105,-1.015319,-0.561737,0.934018,0.002331,0.034656
20.500000,0.012261,0.028964,-0.004726,-0.261923,-1.312581,0.105972,-0.205631,-0.029687,-0.015427,-0.153392,-1.074621,-0.461737,0.834018,0.000974,0.032285
20.533333,0.013464,0.023860,-0.007370,-0.236864,-1.326941,0.092181,-0.224225,-0.020041,-0.016107,-0.122270,-1.104532,-0.361737,0.737276,-0.000549,0.028364
20.566667,0.009579,0.022441,-0.006461,-0.229715,-1.337867,0.098308,-0.247485,-0.016574,-0.009012,-0.111283,-1.094443,-0.261737,0.680534,-0.010796,0.030313
20.600000,0.004166,0.015921,-0.001488,-0.224803,-1.342005,0.089194,-0.257166,-0.017243,-0.016032,-0.090519,-1.045732,-0.162998,0.663792,-0.015057,0.023063
20.633333,0.005511,0.012380,0.006068,-0.220577,-1.324982,0.093943,-0.261726,-0.021179,-0.015107,-0.092417,-0.981327,-0.095148,0.687051,-0.011737,0.007882
20.666667,0.005173,0.017463,0.004825,-0.220802,-1.308048,0.122240,-0.285343,-0.018504,-0.014455,-0.091502,-0.891936,-0.040625,0.750309,-0.020527,0.000981
20.700000,0.002789,0.015850,0.008195,-0.236587,-1.301791,0.165663,-0.315628,-0.020089,-0.021351,-0.079821,-0.791936,0.008627,0.850309,-0.022416,-0.003484
20.733333,0.010088,0.014563,0.001246,-0.241364,-1.283080,0.223094,-0.331519,-0.022328,-0.028395,-0.085698,-0.729128,0.034848,0.950309,-0.018642,-0.011167
20.766667,0.012472,0.016669,-0.006500,-0.268021,-1.290724,0.300894,-0.368211,-0.022284,-0.029615,-0.077649,-0.666320,0.055917,1.025644,-0.022688,-0.009872
20.800000,0.009329,0.019373,-0.007690,-0.308296,-1.307428,0.394545,-0.423271,-0.020777,-0.030146,-0.057774,-0.603513,0.080679,1.069382,-0.026599,-0.009860
20.833333,0.006221,0.015547,-0.002768,-0.367588,-1.303548,0.488196,-0.490350,-0.021353,-0.034788,-0.039087,-0.551868,0.105474,1.090282,-0.029147,-0.002040
20.866667,0.005775,0.024343,0.000142,-0.445358,-1.289357,0.588196,-0.560057,-0.020324,-0.027105,-0.035259,-0.540223,0.115435,1.101923,-0.036109,0.002573
20.900000,-0.002284,0.030029,0.007843,-0.545358,-1.293550,0.688196,-0.655441,-0.023810,-0.029494,-0.015587,-0.491386,0.116564,1.073563,-0.036048,0.000806
20.933333,-0.005318,0.031090,0.016808,-0.631558,-1.283905,0.788196,-0.732350,-0.025075,-0.029969,-0.015915,-0.459866,0.104107,1.038214,-0.035169,-0.004191
20.966667,0.000446,0.026957,0.018006,-0.677759,-1.274982,0.848196,-0.769259,-0.012873,-0.025582,-0.038960,-0.468346,0.078845,0.994461,-0.023461,-0.003263
21.000000,0.008837,0.028248,0.017815,-0.683960,-1.300189,0.868196,-0.766168,-0.008983,-0.012676,-0.069663,-0.505664,0.026876,0.933546,-0.020671,-0.003133
21.033333,0.011137,0.020120,0.012015,-0.650160,-1.320376,0.848196,-0.727693,-0.006602,-0.012871,-0.093187,-0.542982,-0.041284,0.841891,-0.012110,-0.006931
21.066667,0.007837,0.021804,0.004981,-0.576361,-1.324036,0.788196,-0.649219,-0.003889,-0.001018,-0.116280,-0.620299,-0.117581,0.775333,-0.004889,-0.004948
21.100000,0.012831,0.021757,-0.000903,-0.476361,-1.312241,0.688196,-0.559388,-0.004264,0.006843,-0.130593,-0.720299,-0.213878,0.740431,-0.002874,0.001527
21.133333,0.009751,0.025632,-0.003883,-0.385200,-1.323330,0.588196,-0.500582,-0.012757,0.009915,-0.124440,-0.820299,-0.310175,0.745529,-0.010360,0.003341
21.166667,-0.006777,0.027271,-0.019529,-0.307074,-1.314145,0.495443,-0.474851,-0.013135,-0.001651,-0.120344,-0.889771,-0.406471,0.790627,-0.005390,-0.003549
21.200000,-0.006621,0.031080,-0.022483,-0.268949,-1.295375,0.442690,-0.481726,-0.009653,-0.003958,-0.141754,-0.940841,-0.506472,0.875725,-0.000877,0.004604
21.233333,-0.001779,0.029151,-0.016556,-0.247342,-1.297520,0.404333,-0.517367,-0.008135,-0.009076,-0.170011,-0.962230,-0.606472,0.975725,-0.007677,0.007313
21.266667,-0.010436,0.029245,-0.020880,-0.231272,-1.323253,0.392956,-0.566893,-0.004795,-0.017545,-0.224650,-0.943619,-0.706472,1.075725,-0.012616,0.005894
21.300000,-0.012626,0.037466,-0.020438,-0.246365,-1.328982,0.421578,-0.607335,-0.002169,-0.011805,-0.299755,-0.925008,-0.806472,1.175725,-0.009876,0.013333
21.333333,-0.002351,0.035629,-0.005195,-0.278093,-1.339909,0.482953,-0.637662,-0.007360,-0.007484,-0.382632,-0.911949,-0.906472,1.275725,-0.010998,0.015788
21.366667,0.003996,0.034937,0.000038,-0.295648,-1.338170,0.544329,-0.649209,-0.000197,0.002342,-0.457862,-0.894333,-1.006472,1.352709,-0.022870,0.006864
21.400000,0.004367,0.046053,-0.000003,-0.324540,-1.336452,0.631308,-0.671992,-0.006587,0.004620,-0.521932,-0.870858,-1.106472,1.414270,-0.025517,0.011289
21.433333,0.013530,0.043696,0.010487,-0.371728,-1.317557,0.731308,-0.710719,-0.003903,0.012002,-0.579578,-0.887383,-1.206472,1.465605,-0.016747,0.006101
21.466667,0.018930,0.039880,0.012205,-0.408624,-1.290183,0.831308,-0.767505,-0.003773,0.005108,-0.633008,-0.886864,-1.306472,1.489952,-0.014721,0.001518
21.500000,0.021578,0.041870,0.010639,-0.455849,-1.265486,0.931308,-0.841332,-0.002671,0.009356,-0.651432,-0.877326,-1.406472,1.486414,-0.015711,0.011996
21.533333,0.015788,0.043996,0.013715,-0.513740,-1.246550,1.031308,-0.941332,-0.014678,-0.000080,-0.643763,-0.886670,-1.506472,1.476956,-0.009374,0.015066
21.566667,0.019098,0.037569,0.017690,-0.583776,-1.210728,1.131308,-1.041332,-0.003404,0.004915,-0.618987,-0.927587,-1.570926,1.450436,-0.007277,0.010387
21.600000,0.017118,0.043561,0.022366,-0.669979,-1.191158,1.231308,-1.141332,0.000677,0.013123,-0.563034,-0.959123,-1.595381,1.394141,-0.016485,0.013338
21.633333,0.011982,0.040250,0.023071,-0.766473,-1.190226,1.331308,-1.240454,0.000150,0.013721,-0.471298,-0.991716,-1.579835,1.324834,-0.020200,0.012889
21.666667,0.011125,0.040556,0.024273,-0.847531,-1.201849,1.431308,-1.299577,0.003409,0.014355,-0.374567,-1.058302,-1.524289,1.243412,-0.019340,-0.000459
21.700000,0.016019,0.035971,0.020435,-0.920113,-1.237919,1.525923,-1.342807,0.004227,0.006862,-0.289731,-1.128968,-1.428744,1.150926,-0.022844,-0.004550
21.733333,0.013135,0.032696,0.017294,-0.968825,-1.281720,1.587479,-1.362741,0.000191,0.000698,-0.219001,-1.178017,-1.328744,1.050926,-0.019373,-0.004452
21.766667,0.006041,0.034288,0.007758,-0.978324,-1.310190,1.630421,-1.342674,0.001321,-0.000359,-0.164526,-1.202461,-1.228744,0.950926,-0.021958,-0.000747
21.800000,0.005560,0.041357,0.009572,-0.984897,-1.339193,1.656030,-1.306656,0.003453,0.007801,-0.129469,-1.237957,-1.128744,0.850926,-0.024724,0.004790
21.833333,0.002047,0.038405,0.006954,-0.979266,-1.363796,1.658433,-1.296502,0.005552,0.002898,-0.120930,-1.251119,-1.028744,0.750926,-0.024170,0.007780
21.866667,-0.008438,0.033951,-0.000224,-0.952512,-1.372925,1.644305,-1.275143,0.013768,0.007519,-0.107376,-1.224282,-0.928744,0.650926,-0.017058,0.014844
21.900000,-0.007598,0.041001,-0.000128,-0.939518,-1.376587,1.648325,-1.256977,0.014839,0.004981,-0.100470,-1.223027,-0.828744,0.577109,-0.014712,0.017273
21.933333,-0.006611,0.037434,0.003622,-0.944324,-1.387319,1.649650,-1.258558,0.009058,-0.006513,-0.097423,-1.215758,-0.728744,0.511162,-0.006968,0.011986
21.966667,-0.009683,0.037130,-0.009085,-0.931776,-1.374697,1.662548,-1.253779,0.018612,-0.012797,-0.106719,-1.209198,-0.628744,0.485214,-0.000685,0.004766
22.000000,-0.004655,0.042039,-0.009063,-0.924101,-1.359311,1.681902,-1.232070,0.016919,-0.010722,-0.089770,-1.190923,-0.528744,0.478910,0.001045,0.010050
22.033333,-0.001691,0.049173,-0.000632,-0.920834,-1.360883,1.683172,-1.211076,0.011939,-0.006958,-0.083303,-1.195624,-0.428744,0.483058,-0.004883,0.004105
22.066667,-0.007174,0.051069,-0.005789,-0.903572,-1.358813,1.681370,-1.190058,0.006568,0.000717,-0.079845,-1.174266,-0.328744,0.489581,-0.010356,0.000622
22.100000,-0.005680,0.053941,-0.003059,-0.893730,-1.362178,1.700877,-1.167675,0.002442,0.004084,-0.083198,-1.173230,-0.257449,0.515364,-0.010426,0.011357
22.133333,-0.001920,0.050152,0.009326,-0.886603,-1.365543,1.693433,-1.145547,-0.013221,-0.000098,-0.068442,-1.153673,-0.188339,0.504050,-0.019527,0.012606
22.166667,-0.003344,0.059666,0.011303,-0.874555,-1.361597,1.689458,-1.117863,-0.017253,0.002976,-0.078627,-1.141721,-0.153771,0.495193,-0.030819,0.014304
22.200000,-0.006879,0.059298,0.013291,-0.863147,-1.348691,1.697284,-1.096709,-0.013313,0.000912,-0.084474,-1.137885,-0.135348,0.475883,-0.033443,0.024491
22.233333,0.004513,0.046605,0.016913,-0.843964,-1.338224,1.683092,-1.066488,-0.011792,-0.007010,-0.100633,-1.156152,-0.128481,0.446235,-0.030308,0.024323
22.266667,0.009678,0.043788,0.010769,-0.798773,-1.326233,1.628901,-1.017884,-0.000957,-0.002260,-0.113965,-1.177681,-0.104993,0.404880,-0.045983,0.015398
22.300000,0.014075,0.038389,0.005438,-0.731146,-1.342256,1.567419,-0.952215,0.002107,-0.003747,-0.149187,-1.198230,-0.119320,0.365631,-0.044485,0.017064
22.333333,0.014365,0.022837,0.008156,-0.651209,-1.354703,1.479221,-0.883167,0.004405,-0.004655,-0.184682,-1.245222,-0.121155,0.342121,-0.033355,0.011905
22.366667,0.025355,0.016070,0.004910,-0.559328,-1.361246,1.379221,-0.793970,-0.000579,-0.001420,-0.239825,-1.281065,-0.140887,0.358611,-0.038844,-0.003680
22.400000,0.017454,0.018217,0.001399,-0.468824,-1.371247,1.279221,-0.693970,0.004286,-0.000072,-0.283406,-1.314369,-0.189062,0.396881,-0.040431,-0.001973
22.433333,0.014729,0.016660,0.004944,-0.386052,-1.362588,1.179221,-0.593970,-0.005445,-0.005802,-0.333979,-1.324092,-0.265154,0.456874,-0.023373,-0.004598
22.466667,0.020031,0.020798,0.008491,-0.319358,-1.336481,1.079221,-0.493970,0.001808,0.000222,-0.388267,-1.333176,-0.341245,0.551859,-0.026425,0.002198
22.500000,0.022941,0.025874,0.010965,-0.282934,-1.327387,0.979221,-0.396360,0.000814,-0.006402,-0.457069,-1.322579,-0.435287,0.649004,-0.025395,0.004065
22.533333,0.007098,0.031069,0.000936,-0.265849,-1.331928,0.879221,-0.326942,-0.003518,-0.012800,-0.529929,-1.294377,-0.535287,0.746149,-0.016441,0.011473
22.566667,-0.000083,0.038511,-0.002649,-0.279269,-1.317160,0.779221,-0.288363,-0.008217,-0.003325,-0.620277,-1.267732,-0.635287,0.843294,-0.017104,0.019027
22.600000,0.000573,0.040264,-0.000685,-0.292865,-1.319317,0.679221,-0.253356,-0.008186,0.003965,-0.718430,-1.262718,-0.735287,0.943294,-0.017026,0.024713
22.633333,-0.011760,0.033579,-0.007792,-0.299097,-1.330506,0.579221,-0.253093,-0.010398,-0.006199,-0.805056,-1.244926,-0.835287,1.043294,-0.009312,0.013266
22.666667,-0.009797,0.032162,-0.023118,-0.292514,-1.325708,0.479221,-0.261810,-0.005433,-0.001615,-0.864799,-1.241078,-0.935287,1.143294,-0.007807,0.010816
22.700000,-0.002224,0.030921,-0.010141,-0.295594,-1.318398,0.379221,-0.267610,-0.001039,-0.001308,-0.909606,-1.248790,-1.035287,1.243294,-0.003987,0.012896
22.733333,0.005655,0.022827,-0.005518,-0.268789,-1.320696,0.285969,-0.262389,0.001745,-0.012468,-0.931464,-1.245875,-1.135287,1.310227,-0.001838,0.001937
22.766667,0.002620,0.025789,-0.011364,-0.258377,-1.339188,0.232718,-0.277269,0.002158,-0.013656,-0.914426,-1.242066,-1.235287,1.351674,-0.001838,0.002265
22.800000,0.005627,0.027440,-0.006380,-0.264298,-1.357079,0.206141,-0.293004,-0.001566,-0.009928,-0.869657,-1.265152,-1.298278,1.353120,-0.002945,0.005164
22.833333,0.004037,0.028170,0.003384,-0.279048,-1.368614,0.208348,-0.313656,-0.006948,-0.011854,-0.811771,-1.285975,-1.321269,1.314567,-0.000798,0.008265
22.866667,-0.001334,0.032951,-0.000589,-0.285278,-1.372435,0.232683,-0.324164,-0.005842,-0.005293,-0.728821,-1.306267,-1.304259,1.236014,-0.003908,0.001084
22.900000,-0.002482,0.034695,0.000651,-0.296244,-1.389754,0.285762,-0.349203,-0.006754,-0.004476,-0.629800,-1.336212,-1.250391,1.150527,-0.001118,0.001967
22.933333,-0.001291,0.029399,0.004924,-0.308148,-1.385473,0.303338,-0.374034,-0.003147,-0.006128,-0.561049,-1.366135,-1.188409,1.050527,0.002654,0.004465
22.966667,-0.002518,0.036161,-0.001904,-0.302147,-1.386477,0.300260,-0.396682,-0.004006,-0.001652,-0.532297,-1.366307,-1.163437,0.990527,-0.003186,0.008679
23.000000,-0.010876,0.035273,-0.004737,-0.279431,-1.387133,0.282948,-0.435664,-0.004671,-0.004771,-0.543545,-1.339855,-1.178464,0.970527,-0.006667,0.003552
23.033333,0.001008,0.031694,-0.005179,-0.245285,-1.372732,0.243509,-0.495649,-0.010747,-0.011437,-0.594794,-1.317868,-1.233492,0.990527,-0.011185,-0.000179
23.066667,0.003537,0.032578,-0.011651,-0.212122,-1.328827,0.168577,-0.561284,-0.006822,-0.007361,-0.671821,-1.289312,-1.325379,1.050527,-0.029425,0.003736
23.100000,0.003963,0.034337,-0.013534,-0.159202,-1.296010,0.089148,-0.643455,-0.009330,-0.015186,-0.718579,-1.242493,-1.425379,1.150527,-0.036977,-0.000591
23.133333,0.006991,0.025924,-0.009369,-0.114060,-1.238913,0.012280,-0.732209,-0.012741,-0.022878,-0.729548,-1.207089,-1.504837,1.214895,-0.033068,-0.013540
23.166667,0.017211,0.024154,-0.009446,-0.086627,-1.186349,-0.073707,-0.828343,-0.015555,-0.028936,-0.700517,-1.206308,-1.544296,1.239262,-0.039892,-0.015786
23.200000,0.013708,0.022767,-0.006426,-0.070462,-1.157677,-0.141247,-0.928343,-0.012138,-0.028367,-0.631486,-1.214413,-1.543754,1.223629,-0.036682,-0.009660
23.233333,0.012003,0.027255,0.002931,-0.053764,-1.143860,-0.168788,-1.013733,-0.011987,-0.034005,-0.535698,-1.220034,-1.503213,1.167996,-0.022191,-0.012045
23.266667,0.030025,0.036589,0.009817,-0.067277,-1.120020,-0.169763,-1.059122,-0.006726,-0.014404,-0.439909,-1.263202,-1.422671,1.072363,-0.025505,-0.007238
23.300000,0.030362,0.042309,0.015669,-0.084607,-1.135560,-0.161194,-1.068988,-0.002719,-0.006809,-0.348604,-1.300339,-1.322671,0.972363,-0.025807,-0.000838
23.333333,0.025130,0.042710,0.006519,-0.089439,-1.143389,-0.138813,-1.048390,0.004335,-0.001367,-0.271496,-1.324817,-1.222671,0.872363,-0.018236,0.004804
23.366667,0.024282,0.052061,0.004960,-0.113948,-1.162148,-0.094878,-0.987792,-0.002987,0.009662,-0.224094,-1.343586,-1.122671,0.772363,-0.015828,0.010492
23.400000,0.027249,0.045193,0.002822,-0.148829,-1.203366,-0.054735,-0.901805,-0.008845,0.011157,-0.198135,-1.357389,-1.022671,0.672363,-0.014992,0.011533
23.433333,0.013788,0.039218,-0.008514,-0.169940,-1.245809,-0.003709,-0.815817,-0.013664,0.002302,-0.198675,-1.337500,-0.922671,0.572363,-0.004731,0.010629
23.466667,0.011739,0.039652,-0.017093,-0.200236,-1.273180,0.041374,-0.725354,-0.013559,0.000025,-0.199815,-1.331424,-0.822671,0.472886,-0.006907,0.019801
23.500000,0.008834,0.038512,-0.006879,-0.232905,-1.316038,0.080858,-0.625354,-0.015807,0.005451,-0.211623,-1.325324,-0.722671,0.391379,-0.009090,0.017645
23.533333,0.008986,0.030687,-0.009779,-0.231595,-1.345755,0.098483,-0.525354,-0.008184,0.001111,-0.211912,-1.317966,-0.622671,0.323986,-0.009544,0.013989
23.566667,0.005006,0.027863,-0.009764,-0.239087,-1.362258,0.101387,-0.440678,-0.001625,0.009412,-0.214892,-1.299614,-0.522671,0.295425,-0.016756,0.017090
23.600000,0.001383,0.020903,-0.006145,-0.244779,-1.374489,0.081462,-0.364310,-0.001407,0.003769,-0.208560,-1.284207,-0.422671,0.276335,-0.020803,0.011008
23.633333,0.002805,0.017216,-0.000000,-0.249707,-1.362411,0.071366,-0.307739,-0.004859,0.004379,-0.221965,-1.250519,-0.338068,0.278787,-0.016474,-0.001399
23.666667,0.004067,0.021613,-0.003483,-0.255239,-1.345200,0.087626,-0.270150,-0.002180,0.006793,-0.234623,-1.216366,-0.278002,0.288768,-0.021636,-0.006381
23.700000,0.001923,0.019577,-0.002026,-0.271709,-1.335577,0.085745,-0.255272,-0.002404,0.003346,-0.236224,-1.168338,-0.229700,0.299872,-0.022202,-0.008174
23.733333,0.007923,0.018607,-0.010149,-0.264457,-1.314836,0.084457,-0.234566,-0.004444,-0.001033,-0.253690,-1.151234,-0.205289,0.312144,-0.017575,-0.015550
23.766667,0.009015,0.021078,-0.018746,-0.259366,-1.310920,0.068548,-0.243364,-0.005614,-0.001378,-0.253969,-1.124876,-0.193975,0.314946,-0.018889,-0.013350
23.800000,0.005679,0.022718,-0.021492,-0.250128,-1.314473,0.055991,-0.262326,-0.004341,-0.000394,-0.248771,-1.099940,-0.195286,0.313670,-0.021958,-0.012751
23.833333,0.003034,0.018315,-0.017791,-0.245664,-1.299932,0.020825,-0.285493,-0.005420,-0.004570,-0.240798,-1.061750,-0.185046,0.304283,-0.023936,-0.003494
23.866667,0.005129,0.025646,-0.015548,-0.259818,-1.277167,-0.004268,-0.303654,-0.005436,0.002674,-0.244645,-1.057687,-0.181658,0.315274,-0.028195,0.000305
23.900000,-0.001574,0.029514,-0.008756,-0.264372,-1.269949,-0.018153,-0.338040,-0.008376,-0.000638,-0.230535,-1.013624,-0.183095,0.286265,-0.027280,0.001826
23.933333,-0.004342,0.028497,-0.000693,-0.266644,-1.252170,-0.012038,-0.354616,-0.007331,-0.000756,-0.236426,-0.989560,-0.191433,0.277256,-0.026816,-0.000485
23.966667,-0.004082,0.029312,-0.000367,-0.265900,-1.246922,-0.011287,-0.361229,-0.007571,-0.002109,-0.238760,-0.983159,-0.191750,0.270260,-0.027048,0.000211
