time_sec,joint_pelvisYaw,joint_pelvisPitch,joint_pelvisRoll,joint_lShoulderPitch,joint_lShoulderRoll,joint_lShoulderYaw,joint_lElbow,joint_lWristRoll,joint_lWristPitch,joint_rShoulderPitch,joint_rShoulderRoll,joint_rShoulderYaw,joint_rElbow,joint_rWristRoll,joint_rWristPitch
0.000000,-0.002880,0.049808,0.092722,-0.438065,-1.381929,0.275878,-0.842683,0.045831,0.055032,-0.642958,-1.167097,-0.082033,1.570000,-0.060969,0.079464
0.033333,0.005091,0.030654,0.079795,-0.453063,-1.367543,0.315878,-0.840107,0.067883,0.057949,-0.659667,-1.160655,-0.162033,1.548130,-0.029843,0.044178
0.066667,-0.017831,0.032756,0.064185,-0.446140,-1.373157,0.349998,-0.831200,0.060766,0.062372,-0.638569,-1.145175,-0.162033,1.548130,-0.005714,0.019135
0.100000,-0.020753,0.024955,0.045912,-0.458008,-1.358771,0.404117,-0.821170,0.040819,0.051856,-0.635416,-1.149694,-0.182033,1.548130,0.002846,0.014092
0.133333,-0.033700,0.024955,0.045239,-0.479366,-1.384386,0.418237,-0.803004,0.007666,0.055641,-0.619414,-1.165203,-0.162033,1.548130,-0.015282,0.016495
0.166667,-0.058471,0.023380,0.028033,-0.460725,-1.390000,0.460510,-0.787208,0.014514,0.029995,-0.568689,-1.180712,-0.102033,1.548130,0.001207,-0.000644
0.200000,-0.059123,0.028792,0.003959,-0.469809,-1.370000,0.489536,-0.763435,0.016502,0.024660,-0.517964,-1.193221,-0.056683,1.530000,0.012472,0.010811
0.233333,-0.046045,0.016727,0.008553,-0.491258,-1.370000,0.484443,-0.746850,0.013629,0.018203,-0.507239,-1.243077,-0.017279,1.490000,0.000969,0.018548
0.266667,-0.070181,0.014567,0.005165,-0.473916,-1.390000,0.439350,-0.726958,0.043586,0.006684,-0.490157,-1.252934,0.062125,1.469798,-0.014966,0.024933
0.300000,-0.094178,0.031923,0.003983,-0.472842,-1.390000,0.434256,-0.740500,0.064991,0.010401,-0.482023,-1.267281,0.101529,1.489596,-0.004213,0.061661
0.333333,-0.081068,0.022767,0.018794,-0.503483,-1.390000,0.431675,-0.717446,0.055148,0.016725,-0.477746,-1.305611,0.115268,1.469394,-0.010510,0.081277
0.366667,-0.063163,0.017356,0.047196,-0.512361,-1.390000,0.402341,-0.694392,0.068111,0.031213,-0.509671,-1.306942,0.103657,1.449193,-0.042711,0.085072
0.400000,-0.059858,0.037356,0.052772,-0.516066,-1.390000,0.413007,-0.682666,0.075107,0.030025,-0.501597,-1.270924,0.057993,1.430568,-0.061235,0.110501
0.433333,-0.033932,0.037356,0.070573,-0.548187,-1.390000,0.442457,-0.685029,0.058695,0.038585,-0.489488,-1.274906,0.012329,1.389753,-0.042715,0.097283
0.466667,-0.008383,0.027032,0.071764,-0.549945,-1.388135,0.469123,-0.686780,0.053656,0.029498,-0.502377,-1.278889,-0.025720,1.330188,-0.033198,0.068634
0.500000,-0.007129,0.029201,0.058917,-0.559989,-1.388135,0.484338,-0.698032,0.058389,0.040199,-0.506133,-1.258889,-0.078105,1.270624,-0.029206,0.077174
0.533333,-0.019637,0.032397,0.061360,-0.563408,-1.408136,0.521230,-0.715020,0.043298,0.019144,-0.492718,-1.278889,-0.090490,1.248448,-0.013028,0.066161
0.566667,0.000459,0.023407,0.073248,-0.586248,-1.408136,0.540372,-0.739401,0.060162,0.032455,-0.502318,-1.329111,-0.102876,1.264695,0.002951,0.052202
0.600000,0.005774,0.033467,0.082475,-0.592295,-1.408136,0.548162,-0.734123,0.080006,0.055723,-0.522613,-1.359333,-0.139623,1.283743,-0.017276,0.039738
0.633333,0.003961,0.026435,0.074186,-0.614251,-1.410000,0.558738,-0.732763,0.070442,0.056638,-0.502909,-1.365089,-0.176718,1.281539,-0.028500,0.033987
0.666667,-0.000203,0.033403,0.090265,-0.602941,-1.410000,0.590098,-0.718498,0.070940,0.062426,-0.518079,-1.385921,-0.213812,1.310106,-0.041028,-0.008952
0.700000,0.009395,0.030207,0.075856,-0.607439,-1.410000,0.639781,-0.737335,0.063612,0.059968,-0.552654,-1.396143,-0.290907,1.340127,-0.026721,-0.022409
0.733333,-0.010866,0.019197,0.065115,-0.608178,-1.410000,0.697473,-0.756144,0.039163,0.048259,-0.564214,-1.396143,-0.358256,1.338367,-0.025788,-0.033721
0.766667,-0.017527,0.009137,0.035453,-0.621332,-1.410000,0.787732,-0.798992,0.035140,0.056845,-0.542803,-1.379133,-0.429721,1.338461,-0.025693,-0.025003
0.800000,-0.037877,0.018227,0.041370,-0.648940,-1.410000,0.854630,-0.801840,0.052188,0.086326,-0.537607,-1.383600,-0.473697,1.338554,-0.025599,-0.005358
0.833333,-0.045642,0.009090,0.042316,-0.701427,-1.410000,0.921528,-0.844688,0.063580,0.077970,-0.536916,-1.392990,-0.517673,1.347876,-0.017305,0.014286
0.866667,-0.064861,0.009090,0.033953,-0.727747,-1.410000,0.981517,-0.861206,0.102622,0.075825,-0.501469,-1.372990,-0.549231,1.358355,-0.017864,0.039824
0.900000,-0.071196,0.027919,0.031551,-0.759606,-1.410000,1.011248,-0.873782,0.126831,0.060170,-0.493261,-1.372990,-0.583608,1.385185,-0.012073,0.044473
0.933333,-0.083724,0.028309,0.047911,-0.803674,-1.410000,1.038149,-0.902318,0.111040,0.025802,-0.493059,-1.370000,-0.599491,1.389754,0.005563,0.028910
0.966667,-0.096252,0.019219,0.024272,-0.847743,-1.395698,1.088411,-0.970854,0.113972,0.010538,-0.516641,-1.370000,-0.623798,1.434324,0.023198,0.013347
1.000000,-0.091827,0.030380,-0.002865,-0.860199,-1.395698,1.117005,-1.002844,0.094554,0.013710,-0.500844,-1.353258,-0.648104,1.463716,0.027202,0.015679
1.033333,-0.086580,0.039553,0.004718,-0.890765,-1.395698,1.116696,-1.024290,0.069991,0.032201,-0.521366,-1.371046,-0.671673,1.459271,0.005028,-0.002582
1.066667,-0.095688,0.040723,-0.006810,-0.896063,-1.395698,1.128318,-1.049708,0.045429,0.035468,-0.554649,-1.371046,-0.662168,1.464229,-0.018020,-0.011085
1.100000,-0.101347,0.052764,-0.003358,-0.905112,-1.395698,1.142770,-1.050292,0.044089,0.055944,-0.593843,-1.375247,-0.682680,1.495749,-0.012912,0.019099
1.133333,-0.075710,0.053713,0.029760,-0.906530,-1.410000,1.135234,-1.030257,0.026481,0.052628,-0.608670,-1.357497,-0.694475,1.487269,-0.038993,0.019309
1.166667,-0.082430,0.063501,0.048808,-0.914923,-1.410000,1.149366,-1.006769,0.024546,0.067351,-0.651485,-1.336487,-0.706265,1.489133,-0.055798,0.040680
1.200000,-0.093386,0.055278,0.060144,-0.930203,-1.410000,1.171016,-1.014380,0.027757,0.060546,-0.655355,-1.320950,-0.711516,1.484836,-0.071446,0.065810
1.233333,-0.067835,0.035279,0.071226,-0.971588,-1.410000,1.220735,-1.011764,0.037761,0.057810,-0.659225,-1.320950,-0.722301,1.485788,-0.062905,0.078057
1.266667,-0.040677,0.035979,0.066852,-0.991522,-1.410000,1.230453,-0.993982,0.064543,0.056581,-0.643900,-1.333562,-0.693087,1.460179,-0.094363,0.065935
1.300000,-0.021310,0.035084,0.059980,-0.995754,-1.410000,1.262159,-0.994818,0.067593,0.041832,-0.646509,-1.328125,-0.698921,1.466286,-0.094633,0.078457
1.333333,-0.006439,0.014135,0.079154,-1.033011,-1.410000,1.293864,-1.017165,0.073478,0.030608,-0.640600,-1.362689,-0.689474,1.476408,-0.072831,0.051922
1.366667,0.023301,0.013186,0.084306,-1.063452,-1.410000,1.313864,-1.030698,0.057886,0.028356,-0.672615,-1.380440,-0.673127,1.507028,-0.056178,0.004957
1.400000,0.013041,0.017581,0.086267,-1.059418,-1.410000,1.322781,-1.031694,0.064178,0.041995,-0.664629,-1.380440,-0.662895,1.498425,-0.041370,-0.002008
1.433333,-0.005700,0.004449,0.109940,-1.046192,-1.410000,1.371698,-1.032691,0.040604,0.031684,-0.668214,-1.375532,-0.681924,1.489821,-0.014862,-0.013117
1.466667,-0.007947,0.013075,0.108311,-1.025046,-1.405985,1.420614,-0.995687,0.057030,0.050140,-0.644393,-1.373322,-0.695435,1.458493,-0.012863,-0.018894
1.500000,0.006436,0.021441,0.116852,-0.998499,-1.405985,1.429531,-0.977173,0.062104,0.028595,-0.625644,-1.371113,-0.687303,1.403075,-0.016561,-0.023674
1.533333,-0.019180,0.021441,0.112407,-0.971341,-1.405985,1.457743,-0.974409,0.054865,0.019495,-0.567917,-1.356339,-0.675811,1.367159,-0.006046,0.007043
1.566667,-0.044796,0.031747,0.094272,-0.982866,-1.388697,1.460129,-0.994409,0.058947,0.028415,-0.550190,-1.356339,-0.663807,1.370275,-0.013025,0.024212
1.600000,-0.045018,0.044511,0.076137,-1.009743,-1.388697,1.453480,-1.014409,0.061941,0.042894,-0.541703,-1.364434,-0.662540,1.384636,-0.010372,0.042775
1.633333,-0.068467,0.035831,0.060363,-1.027872,-1.392712,1.417440,-1.056756,0.064935,0.025918,-0.555054,-1.383292,-0.626791,1.391278,0.006969,0.042152
1.666667,-0.071694,0.030999,0.004590,-1.011402,-1.392712,1.421399,-1.059103,0.071160,0.026054,-0.543863,-1.388688,-0.613709,1.422828,0.018340,0.048312
1.700000,-0.063879,0.036915,-0.011183,-1.016111,-1.392712,1.420714,-1.048622,0.089605,0.026607,-0.572673,-1.403462,-0.613756,1.420773,0.017610,0.048724
1.733333,-0.027069,0.022213,-0.000656,-0.980819,-1.410000,1.417102,-1.021176,0.092812,0.013509,-0.598864,-1.403462,-0.614311,1.385350,0.008982,0.022683
1.766667,-0.030258,0.021677,-0.001403,-0.960819,-1.410000,1.422525,-1.002965,0.088928,0.018803,-0.622845,-1.403462,-0.593319,1.378681,0.019023,0.023760
1.800000,-0.016855,0.021677,0.009881,-0.959478,-1.410000,1.421622,-1.002407,0.082110,0.024097,-0.618825,-1.405963,-0.582461,1.383616,0.017193,0.023895
1.833333,-0.005165,0.024848,0.047852,-0.993794,-1.410000,1.400402,-1.005732,0.069690,0.048393,-0.649488,-1.401711,-0.585867,1.353487,0.018225,0.033904
1.866667,-0.004516,0.027955,0.051333,-1.008457,-1.410000,1.385240,-0.981885,0.078840,0.058348,-0.640150,-1.377459,-0.581236,1.340279,0.017143,0.011430
1.900000,-0.028686,0.033263,0.052352,-1.023120,-1.410000,1.408345,-0.963848,0.070875,0.059278,-0.624905,-1.373207,-0.580080,1.337170,0.034391,0.019563
1.933333,-0.034087,0.021035,0.064646,-1.035220,-1.410000,1.391451,-0.951622,0.089393,0.060209,-0.621324,-1.373207,-0.578146,1.319110,0.049285,0.027696
1.966667,-0.032853,0.035899,0.060681,-1.030060,-1.410000,1.370274,-0.918080,0.070843,0.061139,-0.657743,-1.357244,-0.568997,1.315536,0.045871,0.034613
2.000000,-0.069906,0.032266,0.051624,-1.009037,-1.410000,1.369415,-0.902212,0.067552,0.038992,-0.659481,-1.361496,-0.530568,1.307026,0.029756,0.023874
2.033333,-0.066959,0.024904,0.064205,-0.988643,-1.399837,1.347847,-0.893077,0.028126,0.015909,-0.688792,-1.384500,-0.507442,1.289360,0.021269,0.015819
2.066667,-0.042310,0.033960,0.052946,-1.004767,-1.380631,1.312010,-0.894160,0.021053,0.015501,-0.712774,-1.388752,-0.487277,1.295932,-0.018311,0.017157
2.100000,-0.027118,0.036419,0.041687,-0.995542,-1.380631,1.310117,-0.885435,0.013421,-0.007090,-0.706492,-1.383001,-0.489436,1.277455,-0.055537,0.002328
2.133333,-0.021842,0.021556,0.033752,-0.996986,-1.370442,1.337878,-0.884390,0.005789,-0.016268,-0.682696,-1.380949,-0.500020,1.250885,-0.059473,-0.031154
2.166667,0.006014,0.018484,0.042967,-1.013281,-1.341843,1.329122,-0.901788,0.000854,-0.038480,-0.698900,-1.378897,-0.522143,1.234934,-0.061929,-0.040209
2.200000,0.007618,0.016822,0.040918,-1.040070,-1.343406,1.343575,-0.930833,0.032055,-0.027250,-0.687530,-1.380145,-0.544007,1.244105,-0.047304,-0.016949
2.233333,-0.009279,0.022459,0.066644,-1.045014,-1.347266,1.373864,-0.939623,0.053760,-0.016021,-0.679213,-1.380145,-0.556050,1.243814,-0.003526,-0.002810
2.266667,0.004512,0.041271,0.092370,-1.077871,-1.347266,1.396790,-0.943175,0.060675,0.017393,-0.670897,-1.385896,-0.568093,1.283522,0.000252,0.013083
2.300000,0.004997,0.042543,0.120563,-1.099039,-1.357455,1.394912,-0.960363,0.076519,0.037393,-0.680096,-1.404720,-0.582863,1.303960,0.005713,0.028977
2.333333,0.005759,0.042543,0.110014,-1.095711,-1.366055,1.406722,-0.947987,0.104420,0.057393,-0.649294,-1.406772,-0.575373,1.327969,0.008917,0.049956
2.366667,-0.007227,0.059695,0.120770,-1.100915,-1.370539,1.435323,-0.920162,0.092321,0.077393,-0.658493,-1.400117,-0.577702,1.352692,0.016965,0.057051
2.400000,0.000971,0.039695,0.120096,-1.107516,-1.385885,1.449746,-0.913529,0.077195,0.069838,-0.664576,-1.396037,-0.602065,1.359021,0.016609,0.045946
2.433333,-0.007442,0.030639,0.090249,-1.098105,-1.385884,1.465484,-0.946895,0.061419,0.062284,-0.693151,-1.371956,-0.586429,1.339628,0.032245,0.041329
2.466667,-0.009192,0.034265,0.054610,-1.099596,-1.385884,1.476374,-0.972903,0.073360,0.054729,-0.681727,-1.352156,-0.593209,1.332688,0.019194,0.066458
2.500000,-0.028005,0.034265,0.058971,-1.116561,-1.400985,1.487704,-0.989376,0.059787,0.067442,-0.690363,-1.337503,-0.599990,1.335629,0.027644,0.062073
2.533333,-0.019225,0.023115,0.033046,-1.093526,-1.405101,1.481253,-1.009672,0.072915,0.074739,-0.664449,-1.342713,-0.597995,1.306359,0.023886,0.056546
2.566667,-0.028218,0.023115,0.024781,-1.094024,-1.405101,1.452619,-1.020451,0.093323,0.102670,-0.652452,-1.340986,-0.573112,1.304947,-0.000621,0.065858
2.600000,-0.031607,0.010899,0.025552,-1.077498,-1.405101,1.430756,-1.008725,0.101296,0.090601,-0.622301,-1.348324,-0.551070,1.297428,-0.004657,0.045041
2.633333,-0.024161,0.006001,0.058483,-1.081916,-1.385101,1.427145,-0.968346,0.082893,0.094223,-0.632149,-1.334611,-0.532542,1.282096,0.009192,0.005318
2.666667,-0.019141,0.009026,0.051414,-1.075568,-1.357326,1.445920,-0.948860,0.086747,0.098683,-0.655500,-1.332521,-0.547662,1.282694,-0.004348,-0.024267
2.700000,-0.026831,0.003025,0.064801,-1.084485,-1.344653,1.448164,-0.936435,0.075166,0.087302,-0.673401,-1.320740,-0.531557,1.275505,0.001857,-0.033824
2.733333,-0.005313,0.003025,0.047077,-1.060055,-1.344653,1.486769,-0.894784,0.057275,0.070042,-0.691301,-1.326548,-0.519330,1.268315,0.014141,-0.044308
2.766667,-0.003510,0.004084,0.030481,-1.060317,-1.344653,1.490708,-0.855278,0.044871,0.052781,-0.704865,-1.323443,-0.504261,1.252954,0.009519,-0.022442
2.800000,-0.022388,0.004084,0.021724,-1.062521,-1.364653,1.502068,-0.851783,0.047549,0.051423,-0.690092,-1.343674,-0.478661,1.257660,0.010110,-0.011417
2.833333,-0.035546,0.001059,0.035305,-1.083692,-1.377326,1.479568,-0.858379,0.050664,0.045285,-0.652335,-1.323904,-0.419414,1.222366,0.002572,0.029471
2.866667,-0.023587,0.018267,0.035376,-1.129599,-1.390000,1.451380,-0.851160,0.044153,0.060405,-0.614579,-1.320619,-0.360167,1.187073,-0.016511,0.055956
2.900000,-0.041375,0.018785,0.055145,-1.169246,-1.388242,1.421578,-0.882685,0.034641,0.057862,-0.576823,-1.294424,-0.329636,1.151779,-0.014361,0.056000
2.933333,-0.048441,0.018244,0.073926,-1.177238,-1.386484,1.411777,-0.916178,0.039642,0.075320,-0.579066,-1.288075,-0.339105,1.156485,-0.011767,0.041747
2.966667,-0.029102,0.018244,0.074176,-1.151064,-1.364726,1.376303,-0.948227,0.058059,0.061185,-0.579712,-1.298392,-0.359105,1.136485,0.001441,0.027493
3.000000,-0.001886,0.018244,0.067176,-1.091063,-1.382968,1.334689,-0.976258,0.043918,0.070724,-0.599598,-1.325931,-0.419105,1.116485,0.014300,0.010668
3.033333,-0.002709,0.001036,0.063216,-0.991063,-1.382968,1.293076,-1.044289,0.044729,0.054889,-0.628053,-1.342443,-0.501470,1.096485,0.021106,-0.018748
3.066667,-0.013784,0.008787,0.050751,-0.891064,-1.384726,1.213076,-1.097431,0.022703,0.037738,-0.630765,-1.348638,-0.577537,1.070763,0.037659,-0.042539
3.100000,-0.004859,0.009675,0.033253,-0.791063,-1.369377,1.113076,-1.132705,-0.010223,0.012456,-0.624071,-1.374833,-0.649956,1.010885,0.042586,-0.051307
3.133333,-0.015667,0.009675,0.027108,-0.705968,-1.384266,1.013076,-1.162508,-0.046496,0.012889,-0.628996,-1.381028,-0.710571,0.972215,0.025985,-0.048417
3.166667,-0.043439,0.014212,0.005873,-0.624468,-1.383369,0.933056,-1.171426,-0.042769,-0.008794,-0.604100,-1.377843,-0.731186,0.950809,0.042476,-0.074535
3.200000,-0.043172,0.017774,-0.015520,-0.581101,-1.360714,0.860877,-1.148415,-0.039383,-0.026225,-0.573786,-1.374269,-0.769436,0.945477,0.057663,-0.073658
3.233333,-0.029715,0.010199,-0.011003,-0.537735,-1.349715,0.788699,-1.130077,-0.030104,-0.026086,-0.562965,-1.391178,-0.813984,0.940037,0.041472,-0.065733
3.266667,-0.051438,0.008793,-0.014929,-0.494369,-1.366821,0.716521,-1.141106,-0.004925,-0.037817,-0.546579,-1.370188,-0.822180,0.935064,0.016907,-0.064840
3.300000,-0.069982,0.027822,-0.011676,-0.476098,-1.371685,0.676875,-1.150818,0.009644,-0.035263,-0.548509,-1.369199,-0.842180,0.948882,0.013870,-0.035605
3.333333,-0.052578,0.025181,0.008532,-0.463235,-1.360715,0.617250,-1.156203,0.002424,-0.034582,-0.559688,-1.372195,-0.902180,0.952712,-0.010432,-0.014792
3.366667,-0.039790,0.021620,0.032988,-0.433243,-1.349745,0.549782,-1.153516,0.018954,-0.012780,-0.587968,-1.352702,-0.946239,0.948362,-0.052922,-0.006628
3.400000,-0.034468,0.040926,0.033554,-0.407675,-1.347119,0.504556,-1.125577,0.026978,-0.012211,-0.582497,-1.312727,-0.990297,0.928077,-0.065542,0.022379
3.433333,-0.007806,0.045708,0.056691,-0.404110,-1.338577,0.459330,-1.104530,0.032918,0.013862,-0.574223,-1.310651,-1.058802,0.941480,-0.047627,0.023394
3.466667,0.023880,0.038974,0.055196,-0.374765,-1.319929,0.381573,-1.091715,0.039167,0.014253,-0.565949,-1.303991,-1.102470,0.954883,-0.038587,0.007330
3.500000,0.022147,0.047947,0.039845,-0.372038,-1.332900,0.303815,-1.088868,0.048504,0.038633,-0.548426,-1.285504,-1.146137,0.968985,-0.027188,0.024445
3.533333,0.011041,0.058309,0.043516,-0.348305,-1.366525,0.226057,-1.086021,0.032464,0.036625,-0.526445,-1.285119,-1.176965,1.009280,-0.003387,0.014209
3.566667,0.027228,0.054141,0.066522,-0.343450,-1.380149,0.144033,-1.095798,0.056425,0.069268,-0.544463,-1.324733,-1.194317,1.067223,0.012527,-0.001568
3.600000,0.035111,0.064251,0.069637,-0.341684,-1.388692,0.102010,-1.076061,0.083059,0.087102,-0.579172,-1.343832,-1.227223,1.105438,-0.002094,-0.009730
3.633333,0.024170,0.051957,0.062369,-0.345599,-1.396816,0.074144,-1.056324,0.085904,0.095806,-0.573881,-1.327513,-1.264771,1.103653,-0.013953,-0.023062
3.666667,0.020820,0.055119,0.080372,-0.317262,-1.393321,0.086279,-1.023966,0.081445,0.093167,-0.608590,-1.324184,-1.302319,1.130865,-0.026014,-0.069572
3.700000,0.031459,0.044757,0.067489,-0.302582,-1.381533,0.113428,-1.011208,0.076796,0.076916,-0.663489,-1.336656,-1.367436,1.152683,-0.015149,-0.076083
3.733333,0.017107,0.032434,0.054340,-0.304601,-1.381533,0.162601,-1.006103,0.046398,0.053274,-0.718389,-1.333151,-1.446030,1.149746,-0.018381,-0.075527
3.766667,0.006217,0.025705,0.031986,-0.321528,-1.381533,0.211774,-1.012636,0.026938,0.058938,-0.746597,-1.318951,-1.524623,1.141967,-0.021614,-0.067333
3.800000,-0.014242,0.040866,0.044648,-0.358554,-1.374063,0.286788,-0.979169,0.027547,0.076048,-0.794241,-1.333695,-1.620687,1.136235,-0.019153,-0.036889
3.833333,-0.016442,0.027055,0.044025,-0.405426,-1.378213,0.361802,-0.985701,0.032513,0.064500,-0.819978,-1.359755,-1.699411,1.133532,-0.014071,-0.006446
3.866667,-0.033684,0.027055,0.036446,-0.468115,-1.386260,0.461802,-0.983507,0.057014,0.052952,-0.836070,-1.345814,-1.779348,1.142136,-0.011539,0.021653
3.900000,-0.032493,0.043546,0.030988,-0.515193,-1.386260,0.561802,-0.989105,0.067263,0.032653,-0.838019,-1.347851,-1.839160,1.154025,0.000773,0.018140
3.933333,-0.049105,0.043411,0.043768,-0.553174,-1.377048,0.661802,-1.007825,0.048272,-0.011463,-0.859923,-1.350282,-1.858972,1.151854,0.023415,0.005426
3.966667,-0.054818,0.028251,0.016548,-0.587615,-1.367837,0.761802,-1.065797,0.047879,-0.032213,-0.902391,-1.359505,-1.851716,1.185290,0.046477,-0.007287
4.000000,-0.048911,0.045554,-0.004853,-0.616538,-1.347329,0.861802,-1.083769,0.029132,-0.037834,-0.926767,-1.357374,-1.861800,1.195194,0.056463,-0.010949
4.033333,-0.037277,0.063196,0.006269,-0.631369,-1.350561,0.938686,-1.090869,0.002266,-0.017667,-0.941828,-1.382294,-1.870660,1.176404,0.034184,-0.031465
4.066667,-0.043000,0.066851,-0.005026,-0.632061,-1.350561,0.987350,-1.105366,-0.024601,-0.018790,-0.967723,-1.386113,-1.859645,1.171417,0.015046,-0.047026
4.100000,-0.029527,0.077688,-0.002043,-0.641850,-1.359773,1.036015,-1.103596,-0.033329,-0.002702,-0.982010,-1.401849,-1.888630,1.192290,0.024035,-0.028639
4.133333,-0.004591,0.085386,0.033617,-0.645972,-1.375466,1.080315,-1.093275,-0.056946,-0.003203,-0.975208,-1.397802,-1.922268,1.175508,-0.006977,-0.035313
4.166667,-0.016786,0.095559,0.051172,-0.665145,-1.379984,1.124615,-1.082954,-0.074645,0.003348,-0.999795,-1.384046,-1.955907,1.182257,-0.027622,-0.015977
4.200000,-0.028738,0.085615,0.062717,-0.692391,-1.368854,1.172637,-1.112633,-0.078192,-0.012068,-1.007357,-1.379274,-1.975566,1.177700,-0.040368,0.008954
4.233333,-0.009791,0.061960,0.074906,-0.730517,-1.347559,1.223421,-1.132422,-0.067891,-0.012987,-1.018230,-1.380374,-2.017970,1.171246,-0.039602,0.025937
4.266667,-0.004311,0.052638,0.074369,-0.749820,-1.307581,1.242110,-1.133232,-0.043013,-0.007300,-1.032058,-1.380374,-2.060374,1.148263,-0.077293,0.002920
4.300000,0.008194,0.046580,0.061701,-0.752710,-1.301121,1.265164,-1.140922,-0.036637,-0.025024,-1.049440,-1.370683,-2.111638,1.165280,-0.074984,0.004964
4.333333,0.020133,0.023283,0.084893,-0.761380,-1.305338,1.275130,-1.156602,-0.012242,-0.024929,-1.046276,-1.391489,-2.122902,1.182297,-0.056159,-0.028053
4.366667,0.041144,0.015586,0.089946,-0.773940,-1.316936,1.264491,-1.172282,-0.009532,-0.012503,-1.083112,-1.396261,-2.149370,1.239315,-0.045745,-0.071230
4.400000,0.022155,0.027326,0.090953,-0.765369,-1.328781,1.268259,-1.159802,0.010480,0.001784,-1.079948,-1.396261,-2.153093,1.270014,-0.037664,-0.074993
4.433333,0.018627,0.026898,0.112169,-0.746304,-1.353455,1.304123,-1.154103,0.002303,-0.012286,-1.068884,-1.396261,-2.152545,1.290014,-0.012866,-0.074429
4.466667,0.025636,0.043635,0.116340,-0.722367,-1.340529,1.339986,-1.110824,0.027517,0.005733,-1.052878,-1.390000,-2.161321,1.283093,-0.002054,-0.073865
4.500000,0.051980,0.053415,0.121852,-0.692788,-1.339398,1.348936,-1.087876,0.033930,-0.016249,-1.033684,-1.390000,-2.171441,1.237952,-0.004126,-0.056964
4.533333,0.038323,0.061524,0.116830,-0.658757,-1.339438,1.376967,-1.064929,0.023869,-0.029843,-0.980909,-1.370000,-2.176005,1.192811,0.000651,-0.023907
4.566667,0.024667,0.070384,0.100330,-0.664727,-1.328889,1.376047,-1.080032,0.022660,-0.021573,-0.968134,-1.370000,-2.187883,1.186828,-0.004797,-0.004935
4.600000,0.026305,0.080669,0.083830,-0.687115,-1.344193,1.375127,-1.088354,0.022340,0.009347,-0.979733,-1.370000,-2.204032,1.208050,0.001560,0.018644
4.633333,-0.000969,0.062294,0.065376,-0.699996,-1.360016,1.337851,-1.128679,0.022019,0.008179,-0.995153,-1.378255,-2.187134,1.219390,0.010949,0.023955
4.666667,-0.009880,0.056370,0.006922,-0.689990,-1.362596,1.340574,-1.140682,0.029777,0.019598,-1.002918,-1.378255,-2.208893,1.268950,0.016851,0.012930
4.700000,-0.014418,0.060544,-0.011532,-0.697091,-1.340608,1.332583,-1.131542,0.038198,0.024136,-1.034235,-1.389747,-2.201615,1.287476,0.026421,0.009510
4.733333,0.021043,0.049611,0.000916,-0.667271,-1.337579,1.338181,-1.119026,0.038469,0.015410,-1.063134,-1.389747,-2.217494,1.266842,0.021733,-0.019822
4.766667,0.016505,0.047018,-0.006347,-0.627881,-1.334550,1.309077,-1.106509,0.029380,0.012391,-1.052034,-1.384502,-2.193372,1.259005,0.023710,-0.018090
4.800000,0.025054,0.047018,0.005921,-0.604556,-1.331119,1.298399,-1.099976,0.020292,0.009372,-1.019586,-1.377110,-2.169251,1.273701,0.017475,-0.027814
4.833333,0.031435,0.048272,0.046029,-0.621226,-1.321407,1.250134,-1.093443,0.003864,0.020830,-1.023925,-1.351988,-2.138923,1.248397,0.023960,-0.004920
4.866667,0.033443,0.051985,0.050219,-0.617858,-1.314301,1.193503,-1.068052,0.024929,0.035117,-0.998295,-1.315374,-2.103188,1.232943,0.019926,-0.022026
4.900000,0.001654,0.052383,0.047016,-0.611410,-1.328235,1.123283,-1.022403,0.020098,0.033926,-0.950199,-1.290252,-2.036982,1.233939,0.038071,-0.019709
4.933333,-0.010864,0.037683,0.063525,-0.617301,-1.317368,1.067812,-0.986257,0.039888,0.029528,-0.936994,-1.289041,-1.972804,1.221992,0.053829,-0.017391
4.966667,-0.007557,0.056829,0.058957,-0.607126,-1.337880,0.990274,-0.947474,0.019677,0.030668,-0.963790,-1.281723,-1.916178,1.212682,0.048752,-0.004263
5.000000,-0.042083,0.049830,0.046043,-0.556957,-1.353085,0.917426,-0.914266,0.019615,0.019069,-0.953799,-1.291926,-1.825758,1.203371,0.042033,-0.023753
5.033333,-0.036610,0.034328,0.055836,-0.501276,-1.357349,0.844577,-0.883222,-0.015135,-0.005233,-0.957688,-1.324726,-1.747959,1.185795,0.038315,-0.043244
5.066667,-0.014210,0.040918,0.042120,-0.485595,-1.324809,0.805928,-0.873130,-0.015839,-0.000794,-0.975015,-1.349848,-1.700859,1.191770,-0.000765,-0.042158
5.100000,-0.002008,0.046009,0.028404,-0.441401,-1.317070,0.747231,-0.853534,-0.028913,-0.018930,-0.957450,-1.341327,-1.655454,1.170688,-0.032646,-0.048659
5.133333,0.003657,0.026863,0.018624,-0.407717,-1.292638,0.723729,-0.815239,-0.029052,-0.032071,-0.911899,-1.332806,-1.619695,1.123639,-0.030218,-0.076246
5.166667,0.031863,0.024351,0.026075,-0.414034,-1.256296,0.705792,-0.811370,-0.036614,-0.059537,-0.906348,-1.332747,-1.591801,1.089401,-0.033159,-0.082322
5.200000,0.030648,0.025923,0.025496,-0.427104,-1.259953,0.701048,-0.814984,-0.009627,-0.054787,-0.887487,-1.344066,-1.590719,1.084612,-0.020250,-0.059026
5.233333,0.011628,0.031336,0.048069,-0.403025,-1.277118,0.702105,-0.795467,0.007236,-0.050037,-0.866372,-1.344066,-1.567326,1.064905,0.021724,-0.047238
5.266667,0.023535,0.050751,0.070641,-0.417590,-1.285924,0.742181,-0.775949,0.022326,-0.019504,-0.845256,-1.359043,-1.580210,1.085198,0.026316,-0.031159
5.300000,0.021734,0.057367,0.097021,-0.434821,-1.306466,0.747063,-0.779782,0.032735,0.000496,-0.847678,-1.377455,-1.583626,1.103090,0.025759,-0.015081
5.333333,0.012284,0.057367,0.086676,-0.412052,-1.323749,0.739275,-0.762304,0.064513,0.020496,-0.810101,-1.392432,-1.579177,1.122812,0.025154,-0.002659
5.366667,0.006176,0.075299,0.092700,-0.408079,-1.337786,0.743003,-0.735180,0.056432,0.040496,-0.811387,-1.384855,-1.550415,1.142534,0.036546,0.003806
5.400000,0.022946,0.053916,0.095076,-0.416829,-1.362255,0.739714,-0.733870,0.039388,0.031739,-0.810773,-1.371561,-1.542353,1.137174,0.034059,-0.001881
5.433333,0.020542,0.040815,0.069162,-0.419066,-1.375085,0.737406,-0.772561,0.023387,0.022982,-0.839885,-1.346584,-1.494292,1.112173,0.046071,-0.007064
5.466667,0.015323,0.040908,0.035505,-0.416252,-1.374495,0.735098,-0.804513,0.037620,0.014225,-0.833446,-1.346520,-1.478501,1.101095,0.035096,0.015881
5.500000,0.004925,0.040908,0.041847,-0.439132,-1.393674,0.740496,-0.820560,0.021052,0.025286,-0.839980,-1.337647,-1.462709,1.091101,0.040022,0.020971
5.533333,0.001879,0.030652,0.020838,-0.422012,-1.400810,0.751487,-0.844448,0.035800,0.030033,-0.815422,-1.346227,-1.435830,1.050137,0.032077,0.024485
5.566667,-0.016388,0.029967,0.009024,-0.424019,-1.400810,0.729494,-0.854158,0.063509,0.058330,-0.806464,-1.359521,-1.379862,1.045997,0.008946,0.036832
5.600000,-0.024071,0.016452,0.012366,-0.411757,-1.400810,0.707502,-0.845047,0.076356,0.046627,-0.779976,-1.383046,-1.358420,1.041660,0.004475,0.011973
5.633333,-0.010554,0.009744,0.043004,-0.424992,-1.385289,0.710655,-0.818720,0.059598,0.051859,-0.793488,-1.378224,-1.336977,1.025860,0.019655,-0.031638
5.666667,-0.002070,0.013859,0.033643,-0.432963,-1.357050,0.746102,-0.812642,0.067021,0.055282,-0.814070,-1.385644,-1.335262,1.034336,0.004540,-0.059829
5.700000,-0.002423,0.004115,0.048896,-0.450616,-1.344100,0.751248,-0.811796,0.055533,0.042901,-0.826308,-1.382666,-1.329514,1.037382,0.005278,-0.075662
5.733333,0.024246,0.004115,0.035453,-0.433567,-1.344100,0.770244,-0.785129,0.034452,0.024985,-0.838547,-1.382666,-1.323766,1.043603,0.016894,-0.087692
5.766667,0.033537,0.005291,0.017684,-0.421185,-1.344100,0.749239,-0.755580,0.024572,0.011382,-0.838590,-1.384118,-1.283493,1.029662,0.016387,-0.068100
5.800000,0.015445,0.005610,0.012167,-0.403725,-1.364100,0.718300,-0.748774,0.028447,0.009156,-0.803708,-1.404202,-1.203219,1.025247,0.013818,-0.051735
5.833333,0.003033,0.001495,0.032190,-0.394988,-1.378862,0.650468,-0.746034,0.030943,0.006882,-0.776258,-1.389459,-1.106377,0.991612,0.013018,-0.010789
5.866667,-0.000922,0.021495,0.040922,-0.416569,-1.391812,0.582637,-0.730221,0.033763,0.026726,-0.757924,-1.392437,-1.041857,0.994379,0.001851,0.018153
5.900000,-0.019346,0.021495,0.063164,-0.438151,-1.391812,0.540955,-0.754408,0.022405,0.019684,-0.716852,-1.381292,-0.986268,0.974816,0.005931,0.018119
5.933333,-0.031802,0.020319,0.082863,-0.444603,-1.391811,0.539274,-0.780326,0.019844,0.028329,-0.695780,-1.370147,-0.950679,0.975253,0.006357,0.001824
5.966667,-0.024198,0.020000,0.088249,-0.451104,-1.371812,0.522382,-0.807456,0.034647,0.010780,-0.709633,-1.340369,-0.955089,1.003705,0.019084,-0.015874
6.000000,-0.008859,0.020207,0.084162,-0.468453,-1.350000,0.502382,-0.847485,0.027460,0.015270,-0.736011,-1.305419,-0.996342,1.061376,0.024736,-0.033572
6.033333,0.000978,0.000207,0.079522,-0.484001,-1.290000,0.492927,-0.927514,0.033194,-0.005338,-0.786026,-1.251086,-1.013529,1.119047,0.033893,-0.066477
6.066667,-0.014717,0.009006,0.068602,-0.499548,-1.239825,0.471872,-1.007543,0.028827,-0.010613,-0.836019,-1.187900,-1.051624,1.199047,0.047000,-0.080528
6.100000,-0.010412,0.011242,0.056826,-0.520516,-1.169649,0.429019,-1.107543,0.021382,-0.029683,-0.897894,-1.139555,-1.093952,1.299047,0.042004,-0.075510
6.133333,-0.015959,0.011242,0.054228,-0.549931,-1.117371,0.394208,-1.207543,0.013938,-0.021320,-0.951186,-1.100988,-1.096281,1.374169,0.009848,-0.068677
6.166667,-0.039600,0.012662,0.035562,-0.558952,-1.092679,0.399396,-1.305373,0.019066,-0.043880,-0.972628,-1.062421,-1.092945,1.446029,0.015031,-0.088409
6.200000,-0.038634,0.018550,0.009977,-0.569773,-1.070140,0.434040,-1.363202,0.024803,-0.057296,-0.961317,-1.047041,-1.111695,1.477888,0.028586,-0.075128
6.233333,-0.022145,0.009751,0.017163,-0.597672,-1.057777,0.440284,-1.421032,0.031692,-0.064447,-0.972766,-1.056225,-1.100608,1.500625,0.012066,-0.073445
6.266667,-0.035902,0.007515,0.016831,-0.611394,-1.081509,0.428324,-1.453529,0.061658,-0.077803,-0.953576,-1.030568,-1.065287,1.483361,-0.006351,-0.081866
6.300000,-0.054799,0.027515,0.015059,-0.628077,-1.102222,0.425065,-1.483422,0.079684,-0.080710,-0.939409,-1.035132,-1.053329,1.490975,0.006326,-0.056848
6.333333,-0.038161,0.026523,0.034653,-0.625154,-1.113627,0.421806,-1.476887,0.077501,-0.078139,-0.927150,-1.072149,-1.020168,1.461852,-0.000834,-0.045265
6.366667,-0.025247,0.020635,0.058454,-0.622231,-1.122879,0.418547,-1.470352,0.089056,-0.059614,-0.914904,-1.069166,-0.987397,1.432729,-0.043333,-0.035765
6.400000,-0.025471,0.040635,0.058366,-0.628733,-1.132131,0.455288,-1.423818,0.099460,-0.059353,-0.862659,-1.041619,-0.977288,1.372729,-0.055886,-0.001190
6.433333,-0.009718,0.040635,0.074232,-0.667107,-1.139885,0.532029,-1.395522,0.088523,-0.037640,-0.845687,-1.054072,-0.967966,1.352290,-0.028440,0.009057
6.466667,0.018756,0.032880,0.071157,-0.680202,-1.132761,0.632029,-1.369831,0.068289,-0.046700,-0.824971,-1.060029,-0.941438,1.299010,-0.012865,0.004528
6.500000,0.019897,0.035898,0.054214,-0.733296,-1.147359,0.724186,-1.342738,0.065310,-0.030314,-0.794732,-1.033533,-0.941779,1.252377,0.003093,0.037530
6.533333,0.002553,0.045982,0.058639,-0.779543,-1.187243,0.816342,-1.315645,0.040296,-0.040570,-0.769490,-1.047038,-0.911386,1.236286,0.025401,0.032615
6.566667,0.018574,0.036308,0.080179,-0.833995,-1.227127,0.908499,-1.313386,0.055282,-0.016532,-0.781577,-1.100542,-0.871597,1.259525,0.049088,0.019014
6.600000,0.025932,0.046090,0.087406,-0.862788,-1.253542,0.962348,-1.282007,0.075628,0.005263,-0.782557,-1.146346,-0.871020,1.260282,0.032775,0.008270
6.633333,0.019176,0.033845,0.082969,-0.908351,-1.279958,1.016198,-1.246697,0.077211,0.017831,-0.750839,-1.171424,-0.875241,1.253881,0.021896,-0.001435
6.666667,0.016323,0.042670,0.102187,-0.939921,-1.299696,1.077891,-1.211387,0.076020,0.015537,-0.758588,-1.219262,-0.879463,1.262617,0.004193,-0.048671
6.700000,0.035678,0.032586,0.091150,-0.947083,-1.300298,1.139584,-1.202787,0.078622,-0.000115,-0.797043,-1.267100,-0.891757,1.275457,0.016111,-0.065324
6.733333,0.021210,0.022260,0.073852,-0.949272,-1.300899,1.201277,-1.193231,0.053037,-0.020327,-0.798168,-1.283745,-0.930786,1.257527,0.012627,-0.075112
6.766667,0.017118,0.013823,0.044718,-0.952741,-1.296497,1.301277,-1.193732,0.043425,-0.024098,-0.783512,-1.268090,-0.963726,1.250310,0.009144,-0.066320
6.800000,-0.001407,0.022043,0.053219,-0.964718,-1.299581,1.383811,-1.158162,0.052858,-0.003785,-0.780720,-1.279658,-1.002670,1.243093,0.012101,-0.043791
6.833333,-0.002817,0.009565,0.047855,-0.963299,-1.307027,1.430756,-1.162592,0.065129,-0.008610,-0.777929,-1.297257,-1.023060,1.254091,0.026736,-0.021262
6.866667,-0.018820,0.009565,0.033541,-0.969110,-1.323294,1.473944,-1.142034,0.095640,-0.011568,-0.739420,-1.274856,-1.075378,1.270443,0.033110,0.010685
6.900000,-0.020057,0.029565,0.031396,-0.967741,-1.336096,1.477133,-1.127748,0.114339,-0.024800,-0.733311,-1.282520,-1.127695,1.300974,0.039357,0.012121
6.933333,-0.033829,0.029897,0.044904,-0.998880,-1.346953,1.476516,-1.136135,0.095952,-0.066477,-0.740921,-1.290184,-1.146102,1.303714,0.058942,-0.000017
6.966667,-0.044180,0.021677,0.018412,-1.023101,-1.350323,1.491919,-1.184205,0.098520,-0.092240,-0.776666,-1.294444,-1.177825,1.346454,0.078526,-0.012156
7.000000,-0.043751,0.038263,-0.005339,-1.034711,-1.338188,1.502911,-1.192275,0.081427,-0.093697,-0.772411,-1.275565,-1.214995,1.355321,0.075370,-0.020348
7.033333,-0.043530,0.047992,0.006651,-1.034358,-1.351083,1.477658,-1.198625,0.055412,-0.074423,-0.804136,-1.278047,-1.252166,1.363890,0.051562,-0.041712
7.066667,-0.053055,0.049087,-0.003239,-1.011450,-1.351083,1.452406,-1.203397,0.029398,-0.072389,-0.840683,-1.256434,-1.273020,1.378588,0.031039,-0.054094
7.100000,-0.056650,0.065960,0.002995,-0.988542,-1.356902,1.430959,-1.190853,0.029653,-0.048153,-0.866925,-1.253157,-1.333873,1.415497,0.032576,-0.034338
7.133333,-0.039783,0.067578,0.039981,-0.957404,-1.370829,1.370959,-1.163176,0.007404,-0.036472,-0.867526,-1.226620,-1.375901,1.412406,0.004119,-0.040970
7.166667,-0.054218,0.072611,0.062024,-0.945481,-1.390500,1.332436,-1.135498,-0.003416,-0.016078,-0.903963,-1.194430,-1.431035,1.443187,-0.013974,-0.011548
7.200000,-0.063547,0.064500,0.075817,-0.961018,-1.392404,1.322281,-1.147820,-0.005316,-0.018282,-0.907130,-1.180814,-1.485246,1.437960,-0.031237,0.014386
7.233333,-0.039824,0.043405,0.087674,-0.995653,-1.385510,1.316452,-1.162669,0.000513,-0.019512,-0.913074,-1.192421,-1.531878,1.437488,-0.027582,0.031764
7.266667,-0.026907,0.033625,0.082316,-0.990287,-1.373970,1.270623,-1.158318,0.017166,-0.010147,-0.916577,-1.198155,-1.551572,1.451170,-0.059325,0.028045
7.300000,-0.005168,0.032974,0.068814,-0.973278,-1.385861,1.255453,-1.159072,0.021741,-0.028228,-0.941476,-1.190552,-1.599815,1.489875,-0.061073,0.050714
7.333333,0.010182,0.013605,0.090227,-0.977054,-1.387548,1.258806,-1.178557,0.031895,-0.041679,-0.941068,-1.222949,-1.608058,1.508579,-0.036424,0.033383
7.366667,0.035230,0.011986,0.093487,-0.976664,-1.389284,1.233791,-1.185297,0.025382,-0.039284,-0.977951,-1.233264,-1.590737,1.543591,-0.019662,-0.007288
7.400000,0.020277,0.017791,0.097978,-0.957177,-1.393035,1.206060,-1.175986,0.045014,-0.030870,-0.974834,-1.237733,-1.582201,1.554113,-0.010032,-0.008386
7.433333,0.019459,0.011176,0.124951,-0.937690,-1.394076,1.218329,-1.166674,0.032033,-0.040013,-0.962461,-1.229740,-1.592553,1.533905,0.014150,-0.021142
7.466667,0.025937,0.025061,0.129645,-0.914667,-1.366768,1.239940,-1.127711,0.053634,-0.025645,-0.941244,-1.226902,-1.579726,1.504804,0.010480,-0.033898
7.500000,0.040286,0.037290,0.133031,-0.855608,-1.361741,1.221552,-1.095316,0.058228,-0.045254,-0.911548,-1.224064,-1.578288,1.471048,0.003007,-0.029367
7.533333,0.014635,0.037290,0.127077,-0.795521,-1.361741,1.203163,-1.075667,0.052438,-0.051955,-0.844762,-1.203375,-1.593834,1.457291,0.009926,0.004817
7.566667,-0.011016,0.048854,0.104574,-0.775434,-1.344884,1.183163,-1.080968,0.052777,-0.033576,-0.817975,-1.186130,-1.589225,1.468156,0.000981,0.019511
7.600000,-0.020834,0.061345,0.083594,-0.795347,-1.355383,1.163163,-1.086269,0.045727,-0.007681,-0.829845,-1.196901,-1.592666,1.493386,0.012706,0.040741
7.633333,-0.049505,0.046492,0.066505,-0.805587,-1.379076,1.103163,-1.109867,0.038678,-0.005297,-0.843746,-1.212062,-1.594298,1.521349,0.030024,0.036584
7.666667,-0.048357,0.036623,0.010723,-0.811864,-1.386385,1.083163,-1.108164,0.045403,0.008827,-0.855597,-1.227224,-1.624542,1.555106,0.041285,0.025657
7.700000,-0.038477,0.041998,-0.005058,-0.831446,-1.375181,1.063163,-1.088553,0.053802,0.012639,-0.904539,-1.242386,-1.646122,1.568862,0.040862,0.020783
7.733333,0.008696,0.024630,0.006057,-0.811028,-1.384450,1.043163,-1.041619,0.047400,0.003089,-0.947022,-1.259949,-1.690519,1.553028,0.040525,-0.004599
7.766667,0.015869,0.022077,0.004947,-0.787956,-1.384450,1.023163,-1.018031,0.047460,0.003581,-0.971594,-1.270168,-1.695739,1.553028,0.039098,-0.003763
7.800000,0.027483,0.022077,0.019321,-0.764883,-1.386920,1.014343,-1.002302,0.047521,0.004072,-0.967224,-1.270840,-1.725948,1.554166,0.042194,-0.005917
7.833333,0.033303,0.024419,0.055989,-0.781811,-1.385231,0.985579,-1.002816,0.037534,0.018343,-0.996799,-1.246182,-1.756157,1.545657,0.043326,0.011334
7.866667,0.030388,0.030568,0.061020,-0.799157,-1.393941,0.987473,-0.981240,0.052923,0.032648,-0.986374,-1.221524,-1.797084,1.537011,0.041751,-0.007121
7.900000,-0.007138,0.041564,0.062875,-0.816502,-1.404672,0.997485,-0.969258,0.056506,0.027973,-0.977138,-1.196866,-1.823676,1.552844,0.060588,-0.004291
7.933333,-0.025059,0.032643,0.073628,-0.823114,-1.404672,0.982419,-0.945286,0.079549,0.023298,-0.976099,-1.188169,-1.858094,1.552844,0.076120,-0.001460
7.966667,-0.028569,0.050869,0.064679,-0.829726,-1.405817,0.956174,-0.928438,0.063606,0.022108,-1.015061,-1.179471,-1.880265,1.552844,0.069388,0.012879
8.000000,-0.065979,0.048049,0.055783,-0.802992,-1.407506,0.937101,-0.919721,0.067226,0.000451,-1.020077,-1.196103,-1.869295,1.559737,0.062080,-0.002704
8.033333,-0.063389,0.039894,0.064155,-0.758422,-1.398132,0.887370,-0.916932,0.034957,-0.028640,-1.053573,-1.233449,-1.847714,1.560041,0.054771,-0.018288
8.066667,-0.039353,0.046902,0.048808,-0.753852,-1.376314,0.869521,-0.926838,0.029296,-0.025389,-1.092340,-1.267280,-1.852918,1.560041,0.009960,-0.015158
8.100000,-0.030428,0.051448,0.036786,-0.737713,-1.374496,0.862186,-0.929754,0.023302,-0.048057,-1.100819,-1.264478,-1.880875,1.560041,-0.025678,-0.023963
8.133333,-0.024649,0.033223,0.030562,-0.725077,-1.374406,0.863053,-0.923055,0.021845,-0.058214,-1.084337,-1.261676,-1.886064,1.555127,-0.027173,-0.055898
8.166667,0.005772,0.029092,0.037391,-0.745786,-1.354316,0.870278,-0.931982,0.015420,-0.077094,-1.107856,-1.258875,-1.884393,1.536714,-0.034631,-0.067972
8.200000,0.006391,0.028083,0.038769,-0.777715,-1.366095,0.907096,-0.953753,0.039411,-0.067016,-1.102894,-1.263035,-1.900781,1.545027,-0.020598,-0.048359
8.233333,-0.017116,0.032440,0.063780,-0.769643,-1.374925,0.943914,-0.960303,0.063402,-0.056939,-1.084593,-1.261600,-1.910090,1.545027,0.019806,-0.034273
8.266667,-0.005118,0.051077,0.088791,-0.786528,-1.370517,0.982463,-0.962488,0.075458,-0.020942,-1.066292,-1.292528,-1.904842,1.545027,0.022707,-0.018780
8.300000,-0.006054,0.057431,0.115223,-0.815121,-1.370456,1.013571,-0.981008,0.086725,-0.000942,-1.058512,-1.323456,-1.911884,1.547691,0.024214,-0.003288
8.333333,-0.018963,0.057431,0.106254,-0.806293,-1.370395,1.022400,-0.981352,0.114427,0.019058,-1.010732,-1.348376,-1.918925,1.567720,0.019960,0.014084
8.366667,-0.031580,0.075069,0.110927,-0.804083,-1.361731,1.041635,-0.962922,0.107601,0.039058,-0.996300,-1.345621,-1.914014,1.567750,0.027340,0.024796
8.400000,-0.018297,0.054493,0.110066,-0.804894,-1.374718,1.020870,-0.959583,0.081779,0.019486,-0.965450,-1.319153,-1.880868,1.553178,0.023699,0.014906
8.433333,-0.018796,0.042374,0.082541,-0.797071,-1.380945,1.012939,-0.995751,0.058425,-0.000085,-0.963623,-1.269218,-1.830876,1.537788,0.036994,0.012352
8.466667,-0.022979,0.042664,0.047799,-0.791465,-1.378271,1.008244,-1.023992,0.070310,-0.019656,-0.936238,-1.248177,-1.803609,1.523240,0.021734,0.039438
8.500000,-0.030932,0.045593,0.053057,-0.806799,-1.395532,1.008023,-1.030408,0.054981,-0.015957,-0.928411,-1.218306,-1.776342,1.495921,0.028424,0.044784
8.533333,-0.026915,0.034811,0.032690,-0.782132,-1.404286,0.991481,-1.046679,0.069254,-0.012259,-0.899462,-1.228436,-1.740907,1.460840,0.027531,0.047085
8.566667,-0.030901,0.033026,0.024042,-0.788525,-1.404286,0.974940,-1.054117,0.096492,0.018869,-0.900271,-1.241930,-1.713800,1.458058,0.011287,0.063430
8.600000,-0.039323,0.018791,0.025634,-0.763553,-1.400868,0.918398,-1.025928,0.107604,0.009996,-0.872056,-1.263460,-1.686694,1.437415,0.006405,0.042969
8.633333,-0.027981,0.012147,0.054283,-0.749929,-1.380275,0.882817,-0.984523,0.089938,0.023105,-0.875598,-1.256096,-1.659587,1.398523,0.024364,-0.001857
8.666667,-0.019883,0.012947,0.042932,-0.727122,-1.339745,0.871456,-0.960657,0.098154,0.029578,-0.882535,-1.263569,-1.637372,1.390151,0.016355,-0.033325
8.700000,-0.022542,0.003729,0.055684,-0.704314,-1.316327,0.836415,-0.953045,0.092775,0.006808,-0.877246,-1.240294,-1.597396,1.375876,0.017163,-0.046774
8.733333,-0.003097,0.003729,0.038618,-0.663548,-1.312909,0.835775,-0.919432,0.075316,-0.008210,-0.871957,-1.246478,-1.575756,1.363874,0.024686,-0.060994
8.766667,0.010921,0.005859,0.024972,-0.648959,-1.316327,0.835136,-0.894948,0.065636,-0.019948,-0.869832,-1.252543,-1.569017,1.353297,0.026619,-0.047064
8.800000,-0.007738,0.007856,0.023651,-0.645594,-1.339745,0.849537,-0.891607,0.072684,-0.028648,-0.861574,-1.269231,-1.547563,1.365967,0.027967,-0.037378
8.833333,-0.021921,0.004126,0.043282,-0.641380,-1.363163,0.823938,-0.899468,0.077377,-0.032188,-0.843382,-1.257501,-1.521218,1.347581,0.025079,-0.001050
8.866667,-0.026881,0.022979,0.054576,-0.677166,-1.375012,0.798339,-0.891943,0.080382,-0.006486,-0.833849,-1.276517,-1.514756,1.362860,0.012713,0.023750
8.900000,-0.041679,0.022979,0.076845,-0.696828,-1.373405,0.764059,-0.905687,0.068904,-0.015459,-0.797383,-1.256172,-1.482270,1.341177,0.023585,0.021404
8.933333,-0.052833,0.020850,0.092117,-0.698815,-1.368379,0.749780,-0.926421,0.069647,-0.007711,-0.777755,-1.239014,-1.454883,1.336748,0.029254,0.003480
8.966667,-0.031310,0.018853,0.091226,-0.673894,-1.343353,0.735501,-0.922244,0.082440,-0.015804,-0.745707,-1.211233,-1.442210,1.340735,0.040573,-0.010254
9.000000,-0.004406,0.023737,0.083733,-0.675488,-1.358326,0.761222,-0.910565,0.064165,-0.005690,-0.727893,-1.173517,-1.469537,1.354647,0.047509,-0.023988
9.033333,0.015603,0.008119,0.071919,-0.671780,-1.350760,0.826943,-0.920281,0.055919,-0.018564,-0.715343,-1.135802,-1.498335,1.368412,0.044683,-0.053570
9.066667,0.007905,0.019372,0.056904,-0.682778,-1.342997,0.906943,-0.948727,0.042099,-0.006880,-0.697177,-1.097449,-1.531628,1.419140,0.046806,-0.072281
9.100000,0.019947,0.020260,0.038349,-0.709364,-1.315233,1.006943,-0.970384,0.013037,-0.006099,-0.695301,-1.079095,-1.584921,1.470179,0.037294,-0.067877
9.133333,0.007070,0.021261,0.031317,-0.762857,-1.316891,1.106943,-1.008578,-0.016024,0.003851,-0.693978,-1.075999,-1.599192,1.495870,0.010455,-0.055543
9.166667,-0.021623,0.019526,0.009934,-0.777002,-1.296687,1.206943,-1.036215,-0.005086,-0.016505,-0.683539,-1.071256,-1.603317,1.527841,0.016284,-0.074593
9.200000,-0.028402,0.025110,-0.012489,-0.796448,-1.270593,1.306943,-1.036565,-0.003880,-0.024130,-0.659179,-1.066513,-1.602654,1.519961,0.037069,-0.066266
9.233333,-0.016580,0.014364,-0.002684,-0.813838,-1.258153,1.366943,-1.032444,0.006282,-0.026900,-0.664776,-1.098429,-1.592170,1.492272,0.026047,-0.058051
9.266667,-0.037631,0.014209,-0.002728,-0.807138,-1.272886,1.386943,-1.037152,0.045265,-0.038768,-0.645990,-1.090345,-1.541685,1.454716,0.006658,-0.050532
9.300000,-0.054623,0.033941,0.002153,-0.800438,-1.293735,1.396283,-1.038844,0.064243,-0.028984,-0.646409,-1.107003,-1.530224,1.450503,0.012495,-0.016607
9.333333,-0.040532,0.032043,0.023392,-0.819155,-1.299883,1.381342,-1.045666,0.052045,-0.015333,-0.644188,-1.138970,-1.518817,1.438804,0.000080,0.008701
9.366667,-0.024971,0.023224,0.047251,-0.815567,-1.306031,1.326401,-1.047658,0.065230,0.008574,-0.665398,-1.130937,-1.528726,1.427105,-0.042412,0.017426
9.400000,-0.023260,0.042717,0.046537,-0.811481,-1.312178,1.311461,-1.022044,0.067628,0.004547,-0.649201,-1.086245,-1.574527,1.414539,-0.061500,0.048170
9.433333,-0.003240,0.041984,0.066913,-0.834044,-1.308354,1.298881,-1.014392,0.058368,0.020839,-0.661094,-1.081554,-1.620328,1.424771,-0.040588,0.043923
9.466667,0.026297,0.031922,0.067764,-0.834114,-1.282309,1.296962,-1.018130,0.049375,0.017657,-0.680027,-1.076075,-1.651786,1.431192,-0.030433,0.019405
9.500000,0.028319,0.033682,0.053978,-0.848116,-1.292826,1.279323,-1.016848,0.055470,0.025098,-0.692171,-1.055287,-1.690918,1.419950,-0.014228,0.034846
9.533333,0.024019,0.041561,0.057682,-0.859715,-1.315764,1.267918,-1.020334,0.042535,0.015909,-0.692003,-1.071453,-1.690051,1.438362,0.006825,0.026872
9.566667,0.043763,0.034260,0.080084,-0.882681,-1.331694,1.242874,-1.049977,0.063176,0.035206,-0.731835,-1.127620,-1.689471,1.477448,0.033273,0.015937
9.600000,0.057276,0.049374,0.087104,-0.903661,-1.348960,1.230192,-1.039621,0.077631,0.054778,-0.771018,-1.143786,-1.726400,1.503173,0.019721,0.009712
9.633333,0.048130,0.038703,0.074263,-0.920342,-1.352908,1.204721,-1.029264,0.079884,0.053824,-0.770201,-1.120739,-1.740406,1.492709,0.014421,0.002725
9.666667,0.042458,0.046059,0.093695,-0.907486,-1.332094,1.219250,-1.008114,0.079739,0.061398,-0.800671,-1.099557,-1.752411,1.522245,-0.007185,-0.044222
9.700000,0.045693,0.038181,0.083863,-0.902638,-1.314263,1.267545,-1.011359,0.064533,0.045602,-0.860022,-1.081421,-1.804415,1.543725,0.006362,-0.051169
9.733333,0.030584,0.027974,0.067661,-0.897004,-1.303439,1.312048,-1.013687,0.032302,0.033191,-0.879373,-1.027765,-1.827463,1.545205,0.007430,-0.064867
9.766667,0.023903,0.018841,0.039254,-0.869814,-1.288092,1.367692,-1.029132,0.024336,0.031310,-0.862702,-0.974733,-1.830360,1.546804,0.008498,-0.056306
9.800000,0.011226,0.034157,0.050568,-0.869414,-1.273479,1.408401,-1.004576,0.030537,0.053503,-0.860633,-0.961702,-1.834097,1.551158,0.001181,-0.026267
9.833333,0.014035,0.025670,0.043271,-0.886955,-1.280761,1.441843,-1.020020,0.037388,0.042985,-0.858564,-0.966663,-1.842251,1.552756,0.018797,0.003771
9.866667,-0.000576,0.025670,0.026526,-0.881598,-1.279563,1.448321,-1.007712,0.073257,0.037411,-0.816494,-0.931624,-1.828014,1.552757,0.019943,0.031683
9.900000,-0.004560,0.043178,0.022024,-0.881776,-1.274734,1.432229,-0.992424,0.092576,0.016754,-0.793659,-0.932106,-1.826656,1.552757,0.025700,0.036526
9.933333,-0.021067,0.048317,0.039952,-0.918850,-1.266165,1.408496,-1.004020,0.082264,-0.014742,-0.802877,-0.931962,-1.812872,1.552757,0.039159,0.022935
9.966667,-0.037574,0.035750,0.017880,-0.949663,-1.256862,1.412487,-1.055617,0.089725,-0.030311,-0.837493,-0.931819,-1.814855,1.570000,0.063507,0.007312
10.000000,-0.036610,0.051410,-0.003524,-0.952073,-1.238685,1.396500,-1.067213,0.075022,-0.030498,-0.832109,-0.926630,-1.816838,1.570000,0.066713,-0.001548
10.033333,-0.035317,0.064262,0.011117,-0.954691,-1.253585,1.367478,-1.077399,0.051523,-0.004594,-0.834054,-0.961440,-1.807391,1.566165,0.048755,-0.025883
10.066667,-0.042565,0.077114,0.004467,-0.952608,-1.271572,1.359805,-1.091727,0.028024,0.002110,-0.856764,-0.956250,-1.817844,1.566165,0.041293,-0.046651
10.100000,-0.049882,0.085413,0.005259,-0.950525,-1.300103,1.373910,-1.080743,0.027798,0.016606,-0.877421,-0.975214,-1.863364,1.566165,0.049561,-0.035954
10.133333,-0.029642,0.088475,0.034944,-0.934267,-1.328635,1.354861,-1.061349,0.003287,0.009111,-0.869748,-0.959647,-1.889544,1.554881,0.022874,-0.043025
10.166667,-0.043548,0.096745,0.053381,-0.933712,-1.335866,1.363056,-1.041955,-0.010444,0.018602,-0.884709,-0.929269,-1.915723,1.554881,0.004840,-0.018425
10.200000,-0.052054,0.089704,0.061196,-0.964700,-1.329750,1.392337,-1.056208,-0.010307,-0.002942,-0.892342,-0.898891,-1.972441,1.542034,-0.003127,0.007823
10.233333,-0.035551,0.056852,0.064841,-0.996590,-1.299165,1.428702,-1.076134,-0.002729,-0.006447,-0.899975,-0.908514,-1.997113,1.542034,-0.005616,0.030503
10.266667,-0.031212,0.049529,0.059493,-0.988479,-1.258511,1.425066,-1.081370,0.011207,0.001148,-0.878315,-0.903821,-1.981786,1.538100,-0.031535,0.028779
10.300000,-0.014429,0.045330,0.049716,-0.992813,-1.250612,1.454584,-1.094551,0.020759,-0.009267,-0.884253,-0.896751,-2.006459,1.549383,-0.022500,0.044698
10.333333,0.003486,0.023698,0.073107,-1.014864,-1.258402,1.473982,-1.124981,0.046440,-0.012052,-0.883466,-0.929681,-2.008490,1.549384,-0.003157,0.022183
10.366667,0.033093,0.017887,0.079147,-1.034009,-1.271285,1.472295,-1.147535,0.044545,-0.003423,-0.922679,-0.934155,-1.992304,1.566066,0.003753,-0.020834
10.400000,0.022700,0.031006,0.086934,-1.035498,-1.279885,1.482176,-1.149097,0.064676,0.000969,-0.921891,-0.934223,-1.981965,1.566066,0.010663,-0.023851
10.433333,0.027423,0.029508,0.113727,-1.037263,-1.289810,1.532056,-1.154794,0.059566,-0.006734,-0.917068,-0.933062,-2.008141,1.569152,0.029022,-0.041139
10.466667,0.032146,0.047236,0.116057,-1.009221,-1.276607,1.581937,-1.120956,0.078948,0.013109,-0.878572,-0.930820,-2.032178,1.568974,0.030415,-0.056271
10.500000,0.050199,0.060464,0.119520,-0.984054,-1.280758,1.601937,-1.109870,0.074857,-0.007048,-0.833371,-0.928578,-2.038857,1.548796,0.024070,-0.057200
10.533333,0.028251,0.070486,0.114910,-0.950194,-1.293163,1.644856,-1.113013,0.066716,-0.017713,-0.755017,-0.914793,-2.034735,1.548617,0.030641,-0.022523
10.566667,0.006304,0.082806,0.094545,-0.949521,-1.294864,1.654508,-1.137146,0.067056,-0.002181,-0.716663,-0.905412,-2.021889,1.548617,0.020569,-0.006561
10.600000,0.006620,0.089203,0.074181,-0.963306,-1.307940,1.646739,-1.157146,0.056857,0.008629,-0.698365,-0.920723,-2.012528,1.549465,0.027575,0.017416
10.633333,-0.016210,0.069863,0.055653,-0.994156,-1.326584,1.606545,-1.204698,0.050834,0.000008,-0.700600,-0.935435,-1.965306,1.546315,0.034203,0.021215
10.666667,-0.019355,0.062362,-0.001979,-0.988711,-1.334412,1.600528,-1.212250,0.056866,0.005420,-0.693631,-0.950147,-1.948155,1.566494,0.044691,0.018611
10.700000,-0.019292,0.061793,-0.019610,-1.002713,-1.319687,1.603888,-1.206602,0.073541,0.001447,-0.719815,-0.964859,-1.963304,1.566672,0.063532,0.014338
10.733333,0.020772,0.036981,-0.010183,-0.976715,-1.304962,1.600514,-1.173295,0.072552,-0.008502,-0.736875,-0.979571,-1.973376,1.546821,0.059017,-0.011221
10.766667,0.020836,0.037122,-0.014008,-0.958086,-1.306788,1.588642,-1.151441,0.077792,-0.000810,-0.759655,-0.982601,-1.949826,1.546821,0.061796,-0.006117
10.800000,0.033645,0.037122,-0.000836,-0.920190,-1.313365,1.569195,-1.141245,0.068985,-0.001233,-0.756308,-0.989072,-1.938480,1.550149,0.055910,-0.007479
10.833333,0.043470,0.039798,0.033458,-0.906114,-1.309196,1.515571,-1.131049,0.056118,0.010496,-0.769583,-0.982178,-1.928307,1.533256,0.052593,0.014406
10.866667,0.050086,0.049574,0.032188,-0.877255,-1.303372,1.429651,-1.094053,0.064233,0.024254,-0.742858,-0.975284,-1.892534,1.522535,0.028005,-0.001191
10.900000,0.020792,0.062108,0.028499,-0.851756,-1.337547,1.383731,-1.084715,0.063575,0.017745,-0.718813,-0.968390,-1.886950,1.539096,0.036720,0.004763
10.933333,0.008109,0.052279,0.038061,-0.841065,-1.338626,1.323731,-1.070640,0.077275,0.009320,-0.706760,-0.975500,-1.881563,1.539096,0.049615,0.010717
10.966667,0.005827,0.076271,0.028790,-0.830374,-1.354506,1.263731,-1.048578,0.068741,0.000894,-0.733708,-0.977758,-1.878556,1.539096,0.048516,0.020507
11.000000,-0.033472,0.070884,0.022935,-0.802076,-1.370535,1.239174,-1.039040,0.073828,-0.012467,-0.744033,-0.991581,-1.871988,1.552763,0.046241,-0.000749
11.033333,-0.032771,0.055510,0.035548,-0.761484,-1.377873,1.214616,-1.030177,0.044657,-0.036869,-0.784067,-1.036483,-1.862884,1.559220,0.046798,-0.016791
11.066667,-0.013378,0.059568,0.022991,-0.752273,-1.346997,1.156884,-1.011091,0.043976,-0.035026,-0.816736,-1.070324,-1.850667,1.562510,0.014053,-0.014382
11.100000,-0.005567,0.058863,0.010433,-0.715745,-1.349218,1.132415,-0.993255,0.028825,-0.050713,-0.811634,-1.068542,-1.856755,1.551124,-0.018693,-0.024603
11.133333,0.000898,0.034871,0.002807,-0.694327,-1.323739,1.136814,-0.960898,0.017057,-0.050474,-0.795750,-1.069358,-1.870870,1.538764,-0.017625,-0.052018
11.166667,0.030951,0.027677,0.008216,-0.706695,-1.289350,1.116928,-0.956017,0.002368,-0.071483,-0.819866,-1.071974,-1.873744,1.521599,-0.023044,-0.061015
11.200000,0.029784,0.024603,0.008969,-0.729845,-1.287861,1.117589,-0.968820,0.021938,-0.055003,-0.814273,-1.063713,-1.904753,1.525472,-0.008187,-0.045091
11.233333,0.007518,0.028164,0.033872,-0.739540,-1.298191,1.151425,-0.974379,0.032368,-0.038523,-0.802330,-1.065664,-1.947884,1.525472,0.023178,-0.030030
11.266667,0.020224,0.050348,0.058775,-0.775095,-1.289594,1.165304,-0.971972,0.045553,-0.002596,-0.790386,-1.101366,-1.972592,1.536858,0.024564,-0.014930
11.300000,0.016754,0.059134,0.089605,-0.796104,-1.308918,1.166760,-0.981435,0.061753,0.017404,-0.790225,-1.134471,-2.007031,1.549218,0.027106,0.000171
11.333333,0.011662,0.059134,0.082861,-0.777113,-1.318567,1.157061,-0.950899,0.095820,0.037404,-0.750064,-1.165793,-2.025029,1.569609,0.025523,0.016442
11.366667,-0.001624,0.078354,0.087113,-0.760051,-1.327151,1.147415,-0.902005,0.089888,0.057404,-0.739402,-1.176913,-2.032152,1.570000,0.031500,0.034204
11.400000,0.016954,0.061094,0.088210,-0.722615,-1.349348,1.097770,-0.870577,0.069196,0.044675,-0.736809,-1.165117,-2.011827,1.570000,0.042559,0.020504
11.433333,0.015386,0.048056,0.062631,-0.673703,-1.370473,1.064303,-0.873992,0.050197,0.031946,-0.764252,-1.119569,-1.985043,1.570000,0.056432,0.016508
11.466667,0.009941,0.046791,0.026193,-0.639182,-1.364587,1.017873,-0.872323,0.057747,0.019216,-0.751694,-1.093451,-1.952043,1.570000,0.037075,0.035847
11.500000,-0.010066,0.046975,0.029756,-0.616435,-1.387345,0.971443,-0.870654,0.037097,0.023658,-0.752839,-1.067033,-1.919042,1.565284,0.037505,0.035597
11.533333,-0.002360,0.035188,0.012149,-0.568055,-1.394563,0.907930,-0.868985,0.047826,0.028100,-0.729856,-1.077518,-1.874064,1.543365,0.028503,0.029436
11.566667,-0.016470,0.031667,0.003444,-0.558762,-1.394563,0.857677,-0.854601,0.072201,0.055354,-0.718965,-1.083082,-1.830558,1.541446,-0.002089,0.043056
11.600000,-0.023364,0.015919,0.007466,-0.537948,-1.394563,0.801514,-0.825358,0.081794,0.042607,-0.696810,-1.104877,-1.813815,1.541446,-0.010387,0.019561
11.633333,-0.008857,0.008397,0.037216,-0.531240,-1.386603,0.775003,-0.793977,0.067555,0.050336,-0.712026,-1.107241,-1.810948,1.525987,0.008596,-0.024461
11.666667,0.002224,0.013910,0.026965,-0.533393,-1.353795,0.788491,-0.777793,0.076914,0.058467,-0.730831,-1.111689,-1.813316,1.530703,0.006171,-0.049578
11.700000,-0.002563,0.005697,0.040086,-0.540227,-1.337590,0.798460,-0.775657,0.065651,0.041631,-0.744264,-1.092267,-1.798537,1.543491,0.011393,-0.070837
11.733333,0.020917,0.005697,0.024386,-0.515002,-1.337590,0.818356,-0.746235,0.048043,0.025355,-0.757697,-1.101532,-1.799630,1.545410,0.024797,-0.089499
11.766667,0.033162,0.010147,0.005429,-0.499533,-1.337590,0.814676,-0.716275,0.040281,0.013212,-0.752359,-1.104696,-1.773959,1.525953,0.029710,-0.074440
11.800000,0.017410,0.011244,-0.001170,-0.492114,-1.357590,0.798912,-0.704964,0.044257,0.008738,-0.719947,-1.117858,-1.716431,1.532010,0.028967,-0.060509
11.833333,0.001861,0.005547,0.018436,-0.490779,-1.373795,0.744509,-0.715685,0.041927,0.002340,-0.699913,-1.102767,-1.663982,1.516677,0.022676,-0.025483
11.866667,0.003353,0.024414,0.027002,-0.524763,-1.390000,0.690105,-0.712359,0.036926,0.020908,-0.679879,-1.114641,-1.642883,1.525807,0.004510,0.009104
11.900000,-0.008417,0.025925,0.046459,-0.550808,-1.390000,0.652516,-0.740771,0.032185,0.008835,-0.640761,-1.091773,-1.598943,1.518006,0.009071,0.013636
11.933333,-0.016024,0.022987,0.063123,-0.571829,-1.390000,0.654926,-0.769738,0.037596,0.011584,-0.621643,-1.078775,-1.575003,1.529662,0.006991,0.000116
11.966667,-0.012988,0.021890,0.077948,-0.595740,-1.370000,0.676287,-0.791081,0.058435,-0.005689,-0.632227,-1.095780,-1.582920,1.511263,0.021548,-0.015083
12.000000,0.008089,0.026893,0.076054,-0.632933,-1.350000,0.736287,-0.800869,0.050184,0.001387,-0.653143,-1.141037,-1.620522,1.483776,0.029462,-0.030281
12.033333,0.004248,0.011946,0.073989,-0.670125,-1.296638,0.836287,-0.846584,0.046925,-0.019888,-0.714059,-1.185510,-1.666776,1.460956,0.042502,-0.051513
12.066667,-0.014382,0.020614,0.065532,-0.747317,-1.244102,0.936287,-0.899435,0.021087,-0.011263,-0.794059,-1.224725,-1.746776,1.465936,0.064636,-0.072744
12.100000,-0.013012,0.025261,0.053012,-0.840052,-1.171567,1.036287,-0.940811,-0.010945,-0.018117,-0.894059,-1.283940,-1.846776,1.473737,0.076118,-0.069644
12.133333,-0.016787,0.025816,0.040389,-0.927734,-1.128029,1.136287,-0.981626,-0.042976,-0.009742,-0.994058,-1.321769,-1.946776,1.488971,0.056117,-0.058199
12.166667,-0.042787,0.027127,0.018279,-0.975525,-1.103981,1.236287,-1.014096,-0.039918,-0.031907,-1.094059,-1.319598,-2.046776,1.531792,0.062594,-0.079520
12.200000,-0.036177,0.032082,-0.002640,-1.023315,-1.073295,1.336287,-1.017187,-0.044243,-0.035550,-1.177866,-1.307199,-2.146775,1.553586,0.081185,-0.083941
12.233333,-0.026057,0.024500,0.009664,-1.048849,-1.061782,1.436287,-1.005443,-0.032863,-0.043055,-1.251796,-1.330547,-2.225617,1.540467,0.061245,-0.064221
12.266667,-0.046951,0.020536,0.006029,-1.041648,-1.076528,1.504493,-1.009269,-0.011742,-0.054039,-1.296709,-1.313896,-2.272192,1.523395,0.031956,-0.058135
12.300000,-0.070367,0.042176,0.006252,-1.039500,-1.085278,1.572588,-1.006368,0.000996,-0.048371,-1.337897,-1.318630,-2.318766,1.535962,0.029121,-0.020393
12.333333,-0.067633,0.048437,0.034199,-1.057296,-1.087788,1.601075,-1.003449,-0.015433,-0.041262,-1.359085,-1.336791,-2.340875,1.532547,0.030395,0.010113
12.366667,-0.063032,0.039563,0.057210,-1.075091,-1.090299,1.629343,-0.993981,0.002440,-0.024324,-1.376466,-1.333389,-2.362983,1.510158,-0.002577,0.018607
12.400000,-0.070344,0.056964,0.057836,-1.075143,-1.092810,1.648744,-0.975093,0.003528,-0.023063,-1.363724,-1.294240,-2.395515,1.504471,-0.016988,0.040538
12.433333,-0.056264,0.056937,0.088391,-1.103468,-1.101393,1.676607,-0.971174,0.004065,0.002842,-1.380000,-1.295090,-2.422428,1.519915,0.007422,0.036104
12.466667,-0.024382,0.046043,0.097457,-1.104569,-1.086976,1.696637,-0.982166,-0.004415,-0.002907,-1.380000,-1.288302,-2.436619,1.519915,0.031077,0.019313
12.500000,-0.017092,0.042530,0.079159,-1.125619,-1.099307,1.716275,-1.001080,-0.008774,0.014525,-1.380000,-1.268088,-2.450741,1.505135,0.036018,0.030341
12.533333,-0.030671,0.053895,0.084371,-1.125913,-1.123423,1.716368,-1.019994,-0.034580,0.006917,-1.372943,-1.280449,-2.424864,1.524629,0.053960,0.025176
12.566667,-0.007795,0.048590,0.106277,-1.139927,-1.138493,1.685329,-1.058895,-0.020386,0.026626,-1.392943,-1.325776,-2.369722,1.546257,0.070003,0.007329
12.600000,0.004654,0.059224,0.109321,-1.153052,-1.139083,1.667911,-1.058732,0.006000,0.036450,-1.392943,-1.351103,-2.352465,1.547884,0.047225,0.003994
12.633333,-0.008377,0.047923,0.094041,-1.153878,-1.140041,1.637565,-1.056088,0.009787,0.041756,-1.373906,-1.346626,-2.319587,1.527884,0.030232,-0.000582
12.666667,-0.011120,0.049738,0.111532,-1.129223,-1.128701,1.647219,-1.028213,0.021997,0.039880,-1.373906,-1.361610,-2.284785,1.527290,0.016274,-0.032976
12.700000,0.007978,0.038373,0.096262,-1.099329,-1.111313,1.647806,-1.026994,0.033093,0.023043,-1.380963,-1.374575,-2.274511,1.531211,0.020991,-0.037983
12.733333,-0.004028,0.025196,0.077480,-1.090524,-1.102973,1.677161,-1.017092,0.020286,0.007932,-1.360963,-1.356827,-2.264236,1.511211,0.024502,-0.044459
12.766667,-0.009413,0.016482,0.048225,-1.057789,-1.109719,1.699697,-1.020001,0.012288,0.006874,-1.328591,-1.320650,-2.224894,1.489108,0.028012,-0.047334
12.800000,-0.022098,0.031719,0.058783,-1.064575,-1.120763,1.728333,-0.985391,0.021398,0.020044,-1.302871,-1.321914,-2.194288,1.467004,0.029360,-0.036612
12.833333,-0.029106,0.020843,0.047699,-1.069687,-1.138811,1.722661,-0.987010,0.025848,0.006313,-1.255544,-1.337880,-2.153364,1.457573,0.046815,-0.025889
12.866667,-0.046881,0.020843,0.033349,-1.075540,-1.170378,1.745820,-0.965835,0.052860,0.003602,-1.211969,-1.315864,-2.127914,1.449354,0.061847,-0.006409
12.900000,-0.050010,0.039325,0.025635,-1.083289,-1.198337,1.740211,-0.956135,0.063775,-0.018624,-1.183373,-1.331596,-2.111917,1.457140,0.070947,0.005118
12.933333,-0.068358,0.039626,0.037272,-1.115500,-1.193872,1.733566,-0.954262,0.051469,-0.053404,-1.172128,-1.345757,-2.087826,1.447031,0.089915,-0.001469
12.966667,-0.078715,0.024390,0.008909,-1.147711,-1.184741,1.741692,-0.992388,0.062055,-0.066241,-1.193267,-1.359917,-2.043342,1.476921,0.111047,-0.008056
13.000000,-0.066596,0.040812,-0.009089,-1.167078,-1.173602,1.761240,-0.999471,0.058833,-0.066446,-1.196977,-1.339917,-2.035634,1.485996,0.104430,-0.004333
13.033333,-0.059168,0.052537,0.003031,-1.181978,-1.183207,1.740788,-1.002690,0.046054,-0.044779,-1.197165,-1.359917,-2.027925,1.456021,0.073532,-0.025903
13.066667,-0.070497,0.056979,-0.002239,-1.160172,-1.192604,1.720336,-0.993355,0.033274,-0.042409,-1.219287,-1.351449,-2.010762,1.432118,0.053472,-0.051928
13.100000,-0.064929,0.070324,0.005389,-1.150451,-1.235152,1.717450,-0.991853,0.026498,-0.020797,-1.225100,-1.362159,-2.030762,1.445828,0.058585,-0.037953
13.133333,-0.041104,0.075245,0.040459,-1.129938,-1.277699,1.675163,-0.981028,0.001369,-0.017534,-1.212760,-1.343735,-2.053379,1.419537,0.032033,-0.046441
13.166667,-0.045801,0.083744,0.058691,-1.116770,-1.291228,1.655762,-0.965019,-0.014170,0.005213,-1.222607,-1.325311,-2.075996,1.410017,0.014688,-0.025239
13.200000,-0.052063,0.076939,0.069466,-1.119677,-1.284159,1.651742,-0.973513,-0.020150,-0.004930,-1.213754,-1.306888,-2.090783,1.399549,0.003382,-0.001246
13.233333,-0.023110,0.052497,0.074331,-1.135754,-1.247870,1.661660,-0.973318,-0.010396,-0.001242,-1.207987,-1.316932,-2.118414,1.379935,0.010244,0.011730
13.266667,-0.011130,0.044047,0.067164,-1.131963,-1.200500,1.635056,-0.944653,0.016577,0.001934,-1.196118,-1.328238,-2.118142,1.357247,-0.017935,0.003215
13.300000,0.009631,0.039126,0.053944,-1.111057,-1.178079,1.641020,-0.915705,0.021903,-0.007922,-1.190883,-1.333058,-2.133255,1.351810,-0.014449,0.017163
13.333333,0.018912,0.015808,0.072479,-1.122805,-1.174679,1.646983,-0.900090,0.052012,-0.012804,-1.191511,-1.373499,-2.108367,1.356534,0.004683,-0.008889
13.366667,0.045219,0.010887,0.077167,-1.110801,-1.185208,1.637567,-0.899876,0.046413,-0.010107,-1.227975,-1.393939,-2.069829,1.401257,0.012804,-0.046197
13.400000,0.031525,0.019797,0.078881,-1.092916,-1.200068,1.614212,-0.890259,0.057889,-0.009154,-1.224438,-1.394379,-2.018446,1.433046,0.018593,-0.049039
13.433333,0.025859,0.017326,0.099783,-1.054899,-1.210165,1.616431,-0.880642,0.036514,-0.022784,-1.218333,-1.393860,-1.988396,1.430297,0.037802,-0.062149
13.466667,0.025166,0.032436,0.099297,-1.004789,-1.199293,1.599711,-0.840632,0.052166,-0.013615,-1.183748,-1.388960,-1.940344,1.410297,0.026659,-0.075259
13.500000,0.046335,0.042700,0.102041,-0.934213,-1.205720,1.542992,-0.825785,0.044640,-0.041537,-1.133109,-1.386892,-1.905518,1.350297,0.020695,-0.081264
13.533333,0.027503,0.044988,0.091995,-0.875188,-1.218816,1.486272,-0.804046,0.035427,-0.057178,-1.045107,-1.364824,-1.852173,1.287081,0.024688,-0.051451
13.566667,0.008672,0.055196,0.071995,-0.848874,-1.220616,1.469552,-0.815554,0.033404,-0.045497,-0.997104,-1.362756,-1.838828,1.263866,0.012154,-0.028611
13.600000,0.010534,0.062548,0.051995,-0.856383,-1.236312,1.431207,-0.827062,0.034074,-0.025989,-0.980842,-1.363276,-1.832054,1.263387,0.018654,-0.005570
13.633333,-0.014091,0.047437,0.036180,-0.863892,-1.257590,1.378635,-0.851258,0.037716,-0.033550,-0.985617,-1.370836,-1.825279,1.262908,0.042326,-0.002476
13.666667,-0.020578,0.041480,-0.019634,-0.851869,-1.262183,1.366063,-0.836958,0.050007,-0.023061,-0.982426,-1.372904,-1.845279,1.302430,0.054888,0.003038
13.700000,-0.021856,0.045201,-0.035449,-0.865692,-1.239598,1.382715,-0.824236,0.066120,-0.014721,-1.019234,-1.385717,-1.874231,1.316946,0.063681,0.001967
13.733333,0.009461,0.028149,-0.019337,-0.854113,-1.221259,1.385360,-0.794655,0.060379,-0.016579,-1.055580,-1.387785,-1.891046,1.299142,0.065976,-0.023826
13.766667,0.000778,0.029533,-0.016245,-0.848711,-1.211205,1.405461,-0.774782,0.059714,-0.006668,-1.087216,-1.387785,-1.869238,1.298601,0.073434,-0.018061
13.800000,0.005785,0.029533,0.000601,-0.847367,-1.213216,1.428956,-0.782221,0.054595,-0.001104,-1.097816,-1.383070,-1.887172,1.320729,0.076403,-0.019887
13.833333,0.010792,0.037596,0.042664,-0.886023,-1.217776,1.452451,-0.801147,0.039440,0.009398,-1.134645,-1.376001,-1.905107,1.302997,0.076159,-0.006251
13.866667,0.010590,0.045635,0.051548,-0.922679,-1.213656,1.471532,-0.785482,0.057857,0.015845,-1.133278,-1.358186,-1.954090,1.297657,0.069728,-0.026031
13.900000,-0.010349,0.053040,0.048539,-0.944737,-1.245289,1.469709,-0.768506,0.070796,0.001825,-1.121224,-1.351117,-1.975211,1.308897,0.087196,-0.024064
13.933333,-0.022448,0.048351,0.058550,-0.966796,-1.260351,1.483001,-0.765771,0.079376,-0.012196,-1.122137,-1.351117,-2.034954,1.316799,0.094384,-0.022098
13.966667,-0.021750,0.069317,0.050621,-0.984796,-1.275994,1.492899,-0.761057,0.054973,-0.018107,-1.163051,-1.348793,-2.055133,1.342031,0.079239,-0.010986
14.000000,-0.061052,0.059604,0.039519,-0.969622,-1.278123,1.481905,-0.756264,0.047353,-0.033435,-1.173704,-1.354979,-2.035312,1.367124,0.069399,-0.024860
14.033333,-0.060354,0.049896,0.050158,-0.944224,-1.285935,1.446101,-0.758729,0.009204,-0.055969,-1.208621,-1.382048,-2.002996,1.381035,0.061380,-0.038734
14.066667,-0.045809,0.059647,0.040765,-0.929606,-1.256400,1.405208,-0.763002,-0.001611,-0.047837,-1.234250,-1.389117,-1.970680,1.410686,0.014816,-0.037125
14.100000,-0.035517,0.057458,0.031371,-0.906596,-1.243435,1.364316,-0.758770,-0.002480,-0.070261,-1.219878,-1.379307,-1.936076,1.403676,-0.019082,-0.043959
14.133333,-0.025225,0.036492,0.024534,-0.914432,-1.221509,1.363424,-0.741510,-0.005910,-0.083352,-1.203468,-1.376586,-1.939961,1.373082,-0.012979,-0.072402
14.166667,0.008142,0.032233,0.035204,-0.952859,-1.187231,1.383423,-0.752842,-0.015681,-0.110015,-1.227059,-1.374747,-1.950381,1.350076,-0.018630,-0.082816
14.200000,0.016366,0.035412,0.034465,-0.984408,-1.183131,1.425749,-0.769713,0.005076,-0.103128,-1.224580,-1.374747,-1.973109,1.349468,0.001608,-0.060831
14.233333,0.002023,0.043605,0.058445,-1.029029,-1.188670,1.508074,-0.781049,0.023090,-0.096242,-1.218339,-1.374747,-2.023168,1.342603,0.047100,-0.060230
14.266667,0.023092,0.064082,0.082426,-1.082042,-1.190116,1.582025,-0.776941,0.027995,-0.058800,-1.212098,-1.384557,-2.046234,1.361480,0.068089,-0.051185
14.300000,0.017265,0.073231,0.111607,-1.104209,-1.202107,1.617702,-0.779900,0.050398,-0.038800,-1.204682,-1.407279,-2.040155,1.363941,0.073526,-0.036401
14.333333,0.009532,0.073231,0.101237,-1.089834,-1.214097,1.640330,-0.760657,0.087193,-0.018800,-1.157267,-1.410000,-2.038579,1.395945,0.071321,-0.023181
14.366667,-0.005709,0.085713,0.104969,-1.094560,-1.226088,1.680634,-0.728617,0.083988,0.001200,-1.149852,-1.410000,-2.037190,1.432562,0.075431,-0.015792
14.400000,0.005142,0.064591,0.104682,-1.094097,-1.265787,1.709184,-0.718475,0.049452,-0.015605,-1.163785,-1.410000,-2.048471,1.435435,0.073147,-0.013822
14.433333,-0.001007,0.055000,0.076802,-1.081173,-1.292302,1.724269,-0.748333,0.036342,-0.032410,-1.204203,-1.400349,-2.049031,1.423716,0.071484,-0.011852
14.466667,0.000952,0.057260,0.041166,-1.083369,-1.303114,1.737628,-0.780618,0.044559,-0.044115,-1.207832,-1.396989,-2.080069,1.424342,0.052491,0.013275
14.500000,-0.010994,0.060824,0.045531,-1.115292,-1.334388,1.748228,-0.795105,0.028642,-0.040430,-1.228721,-1.396989,-2.112231,1.401221,0.062822,0.021936
14.533333,-0.003260,0.052116,0.029790,-1.107215,-1.358778,1.758828,-0.825478,0.037075,-0.038105,-1.229104,-1.396989,-2.144393,1.347095,0.057918,0.024663
14.566667,-0.010687,0.045823,0.021486,-1.120474,-1.366863,1.746313,-0.840248,0.075334,-0.007311,-1.232341,-1.396989,-2.145813,1.332969,0.034155,0.041162
14.600000,-0.013572,0.026582,0.023343,-1.108357,-1.360949,1.727290,-0.823316,0.084767,-0.016518,-1.217716,-1.406639,-2.159550,1.327751,0.031788,0.019515
14.633333,0.002331,0.015173,0.054646,-1.105484,-1.346949,1.720605,-0.778842,0.064054,-0.008960,-1.232456,-1.390258,-2.159465,1.310189,0.047236,-0.025372
14.666667,0.010971,0.023233,0.045948,-1.098627,-1.312955,1.729729,-0.764479,0.066871,0.003115,-1.254663,-1.390258,-2.178394,1.319241,0.035638,-0.056243
14.700000,0.000621,0.014019,0.056660,-1.099657,-1.285846,1.698853,-0.743814,0.059787,-0.001381,-1.257375,-1.390258,-2.157323,1.332081,0.037415,-0.071289
14.733333,0.016201,0.014843,0.040553,-1.067087,-1.275042,1.683598,-0.698751,0.045806,-0.017631,-1.260087,-1.390258,-2.155568,1.344921,0.055595,-0.086182
14.766667,0.018446,0.023019,0.023772,-1.064764,-1.272105,1.664244,-0.677486,0.034374,-0.029412,-1.254178,-1.390258,-2.149100,1.337702,0.059416,-0.074409
14.800000,0.000380,0.029764,0.015626,-1.065657,-1.294690,1.662524,-0.684824,0.039632,-0.034693,-1.230868,-1.410000,-2.119349,1.350073,0.061239,-0.058885
14.833333,-0.011249,0.018140,0.033682,-1.059457,-1.316806,1.620805,-0.680186,0.048654,-0.035820,-1.213386,-1.403801,-2.081360,1.337674,0.066911,-0.020723
14.866667,-0.005305,0.036062,0.044018,-1.085370,-1.338357,1.590152,-0.689932,0.056520,-0.019015,-1.213022,-1.403801,-2.083371,1.352492,0.057068,0.009103
14.900000,-0.016775,0.038176,0.065886,-1.108934,-1.336643,1.578745,-0.720731,0.043762,-0.021807,-1.183157,-1.403801,-2.065899,1.333257,0.067206,0.011807
14.933333,-0.022451,0.032620,0.085862,-1.120089,-1.338334,1.592064,-0.739434,0.048455,-0.009069,-1.173292,-1.403801,-2.060822,1.334021,0.074187,-0.000602
14.966667,-0.018619,0.025876,0.093780,-1.103663,-1.336847,1.615408,-0.762590,0.053600,-0.012848,-1.154915,-1.383801,-2.088428,1.342228,0.088723,-0.016947
15.000000,-0.001754,0.036387,0.088975,-1.102009,-1.365535,1.651624,-0.807608,0.020944,-0.000688,-1.140449,-1.350000,-2.108455,1.357894,0.092248,-0.029945
15.033333,0.001712,0.022387,0.078045,-1.093293,-1.374787,1.704615,-0.868662,0.004096,-0.020622,-1.108864,-1.309809,-2.088482,1.356199,0.087670,-0.057997
15.066667,-0.009283,0.036930,0.064052,-1.080526,-1.387305,1.751391,-0.948662,-0.020982,-0.011494,-1.090769,-1.254854,-2.080698,1.388558,0.086392,-0.068574
15.100000,-0.001101,0.041828,0.050906,-1.075171,-1.397896,1.775246,-1.048662,-0.061516,-0.007845,-1.088926,-1.219899,-2.092915,1.432581,0.066655,-0.059651
15.133333,-0.012650,0.044376,0.045483,-1.100487,-1.408073,1.787031,-1.129169,-0.087871,0.000116,-1.087409,-1.208891,-2.069553,1.456242,0.048415,-0.051616
15.166667,-0.043670,0.039923,0.026581,-1.091524,-1.408073,1.825944,-1.185871,-0.078492,-0.023271,-1.082268,-1.197882,-2.070832,1.492925,0.049206,-0.072990
15.200000,-0.046901,0.047638,0.002514,-1.089623,-1.391199,1.852798,-1.202573,-0.065409,-0.026858,-1.077126,-1.190261,-2.075443,1.506968,0.074998,-0.067433
15.233333,-0.034481,0.032799,0.008657,-1.094761,-1.391199,1.849535,-1.214327,-0.052326,-0.031866,-1.081643,-1.217403,-2.082601,1.500355,0.066135,-0.066020
15.266667,-0.051476,0.032165,0.002503,-1.072487,-1.393126,1.836914,-1.209649,-0.024121,-0.051393,-1.062334,-1.204545,-2.049759,1.464142,0.055731,-0.068591
15.300000,-0.061513,0.053810,0.002603,-1.059542,-1.393126,1.811204,-1.200081,-0.014108,-0.047079,-1.068744,-1.207742,-2.049462,1.461258,0.053341,-0.035746
15.333333,-0.041506,0.051962,0.019260,-1.062182,-1.393126,1.769255,-1.195876,-0.016600,-0.036718,-1.044313,-1.232225,-2.009164,1.422666,0.050108,-0.013492
15.366667,-0.026515,0.039472,0.048891,-1.062671,-1.398950,1.724107,-1.191670,-0.011897,-0.014061,-1.052062,-1.245567,-2.005535,1.398642,0.013323,-0.003162
15.400000,-0.025510,0.058056,0.054552,-1.056121,-1.398950,1.688702,-1.152413,-0.007195,-0.012550,-1.026164,-1.218908,-1.993878,1.361807,-0.009579,0.021258
15.433333,-0.008651,0.052734,0.078966,-1.051184,-1.398949,1.653297,-1.128410,0.003748,0.009287,-1.007923,-1.232249,-1.982220,1.361926,0.007520,0.016755
15.466667,0.016819,0.040370,0.082123,-1.013032,-1.391514,1.628215,-1.125017,0.009515,0.001953,-1.000185,-1.245590,-1.958655,1.341936,0.012215,0.000301
15.500000,0.021498,0.040320,0.070525,-0.999279,-1.391514,1.579370,-1.115142,0.014590,0.014820,-1.010080,-1.237644,-1.968249,1.328460,0.016438,0.023848
15.533333,0.011521,0.048709,0.073364,-0.956082,-1.402565,1.525658,-1.108670,-0.000609,0.006286,-0.989185,-1.257644,-1.937843,1.340415,0.029880,0.019319
15.566667,0.023322,0.042556,0.094967,-0.912886,-1.402565,1.458534,-1.105837,0.023304,0.027313,-0.987724,-1.312115,-1.894492,1.366882,0.052635,0.009004
15.600000,0.034373,0.054338,0.101726,-0.894351,-1.402565,1.399100,-1.084429,0.036490,0.041481,-0.991662,-1.346586,-1.879096,1.371100,0.035390,0.004929
15.633333,0.024603,0.042509,0.089889,-0.870374,-1.397810,1.323065,-1.052937,0.036001,0.044821,-0.955600,-1.341058,-1.844293,1.355427,0.027768,-0.003556
15.666667,0.014597,0.050969,0.106463,-0.846397,-1.397810,1.287030,-1.006370,0.032269,0.041993,-0.941905,-1.361914,-1.816331,1.373240,0.013652,-0.052042
15.700000,0.024262,0.041355,0.090865,-0.814013,-1.377810,1.243282,-0.956402,0.022828,0.020566,-0.936849,-1.376385,-1.788368,1.351053,0.014288,-0.060929
15.733333,0.015603,0.029079,0.070427,-0.821630,-1.377810,1.239533,-0.942793,-0.008050,0.002767,-0.934585,-1.369878,-1.797553,1.346475,0.018240,-0.069070
15.766667,0.001925,0.020864,0.043015,-0.818203,-1.377810,1.268095,-0.948939,-0.014106,-0.002089,-0.926012,-1.346060,-1.818782,1.357958,0.022192,-0.058777
15.800000,-0.014938,0.039981,0.055457,-0.853434,-1.390000,1.328095,-0.942671,-0.004168,0.018753,-0.944794,-1.359717,-1.856568,1.369440,0.020109,-0.032123
15.833333,-0.014029,0.027360,0.053062,-0.864670,-1.390000,1.372938,-0.976403,0.006479,0.010862,-0.949296,-1.373331,-1.854355,1.374325,0.028356,-0.005468
15.866667,-0.022581,0.027360,0.043879,-0.882628,-1.410000,1.449735,-1.018061,0.040751,0.006930,-0.943769,-1.353331,-1.882454,1.419209,0.043114,0.015379
15.900000,-0.032167,0.044564,0.042117,-0.891508,-1.410000,1.486532,-1.051903,0.057346,-0.008578,-0.947883,-1.359838,-1.894282,1.453373,0.048975,0.015229
15.933333,-0.047290,0.045289,0.052637,-0.909774,-1.410000,1.492818,-1.072475,0.043738,-0.039673,-0.971489,-1.363657,-1.884379,1.455589,0.054836,-0.008681
15.966667,-0.054136,0.031810,0.023157,-0.928041,-1.402987,1.499105,-1.119314,0.051178,-0.056467,-1.007741,-1.368320,-1.874229,1.497805,0.069513,-0.032592
16.000000,-0.047770,0.056481,-0.002625,-0.930303,-1.402987,1.507452,-1.126154,0.038616,-0.052613,-1.018273,-1.346853,-1.904079,1.525174,0.076489,-0.043640
16.033333,-0.043713,0.072850,0.004824,-0.946501,-1.402987,1.483844,-1.137562,0.015038,-0.030483,-1.048719,-1.355603,-1.923519,1.525775,0.052983,-0.057265
16.066667,-0.041842,0.085105,-0.009807,-0.933584,-1.402987,1.463877,-1.137334,-0.008540,-0.031739,-1.077407,-1.346175,-1.919230,1.529394,0.029058,-0.072275
16.100000,-0.043391,0.101720,-0.002204,-0.905890,-1.402987,1.434420,-1.110795,-0.014088,-0.018861,-1.089295,-1.343071,-1.936673,1.545531,0.040730,-0.048199
16.133333,-0.023830,0.106811,0.028830,-0.878196,-1.410000,1.404962,-1.084256,-0.038617,-0.009806,-1.092430,-1.317091,-1.955616,1.533113,0.017425,-0.045182
16.166667,-0.034782,0.112867,0.047127,-0.890503,-1.410000,1.388602,-1.057717,-0.058756,0.006294,-1.122171,-1.290897,-1.974559,1.537296,-0.004163,-0.020095
16.200000,-0.051838,0.107226,0.059265,-0.890260,-1.410000,1.394065,-1.054282,-0.065520,0.000159,-1.131998,-1.274488,-1.988442,1.528246,-0.016519,0.001265
16.233333,-0.038921,0.074971,0.070856,-0.925261,-1.410000,1.407787,-1.066344,-0.063609,-0.006312,-1.151717,-1.276255,-2.015178,1.517259,-0.011100,0.022624
16.266667,-0.015152,0.069686,0.064855,-0.967672,-1.410000,1.457009,-1.077987,-0.049526,0.002259,-1.174129,-1.290120,-2.027108,1.523858,-0.041278,0.007422
16.300000,0.003502,0.063275,0.055933,-0.970082,-1.410000,1.474473,-1.080631,-0.050131,-0.016863,-1.191918,-1.288543,-2.056631,1.539013,-0.036479,0.013278
16.333333,0.014049,0.044290,0.079660,-0.972493,-1.410000,1.483207,-1.108401,-0.033746,-0.026811,-1.199412,-1.326965,-2.046154,1.539013,-0.021107,-0.015797
16.366667,0.042472,0.033563,0.087020,-0.993919,-1.410000,1.470116,-1.134625,-0.040001,-0.020137,-1.246906,-1.329937,-2.039114,1.559013,-0.014967,-0.065890
16.400000,0.030895,0.044291,0.093381,-0.978294,-1.410000,1.463456,-1.138896,-0.019117,-0.010470,-1.258031,-1.329909,-2.036378,1.570000,-0.008828,-0.075983
16.433333,0.022760,0.034470,0.117333,-0.945419,-1.410000,1.461296,-1.143167,-0.035557,-0.013084,-1.252384,-1.311458,-2.048449,1.564507,0.012132,-0.080478
16.466667,0.025156,0.055695,0.121929,-0.912543,-1.410000,1.490895,-1.116438,-0.025635,0.013881,-1.237923,-1.293007,-2.049832,1.558595,0.017732,-0.084973
16.500000,0.065502,0.054433,0.122869,-0.839667,-1.397229,1.489223,-1.064583,-0.013993,0.003979,-1.207151,-1.274557,-2.051214,1.532683,0.019738,-0.086557
16.533333,0.065847,0.058527,0.113105,-0.739667,-1.397229,1.487552,-0.978675,-0.016872,-0.017235,-1.136379,-1.273656,-2.034317,1.486772,0.030387,-0.058505
16.566667,0.066192,0.065145,0.089591,-0.679667,-1.377229,1.467552,-0.918675,-0.015563,-0.006144,-1.097590,-1.254426,-2.018663,1.460860,0.018553,-0.038701
16.600000,0.074413,0.080316,0.066078,-0.659158,-1.377229,1.407552,-0.892634,-0.010801,0.011832,-1.090217,-1.275195,-1.996269,1.460442,0.027209,-0.026525
16.633333,0.054737,0.057626,0.045176,-0.655869,-1.377228,1.313015,-0.906593,-0.001290,-0.000802,-1.086965,-1.295964,-1.966324,1.466353,0.033474,-0.029793
16.666667,0.035731,0.059760,-0.011058,-0.652581,-1.390000,1.258477,-0.920552,0.001831,-0.002046,-1.083712,-1.316734,-1.961556,1.492265,0.037820,-0.029265
16.700000,0.029076,0.058778,-0.027292,-0.649293,-1.384755,1.203940,-0.934511,0.017721,0.015550,-1.080459,-1.317479,-1.956788,1.518177,0.044649,-0.040464
16.733333,0.047824,0.041431,-0.013983,-0.606004,-1.385821,1.149403,-0.908470,0.031096,0.005588,-1.061990,-1.339554,-1.933620,1.504088,0.055509,-0.068168
16.766667,0.033512,0.032939,-0.013257,-0.563226,-1.385821,1.096066,-0.888470,0.038340,0.001024,-1.044317,-1.328212,-1.878771,1.490000,0.051864,-0.057280
16.800000,0.037176,0.030087,-0.002135,-0.503226,-1.383602,1.037266,-0.868470,0.033548,-0.010995,-1.004715,-1.316871,-1.807343,1.459852,0.049087,-0.056016
16.833333,0.037506,0.027051,0.033724,-0.483226,-1.376631,0.938467,-0.854307,0.020901,0.003381,-0.979050,-1.284004,-1.742267,1.409705,0.050734,-0.038526
16.866667,0.025485,0.034996,0.034610,-0.463226,-1.356065,0.839667,-0.840144,0.032644,0.012856,-0.953384,-1.260684,-1.677191,1.359557,0.041257,-0.045414
16.900000,0.006722,0.042001,0.031049,-0.443226,-1.369188,0.740868,-0.846112,0.015498,0.017113,-0.925936,-1.237364,-1.621098,1.342636,0.038797,-0.040739
16.933333,-0.000450,0.028957,0.038617,-0.401656,-1.355995,0.640868,-0.814067,0.027250,0.021369,-0.878840,-1.241910,-1.570018,1.296855,0.051648,-0.036065
16.966667,0.006466,0.050273,0.032023,-0.400086,-1.358214,0.563491,-0.782022,0.013599,0.025626,-0.871744,-1.246457,-1.549052,1.281222,0.041382,-0.031943
17.000000,-0.023129,0.042374,0.033343,-0.358516,-1.345184,0.486115,-0.744140,-0.002392,0.003062,-0.850712,-1.272529,-1.496555,1.265588,0.026502,-0.044175
17.033333,-0.012724,0.031317,0.048768,-0.316946,-1.330995,0.408738,-0.706258,-0.034288,-0.000853,-0.831990,-1.308154,-1.444059,1.249955,0.011622,-0.046046
17.066667,-0.002006,0.043397,0.039099,-0.315377,-1.307892,0.371362,-0.688245,-0.034779,0.028008,-0.834653,-1.317823,-1.422579,1.241095,-0.031825,-0.034727
17.100000,0.020773,0.044359,0.030881,-0.295377,-1.312171,0.333985,-0.676448,-0.048179,0.016869,-0.816964,-1.293042,-1.412634,1.223596,-0.071388,-0.037930
17.133333,0.020034,0.023043,0.025483,-0.275377,-1.302063,0.313985,-0.664651,-0.055252,0.010621,-0.799275,-1.272450,-1.410761,1.206098,-0.070950,-0.055513
17.166667,0.051990,0.021364,0.021133,-0.268158,-1.291956,0.293985,-0.691843,-0.042855,-0.003804,-0.821586,-1.251859,-1.425585,1.197818,-0.071609,-0.063795
17.200000,0.047739,0.027210,0.020442,-0.300939,-1.321848,0.313985,-0.759035,-0.015753,-0.016125,-0.881586,-1.245374,-1.480409,1.229537,-0.053194,-0.045605
17.233333,0.026945,0.033971,0.044285,-0.333721,-1.334377,0.333985,-0.826227,-0.000532,-0.028445,-0.918478,-1.248521,-1.535233,1.261257,-0.007319,-0.035351
17.266667,0.022499,0.056852,0.068128,-0.374032,-1.330768,0.353985,-0.885215,0.016282,-0.000765,-0.955371,-1.287016,-1.582209,1.325168,0.007727,-0.030830
17.300000,0.022890,0.063733,0.099236,-0.414344,-1.340875,0.373985,-0.944204,0.029539,0.022023,-0.992263,-1.321322,-1.629184,1.384575,0.017886,-0.016389
17.333333,0.004337,0.063733,0.096646,-0.481875,-1.350983,0.433985,-1.001878,0.056809,0.042023,-1.001123,-1.355628,-1.699462,1.458636,0.023081,-0.000665
17.366667,-0.009522,0.077887,0.105449,-0.549405,-1.361090,0.493985,-1.019553,0.045281,0.062023,-1.008983,-1.354652,-1.769740,1.512697,0.035746,0.005416
17.400000,0.005690,0.057562,0.109961,-0.616936,-1.377476,0.553985,-1.037228,0.016157,0.042023,-1.029252,-1.334327,-1.810803,1.541668,0.047716,-0.006559
17.433333,0.003834,0.050862,0.085969,-0.716936,-1.390000,0.653985,-1.094903,-0.008207,0.022023,-1.078439,-1.295775,-1.841587,1.561037,0.061566,-0.004581
17.466667,0.000421,0.058623,0.051892,-0.816936,-1.390000,0.753985,-1.140828,-0.001785,0.002023,-1.087626,-1.279310,-1.872372,1.564910,0.047596,0.018320
17.500000,-0.014859,0.061860,0.057816,-0.876936,-1.410000,0.853985,-1.149079,-0.020107,0.000423,-1.091091,-1.256333,-1.863157,1.551532,0.047077,0.024058
17.533333,-0.012435,0.052089,0.036312,-0.896936,-1.410000,0.953985,-1.166405,-0.010621,-0.001177,-1.067135,-1.273308,-1.847597,1.531567,0.039869,0.019302
17.566667,-0.023085,0.046568,0.024938,-0.907510,-1.410000,1.034222,-1.165971,0.019060,0.028579,-1.053877,-1.289684,-1.821254,1.536657,0.005895,0.025218
17.600000,-0.030942,0.028108,0.024454,-0.878084,-1.408190,1.074459,-1.125536,0.026397,0.018336,-1.011702,-1.306232,-1.794910,1.516657,-0.003382,-0.002562
17.633333,-0.018561,0.013466,0.045879,-0.808657,-1.386381,1.074696,-1.056851,0.022139,0.031115,-0.969527,-1.301844,-1.728566,1.476657,0.010630,-0.054188
17.666667,0.018092,0.019716,0.034217,-0.739231,-1.344571,1.034933,-0.988165,0.042625,0.046628,-0.921106,-1.303969,-1.662222,1.430034,0.013487,-0.094103
17.700000,0.029174,0.009487,0.045107,-0.669805,-1.303415,0.955170,-0.910405,0.035304,0.040057,-0.861106,-1.306140,-1.562222,1.385256,0.016328,-0.121743
17.733333,0.061827,0.016092,0.026578,-0.569805,-1.242258,0.855170,-0.810405,0.037264,0.042130,-0.792952,-1.325437,-1.462222,1.325476,0.019168,-0.134335
17.766667,0.068787,0.019426,0.012607,-0.509805,-1.202911,0.795170,-0.750405,0.039225,0.044202,-0.764798,-1.338890,-1.402222,1.305697,0.021853,-0.117673
17.800000,0.052894,0.022869,0.013641,-0.449805,-1.187977,0.735170,-0.690405,0.040498,0.050154,-0.736644,-1.379743,-1.342222,1.285918,0.012192,-0.108008
17.833333,0.026668,0.014867,0.037742,-0.389805,-1.173042,0.675169,-0.630405,0.021503,0.068822,-0.708491,-1.394475,-1.282222,1.266139,-0.014142,-0.070055
17.866667,0.016376,0.036351,0.047028,-0.338129,-1.156970,0.615169,-0.570405,0.019433,0.107556,-0.681818,-1.395328,-1.222222,1.271104,-0.028643,-0.043078
17.900000,0.006083,0.031767,0.074878,-0.286452,-1.160368,0.555169,-0.510405,-0.006471,0.106291,-0.623299,-1.395328,-1.162222,1.251104,-0.010037,-0.055829
17.933333,0.017369,0.030455,0.095782,-0.194776,-1.143767,0.455169,-0.410405,-0.012375,0.105026,-0.529689,-1.403878,-1.062222,1.203621,-0.007024,-0.090830
17.966667,0.024774,0.027011,0.094583,-0.143099,-1.123954,0.395169,-0.350405,0.000448,0.078210,-0.464942,-1.383878,-1.002222,1.196138,0.016296,-0.087371
18.000000,0.022782,0.030070,0.072438,-0.131423,-1.144141,0.375169,-0.330405,0.002215,0.057542,-0.424662,-1.350000,-0.981157,1.228655,0.039616,-0.083912
18.033333,0.023057,0.011466,0.060441,-0.151423,-1.164661,0.395169,-0.350405,0.010672,0.013753,-0.403243,-1.290000,-0.969071,1.261173,0.051338,-0.086973
18.066667,-0.016668,0.023852,0.035998,-0.211423,-1.202327,0.455169,-0.410405,0.012769,-0.010557,-0.391672,-1.210000,-0.980972,1.333690,0.064477,-0.085716
18.100000,-0.038003,0.023158,0.007846,-0.311423,-1.219992,0.555169,-0.510405,0.000974,-0.025545,-0.408941,-1.134144,-1.032874,1.420952,0.062754,-0.051463
18.133333,-0.055113,0.023158,0.000596,-0.411423,-1.239007,0.655169,-0.610405,-0.010821,-0.021286,-0.423513,-1.066110,-1.044775,1.485462,0.045674,-0.043402
18.166667,-0.078800,0.019025,-0.015688,-0.511423,-1.242697,0.755170,-0.710405,0.006009,-0.040515,-0.416547,-0.998076,-1.048578,1.532724,0.061802,-0.062520
18.200000,-0.084125,0.020693,-0.042056,-0.611423,-1.226540,0.855170,-0.810405,0.010291,-0.056435,-0.389239,-0.968607,-1.053497,1.559986,0.080773,-0.053115
18.233333,-0.069055,0.006285,-0.035493,-0.711423,-1.213766,0.955170,-0.910405,0.014393,-0.057716,-0.392083,-0.972137,-1.046737,1.567248,0.066442,-0.041959
18.266667,-0.093986,0.004958,-0.039261,-0.811423,-1.222468,1.055169,-1.010405,0.052385,-0.068319,-0.377676,-0.951525,-0.999978,1.567248,0.046972,-0.030803
18.300000,-0.112439,0.022430,-0.038743,-0.911423,-1.248619,1.155169,-1.110405,0.062437,-0.059519,-0.370083,-0.963089,-0.993219,1.570000,0.044317,0.008030
18.333333,-0.095406,0.022823,-0.017582,-1.011423,-1.254573,1.255170,-1.210405,0.043261,-0.052316,-0.376600,-1.002473,-0.968675,1.570000,0.029636,0.034043
18.366667,-0.082786,0.018275,0.011387,-1.080483,-1.260527,1.355170,-1.275865,0.053017,-0.023284,-0.412360,-1.003294,-0.974035,1.563670,-0.007960,0.037423
18.400000,-0.081473,0.038275,0.015777,-1.122320,-1.266481,1.455170,-1.326617,0.053150,-0.028368,-0.408119,-0.971114,-1.007087,1.547631,-0.026828,0.065534
18.433333,-0.047333,0.038639,0.039281,-1.151619,-1.275815,1.555170,-1.369926,0.040078,-0.013380,-0.417573,-0.978934,-1.040140,1.547631,-0.005696,0.053646
18.466667,-0.014723,0.029251,0.045148,-1.145273,-1.249682,1.655170,-1.413235,0.029905,-0.022599,-0.434047,-0.981186,-1.066381,1.547631,0.007583,0.022611
18.500000,-0.015094,0.032647,0.030686,-1.138927,-1.257116,1.738071,-1.428482,0.037278,-0.010906,-0.453788,-0.955618,-1.106444,1.542139,0.015170,0.031576
18.533333,-0.016714,0.040185,0.033856,-1.123522,-1.275588,1.780972,-1.438269,0.029468,-0.020084,-0.444288,-0.970049,-1.106507,1.548469,0.034727,0.023665
18.566667,0.007977,0.035593,0.052519,-1.102938,-1.287828,1.783874,-1.441373,0.055799,0.004432,-0.469848,-1.024481,-1.106571,1.564509,0.058928,0.019587
18.600000,0.011756,0.047554,0.063632,-1.068755,-1.300245,1.769966,-1.411920,0.073442,0.031582,-0.492192,-1.046715,-1.146634,1.564509,0.044582,0.016973
18.633333,0.010497,0.039470,0.056915,-1.052072,-1.308129,1.755735,-1.378504,0.078650,0.042939,-0.474536,-1.034517,-1.153509,1.548141,0.038089,0.016297
18.666667,0.013248,0.046752,0.076683,-0.995389,-1.298639,1.758602,-1.333149,0.082044,0.044385,-0.476573,-1.042353,-1.173509,1.550712,0.029056,-0.024379
18.700000,0.024475,0.039214,0.066289,-0.942653,-1.288122,1.761470,-1.304150,0.070762,0.026701,-0.518610,-1.050189,-1.233509,1.550712,0.037429,-0.028313
18.733333,0.002145,0.030783,0.055367,-0.916396,-1.283837,1.765783,-1.293371,0.047942,0.015324,-0.525586,-1.023427,-1.277506,1.550712,0.044341,-0.046979
18.766667,-0.003680,0.025848,0.027874,-0.876277,-1.258546,1.750397,-1.282592,0.047017,0.013966,-0.515190,-0.988863,-1.310536,1.550712,0.049798,-0.045035
18.800000,-0.026094,0.041086,0.035846,-0.853852,-1.241618,1.710969,-1.235777,0.061067,0.038946,-0.506401,-0.987586,-1.345361,1.547079,0.041981,-0.025830
18.833333,-0.030767,0.033254,0.031724,-0.831427,-1.238141,1.660205,-1.227510,0.066966,0.038009,-0.484344,-0.987628,-1.358534,1.550000,0.049609,-0.004629
18.866667,-0.049078,0.033254,0.018820,-0.805054,-1.246837,1.625061,-1.208193,0.102723,0.044087,-0.429670,-0.947671,-1.371707,1.550000,0.054362,0.019339
18.900000,-0.045990,0.046276,0.013510,-0.784603,-1.247973,1.588471,-1.176416,0.115877,0.026722,-0.414995,-0.942310,-1.390803,1.550000,0.061483,0.023725
18.933333,-0.055273,0.044949,0.029567,-0.803542,-1.259710,1.572158,-1.168229,0.091776,-0.009000,-0.430716,-0.936950,-1.407580,1.542251,0.073145,0.010762
18.966667,-0.065367,0.033067,0.005624,-0.797907,-1.263084,1.580211,-1.200042,0.090176,-0.031059,-0.484831,-0.936847,-1.422561,1.562251,0.098081,-0.002704
19.000000,-0.059717,0.049815,-0.016789,-0.800797,-1.260251,1.590254,-1.194306,0.073831,-0.026535,-0.512213,-0.915392,-1.459194,1.562251,0.099377,-0.009616
19.033333,-0.053764,0.064244,-0.006117,-0.828417,-1.267499,1.584677,-1.189569,0.044245,-0.011581,-0.541601,-0.929920,-1.474548,1.556277,0.081706,-0.035018
19.066667,-0.068719,0.071613,-0.017060,-0.816037,-1.276234,1.586472,-1.193995,0.016684,-0.009559,-0.570989,-0.921117,-1.459981,1.556277,0.062771,-0.052701
19.100000,-0.079279,0.084906,-0.015225,-0.804267,-1.299427,1.604499,-1.207861,0.013031,0.018093,-0.572911,-0.927495,-1.458701,1.564027,0.062099,-0.035108
19.133333,-0.055288,0.087189,0.014408,-0.796766,-1.322620,1.593144,-1.202304,-0.011222,0.020101,-0.543190,-0.901260,-1.457421,1.544027,0.028819,-0.038076
19.166667,-0.065868,0.092432,0.034471,-0.820635,-1.317899,1.591134,-1.195748,-0.027566,0.029370,-0.553470,-0.880765,-1.456141,1.540148,0.016315,-0.009593
19.200000,-0.075320,0.083642,0.043334,-0.838366,-1.303173,1.629124,-1.216913,-0.030669,0.021193,-0.554362,-0.864287,-1.470700,1.522242,-0.000656,0.016552
19.233333,-0.047102,0.056273,0.049584,-0.870006,-1.268772,1.672610,-1.243600,-0.015036,0.015395,-0.555088,-0.871139,-1.494760,1.505093,-0.001862,0.036990
19.266667,-0.025773,0.056917,0.045173,-0.887458,-1.226014,1.716096,-1.237258,0.013943,0.009596,-0.543279,-0.889494,-1.490330,1.477566,-0.025873,0.032413
19.300000,-0.007437,0.054058,0.033782,-0.907282,-1.208821,1.788556,-1.233013,0.032502,-0.005022,-0.563113,-0.901919,-1.525900,1.490040,-0.017275,0.048899
19.333333,0.005469,0.035408,0.054040,-0.927208,-1.205331,1.850255,-1.252328,0.061873,-0.013484,-0.562090,-0.948603,-1.530947,1.493919,-0.004355,0.025385
19.366667,0.030581,0.029769,0.063451,-0.950186,-1.213729,1.871953,-1.260875,0.060068,-0.008419,-0.601067,-0.959415,-1.517565,1.517798,0.005496,-0.017300
19.400000,0.015694,0.038852,0.069107,-0.967555,-1.223691,1.920784,-1.258703,0.073037,0.014332,-0.600211,-0.970227,-1.494681,1.519230,0.015348,-0.023783
19.433333,0.008804,0.025354,0.090328,-0.959111,-1.212923,1.969615,-1.256532,0.057319,0.005197,-0.599354,-0.959244,-1.497571,1.511296,0.036734,-0.037124
19.466667,0.010356,0.036395,0.095681,-0.949042,-1.199647,2.018853,-1.231685,0.072621,0.019741,-0.570870,-0.948261,-1.500462,1.488406,0.030380,-0.050465
19.500000,0.036315,0.041678,0.102722,-0.924311,-1.207575,2.040984,-1.215110,0.069392,-0.005715,-0.535774,-0.936913,-1.493876,1.439258,0.034175,-0.061926
19.533333,0.022273,0.051251,0.097671,-0.902538,-1.220059,2.080097,-1.215279,0.063234,-0.022479,-0.469440,-0.921435,-1.475734,1.410111,0.037970,-0.033388
19.566667,0.008231,0.065997,0.082623,-0.912465,-1.216728,2.117142,-1.227112,0.059374,-0.022931,-0.433334,-0.895837,-1.485868,1.416680,0.029131,-0.011223
19.600000,0.012638,0.083344,0.064093,-0.942121,-1.243658,2.114187,-1.238944,0.058362,-0.007803,-0.437229,-0.905350,-1.476207,1.447049,0.028616,0.011916
19.633333,-0.011812,0.073373,0.045315,-0.973665,-1.256097,2.104477,-1.281655,0.051065,-0.015075,-0.455995,-0.920757,-1.442153,1.456919,0.044958,0.012413
19.666667,-0.020668,0.070735,-0.013464,-0.979870,-1.256631,2.132636,-1.292533,0.056202,-0.009664,-0.462230,-0.936530,-1.448099,1.505520,0.040439,0.027915
19.700000,-0.026462,0.069604,-0.032242,-0.990073,-1.235100,2.143812,-1.281991,0.071743,0.001674,-0.486082,-0.952303,-1.470801,1.523172,0.052745,0.023822
19.733333,0.002522,0.047319,-0.021006,-0.975631,-1.227320,2.138758,-1.271449,0.072867,-0.011200,-0.519704,-0.973878,-1.479867,1.507869,0.044427,-0.003121
19.766667,-0.008493,0.044944,-0.022291,-0.981460,-1.229279,2.173705,-1.264774,0.065962,-0.007769,-0.531142,-0.976125,-1.478687,1.508509,0.056251,0.000835
19.800000,0.004790,0.042568,-0.009409,-0.982027,-1.232698,2.196172,-1.266478,0.057636,-0.011152,-0.519924,-0.978469,-1.499377,1.529056,0.061244,-0.004840
19.833333,0.006045,0.043986,0.032449,-1.022594,-1.242234,2.203584,-1.293124,0.041812,0.002885,-0.548334,-0.948552,-1.520066,1.522047,0.071027,0.001597
19.866667,0.004238,0.052457,0.034421,-1.065643,-1.239711,2.221142,-1.301189,0.049689,0.006998,-0.555776,-0.918634,-1.528287,1.529437,0.063987,-0.012370
19.900000,-0.026181,0.064754,0.028213,-1.095051,-1.263438,2.249535,-1.309166,0.040484,-0.000644,-0.557912,-0.891967,-1.530123,1.553888,0.085043,-0.009837
19.933333,-0.045358,0.054937,0.038007,-1.124459,-1.267635,2.277928,-1.325152,0.064531,-0.008286,-0.582233,-0.884629,-1.551355,1.558340,0.100487,-0.007303
19.966667,-0.059978,0.075637,0.028931,-1.137254,-1.298632,2.285555,-1.326034,0.058951,-0.015928,-0.641966,-0.871298,-1.544367,1.558340,0.093645,0.009870
20.000000,-0.097734,0.075747,0.019407,-1.140433,-1.313267,2.308239,-1.326849,0.060715,-0.027568,-0.662070,-0.888339,-1.529900,1.565895,0.079295,-0.001435
20.033333,-0.095490,0.067667,0.034052,-1.129817,-1.323319,2.320777,-1.338563,0.037081,-0.057052,-0.702215,-0.935625,-1.512109,1.570000,0.067496,-0.012740
20.066667,-0.070428,0.076337,0.026862,-1.152069,-1.297401,2.329608,-1.348738,0.043476,-0.050567,-0.734086,-0.978005,-1.496141,1.570000,0.020856,-0.009853
20.100000,-0.053701,0.073504,0.019672,-1.142849,-1.291014,2.310357,-1.350784,0.026515,-0.072434,-0.725956,-0.985682,-1.464823,1.551385,-0.020172,-0.006967
20.133333,-0.046465,0.051330,0.019015,-1.148328,-1.253986,2.297757,-1.332964,0.012507,-0.079398,-0.701856,-0.993358,-1.464249,1.537523,-0.021199,-0.026446
20.166667,-0.016957,0.040167,0.025784,-1.158695,-1.212546,2.277093,-1.330270,0.008067,-0.112468,-0.717756,-1.002927,-1.431154,1.521199,-0.023285,-0.038726
20.200000,-0.005043,0.037114,0.023819,-1.177563,-1.211106,2.271340,-1.345907,0.029024,-0.105917,-0.708206,-1.014622,-1.430349,1.521199,0.007948,-0.018082
20.233333,-0.022113,0.040384,0.044957,-1.183061,-1.212274,2.276755,-1.333691,0.044054,-0.102499,-0.691378,-1.021538,-1.419462,1.521199,0.045806,-0.002112
20.266667,-0.002090,0.061002,0.066095,-1.220030,-1.198043,2.310254,-1.317729,0.056620,-0.070730,-0.674549,-1.063156,-1.413807,1.539815,0.044375,0.010266
20.300000,0.005484,0.070442,0.092924,-1.246274,-1.216360,2.339046,-1.337479,0.076025,-0.052394,-0.667856,-1.104775,-1.384979,1.540547,0.042943,0.022643
20.333333,-0.000687,0.070442,0.083798,-1.237245,-1.226333,2.355531,-1.348270,0.109871,-0.031700,-0.621163,-1.124164,-1.356152,1.556871,0.039586,0.045516
20.366667,-0.019541,0.084662,0.092083,-1.242431,-1.233140,2.394770,-1.329831,0.103718,-0.011006,-0.614470,-1.114037,-1.329498,1.556871,0.040361,0.058954
20.400000,-0.009118,0.062529,0.093627,-1.245344,-1.269626,2.406565,-1.340872,0.088469,-0.010001,-0.598168,-1.087753,-1.305717,1.556607,0.052604,0.047587
20.433333,-0.017986,0.050595,0.068220,-1.231968,-1.301507,2.405030,-1.391166,0.070687,-0.008997,-0.620001,-1.032357,-1.265416,1.542343,0.073954,0.032849
20.466667,-0.021665,0.053811,0.030590,-1.229998,-1.310056,2.422942,-1.435616,0.080448,-0.009462,-0.607669,-1.005593,-1.248289,1.537601,0.067393,0.049319
20.500000,-0.025932,0.058354,0.032960,-1.246627,-1.330511,2.421225,-1.449675,0.064800,0.002524,-0.611025,-0.987716,-1.231306,1.519436,0.082398,0.047574
20.533333,-0.026758,0.051766,0.012576,-1.223255,-1.353202,2.405845,-1.471224,0.073226,0.012209,-0.579573,-1.004767,-1.205198,1.494445,0.068830,0.044993
20.566667,-0.034221,0.048118,0.004241,-1.220945,-1.362375,2.394387,-1.486579,0.089045,0.031510,-0.578588,-1.024492,-1.205379,1.489718,0.037167,0.059401
20.600000,-0.032593,0.030612,0.009159,-1.206908,-1.358156,2.380429,-1.469898,0.093833,0.010810,-0.548306,-1.044735,-1.206568,1.481271,0.035688,0.040774
20.633333,-0.021107,0.017955,0.041400,-1.214990,-1.338534,2.382307,-1.435899,0.067732,0.015562,-0.556105,-1.040323,-1.207757,1.467446,0.046441,-0.002282
20.666667,-0.016809,0.021916,0.033642,-1.208551,-1.310497,2.424185,-1.415270,0.065213,0.021815,-0.567156,-1.049256,-1.221912,1.473915,0.029285,-0.034663
20.700000,-0.011537,0.010221,0.045696,-1.236123,-1.283391,2.450659,-1.422919,0.055200,0.008303,-0.573015,-1.047330,-1.209534,1.478867,0.026792,-0.051877
20.733333,0.011093,0.010221,0.032082,-1.223696,-1.273484,2.470380,-1.396762,0.044589,-0.004843,-0.578874,-1.069639,-1.207520,1.482488,0.043640,-0.072336
20.766667,0.018810,0.012565,0.014287,-1.213306,-1.274747,2.465931,-1.366131,0.042393,-0.011437,-0.575895,-1.087515,-1.204497,1.483828,0.040651,-0.059468
20.800000,-0.000409,0.012565,0.008239,-1.204184,-1.298326,2.453767,-1.358662,0.053989,-0.014659,-0.549023,-1.120001,-1.183818,1.484568,0.037966,-0.046121
20.833333,-0.013189,0.004062,0.026874,-1.201898,-1.318414,2.401603,-1.364663,0.058545,-0.017446,-0.538993,-1.115672,-1.156424,1.449439,0.035471,-0.003449
20.866667,-0.022900,0.020249,0.039776,-1.205601,-1.334504,2.340841,-1.338915,0.064603,0.001835,-0.535907,-1.124417,-1.164311,1.442653,0.031725,0.025738
20.900000,-0.038073,0.020249,0.063177,-1.209304,-1.332209,2.295295,-1.348313,0.050507,-0.005178,-0.499490,-1.109506,-1.142774,1.403638,0.041799,0.030659
20.933333,-0.048132,0.017905,0.084455,-1.208261,-1.332140,2.269750,-1.374968,0.047997,0.001256,-0.483074,-1.107624,-1.141237,1.384624,0.051710,0.018476
20.966667,-0.024360,0.017905,0.089837,-1.168453,-1.309756,2.214691,-1.361624,0.062584,-0.015751,-0.492469,-1.117352,-1.157356,1.376670,0.070137,0.005767
21.000000,0.000385,0.023578,0.083953,-1.117731,-1.321765,2.159632,-1.320789,0.048647,-0.009504,-0.506082,-1.132063,-1.207080,1.386370,0.081278,-0.006942
21.033333,0.013672,0.011427,0.075864,-1.036177,-1.297897,2.104573,-1.297591,0.032748,-0.036227,-0.552752,-1.141006,-1.257180,1.393613,0.086289,-0.033965
21.066667,-0.006211,0.026882,0.061151,-0.960223,-1.277373,2.024573,-1.270335,0.013435,-0.046328,-0.632752,-1.133604,-1.337180,1.433998,0.087252,-0.047045
21.100000,-0.006094,0.034868,0.045577,-0.904667,-1.236849,1.924573,-1.241171,-0.010951,-0.057245,-0.732752,-1.145801,-1.437181,1.474383,0.074103,-0.039627
21.133333,-0.023830,0.036237,0.040224,-0.878181,-1.218209,1.828879,-1.227671,-0.036730,-0.046114,-0.832752,-1.135760,-1.537181,1.503658,0.047202,-0.030426
21.166667,-0.054567,0.038223,0.021453,-0.857180,-1.194818,1.773186,-1.246554,-0.044891,-0.074984,-0.918753,-1.117550,-1.637181,1.540783,0.040037,-0.051400
21.200000,-0.052304,0.038956,-0.002533,-0.867011,-1.171304,1.739133,-1.243780,-0.040285,-0.078168,-0.966234,-1.105109,-1.733061,1.542105,0.052588,-0.042393
21.233333,-0.039515,0.023896,0.006864,-0.888685,-1.157661,1.705270,-1.249093,-0.028576,-0.071672,-1.013716,-1.123090,-1.788941,1.533550,0.038271,-0.039860
21.266667,-0.057179,0.019725,0.003196,-0.880681,-1.167748,1.671407,-1.255740,-0.011407,-0.084360,-1.049206,-1.101473,-1.804821,1.529508,0.018066,-0.042247
21.300000,-0.078441,0.042173,0.006093,-0.883609,-1.179846,1.644543,-1.269567,-0.002279,-0.084478,-1.062088,-1.111896,-1.818668,1.539144,0.018472,-0.018637
21.333333,-0.068328,0.041250,0.023636,-0.891037,-1.170211,1.605399,-1.271166,-0.010770,-0.068353,-1.063157,-1.141228,-1.797154,1.539144,0.015629,-0.004854
21.366667,-0.056962,0.034764,0.047097,-0.884274,-1.160575,1.544613,-1.272766,-0.008148,-0.044943,-1.102745,-1.137320,-1.779761,1.537403,-0.025637,0.005196
21.400000,-0.051021,0.054369,0.048413,-0.860069,-1.156110,1.520736,-1.246320,-0.017195,-0.046389,-1.102333,-1.102989,-1.791499,1.521562,-0.051250,0.035192
21.433333,-0.026534,0.053133,0.071197,-0.836205,-1.143473,1.496860,-1.225670,-0.015593,-0.025254,-1.089308,-1.108659,-1.803237,1.504809,-0.036863,0.033384
21.466667,0.005841,0.041956,0.070133,-0.805249,-1.114862,1.491140,-1.222174,-0.026812,-0.031087,-1.098891,-1.110722,-1.796941,1.504014,-0.022683,0.016717
21.500000,0.013247,0.037395,0.055924,-0.803449,-1.118342,1.457700,-1.211981,-0.012513,-0.019996,-1.105680,-1.093876,-1.801820,1.483218,-0.011045,0.037659
21.533333,-0.000954,0.045142,0.058205,-0.775840,-1.134001,1.424260,-1.201788,-0.017976,-0.024194,-1.072470,-1.110270,-1.766699,1.462423,0.005827,0.022334
21.566667,0.015155,0.039323,0.076744,-0.761545,-1.149661,1.360844,-1.214390,0.014310,0.000961,-1.079260,-1.166664,-1.714561,1.466023,0.036277,0.008261
21.600000,0.027284,0.051729,0.084485,-0.746908,-1.166212,1.297427,-1.201770,0.037770,0.023093,-1.082501,-1.199329,-1.676065,1.473666,0.026728,-0.005813
21.633333,0.023064,0.039089,0.076120,-0.699364,-1.174842,1.204548,-1.149151,0.043486,0.032194,-1.045743,-1.213352,-1.617636,1.441310,0.009867,-0.011659
21.666667,0.024753,0.043418,0.095227,-0.612677,-1.169883,1.130014,-1.083076,0.053451,0.033843,-1.037591,-1.232753,-1.575158,1.419151,-0.004868,-0.055114
21.700000,0.048049,0.035671,0.085498,-0.565990,-1.163931,1.095480,-1.057001,0.049271,0.010781,-1.069439,-1.252154,-1.572680,1.436993,0.008732,-0.061737
21.733333,0.040701,0.021490,0.067777,-0.505990,-1.151273,1.053824,-0.997001,0.021715,-0.003944,-1.061286,-1.258750,-1.558087,1.414835,0.002443,-0.076860
21.766667,0.033334,0.008441,0.036242,-0.445990,-1.137348,1.012168,-0.937001,0.011948,0.000191,-1.041287,-1.249075,-1.529852,1.365033,-0.003846,-0.073913
21.800000,0.017506,0.022623,0.044708,-0.385990,-1.133291,0.970512,-0.884411,0.020903,0.014999,-1.021287,-1.261647,-1.501618,1.315231,-0.002616,-0.058846
21.833333,0.010929,0.016119,0.038450,-0.325990,-1.136643,0.910512,-0.856175,0.017059,0.004607,-0.961287,-1.305462,-1.441618,1.255231,0.001204,-0.043779
21.866667,-0.006428,0.016119,0.025792,-0.225990,-1.158477,0.810512,-0.819092,0.047122,0.001222,-0.861287,-1.309277,-1.353364,1.195231,0.001137,-0.025543
21.900000,-0.015447,0.036119,0.020095,-0.147644,-1.169052,0.710512,-0.800753,0.062813,-0.015523,-0.793761,-1.324638,-1.283611,1.160246,0.012877,-0.027473
21.933333,-0.030910,0.039848,0.032941,-0.109298,-1.174009,0.650512,-0.822414,0.041447,-0.064701,-0.766236,-1.339999,-1.253857,1.165260,0.034871,-0.038341
21.966667,-0.047998,0.026624,0.005787,-0.084183,-1.169097,0.590512,-0.869154,0.041358,-0.084553,-0.778160,-1.352058,-1.224104,1.171585,0.056864,-0.049208
22.000000,-0.046653,0.045349,-0.014977,-0.059068,-1.158048,0.530512,-0.891541,0.027058,-0.074568,-0.790084,-1.327497,-1.199508,1.195988,0.064491,-0.054391
22.033333,-0.049961,0.054624,-0.005184,-0.062282,-1.157330,0.470512,-0.882775,-0.002342,-0.048487,-0.802008,-1.342935,-1.173737,1.180391,0.043022,-0.080417
22.066667,-0.052003,0.055448,-0.010636,-0.054577,-1.174576,0.410512,-0.887040,-0.031743,-0.047819,-0.821457,-1.330482,-1.164997,1.174967,0.027182,-0.097986
22.100000,-0.050541,0.063380,-0.005057,-0.041931,-1.218731,0.310512,-0.872215,-0.029841,-0.013951,-0.815022,-1.342695,-1.149110,1.158251,0.033723,-0.084687
22.133333,-0.025564,0.068039,0.028694,-0.056054,-1.262886,0.250512,-0.864899,-0.042602,-0.004882,-0.809138,-1.318209,-1.173223,1.180225,0.006949,-0.084915
22.166667,-0.026012,0.074931,0.043083,-0.085307,-1.279359,0.194768,-0.857583,-0.050792,0.008005,-0.809511,-1.295756,-1.207054,1.199119,-0.013119,-0.060899
22.200000,-0.033555,0.071274,0.056472,-0.124104,-1.274696,0.179025,-0.864487,-0.043882,-0.002210,-0.828467,-1.273303,-1.270315,1.218014,-0.023224,-0.032653
22.233333,-0.016837,0.050450,0.060941,-0.169476,-1.236228,0.181876,-0.874636,-0.027785,-0.013653,-0.847422,-1.280000,-1.308104,1.240476,-0.022560,-0.012864
22.266667,-0.010918,0.044775,0.060796,-0.219789,-1.162997,0.224727,-0.876727,-0.005933,-0.024280,-0.892262,-1.267968,-1.353041,1.274230,-0.054530,-0.012916
22.300000,-0.004736,0.039158,0.046910,-0.230102,-1.123964,0.227578,-0.838818,-0.005339,-0.038220,-0.897102,-1.280306,-1.357977,1.267985,-0.053184,0.000558
22.333333,-0.003768,0.014613,0.071745,-0.265285,-1.097791,0.266173,-0.840910,0.011713,-0.054618,-0.935685,-1.304320,-1.388038,1.286740,-0.022842,-0.015897
22.366667,0.019728,0.008996,0.075449,-0.302594,-1.092755,0.296392,-0.868183,0.003908,-0.046440,-0.995685,-1.303288,-1.404283,1.345495,-0.003047,-0.053290
22.400000,0.003224,0.014406,0.085412,-0.362594,-1.096008,0.348016,-0.900435,0.019807,-0.024862,-1.043433,-1.286247,-1.450467,1.385727,0.003550,-0.050684
22.433333,0.003259,0.008486,0.106154,-0.382594,-1.118227,0.359640,-0.919837,-0.002861,-0.021596,-1.051181,-1.287910,-1.456650,1.385960,0.023104,-0.063627
22.466667,0.016800,0.018360,0.112465,-0.402594,-1.106247,0.371264,-0.939239,0.010391,0.007197,-1.058929,-1.265204,-1.462834,1.386192,0.019178,-0.076569
22.500000,0.045906,0.030587,0.109989,-0.382594,-1.102090,0.342888,-0.918640,0.012160,0.023542,-1.026677,-1.268789,-1.429017,1.346425,0.015252,-0.074691
22.533333,0.035012,0.030960,0.095050,-0.331766,-1.097934,0.286149,-0.898640,0.002769,0.015310,-0.954425,-1.259844,-1.369017,1.288389,0.014235,-0.037483
22.566667,0.024118,0.042649,0.076145,-0.280938,-1.079292,0.229410,-0.878640,0.000487,0.033680,-0.894425,-1.246177,-1.309017,1.250122,0.007694,-0.012612
22.600000,0.026328,0.058373,0.058567,-0.270110,-1.079975,0.212670,-0.892243,0.003398,0.030361,-0.874425,-1.241198,-1.289017,1.251854,0.022075,0.009943
22.633333,0.016761,0.048499,0.040990,-0.259283,-1.117779,0.195931,-0.905845,-0.007492,-0.004588,-0.854425,-1.272978,-1.269017,1.253586,0.054303,0.003712
22.666667,0.022268,0.037832,-0.007800,-0.263252,-1.153518,0.219192,-0.919448,0.007892,-0.030045,-0.848496,-1.294520,-1.289017,1.295318,0.050192,-0.000810
22.700000,0.027774,0.042584,-0.016590,-0.258050,-1.149256,0.239192,-0.893050,0.019292,-0.040550,-0.842567,-1.326544,-1.309017,1.315319,0.057595,-0.012611
22.733333,0.063219,0.025484,-0.017089,-0.212848,-1.154986,0.219192,-0.826653,0.011543,-0.056275,-0.796638,-1.366438,-1.289017,1.295319,0.061744,-0.052074
22.766667,0.058663,0.026411,-0.017588,-0.167645,-1.160715,0.199192,-0.766653,0.018757,-0.036626,-0.750709,-1.373005,-1.269017,1.275319,0.063889,-0.053832
22.800000,0.062348,0.026411,-0.002103,-0.162443,-1.139681,0.219192,-0.746653,0.026745,-0.022764,-0.744780,-1.342814,-1.289017,1.295318,0.048317,-0.047726
22.833333,0.066032,0.035804,0.019255,-0.142443,-1.119947,0.199192,-0.726653,-0.003841,0.002342,-0.724780,-1.322860,-1.269017,1.275319,0.055763,-0.055735
22.866667,0.069716,0.049067,0.027889,-0.162443,-1.110514,0.219192,-0.746653,0.005573,0.012496,-0.744780,-1.290000,-1.289017,1.295318,0.049710,-0.085711
22.900000,0.047467,0.075790,0.040663,-0.182443,-1.121338,0.239192,-0.766653,0.000684,0.018391,-0.764780,-1.270000,-1.309017,1.315319,0.054877,-0.075688
22.933333,0.025217,0.063859,0.040147,-0.162443,-1.092161,0.219192,-0.746653,-0.000866,0.028912,-0.744780,-1.282140,-1.289017,1.295319,0.068168,-0.068296
22.966667,0.009222,0.090582,0.023647,-0.142443,-1.092628,0.199192,-0.726653,-0.022350,0.039434,-0.724780,-1.294280,-1.269017,1.275319,0.064808,-0.050306
23.000000,-0.031326,0.089524,0.027436,-0.122443,-1.079734,0.179192,-0.706653,-0.028667,0.009955,-0.704780,-1.280265,-1.249017,1.255318,0.056291,-0.034733
23.033333,-0.031873,0.073724,0.032889,-0.075824,-1.067357,0.119192,-0.686653,-0.055549,-0.010100,-0.657974,-1.306250,-1.189017,1.195318,0.057061,-0.027690
23.066667,-0.023985,0.069589,0.014702,-0.069206,-1.024734,0.099192,-0.706653,-0.048979,-0.020677,-0.651168,-1.307811,-1.169017,1.175318,0.028793,-0.020647
23.100000,-0.004024,0.071483,0.009804,-0.062588,-1.022110,0.079192,-0.726653,-0.051882,-0.065046,-0.644362,-1.289391,-1.149017,1.155318,-0.005028,-0.026222
23.133333,0.015024,0.044760,0.015768,-0.015969,-0.979487,0.019192,-0.706653,-0.040291,-0.074460,-0.597556,-1.270971,-1.089017,1.095319,0.001152,-0.061471
23.166667,0.038397,0.033791,0.031101,-0.009351,-0.957405,-0.000808,-0.726653,-0.033223,-0.083874,-0.590750,-1.275632,-1.069017,1.075318,-0.002334,-0.075307
23.200000,0.041511,0.035541,0.038462,-0.029351,-0.959919,0.019192,-0.746653,-0.005591,-0.070377,-0.610750,-1.270497,-1.089017,1.095318,0.012329,-0.051914
23.233333,0.032193,0.037291,0.073519,-0.049351,-0.967241,0.039192,-0.766653,0.019340,-0.056880,-0.630750,-1.281461,-1.109017,1.115318,0.044357,-0.058638
23.266667,0.050804,0.058515,0.108576,-0.109351,-0.967014,0.099192,-0.813253,0.040304,-0.009590,-0.690750,-1.307742,-1.169017,1.175318,0.052401,-0.054137
23.300000,0.052482,0.068355,0.135128,-0.209351,-0.990484,0.199192,-0.899852,0.046909,0.002744,-0.790749,-1.334022,-1.269017,1.275319,0.045648,-0.039097
23.333333,0.057357,0.070917,0.126151,-0.309351,-0.986855,0.299192,-0.986452,0.082871,0.015077,-0.890750,-1.351408,-1.369017,1.374255,0.040973,-0.023102
23.366667,0.044467,0.088990,0.130987,-0.409351,-0.987812,0.399192,-1.038981,0.078833,0.035077,-0.990750,-1.339178,-1.469017,1.453191,0.039153,-0.028053
23.400000,0.061467,0.070227,0.126979,-0.509351,-1.019820,0.499192,-1.091511,0.059325,0.023850,-1.090750,-1.301620,-1.569017,1.507987,0.034595,-0.020815
23.433333,0.048895,0.064630,0.091166,-0.609351,-1.043798,0.599192,-1.157441,0.041454,0.012623,-1.190750,-1.247350,-1.669017,1.546923,0.039273,-0.010385
23.466667,0.044559,0.064477,0.052997,-0.709351,-1.052572,0.699192,-1.219622,0.054976,0.001396,-1.250750,-1.220785,-1.769017,1.550614,0.026085,0.013669
23.500000,0.017253,0.068667,0.054827,-0.809351,-1.074065,0.799192,-1.241803,0.042681,0.002341,-1.305462,-1.189021,-1.869017,1.550614,0.020337,0.015356
23.533333,0.008122,0.063638,0.033359,-0.869351,-1.089416,0.899192,-1.264382,0.046834,0.003286,-1.320174,-1.196669,-1.969017,1.530614,0.019472,0.024673
23.566667,-0.007956,0.058064,0.021575,-0.929351,-1.108907,0.999192,-1.279704,0.060732,0.022281,-1.334885,-1.207989,-2.069017,1.534755,0.003981,0.039054
23.600000,-0.011104,0.034610,0.022757,-0.962467,-1.103977,1.099192,-1.263664,0.061505,0.001275,-1.314025,-1.223255,-2.129017,1.515597,-0.005080,0.014268
23.633333,-0.004645,0.024924,0.053346,-0.995583,-1.090554,1.199192,-1.231461,0.039169,-0.002960,-1.333165,-1.210817,-2.182804,1.501137,0.007051,-0.033062
23.666667,0.008611,0.028686,0.043935,-1.006986,-1.064413,1.299192,-1.216116,0.034222,0.003322,-1.340303,-1.215546,-2.208580,1.491432,0.004101,-0.061393
23.700000,0.010948,0.015979,0.054446,-1.018388,-1.044413,1.399192,-1.209041,0.035427,-0.009809,-1.347441,-1.196512,-2.194357,1.481727,-0.001864,-0.076592
23.733333,0.029096,0.015979,0.036422,-0.989790,-1.019690,1.459192,-1.169222,0.027180,-0.019279,-1.314579,-1.207462,-2.140134,1.432022,0.000367,-0.096504
23.766667,0.038565,0.024309,0.022932,-0.988076,-1.022555,1.519192,-1.152748,0.029140,-0.026908,-1.317290,-1.218514,-2.116896,1.421475,0.005659,-0.086112
23.800000,0.017647,0.028126,0.017372,-0.959016,-1.045520,1.568214,-1.139817,0.039243,-0.024286,-1.282196,-1.236188,-2.059871,1.419932,0.014374,-0.067319
23.833333,0.001324,0.017612,0.039702,-0.946371,-1.068485,1.584678,-1.145628,0.048873,-0.027770,-1.252868,-1.226203,-1.993646,1.387582,0.022153,-0.028569
23.866667,0.000755,0.032875,0.047049,-0.973727,-1.072595,1.562766,-1.141672,0.050677,-0.011842,-1.250338,-1.239980,-1.965245,1.395233,0.009974,-0.007743
23.900000,-0.008632,0.036904,0.068850,-1.001082,-1.063632,1.580855,-1.165741,0.040301,-0.019237,-1.247809,-1.213757,-1.936844,1.413793,0.025297,-0.009339
23.933333,-0.012697,0.031812,0.084955,-1.008437,-1.047082,1.578943,-1.177827,0.039719,-0.008473,-1.225280,-1.192720,-1.897457,1.412353,0.031430,-0.021240
23.966667,-0.006374,0.032023,0.083723,-1.023139,-1.030431,1.568009,-1.186283,0.035534,-0.004731,-1.220554,-1.185061,-1.878070,1.412456,0.025610,-0.023163
