time_sec,joint_pelvisYaw,joint_pelvisPitch,joint_pelvisRoll,joint_lShoulderPitch,joint_lShoulderRoll,joint_lShoulderYaw,joint_lElbow,joint_lWristRoll,joint_lWristPitch,joint_rShoulderPitch,joint_rShoulderRoll,joint_rShoulderYaw,joint_rElbow,joint_rWristRoll,joint_rWristPitch
0.000000,-0.007724,0.011067,0.002577,-0.489307,-1.348227,0.857436,-0.634083,0.001980,-0.021295,-0.337368,-1.351037,-0.069481,0.016132,0.008231,-0.024095
0.033333,0.002447,0.011096,0.008472,-0.576170,-1.267912,0.957436,-0.734083,0.015398,-0.019020,-0.290237,-1.337905,-0.063741,0.092226,0.013340,-0.021007
0.066667,-0.003225,0.015226,0.001511,-0.645125,-1.239443,1.057436,-0.834083,0.015364,-0.017892,-0.271591,-1.321817,-0.061469,0.146887,0.018409,-0.023329
0.100000,-0.001533,0.017817,-0.003887,-0.734079,-1.207796,1.157436,-0.934083,0.007703,-0.018388,-0.245662,-1.317744,-0.065634,0.199624,0.017303,-0.020112
0.133333,-0.006391,0.020695,-0.010095,-0.834079,-1.209246,1.257436,-1.034083,-0.001237,-0.018725,-0.226018,-1.323246,-0.036978,0.235825,0.009833,-0.019620
0.166667,-0.022969,0.022435,-0.030328,-0.934079,-1.220444,1.357436,-1.134084,-0.001231,-0.035225,-0.216686,-1.306791,-0.029753,0.260303,0.016481,-0.028319
0.200000,-0.024956,0.025713,-0.036231,-1.034079,-1.221960,1.457436,-1.234084,0.003029,-0.038012,-0.209008,-1.303186,-0.042532,0.278910,0.023093,-0.016156
0.233333,-0.019470,0.020962,-0.030310,-1.116147,-1.239549,1.526216,-1.334084,0.003720,-0.040580,-0.199704,-1.315361,-0.024353,0.274138,0.018198,-0.013631
0.266667,-0.024842,0.019658,-0.037267,-1.159552,-1.271686,1.554995,-1.421267,0.015716,-0.054724,-0.185791,-1.298191,0.016186,0.261471,0.009876,-0.008976
0.300000,-0.026029,0.028218,-0.038085,-1.202957,-1.280631,1.576316,-1.487079,0.017860,-0.048661,-0.184071,-1.299512,0.016726,0.274623,0.013269,0.004557
0.333333,-0.014129,0.026053,-0.021893,-1.224628,-1.290879,1.577513,-1.534263,0.015711,-0.040768,-0.180155,-1.317665,0.024154,0.269713,0.011431,0.007506
0.366667,-0.008209,0.022489,-0.016692,-1.220341,-1.288768,1.545248,-1.541446,0.022004,-0.028127,-0.186417,-1.309396,0.033908,0.262238,-0.005119,-0.002630
0.400000,-0.007236,0.036129,-0.017648,-1.216043,-1.289917,1.538542,-1.543241,0.017853,-0.025847,-0.173966,-1.285136,0.012486,0.255086,-0.012123,0.007147
0.433333,-0.002045,0.034740,-0.006971,-1.232458,-1.277608,1.550697,-1.539250,0.014507,-0.011540,-0.184039,-1.298205,-0.005233,0.272244,-0.000528,-0.002104
0.466667,0.003043,0.029320,-0.004441,-1.223922,-1.266899,1.554866,-1.536004,0.013860,-0.018378,-0.199397,-1.294020,-0.009717,0.266647,0.003363,-0.013551
0.500000,0.004697,0.029451,-0.006119,-1.230526,-1.269405,1.564586,-1.536004,0.011577,-0.014811,-0.203222,-1.278774,-0.025943,0.264618,0.005542,-0.001488
0.533333,0.001630,0.030969,-0.002548,-1.237214,-1.284009,1.589768,-1.549351,0.000189,-0.022744,-0.201791,-1.286961,-0.019991,0.277968,0.013489,-0.000521
0.566667,0.007903,0.023648,0.002216,-1.248788,-1.279476,1.598722,-1.551150,0.011690,-0.016801,-0.215848,-1.324443,-0.002917,0.308088,0.022256,-0.007229
0.600000,0.007834,0.025251,0.008814,-1.259348,-1.275009,1.618437,-1.546970,0.018242,-0.008828,-0.229783,-1.343303,-0.011851,0.314869,0.019047,-0.006290
0.633333,0.003174,0.019233,0.008730,-1.265706,-1.265778,1.630277,-1.549128,0.013626,-0.006339,-0.212575,-1.339418,-0.015940,0.312342,0.011742,-0.005030
0.666667,0.004466,0.018083,0.011930,-1.248915,-1.235382,1.656691,-1.526669,0.017880,-0.005807,-0.227981,-1.351853,-0.018874,0.336034,0.006257,-0.021045
0.700000,0.010171,0.014231,0.008449,-1.245698,-1.210487,1.680444,-1.529573,0.017440,-0.014870,-0.240536,-1.357594,-0.035564,0.343046,0.005164,-0.024805
0.733333,0.003726,0.008366,0.006232,-1.232706,-1.190324,1.698365,-1.530806,0.008433,-0.021155,-0.241849,-1.339940,-0.050166,0.330502,0.004236,-0.025372
0.766667,-0.001719,0.011377,-0.005300,-1.201174,-1.155873,1.710755,-1.517291,0.006213,-0.021913,-0.229879,-1.304965,-0.059166,0.326573,-0.004185,-0.023497
0.800000,-0.001794,0.020896,-0.003029,-1.198701,-1.129813,1.728217,-1.509557,0.012055,-0.010458,-0.228645,-1.305490,-0.063721,0.326738,-0.000530,-0.015134
0.833333,-0.007175,0.019087,-0.008039,-1.195537,-1.119158,1.726027,-1.531252,0.012079,-0.013728,-0.217297,-1.304530,-0.061193,0.314268,0.004095,-0.011150
0.866667,-0.017709,0.018291,-0.017464,-1.166821,-1.103888,1.721709,-1.523253,0.021495,-0.009509,-0.202792,-1.273254,-0.065424,0.316564,0.011480,-0.001769
0.900000,-0.015390,0.028671,-0.021157,-1.153149,-1.083385,1.728123,-1.522028,0.023796,-0.013355,-0.203188,-1.273419,-0.071780,0.318583,0.015651,0.001270
0.933333,-0.014828,0.025932,-0.019189,-1.154746,-1.074281,1.726384,-1.542893,0.016829,-0.025912,-0.209036,-1.276457,-0.067852,0.301095,0.026268,-0.002670
0.966667,-0.016165,0.025120,-0.036282,-1.139718,-1.050047,1.742355,-1.550517,0.024989,-0.033458,-0.235729,-1.283450,-0.066050,0.307274,0.032082,-0.011108
1.000000,-0.007842,0.031673,-0.038356,-1.130377,-1.018669,1.755141,-1.544368,0.022059,-0.029290,-0.234653,-1.280496,-0.082695,0.291750,0.032541,-0.004372
1.033333,-0.001357,0.036736,-0.031211,-1.132317,-1.008408,1.752285,-1.544297,0.015027,-0.025014,-0.247955,-1.302139,-0.076079,0.250429,0.022219,-0.012395
1.066667,-0.007233,0.038120,-0.034940,-1.102047,-0.982052,1.747782,-1.535499,0.010540,-0.017797,-0.265839,-1.304558,-0.061839,0.202336,0.016042,-0.019762
1.100000,-0.003571,0.039796,-0.029272,-1.064956,-0.960375,1.767339,-1.519723,0.006493,-0.008795,-0.287371,-1.320715,-0.070511,0.179874,0.017951,-0.010120
1.133333,-0.002937,0.034434,-0.013279,-1.020509,-0.938699,1.751503,-1.505697,-0.007202,-0.008942,-0.286388,-1.312793,-0.059584,0.121714,0.006898,-0.009733
1.166667,-0.005208,0.044366,-0.009757,-0.967889,-0.902564,1.751004,-1.480162,-0.011958,-0.006676,-0.307818,-1.307075,-0.036535,0.075543,-0.002795,-0.007923
1.200000,-0.009346,0.043523,-0.005443,-0.916197,-0.840645,1.774497,-1.479534,-0.008425,-0.007195,-0.317386,-1.307118,-0.030118,0.026197,-0.004979,0.000120
1.233333,0.002229,0.029712,-0.000773,-0.878846,-0.796324,1.782512,-1.475420,-0.008913,-0.015463,-0.326185,-1.321460,-0.023567,-0.005464,-0.002717,0.001625
1.266667,0.007962,0.029185,-0.006334,-0.838560,-0.737885,1.777421,-1.457803,0.004991,-0.014726,-0.327821,-1.337244,0.008252,-0.046323,-0.021221,-0.007994
1.300000,0.015842,0.028032,-0.008835,-0.795690,-0.701955,1.798809,-1.456885,0.007119,-0.022293,-0.336891,-1.340812,0.005581,-0.063212,-0.019722,-0.004005
1.333333,0.015130,0.013482,-0.001422,-0.771930,-0.673791,1.807816,-1.470573,0.010212,-0.020667,-0.339762,-1.369457,0.017733,-0.063844,-0.012625,-0.011861
1.366667,0.024199,0.009262,-0.001114,-0.748725,-0.655475,1.796680,-1.461081,0.007575,-0.017981,-0.359518,-1.385421,0.032631,-0.024477,-0.018170,-0.029286
1.400000,0.015526,0.014641,-0.002374,-0.716662,-0.635968,1.814847,-1.463213,0.011846,-0.014982,-0.355779,-1.388634,0.039639,-0.009905,-0.020883,-0.027927
1.433333,0.011038,0.016658,0.005336,-0.677740,-0.621147,1.832218,-1.463063,-0.002669,-0.021046,-0.354950,-1.376494,0.021766,0.003991,-0.005156,-0.030213
1.466667,0.016085,0.021736,0.009378,-0.639309,-0.595750,1.854000,-1.435708,0.005143,-0.010578,-0.348463,-1.383698,0.015199,0.012194,-0.012258,-0.025787
1.500000,0.022860,0.027970,0.011697,-0.595945,-0.589008,1.855662,-1.419466,0.003111,-0.020419,-0.336277,-1.379764,0.008394,0.007297,-0.013962,-0.022434
1.533333,0.008146,0.033133,-0.000292,-0.556834,-0.590876,1.851907,-1.413228,-0.002074,-0.026448,-0.305409,-1.364029,0.004401,-0.016669,-0.007292,-0.012914
1.566667,0.000575,0.042119,-0.003607,-0.552240,-0.572068,1.825871,-1.402980,-0.005514,-0.017682,-0.298097,-1.364029,0.002801,-0.004660,-0.008642,-0.004196
1.600000,0.003441,0.044452,-0.004040,-0.549147,-0.557440,1.774467,-1.392733,-0.003596,-0.008739,-0.287287,-1.377270,0.004320,0.011754,-0.008376,0.002597
1.633333,-0.010272,0.037181,-0.013667,-0.537316,-0.547782,1.688105,-1.379062,-0.007907,-0.020427,-0.280238,-1.381791,0.019367,0.023599,0.001434,-0.006190
1.666667,-0.010079,0.036409,-0.032215,-0.519491,-0.526868,1.620491,-1.336569,-0.001687,-0.014127,-0.276352,-1.385725,0.016215,0.053683,0.003909,-0.007615
1.700000,-0.003487,0.036253,-0.018815,-0.513311,-0.504474,1.556646,-1.290525,0.000140,-0.013192,-0.284718,-1.402587,0.008316,0.068272,0.010105,-0.005471
1.733333,0.006105,0.025176,-0.015758,-0.477192,-0.500838,1.483265,-1.237113,-0.001767,-0.023902,-0.289133,-1.402587,0.004047,0.054833,0.011315,-0.019715
1.766667,0.001083,0.028024,-0.022367,-0.478421,-0.522686,1.449155,-1.201643,-0.002679,-0.022158,-0.295765,-1.399584,0.011526,0.060970,0.008305,-0.018171
1.800000,0.004011,0.029106,-0.016036,-0.505730,-0.558415,1.425347,-1.198046,-0.004850,-0.018838,-0.297308,-1.396492,0.002961,0.056295,0.006855,-0.017240
1.833333,-0.000326,0.029532,-0.004744,-0.557774,-0.607031,1.408961,-1.214394,-0.012235,-0.019604,-0.310259,-1.383366,-0.003354,0.026390,0.011363,-0.015505
1.866667,-0.011190,0.033786,-0.007864,-0.619007,-0.668474,1.428808,-1.236457,-0.009731,-0.010434,-0.311242,-1.351435,-0.009546,0.018361,0.007214,-0.022506
1.900000,-0.016420,0.037903,-0.005513,-0.710180,-0.751159,1.485282,-1.282320,-0.001829,-0.006905,-0.303027,-1.320365,-0.011439,0.042386,0.010900,-0.017456
1.933333,-0.016753,0.031114,0.001011,-0.801352,-0.833844,1.524898,-1.342665,0.005331,-0.010250,-0.291405,-1.290446,-0.006947,0.066410,0.019307,-0.016923
1.966667,-0.016250,0.037393,-0.005586,-0.901352,-0.925743,1.580035,-1.394811,0.004294,-0.009684,-0.279623,-1.247460,0.010468,0.127542,0.012160,-0.012432
2.000000,-0.025310,0.034806,-0.006823,-0.992900,-1.023865,1.642586,-1.443934,0.007688,-0.016334,-0.240639,-1.208050,0.039048,0.214855,0.008770,-0.015678
2.033333,-0.007847,0.029387,-0.006667,-1.071958,-1.116024,1.672988,-1.478649,0.002811,-0.027336,-0.217387,-1.190034,0.070477,0.314855,0.005844,-0.015602
2.066667,-0.001031,0.027587,-0.012945,-1.137990,-1.183372,1.689172,-1.498371,0.002709,-0.021114,-0.201941,-1.179547,0.095007,0.414855,-0.013351,-0.011779
2.100000,0.001254,0.027672,-0.015095,-1.174961,-1.250719,1.695305,-1.496467,0.000747,-0.032509,-0.185170,-1.158493,0.092624,0.514855,-0.021960,-0.010603
2.133333,0.002453,0.020311,-0.009631,-1.184401,-1.283579,1.698412,-1.478349,-0.002998,-0.035093,-0.192765,-1.146641,0.063021,0.614855,-0.013498,-0.019638
2.166667,0.015519,0.017540,-0.010632,-1.193230,-1.295717,1.684525,-1.476025,-0.007364,-0.040948,-0.239456,-1.149298,0.011007,0.714855,-0.019920,-0.021311
2.200000,0.011037,0.015405,-0.007371,-1.196103,-1.308413,1.681005,-1.469976,-0.001812,-0.040749,-0.283880,-1.152146,-0.065649,0.814855,-0.012877,-0.014390
2.233333,0.004922,0.020069,0.003825,-1.177693,-1.321236,1.691066,-1.442811,-0.001298,-0.047249,-0.338492,-1.146937,-0.164333,0.914855,0.006038,-0.015776
2.266667,0.021111,0.029507,0.011612,-1.184653,-1.306817,1.700831,-1.404849,0.005503,-0.024440,-0.406056,-1.169959,-0.264333,1.014855,0.002326,-0.011128
2.300000,0.021617,0.032799,0.019176,-1.191248,-1.324465,1.696474,-1.393357,0.008495,-0.022021,-0.472031,-1.183152,-0.364333,1.114855,0.000184,-0.006699
2.333333,0.011151,0.034258,0.010995,-1.183609,-1.330707,1.699522,-1.369706,0.018961,-0.020859,-0.519269,-1.186891,-0.464333,1.214855,0.006546,-0.003604
2.366667,0.006746,0.043652,0.012307,-1.186225,-1.332201,1.712041,-1.337351,0.012230,-0.011927,-0.580128,-1.185660,-0.564333,1.314855,0.006522,0.001478
2.400000,0.011397,0.036203,0.012641,-1.194534,-1.348356,1.688619,-1.336261,0.010102,-0.016049,-0.634782,-1.182160,-0.664333,1.404381,0.005685,0.000817
2.433333,-0.002856,0.030141,0.002436,-1.176853,-1.366585,1.675054,-1.345331,0.004996,-0.028197,-0.685185,-1.154415,-0.764333,1.472548,0.014684,-0.000891
2.466667,-0.006337,0.031458,-0.005892,-1.180298,-1.371107,1.677719,-1.339579,0.009857,-0.030417,-0.709789,-1.150993,-0.864333,1.523577,0.009720,0.011437
2.500000,-0.007197,0.028805,0.006983,-1.181405,-1.389884,1.674723,-1.312223,0.006675,-0.024297,-0.745392,-1.160136,-0.964333,1.554606,0.009557,0.012315
2.533333,-0.004635,0.021889,0.004298,-1.151676,-1.400762,1.667453,-1.285156,0.015941,-0.026464,-0.763182,-1.181205,-1.064333,1.561580,0.006989,0.007715
2.566667,-0.008442,0.019069,0.002900,-1.142575,-1.401663,1.685828,-1.225206,0.021235,-0.016287,-0.778121,-1.200271,-1.164333,1.563082,-0.001891,0.013196
2.600000,-0.012940,0.010609,0.007644,-1.138761,-1.407733,1.699680,-1.155095,0.019099,-0.025459,-0.790127,-1.228687,-1.264333,1.565945,-0.004478,0.007393
2.633333,-0.008972,0.005999,0.015045,-1.124030,-1.391404,1.706933,-1.070396,0.014601,-0.024340,-0.817733,-1.236457,-1.364333,1.565945,0.000701,-0.008753
2.666667,-0.007908,0.010026,0.010849,-1.108938,-1.377431,1.735853,-0.989907,0.015680,-0.019919,-0.840519,-1.246849,-1.464333,1.565945,-0.005677,-0.014477
2.700000,-0.010143,0.006631,0.012970,-1.111849,-1.377431,1.741355,-0.923165,0.010777,-0.023982,-0.850190,-1.245376,-1.564333,1.570000,-0.005664,-0.014683
2.733333,-0.002132,0.006631,0.005250,-1.093394,-1.377431,1.742184,-0.857042,0.007677,-0.031222,-0.874780,-1.266649,-1.663866,1.570000,0.001166,-0.021762
2.766667,0.001217,0.010154,-0.004015,-1.085303,-1.377431,1.725523,-0.821439,0.006480,-0.031378,-0.877734,-1.273341,-1.743121,1.570000,0.000150,-0.018045
2.800000,-0.003673,0.011793,-0.006144,-1.077576,-1.395957,1.715159,-0.788167,0.007740,-0.032199,-0.880666,-1.291893,-1.805871,1.570000,-0.001767,-0.014469
2.833333,-0.008275,0.006497,-0.000465,-1.079668,-1.398332,1.679709,-0.771406,0.007659,-0.039522,-0.880796,-1.285863,-1.843574,1.570000,-0.000982,-0.003005
2.866667,-0.005933,0.013980,0.001490,-1.096484,-1.396733,1.648108,-0.748319,0.008118,-0.031588,-0.887755,-1.303154,-1.851482,1.570000,-0.004324,0.002357
2.900000,-0.013484,0.014619,0.009341,-1.102654,-1.396733,1.628115,-0.742357,0.003698,-0.034097,-0.878702,-1.284783,-1.855515,1.570000,-0.003092,0.004259
2.933333,-0.016778,0.011190,0.018390,-1.102533,-1.396733,1.627483,-0.725874,0.004642,-0.033167,-0.889456,-1.280075,-1.859825,1.570000,-0.001952,0.000971
2.966667,-0.010661,0.009551,0.021087,-1.079736,-1.376733,1.602246,-0.736472,0.011873,-0.031378,-0.872022,-1.259829,-1.840640,1.550000,0.006121,0.000938
3.000000,0.001406,0.012980,0.021101,-1.033116,-1.348401,1.562095,-0.766348,0.012116,-0.016527,-0.830848,-1.224166,-1.806502,1.510000,0.002409,0.001431
3.033333,0.003368,0.008409,0.016147,-0.952794,-1.290000,1.518094,-0.826365,0.011298,-0.020781,-0.774836,-1.148503,-1.762159,1.450000,0.007575,-0.001199
3.066667,0.000966,0.013040,0.009712,-0.872471,-1.210000,1.438094,-0.906365,0.009253,-0.013977,-0.694836,-1.068503,-1.682159,1.403524,0.011982,-0.001692
3.100000,0.003792,0.017194,0.003435,-0.772471,-1.110000,1.338094,-1.006365,0.002440,-0.008502,-0.594836,-0.970640,-1.582159,1.349919,0.008741,0.003848
3.133333,-0.001235,0.019934,-0.001745,-0.672471,-1.016483,1.238094,-1.106365,-0.007100,-0.007727,-0.494836,-0.894843,-1.482159,1.314034,0.000779,0.004898
3.166667,-0.022559,0.020621,-0.021399,-0.572471,-0.940782,1.138095,-1.195403,-0.008040,-0.024367,-0.394836,-0.825930,-1.382159,1.304478,0.004353,-0.002349
3.200000,-0.024960,0.023415,-0.026595,-0.472471,-0.878534,1.038095,-1.278197,-0.006246,-0.026166,-0.294836,-0.797016,-1.282159,1.321775,0.009011,0.010097
3.233333,-0.021514,0.019781,-0.023430,-0.372471,-0.856083,0.938094,-1.350642,-0.003329,-0.027365,-0.216168,-0.798906,-1.182159,1.322763,0.001396,0.012895
3.266667,-0.028680,0.019466,-0.030049,-0.294059,-0.873633,0.838094,-1.419986,0.005930,-0.039619,-0.158179,-0.818512,-1.082159,1.320086,-0.006954,0.014502
3.300000,-0.030125,0.028242,-0.031989,-0.255648,-0.912179,0.738094,-1.472713,0.010142,-0.030330,-0.140191,-0.856053,-0.982159,1.332444,-0.002587,0.028553
3.333333,-0.015996,0.026537,-0.016927,-0.257236,-0.960295,0.638094,-1.516403,0.005368,-0.025035,-0.148449,-0.922866,-0.882159,1.318473,-0.002210,0.028835
3.366667,-0.007479,0.022980,-0.014232,-0.298824,-0.996321,0.575115,-1.526335,0.013588,-0.009976,-0.183084,-0.970406,-0.782159,1.277648,-0.017797,0.017757
3.400000,-0.004506,0.037888,-0.014950,-0.380413,-1.032549,0.552135,-1.526485,0.008756,-0.009848,-0.196387,-0.988176,-0.682159,1.219608,-0.025184,0.031366
3.433333,0.001242,0.037460,-0.005641,-0.480413,-1.054134,0.569156,-1.507616,0.008075,0.004011,-0.218748,-1.026093,-0.582159,1.152362,-0.015551,0.025731
3.466667,0.010032,0.033369,-0.003026,-0.580413,-1.061621,0.626176,-1.483615,0.007841,-0.004592,-0.219986,-1.038845,-0.482159,1.052362,-0.013225,0.016474
3.500000,0.015320,0.034490,-0.002967,-0.680413,-1.076083,0.723197,-1.469216,0.006809,0.001350,-0.194978,-1.015441,-0.385820,0.987745,-0.008198,0.031408
3.533333,0.008807,0.036597,0.002144,-0.780413,-1.104331,0.823197,-1.468459,-0.001561,-0.009237,-0.164407,-1.005789,-0.319660,0.963128,0.002112,0.033960
3.566667,0.016602,0.027689,0.007704,-0.880413,-1.114915,0.923197,-1.469598,0.009033,-0.000907,-0.170697,-1.027319,-0.293500,0.978510,0.008329,0.022231
3.600000,0.019892,0.029215,0.015706,-0.969647,-1.120476,1.023197,-1.468561,0.016425,0.005862,-0.187248,-1.035525,-0.307340,1.033893,0.004457,0.024440
3.633333,0.014243,0.023043,0.015775,-1.035590,-1.121815,1.123197,-1.478058,0.012109,0.007384,-0.224922,-1.044152,-0.361180,1.113400,-0.001634,0.022267
3.666667,0.013919,0.023009,0.018244,-1.073923,-1.102283,1.223197,-1.461055,0.013961,0.009164,-0.302596,-1.083275,-0.451359,1.197524,-0.006676,0.005287
3.700000,0.024163,0.018768,0.014784,-1.099086,-1.085517,1.323197,-1.467390,0.009324,-0.002729,-0.399458,-1.118846,-0.551359,1.281648,-0.008107,-0.000936
3.733333,0.015527,0.013048,0.011983,-1.102422,-1.074224,1.405449,-1.474325,0.004629,-0.009285,-0.499458,-1.130053,-0.651359,1.338763,-0.003458,-0.003376
3.766667,0.010141,0.013900,-0.000237,-1.079826,-1.051341,1.474239,-1.465555,0.000815,-0.009403,-0.599458,-1.121126,-0.751359,1.376571,-0.007326,-0.003536
3.800000,0.009622,0.022462,0.002761,-1.080521,-1.039635,1.526011,-1.460514,0.003897,0.002749,-0.682751,-1.133425,-0.851359,1.405005,-0.005076,0.002409
3.833333,0.005219,0.019559,-0.002537,-1.082563,-1.044537,1.550626,-1.479336,0.004492,-0.004652,-0.754506,-1.135615,-0.951359,1.424983,0.002363,0.004775
3.866667,-0.008249,0.018753,-0.011792,-1.064203,-1.048576,1.552226,-1.472499,0.017543,0.000153,-0.795059,-1.106880,-1.051359,1.431783,0.008029,0.014165
3.900000,-0.006546,0.029710,-0.014655,-1.061648,-1.046681,1.555864,-1.471545,0.017885,-0.001728,-0.818656,-1.110291,-1.151359,1.448347,0.012390,0.016985
3.933333,-0.003928,0.027234,-0.012127,-1.074590,-1.056315,1.549829,-1.492445,0.012610,-0.012903,-0.828172,-1.117902,-1.251359,1.448253,0.022362,0.012018
3.966667,-0.005405,0.025475,-0.028935,-1.073780,-1.045613,1.557059,-1.502219,0.023091,-0.020715,-0.849211,-1.128227,-1.350331,1.473405,0.029026,0.003709
4.000000,0.002359,0.031410,-0.029119,-1.076963,-1.033731,1.568424,-1.501235,0.025005,-0.014000,-0.841790,-1.125021,-1.447894,1.479219,0.031399,0.013036
4.033333,0.007911,0.036909,-0.021385,-1.088150,-1.039492,1.562804,-1.503612,0.016757,-0.009075,-0.850369,-1.151031,-1.511796,1.469012,0.024393,0.006333
4.066667,0.003417,0.039381,-0.027632,-1.077603,-1.045814,1.549627,-1.503183,0.009500,-0.005048,-0.858598,-1.150790,-1.555781,1.464788,0.018687,-0.000627
4.100000,0.004049,0.042148,-0.023184,-1.076187,-1.060410,1.559585,-1.500491,0.004930,-0.000464,-0.863444,-1.159371,-1.592631,1.479354,0.019922,0.011333
4.133333,0.008859,0.037820,-0.008451,-1.072781,-1.075006,1.538870,-1.497369,-0.008328,-0.004541,-0.853379,-1.143641,-1.596360,1.461002,0.011861,0.014461
4.166667,0.003560,0.047169,-0.006191,-1.064921,-1.077646,1.533330,-1.485218,-0.014001,-0.003417,-0.859591,-1.129790,-1.588936,1.452993,-0.000811,0.013135
4.200000,-0.001508,0.044885,-0.002666,-1.070630,-1.067848,1.551160,-1.497166,-0.008347,-0.003633,-0.861805,-1.116483,-1.615173,1.452373,-0.001405,0.023722
4.233333,0.009775,0.029670,0.003856,-1.079161,-1.054928,1.557814,-1.499623,-0.006037,-0.012024,-0.868971,-1.123410,-1.625561,1.446406,0.002782,0.028733
4.266667,0.016960,0.027344,-0.001555,-1.075693,-1.029749,1.542970,-1.482740,0.006971,-0.011045,-0.873923,-1.130400,-1.620389,1.449927,-0.012527,0.017004
4.300000,0.022676,0.026543,-0.004759,-1.071154,-1.032218,1.553688,-1.484899,0.008840,-0.014547,-0.885779,-1.122502,-1.644744,1.460767,-0.012460,0.018996
4.333333,0.023236,0.012568,0.001725,-1.083547,-1.034357,1.554284,-1.502908,0.014343,-0.013126,-0.900526,-1.143951,-1.655282,1.486100,-0.003601,0.010641
4.366667,0.036271,0.009353,0.001832,-1.086828,-1.033099,1.532106,-1.496158,0.009484,-0.010290,-0.928362,-1.146248,-1.641705,1.514148,-0.012044,-0.008670
4.400000,0.028755,0.012827,0.001048,-1.090789,-1.039901,1.543557,-1.503207,0.016770,-0.005240,-0.938021,-1.142752,-1.656406,1.536904,-0.014368,-0.008209
4.433333,0.025470,0.014194,0.007896,-1.079185,-1.037922,1.563795,-1.510006,0.004150,-0.010459,-0.942948,-1.119633,-1.673370,1.533296,0.000279,-0.010259
4.466667,0.031276,0.016697,0.011919,-1.057254,-1.018808,1.592898,-1.489373,0.011742,-0.002630,-0.940842,-1.113209,-1.676675,1.529608,-0.003434,-0.003261
4.500000,0.036868,0.022143,0.013309,-1.038510,-1.018330,1.599970,-1.485713,0.010484,-0.014699,-0.935014,-1.091634,-1.689975,1.514928,-0.004961,0.000642
4.533333,0.019044,0.027703,0.002262,-1.020746,-1.030040,1.612564,-1.496076,0.007223,-0.021511,-0.909305,-1.065196,-1.705816,1.506234,0.006412,0.011771
4.566667,0.012595,0.039980,-0.002687,-1.027237,-1.014653,1.615816,-1.500011,0.004526,-0.010816,-0.906109,-1.050567,-1.710603,1.508136,0.005960,0.019846
4.600000,0.012842,0.043633,-0.003703,-1.043125,-1.020144,1.608345,-1.503946,0.008163,-0.001084,-0.906608,-1.057856,-1.721233,1.524087,0.004279,0.025972
4.633333,-0.001260,0.038204,-0.012110,-1.050043,-1.034375,1.572672,-1.526585,0.003765,-0.010243,-0.908582,-1.053516,-1.713151,1.536487,0.011233,0.015625
4.666667,0.001689,0.038378,-0.028945,-1.039189,-1.028871,1.571710,-1.513243,0.011043,-0.002021,-0.907264,-1.060220,-1.711090,1.552072,0.016896,0.015638
4.700000,0.011735,0.036958,-0.016034,-1.039839,-1.019830,1.581740,-1.502598,0.012931,-0.001125,-0.918355,-1.069177,-1.715470,1.559215,0.019538,0.017142
4.733333,0.021642,0.026407,-0.011572,-1.006766,-1.024163,1.571216,-1.487100,0.013142,-0.011654,-0.921462,-1.063440,-1.712003,1.546817,0.018359,0.004519
4.766667,0.017029,0.028670,-0.016614,-0.986881,-1.040112,1.578342,-1.480705,0.009023,-0.011444,-0.920563,-1.051189,-1.689217,1.546817,0.020822,0.007091
4.800000,0.020705,0.030067,-0.010469,-0.984698,-1.046099,1.590057,-1.482217,0.007162,-0.012184,-0.913510,-1.046530,-1.696769,1.549914,0.021368,0.009381
4.833333,0.017218,0.029296,0.001916,-0.990944,-1.049668,1.576531,-1.485999,-0.002239,-0.011529,-0.917437,-1.029409,-1.695484,1.534432,0.019578,0.011536
4.866667,0.006727,0.035283,-0.000085,-0.984445,-1.043678,1.567191,-1.466459,0.000270,-0.002074,-0.908820,-1.013605,-1.688047,1.522409,0.014416,0.001690
4.900000,0.000419,0.036334,0.001740,-0.988991,-1.057625,1.585308,-1.466514,-0.001513,-0.003167,-0.900785,-1.004411,-1.684808,1.526281,0.016954,0.002005
4.933333,0.000491,0.029269,0.008817,-0.994201,-1.044020,1.571242,-1.472605,0.006304,-0.005612,-0.900206,-1.003320,-1.684371,1.521874,0.019759,0.000941
4.966667,-0.002526,0.037447,0.001679,-0.992405,-1.045063,1.559012,-1.467142,0.004494,-0.000000,-0.916577,-0.996218,-1.681459,1.528010,0.008813,0.001545
5.000000,-0.009485,0.035781,-0.001490,-0.983692,-1.048894,1.570134,-1.474922,0.007267,-0.005537,-0.917484,-0.995568,-1.680421,1.534521,0.006558,-0.004159
5.033333,0.007715,0.030359,-0.002436,-0.982701,-1.045884,1.561908,-1.493147,0.000672,-0.015756,-0.938889,-1.009030,-1.685362,1.548096,0.004865,-0.006687
5.066667,0.016314,0.030436,-0.010487,-0.995426,-1.017025,1.545231,-1.499640,0.006395,-0.009360,-0.961233,-1.020925,-1.692505,1.556622,-0.014474,-0.001197
5.100000,0.017864,0.032722,-0.014655,-0.995676,-1.014471,1.540625,-1.508819,0.002954,-0.016484,-0.965857,-1.017046,-1.718728,1.553813,-0.022402,-0.002741
5.133333,0.020149,0.023146,-0.010062,-0.998256,-0.988788,1.544211,-1.507579,-0.000015,-0.021109,-0.969032,-1.016741,-1.729256,1.544256,-0.012924,-0.012475
5.166667,0.029694,0.021734,-0.011593,-1.018560,-0.964860,1.531368,-1.520726,-0.005359,-0.028604,-0.987798,-1.022211,-1.737598,1.543263,-0.018769,-0.016407
5.200000,0.024887,0.020603,-0.010147,-1.034151,-0.958532,1.535723,-1.530998,0.000810,-0.028093,-0.989776,-1.025951,-1.746537,1.541333,-0.014409,-0.008036
5.233333,0.016700,0.025833,0.000966,-1.029370,-0.958507,1.551783,-1.520116,-0.000039,-0.034751,-0.986137,-1.021452,-1.745749,1.536441,0.003555,-0.009207
5.266667,0.033499,0.037058,0.008729,-1.050637,-0.931864,1.572538,-1.495718,0.008443,-0.013480,-0.985200,-1.045412,-1.746131,1.543657,-0.001127,-0.003015
5.300000,0.034312,0.042039,0.016071,-1.069360,-0.940846,1.571624,-1.494113,0.012396,-0.007834,-0.984206,-1.059151,-1.753309,1.544377,-0.003342,0.003994
5.333333,0.024753,0.043464,0.005874,-1.071576,-0.935584,1.578663,-1.489613,0.023387,-0.002766,-0.979535,-1.063590,-1.757301,1.554341,0.003294,0.010775
5.366667,0.019301,0.053305,0.005705,-1.085221,-0.931127,1.596451,-1.474308,0.013396,0.007801,-0.979992,-1.064075,-1.759207,1.556271,0.003047,0.015052
5.400000,0.024574,0.045934,0.004049,-1.101408,-0.946568,1.587309,-1.493827,0.007433,0.006305,-0.981780,-1.060796,-1.772811,1.556995,0.005947,0.014166
5.433333,0.010346,0.038949,-0.008333,-1.092384,-0.965936,1.582514,-1.524757,0.000035,-0.007489,-0.994897,-1.031164,-1.757272,1.552232,0.018136,0.011037
5.466667,0.007695,0.040176,-0.019143,-1.103275,-0.970405,1.594215,-1.540280,0.002921,-0.011278,-0.991753,-1.020019,-1.759762,1.558949,0.013057,0.021240
5.500000,0.006952,0.039423,-0.006493,-1.111840,-0.991380,1.596305,-1.543609,-0.001703,-0.007825,-0.995280,-1.017317,-1.761842,1.556564,0.012411,0.017113
5.533333,0.007966,0.032072,-0.009820,-1.091045,-1.009773,1.584944,-1.563738,0.009854,-0.011885,-0.991515,-1.022026,-1.763157,1.542173,0.010472,0.011106
5.566667,0.004869,0.028483,-0.010237,-1.088730,-1.023332,1.585214,-1.564051,0.018824,-0.002645,-0.993195,-1.025409,-1.760721,1.546341,-0.000550,0.014280
5.600000,0.003840,0.021188,-0.006078,-1.094745,-1.025357,1.577595,-1.563861,0.016888,-0.010842,-0.993702,-1.039159,-1.776001,1.545088,-0.004931,0.006826
5.633333,0.006229,0.017235,0.002411,-1.088973,-1.005846,1.567898,-1.557008,0.010018,-0.009793,-1.007468,-1.038810,-1.778983,1.537868,0.000747,-0.009892
5.666667,0.008058,0.020503,-0.001166,-1.083855,-0.985948,1.583467,-1.548958,0.010854,-0.004185,-1.018072,-1.045579,-1.784151,1.535204,-0.004007,-0.013885
5.700000,0.010222,0.017224,0.001799,-1.099639,-0.979118,1.583522,-1.546067,0.008476,-0.009175,-1.020160,-1.043454,-1.781926,1.541751,-0.002071,-0.013228
5.733333,0.018722,0.016497,-0.005795,-1.091129,-0.954618,1.585189,-1.528423,0.005353,-0.015017,-1.035571,-1.064309,-1.784179,1.541751,0.004599,-0.021218
5.766667,0.022381,0.018347,-0.013718,-1.090441,-0.963701,1.578228,-1.532497,0.002961,-0.015033,-1.033109,-1.069493,-1.787849,1.544923,0.006296,-0.015583
5.800000,0.018428,0.020303,-0.015687,-1.092123,-0.982400,1.575018,-1.535849,0.005559,-0.015282,-1.027656,-1.086959,-1.778633,1.546448,0.006287,-0.009956
5.833333,0.017067,0.014413,-0.009714,-1.098738,-0.981565,1.551976,-1.544392,0.004057,-0.021427,-1.021619,-1.079186,-1.766875,1.545635,0.004394,0.003928
5.866667,0.015746,0.020894,-0.008073,-1.116629,-0.970988,1.533695,-1.540041,0.001562,-0.010289,-1.023159,-1.095152,-1.758070,1.553478,0.001266,0.008227
5.900000,0.006649,0.024803,-0.000378,-1.127987,-0.979040,1.522949,-1.555777,-0.002584,-0.014601,-1.005000,-1.075550,-1.752677,1.548124,0.004146,0.010836
5.933333,0.001023,0.023020,0.008374,-1.131213,-0.968979,1.525574,-1.554580,0.001846,-0.014424,-1.006841,-1.071413,-1.748151,1.545615,0.004566,0.006797
5.966667,0.006844,0.018809,0.013201,-1.109571,-0.949302,1.505281,-1.536174,0.012389,-0.015293,-0.984132,-1.055609,-1.728810,1.528075,0.007760,0.002247
6.000000,0.014254,0.019996,0.016324,-1.066315,-0.969625,1.464821,-1.494945,0.015451,-0.005374,-0.938914,-1.065044,-1.692932,1.488585,0.003453,-0.001672
6.033333,0.013786,0.013883,0.014941,-0.987176,-0.999691,1.418667,-1.440463,0.017337,-0.014248,-0.879216,-1.073482,-1.639056,1.423230,0.006056,-0.007758
6.066667,0.008000,0.015875,0.010488,-0.907176,-1.036323,1.338667,-1.360464,0.017956,-0.008368,-0.799216,-1.099350,-1.559056,1.343230,0.005491,-0.008754
6.100000,0.008745,0.015972,0.007139,-0.807176,-1.086111,1.238667,-1.260463,0.012189,-0.006205,-0.716107,-1.145217,-1.459056,1.243230,0.001353,-0.008074
6.133333,0.001451,0.017918,0.002225,-0.707176,-1.172585,1.138667,-1.160463,0.004961,-0.004741,-0.667522,-1.208235,-1.359056,1.152441,-0.005643,-0.006266
6.166667,-0.019082,0.017092,-0.017069,-0.607176,-1.236153,1.038667,-1.060464,0.008683,-0.021723,-0.658938,-1.231254,-1.299056,1.101651,0.001108,-0.014713
6.200000,-0.021878,0.019406,-0.021715,-0.508762,-1.271746,0.938667,-0.960464,0.012213,-0.025006,-0.672037,-1.235559,-1.279056,1.090861,0.004657,-0.004779
6.233333,-0.016120,0.014445,-0.015218,-0.420778,-1.307803,0.838667,-0.860464,0.011531,-0.030441,-0.712660,-1.232719,-1.299056,1.120071,-0.000248,-0.006595
6.266667,-0.022787,0.013503,-0.020804,-0.336550,-1.333259,0.738667,-0.760463,0.021065,-0.043586,-0.746278,-1.189879,-1.359056,1.189281,-0.009996,-0.005121
6.300000,-0.024072,0.022060,-0.019826,-0.292322,-1.330665,0.638667,-0.660463,0.021077,-0.039463,-0.775282,-1.164886,-1.459056,1.289281,-0.006546,0.004519
6.333333,-0.012113,0.022299,-0.003435,-0.269397,-1.330003,0.538667,-0.560463,0.013767,-0.032164,-0.782606,-1.151144,-1.548447,1.352813,-0.008587,0.004191
6.366667,-0.003716,0.020028,0.000746,-0.265133,-1.317316,0.438667,-0.460463,0.020910,-0.023039,-0.787721,-1.132772,-1.617768,1.386346,-0.021589,-0.004661
6.400000,-0.004844,0.032843,-0.000414,-0.268425,-1.307533,0.346303,-0.360463,0.018805,-0.021416,-0.775148,-1.105731,-1.686780,1.401135,-0.027672,0.008077
6.433333,0.001703,0.031789,0.009713,-0.289647,-1.300024,0.271556,-0.276621,0.018333,-0.008718,-0.783998,-1.118689,-1.720027,1.404842,-0.017494,0.003236
6.466667,0.008589,0.026238,0.010490,-0.287040,-1.300885,0.218689,-0.227451,0.018947,-0.014314,-0.799907,-1.123989,-1.738556,1.382194,-0.013441,-0.003843
6.500000,0.011280,0.026295,0.008696,-0.292090,-1.320041,0.184108,-0.207689,0.019420,-0.010688,-0.809593,-1.123965,-1.767693,1.374024,-0.009744,0.011220
6.533333,0.005048,0.025624,0.011128,-0.291184,-1.355704,0.170783,-0.209595,0.009246,-0.016476,-0.818086,-1.148280,-1.791651,1.382657,-0.001535,0.012126
6.566667,0.012845,0.018931,0.015065,-0.294624,-1.374861,0.162582,-0.231737,0.019209,-0.012026,-0.836344,-1.200716,-1.791899,1.396363,0.003078,0.000226
6.600000,0.014910,0.020450,0.020984,-0.294335,-1.389187,0.155655,-0.249685,0.023107,-0.001698,-0.851977,-1.235167,-1.819646,1.390697,-0.000236,0.002425
6.633333,0.007978,0.015499,0.019521,-0.293782,-1.403158,0.147295,-0.272961,0.020362,-0.000278,-0.830639,-1.239414,-1.825072,1.371388,-0.009056,-0.001307
6.666667,0.009251,0.014919,0.020921,-0.273448,-1.400375,0.160650,-0.277185,0.022219,0.002249,-0.797204,-1.273829,-1.790498,1.334069,-0.014433,-0.019841
6.700000,0.018402,0.012396,0.017681,-0.255478,-1.401160,0.152748,-0.297037,0.020210,-0.007056,-0.745488,-1.303184,-1.741173,1.269944,-0.018084,-0.024735
6.733333,0.011795,0.005911,0.013492,-0.239851,-1.401160,0.143335,-0.327528,0.013822,-0.009235,-0.674170,-1.304604,-1.675867,1.179493,-0.015034,-0.021189
6.766667,0.005683,0.008729,0.002043,-0.215349,-1.390879,0.141440,-0.350105,0.012972,-0.009377,-0.574170,-1.284008,-1.578828,1.079493,-0.023279,-0.017817
6.800000,0.008117,0.017514,0.005730,-0.212753,-1.383775,0.132808,-0.360835,0.013810,0.002634,-0.474170,-1.283460,-1.478828,0.979493,-0.019487,-0.007506
6.833333,0.003928,0.015709,0.001210,-0.209964,-1.386558,0.101344,-0.384108,0.015612,-0.004252,-0.392013,-1.268003,-1.378828,0.879493,-0.015708,-0.001656
6.866667,-0.007794,0.015709,-0.008473,-0.202291,-1.385273,0.089883,-0.386574,0.023295,0.001667,-0.318895,-1.217607,-1.278828,0.779493,-0.008236,0.008461
6.900000,-0.007161,0.026854,-0.009558,-0.199308,-1.385007,0.084794,-0.377016,0.023096,-0.001402,-0.268359,-1.200980,-1.178828,0.679493,-0.005017,0.008867
6.933333,-0.009468,0.024076,-0.007785,-0.207428,-1.394208,0.066621,-0.381532,0.016554,-0.013556,-0.241252,-1.186795,-1.078828,0.579493,0.005655,0.003267
6.966667,-0.011504,0.022707,-0.024789,-0.207388,-1.383581,0.074738,-0.380181,0.029045,-0.019936,-0.251488,-1.190425,-0.978828,0.491402,0.012666,-0.004625
7.000000,-0.005081,0.027699,-0.025349,-0.215112,-1.366672,0.082989,-0.364447,0.025765,-0.013450,-0.243880,-1.185612,-0.878828,0.403311,0.014576,0.003973
7.033333,-0.001312,0.032395,-0.016657,-0.227609,-1.365314,0.072802,-0.347034,0.020307,-0.005758,-0.251823,-1.209583,-0.778828,0.315220,0.007580,-0.002601
7.066667,-0.004361,0.037023,-0.022519,-0.250743,-1.345132,0.084995,-0.350767,0.015033,0.007412,-0.277185,-1.207583,-0.678828,0.267130,0.003233,-0.008083
7.100000,0.000599,0.042543,-0.019243,-0.293691,-1.328098,0.123862,-0.376379,0.012153,0.018997,-0.319118,-1.221982,-0.599616,0.259039,0.006133,0.000480
7.133333,0.002651,0.038383,-0.005201,-0.346987,-1.311065,0.162729,-0.419704,-0.003049,0.021131,-0.363708,-1.202391,-0.560404,0.279039,-0.001285,0.000032
7.166667,-0.003473,0.049522,-0.004293,-0.423532,-1.269861,0.224295,-0.494511,-0.005910,0.028170,-0.448299,-1.179134,-0.561192,0.339039,-0.008700,0.000604
7.200000,-0.008441,0.049020,-0.001955,-0.523533,-1.220167,0.324295,-0.594511,0.000376,0.031044,-0.548299,-1.160616,-0.601981,0.439039,-0.009682,0.009700
7.233333,0.002138,0.032669,0.003210,-0.623532,-1.191587,0.424295,-0.694511,0.001133,0.018850,-0.648299,-1.161663,-0.682769,0.539039,-0.001818,0.013265
7.266667,0.007031,0.029773,-0.001186,-0.723532,-1.161772,0.524294,-0.794511,0.013168,0.018117,-0.748299,-1.162829,-0.782769,0.639039,-0.017278,0.003578
7.300000,0.012036,0.030257,-0.004332,-0.823532,-1.160756,0.624295,-0.894511,0.016014,0.014364,-0.835877,-1.157985,-0.882769,0.739039,-0.017758,0.008599
7.333333,0.014969,0.015852,0.002775,-0.923532,-1.178183,0.724295,-0.994511,0.020664,0.010942,-0.900625,-1.184062,-0.982769,0.839039,-0.005926,0.000677
7.366667,0.026386,0.011658,0.002998,-1.004932,-1.187565,0.824295,-1.094511,0.015360,0.011003,-0.958424,-1.187773,-1.082769,0.939039,-0.010686,-0.015721
7.400000,0.019588,0.015020,0.002031,-1.058962,-1.203721,0.924295,-1.194511,0.023174,0.015233,-0.982679,-1.186028,-1.182769,1.039039,-0.012810,-0.016185
7.433333,0.014413,0.015874,0.008684,-1.073576,-1.203407,1.024295,-1.262820,0.012007,0.007851,-0.985019,-1.165324,-1.282769,1.139039,0.003528,-0.015707
7.466667,0.019553,0.018782,0.012600,-1.058285,-1.181724,1.124295,-1.305402,0.017333,0.013371,-0.979741,-1.163615,-1.382769,1.239039,-0.001824,-0.008590
7.500000,0.023955,0.025744,0.014670,-1.036451,-1.181597,1.224295,-1.344412,0.012784,0.002879,-0.971580,-1.147152,-1.482769,1.325591,-0.003534,-0.007601
7.533333,0.006611,0.031178,0.003456,-1.014299,-1.195257,1.324295,-1.368294,0.007657,-0.005197,-0.943414,-1.122751,-1.582769,1.400045,0.006606,0.001443
7.566667,-0.000981,0.043846,-0.000365,-1.019516,-1.178193,1.424295,-1.382030,0.004861,0.007563,-0.939810,-1.110212,-1.682769,1.466237,0.002928,0.010935
7.600000,0.002204,0.046499,-0.000374,-1.028988,-1.183693,1.524295,-1.387458,0.005777,0.017678,-0.939387,-1.123230,-1.772181,1.511265,0.003678,0.019979
7.633333,-0.009520,0.039851,-0.008832,-1.032641,-1.199447,1.595804,-1.398962,0.005688,0.008874,-0.936118,-1.121824,-1.825758,1.523744,0.012605,0.012113
7.666667,-0.005333,0.038401,-0.026826,-1.017504,-1.195071,1.662463,-1.378561,0.016973,0.017568,-0.934851,-1.128492,-1.869576,1.543383,0.012453,0.014028
7.700000,0.002414,0.038497,-0.013910,-1.013683,-1.191149,1.706625,-1.361628,0.021651,0.020776,-0.946936,-1.142556,-1.898536,1.549703,0.019121,0.015685
7.733333,0.009323,0.026685,-0.011560,-0.977004,-1.195487,1.723483,-1.330181,0.021103,0.009695,-0.951454,-1.143769,-1.900230,1.530816,0.020297,0.004459
7.766667,0.005864,0.028038,-0.017097,-0.960253,-1.211935,1.727567,-1.310668,0.017321,0.009634,-0.950832,-1.134782,-1.881063,1.531980,0.019662,0.004679
7.800000,0.006910,0.029938,-0.010117,-0.961676,-1.222785,1.737987,-1.307503,0.010161,0.011932,-0.951190,-1.135875,-1.894680,1.534204,0.021026,0.000511
7.833333,0.004434,0.031047,0.002208,-0.972825,-1.224917,1.721365,-1.307121,-0.000369,0.011898,-0.958814,-1.126888,-1.895276,1.512746,0.023282,0.001712
7.866667,-0.005332,0.036109,-0.000051,-0.972839,-1.216470,1.712298,-1.289426,0.001211,0.019201,-0.952042,-1.117233,-1.897429,1.497412,0.013365,-0.005942
7.900000,-0.010520,0.038217,0.003170,-0.985251,-1.231857,1.724769,-1.292342,0.001110,0.017699,-0.950771,-1.112915,-1.902171,1.500331,0.014075,-0.006386
7.933333,-0.009732,0.033595,0.009354,-0.997898,-1.222196,1.711811,-1.300938,0.010230,0.016672,-0.955805,-1.122299,-1.905906,1.486755,0.017957,-0.008162
7.966667,-0.009484,0.040709,0.001361,-1.010627,-1.225351,1.700890,-1.304658,0.013566,0.019621,-0.972671,-1.123628,-1.901507,1.489829,0.010171,-0.001884
8.000000,-0.021606,0.039332,-0.001354,-1.022831,-1.238941,1.709666,-1.330116,0.016559,0.016322,-0.972038,-1.129198,-1.893223,1.488160,0.007213,-0.005170
8.033333,-0.003175,0.033183,-0.002778,-1.043586,-1.243202,1.697894,-1.364534,0.012996,0.007493,-0.991915,-1.148975,-1.879264,1.495735,0.007244,-0.009467
8.066667,0.001464,0.033953,-0.011038,-1.073926,-1.226776,1.678602,-1.387816,0.015284,0.014652,-1.003518,-1.168505,-1.866670,1.502987,-0.013277,-0.002149
8.100000,0.002254,0.034597,-0.015102,-1.091227,-1.233572,1.671318,-1.411257,0.011164,0.005318,-0.997677,-1.162781,-1.864934,1.491211,-0.019756,-0.006002
8.133333,0.004731,0.025581,-0.011137,-1.098764,-1.218911,1.665327,-1.420252,0.005316,0.003039,-0.992606,-1.162536,-1.852311,1.473808,-0.012121,-0.017186
8.166667,0.016761,0.021605,-0.012719,-1.116527,-1.199690,1.648695,-1.435592,-0.002139,-0.003268,-1.000911,-1.165229,-1.844788,1.471421,-0.017389,-0.021192
8.200000,0.008956,0.019873,-0.011694,-1.126009,-1.203253,1.644993,-1.445150,0.001885,0.000391,-0.996908,-1.167552,-1.841027,1.466601,-0.012373,-0.011780
8.233333,0.006645,0.024393,-0.001030,-1.112547,-1.205397,1.651191,-1.432807,0.004016,-0.006329,-0.990096,-1.161615,-1.828851,1.454710,0.008686,-0.013611
8.266667,0.022067,0.035850,0.005743,-1.124729,-1.181810,1.659078,-1.407399,0.011677,0.017854,-0.988041,-1.186719,-1.827709,1.473443,0.004874,-0.006767
8.300000,0.022135,0.040107,0.012923,-1.140439,-1.192329,1.653773,-1.404615,0.017189,0.022657,-0.985964,-1.199748,-1.828130,1.478191,0.003429,-0.000179
8.333333,0.014568,0.041743,0.003196,-1.139224,-1.191550,1.655660,-1.399360,0.029963,0.025867,-0.982784,-1.206818,-1.828065,1.495081,0.011686,0.004318
8.366667,0.014483,0.052854,0.003246,-1.148741,-1.187712,1.668208,-1.382259,0.020685,0.032778,-0.983692,-1.203333,-1.827279,1.513078,0.010104,0.011196
8.400000,0.018489,0.046346,0.002518,-1.164467,-1.199485,1.656516,-1.402243,0.018644,0.029540,-0.990524,-1.193409,-1.835785,1.523333,0.010041,0.008445
8.433333,0.005206,0.039115,-0.008786,-1.153186,-1.213966,1.643343,-1.433430,0.012892,0.015126,-1.006504,-1.156718,-1.814852,1.516561,0.017675,0.007725
8.466667,0.001078,0.041663,-0.017917,-1.161817,-1.211276,1.646012,-1.463379,0.014579,0.009396,-1.006256,-1.140374,-1.814432,1.528260,0.010901,0.017885
8.500000,-0.001732,0.041078,-0.005425,-1.171061,-1.222600,1.637679,-1.467544,0.012180,0.015309,-1.017010,-1.131816,-1.802515,1.528872,0.005751,0.017073
8.533333,-0.002767,0.033173,-0.008142,-1.150670,-1.229513,1.613886,-1.489823,0.019387,0.010886,-1.020307,-1.136040,-1.788647,1.512168,0.007358,0.012179
8.566667,-0.008232,0.029159,-0.009104,-1.150846,-1.235453,1.600145,-1.496032,0.023882,0.021333,-1.024113,-1.139476,-1.775338,1.522523,-0.000508,0.018195
8.600000,-0.013879,0.019912,-0.004055,-1.161145,-1.232046,1.587491,-1.502047,0.022400,0.012401,-1.029655,-1.157481,-1.773981,1.531719,-0.003146,0.008676
8.633333,-0.009109,0.015183,0.004179,-1.158379,-1.208257,1.565266,-1.487660,0.015211,0.014565,-1.049180,-1.158242,-1.759603,1.529465,0.001516,-0.004520
8.666667,-0.007075,0.018301,0.000604,-1.155395,-1.179360,1.569687,-1.480692,0.013910,0.018238,-1.062079,-1.166759,-1.758266,1.530104,-0.001377,-0.009400
8.700000,-0.007119,0.015530,0.003895,-1.170725,-1.165306,1.561468,-1.484093,0.012296,0.016298,-1.065083,-1.165619,-1.746229,1.537315,-0.000490,-0.014251
8.733333,0.001818,0.014435,-0.004245,-1.160822,-1.138192,1.556266,-1.465903,0.007695,0.009933,-1.083782,-1.187729,-1.742756,1.537315,0.003207,-0.022070
8.766667,0.006093,0.018584,-0.012668,-1.149840,-1.141099,1.535964,-1.469586,0.004285,0.009026,-1.081854,-1.190248,-1.745578,1.535933,0.003678,-0.013917
8.800000,0.000743,0.020510,-0.015514,-1.121775,-1.151752,1.516261,-1.472187,0.006977,0.007197,-1.069676,-1.202549,-1.745479,1.537168,0.005476,-0.014875
8.833333,-0.001119,0.015248,-0.009718,-1.093975,-1.147769,1.469344,-1.479548,0.005927,0.001349,-1.056053,-1.191370,-1.739543,1.534439,0.004376,-0.002974
8.866667,0.002909,0.021120,-0.008098,-1.061265,-1.129893,1.423077,-1.462908,0.006225,0.007136,-1.044727,-1.203834,-1.743715,1.543932,-0.001082,0.003394
8.900000,-0.004802,0.022714,0.000395,-1.020831,-1.129364,1.371892,-1.455438,0.003211,0.002582,-1.008104,-1.181514,-1.755374,1.527861,0.000717,0.004791
8.933333,-0.008203,0.018109,0.009457,-0.960753,-1.113711,1.340707,-1.430379,0.006587,0.003126,-0.991481,-1.176135,-1.768785,1.517366,-0.000606,-0.000493
8.966667,-0.003441,0.014106,0.015075,-0.894617,-1.090312,1.294668,-1.401391,0.017390,-0.003942,-0.980261,-1.197872,-1.773268,1.498611,0.004168,0.000602
9.000000,0.001340,0.017037,0.018399,-0.810653,-1.069309,1.235844,-1.378218,0.019620,-0.002709,-0.980437,-1.240315,-1.786966,1.497833,0.000562,-0.001026
9.033333,-0.006107,0.013011,0.017260,-0.710653,-1.043683,1.178130,-1.371133,0.023975,-0.017342,-0.983291,-1.269721,-1.793256,1.487883,0.004094,-0.005120
9.066667,-0.014364,0.018844,0.013365,-0.610653,-1.007211,1.124402,-1.370342,0.025857,-0.018189,-0.997758,-1.298608,-1.792845,1.503954,0.006146,-0.006459
9.100000,-0.016432,0.023888,0.010081,-0.510653,-0.962862,1.055217,-1.365524,0.022616,-0.022228,-1.003651,-1.341536,-1.798583,1.508791,0.005007,-0.001197
9.133333,-0.022305,0.028163,0.006111,-0.427113,-0.950418,0.993377,-1.367490,0.016106,-0.021902,-1.008802,-1.363795,-1.796886,1.526320,-0.004348,-0.000364
9.166667,-0.042110,0.029873,-0.012296,-0.345944,-0.952587,0.964470,-1.350121,0.018957,-0.038353,-1.002648,-1.351233,-1.788560,1.526077,0.002047,-0.008863
9.200000,-0.041004,0.033896,-0.017830,-0.304194,-0.944016,0.951141,-1.332799,0.020647,-0.040813,-0.997783,-1.351707,-1.803227,1.525745,0.005876,0.004286
9.233333,-0.036498,0.031234,-0.013810,-0.272947,-0.949277,0.913876,-1.324269,0.020277,-0.044895,-0.991567,-1.367394,-1.793473,1.512734,-0.000279,0.006905
9.266667,-0.042129,0.032544,-0.021224,-0.241701,-0.965631,0.885771,-1.324160,0.028647,-0.057845,-0.982815,-1.352052,-1.759766,1.503343,-0.009293,0.008167
9.300000,-0.044959,0.042675,-0.023738,-0.233994,-0.955253,0.890322,-1.328000,0.029857,-0.050994,-0.981805,-1.357379,-1.758364,1.514333,-0.007790,0.018911
9.333333,-0.031457,0.042019,-0.009153,-0.250872,-0.945681,0.896833,-1.348928,0.025037,-0.043525,-0.978023,-1.378347,-1.759588,1.512632,-0.011367,0.022304
9.366667,-0.025469,0.038779,-0.004276,-0.244737,-0.925855,0.907722,-1.347492,0.032624,-0.029737,-0.979850,-1.370421,-1.742568,1.498357,-0.026402,0.010649
9.400000,-0.024869,0.051399,-0.004275,-0.238380,-0.907300,0.956917,-1.359460,0.026894,-0.029813,-0.966777,-1.347573,-1.762499,1.490425,-0.032744,0.020282
9.433333,-0.017782,0.048435,0.007109,-0.248337,-0.875837,1.017494,-1.371876,0.024115,-0.018553,-0.976096,-1.361712,-1.783262,1.500624,-0.024864,0.013052
9.466667,-0.011798,0.043613,0.011042,-0.218293,-0.847051,1.066418,-1.382105,0.023760,-0.026482,-0.991284,-1.358208,-1.788287,1.488731,-0.019543,0.007313
9.500000,-0.009361,0.044144,0.010779,-0.171897,-0.827051,1.108590,-1.397419,0.021531,-0.023227,-0.997156,-1.341159,-1.811258,1.488133,-0.017629,0.021452
9.533333,-0.015665,0.045953,0.013930,-0.115109,-0.819235,1.149503,-1.421720,0.009168,-0.036031,-0.998616,-1.349636,-1.817875,1.505515,-0.009751,0.022505
9.566667,-0.008009,0.039013,0.019655,-0.064332,-0.795608,1.166530,-1.426919,0.021354,-0.029593,-1.017030,-1.376250,-1.808785,1.526458,-0.002932,0.016727
9.600000,-0.007631,0.041486,0.026048,-0.008320,-0.781827,1.178030,-1.423282,0.027248,-0.021056,-1.033691,-1.382863,-1.830674,1.536884,-0.008599,0.019755
9.633333,-0.013127,0.035522,0.026009,0.029564,-0.774981,1.175551,-1.423949,0.022575,-0.019378,-1.016368,-1.376857,-1.838499,1.533782,-0.015618,0.017479
9.666667,-0.013936,0.035044,0.028609,0.046065,-0.770526,1.182316,-1.396654,0.026259,-0.017441,-1.028484,-1.392295,-1.832541,1.547205,-0.017844,-0.000280
9.700000,-0.006812,0.030632,0.025675,0.055493,-0.771834,1.168622,-1.389765,0.025488,-0.026845,-1.045835,-1.395419,-1.855822,1.552649,-0.019203,-0.002232
9.733333,-0.014406,0.024392,0.022027,0.053262,-0.784387,1.147910,-1.386298,0.019371,-0.031492,-1.040514,-1.391071,-1.864148,1.540771,-0.015900,-0.003557
9.766667,-0.019669,0.025488,0.011808,0.040134,-0.795432,1.126351,-1.366824,0.016928,-0.031367,-1.021303,-1.373468,-1.852309,1.526745,-0.019498,-0.000943
9.800000,-0.019248,0.032946,0.014033,0.005133,-0.816768,1.096735,-1.345859,0.021552,-0.018931,-1.018196,-1.383730,-1.852063,1.521985,-0.017307,0.008353
9.833333,-0.024082,0.029125,0.009086,-0.018777,-0.843764,1.042924,-1.347738,0.023615,-0.024448,-1.005309,-1.388049,-1.850620,1.510726,-0.012901,0.013728
9.866667,-0.034859,0.025953,-0.000458,-0.053035,-0.877706,1.005359,-1.331512,0.033968,-0.017979,-0.980511,-1.368049,-1.833898,1.508516,-0.004629,0.022700
9.900000,-0.033182,0.034813,-0.003201,-0.098481,-0.909077,0.971203,-1.308995,0.035841,-0.020986,-0.977235,-1.372397,-1.835861,1.518380,-0.002704,0.023837
9.933333,-0.034813,0.031826,-0.001654,-0.148132,-0.946259,0.925885,-1.301258,0.033233,-0.031837,-0.984011,-1.381771,-1.830700,1.514854,0.007855,0.017831
9.966667,-0.035567,0.030121,-0.018680,-0.197783,-0.963650,0.913090,-1.269773,0.045333,-0.038906,-1.012217,-1.381771,-1.818457,1.535236,0.014981,0.010196
10.000000,-0.027410,0.037244,-0.021530,-0.266540,-0.986389,0.888738,-1.215444,0.044655,-0.035720,-1.023670,-1.380476,-1.813994,1.540032,0.020748,0.016373
10.033333,-0.022412,0.044804,-0.016248,-0.351860,-1.024236,0.848806,-1.151336,0.040687,-0.030913,-1.054922,-1.400476,-1.793060,1.527664,0.013875,0.007299
10.066667,-0.025727,0.048819,-0.022988,-0.438041,-1.054503,0.837486,-1.109200,0.037713,-0.026939,-1.060303,-1.380476,-1.744102,1.522723,0.010691,0.001153
10.100000,-0.020983,0.051659,-0.019895,-0.538041,-1.088089,0.858617,-1.092284,0.035836,-0.023821,-1.045417,-1.350360,-1.688425,1.537878,0.013853,0.011609
10.133333,-0.016914,0.047869,-0.005553,-0.638041,-1.116388,0.880915,-1.114408,0.023126,-0.027922,-1.005059,-1.306291,-1.618038,1.522063,0.005902,0.011827
10.166667,-0.019315,0.056085,-0.002596,-0.738041,-1.127205,0.941581,-1.176531,0.019220,-0.025936,-0.970303,-1.250098,-1.518038,1.515054,-0.006450,0.013056
10.200000,-0.022542,0.054238,0.002494,-0.838041,-1.123749,1.041581,-1.276531,0.023847,-0.028216,-0.929171,-1.199905,-1.418251,1.516387,-0.008501,0.024052
10.233333,-0.010492,0.039737,0.008231,-0.938041,-1.127039,1.141581,-1.366485,0.026080,-0.035763,-0.917061,-1.182384,-1.331569,1.514717,-0.002818,0.027220
10.266667,-0.004334,0.039054,0.003555,-1.032563,-1.125299,1.241581,-1.417513,0.037844,-0.032777,-0.928554,-1.182649,-1.264706,1.517112,-0.019363,0.019034
10.300000,0.000596,0.038577,-0.000541,-1.099261,-1.157072,1.341581,-1.465002,0.040918,-0.037383,-0.949099,-1.169727,-1.237844,1.528107,-0.019602,0.022694
10.333333,0.001723,0.024716,0.006532,-1.155010,-1.184628,1.441581,-1.490295,0.047324,-0.035859,-0.971620,-1.190225,-1.233075,1.541578,-0.009910,0.014475
10.366667,0.014356,0.020109,0.005996,-1.186878,-1.204880,1.518617,-1.489285,0.044804,-0.032986,-1.007089,-1.192007,-1.252551,1.556554,-0.015425,-0.003077
10.400000,0.006255,0.023714,0.005160,-1.195590,-1.229170,1.594763,-1.491073,0.050353,-0.028301,-1.022985,-1.193336,-1.289568,1.565181,-0.017535,-0.002773
10.433333,0.003170,0.023459,0.011517,-1.169780,-1.237141,1.660682,-1.491786,0.039759,-0.033604,-1.026810,-1.175223,-1.334861,1.556598,-0.002018,-0.006308
10.466667,0.010266,0.025653,0.016235,-1.143304,-1.220744,1.725109,-1.468064,0.045290,-0.024923,-1.028094,-1.174627,-1.369586,1.547428,-0.004811,-0.000144
10.500000,0.014707,0.031960,0.018106,-1.123126,-1.223342,1.749536,-1.464176,0.041555,-0.034866,-1.026013,-1.160165,-1.406988,1.538636,-0.005180,0.003529
10.533333,-0.002624,0.037887,0.007288,-1.110514,-1.239824,1.767009,-1.475444,0.036622,-0.041655,-1.001111,-1.142740,-1.443166,1.535879,0.003412,0.015842
10.566667,-0.009259,0.049410,0.003510,-1.121058,-1.224997,1.777503,-1.482397,0.036812,-0.032490,-0.998959,-1.133098,-1.477415,1.535879,0.001465,0.027551
10.600000,-0.007340,0.052030,0.003137,-1.139878,-1.228749,1.771942,-1.489349,0.039929,-0.025011,-0.998793,-1.152243,-1.519608,1.544461,0.003128,0.036070
10.633333,-0.021679,0.045482,-0.005364,-1.153912,-1.240521,1.737163,-1.509882,0.038474,-0.035167,-0.996858,-1.159049,-1.539045,1.553381,0.010350,0.026295
10.666667,-0.019076,0.044483,-0.023353,-1.148334,-1.231432,1.739885,-1.498943,0.046587,-0.028505,-0.994943,-1.175213,-1.570576,1.562173,0.012843,0.026126
10.700000,-0.010580,0.043601,-0.009700,-1.152774,-1.217214,1.750217,-1.489927,0.049228,-0.025923,-1.007826,-1.197164,-1.602970,1.564930,0.018383,0.027247
10.733333,-0.001789,0.031848,-0.006396,-1.127672,-1.216367,1.739840,-1.470034,0.046377,-0.036834,-1.010485,-1.207774,-1.621182,1.557416,0.019797,0.013649
10.766667,-0.007516,0.035269,-0.012224,-1.114148,-1.225318,1.748176,-1.459892,0.042616,-0.033995,-1.010237,-1.205546,-1.615362,1.557416,0.018518,0.014290
10.800000,-0.003936,0.037121,-0.005865,-1.121057,-1.228235,1.763606,-1.464144,0.039825,-0.032802,-1.008986,-1.216637,-1.639896,1.562486,0.018052,0.015410
10.833333,-0.007409,0.037384,0.006462,-1.135863,-1.225694,1.753937,-1.468118,0.030371,-0.034100,-1.014169,-1.215312,-1.652331,1.555671,0.018156,0.016974
10.866667,-0.016745,0.042288,0.003712,-1.135899,-1.213824,1.748261,-1.451333,0.033231,-0.026176,-1.006573,-1.214244,-1.662200,1.550496,0.011645,0.007772
10.900000,-0.021661,0.044269,0.005899,-1.142452,-1.220201,1.766098,-1.452034,0.035020,-0.025172,-1.004343,-1.219449,-1.676431,1.558010,0.012713,0.008527
10.933333,-0.020995,0.037727,0.012224,-1.156333,-1.205125,1.756332,-1.457820,0.041605,-0.028477,-1.008882,-1.236763,-1.691417,1.558010,0.017111,0.008338
10.966667,-0.022757,0.046176,0.004349,-1.157535,-1.203515,1.750410,-1.449581,0.041823,-0.025192,-1.025790,-1.243290,-1.698191,1.558010,0.009920,0.010447
11.000000,-0.032287,0.044611,0.000998,-1.150480,-1.208237,1.761550,-1.454062,0.045130,-0.029032,-1.022649,-1.253434,-1.697495,1.564692,0.006845,0.006569
11.033333,-0.016264,0.039538,-0.000561,-1.148977,-1.207419,1.760262,-1.464043,0.037398,-0.039272,-1.037776,-1.275030,-1.695865,1.569867,0.004062,0.003671
11.066667,-0.010576,0.039616,-0.008537,-1.157111,-1.186108,1.750730,-1.462573,0.039147,-0.032170,-1.047346,-1.293216,-1.691891,1.569867,-0.014885,0.009612
11.100000,-0.009188,0.040225,-0.012683,-1.147395,-1.188995,1.751753,-1.461614,0.036823,-0.040299,-1.036285,-1.288635,-1.695993,1.568537,-0.021609,0.008200
11.133333,-0.007084,0.029174,-0.008040,-1.135416,-1.169325,1.754159,-1.452824,0.029898,-0.042566,-1.025086,-1.284965,-1.691309,1.563295,-0.014366,-0.001288
11.166667,0.005604,0.025853,-0.008701,-1.142632,-1.151187,1.744527,-1.460855,0.023912,-0.049614,-1.031794,-1.287149,-1.688158,1.557972,-0.019130,-0.004395
11.200000,0.001187,0.024513,-0.007216,-1.144495,-1.151852,1.744539,-1.466973,0.029051,-0.046837,-1.023675,-1.288606,-1.688528,1.557972,-0.013296,0.002632
11.233333,-0.003753,0.029346,0.003545,-1.126292,-1.155332,1.757475,-1.453732,0.030254,-0.052311,-1.014068,-1.279514,-1.684813,1.557727,0.005188,0.000358
11.266667,0.012298,0.040341,0.011255,-1.136516,-1.132987,1.768269,-1.429179,0.036175,-0.029606,-1.008513,-1.302068,-1.686818,1.559057,-0.000262,0.006108
11.300000,0.012600,0.046458,0.018293,-1.148764,-1.147248,1.765087,-1.426484,0.040607,-0.024987,-1.005028,-1.314913,-1.689382,1.560402,-0.002131,0.011858
11.333333,0.003366,0.049077,0.008351,-1.142828,-1.147899,1.770027,-1.418442,0.055244,-0.023559,-0.996675,-1.319707,-1.689915,1.565858,0.002893,0.016705
11.366667,-0.001902,0.060144,0.008578,-1.150856,-1.147298,1.784945,-1.401963,0.049602,-0.014932,-0.997069,-1.314944,-1.693550,1.565858,0.002304,0.022158
11.400000,0.000603,0.053008,0.007182,-1.164556,-1.164213,1.770831,-1.420177,0.045370,-0.018023,-0.997967,-1.306170,-1.702757,1.566104,0.002264,0.021196
11.433333,-0.013256,0.046474,-0.004573,-1.150714,-1.183185,1.761172,-1.452731,0.039015,-0.031102,-1.012919,-1.267024,-1.690547,1.565006,0.013014,0.019117
11.466667,-0.015440,0.048296,-0.014197,-1.154975,-1.186096,1.766727,-1.480251,0.042043,-0.035168,-1.007847,-1.248697,-1.697748,1.568903,0.008394,0.029862
11.500000,-0.016192,0.046176,-0.001534,-1.161859,-1.204392,1.762945,-1.484501,0.035687,-0.027009,-1.012641,-1.236125,-1.697933,1.568903,0.007677,0.028908
11.533333,-0.012660,0.038330,-0.003981,-1.137169,-1.220693,1.744141,-1.503013,0.042743,-0.030160,-1.009772,-1.236708,-1.696209,1.559248,0.007318,0.024545
11.566667,-0.014531,0.034800,-0.004751,-1.131965,-1.233948,1.738242,-1.505997,0.048323,-0.019990,-1.010942,-1.235690,-1.698299,1.559248,-0.001850,0.029214
11.600000,-0.017025,0.027434,0.000018,-1.135796,-1.238018,1.732829,-1.504132,0.047961,-0.029455,-1.009343,-1.248619,-1.708558,1.560346,-0.005580,0.022063
11.633333,-0.013374,0.022596,0.008391,-1.130383,-1.219504,1.721461,-1.484384,0.042866,-0.028201,-1.023864,-1.244718,-1.708028,1.556067,-0.000307,0.006422
11.666667,-0.011831,0.026138,0.004249,-1.110063,-1.195518,1.726072,-1.472999,0.042651,-0.024116,-1.035361,-1.249353,-1.715987,1.555439,-0.005114,0.000309
11.700000,-0.013941,0.022539,0.006938,-1.088223,-1.182010,1.716826,-1.464810,0.039808,-0.029646,-1.030274,-1.244370,-1.706244,1.559816,-0.004225,-0.002639
11.733333,-0.005680,0.021235,-0.000245,-1.034676,-1.151840,1.684091,-1.433224,0.036278,-0.036181,-1.040347,-1.264025,-1.700746,1.559817,0.001840,-0.012186
11.766667,-0.003516,0.022849,-0.008297,-0.961877,-1.149544,1.633173,-1.418569,0.033998,-0.035583,-1.032910,-1.271148,-1.691538,1.555810,0.000595,-0.009149
11.800000,-0.008264,0.023484,-0.009917,-0.865980,-1.149435,1.565362,-1.404094,0.033140,-0.035031,-1.005691,-1.289316,-1.672248,1.547990,-0.001403,-0.007944
11.833333,-0.012316,0.017501,-0.002892,-0.778377,-1.134181,1.465362,-1.398697,0.031787,-0.040904,-0.979691,-1.283640,-1.647759,1.539259,-0.004555,0.003101
11.866667,-0.009867,0.023141,-0.000213,-0.724682,-1.108253,1.365362,-1.383089,0.028361,-0.029419,-0.967700,-1.301598,-1.634375,1.544536,-0.009200,0.008007
11.900000,-0.018448,0.026424,0.007809,-0.671943,-1.100129,1.305228,-1.393948,0.021400,-0.031415,-0.940921,-1.286983,-1.631208,1.535555,-0.008342,0.010332
11.933333,-0.021718,0.024298,0.016767,-0.639203,-1.079538,1.265093,-1.394347,0.019845,-0.029618,-0.934141,-1.284386,-1.638438,1.530581,-0.008099,0.006843
11.966667,-0.013019,0.020562,0.018724,-0.646464,-1.056759,1.264959,-1.410385,0.026009,-0.027743,-0.918481,-1.266755,-1.645971,1.519312,0.000986,0.005980
12.000000,-0.000655,0.021905,0.018455,-0.681328,-1.063811,1.304824,-1.432170,0.023683,-0.015736,-0.901545,-1.234182,-1.665183,1.525303,0.003192,0.003343
12.033333,0.001099,0.016205,0.013399,-0.722284,-1.063503,1.384690,-1.466614,0.024446,-0.022268,-0.879112,-1.182495,-1.680698,1.523673,0.008491,0.000764
12.066667,-0.000376,0.018604,0.006293,-0.802284,-1.054076,1.464690,-1.492485,0.022430,-0.016102,-0.856692,-1.131319,-1.683165,1.532655,0.014340,-0.001098
12.100000,0.004791,0.019520,-0.000164,-0.892257,-1.037270,1.555179,-1.516127,0.012872,-0.013949,-0.826287,-1.093170,-1.691341,1.537256,0.015037,0.001576
12.133333,-0.000635,0.022957,-0.005065,-0.968432,-1.051092,1.621038,-1.530999,0.006619,-0.014077,-0.817002,-1.074797,-1.685588,1.555238,0.005184,0.002949
12.166667,-0.021622,0.024947,-0.024302,-1.004733,-1.051801,1.680183,-1.520159,0.006309,-0.032109,-0.797463,-1.062036,-1.660236,1.542877,0.009783,-0.003971
12.200000,-0.021681,0.027218,-0.029404,-1.041034,-1.045460,1.719827,-1.507076,0.009209,-0.034705,-0.771538,-1.068389,-1.644030,1.519766,0.016937,0.006568
12.233333,-0.015576,0.022551,-0.024671,-1.049951,-1.055177,1.724841,-1.502718,0.010315,-0.039369,-0.746422,-1.092496,-1.605353,1.490827,0.008988,0.007992
12.266667,-0.022233,0.022470,-0.032155,-1.028895,-1.080724,1.703851,-1.498319,0.022685,-0.047993,-0.713015,-1.089316,-1.540967,1.449764,0.002709,0.011634
12.300000,-0.024815,0.031551,-0.033805,-1.021636,-1.085331,1.700445,-1.486675,0.023532,-0.039356,-0.685139,-1.106359,-1.499023,1.428845,0.007642,0.024493
12.333333,-0.011328,0.028627,-0.018402,-1.033222,-1.093175,1.684995,-1.493472,0.022334,-0.030056,-0.664738,-1.141456,-1.469301,1.398269,0.006302,0.027804
12.366667,-0.005406,0.027090,-0.014122,-1.019218,-1.087760,1.658039,-1.477438,0.026574,-0.017316,-0.660809,-1.152480,-1.437382,1.364164,-0.010227,0.017676
12.400000,-0.004391,0.041357,-0.014392,-1.013851,-1.085854,1.658301,-1.470361,0.023032,-0.013835,-0.642111,-1.140180,-1.444664,1.337847,-0.011958,0.031060
12.433333,0.001085,0.039013,-0.003713,-1.033075,-1.075249,1.669162,-1.467411,0.021245,-0.005267,-0.651739,-1.162142,-1.454882,1.338732,-0.006548,0.024913
12.466667,0.006060,0.033965,-0.000418,-1.026356,-1.068290,1.669289,-1.468031,0.021627,-0.012870,-0.674716,-1.163803,-1.469762,1.326381,-0.004914,0.014756
12.500000,0.009696,0.035422,-0.001830,-1.035216,-1.075691,1.673639,-1.474694,0.017262,-0.010668,-0.691402,-1.142100,-1.507270,1.340308,-0.002859,0.026393
12.533333,0.003432,0.035853,0.001014,-1.043672,-1.097564,1.689383,-1.491419,0.007217,-0.020012,-0.711893,-1.138861,-1.538979,1.380965,0.005352,0.027872
12.566667,0.007229,0.028359,0.005598,-1.058375,-1.104439,1.691527,-1.496778,0.016544,-0.013760,-0.750853,-1.165692,-1.561289,1.436221,0.006920,0.017990
12.600000,0.009720,0.030396,0.012526,-1.069618,-1.114133,1.706195,-1.495583,0.022692,-0.001982,-0.794746,-1.174475,-1.620664,1.480778,0.005105,0.019646
12.633333,0.006849,0.022927,0.011479,-1.082892,-1.124285,1.714074,-1.500937,0.018748,-0.002742,-0.811699,-1.166975,-1.680725,1.505647,0.001266,0.020195
12.666667,0.004901,0.021548,0.014499,-1.074240,-1.125415,1.736488,-1.477515,0.021577,0.000610,-0.854336,-1.188659,-1.722947,1.537645,-0.002210,0.002662
12.700000,0.012054,0.016180,0.011904,-1.076118,-1.137741,1.758424,-1.474879,0.019081,-0.010630,-0.896271,-1.208830,-1.784117,1.552889,-0.002439,0.000788
12.733333,0.006142,0.008819,0.008141,-1.068896,-1.154688,1.769506,-1.465742,0.012790,-0.016673,-0.910407,-1.204787,-1.822896,1.536822,0.001589,0.001928
12.766667,0.000862,0.010032,-0.002852,-1.040544,-1.165708,1.760126,-1.441303,0.010332,-0.019310,-0.890829,-1.186589,-1.821676,1.504560,-0.005971,0.004778
12.800000,-0.000012,0.019135,0.000937,-0.996103,-1.202936,1.735316,-1.389859,0.014365,-0.007985,-0.858191,-1.204975,-1.787163,1.466086,-0.007065,0.013497
12.833333,-0.002855,0.016307,-0.003013,-0.939040,-1.254873,1.670505,-1.338416,0.018645,-0.014156,-0.786321,-1.224929,-1.730488,1.394204,-0.003036,0.019452
12.866667,-0.014549,0.016307,-0.010186,-0.857440,-1.303584,1.585788,-1.256126,0.030909,-0.006804,-0.691524,-1.214246,-1.638700,1.304886,0.003854,0.028138
12.900000,-0.011957,0.026857,-0.010324,-0.757440,-1.342672,1.492935,-1.156126,0.033150,-0.010216,-0.594793,-1.235337,-1.538700,1.208691,0.009550,0.031031
12.933333,-0.013765,0.026280,-0.006778,-0.657440,-1.368065,1.392935,-1.056126,0.030046,-0.021276,-0.494793,-1.249274,-1.438700,1.108691,0.018923,0.027141
12.966667,-0.015204,0.025500,-0.022368,-0.557440,-1.353458,1.292935,-0.956126,0.041197,-0.027006,-0.408445,-1.243364,-1.338700,1.008690,0.025836,0.019284
13.000000,-0.009599,0.032304,-0.022967,-0.457440,-1.298851,1.192935,-0.856126,0.036129,-0.020328,-0.326722,-1.206400,-1.238700,0.908690,0.026076,0.027995
13.033333,-0.003535,0.037416,-0.016349,-0.368532,-1.237380,1.092935,-0.756126,0.027608,-0.013033,-0.267644,-1.167197,-1.138700,0.808690,0.013869,0.019673
13.066667,-0.008417,0.038883,-0.021219,-0.301021,-1.170341,0.992935,-0.656126,0.019997,-0.005442,-0.232555,-1.087993,-1.038700,0.708690,0.003888,0.014404
13.100000,-0.005134,0.040518,-0.016847,-0.266520,-1.125483,0.892935,-0.556126,0.012374,0.002230,-0.222246,-1.008147,-0.938700,0.608690,0.002625,0.021936
13.133333,-0.002692,0.035618,-0.002422,-0.256381,-1.080625,0.792935,-0.456126,-0.006415,0.001237,-0.212949,-0.919356,-0.838700,0.508690,-0.006929,0.024743
13.166667,-0.003909,0.043384,-0.000236,-0.260070,-1.055057,0.692935,-0.365478,-0.010276,0.001919,-0.222898,-0.845612,-0.738700,0.439104,-0.017659,0.025684
13.200000,-0.008464,0.041342,0.003729,-0.263839,-1.039811,0.592935,-0.314830,-0.005408,0.001243,-0.224418,-0.811868,-0.638700,0.369517,-0.016078,0.034312
13.233333,0.004978,0.028021,0.008563,-0.261988,-1.040972,0.492935,-0.304182,-0.002061,-0.007492,-0.235917,-0.818124,-0.538700,0.313756,-0.010448,0.034390
13.266667,0.010340,0.025840,0.002536,-0.247260,-1.049259,0.392935,-0.333534,0.011541,-0.007308,-0.236410,-0.864380,-0.438700,0.297995,-0.023007,0.027551
13.300000,0.015885,0.025119,-0.002276,-0.248170,-1.085963,0.332935,-0.402886,0.017416,-0.011607,-0.239813,-0.939428,-0.338700,0.322235,-0.023999,0.028542
13.333333,0.014468,0.012956,0.003221,-0.275253,-1.117563,0.312935,-0.502886,0.022521,-0.010659,-0.241014,-1.039428,-0.257351,0.356061,-0.015092,0.020505
13.366667,0.026512,0.009885,0.000591,-0.331163,-1.133208,0.332935,-0.602886,0.022487,-0.010058,-0.267999,-1.110807,-0.216002,0.429887,-0.023010,0.003700
13.400000,0.016466,0.014191,-0.001997,-0.411298,-1.138955,0.392935,-0.702887,0.030424,-0.006322,-0.301017,-1.158019,-0.214653,0.529887,-0.026570,0.006018
13.433333,0.015140,0.015081,0.004266,-0.511298,-1.120121,0.492935,-0.802887,0.021570,-0.013534,-0.358648,-1.165231,-0.253305,0.629887,-0.012814,0.002597
13.466667,0.021603,0.018340,0.008380,-0.611298,-1.080387,0.592935,-0.902887,0.028343,-0.007136,-0.437749,-1.144164,-0.331956,0.729887,-0.013741,0.009490
13.500000,0.026693,0.024171,0.010363,-0.711298,-1.060228,0.692935,-1.002887,0.026625,-0.017394,-0.535179,-1.102929,-0.431956,0.829887,-0.009714,0.011205
13.533333,0.011144,0.028702,-0.000010,-0.811298,-1.061440,0.792935,-1.102887,0.019613,-0.023490,-0.631272,-1.055973,-0.531956,0.929887,0.002388,0.022121
13.566667,0.002948,0.039267,-0.004987,-0.911298,-1.041710,0.892935,-1.202887,0.017217,-0.013156,-0.724537,-1.033183,-0.631956,1.029887,0.006560,0.030597
13.600000,0.003390,0.042597,-0.005680,-0.993346,-1.038202,0.992935,-1.297723,0.015907,-0.004749,-0.802416,-1.041159,-0.731956,1.129887,0.009451,0.036623
13.633333,-0.008989,0.036637,-0.014418,-1.041190,-1.045600,1.092935,-1.383192,0.013771,-0.015027,-0.861935,-1.042176,-0.831956,1.229887,0.016987,0.024779
13.666667,-0.006339,0.035773,-0.032831,-1.064496,-1.035441,1.192935,-1.436627,0.021263,-0.007457,-0.895995,-1.059075,-0.931956,1.329887,0.019314,0.025688
13.700000,0.000854,0.036207,-0.019232,-1.080415,-1.022182,1.292935,-1.481495,0.023183,-0.006341,-0.918615,-1.078766,-1.031956,1.417910,0.023318,0.026217
13.733333,0.011119,0.025243,-0.014924,-1.063717,-1.021802,1.392935,-1.506136,0.022623,-0.016540,-0.928341,-1.084954,-1.131956,1.477668,0.025729,0.012963
13.766667,0.005483,0.028210,-0.020354,-1.048426,-1.033134,1.492935,-1.504043,0.020818,-0.013020,-0.931483,-1.075553,-1.231956,1.525690,0.025847,0.015126
13.800000,0.007891,0.029321,-0.013564,-1.054671,-1.038030,1.583532,-1.511319,0.017739,-0.010682,-0.932427,-1.074968,-1.331956,1.553713,0.027033,0.016884
13.833333,0.004707,0.028883,-0.000913,-1.069585,-1.039353,1.644945,-1.519804,0.009623,-0.011683,-0.942753,-1.058663,-1.431956,1.553490,0.026059,0.016998
13.866667,-0.003484,0.032752,-0.004165,-1.071530,-1.030944,1.686989,-1.507002,0.013772,-0.003231,-0.941561,-1.044666,-1.531956,1.549220,0.020631,0.008333
13.900000,-0.008834,0.035487,-0.002115,-1.082438,-1.042054,1.726294,-1.511040,0.013898,-0.003252,-0.941319,-1.036541,-1.629703,1.557485,0.018483,0.009080
13.933333,-0.007506,0.029149,0.003341,-1.096364,-1.031288,1.729124,-1.523334,0.020096,-0.006898,-0.948405,-1.040500,-1.698609,1.557485,0.022969,0.009490
13.966667,-0.007288,0.037427,-0.004598,-1.097001,-1.031567,1.721180,-1.522490,0.018580,-0.002634,-0.966199,-1.036622,-1.756392,1.557485,0.014939,0.012537
14.000000,-0.015757,0.035730,-0.007863,-1.091032,-1.038772,1.734235,-1.529156,0.019148,-0.006880,-0.965952,-1.037723,-1.790729,1.565405,0.012339,0.007860
14.033333,-0.001060,0.031306,-0.009535,-1.087559,-1.039819,1.734914,-1.542713,0.011034,-0.017651,-0.978856,-1.048968,-1.804708,1.569675,0.008424,0.005935
14.066667,0.003558,0.031066,-0.017446,-1.096316,-1.019871,1.725200,-1.544411,0.012695,-0.009844,-0.986546,-1.060724,-1.796686,1.569675,-0.011399,0.011338
14.100000,0.005338,0.031810,-0.020310,-1.087744,-1.024484,1.727850,-1.545265,0.012035,-0.018464,-0.975052,-1.049318,-1.797802,1.567222,-0.019292,0.008579
14.133333,0.005651,0.022421,-0.015911,-1.078282,-1.009337,1.731136,-1.534298,0.006620,-0.022770,-0.962940,-1.044171,-1.786525,1.559855,-0.012964,-0.002880
14.166667,0.017035,0.020653,-0.016894,-1.085049,-0.991467,1.720533,-1.539132,0.001996,-0.030910,-0.964670,-1.044392,-1.776692,1.551817,-0.017590,-0.005422
14.200000,0.013763,0.019537,-0.014706,-1.089204,-0.994310,1.720431,-1.544471,0.007455,-0.030630,-0.953373,-1.045563,-1.772575,1.551816,-0.008383,0.000360
14.233333,0.010539,0.024919,-0.004368,-1.070650,-0.997904,1.731786,-1.528177,0.009014,-0.037617,-0.942972,-1.037744,-1.761426,1.548862,0.011559,-0.000246
14.266667,0.027972,0.036126,0.003227,-1.081594,-0.973675,1.741587,-1.501363,0.016500,-0.015496,-0.933592,-1.060103,-1.758957,1.551315,0.007220,0.005903
14.300000,0.027080,0.041107,0.010692,-1.092326,-0.986170,1.739499,-1.499507,0.020309,-0.010088,-0.926618,-1.070462,-1.761144,1.553477,0.006599,0.013102
14.333333,0.017576,0.041845,0.001236,-1.085048,-0.985047,1.742795,-1.494516,0.032575,-0.005987,-0.916306,-1.073126,-1.760773,1.561841,0.012267,0.019017
14.366667,0.010367,0.051264,0.001019,-1.092608,-0.981360,1.757585,-1.477618,0.027067,0.006347,-0.914176,-1.069539,-1.760594,1.561841,0.009592,0.025132
14.400000,0.011779,0.043028,0.000013,-1.106415,-0.998497,1.745036,-1.495139,0.023024,0.004308,-0.911739,-1.057183,-1.772045,1.562661,0.006058,0.023709
14.433333,-0.004736,0.036344,-0.011755,-1.092733,-1.020243,1.736962,-1.525311,0.014130,-0.007594,-0.923760,-1.021045,-1.754518,1.556757,0.016860,0.020400
14.466667,-0.005741,0.037976,-0.021760,-1.099276,-1.023010,1.744417,-1.539657,0.016625,-0.012476,-0.916622,-1.002971,-1.755854,1.559129,0.011192,0.031265
14.500000,-0.006381,0.036600,-0.009749,-1.106708,-1.044142,1.743209,-1.541754,0.012788,-0.004983,-0.919258,-0.993420,-1.754788,1.556291,0.008051,0.028756
14.533333,-0.002342,0.029685,-0.011642,-1.081409,-1.063091,1.726952,-1.560423,0.019486,-0.009647,-0.914748,-0.995037,-1.751643,1.542123,0.007163,0.024744
14.566667,-0.002855,0.026826,-0.012214,-1.078348,-1.079176,1.724470,-1.562242,0.025317,-0.000517,-0.913042,-0.995074,-1.749679,1.544257,0.000399,0.028767
14.600000,-0.005203,0.018323,-0.008357,-1.081445,-1.085732,1.721893,-1.561275,0.024507,-0.009086,-0.909734,-1.005360,-1.762614,1.547545,-0.003702,0.022713
14.633333,-0.001092,0.013515,-0.000089,-1.076028,-1.071268,1.710906,-1.553108,0.018528,-0.008418,-0.922500,-1.002621,-1.763091,1.542711,0.001937,0.006788
14.666667,0.001669,0.017647,-0.003801,-1.070890,-1.053402,1.725271,-1.544169,0.018959,-0.005782,-0.933457,-1.008713,-1.768613,1.539630,-0.001087,0.001172
14.700000,0.001404,0.014805,-0.002149,-1.086249,-1.046346,1.726858,-1.541800,0.016264,-0.011459,-0.932360,-1.001575,-1.764827,1.547168,0.001114,-0.001486
14.733333,0.008488,0.014116,-0.009638,-1.074749,-1.022952,1.730551,-1.519830,0.013753,-0.017478,-0.947857,-1.020896,-1.763151,1.547168,0.006532,-0.010375
14.766667,0.013011,0.017518,-0.017872,-1.075557,-1.030602,1.722481,-1.520425,0.012849,-0.017829,-0.944915,-1.027003,-1.764822,1.546653,0.004790,-0.005585
14.800000,0.007652,0.019398,-0.020334,-1.072373,-1.047963,1.721531,-1.523894,0.016768,-0.017104,-0.933972,-1.042593,-1.754010,1.547837,0.004971,-0.001686
14.833333,0.004296,0.014409,-0.014541,-1.077799,-1.047148,1.698026,-1.532004,0.016368,-0.023484,-0.924189,-1.034310,-1.742411,1.548223,0.004047,0.010933
14.866667,0.005310,0.021088,-0.011960,-1.095824,-1.037183,1.677245,-1.522882,0.016465,-0.013016,-0.923802,-1.052490,-1.729775,1.554853,0.000112,0.015250
14.900000,-0.002021,0.024734,-0.005506,-1.106350,-1.043937,1.665513,-1.538204,0.010555,-0.016893,-0.904127,-1.035093,-1.723366,1.547825,0.002521,0.016836
14.933333,-0.006336,0.022588,0.002362,-1.106810,-1.034096,1.666828,-1.536102,0.010775,-0.016174,-0.904452,-1.030167,-1.718710,1.543928,0.004171,0.011646
14.966667,0.000062,0.018903,0.006028,-1.086608,-1.054544,1.645335,-1.524769,0.017938,-0.018239,-0.884882,-1.050719,-1.698995,1.523383,0.010789,0.004311
15.000000,0.007600,0.019000,0.007202,-1.053401,-1.112886,1.606396,-1.515459,0.016232,-0.010168,-0.839801,-1.086204,-1.661980,1.481887,0.009216,-0.003088
15.033333,0.005339,0.012930,0.002791,-1.012418,-1.163832,1.562310,-1.520146,0.013247,-0.022780,-0.780513,-1.108164,-1.611840,1.414859,0.013059,-0.011207
15.066667,-0.001673,0.015729,-0.002835,-0.986712,-1.203210,1.513122,-1.513840,0.012190,-0.021398,-0.700513,-1.127850,-1.531840,1.334859,0.016659,-0.017865
15.100000,-0.000129,0.016354,-0.006484,-0.944797,-1.233078,1.470109,-1.495599,0.005930,-0.022123,-0.600513,-1.147965,-1.431840,1.234859,0.015555,-0.019950
15.133333,-0.004826,0.018607,-0.010696,-0.926270,-1.253202,1.443655,-1.491891,-0.003622,-0.022444,-0.500513,-1.143334,-1.331840,1.134858,0.006883,-0.017647
15.166667,-0.024240,0.020893,-0.028826,-0.895226,-1.247733,1.454921,-1.474020,-0.002209,-0.040635,-0.400513,-1.107640,-1.231840,1.034858,0.010809,-0.026912
15.200000,-0.022561,0.024511,-0.032694,-0.876244,-1.227811,1.486925,-1.454348,0.001821,-0.041434,-0.300513,-1.064866,-1.131840,0.974387,0.015305,-0.015512
15.233333,-0.015770,0.020156,-0.026145,-0.852168,-1.224564,1.490688,-1.446420,0.001954,-0.045053,-0.223132,-1.035473,-1.031840,0.932771,0.010010,-0.011735
15.266667,-0.022901,0.020358,-0.033134,-0.824752,-1.238286,1.471833,-1.452044,0.010407,-0.058220,-0.150867,-0.985650,-0.931840,0.913481,0.000107,-0.007966
15.300000,-0.025813,0.030281,-0.034638,-0.813948,-1.230353,1.473618,-1.449663,0.011317,-0.052500,-0.112967,-0.960573,-0.831840,0.934190,0.003022,-0.000046
15.333333,-0.012739,0.028787,-0.018832,-0.822351,-1.229833,1.455570,-1.460006,0.006524,-0.044114,-0.093270,-0.958027,-0.731840,0.955588,0.002922,0.003657
15.366667,-0.007664,0.025923,-0.015240,-0.805454,-1.221208,1.422351,-1.446611,0.012485,-0.031258,-0.098489,-0.954320,-0.631840,0.943788,-0.012656,-0.006885
15.400000,-0.006400,0.039053,-0.016473,-0.799623,-1.216984,1.419786,-1.441660,0.006759,-0.029636,-0.087342,-0.939594,-0.531840,0.924895,-0.018627,0.002749
15.433333,0.000356,0.037911,-0.005265,-0.816932,-1.205170,1.429249,-1.437715,0.004462,-0.017739,-0.104763,-0.964867,-0.431840,0.910127,-0.008831,-0.002963
15.466667,0.006320,0.032504,-0.002433,-0.812168,-1.197092,1.425111,-1.436305,0.005760,-0.022158,-0.123160,-0.976558,-0.331840,0.870132,-0.007241,-0.009548
15.500000,0.009231,0.033349,-0.004238,-0.820295,-1.205467,1.424710,-1.442290,0.004320,-0.017952,-0.130059,-0.970382,-0.231840,0.844385,-0.003608,0.004061
15.533333,0.003604,0.034191,0.000327,-0.828761,-1.227011,1.437236,-1.458789,-0.005950,-0.028347,-0.129441,-0.985974,-0.131840,0.836213,0.004480,0.005155
15.566667,0.010023,0.027023,0.005871,-0.841752,-1.231026,1.428607,-1.463434,0.006936,-0.022852,-0.146170,-1.031426,-0.041942,0.844233,0.009534,-0.004489
15.600000,0.012055,0.028391,0.012836,-0.853502,-1.235873,1.429015,-1.463275,0.010961,-0.013120,-0.160161,-1.061091,0.024503,0.831974,0.004694,-0.002904
15.633333,0.007264,0.021621,0.013040,-0.862296,-1.237262,1.412690,-1.472067,0.007771,-0.014195,-0.146390,-1.074592,0.063121,0.804943,0.000370,-0.003791
15.666667,0.006226,0.020863,0.015662,-0.871104,-1.206942,1.387286,-1.470427,0.010465,-0.011170,-0.165916,-1.123428,0.064070,0.762975,-0.004851,-0.021964
15.700000,0.013410,0.016750,0.011729,-0.892550,-1.175201,1.343388,-1.494490,0.010157,-0.019715,-0.203494,-1.172265,0.044013,0.697101,-0.005550,-0.025000
15.733333,0.006384,0.011113,0.007679,-0.909522,-1.145285,1.287420,-1.515676,0.002915,-0.021718,-0.230187,-1.203660,0.011613,0.603273,-0.001422,-0.023104
15.766667,0.000198,0.013728,-0.004906,-0.906402,-1.100565,1.220157,-1.527069,0.004716,-0.019732,-0.254913,-1.216379,-0.019797,0.503273,-0.006311,-0.021150
15.800000,-0.000142,0.023640,-0.003956,-0.928311,-1.062921,1.158091,-1.541188,0.009375,-0.006216,-0.294967,-1.254390,-0.042693,0.403273,-0.004274,-0.012672
15.833333,-0.002330,0.021503,-0.009861,-0.927855,-1.052082,1.102073,-1.557406,0.011081,-0.010681,-0.325640,-1.274524,-0.051484,0.303273,-0.000905,-0.008949
15.866667,-0.013859,0.020455,-0.020199,-0.906619,-1.050541,1.068602,-1.551543,0.022186,-0.007061,-0.330797,-1.254657,-0.060159,0.227253,0.007227,0.000029
15.900000,-0.011365,0.031333,-0.023402,-0.894743,-1.058512,1.070697,-1.543742,0.023415,-0.011418,-0.346893,-1.257862,-0.067878,0.162597,0.012423,0.001180
15.933333,-0.011277,0.028652,-0.020883,-0.891682,-1.090187,1.086635,-1.537908,0.017194,-0.025204,-0.353690,-1.266213,-0.058659,0.101802,0.024458,-0.004588
15.966667,-0.010931,0.027093,-0.036420,-0.868822,-1.105939,1.130512,-1.515933,0.027542,-0.033783,-0.366562,-1.279017,-0.054459,0.081008,0.030770,-0.011484
16.000000,-0.005020,0.033163,-0.036597,-0.844966,-1.130430,1.183577,-1.482904,0.026284,-0.030061,-0.348816,-1.285959,-0.057078,0.100213,0.036706,-0.001763
16.033333,-0.001581,0.037696,-0.027933,-0.825581,-1.173876,1.216133,-1.449274,0.019455,-0.021750,-0.327377,-1.317918,-0.048327,0.131651,0.028314,-0.009800
16.066667,-0.008468,0.037859,-0.031589,-0.793465,-1.210196,1.243513,-1.422567,0.014396,-0.015356,-0.318489,-1.309877,-0.058089,0.191724,0.019920,-0.016003
16.100000,-0.005796,0.038144,-0.025952,-0.780669,-1.243186,1.283723,-1.401762,0.010596,-0.008873,-0.329922,-1.291154,-0.102324,0.287936,0.019718,-0.004654
16.133333,-0.004128,0.031071,-0.009654,-0.774306,-1.276143,1.296065,-1.386370,-0.003754,-0.010495,-0.352372,-1.232431,-0.162226,0.384148,0.009766,-0.004668
16.166667,-0.008427,0.037796,-0.005238,-0.775150,-1.286083,1.320626,-1.368033,-0.008104,-0.008108,-0.414822,-1.163367,-0.231748,0.480360,-0.004032,-0.004768
16.200000,-0.010135,0.034603,0.000055,-0.792888,-1.278946,1.368465,-1.375825,-0.004274,-0.010694,-0.511029,-1.099009,-0.331748,0.580360,-0.006174,0.005391
16.233333,0.004289,0.021145,0.006579,-0.814007,-1.265645,1.396813,-1.376459,-0.002559,-0.019240,-0.611029,-1.068775,-0.431748,0.680360,-0.002509,0.006701
16.266667,0.011971,0.019259,0.001966,-0.825279,-1.243592,1.411681,-1.362057,0.010634,-0.015491,-0.695404,-1.060785,-0.531748,0.780360,-0.019907,-0.003890
16.300000,0.018703,0.018692,-0.002321,-0.840507,-1.249447,1.448010,-1.364561,0.012307,-0.018527,-0.757003,-1.056725,-0.631748,0.880360,-0.019883,-0.001795
16.333333,0.022016,0.005086,0.003523,-0.874400,-1.256287,1.465757,-1.380518,0.017875,-0.019469,-0.791584,-1.086746,-0.731748,0.980360,-0.009428,-0.010883
16.366667,0.033343,0.003747,0.002162,-0.901082,-1.257723,1.460515,-1.372810,0.014538,-0.017716,-0.811947,-1.105601,-0.823092,1.080360,-0.016588,-0.028764
16.400000,0.024418,0.005584,0.000150,-0.922706,-1.267650,1.480650,-1.375796,0.020619,-0.012974,-0.799878,-1.126401,-0.874496,1.180360,-0.019041,-0.026401
16.433333,0.020072,0.007081,0.005860,-0.925955,-1.266250,1.504876,-1.377925,0.010140,-0.019770,-0.779832,-1.126869,-0.905338,1.280360,-0.002887,-0.027052
16.466667,0.025059,0.010245,0.009666,-0.907812,-1.244184,1.529194,-1.352425,0.017625,-0.011826,-0.758770,-1.148222,-0.900148,1.362473,-0.007390,-0.019347
16.500000,0.030194,0.016518,0.011092,-0.878804,-1.241041,1.532093,-1.342116,0.013649,-0.020144,-0.736570,-1.160302,-0.854957,1.434410,-0.009077,-0.015333
16.533333,0.014470,0.019472,-0.000315,-0.847598,-1.251082,1.532663,-1.344715,0.009321,-0.024740,-0.698618,-1.160974,-0.778423,1.492338,-0.001620,-0.002537
16.566667,0.007249,0.030750,-0.004101,-0.840139,-1.232111,1.510965,-1.346735,0.006525,-0.014801,-0.682129,-1.165577,-0.711653,1.530266,-0.003010,0.005203
16.600000,0.007851,0.032937,-0.004587,-0.834114,-1.229942,1.465009,-1.348754,0.008918,-0.006424,-0.666196,-1.198414,-0.648596,1.548194,-0.002712,0.011688
16.633333,-0.005568,0.029061,-0.012267,-0.824572,-1.240806,1.394871,-1.366824,0.007238,-0.016928,-0.658342,-1.208520,-0.593155,1.558521,0.005568,0.002323
16.666667,-0.004383,0.027579,-0.029540,-0.808509,-1.231868,1.364733,-1.356124,0.015514,-0.009731,-0.651754,-1.221495,-0.576279,1.564512,0.009644,0.003614
16.700000,0.003102,0.027329,-0.015900,-0.806003,-1.219463,1.349969,-1.348019,0.017690,-0.007803,-0.663530,-1.238117,-0.579466,1.564512,0.016361,0.006316
16.733333,0.014014,0.017046,-0.012799,-0.772127,-1.220577,1.329934,-1.329401,0.016586,-0.018844,-0.670565,-1.241165,-0.593198,1.554474,0.019949,-0.003907
16.766667,0.008033,0.019778,-0.017678,-0.760545,-1.235355,1.342763,-1.322738,0.010451,-0.016680,-0.673444,-1.225539,-0.607567,1.554474,0.020190,-0.003552
16.800000,0.011253,0.019778,-0.011678,-0.768687,-1.243331,1.361830,-1.330117,0.005905,-0.013569,-0.664747,-1.219426,-0.650352,1.553528,0.020208,-0.003765
16.833333,0.008556,0.019777,0.000030,-0.784191,-1.248168,1.357663,-1.342577,-0.002939,-0.014316,-0.642941,-1.197497,-0.686117,1.527093,0.017843,-0.002944
16.866667,-0.001175,0.025088,-0.002875,-0.790629,-1.247804,1.364441,-1.337085,-0.000682,-0.008595,-0.592739,-1.177104,-0.701818,1.480658,0.011532,-0.014991
16.900000,-0.009628,0.027601,0.000190,-0.807669,-1.268062,1.400099,-1.351292,0.001555,-0.008748,-0.518249,-1.169781,-0.697150,1.424262,0.010227,-0.015519
16.933333,-0.009162,0.022664,0.005882,-0.829355,-1.266911,1.402908,-1.369684,0.009275,-0.011338,-0.430959,-1.182165,-0.668695,1.337827,0.013445,-0.014980
16.966667,-0.011037,0.030821,-0.001324,-0.843432,-1.280909,1.414481,-1.373888,0.009310,-0.008619,-0.357516,-1.198492,-0.600239,1.237827,0.006674,-0.011762
17.000000,-0.020790,0.031013,-0.004814,-0.850141,-1.300901,1.443673,-1.381271,0.010418,-0.013148,-0.302657,-1.227484,-0.500239,1.137827,0.004484,-0.015382
17.033333,-0.004683,0.026329,-0.005673,-0.855383,-1.312188,1.452149,-1.388243,0.004197,-0.020780,-0.274733,-1.271226,-0.400239,1.037827,0.002832,-0.014605
17.066667,0.002105,0.025822,-0.014810,-0.857811,-1.302034,1.439932,-1.378435,0.007338,-0.010254,-0.265442,-1.310843,-0.300240,0.937827,-0.016214,-0.007223
17.100000,0.002936,0.025922,-0.018867,-0.830144,-1.314888,1.424347,-1.360876,0.006255,-0.020347,-0.256151,-1.330855,-0.209053,0.837827,-0.021415,-0.006906
17.133333,0.003408,0.017764,-0.015087,-0.786523,-1.303895,1.384260,-1.324607,0.001050,-0.023613,-0.247819,-1.343251,-0.157867,0.755763,-0.014549,-0.015746
17.166667,0.014943,0.014166,-0.014691,-0.725676,-1.298597,1.309787,-1.282536,-0.002944,-0.029150,-0.230707,-1.357879,-0.146680,0.713699,-0.019017,-0.018963
17.200000,0.010488,0.010834,-0.013265,-0.643937,-1.317300,1.229711,-1.227324,0.001455,-0.028259,-0.209448,-1.360861,-0.175494,0.711635,-0.012745,-0.014565
17.233333,0.005831,0.014158,-0.002082,-0.545782,-1.338226,1.132713,-1.151765,0.001881,-0.036988,-0.199037,-1.343501,-0.244308,0.749570,0.005144,-0.019038
17.266667,0.024455,0.023665,0.006226,-0.471080,-1.335649,1.032713,-1.067817,0.006416,-0.013658,-0.196134,-1.348562,-0.344308,0.827506,-0.002533,-0.017546
17.300000,0.025981,0.024742,0.013780,-0.409223,-1.362347,0.932713,-1.005125,0.010072,-0.009382,-0.197861,-1.345697,-0.444308,0.927506,-0.004721,-0.014786
17.333333,0.016056,0.025681,0.004203,-0.362506,-1.373375,0.832945,-0.960949,0.021778,-0.007381,-0.197463,-1.332219,-0.530399,1.027506,0.001057,-0.011480
17.366667,0.011189,0.037170,0.005206,-0.355788,-1.366407,0.773178,-0.956773,0.015022,0.002755,-0.182050,-1.314231,-0.576491,1.106627,0.000006,-0.006367
17.400000,0.014350,0.031770,0.004542,-0.389070,-1.366166,0.753410,-0.992597,0.010158,0.000249,-0.154750,-1.289408,-0.582583,1.145748,0.000701,-0.006578
17.433333,-0.000363,0.026823,-0.007095,-0.438900,-1.360525,0.773642,-1.068421,0.004145,-0.013377,-0.152932,-1.235311,-0.548675,1.144869,0.012260,-0.006415
17.466667,-0.001581,0.031305,-0.017331,-0.514039,-1.343832,0.833875,-1.155887,0.006712,-0.018061,-0.125968,-1.197897,-0.474766,1.103990,0.006239,0.006878
17.500000,-0.002078,0.031641,-0.005833,-0.614039,-1.339358,0.933874,-1.246896,0.002176,-0.013885,-0.120229,-1.167306,-0.374766,1.023111,0.003792,0.006258
17.533333,0.000564,0.025630,-0.009587,-0.697420,-1.343986,1.033875,-1.319416,0.009053,-0.018150,-0.127184,-1.152675,-0.274766,0.923111,-0.000594,0.003287
17.566667,-0.002563,0.022871,-0.010055,-0.778680,-1.353034,1.133875,-1.377162,0.015681,-0.007732,-0.141420,-1.145589,-0.179304,0.853150,-0.009843,0.009626
17.600000,-0.004324,0.015879,-0.005616,-0.841971,-1.363971,1.233875,-1.410791,0.014789,-0.016794,-0.139934,-1.153725,-0.095746,0.790973,-0.014480,0.001953
17.633333,-0.001774,0.011084,0.002708,-0.889438,-1.351904,1.333875,-1.420837,0.009155,-0.014928,-0.160022,-1.149952,-0.048433,0.749106,-0.008489,-0.012045
17.666667,0.000246,0.015193,-0.001362,-0.913408,-1.334816,1.433874,-1.418299,0.010079,-0.009041,-0.176451,-1.157291,-0.019858,0.730768,-0.012316,-0.016758
17.700000,-0.000970,0.011580,0.001557,-0.934837,-1.329289,1.497690,-1.420192,0.008938,-0.015512,-0.176931,-1.154904,0.001844,0.727605,-0.007194,-0.018174
17.733333,0.008250,0.011580,-0.006564,-0.931145,-1.312229,1.550560,-1.401517,0.004766,-0.023021,-0.192539,-1.176777,0.001588,0.734403,-0.000420,-0.027642
17.766667,0.011016,0.014282,-0.015256,-0.929603,-1.320988,1.563430,-1.403160,0.004150,-0.023241,-0.190878,-1.184839,0.004594,0.740681,0.001043,-0.021746
17.800000,0.007294,0.016028,-0.017319,-0.926409,-1.340095,1.560661,-1.409110,0.005843,-0.023953,-0.179592,-1.202108,0.014662,0.751898,0.000574,-0.020284
17.833333,0.003954,0.010644,-0.011225,-0.931219,-1.342040,1.530758,-1.419503,0.005519,-0.030715,-0.167117,-1.195199,0.027106,0.762678,-0.000515,-0.008282
17.866667,0.006139,0.017208,-0.009101,-0.949117,-1.332420,1.497039,-1.417410,0.004613,-0.019340,-0.168213,-1.211133,0.020421,0.798282,-0.004876,-0.003471
17.900000,-0.001908,0.019624,-0.002316,-0.954795,-1.340544,1.465012,-1.438574,-0.000067,-0.021361,-0.149790,-1.191949,0.001598,0.814989,-0.002431,-0.000683
17.933333,-0.005734,0.017160,0.005589,-0.956291,-1.331609,1.452985,-1.443538,-0.000613,-0.018979,-0.151367,-1.186634,-0.028583,0.844433,-0.001418,-0.005130
17.966667,-0.000039,0.014648,0.011311,-0.935263,-1.314439,1.416596,-1.427776,0.007574,-0.019788,-0.172179,-1.167337,-0.029582,0.888628,0.007508,-0.003480
18.000000,0.008496,0.015745,0.014785,-0.889729,-1.336908,1.367342,-1.389148,0.005955,-0.010154,-0.191177,-1.132218,-0.014218,0.949732,0.006304,-0.003994
18.033333,0.006132,0.009873,0.013139,-0.810265,-1.354211,1.318088,-1.357824,0.005612,-0.018235,-0.200948,-1.057099,0.027147,1.010835,0.009316,-0.008829
18.066667,-0.000374,0.013560,0.009964,-0.730265,-1.358330,1.238088,-1.306184,0.004712,-0.014893,-0.215328,-0.979900,0.077331,1.090835,0.013342,-0.009692
18.100000,0.000640,0.015536,0.008290,-0.630265,-1.347252,1.138088,-1.234543,-0.001371,-0.014454,-0.216797,-0.910644,0.114462,1.162959,0.011870,-0.006266
18.133333,-0.006718,0.017310,0.003239,-0.530265,-1.361939,1.038088,-1.170652,-0.012515,-0.011386,-0.198471,-0.860159,0.147463,1.209422,0.002050,-0.006767
18.166667,-0.026819,0.019029,-0.015471,-0.430265,-1.336988,0.938088,-1.106762,-0.010161,-0.025968,-0.171680,-0.823879,0.150844,1.226801,0.006998,-0.017453
18.200000,-0.027520,0.023039,-0.020241,-0.341009,-1.288768,0.838088,-1.022109,-0.006820,-0.027141,-0.144728,-0.827600,0.120093,1.215513,0.014151,-0.005201
18.233333,-0.022273,0.019173,-0.014509,-0.263208,-1.238598,0.738088,-0.944361,-0.005352,-0.027798,-0.118971,-0.867534,0.117206,1.179134,0.008270,-0.004713
18.266667,-0.028223,0.019333,-0.020950,-0.188684,-1.205832,0.638088,-0.875316,0.004601,-0.036809,-0.092548,-0.902990,0.139481,1.136123,-0.001053,-0.004254
18.300000,-0.028625,0.027916,-0.021097,-0.154159,-1.152233,0.538088,-0.813146,0.008882,-0.028567,-0.080197,-0.959675,0.125886,1.118673,0.003097,0.005721
18.333333,-0.014962,0.025911,-0.004981,-0.143983,-1.116769,0.438088,-0.765698,0.004640,-0.021002,-0.073138,-1.038659,0.123450,1.090307,0.003753,0.009275
18.366667,-0.007258,0.023276,-0.000279,-0.143198,-1.081305,0.338088,-0.718251,0.010236,-0.007052,-0.080854,-1.102157,0.122932,1.050607,-0.012742,-0.002085
18.400000,-0.007537,0.035991,-0.000239,-0.149942,-1.068692,0.238088,-0.681565,0.005172,-0.005166,-0.071709,-1.135631,0.093261,0.995999,-0.019017,0.011012
18.433333,-0.002628,0.033592,0.009956,-0.177485,-1.054910,0.138294,-0.659743,0.002647,0.006247,-0.085811,-1.185639,0.071480,0.959439,-0.009876,0.004070
18.466667,0.003739,0.028448,0.011948,-0.181963,-1.047078,0.061539,-0.641351,0.004376,0.000530,-0.103993,-1.223871,0.062167,0.896317,-0.007446,-0.003300
18.500000,0.004431,0.028973,0.010223,-0.192696,-1.055210,0.001666,-0.632176,0.004436,0.003673,-0.110702,-1.232520,0.042583,0.844588,-0.008501,0.009634
18.533333,-0.001390,0.029774,0.013877,-0.197919,-1.075455,-0.036988,-0.635485,-0.004942,-0.004737,-0.111976,-1.255766,0.048977,0.821138,-0.000383,0.009606
18.566667,0.004530,0.021368,0.018155,-0.208707,-1.075808,-0.063992,-0.636971,0.007750,0.003204,-0.124875,-1.301226,0.072229,0.834125,0.006300,-0.001098
18.600000,0.005404,0.023657,0.025564,-0.215221,-1.071938,-0.075135,-0.629210,0.012719,0.012995,-0.135870,-1.326738,0.071448,0.844996,0.002749,0.003425
18.633333,0.000679,0.018443,0.025800,-0.219882,-1.059937,-0.086999,-0.637606,0.009653,0.011521,-0.112229,-1.324250,0.075172,0.849830,-0.003298,0.003538
18.666667,0.002086,0.017564,0.028204,-0.207716,-1.019635,-0.075745,-0.647777,0.010199,0.013600,-0.120995,-1.337951,0.081891,0.883270,-0.005563,-0.013408
18.700000,0.010548,0.013601,0.024219,-0.197671,-0.972282,-0.085710,-0.685464,0.008553,0.002447,-0.126149,-1.346387,0.079369,0.911324,-0.005126,-0.015274
18.733333,0.005123,0.008967,0.021579,-0.187593,-0.924912,-0.092422,-0.739708,-0.001547,-0.003713,-0.118518,-1.330559,0.070664,0.914981,-0.005080,-0.014816
18.766667,0.000506,0.010352,0.009005,-0.163267,-0.860729,-0.093871,-0.819633,-0.001946,-0.006167,-0.098575,-1.304394,0.064921,0.914972,-0.012782,-0.013911
18.800000,-0.002156,0.019655,0.009855,-0.162169,-0.791681,-0.111995,-0.905346,-0.001339,0.005117,-0.094514,-1.318004,0.070180,0.917465,-0.011728,-0.006537
18.833333,-0.007265,0.017811,0.004278,-0.164584,-0.720088,-0.147538,-1.005346,-0.001589,-0.000633,-0.080393,-1.332199,0.073780,0.904652,-0.007366,0.000091
18.866667,-0.020063,0.017041,-0.006428,-0.186353,-0.645981,-0.143080,-1.105346,0.006495,0.002828,-0.061025,-1.316008,0.059654,0.868946,-0.000681,0.008318
18.900000,-0.016703,0.027504,-0.010234,-0.223603,-0.581964,-0.113527,-1.205346,0.011063,-0.000480,-0.039829,-1.332879,0.025959,0.821201,0.005646,0.009313
18.933333,-0.018042,0.024011,-0.008151,-0.295302,-0.557946,-0.065302,-1.305346,0.005207,-0.009670,-0.024239,-1.362194,-0.013838,0.755698,0.018330,0.003436
18.966667,-0.017332,0.021327,-0.024631,-0.368690,-0.573928,0.017279,-1.371168,0.019011,-0.017708,-0.030862,-1.373219,-0.081609,0.720392,0.029171,-0.004575
19.000000,-0.007704,0.026636,-0.025698,-0.464790,-0.626658,0.117279,-1.409352,0.021092,-0.012794,-0.047545,-1.373339,-0.161984,0.700392,0.032639,0.002861
19.033333,-0.004294,0.030089,-0.016966,-0.564790,-0.716838,0.217279,-1.421216,0.015185,-0.006966,-0.095042,-1.397209,-0.249158,0.720392,0.026311,-0.003322
19.066667,-0.011440,0.030725,-0.021983,-0.642877,-0.816838,0.317279,-1.416277,0.007398,-0.003430,-0.176103,-1.401079,-0.309706,0.780392,0.021183,-0.006669
19.100000,-0.007719,0.033460,-0.016558,-0.707753,-0.916838,0.417279,-1.385641,0.005292,-0.001117,-0.275429,-1.402789,-0.378929,0.880392,0.022422,0.008143
19.133333,-0.006738,0.028550,0.000284,-0.754116,-1.016838,0.517279,-1.373155,-0.012980,-0.001657,-0.354736,-1.402789,-0.410458,0.980392,0.012661,0.011129
19.166667,-0.010917,0.037431,0.003795,-0.771281,-1.108282,0.617279,-1.348405,-0.020029,-0.001238,-0.414927,-1.396557,-0.437301,1.080392,0.002684,0.011984
19.200000,-0.012173,0.036253,0.008294,-0.770900,-1.185975,0.717279,-1.349974,-0.010170,-0.002938,-0.462499,-1.396557,-0.464145,1.180392,-0.001560,0.023169
19.233333,0.002847,0.023242,0.014152,-0.766757,-1.244519,0.817279,-1.345046,-0.006622,-0.009704,-0.507533,-1.396557,-0.517613,1.280392,0.001741,0.024249
19.266667,0.009149,0.021187,0.009320,-0.746266,-1.286468,0.917279,-1.325815,0.005420,-0.007906,-0.553242,-1.396557,-0.575235,1.378314,-0.013594,0.013152
19.300000,0.016268,0.020097,0.005654,-0.723353,-1.318268,1.013432,-1.310269,0.008428,-0.012299,-0.618969,-1.376557,-0.670549,1.454438,-0.016243,0.014032
19.333333,0.016684,0.005908,0.012650,-0.717045,-1.336809,1.090007,-1.307484,0.014678,-0.011922,-0.685897,-1.383622,-0.770549,1.512359,-0.004910,0.003891
19.366667,0.026606,0.003633,0.012817,-0.697252,-1.348892,1.126582,-1.266293,0.006667,-0.010318,-0.729865,-1.361402,-0.870549,1.550281,-0.010484,-0.014341
19.400000,0.017220,0.006070,0.011696,-0.663134,-1.368981,1.133500,-1.208402,0.012883,-0.006292,-0.736370,-1.350148,-0.930549,1.548202,-0.012922,-0.014134
19.433333,0.015107,0.006804,0.017337,-0.618573,-1.378326,1.118727,-1.150511,0.003014,-0.009667,-0.702876,-1.320508,-0.950549,1.508202,0.000482,-0.015442
19.466667,0.021862,0.010230,0.020968,-0.554949,-1.372971,1.067800,-1.064965,0.012886,-0.003875,-0.629382,-1.316847,-0.930549,1.450000,-0.002430,-0.009448
19.500000,0.028619,0.017074,0.021568,-0.463918,-1.381618,0.996451,-0.966559,0.008955,-0.009541,-0.533803,-1.279564,-0.870549,1.370000,-0.005280,-0.003998
19.533333,0.011760,0.021494,0.008810,-0.383941,-1.390475,0.925103,-0.866559,0.005847,-0.014421,-0.441833,-1.238123,-0.770549,1.270000,0.001784,0.006435
19.566667,0.003846,0.032534,0.004779,-0.343965,-1.377912,0.843410,-0.766559,0.002644,-0.003312,-0.374812,-1.168181,-0.670549,1.170000,0.000455,0.018816
19.600000,0.005681,0.036764,0.004631,-0.312388,-1.372994,0.743410,-0.666559,0.001037,0.006068,-0.320992,-1.116970,-0.570549,1.070000,0.002889,0.024877
19.633333,-0.009158,0.032718,-0.004104,-0.289414,-1.373426,0.643410,-0.566559,-0.003862,-0.000600,-0.286090,-1.048141,-0.470549,0.970000,0.008552,0.015572
19.666667,-0.010533,0.032258,-0.021008,-0.278442,-1.366380,0.543410,-0.501397,0.002574,0.005527,-0.255225,-1.019312,-0.370549,0.888419,0.011884,0.016026
19.700000,-0.001787,0.031099,-0.005941,-0.278947,-1.366380,0.443410,-0.476235,0.005695,0.008566,-0.238891,-1.009488,-0.270549,0.831453,0.018828,0.019076
19.733333,0.008367,0.020629,-0.001439,-0.250928,-1.374596,0.364372,-0.491074,0.004560,-0.002981,-0.217772,-1.029377,-0.170549,0.803565,0.021072,0.006270
19.766667,0.001293,0.023305,-0.006011,-0.253285,-1.386851,0.325334,-0.545912,0.002707,-0.003011,-0.203711,-1.051487,-0.071920,0.815677,0.019096,0.008172
19.800000,0.003516,0.024003,0.000798,-0.282956,-1.398607,0.326295,-0.640751,0.000490,-0.002427,-0.182157,-1.086482,0.009412,0.867789,0.019059,0.009658
19.833333,-0.000032,0.024235,0.013713,-0.340624,-1.393302,0.367257,-0.740751,-0.007435,-0.005120,-0.185481,-1.108021,0.064019,0.937371,0.016770,0.008907
19.866667,-0.009727,0.030425,0.010929,-0.400578,-1.379376,0.448219,-0.840751,-0.005922,0.003413,-0.181799,-1.122926,0.099131,1.010968,0.009640,-0.001024
19.900000,-0.016096,0.032689,0.012286,-0.478365,-1.380215,0.548219,-0.940751,-0.001939,0.001034,-0.185157,-1.145025,0.119327,1.082346,0.009513,-0.000039
19.933333,-0.017409,0.027503,0.017526,-0.550148,-1.370691,0.648219,-1.040751,0.002664,0.000043,-0.196534,-1.172498,0.125450,1.135555,0.014166,0.000764
19.966667,-0.018797,0.035942,0.010169,-0.608629,-1.366707,0.748219,-1.138335,0.002295,0.002382,-0.231675,-1.193408,0.127630,1.166999,0.006314,0.003620
20.000000,-0.025111,0.034694,0.006465,-0.650156,-1.373459,0.848219,-1.220810,0.004961,-0.001572,-0.249640,-1.224573,0.129263,1.162554,0.003576,0.001033
20.033333,-0.008649,0.028342,0.004214,-0.683802,-1.375156,0.925959,-1.285480,-0.002442,-0.013532,-0.289254,-1.272532,0.121206,1.143599,0.004293,0.000180
20.066667,-0.000042,0.027773,-0.003976,-0.716555,-1.358298,0.991177,-1.337355,-0.001104,-0.002981,-0.330815,-1.311741,0.095706,1.124566,-0.014648,0.002305
20.100000,0.003282,0.028085,-0.007919,-0.728477,-1.365408,1.034617,-1.366246,-0.000418,-0.012004,-0.351666,-1.339376,0.045649,1.084147,-0.019455,0.001665
20.133333,0.006149,0.018948,-0.003936,-0.729536,-1.349102,1.059253,-1.372096,-0.005112,-0.015767,-0.368129,-1.362123,-0.023168,1.047886,-0.009329,-0.007677
20.166667,0.017692,0.016226,-0.004600,-0.735964,-1.334037,1.056949,-1.389856,-0.008395,-0.021088,-0.390852,-1.381909,-0.104711,1.033638,-0.012257,-0.010720
20.200000,0.012561,0.014489,-0.003149,-0.732560,-1.339343,1.054968,-1.396927,-0.002525,-0.017286,-0.393181,-1.392529,-0.197071,1.033006,-0.008460,-0.004799
20.233333,0.004922,0.020804,0.008158,-0.704622,-1.344321,1.065511,-1.379677,-0.002667,-0.023637,-0.385844,-1.392529,-0.297071,1.028970,0.008363,-0.004679
20.266667,0.022990,0.031177,0.016180,-0.693426,-1.324879,1.069627,-1.345412,0.003045,-0.000955,-0.371850,-1.396162,-0.397071,1.064488,0.003152,-0.002586
20.300000,0.025193,0.032854,0.023406,-0.681443,-1.340634,1.061469,-1.336602,0.006981,0.005253,-0.359097,-1.405562,-0.497071,1.089139,0.000612,0.001179
20.333333,0.015258,0.033324,0.013640,-0.655522,-1.344274,1.064718,-1.315734,0.018787,0.006716,-0.345222,-1.405562,-0.597071,1.125283,0.007261,0.006471
20.366667,0.010540,0.042611,0.015352,-0.643518,-1.343683,1.079012,-1.283358,0.011112,0.016476,-0.341489,-1.405562,-0.697071,1.173690,0.008232,0.011095
20.400000,0.016093,0.033100,0.013655,-0.636767,-1.359071,1.060144,-1.283763,0.009998,0.012861,-0.337775,-1.403129,-0.786479,1.198722,0.011281,0.011520
20.433333,0.002919,0.025690,0.001995,-0.618129,-1.373953,1.053138,-1.299002,0.004873,-0.002571,-0.358220,-1.384873,-0.841221,1.197573,0.021791,0.010501
20.466667,0.000783,0.027910,-0.007453,-0.614030,-1.374157,1.054649,-1.308985,0.009563,-0.005788,-0.353084,-1.375488,-0.895963,1.205943,0.017172,0.022942
20.500000,0.000732,0.026231,0.004886,-0.612678,-1.388488,1.046945,-1.302452,0.005661,0.001162,-0.357744,-1.372207,-0.923534,1.200945,0.014239,0.020869
20.533333,0.003097,0.020236,0.000618,-0.583610,-1.396002,1.024331,-1.316300,0.014115,-0.002552,-0.354074,-1.372207,-0.935284,1.163405,0.012938,0.016779
20.566667,-0.001573,0.018730,-0.000153,-0.579747,-1.396002,1.020359,-1.315966,0.018429,0.007894,-0.355047,-1.371712,-0.932805,1.164555,0.002513,0.021912
20.600000,-0.005506,0.010530,0.004616,-0.574106,-1.402976,1.006817,-1.314589,0.018038,-0.000954,-0.346932,-1.387981,-0.939253,1.159917,-0.000330,0.015902
20.633333,-0.003624,0.006632,0.012787,-0.566593,-1.387306,0.992312,-1.296099,0.012420,-0.000631,-0.363559,-1.382079,-0.938145,1.152325,0.005750,-0.000405
20.666667,-0.001232,0.010598,0.008682,-0.552392,-1.365556,0.995437,-1.278442,0.014147,0.003621,-0.376823,-1.383992,-0.941031,1.142800,0.001275,-0.005587
20.700000,-0.001970,0.006796,0.011427,-0.545788,-1.361111,0.984362,-1.259078,0.012186,-0.001783,-0.378923,-1.377786,-0.935373,1.140687,0.000936,-0.006656
20.733333,0.007185,0.006796,0.003784,-0.510179,-1.354556,0.947807,-1.218233,0.008671,-0.008817,-0.396874,-1.380714,-0.940552,1.139884,0.006913,-0.016595
20.766667,0.009597,0.009689,-0.004838,-0.470652,-1.354556,0.897165,-1.176593,0.008207,-0.005118,-0.398845,-1.382701,-0.947307,1.131048,0.004490,-0.013314
20.800000,0.005856,0.010457,-0.007527,-0.417226,-1.374556,0.830046,-1.117320,0.007581,-0.004281,-0.398239,-1.395265,-0.946188,1.110193,0.002695,-0.009364
20.833333,0.001154,0.005055,-0.001776,-0.373282,-1.387430,0.730046,-1.054804,0.006850,-0.008808,-0.396203,-1.384675,-0.941912,1.089173,-0.000108,0.004033
20.866667,0.001818,0.011616,0.000810,-0.352910,-1.390630,0.630046,-0.973613,0.007747,0.001284,-0.401856,-1.390881,-0.933693,1.086928,-0.003751,0.008639
20.900000,-0.006245,0.011701,0.009355,-0.327206,-1.397185,0.530046,-0.892422,0.004845,-0.000518,-0.387448,-1.384158,-0.925475,1.044682,-0.001405,0.010284
20.933333,-0.009573,0.008350,0.018564,-0.302836,-1.397185,0.430046,-0.816174,0.005421,-0.000458,-0.393039,-1.377434,-0.921419,1.010657,-0.000548,0.006395
20.966667,-0.004661,0.007582,0.020992,-0.268730,-1.377185,0.330046,-0.779927,0.015708,-0.004331,-0.374152,-1.357871,-0.892793,0.970561,0.006091,0.004097
21.000000,0.003101,0.008345,0.021599,-0.253338,-1.382813,0.270046,-0.772947,0.016448,0.002140,-0.353382,-1.359155,-0.850500,0.912425,0.006653,-0.000828
21.033333,0.004297,0.002538,0.016933,-0.225045,-1.383720,0.250046,-0.785695,0.015922,-0.008639,-0.329908,-1.358742,-0.796515,0.828984,0.010967,-0.005478
21.066667,-0.002250,0.006172,0.009009,-0.233096,-1.380035,0.270046,-0.824939,0.015339,-0.006053,-0.326495,-1.347436,-0.756515,0.785544,0.014014,-0.008166
21.100000,-0.000980,0.009161,0.001480,-0.268715,-1.356797,0.330046,-0.883578,0.010441,-0.008199,-0.343082,-1.343314,-0.736515,0.773106,0.011729,-0.006317
21.133333,-0.006337,0.009161,-0.003621,-0.344334,-1.363713,0.430046,-0.928477,0.001112,-0.007698,-0.386866,-1.357538,-0.756515,0.779752,0.003368,-0.004218
21.166667,-0.023281,0.011119,-0.023522,-0.416763,-1.344826,0.530046,-0.960076,0.001618,-0.025483,-0.443923,-1.336978,-0.816515,0.815373,0.008696,-0.012804
21.200000,-0.024763,0.012731,-0.029469,-0.508646,-1.308202,0.630046,-1.000389,0.004857,-0.028190,-0.506767,-1.326156,-0.916515,0.866138,0.015519,-0.003098
21.233333,-0.018259,0.009012,-0.024226,-0.595067,-1.291927,0.730046,-1.039589,0.003657,-0.032544,-0.556244,-1.331625,-1.016515,0.892843,0.011251,0.001114
21.266667,-0.025837,0.008236,-0.029837,-0.644637,-1.303045,0.830046,-1.059659,0.010959,-0.042841,-0.580870,-1.312981,-1.116515,0.896475,0.005128,0.005523
21.300000,-0.026367,0.016621,-0.030826,-0.694206,-1.293342,0.930045,-1.072170,0.014626,-0.034693,-0.608655,-1.315991,-1.216515,0.921023,0.009599,0.015493
21.333333,-0.013285,0.014807,-0.014286,-0.733709,-1.295556,1.030046,-1.085548,0.009814,-0.026043,-0.622370,-1.335414,-1.311312,0.924323,0.007049,0.018659
21.366667,-0.007309,0.012288,-0.009413,-0.752579,-1.289901,1.130046,-1.071439,0.017632,-0.013212,-0.639897,-1.328112,-1.391896,0.918333,-0.006900,0.009802
21.400000,-0.006625,0.025420,-0.011124,-0.765967,-1.287245,1.230046,-1.071947,0.013805,-0.012133,-0.635235,-1.305355,-1.456311,0.920119,-0.013754,0.018959
21.433333,0.001245,0.023645,-0.001599,-0.801582,-1.270505,1.330046,-1.088811,0.011503,-0.001030,-0.641024,-1.319527,-1.480726,0.937711,-0.006695,0.010023
21.466667,0.006036,0.020660,0.000414,-0.819351,-1.254874,1.426114,-1.126828,0.010505,-0.009372,-0.615927,-1.322489,-1.465142,0.917860,-0.005477,0.001641
21.500000,0.008128,0.021370,-0.001958,-0.849693,-1.244264,1.504685,-1.182197,0.009604,-0.007175,-0.571632,-1.321667,-1.414760,0.890283,-0.002880,0.015475
21.533333,0.002261,0.023895,0.000290,-0.877380,-1.240285,1.559868,-1.259549,-0.002369,-0.017959,-0.505293,-1.340203,-1.338591,0.848512,0.004213,0.017156
21.566667,0.008367,0.017566,0.004803,-0.910763,-1.210406,1.589182,-1.325407,0.010773,-0.013153,-0.434510,-1.375521,-1.238591,0.787960,0.010119,0.008881
21.600000,0.009469,0.020848,0.010497,-0.942650,-1.180004,1.604562,-1.375501,0.014938,-0.004196,-0.366024,-1.390839,-1.138591,0.695454,0.006614,0.012785
21.633333,0.006235,0.015449,0.009735,-0.970793,-1.140520,1.596342,-1.413697,0.010849,-0.001884,-0.308274,-1.377366,-1.038591,0.600390,0.004729,0.013680
21.666667,0.004385,0.016185,0.011904,-0.985895,-1.076387,1.605564,-1.418799,0.014093,-0.001228,-0.290525,-1.353625,-0.938591,0.505327,0.001658,-0.003202
21.700000,0.015512,0.014063,0.007979,-1.022708,-1.009963,1.609013,-1.440964,0.011005,-0.011571,-0.292503,-1.312701,-0.838591,0.410263,-0.002084,-0.008486
21.733333,0.009333,0.009871,0.005125,-1.056383,-0.948915,1.608652,-1.463631,0.002731,-0.016497,-0.303578,-1.251777,-0.738591,0.310263,0.001329,-0.008886
21.766667,0.004522,0.012232,-0.006804,-1.085636,-0.874636,1.609931,-1.474738,0.000958,-0.018929,-0.303699,-1.170853,-0.638591,0.214366,-0.001763,-0.006177
21.800000,0.000727,0.021523,-0.004463,-1.136478,-0.798993,1.617290,-1.495619,0.006147,-0.008528,-0.300703,-1.089929,-0.538591,0.134319,-0.003807,0.000712
21.833333,-0.001980,0.019327,-0.010263,-1.188863,-0.730871,1.608469,-1.530341,0.005559,-0.011041,-0.285633,-1.019121,-0.438591,0.078583,0.002513,0.004219
21.866667,-0.017182,0.018226,-0.019602,-1.211178,-0.671107,1.604001,-1.545063,0.016061,-0.006012,-0.259911,-0.932862,-0.338591,0.055784,0.011055,0.011779
21.900000,-0.016916,0.028891,-0.023529,-1.244335,-0.599489,1.613218,-1.550774,0.015349,-0.009975,-0.244698,-0.882442,-0.238591,0.051145,0.016689,0.014121
21.933333,-0.019298,0.026967,-0.021917,-1.283039,-0.537985,1.610182,-1.569252,0.009454,-0.024381,-0.233500,-0.832022,-0.138591,0.042403,0.025033,0.006437
21.966667,-0.016921,0.026638,-0.040137,-1.305324,-0.476481,1.625052,-1.570000,0.016942,-0.033287,-0.246721,-0.813743,-0.056986,0.053344,0.033468,-0.002170
22.000000,-0.010106,0.034423,-0.041211,-1.321930,-0.425244,1.634733,-1.570000,0.012815,-0.029935,-0.232017,-0.783922,-0.010408,0.051312,0.033899,0.002337
22.033333,-0.003374,0.040087,-0.034428,-1.347290,-0.392325,1.631360,-1.570000,0.004552,-0.022112,-0.224859,-0.777303,0.034283,0.020947,0.028438,-0.006386
22.066667,-0.007702,0.040695,-0.039657,-1.344229,-0.377406,1.623560,-1.570000,-0.000014,-0.016488,-0.221756,-0.749689,0.053340,0.000105,0.021309,-0.010499
22.100000,-0.004548,0.044268,-0.034843,-1.339212,-0.385500,1.640306,-1.570000,-0.002357,-0.008009,-0.220876,-0.742607,0.036742,0.011199,0.020669,0.002781
22.133333,-0.001820,0.039184,-0.018319,-1.333844,-0.393594,1.627563,-1.570000,-0.018539,-0.009322,-0.199897,-0.718308,0.037424,-0.012688,0.009835,0.004505
22.166667,-0.004613,0.047819,-0.015568,-1.308180,-0.414995,1.626669,-1.560060,-0.021898,-0.007565,-0.200632,-0.706454,0.039162,-0.009696,-0.000690,0.008124
22.200000,-0.008892,0.046110,-0.012114,-1.265412,-0.437052,1.658672,-1.560060,-0.015489,-0.013643,-0.196001,-0.698613,0.017433,0.005284,-0.004908,0.019748
22.233333,0.003126,0.032540,-0.006201,-1.214305,-0.469116,1.676776,-1.551622,-0.013393,-0.024008,-0.198316,-0.714758,0.007725,0.031227,-0.002169,0.021783
22.266667,0.008551,0.029347,-0.010794,-1.140150,-0.498855,1.659712,-1.523185,-0.003275,-0.021820,-0.186326,-0.726639,0.033673,0.065233,-0.018504,0.011464
22.300000,0.011483,0.027276,-0.013912,-1.042766,-0.568593,1.635684,-1.490952,0.001956,-0.028911,-0.174206,-0.752341,0.035820,0.138688,-0.019023,0.014013
22.333333,0.011847,0.011402,-0.005772,-0.944808,-0.646696,1.581230,-1.464743,0.005968,-0.029925,-0.163622,-0.803400,0.058944,0.213924,-0.010714,0.006914
22.366667,0.022095,0.007447,-0.004378,-0.846851,-0.733126,1.491742,-1.422668,0.003314,-0.024849,-0.177527,-0.860801,0.087191,0.312571,-0.017753,-0.009296
22.400000,0.014118,0.010107,-0.005530,-0.746851,-0.823926,1.407987,-1.396466,0.006352,-0.017711,-0.171347,-0.919373,0.109515,0.412571,-0.020821,-0.009017
22.433333,0.010443,0.010335,0.001822,-0.647301,-0.896280,1.345868,-1.370263,-0.001383,-0.026107,-0.179944,-0.969877,0.096115,0.509687,-0.004939,-0.011774
22.466667,0.018590,0.012925,0.005901,-0.557763,-0.942470,1.318134,-1.336039,0.002747,-0.016372,-0.195562,-1.020496,0.084357,0.566803,-0.006846,-0.006596
22.500000,0.023246,0.017300,0.007562,-0.483761,-0.988660,1.290399,-1.310245,0.002520,-0.023394,-0.208868,-1.071115,0.070242,0.583919,-0.008903,-0.001042
22.533333,0.004804,0.020278,-0.003299,-0.423564,-1.034849,1.262665,-1.297396,-0.000145,-0.032234,-0.199666,-1.115438,0.059663,0.565563,0.001174,0.010511
22.566667,-0.001854,0.030425,-0.007064,-0.401552,-1.056574,1.223517,-1.276120,0.000777,-0.020568,-0.211188,-1.159761,0.051070,0.534467,0.002187,0.019671
22.600000,0.000686,0.032567,-0.006619,-0.379089,-1.104092,1.157902,-1.254845,-0.000387,-0.009943,-0.222546,-1.235801,0.041989,0.472661,0.003300,0.026630
22.633333,-0.016405,0.028170,-0.014249,-0.351636,-1.163038,1.057902,-1.229512,0.002095,-0.018626,-0.234646,-1.295060,0.042309,0.422724,0.009772,0.019636
22.666667,-0.014475,0.028547,-0.031445,-0.323546,-1.202945,0.957902,-1.179665,0.008233,-0.012213,-0.238730,-1.342241,0.029173,0.411364,0.015206,0.018520
22.700000,-0.006034,0.028087,-0.017303,-0.308980,-1.233598,0.861562,-1.125106,0.009323,-0.006501,-0.255122,-1.382159,0.013462,0.400061,0.017930,0.021918
22.733333,0.002273,0.017902,-0.013164,-0.260697,-1.264367,0.768905,-1.066783,0.007432,-0.017253,-0.264254,-1.402078,0.000461,0.368887,0.016017,0.007803
22.766667,-0.003721,0.021306,-0.019190,-0.244555,-1.292981,0.716177,-1.023562,0.005989,-0.013634,-0.269463,-1.402078,0.004569,0.371308,0.016446,0.008431
22.800000,0.001339,0.021306,-0.014141,-0.243636,-1.311521,0.666852,-1.011616,0.000769,-0.012135,-0.265042,-1.410000,0.000385,0.369585,0.016585,0.010138
22.833333,-0.005317,0.021290,-0.002512,-0.252456,-1.318802,0.633825,-1.009856,-0.008171,-0.012907,-0.276299,-1.410000,-0.002993,0.340583,0.014036,0.010362
22.866667,-0.013615,0.025947,-0.006081,-0.251548,-1.313215,0.615717,-0.996313,-0.003823,-0.006101,-0.274558,-1.400913,-0.007739,0.323082,0.008658,-0.001660
22.900000,-0.020827,0.027597,-0.003689,-0.262065,-1.322819,0.625599,-1.006095,-0.001153,-0.006153,-0.276000,-1.400913,-0.009592,0.321529,0.008649,-0.000046
22.933333,-0.020104,0.020630,0.002806,-0.266370,-1.308218,0.595552,-1.023085,0.004505,-0.009319,-0.283586,-1.400912,-0.008958,0.301625,0.011799,-0.000298
22.966667,-0.021981,0.027391,-0.003269,-0.263455,-1.299100,0.562103,-1.044677,0.003512,-0.002512,-0.316709,-1.392432,-0.010281,0.299171,0.004556,0.000237
23.000000,-0.027988,0.026979,-0.005885,-0.248521,-1.294719,0.512355,-1.096081,0.007485,-0.004267,-0.338787,-1.382089,-0.010778,0.305281,0.003061,-0.003928
23.033333,-0.010861,0.021852,-0.007134,-0.243312,-1.284533,0.444029,-1.176962,-0.002599,-0.013845,-0.388320,-1.376620,-0.030638,0.335305,0.002047,-0.006533
23.066667,-0.002152,0.020774,-0.015312,-0.253189,-1.250340,0.344029,-1.259272,-0.001328,-0.006278,-0.450683,-1.360628,-0.078552,0.381990,-0.015102,-0.003158
23.100000,-0.000219,0.021650,-0.019480,-0.253291,-1.236253,0.244029,-1.357552,-0.004614,-0.015054,-0.527337,-1.324635,-0.149848,0.447026,-0.019752,-0.006874
23.133333,0.004944,0.014889,-0.014679,-0.265107,-1.201497,0.144029,-1.436091,-0.009590,-0.022198,-0.604896,-1.277124,-0.237025,0.526887,-0.012522,-0.017829
23.166667,0.016427,0.010250,-0.015523,-0.302075,-1.152301,0.052684,-1.498237,-0.015466,-0.031032,-0.704896,-1.222277,-0.337025,0.626887,-0.014963,-0.025072
23.200000,0.013663,0.008305,-0.011792,-0.330517,-1.109319,-0.018197,-1.540382,-0.009635,-0.027981,-0.804896,-1.171972,-0.437025,0.726887,-0.007696,-0.021231
23.233333,0.010708,0.013193,0.000826,-0.342277,-1.073501,-0.049078,-1.554871,-0.008052,-0.033544,-0.904896,-1.125565,-0.537025,0.826887,0.013300,-0.022729
23.266667,0.028594,0.023976,0.010022,-0.377496,-1.016263,-0.053764,-1.534080,0.001802,-0.009689,-0.990143,-1.118993,-0.637025,0.926887,0.008992,-0.017970
23.300000,0.027827,0.026072,0.017964,-0.405111,-0.995687,-0.044188,-1.533030,0.005594,-0.004475,-1.067466,-1.112421,-0.737025,1.026887,0.008528,-0.013934
23.333333,0.018102,0.026867,0.010209,-0.411738,-0.981464,-0.021385,-1.533030,0.016887,-0.002255,-1.120527,-1.124893,-0.837025,1.126887,0.014903,-0.007277
23.366667,0.012803,0.036579,0.009524,-0.439564,-0.988953,0.020953,-1.523659,0.009651,0.008546,-1.139633,-1.147336,-0.937025,1.226887,0.014968,0.000142
23.400000,0.015021,0.029450,0.008019,-0.481239,-1.019413,0.063292,-1.531316,0.005207,0.004471,-1.131267,-1.170012,-1.037025,1.326887,0.017052,-0.002097
23.433333,0.001359,0.022331,-0.003670,-0.503051,-1.060342,0.119435,-1.555972,-0.003328,-0.009179,-1.111370,-1.163111,-1.137025,1.403599,0.028222,-0.003752
23.466667,0.000761,0.023957,-0.014663,-0.537938,-1.087844,0.193227,-1.560629,0.000978,-0.009926,-1.068414,-1.179138,-1.237025,1.462477,0.023231,0.007846
23.500000,0.001559,0.023052,-0.003027,-0.572152,-1.134234,0.259784,-1.560629,-0.002524,-0.004120,-1.036181,-1.199919,-1.337025,1.501405,0.023291,0.007573
23.533333,0.004824,0.017088,-0.005567,-0.566367,-1.168557,0.301627,-1.570000,0.004706,-0.008423,-1.014179,-1.218391,-1.437025,1.508184,0.022481,0.003594
23.566667,0.002169,0.015824,-0.005862,-0.559273,-1.198330,0.321805,-1.570000,0.010573,0.001839,-1.001426,-1.229635,-1.537025,1.514040,0.012770,0.009132
23.600000,-0.001443,0.007852,-0.001979,-0.542022,-1.213710,0.303897,-1.570000,0.011651,-0.007189,-0.993553,-1.250689,-1.637025,1.514937,0.008354,0.004139
23.633333,-0.000942,0.004131,0.006565,-0.517827,-1.205857,0.272600,-1.570000,0.005696,-0.007535,-1.005452,-1.251702,-1.724292,1.509524,0.015212,-0.010205
23.666667,-0.000386,0.008674,0.002112,-0.490967,-1.190961,0.266656,-1.567136,0.006830,-0.002305,-1.011979,-1.258113,-1.790844,1.504211,0.010132,-0.016354
23.700000,-0.001534,0.004881,0.004988,-0.478501,-1.188131,0.245427,-1.567136,0.003709,-0.006846,-1.008942,-1.253388,-1.833802,1.509350,0.012153,-0.016870
23.733333,0.006298,0.004881,-0.003204,-0.451158,-1.168994,0.226356,-1.553753,0.000395,-0.013539,-1.024128,-1.273195,-1.860246,1.512116,0.018807,-0.023973
23.766667,0.009140,0.007517,-0.011462,-0.441362,-1.182019,0.207077,-1.553753,-0.001164,-0.014082,-1.020717,-1.281075,-1.862877,1.509017,0.018870,-0.020137
23.800000,0.006097,0.007815,-0.013981,-0.437551,-1.205195,0.209277,-1.553753,-0.000320,-0.014953,-1.007706,-1.300467,-1.858330,1.504901,0.017105,-0.018051
23.833333,0.004327,0.002995,-0.008560,-0.445477,-1.210174,0.193154,-1.556618,-0.000283,-0.020731,-0.997847,-1.295940,-1.849214,1.500120,0.015052,-0.006208
23.866667,0.006501,0.010393,-0.006658,-0.479008,-1.204999,0.195466,-1.551285,0.001573,-0.012984,-0.991453,-1.314559,-1.832822,1.516824,0.009849,-0.003854
23.900000,0.000379,0.010452,0.001140,-0.506717,-1.215961,0.217283,-1.564337,-0.001765,-0.014645,-0.966695,-1.298844,-1.827479,1.496825,0.010444,-0.001396
23.933333,-0.000641,0.007875,0.009811,-0.527284,-1.208208,0.257395,-1.564008,-0.000561,-0.012311,-0.961938,-1.294989,-1.825950,1.490938,0.010566,-0.003675
23.966667,0.001416,0.007637,0.010156,-0.538605,-1.210302,0.277507,-1.563678,-0.000092,-0.011258,-0.957993,-1.296735,-1.824331,1.490211,0.010609,-0.002785
