time_sec,joint_pelvisYaw,joint_pelvisPitch,joint_pelvisRoll,joint_lShoulderPitch,joint_lShoulderRoll,joint_lShoulderYaw,joint_lElbow,joint_lWristRoll,joint_lWristPitch,joint_rShoulderPitch,joint_rShoulderRoll,joint_rShoulderYaw,joint_rElbow,joint_rWristRoll,joint_rWristPitch
0.000000,0.009484,0.014942,-0.001310,-0.476914,-1.255185,0.935707,-1.177341,-0.004003,-0.020822,-0.119774,-1.153377,-0.628998,1.135096,0.007732,-0.021736
0.033333,0.017267,0.011343,0.006762,-0.430691,-1.270808,0.856511,-1.077341,0.012274,-0.016896,-0.102796,-1.174181,-0.528998,1.035096,0.007022,-0.014765
0.066667,0.014988,0.013865,0.003240,-0.414249,-1.291381,0.822366,-1.026730,0.011563,-0.015446,-0.102433,-1.177892,-0.464426,0.964114,0.013443,-0.014632
0.100000,0.019523,0.015296,-0.000976,-0.395532,-1.305996,0.778593,-0.967662,0.005067,-0.017013,-0.103853,-1.201603,-0.393205,0.889070,0.014040,-0.009493
0.133333,0.019274,0.017910,-0.006074,-0.400329,-1.346943,0.746617,-0.933393,-0.004982,-0.015385,-0.111500,-1.230101,-0.324410,0.814026,0.007033,-0.008952
0.166667,0.000979,0.018869,-0.021129,-0.410435,-1.358290,0.752428,-0.923298,-0.006321,-0.028304,-0.125165,-1.232728,-0.287679,0.766057,0.010567,-0.015563
0.200000,0.003273,0.022801,-0.026290,-0.439014,-1.347078,0.784908,-0.928654,-0.006583,-0.027905,-0.140441,-1.246390,-0.290948,0.753780,0.019324,-0.004674
0.233333,0.008037,0.020513,-0.022333,-0.491686,-1.352734,0.834760,-0.949495,-0.004332,-0.029309,-0.148660,-1.265163,-0.288885,0.740095,0.011133,-0.001476
0.266667,-0.001121,0.019001,-0.026968,-0.543005,-1.369082,0.914239,-0.985054,0.002091,-0.036881,-0.135819,-1.243935,-0.289545,0.763643,0.001460,-0.000207
0.300000,-0.002702,0.027520,-0.026386,-0.610810,-1.363216,1.014239,-1.017837,0.003270,-0.033992,-0.128556,-1.238356,-0.322098,0.827190,0.004373,0.007758
0.333333,0.006820,0.027149,-0.012694,-0.654575,-1.366692,1.103384,-1.035919,-0.000030,-0.025241,-0.111717,-1.243062,-0.332338,0.872413,0.002268,0.012546
0.366667,0.010274,0.023846,-0.008521,-0.658341,-1.365366,1.152530,-1.020767,0.006619,-0.018994,-0.098482,-1.225284,-0.312059,0.881406,-0.010065,-0.000232
0.400000,0.008753,0.032055,-0.009165,-0.622107,-1.367283,1.161676,-0.976307,0.002454,-0.014258,-0.074935,-1.205185,-0.304434,0.870910,-0.014245,0.005924
0.433333,0.014109,0.029422,-0.000526,-0.569502,-1.367283,1.130822,-0.907803,0.000344,-0.006924,-0.077467,-1.225087,-0.283694,0.843964,-0.005618,0.000846
0.466667,0.018074,0.023461,0.001172,-0.489836,-1.370841,1.059968,-0.847257,0.001803,-0.009356,-0.090483,-1.231155,-0.239534,0.783374,-0.001348,-0.005427
0.500000,0.024805,0.021658,-0.001741,-0.434100,-1.379511,0.959968,-0.813934,-0.001337,-0.006653,-0.099058,-1.230927,-0.213283,0.720644,0.004959,0.002464
0.533333,0.021151,0.022937,0.000290,-0.399052,-1.395631,0.868079,-0.805767,-0.008784,-0.011695,-0.109976,-1.249254,-0.177943,0.674080,0.007914,0.004393
0.566667,0.026444,0.017028,0.003770,-0.391968,-1.393854,0.795882,-0.821674,-0.000851,-0.011763,-0.132901,-1.289630,-0.142974,0.653173,0.008269,-0.001291
0.600000,0.028876,0.021463,0.009765,-0.408064,-1.389764,0.761346,-0.863093,0.007394,-0.005106,-0.158751,-1.311403,-0.132771,0.620738,0.006255,0.001412
0.633333,0.022617,0.016292,0.008856,-0.430210,-1.375354,0.752586,-0.910063,0.006134,-0.006825,-0.155241,-1.309791,-0.126599,0.581946,0.000481,0.001477
0.666667,0.019962,0.017851,0.010360,-0.431569,-1.358463,0.772430,-0.920335,0.012497,-0.007477,-0.176640,-1.326334,-0.117059,0.573955,-0.004775,-0.011091
0.700000,0.027483,0.014079,0.007772,-0.432795,-1.348910,0.786450,-0.929850,0.010530,-0.019085,-0.193866,-1.338064,-0.127497,0.555811,-0.001999,-0.013000
0.733333,0.021212,0.010784,0.005725,-0.428463,-1.341413,0.797778,-0.938350,0.005798,-0.022755,-0.197778,-1.319192,-0.139046,0.530181,0.004316,-0.015288
0.766667,0.017113,0.012977,-0.004831,-0.411815,-1.321171,0.805093,-0.928027,0.004249,-0.022165,-0.182702,-1.283787,-0.146509,0.530360,-0.001869,-0.013868
0.800000,0.017632,0.020752,-0.001861,-0.416178,-1.318209,0.818635,-0.917527,0.005998,-0.012370,-0.171344,-1.278250,-0.156236,0.562719,-0.003251,-0.007870
0.833333,0.011918,0.017681,-0.004877,-0.425658,-1.324943,0.820942,-0.936174,0.002209,-0.018423,-0.149617,-1.264631,-0.166445,0.595814,-0.001134,-0.005515
0.866667,0.000813,0.016905,-0.012451,-0.429674,-1.322958,0.850962,-0.953684,0.011615,-0.014898,-0.120512,-1.221737,-0.184285,0.659371,0.003959,0.003494
0.900000,0.005328,0.025055,-0.012370,-0.451284,-1.323486,0.903984,-0.984059,0.010754,-0.016545,-0.094995,-1.209962,-0.220616,0.744757,0.007254,0.008087
0.933333,0.004189,0.022066,-0.008796,-0.483388,-1.334009,0.948889,-1.033818,0.006840,-0.024759,-0.079403,-1.193323,-0.267654,0.835083,0.015276,-0.000195
0.966667,0.003963,0.021011,-0.020859,-0.503769,-1.322425,1.001792,-1.076773,0.018207,-0.032648,-0.087691,-1.165603,-0.331816,0.933228,0.022969,-0.006462
1.000000,0.012346,0.027533,-0.019019,-0.531253,-1.309069,1.066761,-1.111037,0.020046,-0.028680,-0.078793,-1.123871,-0.411204,1.033228,0.024793,-0.000909
1.033333,0.016510,0.030344,-0.011917,-0.555721,-1.320955,1.102626,-1.140406,0.013277,-0.022168,-0.085426,-1.105631,-0.502591,1.133228,0.016708,-0.009549
1.066667,0.008503,0.031514,-0.017830,-0.540535,-1.329530,1.098491,-1.138849,0.008276,-0.018892,-0.100422,-1.076875,-0.593978,1.214829,0.010560,-0.016175
1.100000,0.007771,0.033198,-0.014222,-0.530334,-1.343339,1.095708,-1.128727,0.006256,-0.013418,-0.121867,-1.068429,-0.692756,1.277297,0.013469,-0.008302
1.133333,0.009756,0.030413,-0.003400,-0.510323,-1.358643,1.052924,-1.105147,-0.007739,-0.014722,-0.122749,-1.059267,-0.757350,1.299781,0.006130,-0.009197
1.166667,0.006919,0.038092,-0.002719,-0.483049,-1.364501,0.992840,-1.064329,-0.014254,-0.009214,-0.136715,-1.061859,-0.799621,1.294177,-0.000317,-0.010192
1.200000,0.005067,0.038893,0.000032,-0.455330,-1.359666,0.932023,-1.025295,-0.010552,-0.009678,-0.132026,-1.079346,-0.808557,1.248573,-0.002107,-0.001950
1.233333,0.016642,0.028170,0.004056,-0.445538,-1.351037,0.877442,-0.998857,-0.005035,-0.014532,-0.132296,-1.109270,-0.777493,1.188393,0.003070,-0.001066
1.266667,0.024072,0.027951,-0.000724,-0.417288,-1.341074,0.800126,-0.954912,0.002727,-0.014336,-0.117990,-1.144511,-0.707652,1.122313,-0.012599,-0.004525
1.300000,0.027198,0.024719,-0.004922,-0.390707,-1.352047,0.730032,-0.915718,0.006949,-0.020401,-0.111013,-1.169573,-0.631994,1.056216,-0.012703,-0.000301
1.333333,0.024011,0.010518,0.000365,-0.374736,-1.357265,0.659253,-0.890977,0.015526,-0.021932,-0.101928,-1.217483,-0.538660,0.988384,-0.008811,-0.003418
1.366667,0.030967,0.006906,-0.000336,-0.364908,-1.354604,0.593693,-0.864541,0.013333,-0.019455,-0.117345,-1.238582,-0.442351,0.950667,-0.014182,-0.017226
1.400000,0.022416,0.008401,-0.000902,-0.345309,-1.355832,0.540520,-0.846740,0.015283,-0.017243,-0.114716,-1.253494,-0.355918,0.905926,-0.016744,-0.014010
1.433333,0.019103,0.007586,0.003783,-0.325181,-1.335904,0.519240,-0.839248,0.007319,-0.022683,-0.118966,-1.242779,-0.296753,0.846218,-0.003402,-0.018884
1.466667,0.025678,0.010968,0.008677,-0.314662,-1.293544,0.530738,-0.851916,0.013966,-0.012722,-0.110096,-1.223569,-0.245391,0.826510,-0.006830,-0.012281
1.500000,0.032876,0.016161,0.011386,-0.318036,-1.238318,0.570785,-0.886912,0.010868,-0.022591,-0.086167,-1.166093,-0.194030,0.836625,-0.005716,-0.012104
1.533333,0.021316,0.019348,0.002709,-0.343638,-1.186154,0.645449,-0.943450,0.007136,-0.029633,-0.040675,-1.097039,-0.138978,0.856625,0.000928,-0.004116
1.566667,0.017606,0.029618,0.001035,-0.400739,-1.110533,0.741488,-1.013759,0.006824,-0.022759,-0.012792,-1.004877,-0.084481,0.916625,-0.002068,0.001729
1.600000,0.022540,0.032998,0.003155,-0.490482,-1.042731,0.841488,-1.113759,0.004484,-0.014870,0.011650,-0.916691,-0.027355,1.016625,-0.001633,0.008516
1.633333,0.012713,0.028913,-0.003071,-0.590482,-0.992331,0.941488,-1.213759,0.001975,-0.027155,0.019347,-0.830969,0.030207,1.116625,0.002941,-0.002951
1.666667,0.016927,0.029559,-0.017734,-0.690482,-0.956859,1.041488,-1.292950,0.010657,-0.019073,0.014741,-0.784764,0.058469,1.216625,0.001160,-0.003558
1.700000,0.023720,0.028512,-0.004833,-0.790482,-0.924903,1.141488,-1.363384,0.014757,-0.017232,-0.008339,-0.749383,0.074535,1.316625,0.004752,0.000128
1.733333,0.030445,0.019248,-0.002734,-0.867210,-0.906271,1.238640,-1.407005,0.011879,-0.025449,-0.028188,-0.739731,0.089369,1.407300,0.007838,-0.012054
1.766667,0.023498,0.019997,-0.008344,-0.903938,-0.914878,1.295793,-1.410626,0.016891,-0.022889,-0.047465,-0.759620,0.100981,1.477975,0.006155,-0.014774
1.800000,0.024864,0.019997,-0.003329,-0.900666,-0.916332,1.312945,-1.374247,0.013929,-0.018351,-0.056759,-0.811551,0.095055,1.519041,0.005635,-0.014717
1.833333,0.019384,0.019014,0.005218,-0.857394,-0.917472,1.290097,-1.318678,0.002231,-0.021027,-0.070282,-0.858926,0.084841,1.520106,0.012210,-0.013677
1.866667,0.009177,0.021692,0.000942,-0.774122,-0.914721,1.227250,-1.231865,0.002450,-0.012903,-0.070017,-0.916315,0.056745,1.481171,0.010957,-0.020212
1.900000,0.003656,0.021553,0.001098,-0.674122,-0.928942,1.127250,-1.131865,0.006697,-0.012209,-0.069620,-0.979800,0.023541,1.411562,0.010271,-0.015697
1.933333,0.002975,0.015058,0.004417,-0.574122,-0.917028,1.027250,-1.031865,0.005032,-0.017097,-0.074993,-1.045335,-0.003029,1.321952,0.013706,-0.013383
1.966667,0.001616,0.019912,-0.002690,-0.474122,-0.902426,0.927250,-0.971865,0.001587,-0.013071,-0.100555,-1.103992,-0.032306,1.221952,0.008988,-0.008394
2.000000,-0.008055,0.017418,-0.006501,-0.374122,-0.870983,0.827250,-0.951865,0.007579,-0.015553,-0.122780,-1.167688,-0.049652,1.121952,0.004563,-0.012466
2.033333,0.004085,0.013472,-0.009251,-0.274122,-0.818263,0.727250,-0.971865,0.004382,-0.026770,-0.158422,-1.247913,-0.063956,1.021952,-0.001358,-0.019556
2.066667,0.011003,0.013821,-0.017856,-0.180486,-0.736749,0.627250,-1.031865,0.007840,-0.022246,-0.195176,-1.309373,-0.101487,0.921952,-0.015627,-0.020482
2.100000,0.009596,0.014997,-0.021885,-0.107249,-0.678540,0.527250,-1.131865,0.011859,-0.028085,-0.222058,-1.355265,-0.157794,0.821952,-0.019529,-0.020703
2.133333,0.010894,0.010144,-0.020030,-0.065066,-0.626500,0.427250,-1.224024,0.009916,-0.033221,-0.250612,-1.387867,-0.226486,0.761952,-0.012511,-0.033488
2.166667,0.021446,0.009370,-0.020859,-0.062882,-0.612608,0.327250,-1.313394,0.006640,-0.038305,-0.301311,-1.405234,-0.313520,0.741952,-0.016102,-0.036137
2.200000,0.019084,0.009414,-0.018406,-0.100699,-0.638717,0.227250,-1.377755,0.009794,-0.031933,-0.365449,-1.405234,-0.413520,0.761952,-0.009832,-0.029062
2.233333,0.013063,0.013801,-0.008540,-0.161040,-0.689308,0.157337,-1.409975,0.009353,-0.035723,-0.431683,-1.405234,-0.513520,0.821952,0.005527,-0.028620
2.266667,0.030088,0.024716,-0.000005,-0.240982,-0.742832,0.127425,-1.402194,0.009667,-0.018161,-0.484065,-1.405234,-0.613520,0.921952,-0.000535,-0.025707
2.300000,0.029755,0.026910,0.006976,-0.307690,-0.822625,0.137513,-1.396009,0.012004,-0.013576,-0.527133,-1.407251,-0.713520,1.001992,-0.000783,-0.021070
2.333333,0.022375,0.028156,0.001018,-0.344085,-0.883536,0.187601,-1.373249,0.018351,-0.010046,-0.546948,-1.407251,-0.813520,1.074934,0.003743,-0.016274
2.366667,0.020025,0.037407,0.002116,-0.359711,-0.944446,0.277688,-1.335497,0.012090,-0.003601,-0.542886,-1.407251,-0.913521,1.143681,0.006591,-0.011594
2.400000,0.020873,0.031832,0.002193,-0.349639,-1.019370,0.377688,-1.289887,0.008107,-0.005331,-0.514583,-1.407251,-1.013520,1.172427,0.007435,-0.012233
2.433333,0.006894,0.024783,-0.008268,-0.305723,-1.079168,0.477688,-1.252716,0.007784,-0.015417,-0.511364,-1.398970,-1.098485,1.169865,0.018984,-0.014194
2.466667,0.001622,0.025635,-0.014777,-0.243987,-1.115562,0.577688,-1.215876,0.010221,-0.015040,-0.493545,-1.394907,-1.183449,1.171908,0.014733,-0.001898
2.500000,-0.001831,0.023920,-0.005137,-0.172564,-1.146855,0.666238,-1.173439,0.005902,-0.010567,-0.491163,-1.394907,-1.262070,1.171100,0.015969,-0.004845
2.533333,-0.000453,0.018999,-0.007709,-0.081910,-1.156812,0.744092,-1.157955,0.012555,-0.014486,-0.499644,-1.394907,-1.340692,1.156081,0.014423,-0.008473
2.566667,-0.001448,0.016756,-0.007767,0.011934,-1.145374,0.821946,-1.177961,0.016350,-0.008029,-0.544316,-1.383324,-1.419314,1.181061,0.008171,-0.004510
2.600000,-0.003464,0.012267,-0.003325,0.111934,-1.113404,0.894323,-1.214536,0.015201,-0.015562,-0.598641,-1.375993,-1.512972,1.237350,0.003072,-0.011682
2.633333,0.000738,0.010104,0.002562,0.204473,-1.064837,0.948035,-1.236762,0.010730,-0.018117,-0.666392,-1.352810,-1.606629,1.298356,0.006048,-0.024883
2.666667,0.002377,0.016210,-0.000770,0.262703,-1.022883,1.013197,-1.263745,0.013600,-0.014446,-0.728883,-1.336896,-1.700178,1.363100,0.001342,-0.030486
2.700000,-0.000955,0.014335,0.001210,0.289305,-1.001567,1.064514,-1.291956,0.008039,-0.017170,-0.779132,-1.317616,-1.776552,1.434737,0.002739,-0.034453
2.733333,0.003762,0.014529,-0.003754,0.282329,-0.984063,1.100620,-1.288030,0.006426,-0.020480,-0.825131,-1.329200,-1.830348,1.490620,0.008075,-0.042596
2.766667,0.007350,0.016680,-0.010118,0.235353,-1.006559,1.102204,-1.293461,0.001608,-0.017950,-0.835910,-1.333690,-1.858209,1.526504,0.012051,-0.039624
2.800000,0.007040,0.019726,-0.011699,0.155839,-1.066789,1.107854,-1.297148,0.003054,-0.015930,-0.843458,-1.348236,-1.868075,1.553024,0.011459,-0.038114
2.833333,0.007281,0.014097,-0.008187,0.070633,-1.109457,1.091456,-1.301366,0.005002,-0.020083,-0.846312,-1.345693,-1.861030,1.565394,0.011440,-0.028605
2.866667,0.010039,0.018108,-0.007003,-0.022945,-1.143514,1.073615,-1.284430,0.008630,-0.013263,-0.854822,-1.364973,-1.843025,1.569639,0.005742,-0.022511
2.900000,0.005328,0.020516,-0.002899,-0.122945,-1.191583,1.070986,-1.276567,0.005920,-0.015789,-0.854792,-1.352741,-1.839951,1.569639,0.006324,-0.018940
2.933333,0.001267,0.018316,0.002686,-0.222945,-1.219652,1.101539,-1.254337,0.010240,-0.016434,-0.870912,-1.351630,-1.842812,1.569639,0.005204,-0.018533
2.966667,0.004818,0.014387,0.002026,-0.282945,-1.209987,1.106690,-1.214117,0.017989,-0.015366,-0.860753,-1.334847,-1.823668,1.549639,0.013886,-0.020227
3.000000,0.011890,0.014099,0.002814,-0.302945,-1.237108,1.093890,-1.153569,0.015138,-0.008658,-0.828361,-1.336504,-1.787886,1.510000,0.012276,-0.019197
3.033333,0.011210,0.007956,-0.001479,-0.300794,-1.265391,1.067073,-1.085995,0.012854,-0.012734,-0.775570,-1.328565,-1.740238,1.450000,0.018198,-0.023252
3.066667,0.009546,0.009176,-0.006743,-0.279780,-1.278243,1.000256,-1.018417,0.010803,-0.007114,-0.695570,-1.319064,-1.660238,1.370000,0.021518,-0.023848
3.100000,0.014186,0.008758,-0.011830,-0.238772,-1.284872,0.900256,-0.944296,0.004499,-0.004044,-0.595570,-1.321145,-1.560238,1.270000,0.020292,-0.020920
3.133333,0.012452,0.009561,-0.014739,-0.219665,-1.324064,0.800256,-0.892094,-0.003976,-0.004667,-0.495570,-1.346413,-1.460238,1.170000,0.012283,-0.017985
3.166667,-0.004636,0.011108,-0.030064,-0.208294,-1.336807,0.700256,-0.853934,-0.002245,-0.016164,-0.404533,-1.336687,-1.360238,1.070000,0.019012,-0.024216
3.200000,-0.002288,0.013958,-0.033663,-0.215039,-1.332010,0.600256,-0.837198,0.001914,-0.018971,-0.328297,-1.338102,-1.260238,0.970000,0.022742,-0.011660
3.233333,0.000969,0.010033,-0.029710,-0.213479,-1.340920,0.501777,-0.831524,0.002365,-0.022819,-0.276880,-1.350302,-1.160238,0.870000,0.018054,-0.011982
3.266667,-0.004127,0.009396,-0.035145,-0.193410,-1.361584,0.407210,-0.838970,0.008317,-0.030720,-0.238291,-1.335136,-1.060238,0.770000,0.010033,-0.009022
3.300000,-0.010298,0.017001,-0.035397,-0.191441,-1.358931,0.352643,-0.845309,0.007599,-0.026956,-0.229145,-1.336783,-0.960238,0.671717,0.011251,-0.000039
3.333333,0.001724,0.015446,-0.022152,-0.204258,-1.361399,0.321267,-0.865073,0.001696,-0.021162,-0.239720,-1.352005,-0.860238,0.597665,0.005991,0.003277
3.366667,0.004025,0.014874,-0.019286,-0.207655,-1.349552,0.323908,-0.884612,0.005405,-0.008900,-0.275495,-1.327227,-0.782375,0.563613,-0.006657,-0.007628
3.400000,0.004884,0.027759,-0.019419,-0.234670,-1.335775,0.365027,-0.920666,0.000548,-0.008960,-0.318191,-1.285458,-0.744511,0.569561,-0.011162,0.001443
3.433333,0.008499,0.028248,-0.010161,-0.287642,-1.309698,0.442234,-0.970145,0.000720,-0.001115,-0.386085,-1.259318,-0.746649,0.615509,-0.003134,-0.006397
3.466667,0.016677,0.024724,-0.007827,-0.326421,-1.283255,0.519441,-1.038812,0.001056,-0.003766,-0.424536,-1.193177,-0.788786,0.699741,0.003144,-0.015474
3.500000,0.022193,0.025518,-0.010168,-0.367895,-1.263999,0.613457,-1.120011,0.000773,-0.002833,-0.434302,-1.113021,-0.870922,0.783760,0.007492,-0.010379
3.533333,0.021821,0.028207,-0.008317,-0.387959,-1.262469,0.687993,-1.208241,-0.006790,-0.015000,-0.404068,-1.032865,-0.960966,0.827780,0.014807,-0.014001
3.566667,0.031651,0.027030,-0.005793,-0.379421,-1.255975,0.722530,-1.282183,0.003934,-0.011753,-0.342093,-0.952709,-1.011009,0.831799,0.018875,-0.026906
3.600000,0.034870,0.034431,-0.001377,-0.357366,-1.261126,0.724311,-1.334227,0.009173,-0.009920,-0.242093,-0.852709,-1.021052,0.795819,0.017934,-0.032616
3.633333,0.033239,0.036148,-0.002952,-0.319812,-1.269444,0.701182,-1.370445,0.009646,-0.017872,-0.142093,-0.752709,-0.991095,0.719838,0.015115,-0.040430
3.666667,0.032829,0.042546,-0.001138,-0.274756,-1.268322,0.677324,-1.367849,0.013787,-0.022185,-0.042093,-0.652709,-0.921138,0.619838,0.016335,-0.060598
3.700000,0.039806,0.043191,-0.002939,-0.245174,-1.267792,0.647579,-1.370647,0.014104,-0.035021,0.057907,-0.552709,-0.821138,0.519838,0.021117,-0.068697
3.733333,0.032037,0.039924,-0.004970,-0.230867,-1.266110,0.634368,-1.369361,0.009521,-0.042333,0.157907,-0.452709,-0.721138,0.419838,0.029361,-0.073494
3.766667,0.026644,0.042326,-0.013809,-0.213151,-1.248817,0.639953,-1.350713,0.008515,-0.043082,0.257907,-0.352709,-0.621138,0.319838,0.029014,-0.074593
3.800000,0.026688,0.048659,-0.009659,-0.225130,-1.239470,0.650522,-1.342377,0.011470,-0.031621,0.357907,-0.252709,-0.521138,0.238165,0.031140,-0.066766
3.833333,0.021644,0.044247,-0.011252,-0.236307,-1.242811,0.635583,-1.358325,0.010598,-0.033643,0.457907,-0.152709,-0.424196,0.196493,0.034716,-0.060351
3.866667,0.009955,0.037397,-0.017632,-0.243971,-1.238162,0.631091,-1.354761,0.019650,-0.026915,0.557907,-0.052709,-0.367254,0.194820,0.040553,-0.049437
3.900000,0.012867,0.043446,-0.015828,-0.268514,-1.227825,0.633298,-1.356601,0.021266,-0.027705,0.657907,0.007291,-0.350312,0.233147,0.039635,-0.041363
3.933333,0.011849,0.037976,-0.010755,-0.304126,-1.226047,0.624714,-1.374657,0.014309,-0.036244,0.757907,0.049557,-0.373370,0.311475,0.044947,-0.041590
3.966667,0.009146,0.035150,-0.023008,-0.318628,-1.204274,0.625802,-1.366142,0.020100,-0.043333,0.857907,0.051823,-0.436428,0.411475,0.046753,-0.045100
4.000000,0.013685,0.037685,-0.022838,-0.328833,-1.175179,0.619377,-1.337409,0.016505,-0.037349,0.957907,0.014089,-0.536428,0.511475,0.046258,-0.034939
4.033333,0.016765,0.043201,-0.015262,-0.329317,-1.169450,0.593855,-1.304636,0.006648,-0.028788,1.027707,-0.063644,-0.636428,0.611475,0.034739,-0.038591
4.066667,0.010073,0.039963,-0.022121,-0.294329,-1.165882,0.550328,-1.264159,0.000816,-0.019651,1.057507,-0.141378,-0.736428,0.711475,0.028790,-0.039998
4.100000,0.011517,0.037821,-0.020949,-0.264875,-1.169164,0.531404,-1.223777,0.000995,-0.013276,1.047307,-0.241378,-0.836428,0.811475,0.029918,-0.025712
4.133333,0.011949,0.030786,-0.010987,-0.236713,-1.174537,0.482734,-1.198312,-0.010650,-0.008648,0.997108,-0.341378,-0.936428,0.911475,0.023974,-0.019036
4.166667,0.009769,0.037469,-0.009532,-0.213897,-1.176782,0.465498,-1.177542,-0.011774,-0.003050,0.906908,-0.441378,-1.036428,1.011475,0.015458,-0.015321
4.200000,0.005224,0.036162,-0.008175,-0.201211,-1.171924,0.457227,-1.177751,-0.002402,-0.004944,0.806908,-0.541378,-1.136428,1.111475,0.014299,-0.002846
4.233333,0.014367,0.024910,-0.004348,-0.203810,-1.166427,0.454938,-1.181270,-0.000941,-0.012950,0.706908,-0.641378,-1.236428,1.211475,0.018128,-0.000984
4.266667,0.019321,0.024864,-0.008341,-0.187729,-1.156926,0.420213,-1.167737,0.008536,-0.009507,0.606908,-0.741378,-1.327547,1.290849,0.002415,-0.010454
4.300000,0.024099,0.023327,-0.011653,-0.169654,-1.167944,0.393232,-1.152417,0.014315,-0.011371,0.506908,-0.841378,-1.378666,1.330224,0.000320,-0.008969
4.333333,0.024925,0.010031,-0.007751,-0.160053,-1.178184,0.334869,-1.141471,0.020917,-0.014068,0.406908,-0.941378,-1.389785,1.329599,0.005098,-0.017038
4.366667,0.036500,0.005822,-0.008671,-0.148887,-1.176399,0.267542,-1.116780,0.014025,-0.012137,0.306908,-1.034495,-1.360903,1.288973,0.001902,-0.032587
4.400000,0.029269,0.007904,-0.010143,-0.129248,-1.177065,0.189004,-1.109452,0.020322,-0.008647,0.206908,-1.094449,-1.292022,1.208348,-0.004318,-0.032142
4.433333,0.027302,0.006929,-0.006622,-0.111938,-1.161883,0.113739,-1.118788,0.011361,-0.015640,0.106908,-1.114404,-1.192022,1.108348,0.008021,-0.031880
4.466667,0.033732,0.008958,-0.003246,-0.096003,-1.129524,0.070731,-1.130088,0.017539,-0.013908,0.024136,-1.094359,-1.092022,1.008348,0.002854,-0.027878
4.500000,0.035732,0.013585,-0.002257,-0.084554,-1.105954,0.021421,-1.167067,0.013274,-0.020267,-0.029862,-1.034313,-0.992022,0.908348,0.001453,-0.026017
4.533333,0.020245,0.016462,-0.012452,-0.077648,-1.097831,-0.024153,-1.225424,0.010736,-0.028104,-0.054055,-0.941152,-0.892022,0.808348,0.004028,-0.018156
4.566667,0.014067,0.025640,-0.016436,-0.099401,-1.071932,-0.045448,-1.274222,0.009607,-0.018178,-0.062643,-0.844112,-0.792022,0.708348,0.005505,-0.010601
4.600000,0.015841,0.028266,-0.015477,-0.123056,-1.064848,-0.053882,-1.306355,0.010035,-0.009954,-0.052948,-0.771305,-0.692022,0.608348,0.004863,-0.003208
4.633333,0.003303,0.024699,-0.022425,-0.137744,-1.074525,-0.083662,-1.337526,0.007847,-0.017217,-0.052441,-0.723649,-0.592022,0.524623,0.011867,-0.011677
4.666667,0.005196,0.024851,-0.036845,-0.138813,-1.080070,-0.076086,-1.328698,0.016138,-0.011900,-0.077124,-0.715992,-0.492022,0.480899,0.014506,-0.007008
4.700000,0.013563,0.023796,-0.024763,-0.146267,-1.086907,-0.050425,-1.300918,0.020650,-0.007352,-0.131612,-0.748335,-0.392022,0.477174,0.020571,-0.002469
4.733333,0.022473,0.014995,-0.021302,-0.125848,-1.107384,-0.028218,-1.250250,0.018879,-0.015622,-0.201705,-0.817719,-0.325437,0.513450,0.022241,-0.011715
4.766667,0.016360,0.017110,-0.026575,-0.120658,-1.142322,0.010438,-1.199582,0.019558,-0.014756,-0.290081,-0.893481,-0.298852,0.589726,0.022624,-0.014276
4.800000,0.020270,0.017110,-0.021316,-0.127847,-1.182337,0.070441,-1.146214,0.014810,-0.011059,-0.386498,-0.970450,-0.312267,0.689726,0.025749,-0.010909
4.833333,0.018289,0.017205,-0.012186,-0.144691,-1.213602,0.133088,-1.092847,0.004189,-0.010609,-0.486498,-1.034988,-0.365682,0.789726,0.029068,-0.011719
4.866667,0.009013,0.021946,-0.014878,-0.153949,-1.239072,0.209795,-1.025464,0.004329,-0.001716,-0.586498,-1.076379,-0.459098,0.889726,0.022541,-0.018986
4.900000,0.004342,0.022901,-0.012579,-0.169481,-1.274694,0.301378,-0.979383,0.004815,-0.002436,-0.680523,-1.113635,-0.559098,0.989726,0.025590,-0.017410
4.933333,0.006265,0.017789,-0.007484,-0.181369,-1.290134,0.362705,-0.949169,0.006243,-0.001732,-0.751291,-1.148500,-0.659098,1.089726,0.031159,-0.014969
4.966667,0.004312,0.022916,-0.013590,-0.186248,-1.304659,0.396680,-0.921358,0.005446,0.001066,-0.803484,-1.166082,-0.759098,1.189726,0.025728,-0.011285
5.000000,-0.003446,0.021823,-0.015835,-0.182917,-1.323035,0.412738,-0.912338,0.008119,-0.002806,-0.822985,-1.178791,-0.859098,1.289726,0.023432,-0.015768
5.033333,0.011915,0.016499,-0.017435,-0.185695,-1.334572,0.397256,-0.919248,0.002347,-0.012581,-0.827179,-1.196121,-0.959098,1.385543,0.023885,-0.017946
5.066667,0.017140,0.017643,-0.024259,-0.198851,-1.331459,0.368148,-0.923052,0.004539,-0.006880,-0.816113,-1.206326,-1.059098,1.461598,0.010377,-0.012555
5.100000,0.017605,0.018206,-0.027784,-0.204799,-1.342964,0.348791,-0.933172,0.003741,-0.014839,-0.793629,-1.192960,-1.159098,1.501378,0.005501,-0.012360
5.133333,0.018119,0.013079,-0.024095,-0.220018,-1.331850,0.356785,-0.948661,0.000853,-0.019249,-0.773357,-1.177820,-1.259098,1.519243,0.008976,-0.024281
5.166667,0.030397,0.010157,-0.023332,-0.256488,-1.326781,0.382696,-0.985360,-0.000973,-0.023235,-0.765318,-1.168505,-1.359098,1.521026,0.003220,-0.027663
5.200000,0.025275,0.011394,-0.019995,-0.307565,-1.331959,0.444268,-1.030676,0.002598,-0.023148,-0.752117,-1.157275,-1.459098,1.512439,0.005992,-0.021059
5.233333,0.021954,0.015156,-0.010886,-0.369864,-1.329813,0.523762,-1.072009,0.004152,-0.027905,-0.738933,-1.134146,-1.525517,1.503874,0.021740,-0.025901
5.266667,0.037495,0.026920,-0.003572,-0.455104,-1.301574,0.623762,-1.116505,0.007797,-0.011012,-0.723606,-1.136823,-1.551936,1.520149,0.017884,-0.024709
5.300000,0.039492,0.030300,0.002499,-0.555104,-1.307458,0.723762,-1.173881,0.010463,-0.004585,-0.715355,-1.132200,-1.556946,1.532510,0.016769,-0.017094
5.333333,0.031717,0.033125,-0.004504,-0.641611,-1.299472,0.823762,-1.231256,0.017484,-0.002024,-0.696488,-1.121677,-1.522968,1.546781,0.020309,-0.010053
5.366667,0.029331,0.040400,-0.003510,-0.688118,-1.279416,0.908205,-1.269450,0.010167,0.006996,-0.658091,-1.101899,-1.448990,1.555605,0.021235,-0.004201
5.400000,0.032569,0.033643,-0.003040,-0.694625,-1.276673,0.953277,-1.321727,0.004721,0.003021,-0.600911,-1.081105,-1.368592,1.564170,0.016838,-0.004305
5.433333,0.018357,0.023836,-0.012063,-0.661133,-1.275319,0.958350,-1.360104,0.001790,-0.009542,-0.540550,-1.041264,-1.288195,1.563474,0.023605,-0.005568
5.466667,0.016182,0.024027,-0.019380,-0.587640,-1.251867,0.923423,-1.388018,0.002949,-0.015469,-0.449475,-1.021652,-1.189206,1.569304,0.018193,0.003100
5.500000,0.013737,0.021423,-0.011172,-0.487640,-1.238046,0.848495,-1.384606,0.000046,-0.013030,-0.349475,-1.009312,-1.089206,1.569304,0.017246,0.002238
5.533333,0.014717,0.015166,-0.014800,-0.390376,-1.232635,0.749125,-1.390131,0.007713,-0.016995,-0.264041,-1.011878,-0.989206,1.562270,0.016098,-0.002936
5.566667,0.008878,0.013601,-0.017313,-0.324779,-1.227899,0.649125,-1.384016,0.011099,-0.008767,-0.202681,-1.015004,-0.889206,1.562270,0.010631,0.002271
5.600000,0.004491,0.008383,-0.014660,-0.281424,-1.222372,0.549125,-1.384177,0.007857,-0.013580,-0.160313,-1.030357,-0.789206,1.562966,0.004711,-0.001416
5.633333,0.003587,0.004810,-0.009809,-0.269096,-1.201331,0.473014,-1.372428,0.004253,-0.014280,-0.146683,-1.031421,-0.689206,1.557011,0.011359,-0.014059
5.666667,0.005152,0.009814,-0.012698,-0.296769,-1.189053,0.436903,-1.369661,0.006491,-0.009854,-0.153625,-1.042592,-0.589206,1.531056,0.007371,-0.016914
5.700000,0.001776,0.007886,-0.010396,-0.361706,-1.191515,0.440792,-1.374829,0.007360,-0.012688,-0.150029,-1.059144,-0.489206,1.492136,0.009862,-0.015638
5.733333,0.011522,0.007886,-0.015304,-0.424223,-1.181931,0.484681,-1.362860,0.004441,-0.016098,-0.156572,-1.099314,-0.389206,1.426181,0.010346,-0.019158
5.766667,0.017845,0.011684,-0.022914,-0.504499,-1.205311,0.568570,-1.364744,0.004495,-0.014003,-0.144123,-1.128048,-0.290069,1.340226,0.013119,-0.014423
5.800000,0.020912,0.013480,-0.023940,-0.593747,-1.243919,0.668570,-1.367655,0.005127,-0.008642,-0.126390,-1.171470,-0.216863,1.240226,0.009889,-0.012048
5.833333,0.019492,0.007396,-0.020726,-0.682995,-1.258450,0.768570,-1.372991,0.004495,-0.013040,-0.113766,-1.191732,-0.156030,1.140226,0.008590,-0.006651
5.866667,0.026183,0.012091,-0.019183,-0.772243,-1.260422,0.868570,-1.362751,0.002852,-0.005344,-0.120357,-1.221402,-0.113467,1.040226,0.003233,-0.007076
5.900000,0.019840,0.012161,-0.013739,-0.856683,-1.280295,0.968570,-1.367002,0.003167,-0.009140,-0.127291,-1.220204,-0.090698,0.940226,0.006468,-0.010401
5.933333,0.017541,0.008196,-0.005506,-0.921122,-1.280168,1.068570,-1.359677,0.006009,-0.010568,-0.154225,-1.226804,-0.087066,0.840226,0.005182,-0.016821
5.966667,0.017690,0.006400,-0.001081,-0.945562,-1.264567,1.128570,-1.333699,0.011221,-0.009796,-0.197706,-1.225062,-0.097502,0.780226,0.010343,-0.018660
6.000000,0.023114,0.010126,0.003377,-0.930001,-1.273191,1.159742,-1.287639,0.006098,-0.001543,-0.255506,-1.232738,-0.135565,0.760226,0.009657,-0.020327
6.033333,0.018696,0.006091,0.002300,-0.874441,-1.279744,1.166632,-1.229200,0.001332,-0.005954,-0.330065,-1.226121,-0.195358,0.780226,0.011526,-0.021538
6.066667,0.012809,0.010625,-0.000744,-0.798604,-1.273102,1.151010,-1.149200,-0.004949,0.002248,-0.410065,-1.216381,-0.275358,0.840226,0.014072,-0.020079
6.100000,0.012445,0.014783,-0.003203,-0.707764,-1.267142,1.095388,-1.049200,-0.014818,0.005807,-0.473736,-1.218270,-0.375358,0.940226,0.014294,-0.014679
6.133333,0.009349,0.017254,-0.006229,-0.633002,-1.296177,1.039766,-0.949200,-0.024095,0.005317,-0.497408,-1.225265,-0.460132,1.040226,0.008027,-0.010892
6.166667,-0.008531,0.016614,-0.022164,-0.563792,-1.312585,0.988891,-0.849200,-0.022786,-0.006856,-0.481079,-1.206002,-0.504905,1.140226,0.013062,-0.015515
6.200000,-0.008366,0.021122,-0.027331,-0.533262,-1.317828,0.937181,-0.749200,-0.020891,-0.009889,-0.424751,-1.194622,-0.509678,1.240226,0.020732,-0.006180
6.233333,-0.004597,0.019500,-0.024671,-0.512317,-1.339093,0.872435,-0.652918,-0.021625,-0.013642,-0.328423,-1.194312,-0.474452,1.332371,0.018369,-0.005850
6.266667,-0.012722,0.019774,-0.031282,-0.499094,-1.361094,0.834811,-0.596636,-0.014832,-0.020115,-0.232102,-1.174217,-0.399225,1.384516,0.010300,-0.002937
6.300000,-0.015253,0.027497,-0.034253,-0.509793,-1.351433,0.837188,-0.580355,-0.013057,-0.014356,-0.170221,-1.176730,-0.329332,1.396660,0.014250,0.002751
6.333333,-0.002871,0.026332,-0.021831,-0.554940,-1.339124,0.863646,-0.604073,-0.017711,-0.006102,-0.129314,-1.216373,-0.285534,1.368805,0.011838,0.003512
6.366667,0.002703,0.023622,-0.019336,-0.601408,-1.312608,0.915220,-0.667791,-0.011608,0.003114,-0.110052,-1.238728,-0.281736,1.300950,-0.000742,-0.004991
6.400000,0.005208,0.033654,-0.018471,-0.674127,-1.287371,1.002344,-0.767791,-0.011920,0.004287,-0.102904,-1.248749,-0.317938,1.200950,-0.008698,0.004079
6.433333,0.012319,0.031330,-0.008653,-0.770132,-1.255310,1.102344,-0.867791,-0.009615,0.010890,-0.120725,-1.286810,-0.394141,1.117722,-0.002160,-0.001902
6.466667,0.019386,0.026551,-0.006097,-0.848204,-1.237031,1.202344,-0.967791,-0.007220,0.004631,-0.142921,-1.301900,-0.480236,1.062656,-0.000104,-0.007115
6.500000,0.025055,0.027474,-0.006496,-0.920937,-1.236494,1.302344,-1.067791,-0.005660,0.006615,-0.155468,-1.286318,-0.580236,1.027641,0.003063,0.004632
6.533333,0.022007,0.027922,-0.003198,-0.974938,-1.251224,1.402344,-1.161364,-0.013861,0.001759,-0.161262,-1.289526,-0.655418,1.014496,0.006440,0.002911
6.566667,0.026610,0.020987,-0.000324,-1.013165,-1.247866,1.496135,-1.242686,-0.003712,0.007076,-0.175482,-1.319053,-0.708114,1.030591,0.011023,-0.002722
6.600000,0.030362,0.022759,0.005429,-1.034593,-1.242081,1.579411,-1.303071,0.000586,0.014757,-0.184022,-1.328919,-0.735924,1.033774,0.006101,-0.003448
6.633333,0.024965,0.019005,0.005081,-1.047399,-1.219182,1.641319,-1.355874,-0.001570,0.012628,-0.159322,-1.326298,-0.726447,1.008797,0.002556,-0.003315
6.666667,0.024985,0.020114,0.005611,-1.025543,-1.165463,1.703228,-1.385374,0.002718,0.010123,-0.161118,-1.341428,-0.687474,0.964982,-0.003058,-0.019311
6.700000,0.032550,0.019392,0.003357,-0.982420,-1.096476,1.761758,-1.421301,0.000768,0.000970,-0.169163,-1.354185,-0.650622,0.899297,-0.000159,-0.021061
6.733333,0.029144,0.017764,0.001939,-0.915070,-1.008644,1.797190,-1.452332,-0.003402,-0.006686,-0.168673,-1.338113,-0.613559,0.812700,0.003085,-0.024611
6.766667,0.024817,0.022699,-0.007181,-0.828514,-0.908644,1.831769,-1.473154,-0.005406,-0.008320,-0.165145,-1.304235,-0.590294,0.747920,0.001193,-0.023550
6.800000,0.028594,0.031787,-0.003382,-0.728514,-0.808644,1.873571,-1.497016,-0.001844,-0.000782,-0.185935,-1.293565,-0.604316,0.720691,-0.002796,-0.021116
6.833333,0.024140,0.031273,-0.004167,-0.628514,-0.708644,1.898223,-1.527958,-0.004175,-0.004942,-0.200994,-1.269219,-0.647834,0.732246,0.002295,-0.021049
6.866667,0.014732,0.027521,-0.010531,-0.528514,-0.608644,1.911274,-1.538900,0.004561,-0.004542,-0.210336,-1.212154,-0.714049,0.783802,0.005912,-0.015689
6.900000,0.021024,0.038166,-0.010013,-0.428514,-0.508644,1.953632,-1.546989,0.003962,-0.008032,-0.247674,-1.152853,-0.802961,0.867030,0.006038,-0.016659
6.933333,0.024007,0.038351,-0.006936,-0.328514,-0.408644,2.007358,-1.566224,-0.000863,-0.022340,-0.305082,-1.091136,-0.902961,0.964580,0.011719,-0.026034
6.966667,0.024006,0.041531,-0.017083,-0.228514,-0.308644,2.062017,-1.561833,0.008102,-0.028988,-0.332597,-1.001668,-0.984514,1.037583,0.019642,-0.035698
7.000000,0.035244,0.054130,-0.015546,-0.128514,-0.208644,2.126693,-1.541287,0.010793,-0.026947,-0.328023,-0.901668,-1.028880,1.070587,0.023278,-0.032440
7.033333,0.041748,0.067130,-0.006250,-0.028514,-0.108644,2.170082,-1.512246,0.009021,-0.023150,-0.308023,-0.801668,-1.033245,1.063590,0.019915,-0.046322
7.066667,0.037601,0.075894,-0.009041,0.071486,-0.008644,2.174180,-1.478616,0.006025,-0.019609,-0.248023,-0.701668,-0.997611,1.016593,0.018776,-0.054546
7.100000,0.041309,0.084128,-0.005021,0.171486,0.091356,2.161580,-1.453567,0.009003,-0.014868,-0.148023,-0.601668,-0.921977,0.929597,0.024627,-0.048974
7.133333,0.045398,0.085122,0.005514,0.271486,0.191356,2.122192,-1.437462,0.000794,-0.016558,-0.048023,-0.501668,-0.824789,0.829597,0.019863,-0.053467
7.166667,0.042923,0.092956,0.007233,0.371486,0.291356,2.049937,-1.424021,0.001059,-0.015441,0.051977,-0.408125,-0.724789,0.729596,0.014070,-0.053653
7.200000,0.039935,0.095465,0.007789,0.471486,0.391356,1.973948,-1.425061,0.008146,-0.018447,0.151977,-0.354582,-0.624789,0.629596,0.009708,-0.042888
7.233333,0.048605,0.082853,0.007520,0.571486,0.491356,1.897251,-1.434914,0.013664,-0.026312,0.247185,-0.341039,-0.524789,0.538199,0.011916,-0.040113
7.266667,0.053785,0.079868,0.001384,0.671486,0.580490,1.797251,-1.425107,0.020709,-0.024706,0.310725,-0.367496,-0.424789,0.475027,-0.004973,-0.042648
7.300000,0.054168,0.072168,-0.004282,0.771486,0.629623,1.697251,-1.434523,0.020554,-0.027716,0.334266,-0.433953,-0.325893,0.426979,-0.009521,-0.031014
7.333333,0.049641,0.053122,-0.002890,0.867148,0.638756,1.597251,-1.449714,0.018886,-0.027030,0.317806,-0.533953,-0.253398,0.418931,-0.008105,-0.031057
7.366667,0.053710,0.039445,-0.005616,0.922810,0.607890,1.497251,-1.443556,0.013859,-0.020247,0.261346,-0.633953,-0.220904,0.450883,-0.014748,-0.040220
7.400000,0.041233,0.032298,-0.005189,0.938471,0.537023,1.397251,-1.413174,0.013278,-0.014041,0.169679,-0.733953,-0.228409,0.514233,-0.016643,-0.033072
7.433333,0.032789,0.023300,-0.000172,0.914133,0.437023,1.297251,-1.373870,0.004150,-0.014448,0.069679,-0.833953,-0.275915,0.589358,-0.004467,-0.032076
7.466667,0.036078,0.021648,0.003746,0.849795,0.337023,1.197251,-1.294566,0.009462,-0.004276,-0.029731,-0.933953,-0.362317,0.689358,-0.007179,-0.023870
7.500000,0.037336,0.022438,0.006628,0.749795,0.237023,1.097251,-1.230692,0.008186,-0.009286,-0.112671,-1.033953,-0.462317,0.785493,-0.006972,-0.019554
7.533333,0.023588,0.023891,-0.000122,0.649795,0.137023,0.997251,-1.200554,0.003581,-0.013232,-0.173118,-1.103589,-0.562317,0.866489,0.000826,-0.008733
7.566667,0.018473,0.032596,-0.003512,0.549795,0.037023,0.897251,-1.210416,0.002964,-0.004610,-0.229244,-1.173225,-0.662317,0.937453,0.000209,0.000291
7.600000,0.018788,0.036049,-0.004042,0.449795,-0.062977,0.797251,-1.230031,0.003179,0.000686,-0.271571,-1.233307,-0.731014,0.968417,0.001477,0.009670
7.633333,0.005387,0.030477,-0.012520,0.349795,-0.162977,0.697251,-1.286685,0.001129,-0.008455,-0.314487,-1.261392,-0.786078,0.971722,0.009191,-0.000131
7.666667,0.007049,0.029835,-0.027807,0.249795,-0.262977,0.597251,-1.334838,0.009713,-0.002552,-0.373874,-1.277716,-0.841143,0.978892,0.013058,-0.000868
7.700000,0.012914,0.029646,-0.018434,0.149795,-0.362977,0.497251,-1.379555,0.014202,-0.001183,-0.455754,-1.299641,-0.896208,1.001201,0.018451,0.000414
7.733333,0.017010,0.018431,-0.016823,0.049795,-0.459799,0.397251,-1.409173,0.013426,-0.006492,-0.536945,-1.308468,-0.951272,1.033543,0.018250,-0.010930
7.766667,0.013539,0.018074,-0.021845,-0.050205,-0.543945,0.319669,-1.441016,0.012886,-0.001442,-0.608695,-1.301050,-1.037640,1.105884,0.017815,-0.014357
7.800000,0.017255,0.018074,-0.015776,-0.150205,-0.588515,0.257901,-1.475820,0.012279,0.001341,-0.659725,-1.305768,-1.137640,1.205884,0.020115,-0.013835
7.833333,0.014396,0.016754,-0.007739,-0.250205,-0.601080,0.223704,-1.497563,0.005625,0.000293,-0.693316,-1.300649,-1.237640,1.298916,0.017538,-0.013128
7.866667,0.007159,0.020351,-0.010294,-0.350205,-0.589422,0.226468,-1.496871,0.008101,0.007377,-0.701786,-1.291860,-1.337640,1.377156,0.010106,-0.022197
7.900000,0.004179,0.022575,-0.008503,-0.450205,-0.567190,0.265815,-1.506594,0.010899,0.004694,-0.701257,-1.287020,-1.437640,1.445117,0.010900,-0.021416
7.933333,0.000645,0.017624,-0.004413,-0.548276,-0.531956,0.313263,-1.520214,0.013294,0.001513,-0.704247,-1.293230,-1.537640,1.493426,0.012102,-0.019457
7.966667,0.000630,0.025326,-0.010347,-0.646348,-0.520144,0.384898,-1.521098,0.010411,0.006846,-0.708310,-1.288396,-1.637640,1.522615,0.003508,-0.018483
8.000000,-0.007480,0.027727,-0.012739,-0.744419,-0.524444,0.468962,-1.529715,0.011276,0.004531,-0.690299,-1.289479,-1.712572,1.518773,0.001429,-0.023921
8.033333,0.005571,0.024946,-0.014732,-0.842490,-0.530315,0.556065,-1.544793,0.004191,-0.003949,-0.657409,-1.304205,-1.747505,1.489722,0.001400,-0.027262
8.066667,0.012179,0.027737,-0.024217,-0.915175,-0.530041,0.646585,-1.545742,0.008164,0.000115,-0.598528,-1.323716,-1.742437,1.430951,-0.012304,-0.027434
8.100000,0.014944,0.031414,-0.028433,-0.956496,-0.555446,0.746585,-1.540855,0.010481,-0.010041,-0.519368,-1.325517,-1.697369,1.351831,-0.011633,-0.032895
8.133333,0.015386,0.023713,-0.027174,-0.964992,-0.567113,0.846586,-1.519547,0.008703,-0.017436,-0.419856,-1.331378,-1.612301,1.251831,-0.004671,-0.044023
8.166667,0.027346,0.021220,-0.027234,-0.960460,-0.571764,0.946586,-1.508427,0.001680,-0.022407,-0.334345,-1.348393,-1.512301,1.151831,-0.007428,-0.046318
8.200000,0.023270,0.019616,-0.024238,-0.933300,-0.584864,1.046585,-1.490975,0.005313,-0.021988,-0.271789,-1.360766,-1.412301,1.051831,-0.004238,-0.041183
8.233333,0.018722,0.022722,-0.011872,-0.902487,-0.594129,1.146585,-1.462463,0.002845,-0.025864,-0.234207,-1.356340,-1.312301,0.951831,0.012784,-0.041934
8.266667,0.032849,0.029361,-0.002236,-0.898889,-0.571636,1.246585,-1.427679,0.006727,-0.006459,-0.200682,-1.370875,-1.212301,0.851831,0.002940,-0.035415
8.300000,0.032512,0.032094,0.006428,-0.903645,-0.575561,1.346586,-1.422051,0.009146,-0.000838,-0.197250,-1.382576,-1.112301,0.751831,-0.000588,-0.029763
8.333333,0.021907,0.030327,0.000904,-0.897517,-0.568652,1.446586,-1.417484,0.018608,0.002436,-0.193903,-1.388318,-1.012301,0.651831,0.005500,-0.025636
8.366667,0.018265,0.037086,0.002837,-0.905942,-0.566242,1.543727,-1.407434,0.010531,0.012283,-0.192078,-1.390857,-0.912301,0.572261,0.007069,-0.021277
8.400000,0.021098,0.028109,0.003065,-0.917632,-0.574482,1.614578,-1.420844,0.007115,0.013491,-0.180821,-1.393840,-0.812301,0.492691,0.004520,-0.023084
8.433333,0.009879,0.020609,-0.006659,-0.908026,-0.596994,1.664742,-1.447421,0.002296,0.005945,-0.188712,-1.377624,-0.712301,0.440690,0.012256,-0.029126
8.466667,0.008944,0.020265,-0.014050,-0.912465,-0.598377,1.698498,-1.468342,0.003645,0.004414,-0.176228,-1.374477,-0.612301,0.404777,0.010344,-0.018897
8.500000,0.007816,0.019104,-0.005767,-0.918892,-0.617165,1.706487,-1.470015,0.000808,0.006081,-0.171507,-1.371667,-0.512301,0.386463,0.007850,-0.020419
8.533333,0.007859,0.013509,-0.009223,-0.894044,-0.637633,1.683156,-1.481872,0.008837,0.003203,-0.160755,-1.374466,-0.412301,0.364357,0.005071,-0.023777
8.566667,0.004142,0.012778,-0.011242,-0.882134,-0.661413,1.660240,-1.484807,0.013732,0.008226,-0.159656,-1.377806,-0.318682,0.379221,-0.000454,-0.018663
8.600000,0.001280,0.007899,-0.008291,-0.871854,-0.674385,1.618011,-1.483366,0.009875,0.001109,-0.153908,-1.394021,-0.234339,0.366517,-0.001897,-0.019340
8.633333,0.002479,0.005510,-0.003861,-0.852308,-0.671958,1.564896,-1.464480,0.003663,-0.000136,-0.168322,-1.397521,-0.189595,0.362276,0.000494,-0.032431
8.666667,0.004830,0.011064,-0.008951,-0.814685,-0.685868,1.503672,-1.440080,0.005330,0.005454,-0.190439,-1.400495,-0.184852,0.380437,-0.004411,-0.033319
8.700000,0.004131,0.009753,-0.008480,-0.780586,-0.707802,1.436627,-1.411670,0.002473,0.000449,-0.206432,-1.400495,-0.220109,0.421960,-0.001460,-0.032001
8.733333,0.010641,0.009753,-0.014825,-0.723743,-0.739380,1.355457,-1.358597,-0.000536,-0.003183,-0.237230,-1.400675,-0.288984,0.466512,0.001871,-0.037750
8.766667,0.012687,0.012803,-0.022215,-0.664535,-0.799254,1.274287,-1.292965,0.000048,-0.002809,-0.275233,-1.400675,-0.388585,0.551065,0.003805,-0.031628
8.800000,0.007113,0.015210,-0.023832,-0.594749,-0.899127,1.180411,-1.210433,0.001392,0.000361,-0.323357,-1.406227,-0.488585,0.651065,0.005998,-0.027898
8.833333,0.004776,0.010191,-0.018768,-0.546552,-0.999001,1.090076,-1.123757,0.000061,-0.004002,-0.379237,-1.397906,-0.588585,0.743815,0.007082,-0.018142
8.866667,0.005296,0.015053,-0.017183,-0.525381,-1.098142,1.002534,-1.023757,-0.000886,0.005049,-0.451242,-1.397906,-0.688585,0.836565,0.001516,-0.015479
8.900000,-0.001950,0.015323,-0.012301,-0.501411,-1.188730,0.949808,-0.940232,-0.006238,0.000645,-0.521154,-1.389218,-0.788585,0.914743,0.005317,-0.010470
8.933333,-0.005235,0.011138,-0.005999,-0.485549,-1.259317,0.917082,-0.876707,-0.007984,-0.002159,-0.585305,-1.380530,-0.888584,0.972920,0.007239,-0.013653
8.966667,0.004610,0.008731,-0.002334,-0.484998,-1.289946,0.924357,-0.853183,0.003293,-0.008313,-0.609455,-1.365613,-0.974337,0.991097,0.013172,-0.014641
9.000000,0.015721,0.009804,0.001135,-0.502859,-1.317730,0.961967,-0.869658,0.005641,-0.004234,-0.595809,-1.356699,-1.060089,0.995275,0.012315,-0.018499
9.033333,0.020433,0.005278,0.001178,-0.519088,-1.331583,1.032451,-0.910288,0.007740,-0.015935,-0.554009,-1.344917,-1.131579,0.978378,0.021279,-0.021900
9.066667,0.018142,0.010980,-0.001320,-0.556017,-1.330093,1.105323,-0.957812,0.009616,-0.012281,-0.507262,-1.326964,-1.203068,0.975742,0.026853,-0.025356
9.100000,0.021749,0.016038,-0.002540,-0.600624,-1.321703,1.198194,-1.006531,0.006667,-0.009506,-0.463168,-1.322711,-1.274557,0.964379,0.026172,-0.025631
9.133333,0.018455,0.019922,-0.004583,-0.647177,-1.347829,1.269364,-1.038792,-0.001938,-0.007266,-0.443501,-1.329357,-1.339818,0.973302,0.019587,-0.024663
9.166667,0.001261,0.022923,-0.020043,-0.660294,-1.350375,1.333925,-1.041682,-0.002833,-0.020706,-0.442335,-1.320598,-1.376519,0.980284,0.025287,-0.032466
9.200000,0.001458,0.027320,-0.023988,-0.676673,-1.342691,1.373261,-1.037504,-0.001879,-0.018524,-0.449755,-1.326384,-1.402019,0.980781,0.029317,-0.025349
9.233333,0.005900,0.022983,-0.019997,-0.683009,-1.354738,1.379997,-1.031604,0.001151,-0.020833,-0.446970,-1.347775,-1.387643,0.955326,0.023196,-0.024570
9.266667,0.000424,0.022726,-0.025474,-0.661668,-1.374765,1.346732,-1.011369,0.009825,-0.029204,-0.421532,-1.342988,-1.333267,0.918598,0.015109,-0.023959
9.300000,-0.004903,0.030298,-0.026862,-0.645522,-1.380236,1.300268,-0.982103,0.009735,-0.023005,-0.392894,-1.355031,-1.259368,0.895985,0.020180,-0.016465
9.333333,0.005339,0.026910,-0.014328,-0.639052,-1.392130,1.237725,-0.962180,0.005042,-0.016343,-0.358340,-1.381027,-1.174028,0.856565,0.019864,-0.012887
9.366667,0.009699,0.024233,-0.011506,-0.614905,-1.389260,1.172125,-0.925599,0.011748,-0.006835,-0.326420,-1.383434,-1.074152,0.804702,0.008823,-0.019930
9.400000,0.011563,0.035563,-0.011078,-0.607077,-1.390341,1.141483,-0.907370,0.006377,-0.006723,-0.274743,-1.374271,-0.974152,0.743553,0.001931,-0.011970
9.433333,0.017817,0.032920,-0.003270,-0.622663,-1.390341,1.130590,-0.912221,0.004712,0.002469,-0.248188,-1.391999,-0.874152,0.701982,0.011303,-0.015633
9.466667,0.023598,0.026876,-0.001450,-0.631607,-1.381771,1.146359,-0.937140,0.007038,-0.002008,-0.230761,-1.391999,-0.774152,0.636166,0.011202,-0.020820
9.500000,0.027974,0.026668,-0.002871,-0.661422,-1.381771,1.182962,-0.982087,0.007797,0.000468,-0.207433,-1.380656,-0.679022,0.570350,0.014908,-0.011287
9.533333,0.023171,0.027215,-0.000966,-0.700668,-1.396715,1.237800,-1.057198,0.000187,-0.007638,-0.186627,-1.384244,-0.583891,0.516466,0.016064,-0.012072
9.566667,0.029443,0.021557,0.000965,-0.745237,-1.391127,1.272402,-1.127391,0.010759,-0.001659,-0.183065,-1.398657,-0.488761,0.477580,0.019188,-0.017611
9.600000,0.030286,0.024041,0.007090,-0.800017,-1.380646,1.319659,-1.199022,0.015536,0.002524,-0.183430,-1.398657,-0.405685,0.423253,0.014919,-0.014482
9.633333,0.031193,0.019768,0.005340,-0.858266,-1.358736,1.354429,-1.275309,0.013926,-0.001507,-0.159826,-1.383274,-0.328175,0.358768,0.011251,-0.015457
9.666667,0.031302,0.019702,0.006797,-0.879407,-1.309599,1.351051,-1.331597,0.016565,-0.000520,-0.167037,-1.386762,-0.257732,0.323949,0.003747,-0.030566
9.700000,0.037542,0.015326,0.003160,-0.875961,-1.255373,1.322053,-1.397016,0.017932,-0.011653,-0.178545,-1.386762,-0.197937,0.280548,0.003266,-0.032379
9.733333,0.030622,0.009998,0.000775,-0.847988,-1.205789,1.273729,-1.449063,0.010986,-0.019265,-0.182088,-1.379425,-0.158174,0.235356,0.007222,-0.033212
9.766667,0.026330,0.010968,-0.009734,-0.786390,-1.141097,1.193001,-1.471634,0.010714,-0.019583,-0.176199,-1.362217,-0.122106,0.199125,0.002406,-0.035156
9.800000,0.023681,0.016514,-0.007981,-0.703351,-1.078832,1.093001,-1.485029,0.011808,-0.009970,-0.186606,-1.377600,-0.096751,0.168535,0.004723,-0.029595
9.833333,0.016259,0.014935,-0.011886,-0.629012,-1.043635,0.993001,-1.504821,0.012064,-0.015639,-0.187081,-1.385455,-0.078326,0.133955,0.010311,-0.024011
9.866667,0.004549,0.014545,-0.019750,-0.565367,-1.011566,0.893001,-1.499374,0.018782,-0.012001,-0.181818,-1.365455,-0.067356,0.118543,0.018385,-0.017159
9.900000,0.007074,0.021327,-0.021341,-0.522373,-0.974053,0.805384,-1.493378,0.019070,-0.014042,-0.188064,-1.372792,-0.062171,0.099470,0.020102,-0.015034
9.933333,0.005754,0.017469,-0.018587,-0.500289,-0.954158,0.744723,-1.504235,0.012779,-0.025960,-0.199033,-1.374990,-0.050196,0.070344,0.027500,-0.018447
9.966667,0.004327,0.017221,-0.030809,-0.510635,-0.954359,0.724063,-1.498551,0.019808,-0.031095,-0.207872,-1.356825,-0.041547,0.075577,0.031395,-0.024004
10.000000,0.014208,0.023497,-0.031209,-0.552282,-0.964773,0.743402,-1.474112,0.020889,-0.026196,-0.189144,-1.318660,-0.050241,0.095135,0.032579,-0.018603
10.033333,0.018928,0.025952,-0.023215,-0.623236,-0.998748,0.802741,-1.448882,0.014845,-0.019231,-0.166436,-1.280495,-0.042262,0.132175,0.023277,-0.027879
10.066667,0.012859,0.028928,-0.026262,-0.685076,-1.036252,0.889698,-1.414325,0.009292,-0.014707,-0.119943,-1.202330,-0.013636,0.195219,0.018006,-0.031530
10.100000,0.017423,0.031893,-0.022387,-0.754135,-1.080812,0.989698,-1.380492,0.006970,-0.011433,-0.049109,-1.119175,-0.006484,0.295219,0.018422,-0.023792
10.133333,0.020582,0.027890,-0.007970,-0.804289,-1.102850,1.089698,-1.355310,-0.004427,-0.013893,0.042278,-1.019175,0.020273,0.395219,0.010239,-0.024081
10.166667,0.017396,0.034465,-0.003665,-0.830895,-1.108255,1.189698,-1.330441,-0.010763,-0.013946,0.123839,-0.919175,0.050508,0.495219,-0.000064,-0.023622
10.200000,0.014949,0.034980,-0.000102,-0.847213,-1.098351,1.289698,-1.329466,-0.007564,-0.019879,0.197500,-0.819175,0.063017,0.595219,-0.000681,-0.013588
10.233333,0.026963,0.023243,0.004350,-0.862629,-1.089051,1.389698,-1.337594,-0.004991,-0.027060,0.234485,-0.719175,0.067096,0.695219,0.002111,-0.014825
10.266667,0.032561,0.022739,0.001109,-0.869488,-1.071950,1.489698,-1.329583,0.003575,-0.022057,0.236364,-0.657188,0.086750,0.777456,-0.011045,-0.022620
10.300000,0.035713,0.020951,-0.003370,-0.888850,-1.079886,1.584265,-1.335418,0.006618,-0.025041,0.198244,-0.635201,0.069060,0.819693,-0.011248,-0.020172
10.333333,0.036121,0.009092,0.000518,-0.922939,-1.081013,1.658594,-1.350556,0.012291,-0.022548,0.129950,-0.653214,0.063874,0.821930,-0.004679,-0.026269
10.366667,0.045828,0.006122,-0.002025,-0.945838,-1.071803,1.699067,-1.340637,0.009314,-0.017991,0.038168,-0.711227,0.055090,0.784167,-0.007676,-0.040096
10.400000,0.040680,0.007570,-0.004599,-0.964455,-1.058683,1.735873,-1.328141,0.017180,-0.013217,-0.047486,-0.809240,0.031436,0.706405,-0.006906,-0.040581
10.433333,0.036932,0.007036,-0.001469,-0.963499,-1.029819,1.750472,-1.312310,0.011741,-0.017851,-0.125998,-0.909240,-0.013846,0.606405,0.005537,-0.042961
10.466667,0.042906,0.009432,-0.000230,-0.928945,-0.975918,1.730504,-1.260461,0.018791,-0.012380,-0.185495,-0.977450,-0.061784,0.506405,0.002425,-0.037426
10.500000,0.046234,0.014393,0.001394,-0.863212,-0.906832,1.690772,-1.191351,0.014793,-0.019293,-0.244993,-1.005660,-0.129494,0.446405,0.003836,-0.033142
10.533333,0.031374,0.016987,-0.006914,-0.778958,-0.826508,1.644899,-1.109713,0.010613,-0.023322,-0.304490,-0.993870,-0.214450,0.426405,0.008495,-0.021253
10.566667,0.024633,0.025879,-0.009486,-0.678958,-0.727637,1.562690,-1.009713,0.004383,-0.013555,-0.333438,-0.942080,-0.310937,0.446405,0.005247,-0.010898
10.600000,0.024498,0.026884,-0.008368,-0.578958,-0.627637,1.462690,-0.909713,0.002810,-0.005238,-0.334424,-0.850290,-0.410067,0.506405,0.003720,-0.003403
10.633333,0.011807,0.023843,-0.012632,-0.478958,-0.527637,1.362691,-0.833309,-0.000896,-0.012075,-0.314424,-0.750290,-0.469197,0.606405,0.008192,-0.011457
10.666667,0.011273,0.022163,-0.026164,-0.378958,-0.427637,1.262691,-0.767227,0.006681,-0.005160,-0.254424,-0.650290,-0.488327,0.706405,0.008930,-0.012263
10.700000,0.016338,0.021036,-0.014990,-0.294535,-0.332980,1.162691,-0.728950,0.006781,-0.004662,-0.163126,-0.550290,-0.467457,0.806405,0.012239,-0.009980
10.733333,0.021080,0.012167,-0.010385,-0.218489,-0.253107,1.062690,-0.707717,0.004519,-0.010801,-0.091854,-0.470866,-0.406587,0.906405,0.013833,-0.019359
10.766667,0.017980,0.016175,-0.015128,-0.170312,-0.213235,0.962690,-0.704878,0.003537,-0.010210,-0.043146,-0.418614,-0.306587,0.994901,0.014795,-0.018565
10.800000,0.019377,0.016175,-0.010656,-0.141632,-0.189202,0.862690,-0.712042,0.000623,-0.008611,-0.009130,-0.379928,-0.206841,1.043398,0.014328,-0.018459
10.833333,0.016574,0.016673,-0.002378,-0.139257,-0.191275,0.762690,-0.718388,-0.007981,-0.010524,-0.008089,-0.380399,-0.133244,1.051894,0.016356,-0.016799
10.866667,0.011299,0.020647,-0.005091,-0.141930,-0.219183,0.662690,-0.708589,-0.004909,-0.001327,-0.024364,-0.412456,-0.087188,1.020391,0.011933,-0.026352
10.900000,0.008910,0.022290,-0.005933,-0.154808,-0.272307,0.562690,-0.710765,-0.001391,-0.004460,-0.054672,-0.463937,-0.053981,0.948887,0.011218,-0.028003
10.933333,0.007625,0.015374,-0.002086,-0.167171,-0.317004,0.462690,-0.720792,0.004175,-0.008970,-0.092687,-0.528245,-0.044286,0.848887,0.012151,-0.029381
10.966667,0.007647,0.020753,-0.009143,-0.179243,-0.385861,0.368386,-0.737219,-0.000096,-0.002733,-0.155130,-0.618988,-0.074337,0.780970,0.005471,-0.025062
11.000000,0.000495,0.019991,-0.011785,-0.185087,-0.465927,0.314082,-0.781536,0.002237,-0.008560,-0.205857,-0.710574,-0.118239,0.753054,0.002205,-0.029301
11.033333,0.010240,0.016773,-0.013785,-0.192333,-0.514815,0.299778,-0.852443,-0.002552,-0.021469,-0.270566,-0.779860,-0.174600,0.765137,0.003545,-0.031231
11.066667,0.013757,0.019314,-0.019379,-0.207580,-0.523703,0.325474,-0.934075,0.000885,-0.015338,-0.341217,-0.821007,-0.258112,0.817221,-0.011055,-0.026570
11.100000,0.016936,0.023539,-0.023688,-0.213247,-0.501019,0.391170,-1.018085,-0.004831,-0.021244,-0.421597,-0.822153,-0.358112,0.909304,-0.015115,-0.026101
11.133333,0.019661,0.018160,-0.020252,-0.223908,-0.438334,0.491170,-1.085518,-0.005506,-0.028550,-0.502856,-0.783300,-0.458112,1.009304,-0.007884,-0.036076
11.166667,0.031223,0.014310,-0.020173,-0.239708,-0.338334,0.591170,-1.129591,-0.010997,-0.035357,-0.564889,-0.709621,-0.540153,1.109304,-0.014953,-0.041687
11.200000,0.032355,0.014467,-0.016929,-0.248700,-0.257671,0.691170,-1.145175,-0.007744,-0.031152,-0.597708,-0.640266,-0.594793,1.209304,-0.010556,-0.038210
11.233333,0.029859,0.018131,-0.007226,-0.244286,-0.205143,0.791170,-1.121339,-0.009153,-0.037937,-0.590526,-0.575794,-0.609432,1.309304,0.004880,-0.037563
11.266667,0.043052,0.024189,0.001818,-0.259349,-0.192616,0.851170,-1.068882,-0.005557,-0.017584,-0.543344,-0.538051,-0.584072,1.401443,0.000955,-0.033590
11.300000,0.040123,0.028126,0.008263,-0.269738,-0.220088,0.871170,-0.993001,-0.002476,-0.012887,-0.456163,-0.500309,-0.518712,1.473583,-0.000937,-0.028489
11.333333,0.031182,0.032001,0.000829,-0.271655,-0.275175,0.851170,-0.919138,0.003105,-0.006167,-0.366947,-0.478212,-0.431310,1.525722,0.006841,-0.021922
11.366667,0.023856,0.040270,0.001481,-0.298352,-0.350924,0.831170,-0.836605,-0.006528,0.003432,-0.266947,-0.469915,-0.331310,1.557861,0.005306,-0.015137
11.400000,0.024792,0.032982,-0.000729,-0.351263,-0.438538,0.811170,-0.779834,-0.010144,0.002666,-0.168855,-0.458111,-0.231310,1.567070,0.006187,-0.017071
11.433333,0.011701,0.027635,-0.011333,-0.384978,-0.526151,0.831170,-0.761948,-0.011708,-0.009564,-0.098851,-0.459249,-0.132688,1.544139,0.015357,-0.019683
11.466667,0.012417,0.028374,-0.019253,-0.425129,-0.613765,0.878566,-0.784063,-0.011077,-0.011003,-0.040462,-0.500386,-0.062752,1.501208,0.012450,-0.009759
11.500000,0.009112,0.025758,-0.009629,-0.461164,-0.713765,0.940837,-0.804570,-0.011024,-0.006706,-0.012504,-0.560703,0.001526,1.438278,0.010664,-0.011385
11.533333,0.012547,0.018949,-0.013133,-0.457199,-0.813765,0.968713,-0.852352,-0.002510,-0.010566,-0.012674,-0.633611,0.032401,1.355347,0.008607,-0.014641
11.566667,0.010194,0.016916,-0.013594,-0.433294,-0.913765,0.962046,-0.909816,0.003024,-0.003066,-0.049159,-0.733282,0.037258,1.255347,0.001199,-0.011019
11.600000,0.006445,0.010433,-0.010446,-0.394179,-0.995629,0.915379,-0.950986,0.003610,-0.011468,-0.095068,-0.833282,0.017867,1.155347,-0.002193,-0.015341
11.633333,0.006594,0.005758,-0.003518,-0.354389,-1.037493,0.841316,-0.969988,-0.000021,-0.010656,-0.159334,-0.933282,-0.006484,1.055347,0.002425,-0.027592
11.666667,0.011535,0.009205,-0.007665,-0.326017,-1.066339,0.785182,-0.992369,0.004281,-0.006744,-0.217749,-1.033282,-0.054182,0.955347,-0.001281,-0.030180
11.700000,0.008569,0.006268,-0.005910,-0.316764,-1.093715,0.723443,-1.013075,0.005904,-0.011011,-0.250849,-1.133282,-0.085703,0.855347,0.003836,-0.030957
11.733333,0.015876,0.006268,-0.012486,-0.305813,-1.094980,0.686909,-1.007528,0.001701,-0.015727,-0.281386,-1.228625,-0.121217,0.755347,0.010512,-0.036021
11.766667,0.019261,0.009404,-0.019032,-0.325128,-1.106517,0.670164,-1.019390,0.000918,-0.012240,-0.274409,-1.303969,-0.165146,0.655347,0.012039,-0.031718
11.800000,0.017945,0.011377,-0.021675,-0.349844,-1.125079,0.693419,-1.047441,0.003834,-0.011694,-0.257002,-1.359313,-0.215431,0.565968,0.012668,-0.029966
11.833333,0.014106,0.007253,-0.017347,-0.373276,-1.116659,0.715208,-1.079871,0.002092,-0.017006,-0.239139,-1.391876,-0.276710,0.501467,0.011657,-0.020649
11.866667,0.016792,0.013708,-0.015474,-0.413689,-1.089326,0.757228,-1.106859,0.003409,-0.009611,-0.249379,-1.407220,-0.360763,0.476967,0.007426,-0.018437
11.900000,0.010443,0.015209,-0.009362,-0.441672,-1.068559,0.808585,-1.160108,0.004273,-0.009183,-0.263961,-1.404337,-0.454804,0.492466,0.005107,-0.018265
11.933333,0.008877,0.013075,-0.002691,-0.456545,-1.035655,0.874072,-1.193357,0.006031,-0.007880,-0.313886,-1.401453,-0.554804,0.542813,0.002751,-0.021904
11.966667,0.012356,0.011101,0.001817,-0.440729,-1.020882,0.899558,-1.192587,0.011748,-0.009138,-0.344270,-1.378570,-0.614804,0.622540,0.007843,-0.022270
12.000000,0.019158,0.013658,0.004669,-0.402152,-1.040004,0.893708,-1.169615,0.011680,-0.003961,-0.350531,-1.338466,-0.634804,0.717388,0.008335,-0.022947
12.033333,0.017337,0.009304,0.003944,-0.327475,-1.062200,0.867626,-1.138535,0.006969,-0.009690,-0.325875,-1.295030,-0.614804,0.812237,0.007928,-0.022659
12.066667,0.012613,0.011825,0.002075,-0.266218,-1.083931,0.801544,-1.101625,0.003432,-0.010967,-0.273237,-1.245403,-0.554804,0.907086,0.014515,-0.023051
12.100000,0.015209,0.012901,-0.000245,-0.224960,-1.102926,0.701544,-1.084715,-0.006266,-0.013060,-0.208199,-1.214112,-0.454804,1.007086,0.016903,-0.020103
12.133333,0.011266,0.015181,-0.002857,-0.223703,-1.131868,0.601544,-1.107805,-0.014936,-0.014278,-0.165866,-1.204345,-0.354804,1.107085,0.007432,-0.016584
12.166667,-0.003229,0.016803,-0.017882,-0.262446,-1.139230,0.541544,-1.167345,-0.018318,-0.028456,-0.146293,-1.196467,-0.263676,1.207085,0.011059,-0.024680
12.200000,-0.001049,0.020987,-0.022259,-0.341189,-1.136016,0.521544,-1.241050,-0.014131,-0.029059,-0.126975,-1.206464,-0.200548,1.274022,0.016578,-0.018818
12.233333,0.001165,0.020330,-0.019116,-0.441189,-1.147205,0.541544,-1.310899,-0.014805,-0.028938,-0.118602,-1.222792,-0.141198,1.314008,0.012509,-0.019011
12.266667,-0.005255,0.020821,-0.023126,-0.541189,-1.172829,0.601544,-1.353977,-0.007327,-0.037819,-0.087287,-1.205813,-0.081847,1.313995,0.005768,-0.017182
12.300000,-0.006278,0.027575,-0.025040,-0.641189,-1.173315,0.701544,-1.370552,-0.005002,-0.032133,-0.058209,-1.207309,-0.058830,1.273981,0.011498,-0.014425
12.333333,0.002828,0.023965,-0.011852,-0.725758,-1.177309,0.801544,-1.369023,-0.006341,-0.023299,-0.034019,-1.233846,-0.053922,1.193968,0.012778,-0.011999
12.366667,0.006849,0.020282,-0.009052,-0.770327,-1.169189,0.901544,-1.340187,-0.002947,-0.014961,-0.034008,-1.236428,-0.056604,1.107018,0.001971,-0.021639
12.400000,0.010165,0.028511,-0.010121,-0.774895,-1.155202,0.987123,-1.311357,-0.007207,-0.014590,-0.025419,-1.229529,-0.095508,1.010168,-0.006085,-0.011262
12.433333,0.014470,0.026924,-0.002859,-0.739464,-1.116334,1.034574,-1.297886,-0.008767,-0.004708,-0.056830,-1.254856,-0.174412,0.953319,-0.000736,-0.016974
12.466667,0.018047,0.021439,-0.001321,-0.664033,-1.080479,1.042024,-1.270918,-0.009549,-0.006503,-0.085250,-1.260345,-0.216984,0.896469,0.000986,-0.021042
12.500000,0.020281,0.020129,-0.003123,-0.564033,-1.049335,1.009475,-1.225605,-0.010780,-0.002851,-0.095144,-1.241726,-0.232574,0.839619,0.001883,-0.008278
12.533333,0.014073,0.019334,-0.001294,-0.464033,-1.029868,0.936925,-1.180292,-0.018435,-0.010266,-0.098837,-1.240558,-0.212574,0.782770,0.007849,-0.005130
12.566667,0.020440,0.013746,0.001914,-0.364033,-1.000501,0.838796,-1.108881,-0.007012,-0.004441,-0.112685,-1.261611,-0.166907,0.745911,0.015177,-0.012975
12.600000,0.021929,0.015621,0.007061,-0.275213,-0.981536,0.738796,-1.008881,-0.003686,0.002684,-0.113622,-1.260883,-0.112764,0.690359,0.014804,-0.010306
12.633333,0.020360,0.012071,0.005827,-0.212290,-0.959166,0.638796,-0.908881,-0.005419,-0.000074,-0.102000,-1.239992,-0.091953,0.649768,0.010614,-0.008880
12.666667,0.020426,0.013644,0.006930,-0.174937,-0.955528,0.538796,-0.814282,-0.004719,0.001336,-0.121256,-1.244840,-0.100383,0.637146,0.007824,-0.025844
12.700000,0.027837,0.011080,0.004916,-0.165577,-0.973776,0.438796,-0.759683,-0.006089,-0.006951,-0.144456,-1.249672,-0.126195,0.624523,0.007854,-0.028259
12.733333,0.019221,0.006375,0.003745,-0.182402,-1.004964,0.347025,-0.745060,-0.012269,-0.012301,-0.155158,-1.231233,-0.158309,0.593417,0.009773,-0.027719
12.766667,0.013402,0.008482,-0.005838,-0.221401,-1.035756,0.295254,-0.768110,-0.008582,-0.012939,-0.157186,-1.209710,-0.171234,0.541005,0.003915,-0.026924
12.800000,0.010964,0.015545,-0.003065,-0.274503,-1.080017,0.283483,-0.831159,-0.004605,-0.004692,-0.171859,-1.226800,-0.161950,0.473631,0.006659,-0.021421
12.833333,0.005656,0.013972,-0.006012,-0.342035,-1.117830,0.311712,-0.928808,-0.002490,-0.010802,-0.168679,-1.236627,-0.146755,0.401132,0.009741,-0.019263
12.866667,-0.002726,0.013826,-0.014307,-0.421573,-1.141737,0.379942,-1.023164,0.006625,-0.008443,-0.152760,-1.217185,-0.134007,0.356770,0.013468,-0.015561
12.900000,0.003777,0.022424,-0.016381,-0.514926,-1.160684,0.479942,-1.108523,0.008296,-0.011121,-0.141036,-1.231019,-0.131711,0.347751,0.015882,-0.017056
12.933333,0.004086,0.019792,-0.013333,-0.614926,-1.186454,0.579942,-1.177428,0.001452,-0.024709,-0.129482,-1.238648,-0.134920,0.362038,0.022789,-0.020216
12.966667,0.003689,0.019110,-0.024112,-0.703354,-1.190981,0.679942,-1.222464,0.009627,-0.031280,-0.126072,-1.247665,-0.157036,0.416325,0.027780,-0.028954
13.000000,0.012790,0.023681,-0.023865,-0.773099,-1.199565,0.779941,-1.244131,0.010091,-0.029724,-0.102867,-1.246976,-0.195823,0.484864,0.031111,-0.020951
13.033333,0.016435,0.027053,-0.015477,-0.813434,-1.224344,0.879942,-1.244354,0.002143,-0.023688,-0.093444,-1.271099,-0.235280,0.539467,0.025329,-0.027437
13.066667,0.008032,0.028688,-0.018647,-0.835939,-1.241802,0.979942,-1.244071,-0.004242,-0.019668,-0.107504,-1.275519,-0.283651,0.577168,0.019848,-0.030396
13.100000,0.011892,0.031120,-0.014470,-0.848751,-1.260069,1.079942,-1.241990,-0.004601,-0.011430,-0.132915,-1.293356,-0.354181,0.617034,0.023551,-0.024187
13.133333,0.014591,0.026942,-0.003310,-0.860865,-1.280188,1.179942,-1.246182,-0.016392,-0.011003,-0.151043,-1.290511,-0.434681,0.622760,0.013747,-0.021666
13.166667,0.011260,0.035833,-0.000174,-0.867402,-1.282717,1.279942,-1.242737,-0.020086,-0.005919,-0.192676,-1.284649,-0.515181,0.617868,0.001074,-0.022928
13.200000,0.008063,0.036815,0.004343,-0.883946,-1.268553,1.379942,-1.262756,-0.012497,-0.006617,-0.226805,-1.283766,-0.609636,0.611132,-0.000282,-0.013227
13.233333,0.019323,0.026196,0.008293,-0.893585,-1.253237,1.479942,-1.275222,-0.007606,-0.013762,-0.248175,-1.292844,-0.671727,0.606832,0.004081,-0.013127
13.266667,0.024179,0.027874,0.005990,-0.872917,-1.213464,1.579942,-1.282000,0.001608,-0.011500,-0.254439,-1.300458,-0.693819,0.606099,-0.008957,-0.020712
13.300000,0.029550,0.030043,0.005903,-0.824518,-1.170039,1.679942,-1.306374,0.007775,-0.014942,-0.250102,-1.294700,-0.682004,0.612490,-0.006731,-0.021584
13.333333,0.030820,0.019991,0.012376,-0.760380,-1.107331,1.779942,-1.352992,0.016808,-0.017974,-0.231455,-1.318453,-0.630189,0.616964,0.005189,-0.026699
13.366667,0.041570,0.015638,0.012374,-0.675645,-1.025463,1.839942,-1.379566,0.022283,-0.018370,-0.215236,-1.323809,-0.543919,0.624659,0.000379,-0.043344
13.400000,0.034975,0.017519,0.014345,-0.575646,-0.925463,1.859942,-1.408488,0.034812,-0.013077,-0.172055,-1.322503,-0.450013,0.606822,0.001872,-0.046658
13.433333,0.031554,0.014776,0.020373,-0.475646,-0.825463,1.839942,-1.423677,0.036288,-0.019080,-0.134255,-1.303058,-0.359454,0.559946,0.017740,-0.054508
13.466667,0.039308,0.015448,0.022157,-0.375646,-0.725462,1.779942,-1.398867,0.049598,-0.013612,-0.102912,-1.288276,-0.263370,0.511397,0.019940,-0.053130
13.500000,0.043141,0.017776,0.023000,-0.275646,-0.625462,1.679942,-1.345054,0.055311,-0.019359,-0.078594,-1.247781,-0.168024,0.456748,0.026762,-0.058436
13.533333,0.028214,0.021767,0.013414,-0.175646,-0.525462,1.579942,-1.290283,0.054299,-0.024640,-0.056269,-1.194991,-0.091728,0.421408,0.043282,-0.054355
13.566667,0.022055,0.031808,0.009031,-0.075646,-0.425462,1.479942,-1.222138,0.050542,-0.018690,-0.054121,-1.158605,-0.026217,0.426069,0.047126,-0.046269
13.600000,0.023902,0.034214,0.005738,0.024354,-0.325462,1.379942,-1.153993,0.050793,-0.011852,-0.048137,-1.134936,0.027750,0.469120,0.052512,-0.040000
13.633333,0.008704,0.029360,-0.003373,0.124354,-0.225462,1.279942,-1.098832,0.048186,-0.021137,-0.042024,-1.101260,0.072185,0.521066,0.062912,-0.048593
13.666667,0.010383,0.030823,-0.019012,0.224354,-0.165462,1.179942,-1.064299,0.048803,-0.015080,-0.037620,-1.095211,0.084516,0.591090,0.063395,-0.046008
13.700000,0.018423,0.033277,-0.010901,0.324354,-0.122173,1.079942,-1.050006,0.048449,-0.010773,-0.027599,-1.103229,0.115898,0.638663,0.067923,-0.042210
13.733333,0.024635,0.025637,-0.010462,0.424354,-0.118884,0.979942,-1.052148,0.045696,-0.016954,-0.037402,-1.111247,0.118064,0.681023,0.067935,-0.052548
13.766667,0.020885,0.028848,-0.015417,0.524354,-0.155594,0.879942,-1.072303,0.037946,-0.013689,-0.070827,-1.146548,0.095124,0.724991,0.060234,-0.047127
13.800000,0.024130,0.031016,-0.011222,0.624354,-0.232305,0.779942,-1.119473,0.029411,-0.008356,-0.125628,-1.203793,0.042282,0.788753,0.053883,-0.041390
13.833333,0.020287,0.028288,-0.001909,0.684355,-0.309015,0.679942,-1.143779,0.017234,-0.006859,-0.200146,-1.241287,-0.017718,0.855980,0.046790,-0.035644
13.866667,0.011372,0.028568,-0.003602,0.704355,-0.409015,0.591924,-1.130121,0.011382,-0.001872,-0.300146,-1.275658,-0.117718,0.950766,0.033243,-0.036955
13.900000,0.008757,0.026710,-0.002549,0.684355,-0.509015,0.543907,-1.116497,0.010034,-0.004202,-0.400146,-1.300459,-0.217718,1.050766,0.025162,-0.028200
13.933333,0.009204,0.019681,0.001029,0.624355,-0.609015,0.535890,-1.097336,0.010065,-0.006507,-0.479504,-1.309446,-0.317718,1.136619,0.025811,-0.026089
13.966667,0.007449,0.022604,-0.003918,0.524355,-0.709015,0.554889,-1.038174,0.005555,-0.006836,-0.518862,-1.313033,-0.417718,1.182472,0.015974,-0.019388
14.000000,-0.002039,0.021047,-0.009104,0.424355,-0.809015,0.586056,-0.979013,0.007013,-0.015375,-0.518220,-1.324174,-0.517718,1.188324,0.010898,-0.020564
14.033333,0.009023,0.016395,-0.010498,0.324355,-0.909015,0.605240,-0.919852,0.002773,-0.020881,-0.477578,-1.346339,-0.577718,1.154177,0.007450,-0.021388
14.066667,0.012951,0.017370,-0.017655,0.224355,-1.009015,0.584424,-0.832328,0.003591,-0.012670,-0.407829,-1.364348,-0.597718,1.080030,-0.005003,-0.017335
14.100000,0.011927,0.018468,-0.021004,0.124355,-1.109015,0.523609,-0.732328,0.002680,-0.021401,-0.326599,-1.362725,-0.577718,0.980030,-0.011369,-0.015900
14.133333,0.012762,0.013187,-0.019078,0.024355,-1.202270,0.435776,-0.632328,-0.002413,-0.023820,-0.273248,-1.352573,-0.517718,0.880030,-0.004171,-0.025856
14.166667,0.023981,0.011099,-0.017460,-0.075645,-1.276913,0.335776,-0.532328,-0.010031,-0.025199,-0.236727,-1.345800,-0.417718,0.780030,-0.003656,-0.027556
14.200000,0.020872,0.009516,-0.016185,-0.175043,-1.337110,0.235776,-0.432328,-0.010939,-0.024568,-0.216089,-1.335767,-0.324566,0.680030,0.003016,-0.022535
14.233333,0.017349,0.012431,-0.007021,-0.244857,-1.376819,0.175776,-0.340170,-0.012366,-0.028297,-0.207791,-1.319234,-0.252482,0.583330,0.020294,-0.024075
14.266667,0.032071,0.021409,0.000255,-0.306789,-1.387458,0.155776,-0.288012,-0.008715,-0.009924,-0.196625,-1.333388,-0.210859,0.523363,0.019942,-0.021771
14.300000,0.032619,0.022771,0.006952,-0.348810,-1.394400,0.175776,-0.275855,-0.006082,-0.004018,-0.187275,-1.338926,-0.193944,0.477317,0.014774,-0.013964
14.333333,0.024054,0.023676,-0.001048,-0.368702,-1.395197,0.235776,-0.303697,0.002641,-0.002962,-0.175863,-1.339038,-0.191567,0.460542,0.014980,-0.007280
14.366667,0.020519,0.032145,-0.000153,-0.389197,-1.387736,0.335776,-0.371539,-0.003438,0.001288,-0.176929,-1.332587,-0.214486,0.483768,0.012550,0.000394
14.400000,0.019834,0.024915,0.000669,-0.439276,-1.386688,0.435776,-0.471539,-0.004884,-0.003785,-0.171552,-1.322580,-0.226028,0.503693,0.005517,0.002286
14.433333,0.006103,0.017323,-0.008820,-0.493273,-1.384764,0.535776,-0.571539,-0.011238,-0.015007,-0.187149,-1.285511,-0.219779,0.494301,0.010697,-0.001096
14.466667,0.005498,0.019530,-0.016531,-0.566982,-1.374611,0.635776,-0.671539,-0.008601,-0.019067,-0.183363,-1.269765,-0.217356,0.474468,0.007350,0.005436
14.500000,0.006395,0.018676,-0.005684,-0.649107,-1.371696,0.735776,-0.771539,-0.008771,-0.014327,-0.189889,-1.256693,-0.203326,0.434058,0.007911,-0.001445
14.533333,0.009691,0.013473,-0.007492,-0.706854,-1.374260,0.835776,-0.871539,0.002073,-0.015348,-0.187676,-1.256404,-0.195067,0.383497,0.005675,-0.009137
14.566667,0.008913,0.013473,-0.009713,-0.764602,-1.375761,0.935776,-0.971539,0.006286,-0.009475,-0.198677,-1.259351,-0.214993,0.372935,0.001286,-0.008775
14.600000,0.005947,0.010317,-0.005739,-0.825596,-1.379081,1.035776,-1.071539,0.009863,-0.015015,-0.215146,-1.274639,-0.262248,0.394958,-0.002640,-0.012169
14.633333,0.006055,0.006747,0.001077,-0.871063,-1.361072,1.135776,-1.162412,0.005307,-0.014079,-0.260476,-1.273573,-0.320968,0.453500,0.002730,-0.026127
14.666667,0.007810,0.012467,-0.003378,-0.911441,-1.341731,1.235776,-1.237469,0.007370,-0.012379,-0.320728,-1.274107,-0.416758,0.543348,-0.001673,-0.030256
14.700000,0.007654,0.012044,-0.002567,-0.963161,-1.338486,1.335776,-1.305665,0.004567,-0.016379,-0.401357,-1.264483,-0.514631,0.643349,0.000651,-0.031562
14.733333,0.013811,0.012044,-0.007557,-0.987133,-1.321080,1.435776,-1.341699,0.002610,-0.017501,-0.491983,-1.275404,-0.614631,0.743349,0.004284,-0.040616
14.766667,0.016124,0.015705,-0.015310,-1.004700,-1.323277,1.519766,-1.377733,0.001812,-0.016661,-0.551158,-1.268169,-0.689596,0.832752,0.002067,-0.041497
14.800000,0.014969,0.018966,-0.017353,-1.017471,-1.327257,1.575063,-1.408225,0.003764,-0.019254,-0.571158,-1.268889,-0.724560,0.887080,0.000311,-0.038341
14.833333,0.013406,0.012810,-0.013181,-1.026362,-1.310089,1.596445,-1.437331,0.002394,-0.020941,-0.551158,-1.252445,-0.719525,0.918638,-0.000277,-0.028199
14.866667,0.016032,0.016286,-0.012794,-1.015519,-1.269345,1.577826,-1.446635,0.002830,-0.017120,-0.491158,-1.257328,-0.674489,0.950195,-0.003038,-0.023967
14.900000,0.009788,0.017614,-0.008741,-0.992424,-1.227163,1.519208,-1.451105,-0.001660,-0.020856,-0.391158,-1.222211,-0.589454,0.954059,-0.000859,-0.018823
14.933333,0.007783,0.013169,-0.002483,-0.936451,-1.173509,1.436600,-1.435575,-0.002750,-0.021628,-0.303543,-1.199946,-0.489454,0.948519,0.001772,-0.016674
14.966667,0.010411,0.012219,-0.003118,-0.861001,-1.118071,1.342684,-1.394715,0.003762,-0.020473,-0.255929,-1.204757,-0.429134,0.943960,0.010009,-0.018523
15.000000,0.015186,0.016521,-0.001960,-0.768233,-1.093912,1.242684,-1.331057,0.002541,-0.013659,-0.248314,-1.230143,-0.408815,0.962172,0.010878,-0.018563
15.033333,0.008827,0.016334,-0.003088,-0.668233,-1.079116,1.142684,-1.264494,-0.001398,-0.013159,-0.280700,-1.244476,-0.428496,0.980384,0.014553,-0.022719
15.066667,0.006333,0.021780,-0.006692,-0.568233,-1.073801,1.042684,-1.216111,-0.005201,-0.007937,-0.353085,-1.266923,-0.488177,1.026290,0.020040,-0.026444
15.100000,0.009373,0.026712,-0.008137,-0.491392,-1.059929,0.959667,-1.172658,-0.010704,-0.006590,-0.453085,-1.308793,-0.587858,1.092196,0.019607,-0.025719
15.133333,0.007712,0.028973,-0.007085,-0.438770,-1.077320,0.894343,-1.154201,-0.020291,-0.003911,-0.553085,-1.331638,-0.687858,1.192196,0.012938,-0.025692
15.166667,-0.010397,0.029708,-0.022088,-0.397148,-1.073602,0.865944,-1.154999,-0.020082,-0.016387,-0.624046,-1.326566,-0.787858,1.280786,0.017939,-0.034036
15.200000,-0.008772,0.031446,-0.026397,-0.390871,-1.054192,0.852858,-1.176272,-0.018486,-0.018358,-0.655008,-1.335818,-0.847858,1.329375,0.025490,-0.024337
15.233333,-0.005887,0.027956,-0.023022,-0.398064,-1.051075,0.844769,-1.202652,-0.015185,-0.022853,-0.645969,-1.359330,-0.867858,1.337964,0.022491,-0.023764
15.266667,-0.012213,0.026698,-0.029376,-0.382097,-1.061263,0.819698,-1.230206,-0.008611,-0.031388,-0.596931,-1.351799,-0.847858,1.306554,0.018814,-0.024040
15.300000,-0.016912,0.035221,-0.032599,-0.381498,-1.046526,0.796129,-1.254970,-0.007732,-0.026693,-0.517257,-1.361527,-0.787858,1.235143,0.021421,-0.014260
15.333333,-0.006697,0.034367,-0.021202,-0.385218,-1.044949,0.745494,-1.281635,-0.010841,-0.022516,-0.435247,-1.382848,-0.687858,1.135143,0.019285,-0.011648
15.366667,-0.002613,0.029945,-0.017580,-0.372536,-1.034869,0.681610,-1.277392,-0.005721,-0.012855,-0.364621,-1.375444,-0.587858,1.035143,0.004730,-0.022238
15.400000,-0.001897,0.039552,-0.017772,-0.372798,-1.029748,0.638110,-1.284745,-0.013638,-0.011602,-0.300591,-1.355986,-0.487858,0.935143,-0.002103,-0.012189
15.433333,0.003116,0.037222,-0.009588,-0.398408,-1.027151,0.609515,-1.289480,-0.016375,-0.002775,-0.263424,-1.372931,-0.387858,0.835143,0.004014,-0.015370
15.466667,0.010169,0.029661,-0.007942,-0.404832,-1.033130,0.583329,-1.291042,-0.013417,-0.008602,-0.250320,-1.372931,-0.288032,0.735143,0.005768,-0.022084
15.500000,0.014747,0.026675,-0.008050,-0.428373,-1.045185,0.571451,-1.300559,-0.014637,-0.003373,-0.240835,-1.364095,-0.212940,0.635143,0.007322,-0.013163
15.533333,0.009949,0.027118,-0.006302,-0.456643,-1.075964,0.574852,-1.325206,-0.022083,-0.013576,-0.237681,-1.375703,-0.137849,0.535143,0.016086,-0.013358
15.566667,0.016640,0.022010,-0.002638,-0.485323,-1.088753,0.568612,-1.337100,-0.010979,-0.009049,-0.251140,-1.396992,-0.082824,0.435143,0.020665,-0.022235
15.600000,0.017275,0.024867,0.002118,-0.513871,-1.096680,0.572115,-1.340655,-0.004335,-0.001903,-0.268331,-1.398281,-0.052794,0.337744,0.016718,-0.020807
15.633333,0.014055,0.019700,0.001272,-0.548874,-1.102533,0.571599,-1.355290,-0.007205,-0.003427,-0.259692,-1.391121,-0.042071,0.240345,0.012327,-0.021758
15.666667,0.016132,0.021008,0.002765,-0.575325,-1.096826,0.586916,-1.347670,-0.004852,-0.005353,-0.273972,-1.396349,-0.030272,0.182946,0.009803,-0.036688
15.700000,0.025589,0.018995,0.000472,-0.611817,-1.092057,0.600296,-1.359502,-0.005361,-0.012655,-0.289664,-1.396349,-0.035537,0.129835,0.008313,-0.038612
15.733333,0.017897,0.014417,-0.002666,-0.645098,-1.094163,0.616578,-1.367433,-0.007882,-0.016090,-0.290988,-1.383101,-0.042496,0.096800,0.009790,-0.038978
15.766667,0.014622,0.016569,-0.012051,-0.671883,-1.082706,0.648211,-1.364726,-0.009831,-0.017090,-0.276303,-1.353472,-0.042088,0.088139,0.006146,-0.039249
15.800000,0.014559,0.025276,-0.009210,-0.711815,-1.078183,0.697672,-1.364077,-0.007966,-0.006627,-0.271655,-1.340956,-0.043893,0.102175,0.007996,-0.033208
15.833333,0.009184,0.022807,-0.012159,-0.757173,-1.086919,0.730039,-1.384810,-0.010708,-0.010056,-0.255910,-1.323185,-0.042959,0.108864,0.011707,-0.028894
15.866667,-0.001159,0.020440,-0.020213,-0.793681,-1.094443,0.784898,-1.389273,-0.002759,-0.008186,-0.230587,-1.278924,-0.044756,0.151264,0.015591,-0.022011
15.900000,0.003287,0.029150,-0.020981,-0.846577,-1.098150,0.861113,-1.399936,-0.004874,-0.012382,-0.214519,-1.258085,-0.057948,0.213589,0.017939,-0.017090
15.933333,0.003472,0.026002,-0.018582,-0.920752,-1.115474,0.932715,-1.426511,-0.010157,-0.022844,-0.205716,-1.233628,-0.066324,0.274298,0.025960,-0.021507
15.966667,0.003075,0.026766,-0.031204,-0.981399,-1.113026,1.008904,-1.441752,-0.001786,-0.028492,-0.214152,-1.202659,-0.082298,0.352309,0.030644,-0.031232
16.000000,0.008593,0.034396,-0.032126,-1.041416,-1.115236,1.099234,-1.447047,-0.001573,-0.024483,-0.210122,-1.161483,-0.117354,0.437669,0.033172,-0.024669
16.033333,0.011203,0.040116,-0.025578,-1.089655,-1.134204,1.159868,-1.449204,-0.005047,-0.018213,-0.224311,-1.143067,-0.150545,0.523029,0.023743,-0.032566
16.066667,0.006480,0.042268,-0.030175,-1.115517,-1.145014,1.220501,-1.443576,-0.010981,-0.011415,-0.245597,-1.111072,-0.176907,0.598561,0.021638,-0.039048
16.100000,0.007459,0.045348,-0.027491,-1.123654,-1.156533,1.285748,-1.436152,-0.012291,-0.007143,-0.271134,-1.100287,-0.228466,0.674815,0.021782,-0.030873
16.133333,0.007115,0.040694,-0.015352,-1.129600,-1.168051,1.350994,-1.426082,-0.023234,-0.010554,-0.278958,-1.083875,-0.254109,0.711928,0.012021,-0.026529
16.166667,0.005486,0.047739,-0.013756,-1.119755,-1.160908,1.419193,-1.404845,-0.024618,-0.009406,-0.294603,-1.074883,-0.271644,0.725898,0.001597,-0.026419
16.200000,0.002300,0.047696,-0.011267,-1.126856,-1.133473,1.519193,-1.405938,-0.020305,-0.009306,-0.298053,-1.066254,-0.286562,0.699873,0.005659,-0.018662
16.233333,0.011627,0.035976,-0.007928,-1.133135,-1.104761,1.604101,-1.408410,-0.013587,-0.017424,-0.301742,-1.068623,-0.283556,0.662685,0.007534,-0.018769
16.266667,0.019163,0.036370,-0.012494,-1.129498,-1.052877,1.683166,-1.399752,-0.002546,-0.013583,-0.292098,-1.051573,-0.249604,0.629847,-0.006197,-0.027702
16.300000,0.025472,0.035901,-0.017195,-1.116407,-1.000993,1.756407,-1.410844,0.001464,-0.015421,-0.275872,-1.016709,-0.238309,0.624423,-0.003424,-0.026240
16.333333,0.026974,0.024580,-0.013568,-1.095537,-0.932007,1.798687,-1.434060,0.005087,-0.011955,-0.250291,-0.973475,-0.207804,0.642142,0.004260,-0.034049
16.366667,0.037285,0.018904,-0.014105,-1.044635,-0.847640,1.800966,-1.432752,0.002080,-0.011581,-0.233549,-0.907117,-0.173872,0.699855,-0.006376,-0.043789
16.400000,0.029709,0.022711,-0.014785,-0.976931,-0.747640,1.778337,-1.430545,0.004252,-0.006847,-0.191430,-0.813165,-0.151051,0.778559,-0.010197,-0.041449
16.433333,0.024184,0.023198,-0.009975,-0.896871,-0.647640,1.721552,-1.422140,-0.004929,-0.009659,-0.152471,-0.717422,-0.151104,0.864213,0.002624,-0.041174
16.466667,0.028540,0.027216,-0.005925,-0.801982,-0.547640,1.630590,-1.383288,0.002255,0.000119,-0.125443,-0.624826,-0.142645,0.937277,-0.001262,-0.036367
16.500000,0.030695,0.036207,-0.003900,-0.701982,-0.447640,1.530590,-1.356250,0.000479,-0.002998,-0.104801,-0.527973,-0.126044,0.996187,-0.000520,-0.031887
16.533333,0.014123,0.047202,-0.014266,-0.601982,-0.347640,1.430590,-1.344194,-0.001678,-0.002805,-0.075769,-0.431121,-0.114647,1.041155,0.010954,-0.024721
16.566667,0.005879,0.060325,-0.018079,-0.501982,-0.247640,1.330590,-1.336974,0.000174,0.009271,-0.075345,-0.361425,-0.103813,1.078198,0.010393,-0.019151
16.600000,0.006428,0.065648,-0.017645,-0.401982,-0.147640,1.230590,-1.328456,0.005744,0.020855,-0.077879,-0.306305,-0.098394,1.084025,0.011275,-0.013946
16.633333,-0.008363,0.062688,-0.024506,-0.301982,-0.047640,1.151795,-1.326831,0.009950,0.014453,-0.072106,-0.248037,-0.086372,1.085020,0.018503,-0.025198
16.666667,-0.009784,0.062922,-0.037932,-0.201982,0.052360,1.113001,-1.300049,0.026245,0.017743,-0.058030,-0.220473,-0.109810,1.097411,0.021002,-0.030866
16.700000,-0.003398,0.065157,-0.026237,-0.101982,0.152360,1.114206,-1.273425,0.037821,0.018790,-0.048645,-0.198245,-0.140328,1.093558,0.025352,-0.035050
16.733333,0.002493,0.059222,-0.023624,-0.001982,0.252360,1.155412,-1.239508,0.044930,0.010400,-0.030873,-0.170864,-0.165872,1.068518,0.029118,-0.051623
16.766667,-0.001578,0.065273,-0.029113,0.098018,0.323692,1.236617,-1.219657,0.050873,0.007931,-0.018534,-0.157158,-0.181475,1.077312,0.029287,-0.057726
16.800000,0.001094,0.072305,-0.027111,0.198018,0.395024,1.336617,-1.224939,0.052132,0.008416,-0.009601,-0.152473,-0.214789,1.088667,0.030874,-0.061612
16.833333,-0.001194,0.075913,-0.020710,0.298018,0.455037,1.436617,-1.235018,0.047356,0.007470,-0.024260,-0.146994,-0.232414,1.075649,0.031819,-0.064815
16.866667,-0.008161,0.081357,-0.025963,0.398018,0.500546,1.525277,-1.232873,0.050305,0.014470,-0.035943,-0.148515,-0.250599,1.073807,0.027273,-0.075123
16.900000,-0.009432,0.083973,-0.026967,0.498018,0.514977,1.604921,-1.245194,0.054585,0.012898,-0.054685,-0.164459,-0.269555,1.085586,0.028591,-0.074851
16.933333,-0.009554,0.078727,-0.024588,0.598018,0.553478,1.663663,-1.261996,0.057943,0.010096,-0.073689,-0.175782,-0.277227,1.079893,0.032661,-0.075416
16.966667,-0.008695,0.082854,-0.030981,0.698018,0.575410,1.697951,-1.268088,0.056716,0.012385,-0.107155,-0.190999,-0.275999,1.087501,0.025072,-0.072798
17.000000,-0.015812,0.080855,-0.033731,0.798018,0.593125,1.728423,-1.285858,0.057329,0.006133,-0.114059,-0.204902,-0.264453,1.087058,0.022108,-0.075422
17.033333,-0.002219,0.074260,-0.032793,0.898018,0.617562,1.734969,-1.306013,0.049009,-0.005348,-0.131829,-0.230060,-0.240663,1.093541,0.019222,-0.076989
17.066667,0.002567,0.072249,-0.037553,0.998019,0.673077,1.735269,-1.317335,0.048586,-0.001305,-0.146711,-0.244026,-0.211148,1.099416,0.003534,-0.072306
17.100000,0.002452,0.071873,-0.039501,1.098019,0.708499,1.735361,-1.324838,0.045388,-0.008956,-0.143333,-0.237021,-0.189118,1.082764,-0.000528,-0.072637
17.133333,0.003674,0.058537,-0.034753,1.198019,0.748733,1.733460,-1.318317,0.038462,-0.013203,-0.135978,-0.234432,-0.169728,1.055184,0.006713,-0.081489
17.166667,0.013545,0.054432,-0.034226,1.298019,0.785095,1.695375,-1.314545,0.028930,-0.015163,-0.142814,-0.235108,-0.146502,1.034434,0.004618,-0.079900
17.200000,0.008632,0.052209,-0.032593,1.398019,0.807084,1.656823,-1.303112,0.030214,-0.011905,-0.141160,-0.227552,-0.132430,1.009968,0.010944,-0.072410
17.233333,0.002782,0.054849,-0.023226,1.498019,0.798600,1.620964,-1.278611,0.026409,-0.015497,-0.135993,-0.223248,-0.127051,0.981518,0.027118,-0.070470
17.266667,0.018371,0.060932,-0.013292,1.598019,0.801237,1.566216,-1.239384,0.024756,0.004689,-0.126234,-0.256284,-0.117548,0.978766,0.021353,-0.062038
17.300000,0.017346,0.067051,-0.005692,1.698019,0.777305,1.497914,-1.225376,0.021155,0.010431,-0.118151,-0.274856,-0.105980,0.965676,0.019524,-0.050736
17.333333,0.010985,0.066077,-0.012496,1.781426,0.759719,1.438503,-1.209663,0.026805,0.014761,-0.102187,-0.295578,-0.097246,0.970127,0.022255,-0.046562
17.366667,0.007803,0.072396,-0.011014,1.824833,0.724289,1.395543,-1.188023,0.014451,0.023698,-0.088455,-0.340940,-0.101433,0.990379,0.019977,-0.035070
17.400000,0.009450,0.063276,-0.011433,1.828239,0.679332,1.331870,-1.187381,0.002983,0.019688,-0.069146,-0.392003,-0.097651,0.990713,0.019387,-0.030378
17.433333,-0.003170,0.054340,-0.022680,1.791646,0.607945,1.291612,-1.204895,-0.004505,0.007272,-0.069305,-0.434500,-0.098332,0.976986,0.026105,-0.029585
17.466667,-0.005351,0.053117,-0.030949,1.715053,0.534884,1.268759,-1.212374,-0.003703,0.005124,-0.046741,-0.507669,-0.109805,0.971141,0.018803,-0.018177
17.500000,-0.009468,0.049337,-0.020711,1.615053,0.434884,1.252782,-1.203511,-0.011149,0.006487,-0.034870,-0.586829,-0.115312,0.952900,0.015140,-0.015627
17.533333,-0.006607,0.040657,-0.023711,1.515053,0.334884,1.236652,-1.212994,-0.006075,0.001101,-0.018032,-0.665990,-0.112250,0.904976,0.013563,-0.018153
17.566667,-0.005224,0.035919,-0.023738,1.415053,0.234884,1.242548,-1.219317,-0.000175,0.007728,-0.013026,-0.745948,-0.119352,0.892136,0.005070,-0.013987
17.600000,-0.006326,0.028325,-0.021268,1.315053,0.134884,1.246481,-1.228439,-0.005891,-0.002049,-0.001978,-0.834473,-0.121912,0.872226,0.002440,-0.017394
17.633333,-0.003453,0.023276,-0.014021,1.215053,0.034884,1.255450,-1.221770,-0.012599,-0.004385,-0.012532,-0.897633,-0.121904,0.867161,0.007065,-0.027957
17.666667,0.000342,0.025873,-0.016660,1.115053,-0.065116,1.288654,-1.208014,-0.011699,-0.005455,-0.023567,-0.960793,-0.115295,0.885301,0.005215,-0.026992
17.700000,-0.001095,0.022805,-0.013365,1.015053,-0.165116,1.321194,-1.182873,-0.014864,-0.011622,-0.021500,-1.002407,-0.082693,0.933123,0.006005,-0.024808
17.733333,0.003927,0.021403,-0.019464,0.915053,-0.265116,1.348533,-1.132585,-0.018132,-0.015162,-0.031754,-1.049034,-0.051195,0.985862,0.009553,-0.030388
17.766667,0.005652,0.024006,-0.025309,0.815053,-0.365116,1.359435,-1.085675,-0.015443,-0.013907,-0.026851,-1.065884,-0.011042,1.063766,0.008458,-0.025494
17.800000,0.005355,0.026569,-0.026954,0.715053,-0.465116,1.369077,-1.037205,-0.016031,-0.015627,-0.019293,-1.094245,0.024151,1.139238,0.008198,-0.021868
17.833333,0.005035,0.021860,-0.022421,0.615053,-0.565116,1.352287,-1.009057,-0.016933,-0.018305,-0.014979,-1.099128,0.039259,1.196109,0.005986,-0.013040
17.866667,0.006358,0.026491,-0.020837,0.515053,-0.665116,1.315595,-0.974966,-0.015360,-0.011551,-0.042337,-1.125557,0.014367,1.252979,0.001560,-0.010162
17.900000,0.001492,0.031081,-0.013573,0.415053,-0.765116,1.255359,-0.975526,-0.019660,-0.015647,-0.070185,-1.139677,-0.028384,1.309849,0.001537,-0.008453
17.933333,-0.000527,0.030596,-0.004818,0.315053,-0.865116,1.200776,-0.971752,-0.020579,-0.016347,-0.138033,-1.163575,-0.102380,1.367213,0.001036,-0.011690
17.966667,0.005841,0.024587,-0.000425,0.215053,-0.965116,1.125013,-0.955364,-0.003908,-0.015475,-0.179887,-1.198696,-0.153431,1.398837,0.007082,-0.016604
18.000000,0.013370,0.023346,0.002848,0.115053,-1.065116,1.035682,-0.918654,-0.000894,-0.006827,-0.208697,-1.247076,-0.213347,1.409062,0.004443,-0.019235
18.033333,0.014637,0.015916,0.002186,0.015053,-1.165116,0.946351,-0.876236,-0.001276,-0.011014,-0.213044,-1.281498,-0.243666,1.379287,0.011382,-0.023156
18.066667,0.008461,0.014228,-0.000893,-0.078139,-1.254093,0.857019,-0.796236,0.000473,-0.008045,-0.205156,-1.292556,-0.273985,1.309512,0.016516,-0.022897
18.100000,0.010842,0.011764,-0.003928,-0.149279,-1.320701,0.757019,-0.696235,-0.001660,-0.004567,-0.185636,-1.313551,-0.304303,1.209512,0.015991,-0.018475
18.133333,0.006036,0.013983,-0.007473,-0.203456,-1.369678,0.657019,-0.610929,-0.014584,-0.002339,-0.192510,-1.324431,-0.364080,1.109512,0.008432,-0.013016
18.166667,-0.012904,0.014717,-0.023066,-0.225812,-1.398654,0.557019,-0.557780,-0.011539,-0.015283,-0.225240,-1.305530,-0.434482,1.031707,0.016449,-0.018459
18.200000,-0.011224,0.018968,-0.026426,-0.248168,-1.402017,0.471478,-0.544630,-0.006173,-0.015476,-0.280548,-1.292900,-0.534482,0.993902,0.020581,-0.012866
18.233333,-0.007873,0.016684,-0.021788,-0.254364,-1.402017,0.400064,-0.561566,-0.004077,-0.014103,-0.337932,-1.291159,-0.634482,0.986080,0.017952,-0.014532
18.266667,-0.013099,0.017708,-0.026260,-0.260260,-1.404386,0.368649,-0.618503,0.007244,-0.020656,-0.387484,-1.259482,-0.734482,1.011270,0.013015,-0.016918
18.300000,-0.015966,0.026424,-0.026124,-0.283120,-1.404386,0.377234,-0.694904,0.010188,-0.016519,-0.449196,-1.247010,-0.834482,1.076460,0.016180,-0.009894
18.333333,-0.004883,0.027271,-0.012266,-0.337801,-1.404386,0.425820,-0.772735,0.003016,-0.011106,-0.489211,-1.251363,-0.934482,1.129997,0.014839,-0.009891
18.366667,-0.002544,0.027218,-0.009333,-0.392482,-1.393488,0.499946,-0.836188,0.009251,-0.002952,-0.500652,-1.238382,-1.034482,1.149343,0.002293,-0.018011
18.400000,-0.000057,0.038242,-0.009811,-0.470130,-1.393488,0.599946,-0.909554,0.010373,0.000558,-0.482251,-1.221574,-1.133910,1.150370,-0.005069,-0.009575
18.433333,0.006086,0.036457,-0.001365,-0.570130,-1.393488,0.699946,-0.982921,0.006772,0.007590,-0.444902,-1.244766,-1.193338,1.142203,0.001031,-0.014021
18.466667,0.014203,0.030625,0.000346,-0.670130,-1.393488,0.799946,-1.062128,0.008054,0.003424,-0.376316,-1.256397,-1.212766,1.094036,0.005686,-0.018146
18.500000,0.022048,0.029891,0.000008,-0.770130,-1.393488,0.899946,-1.147750,0.011379,0.005773,-0.290708,-1.262182,-1.192194,1.035327,0.006012,-0.010428
18.533333,0.021091,0.027730,0.001820,-0.860162,-1.410000,0.999946,-1.230926,0.004951,0.000614,-0.199613,-1.285324,-1.131622,0.970810,0.009936,-0.010158
18.566667,0.030406,0.023229,0.003783,-0.910194,-1.410000,1.085213,-1.308915,0.010442,-0.000597,-0.132111,-1.312275,-1.031622,0.897473,0.015221,-0.015737
18.600000,0.032063,0.024793,0.009624,-0.920226,-1.410000,1.130481,-1.375435,0.017927,0.005071,-0.093885,-1.299227,-0.931622,0.812364,0.011788,-0.010972
18.633333,0.025263,0.020781,0.007493,-0.890258,-1.401348,1.135749,-1.434236,0.016159,0.000338,-0.057735,-1.257739,-0.831622,0.746842,0.005626,-0.012420
18.666667,0.021674,0.020172,0.008086,-0.820291,-1.376419,1.101016,-1.455642,0.016361,0.000667,-0.061586,-1.216620,-0.731622,0.721320,0.000631,-0.022273
18.700000,0.028134,0.018438,0.006732,-0.720291,-1.345954,1.026284,-1.489304,0.012837,-0.010503,-0.105436,-1.180792,-0.631621,0.735798,0.001922,-0.023061
18.733333,0.020376,0.011776,0.006040,-0.620291,-1.318167,0.926284,-1.506557,0.005160,-0.014482,-0.149931,-1.140961,-0.531621,0.787431,0.004518,-0.023772
18.766667,0.014458,0.015227,-0.003261,-0.520290,-1.279347,0.826284,-1.497915,0.000681,-0.016236,-0.187491,-1.112089,-0.431621,0.867017,0.002117,-0.022922
18.800000,0.015254,0.021932,0.002018,-0.438358,-1.249319,0.726284,-1.489251,0.002729,-0.007590,-0.241749,-1.122176,-0.331621,0.967017,0.004280,-0.018962
18.833333,0.010829,0.019979,-0.000188,-0.367582,-1.246816,0.626284,-1.505313,0.004165,-0.011766,-0.285288,-1.141135,-0.250395,1.067017,0.007869,-0.015189
18.866667,-0.001834,0.018049,-0.007718,-0.306947,-1.246977,0.526284,-1.500477,0.014719,-0.009845,-0.302629,-1.122467,-0.192044,1.167017,0.013308,-0.008072
18.900000,-0.001132,0.027045,-0.008655,-0.272893,-1.249413,0.426284,-1.501642,0.018068,-0.015418,-0.322735,-1.132605,-0.164943,1.267017,0.013302,-0.005199
18.933333,-0.002282,0.023447,-0.006617,-0.258206,-1.261503,0.326284,-1.522063,0.015099,-0.027078,-0.347287,-1.145921,-0.154961,1.364759,0.018535,-0.012483
18.966667,-0.006204,0.023610,-0.019832,-0.247722,-1.254582,0.226284,-1.530306,0.024214,-0.030635,-0.385745,-1.159894,-0.184979,1.445356,0.023547,-0.018019
19.000000,0.001620,0.029382,-0.020741,-0.242636,-1.243191,0.126284,-1.530752,0.024279,-0.029180,-0.418674,-1.168922,-0.236224,1.505952,0.029890,-0.013025
19.033333,0.003633,0.033837,-0.014750,-0.237631,-1.251513,0.026284,-1.532438,0.015750,-0.021709,-0.469351,-1.206632,-0.304593,1.546549,0.023377,-0.020339
19.066667,-0.000010,0.035303,-0.019547,-0.223007,-1.259165,-0.066290,-1.534846,0.009793,-0.014941,-0.524815,-1.223388,-0.381713,1.567145,0.021600,-0.024624
19.100000,0.002118,0.037412,-0.015538,-0.216832,-1.271636,-0.118863,-1.533925,0.009345,-0.007294,-0.578022,-1.243396,-0.481713,1.570000,0.024475,-0.013913
19.133333,0.005004,0.033319,-0.003332,-0.212536,-1.284453,-0.169403,-1.536690,-0.003094,-0.006760,-0.609922,-1.244412,-0.577549,1.570000,0.014525,-0.014473
19.166667,-0.000183,0.040393,-0.001644,-0.209527,-1.291784,-0.179943,-1.525235,-0.006389,-0.002382,-0.631524,-1.238827,-0.660070,1.570000,0.002835,-0.014377
19.200000,-0.001865,0.040642,0.002564,-0.218033,-1.289103,-0.186037,-1.535996,-0.000091,-0.006509,-0.625315,-1.231620,-0.713178,1.570000,0.002660,-0.006061
19.233333,0.007980,0.029272,0.005567,-0.230974,-1.284278,-0.185319,-1.541633,0.004413,-0.014878,-0.602053,-1.237358,-0.726286,1.570000,0.006783,-0.006869
19.266667,0.014727,0.027515,0.001257,-0.232064,-1.275612,-0.209193,-1.543604,0.011169,-0.015329,-0.556459,-1.242802,-0.699394,1.570000,-0.009186,-0.017230
19.300000,0.021065,0.027578,-0.003005,-0.237935,-1.290474,-0.209498,-1.546909,0.014308,-0.020719,-0.494341,-1.227620,-0.636666,1.570000,-0.008890,-0.014121
19.333333,0.024470,0.015025,0.002404,-0.256885,-1.300797,-0.224952,-1.564901,0.017578,-0.024898,-0.431771,-1.237263,-0.547253,1.570000,-0.000666,-0.019898
19.366667,0.033378,0.010320,0.000633,-0.275822,-1.302755,-0.236487,-1.562606,0.015025,-0.020644,-0.392146,-1.230701,-0.447253,1.570000,-0.007642,-0.035057
19.400000,0.025648,0.013498,-0.000075,-0.289747,-1.314302,-0.230388,-1.562606,0.018197,-0.016633,-0.342541,-1.224478,-0.347254,1.570000,-0.012128,-0.032026
19.433333,0.022913,0.015208,0.004075,-0.294439,-1.313793,-0.199781,-1.555074,0.011262,-0.020152,-0.308095,-1.201160,-0.258056,1.568998,0.002391,-0.031479
19.466667,0.028083,0.016894,0.007394,-0.283489,-1.296541,-0.155999,-1.531407,0.017929,-0.013466,-0.289675,-1.202719,-0.184517,1.563522,-0.000605,-0.026980
19.500000,0.031006,0.022440,0.009376,-0.265993,-1.294693,-0.134432,-1.514977,0.018165,-0.019725,-0.269871,-1.200822,-0.115096,1.563522,-0.003174,-0.026840
19.533333,0.018030,0.024963,0.000608,-0.241909,-1.305068,-0.097001,-1.498007,0.012879,-0.025966,-0.233869,-1.197965,-0.062719,1.563522,0.002006,-0.015731
19.566667,0.010466,0.033001,-0.000830,-0.237658,-1.293571,-0.059978,-1.458740,0.012051,-0.015214,-0.203965,-1.202779,-0.032871,1.543522,0.000850,-0.007962
19.600000,0.011413,0.031799,-0.000094,-0.243451,-1.309108,-0.031228,-1.412105,0.012637,-0.005850,-0.165041,-1.247593,-0.032220,1.504524,0.002889,-0.002645
19.633333,-0.001202,0.026185,-0.008092,-0.252211,-1.342870,-0.018080,-1.356505,0.007527,-0.013673,-0.137261,-1.280915,-0.034756,1.450000,0.011336,-0.008201
19.666667,0.000653,0.023290,-0.024436,-0.259166,-1.363776,0.032433,-1.273669,0.008634,-0.004516,-0.118458,-1.316795,-0.071515,1.370000,0.015773,-0.006387
19.700000,0.006232,0.022309,-0.013524,-0.279618,-1.376106,0.087510,-1.173669,0.012082,-0.000978,-0.117464,-1.357620,-0.111072,1.270000,0.022619,-0.005734
19.733333,0.015648,0.011048,-0.013004,-0.277658,-1.398579,0.134335,-1.073669,0.009794,-0.006883,-0.127803,-1.383427,-0.140139,1.170000,0.026505,-0.019675
19.766667,0.010356,0.013487,-0.018544,-0.287119,-1.406476,0.189519,-0.973669,0.007536,-0.007706,-0.149088,-1.382391,-0.150987,1.070000,0.025064,-0.018657
19.800000,0.012102,0.013487,-0.012780,-0.308414,-1.407887,0.261527,-0.873669,0.007666,-0.005189,-0.157306,-1.385368,-0.167707,0.970000,0.025898,-0.018865
19.833333,0.009630,0.014200,-0.002381,-0.337709,-1.409467,0.333535,-0.792424,0.003565,-0.006911,-0.171006,-1.377102,-0.169152,0.870000,0.024908,-0.019111
19.866667,0.004051,0.019142,-0.004247,-0.371792,-1.406037,0.416751,-0.735865,0.005761,0.001391,-0.170621,-1.364429,-0.175920,0.770000,0.019906,-0.027115
19.900000,-0.000527,0.022145,-0.002242,-0.426938,-1.406037,0.516751,-0.719307,0.008405,-0.000734,-0.170459,-1.357630,-0.180294,0.670000,0.018732,-0.024628
19.933333,0.002662,0.018561,0.001441,-0.493890,-1.403374,0.616751,-0.742748,0.011727,-0.002725,-0.171203,-1.362291,-0.175953,0.595951,0.025032,-0.023594
19.966667,0.005370,0.025230,-0.003545,-0.572750,-1.403374,0.716751,-0.806189,0.012627,-0.001857,-0.177002,-1.358930,-0.161207,0.561903,0.015516,-0.022183
20.000000,-0.002297,0.024127,-0.004890,-0.661040,-1.400963,0.816751,-0.890876,0.015347,-0.004388,-0.162270,-1.355997,-0.141090,0.556257,0.013259,-0.023954
20.033333,0.009905,0.020740,-0.005878,-0.755911,-1.395669,0.916751,-0.990876,0.010813,-0.017130,-0.157386,-1.363818,-0.110162,0.587026,0.009887,-0.027234
20.066667,0.019338,0.022049,-0.011105,-0.830503,-1.376166,1.016751,-1.085201,0.013832,-0.010678,-0.152377,-1.368344,-0.087441,0.648637,-0.004510,-0.022142
20.100000,0.018171,0.022750,-0.012745,-0.865094,-1.369565,1.116751,-1.139836,0.013668,-0.018950,-0.136110,-1.353794,-0.081506,0.688128,-0.010831,-0.027644
20.133333,0.017467,0.016081,-0.010480,-0.859685,-1.347584,1.199068,-1.154472,0.009322,-0.022876,-0.130270,-1.339221,-0.092584,0.698032,-0.001422,-0.035973
20.166667,0.027655,0.013946,-0.012418,-0.814277,-1.342327,1.241386,-1.129108,0.005054,-0.028488,-0.140649,-1.342594,-0.098880,0.679535,-0.005765,-0.037671
20.200000,0.022152,0.011827,-0.011305,-0.728868,-1.351050,1.243704,-1.063744,0.007411,-0.024374,-0.146308,-1.346410,-0.117371,0.624622,0.002901,-0.026987
20.233333,0.016105,0.014931,-0.002881,-0.628868,-1.366988,1.206021,-0.964055,0.005789,-0.029462,-0.157734,-1.339625,-0.138275,0.556053,0.017516,-0.028528
20.266667,0.029135,0.024181,0.004109,-0.528868,-1.363929,1.128339,-0.864055,0.010487,-0.007764,-0.166996,-1.357064,-0.146035,0.491708,0.012637,-0.020485
20.300000,0.028457,0.026691,0.009431,-0.437617,-1.385911,1.028339,-0.764055,0.010517,-0.000534,-0.177114,-1.371549,-0.140301,0.416950,0.010363,-0.015274
20.333333,0.018120,0.028132,0.001349,-0.360405,-1.389709,0.928339,-0.664217,0.017288,0.003114,-0.178625,-1.374904,-0.136695,0.372368,0.018640,-0.008293
20.366667,0.014990,0.035699,0.000026,-0.316614,-1.389709,0.828339,-0.584130,0.006896,0.011078,-0.182264,-1.378724,-0.146540,0.367786,0.016445,-0.004830
20.400000,0.014709,0.029003,-0.001988,-0.280879,-1.393274,0.728339,-0.537136,0.004951,0.008159,-0.174356,-1.385009,-0.154027,0.375342,0.014712,-0.003537
20.433333,0.003257,0.022120,-0.013499,-0.266794,-1.405596,0.628339,-0.525237,-0.001576,-0.002331,-0.188549,-1.366877,-0.184805,0.414843,0.024823,-0.005560
20.466667,-0.000402,0.023928,-0.020943,-0.268225,-1.405596,0.528339,-0.545891,0.003375,-0.005247,-0.191587,-1.363639,-0.237752,0.494343,0.019240,0.006129
20.500000,-0.001119,0.023491,-0.010829,-0.269761,-1.410000,0.428339,-0.574643,-0.002941,0.000420,-0.218946,-1.356790,-0.315659,0.583666,0.015939,0.004584
20.533333,0.002649,0.017241,-0.013680,-0.245173,-1.410000,0.347590,-0.611984,0.005187,-0.000136,-0.258917,-1.345932,-0.393566,0.671113,0.014023,-0.001450
20.566667,-0.000578,0.015665,-0.014057,-0.247268,-1.410000,0.303819,-0.646912,0.008800,0.009873,-0.322381,-1.322456,-0.493566,0.769237,0.007943,0.001186
20.600000,-0.004222,0.010106,-0.010259,-0.245775,-1.410000,0.288167,-0.665817,0.009833,0.002200,-0.395390,-1.309980,-0.593566,0.867360,0.003694,-0.003807
20.633333,-0.000415,0.006125,-0.004380,-0.247286,-1.392545,0.292802,-0.672817,0.000603,0.003551,-0.486944,-1.280612,-0.693566,0.965484,0.011014,-0.017196
20.666667,-0.001060,0.010726,-0.009028,-0.253921,-1.377807,0.337437,-0.693234,0.006247,0.004879,-0.581022,-1.260931,-0.793566,1.063607,0.009165,-0.024660
20.700000,-0.002774,0.011597,-0.006173,-0.268189,-1.377807,0.363572,-0.710742,0.006049,-0.001227,-0.678550,-1.240073,-0.893566,1.163607,0.013395,-0.025953
20.733333,0.006304,0.011597,-0.012595,-0.258103,-1.376211,0.379097,-0.703959,0.001722,-0.006934,-0.772742,-1.252408,-0.993566,1.263607,0.019853,-0.030461
20.766667,0.006132,0.015583,-0.019894,-0.252816,-1.376211,0.366503,-0.709775,-0.000362,-0.003878,-0.828261,-1.251194,-1.093566,1.358349,0.017590,-0.025205
20.800000,-0.000112,0.019036,-0.022414,-0.241542,-1.393666,0.352666,-0.716415,0.004052,-0.005606,-0.859928,-1.256211,-1.193566,1.424595,0.014294,-0.024257
20.833333,-0.000402,0.015081,-0.018677,-0.233373,-1.393281,0.316381,-0.721762,0.003997,-0.007136,-0.859326,-1.240035,-1.293566,1.461521,0.014473,-0.017201
20.866667,-0.000079,0.020041,-0.016837,-0.250272,-1.380596,0.301287,-0.713634,0.006154,0.002493,-0.821198,-1.246950,-1.353566,1.458446,0.007910,-0.012335
20.900000,-0.006864,0.021041,-0.012040,-0.271492,-1.382192,0.299825,-0.722774,0.003972,0.000596,-0.746404,-1.243547,-1.373566,1.415372,0.013253,-0.012039
20.933333,-0.006484,0.016725,-0.005437,-0.289852,-1.382192,0.331508,-0.720245,0.004304,-0.001094,-0.670283,-1.257345,-1.353566,1.337555,0.019130,-0.015878
20.966667,-0.001961,0.013005,-0.001687,-0.287198,-1.362192,0.344148,-0.696243,0.010058,-0.001625,-0.618016,-1.262003,-1.333566,1.288235,0.025249,-0.019897
21.000000,0.006496,0.014960,0.001417,-0.300927,-1.369563,0.372649,-0.676001,0.010496,0.002850,-0.598016,-1.274318,-1.313566,1.268235,0.026590,-0.016844
21.033333,0.007451,0.011436,0.000386,-0.295684,-1.379161,0.390433,-0.664424,0.006993,-0.007001,-0.618016,-1.269513,-1.333566,1.288235,0.029831,-0.020130
21.066667,0.003939,0.017400,-0.002234,-0.308155,-1.371324,0.408216,-0.664352,0.006511,-0.002194,-0.671009,-1.240659,-1.393566,1.339974,0.029151,-0.020923
21.100000,0.006409,0.021441,-0.002906,-0.340626,-1.350954,0.432856,-0.684280,0.002008,-0.001321,-0.724002,-1.220069,-1.493566,1.391713,0.023017,-0.016948
21.133333,0.006173,0.025988,-0.004833,-0.412827,-1.361947,0.497495,-0.735869,-0.005007,0.000520,-0.746661,-1.217457,-1.569366,1.403942,0.018589,-0.013393
21.166667,-0.007822,0.027689,-0.018455,-0.481174,-1.352567,0.568720,-0.785903,-0.003385,-0.011966,-0.738123,-1.195611,-1.605167,1.388196,0.016764,-0.023428
21.200000,-0.005214,0.032158,-0.022184,-0.568493,-1.330389,0.668720,-0.850035,0.002345,-0.013337,-0.689584,-1.188972,-1.600967,1.340971,0.024974,-0.014579
21.233333,-0.000390,0.029031,-0.017500,-0.652753,-1.329201,0.768720,-0.907378,0.001188,-0.017044,-0.626574,-1.193601,-1.556768,1.278362,0.019558,-0.012395
21.266667,-0.006964,0.029734,-0.024033,-0.713054,-1.347039,0.868720,-0.946652,0.009973,-0.028192,-0.563916,-1.180642,-1.472568,1.215754,0.013828,-0.013054
21.300000,-0.007378,0.036987,-0.025296,-0.773355,-1.344504,0.968720,-0.975881,0.012917,-0.021210,-0.519963,-1.188213,-1.372568,1.181363,0.014931,-0.003979
21.333333,0.002888,0.035350,-0.013797,-0.821916,-1.353283,1.068720,-1.000314,0.006778,-0.014599,-0.479845,-1.219830,-1.272568,1.134946,0.016995,-0.000684
21.366667,0.005814,0.031700,-0.009949,-0.842701,-1.350194,1.168720,-0.990034,0.011821,-0.000662,-0.455048,-1.227648,-1.172568,1.080009,-0.000847,-0.008138
21.400000,0.006836,0.042113,-0.009914,-0.846222,-1.350867,1.268720,-0.981120,0.010498,0.000349,-0.424476,-1.221436,-1.072568,1.034925,-0.005223,0.000893
21.433333,0.014114,0.038438,-0.001453,-0.849077,-1.339236,1.358220,-0.969583,0.005948,0.012585,-0.420557,-1.244547,-0.972568,1.018757,0.000317,-0.003207
21.466667,0.019030,0.033658,-0.000260,-0.811931,-1.332186,1.407719,-0.938822,0.007674,0.005800,-0.416563,-1.240400,-0.904202,0.990356,0.004283,-0.007050
21.500000,0.021804,0.032611,0.000035,-0.751626,-1.333557,1.417219,-0.890265,0.007121,0.008329,-0.399933,-1.216077,-0.871227,0.962169,0.006348,0.006319
21.533333,0.017448,0.032219,0.000252,-0.679097,-1.351254,1.386719,-0.841708,-0.002976,-0.001218,-0.367980,-1.217469,-0.838253,0.933982,0.012958,0.005998
21.566667,0.022944,0.025961,0.002617,-0.594472,-1.350210,1.316218,-0.763407,0.006613,0.004794,-0.327933,-1.251667,-0.805278,0.888522,0.020226,-0.001306
21.600000,0.022432,0.028511,0.007618,-0.502249,-1.355887,1.216218,-0.665800,0.011259,0.010669,-0.286650,-1.268899,-0.772303,0.814147,0.018548,0.002943
21.633333,0.015840,0.022107,0.006972,-0.423894,-1.355393,1.116218,-0.565800,0.005545,0.010982,-0.231273,-1.279155,-0.707695,0.723296,0.014313,0.003066
21.666667,0.013160,0.023226,0.007735,-0.352324,-1.340105,1.016218,-0.499277,0.006653,0.009413,-0.215897,-1.307485,-0.647695,0.672232,0.007353,-0.015227
21.700000,0.018756,0.019674,0.004773,-0.295083,-1.324728,0.916218,-0.472754,0.008029,0.000442,-0.240521,-1.312355,-0.627695,0.661167,0.012431,-0.014587
21.733333,0.013694,0.015562,0.002413,-0.258499,-1.311111,0.816218,-0.486231,0.003121,-0.007723,-0.300493,-1.283075,-0.647695,0.681167,0.013496,-0.018957
21.766667,0.009470,0.019761,-0.007675,-0.220582,-1.281336,0.716218,-0.533466,0.003412,-0.009836,-0.374697,-1.230761,-0.707695,0.741167,0.009305,-0.019091
21.800000,0.010909,0.027727,-0.004265,-0.208797,-1.260405,0.616218,-0.620701,0.004050,-0.001986,-0.474697,-1.204690,-0.807695,0.841167,0.006187,-0.018034
21.833333,0.008567,0.023682,-0.007895,-0.202937,-1.255656,0.516218,-0.705673,0.006538,-0.006210,-0.574697,-1.173013,-0.907695,0.941167,0.015009,-0.013259
21.866667,-0.002692,0.022204,-0.015213,-0.197180,-1.251752,0.416218,-0.764593,0.012662,-0.003486,-0.655173,-1.124981,-1.007695,1.041167,0.015950,-0.011112
21.900000,-0.003928,0.029968,-0.015293,-0.206044,-1.250354,0.336922,-0.800840,0.011613,-0.005004,-0.704403,-1.115422,-1.107695,1.141167,0.017662,-0.004812
21.933333,-0.004171,0.025953,-0.011035,-0.227974,-1.265438,0.274492,-0.818689,0.006372,-0.016193,-0.717886,-1.106148,-1.207695,1.241167,0.025303,-0.010038
21.966667,-0.005726,0.024886,-0.023683,-0.240104,-1.271214,0.252062,-0.809213,0.016993,-0.021753,-0.691368,-1.104866,-1.267695,1.301167,0.035203,-0.013009
22.000000,-0.002083,0.031023,-0.023462,-0.266378,-1.282315,0.268924,-0.777856,0.017060,-0.015630,-0.624851,-1.124673,-1.287695,1.321167,0.036910,-0.005786
22.033333,0.000965,0.033734,-0.015690,-0.290710,-1.310310,0.291624,-0.747026,0.011045,-0.012156,-0.537858,-1.175356,-1.267695,1.301167,0.031031,-0.011296
22.066667,-0.002706,0.034247,-0.021194,-0.307341,-1.334721,0.333620,-0.730437,0.006518,-0.005849,-0.442111,-1.216079,-1.207695,1.241167,0.026224,-0.016736
22.100000,-0.002571,0.035011,-0.018045,-0.337221,-1.357898,0.398750,-0.720518,0.004890,0.002861,-0.350670,-1.277384,-1.107695,1.141167,0.026722,-0.008649
22.133333,-0.001598,0.030412,-0.006136,-0.361025,-1.379090,0.451660,-0.718081,-0.007028,0.002191,-0.274440,-1.320359,-1.007695,1.041167,0.017053,-0.011027
22.166667,-0.001829,0.036006,-0.003981,-0.378267,-1.385137,0.505278,-0.721358,-0.010071,0.003267,-0.222298,-1.334347,-0.907695,0.941167,0.006534,-0.008661
22.200000,-0.004257,0.037099,-0.001114,-0.404105,-1.382851,0.571972,-0.736077,-0.003693,0.003329,-0.182435,-1.348155,-0.807695,0.841167,0.005324,0.002215
22.233333,0.004072,0.024943,0.002770,-0.419604,-1.378584,0.609739,-0.743719,0.001053,-0.005308,-0.169091,-1.360537,-0.707695,0.751868,0.004765,0.005524
22.266667,0.010486,0.024195,-0.001308,-0.417145,-1.373935,0.624883,-0.729330,0.010330,-0.003027,-0.164776,-1.372050,-0.607695,0.684828,-0.009605,-0.000951
22.300000,0.015760,0.023086,-0.004617,-0.414575,-1.386249,0.640563,-0.729565,0.014374,-0.008019,-0.171076,-1.370294,-0.507695,0.628925,-0.012754,0.003109
22.333333,0.016222,0.011661,-0.000312,-0.422421,-1.392055,0.634263,-0.736945,0.016233,-0.008360,-0.170535,-1.389788,-0.416755,0.603533,-0.005917,-0.003240
22.366667,0.026291,0.007857,-0.001441,-0.430861,-1.389001,0.617864,-0.733339,0.014834,-0.006222,-0.190320,-1.396856,-0.344495,0.612571,-0.010399,-0.018742
22.400000,0.022400,0.011017,-0.002435,-0.437985,-1.393268,0.625804,-0.731305,0.018587,-0.001753,-0.194238,-1.396856,-0.291989,0.610908,-0.011347,-0.020466
22.433333,0.019732,0.011127,0.001868,-0.437606,-1.385336,0.652451,-0.736265,0.013360,-0.009253,-0.202880,-1.383134,-0.273193,0.597871,0.001124,-0.022109
22.466667,0.027203,0.013747,0.005291,-0.428773,-1.364576,0.685937,-0.719365,0.018493,-0.000102,-0.210492,-1.382768,-0.294397,0.605679,-0.000301,-0.017836
22.500000,0.029678,0.019075,0.006821,-0.419073,-1.360982,0.701404,-0.712613,0.015261,-0.007706,-0.223729,-1.371816,-0.346541,0.622976,-0.001922,-0.016752
22.533333,0.018001,0.021594,-0.002311,-0.408057,-1.368264,0.720722,-0.717907,0.010407,-0.012634,-0.223446,-1.349198,-0.420005,0.643602,0.006428,-0.008090
22.566667,0.011548,0.030616,-0.004596,-0.421121,-1.360254,0.734192,-0.724693,0.008450,-0.003447,-0.247495,-1.342840,-0.513715,0.704228,0.007278,-0.000615
22.600000,0.015097,0.033236,-0.004286,-0.433855,-1.364425,0.723411,-0.724485,0.006699,0.003384,-0.275406,-1.351844,-0.613715,0.779486,0.009480,0.005672
22.633333,0.003017,0.028738,-0.011729,-0.440278,-1.375870,0.693901,-0.743005,0.006967,-0.006462,-0.302722,-1.342345,-0.713715,0.835222,0.018931,-0.002540
22.666667,0.006388,0.027263,-0.026069,-0.440923,-1.370545,0.704391,-0.744579,0.014984,0.000228,-0.331556,-1.342677,-0.813715,0.890957,0.024345,-0.001183
22.700000,0.011607,0.029002,-0.014604,-0.450133,-1.363927,0.724574,-0.747396,0.014440,0.002918,-0.370564,-1.348901,-0.913715,0.926874,0.025971,0.001785
22.733333,0.016493,0.021339,-0.011739,-0.431273,-1.359213,0.729454,-0.743756,0.012850,-0.005900,-0.404444,-1.341830,-1.008168,0.935302,0.025694,-0.009806
22.766667,0.012920,0.022795,-0.017235,-0.433867,-1.365311,0.762503,-0.758006,0.011263,-0.005588,-0.445064,-1.327390,-1.100649,0.958214,0.027106,-0.013046
22.800000,0.013284,0.023168,-0.011041,-0.454105,-1.369517,0.809848,-0.779576,0.006435,-0.004109,-0.495876,-1.328957,-1.193129,0.997498,0.024135,-0.010411
22.833333,0.009349,0.024132,-0.000645,-0.478732,-1.367904,0.837689,-0.795455,-0.000628,-0.003239,-0.558960,-1.321332,-1.285610,1.014750,0.021233,-0.009841
22.866667,0.002780,0.028063,-0.003326,-0.498156,-1.361196,0.874789,-0.794837,0.001960,0.002702,-0.607226,-1.314031,-1.378091,1.034899,0.017857,-0.019050
22.900000,0.000990,0.029356,-0.002177,-0.523554,-1.370081,0.934627,-0.805779,0.001840,0.002493,-0.650416,-1.315347,-1.467254,1.066440,0.021447,-0.018436
22.933333,-0.002260,0.024784,0.002588,-0.547147,-1.365033,0.960551,-0.815954,0.007341,0.004242,-0.677720,-1.327535,-1.521534,1.075866,0.023945,-0.020055
22.966667,-0.000452,0.032707,-0.003937,-0.557171,-1.370441,0.972050,-0.801158,0.005994,0.006721,-0.678766,-1.335794,-1.535813,1.068652,0.019309,-0.016462
23.000000,-0.005872,0.032695,-0.007262,-0.553767,-1.384062,0.985031,-0.793682,0.008037,0.000837,-0.643149,-1.350150,-1.510093,1.043472,0.017850,-0.019239
23.033333,0.006398,0.027219,-0.008510,-0.540560,-1.393343,0.966397,-0.779801,0.003870,-0.010962,-0.593088,-1.375389,-1.444373,1.001146,0.014048,-0.021549
23.066667,0.013278,0.026358,-0.016491,-0.525943,-1.385781,0.910762,-0.743005,0.009042,-0.007759,-0.518251,-1.387502,-1.347517,0.941296,-0.000792,-0.016677
23.100000,0.015762,0.027362,-0.018903,-0.492195,-1.393142,0.849041,-0.699769,0.005506,-0.015480,-0.426386,-1.390280,-1.247517,0.863561,-0.006803,-0.013382
23.133333,0.016840,0.019066,-0.016764,-0.457540,-1.373578,0.771020,-0.659250,0.002650,-0.019824,-0.337806,-1.379765,-1.147517,0.810571,0.000455,-0.024002
23.166667,0.023248,0.015523,-0.017774,-0.426625,-1.348024,0.671020,-0.639466,-0.003964,-0.025709,-0.264259,-1.344692,-1.047517,0.797580,-0.005154,-0.028645
23.200000,0.015984,0.015195,-0.015695,-0.394710,-1.333170,0.575746,-0.636354,-0.003917,-0.023127,-0.216671,-1.299841,-0.947517,0.820898,-0.000777,-0.021923
23.233333,0.007988,0.019290,-0.005894,-0.359943,-1.318949,0.520472,-0.644114,-0.007721,-0.029066,-0.195766,-1.252099,-0.847517,0.877836,0.011966,-0.021764
23.266667,0.022245,0.029037,0.002211,-0.350606,-1.287245,0.490762,-0.650561,-0.001941,-0.012921,-0.186760,-1.224797,-0.747517,0.974774,0.006267,-0.019596
23.300000,0.020581,0.032835,0.008990,-0.348278,-1.291483,0.475047,-0.680297,-0.001248,-0.008482,-0.199361,-1.195456,-0.647517,1.074774,0.002919,-0.012192
23.333333,0.011832,0.034524,0.003207,-0.343892,-1.290635,0.487464,-0.711990,0.006383,-0.005846,-0.209108,-1.186248,-0.547517,1.174774,0.006695,-0.007332
23.366667,0.009823,0.042888,0.005708,-0.366580,-1.286609,0.535155,-0.754684,-0.001593,0.002711,-0.220032,-1.179061,-0.447517,1.274774,0.008830,-0.002286
23.400000,0.014521,0.037882,0.005954,-0.415148,-1.297199,0.582847,-0.816760,-0.005361,0.001424,-0.221639,-1.172018,-0.347517,1.373819,0.006329,-0.001534
23.433333,0.003177,0.031082,-0.004421,-0.458481,-1.306101,0.644974,-0.909465,-0.012728,-0.011424,-0.230149,-1.141374,-0.247517,1.447419,0.015313,-0.001728
23.466667,0.003516,0.031840,-0.011481,-0.519893,-1.301988,0.733107,-0.999032,-0.007332,-0.014761,-0.209132,-1.133663,-0.147517,1.498802,0.011088,0.002084
23.500000,0.005251,0.031130,-0.001024,-0.588570,-1.312246,0.833107,-1.065154,-0.010592,-0.012434,-0.194771,-1.134658,-0.050515,1.523910,0.010913,0.002009
23.533333,0.008573,0.025291,-0.005231,-0.617246,-1.322430,0.933107,-1.110345,-0.000890,-0.015080,-0.168821,-1.146568,0.013447,1.509019,0.007413,-0.000981
23.566667,0.004796,0.021252,-0.005983,-0.626221,-1.335452,1.012150,-1.126186,0.004946,-0.006957,-0.145192,-1.163189,0.047921,1.459423,0.002195,0.001591
23.600000,0.002379,0.014624,-0.002019,-0.616212,-1.348163,1.051194,-1.102027,0.004599,-0.012566,-0.115853,-1.199135,0.064678,1.395273,-0.003013,-0.004875
23.633333,0.003479,0.010992,0.004481,-0.589927,-1.337947,1.059094,-1.053801,-0.003835,-0.011704,-0.113365,-1.220119,0.048635,1.313339,0.002379,-0.012725
23.666667,0.002843,0.014382,-0.001185,-0.546290,-1.331289,1.045098,-0.989300,-0.001128,-0.006029,-0.118127,-1.249072,0.005538,1.217680,-0.000514,-0.017422
23.700000,0.001363,0.012158,-0.000255,-0.514302,-1.339525,0.991102,-0.922715,-0.003871,-0.009776,-0.113968,-1.276937,-0.018715,1.122021,0.001542,-0.017431
23.733333,0.006813,0.012158,-0.006505,-0.474320,-1.333178,0.923862,-0.848533,-0.008068,-0.014441,-0.130123,-1.315102,-0.039465,1.035186,0.007287,-0.024262
23.766667,0.007510,0.015007,-0.015255,-0.446894,-1.343269,0.856622,-0.794731,-0.007269,-0.012496,-0.133187,-1.341295,-0.060559,0.948350,0.010759,-0.018806
23.800000,0.004612,0.016505,-0.019038,-0.420222,-1.373359,0.780524,-0.741537,-0.004640,-0.010198,-0.136835,-1.374990,-0.082681,0.861514,0.010666,-0.016422
23.833333,0.002543,0.009712,-0.014176,-0.408035,-1.382292,0.700149,-0.706198,-0.006211,-0.011567,-0.138754,-1.385487,-0.091908,0.780938,0.007694,-0.009268
23.866667,0.006661,0.014826,-0.012732,-0.413476,-1.378953,0.619775,-0.666015,-0.000988,-0.001361,-0.155199,-1.397749,-0.110172,0.731137,0.003631,-0.009602
23.900000,0.000259,0.015616,-0.008469,-0.407093,-1.387310,0.533600,-0.632951,-0.001479,-0.002929,-0.157000,-1.395057,-0.134703,0.668170,0.004041,-0.005792
23.933333,-0.004425,0.011803,-0.001912,-0.399453,-1.387310,0.467426,-0.599507,-0.001095,-0.003151,-0.178801,-1.392365,-0.161173,0.625204,0.002105,-0.006523
23.966667,-0.006912,0.010171,-0.002117,-0.389833,-1.387310,0.421252,-0.572661,-0.000877,-0.004301,-0.189664,-1.394199,-0.173816,0.602238,-0.001103,-0.004978
