time_sec,joint_pelvisYaw,joint_pelvisPitch,joint_pelvisRoll,joint_lShoulderPitch,joint_lShoulderRoll,joint_lShoulderYaw,joint_lElbow,joint_lWristRoll,joint_lWristPitch,joint_rShoulderPitch,joint_rShoulderRoll,joint_rShoulderYaw,joint_rElbow,joint_rWristRoll,joint_rWristPitch
0.000000,0.016597,0.031544,0.010357,-0.307538,-1.410000,0.021025,-0.207233,-0.015054,-0.010701,-0.242444,-1.410000,-0.065919,0.371885,0.009634,0.018163
0.033333,0.026789,0.024614,0.017648,-0.288370,-1.398053,0.037996,-0.205194,0.000130,-0.002224,-0.255740,-1.407730,-0.097976,0.352327,0.010491,0.016639
0.066667,0.019541,0.026831,0.012653,-0.289061,-1.398053,0.049277,-0.205441,-0.001613,0.001340,-0.265257,-1.400747,-0.112622,0.364452,0.014889,0.013610
0.100000,0.021531,0.027319,0.008312,-0.287309,-1.394175,0.058396,-0.203801,-0.008182,0.001965,-0.267065,-1.400747,-0.131990,0.361801,0.013791,0.014259
0.133333,0.016615,0.032281,0.004017,-0.305940,-1.406121,0.048368,-0.201987,-0.019437,0.002443,-0.267109,-1.403016,-0.114988,0.364342,0.006596,0.016055
0.166667,-0.002089,0.034821,-0.016055,-0.297107,-1.406121,0.059589,-0.195528,-0.018049,-0.013005,-0.261818,-1.391343,-0.107355,0.365004,0.014171,0.010757
0.200000,-0.003134,0.038609,-0.022310,-0.303457,-1.398756,0.073442,-0.190519,-0.014142,-0.016093,-0.258254,-1.391343,-0.125440,0.364816,0.020869,0.020971
0.233333,0.003485,0.034822,-0.017811,-0.301032,-1.398756,0.061721,-0.190850,-0.012771,-0.020160,-0.251135,-1.398327,-0.110032,0.344658,0.017583,0.022174
0.266667,-0.003303,0.036377,-0.025131,-0.282016,-1.402635,0.037591,-0.198821,-0.004867,-0.030250,-0.237656,-1.385362,-0.075407,0.347519,0.007978,0.027496
0.300000,-0.006830,0.046303,-0.027518,-0.279773,-1.402635,0.043935,-0.219224,-0.001988,-0.023349,-0.234957,-1.385362,-0.078362,0.376316,0.009405,0.040199
0.333333,0.005584,0.044642,-0.011009,-0.288281,-1.402635,0.037182,-0.255518,-0.007255,-0.016475,-0.227341,-1.397035,-0.081656,0.404384,0.006821,0.039502
0.366667,0.013016,0.041090,-0.006637,-0.277748,-1.390748,0.050364,-0.293400,-0.001590,-0.004712,-0.230008,-1.391344,-0.091125,0.449164,-0.009919,0.028933
0.400000,0.014456,0.053639,-0.007486,-0.283147,-1.390748,0.098711,-0.345287,-0.008025,-0.003560,-0.219671,-1.365653,-0.140128,0.516549,-0.016912,0.039332
0.433333,0.019771,0.050312,0.002690,-0.313960,-1.390748,0.181627,-0.411423,-0.009508,0.005854,-0.238796,-1.372927,-0.223624,0.595690,-0.004520,0.029775
0.466667,0.026370,0.043644,0.004974,-0.336355,-1.381804,0.264544,-0.485044,-0.010279,0.000685,-0.266889,-1.357492,-0.307121,0.674832,0.000217,0.019346
0.500000,0.029898,0.042348,0.002877,-0.381385,-1.381804,0.360557,-0.569562,-0.010364,0.004081,-0.308477,-1.322057,-0.407121,0.760308,0.003629,0.033616
0.533333,0.024103,0.042135,0.005230,-0.431422,-1.391271,0.460557,-0.658251,-0.019741,-0.004406,-0.353735,-1.302479,-0.507121,0.848575,0.012646,0.034184
0.566667,0.030760,0.034691,0.010407,-0.486673,-1.382054,0.560557,-0.734137,-0.006033,0.002820,-0.416247,-1.311849,-0.607121,0.936732,0.017743,0.024884
0.600000,0.032991,0.035709,0.018250,-0.541087,-1.370709,0.660557,-0.789839,0.000189,0.012849,-0.480215,-1.299244,-0.707121,1.009084,0.012253,0.027610
0.633333,0.028824,0.028446,0.018518,-0.586050,-1.353396,0.760557,-0.842795,-0.001725,0.011296,-0.515237,-1.276382,-0.807121,1.046692,0.008013,0.025869
0.666667,0.027134,0.027624,0.021558,-0.618081,-1.319225,0.860557,-0.868038,0.001031,0.013089,-0.558720,-1.276025,-0.907121,1.089948,0.005147,0.005704
0.700000,0.034138,0.023506,0.020271,-0.661580,-1.289937,0.960557,-0.904593,-0.001485,0.001163,-0.600890,-1.274619,-1.007121,1.114228,0.005917,0.001080
0.733333,0.026010,0.016225,0.017210,-0.700519,-1.267352,1.060557,-0.949076,-0.007639,-0.002678,-0.620327,-1.251560,-1.107121,1.110846,0.010682,0.000058
0.766667,0.019842,0.017615,0.005196,-0.728128,-1.233644,1.160557,-0.985362,-0.008390,-0.002450,-0.621037,-1.218044,-1.207121,1.100507,0.005301,-0.001914
0.800000,0.018666,0.025956,0.008649,-0.773607,-1.213121,1.260557,-1.024394,-0.003421,0.009513,-0.628597,-1.220406,-1.307121,1.099513,0.007111,0.004608
0.833333,0.014279,0.021909,0.004576,-0.819544,-1.212916,1.360557,-1.084528,-0.001854,0.003274,-0.627234,-1.222430,-1.393229,1.090876,0.011390,0.010074
0.866667,0.001635,0.020005,-0.005845,-0.837103,-1.215871,1.460557,-1.119447,0.011534,0.008621,-0.609046,-1.195337,-1.451723,1.089159,0.018512,0.019006
0.900000,0.003813,0.029739,-0.008544,-0.863845,-1.215211,1.560557,-1.148882,0.012466,0.002720,-0.608409,-1.200951,-1.505311,1.096140,0.020217,0.019589
0.933333,0.000584,0.027145,-0.005296,-0.899450,-1.226927,1.651187,-1.189999,0.007649,-0.012355,-0.611661,-1.208233,-1.525501,1.089538,0.031474,0.015016
0.966667,-0.000584,0.025186,-0.021609,-0.919205,-1.220369,1.735942,-1.208392,0.017376,-0.019733,-0.626042,-1.219637,-1.509866,1.102602,0.039943,0.007891
1.000000,0.005847,0.032351,-0.023004,-0.925492,-1.209633,1.791941,-1.203929,0.013456,-0.015427,-0.609346,-1.219656,-1.489025,1.091964,0.040933,0.014941
1.033333,0.008506,0.038050,-0.014777,-0.934706,-1.215157,1.807940,-1.194553,0.002282,-0.009178,-0.594455,-1.247985,-1.455798,1.063882,0.032677,0.007311
1.066667,0.002393,0.041434,-0.019568,-0.907304,-1.226612,1.783939,-1.155536,-0.005906,-0.001636,-0.557936,-1.258305,-1.387477,1.024823,0.028434,0.004005
1.100000,0.006573,0.043750,-0.015508,-0.856825,-1.248547,1.729308,-1.097101,-0.010816,0.005212,-0.515678,-1.280755,-1.312554,1.001074,0.029212,0.015140
1.133333,0.007100,0.040891,0.000020,-0.782197,-1.270890,1.640552,-1.027755,-0.029021,0.004289,-0.455067,-1.284956,-1.233455,0.943055,0.018013,0.018272
1.166667,0.003087,0.051798,0.003820,-0.693508,-1.297329,1.540552,-0.947874,-0.033823,0.007281,-0.402930,-1.292484,-1.133455,0.886559,0.008043,0.019145
1.200000,0.000910,0.051572,0.008127,-0.593508,-1.326167,1.440552,-0.858122,-0.029473,0.004855,-0.343239,-1.311702,-1.033455,0.822964,0.006377,0.029672
1.233333,0.012933,0.037424,0.014103,-0.498765,-1.347174,1.340552,-0.768370,-0.024651,-0.005022,-0.306638,-1.335150,-0.933455,0.750871,0.009242,0.031306
1.266667,0.019882,0.037066,0.009694,-0.413241,-1.358577,1.240552,-0.674734,-0.012940,-0.000952,-0.271869,-1.357230,-0.833455,0.667314,-0.009037,0.024594
1.300000,0.026493,0.036412,0.005151,-0.353178,-1.389572,1.140552,-0.574734,-0.008905,-0.006774,-0.253476,-1.371455,-0.733455,0.583756,-0.011442,0.028817
1.333333,0.029482,0.021980,0.011145,-0.324787,-1.408245,1.040552,-0.474734,-0.003849,-0.005967,-0.249423,-1.397675,-0.633455,0.492706,-0.004351,0.022855
1.366667,0.042158,0.016508,0.010441,-0.315972,-1.410000,0.940552,-0.375816,-0.005950,-0.001614,-0.276226,-1.403895,-0.533455,0.438677,-0.013927,0.005965
1.400000,0.034575,0.020791,0.008996,-0.317015,-1.410000,0.840552,-0.300027,-0.002486,0.005431,-0.284595,-1.403895,-0.433455,0.383194,-0.018835,0.008964
1.433333,0.031396,0.021842,0.015271,-0.316209,-1.405202,0.740552,-0.230146,-0.012590,0.000191,-0.293397,-1.391776,-0.333455,0.338209,-0.004014,0.007730
1.466667,0.038783,0.024437,0.019884,-0.301196,-1.386263,0.640552,-0.179728,-0.005004,0.009602,-0.287932,-1.378167,-0.239536,0.333224,-0.008203,0.013109
1.500000,0.044611,0.030116,0.022235,-0.286617,-1.382041,0.540552,-0.160379,-0.007088,0.001584,-0.261799,-1.356708,-0.145618,0.368239,-0.008609,0.016728
1.533333,0.028239,0.036210,0.010988,-0.273250,-1.382041,0.440552,-0.165439,-0.011827,-0.003965,-0.210751,-1.316583,-0.053308,0.406233,-0.000225,0.030594
1.566667,0.021787,0.047300,0.006309,-0.284768,-1.366815,0.340552,-0.175803,-0.013604,0.007416,-0.180019,-1.294596,0.026195,0.484228,-0.003556,0.041625
1.600000,0.024889,0.049590,0.005686,-0.300077,-1.361235,0.240552,-0.180260,-0.013259,0.015406,-0.152546,-1.285546,0.076232,0.584228,-0.003355,0.049771
1.633333,0.011233,0.042605,-0.003555,-0.315116,-1.367267,0.151933,-0.202014,-0.014839,0.004933,-0.136763,-1.267325,0.122525,0.684228,0.003276,0.039673
1.666667,0.013949,0.040964,-0.022193,-0.312114,-1.356076,0.096524,-0.197231,-0.006744,0.010946,-0.130156,-1.266776,0.137072,0.784228,0.004516,0.039636
1.700000,0.022327,0.039935,-0.008441,-0.318791,-1.349064,0.054561,-0.195514,-0.002877,0.012359,-0.142058,-1.275474,0.135995,0.884228,0.009770,0.040439
1.733333,0.031582,0.028941,-0.004666,-0.294278,-1.350180,0.021786,-0.181581,-0.004227,0.000351,-0.148353,-1.273979,0.134369,0.978888,0.011936,0.027483
1.766667,0.024633,0.031403,-0.010219,-0.283669,-1.360558,0.029012,-0.185289,-0.004842,0.001083,-0.154887,-1.270106,0.134909,1.055315,0.011493,0.025496
1.800000,0.027704,0.033554,-0.003424,-0.283265,-1.373465,0.031285,-0.183371,-0.008852,0.002622,-0.156601,-1.287618,0.109164,1.091741,0.012169,0.026313
1.833333,0.023668,0.035169,0.009280,-0.296328,-1.382401,0.017433,-0.185805,-0.018386,0.001532,-0.180267,-1.299309,0.077947,1.088168,0.013796,0.028644
1.866667,0.015422,0.041454,0.006095,-0.297671,-1.385137,0.007486,-0.162010,-0.016166,0.009306,-0.194530,-1.312605,0.039576,1.044594,0.008616,0.019040
1.900000,0.010952,0.044131,0.008393,-0.305210,-1.399246,0.021005,-0.153269,-0.013435,0.008764,-0.213881,-1.336087,-0.004426,0.966360,0.010835,0.018364
1.933333,0.014110,0.039400,0.014173,-0.315616,-1.399246,0.000661,-0.143546,-0.009622,0.006603,-0.236321,-1.361130,-0.037051,0.866360,0.014959,0.022719
1.966667,0.015109,0.049168,0.006627,-0.317615,-1.399246,-0.011987,-0.121684,-0.011741,0.010507,-0.267141,-1.377573,-0.055271,0.766360,0.007308,0.028065
2.000000,0.006710,0.047945,0.002536,-0.310330,-1.405724,-0.010506,-0.110324,-0.009316,0.006847,-0.269715,-1.387891,-0.055677,0.666360,0.003922,0.023825
2.033333,0.022450,0.043683,0.001115,-0.307259,-1.409262,-0.021607,-0.108921,-0.017437,-0.003036,-0.282980,-1.406021,-0.047959,0.566360,0.001130,0.020787
2.066667,0.029554,0.043821,-0.006511,-0.315389,-1.400105,-0.037001,-0.100557,-0.016372,0.004335,-0.290490,-1.406021,-0.036982,0.487070,-0.017050,0.027021
2.100000,0.030147,0.044304,-0.009891,-0.306447,-1.400105,-0.038223,-0.095073,-0.018171,-0.004288,-0.278349,-1.406021,-0.036219,0.414994,-0.024097,0.024150
2.133333,0.030658,0.032291,-0.005398,-0.301927,-1.388970,-0.023171,-0.092774,-0.022063,-0.007642,-0.269888,-1.401426,-0.040779,0.367158,-0.016599,0.010972
2.166667,0.042107,0.028513,-0.004939,-0.308038,-1.375843,-0.026514,-0.100121,-0.027378,-0.014026,-0.274241,-1.401426,-0.039519,0.333150,-0.021030,0.008183
2.200000,0.036702,0.026432,-0.003040,-0.310964,-1.376581,-0.017821,-0.105346,-0.020989,-0.010641,-0.267745,-1.401426,-0.044524,0.327241,-0.015108,0.017335
2.233333,0.030421,0.031659,0.007562,-0.298878,-1.378838,0.002507,-0.099080,-0.019292,-0.016098,-0.261599,-1.401426,-0.051982,0.326262,0.003188,0.016515
2.266667,0.048219,0.043781,0.016688,-0.309146,-1.362840,0.016450,-0.073274,-0.013605,0.008261,-0.253254,-1.401426,-0.053453,0.346946,-0.000777,0.021138
2.300000,0.048553,0.050363,0.024300,-0.316399,-1.373975,0.010333,-0.065287,-0.010044,0.014358,-0.246763,-1.410000,-0.050132,0.347593,-0.001404,0.029553
2.333333,0.039669,0.054147,0.014351,-0.308269,-1.376083,0.007119,-0.047526,0.000706,0.018793,-0.235683,-1.410000,-0.044860,0.363793,0.003179,0.036495
2.366667,0.036252,0.065112,0.014733,-0.316931,-1.374860,0.025841,-0.032371,-0.009603,0.027947,-0.235922,-1.410000,-0.052338,0.391894,0.002490,0.042045
2.400000,0.038671,0.057429,0.014262,-0.323645,-1.381759,0.011144,-0.039323,-0.014565,0.025117,-0.233986,-1.410000,-0.054752,0.394355,0.002768,0.040790
2.433333,0.021993,0.049749,0.000643,-0.316000,-1.397757,0.019328,-0.078866,-0.019317,0.011106,-0.254183,-1.400618,-0.055631,0.391830,0.013630,0.038049
2.466667,0.020400,0.051803,-0.009902,-0.319192,-1.397757,0.026029,-0.102011,-0.016794,0.006450,-0.245486,-1.395236,-0.063726,0.397086,0.007444,0.047838
2.500000,0.019383,0.049801,0.002321,-0.325233,-1.408777,0.029693,-0.111481,-0.021618,0.010963,-0.250092,-1.395236,-0.066160,0.390538,0.007581,0.045488
2.533333,0.021162,0.044340,-0.001583,-0.299873,-1.410000,0.015622,-0.131229,-0.011493,0.007182,-0.245288,-1.395236,-0.061600,0.357689,0.006951,0.042923
2.566667,0.018920,0.042374,-0.003898,-0.299013,-1.410000,0.020691,-0.142123,-0.004868,0.016697,-0.246659,-1.395236,-0.065295,0.364794,-0.002630,0.048050
2.600000,0.016786,0.035988,-0.000065,-0.295987,-1.410000,0.002656,-0.135479,-0.004850,0.007164,-0.238013,-1.404618,-0.062417,0.357910,-0.006426,0.042732
2.633333,0.019297,0.032866,0.007034,-0.295259,-1.392835,-0.001626,-0.126019,-0.008662,0.008680,-0.254788,-1.397044,-0.065945,0.358745,-0.000380,0.028436
2.666667,0.020499,0.037502,0.001503,-0.293084,-1.378000,0.021409,-0.131611,-0.004506,0.012429,-0.269303,-1.397044,-0.079580,0.365833,-0.004409,0.021073
2.700000,0.019152,0.034368,0.004118,-0.304525,-1.378000,0.023439,-0.135386,-0.006095,0.006324,-0.267986,-1.397044,-0.070765,0.371520,-0.002712,0.017463
2.733333,0.028455,0.035443,-0.003960,-0.294073,-1.378000,0.028540,-0.115620,-0.008887,-0.000570,-0.281185,-1.397044,-0.066756,0.377253,0.004361,0.008909
2.766667,0.031836,0.039213,-0.012621,-0.291101,-1.378000,0.019942,-0.114943,-0.010031,-0.001180,-0.278995,-1.397044,-0.060560,0.373085,0.003996,0.012871
2.800000,0.028950,0.042130,-0.014690,-0.285938,-1.395164,0.020304,-0.120166,-0.008974,-0.002908,-0.266715,-1.410000,-0.048118,0.372712,0.002004,0.015843
2.833333,0.026429,0.038236,-0.008758,-0.289503,-1.397282,-0.001984,-0.128669,-0.010632,-0.009103,-0.253236,-1.405421,-0.042566,0.372267,-0.000513,0.028884
2.866667,0.026831,0.044299,-0.005625,-0.312348,-1.395417,-0.013526,-0.131469,-0.010035,0.000791,-0.260684,-1.405421,-0.071177,0.399522,-0.004250,0.031513
2.900000,0.016818,0.044558,0.003076,-0.323340,-1.395417,-0.021753,-0.154991,-0.014190,-0.002032,-0.268131,-1.395678,-0.113613,0.426778,-0.002955,0.032148
2.933333,0.011716,0.040022,0.012677,-0.329049,-1.395417,-0.009980,-0.164373,-0.014089,-0.000427,-0.315579,-1.385935,-0.186193,0.494033,-0.002286,0.027122
2.966667,0.016351,0.032545,0.018927,-0.309623,-1.375417,0.010222,-0.187066,-0.002492,-0.004171,-0.343013,-1.356192,-0.229158,0.577788,0.002702,0.022623
3.000000,0.023785,0.030808,0.023120,-0.293671,-1.381386,0.048933,-0.225846,-0.001152,0.001163,-0.347354,-1.311028,-0.249158,0.677788,-0.001672,0.017483
3.033333,0.023959,0.022834,0.021952,-0.262625,-1.379645,0.090442,-0.289100,-0.002994,-0.010135,-0.327354,-1.241285,-0.229158,0.777789,-0.002520,0.013787
3.066667,0.019056,0.026084,0.019093,-0.250873,-1.374493,0.129920,-0.369100,-0.004112,-0.009282,-0.271831,-1.161285,-0.178364,0.877789,-0.001730,0.011591
3.100000,0.021571,0.027508,0.016537,-0.237086,-1.355779,0.166700,-0.452747,-0.010469,-0.011824,-0.188063,-1.061285,-0.112560,0.977789,-0.005690,0.013173
3.133333,0.016378,0.032342,0.012293,-0.247149,-1.369181,0.174593,-0.517362,-0.022173,-0.010636,-0.123024,-0.976442,-0.047332,1.077789,-0.012889,0.014568
3.166667,-0.002216,0.035406,-0.007516,-0.235887,-1.360763,0.186627,-0.562940,-0.020857,-0.025838,-0.082873,-0.910244,-0.009181,1.164651,-0.005702,0.008563
3.200000,-0.002956,0.040239,-0.014759,-0.238937,-1.329295,0.204621,-0.608518,-0.016330,-0.026925,-0.063493,-0.884046,-0.010622,1.211514,0.002537,0.019000
3.233333,0.002226,0.037545,-0.012066,-0.232608,-1.312278,0.197996,-0.649465,-0.014041,-0.028917,-0.068565,-0.897848,-0.005232,1.218376,-0.001826,0.021050
3.266667,-0.001601,0.040089,-0.021296,-0.209426,-1.288823,0.180502,-0.706764,-0.005205,-0.037593,-0.101881,-0.951650,0.008784,1.185239,-0.010966,0.028048
3.300000,-0.004143,0.050018,-0.025079,-0.197969,-1.233253,0.191895,-0.783096,0.000127,-0.028038,-0.156470,-1.030295,-0.016625,1.112101,-0.008478,0.040868
3.333333,0.008555,0.048070,-0.010300,-0.194808,-1.170073,0.185579,-0.878464,-0.004647,-0.018323,-0.205963,-1.129015,-0.034662,1.012101,-0.008726,0.043087
3.366667,0.017440,0.044384,-0.006453,-0.176772,-1.106797,0.172928,-0.973832,0.002756,-0.004212,-0.257415,-1.202206,-0.040330,0.912101,-0.024521,0.033754
3.400000,0.020052,0.056042,-0.007314,-0.172939,-1.050617,0.184607,-1.073832,-0.000805,-0.001454,-0.282095,-1.236846,-0.073694,0.812101,-0.031754,0.045672
3.433333,0.023960,0.051022,0.004603,-0.193496,-1.010258,0.207884,-1.173832,-0.000916,0.008812,-0.296417,-1.271486,-0.091072,0.712101,-0.019541,0.033983
3.466667,0.031126,0.043736,0.008400,-0.209669,-0.985835,0.229240,-1.265351,-0.002387,0.001557,-0.299576,-1.284340,-0.091678,0.614100,-0.015729,0.025765
3.500000,0.034884,0.041964,0.007292,-0.251771,-0.992682,0.264665,-1.348884,-0.003027,0.004259,-0.282941,-1.258473,-0.099382,0.556099,-0.013993,0.037935
3.533333,0.028420,0.042175,0.011090,-0.305578,-1.015209,0.322376,-1.410565,-0.013411,-0.007124,-0.245661,-1.243819,-0.080493,0.538098,-0.005852,0.037516
3.566667,0.035275,0.034159,0.015813,-0.375268,-1.019505,0.382853,-1.456878,-0.001811,-0.002526,-0.216621,-1.241113,-0.047332,0.560097,-0.000057,0.028272
3.600000,0.037559,0.036047,0.021255,-0.460568,-1.025892,0.465298,-1.483139,0.003279,0.007048,-0.176134,-1.200573,-0.035636,0.622096,-0.006756,0.031186
3.633333,0.033695,0.029547,0.019868,-0.550212,-1.024329,0.544642,-1.504301,-0.000404,0.005931,-0.106809,-1.141820,-0.014352,0.722096,-0.011995,0.029473
3.666667,0.031409,0.029670,0.022090,-0.625544,-0.998407,0.627625,-1.493449,0.003322,0.006553,-0.075089,-1.083066,0.009442,0.822096,-0.015229,0.011496
3.700000,0.037247,0.025586,0.019223,-0.703385,-0.967342,0.710346,-1.504449,0.002754,-0.004926,-0.054305,-1.003794,0.020800,0.922096,-0.014952,0.008698
3.733333,0.029719,0.019634,0.016767,-0.766033,-0.944638,0.781468,-1.513067,-0.004243,-0.011040,-0.032850,-0.917373,0.027149,1.022096,-0.011168,0.007191
3.766667,0.023545,0.020825,0.006493,-0.804214,-0.908642,0.852034,-1.503236,-0.003490,-0.013648,-0.010685,-0.831237,0.038714,1.122096,-0.015710,0.008279
3.800000,0.020137,0.028982,0.010531,-0.846862,-0.875295,0.924518,-1.501251,0.002652,-0.003075,-0.006728,-0.772573,0.045593,1.222096,-0.014012,0.015658
3.833333,0.015920,0.025634,0.007238,-0.895511,-0.860640,0.981383,-1.527148,0.003960,-0.009793,0.004178,-0.735268,0.056304,1.322096,-0.009238,0.020689
3.866667,0.003740,0.022896,-0.001794,-0.922289,-0.853317,1.030116,-1.521912,0.016178,-0.005584,0.015268,-0.697784,0.057265,1.406665,-0.002281,0.028337
3.900000,0.004513,0.031978,-0.004078,-0.964258,-0.839134,1.097899,-1.520667,0.018983,-0.009926,0.013347,-0.694051,0.052258,1.473012,0.001377,0.029670
3.933333,0.002789,0.028922,-0.001950,-1.030696,-0.841462,1.166238,-1.539847,0.012727,-0.023742,0.005051,-0.727060,0.055627,1.499359,0.011782,0.023831
3.966667,0.001698,0.027709,-0.019252,-1.089698,-0.833821,1.237682,-1.544323,0.021683,-0.030586,-0.025035,-0.772596,0.041709,1.496321,0.019787,0.015958
4.000000,0.008820,0.034022,-0.021356,-1.134381,-0.836758,1.311197,-1.539751,0.017200,-0.025092,-0.033527,-0.836774,0.008254,1.453283,0.021302,0.022617
4.033333,0.013879,0.040441,-0.014868,-1.175366,-0.856552,1.359617,-1.542477,0.006442,-0.016413,-0.055307,-0.935965,-0.018168,1.385675,0.012887,0.016634
4.066667,0.009468,0.044537,-0.020337,-1.176351,-0.878376,1.368037,-1.541842,-0.003475,-0.009716,-0.078945,-1.035156,-0.037377,1.296290,0.006964,0.012945
4.100000,0.011325,0.048458,-0.016103,-1.137337,-0.910432,1.336457,-1.532506,-0.007537,-0.000791,-0.103838,-1.123556,-0.085941,1.210713,0.008607,0.024550
4.133333,0.013917,0.044816,0.000480,-1.065757,-0.941823,1.264877,-1.522635,-0.024415,-0.000312,-0.106924,-1.194658,-0.100822,1.114522,-0.002793,0.026394
4.166667,0.008890,0.055235,0.004399,-0.976808,-0.954706,1.166845,-1.493932,-0.027449,0.003120,-0.125826,-1.238217,-0.109147,1.018331,-0.013869,0.027245
4.200000,0.006928,0.054772,0.009442,-0.876808,-0.960600,1.066845,-1.474119,-0.020616,0.001950,-0.136663,-1.280361,-0.126600,0.922140,-0.016301,0.035733
4.233333,0.017473,0.039994,0.015370,-0.776808,-0.968879,0.966845,-1.436604,-0.016006,-0.006533,-0.158835,-1.315329,-0.131922,0.825949,-0.012360,0.035778
4.266667,0.025005,0.039605,0.009814,-0.676808,-0.960696,0.866845,-1.385865,-0.003601,-0.004002,-0.179144,-1.341898,-0.112512,0.725949,-0.030317,0.028126
4.300000,0.030787,0.038531,0.004750,-0.576808,-0.989982,0.766845,-1.319015,0.001398,-0.008688,-0.212265,-1.354234,-0.123839,0.625949,-0.030327,0.030773
4.333333,0.032775,0.024604,0.010768,-0.476808,-1.021312,0.666845,-1.252164,0.007037,-0.007613,-0.243012,-1.385644,-0.111605,0.525949,-0.021851,0.025197
4.366667,0.043050,0.018648,0.010116,-0.382936,-1.046081,0.566845,-1.160256,0.002825,-0.004190,-0.290090,-1.397203,-0.091428,0.461499,-0.027621,0.007772
4.400000,0.035515,0.022902,0.008186,-0.303759,-1.079387,0.466845,-1.064944,0.008004,0.003460,-0.310049,-1.397203,-0.087847,0.397048,-0.030461,0.010790
4.433333,0.033215,0.023633,0.015430,-0.234043,-1.109859,0.367076,-0.969631,-0.003533,0.000626,-0.327828,-1.387870,-0.102482,0.332597,-0.013718,0.008373
4.466667,0.040512,0.027530,0.019990,-0.181252,-1.115973,0.303992,-0.871403,0.002804,0.009614,-0.332354,-1.390742,-0.107184,0.284965,-0.017037,0.015607
4.500000,0.047291,0.033459,0.022302,-0.168461,-1.138550,0.240907,-0.773175,-0.000500,0.001396,-0.328502,-1.390742,-0.116433,0.255981,-0.015972,0.018299
4.533333,0.031174,0.041029,0.010419,-0.174149,-1.179950,0.177823,-0.674947,-0.006122,-0.005195,-0.303073,-1.381494,-0.123602,0.215888,-0.007702,0.033259
4.566667,0.024832,0.053282,0.006629,-0.205141,-1.194870,0.127228,-0.578319,-0.008961,0.006481,-0.297226,-1.381494,-0.126065,0.214702,-0.008963,0.045004
4.600000,0.026266,0.056347,0.006304,-0.243262,-1.227070,0.097847,-0.481691,-0.008426,0.013789,-0.291990,-1.390826,-0.130996,0.233329,-0.007360,0.054405
4.633333,0.011749,0.049907,-0.002395,-0.273977,-1.265593,0.045414,-0.408177,-0.010365,0.003299,-0.291466,-1.397854,-0.120997,0.247770,0.000916,0.043906
4.666667,0.014358,0.049810,-0.020966,-0.278373,-1.282084,0.028128,-0.342148,-0.002406,0.009960,-0.288274,-1.397854,-0.127858,0.282064,0.003278,0.043395
4.700000,0.021332,0.049873,-0.006813,-0.289433,-1.287193,0.023846,-0.303206,0.001787,0.012233,-0.299741,-1.408368,-0.138433,0.295808,0.009143,0.043703
4.733333,0.031498,0.039392,-0.003311,-0.269250,-1.296386,0.015594,-0.275871,0.000709,0.000423,-0.306354,-1.408368,-0.141092,0.278211,0.011875,0.030897
4.766667,0.025309,0.041777,-0.009423,-0.259296,-1.312467,0.025898,-0.269000,0.000337,0.001478,-0.309742,-1.408368,-0.126371,0.280801,0.010290,0.028568
4.800000,0.028697,0.043659,-0.003379,-0.260916,-1.323708,0.030038,-0.270953,-0.003846,0.003372,-0.306095,-1.410000,-0.131256,0.280198,0.010560,0.030000
4.833333,0.024413,0.044199,0.008811,-0.275513,-1.326731,0.015477,-0.275640,-0.013855,0.001776,-0.317550,-1.410000,-0.131192,0.253128,0.010229,0.032469
4.866667,0.016463,0.049562,0.005519,-0.276336,-1.321578,0.007690,-0.260183,-0.011852,0.009666,-0.315015,-1.403380,-0.133123,0.240443,0.003898,0.022816
4.900000,0.011215,0.050763,0.007601,-0.283408,-1.333560,0.023368,-0.266222,-0.009469,0.008972,-0.313116,-1.403380,-0.136638,0.244520,0.004414,0.021635
4.933333,0.014111,0.045989,0.013188,-0.290401,-1.321970,0.006903,-0.272251,-0.004663,0.006083,-0.318185,-1.403380,-0.140304,0.233666,0.007454,0.024697
4.966667,0.014710,0.055317,0.005618,-0.287129,-1.320904,-0.003299,-0.271554,-0.006614,0.009972,-0.335650,-1.402081,-0.136601,0.238521,-0.002145,0.028929
5.000000,0.006565,0.053873,0.001806,-0.274497,-1.328163,0.000678,-0.283787,-0.004705,0.005550,-0.331109,-1.402081,-0.125653,0.233492,-0.005388,0.025748
5.033333,0.023820,0.048959,0.000905,-0.265462,-1.324736,-0.010178,-0.307269,-0.012256,-0.004852,-0.343012,-1.408701,-0.113075,0.236627,-0.008589,0.022913
5.066667,0.030911,0.050025,-0.006747,-0.265518,-1.299103,-0.023966,-0.327452,-0.010988,0.002951,-0.352825,-1.408701,-0.103209,0.241708,-0.029020,0.029226
5.100000,0.031863,0.049988,-0.009312,-0.249095,-1.297080,-0.026335,-0.351211,-0.013177,-0.005670,-0.341522,-1.408701,-0.102475,0.226222,-0.036128,0.026697
5.133333,0.033070,0.037161,-0.004451,-0.237760,-1.269939,-0.011081,-0.377375,-0.017129,-0.009743,-0.333556,-1.401086,-0.107812,0.210825,-0.028464,0.013927
5.166667,0.045331,0.033630,-0.003849,-0.234211,-1.237498,-0.013633,-0.420390,-0.021522,-0.015454,-0.338964,-1.401086,-0.109637,0.204871,-0.033468,0.010528
5.200000,0.039166,0.032052,-0.001626,-0.227993,-1.226904,-0.002323,-0.460820,-0.016432,-0.013180,-0.333221,-1.401086,-0.115856,0.199821,-0.026968,0.018349
5.233333,0.033012,0.036269,0.008980,-0.208772,-1.221442,0.019935,-0.481982,-0.015763,-0.018757,-0.326500,-1.401086,-0.123662,0.193896,-0.007326,0.016721
5.266667,0.050689,0.048205,0.017537,-0.209895,-1.186913,0.038141,-0.485410,-0.011099,0.004020,-0.320545,-1.401086,-0.130874,0.212811,-0.011278,0.021910
5.300000,0.050840,0.055995,0.025424,-0.209574,-1.189751,0.036160,-0.501220,-0.007779,0.009419,-0.316140,-1.409347,-0.133552,0.211410,-0.013119,0.031232
5.333333,0.042032,0.060077,0.015594,-0.195812,-1.185491,0.037697,-0.506749,0.004050,0.013565,-0.309668,-1.409347,-0.133096,0.224030,-0.008172,0.038506
5.366667,0.037985,0.070614,0.015405,-0.200827,-1.181981,0.058051,-0.503616,-0.005442,0.024627,-0.310212,-1.409347,-0.142775,0.249306,-0.008718,0.045436
5.400000,0.040148,0.063713,0.014819,-0.205304,-1.196889,0.044527,-0.522064,-0.009636,0.021663,-0.309329,-1.409347,-0.148530,0.249185,-0.008857,0.045151
5.433333,0.023681,0.056230,0.001829,-0.200886,-1.220335,0.052062,-0.558347,-0.013957,0.009257,-0.326794,-1.398762,-0.143281,0.246040,0.001916,0.043074
5.466667,0.021532,0.058412,-0.008842,-0.205236,-1.227746,0.058338,-0.581871,-0.011079,0.004660,-0.317488,-1.392118,-0.149023,0.248012,-0.003159,0.052391
5.500000,0.019921,0.056621,0.003152,-0.214551,-1.253090,0.058900,-0.578634,-0.016958,0.009075,-0.320489,-1.392118,-0.148859,0.240985,-0.003557,0.049687
5.533333,0.022769,0.051292,-0.000660,-0.192366,-1.274553,0.041932,-0.588902,-0.006921,0.004058,-0.315992,-1.392117,-0.141900,0.206630,-0.004876,0.045635
5.566667,0.020434,0.048750,-0.002980,-0.194766,-1.294508,0.044388,-0.585480,0.000259,0.012965,-0.315471,-1.392117,-0.140611,0.212275,-0.014028,0.050054
5.600000,0.018260,0.042962,0.000618,-0.193246,-1.306932,0.024658,-0.568476,-0.000192,0.003708,-0.307527,-1.402703,-0.138801,0.201520,-0.018647,0.044551
5.633333,0.021425,0.039566,0.007509,-0.195576,-1.298025,0.018271,-0.543944,-0.004379,0.005472,-0.324448,-1.396064,-0.141048,0.201493,-0.012104,0.030228
5.666667,0.022624,0.043747,0.001985,-0.198660,-1.283755,0.041261,-0.533789,-0.000568,0.009292,-0.336439,-1.396064,-0.151630,0.210204,-0.015561,0.022836
5.700000,0.020831,0.040645,0.004357,-0.213194,-1.281012,0.044157,-0.524978,-0.002340,0.004032,-0.334720,-1.396064,-0.142335,0.217375,-0.013383,0.019686
5.733333,0.030072,0.042140,-0.003605,-0.204748,-1.262549,0.050354,-0.499322,-0.005481,-0.002465,-0.349343,-1.396064,-0.142764,0.224547,-0.006701,0.011729
5.766667,0.032914,0.045306,-0.011658,-0.202371,-1.273611,0.042450,-0.497115,-0.006453,-0.003163,-0.347967,-1.396064,-0.136722,0.221797,-0.006590,0.014713
5.800000,0.029325,0.048217,-0.013413,-0.199097,-1.295489,0.039689,-0.498365,-0.005320,-0.004847,-0.338451,-1.409721,-0.118812,0.218760,-0.008130,0.017105
5.833333,0.026162,0.043806,-0.006978,-0.201484,-1.299120,0.012858,-0.505437,-0.006873,-0.010131,-0.328549,-1.403573,-0.099463,0.208599,-0.011388,0.029369
5.866667,0.027725,0.049832,-0.003309,-0.225156,-1.289684,-0.003951,-0.503842,-0.006764,-0.000236,-0.328904,-1.403573,-0.091631,0.227305,-0.016053,0.032585
5.900000,0.019491,0.051083,0.005491,-0.236665,-1.295647,-0.012977,-0.522654,-0.011285,-0.001996,-0.311169,-1.401829,-0.084808,0.207429,-0.013834,0.032977
5.933333,0.016388,0.047835,0.014612,-0.243249,-1.283871,-0.002003,-0.527469,-0.011132,0.000619,-0.313434,-1.400086,-0.091113,0.207553,-0.012385,0.028930
5.966667,0.019833,0.038347,0.019836,-0.238758,-1.261278,0.009122,-0.509113,-0.000474,-0.000467,-0.307365,-1.378621,-0.091310,0.227201,-0.001960,0.021919
6.000000,0.025601,0.033780,0.022963,-0.246408,-1.249352,0.023123,-0.467603,-0.000232,0.006633,-0.309387,-1.343026,-0.088818,0.268620,0.000353,0.014347
6.033333,0.022835,0.022848,0.020402,-0.241008,-1.233020,0.042147,-0.428257,-0.000997,-0.004723,-0.306262,-1.283358,-0.076135,0.304388,0.009083,0.006512
6.066667,0.014290,0.021300,0.016269,-0.254653,-1.204489,0.053920,-0.383419,-0.002146,-0.002054,-0.309992,-1.213048,-0.068724,0.369158,0.015591,-0.000485
6.100000,0.012599,0.017263,0.012611,-0.267312,-1.164986,0.065267,-0.334037,-0.009361,-0.003595,-0.308871,-1.159207,-0.065910,0.413928,0.017822,-0.000918
6.133333,0.006353,0.020651,0.008787,-0.289304,-1.156848,0.058710,-0.302017,-0.020996,-0.002536,-0.315239,-1.127151,-0.047964,0.425708,0.011402,0.002849
6.166667,-0.013023,0.022654,-0.011455,-0.283687,-1.154219,0.073347,-0.283106,-0.019583,-0.018427,-0.316627,-1.105654,-0.044114,0.408470,0.019445,-0.001776
6.200000,-0.012638,0.026584,-0.017175,-0.291601,-1.137542,0.091672,-0.272398,-0.015442,-0.019590,-0.323415,-1.122081,-0.063016,0.360133,0.024274,0.010185
6.233333,-0.008351,0.023235,-0.012107,-0.291474,-1.138026,0.083664,-0.267276,-0.013319,-0.024009,-0.329022,-1.159664,-0.046874,0.295625,0.019569,0.013512
6.266667,-0.012879,0.024923,-0.018623,-0.273403,-1.151943,0.057190,-0.281817,-0.003259,-0.036365,-0.326005,-1.182213,-0.009394,0.250038,0.009610,0.017195
6.300000,-0.014875,0.034328,-0.021548,-0.266459,-1.137762,0.060077,-0.316728,-0.000138,-0.029249,-0.331360,-1.222977,-0.008398,0.237441,0.011294,0.028015
6.333333,-0.002497,0.032890,-0.004410,-0.260753,-1.121845,0.046860,-0.368116,-0.006096,-0.019796,-0.327445,-1.284345,-0.000991,0.232311,0.007315,0.027886
6.366667,0.004120,0.029346,-0.000022,-0.234668,-1.097449,0.031732,-0.405442,-0.000303,-0.005172,-0.330030,-1.319977,0.007372,0.243632,-0.009094,0.019182
6.400000,0.006683,0.041645,-0.001470,-0.214567,-1.077617,0.044100,-0.454141,-0.004777,-0.002644,-0.311021,-1.331242,-0.016637,0.261652,-0.015817,0.030358
6.433333,0.010850,0.038122,0.008561,-0.214866,-1.049530,0.072048,-0.493335,-0.007263,0.010772,-0.316921,-1.361071,-0.039543,0.297030,-0.007662,0.021986
6.466667,0.017268,0.031815,0.012281,-0.200295,-1.033349,0.079806,-0.511076,-0.007099,0.005340,-0.328205,-1.369990,-0.045223,0.312275,-0.005427,0.013374
6.500000,0.021222,0.030996,0.009814,-0.209041,-1.040283,0.080435,-0.517471,-0.007318,0.006787,-0.327901,-1.347745,-0.062995,0.330512,-0.003270,0.026996
6.533333,0.014132,0.031896,0.012702,-0.216157,-1.063683,0.080989,-0.522672,-0.018279,-0.003832,-0.317263,-1.321246,-0.051216,0.369048,0.004101,0.024768
6.566667,0.021572,0.024373,0.017696,-0.230428,-1.070343,0.063715,-0.504751,-0.007536,0.001987,-0.317916,-1.295946,-0.018709,0.426636,0.009617,0.016213
6.600000,0.024125,0.026706,0.024384,-0.247801,-1.082456,0.050325,-0.469468,-0.003064,0.010399,-0.310113,-1.230646,-0.005030,0.487944,0.005137,0.019558
6.633333,0.019918,0.021396,0.022326,-0.259459,-1.084316,0.035214,-0.450009,-0.006890,0.008486,-0.270165,-1.146257,0.012732,0.569386,0.000312,0.018917
6.666667,0.018884,0.022308,0.024594,-0.253176,-1.060882,0.043336,-0.415767,-0.004394,0.010231,-0.265117,-1.061868,0.034571,0.669387,-0.003259,0.000936
6.700000,0.027372,0.018758,0.020942,-0.250346,-1.034651,0.039518,-0.402970,-0.005884,-0.001911,-0.268999,-0.968962,0.040522,0.769387,-0.001481,-0.001199
6.733333,0.020201,0.013278,0.017639,-0.248941,-1.014537,0.044175,-0.407678,-0.012943,-0.007579,-0.263226,-0.878227,0.036067,0.869387,0.001053,-0.003041
6.766667,0.013978,0.014736,0.005847,-0.226147,-0.978426,0.056728,-0.416912,-0.011750,-0.009377,-0.251035,-0.794984,0.034011,0.969386,-0.003255,-0.002883
6.800000,0.011274,0.022436,0.010005,-0.225705,-0.951649,0.071522,-0.434044,-0.006858,0.001637,-0.255333,-0.745175,0.032988,1.063235,-0.002074,0.002819
6.833333,0.005721,0.018829,0.006329,-0.220314,-0.940415,0.063733,-0.484151,-0.006324,-0.004807,-0.251127,-0.716425,0.036298,1.151416,0.004098,0.006684
6.866667,-0.007690,0.017390,-0.002668,-0.199759,-0.925955,0.076327,-0.541477,0.005483,0.000044,-0.240179,-0.688160,0.027599,1.232817,0.010059,0.014581
6.900000,-0.008287,0.026189,-0.004641,-0.180448,-0.886722,0.107734,-0.607594,0.005848,-0.004852,-0.261508,-0.692120,0.000950,1.314217,0.015730,0.016140
6.933333,-0.009857,0.023892,-0.001881,-0.197658,-0.853895,0.150672,-0.700933,-0.001267,-0.018437,-0.306277,-0.712068,-0.047115,1.374741,0.027805,0.009834
6.966667,-0.011443,0.022321,-0.020128,-0.217519,-0.806813,0.213281,-0.794273,0.007989,-0.026934,-0.371124,-0.736368,-0.117521,1.441015,0.037476,0.001791
7.000000,-0.005531,0.027027,-0.021803,-0.268162,-0.752383,0.298473,-0.891178,0.007200,-0.022594,-0.444476,-0.754828,-0.205809,1.492957,0.041553,0.007323
7.033333,-0.002644,0.029366,-0.014413,-0.353608,-0.719910,0.398473,-0.991178,-0.001398,-0.016878,-0.544381,-0.798853,-0.305809,1.531679,0.035208,-0.001858
7.066667,-0.008541,0.029126,-0.019778,-0.452242,-0.701136,0.498473,-1.091178,-0.008746,-0.010638,-0.644382,-0.819476,-0.405809,1.550401,0.032062,-0.006082
7.100000,-0.007932,0.030086,-0.014650,-0.552242,-0.700508,0.598473,-1.191178,-0.011297,-0.004093,-0.744382,-0.838465,-0.505809,1.570000,0.034639,0.003510
7.133333,-0.006382,0.023226,0.003217,-0.652242,-0.699880,0.698473,-1.291178,-0.025933,-0.006806,-0.844382,-0.833850,-0.605809,1.569235,0.026355,0.002465
7.166667,-0.011143,0.031581,0.007370,-0.727282,-0.687665,0.798473,-1.351367,-0.030830,-0.005511,-0.944382,-0.821799,-0.705809,1.568377,0.014786,0.003965
7.200000,-0.013662,0.030325,0.013981,-0.762322,-0.679309,0.858473,-1.371557,-0.026258,-0.008855,-1.004382,-0.819485,-0.771829,1.566262,0.013890,0.016156
7.233333,-0.000292,0.019269,0.020459,-0.757361,-0.685929,0.878473,-1.351746,-0.022571,-0.020764,-1.024382,-0.837392,-0.797849,1.561961,0.017292,0.017642
7.266667,0.006959,0.018583,0.015933,-0.712401,-0.680249,0.858473,-1.291935,-0.012706,-0.017257,-1.004382,-0.850327,-0.783869,1.561961,0.000054,0.011958
7.300000,0.014093,0.018949,0.010725,-0.627441,-0.712760,0.798473,-1.192124,-0.010140,-0.020627,-0.944382,-0.851946,-0.729888,1.553574,-0.003507,0.019560
7.333333,0.017562,0.006059,0.016649,-0.527441,-0.760035,0.698473,-1.092124,-0.005965,-0.018766,-0.844382,-0.885783,-0.635908,1.553824,0.002907,0.012543
7.366667,0.029315,0.004977,0.013875,-0.427441,-0.793211,0.598473,-0.992124,-0.008822,-0.013948,-0.744382,-0.897516,-0.535908,1.555940,-0.007483,-0.005448
7.400000,0.020050,0.007106,0.011517,-0.339200,-0.826463,0.498473,-0.892124,-0.002789,-0.004505,-0.644382,-0.904073,-0.435908,1.548875,-0.014786,-0.004575
7.433333,0.017740,0.007259,0.016756,-0.260118,-0.857176,0.398473,-0.792124,-0.010360,-0.010516,-0.544382,-0.898619,-0.335908,1.524164,-0.003101,-0.006806
7.466667,0.024166,0.011005,0.021242,-0.192538,-0.859585,0.318151,-0.692124,-0.003877,-0.000565,-0.454934,-0.911815,-0.246677,1.499642,-0.009258,-0.002119
7.500000,0.030308,0.017150,0.023202,-0.160843,-0.877545,0.237829,-0.616471,-0.005998,-0.010434,-0.373351,-0.918627,-0.160248,1.469094,-0.010393,0.002262
7.533333,0.012858,0.019900,0.012223,-0.150274,-0.905677,0.157507,-0.566947,-0.011433,-0.016083,-0.302271,-0.920045,-0.080673,1.442471,-0.000290,0.015654
7.566667,0.006914,0.031349,0.008538,-0.167947,-0.903244,0.100073,-0.541744,-0.014767,-0.005630,-0.257656,-0.929820,-0.014348,1.446699,-0.001872,0.028921
7.600000,0.009216,0.034919,0.009113,-0.192269,-0.919729,0.064818,-0.516541,-0.015595,0.003750,-0.232879,-0.974733,0.024096,1.448007,-0.001401,0.035639
7.633333,-0.004764,0.030363,0.000689,-0.218190,-0.949852,0.022701,-0.513929,-0.017103,-0.006556,-0.218410,-1.018118,0.068220,1.443453,0.005848,0.025434
7.666667,-0.001746,0.028830,-0.017339,-0.223583,-0.960496,0.015494,-0.486970,-0.009093,0.000504,-0.206800,-1.067317,0.088753,1.451524,0.008311,0.024147
7.700000,0.007183,0.029091,-0.003561,-0.239612,-0.968223,0.020225,-0.458659,-0.004273,0.001397,-0.211785,-1.122101,0.100358,1.440216,0.011932,0.025110
7.733333,0.017308,0.017850,-0.000134,-0.225943,-0.986325,0.011524,-0.420178,-0.004128,-0.011201,-0.211552,-1.166102,0.114889,1.400771,0.013466,0.009840
7.766667,0.010798,0.020179,-0.006206,-0.223549,-1.012054,0.020645,-0.398188,-0.003666,-0.011124,-0.214615,-1.183858,0.132927,1.397591,0.013832,0.008563
7.800000,0.014327,0.020179,0.000190,-0.230429,-1.026120,0.024319,-0.380960,-0.006906,-0.010769,-0.209530,-1.197996,0.138295,1.400363,0.015003,0.009943
7.833333,0.009707,0.020859,0.012743,-0.249449,-1.031217,0.009352,-0.370460,-0.015725,-0.012063,-0.220943,-1.191277,0.141815,1.380115,0.015769,0.013498
7.866667,0.001500,0.025424,0.010108,-0.255759,-1.026068,0.003439,-0.341750,-0.014157,-0.004347,-0.220510,-1.170910,0.140420,1.383990,0.009605,0.003595
7.900000,-0.003943,0.027805,0.012076,-0.266615,-1.038603,0.021125,-0.332751,-0.011482,-0.004014,-0.228181,-1.146122,0.131873,1.406544,0.010269,0.004684
7.933333,-0.001500,0.021768,0.017863,-0.277995,-1.023421,0.008121,-0.325217,-0.007642,-0.005917,-0.246035,-1.123898,0.120702,1.417135,0.014290,0.007942
7.966667,-0.002208,0.030318,0.009915,-0.279657,-1.021421,0.001644,-0.316530,-0.009219,-0.001538,-0.291176,-1.085305,0.087289,1.452593,0.006936,0.012572
8.000000,-0.010582,0.029893,0.005964,-0.271493,-1.026364,0.012733,-0.326662,-0.007875,-0.005062,-0.345400,-1.028136,0.042118,1.486952,0.005905,0.008857
8.033333,0.005153,0.026248,0.004450,-0.264411,-1.024564,0.007349,-0.343304,-0.015881,-0.014733,-0.424371,-0.980944,-0.022357,1.521008,0.005743,0.005081
8.066667,0.010315,0.026951,-0.002097,-0.267179,-1.008638,-0.007290,-0.346608,-0.015225,-0.006361,-0.513991,-0.935368,-0.109356,1.545037,-0.010308,0.009923
8.100000,0.010099,0.026920,-0.004543,-0.254046,-1.020510,-0.017498,-0.347026,-0.016400,-0.015433,-0.610294,-0.881017,-0.209356,1.552054,-0.014802,0.006281
8.133333,0.011989,0.018371,0.001722,-0.242621,-1.013467,-0.017653,-0.338589,-0.020839,-0.019101,-0.706596,-0.847720,-0.309356,1.537249,-0.005642,-0.008217
8.166667,0.023203,0.014428,0.003880,-0.241924,-1.007792,-0.040481,-0.332306,-0.026118,-0.025838,-0.806596,-0.846963,-0.409356,1.531800,-0.009692,-0.013840
8.200000,0.017388,0.011622,0.007296,-0.240036,-1.022690,-0.051052,-0.321029,-0.020440,-0.022370,-0.895614,-0.859257,-0.509356,1.527106,-0.002019,-0.006491
8.233333,0.012099,0.016487,0.018347,-0.224129,-1.037481,-0.045424,-0.300525,-0.019345,-0.028852,-0.962195,-0.868745,-0.609356,1.520292,0.017257,-0.007870
8.266667,0.029697,0.028555,0.027442,-0.231971,-1.021607,-0.038690,-0.264953,-0.015170,-0.004363,-0.994052,-0.904073,-0.709356,1.529266,0.013876,-0.004013
8.300000,0.029712,0.032174,0.035061,-0.238491,-1.039603,-0.046554,-0.252034,-0.012117,0.001544,-1.019238,-0.918346,-0.809356,1.535393,0.011852,0.004598
8.333333,0.019860,0.034583,0.025307,-0.229537,-1.042199,-0.047889,-0.235897,0.000381,0.005409,-1.017653,-0.921963,-0.909356,1.549814,0.017405,0.013044
8.366667,0.015866,0.044954,0.025419,-0.239900,-1.048220,-0.026001,-0.223929,-0.008830,0.013773,-0.987050,-0.915411,-1.009356,1.554508,0.015913,0.020994
8.400000,0.019130,0.037191,0.024217,-0.248584,-1.067863,-0.034426,-0.235530,-0.014426,0.010905,-0.938884,-0.899256,-1.101416,1.554483,0.014862,0.020061
8.433333,0.004054,0.030707,0.010636,-0.241410,-1.092992,-0.020476,-0.279039,-0.018787,-0.003587,-0.885442,-0.864982,-1.153476,1.543584,0.023667,0.019245
8.466667,0.001124,0.032835,-0.000414,-0.246847,-1.094217,-0.003156,-0.309694,-0.016074,-0.008347,-0.798671,-0.852200,-1.165535,1.543967,0.018516,0.029587
8.500000,0.000413,0.032133,0.009660,-0.256101,-1.112083,0.009667,-0.321436,-0.020407,-0.003226,-0.698671,-0.854894,-1.137595,1.537325,0.016555,0.025988
8.533333,0.003123,0.026917,0.004789,-0.232885,-1.120755,0.003628,-0.344228,-0.009985,-0.006371,-0.598671,-0.873871,-1.069654,1.519641,0.014265,0.020728
8.566667,0.000190,0.025556,0.001715,-0.236480,-1.128464,0.014416,-0.356000,-0.001003,0.002183,-0.522561,-0.900011,-0.969654,1.526480,0.003959,0.026286
8.600000,-0.001486,0.018672,0.005079,-0.240314,-1.127367,0.002856,-0.347423,-0.001364,-0.007116,-0.486451,-0.937377,-0.869654,1.534948,0.000788,0.021668
8.633333,0.002264,0.015185,0.012215,-0.244943,-1.110173,0.000955,-0.332439,-0.006008,-0.006723,-0.490341,-0.954661,-0.777085,1.538563,0.006163,0.008458
8.666667,0.003677,0.019612,0.007670,-0.251291,-1.101583,0.025861,-0.331152,-0.003799,-0.002578,-0.534232,-0.974586,-0.724516,1.545205,0.003705,0.004051
8.700000,0.001518,0.017259,0.010294,-0.268500,-1.105766,0.029629,-0.330679,-0.005303,-0.006522,-0.618122,-0.994431,-0.711946,1.562889,0.007570,0.002042
8.733333,0.009486,0.016745,0.003069,-0.260344,-1.096572,0.027472,-0.308862,-0.009750,-0.012066,-0.718122,-1.033109,-0.739377,1.562890,0.017279,-0.005674
8.766667,0.011678,0.020354,-0.004563,-0.253675,-1.113986,0.010442,-0.307755,-0.011698,-0.011296,-0.818122,-1.048135,-0.806808,1.565320,0.018070,-0.004138
8.800000,0.008496,0.021441,-0.005519,-0.243220,-1.139371,-0.001528,-0.309120,-0.009272,-0.011443,-0.911441,-1.073976,-0.906808,1.570000,0.019175,-0.004269
8.833333,0.006640,0.016304,0.001489,-0.236609,-1.135864,-0.037712,-0.313915,-0.010168,-0.017888,-0.980096,-1.074935,-1.006808,1.567498,0.015483,0.005984
8.866667,0.008744,0.020080,0.005689,-0.252070,-1.116175,-0.060287,-0.313766,-0.010337,-0.009407,-1.008750,-1.085118,-1.106808,1.567498,0.011041,0.009097
8.900000,0.001648,0.020527,0.013905,-0.257083,-1.104533,-0.063450,-0.347442,-0.014062,-0.010695,-0.997405,-1.071003,-1.206808,1.547498,0.012206,0.010025
8.933333,-0.001668,0.015336,0.022346,-0.256166,-1.080270,-0.039795,-0.368848,-0.013141,-0.008494,-0.946060,-1.074049,-1.306808,1.526726,0.013170,0.008447
8.966667,0.002544,0.011989,0.023240,-0.272588,-1.076881,-0.003581,-0.407045,-0.001830,-0.010412,-0.867876,-1.104870,-1.366808,1.506704,0.017802,0.007392
9.000000,0.008528,0.010706,0.022919,-0.306702,-1.106910,0.056847,-0.462545,0.001081,-0.003547,-0.814357,-1.160573,-1.386808,1.509185,0.015726,0.005101
9.033333,0.006627,0.003695,0.017144,-0.342096,-1.134077,0.143665,-0.538872,0.001961,-0.014965,-0.781020,-1.203883,-1.366808,1.509185,0.018472,0.000513
9.066667,-0.001660,0.006495,0.010703,-0.417491,-1.156202,0.230484,-0.618872,0.003310,-0.014345,-0.777973,-1.237024,-1.306808,1.529185,0.020380,-0.002934
9.100000,-0.001246,0.007921,0.005429,-0.517491,-1.165887,0.330484,-0.718872,-0.000453,-0.017894,-0.796653,-1.280167,-1.246603,1.549958,0.017174,-0.001033
9.133333,-0.005881,0.007921,0.001743,-0.617491,-1.178901,0.430484,-0.818872,-0.010895,-0.015553,-0.835051,-1.304501,-1.199715,1.569979,0.010338,-0.000935
9.166667,-0.024852,0.009315,-0.017485,-0.717491,-1.173746,0.530484,-0.918872,-0.010458,-0.029592,-0.856388,-1.291571,-1.178003,1.570000,0.018788,-0.008666
9.200000,-0.024525,0.012665,-0.022742,-0.817491,-1.157143,0.630484,-1.018872,-0.005357,-0.031137,-0.875079,-1.291034,-1.196291,1.570000,0.027996,0.002343
9.233333,-0.016942,0.008770,-0.017974,-0.907048,-1.156978,0.730484,-1.118872,-0.005001,-0.033824,-0.890902,-1.303918,-1.217552,1.570000,0.024109,0.003768
9.266667,-0.022739,0.007614,-0.025780,-0.959854,-1.179115,0.830484,-1.218872,0.002630,-0.043646,-0.894019,-1.286802,-1.205112,1.570000,0.017132,0.008093
9.300000,-0.025230,0.016672,-0.027379,-1.012661,-1.178030,0.930484,-1.316286,0.005849,-0.038005,-0.899588,-1.288493,-1.219354,1.570000,0.020515,0.019623
9.333333,-0.010850,0.015535,-0.011791,-1.047432,-1.183921,1.030484,-1.393966,0.000780,-0.029736,-0.902569,-1.303206,-1.227910,1.570000,0.018885,0.022145
9.366667,-0.006271,0.012801,-0.007891,-1.057882,-1.180304,1.130484,-1.431646,0.004983,-0.015291,-0.907626,-1.288730,-1.223820,1.561451,0.001404,0.011862
9.400000,-0.004542,0.025561,-0.009386,-1.060054,-1.181343,1.230484,-1.460545,0.001174,-0.014975,-0.892130,-1.255299,-1.256756,1.558312,-0.008130,0.024106
9.433333,0.001848,0.024194,0.001970,-1.080416,-1.174316,1.330484,-1.471162,0.000457,-0.002634,-0.896758,-1.261868,-1.299284,1.558312,0.001441,0.014088
9.466667,0.008011,0.018486,0.005284,-1.076231,-1.172569,1.416152,-1.465881,0.000301,-0.008113,-0.904158,-1.244810,-1.331383,1.558312,0.004657,0.005881
9.500000,0.010754,0.018325,0.004032,-1.077679,-1.182746,1.485795,-1.466469,-0.001473,-0.005596,-0.894427,-1.211993,-1.379343,1.556588,0.005925,0.019152
9.533333,0.007228,0.019560,0.007607,-1.070800,-1.207775,1.524854,-1.479856,-0.012385,-0.015068,-0.875178,-1.202299,-1.399950,1.565137,0.012335,0.020834
9.566667,0.013461,0.013219,0.013881,-1.057711,-1.214201,1.528468,-1.487396,-0.000644,-0.008512,-0.871872,-1.224608,-1.381391,1.568276,0.020373,0.012527
9.600000,0.016851,0.015882,0.019786,-1.030327,-1.216634,1.495521,-1.492729,0.004379,0.000020,-0.867592,-1.223769,-1.358657,1.568276,0.015775,0.016310
9.633333,0.013599,0.012531,0.017927,-0.987658,-1.212942,1.436905,-1.505053,-0.000855,0.000400,-0.832619,-1.207214,-1.306350,1.564976,0.011946,0.016927
9.666667,0.013372,0.013064,0.019937,-0.924364,-1.192641,1.376278,-1.491243,0.001638,0.001121,-0.833883,-1.217927,-1.231517,1.566700,0.008522,-0.001793
9.700000,0.021779,0.010518,0.016331,-0.873167,-1.175756,1.306237,-1.502202,0.000398,-0.010282,-0.846423,-1.221883,-1.177417,1.566700,0.009389,-0.005935
9.733333,0.014875,0.005443,0.012572,-0.827704,-1.166854,1.238893,-1.508472,-0.008006,-0.014496,-0.837969,-1.202281,-1.131598,1.566452,0.012891,-0.008343
9.766667,0.007838,0.008047,0.001803,-0.778413,-1.151185,1.190073,-1.495231,-0.009023,-0.015467,-0.816155,-1.173119,-1.088791,1.562891,0.005297,-0.008671
9.800000,0.005035,0.016313,0.005947,-0.768954,-1.145752,1.158902,-1.486031,-0.004074,-0.005433,-0.812243,-1.178450,-1.064368,1.560257,0.005236,-0.002476
9.833333,0.000850,0.014875,0.002431,-0.763205,-1.155239,1.118585,-1.501687,-0.002564,-0.011524,-0.798727,-1.177911,-1.050464,1.560257,0.009632,0.001031
9.866667,-0.012111,0.014875,-0.006795,-0.745304,-1.164040,1.093745,-1.490432,0.009648,-0.007349,-0.769887,-1.150195,-1.031417,1.560257,0.015768,0.008924
9.900000,-0.011431,0.024205,-0.009018,-0.737960,-1.168917,1.080052,-1.487704,0.012284,-0.012598,-0.762679,-1.154033,-1.031918,1.560505,0.019067,0.009866
9.933333,-0.011995,0.021303,-0.006977,-0.745496,-1.182180,1.055919,-1.504279,0.005747,-0.027192,-0.763970,-1.157442,-1.025837,1.559786,0.031120,0.004780
9.966667,-0.012444,0.019927,-0.024297,-0.738278,-1.177100,1.054135,-1.506785,0.015958,-0.034164,-0.780232,-1.165135,-1.026430,1.565720,0.037460,-0.003671
10.000000,-0.006306,0.025939,-0.025334,-0.740644,-1.169997,1.062240,-1.499338,0.012703,-0.030015,-0.766640,-1.159139,-1.043682,1.565720,0.040474,0.004590
10.033333,-0.001748,0.029603,-0.017723,-0.749766,-1.181203,1.057831,-1.497789,0.002298,-0.024634,-0.771979,-1.179294,-1.063552,1.562129,0.032288,-0.003030
10.066667,-0.007431,0.033113,-0.022481,-0.748747,-1.196036,1.075019,-1.479606,-0.006030,-0.017862,-0.775416,-1.173701,-1.094759,1.556618,0.027460,-0.005859
10.100000,-0.005946,0.037199,-0.017189,-0.760132,-1.219649,1.120687,-1.453910,-0.007998,-0.011190,-0.773811,-1.180493,-1.158027,1.553251,0.028546,0.006052
10.133333,-0.003910,0.033692,-0.000156,-0.779809,-1.243548,1.166355,-1.421491,-0.023311,-0.014204,-0.761804,-1.166995,-1.236236,1.529132,0.020166,0.008100
10.166667,-0.008080,0.043915,0.003608,-0.798059,-1.263736,1.229318,-1.374169,-0.026941,-0.010582,-0.765214,-1.156590,-1.314445,1.503372,0.007240,0.010335
10.200000,-0.010920,0.042672,0.008640,-0.828895,-1.277071,1.329318,-1.337960,-0.020809,-0.010232,-0.759025,-1.152187,-1.414445,1.477578,0.006131,0.022937
10.233333,0.003227,0.028490,0.013547,-0.852874,-1.284463,1.396696,-1.303234,-0.017325,-0.018126,-0.746508,-1.169445,-1.476533,1.449248,0.008099,0.023916
10.266667,0.009204,0.027047,0.007608,-0.852887,-1.284700,1.435197,-1.256719,-0.006566,-0.014943,-0.715725,-1.193889,-1.498621,1.412914,-0.008145,0.014893
10.300000,0.015716,0.025276,0.002304,-0.829471,-1.316390,1.443644,-1.202002,-0.003877,-0.017393,-0.661741,-1.210492,-1.480709,1.373051,-0.007643,0.019526
10.333333,0.017529,0.009982,0.007299,-0.809724,-1.341628,1.414382,-1.155058,0.000863,-0.015841,-0.592340,-1.256295,-1.422797,1.314830,0.002979,0.012585
10.366667,0.028727,0.007560,0.005659,-0.773446,-1.358643,1.345119,-1.086099,-0.002922,-0.012161,-0.525736,-1.291644,-1.324885,1.263284,-0.005397,-0.005978
10.400000,0.019604,0.010944,0.004104,-0.725915,-1.377067,1.268478,-1.015293,0.001812,-0.006427,-0.443909,-1.323582,-1.224885,1.196195,-0.007235,-0.004680
10.433333,0.017196,0.011900,0.010615,-0.672366,-1.388354,1.205853,-0.944487,-0.008758,-0.010394,-0.375773,-1.336119,-1.124885,1.119247,0.006157,-0.006525
10.466667,0.024177,0.015472,0.015133,-0.617577,-1.375985,1.163998,-0.874178,-0.001577,-0.001425,-0.328096,-1.357717,-1.024885,1.042299,-0.000458,-0.000235
10.500000,0.030646,0.022002,0.017759,-0.566334,-1.381349,1.119852,-0.818948,-0.004454,-0.010183,-0.287822,-1.371524,-0.924885,0.965351,-0.002273,0.003603
10.533333,0.013933,0.026412,0.007138,-0.522718,-1.385899,1.075706,-0.783222,-0.010139,-0.016502,-0.241409,-1.370786,-0.824885,0.865351,0.007136,0.017524
10.566667,0.008207,0.038248,0.004012,-0.515992,-1.382253,1.039519,-0.761004,-0.013820,-0.003770,-0.225115,-1.370786,-0.724885,0.778817,0.004511,0.028245
10.600000,0.011799,0.041099,0.004499,-0.516036,-1.388345,0.989143,-0.738787,-0.014572,0.004829,-0.218086,-1.383759,-0.624885,0.692283,0.004944,0.035705
10.633333,-0.001860,0.035915,-0.004248,-0.517367,-1.405565,0.916385,-0.738883,-0.016979,-0.005668,-0.215612,-1.393442,-0.524885,0.610871,0.012831,0.025225
10.666667,0.001898,0.035316,-0.022274,-0.506161,-1.403847,0.878054,-0.720468,-0.010102,0.001568,-0.218487,-1.393837,-0.424885,0.561403,0.016799,0.024034
10.700000,0.011046,0.035146,-0.008386,-0.507965,-1.403847,0.853297,-0.705225,-0.005863,0.004251,-0.236839,-1.407079,-0.324885,0.512070,0.022218,0.024629
10.733333,0.021435,0.024909,-0.005380,-0.477462,-1.406038,0.828043,-0.680695,-0.005033,-0.007947,-0.247860,-1.407079,-0.231396,0.454616,0.025035,0.012407
10.766667,0.015601,0.027691,-0.011546,-0.466974,-1.406038,0.830956,-0.672781,-0.005297,-0.006213,-0.256382,-1.407079,-0.158901,0.437161,0.024858,0.012278
10.800000,0.019687,0.028239,-0.004949,-0.468712,-1.406827,0.834721,-0.673438,-0.009172,-0.003716,-0.253407,-1.410000,-0.107912,0.425631,0.025094,0.013108
10.833333,0.014628,0.028675,0.007609,-0.481719,-1.407487,0.817436,-0.677473,-0.017591,-0.005817,-0.264732,-1.410000,-0.084841,0.394576,0.023407,0.014746
10.866667,0.005692,0.034010,0.004944,-0.481207,-1.407487,0.805844,-0.659627,-0.015709,0.000520,-0.260265,-1.402594,-0.081408,0.384461,0.016375,0.005737
10.900000,0.000510,0.035283,0.007159,-0.488143,-1.408942,0.819860,-0.661047,-0.014515,-0.000515,-0.257791,-1.402594,-0.087531,0.395158,0.017158,0.005077
10.933333,0.001334,0.029073,0.013099,-0.494006,-1.408942,0.799084,-0.662383,-0.010548,-0.002739,-0.258867,-1.402594,-0.087299,0.391170,0.021968,0.008332
10.966667,0.000900,0.037985,0.005661,-0.489721,-1.408942,0.783036,-0.651085,-0.011672,0.000877,-0.274190,-1.401419,-0.088885,0.404378,0.012668,0.013541
11.000000,-0.007214,0.036539,0.001629,-0.476987,-1.410000,0.782581,-0.652144,-0.008896,-0.002931,-0.266153,-1.401419,-0.078934,0.410845,0.009719,0.010978
11.033333,0.009325,0.031834,0.000251,-0.469809,-1.410000,0.770703,-0.660435,-0.016920,-0.011962,-0.275191,-1.408824,-0.067504,0.423191,0.007501,0.007644
11.066667,0.015866,0.031919,-0.007187,-0.475012,-1.404946,0.757436,-0.658508,-0.015330,-0.004115,-0.280328,-1.408824,-0.055957,0.437418,-0.011686,0.013706
11.100000,0.017096,0.032568,-0.009837,-0.465744,-1.404946,0.757628,-0.658276,-0.016336,-0.014093,-0.267298,-1.408824,-0.054692,0.431400,-0.019086,0.011026
11.133333,0.017972,0.023108,-0.005294,-0.461653,-1.397559,0.772684,-0.656750,-0.021148,-0.018148,-0.258749,-1.403075,-0.056962,0.421731,-0.010841,-0.002163
11.166667,0.029401,0.019615,-0.005038,-0.470277,-1.388607,0.776823,-0.667307,-0.026169,-0.024122,-0.263745,-1.403075,-0.056966,0.419908,-0.015788,-0.006086
11.200000,0.023979,0.017924,-0.003418,-0.476567,-1.388607,0.792366,-0.675110,-0.020369,-0.022170,-0.256833,-1.403075,-0.061332,0.417856,-0.009282,0.002087
11.233333,0.018618,0.023479,0.007043,-0.467639,-1.390895,0.816227,-0.668518,-0.019715,-0.028729,-0.251736,-1.403075,-0.067702,0.413780,0.009382,0.001476
11.266667,0.036557,0.035773,0.015689,-0.479692,-1.380830,0.840021,-0.643701,-0.014383,-0.004412,-0.243641,-1.403075,-0.071672,0.432827,0.004543,0.006058
11.300000,0.037478,0.040859,0.023437,-0.489458,-1.388217,0.844662,-0.637871,-0.010649,0.000636,-0.236487,-1.410000,-0.070174,0.432731,0.002936,0.014737
11.333333,0.029160,0.044431,0.013706,-0.481675,-1.390267,0.851418,-0.624460,0.000117,0.004487,-0.224795,-1.410000,-0.065041,0.447498,0.007983,0.022211
11.366667,0.025036,0.055181,0.014283,-0.491989,-1.390267,0.874945,-0.611036,-0.007843,0.013682,-0.224929,-1.410000,-0.073440,0.475542,0.007372,0.028954
11.400000,0.027677,0.048019,0.013961,-0.499391,-1.393033,0.865620,-0.622963,-0.012034,0.010978,-0.221968,-1.410000,-0.078221,0.477571,0.007066,0.028512
11.433333,0.011733,0.040802,0.000514,-0.493346,-1.403098,0.868131,-0.663052,-0.017095,-0.002673,-0.242469,-1.400508,-0.080024,0.477819,0.017539,0.026411
11.466667,0.008569,0.042819,-0.010247,-0.498009,-1.403098,0.877894,-0.690882,-0.014461,-0.007054,-0.234170,-1.394674,-0.089705,0.485204,0.012457,0.036780
11.500000,0.006685,0.041241,0.001738,-0.508466,-1.410000,0.881191,-0.698726,-0.019607,-0.001535,-0.239007,-1.394674,-0.094589,0.481614,0.011087,0.033441
11.533333,0.009948,0.035395,-0.001863,-0.484457,-1.410000,0.868617,-0.718395,-0.011455,-0.005470,-0.235223,-1.394674,-0.093124,0.451543,0.009568,0.029555
11.566667,0.006358,0.033019,-0.004388,-0.487616,-1.410000,0.877649,-0.728562,-0.004335,0.004465,-0.238543,-1.394674,-0.100955,0.461473,-0.000657,0.033963
11.600000,0.004112,0.026121,-0.000543,-0.488937,-1.410000,0.872458,-0.724625,-0.004392,-0.004118,-0.229925,-1.404166,-0.099163,0.455309,-0.004971,0.028267
11.633333,0.007298,0.022475,0.006842,-0.491048,-1.393754,0.871616,-0.711779,-0.008236,-0.002004,-0.248835,-1.396420,-0.104832,0.455555,0.001454,0.013602
11.666667,0.009222,0.026822,0.001255,-0.493426,-1.379862,0.897071,-0.714009,-0.004257,0.001198,-0.266723,-1.396420,-0.123048,0.463742,-0.001218,0.007067
11.700000,0.007418,0.024344,0.003183,-0.509707,-1.379862,0.905248,-0.716507,-0.004564,-0.004073,-0.266838,-1.396420,-0.114155,0.469975,0.000987,0.003276
11.733333,0.017159,0.024252,-0.004346,-0.500614,-1.379862,0.913795,-0.693047,-0.007922,-0.011280,-0.280248,-1.396420,-0.109924,0.476209,0.007897,-0.005516
11.766667,0.020535,0.027998,-0.012831,-0.499305,-1.379862,0.907012,-0.691162,-0.009277,-0.012067,-0.279296,-1.396420,-0.103790,0.472123,0.007919,-0.002262
11.800000,0.016451,0.030176,-0.014787,-0.495489,-1.396108,0.905068,-0.691994,-0.009428,-0.013262,-0.268291,-1.410000,-0.083409,0.467494,0.006528,-0.000480
11.833333,0.012886,0.025535,-0.008119,-0.497672,-1.396960,0.878662,-0.697342,-0.010663,-0.019007,-0.256766,-1.405002,-0.059367,0.456454,0.003528,0.011392
11.866667,0.014268,0.031132,-0.004597,-0.518318,-1.393500,0.854148,-0.690294,-0.011253,-0.008727,-0.258478,-1.405002,-0.052468,0.473848,-0.001291,0.015358
11.900000,0.004789,0.033603,0.003868,-0.527772,-1.393500,0.833289,-0.704291,-0.015853,-0.010061,-0.240819,-1.404845,-0.044762,0.451243,0.001063,0.017332
11.933333,0.000351,0.030375,0.013309,-0.529022,-1.393500,0.832429,-0.702654,-0.016184,-0.007886,-0.243161,-1.404687,-0.049043,0.447922,0.002387,0.014101
11.966667,0.007112,0.024739,0.017419,-0.506155,-1.373500,0.805505,-0.719466,-0.005244,-0.009950,-0.253888,-1.386665,-0.032231,0.466150,0.005137,0.012773
12.000000,0.015895,0.022496,0.019011,-0.459725,-1.346540,0.763043,-0.752101,-0.005900,-0.002715,-0.267063,-1.379550,-0.010614,0.505435,0.000159,0.010985
12.033333,0.014844,0.013385,0.015305,-0.376852,-1.290000,0.715819,-0.814121,-0.008224,-0.012442,-0.274847,-1.375774,0.021802,0.544720,0.000519,0.009150
12.066667,0.011021,0.013513,0.009403,-0.295238,-1.210000,0.635819,-0.894121,-0.010934,-0.008980,-0.289647,-1.354494,0.043574,0.624005,-0.000364,0.007564
12.100000,0.013373,0.012449,0.004260,-0.214052,-1.110000,0.535819,-0.994121,-0.018094,-0.010154,-0.297267,-1.348608,0.058029,0.724005,-0.005645,0.010952
12.133333,0.006972,0.014442,-0.000177,-0.154054,-1.010000,0.435819,-1.094121,-0.030274,-0.008194,-0.294928,-1.362480,0.069747,0.824005,-0.012614,0.014067
12.166667,-0.013536,0.016529,-0.020230,-0.102703,-0.910000,0.335819,-1.182870,-0.029119,-0.023179,-0.291738,-1.353508,0.052640,0.924005,-0.005294,0.007727
12.200000,-0.013139,0.020750,-0.026125,-0.091352,-0.810000,0.235819,-1.261742,-0.025016,-0.024097,-0.293829,-1.356201,0.004470,0.984005,0.002352,0.018905
12.233333,-0.009037,0.017900,-0.021280,-0.090548,-0.716570,0.135819,-1.328802,-0.022825,-0.027941,-0.296058,-1.377638,-0.009044,1.012936,-0.002641,0.022005
12.266667,-0.013202,0.018435,-0.028428,-0.072188,-0.644691,0.035819,-1.377015,-0.016526,-0.038825,-0.293986,-1.365951,-0.000858,1.001866,-0.012044,0.027592
12.300000,-0.013891,0.027841,-0.031722,-0.072641,-0.584127,-0.056797,-1.403955,-0.013439,-0.030659,-0.304568,-1.370102,-0.028542,0.990796,-0.010566,0.040210
12.333333,0.001638,0.026684,-0.015438,-0.089455,-0.548983,-0.134658,-1.417717,-0.018804,-0.023604,-0.308266,-1.390963,-0.035911,0.947268,-0.012563,0.043296
12.366667,0.008912,0.022712,-0.011851,-0.085936,-0.513839,-0.196579,-1.401356,-0.013337,-0.010187,-0.318527,-1.381714,-0.027431,0.933518,-0.030074,0.034215
12.400000,0.012510,0.034493,-0.013008,-0.089650,-0.512126,-0.229432,-1.375419,-0.017567,-0.008034,-0.306385,-1.355163,-0.041772,0.950837,-0.035943,0.046144
12.433333,0.016699,0.030288,-0.002445,-0.115352,-0.522349,-0.245146,-1.345451,-0.016670,0.003907,-0.317562,-1.366342,-0.050496,1.008157,-0.025640,0.036226
12.466667,0.022789,0.023115,0.001069,-0.118673,-0.536567,-0.241020,-1.316990,-0.017651,-0.003708,-0.334062,-1.364280,-0.041555,1.065477,-0.022353,0.026473
12.500000,0.025627,0.021834,-0.001175,-0.127366,-0.559776,-0.232331,-1.294146,-0.017717,0.000136,-0.337484,-1.344641,-0.041507,1.140787,-0.019025,0.038477
12.533333,0.019900,0.021970,0.002325,-0.133684,-0.600266,-0.218061,-1.281397,-0.028388,-0.009670,-0.334177,-1.352231,-0.018908,1.216477,-0.011515,0.037331
12.566667,0.025816,0.014151,0.007333,-0.143420,-0.624001,-0.219431,-1.271958,-0.017580,-0.004609,-0.348753,-1.378782,0.013564,1.289625,-0.007680,0.027636
12.600000,0.027975,0.017981,0.013001,-0.150234,-0.632720,-0.214062,-1.260207,-0.013051,0.005494,-0.362398,-1.385333,0.020539,1.347383,-0.011772,0.030937
12.633333,0.023575,0.013755,0.012334,-0.156562,-0.640031,-0.214925,-1.253593,-0.016137,0.004593,-0.342061,-1.378496,0.032054,1.366008,-0.015783,0.030115
12.666667,0.023989,0.014717,0.015394,-0.146834,-0.634714,-0.195107,-1.225791,-0.015191,0.006421,-0.355799,-1.392990,0.043815,1.397804,-0.021601,0.012466
12.700000,0.032362,0.012239,0.012163,-0.139946,-0.626245,-0.193543,-1.225123,-0.017049,-0.004901,-0.374615,-1.395734,0.041041,1.417213,-0.020693,0.008523
12.733333,0.025281,0.007754,0.008683,-0.135230,-0.627568,-0.182841,-1.224636,-0.022813,-0.009872,-0.375435,-1.389484,0.034636,1.407932,-0.016472,0.008646
12.766667,0.019776,0.008604,-0.001565,-0.116969,-0.621418,-0.168925,-1.211255,-0.021862,-0.012466,-0.361023,-1.370089,0.037697,1.394439,-0.022955,0.009644
12.800000,0.017485,0.015863,0.001939,-0.121575,-0.617044,-0.162199,-1.207764,-0.016455,-0.000781,-0.360138,-1.378565,0.043036,1.394702,-0.022841,0.015835
12.833333,0.010011,0.013429,-0.002479,-0.122484,-0.619373,-0.178337,-1.231768,-0.013970,-0.006114,-0.349175,-1.383850,0.053455,1.387861,-0.017647,0.019778
12.866667,-0.004101,0.013429,-0.011152,-0.112445,-0.627841,-0.177425,-1.231744,-0.001122,-0.001529,-0.325080,-1.363767,0.058863,1.386971,-0.010895,0.028894
12.900000,-0.002947,0.021938,-0.012311,-0.107124,-0.623201,-0.181780,-1.242818,-0.000535,-0.007349,-0.319120,-1.369934,0.061081,1.402267,-0.007078,0.030570
12.933333,-0.005349,0.019318,-0.009796,-0.117449,-0.624709,-0.199355,-1.277943,-0.007290,-0.020367,-0.321578,-1.378222,0.072822,1.401376,0.003554,0.024683
12.966667,-0.005123,0.018728,-0.027039,-0.115007,-0.610539,-0.190730,-1.303493,0.002382,-0.026987,-0.340803,-1.378645,0.079480,1.424311,0.012577,0.016952
13.000000,0.002900,0.024104,-0.027650,-0.120148,-0.589938,-0.186625,-1.324113,-0.001303,-0.022539,-0.330105,-1.371872,0.071334,1.433821,0.016011,0.024749
13.033333,0.007205,0.027686,-0.020131,-0.126118,-0.580461,-0.202836,-1.348403,-0.010654,-0.014863,-0.336383,-1.391955,0.084334,1.429810,0.006650,0.018016
13.066667,0.000165,0.030835,-0.026270,-0.119045,-0.573793,-0.218463,-1.366494,-0.019253,-0.006455,-0.342069,-1.389004,0.100419,1.432147,0.000832,0.014421
13.100000,0.002043,0.035146,-0.021675,-0.125327,-0.583155,-0.207965,-1.375673,-0.022276,0.000361,-0.349198,-1.392420,0.083529,1.452603,0.002101,0.026138
13.133333,0.001638,0.030514,-0.004749,-0.127398,-0.592517,-0.231210,-1.382896,-0.038823,-0.001424,-0.338864,-1.383021,0.086145,1.442721,-0.008816,0.027219
13.166667,-0.002780,0.040258,-0.001001,-0.129821,-0.598066,-0.227071,-1.369656,-0.042385,0.000231,-0.348352,-1.366632,0.090916,1.432892,-0.021019,0.027235
13.200000,-0.005944,0.039427,0.003186,-0.139255,-0.588603,-0.212184,-1.374070,-0.035973,-0.002015,-0.346769,-1.356509,0.072960,1.430243,-0.021869,0.036162
13.233333,0.006290,0.026280,0.008467,-0.151257,-0.587847,-0.200439,-1.362811,-0.033640,-0.011596,-0.350917,-1.359544,0.059617,1.415814,-0.017043,0.035876
13.266667,0.014775,0.024045,0.002006,-0.139243,-0.568566,-0.213099,-1.334498,-0.024772,-0.009394,-0.346210,-1.367234,0.071423,1.394709,-0.033135,0.027319
13.300000,0.021105,0.024158,-0.002546,-0.135328,-0.589285,-0.192017,-1.282453,-0.021451,-0.013861,-0.351279,-1.372962,0.044323,1.365496,-0.033875,0.031598
13.333333,0.023153,0.010481,0.004160,-0.152850,-0.631764,-0.183246,-1.228308,-0.015941,-0.011500,-0.356602,-1.396205,0.011711,1.318055,-0.023834,0.024452
13.366667,0.035830,0.007729,0.005060,-0.179808,-0.697861,-0.176867,-1.139637,-0.020371,-0.008025,-0.380351,-1.406328,-0.030802,1.253231,-0.031102,0.005871
13.400000,0.028381,0.010851,0.006099,-0.209415,-0.772515,-0.151880,-1.039637,-0.012696,-0.000950,-0.380918,-1.406328,-0.085031,1.168886,-0.034645,0.005387
13.433333,0.023949,0.011844,0.015238,-0.237791,-0.864856,-0.102487,-0.939637,-0.020278,-0.004718,-0.384119,-1.401286,-0.154137,1.068886,-0.020118,0.002334
13.466667,0.032474,0.014720,0.021497,-0.245629,-0.936749,-0.054208,-0.839637,-0.011328,0.004494,-0.377973,-1.395368,-0.197960,0.968886,-0.023866,0.006709
13.500000,0.037943,0.020631,0.025630,-0.243043,-1.008641,-0.033618,-0.739637,-0.014880,-0.006837,-0.358599,-1.378820,-0.201906,0.868886,-0.023678,0.009644
13.533333,0.019516,0.025547,0.015016,-0.231860,-1.080533,-0.005929,-0.639637,-0.019954,-0.013820,-0.318679,-1.342272,-0.181594,0.768886,-0.014002,0.022511
13.566667,0.012189,0.037259,0.011025,-0.239157,-1.135541,0.028411,-0.579636,-0.023201,-0.003710,-0.295538,-1.308200,-0.141647,0.708886,-0.014939,0.032315
13.600000,0.014724,0.040915,0.011088,-0.246191,-1.183201,0.062751,-0.557759,-0.021590,0.003824,-0.265685,-1.269068,-0.096151,0.688886,-0.013245,0.038913
13.633333,0.000077,0.035889,0.001068,-0.266201,-1.220769,0.098205,-0.575882,-0.024546,-0.008407,-0.237464,-1.214484,-0.036334,0.708886,-0.004110,0.028774
13.666667,0.002244,0.034001,-0.019916,-0.296634,-1.218337,0.173658,-0.634005,-0.014867,-0.001693,-0.216249,-1.153899,0.004821,0.768886,-0.002709,0.026978
13.700000,0.009815,0.030969,-0.007806,-0.349204,-1.202586,0.273658,-0.732128,-0.010750,-0.001352,-0.213269,-1.095123,0.041341,0.868886,0.003393,0.027029
13.733333,0.017078,0.017119,-0.005319,-0.401774,-1.185874,0.373658,-0.830251,-0.010626,-0.015025,-0.215302,-1.028235,0.074435,0.968886,0.004955,0.013199
13.766667,0.009374,0.016421,-0.012238,-0.485333,-1.184168,0.473658,-0.930251,-0.010782,-0.014871,-0.227682,-0.956178,0.108617,1.068886,0.004577,0.011208
13.800000,0.011298,0.016421,-0.005695,-0.585333,-1.200874,0.573658,-1.030251,-0.013902,-0.012655,-0.243063,-0.884120,0.118539,1.168886,0.006296,0.010683
13.833333,0.005416,0.015226,0.007366,-0.685333,-1.234971,0.673658,-1.130251,-0.024813,-0.014479,-0.279207,-0.805022,0.117610,1.261809,0.008037,0.012241
13.866667,-0.004796,0.019636,0.005247,-0.785333,-1.263373,0.773658,-1.200410,-0.021811,-0.007060,-0.306388,-0.724115,0.104899,1.334349,0.001470,0.003629
13.900000,-0.009833,0.022045,0.008049,-0.852387,-1.302325,0.873658,-1.259718,-0.018981,-0.006599,-0.340587,-0.628842,0.086618,1.392110,0.005352,0.003490
13.933333,-0.009506,0.016451,0.014308,-0.879442,-1.318789,0.973658,-1.279027,-0.016268,-0.009799,-0.389524,-0.528842,0.065775,1.437454,0.012496,0.006355
13.966667,-0.010214,0.024140,0.006525,-0.866496,-1.340120,1.033658,-1.258335,-0.019300,-0.009278,-0.453241,-0.428842,0.037116,1.477677,0.004733,0.013331
14.000000,-0.017223,0.024919,0.003320,-0.813550,-1.364059,1.053658,-1.197643,-0.018073,-0.016696,-0.485403,-0.328842,0.007703,1.498851,0.003727,0.011556
14.033333,0.002536,0.023805,0.002924,-0.720605,-1.387013,1.033658,-1.126792,-0.028405,-0.029842,-0.525597,-0.228842,-0.036922,1.526534,0.002956,0.009240
14.066667,0.010360,0.028216,-0.004295,-0.620605,-1.397263,0.973658,-1.026792,-0.029780,-0.024860,-0.551792,-0.150032,-0.104919,1.548996,-0.016382,0.019014
14.100000,0.013860,0.033309,-0.006579,-0.520605,-1.410000,0.873658,-0.926792,-0.031741,-0.034160,-0.540309,-0.075475,-0.187781,1.555521,-0.025702,0.019513
14.133333,0.015991,0.025620,-0.001499,-0.420605,-1.410000,0.773658,-0.826792,-0.035921,-0.037049,-0.493006,-0.013155,-0.278170,1.543508,-0.019670,0.007109
14.166667,0.025012,0.024710,-0.001943,-0.353646,-1.410000,0.673658,-0.726792,-0.043163,-0.042593,-0.442642,0.042529,-0.378170,1.539008,-0.026784,0.004462
14.200000,0.017937,0.023222,-0.001408,-0.304968,-1.410000,0.573658,-0.626792,-0.037468,-0.039189,-0.363962,0.084554,-0.478170,1.536513,-0.022953,0.014090
14.233333,0.010753,0.028161,0.008438,-0.268557,-1.410000,0.473658,-0.526792,-0.036758,-0.045441,-0.265106,0.126440,-0.578170,1.530499,-0.006926,0.011925
14.266667,0.026584,0.039018,0.015042,-0.267740,-1.405587,0.373658,-0.426792,-0.033056,-0.024145,-0.166250,0.146400,-0.678170,1.538852,-0.014457,0.017433
14.300000,0.024646,0.044132,0.021561,-0.281506,-1.405587,0.273658,-0.326792,-0.031238,-0.019027,-0.066250,0.178595,-0.778170,1.539009,-0.018356,0.026425
14.333333,0.017611,0.046054,0.011195,-0.274641,-1.405587,0.184000,-0.240007,-0.020344,-0.013817,0.033750,0.202360,-0.871175,1.549635,-0.014289,0.034029
14.366667,0.011027,0.055026,0.012204,-0.289494,-1.405587,0.132910,-0.169974,-0.029967,-0.002484,0.104315,0.199783,-0.931636,1.552130,-0.015090,0.042082
14.400000,0.014297,0.047055,0.011347,-0.302421,-1.405587,0.086586,-0.128465,-0.033666,-0.004877,0.154271,0.196583,-0.954276,1.546271,-0.016139,0.041725
14.433333,-0.001316,0.039565,-0.000493,-0.297959,-1.410000,0.070785,-0.123151,-0.037965,-0.017430,0.164227,0.179564,-0.936916,1.526717,-0.005305,0.038256
14.466667,-0.002433,0.041088,-0.009862,-0.301500,-1.410000,0.066626,-0.153474,-0.035437,-0.020881,0.150838,0.131533,-0.879556,1.515512,-0.011184,0.048290
14.500000,-0.003714,0.039566,0.002528,-0.308228,-1.410000,0.065991,-0.186927,-0.039175,-0.015806,0.097449,0.058570,-0.789190,1.475084,-0.012017,0.045905
14.533333,0.000138,0.034484,-0.001819,-0.278420,-1.410000,0.048594,-0.232966,-0.030973,-0.018825,0.045849,-0.014393,-0.691369,1.414657,-0.012698,0.039863
14.566667,-0.000911,0.031874,-0.003277,-0.271829,-1.410000,0.050650,-0.280069,-0.024001,-0.006030,-0.023052,-0.105404,-0.591369,1.346101,-0.020257,0.044883
14.600000,-0.001481,0.024875,0.001388,-0.263383,-1.410000,0.035963,-0.306471,-0.023898,-0.010889,-0.081491,-0.196416,-0.491369,1.265228,-0.021151,0.038929
14.633333,0.002597,0.021284,0.009505,-0.258370,-1.393062,0.032762,-0.320484,-0.026682,-0.005960,-0.149337,-0.296416,-0.391369,1.167862,-0.012192,0.024847
14.666667,0.004922,0.025424,0.005306,-0.252468,-1.378290,0.055695,-0.348820,-0.021478,0.001100,-0.206325,-0.396416,-0.291369,1.067862,-0.014423,0.018008
14.700000,0.004679,0.023428,0.007747,-0.260637,-1.378290,0.065731,-0.379640,-0.020888,-0.002399,-0.242099,-0.496416,-0.203807,0.967862,-0.012398,0.015060
14.733333,0.012765,0.023463,-0.000701,-0.247295,-1.378290,0.082144,-0.385312,-0.023936,-0.007660,-0.279962,-0.596416,-0.142763,0.867862,-0.006215,0.006694
14.766667,0.015230,0.027573,-0.009768,-0.242667,-1.378290,0.090892,-0.415489,-0.026200,-0.008136,-0.288289,-0.696416,-0.094248,0.767862,-0.008114,0.010201
14.800000,0.012529,0.031452,-0.012953,-0.238795,-1.395228,0.115330,-0.450831,-0.025285,-0.009084,-0.282759,-0.796416,-0.072589,0.667862,-0.012389,0.011473
14.833333,0.010843,0.026951,-0.007786,-0.246033,-1.396479,0.118355,-0.477405,-0.026751,-0.013545,-0.272351,-0.896416,-0.067586,0.567862,-0.015604,0.022200
14.866667,0.013161,0.032488,-0.004308,-0.273966,-1.393415,0.122977,-0.485657,-0.026064,-0.003934,-0.269289,-0.996416,-0.069448,0.507862,-0.019519,0.025636
14.900000,0.006851,0.035825,0.004254,-0.290426,-1.393415,0.136969,-0.513926,-0.030501,-0.005606,-0.245396,-1.096416,-0.078584,0.455738,-0.017759,0.026437
14.933333,0.004670,0.033294,0.013350,-0.301820,-1.393415,0.164845,-0.522195,-0.029850,-0.002790,-0.241504,-1.177473,-0.095192,0.423613,-0.016663,0.023023
14.966667,0.010338,0.026369,0.018073,-0.326440,-1.373415,0.193903,-0.542053,-0.011747,-0.002653,-0.258714,-1.218529,-0.124943,0.431489,-0.004806,0.017031
15.000000,0.018110,0.022514,0.021539,-0.365241,-1.346936,0.244375,-0.580009,-0.002811,0.005907,-0.291661,-1.231550,-0.178039,0.479365,-0.002368,0.009190
15.033333,0.015032,0.012102,0.019128,-0.405812,-1.306623,0.324341,-0.644466,0.003091,-0.001256,-0.350831,-1.231212,-0.251832,0.527241,0.004387,-0.000411
15.066667,0.007362,0.010391,0.013690,-0.485812,-1.262582,0.404341,-0.724466,0.009684,0.002376,-0.430831,-1.196585,-0.331832,0.607241,0.011175,-0.007527
15.100000,0.008126,0.007344,0.009890,-0.585812,-1.207265,0.504341,-0.824466,0.010118,0.002572,-0.524859,-1.167647,-0.431832,0.707241,0.012153,-0.010219
15.133333,0.001691,0.007661,0.005707,-0.685812,-1.184223,0.604341,-0.924466,0.000195,0.002455,-0.597447,-1.159749,-0.531832,0.807241,0.004789,-0.009307
15.166667,-0.017424,0.010540,-0.014278,-0.770272,-1.176997,0.704341,-1.024466,-0.000756,-0.012973,-0.639886,-1.140312,-0.631832,0.907241,0.009276,-0.014555
15.200000,-0.014865,0.014033,-0.021622,-0.854566,-1.162294,0.804341,-1.115567,0.001521,-0.015489,-0.643886,-1.134234,-0.731832,1.007241,0.015502,-0.003031
15.233333,-0.008287,0.010427,-0.016540,-0.909010,-1.165101,0.904341,-1.192919,0.003498,-0.020494,-0.633658,-1.141093,-0.831832,1.087924,0.012297,-0.001407
15.266667,-0.014618,0.011190,-0.024743,-0.924464,-1.187517,1.004341,-1.247182,0.012183,-0.031511,-0.591385,-1.121208,-0.931832,1.138578,0.003522,0.004020
15.300000,-0.016606,0.020632,-0.027613,-0.939918,-1.186542,1.104342,-1.282101,0.013633,-0.024239,-0.558205,-1.120282,-1.031832,1.189231,0.006610,0.016297
15.333333,-0.004123,0.019051,-0.012695,-0.951106,-1.187929,1.204342,-1.297962,0.008092,-0.017716,-0.534949,-1.136515,-1.109337,1.202776,0.006087,0.017618
15.366667,0.001846,0.017361,-0.008158,-0.938532,-1.180171,1.304342,-1.282723,0.015478,-0.005392,-0.529962,-1.124842,-1.168428,1.188567,-0.007819,0.006986
15.400000,0.002491,0.029520,-0.010314,-0.936341,-1.175566,1.404342,-1.278773,0.007690,-0.002097,-0.505495,-1.095053,-1.226151,1.177678,-0.017282,0.018535
15.433333,0.008727,0.026786,0.000375,-0.953963,-1.160868,1.496984,-1.279516,0.005772,0.009850,-0.510899,-1.105265,-1.243875,1.190135,-0.005831,0.010088
15.466667,0.016471,0.020477,0.003494,-0.948999,-1.149931,1.568480,-1.284745,0.003126,0.004277,-0.527285,-1.098191,-1.245526,1.181198,-0.003220,-0.001226
15.500000,0.019099,0.019048,0.002324,-0.956675,-1.153428,1.624483,-1.295180,0.003384,0.008249,-0.528123,-1.075661,-1.262552,1.186894,-0.000997,0.012762
15.533333,0.015359,0.019512,0.005521,-0.958533,-1.171644,1.655806,-1.318251,-0.007663,0.000421,-0.523248,-1.080616,-1.257993,1.207290,0.002125,0.014411
15.566667,0.021883,0.013621,0.010885,-0.965505,-1.174219,1.662273,-1.326782,0.006997,0.007010,-0.536260,-1.117522,-1.233495,1.238653,0.008056,0.006293
15.600000,0.024581,0.015650,0.017305,-0.968027,-1.177037,1.661209,-1.327390,0.012705,0.015815,-0.546585,-1.133618,-1.239203,1.253891,0.001851,0.009441
15.633333,0.020827,0.012198,0.016129,-0.966304,-1.175329,1.647702,-1.333143,0.009528,0.016800,-0.520949,-1.126999,-1.229739,1.250704,-0.004354,0.012786
15.666667,0.019664,0.013912,0.019204,-0.940199,-1.154809,1.648391,-1.314379,0.009800,0.020090,-0.531083,-1.141316,-1.206593,1.265825,-0.007357,-0.005954
15.700000,0.025542,0.010932,0.016935,-0.926297,-1.135870,1.641548,-1.317812,0.007294,0.008318,-0.543186,-1.145286,-1.208604,1.269682,-0.003836,-0.009388
15.733333,0.020444,0.005984,0.014467,-0.906968,-1.122872,1.626511,-1.322505,-0.000941,0.003273,-0.535765,-1.123227,-1.200746,1.248861,-0.000309,-0.010546
15.766667,0.015114,0.009003,0.003628,-0.872032,-1.099196,1.602938,-1.315459,-0.001416,0.002801,-0.514861,-1.086407,-1.173287,1.232373,-0.006116,-0.010900
15.800000,0.012206,0.017638,0.007448,-0.863158,-1.086699,1.586497,-1.310264,0.004667,0.012891,-0.505533,-1.081944,-1.150768,1.231984,-0.003714,-0.005147
15.833333,0.007422,0.015733,0.003033,-0.854018,-1.092718,1.538668,-1.331921,0.005465,0.004931,-0.486311,-1.074338,-1.125510,1.227323,0.001514,0.000818
15.866667,-0.003855,0.015733,-0.007495,-0.825903,-1.100989,1.487432,-1.333594,0.017324,0.007395,-0.457880,-1.037502,-1.077776,1.239136,0.007975,0.011037
15.900000,-0.003045,0.023763,-0.009199,-0.813849,-1.114661,1.429246,-1.348109,0.017857,0.000814,-0.460400,-1.023725,-1.021217,1.280656,0.012481,0.013665
15.933333,-0.005807,0.019995,-0.005919,-0.815071,-1.149523,1.354484,-1.388705,0.011131,-0.015577,-0.469942,-1.005518,-0.954053,1.339423,0.023980,0.008436
15.966667,-0.006087,0.017469,-0.022915,-0.784202,-1.169082,1.266180,-1.425579,0.018447,-0.024785,-0.486029,-0.994954,-0.873193,1.413834,0.031900,-0.001699
16.000000,0.002276,0.021817,-0.023439,-0.745148,-1.196327,1.170561,-1.459977,0.017884,-0.020605,-0.472010,-0.990518,-0.775876,1.476685,0.032723,0.004128
16.033333,0.006102,0.024953,-0.015000,-0.702612,-1.245020,1.070561,-1.493065,0.007243,-0.014218,-0.462465,-1.019221,-0.675876,1.520354,0.023017,-0.005635
16.066667,-0.000446,0.027795,-0.020113,-0.623794,-1.272873,0.970561,-1.513968,-0.002211,-0.007627,-0.422991,-1.040124,-0.575876,1.545428,0.017126,-0.008810
16.100000,0.001132,0.031138,-0.015346,-0.530936,-1.290309,0.870561,-1.522695,-0.007243,-0.000554,-0.380876,-1.079046,-0.475876,1.552158,0.018478,0.000813
16.133333,0.001006,0.026912,0.001641,-0.433922,-1.303746,0.770561,-1.519619,-0.021314,-0.001211,-0.326440,-1.094647,-0.375876,1.526964,0.006569,0.004046
16.166667,-0.003548,0.036739,0.004484,-0.348012,-1.277184,0.670561,-1.492094,-0.026957,-0.001104,-0.291722,-1.090470,-0.275876,1.499720,-0.006212,0.006064
16.200000,-0.008778,0.036000,0.008372,-0.274408,-1.227894,0.570561,-1.488333,-0.020781,-0.002578,-0.253742,-1.079573,-0.175876,1.478292,-0.007907,0.018852
16.233333,0.002010,0.023593,0.013554,-0.223775,-1.183209,0.470561,-1.478367,-0.016254,-0.010572,-0.235483,-1.081613,-0.075876,1.455557,-0.005842,0.018630
16.266667,0.009192,0.020920,0.006436,-0.178279,-1.134481,0.370561,-1.452554,-0.004439,-0.007225,-0.213896,-1.083853,0.024124,1.446627,-0.024993,0.014892
16.300000,0.015963,0.019402,0.000693,-0.157471,-1.109681,0.270561,-1.443845,-0.003152,-0.012090,-0.205143,-1.069414,0.097401,1.445971,-0.026482,0.018228
16.333333,0.016330,0.005227,0.006608,-0.155495,-1.102154,0.170561,-1.447813,0.002667,-0.008987,-0.193741,-1.088705,0.160407,1.456113,-0.018569,0.010945
16.366667,0.028558,0.002831,0.006104,-0.163813,-1.095509,0.070561,-1.431270,-0.000816,-0.004869,-0.209281,-1.087724,0.202969,1.484568,-0.027169,-0.007801
16.400000,0.021345,0.004289,0.003781,-0.159460,-1.097153,-0.029439,-1.423190,0.005230,-0.000219,-0.201116,-1.082810,0.226464,1.492924,-0.031739,-0.007014
16.433333,0.017373,0.005514,0.011351,-0.157850,-1.094026,-0.101288,-1.415110,-0.004851,-0.004681,-0.198152,-1.060250,0.216220,1.471507,-0.017595,-0.012381
16.466667,0.024162,0.008892,0.015951,-0.143499,-1.075694,-0.133137,-1.383888,0.003445,0.003773,-0.192666,-1.054831,0.209258,1.452634,-0.021509,-0.003306
16.500000,0.029511,0.014482,0.018005,-0.127853,-1.078090,-0.164987,-1.371166,-0.000082,-0.006364,-0.181304,-1.037908,0.204355,1.427161,-0.019586,0.000528
16.533333,0.013427,0.016920,0.007460,-0.108057,-1.096692,-0.196836,-1.374822,-0.005104,-0.012452,-0.145821,-1.021521,0.203671,1.391968,-0.010788,0.015379
16.566667,0.005588,0.027657,0.004066,-0.117960,-1.087537,-0.211443,-1.383841,-0.008480,0.000149,-0.136303,-1.014412,0.204972,1.396776,-0.008654,0.028194
16.600000,0.008923,0.030990,0.004336,-0.133127,-1.099445,-0.227977,-1.392859,-0.007962,0.008981,-0.128875,-1.033293,0.204737,1.405693,-0.004542,0.038245
16.633333,-0.005438,0.027246,-0.004071,-0.145000,-1.126720,-0.265871,-1.412903,-0.010113,-0.001910,-0.126192,-1.039564,0.214794,1.411927,0.004043,0.027519
16.666667,-0.003069,0.026778,-0.021388,-0.145178,-1.137334,-0.268466,-1.407546,-0.001023,0.003902,-0.124113,-1.052037,0.201511,1.436015,0.005381,0.026703
16.700000,0.003311,0.026771,-0.007475,-0.154773,-1.142328,-0.262673,-1.403977,0.001936,0.003504,-0.138843,-1.069456,0.188265,1.440701,0.011909,0.025672
16.733333,0.015038,0.016408,-0.003284,-0.135495,-1.165075,-0.263460,-1.387280,0.002174,-0.008814,-0.146093,-1.075448,0.179677,1.414589,0.011255,0.010059
16.766667,0.009919,0.018436,-0.009131,-0.134367,-1.196714,-0.250472,-1.381917,0.002935,-0.010534,-0.153273,-1.067869,0.184771,1.419909,0.008544,0.007951
16.800000,0.012908,0.018436,-0.001965,-0.142463,-1.224949,-0.245915,-1.394953,-0.000422,-0.009611,-0.149918,-1.073889,0.180416,1.430228,0.007123,0.008970
16.833333,0.010629,0.018319,0.009816,-0.170655,-1.246294,-0.248407,-1.419867,-0.011048,-0.010229,-0.163389,-1.069984,0.179646,1.409184,0.008880,0.011241
16.866667,0.002966,0.023367,0.006193,-0.204846,-1.261084,-0.219285,-1.426836,-0.009268,-0.000823,-0.162708,-1.064656,0.173821,1.402563,0.002405,0.002376
16.900000,-0.001312,0.025393,0.007872,-0.267910,-1.286442,-0.160825,-1.454397,-0.007490,-0.003690,-0.171083,-1.068511,0.163274,1.409956,0.002457,0.003673
16.933333,0.000643,0.019541,0.012670,-0.339680,-1.272698,-0.102366,-1.491079,-0.004946,-0.002821,-0.181547,-1.086741,0.151491,1.395506,0.006205,0.005589
16.966667,0.001041,0.026784,0.003222,-0.430588,-1.238265,-0.014113,-1.512533,-0.006475,0.002923,-0.211065,-1.089197,0.126201,1.384570,0.000386,0.009139
17.000000,-0.006683,0.025506,-0.001677,-0.524454,-1.189385,0.085887,-1.534774,-0.003694,0.000463,-0.218810,-1.087745,0.094673,1.364997,-0.003826,0.007164
17.033333,0.010428,0.021325,-0.004879,-0.624454,-1.118317,0.185887,-1.557007,-0.010243,-0.008124,-0.247516,-1.076087,0.044386,1.327943,-0.006200,0.007716
17.066667,0.016945,0.022650,-0.013761,-0.724454,-1.018927,0.285887,-1.561380,-0.006388,0.004170,-0.286987,-1.026674,-0.028753,1.280354,-0.024267,0.016706
17.100000,0.017793,0.025105,-0.017430,-0.824454,-0.918927,0.385887,-1.559499,-0.002997,-0.003824,-0.312863,-0.949894,-0.119063,1.214608,-0.029604,0.019063
17.133333,0.020438,0.017863,-0.012715,-0.884454,-0.818927,0.485887,-1.548764,-0.004008,-0.006259,-0.327034,-0.870757,-0.202363,1.132214,-0.024740,0.008621
17.166667,0.031347,0.017348,-0.013078,-0.910327,-0.718927,0.564064,-1.548764,-0.006641,-0.013970,-0.334776,-0.770757,-0.251458,1.049819,-0.029954,0.006051
17.200000,0.026350,0.017538,-0.010231,-0.910424,-0.618927,0.612002,-1.551758,0.001723,-0.013579,-0.322299,-0.670757,-0.260553,0.962501,-0.023569,0.012507
17.233333,0.020409,0.024639,0.000217,-0.870522,-0.518927,0.655546,-1.541044,0.003657,-0.023390,-0.287223,-0.570757,-0.236157,0.862501,-0.003378,0.011804
17.266667,0.036536,0.036207,0.009357,-0.811809,-0.435371,0.659090,-1.517133,0.007807,-0.002373,-0.241076,-0.470757,-0.192553,0.762501,-0.006661,0.013632
17.300000,0.036837,0.040816,0.017276,-0.763524,-0.391814,0.622634,-1.517305,0.009532,0.001318,-0.205348,-0.370757,-0.136104,0.662501,-0.003531,0.020329
17.333333,0.030507,0.042641,0.008045,-0.716630,-0.366739,0.575947,-1.517305,0.018047,0.005735,-0.182241,-0.270757,-0.091973,0.583150,0.004204,0.027172
17.366667,0.025947,0.051948,0.009580,-0.676863,-0.381664,0.548887,-1.503223,0.007823,0.016775,-0.172692,-0.179479,-0.083655,0.530227,0.007739,0.035106
17.400000,0.031001,0.043808,0.009993,-0.637097,-0.436588,0.486221,-1.513522,0.000765,0.014958,-0.167549,-0.128202,-0.083010,0.477305,0.006437,0.035610
17.433333,0.017046,0.036319,-0.002198,-0.592351,-0.515070,0.463555,-1.535085,-0.005759,0.000411,-0.188244,-0.116924,-0.079491,0.424382,0.016757,0.034896
17.466667,0.013745,0.037702,-0.011841,-0.560082,-0.593551,0.468411,-1.545649,-0.003416,-0.004846,-0.183051,-0.145646,-0.089885,0.377165,0.010987,0.046301
17.500000,0.010746,0.035277,0.000992,-0.538084,-0.693551,0.495997,-1.530432,-0.007144,0.001098,-0.192757,-0.214369,-0.095673,0.324296,0.011623,0.042620
17.533333,0.013273,0.028747,-0.002718,-0.500575,-0.793551,0.530387,-1.522531,0.002731,-0.004575,-0.192947,-0.314369,-0.094657,0.272003,0.008606,0.038595
17.566667,0.008475,0.024672,-0.004245,-0.500160,-0.893551,0.604777,-1.495176,0.010190,0.006269,-0.198290,-0.414369,-0.099042,0.259709,0.002550,0.042152
17.600000,0.006000,0.018045,-0.001014,-0.500317,-0.973925,0.679167,-1.455552,0.009435,-0.000707,-0.191268,-0.513878,-0.098807,0.287416,-0.002021,0.035862
17.633333,0.009485,0.014449,0.006099,-0.500658,-1.014298,0.759807,-1.398053,0.004984,0.002359,-0.210457,-0.577609,-0.104717,0.331050,0.003789,0.020858
17.666667,0.010294,0.019861,0.001266,-0.486687,-1.041338,0.838211,-1.335771,0.007639,0.006886,-0.227270,-0.641339,-0.119069,0.388483,-0.002066,0.014501
17.700000,0.009587,0.018201,0.003509,-0.466874,-1.068378,0.880422,-1.260256,0.004004,0.004075,-0.229049,-0.685106,-0.109319,0.426264,-0.001104,0.009723
17.733333,0.017773,0.019012,-0.004020,-0.417781,-1.082782,0.882634,-1.171381,-0.000756,-0.001388,-0.243870,-0.728873,-0.104764,0.464045,0.003304,-0.000950
17.766667,0.020559,0.022806,-0.011317,-0.368147,-1.116812,0.844845,-1.082505,-0.002426,-0.001811,-0.243837,-0.738071,-0.094584,0.461826,0.001923,0.001124
17.800000,0.017004,0.025371,-0.012164,-0.317703,-1.174845,0.773285,-0.982505,-0.002821,-0.002624,-0.237721,-0.758073,-0.071975,0.447627,-0.001104,0.003331
17.833333,0.015217,0.020365,-0.005481,-0.289189,-1.206212,0.673285,-0.882505,-0.005109,-0.008017,-0.229790,-0.751949,-0.048750,0.420276,-0.004164,0.015476
17.866667,0.015664,0.026372,-0.001638,-0.300643,-1.223132,0.573285,-0.782505,-0.004653,0.001810,-0.236500,-0.765789,-0.035964,0.416397,-0.009572,0.017794
17.900000,0.009865,0.029615,0.006683,-0.307427,-1.234915,0.473285,-0.682505,-0.008382,-0.001573,-0.230487,-0.739630,-0.025546,0.372519,-0.008219,0.018236
17.933333,0.007944,0.026840,0.015622,-0.317969,-1.226697,0.386041,-0.582505,-0.008009,0.000554,-0.244475,-0.716777,-0.027455,0.328640,-0.006856,0.014160
17.966667,0.014066,0.021878,0.019373,-0.346234,-1.229877,0.338797,-0.522505,0.001985,-0.002162,-0.273460,-0.718901,-0.045485,0.315109,0.002224,0.010467
18.000000,0.020517,0.020368,0.022126,-0.389345,-1.268601,0.331554,-0.502505,0.002597,0.003631,-0.318694,-0.747150,-0.087977,0.325935,0.003022,0.006703
18.033333,0.018431,0.011617,0.019032,-0.432489,-1.304777,0.364310,-0.522505,0.001336,-0.008472,-0.385971,-0.775399,-0.155123,0.345935,0.007698,0.003234
18.066667,0.009429,0.012452,0.014644,-0.512489,-1.337241,0.437066,-0.582505,-0.000997,-0.007078,-0.465971,-0.843647,-0.235123,0.405935,0.012563,0.000615
18.100000,0.007526,0.011630,0.011693,-0.612489,-1.359962,0.537066,-0.682505,-0.008757,-0.008940,-0.539080,-0.923738,-0.335123,0.505935,0.012311,0.003605
18.133333,0.000187,0.013139,0.008813,-0.712489,-1.380342,0.637066,-0.782505,-0.020092,-0.007672,-0.586381,-0.978756,-0.435123,0.605935,0.004011,0.004545
18.166667,-0.020938,0.015936,-0.010481,-0.812489,-1.382325,0.737066,-0.882505,-0.018843,-0.022518,-0.593681,-0.993773,-0.535123,0.705935,0.010964,-0.003523
18.200000,-0.019941,0.019763,-0.016540,-0.912489,-1.373162,0.837066,-0.982505,-0.015396,-0.022609,-0.560982,-0.988206,-0.635123,0.805935,0.017423,0.007743
18.233333,-0.015087,0.015691,-0.011502,-1.006530,-1.377802,0.937066,-1.082505,-0.013201,-0.027472,-0.495621,-0.958340,-0.725423,0.905935,0.012627,0.012166
18.266667,-0.020628,0.015089,-0.019973,-1.061949,-1.392183,1.037066,-1.182505,-0.004313,-0.038550,-0.423501,-0.908382,-0.777612,1.005935,0.003779,0.016309
18.300000,-0.023331,0.023232,-0.022468,-1.117367,-1.393507,1.137066,-1.270340,-0.001612,-0.031819,-0.368551,-0.883498,-0.829801,1.105935,0.006857,0.028613
18.333333,-0.009039,0.020688,-0.006780,-1.151086,-1.397683,1.237066,-1.338944,-0.006732,-0.024893,-0.335536,-0.882896,-0.860277,1.205935,0.003318,0.030360
18.366667,-0.002788,0.017521,-0.002610,-1.158004,-1.390000,1.336997,-1.367547,-0.001240,-0.011397,-0.326484,-0.888939,-0.878399,1.288574,-0.011921,0.020255
18.400000,-0.000194,0.030074,-0.004473,-1.153009,-1.390000,1.436928,-1.391366,-0.006542,-0.007826,-0.315756,-0.919280,-0.906221,1.336148,-0.020456,0.030029
18.433333,0.005686,0.028293,0.005845,-1.168054,-1.387181,1.528225,-1.397850,-0.008915,0.003369,-0.328721,-0.989621,-0.938798,1.366367,-0.011361,0.021913
18.466667,0.014412,0.024196,0.007598,-1.144302,-1.371881,1.599509,-1.386725,-0.009436,-0.001541,-0.337989,-1.059962,-0.931375,1.356586,-0.009641,0.015345
18.500000,0.019260,0.024873,0.004895,-1.102312,-1.367640,1.630794,-1.354832,-0.010163,0.002043,-0.325322,-1.133497,-0.905664,1.306805,-0.008238,0.031379
18.533333,0.015940,0.027238,0.007789,-1.047124,-1.385392,1.622147,-1.322939,-0.021533,-0.007165,-0.304093,-1.220974,-0.852308,1.234386,-0.001191,0.034137
18.566667,0.024514,0.022702,0.012194,-0.969807,-1.385392,1.573501,-1.255831,-0.010170,-0.000323,-0.301310,-1.293769,-0.758952,1.157031,0.003531,0.028042
18.600000,0.028089,0.027371,0.019169,-0.871074,-1.388211,1.493488,-1.166056,-0.006196,0.009866,-0.300610,-1.346565,-0.658952,1.057031,0.000192,0.032511
18.633333,0.023225,0.023633,0.018743,-0.771137,-1.403511,1.393489,-1.066056,-0.009995,0.008898,-0.277358,-1.373701,-0.558952,0.957031,-0.006706,0.032048
18.666667,0.021908,0.025698,0.021786,-0.671137,-1.407752,1.293489,-0.966056,-0.010234,0.012147,-0.294106,-1.397628,-0.458952,0.857031,-0.011327,0.012917
18.700000,0.029175,0.023457,0.019021,-0.571137,-1.410000,1.193488,-0.866056,-0.013224,0.000686,-0.311646,-1.402947,-0.362210,0.757031,-0.011657,0.008460
18.733333,0.020656,0.018568,0.016376,-0.490616,-1.410000,1.093488,-0.780095,-0.022164,-0.003888,-0.313585,-1.399867,-0.283470,0.657031,-0.007281,0.006365
18.766667,0.014818,0.020777,0.004911,-0.416420,-1.409811,0.993488,-0.695092,-0.021913,-0.003400,-0.299472,-1.382967,-0.220601,0.576616,-0.014609,0.005719
18.800000,0.013913,0.029233,0.008545,-0.380554,-1.408700,0.893488,-0.638107,-0.017881,0.009320,-0.296141,-1.388010,-0.173155,0.506832,-0.010691,0.012124
18.833333,0.008901,0.026015,0.004808,-0.353851,-1.408700,0.793488,-0.603575,-0.017424,0.001840,-0.283509,-1.389403,-0.148092,0.464278,-0.005412,0.017362
18.866667,-0.004149,0.023372,-0.004771,-0.337455,-1.408700,0.693488,-0.588332,-0.005253,0.006178,-0.262677,-1.369403,-0.139592,0.453082,0.001902,0.024575
18.900000,-0.002506,0.032557,-0.007170,-0.330882,-1.408700,0.593488,-0.579975,-0.003349,0.001601,-0.256216,-1.372483,-0.137547,0.459529,0.004464,0.024684
18.933333,-0.004247,0.029568,-0.004238,-0.338478,-1.408889,0.495670,-0.591570,-0.010233,-0.013057,-0.256893,-1.378970,-0.125213,0.449220,0.015240,0.019593
18.966667,-0.006270,0.028483,-0.021302,-0.333086,-1.395213,0.435748,-0.597506,-0.001957,-0.020465,-0.275798,-1.379587,-0.118909,0.466848,0.021734,0.011380
19.000000,0.000897,0.035396,-0.022664,-0.335577,-1.394539,0.389827,-0.595901,-0.003651,-0.015472,-0.264004,-1.375927,-0.127453,0.467319,0.024293,0.017821
19.033333,0.004912,0.042044,-0.014368,-0.342193,-1.394539,0.343906,-0.588523,-0.012703,-0.008168,-0.268726,-1.395927,-0.117634,0.447250,0.014810,0.010851
19.066667,-0.000882,0.045786,-0.019056,-0.332005,-1.394539,0.316938,-0.585558,-0.021630,-0.001972,-0.274470,-1.395496,-0.106735,0.436668,0.009528,0.008658
19.100000,0.000793,0.049413,-0.014435,-0.334096,-1.394539,0.327787,-0.585014,-0.025093,0.004870,-0.280805,-1.402341,-0.126661,0.451533,0.010270,0.018395
19.133333,0.002204,0.045501,0.001753,-0.334999,-1.409325,0.307915,-0.583872,-0.039532,0.003192,-0.269590,-1.396796,-0.126554,0.431841,0.000338,0.019569
19.166667,-0.001383,0.055055,0.005013,-0.334970,-1.409468,0.314042,-0.578791,-0.044009,0.004911,-0.278062,-1.380419,-0.121910,0.431336,-0.011446,0.021417
19.200000,-0.004474,0.054059,0.009141,-0.339420,-1.409468,0.333817,-0.591485,-0.037877,0.002302,-0.274062,-1.372689,-0.140904,0.429601,-0.013585,0.032450
19.233333,0.008690,0.038967,0.014435,-0.351456,-1.409468,0.349835,-0.605614,-0.033290,-0.007446,-0.275325,-1.373120,-0.149992,0.432449,-0.009837,0.032516
19.266667,0.014963,0.037532,0.008607,-0.343189,-1.409468,0.345540,-0.596409,-0.020963,-0.004494,-0.272276,-1.376688,-0.136559,0.436368,-0.027471,0.026111
19.300000,0.021062,0.035526,0.004110,-0.337816,-1.409468,0.370688,-0.605446,-0.017666,-0.009610,-0.273506,-1.369394,-0.158149,0.460198,-0.027715,0.028389
19.333333,0.022085,0.019874,0.009766,-0.348240,-1.410000,0.378794,-0.631585,-0.011017,-0.007967,-0.272383,-1.389430,-0.159189,0.492065,-0.017974,0.020117
19.366667,0.033452,0.014222,0.008846,-0.360226,-1.410000,0.380136,-0.647576,-0.014268,-0.005259,-0.291852,-1.392757,-0.155765,0.554346,-0.025034,0.000916
19.400000,0.024034,0.016381,0.007237,-0.366393,-1.410000,0.404373,-0.667795,-0.008314,0.000623,-0.287476,-1.392757,-0.162659,0.586038,-0.027524,0.000755
19.433333,0.020883,0.016047,0.013831,-0.367767,-1.405842,0.448925,-0.694088,-0.017935,-0.004071,-0.283098,-1.377017,-0.187843,0.604535,-0.012418,-0.002981
19.466667,0.028085,0.018777,0.018240,-0.355667,-1.388472,0.496858,-0.696284,-0.009868,0.004560,-0.277317,-1.371788,-0.200705,0.615498,-0.016470,0.003829
19.500000,0.034237,0.024876,0.021226,-0.345525,-1.388472,0.521833,-0.708539,-0.012400,-0.004442,-0.266419,-1.360512,-0.217184,0.613009,-0.017275,0.008095
19.533333,0.017184,0.029732,0.009921,-0.334422,-1.388472,0.550697,-0.732447,-0.018154,-0.009445,-0.235303,-1.339572,-0.228065,0.597443,-0.007068,0.022249
19.566667,0.011034,0.041765,0.005953,-0.349054,-1.383091,0.572134,-0.756278,-0.020951,0.001199,-0.226545,-1.334228,-0.232835,0.620752,-0.007601,0.035710
19.600000,0.013531,0.044527,0.005650,-0.367905,-1.387249,0.574467,-0.774037,-0.020090,0.008222,-0.220502,-1.347216,-0.238707,0.641959,-0.005973,0.043920
19.633333,-0.000446,0.038528,-0.003094,-0.382957,-1.401438,0.546770,-0.807029,-0.021500,-0.002559,-0.217377,-1.345258,-0.223715,0.658843,0.002112,0.033937
19.666667,0.001839,0.038055,-0.021663,-0.377457,-1.396372,0.553822,-0.810103,-0.014281,0.003801,-0.213937,-1.349439,-0.221450,0.689396,0.005410,0.032923
19.700000,0.010158,0.037968,-0.007562,-0.383520,-1.396372,0.563044,-0.811166,-0.009611,0.004928,-0.223976,-1.358046,-0.220908,0.696616,0.009934,0.033806
19.733333,0.019268,0.026976,-0.003861,-0.356592,-1.395903,0.549640,-0.801035,-0.010372,-0.004975,-0.227918,-1.351611,-0.210760,0.673274,0.010783,0.019228
19.766667,0.013222,0.029634,-0.009542,-0.347123,-1.395903,0.555340,-0.806083,-0.011984,-0.003201,-0.229037,-1.334525,-0.183250,0.675882,0.010358,0.017993
19.800000,0.016339,0.030739,-0.003109,-0.347363,-1.399084,0.561913,-0.819579,-0.016482,-0.000988,-0.220760,-1.326702,-0.174321,0.677278,0.009870,0.018798
19.833333,0.012013,0.030770,0.009410,-0.361198,-1.395155,0.549772,-0.835442,-0.025993,-0.002756,-0.227208,-1.304511,-0.162428,0.652277,0.008668,0.020124
19.866667,0.003008,0.036228,0.006474,-0.361223,-1.383771,0.546787,-0.832979,-0.024100,0.003744,-0.219178,-1.277682,-0.152484,0.647678,0.002507,0.010544
19.900000,-0.002282,0.037740,0.008875,-0.370443,-1.388304,0.572417,-0.848777,-0.021623,0.002315,-0.212071,-1.257272,-0.147694,0.659582,0.004266,0.009960
19.933333,0.000146,0.031513,0.014827,-0.379224,-1.377113,0.569851,-0.872243,-0.016853,-0.000802,-0.210260,-1.251022,-0.143041,0.659612,0.007275,0.012110
19.966667,0.000658,0.039684,0.007347,-0.382999,-1.370812,0.578486,-0.885341,-0.017645,0.002227,-0.220285,-1.235913,-0.138922,0.679920,-0.001114,0.016639
20.000000,-0.007626,0.037640,0.003852,-0.380624,-1.369594,0.609005,-0.913629,-0.015066,-0.000858,-0.207394,-1.229487,-0.128701,0.697457,-0.003543,0.013977
20.033333,0.009167,0.031793,0.002538,-0.389283,-1.360236,0.638111,-0.953254,-0.022173,-0.010689,-0.212373,-1.240195,-0.122530,0.725034,-0.005640,0.010616
20.066667,0.015709,0.031503,-0.004806,-0.415861,-1.328635,0.670564,-0.990493,-0.021026,-0.002729,-0.213595,-1.250827,-0.123717,0.762816,-0.025978,0.017332
20.100000,0.016597,0.031373,-0.007798,-0.434148,-1.320959,0.729274,-1.028721,-0.021838,-0.011817,-0.196235,-1.238067,-0.140470,0.784426,-0.032040,0.016225
20.133333,0.017334,0.022096,-0.003673,-0.461968,-1.288438,0.803820,-1.061231,-0.026123,-0.015259,-0.186268,-1.233973,-0.167132,0.802373,-0.024171,0.003786
20.166667,0.028443,0.018246,-0.004432,-0.509026,-1.254521,0.880446,-1.107968,-0.030611,-0.022591,-0.190682,-1.228846,-0.209666,0.849068,-0.028796,0.000489
20.200000,0.022118,0.015718,-0.002417,-0.565610,-1.241947,0.974723,-1.160027,-0.025567,-0.019893,-0.184002,-1.221938,-0.259574,0.898467,-0.022629,0.009143
20.233333,0.016238,0.020315,0.007709,-0.609052,-1.235778,1.068999,-1.189247,-0.023170,-0.026808,-0.183544,-1.203267,-0.316270,0.940643,-0.003204,0.007808
20.266667,0.032316,0.030339,0.016261,-0.671869,-1.207031,1.165213,-1.210419,-0.016588,-0.003599,-0.187376,-1.210328,-0.381347,1.010867,-0.006853,0.011995
20.300000,0.031662,0.033461,0.024556,-0.750675,-1.218240,1.263547,-1.248090,-0.012132,0.001905,-0.196598,-1.205593,-0.454142,1.087586,-0.009047,0.019582
20.333333,0.023491,0.034855,0.015526,-0.820880,-1.220697,1.349662,-1.284444,0.000666,0.005379,-0.200206,-1.194453,-0.520115,1.161247,-0.004158,0.026554
20.366667,0.019172,0.044087,0.016339,-0.893263,-1.228217,1.437443,-1.300337,-0.005470,0.015341,-0.217830,-1.176862,-0.595955,1.238169,-0.004042,0.033077
20.400000,0.021451,0.035372,0.016139,-0.976367,-1.254663,1.504313,-1.343467,-0.009080,0.011730,-0.232464,-1.151084,-0.673343,1.293209,-0.004153,0.032423
20.433333,0.006004,0.028369,0.003310,-1.030830,-1.284709,1.550857,-1.389499,-0.014278,-0.001845,-0.260570,-1.109053,-0.714409,1.321189,0.006402,0.030131
20.466667,0.003985,0.029784,-0.007447,-1.078353,-1.297568,1.582291,-1.430998,-0.011692,-0.006959,-0.253002,-1.087865,-0.746361,1.331896,0.001623,0.040590
20.500000,0.001154,0.028491,0.004470,-1.115397,-1.326211,1.605666,-1.445015,-0.016730,-0.001204,-0.257193,-1.080841,-0.750543,1.324107,0.000505,0.037569
20.533333,0.003160,0.022507,-0.000145,-1.113043,-1.347813,1.605323,-1.468834,-0.008656,-0.006069,-0.244923,-1.093341,-0.728079,1.276318,-0.001176,0.033025
20.566667,0.001098,0.020350,-0.002976,-1.110432,-1.360453,1.611728,-1.473386,-0.001447,0.004298,-0.231306,-1.119255,-0.679798,1.234387,-0.009584,0.037788
20.600000,-0.000567,0.014183,-0.000177,-1.111622,-1.368073,1.616092,-1.473277,-0.001968,-0.004073,-0.205314,-1.162160,-0.627837,1.179516,-0.013818,0.032615
20.633333,0.003021,0.011417,0.006285,-1.102253,-1.352880,1.612106,-1.451104,-0.005944,-0.002216,-0.209780,-1.188291,-0.572279,1.109788,-0.007545,0.018682
20.666667,0.005083,0.016901,0.000666,-1.076694,-1.333175,1.628398,-1.429084,-0.003287,0.001835,-0.213313,-1.220448,-0.516336,1.031747,-0.010612,0.013125
20.700000,0.004974,0.015747,0.002306,-1.057149,-1.323772,1.628408,-1.407409,-0.005431,-0.002796,-0.204203,-1.240574,-0.447040,0.958682,-0.008974,0.011781
20.733333,0.013346,0.016055,-0.005491,-1.008697,-1.301995,1.614194,-1.365002,-0.009587,-0.009736,-0.214463,-1.275931,-0.397960,0.912721,-0.003603,0.003423
20.766667,0.015590,0.019504,-0.012989,-0.945085,-1.309589,1.582346,-1.321302,-0.011464,-0.010181,-0.213243,-1.285638,-0.351058,0.866760,-0.004436,0.007825
20.800000,0.012315,0.022408,-0.014465,-0.858973,-1.330230,1.533959,-1.264200,-0.012523,-0.010606,-0.204547,-1.306199,-0.292788,0.827923,-0.006472,0.009682
20.833333,0.009977,0.017875,-0.007924,-0.768129,-1.334185,1.445571,-1.199790,-0.014817,-0.016444,-0.196168,-1.301042,-0.246776,0.796226,-0.009799,0.020742
20.866667,0.011263,0.024034,-0.003339,-0.684347,-1.334258,1.357184,-1.116574,-0.015277,-0.005534,-0.201000,-1.313771,-0.212665,0.794024,-0.014811,0.022850
20.900000,0.003497,0.027841,0.005765,-0.598024,-1.356035,1.257184,-1.033356,-0.021078,-0.007059,-0.188477,-1.298743,-0.177304,0.751823,-0.013547,0.023658
20.933333,0.000540,0.025924,0.015379,-0.511701,-1.358389,1.157184,-0.942835,-0.021998,-0.005072,-0.195955,-1.300188,-0.159764,0.715880,-0.013402,0.018624
20.966667,0.008823,0.021249,0.019506,-0.425378,-1.347697,1.057184,-0.892313,-0.009840,-0.006395,-0.199009,-1.305422,-0.126307,0.710978,-0.005485,0.015047
21.000000,0.019657,0.021857,0.021027,-0.339055,-1.336476,0.957184,-0.877746,-0.008739,0.001607,-0.209624,-1.317736,-0.090416,0.731708,-0.006329,0.011062
21.033333,0.021850,0.015458,0.016548,-0.239055,-1.290000,0.857184,-0.903179,-0.010999,-0.006842,-0.213570,-1.319100,-0.049520,0.757967,-0.002625,0.006763
21.066667,0.018552,0.018370,0.010286,-0.139055,-1.210000,0.757184,-0.968611,-0.011923,-0.002802,-0.229430,-1.308221,-0.026557,0.824226,0.002846,0.004048
21.100000,0.021968,0.020666,0.004781,-0.045088,-1.110000,0.657184,-1.068611,-0.017631,-0.002537,-0.245172,-1.297529,-0.023594,0.924226,0.003445,0.006849
21.133333,0.015191,0.025688,0.000465,0.028684,-1.010166,0.557184,-1.168611,-0.030186,-0.000300,-0.264984,-1.287211,-0.060630,1.024226,-0.002776,0.009175
21.166667,-0.003064,0.029790,-0.019531,0.100884,-0.916584,0.457184,-1.228611,-0.028825,-0.014426,-0.284698,-1.255531,-0.127527,1.124226,0.006749,0.003725
21.200000,-0.003043,0.035487,-0.025186,0.155284,-0.823002,0.357184,-1.248611,-0.023599,-0.017740,-0.315515,-1.234802,-0.227527,1.222890,0.016721,0.014867
21.233333,0.002724,0.033216,-0.020670,0.202420,-0.747159,0.257184,-1.228611,-0.020720,-0.021148,-0.339701,-1.238093,-0.327527,1.298460,0.011755,0.016847
21.266667,-0.002220,0.033305,-0.029706,0.255588,-0.671315,0.167277,-1.186224,-0.014273,-0.029409,-0.359911,-1.233362,-0.427527,1.359562,0.003430,0.019564
21.300000,-0.002688,0.040873,-0.034603,0.328952,-0.595306,0.117371,-1.132759,-0.009251,-0.021818,-0.390933,-1.249546,-0.527527,1.420663,0.008651,0.031352
21.333333,0.008616,0.038430,-0.019796,0.403886,-0.513045,0.107465,-1.107528,-0.012931,-0.014029,-0.412390,-1.293524,-0.627527,1.451074,0.008061,0.031177
21.366667,0.013810,0.033960,-0.017027,0.496622,-0.430784,0.125260,-1.083336,-0.005535,0.000237,-0.432508,-1.310980,-0.727527,1.455689,-0.004390,0.018805
21.400000,0.012684,0.046327,-0.020374,0.596622,-0.330784,0.183055,-1.099145,-0.008528,0.003626,-0.429592,-1.307261,-0.827527,1.465837,-0.008244,0.030695
21.433333,0.016068,0.043167,-0.010147,0.696622,-0.230784,0.254995,-1.123703,-0.004823,0.013835,-0.441235,-1.331379,-0.927527,1.482281,0.002883,0.023335
21.466667,0.020424,0.036547,-0.007502,0.796622,-0.141313,0.317932,-1.145293,-0.004172,0.007328,-0.455488,-1.335237,-1.027527,1.474002,0.007638,0.014250
21.500000,0.022062,0.034909,-0.010885,0.896622,-0.079610,0.371371,-1.166478,-0.004422,0.012584,-0.448646,-1.311301,-1.117437,1.474459,0.010473,0.029113
21.533333,0.015789,0.034817,-0.008496,0.996622,-0.035720,0.423270,-1.201709,-0.013766,0.005512,-0.428923,-1.299962,-1.167346,1.486271,0.015389,0.031498
21.566667,0.022810,0.027879,-0.003174,1.096622,-0.011522,0.456166,-1.224380,-0.002466,0.012444,-0.419119,-1.298759,-1.177255,1.507613,0.023382,0.022005
21.600000,0.024397,0.031411,0.003379,1.196622,-0.001552,0.496859,-1.245112,-0.000111,0.023432,-0.396989,-1.257557,-1.147164,1.516167,0.023168,0.022521
21.633333,0.019345,0.029415,0.002541,1.296622,0.013583,0.531206,-1.275725,-0.006507,0.025123,-0.336887,-1.196614,-1.077073,1.509445,0.018133,0.019857
21.666667,0.017985,0.032388,0.004671,1.396622,0.033027,0.575050,-1.282897,-0.006546,0.025093,-0.306934,-1.135670,-0.977073,1.519528,0.015935,0.000999
21.700000,0.024184,0.032937,0.000111,1.496622,0.062305,0.608598,-1.311388,-0.011049,0.014359,-0.284109,-1.056530,-0.877073,1.521466,0.021497,-0.002487
21.733333,0.017133,0.028812,-0.004031,1.596622,0.081058,0.641685,-1.339047,-0.019843,0.007878,-0.252761,-0.969235,-0.777073,1.501374,0.026422,-0.002740
21.766667,0.010921,0.031325,-0.016300,1.684736,0.087260,0.668629,-1.345376,-0.020350,0.006050,-0.210649,-0.890346,-0.677073,1.475986,0.020602,-0.001027
21.800000,0.007378,0.038321,-0.011789,1.732851,0.065931,0.688615,-1.348660,-0.016570,0.016829,-0.181171,-0.849814,-0.577073,1.464029,0.021341,0.006250
21.833333,0.004135,0.033117,-0.013754,1.740965,0.028060,0.678645,-1.374244,-0.016789,0.011231,-0.149875,-0.831359,-0.477073,1.442953,0.025309,0.006479
21.866667,-0.007727,0.027727,-0.020785,1.709079,-0.041832,0.655260,-1.376957,-0.004622,0.014489,-0.114358,-0.805026,-0.377073,1.422137,0.031051,0.012808
21.900000,-0.002931,0.033460,-0.020331,1.637193,-0.121507,0.611338,-1.388421,-0.004367,0.011579,-0.096999,-0.813865,-0.277073,1.406893,0.033712,0.011508
21.933333,-0.002508,0.027308,-0.015056,1.537193,-0.214404,0.541524,-1.420255,-0.012039,-0.001768,-0.095788,-0.826509,-0.177073,1.377904,0.041866,0.004691
21.966667,0.001035,0.025089,-0.031773,1.437193,-0.314404,0.454017,-1.444990,-0.001551,-0.007410,-0.119113,-0.831069,-0.077073,1.351539,0.048631,-0.003268
22.000000,0.009900,0.032412,-0.032707,1.337193,-0.414404,0.356466,-1.472042,-0.006860,-0.004081,-0.113692,-0.813554,-0.010736,1.299442,0.047100,0.008331
22.033333,0.016183,0.039391,-0.024723,1.237193,-0.514404,0.256466,-1.501648,-0.018162,0.000653,-0.122558,-0.817351,0.054568,1.231007,0.035374,0.001881
22.066667,0.009135,0.044714,-0.030632,1.137193,-0.601144,0.156466,-1.520988,-0.028448,0.006364,-0.130788,-0.798619,0.090835,1.172401,0.022230,0.001797
22.100000,0.011706,0.050496,-0.026193,1.037193,-0.680741,0.075514,-1.532635,-0.032391,0.012100,-0.142533,-0.789083,0.088335,1.133811,0.021126,0.014492
22.133333,0.013116,0.046656,-0.009013,0.937193,-0.720337,-0.005439,-1.542363,-0.048615,0.007748,-0.132936,-0.767984,0.083675,1.081241,0.008457,0.017075
22.166667,0.008159,0.055538,-0.004658,0.837193,-0.737500,-0.053897,-1.523697,-0.049573,0.009706,-0.145286,-0.758079,0.078266,1.049233,-0.002117,0.017500
22.200000,0.006428,0.054515,-0.000173,0.737193,-0.728939,-0.094614,-1.528942,-0.043286,0.008157,-0.146968,-0.755146,0.048779,1.026297,-0.006406,0.027397
22.233333,0.019119,0.039349,0.005579,0.637193,-0.721391,-0.122546,-1.532278,-0.037082,-0.002328,-0.156564,-0.774741,0.035213,0.998589,-0.001412,0.025978
22.266667,0.026807,0.036825,-0.001435,0.537193,-0.693196,-0.155788,-1.523713,-0.025928,0.001872,-0.157409,-0.797188,0.050895,0.967812,-0.019469,0.016716
22.300000,0.033290,0.036183,-0.006759,0.437193,-0.704149,-0.156274,-1.525107,-0.023006,-0.002601,-0.178740,-0.823332,0.028735,0.934959,-0.021090,0.020810
22.333333,0.036512,0.021602,-0.000684,0.337193,-0.724958,-0.166823,-1.540349,-0.018323,-0.001058,-0.206824,-0.878281,0.023015,0.881545,-0.012414,0.013529
22.366667,0.047488,0.015646,-0.000863,0.237193,-0.762106,-0.179584,-1.529761,-0.019932,0.001873,-0.261851,-0.939075,0.022309,0.819059,-0.020884,-0.003166
22.400000,0.040627,0.019127,-0.001588,0.137193,-0.811501,-0.171457,-1.527531,-0.013650,0.007266,-0.299544,-0.999868,0.011910,0.736006,-0.023542,-0.000620
22.433333,0.039712,0.020615,0.007340,0.037193,-0.867605,-0.137069,-1.521431,-0.021952,-0.000029,-0.339838,-1.039746,-0.019075,0.636006,-0.008720,-0.000495
22.466667,0.048164,0.023309,0.013470,-0.041451,-0.902026,-0.095436,-1.486721,-0.012272,0.007036,-0.363888,-1.075302,-0.032746,0.536006,-0.011539,0.006536
22.500000,0.055418,0.030889,0.015582,-0.120096,-0.949024,-0.073740,-1.471525,-0.015763,-0.002580,-0.374342,-1.096274,-0.042690,0.436006,-0.011470,0.012514
22.533333,0.041308,0.038313,0.003800,-0.191252,-1.005406,-0.033388,-1.472827,-0.022957,-0.009243,-0.357487,-1.087496,-0.048584,0.336006,-0.000078,0.027000
22.566667,0.035428,0.051852,-0.001654,-0.262408,-1.061788,0.013292,-1.472667,-0.026661,0.002328,-0.355948,-1.076626,-0.052350,0.236006,-0.000629,0.038202
22.600000,0.038450,0.056872,-0.002844,-0.303176,-1.132715,0.059971,-1.472506,-0.027315,0.010164,-0.352821,-1.085199,-0.060652,0.156896,0.002476,0.046439
22.633333,0.025108,0.052791,-0.012465,-0.330332,-1.203252,0.097722,-1.467222,-0.032419,0.000838,-0.349392,-1.077723,-0.054693,0.103734,0.011714,0.036401
22.666667,0.027935,0.052651,-0.030514,-0.317488,-1.243454,0.172978,-1.427968,-0.023967,0.008444,-0.338990,-1.077618,-0.067076,0.090572,0.014684,0.034093
22.700000,0.033548,0.052734,-0.015538,-0.294477,-1.265782,0.258593,-1.358044,-0.019687,0.010783,-0.340638,-1.083147,-0.085741,0.114756,0.020655,0.033965
22.733333,0.043123,0.042028,-0.010412,-0.237230,-1.259696,0.312503,-1.258044,-0.021812,-0.002374,-0.332549,-1.077213,-0.094844,0.148293,0.023093,0.018557
22.766667,0.035082,0.043223,-0.015128,-0.195268,-1.254421,0.361743,-1.158044,-0.022072,-0.001089,-0.324281,-1.067934,-0.087349,0.200939,0.021866,0.015003
22.800000,0.037215,0.043752,-0.007817,-0.170012,-1.243296,0.386433,-1.072592,-0.025214,0.000679,-0.310505,-1.073053,-0.098728,0.244121,0.020179,0.014312
22.833333,0.030144,0.043628,0.005270,-0.172504,-1.231230,0.377185,-0.987140,-0.035083,-0.000880,-0.314263,-1.071014,-0.102417,0.257266,0.021009,0.015695
22.866667,0.021915,0.048209,0.002297,-0.174090,-1.215128,0.346785,-0.901688,-0.033950,0.007094,-0.305617,-1.069351,-0.102769,0.248869,0.012652,0.005615
22.900000,0.015527,0.048091,0.004935,-0.183348,-1.218659,0.331210,-0.832022,-0.030891,0.007234,-0.301443,-1.080092,-0.104972,0.256060,0.012678,0.005973
22.933333,0.017947,0.042300,0.010640,-0.195625,-1.197822,0.280620,-0.776212,-0.026740,0.004777,-0.302426,-1.100295,-0.104873,0.247631,0.015709,0.009107
22.966667,0.016738,0.050335,0.002703,-0.194025,-1.188543,0.231347,-0.729970,-0.027693,0.007816,-0.316308,-1.110919,-0.096297,0.249648,0.005957,0.012998
23.000000,0.008527,0.048448,-0.001326,-0.184346,-1.187048,0.202792,-0.707495,-0.024844,0.003896,-0.307923,-1.126017,-0.079707,0.243649,0.000174,0.009690
23.033333,0.025007,0.043223,-0.002653,-0.174651,-1.176729,0.164618,-0.712576,-0.031634,-0.007174,-0.317033,-1.152489,-0.063859,0.253406,-0.002782,0.007856
23.066667,0.033018,0.044205,-0.010279,-0.174144,-1.135305,0.128653,-0.741872,-0.029562,0.001887,-0.321689,-1.168456,-0.053144,0.278222,-0.022947,0.013424
23.100000,0.032809,0.043820,-0.013036,-0.159005,-1.120218,0.111336,-0.793145,-0.031583,-0.005380,-0.304640,-1.158370,-0.055606,0.290203,-0.029947,0.011748
23.133333,0.034500,0.032375,-0.008294,-0.153708,-1.083100,0.116230,-0.842328,-0.035287,-0.008433,-0.293074,-1.151039,-0.068809,0.306563,-0.021863,-0.000039
23.166667,0.047178,0.028553,-0.008363,-0.158346,-1.047765,0.106904,-0.897949,-0.039497,-0.015075,-0.294656,-1.145906,-0.077620,0.331487,-0.026187,-0.003148
23.200000,0.042144,0.026850,-0.006505,-0.160469,-1.034100,0.112819,-0.941043,-0.034837,-0.010824,-0.284743,-1.140310,-0.090206,0.353701,-0.019162,0.004808
23.233333,0.035120,0.032151,0.004103,-0.150910,-1.036357,0.133403,-0.944138,-0.033741,-0.017371,-0.277060,-1.132579,-0.100299,0.352509,-0.000500,0.003935
23.266667,0.054065,0.044070,0.012869,-0.160112,-1.021140,0.145280,-0.911401,-0.027217,0.004850,-0.270518,-1.162001,-0.097324,0.349952,-0.006885,0.007137
23.300000,0.054149,0.050422,0.020704,-0.168732,-1.045175,0.136312,-0.868948,-0.025195,0.010629,-0.267057,-1.184119,-0.087169,0.317410,-0.008923,0.014417
23.333333,0.045792,0.054403,0.010550,-0.159326,-1.054445,0.131862,-0.809357,-0.013401,0.015638,-0.260232,-1.205048,-0.074745,0.297630,-0.002588,0.021223
23.366667,0.041018,0.065191,0.011256,-0.171012,-1.069687,0.144263,-0.734736,-0.021312,0.025567,-0.264317,-1.225265,-0.071645,0.289000,-0.003427,0.027932
23.400000,0.043502,0.057007,0.011184,-0.181620,-1.101017,0.121145,-0.682483,-0.026558,0.022678,-0.265418,-1.237814,-0.064466,0.263775,-0.002333,0.027255
23.433333,0.026935,0.050018,-0.001552,-0.180038,-1.127731,0.121812,-0.651747,-0.031544,0.008919,-0.287484,-1.219884,-0.058545,0.244929,0.009703,0.026004
23.466667,0.024306,0.052511,-0.011959,-0.184752,-1.135154,0.124345,-0.635984,-0.027954,0.003592,-0.279873,-1.220745,-0.061300,0.233373,0.005160,0.037271
23.500000,0.022099,0.050242,0.000823,-0.196558,-1.161117,0.122321,-0.607154,-0.034486,0.008085,-0.286164,-1.223612,-0.059361,0.213257,0.003318,0.035239
23.533333,0.025095,0.044351,-0.002897,-0.173653,-1.178421,0.102274,-0.598282,-0.025522,0.003999,-0.281649,-1.233043,-0.051714,0.165419,0.000387,0.030002
23.566667,0.022736,0.042330,-0.004787,-0.174461,-1.193229,0.104023,-0.588393,-0.018126,0.013487,-0.283454,-1.236557,-0.053035,0.157581,-0.010003,0.034948
23.600000,0.020907,0.036688,-0.001410,-0.175672,-1.201699,0.086081,-0.565324,-0.018242,0.004406,-0.277309,-1.252575,-0.048470,0.139886,-0.014943,0.028856
23.633333,0.024557,0.033516,0.005888,-0.179309,-1.189459,0.080413,-0.536087,-0.023302,0.006408,-0.295162,-1.248970,-0.050514,0.135250,-0.008736,0.014463
23.666667,0.026264,0.038316,0.000631,-0.179805,-1.170566,0.102224,-0.528560,-0.019122,0.009595,-0.309958,-1.251324,-0.062960,0.143021,-0.012380,0.006858
23.700000,0.025069,0.036104,0.002324,-0.193277,-1.163425,0.107673,-0.523679,-0.020675,0.003506,-0.310139,-1.242783,-0.053158,0.147695,-0.009181,0.004266
23.733333,0.034306,0.036577,-0.006332,-0.184523,-1.140156,0.117325,-0.502471,-0.024347,-0.002835,-0.324766,-1.261614,-0.051381,0.152370,-0.002108,-0.004234
23.766667,0.036178,0.040067,-0.015131,-0.181444,-1.145036,0.114901,-0.512926,-0.026154,-0.003158,-0.322665,-1.260999,-0.047500,0.153475,-0.003083,-0.000617
23.800000,0.032819,0.042570,-0.017652,-0.179748,-1.160284,0.129131,-0.535558,-0.025575,-0.004525,-0.313375,-1.267480,-0.031624,0.156850,-0.004044,0.000950
23.833333,0.030671,0.037470,-0.011440,-0.186468,-1.160118,0.122868,-0.561194,-0.026975,-0.010924,-0.303579,-1.249648,-0.014418,0.152857,-0.007874,0.012550
23.866667,0.031365,0.042466,-0.007668,-0.213703,-1.148526,0.126188,-0.580715,-0.026218,-0.001241,-0.304490,-1.255560,-0.008813,0.179681,-0.012452,0.015171
23.900000,0.022719,0.044967,0.000586,-0.233506,-1.154444,0.139027,-0.625969,-0.030758,-0.003384,-0.287105,-1.221472,-0.006230,0.170965,-0.009921,0.015815
23.933333,0.020011,0.041365,0.009920,-0.247372,-1.144396,0.169595,-0.651223,-0.030860,-0.001141,-0.289721,-1.204805,-0.014527,0.179116,-0.006611,0.011486
23.966667,0.019545,0.040385,0.010411,-0.254013,-1.143981,0.180163,-0.663183,-0.031059,0.000213,-0.289480,-1.199568,-0.017151,0.183327,-0.006445,0.010536
