time_sec,joint_pelvisYaw,joint_pelvisPitch,joint_pelvisRoll,joint_lShoulderPitch,joint_lShoulderRoll,joint_lShoulderYaw,joint_lElbow,joint_lWristRoll,joint_lWristPitch,joint_rShoulderPitch,joint_rShoulderRoll,joint_rShoulderYaw,joint_rElbow,joint_rWristRoll,joint_rWristPitch
0.000000,0.023760,0.040110,-0.002562,-0.771814,-1.302926,0.947765,-1.496807,-0.050444,0.012174,-0.277270,-1.337524,-0.126523,0.363683,-0.000919,-0.049024
0.033333,0.029074,0.036167,0.005107,-0.786151,-1.279869,0.997251,-1.472153,-0.041237,0.015466,-0.305858,-1.331720,-0.122986,0.302054,0.001396,-0.046931
0.066667,0.024774,0.038357,0.002136,-0.802914,-1.275816,1.031817,-1.467305,-0.041784,0.017494,-0.318882,-1.324089,-0.119275,0.286621,0.005098,-0.049556
0.100000,0.025818,0.038869,0.000226,-0.821431,-1.261728,1.079786,-1.460167,-0.046304,0.018600,-0.331124,-1.324982,-0.124834,0.263144,0.003539,-0.049008
0.133333,0.022919,0.041818,-0.001862,-0.851439,-1.276465,1.119563,-1.472165,-0.053561,0.019650,-0.340117,-1.335990,-0.108681,0.252320,-0.002373,-0.049786
0.166667,0.009159,0.043990,-0.015727,-0.841448,-1.274484,1.148768,-1.466559,-0.052733,0.009874,-0.338934,-1.325503,-0.106716,0.246967,0.002679,-0.055689
0.200000,0.008609,0.046335,-0.018867,-0.836098,-1.262268,1.184478,-1.461681,-0.050067,0.008612,-0.340089,-1.327480,-0.121361,0.247989,0.008068,-0.046500
0.233333,0.011136,0.043737,-0.014947,-0.819864,-1.265779,1.192194,-1.462566,-0.050366,0.007283,-0.339979,-1.337757,-0.114361,0.231926,0.003736,-0.044732
0.266667,0.005310,0.046220,-0.020012,-0.781875,-1.285263,1.169008,-1.468435,-0.045441,0.000606,-0.330694,-1.323335,-0.080886,0.212558,0.000512,-0.042065
0.300000,0.004536,0.054780,-0.022111,-0.760483,-1.280395,1.163832,-1.469651,-0.044256,0.006795,-0.335512,-1.326747,-0.079700,0.216038,0.002932,-0.035354
0.333333,0.011952,0.054613,-0.011749,-0.754612,-1.282135,1.143772,-1.480452,-0.046970,0.013210,-0.335960,-1.339676,-0.072842,0.203950,0.000062,-0.032434
0.366667,0.015142,0.054225,-0.010340,-0.727699,-1.270346,1.105595,-1.468490,-0.042219,0.022734,-0.338412,-1.328474,-0.059049,0.186986,-0.012286,-0.040004
0.400000,0.016765,0.064295,-0.012233,-0.705812,-1.264203,1.086313,-1.464879,-0.044169,0.025095,-0.333684,-1.308178,-0.071459,0.173602,-0.017129,-0.031299
0.433333,0.020643,0.062153,-0.004710,-0.702499,-1.246072,1.077857,-1.459006,-0.044671,0.031640,-0.344841,-1.319886,-0.085099,0.177601,-0.012253,-0.034524
0.466667,0.023745,0.058296,-0.002766,-0.663659,-1.236458,1.044820,-1.446975,-0.044035,0.026894,-0.352707,-1.313449,-0.080736,0.162584,-0.010493,-0.038182
0.500000,0.026965,0.058396,-0.003978,-0.619031,-1.236319,1.005955,-1.431756,-0.044189,0.028933,-0.355633,-1.302362,-0.086838,0.158081,-0.008631,-0.028465
0.533333,0.024441,0.058841,-0.001479,-0.565225,-1.255077,0.964147,-1.413598,-0.051440,0.021696,-0.352963,-1.309441,-0.076658,0.169589,-0.002534,-0.026028
0.566667,0.028977,0.053009,0.001882,-0.495680,-1.265831,0.896335,-1.363376,-0.044224,0.025291,-0.357436,-1.341586,-0.056393,0.195976,-0.000118,-0.029281
0.600000,0.031376,0.054028,0.005807,-0.407561,-1.294297,0.815197,-1.292723,-0.039742,0.032921,-0.362258,-1.357902,-0.059302,0.221812,-0.004823,-0.026168
0.633333,0.028776,0.047346,0.005775,-0.317293,-1.325189,0.723708,-1.207830,-0.042062,0.031444,-0.341680,-1.363180,-0.066001,0.246818,-0.009746,-0.022843
0.666667,0.027524,0.043606,0.009011,-0.239098,-1.346894,0.623708,-1.107830,-0.041106,0.032314,-0.343002,-1.386581,-0.073850,0.294727,-0.014301,-0.032721
0.700000,0.031115,0.037747,0.008187,-0.192448,-1.371473,0.523708,-1.007830,-0.040397,0.026444,-0.353145,-1.399510,-0.096819,0.325842,-0.018513,-0.031806
0.733333,0.022784,0.031602,0.008101,-0.171086,-1.388819,0.423708,-0.907830,-0.043402,0.022175,-0.352300,-1.397810,-0.121085,0.342332,-0.018196,-0.030582
0.766667,0.016025,0.029293,0.003003,-0.166451,-1.381706,0.323708,-0.807830,-0.041051,0.020584,-0.342056,-1.385570,-0.138358,0.352133,-0.022004,-0.028675
0.800000,0.013812,0.032673,0.006839,-0.198543,-1.375507,0.223708,-0.707830,-0.035856,0.028870,-0.349596,-1.394753,-0.147964,0.354033,-0.024234,-0.022761
0.833333,0.009544,0.029732,0.004443,-0.220908,-1.376272,0.138765,-0.607830,-0.034851,0.024624,-0.346890,-1.396060,-0.149473,0.341360,-0.021661,-0.019551
0.866667,-0.001605,0.025079,-0.002193,-0.225730,-1.370090,0.076646,-0.507830,-0.026809,0.026229,-0.333164,-1.379330,-0.151471,0.345512,-0.014644,-0.016005
0.900000,0.000621,0.030365,-0.002998,-0.231467,-1.362540,0.035568,-0.418554,-0.026324,0.023818,-0.331753,-1.381029,-0.152120,0.344105,-0.011825,-0.013864
0.933333,-0.000988,0.028074,-0.001614,-0.239227,-1.369485,0.011245,-0.354313,-0.031501,0.013534,-0.334786,-1.385970,-0.142723,0.331128,-0.005320,-0.016831
0.966667,-0.002229,0.028533,-0.012250,-0.233796,-1.364494,0.026392,-0.325361,-0.024766,0.007466,-0.339484,-1.385970,-0.139466,0.345899,0.002282,-0.023623
1.000000,0.001671,0.033762,-0.013475,-0.239632,-1.360055,0.062138,-0.333862,-0.025791,0.010663,-0.326938,-1.384995,-0.155690,0.375242,0.005273,-0.017821
1.033333,0.005599,0.040328,-0.007447,-0.246297,-1.369439,0.089220,-0.367060,-0.032294,0.014946,-0.325660,-1.401725,-0.178517,0.404059,-0.001245,-0.023420
1.066667,0.000676,0.044230,-0.013630,-0.266759,-1.376990,0.135261,-0.429535,-0.036139,0.018645,-0.341158,-1.386695,-0.219770,0.459809,-0.001589,-0.030104
1.100000,0.003824,0.048193,-0.012232,-0.308471,-1.382842,0.204549,-0.506975,-0.038725,0.022314,-0.375334,-1.375288,-0.290864,0.548333,-0.001352,-0.024983
1.133333,0.003754,0.046852,-0.003587,-0.366648,-1.386089,0.274365,-0.589126,-0.048452,0.020424,-0.423936,-1.350253,-0.377698,0.636857,-0.007144,-0.025646
1.166667,-0.000419,0.054754,-0.003000,-0.441478,-1.378307,0.348526,-0.673824,-0.049516,0.020764,-0.506776,-1.315864,-0.464532,0.725381,-0.012950,-0.026787
1.200000,-0.003486,0.058251,-0.000229,-0.541478,-1.366367,0.448526,-0.773824,-0.045460,0.020071,-0.606776,-1.288773,-0.564532,0.825382,-0.012392,-0.019706
1.233333,0.002311,0.049357,0.005376,-0.636253,-1.354681,0.548526,-0.869865,-0.045526,0.014405,-0.706776,-1.287903,-0.664532,0.925382,-0.013340,-0.018913
1.266667,0.005135,0.050743,0.002876,-0.711155,-1.343971,0.648526,-0.932414,-0.038205,0.017161,-0.791121,-1.295759,-0.764532,1.025381,-0.022151,-0.024763
1.300000,0.008986,0.050241,0.000919,-0.774622,-1.355671,0.748527,-0.991295,-0.036752,0.015162,-0.845940,-1.299852,-0.864532,1.125381,-0.023518,-0.021366
1.333333,0.009363,0.040362,0.006080,-0.824970,-1.366871,0.848527,-1.027841,-0.035288,0.014801,-0.867542,-1.330416,-0.964532,1.225381,-0.019868,-0.026108
1.366667,0.016597,0.034639,0.004272,-0.846992,-1.374842,0.948527,-1.028998,-0.036856,0.016388,-0.850203,-1.354271,-1.064532,1.285382,-0.024156,-0.037994
1.400000,0.014350,0.036802,0.002483,-0.834239,-1.386528,1.048527,-1.003908,-0.031401,0.017478,-0.792863,-1.370172,-1.164532,1.305382,-0.024661,-0.036737
1.433333,0.012363,0.036128,0.005171,-0.801358,-1.391233,1.148527,-0.972309,-0.036959,0.012296,-0.711180,-1.379854,-1.224532,1.285382,-0.014428,-0.039311
1.466667,0.019754,0.036086,0.007094,-0.739913,-1.375825,1.248527,-0.904379,-0.030612,0.018648,-0.619021,-1.400797,-1.244532,1.225382,-0.015988,-0.034583
1.500000,0.026362,0.039908,0.008095,-0.651587,-1.369775,1.308527,-0.818783,-0.032430,0.012493,-0.520080,-1.405597,-1.224532,1.125382,-0.014486,-0.030513
1.533333,0.016264,0.042716,0.000890,-0.551587,-1.373008,1.328527,-0.742868,-0.036947,0.005366,-0.425583,-1.406438,-1.164532,1.025382,-0.010041,-0.022940
1.566667,0.011277,0.049441,-0.001462,-0.469499,-1.354064,1.308527,-0.672207,-0.038622,0.013287,-0.358589,-1.406438,-1.064532,0.925382,-0.010245,-0.015273
1.600000,0.014103,0.047565,0.000449,-0.391689,-1.334076,1.248527,-0.601546,-0.038518,0.019842,-0.319380,-1.407605,-0.964532,0.825382,-0.011001,-0.008572
1.633333,0.002041,0.041944,-0.003606,-0.323523,-1.326515,1.148527,-0.549861,-0.040337,0.009243,-0.302228,-1.403386,-0.864532,0.725382,-0.008828,-0.016150
1.666667,0.002158,0.039987,-0.015775,-0.274816,-1.308607,1.048527,-0.521434,-0.033083,0.013776,-0.299293,-1.403386,-0.764532,0.625382,-0.008052,-0.016010
1.700000,0.008736,0.038942,-0.005168,-0.250539,-1.287354,0.948527,-0.505341,-0.030303,0.016039,-0.316241,-1.403883,-0.664532,0.525382,-0.004483,-0.012748
1.733333,0.015009,0.030821,-0.002657,-0.223067,-1.280149,0.848527,-0.502327,-0.031161,0.007580,-0.325063,-1.403883,-0.564532,0.427562,-0.002931,-0.023113
1.766667,0.010689,0.034209,-0.008165,-0.231317,-1.292192,0.748823,-0.539313,-0.032624,0.006726,-0.325720,-1.400691,-0.464532,0.369742,-0.004430,-0.023310
1.800000,0.013901,0.036500,-0.006402,-0.269923,-1.299574,0.689120,-0.597323,-0.036866,0.008520,-0.319428,-1.400984,-0.364532,0.318022,-0.002312,-0.022719
1.833333,0.013558,0.038232,0.000315,-0.329070,-1.291691,0.669417,-0.672074,-0.045374,0.006492,-0.315672,-1.398170,-0.264532,0.280331,-0.002581,-0.024657
1.866667,0.007373,0.044328,-0.004499,-0.403787,-1.272666,0.689714,-0.760201,-0.045961,0.013861,-0.299107,-1.391541,-0.186789,0.264249,-0.008049,-0.035400
1.900000,0.005464,0.047670,-0.004370,-0.503787,-1.263498,0.750011,-0.860201,-0.045337,0.015579,-0.282370,-1.391541,-0.123106,0.270680,-0.009171,-0.038402
1.933333,0.008416,0.046469,-0.002548,-0.603787,-1.233790,0.850011,-0.960201,-0.043941,0.015225,-0.267482,-1.394733,-0.077002,0.264857,-0.005719,-0.042235
1.966667,0.011863,0.054820,-0.008164,-0.703787,-1.211044,0.950011,-1.060201,-0.046063,0.019050,-0.261934,-1.398659,-0.049793,0.283750,-0.011176,-0.043246
2.000000,0.007828,0.055925,-0.010483,-0.782342,-1.201484,1.050011,-1.160201,-0.045584,0.017968,-0.249264,-1.401472,-0.045287,0.304695,-0.012164,-0.048865
2.033333,0.019256,0.053818,-0.009750,-0.820897,-1.189085,1.150011,-1.221746,-0.049393,0.010322,-0.250599,-1.410000,-0.035041,0.336432,-0.012682,-0.050407
2.066667,0.025280,0.054553,-0.013756,-0.819452,-1.166798,1.229235,-1.243291,-0.045864,0.015465,-0.261400,-1.410000,-0.028487,0.373225,-0.025109,-0.046155
2.100000,0.025199,0.053602,-0.013642,-0.778008,-1.166585,1.268459,-1.224836,-0.045063,0.009517,-0.261280,-1.399768,-0.027985,0.392647,-0.030171,-0.043014
2.133333,0.024498,0.041119,-0.008562,-0.696563,-1.150472,1.267683,-1.166381,-0.045462,0.005834,-0.264136,-1.377430,-0.033481,0.406292,-0.025796,-0.048203
2.166667,0.029258,0.036665,-0.006592,-0.596563,-1.135725,1.226907,-1.067926,-0.048630,0.002826,-0.276404,-1.366795,-0.023322,0.420489,-0.031719,-0.044075
2.200000,0.026201,0.031701,-0.003369,-0.496563,-1.133335,1.146131,-0.967926,-0.044572,0.004712,-0.280730,-1.353948,-0.019319,0.429996,-0.028205,-0.034736
2.233333,0.020677,0.032301,0.005132,-0.396563,-1.122246,1.046131,-0.867926,-0.046386,-0.000740,-0.277517,-1.334664,-0.014926,0.431336,-0.016115,-0.030203
2.266667,0.031860,0.039522,0.012513,-0.297660,-1.077423,0.946131,-0.767926,-0.042461,0.015620,-0.273378,-1.332399,-0.006206,0.448981,-0.019467,-0.025281
2.300000,0.030317,0.046376,0.018158,-0.220249,-1.047302,0.846131,-0.681160,-0.041050,0.021948,-0.272871,-1.322241,0.004801,0.449656,-0.021342,-0.018028
2.333333,0.024458,0.048328,0.011244,-0.154748,-1.006060,0.746131,-0.621777,-0.033059,0.023890,-0.268117,-1.299567,0.012886,0.457470,-0.016123,-0.015019
2.366667,0.021124,0.056553,0.010526,-0.121615,-0.951537,0.646131,-0.602395,-0.038499,0.028950,-0.277070,-1.266763,0.006424,0.466268,-0.016406,-0.012608
2.400000,0.020164,0.051471,0.009661,-0.094468,-0.904784,0.546130,-0.623012,-0.039838,0.027832,-0.289184,-1.227267,-0.000824,0.453483,-0.016066,-0.013772
2.433333,0.008770,0.044902,0.000626,-0.084145,-0.870488,0.446130,-0.683630,-0.043235,0.017548,-0.315142,-1.162626,-0.006619,0.429641,-0.008188,-0.016461
2.466667,0.006750,0.046283,-0.006741,-0.076450,-0.823004,0.346130,-0.771014,-0.042083,0.014070,-0.322206,-1.104131,-0.024735,0.427473,-0.010751,-0.009601
2.500000,0.004340,0.043984,0.001424,-0.066550,-0.776294,0.246130,-0.871014,-0.045166,0.015187,-0.336010,-1.038525,-0.038788,0.430062,-0.009801,-0.012872
2.533333,0.004823,0.039126,-0.001314,-0.035790,-0.745474,0.146131,-0.971014,-0.041362,0.011761,-0.330208,-0.980102,-0.041074,0.443093,-0.009513,-0.015259
2.566667,0.004988,0.038581,-0.002265,-0.032003,-0.724486,0.046131,-1.071014,-0.037076,0.017010,-0.315974,-0.914808,-0.041341,0.496125,-0.015290,-0.010536
2.600000,0.002600,0.036034,-0.000731,-0.026958,-0.692869,-0.045827,-1.171014,-0.039519,0.012061,-0.288351,-0.847871,-0.036745,0.573535,-0.017243,-0.014918
2.633333,0.002118,0.033869,0.004305,-0.024120,-0.655768,-0.116799,-1.254773,-0.040964,0.011838,-0.274785,-0.774789,-0.023346,0.661201,-0.013946,-0.025723
2.666667,0.004013,0.039114,0.001892,-0.038650,-0.645076,-0.147770,-1.309071,-0.038743,0.015724,-0.260421,-0.703727,-0.020515,0.760340,-0.021227,-0.028064
2.700000,0.004642,0.039970,0.003489,-0.062457,-0.641379,-0.171132,-1.348985,-0.037446,0.013410,-0.235457,-0.620512,-0.000835,0.860340,-0.020252,-0.029376
2.733333,0.010629,0.040659,-0.001198,-0.073607,-0.636660,-0.161240,-1.351984,-0.040295,0.008766,-0.230887,-0.577296,0.013102,0.960340,-0.015728,-0.038053
2.766667,0.014669,0.044293,-0.006879,-0.108094,-0.670114,-0.119391,-1.324462,-0.039904,0.007327,-0.216243,-0.574080,0.037281,1.060340,-0.019532,-0.035030
2.800000,0.014394,0.047086,-0.009301,-0.156255,-0.741677,-0.058527,-1.303150,-0.040931,0.006221,-0.188789,-0.610864,0.057153,1.120340,-0.019995,-0.036392
2.833333,0.011363,0.043439,-0.006585,-0.217343,-0.820549,0.002336,-1.291803,-0.040634,0.003883,-0.166949,-0.673551,0.075559,1.142042,-0.020391,-0.030552
2.866667,0.014030,0.048248,-0.005543,-0.297645,-0.904242,0.095590,-1.255583,-0.039920,0.009960,-0.181039,-0.773551,0.062570,1.123745,-0.025974,-0.031067
2.900000,0.010334,0.051793,-0.002051,-0.381244,-1.004242,0.195590,-1.216279,-0.040587,0.009508,-0.198875,-0.873551,0.031452,1.065448,-0.025142,-0.031394
2.933333,0.008691,0.050776,0.003995,-0.444842,-1.086093,0.295590,-1.171065,-0.037955,0.011452,-0.256710,-0.973551,-0.036919,0.969981,-0.021707,-0.035858
2.966667,0.010412,0.053565,-0.003230,-0.468441,-1.127944,0.355590,-1.095883,-0.040226,0.020932,-0.301132,-1.033551,-0.114861,0.914514,-0.012026,-0.027807
3.000000,0.016469,0.058455,-0.012957,-0.452040,-1.129794,0.375590,-1.000195,-0.048111,0.033249,-0.319206,-1.053551,-0.214861,0.897345,-0.008266,-0.021566
3.033333,0.012391,0.057416,-0.027027,-0.395638,-1.097187,0.355590,-0.903765,-0.060607,0.036189,-0.299206,-1.033551,-0.314861,0.920175,-0.001218,-0.015972
3.066667,0.004881,0.061895,-0.043351,-0.315638,-1.039974,0.315253,-0.820484,-0.069220,0.044584,-0.239206,-0.973551,-0.414861,0.983006,0.006316,-0.008851
3.100000,0.003009,0.063638,-0.057707,-0.224778,-0.966831,0.254852,-0.753598,-0.082998,0.050034,-0.139206,-0.873551,-0.491158,1.083006,0.006442,0.000003
3.133333,0.000215,0.062798,-0.060893,-0.153316,-0.922424,0.205763,-0.705948,-0.086270,0.046598,-0.039206,-0.773551,-0.527456,1.183006,-0.001589,-0.000383
3.166667,-0.017225,0.060468,-0.073820,-0.094103,-0.894687,0.193449,-0.674283,-0.084435,0.032491,0.060794,-0.673551,-0.532975,1.283006,0.002225,-0.010079
3.200000,-0.017331,0.061034,-0.075047,-0.069454,-0.866542,0.198988,-0.664723,-0.077160,0.026250,0.160794,-0.573551,-0.513447,1.372044,0.007860,-0.002024
3.233333,-0.013680,0.057744,-0.067937,-0.056951,-0.856416,0.193707,-0.665895,-0.075486,0.023896,0.260794,-0.473551,-0.459599,1.436204,0.003724,-0.002886
3.266667,-0.019302,0.058766,-0.070206,-0.035308,-0.862880,0.175619,-0.667632,-0.067281,0.020476,0.360794,-0.373551,-0.389453,1.464239,0.000661,-0.000223
3.300000,-0.022536,0.067043,-0.071294,-0.034267,-0.845809,0.178344,-0.672053,-0.066927,0.025202,0.460794,-0.273551,-0.342743,1.488673,0.007674,0.004496
3.333333,-0.009657,0.066457,-0.058062,-0.037885,-0.834022,0.162896,-0.685490,-0.068027,0.029915,0.560794,-0.173551,-0.294315,1.475684,0.005786,0.006366
3.366667,-0.005197,0.064618,-0.053460,-0.023465,-0.817102,0.144414,-0.684467,-0.060676,0.042070,0.660794,-0.073551,-0.251667,1.442332,-0.004549,-0.002850
3.400000,-0.004119,0.073138,-0.053569,-0.018349,-0.800706,0.147733,-0.693310,-0.062162,0.044087,0.760794,0.026449,-0.235718,1.416843,-0.011404,0.004238
3.433333,-0.000607,0.071095,-0.044376,-0.033231,-0.776079,0.159963,-0.705659,-0.061154,0.049753,0.860794,0.090280,-0.219769,1.411403,-0.005536,-0.003542
3.466667,0.004407,0.065625,-0.039005,-0.024314,-0.759437,0.164160,-0.716080,-0.058997,0.044803,0.960794,0.137319,-0.205646,1.386786,-0.009225,-0.007688
3.500000,0.006376,0.066250,-0.039890,-0.024608,-0.745371,0.176296,-0.725821,-0.058203,0.045326,1.060794,0.183688,-0.217599,1.379079,-0.007368,0.001325
3.533333,0.002362,0.067933,-0.037896,-0.024358,-0.745152,0.195364,-0.744856,-0.067724,0.036102,1.160794,0.190057,-0.211325,1.380111,-0.001291,0.002969
3.566667,0.009230,0.064082,-0.034516,-0.026662,-0.731144,0.209584,-0.754253,-0.062186,0.040255,1.260794,0.169007,-0.194827,1.385936,0.001244,-0.000023
3.600000,0.011084,0.066709,-0.032940,-0.030123,-0.721733,0.241698,-0.760385,-0.063050,0.040823,1.360794,0.166214,-0.210022,1.381687,-0.003459,0.004889
3.633333,0.010289,0.063573,-0.035396,-0.036038,-0.704646,0.289720,-0.783321,-0.066920,0.039730,1.460794,0.161463,-0.220880,1.360216,-0.007222,0.005547
3.666667,0.011574,0.064557,-0.035878,-0.037242,-0.682460,0.351198,-0.800478,-0.067839,0.044063,1.560794,0.122625,-0.222333,1.333349,-0.009179,-0.003640
3.700000,0.017554,0.060489,-0.040633,-0.043658,-0.657838,0.430928,-0.839490,-0.069104,0.039177,1.660794,0.103264,-0.239794,1.293637,-0.011469,-0.006881
3.733333,0.011015,0.057042,-0.045101,-0.050699,-0.639704,0.524861,-0.884124,-0.074616,0.035149,1.760794,0.099339,-0.252826,1.234069,-0.007718,-0.007261
3.766667,0.007241,0.059975,-0.054139,-0.047389,-0.617074,0.624861,-0.920215,-0.073812,0.038087,1.860794,0.092367,-0.250625,1.171548,-0.009274,-0.005446
3.800000,0.009477,0.066738,-0.054387,-0.064166,-0.614590,0.721374,-0.950844,-0.071337,0.048520,1.960794,0.070614,-0.245126,1.128330,-0.006480,-0.000200
3.833333,0.006228,0.065033,-0.058856,-0.071691,-0.629016,0.796053,-0.990668,-0.073173,0.045972,2.060794,0.054732,-0.231976,1.093904,-0.002374,0.003097
3.866667,-0.002066,0.059642,-0.065298,-0.073014,-0.663221,0.837483,-1.005105,-0.064354,0.047186,2.160794,0.035963,-0.214463,1.074459,0.002869,0.009689
3.900000,0.001874,0.062304,-0.064957,-0.071698,-0.710788,0.838913,-0.989812,-0.060167,0.043471,2.260794,-0.010823,-0.189020,1.067545,0.004743,0.009814
3.933333,0.002844,0.054212,-0.061307,-0.077513,-0.783975,0.800343,-0.973377,-0.061958,0.030959,2.320794,-0.076651,-0.147116,1.062884,0.009376,0.001298
3.966667,-0.002867,0.048175,-0.068022,-0.074379,-0.857800,0.725260,-0.940149,-0.050421,0.020436,2.340794,-0.148946,-0.096989,1.078919,0.014155,-0.007013
4.000000,-0.001141,0.049164,-0.062016,-0.083980,-0.935283,0.632011,-0.894437,-0.046053,0.021981,2.320794,-0.232357,-0.052184,1.112073,0.014433,-0.005578
4.033333,0.000974,0.054197,-0.051617,-0.090984,-1.021577,0.532011,-0.851225,-0.050284,0.023313,2.260794,-0.332357,0.006775,1.153895,0.006890,-0.014664
4.066667,-0.005845,0.055864,-0.052883,-0.099182,-1.092163,0.435454,-0.846563,-0.053146,0.025012,2.160794,-0.432357,0.049270,1.211519,0.002721,-0.021686
4.100000,-0.002778,0.058747,-0.043592,-0.124577,-1.149182,0.378896,-0.857043,-0.052130,0.027918,2.060794,-0.532357,0.055562,1.285090,0.002593,-0.014420
4.133333,0.001129,0.056632,-0.029617,-0.145317,-1.181248,0.337921,-0.878823,-0.060334,0.028503,1.960794,-0.632357,0.061141,1.327050,-0.005846,-0.016469
4.166667,0.002881,0.063103,-0.024133,-0.164403,-1.194249,0.336945,-0.903383,-0.062250,0.027551,1.860794,-0.718672,0.051601,1.335753,-0.016746,-0.016490
4.200000,0.001490,0.063711,-0.018674,-0.197235,-1.196070,0.373608,-0.940180,-0.055879,0.027491,1.760794,-0.795742,0.015013,1.316238,-0.019348,-0.008595
4.233333,0.011202,0.053525,-0.010511,-0.228907,-1.195610,0.428007,-0.960420,-0.052672,0.018047,1.660794,-0.868725,-0.009688,1.260465,-0.018158,-0.008667
4.266667,0.015821,0.052977,-0.013816,-0.237627,-1.189538,0.466727,-0.954434,-0.045211,0.021850,1.560794,-0.929963,-0.015592,1.175597,-0.027469,-0.015417
4.300000,0.020762,0.050041,-0.015643,-0.253645,-1.207241,0.528843,-0.939924,-0.044043,0.016672,1.460794,-0.971199,-0.043647,1.082338,-0.027725,-0.012765
4.333333,0.020217,0.038334,-0.011411,-0.273725,-1.223993,0.572830,-0.918404,-0.041094,0.015290,1.360794,-1.026121,-0.049265,0.982338,-0.018968,-0.018145
4.366667,0.029477,0.031955,-0.011443,-0.286818,-1.226647,0.579586,-0.869278,-0.044533,0.016472,1.260794,-1.069448,-0.044526,0.882338,-0.020779,-0.031330
4.400000,0.025295,0.031916,-0.012511,-0.291367,-1.233097,0.587975,-0.802381,-0.042121,0.020722,1.160794,-1.112440,-0.049541,0.782338,-0.022057,-0.031344
4.433333,0.023608,0.030080,-0.007936,-0.291956,-1.225940,0.600888,-0.736608,-0.047933,0.015961,1.060794,-1.131780,-0.068399,0.682338,-0.011023,-0.033156
4.466667,0.028077,0.030898,-0.004126,-0.271877,-1.200543,0.597221,-0.662553,-0.040094,0.023409,0.960794,-1.146796,-0.076017,0.582338,-0.013008,-0.027606
4.500000,0.033290,0.033791,-0.001753,-0.247082,-1.181134,0.571683,-0.588480,-0.039409,0.018208,0.860794,-1.145830,-0.082426,0.482338,-0.012457,-0.023452
4.533333,0.021301,0.036345,-0.008754,-0.219516,-1.173803,0.545736,-0.537174,-0.038852,0.013681,0.760794,-1.130229,-0.087433,0.399479,-0.007140,-0.012291
4.566667,0.014940,0.043618,-0.011356,-0.213551,-1.146834,0.507660,-0.507105,-0.038043,0.021774,0.660794,-1.108861,-0.081191,0.356620,-0.006660,-0.002095
4.600000,0.014620,0.043777,-0.009972,-0.204893,-1.133149,0.445078,-0.481199,-0.037907,0.027616,0.560794,-1.100969,-0.069826,0.353761,-0.009327,0.005450
4.633333,0.004392,0.038192,-0.015556,-0.195129,-1.138947,0.368803,-0.483340,-0.039926,0.017660,0.460794,-1.083811,-0.045848,0.390902,-0.005228,-0.001688
4.666667,0.004375,0.038622,-0.028753,-0.181814,-1.141420,0.326383,-0.499713,-0.034979,0.021768,0.360794,-1.073961,-0.034604,0.468043,-0.005801,-0.001099
4.700000,0.007944,0.039090,-0.018560,-0.180511,-1.146947,0.301081,-0.525709,-0.036390,0.023371,0.260794,-1.071544,-0.026465,0.568043,-0.006265,0.000082
4.733333,0.014892,0.032841,-0.015215,-0.159337,-1.166989,0.285462,-0.559527,-0.038257,0.014248,0.160794,-1.066417,-0.016170,0.668043,-0.006486,-0.011913
4.766667,0.013162,0.035874,-0.019918,-0.172632,-1.197742,0.305505,-0.628058,-0.038947,0.013318,0.065490,-1.055939,-0.004467,0.768043,-0.007173,-0.013128
4.800000,0.015890,0.038533,-0.015991,-0.215269,-1.220522,0.356843,-0.699505,-0.044432,0.015273,-0.013220,-1.062379,-0.007170,0.868043,-0.007960,-0.011545
4.833333,0.013606,0.039379,-0.008189,-0.278872,-1.229169,0.414325,-0.785716,-0.053201,0.012291,-0.082948,-1.065460,-0.006891,0.968043,-0.009693,-0.013239
4.866667,0.009636,0.045640,-0.012352,-0.354077,-1.229556,0.494690,-0.878997,-0.051683,0.017796,-0.140909,-1.074013,-0.017634,1.068043,-0.012494,-0.024248
4.900000,0.007315,0.047220,-0.010743,-0.454077,-1.238673,0.594690,-0.978997,-0.050141,0.017832,-0.192404,-1.091660,-0.033899,1.168043,-0.014813,-0.025637
4.933333,0.008161,0.045248,-0.007175,-0.554077,-1.233290,0.694690,-1.078997,-0.049362,0.017113,-0.234987,-1.122741,-0.046149,1.268043,-0.011775,-0.027976
4.966667,0.011018,0.053413,-0.012139,-0.654077,-1.234093,0.794690,-1.178997,-0.050671,0.020511,-0.280234,-1.144284,-0.053397,1.368043,-0.018590,-0.030305
5.000000,0.008821,0.053880,-0.013254,-0.754077,-1.246041,0.894690,-1.278997,-0.050373,0.019078,-0.306650,-1.165176,-0.058558,1.448435,-0.018466,-0.035246
5.033333,0.021615,0.051276,-0.011929,-0.844827,-1.249269,0.994690,-1.357866,-0.056147,0.012020,-0.320252,-1.193235,-0.048938,1.508826,-0.021453,-0.039259
5.066667,0.028628,0.052982,-0.016850,-0.911746,-1.233833,1.094690,-1.417173,-0.055899,0.019136,-0.306541,-1.215797,-0.035026,1.549217,-0.032456,-0.037829
5.100000,0.028524,0.053942,-0.018109,-0.945627,-1.233524,1.194690,-1.447419,-0.055950,0.012757,-0.269334,-1.222456,-0.028712,1.549609,-0.035919,-0.040794
5.133333,0.028513,0.042975,-0.014963,-0.950112,-1.211465,1.294690,-1.451026,-0.058316,0.009878,-0.226999,-1.227575,-0.031857,1.510000,-0.028425,-0.049286
5.166667,0.036896,0.040889,-0.015630,-0.940164,-1.188599,1.394690,-1.444109,-0.061784,0.004087,-0.188252,-1.243459,-0.030116,1.450000,-0.031764,-0.052175
5.200000,0.034977,0.038384,-0.014061,-0.913041,-1.179208,1.494690,-1.431233,-0.057595,0.004236,-0.149630,-1.256697,-0.037901,1.370000,-0.025962,-0.045396
5.233333,0.031074,0.042046,-0.007462,-0.883596,-1.172726,1.594690,-1.406644,-0.054888,-0.002212,-0.132251,-1.259976,-0.054237,1.270000,-0.011890,-0.046461
5.266667,0.043837,0.050031,-0.002294,-0.880650,-1.142126,1.673816,-1.380114,-0.048762,0.011934,-0.124884,-1.290853,-0.064604,1.170000,-0.015392,-0.043889
5.300000,0.045728,0.057972,0.002919,-0.887841,-1.144044,1.728282,-1.380224,-0.046056,0.016020,-0.131326,-1.314369,-0.068622,1.070000,-0.016549,-0.040540
5.333333,0.037884,0.060549,-0.004667,-0.888716,-1.138061,1.769023,-1.375845,-0.036701,0.019137,-0.137891,-1.326610,-0.071601,0.970000,-0.009641,-0.037284
5.366667,0.034216,0.068372,-0.005460,-0.911676,-1.129294,1.799308,-1.366883,-0.041702,0.026171,-0.163500,-1.336163,-0.081704,0.870000,-0.007224,-0.036377
5.400000,0.033122,0.063224,-0.005990,-0.939256,-1.134135,1.804990,-1.380893,-0.046662,0.025462,-0.186883,-1.344991,-0.079244,0.770000,-0.004087,-0.037645
5.433333,0.022486,0.058751,-0.014513,-0.948760,-1.148041,1.807031,-1.401384,-0.052385,0.018294,-0.220494,-1.325651,-0.071497,0.670000,0.005487,-0.039989
5.466667,0.018316,0.060945,-0.021805,-0.969967,-1.147853,1.818333,-1.413615,-0.051572,0.015876,-0.231371,-1.325122,-0.074796,0.570000,0.003359,-0.030947
5.500000,0.016867,0.060450,-0.012701,-0.990660,-1.159238,1.822182,-1.414552,-0.055096,0.020689,-0.251283,-1.330120,-0.067961,0.470000,0.001818,-0.035025
5.533333,0.016289,0.057062,-0.014848,-0.979391,-1.173720,1.808042,-1.424038,-0.051234,0.018315,-0.251378,-1.339318,-0.066793,0.370000,0.000811,-0.038132
5.566667,0.015227,0.054963,-0.015826,-0.976582,-1.187430,1.799727,-1.422683,-0.046637,0.023655,-0.243527,-1.342407,-0.093757,0.310000,-0.006670,-0.034021
5.600000,0.012458,0.050741,-0.012815,-0.970701,-1.194956,1.788807,-1.418618,-0.046838,0.017338,-0.227726,-1.355990,-0.137365,0.290000,-0.010101,-0.036366
5.633333,0.013737,0.048309,-0.006617,-0.952127,-1.181365,1.768301,-1.396170,-0.049655,0.017008,-0.227414,-1.351711,-0.189000,0.310000,-0.005580,-0.046823
5.666667,0.014559,0.051502,-0.008467,-0.914815,-1.171084,1.748098,-1.360027,-0.046083,0.018351,-0.238861,-1.339783,-0.275711,0.370000,-0.010965,-0.047042
5.700000,0.012717,0.048601,-0.006304,-0.873804,-1.170730,1.716341,-1.319739,-0.046128,0.014615,-0.260358,-1.319638,-0.365471,0.470000,-0.011345,-0.045247
5.733333,0.018794,0.048333,-0.010414,-0.809405,-1.157414,1.669214,-1.261972,-0.047863,0.011204,-0.303241,-1.324797,-0.459163,0.570000,-0.008329,-0.050391
5.766667,0.018402,0.049181,-0.014896,-0.741401,-1.172044,1.609206,-1.207894,-0.047969,0.010543,-0.347599,-1.315031,-0.559163,0.670000,-0.010294,-0.046555
5.800000,0.016267,0.048144,-0.015806,-0.659213,-1.202301,1.534184,-1.145284,-0.045615,0.011097,-0.402190,-1.313332,-0.659163,0.770000,-0.013821,-0.039578
5.833333,0.011310,0.043036,-0.011408,-0.597690,-1.211342,1.440037,-1.101445,-0.045548,0.008191,-0.442831,-1.305299,-0.759163,0.863957,-0.016163,-0.028711
5.866667,0.013635,0.045608,-0.007743,-0.550332,-1.213886,1.345889,-1.044975,-0.043699,0.014268,-0.477739,-1.322017,-0.859163,0.950167,-0.020749,-0.023556
5.900000,0.004702,0.046256,-0.002691,-0.499436,-1.237981,1.245889,-0.991011,-0.044141,0.010106,-0.489056,-1.301839,-0.959163,0.996376,-0.020964,-0.018467
5.933333,0.002537,0.042866,0.003049,-0.447099,-1.243529,1.145889,-0.940589,-0.041215,0.009361,-0.503710,-1.296401,-1.059163,1.020082,-0.020847,-0.018905
5.966667,0.005893,0.038302,0.007107,-0.429195,-1.233325,1.085889,-0.925341,-0.033402,0.007851,-0.480630,-1.277061,-1.119163,1.003788,-0.010040,-0.018640
6.000000,0.017407,0.036418,0.010778,-0.430626,-1.249318,1.065889,-0.925170,-0.033709,0.013156,-0.437701,-1.239370,-1.139163,0.953537,-0.006281,-0.019409
6.033333,0.019611,0.032639,0.008839,-0.456327,-1.258537,1.077214,-0.950040,-0.034483,0.006535,-0.390459,-1.161679,-1.119163,0.871033,0.002133,-0.021868
6.066667,0.021628,0.033873,0.006877,-0.497671,-1.251731,1.108004,-0.984331,-0.035437,0.010362,-0.350023,-1.081679,-1.059163,0.788530,0.008023,-0.021523
6.100000,0.028890,0.032904,0.006243,-0.539286,-1.240629,1.138794,-1.005061,-0.041634,0.013340,-0.306235,-1.014512,-0.959163,0.693389,0.011303,-0.018639
6.133333,0.027201,0.035708,0.003289,-0.556987,-1.262537,1.129584,-1.004097,-0.049079,0.014209,-0.283371,-0.971182,-0.859163,0.614930,0.005047,-0.018975
6.166667,0.012303,0.037065,-0.010538,-0.535782,-1.273352,1.090127,-0.972408,-0.047803,0.003094,-0.277193,-0.943447,-0.759163,0.555896,0.009820,-0.024199
6.200000,0.012080,0.036201,-0.013654,-0.502714,-1.279859,1.019346,-0.925628,-0.045858,0.001095,-0.273055,-0.955713,-0.659163,0.512424,0.012993,-0.013461
6.233333,0.014657,0.032660,-0.009596,-0.464316,-1.301758,0.929100,-0.885062,-0.046856,-0.000154,-0.268979,-0.999085,-0.559163,0.483619,0.009357,-0.011397
6.266667,0.008599,0.033707,-0.014681,-0.418382,-1.336144,0.838853,-0.844435,-0.040960,-0.006629,-0.259407,-1.023783,-0.459163,0.460378,0.003790,-0.008284
6.300000,0.008020,0.040704,-0.016130,-0.393229,-1.351967,0.759878,-0.802540,-0.039250,-0.001237,-0.262665,-1.064646,-0.361453,0.460454,0.006491,-0.000119
6.333333,0.016746,0.039697,-0.004935,-0.378698,-1.369782,0.679248,-0.777582,-0.042223,0.004315,-0.261218,-1.120532,-0.279209,0.449172,0.004527,0.002928
6.366667,0.019249,0.039511,-0.002542,-0.349069,-1.369245,0.598617,-0.746144,-0.035705,0.014597,-0.258954,-1.156450,-0.222183,0.443252,-0.005321,-0.005222
6.400000,0.019619,0.048078,-0.004124,-0.327005,-1.374022,0.533948,-0.725134,-0.037099,0.016849,-0.245979,-1.173260,-0.200988,0.449935,-0.010340,0.003715
6.433333,0.022865,0.045945,0.003708,-0.322533,-1.365288,0.475481,-0.718262,-0.037913,0.022400,-0.244880,-1.214638,-0.184870,0.475565,-0.005236,0.000140
6.466667,0.025749,0.041239,0.005787,-0.295525,-1.354593,0.417381,-0.715109,-0.036843,0.017820,-0.242170,-1.233753,-0.194780,0.488778,-0.005875,-0.003443
6.500000,0.028911,0.040585,0.005161,-0.280016,-1.348656,0.359258,-0.712770,-0.036413,0.020238,-0.235751,-1.227566,-0.227928,0.520189,-0.005290,0.007064
6.533333,0.024919,0.040348,0.007157,-0.263928,-1.352953,0.302730,-0.717423,-0.043884,0.013241,-0.228343,-1.229191,-0.251418,0.567493,-0.002591,0.009881
6.566667,0.029414,0.035237,0.010685,-0.251535,-1.336399,0.240751,-0.711919,-0.036364,0.016847,-0.234031,-1.240165,-0.279077,0.627526,-0.000713,0.005690
6.600000,0.030603,0.036941,0.014103,-0.240441,-1.321387,0.187777,-0.701014,-0.030501,0.024122,-0.247001,-1.218748,-0.341658,0.698189,-0.005559,0.009331
6.633333,0.026192,0.031789,0.013250,-0.226725,-1.296054,0.133809,-0.698220,-0.031825,0.024083,-0.243050,-1.179592,-0.415920,0.781269,-0.011653,0.010370
6.666667,0.022846,0.030826,0.014405,-0.208849,-1.257758,0.110991,-0.674895,-0.028576,0.024833,-0.267931,-1.135121,-0.491480,0.878084,-0.016395,0.000192
6.700000,0.026198,0.027327,0.012362,-0.203757,-1.225044,0.088394,-0.658211,-0.026871,0.017331,-0.317804,-1.076146,-0.591480,0.978084,-0.016600,-0.001265
6.733333,0.017745,0.022636,0.011259,-0.197493,-1.197538,0.072484,-0.643310,-0.029365,0.012045,-0.360013,-1.001464,-0.691480,1.078084,-0.013480,-0.000376
6.766667,0.009020,0.020956,0.003792,-0.183675,-1.157761,0.065487,-0.613903,-0.026867,0.009364,-0.389187,-0.929189,-0.791480,1.175976,-0.018382,-0.000854
6.800000,0.006237,0.025397,0.006485,-0.192057,-1.134387,0.068963,-0.576920,-0.023414,0.016931,-0.419842,-0.896913,-0.891480,1.238292,-0.019438,0.003605
6.833333,0.002118,0.020847,0.002802,-0.195649,-1.126728,0.047893,-0.564078,-0.022140,0.011872,-0.427199,-0.890712,-0.971013,1.268453,-0.015015,0.004728
6.866667,-0.007110,0.017798,-0.003866,-0.186582,-1.115772,0.045685,-0.551345,-0.016408,0.014103,-0.395993,-0.878628,-1.010546,1.258615,-0.011200,0.010162
6.900000,-0.001929,0.024597,-0.006728,-0.184552,-1.094865,0.050356,-0.535404,-0.016873,0.010627,-0.358088,-0.900904,-1.010080,1.208776,-0.010660,0.008270
6.933333,0.000687,0.023519,-0.004740,-0.188563,-1.087543,0.043996,-0.536379,-0.022970,0.003080,-0.326609,-0.922142,-0.969613,1.121046,-0.001992,0.003688
6.966667,0.001999,0.024870,-0.016351,-0.182535,-1.061651,0.049412,-0.537113,-0.018168,-0.004248,-0.305588,-0.927526,-0.889146,1.028890,0.008112,-0.002692
7.000000,0.008416,0.031575,-0.016340,-0.182905,-1.027974,0.060208,-0.526936,-0.022855,-0.000159,-0.276842,-0.908120,-0.789146,0.928891,0.013103,0.001319
7.033333,0.015095,0.036937,-0.010952,-0.184524,-1.011203,0.053529,-0.515266,-0.030144,0.004070,-0.267530,-0.904056,-0.689146,0.828891,0.011545,-0.005487
7.066667,0.011143,0.039210,-0.016094,-0.176832,-1.002826,0.047871,-0.507913,-0.035610,0.010793,-0.270125,-0.875709,-0.589146,0.728890,0.011719,-0.009002
7.100000,0.014669,0.041235,-0.014058,-0.179732,-1.001165,0.069122,-0.504323,-0.039688,0.014432,-0.274684,-0.857573,-0.489146,0.628890,0.013461,-0.001424
7.133333,0.015817,0.038261,-0.004415,-0.179405,-0.999505,0.060040,-0.498876,-0.049574,0.015497,-0.266406,-0.832786,-0.389146,0.528890,0.005578,-0.001737
7.166667,0.013246,0.045210,-0.002864,-0.178612,-1.003580,0.070900,-0.500576,-0.052226,0.017292,-0.268945,-0.824738,-0.302671,0.455027,-0.003638,-0.001777
7.200000,0.010988,0.047538,0.000385,-0.193572,-1.005983,0.117373,-0.526461,-0.047672,0.017177,-0.264679,-0.823118,-0.233947,0.398398,-0.005315,0.004026
7.233333,0.016761,0.038790,0.005854,-0.220266,-1.011882,0.173494,-0.567664,-0.044728,0.009871,-0.262241,-0.844359,-0.176667,0.373661,-0.004932,0.003142
7.266667,0.022622,0.041944,0.001348,-0.258991,-1.016804,0.229614,-0.627578,-0.037917,0.011598,-0.246540,-0.873943,-0.131853,0.383116,-0.016087,-0.005409
7.300000,0.027540,0.043540,-0.002367,-0.317072,-1.045294,0.323175,-0.708297,-0.037591,0.007025,-0.233588,-0.902076,-0.116167,0.425561,-0.013960,-0.005774
7.333333,0.029850,0.037679,-0.000283,-0.394955,-1.064971,0.416736,-0.808297,-0.033952,0.005269,-0.215919,-0.950269,-0.103658,0.481870,-0.006872,-0.013236
7.366667,0.037597,0.034350,-0.002973,-0.484817,-1.075304,0.511478,-0.908297,-0.037058,0.006904,-0.211617,-0.989559,-0.090208,0.558658,-0.011610,-0.026185
7.400000,0.035406,0.038578,-0.005573,-0.584817,-1.088903,0.611478,-1.008297,-0.035616,0.008093,-0.193901,-1.025119,-0.094523,0.615672,-0.015139,-0.028102
7.433333,0.033827,0.039818,-0.001441,-0.666633,-1.088183,0.711478,-1.108297,-0.044034,0.002843,-0.182880,-1.036988,-0.118517,0.654965,-0.002837,-0.032224
7.466667,0.042804,0.041533,0.001654,-0.708448,-1.078800,0.811478,-1.168297,-0.036773,0.009438,-0.175974,-1.059253,-0.137170,0.675976,-0.008372,-0.028664
7.500000,0.048174,0.044641,0.003907,-0.710263,-1.091053,0.911478,-1.188297,-0.037948,0.004610,-0.168396,-1.079259,-0.150323,0.663698,-0.011039,-0.028653
7.533333,0.038428,0.048065,-0.003180,-0.672079,-1.124240,1.011478,-1.168297,-0.041102,-0.001013,-0.147495,-1.089969,-0.162055,0.633063,-0.005759,-0.023482
7.566667,0.033411,0.054619,-0.004736,-0.593894,-1.145862,1.071478,-1.108297,-0.043009,0.008471,-0.141800,-1.105831,-0.165137,0.616287,-0.003709,-0.014124
7.600000,0.033123,0.052338,-0.002628,-0.493894,-1.182357,1.091478,-1.008297,-0.040396,0.015794,-0.137892,-1.149392,-0.170766,0.583156,-0.006029,-0.004934
7.633333,0.019510,0.044692,-0.006233,-0.393894,-1.212672,1.071478,-0.908297,-0.041495,0.006600,-0.140731,-1.173429,-0.189772,0.552378,-0.000746,-0.010508
7.666667,0.017512,0.040856,-0.017547,-0.303223,-1.202988,1.011478,-0.808297,-0.036605,0.010561,-0.169163,-1.171034,-0.237576,0.554890,0.000678,-0.005694
7.700000,0.019533,0.037033,-0.005346,-0.240457,-1.153303,0.911478,-0.716606,-0.032602,0.013131,-0.223486,-1.157608,-0.309992,0.578045,0.000691,-0.000049
7.733333,0.022441,0.026238,-0.000703,-0.184391,-1.085857,0.811478,-0.664915,-0.030257,0.004073,-0.292306,-1.104309,-0.401848,0.615222,-0.002358,-0.007029
7.766667,0.014343,0.025484,-0.003319,-0.150827,-1.008942,0.711478,-0.653225,-0.027823,0.004565,-0.380239,-1.022425,-0.499013,0.692285,-0.008593,-0.006570
7.800000,0.012527,0.023984,0.002242,-0.141005,-0.924910,0.611478,-0.681534,-0.029295,0.006816,-0.480239,-0.935028,-0.599013,0.792285,-0.013168,-0.002761
7.833333,0.006207,0.021726,0.011121,-0.154358,-0.847986,0.511478,-0.749843,-0.032540,0.005225,-0.580239,-0.838241,-0.699013,0.892285,-0.017288,-0.002443
7.866667,-0.003934,0.024334,0.008878,-0.166748,-0.786407,0.411478,-0.849843,-0.031272,0.009433,-0.680239,-0.741453,-0.799013,0.992285,-0.024825,-0.008017
7.900000,-0.008110,0.025058,0.010460,-0.199003,-0.746983,0.311478,-0.949843,-0.030635,0.009695,-0.780239,-0.644539,-0.899013,1.092285,-0.026512,-0.007270
7.933333,-0.007969,0.022114,0.013417,-0.234118,-0.707788,0.211478,-1.049843,-0.028748,0.006750,-0.880239,-0.547446,-0.999013,1.192285,-0.021079,-0.008048
7.966667,-0.006853,0.030275,0.007028,-0.259667,-0.689797,0.111478,-1.149843,-0.031144,0.008332,-0.980239,-0.448951,-1.099013,1.292285,-0.026505,-0.006943
8.000000,-0.011376,0.031979,0.004684,-0.270562,-0.682065,0.014576,-1.249843,-0.033083,0.006079,-1.080239,-0.354766,-1.176319,1.387828,-0.027792,-0.007973
8.033333,0.001561,0.030760,0.002418,-0.266077,-0.678507,-0.071594,-1.346277,-0.039574,-0.001536,-1.168187,-0.283158,-1.213625,1.463371,-0.026305,-0.012509
8.066667,0.007541,0.033009,-0.004504,-0.250835,-0.676692,-0.128392,-1.402861,-0.038213,0.002313,-1.216136,-0.249022,-1.210931,1.518914,-0.037714,-0.011344
8.100000,0.010164,0.035593,-0.007998,-0.219880,-0.699527,-0.162217,-1.419445,-0.039069,-0.001683,-1.224084,-0.225392,-1.168237,1.554457,-0.040980,-0.012167
8.133333,0.013327,0.027114,-0.006242,-0.191391,-0.717537,-0.163189,-1.396029,-0.042903,-0.003782,-1.192032,-0.229040,-1.085543,1.561405,-0.033055,-0.019162
8.166667,0.024070,0.025958,-0.008029,-0.175114,-0.757614,-0.144772,-1.332613,-0.045900,-0.006413,-1.119980,-0.268378,-0.985543,1.547055,-0.035643,-0.021317
8.200000,0.025050,0.026433,-0.007268,-0.166105,-0.811336,-0.115971,-1.232763,-0.041930,-0.003012,-1.019980,-0.316882,-0.885543,1.527726,-0.033224,-0.016255
8.233333,0.022634,0.031507,-0.000279,-0.159327,-0.863925,-0.076544,-1.132763,-0.042490,-0.005686,-0.919980,-0.351122,-0.785543,1.504492,-0.018204,-0.015014
8.266667,0.039129,0.039913,0.005197,-0.179816,-0.898386,-0.041918,-1.032763,-0.040477,0.009675,-0.819980,-0.413352,-0.685543,1.490754,-0.019221,-0.010265
8.300000,0.040180,0.047306,0.010310,-0.204556,-0.954858,-0.022936,-0.932763,-0.040254,0.014330,-0.719980,-0.458578,-0.585543,1.477513,-0.018575,-0.006171
8.333333,0.035188,0.049574,0.003331,-0.214251,-0.985331,-0.006259,-0.832762,-0.034875,0.015536,-0.619980,-0.485790,-0.485543,1.477473,-0.011849,-0.003912
8.366667,0.032215,0.056971,0.003058,-0.240646,-1.016207,0.029305,-0.732762,-0.040867,0.022304,-0.519980,-0.507945,-0.385543,1.485732,-0.009649,0.000978
8.400000,0.033327,0.051446,0.002391,-0.260598,-1.056778,0.036100,-0.632762,-0.046133,0.021303,-0.419980,-0.524871,-0.285543,1.477896,-0.008971,0.000627
8.433333,0.019369,0.046935,-0.006729,-0.258594,-1.099231,0.058394,-0.549793,-0.051116,0.011528,-0.319980,-0.512131,-0.191844,1.440565,-0.002391,-0.001172
8.466667,0.017952,0.047495,-0.014707,-0.255973,-1.135962,0.080629,-0.501221,-0.049041,0.008309,-0.219980,-0.498876,-0.123924,1.391331,-0.007015,0.004907
8.500000,0.018661,0.047492,-0.006102,-0.246592,-1.189952,0.091098,-0.468093,-0.054754,0.010508,-0.119980,-0.483622,-0.056004,1.314650,-0.007193,0.001120
8.533333,0.022185,0.044526,-0.008257,-0.213325,-1.237672,0.088009,-0.455950,-0.053136,0.006831,-0.019980,-0.468945,-0.004316,1.214650,-0.006883,-0.004234
8.566667,0.024807,0.045058,-0.010835,-0.195583,-1.287273,0.098551,-0.471440,-0.051267,0.012134,0.080020,-0.448278,0.036604,1.114650,-0.012346,-0.005420
8.600000,0.029053,0.044555,-0.009237,-0.175282,-1.331402,0.081305,-0.483992,-0.057498,0.005902,0.180020,-0.430067,0.079469,1.014650,-0.013403,-0.013918
8.633333,0.035633,0.046089,-0.004701,-0.165574,-1.341254,0.081536,-0.486104,-0.064431,0.006421,0.280020,-0.417978,0.119576,0.914650,-0.007223,-0.026808
8.666667,0.038467,0.051560,-0.008556,-0.171969,-1.343959,0.113350,-0.508285,-0.062413,0.008016,0.380020,-0.425901,0.139277,0.814650,-0.010282,-0.032106
8.700000,0.038287,0.051395,-0.007399,-0.197738,-1.352133,0.158722,-0.549481,-0.063765,0.003006,0.480020,-0.439218,0.161042,0.714650,-0.007480,-0.036070
8.733333,0.042540,0.050953,-0.011403,-0.224399,-1.338869,0.219231,-0.587480,-0.062962,-0.003349,0.580020,-0.480546,0.158850,0.640113,-0.002507,-0.042672
8.766667,0.037803,0.049804,-0.016798,-0.278660,-1.333494,0.313857,-0.651387,-0.058059,-0.005053,0.640020,-0.549083,0.129672,0.595076,-0.005779,-0.040788
8.800000,0.032267,0.050458,-0.017037,-0.342050,-1.337895,0.413857,-0.731335,-0.054341,-0.004174,0.660020,-0.641739,0.089029,0.590039,-0.006584,-0.037523
8.833333,0.027896,0.045592,-0.012442,-0.421082,-1.322488,0.513857,-0.815772,-0.050528,-0.006877,0.640020,-0.722034,0.045898,0.622058,-0.006216,-0.031645
8.866667,0.026605,0.049013,-0.009761,-0.509095,-1.294912,0.613858,-0.900208,-0.044828,0.003680,0.580020,-0.809672,-0.023064,0.694077,-0.015003,-0.025089
8.900000,0.020465,0.052617,-0.004461,-0.609095,-1.271502,0.713858,-1.000208,-0.046958,0.004374,0.480020,-0.870573,-0.097302,0.780633,-0.014417,-0.023378
8.933333,0.021644,0.053446,0.002896,-0.709095,-1.242682,0.813857,-1.100208,-0.046915,0.007416,0.380020,-0.911473,-0.180197,0.877688,-0.012385,-0.024730
8.966667,0.019903,0.045862,0.006473,-0.769095,-1.230153,0.913857,-1.160208,-0.039421,0.007785,0.280020,-0.952374,-0.223091,0.934743,-0.005932,-0.029567
9.000000,0.023413,0.041904,0.009895,-0.789095,-1.244817,1.013857,-1.182300,-0.039905,0.015325,0.180020,-1.005637,-0.243091,0.954743,-0.005035,-0.030405
9.033333,0.020740,0.034543,0.008517,-0.769095,-1.262420,1.098980,-1.188389,-0.043175,0.008813,0.080020,-1.058900,-0.223091,0.950416,0.003459,-0.038379
9.066667,0.014386,0.031990,0.005366,-0.728972,-1.279948,1.170968,-1.175411,-0.042107,0.013003,-0.005644,-1.108876,-0.182495,0.942935,0.008137,-0.042444
9.100000,0.014087,0.026669,0.003186,-0.666165,-1.288411,1.218300,-1.142068,-0.044942,0.017559,-0.066430,-1.168527,-0.126327,0.915156,0.009845,-0.042756
9.133333,0.012666,0.029562,0.000227,-0.624235,-1.303389,1.237910,-1.132422,-0.052388,0.018423,-0.107697,-1.209950,-0.077943,0.906487,0.004389,-0.041440
9.166667,-0.001557,0.032142,-0.013547,-0.589229,-1.303713,1.239806,-1.132257,-0.051644,0.008796,-0.131300,-1.217304,-0.059795,0.920918,0.007938,-0.047511
9.200000,-0.001692,0.033967,-0.016965,-0.586612,-1.296069,1.228977,-1.127746,-0.048980,0.006311,-0.132011,-1.224658,-0.081646,0.944338,0.012856,-0.039201
9.233333,0.000559,0.030879,-0.013131,-0.575994,-1.305135,1.196985,-1.126897,-0.051585,0.004716,-0.130259,-1.246095,-0.098025,0.947664,0.008896,-0.038095
9.266667,-0.006879,0.033590,-0.018400,-0.552729,-1.332711,1.149943,-1.123612,-0.046982,-0.003798,-0.128506,-1.247514,-0.129975,0.962435,0.003559,-0.036693
9.300000,-0.009155,0.041758,-0.020628,-0.548588,-1.338502,1.126402,-1.114885,-0.044462,0.001230,-0.146273,-1.267160,-0.194141,0.998096,0.006084,-0.031565
9.333333,-0.002327,0.040893,-0.010289,-0.554897,-1.350421,1.096578,-1.116159,-0.047459,0.007332,-0.164122,-1.296009,-0.268072,1.035182,0.004196,-0.029507
9.366667,-0.000855,0.040566,-0.008480,-0.546330,-1.347348,1.067168,-1.104253,-0.041818,0.017711,-0.194250,-1.297357,-0.342003,1.080821,-0.005741,-0.036294
9.400000,-0.000710,0.049777,-0.009684,-0.554261,-1.349946,1.072057,-1.105807,-0.042178,0.019418,-0.224338,-1.281708,-0.442003,1.148816,-0.009992,-0.028041
9.433333,0.002498,0.047454,-0.001517,-0.577189,-1.338097,1.093457,-1.111682,-0.042110,0.026238,-0.269751,-1.293579,-0.542003,1.219241,-0.005653,-0.031758
9.466667,0.004388,0.042603,0.001990,-0.587362,-1.325908,1.112352,-1.129364,-0.040374,0.022434,-0.315164,-1.285881,-0.642003,1.278655,-0.004495,-0.034732
9.500000,0.007370,0.042201,0.002537,-0.616470,-1.314599,1.153472,-1.157197,-0.040970,0.024424,-0.368891,-1.272082,-0.742003,1.346167,-0.004180,-0.025564
9.533333,0.002929,0.041838,0.006185,-0.652750,-1.314854,1.204213,-1.199760,-0.048019,0.016664,-0.424076,-1.277954,-0.824093,1.413708,-0.000195,-0.023154
9.566667,0.006781,0.037496,0.010232,-0.694252,-1.294108,1.246361,-1.234901,-0.039420,0.020925,-0.496100,-1.308941,-0.900278,1.468921,0.003763,-0.026544
9.600000,0.007683,0.039635,0.015770,-0.751920,-1.279238,1.310755,-1.274619,-0.034759,0.025867,-0.577677,-1.324002,-0.976463,1.510555,0.001234,-0.023357
9.633333,0.003542,0.034038,0.015984,-0.809579,-1.262233,1.362571,-1.314354,-0.036395,0.023508,-0.659255,-1.321190,-1.052647,1.543200,-0.002056,-0.022612
9.666667,0.001933,0.033234,0.017086,-0.847880,-1.238690,1.414793,-1.331703,-0.033306,0.022893,-0.750100,-1.334089,-1.128832,1.563223,-0.003346,-0.031708
9.700000,0.007122,0.028615,0.014932,-0.887415,-1.224412,1.457125,-1.360503,-0.032554,0.016463,-0.850100,-1.344554,-1.222927,1.570000,-0.002422,-0.032116
9.733333,-0.000901,0.023409,0.013218,-0.910800,-1.215832,1.478253,-1.379603,-0.035909,0.009789,-0.926064,-1.329012,-1.322927,1.570000,-0.001517,-0.031918
9.766667,-0.007596,0.024104,0.004399,-0.898350,-1.195307,1.460330,-1.372608,-0.035310,0.009580,-0.964488,-1.296134,-1.422927,1.570000,-0.004439,-0.030093
9.800000,-0.006290,0.029242,0.005156,-0.858665,-1.191352,1.421709,-1.335534,-0.031204,0.016843,-0.962911,-1.287186,-1.486767,1.567116,-0.006328,-0.024565
9.833333,-0.009484,0.026348,0.001944,-0.802027,-1.199626,1.344456,-1.289122,-0.030044,0.012880,-0.921335,-1.266421,-1.513190,1.559754,-0.003603,-0.021150
9.866667,-0.018279,0.023677,-0.006115,-0.719473,-1.189738,1.254659,-1.210058,-0.021734,0.015895,-0.839759,-1.215920,-1.499612,1.532392,-0.000907,-0.014448
9.900000,-0.011861,0.030200,-0.008373,-0.619473,-1.155778,1.154659,-1.110058,-0.023041,0.013386,-0.742218,-1.188434,-1.446034,1.485030,-0.000199,-0.011963
9.933333,-0.009171,0.026494,-0.006875,-0.519473,-1.122508,1.054659,-1.010058,-0.027356,0.004037,-0.642218,-1.157034,-1.352456,1.417668,0.004480,-0.013030
9.966667,-0.009358,0.027327,-0.017617,-0.419473,-1.064347,0.954659,-0.910058,-0.020970,-0.000527,-0.542218,-1.099147,-1.255038,1.364930,0.010629,-0.016479
10.000000,-0.001829,0.033649,-0.019431,-0.327852,-0.977208,0.854659,-0.835197,-0.024764,0.003525,-0.442218,-1.028332,-1.155038,1.336671,0.011906,-0.011656
10.033333,0.003918,0.040474,-0.013565,-0.247094,-0.886826,0.754659,-0.780153,-0.031834,0.006388,-0.342218,-0.957518,-1.055038,1.326695,0.006713,-0.018920
10.066667,0.001276,0.042929,-0.019129,-0.184749,-0.806109,0.654659,-0.748024,-0.037359,0.012242,-0.265990,-0.857518,-0.955038,1.348216,0.005466,-0.022932
10.100000,0.004790,0.047222,-0.017374,-0.151410,-0.734706,0.554659,-0.739426,-0.041407,0.017030,-0.216590,-0.757518,-0.855038,1.395257,0.007115,-0.018811
10.133333,0.008437,0.044190,-0.008740,-0.137778,-0.663303,0.454659,-0.749163,-0.055028,0.015939,-0.185169,-0.657517,-0.755038,1.422343,-0.000743,-0.019322
10.166667,0.008373,0.051069,-0.006574,-0.139012,-0.623386,0.354659,-0.742842,-0.056789,0.016116,-0.186893,-0.580779,-0.655038,1.441360,-0.009844,-0.017105
10.200000,0.006290,0.051421,-0.002653,-0.162978,-0.623469,0.266322,-0.745908,-0.053796,0.016167,-0.228618,-0.544041,-0.555038,1.478698,-0.011322,-0.010746
10.233333,0.011999,0.040401,0.003735,-0.208294,-0.653888,0.212259,-0.766059,-0.050996,0.009105,-0.286571,-0.547303,-0.455038,1.504539,-0.011469,-0.009640
10.266667,0.017906,0.038728,0.002196,-0.264604,-0.705374,0.198196,-0.802679,-0.043746,0.010623,-0.357695,-0.590564,-0.395038,1.524860,-0.023470,-0.015266
10.300000,0.020909,0.037204,0.001391,-0.341207,-0.796860,0.224133,-0.860964,-0.038419,0.006981,-0.450841,-0.673826,-0.375038,1.553396,-0.023112,-0.013856
10.333333,0.016906,0.024286,0.006807,-0.434566,-0.896860,0.290070,-0.950168,-0.033005,0.007435,-0.550841,-0.773826,-0.395038,1.570000,-0.017693,-0.018723
10.366667,0.022709,0.017427,0.006371,-0.513114,-0.994498,0.384343,-1.010168,-0.033418,0.009648,-0.650841,-0.873826,-0.455038,1.570000,-0.023590,-0.027848
10.400000,0.017381,0.018766,0.005562,-0.551900,-1.092136,0.484343,-1.030168,-0.024773,0.011916,-0.710841,-0.973826,-0.555038,1.550000,-0.025979,-0.026917
10.433333,0.012267,0.016551,0.009878,-0.550686,-1.162428,0.578299,-1.010168,-0.027714,0.006722,-0.730841,-1.073826,-0.655038,1.510000,-0.015088,-0.025897
10.466667,0.015781,0.016370,0.012648,-0.509472,-1.203580,0.632256,-0.950168,-0.020784,0.010394,-0.710841,-1.167858,-0.755038,1.450000,-0.019535,-0.020574
10.500000,0.021338,0.018613,0.014374,-0.428258,-1.238870,0.646212,-0.850168,-0.022322,0.004735,-0.650841,-1.253418,-0.815038,1.370000,-0.020185,-0.019258
10.533333,0.010122,0.020829,0.007216,-0.346115,-1.267619,0.620168,-0.750168,-0.025772,-0.003016,-0.550841,-1.308277,-0.835038,1.270000,-0.014455,-0.010972
10.566667,0.006110,0.028040,0.005181,-0.301547,-1.261169,0.554125,-0.650168,-0.029687,0.004961,-0.450841,-1.355512,-0.815038,1.170000,-0.014260,-0.002555
10.600000,0.008540,0.028763,0.007360,-0.269918,-1.257545,0.454125,-0.550168,-0.030198,0.010660,-0.371168,-1.382747,-0.755038,1.070000,-0.013704,0.003030
10.633333,-0.001067,0.024358,0.003751,-0.248738,-1.263521,0.354125,-0.458326,-0.032169,0.003404,-0.317522,-1.385832,-0.655038,0.970000,-0.008029,-0.002812
10.666667,-0.001367,0.024696,-0.007612,-0.242475,-1.253411,0.258025,-0.391429,-0.027306,0.005921,-0.280378,-1.387507,-0.555038,0.870000,-0.004335,-0.003232
10.700000,0.003917,0.025347,0.002580,-0.243726,-1.238821,0.182021,-0.357961,-0.026733,0.008707,-0.268221,-1.397006,-0.455038,0.770000,0.000169,-0.003200
10.733333,0.009509,0.017864,0.004927,-0.216909,-1.233229,0.127882,-0.358391,-0.027114,0.000717,-0.278157,-1.396447,-0.371981,0.670000,0.001646,-0.014442
10.766667,0.004652,0.019885,-0.001290,-0.211095,-1.239057,0.113742,-0.398821,-0.027393,0.003189,-0.298723,-1.383857,-0.328924,0.610000,-0.000477,-0.015665
10.800000,0.007191,0.021270,0.001149,-0.231112,-1.233549,0.139603,-0.471093,-0.030293,0.004507,-0.333261,-1.368869,-0.325868,0.590000,0.001418,-0.015142
10.833333,0.003803,0.022824,0.007311,-0.276212,-1.209990,0.201564,-0.558420,-0.035896,0.005583,-0.391297,-1.323765,-0.362811,0.610000,0.002068,-0.015076
10.866667,-0.001518,0.027855,0.003580,-0.335941,-1.167614,0.283428,-0.652318,-0.032839,0.013168,-0.464347,-1.261536,-0.439754,0.670000,-0.003200,-0.021097
10.900000,-0.005030,0.029056,0.003955,-0.426162,-1.138069,0.383428,-0.752318,-0.031544,0.013202,-0.555303,-1.183332,-0.539754,0.770000,-0.003844,-0.019104
10.933333,-0.004696,0.026221,0.006666,-0.522442,-1.092517,0.483428,-0.852318,-0.028848,0.010007,-0.655303,-1.111189,-0.639754,0.870000,-0.000807,-0.018625
10.966667,-0.006590,0.032598,0.000730,-0.582442,-1.058912,0.543428,-0.952318,-0.028899,0.014744,-0.746083,-1.031561,-0.739754,0.970000,-0.008517,-0.017294
11.000000,-0.010793,0.031824,-0.001746,-0.602442,-1.038322,0.563428,-1.052318,-0.026958,0.010854,-0.796862,-0.951933,-0.799754,1.070000,-0.013527,-0.018188
11.033333,0.000445,0.029117,-0.003579,-0.582442,-1.013347,0.543428,-1.152318,-0.033059,0.000320,-0.807642,-0.872664,-0.819754,1.170000,-0.016112,-0.021470
11.066667,0.007924,0.031467,-0.009607,-0.522442,-0.965653,0.483428,-1.252318,-0.032720,0.005282,-0.778422,-0.798674,-0.799754,1.270000,-0.030188,-0.020003
11.100000,0.009803,0.032402,-0.012629,-0.422442,-0.930152,0.383428,-1.344139,-0.036912,0.000852,-0.709201,-0.710653,-0.739754,1.350821,-0.035202,-0.021609
11.133333,0.014559,0.024640,-0.009651,-0.326216,-0.873579,0.283428,-1.406678,-0.043121,-0.002292,-0.609201,-0.625176,-0.639754,1.403939,-0.030200,-0.028790
11.166667,0.024781,0.024384,-0.010373,-0.255348,-0.813962,0.183428,-1.457905,-0.048845,-0.005818,-0.509201,-0.563635,-0.539754,1.431462,-0.034419,-0.031781
11.200000,0.024612,0.024969,-0.008919,-0.199511,-0.777385,0.083428,-1.480510,-0.046518,-0.003672,-0.409201,-0.518519,-0.439754,1.437533,-0.029799,-0.025444
11.233333,0.020564,0.028780,-0.001651,-0.157634,-0.747368,0.013671,-1.472916,-0.046273,-0.006812,-0.319801,-0.479321,-0.339754,1.417551,-0.015996,-0.024806
11.266667,0.036885,0.039288,0.004410,-0.144279,-0.697382,-0.046105,-1.433892,-0.042652,0.008770,-0.239524,-0.470639,-0.239754,1.400969,-0.017216,-0.022888
11.300000,0.037371,0.046347,0.008811,-0.144170,-0.678769,-0.092945,-1.424150,-0.040270,0.015212,-0.187211,-0.459414,-0.148859,1.377287,-0.016316,-0.017579
11.333333,0.031564,0.049198,0.001426,-0.132846,-0.657886,-0.121860,-1.407506,-0.035466,0.017909,-0.147735,-0.445442,-0.067381,1.365438,-0.008096,-0.014059
11.366667,0.028701,0.056245,0.001002,-0.143254,-0.637293,-0.111977,-1.384925,-0.042370,0.025797,-0.136942,-0.435426,-0.022734,1.369917,-0.007411,-0.012196
11.400000,0.029317,0.051131,0.000798,-0.147609,-0.633704,-0.123738,-1.378696,-0.047349,0.024924,-0.134878,-0.424807,0.008005,1.360450,-0.007817,-0.012318
11.433333,0.016211,0.045628,-0.007937,-0.146390,-0.650009,-0.112057,-1.388175,-0.050906,0.016174,-0.150395,-0.402403,0.016220,1.341882,-0.001235,-0.013314
11.466667,0.013505,0.047259,-0.014276,-0.155717,-0.657454,-0.097527,-1.387850,-0.048709,0.010989,-0.151312,-0.396538,0.001283,1.340813,-0.003539,-0.004947
11.500000,0.010580,0.045340,-0.004169,-0.164039,-0.677793,-0.092291,-1.376423,-0.050248,0.013679,-0.159004,-0.394464,-0.006498,1.332175,-0.005492,-0.006702
11.533333,0.011121,0.039815,-0.006096,-0.149826,-0.704829,-0.099044,-1.382718,-0.044045,0.011966,-0.158016,-0.399738,-0.006535,1.302720,-0.006947,-0.009481
11.566667,0.008957,0.037984,-0.007244,-0.162618,-0.737263,-0.085545,-1.391426,-0.039179,0.017044,-0.164139,-0.403111,-0.013796,1.313266,-0.011532,-0.006724
11.600000,0.006571,0.033285,-0.003877,-0.168285,-0.760530,-0.096780,-1.407978,-0.037880,0.009555,-0.159633,-0.405960,-0.012128,1.324862,-0.013113,-0.012418
11.633333,0.006602,0.030278,0.001562,-0.176153,-0.764982,-0.099668,-1.416559,-0.041007,0.011326,-0.172058,-0.398736,-0.008073,1.333222,-0.011451,-0.024812
11.666667,0.008686,0.032800,-0.001397,-0.210885,-0.788837,-0.071187,-1.442926,-0.039353,0.015027,-0.190702,-0.406532,-0.030007,1.345741,-0.017229,-0.029869
11.700000,0.006623,0.031758,0.000982,-0.270217,-0.819251,-0.029514,-1.479430,-0.038757,0.011781,-0.198175,-0.401895,-0.040238,1.355038,-0.016055,-0.032117
11.733333,0.014258,0.030892,-0.004063,-0.326445,-0.843345,0.023307,-1.498084,-0.040539,0.005704,-0.219210,-0.422225,-0.056122,1.352246,-0.011577,-0.039485
11.766667,0.016548,0.032872,-0.009688,-0.406850,-0.893593,0.107440,-1.522793,-0.042852,0.004805,-0.229193,-0.437702,-0.082162,1.333281,-0.015051,-0.038363
11.800000,0.017958,0.034703,-0.011831,-0.497486,-0.960793,0.207440,-1.543595,-0.042234,0.004584,-0.238013,-0.470671,-0.116645,1.294859,-0.013860,-0.038772
11.833333,0.016566,0.032398,-0.008547,-0.588122,-0.990313,0.307440,-1.557610,-0.040480,0.002225,-0.243709,-0.480297,-0.134986,1.236809,-0.012864,-0.033247
11.866667,0.018577,0.037704,-0.009013,-0.679928,-1.011414,0.407440,-1.551739,-0.040108,0.006282,-0.252683,-0.514266,-0.154077,1.206207,-0.015894,-0.031089
11.900000,0.013545,0.042238,-0.005545,-0.779929,-1.042858,0.507440,-1.555046,-0.043455,0.006701,-0.230382,-0.541748,-0.160524,1.168343,-0.014652,-0.034352
11.933333,0.012544,0.041640,-0.001166,-0.879928,-1.054302,0.607440,-1.548357,-0.042958,0.009182,-0.223056,-0.575876,-0.163221,1.150480,-0.012154,-0.038884
11.966667,0.016821,0.038643,-0.001715,-0.939929,-1.045098,0.707440,-1.542346,-0.040610,0.009415,-0.186599,-0.586045,-0.150912,1.172616,-0.003867,-0.041217
12.000000,0.026354,0.038115,-0.003283,-0.983627,-1.033573,0.807440,-1.542346,-0.045384,0.015102,-0.148434,-0.579557,-0.133911,1.231552,-0.001750,-0.044102
12.033333,0.029551,0.033322,-0.007537,-1.013505,-0.990466,0.907381,-1.548929,-0.050907,0.012899,-0.109652,-0.533070,-0.108888,1.292200,0.005127,-0.049254
12.066667,0.028694,0.034515,-0.013467,-1.003384,-0.910467,0.967322,-1.555619,-0.054455,0.016505,-0.087935,-0.453070,-0.097951,1.371760,0.010770,-0.049562
12.100000,0.031341,0.033880,-0.017658,-0.953262,-0.810467,0.987263,-1.562308,-0.060938,0.019747,-0.071840,-0.353070,-0.087264,1.451320,0.012405,-0.045249
12.133333,0.027808,0.035252,-0.020255,-0.903141,-0.724841,0.967204,-1.570000,-0.068149,0.020312,-0.080019,-0.253070,-0.061548,1.510880,0.005361,-0.044443
12.166667,0.012407,0.036276,-0.032946,-0.829321,-0.658456,0.907145,-1.570000,-0.067912,0.009558,-0.107196,-0.153070,-0.065853,1.550440,0.010092,-0.048280
12.200000,0.011036,0.037608,-0.034811,-0.769321,-0.612445,0.807145,-1.570000,-0.064107,0.008586,-0.162881,-0.053070,-0.100042,1.570000,0.013829,-0.038407
12.233333,0.010769,0.034099,-0.029916,-0.724989,-0.604099,0.707144,-1.570000,-0.063293,0.006404,-0.232776,0.046930,-0.146005,1.570000,0.009056,-0.036520
12.266667,0.003766,0.034837,-0.035360,-0.707222,-0.635754,0.640158,-1.570000,-0.057254,-0.002505,-0.317048,0.140058,-0.211718,1.570000,0.004593,-0.036560
12.300000,0.001280,0.041732,-0.036838,-0.729454,-0.680010,0.613171,-1.570000,-0.054128,0.002335,-0.417048,0.193186,-0.309152,1.570000,0.008417,-0.029138
12.333333,0.009154,0.041278,-0.026532,-0.789360,-0.733977,0.626184,-1.570000,-0.056007,0.006775,-0.517048,0.206313,-0.409152,1.570000,0.007717,-0.026374
12.366667,0.010998,0.040645,-0.026000,-0.848918,-0.773673,0.679197,-1.552619,-0.052032,0.014593,-0.617049,0.198732,-0.509152,1.564815,-0.001014,-0.033376
12.400000,0.012512,0.051636,-0.029883,-0.932807,-0.802937,0.772210,-1.547392,-0.054267,0.017680,-0.717049,0.191151,-0.609152,1.563753,-0.002782,-0.024755
12.433333,0.017299,0.051696,-0.023601,-1.024860,-0.804217,0.872210,-1.546905,-0.057033,0.025813,-0.817048,0.159879,-0.709152,1.563753,0.006419,-0.026552
12.466667,0.019485,0.050431,-0.024475,-1.107370,-0.778521,0.972210,-1.544441,-0.058047,0.021055,-0.890992,0.168606,-0.809152,1.560473,0.010002,-0.031300
12.500000,0.022060,0.053126,-0.027395,-1.180313,-0.723873,1.071237,-1.539372,-0.059355,0.023754,-0.924936,0.217333,-0.884079,1.539710,0.012332,-0.021117
12.533333,0.019387,0.056461,-0.026333,-1.213605,-0.663124,1.130264,-1.531685,-0.065491,0.015770,-0.918880,0.286769,-0.919007,1.504131,0.018423,-0.020129
12.566667,0.025914,0.053111,-0.023611,-1.206897,-0.575140,1.149292,-1.501603,-0.057690,0.017605,-0.872824,0.356205,-0.913934,1.444430,0.021367,-0.024120
12.600000,0.029232,0.056659,-0.021139,-1.165461,-0.475140,1.128319,-1.452804,-0.051865,0.023467,-0.786768,0.456205,-0.868861,1.363667,0.015063,-0.020956
12.633333,0.032301,0.053240,-0.023133,-1.093568,-0.375140,1.067346,-1.412821,-0.057126,0.022430,-0.686768,0.556205,-0.783789,1.266183,0.010755,-0.021008
12.666667,0.037970,0.052823,-0.023737,-0.993568,-0.275140,0.967346,-1.362909,-0.060331,0.022223,-0.586768,0.656205,-0.683789,1.166183,0.007929,-0.034061
12.700000,0.050002,0.050102,-0.030063,-0.893568,-0.175140,0.867346,-1.343457,-0.066023,0.015142,-0.486768,0.756205,-0.583789,1.066183,0.007116,-0.039073
12.733333,0.049348,0.045407,-0.034962,-0.793568,-0.075140,0.767346,-1.335364,-0.077364,0.010851,-0.386768,0.856205,-0.483789,0.966183,0.012973,-0.042649
12.766667,0.050857,0.045763,-0.045806,-0.693568,0.024860,0.667346,-1.328211,-0.081975,0.007855,-0.286768,0.956205,-0.389971,0.866183,0.012034,-0.047461
12.800000,0.054251,0.049714,-0.043706,-0.598876,0.124860,0.567346,-1.329766,-0.077811,0.016107,-0.186768,1.039304,-0.309477,0.766183,0.012966,-0.041771
12.833333,0.047734,0.045773,-0.047266,-0.520483,0.184860,0.467346,-1.352847,-0.075394,0.011672,-0.086768,1.085160,-0.245295,0.666183,0.018549,-0.039756
12.866667,0.034170,0.037879,-0.051350,-0.462434,0.204860,0.380936,-1.362864,-0.064933,0.015990,0.013232,1.099994,-0.204616,0.577316,0.022559,-0.033077
12.900000,0.031768,0.041771,-0.048812,-0.444384,0.184860,0.334526,-1.390152,-0.058341,0.012356,0.113232,1.074828,-0.203936,0.528449,0.018986,-0.028094
12.933333,0.022401,0.035813,-0.041842,-0.466335,0.124860,0.324863,-1.440560,-0.057309,0.005033,0.173232,1.009662,-0.229870,0.519582,0.022870,-0.028550
12.966667,0.010369,0.033584,-0.048974,-0.513692,0.024860,0.340231,-1.471810,-0.045796,-0.000848,0.193232,0.921397,-0.282481,0.550715,0.026012,-0.034325
13.000000,0.010057,0.037352,-0.045299,-0.562171,-0.075140,0.375794,-1.495957,-0.042713,0.003247,0.173232,0.830375,-0.358779,0.621848,0.025338,-0.027030
13.033333,0.010292,0.043891,-0.035858,-0.595710,-0.175140,0.397767,-1.519958,-0.044684,0.006620,0.113232,0.730375,-0.451576,0.721848,0.020373,-0.030506
13.066667,0.002502,0.045993,-0.039947,-0.596020,-0.275140,0.382590,-1.526174,-0.048226,0.012953,0.013232,0.630375,-0.504373,0.821848,0.018551,-0.035614
13.100000,0.004039,0.048878,-0.035816,-0.576348,-0.375140,0.364558,-1.519981,-0.050385,0.016328,-0.086768,0.530375,-0.532669,0.921848,0.019744,-0.026464
13.133333,0.007081,0.046155,-0.025202,-0.537999,-0.435140,0.321495,-1.516601,-0.061220,0.015392,-0.163697,0.430375,-0.520965,1.021848,0.013458,-0.025263
13.166667,0.006660,0.051433,-0.022252,-0.501749,-0.478582,0.288697,-1.500317,-0.063146,0.016755,-0.220574,0.339976,-0.469262,1.121848,0.002949,-0.024586
13.200000,0.004030,0.051605,-0.018458,-0.495655,-0.509971,0.287960,-1.503730,-0.061312,0.015563,-0.276674,0.262714,-0.395774,1.221848,0.000209,-0.018063
13.233333,0.012839,0.041288,-0.011424,-0.507382,-0.529439,0.305685,-1.504695,-0.058901,0.008848,-0.331255,0.185452,-0.333209,1.321848,0.000447,-0.016526
13.266667,0.017848,0.040176,-0.013882,-0.539091,-0.538078,0.329519,-1.500799,-0.050325,0.011239,-0.385837,0.108189,-0.302348,1.411478,-0.011083,-0.023199
13.300000,0.021299,0.038947,-0.014854,-0.598763,-0.581046,0.393352,-1.512753,-0.045492,0.008525,-0.463488,0.031296,-0.311487,1.481109,-0.012694,-0.020543
13.333333,0.018895,0.029776,-0.009722,-0.678915,-0.619636,0.466726,-1.533895,-0.041286,0.007619,-0.561192,-0.055198,-0.360626,1.530739,-0.004888,-0.025165
13.366667,0.026408,0.025344,-0.010340,-0.763506,-0.641374,0.548038,-1.534917,-0.040639,0.009920,-0.659674,-0.150087,-0.431549,1.560370,-0.009950,-0.035052
13.400000,0.019782,0.027372,-0.010630,-0.863506,-0.656298,0.648038,-1.543850,-0.033863,0.012265,-0.759674,-0.244975,-0.531549,1.570000,-0.010055,-0.032375
13.433333,0.015151,0.026382,-0.005531,-0.927919,-0.646426,0.748038,-1.544352,-0.038503,0.007835,-0.859674,-0.310439,-0.631549,1.570000,0.000337,-0.032432
13.466667,0.017835,0.026512,-0.002898,-0.958598,-0.602227,0.848038,-1.521155,-0.031477,0.012104,-0.959674,-0.339510,-0.731549,1.570000,-0.002257,-0.027737
13.500000,0.020450,0.027816,-0.001483,-0.958147,-0.538963,0.948038,-1.508568,-0.031078,0.008808,-1.030482,-0.328580,-0.831549,1.570000,-0.000185,-0.023453
13.533333,0.004983,0.029689,-0.009347,-0.917695,-0.464604,1.018816,-1.500628,-0.032398,0.003753,-1.061291,-0.282393,-0.931549,1.570000,0.008090,-0.013509
13.566667,-0.000877,0.035561,-0.012664,-0.837244,-0.368981,1.049594,-1.466619,-0.032132,0.012571,-1.052100,-0.199551,-1.031549,1.550000,0.008461,-0.003056
13.600000,0.001738,0.036159,-0.012533,-0.752379,-0.268981,1.040372,-1.428228,-0.030432,0.019902,-1.002908,-0.133673,-1.125468,1.510000,0.011626,0.004468
13.633333,-0.005782,0.031276,-0.017624,-0.661248,-0.168981,0.991150,-1.378484,-0.032310,0.014575,-0.913717,-0.076745,-1.179386,1.450000,0.018937,-0.000876
13.666667,-0.002190,0.031307,-0.030299,-0.561248,-0.092988,0.901928,-1.299956,-0.027980,0.017471,-0.813717,-0.059817,-1.193305,1.370000,0.020243,-0.001122
13.700000,0.007976,0.030523,-0.020204,-0.461248,-0.056995,0.801928,-1.199956,-0.027607,0.018601,-0.713717,-0.082889,-1.167224,1.270000,0.023246,-0.000585
13.733333,0.014952,0.022486,-0.016899,-0.361248,-0.057611,0.701928,-1.099956,-0.030984,0.010038,-0.613717,-0.142616,-1.101143,1.170000,0.025931,-0.012358
13.766667,0.011488,0.023891,-0.020986,-0.261495,-0.098227,0.601928,-0.999956,-0.032414,0.008320,-0.513717,-0.201266,-1.001143,1.070000,0.022455,-0.013448
13.800000,0.013732,0.023475,-0.016675,-0.183624,-0.178843,0.501927,-0.913595,-0.037213,0.008060,-0.413717,-0.278021,-0.901143,0.970000,0.020227,-0.010695
13.833333,0.011292,0.022888,-0.007656,-0.129001,-0.274043,0.401928,-0.843138,-0.043573,0.007349,-0.321364,-0.346083,-0.801143,0.886220,0.015612,-0.008573
13.866667,0.004307,0.026662,-0.008218,-0.095855,-0.362554,0.301928,-0.794845,-0.041734,0.014586,-0.248107,-0.388189,-0.701143,0.842441,0.007797,-0.013770
13.900000,0.003002,0.026983,-0.005228,-0.079006,-0.454423,0.201928,-0.785020,-0.038612,0.015884,-0.201495,-0.422899,-0.601143,0.838661,0.002456,-0.012127
13.933333,0.004048,0.023307,-0.000739,-0.084411,-0.526712,0.101928,-0.801336,-0.036147,0.016248,-0.184741,-0.459780,-0.501143,0.874882,0.002275,-0.010067
13.966667,0.005389,0.029619,-0.004526,-0.085770,-0.590102,0.015338,-0.842549,-0.036547,0.020866,-0.207987,-0.482946,-0.401143,0.951102,-0.006121,-0.008008
14.000000,0.000856,0.028775,-0.005488,-0.081740,-0.641687,-0.045616,-0.893871,-0.035901,0.017784,-0.249535,-0.508366,-0.301143,1.051102,-0.009369,-0.011033
14.033333,0.013047,0.025328,-0.005277,-0.080130,-0.674644,-0.096620,-0.947355,-0.042079,0.010995,-0.311987,-0.550401,-0.201143,1.151102,-0.011817,-0.012501
14.066667,0.018763,0.026071,-0.010224,-0.088345,-0.683511,-0.122668,-0.994021,-0.041954,0.015244,-0.387794,-0.599831,-0.129141,1.251102,-0.025252,-0.009099
14.100000,0.019854,0.025701,-0.011189,-0.088697,-0.707146,-0.129686,-1.037184,-0.044161,0.008876,-0.471212,-0.640724,-0.097139,1.351102,-0.028789,-0.010792
14.133333,0.019782,0.018688,-0.006808,-0.091273,-0.707054,-0.122794,-1.065369,-0.048152,0.004314,-0.554629,-0.684766,-0.105137,1.434882,-0.023413,-0.017967
14.166667,0.027100,0.016119,-0.005634,-0.100172,-0.703962,-0.130058,-1.101478,-0.050129,0.000906,-0.652098,-0.735244,-0.153135,1.498662,-0.027223,-0.020021
14.200000,0.022983,0.013992,-0.003158,-0.102991,-0.717140,-0.130240,-1.132362,-0.046563,0.001380,-0.749566,-0.780950,-0.241133,1.542441,-0.023236,-0.014371
14.233333,0.017009,0.016697,0.004993,-0.092109,-0.728034,-0.119754,-1.145276,-0.044827,-0.004095,-0.847035,-0.805383,-0.341133,1.566221,-0.009569,-0.013274
14.266667,0.028776,0.024050,0.011355,-0.094256,-0.713214,-0.118889,-1.143178,-0.040170,0.012180,-0.937787,-0.840100,-0.441133,1.570000,-0.014561,-0.009294
14.300000,0.027613,0.026618,0.016374,-0.094327,-0.728708,-0.133670,-1.157522,-0.036314,0.017431,-1.028540,-0.856812,-0.541133,1.570000,-0.016205,-0.004777
14.333333,0.020482,0.027655,0.009349,-0.082933,-0.726624,-0.142843,-1.164664,-0.029974,0.019428,-1.093567,-0.854041,-0.641133,1.570000,-0.010465,-0.000163
14.366667,0.017441,0.033364,0.008477,-0.090837,-0.713941,-0.129862,-1.163469,-0.034751,0.024807,-1.118594,-0.833276,-0.741133,1.570000,-0.009950,0.003124
14.400000,0.016958,0.027016,0.007014,-0.095532,-0.711482,-0.145934,-1.185509,-0.036416,0.022329,-1.103621,-0.799926,-0.841133,1.564892,-0.009863,0.000352
14.433333,0.003962,0.021410,-0.002822,-0.090308,-0.708912,-0.138874,-1.216607,-0.039078,0.010278,-1.057895,-0.736195,-0.941133,1.539783,-0.002167,0.000254
14.466667,0.001228,0.022874,-0.011921,-0.092938,-0.678196,-0.126287,-1.233561,-0.036796,0.006356,-0.972170,-0.674344,-1.041133,1.494675,-0.003247,0.006956
14.500000,0.000981,0.022694,-0.005816,-0.095083,-0.655797,-0.121513,-1.230685,-0.039731,0.008835,-0.872169,-0.616381,-1.101133,1.429567,-0.003405,0.004947
14.533333,0.002878,0.020824,-0.009409,-0.070141,-0.635217,-0.132695,-1.224447,-0.033714,0.006812,-0.772169,-0.569728,-1.121133,1.344458,-0.004632,0.001553
14.566667,0.001279,0.021469,-0.011016,-0.065688,-0.606650,-0.122440,-1.188952,-0.029902,0.014389,-0.672169,-0.520916,-1.101133,1.261761,-0.010730,0.004509
14.600000,0.000957,0.019143,-0.008377,-0.060212,-0.571246,-0.130688,-1.136774,-0.029748,0.009692,-0.572169,-0.488288,-1.041133,1.179064,-0.011133,-0.000820
14.633333,0.002935,0.018811,-0.002703,-0.054469,-0.526299,-0.134353,-1.071899,-0.033621,0.011878,-0.472169,-0.453841,-0.941133,1.105889,-0.007487,-0.009286
14.666667,0.003567,0.023929,-0.004699,-0.058932,-0.480169,-0.107292,-1.000118,-0.031113,0.013639,-0.372169,-0.416207,-0.841133,1.050241,-0.011104,-0.013313
14.700000,0.002323,0.023350,-0.002623,-0.069580,-0.440479,-0.099111,-0.922151,-0.032523,0.009702,-0.272169,-0.366262,-0.741133,1.005796,-0.008460,-0.013119
14.733333,0.010546,0.024236,-0.008340,-0.066165,-0.399266,-0.092182,-0.842373,-0.036617,0.005554,-0.195999,-0.351580,-0.641133,0.984049,-0.002098,-0.017557
14.766667,0.014163,0.027425,-0.014092,-0.072773,-0.381204,-0.094349,-0.772722,-0.039555,0.007215,-0.119829,-0.320714,-0.541133,0.964681,-0.002494,-0.016299
14.800000,0.014059,0.029770,-0.015675,-0.076699,-0.372297,-0.087731,-0.693102,-0.039135,0.005895,-0.062382,-0.290558,-0.441133,0.953662,-0.001506,-0.016076
14.833333,0.014118,0.026596,-0.012881,-0.080092,-0.353025,-0.103522,-0.629608,-0.038843,0.005788,-0.025572,-0.252729,-0.341133,0.947323,-0.001589,-0.008084
14.866667,0.017584,0.030037,-0.011538,-0.102463,-0.326922,-0.114892,-0.565514,-0.038510,0.013017,-0.007987,-0.247404,-0.246551,0.959750,-0.005873,-0.005200
14.900000,0.012264,0.032712,-0.006486,-0.115366,-0.311057,-0.119358,-0.501525,-0.039053,0.012281,0.013608,-0.202834,-0.179356,0.932395,-0.004422,-0.005791
14.933333,0.009735,0.031054,-0.000941,-0.121524,-0.289516,-0.108769,-0.447409,-0.036503,0.013062,0.015204,-0.170478,-0.132162,0.922662,-0.002975,-0.008500
14.966667,0.011049,0.029051,0.001576,-0.144790,-0.298820,-0.088748,-0.430104,-0.028245,0.010353,-0.004477,-0.175631,-0.124968,0.935058,0.000166,-0.017284
15.000000,0.016112,0.029829,0.004541,-0.186153,-0.345148,-0.046318,-0.436671,-0.027268,0.010661,-0.043521,-0.207238,-0.157773,0.944326,-0.001384,-0.025377
15.033333,0.013255,0.027550,0.002464,-0.232323,-0.409690,0.027341,-0.482623,-0.027137,0.001698,-0.103340,-0.239453,-0.225161,0.941944,0.001918,-0.037333
15.066667,0.009969,0.030877,-0.001197,-0.312323,-0.489690,0.107341,-0.562623,-0.028688,0.000136,-0.183340,-0.311667,-0.305161,0.957230,0.003847,-0.045135
15.100000,0.011055,0.032773,-0.004370,-0.412323,-0.589690,0.207341,-0.662623,-0.033893,-0.003181,-0.244606,-0.411667,-0.405161,0.952517,0.000498,-0.049146
15.133333,0.010542,0.035400,-0.007058,-0.508091,-0.689690,0.307341,-0.762623,-0.042794,-0.002666,-0.280835,-0.511667,-0.505161,0.907804,-0.004269,-0.048460
15.166667,-0.001554,0.038058,-0.021173,-0.567880,-0.789690,0.407341,-0.851660,-0.043619,-0.013951,-0.293321,-0.611667,-0.584094,0.844010,0.000502,-0.054825
15.200000,0.000344,0.040332,-0.024637,-0.623427,-0.889690,0.507341,-0.926120,-0.041937,-0.016187,-0.280322,-0.711667,-0.623027,0.767141,0.006577,-0.045798
15.233333,0.003598,0.038276,-0.021309,-0.651891,-0.989690,0.607341,-0.986405,-0.042519,-0.017755,-0.249277,-0.811667,-0.621960,0.686565,0.002548,-0.044323
15.266667,-0.000441,0.041139,-0.026548,-0.661827,-1.089690,0.707341,-1.038152,-0.037782,-0.025392,-0.228068,-0.911667,-0.580893,0.621494,-0.000914,-0.044871
15.300000,-0.001959,0.050473,-0.029018,-0.675994,-1.164150,0.807341,-1.077515,-0.035386,-0.022091,-0.228436,-1.011667,-0.531400,0.596423,0.002118,-0.038328
15.333333,0.006262,0.050292,-0.018076,-0.714227,-1.220424,0.907341,-1.111854,-0.038809,-0.015240,-0.230668,-1.111667,-0.486566,0.585167,0.001933,-0.036564
15.366667,0.009013,0.052096,-0.015503,-0.743134,-1.238607,1.007341,-1.137592,-0.033012,-0.005700,-0.251044,-1.184533,-0.481732,0.608669,-0.010473,-0.045078
15.400000,0.008896,0.062561,-0.016339,-0.791520,-1.256790,1.107341,-1.177506,-0.035307,-0.004360,-0.289468,-1.217398,-0.516898,0.657989,-0.015858,-0.037874
15.433333,0.011476,0.060173,-0.007787,-0.839698,-1.254781,1.207341,-1.215408,-0.035116,0.002301,-0.356375,-1.242335,-0.592063,0.731804,-0.010450,-0.040792
15.466667,0.012778,0.055234,-0.004296,-0.866516,-1.256052,1.307341,-1.250367,-0.034786,-0.001117,-0.426742,-1.241035,-0.675654,0.805620,-0.011086,-0.044920
15.500000,0.013122,0.054337,-0.003732,-0.895683,-1.265686,1.407341,-1.290267,-0.035233,0.000357,-0.518990,-1.204140,-0.775654,0.905620,-0.011813,-0.034177
15.533333,0.008654,0.052768,-0.000637,-0.914784,-1.287726,1.501698,-1.329285,-0.042477,-0.004861,-0.608811,-1.184357,-0.875654,1.005620,-0.006647,-0.032121
15.566667,0.012083,0.046991,0.003082,-0.922595,-1.290667,1.574506,-1.348911,-0.033159,0.000658,-0.682101,-1.193840,-0.975654,1.105620,-0.002046,-0.034900
15.600000,0.012844,0.049238,0.007543,-0.919496,-1.294833,1.627902,-1.352308,-0.029175,0.009180,-0.740363,-1.188712,-1.075654,1.205620,-0.005935,-0.030694
15.633333,0.010892,0.045483,0.005865,-0.897757,-1.289304,1.641298,-1.344733,-0.031293,0.008497,-0.759399,-1.170498,-1.175654,1.291761,-0.010415,-0.028818
15.666667,0.011960,0.046682,0.005174,-0.845582,-1.276537,1.614694,-1.308204,-0.029567,0.011553,-0.738436,-1.184508,-1.270249,1.337902,-0.011172,-0.039550
15.700000,0.019357,0.043536,0.000712,-0.777042,-1.271272,1.553734,-1.255735,-0.031141,0.003769,-0.687239,-1.205985,-1.324845,1.344043,-0.012350,-0.041095
15.733333,0.016729,0.039660,-0.002140,-0.687395,-1.269208,1.474322,-1.182658,-0.037003,0.000207,-0.612572,-1.204540,-1.339440,1.310184,-0.010885,-0.040429
15.766667,0.015090,0.040025,-0.011258,-0.587395,-1.247907,1.374322,-1.096362,-0.037819,0.000002,-0.513347,-1.197700,-1.314036,1.236325,-0.013979,-0.038779
15.800000,0.016981,0.042608,-0.008668,-0.487395,-1.232518,1.274322,-0.996362,-0.036564,0.010371,-0.428480,-1.223808,-1.248631,1.136325,-0.014723,-0.032470
15.833333,0.014092,0.036936,-0.010723,-0.387395,-1.221175,1.174322,-0.896362,-0.038642,0.004971,-0.369667,-1.231846,-1.148631,1.036325,-0.014767,-0.029452
15.866667,0.004868,0.031080,-0.015878,-0.300746,-1.200979,1.074322,-0.796362,-0.031456,0.010223,-0.323286,-1.202439,-1.048631,0.936325,-0.010584,-0.021758
15.900000,0.008421,0.034825,-0.016172,-0.243485,-1.174262,0.974322,-0.696361,-0.031744,0.007772,-0.299514,-1.204978,-0.948631,0.836325,-0.009797,-0.020661
15.933333,0.007268,0.030102,-0.012799,-0.205417,-1.165231,0.874322,-0.608520,-0.037271,-0.000261,-0.295694,-1.195452,-0.848631,0.736325,-0.004157,-0.024342
15.966667,0.006824,0.029286,-0.023070,-0.191495,-1.152685,0.774322,-0.543971,-0.029941,-0.004413,-0.301690,-1.190613,-0.748631,0.636325,0.001991,-0.030710
16.000000,0.012233,0.033935,-0.023467,-0.197414,-1.146381,0.674322,-0.506387,-0.030989,0.000963,-0.284840,-1.180681,-0.648631,0.563813,0.004937,-0.026128
16.033333,0.018034,0.040728,-0.017758,-0.201184,-1.161076,0.574322,-0.491405,-0.036620,0.003793,-0.275473,-1.196977,-0.548631,0.509500,-0.002099,-0.031675
16.066667,0.013493,0.043328,-0.023999,-0.190816,-1.189404,0.474322,-0.516424,-0.041053,0.008712,-0.260581,-1.192234,-0.458789,0.495186,-0.005392,-0.035631
16.100000,0.015338,0.045159,-0.022230,-0.191054,-1.222468,0.403215,-0.569283,-0.042518,0.011132,-0.250548,-1.205333,-0.408616,0.520873,-0.005395,-0.030371
16.133333,0.015616,0.042957,-0.013746,-0.188504,-1.247716,0.342698,-0.638850,-0.052164,0.008580,-0.229401,-1.197437,-0.371228,0.578107,-0.010532,-0.029642
16.166667,0.013404,0.049868,-0.013352,-0.184983,-1.262522,0.319317,-0.695833,-0.051748,0.008102,-0.225702,-1.190378,-0.366942,0.631880,-0.019395,-0.026966
16.200000,0.009992,0.049762,-0.011306,-0.184389,-1.272166,0.299639,-0.748560,-0.049143,0.008214,-0.218470,-1.186438,-0.376769,0.670358,-0.019174,-0.019535
16.233333,0.016150,0.040141,-0.005906,-0.187245,-1.272551,0.285397,-0.778051,-0.047442,-0.000181,-0.220149,-1.198359,-0.383942,0.686781,-0.016526,-0.016617
16.266667,0.021822,0.040848,-0.009319,-0.171664,-1.271031,0.249491,-0.767541,-0.040430,0.003595,-0.216750,-1.216300,-0.359125,0.675204,-0.027561,-0.020648
16.300000,0.027117,0.038450,-0.011030,-0.159796,-1.290996,0.215842,-0.725722,-0.038730,-0.000733,-0.224925,-1.224918,-0.340789,0.632972,-0.030291,-0.019339
16.333333,0.028480,0.028020,-0.005370,-0.158741,-1.305908,0.157463,-0.680719,-0.035708,-0.000196,-0.232629,-1.255795,-0.296112,0.586541,-0.021817,-0.025263
16.366667,0.036276,0.022916,-0.004626,-0.166329,-1.307027,0.103253,-0.628390,-0.037896,0.002093,-0.255026,-1.270714,-0.253795,0.563729,-0.027069,-0.037515
16.400000,0.034156,0.023976,-0.003889,-0.171236,-1.311214,0.065401,-0.573413,-0.032937,0.007235,-0.267489,-1.283325,-0.220612,0.522973,-0.030046,-0.038328
16.433333,0.032374,0.022358,0.002139,-0.175011,-1.299614,0.053380,-0.522684,-0.039321,0.001588,-0.279375,-1.272074,-0.207705,0.470216,-0.021930,-0.039161
16.466667,0.036411,0.023512,0.007061,-0.170776,-1.270846,0.062460,-0.478692,-0.033056,0.007092,-0.286868,-1.271595,-0.198804,0.429753,-0.025827,-0.033078
16.500000,0.039842,0.027190,0.009707,-0.165291,-1.252218,0.059133,-0.449022,-0.035123,0.002562,-0.291168,-1.255765,-0.192202,0.378705,-0.030471,-0.030315
16.533333,0.028406,0.030899,0.001765,-0.156442,-1.248847,0.055854,-0.435389,-0.037220,-0.003172,-0.277549,-1.234231,-0.188569,0.327099,-0.025031,-0.021275
16.566667,0.022587,0.037997,-0.001371,-0.170105,-1.222718,0.057635,-0.433687,-0.040392,0.004737,-0.272761,-1.215775,-0.185546,0.315492,-0.026878,-0.012873
16.600000,0.022348,0.039662,-0.001081,-0.185765,-1.207585,0.050128,-0.436846,-0.039801,0.011573,-0.267992,-1.214142,-0.186906,0.342240,-0.025510,-0.007681
16.633333,0.014013,0.035265,-0.007895,-0.194076,-1.201552,0.023655,-0.457778,-0.040203,0.004673,-0.260323,-1.193744,-0.174453,0.385060,-0.021108,-0.014757
16.666667,0.014387,0.035295,-0.022192,-0.193900,-1.182489,0.027115,-0.467962,-0.034326,0.008564,-0.247938,-1.175764,-0.182132,0.458639,-0.018066,-0.015087
16.700000,0.018554,0.035040,-0.012480,-0.198034,-1.158330,0.040644,-0.481028,-0.034482,0.009762,-0.245813,-1.161561,-0.191810,0.534366,-0.015250,-0.013320
16.733333,0.022660,0.028438,-0.010898,-0.174817,-1.145355,0.036084,-0.485668,-0.032933,0.000386,-0.237419,-1.134005,-0.195957,0.583348,-0.011945,-0.024081
16.766667,0.019244,0.030863,-0.015921,-0.165454,-1.148452,0.047531,-0.499487,-0.031852,0.000098,-0.232892,-1.108203,-0.191197,0.633976,-0.013160,-0.023191
16.800000,0.019825,0.032611,-0.012549,-0.166913,-1.151990,0.051446,-0.512059,-0.037892,0.002066,-0.228096,-1.100278,-0.201190,0.661227,-0.010583,-0.020246
16.833333,0.017908,0.032235,-0.003558,-0.170712,-1.155692,0.041100,-0.520945,-0.044233,0.000638,-0.234906,-1.092446,-0.203573,0.658771,-0.009482,-0.019343
16.866667,0.011876,0.036125,-0.006343,-0.172847,-1.159088,0.035175,-0.509162,-0.042527,0.005798,-0.236739,-1.086350,-0.210684,0.643604,-0.012968,-0.024928
16.900000,0.009635,0.036650,-0.004127,-0.179619,-1.181886,0.046201,-0.508513,-0.041165,0.007616,-0.242883,-1.093025,-0.219081,0.636864,-0.015382,-0.022085
16.933333,0.011074,0.032112,-0.001060,-0.184250,-1.189039,0.027964,-0.508737,-0.040188,0.008672,-0.250016,-1.107396,-0.222135,0.613568,-0.013587,-0.022431
16.966667,0.011607,0.037936,-0.005589,-0.183758,-1.210256,0.018838,-0.497586,-0.038631,0.012546,-0.266343,-1.116294,-0.227756,0.608247,-0.020557,-0.022242
17.000000,0.005799,0.036296,-0.007769,-0.180505,-1.238380,0.021719,-0.495765,-0.037839,0.010031,-0.270801,-1.125290,-0.230639,0.598379,-0.024594,-0.024129
17.033333,0.017959,0.033145,-0.007600,-0.177633,-1.256749,0.013016,-0.499482,-0.039896,0.004346,-0.283509,-1.145403,-0.229665,0.597847,-0.027331,-0.028902
17.066667,0.023241,0.032522,-0.012278,-0.183603,-1.258016,0.003759,-0.496936,-0.039596,0.008045,-0.299363,-1.163004,-0.235886,0.598763,-0.040844,-0.029508
17.100000,0.024379,0.032656,-0.013627,-0.180211,-1.272562,0.002460,-0.492660,-0.038745,0.000731,-0.301348,-1.158549,-0.248468,0.577216,-0.044818,-0.029130
17.133333,0.026124,0.023849,-0.009384,-0.180556,-1.258827,0.012744,-0.487621,-0.041982,-0.001998,-0.302338,-1.152382,-0.262271,0.551596,-0.040338,-0.037135
17.166667,0.035179,0.021290,-0.008149,-0.188917,-1.238854,0.005536,-0.478975,-0.045594,-0.005315,-0.313921,-1.150088,-0.264823,0.520518,-0.044923,-0.040418
17.200000,0.031891,0.020093,-0.005906,-0.193649,-1.231203,0.006684,-0.464928,-0.043445,-0.004688,-0.317492,-1.143541,-0.267131,0.477640,-0.039185,-0.034239
17.233333,0.028993,0.025180,0.002165,-0.190463,-1.217642,0.020699,-0.440759,-0.044171,-0.008444,-0.317759,-1.119779,-0.264744,0.428758,-0.024014,-0.033706
17.266667,0.042101,0.034568,0.008989,-0.199183,-1.173667,0.026891,-0.406148,-0.043544,0.006140,-0.315235,-1.117683,-0.257959,0.400482,-0.025044,-0.033241
17.300000,0.043231,0.040425,0.014149,-0.206429,-1.157951,0.016602,-0.391515,-0.042365,0.009210,-0.316664,-1.104894,-0.246031,0.355632,-0.024169,-0.029934
17.333333,0.036630,0.044949,0.005649,-0.198001,-1.135520,0.014780,-0.385254,-0.036595,0.011057,-0.308186,-1.082537,-0.236606,0.343459,-0.017730,-0.026535
17.366667,0.033658,0.053749,0.003951,-0.200080,-1.104488,0.030312,-0.409586,-0.043141,0.018291,-0.301450,-1.049243,-0.231078,0.358347,-0.017783,-0.022478
17.400000,0.034516,0.050424,0.002173,-0.189640,-1.086912,0.011668,-0.461549,-0.045821,0.015015,-0.283154,-1.009863,-0.217511,0.396110,-0.016553,-0.020011
17.433333,0.022668,0.046499,-0.008070,-0.173253,-1.085761,0.015659,-0.546522,-0.048149,0.006899,-0.276602,-0.951817,-0.193579,0.452284,-0.008395,-0.020569
17.466667,0.018385,0.049326,-0.016455,-0.164135,-1.073467,0.021427,-0.631702,-0.048079,0.004726,-0.250305,-0.907374,-0.168400,0.545250,-0.011181,-0.011495
17.500000,0.018173,0.049347,-0.007813,-0.160090,-1.071875,0.018672,-0.731702,-0.051467,0.009215,-0.230499,-0.869084,-0.133127,0.645250,-0.011796,-0.013705
17.533333,0.019816,0.045200,-0.009985,-0.147425,-1.080544,0.016063,-0.831702,-0.047251,0.006178,-0.213971,-0.848286,-0.091625,0.745250,-0.012996,-0.018903
17.566667,0.019159,0.044414,-0.011236,-0.170535,-1.098244,0.049599,-0.931702,-0.043480,0.013783,-0.218013,-0.835434,-0.060965,0.845250,-0.021454,-0.019332
17.600000,0.018600,0.041023,-0.008047,-0.213108,-1.111109,0.089850,-1.031702,-0.045873,0.007627,-0.228915,-0.834303,-0.027228,0.945250,-0.026760,-0.026025
17.633333,0.021415,0.041020,-0.002504,-0.270739,-1.105575,0.156660,-1.127343,-0.050549,0.007561,-0.259806,-0.829043,-0.003261,1.045250,-0.022829,-0.038078
17.666667,0.023183,0.045598,-0.005175,-0.351428,-1.110369,0.253339,-1.214111,-0.048395,0.010299,-0.305200,-0.839504,-0.014301,1.143529,-0.027067,-0.042758
17.700000,0.023344,0.046583,-0.003996,-0.451428,-1.123754,0.353339,-1.292647,-0.047521,0.007187,-0.338609,-0.850104,-0.024779,1.201808,-0.022972,-0.046335
17.733333,0.028583,0.047860,-0.009895,-0.551428,-1.119595,0.453339,-1.338156,-0.050898,0.003154,-0.374501,-0.885273,-0.042704,1.225149,-0.017627,-0.055867
17.766667,0.029134,0.050170,-0.016208,-0.651428,-1.143033,0.553339,-1.370438,-0.050273,0.004332,-0.384419,-0.919490,-0.080334,1.208490,-0.016356,-0.054874
17.800000,0.028073,0.050671,-0.017531,-0.732130,-1.182385,0.653339,-1.375976,-0.048557,0.006491,-0.371447,-0.965010,-0.126584,1.151831,-0.013726,-0.057754
17.833333,0.025664,0.047749,-0.014641,-0.793518,-1.194320,0.753339,-1.371241,-0.048489,0.000443,-0.345282,-0.985166,-0.151940,1.056893,-0.011739,-0.051258
17.866667,0.027463,0.050690,-0.012944,-0.838369,-1.196855,0.853339,-1.338645,-0.047781,0.006491,-0.318401,-1.018565,-0.182862,0.961955,-0.014993,-0.047679
17.900000,0.024186,0.052387,-0.008308,-0.843220,-1.218470,0.953339,-1.311936,-0.047878,0.003605,-0.269078,-1.012809,-0.215665,0.861955,-0.010717,-0.047671
17.933333,0.024976,0.051357,-0.002926,-0.823196,-1.220085,1.053339,-1.278455,-0.046535,0.002370,-0.239754,-1.009068,-0.242153,0.761955,-0.007277,-0.052156
17.966667,0.025172,0.047094,-0.002615,-0.822470,-1.204798,1.153339,-1.276077,-0.038850,0.001234,-0.203075,-0.984548,-0.255505,0.701955,-0.000810,-0.049154
18.000000,0.029935,0.046121,-0.001641,-0.841058,-1.186942,1.253339,-1.292845,-0.039767,0.011108,-0.145899,-0.945393,-0.257539,0.681955,0.001796,-0.049096
18.033333,0.026176,0.042471,-0.005370,-0.876183,-1.164064,1.353339,-1.345705,-0.042566,0.007257,-0.077724,-0.866238,-0.247079,0.701955,0.010783,-0.049862
18.066667,0.019569,0.042602,-0.011512,-0.944440,-1.126382,1.443794,-1.413641,-0.045131,0.013628,0.002276,-0.786238,-0.228976,0.761955,0.016503,-0.045531
18.100000,0.018796,0.042437,-0.017456,-1.019906,-1.075890,1.512766,-1.482301,-0.050109,0.019661,0.102276,-0.686238,-0.210893,0.849057,0.017038,-0.036333
18.133333,0.018233,0.047110,-0.022339,-1.080826,-1.056847,1.561594,-1.531160,-0.057444,0.021133,0.202276,-0.586238,-0.172867,0.913393,0.014693,-0.036794
18.166667,0.004292,0.047591,-0.037533,-1.101746,-1.052228,1.587515,-1.553584,-0.059839,0.009395,0.302276,-0.486238,-0.149785,0.947412,0.022140,-0.042721
18.200000,0.005358,0.050160,-0.042006,-1.119029,-1.031328,1.592676,-1.560873,-0.055428,0.010027,0.402276,-0.393917,-0.132847,0.943195,0.028294,-0.034478
18.233333,0.007338,0.049994,-0.038278,-1.114274,-1.025664,1.572549,-1.561796,-0.057900,0.005831,0.502276,-0.319869,-0.102283,0.913510,0.024945,-0.033756
18.266667,0.001987,0.052482,-0.042208,-1.087184,-1.035929,1.533904,-1.560642,-0.056583,-0.003969,0.602276,-0.248150,-0.051699,0.856723,0.023558,-0.035088
18.300000,0.000295,0.060686,-0.044353,-1.070352,-1.022110,1.482333,-1.560349,-0.056336,0.002103,0.702276,-0.216432,-0.023005,0.782702,0.025844,-0.026501
18.333333,0.012687,0.062629,-0.033420,-1.065359,-1.006815,1.418175,-1.566784,-0.059397,0.009004,0.802276,-0.207131,0.012560,0.698997,0.025899,-0.024765
18.366667,0.018018,0.060626,-0.031533,-1.024003,-0.984541,1.334777,-1.555008,-0.058294,0.019808,0.902276,-0.205621,0.039873,0.613529,0.016301,-0.033470
18.400000,0.019169,0.068690,-0.033589,-0.971554,-0.956756,1.246212,-1.555008,-0.058190,0.023902,1.002276,-0.185838,0.035446,0.513529,0.014175,-0.026050
18.433333,0.023462,0.066881,-0.026509,-0.919105,-0.915560,1.157647,-1.556361,-0.057876,0.031062,1.102276,-0.184643,0.027282,0.413529,0.021012,-0.028471
18.466667,0.025804,0.061517,-0.022834,-0.830945,-0.874517,1.062155,-1.556655,-0.056934,0.026578,1.167344,-0.143448,0.016475,0.328089,0.023929,-0.032505
18.500000,0.025182,0.059749,-0.022961,-0.730945,-0.841728,0.962155,-1.556655,-0.054138,0.027716,1.192412,-0.079836,-0.023463,0.274660,0.024327,-0.020796
18.533333,0.018752,0.059703,-0.019663,-0.630945,-0.822529,0.862155,-1.570000,-0.059935,0.017200,1.177480,-0.004099,-0.052734,0.261232,0.027233,-0.019110
18.566667,0.023423,0.053027,-0.014276,-0.530945,-0.798937,0.762155,-1.570000,-0.052957,0.019496,1.122547,0.058613,-0.079565,0.287804,0.028761,-0.022176
18.600000,0.022510,0.053375,-0.008664,-0.447307,-0.790286,0.662155,-1.570000,-0.046971,0.026213,1.027615,0.142242,-0.142659,0.354376,0.021583,-0.020644
18.633333,0.017970,0.048283,-0.008346,-0.391881,-0.795575,0.562155,-1.570000,-0.048454,0.023796,0.927615,0.225871,-0.214299,0.446388,0.016669,-0.021367
18.666667,0.013781,0.047235,-0.007196,-0.376455,-0.811027,0.502155,-1.570000,-0.046896,0.024138,0.840411,0.293885,-0.285940,0.546388,0.011821,-0.032560
18.700000,0.017622,0.043653,-0.009145,-0.401030,-0.835045,0.482155,-1.570000,-0.044857,0.015851,0.754888,0.363236,-0.381605,0.646388,0.008070,-0.030185
18.733333,0.005537,0.041228,-0.010508,-0.465604,-0.860025,0.502155,-1.567005,-0.046444,0.009868,0.670690,0.427582,-0.481605,0.746388,0.010795,-0.030621
18.766667,-0.002395,0.041287,-0.017833,-0.553816,-0.878947,0.562155,-1.544010,-0.043401,0.008760,0.624158,0.463579,-0.581605,0.846388,0.009550,-0.028252
18.800000,-0.001932,0.045966,-0.016205,-0.653817,-0.906820,0.662155,-1.529615,-0.037603,0.012754,0.616213,0.459576,-0.681605,0.946388,0.007803,-0.020292
18.833333,-0.006656,0.042675,-0.018541,-0.753817,-0.936611,0.762155,-1.521736,-0.035346,0.006820,0.604201,0.431188,-0.781605,1.046388,0.011824,-0.018209
18.866667,-0.018384,0.036229,-0.023833,-0.837722,-0.962664,0.862155,-1.504494,-0.029862,0.009421,0.615726,0.366161,-0.881605,1.137445,0.016865,-0.015282
18.900000,-0.012096,0.041163,-0.024369,-0.891345,-0.985776,0.962155,-1.484614,-0.029451,0.007801,0.625927,0.279163,-0.941605,1.188503,0.019899,-0.014516
18.933333,-0.011347,0.038601,-0.021053,-0.904968,-1.015000,1.062155,-1.464734,-0.034707,-0.003448,0.598462,0.180515,-0.961605,1.199560,0.027599,-0.022912
18.966667,-0.013541,0.038407,-0.029701,-0.890318,-1.013814,1.162155,-1.428787,-0.027994,-0.006764,0.532409,0.081866,-0.941605,1.170618,0.035333,-0.031932
19.000000,-0.006948,0.043565,-0.029111,-0.839627,-1.010041,1.262155,-1.366325,-0.028255,-0.002591,0.457628,-0.016782,-0.916159,1.101675,0.037830,-0.028011
19.033333,-0.001902,0.051308,-0.022260,-0.765031,-1.023988,1.323042,-1.297078,-0.030818,-0.000081,0.357628,-0.116782,-0.856785,1.001675,0.033799,-0.033436
19.066667,-0.007276,0.051258,-0.026094,-0.680717,-1.055526,1.343930,-1.213463,-0.032294,0.003651,0.257628,-0.216782,-0.837412,0.929713,0.029339,-0.036451
19.100000,-0.007309,0.049499,-0.022421,-0.596404,-1.100213,1.324817,-1.129849,-0.032716,0.009739,0.157628,-0.316782,-0.858038,0.897752,0.027745,-0.023059
19.133333,-0.009864,0.041488,-0.010257,-0.500364,-1.153825,1.265704,-1.033701,-0.040124,0.010727,0.057628,-0.416782,-0.918664,0.900615,0.015800,-0.016056
19.166667,-0.015117,0.043729,-0.005670,-0.408348,-1.202469,1.166592,-0.937553,-0.038791,0.011374,-0.042372,-0.516782,-0.984736,0.943478,0.003377,-0.011964
19.200000,-0.019135,0.040219,-0.000416,-0.334348,-1.244184,1.066592,-0.868596,-0.031933,0.012975,-0.142372,-0.616782,-1.084736,1.026341,-0.001858,-0.003421
19.233333,-0.012850,0.028556,0.006303,-0.277895,-1.267027,0.966591,-0.831572,-0.028017,0.007298,-0.242372,-0.716782,-1.184736,1.117573,-0.006438,-0.000545
19.266667,-0.008913,0.026977,0.004840,-0.237385,-1.274111,0.866591,-0.811743,-0.018453,0.008220,-0.342372,-0.816782,-1.284736,1.208655,-0.021589,-0.005554
19.300000,-0.005026,0.025795,0.003409,-0.231268,-1.296500,0.778163,-0.831914,-0.017700,0.003398,-0.442372,-0.916782,-1.384736,1.295394,-0.022911,-0.005836
19.333333,-0.004152,0.016006,0.007940,-0.252592,-1.307679,0.723566,-0.892085,-0.013565,0.004048,-0.542372,-1.016782,-1.484736,1.378863,-0.017675,-0.009831
19.366667,0.003219,0.011773,0.007355,-0.287425,-1.304574,0.699101,-0.958965,-0.016760,0.003206,-0.642372,-1.116782,-1.584736,1.449665,-0.024848,-0.020228
19.400000,-0.003428,0.013456,0.007535,-0.336579,-1.306111,0.714636,-1.033913,-0.012876,0.003674,-0.738689,-1.215426,-1.683737,1.504060,-0.027736,-0.020359
19.433333,-0.005693,0.013533,0.012522,-0.385262,-1.291507,0.770172,-1.105838,-0.019622,-0.000177,-0.813320,-1.277328,-1.755960,1.533803,-0.021204,-0.021752
19.466667,0.001743,0.015259,0.015729,-0.419312,-1.262033,0.854135,-1.153638,-0.011832,0.004217,-0.869339,-1.319433,-1.803066,1.548930,-0.026445,-0.015015
19.500000,0.004524,0.018458,0.018160,-0.456150,-1.248709,0.933101,-1.199656,-0.018166,-0.000694,-0.912062,-1.351091,-1.828780,1.555033,-0.028851,-0.012977
19.533333,-0.005881,0.021505,0.011070,-0.481498,-1.249766,0.999163,-1.235770,-0.021048,-0.003864,-0.933468,-1.350108,-1.830960,1.555033,-0.022189,-0.005575
19.566667,-0.009796,0.028536,0.008321,-0.505078,-1.228215,1.046992,-1.253271,-0.023831,0.006873,-0.949026,-1.346675,-1.803765,1.555033,-0.021367,0.003865
19.600000,-0.007999,0.029766,0.008986,-0.514538,-1.218707,1.067876,-1.256599,-0.024823,0.012336,-0.971317,-1.361486,-1.778419,1.559834,-0.019015,0.009136
19.633333,-0.018389,0.025406,0.002322,-0.504237,-1.215471,1.048760,-1.249663,-0.026669,0.006525,-0.984885,-1.357621,-1.738192,1.548771,-0.012772,0.002124
19.666667,-0.014190,0.025715,-0.011964,-0.455724,-1.188412,1.000811,-1.204509,-0.016507,0.012050,-0.971749,-1.347679,-1.679356,1.510000,-0.008140,0.003160
19.700000,-0.007890,0.026937,-0.004493,-0.387175,-1.147899,0.935632,-1.131506,-0.014754,0.015677,-0.939932,-1.339350,-1.604054,1.450000,-0.003454,0.004819
19.733333,0.001470,0.021801,-0.003597,-0.288527,-1.110279,0.848687,-1.058055,-0.015067,0.009011,-0.877643,-1.313850,-1.519127,1.370000,-0.000379,-0.006143
19.766667,0.001219,0.024880,-0.009821,-0.188527,-1.076895,0.748687,-1.024604,-0.013961,0.010687,-0.790309,-1.267550,-1.419127,1.310000,-0.001838,-0.006517
19.800000,0.003526,0.026144,-0.005997,-0.112514,-1.033631,0.648687,-1.025542,-0.018759,0.012593,-0.690309,-1.228128,-1.319127,1.290000,-0.000287,-0.006441
19.833333,0.000361,0.026169,0.002889,-0.076502,-0.996185,0.548687,-1.066480,-0.029012,0.009884,-0.590309,-1.180490,-1.219127,1.310000,-0.003066,-0.008062
19.866667,-0.003679,0.028682,0.001849,-0.068452,-0.964117,0.448687,-1.147418,-0.028362,0.016450,-0.490309,-1.133822,-1.119127,1.368733,-0.011736,-0.014833
19.900000,-0.007234,0.027927,0.004446,-0.082493,-0.955981,0.348687,-1.247418,-0.027750,0.015761,-0.402078,-1.095293,-1.019127,1.448733,-0.015376,-0.013359
19.933333,-0.007047,0.023172,0.008772,-0.121044,-0.939450,0.248687,-1.347418,-0.026486,0.016046,-0.339746,-1.081345,-0.919127,1.508733,-0.012045,-0.013079
19.966667,-0.003951,0.028443,0.004178,-0.154599,-0.942256,0.148687,-1.431935,-0.026154,0.020790,-0.305745,-1.068865,-0.819127,1.548733,-0.020062,-0.010700
20.000000,-0.007839,0.027134,0.002876,-0.167737,-0.952565,0.048687,-1.496451,-0.025291,0.018943,-0.287424,-1.067820,-0.719127,1.568733,-0.022186,-0.011253
20.033333,0.003021,0.024529,0.002439,-0.175096,-0.956990,-0.051313,-1.540967,-0.030213,0.010304,-0.303171,-1.082426,-0.619127,1.570000,-0.023952,-0.013459
20.066667,0.010689,0.024529,-0.002298,-0.187637,-0.949630,-0.124088,-1.565484,-0.027831,0.015378,-0.347150,-1.103055,-0.519127,1.570000,-0.037085,-0.009979
20.100000,0.012465,0.024904,-0.003012,-0.192201,-0.965662,-0.175831,-1.570000,-0.028672,0.009479,-0.398059,-1.109993,-0.419127,1.570000,-0.042797,-0.011594
20.133333,0.013138,0.018368,0.001410,-0.199553,-0.966418,-0.190958,-1.567723,-0.031405,0.004817,-0.460636,-1.121072,-0.341729,1.568021,-0.038604,-0.020322
20.166667,0.020931,0.015595,0.001169,-0.226636,-0.983528,-0.175335,-1.567723,-0.033587,0.000864,-0.547533,-1.142605,-0.304331,1.567125,-0.046305,-0.024179
20.200000,0.017740,0.013718,0.003602,-0.265413,-1.024790,-0.119861,-1.562944,-0.029581,0.002849,-0.640363,-1.160329,-0.306933,1.566105,-0.041850,-0.020303
20.233333,0.013705,0.017394,0.010965,-0.291164,-1.062693,-0.051612,-1.542974,-0.028258,-0.001728,-0.733192,-1.165391,-0.349536,1.560528,-0.029091,-0.023759
20.266667,0.027100,0.025389,0.014917,-0.326593,-1.071100,0.015270,-1.510116,-0.024705,0.013929,-0.833192,-1.192099,-0.432138,1.560528,-0.032476,-0.021137
20.300000,0.026403,0.028943,0.019297,-0.360693,-1.107114,0.067259,-1.499424,-0.023529,0.020581,-0.929827,-1.209282,-0.532138,1.559438,-0.032902,-0.016510
20.333333,0.021112,0.031653,0.012281,-0.355478,-1.108469,0.090033,-1.486248,-0.016572,0.024365,-0.989399,-1.215460,-0.632138,1.560334,-0.025535,-0.012153
20.366667,0.020282,0.039788,0.011418,-0.316387,-1.070327,0.085401,-1.458936,-0.022997,0.031988,-1.008971,-1.216021,-0.696106,1.561354,-0.023254,-0.007417
20.400000,0.020174,0.034890,0.011285,-0.263047,-1.029250,0.040768,-1.455219,-0.028390,0.030679,-0.988544,-1.215760,-0.720074,1.552210,-0.023082,-0.004964
20.433333,0.006126,0.030511,0.004429,-0.183497,-0.998396,-0.003112,-1.449644,-0.030992,0.020427,-0.928116,-1.190928,-0.704043,1.522321,-0.016362,-0.004058
20.466667,0.003888,0.033144,-0.002988,-0.083497,-0.948749,-0.056628,-1.422042,-0.029503,0.017653,-0.831054,-1.187209,-0.667453,1.480546,-0.020212,0.003538
20.500000,0.002487,0.031987,0.006260,0.016503,-0.918239,-0.102854,-1.375675,-0.032196,0.020146,-0.731054,-1.191624,-0.595414,1.419036,-0.018728,0.000971
20.533333,0.000260,0.027906,0.004989,0.116503,-0.913655,-0.134325,-1.334625,-0.025593,0.019301,-0.631054,-1.202861,-0.559407,1.345351,-0.022088,-0.001875
20.566667,-0.003093,0.027405,0.003977,0.216503,-0.924831,-0.134613,-1.265170,-0.021577,0.028140,-0.541079,-1.206093,-0.563400,1.299426,-0.026775,0.001642
20.600000,-0.006828,0.023624,0.007356,0.316503,-0.926964,-0.134132,-1.190462,-0.023227,0.024796,-0.491105,-1.220981,-0.607392,1.252076,-0.028719,-0.004481
20.633333,-0.008489,0.020850,0.015718,0.416503,-0.911710,-0.120189,-1.100083,-0.025360,0.027067,-0.481131,-1.213500,-0.671943,1.227825,-0.024344,-0.012439
20.666667,-0.011473,0.026477,0.015228,0.516503,-0.904627,-0.075072,-1.008674,-0.023490,0.031071,-0.511157,-1.197716,-0.771943,1.240241,-0.032304,-0.013609
20.700000,-0.012470,0.025876,0.019455,0.616503,-0.910996,-0.049361,-0.910865,-0.024889,0.028714,-0.581183,-1.174406,-0.871943,1.283530,-0.031913,-0.014197
20.733333,-0.007113,0.025420,0.017544,0.716503,-0.906299,-0.027414,-0.813056,-0.026205,0.025415,-0.681183,-1.178947,-0.971943,1.330423,-0.029519,-0.021498
20.766667,-0.004455,0.028508,0.013613,0.816503,-0.929631,-0.020076,-0.724869,-0.027450,0.026598,-0.775102,-1.168226,-1.071943,1.394169,-0.030774,-0.016615
20.800000,-0.005806,0.031386,0.013907,0.916503,-0.968270,-0.011329,-0.640112,-0.028970,0.026416,-0.859308,-1.169111,-1.171943,1.456075,-0.034041,-0.014655
20.833333,-0.008968,0.027578,0.018675,1.015142,-0.982271,-0.027507,-0.577370,-0.027546,0.025182,-0.925766,-1.161772,-1.271942,1.500111,-0.036364,-0.006580
20.866667,-0.006750,0.031272,0.021197,1.080325,-0.982714,-0.041025,-0.532202,-0.027250,0.032631,-0.972498,-1.178646,-1.371943,1.530508,-0.042111,-0.000594
20.900000,-0.011502,0.034250,0.026187,1.136969,-0.994609,-0.053520,-0.524854,-0.029191,0.029595,-0.998292,-1.155976,-1.471943,1.542037,-0.044687,0.002214
20.933333,-0.012665,0.032075,0.032973,1.173613,-0.989564,-0.052594,-0.527883,-0.026826,0.028477,-1.010167,-1.145452,-1.571943,1.553306,-0.047600,-0.000658
20.966667,-0.004010,0.030829,0.028289,1.170257,-1.006617,-0.038625,-0.565292,-0.021534,0.024184,-0.991754,-1.160089,-1.631943,1.538270,-0.035167,-0.008398
21.000000,0.010458,0.033678,0.024276,1.128262,-1.048431,0.000268,-0.620685,-0.026375,0.023130,-0.951090,-1.196974,-1.651943,1.501104,-0.029491,-0.018270
21.033333,0.014629,0.032710,0.016013,1.079724,-1.088028,0.068710,-0.698505,-0.031108,0.010122,-0.890150,-1.232029,-1.631943,1.438880,-0.018561,-0.029699
21.066667,0.016803,0.037388,0.005997,0.999724,-1.117457,0.148710,-0.778505,-0.036026,0.007435,-0.810150,-1.275367,-1.571943,1.358880,-0.007383,-0.038809
21.100000,0.023904,0.041266,-0.003043,0.899724,-1.138713,0.248710,-0.878505,-0.042499,0.003007,-0.710150,-1.328231,-1.471943,1.258880,-0.000276,-0.043196
21.133333,0.021688,0.044365,-0.005346,0.799724,-1.151777,0.348710,-0.978505,-0.050333,0.002592,-0.610150,-1.363363,-1.371943,1.158880,-0.007274,-0.044040
21.166667,0.007829,0.046394,-0.019173,0.699724,-1.154192,0.448710,-1.078505,-0.048904,-0.007786,-0.510150,-1.362025,-1.271943,1.058880,-0.001544,-0.048486
21.200000,0.008087,0.049420,-0.022804,0.599724,-1.146412,0.548710,-1.173241,-0.045389,-0.009757,-0.416632,-1.359754,-1.171943,0.958880,0.001918,-0.041012
21.233333,0.010492,0.047554,-0.019090,0.499724,-1.153779,0.648710,-1.251868,-0.045709,-0.010575,-0.345853,-1.367302,-1.071943,0.866231,-0.002342,-0.038932
21.266667,0.004341,0.050176,-0.024106,0.399724,-1.175982,0.748710,-1.302721,-0.041811,-0.016481,-0.284506,-1.351275,-0.971943,0.785662,-0.007282,-0.037933
21.300000,0.004059,0.059343,-0.027307,0.299724,-1.180797,0.848710,-1.331923,-0.040022,-0.011441,-0.257386,-1.352981,-0.871943,0.745093,-0.005095,-0.031936
21.333333,0.012540,0.059103,-0.016764,0.199724,-1.188177,0.948710,-1.341872,-0.044141,-0.005067,-0.247980,-1.365063,-0.771943,0.714368,-0.006737,-0.029909
21.366667,0.014978,0.058849,-0.015345,0.099724,-1.183305,1.048710,-1.318116,-0.039250,0.004916,-0.249539,-1.352647,-0.677036,0.702024,-0.017207,-0.037642
21.400000,0.016386,0.069087,-0.017243,-0.000276,-1.185399,1.148710,-1.303125,-0.041080,0.006530,-0.240817,-1.328288,-0.612757,0.710103,-0.022145,-0.030340
21.433333,0.020781,0.066952,-0.009975,-0.100276,-1.177507,1.248710,-1.296438,-0.042964,0.013648,-0.247629,-1.336480,-0.553099,0.735918,-0.016005,-0.034059
21.466667,0.023849,0.063055,-0.007065,-0.200276,-1.172008,1.348710,-1.290905,-0.042508,0.008879,-0.252268,-1.320608,-0.511050,0.754084,-0.014490,-0.037977
21.500000,0.027305,0.063476,-0.007685,-0.300276,-1.175266,1.448710,-1.286572,-0.042833,0.011210,-0.249359,-1.295903,-0.495588,0.795385,-0.013690,-0.028312
21.533333,0.024440,0.063394,-0.005170,-0.400276,-1.193440,1.533196,-1.288490,-0.050459,0.005372,-0.245069,-1.285517,-0.481671,0.857813,-0.008794,-0.026351
21.566667,0.029579,0.059155,-0.001841,-0.500276,-1.195020,1.589478,-1.273203,-0.042671,0.010488,-0.258584,-1.299135,-0.473444,0.927271,-0.005830,-0.030022
21.600000,0.031403,0.061433,0.002199,-0.600276,-1.203206,1.613761,-1.241573,-0.037650,0.016909,-0.287134,-1.296941,-0.500596,0.987495,-0.010382,-0.028498
21.633333,0.028064,0.056119,0.001722,-0.667147,-1.206537,1.598044,-1.201237,-0.038631,0.016275,-0.309869,-1.279629,-0.550139,1.024076,-0.014216,-0.026939
21.666667,0.024806,0.054314,0.002454,-0.695981,-1.200042,1.543865,-1.138955,-0.036444,0.017771,-0.362437,-1.290651,-0.613094,1.048531,-0.017172,-0.037334
21.700000,0.027653,0.049401,0.000676,-0.700830,-1.200164,1.465199,-1.083881,-0.034741,0.009397,-0.434677,-1.307068,-0.709413,1.039720,-0.017360,-0.039132
21.733333,0.020212,0.041853,-0.000796,-0.683652,-1.203104,1.381250,-1.034879,-0.037567,0.004282,-0.489193,-1.301534,-0.809413,1.011270,-0.013194,-0.037850
21.766667,0.011718,0.039165,-0.007512,-0.627437,-1.191033,1.301378,-0.981688,-0.036390,0.003990,-0.520181,-1.287193,-0.909413,0.974290,-0.017289,-0.033841
21.800000,0.008762,0.041917,-0.005170,-0.595892,-1.189569,1.232035,-0.941762,-0.033750,0.011446,-0.542034,-1.309305,-1.009413,0.943806,-0.018174,-0.025779
21.833333,0.004994,0.037321,-0.007405,-0.572121,-1.196946,1.171194,-0.926550,-0.032084,0.005389,-0.547816,-1.319680,-1.109413,0.917155,-0.014840,-0.024528
21.866667,-0.006523,0.031066,-0.014011,-0.546233,-1.198674,1.125496,-0.917213,-0.024133,0.009359,-0.528937,-1.297924,-1.182593,0.908225,-0.009510,-0.017384
21.900000,-0.006118,0.036690,-0.015012,-0.527512,-1.192987,1.095652,-0.909887,-0.024597,0.006707,-0.518168,-1.307958,-1.238564,0.902337,-0.007996,-0.016073
21.933333,-0.007114,0.033906,-0.012775,-0.526285,-1.199820,1.063471,-0.923698,-0.029933,-0.003408,-0.513183,-1.317438,-1.265779,0.891638,-0.000974,-0.020577
21.966667,-0.008108,0.034216,-0.023243,-0.533519,-1.189400,1.060762,-0.953189,-0.020426,-0.009253,-0.531093,-1.318886,-1.292994,0.904659,0.005621,-0.028381
22.000000,-0.003156,0.039815,-0.023754,-0.571013,-1.179824,1.088012,-0.995475,-0.022775,-0.006385,-0.561102,-1.311964,-1.320209,0.908115,0.006887,-0.022195
22.033333,0.001654,0.047334,-0.017475,-0.634611,-1.186656,1.140120,-1.041772,-0.029883,-0.002787,-0.603014,-1.330401,-1.374244,0.897604,0.001723,-0.028691
22.066667,-0.002115,0.049764,-0.023160,-0.713068,-1.207211,1.185307,-1.104535,-0.034163,-0.000471,-0.633060,-1.323619,-1.445488,0.881428,-0.002635,-0.033679
22.100000,0.001900,0.051406,-0.021816,-0.807745,-1.231212,1.260321,-1.186162,-0.035605,0.003553,-0.668925,-1.327269,-1.545488,0.887784,-0.001346,-0.028440
22.133333,0.001940,0.046947,-0.012559,-0.879484,-1.254299,1.295335,-1.268048,-0.048034,0.001791,-0.671554,-1.320044,-1.605935,0.855684,-0.009149,-0.028429
22.166667,-0.001004,0.052418,-0.012218,-0.911222,-1.269502,1.290348,-1.350620,-0.050382,0.004362,-0.639965,-1.314153,-1.626381,0.824811,-0.016662,-0.026153
22.200000,-0.003052,0.053001,-0.011557,-0.902960,-1.274883,1.245362,-1.434135,-0.047790,0.002928,-0.585398,-1.316127,-1.606827,0.783941,-0.018608,-0.019523
22.233333,0.004534,0.043182,-0.007099,-0.854698,-1.269086,1.184931,-1.497650,-0.046521,-0.001369,-0.526662,-1.332340,-1.547274,0.733663,-0.015479,-0.018341
22.266667,0.010438,0.044063,-0.011304,-0.771759,-1.258412,1.084931,-1.521165,-0.040539,0.000947,-0.448304,-1.350438,-1.447720,0.655143,-0.026628,-0.023789
22.300000,0.016665,0.043523,-0.014371,-0.671759,-1.271532,0.984931,-1.504679,-0.040236,-0.000977,-0.384706,-1.359821,-1.347720,0.576155,-0.026759,-0.020439
22.333333,0.019053,0.034652,-0.008970,-0.571759,-1.283182,0.884931,-1.450000,-0.038155,-0.001950,-0.339016,-1.384921,-1.247720,0.500480,-0.021693,-0.026109
22.366667,0.027457,0.029774,-0.007512,-0.487599,-1.292626,0.784931,-1.370000,-0.040686,0.000470,-0.323606,-1.396767,-1.147720,0.464805,-0.026150,-0.035339
22.400000,0.023885,0.030729,-0.004874,-0.417296,-1.313206,0.684931,-1.270000,-0.036853,0.003163,-0.316968,-1.399623,-1.047720,0.442365,-0.029833,-0.032813
22.433333,0.019941,0.028737,0.002688,-0.355896,-1.322927,0.585382,-1.170000,-0.042427,-0.000226,-0.318024,-1.384381,-0.947720,0.439983,-0.020552,-0.031945
22.466667,0.025712,0.028448,0.008766,-0.322547,-1.316197,0.525833,-1.070000,-0.034970,0.007329,-0.319748,-1.379035,-0.847720,0.476280,-0.023688,-0.024661
22.500000,0.029715,0.029973,0.011093,-0.329198,-1.315443,0.506285,-0.970462,-0.034551,0.003314,-0.321148,-1.362215,-0.773411,0.529443,-0.023566,-0.022124
22.533333,0.019692,0.033434,0.003071,-0.357553,-1.320674,0.526736,-0.908476,-0.035644,-0.001699,-0.313116,-1.332261,-0.738381,0.572239,-0.019121,-0.013583
22.566667,0.015232,0.042188,-0.001861,-0.412052,-1.295242,0.587188,-0.886490,-0.036776,0.007288,-0.331698,-1.316807,-0.743351,0.638665,-0.018702,-0.006824
22.600000,0.017190,0.044691,-0.002689,-0.497648,-1.280797,0.687188,-0.886100,-0.034525,0.013982,-0.374130,-1.319799,-0.788320,0.716780,-0.017548,-0.002295
22.633333,0.008570,0.041815,-0.009395,-0.588922,-1.277481,0.787188,-0.925632,-0.036075,0.006141,-0.434374,-1.311231,-0.873290,0.775454,-0.012894,-0.012764
22.666667,0.007602,0.043414,-0.022477,-0.663321,-1.265100,0.887188,-0.981851,-0.032309,0.008773,-0.503321,-1.314670,-0.972568,0.834789,-0.009059,-0.013640
22.700000,0.011610,0.043714,-0.012555,-0.730550,-1.251590,0.987188,-1.034391,-0.031570,0.012155,-0.584493,-1.328745,-1.072568,0.879789,-0.004258,-0.014184
22.733333,0.016571,0.036510,-0.009718,-0.767089,-1.253179,1.087188,-1.063987,-0.031478,0.003056,-0.647448,-1.330840,-1.172568,0.893037,-0.004285,-0.025498
22.766667,0.012233,0.038443,-0.013973,-0.783484,-1.264024,1.187188,-1.084868,-0.033942,0.003240,-0.686240,-1.323524,-1.272568,0.911944,-0.005978,-0.025526
22.800000,0.012256,0.039334,-0.011355,-0.780639,-1.271775,1.287188,-1.094574,-0.037480,0.002831,-0.697390,-1.324318,-1.361902,0.911612,-0.002876,-0.024120
22.833333,0.012071,0.039075,-0.003161,-0.761049,-1.275171,1.358661,-1.087132,-0.042618,0.003708,-0.680441,-1.294231,-1.411236,0.889616,-0.004666,-0.022794
22.866667,0.005858,0.044168,-0.005830,-0.724955,-1.277134,1.409833,-1.048072,-0.042282,0.009278,-0.630419,-1.246671,-1.420569,0.892324,-0.010123,-0.030097
22.900000,0.002789,0.046565,-0.003825,-0.698239,-1.293463,1.453110,-1.020815,-0.042217,0.011167,-0.558614,-1.176561,-1.389903,0.926783,-0.007657,-0.027785
22.933333,0.005528,0.044202,-0.000799,-0.673996,-1.297428,1.461431,-0.995464,-0.041460,0.011400,-0.490159,-1.105461,-1.319237,0.962308,-0.002654,-0.027603
22.966667,0.007941,0.052426,-0.005269,-0.654303,-1.309599,1.452828,-0.963860,-0.043891,0.017587,-0.442420,-1.028370,-1.219236,1.037832,-0.009271,-0.026835
23.000000,0.002213,0.053785,-0.007234,-0.644945,-1.329010,1.458329,-0.946000,-0.045951,0.015693,-0.408145,-0.972147,-1.119237,1.137832,-0.010480,-0.029608
23.033333,0.015192,0.050856,-0.007299,-0.640576,-1.342578,1.445429,-0.935021,-0.052557,0.010022,-0.408863,-0.934991,-1.019237,1.237832,-0.011029,-0.032180
23.066667,0.021768,0.050663,-0.012256,-0.638223,-1.344518,1.410873,-0.908647,-0.051961,0.016258,-0.447296,-0.924841,-0.919237,1.337832,-0.024690,-0.030503
23.100000,0.022214,0.049975,-0.013136,-0.622599,-1.362611,1.374128,-0.877439,-0.052135,0.010202,-0.487577,-0.904711,-0.819237,1.424266,-0.031547,-0.031063
23.133333,0.022289,0.038460,-0.008409,-0.601924,-1.360681,1.323284,-0.839875,-0.054441,0.009021,-0.534386,-0.887055,-0.719236,1.490699,-0.025924,-0.037222
23.166667,0.030794,0.035355,-0.007213,-0.588534,-1.362105,1.248792,-0.811004,-0.056192,0.007537,-0.607730,-0.877039,-0.644970,1.537133,-0.028983,-0.036597
23.200000,0.027419,0.032330,-0.003748,-0.570002,-1.372621,1.179757,-0.785288,-0.052323,0.008994,-0.685896,-0.868501,-0.610704,1.563566,-0.024372,-0.029679
23.233333,0.022473,0.035276,0.005454,-0.543468,-1.375915,1.133384,-0.760326,-0.049273,0.005226,-0.752121,-0.852536,-0.609925,1.570000,-0.011531,-0.028220
23.266667,0.034620,0.043774,0.011458,-0.536408,-1.353731,1.095016,-0.730854,-0.045172,0.020577,-0.812950,-0.873749,-0.649145,1.570000,-0.014010,-0.024781
23.300000,0.034186,0.051161,0.016856,-0.534005,-1.359388,1.062481,-0.725244,-0.042005,0.022009,-0.873362,-0.888216,-0.728366,1.567741,-0.016777,-0.019473
23.333333,0.028160,0.052259,0.010311,-0.522370,-1.349820,1.048898,-0.719080,-0.033749,0.021368,-0.902208,-0.898201,-0.808414,1.566666,-0.013172,-0.016037
23.366667,0.025427,0.060087,0.008831,-0.535107,-1.336891,1.068560,-0.717056,-0.039059,0.025798,-0.891241,-0.915724,-0.876179,1.558776,-0.013830,-0.012090
23.400000,0.027797,0.055228,0.006192,-0.549210,-1.337670,1.079713,-0.733389,-0.042167,0.022775,-0.854498,-0.937563,-0.928188,1.530887,-0.013728,-0.013154
23.433333,0.018673,0.050565,-0.003560,-0.545441,-1.346804,1.093401,-0.764815,-0.045084,0.014261,-0.802119,-0.928976,-0.940197,1.482997,-0.004127,-0.012435
23.466667,0.016524,0.051939,-0.012247,-0.542671,-1.347230,1.100405,-0.777376,-0.043977,0.013171,-0.710554,-0.929839,-0.912207,1.417367,-0.006131,-0.005456
23.500000,0.014492,0.051138,-0.004337,-0.534044,-1.361363,1.087424,-0.771381,-0.047303,0.015018,-0.610554,-0.926642,-0.857656,1.330552,-0.004727,-0.010498
23.533333,0.016443,0.046228,-0.007134,-0.490859,-1.375974,1.039731,-0.765981,-0.041401,0.011583,-0.510553,-0.919903,-0.775387,1.230552,-0.005023,-0.013001
23.566667,0.013141,0.043838,-0.008047,-0.461644,-1.384432,0.978100,-0.750244,-0.037017,0.016049,-0.417389,-0.903231,-0.675387,1.130552,-0.011762,-0.010207
23.600000,0.010117,0.037710,-0.004536,-0.433040,-1.397482,0.903071,-0.721967,-0.038319,0.008087,-0.342761,-0.893171,-0.575387,1.030552,-0.015380,-0.018004
23.633333,0.010997,0.033621,0.002128,-0.410230,-1.387446,0.830974,-0.691933,-0.040872,0.007733,-0.296208,-0.876523,-0.475387,0.930552,-0.011639,-0.027260
23.666667,0.013018,0.036591,-0.000543,-0.393525,-1.379754,0.782499,-0.674455,-0.037375,0.011995,-0.276706,-0.875573,-0.375387,0.830552,-0.017217,-0.029451
23.700000,0.011168,0.034467,0.001801,-0.385192,-1.379754,0.728736,-0.658348,-0.038786,0.009375,-0.264003,-0.863786,-0.282753,0.732545,-0.014692,-0.030611
23.733333,0.019610,0.033936,-0.002491,-0.361857,-1.378275,0.670802,-0.627907,-0.042905,0.006957,-0.279144,-0.878035,-0.215101,0.674538,-0.007353,-0.037034
23.766667,0.022624,0.036331,-0.008063,-0.349743,-1.378275,0.612867,-0.618149,-0.042101,0.009246,-0.277081,-0.884860,-0.157810,0.629441,-0.007959,-0.032425
23.800000,0.021467,0.038579,-0.010376,-0.333018,-1.395620,0.564762,-0.609267,-0.042141,0.006520,-0.270203,-0.900342,-0.127221,0.604060,-0.008210,-0.030232
23.833333,0.018454,0.034324,-0.006970,-0.324619,-1.401642,0.509218,-0.603354,-0.046453,0.004265,-0.256130,-0.896482,-0.109075,0.601260,-0.009031,-0.021434
23.866667,0.021381,0.038409,-0.006122,-0.336955,-1.399700,0.468664,-0.594054,-0.045018,0.010203,-0.255733,-0.918921,-0.101842,0.627238,-0.013330,-0.017963
23.900000,0.016391,0.039346,-0.002633,-0.343713,-1.401178,0.460941,-0.600401,-0.044998,0.007725,-0.240532,-0.915155,-0.095343,0.613217,-0.015835,-0.016919
23.933333,0.014842,0.036468,0.002502,-0.347980,-1.401178,0.473218,-0.598070,-0.043325,0.006720,-0.244000,-0.922627,-0.098482,0.606285,-0.016499,-0.021434
23.966667,0.017342,0.034835,0.001831,-0.351417,-1.401178,0.484610,-0.595485,-0.040854,0.008128,-0.244207,-0.932749,-0.094918,0.599637,-0.018685,-0.024221
