time_sec,joint_pelvisYaw,joint_pelvisPitch,joint_pelvisRoll,joint_lShoulderPitch,joint_lShoulderRoll,joint_lShoulderYaw,joint_lElbow,joint_lWristRoll,joint_lWristPitch,joint_rShoulderPitch,joint_rShoulderRoll,joint_rShoulderYaw,joint_rElbow,joint_rWristRoll,joint_rWristPitch
0.000000,0.020302,0.056607,-0.000896,-0.307209,-1.164104,-0.098024,-1.431494,-0.009181,0.012774,-0.524667,-1.355803,-0.844533,1.247334,-0.013619,-0.023162
0.033333,0.019622,0.041268,-0.019927,-0.698146,-1.132214,1.285002,-1.386299,-0.048227,-0.028710,-0.262395,-1.228885,-0.382076,1.189433,0.023308,-0.017574
0.066667,0.042248,0.070085,-0.028125,-0.422481,-1.237990,0.992522,-0.802274,-0.090836,-0.028285,0.530311,-0.876114,1.216657,0.502789,-0.003369,0.016634
0.100000,0.024987,0.041501,-0.016031,-0.525156,-1.139629,0.929644,-1.373657,-0.069051,-0.031058,0.154082,-0.975864,0.587831,0.810506,0.000289,-0.006618
0.133333,0.003524,0.065521,-0.006767,-1.038130,-1.016083,2.306499,-1.521878,-0.070337,-0.038288,-0.859574,-1.410000,-1.400489,1.570000,0.032081,0.013590
0.166667,0.003146,0.068485,-0.011370,-0.999442,-1.038366,2.162812,-1.501156,-0.067785,-0.034988,-0.835208,-1.410000,-1.418782,1.570000,0.024796,-0.000837
0.200000,0.023940,0.065971,-0.004409,-1.056024,-0.967373,1.996131,-1.570000,-0.064720,-0.029512,-0.530479,-1.279573,-0.964215,1.538196,0.025535,0.012605
0.233333,0.017046,0.044793,-0.018947,-0.572321,-1.149652,1.116062,-1.293807,-0.056654,-0.025596,0.013250,-1.119977,0.046192,1.067135,0.012895,-0.018114
0.266667,0.019874,0.082450,-0.010869,-1.156288,-0.972825,2.429053,-1.502113,-0.080626,-0.050428,-0.863921,-1.410000,-1.404123,1.570000,0.018964,-0.007872
0.300000,0.013153,0.066918,-0.017038,-0.511064,-1.172785,1.125263,-1.327101,-0.089491,-0.022878,0.364255,-0.833720,0.797638,0.828260,0.012439,-0.005395
0.333333,0.022665,0.055251,-0.016437,-0.847215,-1.100606,1.660386,-1.570000,-0.037962,-0.028827,-0.571161,-1.325925,-0.985542,1.392488,0.039274,-0.001272
0.366667,0.005236,0.058067,-0.009713,-1.053201,-1.035172,2.165551,-1.469298,-0.057602,-0.038311,-0.822271,-1.406937,-1.320301,1.570000,0.031946,-0.001353
0.400000,-0.007562,0.075241,-0.007838,-0.117384,-1.221334,-0.422980,-1.141740,-0.085292,-0.006784,-0.538230,-1.330481,-0.925454,1.411901,-0.041620,-0.044259
0.433333,0.027131,0.038863,-0.021097,-0.549963,-1.189635,1.147612,-1.207385,-0.067112,-0.028128,0.070906,-1.014835,0.322922,0.881183,0.006343,-0.023869
0.466667,0.013257,0.052596,-0.019525,-0.916111,-1.047132,1.779311,-1.476591,-0.043300,-0.030268,-0.665798,-1.342489,-1.138216,1.505092,0.026192,0.004612
0.500000,0.012976,0.049065,-0.021456,-0.824913,-1.080512,1.630895,-1.471411,-0.036139,-0.026300,-0.692806,-1.363330,-1.256678,1.525241,0.020372,0.006594
0.533333,0.014351,0.045083,-0.017445,-0.707167,-1.140250,1.394197,-1.418789,-0.031815,-0.027254,-0.631548,-1.339802,-1.221601,1.474259,0.018053,-0.002371
0.566667,0.006427,0.051206,-0.010871,-0.488858,-1.127057,0.780324,-1.470703,-0.067093,-0.041678,0.138231,-0.995368,0.584519,0.836875,-0.009815,-0.022344
0.600000,0.029216,0.068628,-0.003597,-1.142447,-0.986326,2.412146,-1.493329,-0.074294,-0.034716,-0.869087,-1.410000,-1.388366,1.570000,0.022150,-0.000615
0.633333,0.018308,0.054905,-0.011580,-0.954511,-1.031452,1.970570,-1.491030,-0.050447,-0.037655,-0.777400,-1.359474,-1.325009,1.570000,0.021948,0.005924
0.666667,0.014709,0.052770,-0.009765,-0.883971,-1.044180,1.720191,-1.422317,-0.062056,-0.025167,-0.299175,-1.233122,-0.541626,1.342829,0.026862,-0.021412
0.700000,0.020003,0.041870,-0.015158,-0.534855,-1.166440,0.953835,-1.380013,-0.065417,-0.035381,0.168715,-1.011134,0.570102,0.825123,0.002428,-0.019437
0.733333,-0.005363,0.040627,-0.003094,-0.590694,-1.154596,0.923049,-1.414856,-0.015092,-0.040592,-0.726835,-1.364340,-1.286972,1.570000,0.009804,-0.003747
0.766667,0.015739,0.050475,-0.014673,-0.878040,-1.043277,1.661553,-1.462699,-0.054859,-0.026442,-0.466133,-1.270901,-0.756347,1.400643,0.023967,-0.008816
0.800000,0.016087,0.059957,-0.007006,-1.010754,-1.052059,2.103589,-1.452922,-0.068820,-0.022948,-0.767776,-1.351714,-1.291745,1.570000,0.034587,-0.006803
0.833333,0.013941,0.042365,-0.019306,-0.473161,-1.174057,0.608894,-1.402278,-0.049141,-0.036620,-0.085205,-1.178557,0.019026,1.069113,0.006612,-0.012382
0.866667,0.014879,0.042878,-0.018957,-0.729048,-1.125171,1.316514,-1.481807,-0.049633,-0.030979,-0.262336,-1.216930,-0.374451,1.210319,0.020462,-0.012664
0.900000,0.017639,0.044247,-0.015432,-0.792734,-1.071175,1.440434,-1.474014,-0.053077,-0.028136,-0.180298,-1.174049,-0.247159,1.218202,0.018239,-0.017695
0.933333,0.083585,0.091350,-0.031834,-0.410250,-1.255343,1.031193,-0.651365,-0.116057,-0.022884,0.628138,-0.838118,1.448489,0.355563,-0.011303,-0.023409
0.966667,0.013725,0.042375,-0.009004,-0.230502,-1.174762,-0.089189,-1.275469,-0.016968,-0.039213,-0.328579,-1.222796,-0.520969,1.308410,-0.019861,-0.019770
1.000000,0.015825,0.069633,-0.013548,-1.001827,-1.057124,2.230428,-1.442312,-0.033645,-0.041005,-0.818076,-1.410000,-1.388006,1.570000,0.037533,-0.022982
1.033333,0.049938,0.086820,-0.029098,-0.077330,-1.354833,-0.302417,-0.555831,-0.051972,-0.061487,0.431905,-0.668710,1.137154,1.021108,0.012366,-0.112257
1.066667,0.020309,0.071016,-0.012936,-1.078640,-0.980121,2.334545,-1.507796,-0.071083,-0.035396,-0.876455,-1.410000,-1.425747,1.570000,0.035373,-0.007677
1.100000,0.017036,0.076286,-0.011142,-1.094467,-1.003502,2.392689,-1.505653,-0.069388,-0.057447,-0.892807,-1.410000,-1.432135,1.570000,0.024165,-0.014238
1.133333,0.016239,0.066596,-0.013078,-1.159413,-0.995052,2.455283,-1.446363,-0.048229,-0.046374,-0.903946,-1.410000,-1.330411,1.570000,0.042270,-0.008837
1.166667,-0.020217,0.056164,0.000894,-0.387149,-1.224817,0.279195,-1.297840,-0.048083,-0.022825,-0.655325,-1.389351,-1.192570,1.532946,-0.015452,-0.013747
1.200000,0.013938,0.046706,-0.022350,-0.809725,-1.074612,1.578452,-1.442939,-0.041643,-0.029048,-0.676016,-1.354116,-1.189229,1.510380,0.019383,0.005963
1.233333,0.017310,0.056142,-0.009546,-1.004802,-1.019007,2.066522,-1.456193,-0.063360,-0.035502,-0.767607,-1.365008,-1.286739,1.570000,0.024653,0.000208
1.266667,0.001637,0.063514,-0.010300,-1.069650,-1.026840,2.291172,-1.519209,-0.068910,-0.034568,-0.876022,-1.410000,-1.395579,1.570000,0.049561,-0.006017
1.300000,0.008664,0.040550,-0.018435,-0.269766,-1.199953,0.054843,-1.305935,-0.042364,-0.025876,-0.114398,-1.189718,-0.132380,1.115354,-0.001083,-0.016575
1.333333,0.006897,0.042622,-0.017405,-0.727217,-1.093371,1.343516,-1.434846,-0.028889,-0.036849,-0.677479,-1.337782,-1.219114,1.519749,0.013170,0.005617
1.366667,0.012754,0.062907,-0.007325,-1.076013,-1.007405,2.278521,-1.476004,-0.074084,-0.032325,-0.841346,-1.410000,-1.358952,1.570000,0.030956,-0.003008
1.400000,0.027501,0.089422,-0.002593,-1.144833,-0.971202,2.517013,-1.539591,-0.078651,-0.058911,-0.925244,-1.410000,-1.481596,1.570000,0.013202,-0.008320
1.433333,-0.004012,0.038154,-0.008398,-0.566487,-1.150812,0.889875,-1.396438,-0.022529,-0.027493,-0.634295,-1.337429,-1.191723,1.521162,0.006678,-0.002101
1.466667,0.011055,0.067057,-0.017516,-0.105766,-1.251352,-0.315660,-1.167281,-0.056411,-0.061387,0.256298,-1.075752,0.432956,1.078012,0.045544,-0.007926
1.500000,0.012293,0.038688,-0.018886,-0.506275,-1.153538,0.693461,-1.373528,-0.044992,-0.037046,-0.101498,-1.171807,-0.037510,1.085047,0.003739,-0.018585
1.533333,0.038677,0.071553,-0.016743,-0.478309,-1.202577,1.189517,-0.981482,-0.104771,-0.036007,0.515107,-0.784019,1.057801,0.658603,0.002301,0.015398
1.566667,0.010722,0.064503,-0.012585,-1.120996,-1.005488,2.358138,-1.446277,-0.064982,-0.039619,-0.844463,-1.379632,-1.293668,1.570000,0.012592,-0.007015
1.600000,0.018605,0.059518,-0.013931,-1.063483,-1.014197,2.178818,-1.471140,-0.046172,-0.032590,-0.810675,-1.385442,-1.311752,1.570000,0.022043,-0.012493
1.633333,0.021060,0.045801,-0.015341,-0.796109,-1.111861,1.498602,-1.387201,-0.050142,-0.031840,-0.388950,-1.259017,-0.580375,1.298444,0.030055,-0.015961
1.666667,0.016713,0.050775,-0.012369,-0.789790,-1.054003,1.554721,-1.489195,-0.066799,-0.025691,-0.017572,-1.101935,-0.079268,1.190799,0.014451,-0.003366
1.700000,0.025181,0.063460,-0.011570,-0.962810,-1.025603,2.039663,-1.472468,-0.050090,-0.029608,-0.760275,-1.369786,-1.293109,1.570000,0.036600,0.013617
1.733333,0.013880,0.046291,-0.020693,-0.724210,-1.132486,1.300598,-1.436364,-0.050983,-0.032475,-0.373882,-1.267521,-0.603864,1.279773,0.022512,-0.011386
1.766667,0.001088,0.040947,-0.004233,-0.614379,-1.115922,0.973943,-1.420356,-0.031733,-0.029069,-0.709582,-1.370362,-1.256200,1.543993,-0.006095,0.011689
1.800000,0.003893,0.060089,-0.011315,-1.019638,-1.009494,2.071206,-1.504056,-0.045522,-0.045882,-0.751658,-1.393144,-1.242653,1.570000,0.021392,0.008844
1.833333,0.006164,0.063769,-0.003825,-1.126025,-0.996340,2.314493,-1.516149,-0.053220,-0.056160,-0.858134,-1.410000,-1.367376,1.570000,0.021612,0.012417
1.866667,0.019884,0.043996,-0.010549,-0.267236,-1.204840,-0.061070,-1.235570,-0.017424,-0.020614,-0.540890,-1.338448,-0.913531,1.402785,-0.040309,0.006813
1.900000,0.014039,0.044600,-0.020835,-0.704937,-1.122854,1.220457,-1.442169,-0.042132,-0.033913,-0.393540,-1.260780,-0.654863,1.312867,0.018900,-0.009050
1.933333,0.025805,0.066312,-0.004731,-1.107570,-0.966431,2.250570,-1.515909,-0.060962,-0.029350,-0.759407,-1.399040,-1.335623,1.570000,0.031132,0.003231
1.966667,0.041159,0.072353,-0.003271,-0.810567,-1.026800,1.513397,-1.540990,-0.066677,-0.062223,0.170694,-1.015087,0.391343,0.935251,0.042194,-0.026741
2.000000,0.002238,0.060054,-0.005089,-1.094498,-0.981276,2.255886,-1.502596,-0.044890,-0.053309,-0.757272,-1.374381,-1.301244,1.570000,0.031008,-0.019173
2.033333,0.024122,0.070538,-0.001223,-1.125549,-0.980984,2.505433,-1.530307,-0.041638,-0.039229,-0.947659,-1.410000,-1.524051,1.570000,0.031286,-0.023099
2.066667,-0.011019,0.045682,-0.007068,-0.581666,-1.147486,0.947407,-1.429865,-0.025971,-0.027125,-0.709233,-1.386547,-1.351820,1.570000,0.002087,0.008963
2.100000,0.014983,0.035713,-0.021249,-0.330471,-1.205934,0.218757,-1.277949,-0.025019,-0.038793,-0.059934,-1.169966,0.006886,1.059091,0.001640,-0.024349
2.133333,-0.029701,0.064158,0.008919,-0.422031,-1.207867,0.213616,-1.347996,-0.048043,-0.052235,-0.775781,-1.410000,-1.322926,1.570000,0.003660,-0.004318
2.166667,0.016012,0.064314,-0.009465,-0.988852,-1.049914,2.064156,-1.474408,-0.066630,-0.032986,-0.780751,-1.370210,-1.329939,1.570000,0.019875,0.008129
2.200000,0.008325,0.044054,-0.018054,-0.738374,-1.089686,1.361272,-1.446783,-0.032099,-0.029777,-0.689982,-1.344731,-1.231156,1.520728,0.019195,0.010765
2.233333,0.018193,0.043424,-0.017327,-0.278159,-1.180563,0.053555,-1.264441,-0.037457,-0.028140,-0.208521,-1.199785,-0.293026,1.185214,-0.005086,-0.018326
2.266667,-0.002999,0.043709,-0.005228,-0.597115,-1.119637,0.968961,-1.415264,-0.018680,-0.029058,-0.753481,-1.374354,-1.404739,1.570000,0.011584,0.016087
2.300000,0.012400,0.059773,-0.014286,-1.010752,-1.037011,2.129604,-1.487806,-0.065084,-0.024580,-0.820235,-1.383345,-1.337689,1.570000,0.014068,0.006391
2.333333,0.033460,0.049683,-0.027217,-0.455185,-1.239815,1.086327,-1.026977,-0.084819,-0.021808,0.371878,-0.921064,0.879681,0.669800,-0.008105,0.003259
2.366667,-0.006876,0.042705,-0.017534,-0.660460,-1.144782,1.284508,-1.439494,-0.016989,-0.026576,-0.686119,-1.370536,-1.292954,1.524748,-0.002147,0.004272
2.400000,-0.003190,0.035779,-0.019170,-0.387376,-1.196985,0.280171,-1.430178,-0.018204,-0.023101,-0.382239,-1.309522,-0.631847,1.219761,0.001017,0.006155
2.433333,0.017153,0.040596,-0.020130,-0.514558,-1.151117,0.796277,-1.406228,-0.064954,-0.027102,0.089290,-1.070366,0.421398,0.891941,0.006116,-0.018372
2.466667,0.011136,0.057967,-0.013232,-1.029122,-1.017380,2.130469,-1.454531,-0.062775,-0.045052,-0.795563,-1.362383,-1.268914,1.570000,0.022524,0.011094
2.500000,0.002443,0.064648,-0.006061,-1.063700,-0.996547,2.344491,-1.495563,-0.067676,-0.046428,-0.889004,-1.410000,-1.409978,1.570000,0.022449,0.001236
2.533333,0.034120,0.052874,-0.033454,-0.390376,-1.226172,0.946705,-0.779510,-0.097343,-0.017699,0.508998,-0.892701,1.129073,0.568154,0.007775,0.024360
2.566667,0.018512,0.066703,-0.008170,-1.040642,-1.026471,2.155480,-1.463860,-0.069525,-0.038019,-0.804129,-1.409516,-1.331768,1.570000,0.031223,0.002611
2.600000,0.015377,0.068654,-0.004701,-1.066147,-1.005465,2.309120,-1.479082,-0.094252,-0.020153,-0.870084,-1.407703,-1.414238,1.570000,0.008931,0.005791
2.633333,0.022893,0.042316,-0.020450,-0.622582,-1.136295,1.139894,-1.449932,-0.049471,-0.030964,-0.088056,-1.150384,-0.053038,1.076115,0.012045,-0.020204
2.666667,0.023981,0.041635,-0.022507,-0.586133,-1.143821,0.942951,-1.456909,-0.053614,-0.023815,-0.022946,-1.154956,0.170012,1.022219,0.004562,-0.014404
2.700000,0.006725,0.041178,-0.009933,-0.522867,-1.178412,0.809621,-1.408170,-0.017803,-0.029633,-0.662803,-1.350230,-1.245434,1.551000,0.005105,0.001919
2.733333,0.016463,0.052921,-0.012417,-0.550367,-1.170310,1.186917,-1.327265,-0.091316,-0.024524,0.331237,-0.958501,0.699853,0.816206,0.007638,-0.004326
2.766667,0.131475,0.082018,-0.026260,0.038592,-1.331160,0.290755,-1.386174,-0.065433,0.042593,1.551938,-0.478815,0.427401,1.483921,0.101683,-0.002908
2.800000,0.003377,0.049687,-0.019966,-0.785273,-1.065853,1.575228,-1.478274,-0.033143,-0.031613,-0.732198,-1.384351,-1.341034,1.568537,0.014347,0.008230
2.833333,0.024675,0.046700,-0.012510,-0.311683,-1.150062,-0.011536,-1.327787,-0.016945,-0.003733,-0.496124,-1.305933,-0.810389,1.323037,-0.018074,0.009253
2.866667,0.006129,0.063973,-0.008192,-0.891477,-1.037554,1.738929,-1.524483,-0.060180,-0.036470,-0.347928,-1.272439,-0.680958,1.386358,0.027363,-0.000064
2.900000,0.016241,0.062104,-0.009274,-0.998008,-1.038042,2.117706,-1.462415,-0.055170,-0.033757,-0.815368,-1.388386,-1.327366,1.570000,0.024030,-0.002159
2.933333,0.003978,0.043784,-0.006637,-0.686170,-1.095464,1.270437,-1.449430,-0.016116,-0.030731,-0.774567,-1.379024,-1.392442,1.570000,0.014397,0.007055
2.966667,0.023850,0.085667,-0.009441,-1.169958,-0.966369,2.301771,-1.570000,-0.046952,-0.018744,-0.636596,-1.355251,-1.238234,1.570000,0.029650,-0.013420
3.000000,0.023850,0.085667,-0.009441,-1.169958,-0.966369,2.301771,-1.570000,-0.046952,-0.018744,-0.636596,-1.355251,-1.238234,1.570000,0.029650,-0.013420
3.033333,-0.001942,0.033963,-0.007454,-0.656699,-1.006078,0.938415,-1.496297,-0.027435,-0.020865,-0.623567,-1.238050,-1.216900,1.318894,0.021354,-0.016685
3.066667,-0.000141,0.034440,-0.005554,-0.608108,-1.025891,0.884255,-1.445292,-0.039196,-0.016237,-0.644830,-1.235046,-1.277238,1.315085,0.015344,-0.017034
3.100000,-0.003230,0.025696,-0.004514,-0.116014,-1.221413,0.205817,-0.859372,-0.039573,0.002488,-0.305819,-1.337692,-0.766761,1.108573,0.014106,-0.011565
3.133333,-0.020260,0.029409,-0.002681,-0.199496,-1.410000,0.122804,-0.685284,-0.043254,0.019366,-0.051777,-1.307258,-0.366990,1.541052,0.025910,0.002972
3.166667,0.004579,0.023372,-0.002286,-0.123097,-1.218789,0.152606,-0.874788,-0.042523,0.005747,-0.303275,-1.317530,-0.767357,1.130142,0.010003,-0.004098
3.200000,0.000849,0.045047,-0.012891,-0.889972,-0.947658,1.577491,-1.570000,-0.050562,-0.021032,-0.652190,-1.283101,-1.266903,1.263781,0.023334,-0.027188
3.233333,-0.007687,0.029739,0.002945,-0.437138,-0.976219,0.402486,-1.370260,-0.016160,-0.021007,-0.635530,-1.235496,-1.301287,1.335232,0.026845,-0.020124
3.266667,0.004118,0.046028,-0.013890,-0.985939,-0.990182,1.748924,-1.570000,-0.053459,-0.026942,-0.602245,-1.301357,-1.125848,1.182503,0.020796,-0.024619
3.300000,0.000404,0.037531,-0.008941,-0.722611,-0.970276,1.108177,-1.514528,-0.036196,-0.022507,-0.675548,-1.244619,-1.352352,1.343212,0.021309,-0.018094
3.333333,-0.003768,0.036183,-0.000586,-0.622242,-0.946546,0.788768,-1.524274,-0.029726,-0.021923,-0.707809,-1.257447,-1.368458,1.378103,0.024496,-0.013377
3.366667,0.003072,0.044674,-0.013036,-0.880594,-0.943437,1.441094,-1.570000,-0.043589,-0.019807,-0.623401,-1.250531,-1.202535,1.290060,0.024427,-0.024119
3.400000,-0.004241,0.027723,0.009254,-0.374967,-0.947023,0.197389,-1.332519,-0.024315,-0.041963,-0.687437,-1.222125,-1.398876,1.353693,0.048705,-0.022691
3.433333,0.031204,0.067279,-0.001319,-1.126019,-0.949124,2.067406,-1.569377,-0.012119,-0.045539,-0.602014,-1.275750,-1.003960,1.090137,0.032463,-0.038712
3.466667,0.000153,0.026719,-0.001740,-0.144329,-1.251569,0.214352,-0.864305,-0.038651,0.010989,-0.282734,-1.319882,-0.733208,1.151747,0.012435,-0.008960
3.500000,0.004285,0.024026,-0.009263,-0.557507,-1.076221,0.836543,-1.352497,-0.035858,-0.017326,-0.534849,-1.263179,-1.041912,1.255859,0.015723,-0.018938
3.533333,0.001905,0.034402,-0.003050,-0.528951,-0.990593,0.614467,-1.432036,-0.032626,-0.018832,-0.620784,-1.252541,-1.245080,1.350895,0.018262,-0.011955
3.566667,0.002041,0.021264,-0.005122,-0.240296,-1.178190,0.280838,-1.034517,-0.034379,-0.005283,-0.375137,-1.290921,-0.864357,1.198288,0.011837,-0.012651
3.600000,-0.033091,0.047088,0.009175,-0.129877,-1.410000,-0.000799,-0.531224,-0.031392,0.038020,0.013847,-1.327132,-0.321807,1.542510,0.025710,-0.004917
3.633333,-0.006163,0.021789,-0.002493,-0.104348,-1.203681,0.161927,-0.877319,-0.033860,0.007898,-0.262782,-1.322811,-0.677029,1.141535,0.008634,0.004921
3.666667,0.023719,0.068115,-0.000897,-1.133018,-0.915886,2.327483,-1.570000,-0.063581,-0.008626,-0.566567,-1.319458,-1.138785,1.093700,-0.030945,-0.043210
3.700000,0.002369,0.033280,-0.004027,-0.484991,-1.015936,0.531077,-1.410132,-0.033678,-0.018898,-0.558965,-1.268823,-1.078899,1.334018,0.018086,-0.016369
3.733333,-0.001347,0.023873,-0.006015,-0.258333,-1.132335,0.279596,-1.126346,-0.039105,-0.004975,-0.383602,-1.288557,-0.860516,1.225129,0.014989,-0.013072
3.766667,-0.002609,0.047322,-0.008143,-0.999454,-0.974681,1.730274,-1.570000,-0.054937,-0.032707,-0.627250,-1.272979,-1.148772,1.200285,0.018135,-0.027603
3.800000,0.002880,0.030009,-0.005498,-0.578551,-1.037084,0.773145,-1.414196,-0.033927,-0.019583,-0.597252,-1.238335,-1.169999,1.305343,0.016425,-0.018970
3.833333,0.002840,0.021811,-0.003457,-0.382284,-1.071665,0.416501,-1.231118,-0.028699,-0.015042,-0.530203,-1.251634,-1.104165,1.272253,0.017722,-0.020001
3.866667,0.002882,0.048031,-0.013605,-0.967298,-0.969234,1.748011,-1.570000,-0.053069,-0.021741,-0.667550,-1.310094,-1.287855,1.248490,0.029753,-0.027036
3.900000,-0.002464,0.034930,-0.003823,-0.574285,-0.994988,0.698370,-1.472829,-0.044956,-0.023824,-0.699359,-1.261670,-1.407978,1.379487,0.030798,-0.009200
3.933333,0.000737,0.024087,-0.005653,-0.198651,-1.231338,0.294670,-0.924849,-0.043830,0.007318,-0.293113,-1.317219,-0.757727,1.213255,0.011741,-0.005872
3.966667,-0.030263,0.037598,-0.002587,-0.149022,-1.410000,-0.095036,-0.428139,-0.035258,0.010549,0.136037,-1.277243,-0.212742,1.570000,0.013124,0.007857
4.000000,0.000270,0.030740,-0.007578,-0.532184,-1.039243,0.720114,-1.439833,-0.039000,-0.016147,-0.526229,-1.258288,-1.021728,1.317284,0.016599,-0.015735
4.033333,-0.013334,0.050793,-0.009966,-0.879352,-0.910657,1.435827,-1.570000,-0.053613,-0.021403,-0.750238,-1.266792,-1.478590,1.383216,0.027761,-0.023430
4.066667,0.005352,0.044400,-0.011374,-0.923072,-0.962832,1.541258,-1.570000,-0.044512,-0.022502,-0.596366,-1.277402,-1.115188,1.231892,0.024227,-0.026043
4.100000,-0.013801,0.062182,-0.016397,-1.123641,-0.963642,2.230590,-1.565100,-0.084661,-0.025254,-0.590532,-1.372678,-1.143301,1.076430,0.034733,-0.010864
4.133333,-0.013662,0.044337,-0.006729,-0.083479,-1.410000,-0.220384,-0.334325,-0.087787,0.048910,0.331375,-1.187503,-0.222740,1.570000,0.068194,0.027921
4.166667,-0.001542,0.039484,-0.009545,-0.758485,-0.975366,1.162694,-1.553330,-0.037791,-0.019001,-0.675048,-1.247160,-1.299494,1.323085,0.019527,-0.017988
4.200000,0.001151,0.036171,-0.008956,-0.721114,-0.979493,1.086289,-1.517077,-0.035800,-0.022843,-0.667447,-1.243700,-1.294144,1.323259,0.019823,-0.017596
4.233333,0.001489,0.029696,-0.008802,-0.614261,-1.033781,0.915155,-1.441622,-0.035739,-0.017844,-0.594235,-1.248820,-1.159804,1.299122,0.018664,-0.018749
4.266667,0.000558,0.044041,-0.003115,-0.738630,-0.966904,1.079905,-1.560526,-0.036680,-0.022830,-0.761597,-1.258558,-1.525299,1.406597,0.031004,-0.007797
4.300000,-0.006476,0.046752,-0.007369,-0.810032,-0.953359,1.268272,-1.570000,-0.039781,-0.018258,-0.723518,-1.253479,-1.427147,1.363603,0.023243,-0.017586
4.333333,0.003280,0.021277,-0.005293,-0.369657,-1.108924,0.429146,-1.188294,-0.033301,-0.011688,-0.475012,-1.266915,-0.995926,1.249636,0.015160,-0.017284
4.366667,-0.022910,0.061918,-0.014900,-0.041289,-0.732872,-0.162383,-1.570000,-0.075363,0.058747,-0.192012,-1.410000,-0.156812,1.570000,-0.003391,0.102457
4.400000,-0.030677,0.080225,-0.018313,-1.235307,-0.835305,2.503457,-1.570000,-0.097019,-0.055116,-0.730844,-1.410000,-1.580220,1.318810,0.061430,-0.061369
4.433333,0.004828,0.042933,-0.014401,-0.934600,-0.989440,1.648249,-1.551574,-0.048892,-0.025063,-0.585470,-1.308035,-1.093635,1.178011,0.021817,-0.020996
4.466667,-0.000262,0.022446,-0.007067,-0.204311,-1.228449,0.246730,-0.944192,-0.032801,0.002034,-0.283987,-1.306064,-0.722847,1.239532,0.008285,-0.009459
4.500000,0.001547,0.025883,-0.002818,-0.445868,-1.029555,0.445889,-1.336065,-0.023427,-0.024114,-0.607072,-1.242481,-1.235699,1.314651,0.027399,-0.014278
4.533333,0.001840,0.021886,-0.005293,-0.258345,-1.175852,0.363580,-1.070650,-0.037916,-0.001270,-0.394879,-1.294282,-0.912737,1.212869,0.014340,-0.010314
4.566667,-0.004100,0.076991,-0.014964,-1.163732,-0.917462,2.346415,-1.570000,-0.091082,-0.027740,-0.645935,-1.363612,-1.243596,1.135365,0.023355,-0.047587
4.600000,0.009207,0.051411,-0.012924,-1.015620,-0.972981,1.851781,-1.550287,-0.059035,-0.031176,-0.587413,-1.303761,-1.105674,1.151151,0.017832,-0.020764
4.633333,0.000908,0.022669,-0.008800,-0.501144,-1.105396,0.746278,-1.290126,-0.041631,-0.011521,-0.457931,-1.275774,-0.900280,1.237559,0.009852,-0.015611
4.666667,0.001030,0.031032,-0.000860,-0.261349,-1.377391,0.188042,-0.689912,-0.037903,0.010734,-0.053198,-1.327642,-0.367165,1.555755,0.027363,-0.000345
4.700000,0.001896,0.021033,-0.005722,-0.291354,-1.158201,0.379278,-1.080209,-0.037080,-0.006634,-0.390181,-1.281671,-0.886995,1.222666,0.012992,-0.014024
4.733333,0.003102,0.023142,-0.006207,-0.372990,-1.116337,0.424807,-1.191174,-0.035725,-0.008513,-0.427903,-1.281981,-0.888160,1.278028,0.014298,-0.018072
4.766667,-0.014182,0.034736,-0.009632,-0.306151,-0.981519,0.309383,-1.458729,-0.038856,0.015319,-0.365291,-1.348565,-0.677615,1.410689,0.016837,-0.008628
4.800000,0.003143,0.075363,-0.006776,-1.134672,-0.893867,2.260438,-1.570000,-0.089421,-0.011506,-0.591872,-1.384413,-1.134252,1.085075,0.007286,-0.022567
4.833333,-0.009117,0.028784,-0.002500,-0.223425,-1.396087,0.144218,-0.676924,-0.048328,0.013894,-0.103429,-1.297079,-0.428767,1.451681,0.027599,-0.001022
4.866667,0.002421,0.036412,-0.010318,-0.743189,-0.985779,1.146727,-1.523648,-0.033921,-0.020006,-0.621385,-1.242873,-1.188995,1.293329,0.020405,-0.019035
4.900000,0.003567,0.047870,-0.015045,-0.976145,-0.968753,1.841311,-1.533295,-0.065395,-0.023548,-0.574898,-1.315075,-1.087961,1.143420,0.020851,-0.010611
4.933333,0.006725,0.024135,-0.001843,-0.098739,-1.234937,0.149692,-0.828904,-0.038962,0.008555,-0.277613,-1.339537,-0.726678,1.114410,0.010752,-0.002348
4.966667,-0.003337,0.031086,-0.005180,-0.534159,-1.039556,0.712353,-1.438304,-0.037287,-0.015033,-0.520006,-1.255514,-0.998450,1.306153,0.015484,-0.017518
5.000000,0.002219,0.025022,-0.002595,-0.341907,-1.071815,0.303966,-1.224791,-0.031733,-0.016455,-0.520602,-1.246346,-1.113345,1.253394,0.018822,-0.016025
5.033333,-0.005928,0.041731,-0.004358,-0.695749,-0.963760,0.961409,-1.556560,-0.040478,-0.022771,-0.706946,-1.243887,-1.398430,1.363294,0.021709,-0.013704
5.066667,-0.005923,0.057058,-0.009341,-0.935281,-0.969514,1.781060,-1.564006,-0.072465,-0.018456,-0.773493,-1.301461,-1.555179,1.388664,0.032294,-0.024524
5.100000,-0.003230,0.074257,-0.011749,-1.291405,-0.830398,2.566068,-1.570000,-0.103316,-0.032240,-0.595127,-1.404501,-1.166623,1.107946,-0.006582,-0.019013
5.133333,0.005948,0.045788,-0.012095,-0.944198,-0.972275,1.652430,-1.570000,-0.042995,-0.018186,-0.636672,-1.292436,-1.218063,1.228179,0.029994,-0.025243
5.166667,-0.001393,0.037425,-0.008118,-0.687851,-0.970846,1.009718,-1.513938,-0.035068,-0.017719,-0.711524,-1.262072,-1.426996,1.369862,0.028703,-0.010615
5.200000,0.000774,0.019905,-0.001788,-0.245421,-1.119482,0.229892,-1.045846,-0.033148,-0.006488,-0.422351,-1.266372,-0.956194,1.200598,0.011279,-0.020441
5.233333,0.002224,0.028202,-0.002677,-0.113530,-1.264066,0.132827,-0.780799,-0.043155,0.002803,-0.226051,-1.350181,-0.684880,1.166636,0.009096,0.000362
5.266667,-0.024948,0.075772,-0.020592,-1.245913,-0.876231,2.607605,-1.570000,-0.086985,-0.031032,-0.683208,-1.410000,-1.407108,1.113687,0.058855,-0.009759
5.300000,-0.002264,0.026233,-0.005076,-0.250412,-1.351485,0.239456,-0.740360,-0.034846,0.013220,-0.164280,-1.311286,-0.502798,1.422022,0.018724,0.005408
5.333333,0.002844,0.042728,-0.012771,-0.855622,-0.973413,1.488756,-1.560631,-0.048928,-0.019748,-0.613618,-1.262750,-1.175872,1.252734,0.024912,-0.021949
5.366667,0.000828,0.066342,-0.016022,-1.111217,-0.928002,2.167889,-1.570000,-0.067052,-0.019848,-0.604364,-1.364138,-1.169731,1.124180,0.017117,-0.013867
5.400000,0.002421,0.024378,-0.001726,-0.114886,-1.220014,0.163672,-0.886852,-0.038316,0.009946,-0.313628,-1.322131,-0.767024,1.120014,0.008465,-0.002110
5.433333,0.004238,0.026412,-0.003606,-0.202069,-1.373625,0.146418,-0.720369,-0.032495,0.005619,-0.078555,-1.262741,-0.423580,1.467059,0.022097,0.005761
5.466667,0.005199,0.044782,-0.012480,-0.911856,-0.981028,1.587087,-1.570000,-0.048167,-0.024953,-0.644522,-1.274939,-1.225073,1.235149,0.028718,-0.024460
5.500000,0.003530,0.027871,-0.006882,-0.578743,-1.049463,0.813809,-1.392397,-0.032424,-0.018960,-0.583709,-1.240481,-1.149085,1.290760,0.017374,-0.017835
5.533333,0.020038,0.070708,-0.012881,-1.117992,-0.916541,2.136437,-1.570000,-0.096646,-0.042350,-0.629132,-1.362161,-1.121232,1.082529,0.021728,-0.022264
5.566667,-0.002788,0.050371,-0.014938,-1.027962,-0.961735,1.872846,-1.570000,-0.057987,-0.029993,-0.573264,-1.333461,-1.085764,1.150333,0.022454,-0.010970
5.600000,0.006617,0.045905,-0.012258,-0.916233,-0.977360,1.576720,-1.564921,-0.053247,-0.018253,-0.642701,-1.272601,-1.238663,1.249268,0.029100,-0.020651
5.633333,-0.007792,0.057237,-0.008986,-0.893823,-0.910162,1.550775,-1.570000,-0.050439,-0.014020,-0.783623,-1.283538,-1.555461,1.408846,0.030791,-0.026113
5.666667,-0.008774,0.053000,-0.002542,-0.802081,-0.926004,1.150785,-1.570000,-0.040170,-0.021037,-0.777799,-1.279753,-1.522461,1.407505,0.015458,-0.015725
5.700000,-0.011148,0.096671,0.000720,-1.015458,-0.947517,1.923826,-1.570000,-0.094635,-0.011842,-0.925603,-1.350898,-1.962912,1.570000,0.036358,-0.037002
5.733333,0.000018,0.057458,-0.010347,-1.111408,-0.898683,2.136090,-1.570000,-0.076959,-0.032618,-0.634358,-1.372905,-1.224375,1.168978,0.019696,-0.032929
5.766667,0.002730,0.021048,-0.005231,-0.202002,-1.175297,0.235121,-1.005298,-0.034590,-0.002355,-0.342900,-1.292764,-0.829346,1.187000,0.012640,-0.011097
5.800000,0.005193,0.056732,-0.015184,-1.109772,-0.960714,2.179652,-1.570000,-0.065957,-0.036799,-0.673313,-1.318223,-1.280575,1.193826,0.034507,-0.040629
5.833333,-0.027543,0.033514,0.001807,-0.242814,-1.410000,0.167542,-0.700655,-0.042420,-0.005133,-0.055843,-1.317632,-0.343556,1.570000,0.027533,0.015007
5.866667,0.000783,0.046995,-0.013755,-0.900063,-0.965559,1.550982,-1.570000,-0.047132,-0.023054,-0.661827,-1.268348,-1.287138,1.281170,0.026670,-0.022971
5.900000,0.001860,0.023722,-0.005046,-0.415747,-1.079710,0.496175,-1.255793,-0.034010,-0.013801,-0.502831,-1.258894,-1.030803,1.273187,0.016283,-0.017709
5.933333,-0.006502,0.029566,-0.005478,-0.291728,-1.048176,0.288097,-1.319383,-0.036586,0.004161,-0.397943,-1.295890,-0.787627,1.304660,0.002501,-0.004165
5.966667,0.047126,0.073442,0.003725,-1.331081,-0.762889,2.698056,-1.570000,-0.089332,-0.037952,-0.658754,-1.410000,-1.160578,0.990200,0.019915,-0.082059
6.000000,0.047126,0.073442,0.003725,-1.331081,-0.762889,2.698056,-1.570000,-0.089332,-0.037952,-0.658754,-1.410000,-1.160578,0.990200,0.019915,-0.082059
6.033333,-0.007814,0.038846,-0.013913,-0.257260,-1.376028,0.805927,-0.725788,-0.047309,-0.015090,-0.558883,-1.405944,-1.143464,0.963368,0.026709,0.017402
6.066667,0.003117,0.022803,-0.006242,-0.360613,-1.264931,0.736792,-0.892194,-0.040979,-0.017780,-0.753133,-1.410000,-1.430000,1.199726,0.037378,0.018962
6.100000,0.001338,0.051140,-0.007900,-0.783108,-1.302287,1.740248,-1.236845,-0.061260,-0.008701,-0.502683,-1.410000,-1.132345,1.076320,0.021662,0.009494
6.133333,-0.001730,0.055254,-0.006829,-0.794295,-1.330439,1.819922,-1.238568,-0.070894,-0.002035,-0.457905,-1.410000,-1.030890,1.049042,0.013907,0.006521
6.166667,0.000455,0.053681,-0.009726,-0.856018,-1.245366,1.854000,-1.352744,-0.060881,-0.013360,-0.631099,-1.410000,-1.442599,1.246015,0.017294,0.022158
6.200000,0.010179,0.049330,-0.010584,-0.642532,-1.329559,1.574909,-1.117338,-0.063651,-0.002735,-0.467628,-1.410000,-1.025350,1.014001,0.020887,0.008105
6.233333,-0.010290,0.111127,0.012204,-0.994714,-1.410000,2.214851,-1.361866,-0.126505,-0.012420,-0.178734,-1.410000,-0.423427,0.860532,0.025140,0.046649
6.266667,0.004464,0.073957,-0.012016,-1.029534,-1.085496,2.029758,-1.570000,-0.075191,-0.014122,-0.937737,-1.328843,-2.162393,1.570000,0.002876,0.033028
6.300000,0.005572,0.026831,-0.006994,-0.428504,-1.281025,0.870976,-0.941800,-0.042647,-0.015645,-0.699165,-1.410000,-1.389742,1.172956,0.029620,0.015129
6.333333,0.003332,0.057893,-0.012829,-0.873018,-1.184241,1.866273,-1.413366,-0.059018,-0.008712,-0.752631,-1.390911,-1.711135,1.364201,0.013726,0.024199
6.366667,-0.008002,0.070340,-0.005912,-0.918812,-1.150390,1.893926,-1.488891,-0.059065,-0.003544,-0.870220,-1.319721,-1.995170,1.508599,0.021431,0.044505
6.400000,-0.020611,0.067643,0.000176,-0.954253,-1.264320,2.071489,-1.384709,-0.081567,-0.013432,-0.490834,-1.410000,-1.156025,1.111182,0.009736,0.014325
6.433333,-0.019392,0.066071,-0.003328,-0.948364,-1.354100,2.047682,-1.328936,-0.075890,-0.008632,-0.401823,-1.410000,-0.926353,1.034719,0.003569,0.013751
6.466667,-0.008183,0.060535,-0.003004,-0.899399,-1.319035,1.963890,-1.320107,-0.074178,-0.008399,-0.466278,-1.410000,-1.074501,1.084457,0.017679,0.010014
6.500000,-0.008110,0.026597,-0.007033,-0.251882,-1.320913,0.637554,-0.704195,-0.024617,-0.014443,-0.702177,-1.410000,-1.338412,1.035608,0.027977,0.012121
6.533333,0.001849,0.026687,-0.009760,-0.395479,-1.304305,0.849100,-0.856697,-0.044729,-0.016676,-0.633567,-1.410000,-1.304603,1.092098,0.024186,0.011997
6.566667,-0.001588,0.036669,-0.006140,-0.590662,-1.140644,1.028763,-1.252453,-0.011094,-0.003725,-0.926365,-1.410000,-1.754117,1.472460,0.013375,0.038230
6.600000,0.006791,0.052330,-0.005931,-0.768834,-1.113107,1.402792,-1.372614,-0.042243,0.000407,-0.900911,-1.386602,-1.821884,1.494916,0.012847,0.044697
6.633333,0.005337,0.027794,-0.010198,-0.468868,-1.359121,1.123418,-0.958507,-0.044526,-0.008869,-0.564683,-1.410000,-1.202110,1.058286,0.019685,0.012045
6.666667,-0.000003,0.024459,-0.005993,-0.369316,-1.208001,0.664556,-0.986841,-0.035459,-0.013009,-0.880683,-1.410000,-1.599609,1.338382,0.030194,0.027248
6.700000,0.006637,0.049459,-0.012025,-0.672858,-1.309096,1.608090,-1.136189,-0.059858,-0.004459,-0.504810,-1.410000,-1.133820,1.045352,0.022385,0.017172
6.733333,-0.014114,0.062040,0.000200,-0.927387,-1.340246,1.994597,-1.316472,-0.067815,-0.009220,-0.409888,-1.410000,-0.949219,1.048424,0.012031,0.009226
6.766667,0.007408,0.047027,-0.012000,-0.613808,-1.348678,1.509557,-1.079506,-0.057567,-0.003008,-0.491439,-1.410000,-1.081985,1.018448,0.023841,0.015749
6.800000,0.008035,0.050279,-0.011226,-0.638899,-1.342104,1.579842,-1.098126,-0.063276,0.001575,-0.470244,-1.410000,-1.051320,1.001521,0.022782,0.012032
6.833333,-0.009226,0.061826,-0.006176,-0.935829,-1.144847,1.893758,-1.495854,-0.048453,-0.007427,-0.857373,-1.327729,-1.924860,1.494421,0.029042,0.025221
6.866667,-0.010845,0.061314,-0.003554,-0.905488,-1.276135,1.975950,-1.353870,-0.072293,-0.015661,-0.515182,-1.410000,-1.175339,1.131392,0.013008,0.016121
6.900000,0.006842,0.033164,-0.012005,-0.608941,-1.248523,1.299808,-1.143512,-0.047121,-0.012551,-0.677752,-1.410000,-1.475957,1.230994,0.021600,0.020183
6.933333,-0.014129,0.065897,0.001791,-0.913654,-1.362498,1.999645,-1.311383,-0.065810,-0.008622,-0.347651,-1.410000,-0.801706,1.000993,0.008830,0.019285
6.966667,-0.007207,0.057318,-0.006072,-0.843528,-1.297686,1.856646,-1.290717,-0.067198,-0.009723,-0.523365,-1.410000,-1.213681,1.118309,0.020158,0.011028
7.000000,-0.005706,0.055999,-0.004947,-0.829968,-1.309792,1.824172,-1.268463,-0.071789,-0.011857,-0.482359,-1.410000,-1.103996,1.071692,0.013216,0.013137
7.033333,0.004423,0.045431,-0.001876,-0.716163,-1.100629,1.240108,-1.349931,-0.010594,-0.007687,-0.967932,-1.410000,-1.853339,1.525685,0.005746,0.040070
7.066667,-0.021150,0.061805,-0.003087,-0.959382,-1.247647,2.043755,-1.398943,-0.057408,-0.023275,-0.495025,-1.410000,-1.163932,1.128175,0.016851,0.028644
7.100000,0.010924,0.055912,-0.008782,-0.739798,-1.374141,1.757160,-1.160409,-0.070199,-0.000397,-0.421056,-1.410000,-0.936173,0.982004,0.026280,0.017152
7.133333,-0.002519,0.053660,-0.008765,-0.806550,-1.298693,1.793572,-1.257158,-0.067230,-0.007781,-0.495160,-1.410000,-1.122141,1.084885,0.014110,0.009842
7.166667,-0.023908,0.066816,-0.002131,-0.957083,-1.328331,2.057485,-1.365903,-0.076878,-0.009463,-0.418530,-1.410000,-0.984206,1.058040,0.008405,0.016400
7.200000,-0.005919,0.053567,-0.007100,-0.842579,-1.269411,1.855081,-1.317159,-0.063249,-0.013491,-0.565986,-1.410000,-1.296566,1.161725,0.016061,0.011225
7.233333,-0.003829,0.028713,-0.011706,-0.278520,-1.347693,0.676864,-0.682522,-0.049185,-0.010790,-0.628338,-1.410000,-1.219673,0.984992,0.035462,0.008947
7.266667,0.005723,0.028471,-0.010381,-0.391553,-1.304966,0.854137,-0.849420,-0.046793,-0.016686,-0.663257,-1.410000,-1.318867,1.082884,0.029284,0.013993
7.300000,-0.003202,0.059097,-0.002008,-0.871244,-1.336161,1.940701,-1.292935,-0.073670,-0.007937,-0.458264,-1.410000,-1.043888,1.059546,0.016944,0.011949
7.333333,-0.015410,0.065840,-0.002578,-0.898580,-1.382256,1.984484,-1.294808,-0.075608,-0.019757,-0.345243,-1.410000,-0.789514,0.980924,0.009577,0.013685
7.366667,0.005401,0.049458,-0.014959,-0.720237,-1.256569,1.640434,-1.231166,-0.056540,-0.008932,-0.627192,-1.410000,-1.417034,1.209617,0.019612,0.017608
7.400000,-0.011993,0.067855,0.000526,-0.899576,-1.348124,1.975173,-1.298435,-0.070326,-0.004703,-0.399979,-1.410000,-0.922221,1.021317,0.007790,0.012263
7.433333,0.000154,0.022215,-0.009305,-0.416499,-1.250324,0.807320,-0.948417,-0.033280,-0.022259,-0.737314,-1.410000,-1.421344,1.218860,0.030562,0.017290
7.466667,-0.008742,0.059932,-0.002864,-0.897007,-1.290005,1.938693,-1.328059,-0.067757,-0.010186,-0.508571,-1.410000,-1.183493,1.126697,0.015625,0.011858
7.500000,0.002427,0.064139,-0.006771,-0.889322,-1.145956,1.852163,-1.462071,-0.068947,-0.000189,-0.854212,-1.338917,-1.925938,1.487592,0.015764,0.028828
7.533333,-0.008821,0.058801,-0.003389,-0.865847,-1.340855,1.873926,-1.273857,-0.069308,-0.008192,-0.446363,-1.410000,-1.020171,1.064456,0.009910,0.005963
7.566667,-0.029749,0.078099,0.004445,-0.964801,-1.376522,2.082715,-1.324291,-0.079549,-0.007403,-0.324090,-1.410000,-0.747718,0.980560,0.033244,0.016018
7.600000,0.002792,0.025832,-0.007917,-0.507701,-1.215453,0.970712,-1.063823,-0.035585,-0.013769,-0.763566,-1.410000,-1.529413,1.281151,0.029720,0.021956
7.633333,-0.001335,0.061083,-0.005145,-0.895311,-1.320603,1.925673,-1.315938,-0.063539,-0.014225,-0.457097,-1.410000,-1.043479,1.078476,0.017253,0.008093
7.666667,0.002137,0.024762,-0.010004,-0.414766,-1.296246,0.865991,-0.890879,-0.039589,-0.014596,-0.680169,-1.410000,-1.344268,1.126105,0.027082,0.014358
7.700000,-0.005247,0.071822,-0.013978,-1.029783,-1.060956,2.013959,-1.570000,-0.056088,0.001357,-0.937815,-1.340294,-2.163610,1.570000,0.021958,0.047212
7.733333,0.001641,0.052991,-0.009943,-0.844808,-1.249817,1.828969,-1.327403,-0.062654,-0.013128,-0.594879,-1.410000,-1.359912,1.201297,0.015889,0.018150
7.766667,-0.000828,0.024104,-0.005179,-0.483380,-1.220540,0.902389,-1.051917,-0.035876,-0.018055,-0.788577,-1.410000,-1.515453,1.299371,0.022729,0.022926
7.800000,-0.016744,0.030588,-0.013614,-0.225285,-1.360963,0.589198,-0.668754,-0.018306,-0.021513,-0.688835,-1.410000,-1.258197,1.014649,0.043049,0.025572
7.833333,-0.002781,0.055665,-0.008087,-0.866923,-1.241881,1.891480,-1.367000,-0.064608,-0.012921,-0.615566,-1.410000,-1.422817,1.236472,0.017744,0.015847
7.866667,0.004948,0.040654,-0.011988,-0.524450,-1.368416,1.355530,-1.021060,-0.057481,-0.000793,-0.486437,-1.410000,-1.080032,1.011098,0.015773,0.021263
7.900000,0.001824,0.025836,-0.010084,-0.389176,-1.325176,0.858759,-0.839722,-0.037412,-0.015721,-0.637591,-1.410000,-1.270502,1.061955,0.025654,0.010909
7.933333,0.001255,0.032021,-0.010024,-0.520524,-1.330658,1.244426,-1.023417,-0.057858,-0.012557,-0.570796,-1.410000,-1.224394,1.082161,0.019973,0.016315
7.966667,0.008643,0.053975,-0.010130,-0.773748,-1.153124,1.609009,-1.342910,-0.055590,-0.009936,-0.805362,-1.364638,-1.754794,1.413071,0.025395,0.035424
8.000000,0.001635,0.023893,-0.009067,-0.388088,-1.269723,0.808861,-0.967099,-0.033435,-0.019262,-0.745789,-1.410000,-1.400809,1.221637,0.025676,0.025534
8.033333,0.006849,0.058725,-0.006840,-0.854245,-1.139034,1.771782,-1.427081,-0.069960,-0.011848,-0.840138,-1.336327,-1.892108,1.476877,0.021021,0.032790
8.066667,0.004036,0.033538,-0.012489,-0.588519,-1.309375,1.322014,-1.079926,-0.047912,-0.011432,-0.595300,-1.410000,-1.305456,1.129067,0.017914,0.015727
8.100000,0.003311,0.053078,-0.012261,-0.703049,-1.317325,1.670371,-1.172636,-0.062014,-0.001566,-0.498322,-1.410000,-1.127030,1.061017,0.021207,0.012877
8.133333,0.000093,0.053417,-0.007213,-0.801387,-1.297199,1.784763,-1.255113,-0.067817,-0.008209,-0.502484,-1.410000,-1.148934,1.097788,0.019923,0.011757
8.166667,-0.008926,0.063611,-0.000469,-0.916906,-1.283040,2.025570,-1.355531,-0.080916,-0.004689,-0.457909,-1.410000,-1.106877,1.115381,0.012788,0.011094
8.200000,0.001223,0.023497,-0.007428,-0.431769,-1.248695,0.856358,-0.967253,-0.037877,-0.016693,-0.725502,-1.410000,-1.423252,1.216941,0.023546,0.020178
8.233333,0.001384,0.056191,-0.004697,-0.803399,-1.327471,1.787608,-1.235822,-0.067123,-0.003670,-0.453297,-1.410000,-1.032234,1.047442,0.017807,0.008836
8.266667,0.005531,0.037510,-0.012621,-0.621381,-1.290666,1.384567,-1.114480,-0.050674,-0.011709,-0.591284,-1.410000,-1.304421,1.130780,0.017161,0.018969
8.300000,-0.016896,0.065960,-0.009364,-0.922022,-1.153601,1.907763,-1.490354,-0.080352,-0.016705,-0.875641,-1.325496,-2.008958,1.528012,0.029224,0.022790
8.333333,-0.006100,0.057288,-0.006954,-0.899359,-1.230338,1.941038,-1.384160,-0.063043,-0.015733,-0.609318,-1.410000,-1.407188,1.224064,0.016424,0.023290
8.366667,0.003902,0.030641,-0.011909,-0.565045,-1.259388,1.212418,-1.105338,-0.048039,-0.013372,-0.656542,-1.410000,-1.440666,1.221963,0.018574,0.019258
8.400000,-0.003878,0.028257,-0.010432,-0.308767,-1.358890,0.709292,-0.739009,-0.042529,-0.011780,-0.633649,-1.410000,-1.213971,1.009418,0.031900,0.012526
8.433333,-0.018972,0.067462,0.001081,-0.933130,-1.289660,2.035875,-1.358887,-0.078680,-0.005518,-0.441260,-1.410000,-1.045408,1.073569,0.007009,0.018427
8.466667,0.004342,0.052215,-0.010816,-0.821727,-1.237663,1.781725,-1.331438,-0.058402,-0.010503,-0.648946,-1.405571,-1.489861,1.256849,0.017631,0.018145
8.500000,-0.000863,0.068778,-0.004247,-0.902684,-1.367899,1.964678,-1.295107,-0.075737,-0.011277,-0.386538,-1.410000,-0.876219,1.015140,0.010771,0.007255
8.533333,-0.000711,0.022936,-0.007718,-0.408900,-1.238117,0.786087,-0.930283,-0.041566,-0.017779,-0.740427,-1.410000,-1.450851,1.218500,0.029531,0.017700
8.566667,-0.009561,0.039568,-0.009539,-0.209534,-1.349442,0.696863,-0.685681,-0.045147,-0.008054,-0.634971,-1.410000,-1.256803,1.000438,0.032924,0.023048
8.600000,0.003639,0.033112,-0.010373,-0.521149,-1.350690,1.254913,-1.015902,-0.048395,-0.008225,-0.552328,-1.410000,-1.218881,1.063221,0.017150,0.020281
8.633333,0.005038,0.037669,-0.010536,-0.552660,-1.348858,1.337934,-1.030278,-0.055286,-0.003773,-0.532430,-1.410000,-1.177797,1.046814,0.017486,0.021196
8.666667,0.005901,0.029077,-0.009934,-0.498884,-1.364813,1.154713,-0.986033,-0.047463,-0.010757,-0.538274,-1.410000,-1.152390,1.053181,0.016994,0.014381
8.700000,0.025826,0.100585,-0.018262,-1.079906,-0.983938,2.128390,-1.570000,-0.094187,0.019671,-1.034374,-1.359553,-2.377820,1.570000,-0.001421,0.052633
8.733333,-0.013421,0.059622,-0.005638,-0.913836,-1.331425,1.971038,-1.314274,-0.071363,-0.006019,-0.452985,-1.410000,-1.032877,1.081415,0.014099,0.005508
8.766667,0.009275,0.041575,-0.014000,-0.678464,-1.211217,1.436973,-1.212024,-0.048657,-0.013334,-0.716060,-1.392386,-1.547132,1.283783,0.022834,0.021959
8.800000,-0.006111,0.024568,-0.002235,-0.456499,-1.168432,0.764604,-1.089514,-0.036031,-0.009376,-0.915290,-1.410000,-1.662252,1.411358,0.034626,0.034951
8.833333,0.001914,0.053142,-0.012875,-0.836979,-1.185341,1.791826,-1.376017,-0.057481,-0.008876,-0.741974,-1.381095,-1.680370,1.345762,0.022379,0.027809
8.866667,-0.003769,0.058803,-0.006048,-0.848683,-1.305640,1.881299,-1.291378,-0.066586,-0.011497,-0.491188,-1.410000,-1.131976,1.093982,0.013271,0.016218
8.900000,0.001192,0.052983,-0.010865,-0.795290,-1.242833,1.755822,-1.298520,-0.064563,-0.011252,-0.625663,-1.410000,-1.420023,1.214923,0.018640,0.016613
8.933333,-0.002840,0.029044,-0.011466,-0.229232,-1.335654,0.626030,-0.674618,-0.047202,-0.019270,-0.678938,-1.410000,-1.276463,1.009151,0.044817,0.004698
8.966667,-0.000333,0.026095,-0.009475,-0.370812,-1.309176,0.775812,-0.834247,-0.043548,-0.016141,-0.670742,-1.410000,-1.339849,1.088950,0.030726,0.014352
9.000000,-0.000333,0.026095,-0.009475,-0.370812,-1.309176,0.775812,-0.834247,-0.043548,-0.016141,-0.670742,-1.410000,-1.339849,1.088950,0.030726,0.014352
9.033333,0.007503,0.036278,-0.010223,-0.827697,-0.913619,1.334388,-1.439920,-0.034275,-0.019897,-0.985206,-1.062512,-1.350574,1.570000,0.017770,-0.009648
9.066667,0.007809,0.041714,-0.008383,-1.016464,-0.893162,1.691337,-1.498613,-0.037266,-0.021118,-0.991454,-0.967866,-1.326582,1.570000,0.016740,-0.012109
9.100000,0.003650,0.039312,-0.008889,-0.975171,-0.900647,1.607266,-1.480103,-0.036645,-0.019088,-1.001212,-0.992582,-1.377069,1.570000,0.017912,-0.014583
9.133333,0.004028,0.034222,-0.011717,-0.500864,-1.139509,0.763719,-1.021384,-0.050963,-0.027333,-0.823839,-1.246675,-0.941929,1.469024,0.020847,-0.023317
9.166667,0.008070,0.039034,-0.008516,-0.967125,-0.908612,1.604423,-1.461346,-0.039947,-0.016550,-0.930181,-0.987229,-1.260994,1.570000,0.015327,-0.012477
9.200000,0.003324,0.029127,-0.004127,-0.681904,-0.980361,1.051783,-1.294492,-0.039119,-0.025083,-0.940974,-1.120770,-1.257587,1.559256,0.012297,-0.018235
9.233333,0.002567,0.040961,-0.006764,-1.043357,-0.891144,1.700570,-1.501571,-0.042504,-0.021001,-0.997124,-0.961533,-1.363842,1.570000,0.013918,-0.011868
9.266667,0.004308,0.030921,-0.003603,-0.625023,-0.994630,0.946438,-1.230503,-0.035463,-0.024598,-0.937659,-1.133192,-1.221020,1.556242,0.012126,-0.021255
9.300000,0.008043,0.027238,-0.006564,-0.649698,-1.046056,0.987546,-1.215578,-0.039942,-0.024828,-0.886717,-1.152486,-1.152199,1.518018,0.015303,-0.022327
9.333333,0.006106,0.041354,-0.007551,-0.899673,-0.888666,1.466035,-1.480435,-0.040115,-0.017432,-1.016933,-1.011024,-1.420584,1.570000,0.022608,-0.012730
9.366667,0.004074,0.040575,-0.006491,-0.976298,-0.879196,1.582352,-1.493654,-0.036182,-0.016794,-1.019221,-0.989259,-1.405256,1.570000,0.017266,-0.016107
9.400000,-0.002023,0.044370,-0.002588,-1.090255,-0.868177,1.778692,-1.527803,-0.041616,-0.017107,-1.000949,-0.930361,-1.385565,1.570000,0.014493,-0.015306
9.433333,0.004870,0.040285,-0.008179,-0.924898,-0.883124,1.511496,-1.478124,-0.037479,-0.019241,-1.005993,-1.013359,-1.396078,1.570000,0.016900,-0.010332
9.466667,0.005679,0.040085,-0.010684,-0.930734,-0.928656,1.567645,-1.443021,-0.045241,-0.016522,-0.956096,-1.019429,-1.281254,1.570000,0.020071,-0.012001
9.500000,-0.004220,0.053004,-0.004634,-1.116584,-0.827066,1.830253,-1.570000,-0.034744,-0.009499,-1.079847,-0.937309,-1.508051,1.570000,0.014527,-0.004123
9.533333,-0.000003,0.041122,-0.007384,-1.034519,-0.886720,1.695263,-1.502352,-0.041538,-0.017451,-0.991059,-0.973337,-1.377136,1.570000,0.014858,-0.012873
9.566667,0.006574,0.039159,-0.006215,-0.799276,-0.886208,1.310651,-1.464367,-0.033452,-0.021177,-1.035589,-1.056021,-1.421115,1.570000,0.016589,-0.010621
9.600000,0.001581,0.033580,-0.007836,-0.523020,-1.121601,0.769645,-1.014767,-0.049147,-0.021988,-0.846584,-1.225056,-0.988296,1.465083,0.015368,-0.022341
9.633333,0.001261,0.043345,-0.004775,-1.041875,-0.875987,1.715442,-1.513786,-0.039924,-0.018311,-1.018131,-0.950590,-1.390460,1.570000,0.013108,-0.012434
9.666667,0.003235,0.028827,-0.004394,-0.579117,-1.054107,0.868873,-1.170544,-0.044331,-0.027205,-0.892202,-1.162209,-1.149226,1.524202,0.016453,-0.018338
9.700000,0.002446,0.042798,-0.005000,-0.987465,-0.860450,1.630468,-1.534056,-0.039311,-0.020884,-1.031530,-0.982849,-1.460078,1.570000,0.014564,-0.010718
9.733333,0.001510,0.033902,-0.006162,-0.491822,-1.134431,0.729763,-1.028413,-0.039701,-0.031653,-0.858834,-1.215629,-0.992208,1.460506,0.022384,-0.019821
9.766667,0.007887,0.030819,-0.009471,-0.514150,-1.130613,0.777647,-1.052481,-0.042118,-0.025489,-0.825476,-1.218441,-0.977624,1.471319,0.022732,-0.024569
9.800000,0.004843,0.044904,-0.005750,-1.085679,-0.890446,1.781954,-1.531677,-0.039347,-0.020133,-1.005289,-0.957674,-1.399288,1.570000,0.011249,-0.011785
9.833333,0.002013,0.040958,-0.006303,-1.048557,-0.883097,1.715071,-1.495301,-0.038800,-0.021159,-1.012140,-0.955732,-1.355539,1.570000,0.013123,-0.018488
9.866667,-0.004105,0.044952,-0.003582,-1.092258,-0.849157,1.800139,-1.554774,-0.040021,-0.013785,-1.039602,-0.958075,-1.452813,1.570000,0.010769,-0.013152
9.900000,0.007056,0.033460,-0.007230,-0.738265,-0.943188,1.175976,-1.372117,-0.038215,-0.020389,-0.950101,-1.075277,-1.300863,1.570000,0.017487,-0.014859
9.933333,0.005093,0.042782,-0.007799,-1.011816,-0.882607,1.657918,-1.475097,-0.043837,-0.018173,-0.993365,-0.999447,-1.318646,1.570000,0.016050,-0.019845
9.966667,0.009891,0.034261,-0.016621,-0.396611,-1.178336,0.527617,-0.847744,-0.051027,-0.023543,-0.780553,-1.338238,-0.771952,1.364881,0.046215,-0.023348
10.000000,0.006438,0.040032,-0.008217,-0.895321,-0.889462,1.459016,-1.488237,-0.037940,-0.018775,-1.009255,-1.036560,-1.403831,1.570000,0.017323,-0.012630
10.033333,0.008517,0.036625,-0.011484,-0.867083,-0.954914,1.447268,-1.410494,-0.041784,-0.018783,-0.928108,-1.040635,-1.281898,1.570000,0.018492,-0.012571
10.066667,-0.001859,0.047318,-0.002008,-1.080250,-0.826488,1.802483,-1.569721,-0.041934,-0.008689,-1.039339,-0.966495,-1.488425,1.570000,0.008763,-0.019304
10.100000,0.007518,0.037842,-0.010108,-0.872330,-0.907936,1.442677,-1.467020,-0.037265,-0.018449,-0.989521,-1.046165,-1.374546,1.570000,0.017232,-0.011534
10.133333,0.004733,0.030138,-0.005447,-0.569591,-1.065972,0.875255,-1.173185,-0.041739,-0.023186,-0.895100,-1.174084,-1.126600,1.519046,0.014843,-0.022631
10.166667,0.003596,0.038395,-0.009582,-0.459157,-1.158162,0.691579,-0.966180,-0.048069,-0.017943,-0.814473,-1.278198,-0.879224,1.448136,0.023006,-0.025782
10.200000,0.004574,0.039681,-0.007349,-1.023161,-0.895573,1.685009,-1.503659,-0.036931,-0.018082,-0.990439,-0.968295,-1.381273,1.570000,0.013408,-0.012407
10.233333,0.013631,0.037122,-0.009013,-0.487126,-1.142866,0.707030,-0.953947,-0.055127,-0.021378,-0.845000,-1.263255,-0.924099,1.445212,0.022356,-0.029940
10.266667,-0.002943,0.046045,-0.003086,-1.076454,-0.881091,1.776613,-1.529569,-0.039580,-0.019752,-1.022091,-0.944791,-1.400122,1.570000,0.005977,-0.017393
10.300000,-0.000161,0.042019,-0.005616,-1.046983,-0.873750,1.723050,-1.508947,-0.036418,-0.017316,-1.011608,-0.956665,-1.385798,1.570000,0.011571,-0.015557
10.333333,0.003796,0.039529,-0.008249,-0.959039,-0.893514,1.567449,-1.502314,-0.036718,-0.021004,-1.013777,-1.011486,-1.420204,1.570000,0.015226,-0.013687
10.366667,-0.016641,0.050021,-0.001963,-1.122180,-0.843288,1.816931,-1.525238,-0.049558,-0.005320,-1.081827,-0.897152,-1.423803,1.570000,0.028464,-0.010248
10.400000,0.002644,0.045717,-0.005813,-1.108190,-0.867132,1.832042,-1.554142,-0.044519,-0.013928,-1.045460,-0.957960,-1.443793,1.570000,0.014852,-0.016624
10.433333,0.002276,0.044194,-0.005627,-1.043993,-0.867983,1.700429,-1.520310,-0.046344,-0.017248,-1.016887,-0.977017,-1.419539,1.570000,0.012648,-0.011397
10.466667,0.005142,0.042718,-0.004803,-1.060481,-0.877437,1.745920,-1.526680,-0.046425,-0.018387,-1.012331,-0.980545,-1.403676,1.570000,0.013829,-0.014894
10.500000,0.008644,0.036796,-0.008019,-0.811589,-0.911260,1.306587,-1.433534,-0.034253,-0.020514,-0.996203,-1.047642,-1.381414,1.570000,0.017194,-0.010903
10.533333,0.006863,0.030643,-0.007713,-0.753090,-0.980095,1.200249,-1.346653,-0.037795,-0.021681,-0.946263,-1.085478,-1.281302,1.567654,0.016324,-0.017587
10.566667,0.006051,0.028001,-0.004871,-0.650732,-1.041168,0.996056,-1.237265,-0.041547,-0.022240,-0.893606,-1.132065,-1.161630,1.520913,0.015820,-0.022148
10.600000,0.010070,0.037235,-0.004326,-0.759700,-0.900521,1.234383,-1.424430,-0.030110,-0.017240,-1.028691,-1.070084,-1.399927,1.570000,0.019303,-0.017284
10.633333,0.006585,0.038768,-0.008843,-0.925297,-0.882539,1.502775,-1.476890,-0.033089,-0.019794,-1.009768,-1.022509,-1.395740,1.570000,0.016358,-0.014573
10.666667,0.008153,0.031846,-0.011444,-0.790285,-0.987275,1.287982,-1.334612,-0.041961,-0.018837,-0.880222,-1.076700,-1.187730,1.546102,0.015885,-0.018565
10.700000,0.004810,0.030346,-0.010050,-0.708353,-1.027465,1.139929,-1.245797,-0.043706,-0.017058,-0.820834,-1.109076,-1.068605,1.513925,0.014160,-0.022070
10.733333,0.002837,0.031107,-0.003878,-0.565781,-1.054169,0.859396,-1.178289,-0.042207,-0.028538,-0.908360,-1.180994,-1.161952,1.523523,0.014220,-0.020489
10.766667,0.007130,0.042581,-0.007238,-1.016402,-0.914410,1.663561,-1.472248,-0.041912,-0.017170,-0.961432,-0.952495,-1.253321,1.570000,0.016233,-0.015752
10.800000,0.007308,0.039526,-0.008694,-0.894298,-0.896541,1.469949,-1.495837,-0.031956,-0.017346,-1.006026,-1.038896,-1.404681,1.570000,0.016150,-0.010676
10.833333,0.003606,0.040040,-0.008470,-0.936713,-0.927736,1.559694,-1.459554,-0.048281,-0.015997,-0.937941,-0.998765,-1.318454,1.570000,0.015015,-0.015946
10.866667,0.009302,0.036115,-0.010539,-0.890058,-0.948082,1.474656,-1.412753,-0.038961,-0.019001,-0.932106,-1.019786,-1.280471,1.567852,0.018731,-0.013892
10.900000,0.008524,0.036598,-0.012103,-0.849489,-0.949242,1.417529,-1.415317,-0.040925,-0.018783,-0.941493,-1.055766,-1.287884,1.570000,0.018243,-0.013275
10.933333,0.003921,0.039858,-0.009503,-0.948528,-0.891622,1.553879,-1.483756,-0.040977,-0.019140,-0.998441,-1.014446,-1.364892,1.570000,0.017270,-0.012300
10.966667,-0.000881,0.033326,-0.007290,-0.497112,-1.130360,0.762546,-1.053393,-0.050730,-0.024551,-0.868486,-1.214511,-1.009508,1.487918,0.015717,-0.027774
11.000000,0.008678,0.039513,-0.009657,-0.851959,-0.992811,1.445660,-1.390576,-0.049602,-0.013663,-0.846256,-1.037534,-1.103639,1.528959,0.011778,-0.011611
11.033333,0.006998,0.037620,-0.011551,-0.886122,-0.942631,1.480336,-1.420274,-0.042311,-0.018727,-0.927740,-1.030421,-1.261242,1.570000,0.016094,-0.011298
11.066667,0.005574,0.040090,-0.007876,-0.899693,-0.897633,1.453633,-1.480419,-0.036874,-0.020507,-1.012059,-1.028602,-1.399007,1.570000,0.017120,-0.010976
11.100000,0.002299,0.045892,-0.006192,-1.095375,-0.866275,1.807668,-1.542144,-0.047138,-0.014774,-1.021650,-0.974241,-1.432886,1.570000,0.009447,-0.015611
11.133333,0.001539,0.043385,-0.005847,-1.014741,-0.868757,1.682375,-1.524335,-0.034890,-0.018977,-1.024119,-0.967889,-1.418856,1.570000,0.013136,-0.017151
11.166667,0.006680,0.031933,-0.009282,-0.767686,-1.007933,1.249568,-1.292652,-0.048032,-0.018986,-0.845401,-1.075923,-1.109519,1.525295,0.014773,-0.021354
11.200000,0.023574,0.044007,-0.011174,-0.482929,-1.182184,0.635013,-0.855066,-0.033298,-0.029344,-0.830842,-1.323251,-0.805704,1.390185,0.008558,-0.024199
11.233333,0.016281,0.034741,-0.015379,-0.465097,-1.161576,0.690249,-0.929196,-0.043427,-0.015740,-0.782482,-1.304259,-0.825217,1.417503,0.023736,-0.025170
11.266667,-0.001262,0.032075,-0.003584,-0.558798,-1.067646,0.833212,-1.120166,-0.037579,-0.028872,-0.920759,-1.158625,-1.146191,1.512783,0.015031,-0.023692
11.300000,-0.003313,0.056001,0.004538,-1.208485,-0.800680,1.961093,-1.570000,-0.055541,-0.028486,-1.078160,-0.951458,-1.551376,1.570000,0.002419,-0.012483
11.333333,0.005307,0.032734,-0.008356,-0.507475,-1.143606,0.724496,-0.961387,-0.049400,-0.023207,-0.821720,-1.230541,-0.912287,1.434717,0.020196,-0.027213
11.366667,-0.006876,0.046785,-0.000504,-1.128022,-0.848526,1.857254,-1.561093,-0.041548,-0.016702,-1.056178,-0.915273,-1.420154,1.570000,0.000892,-0.013854
11.400000,0.007828,0.038870,-0.006533,-0.762749,-0.870100,1.210799,-1.446890,-0.027604,-0.020121,-1.051623,-1.086083,-1.423689,1.570000,0.024310,-0.008382
11.433333,-0.004776,0.048090,-0.000473,-1.132787,-0.843896,1.862090,-1.569398,-0.048677,-0.012304,-1.067263,-0.926543,-1.461399,1.570000,0.004016,-0.018499
11.466667,0.003402,0.045566,-0.002235,-1.125672,-0.876466,1.838598,-1.555359,-0.040743,-0.015164,-1.044214,-0.944044,-1.436398,1.570000,0.011278,-0.016406
11.500000,-0.003669,0.045158,-0.003144,-1.108986,-0.850199,1.813284,-1.545486,-0.044383,-0.014835,-1.051262,-0.951073,-1.431340,1.570000,0.003035,-0.018271
11.533333,0.009298,0.035458,-0.009698,-0.478239,-1.167772,0.709054,-0.951914,-0.056591,-0.023002,-0.790707,-1.288703,-0.872130,1.439594,0.020134,-0.020206
11.566667,0.001437,0.030537,-0.006472,-0.551464,-1.090029,0.841762,-1.095729,-0.043162,-0.023909,-0.872389,-1.193201,-1.072060,1.503248,0.020340,-0.023393
11.600000,0.008043,0.040835,-0.009617,-0.984716,-0.912112,1.656099,-1.466631,-0.036444,-0.017462,-0.928606,-0.974723,-1.232027,1.570000,0.015481,-0.015694
11.633333,0.006472,0.040628,-0.008004,-0.987432,-0.906634,1.631297,-1.483570,-0.042913,-0.019325,-0.971551,-0.985322,-1.288771,1.570000,0.013677,-0.012996
11.666667,-0.001777,0.042738,-0.007598,-0.956634,-0.852880,1.577695,-1.531287,-0.034753,-0.017669,-1.043206,-1.011064,-1.462457,1.570000,0.014204,-0.010237
11.700000,0.008542,0.036766,-0.012510,-0.879656,-0.941909,1.442445,-1.425775,-0.040902,-0.017874,-0.925068,-1.054197,-1.268469,1.561078,0.017944,-0.012751
11.733333,-0.001609,0.045272,-0.003038,-1.049785,-0.857424,1.740375,-1.527181,-0.039641,-0.017385,-1.030348,-0.948041,-1.432781,1.570000,0.015680,-0.019260
11.766667,0.002927,0.045399,-0.003656,-1.097719,-0.849800,1.809973,-1.553433,-0.038694,-0.013829,-1.047711,-0.932221,-1.446601,1.570000,0.011741,-0.014074
11.800000,-0.000088,0.044558,-0.005710,-1.064179,-0.866925,1.761755,-1.524968,-0.038464,-0.016179,-1.013334,-0.980291,-1.407428,1.570000,0.013021,-0.015722
11.833333,-0.009805,0.053430,0.002105,-1.204499,-0.832743,1.950519,-1.570000,-0.044990,-0.004258,-1.098996,-0.884495,-1.493464,1.570000,0.005960,-0.019907
11.866667,0.001733,0.043159,-0.007929,-0.977748,-0.869467,1.626125,-1.525653,-0.038261,-0.019398,-1.021965,-1.003607,-1.428733,1.570000,0.010534,-0.014594
11.900000,0.008199,0.033605,-0.009365,-0.796895,-0.956013,1.290963,-1.405330,-0.036429,-0.021707,-0.963689,-1.072480,-1.322363,1.570000,0.016580,-0.015183
11.933333,0.004068,0.041303,-0.007503,-1.026315,-0.886580,1.680409,-1.499355,-0.036570,-0.020048,-0.999711,-0.965543,-1.355693,1.570000,0.013406,-0.014438
11.966667,0.003536,0.039776,-0.007666,-0.929996,-0.874282,1.515420,-1.489735,-0.034379,-0.020447,-1.024799,-1.018360,-1.417536,1.570000,0.016283,-0.010042
12.000000,0.003536,0.039776,-0.007666,-0.929996,-0.874282,1.515420,-1.489735,-0.034379,-0.020447,-1.024799,-1.018360,-1.417536,1.570000,0.016283,-0.010042
12.033333,0.019341,0.036871,-0.016281,-0.723890,-1.081204,1.494931,-1.253603,-0.038390,-0.024612,-0.806104,-1.275601,-1.757270,1.482453,0.047579,-0.006437
12.066667,0.023582,0.041458,-0.020715,-0.714641,-1.060276,1.515757,-1.245486,-0.030380,-0.025573,-0.707596,-1.294839,-1.654707,1.431738,0.049813,0.003342
12.100000,0.037245,0.054520,-0.017541,-0.979414,-0.976719,1.989239,-1.420604,-0.047628,-0.012612,-0.966427,-1.235996,-1.836310,1.570000,0.065555,-0.016924
12.133333,0.002843,0.023288,-0.009639,-0.391661,-1.168249,0.781594,-0.993920,-0.013388,-0.032441,-0.760331,-1.279163,-1.806687,1.339195,0.032561,-0.009020
12.166667,0.009916,0.025016,-0.013323,-0.497335,-1.153939,1.038357,-1.104593,-0.019542,-0.028483,-0.764638,-1.280876,-1.784805,1.376094,0.035025,-0.012813
12.200000,0.027487,0.013813,-0.020705,-0.476436,-1.283984,0.606786,-0.832850,-0.028060,-0.019700,-0.429873,-1.304475,-1.006269,0.982679,0.026787,-0.010658
12.233333,0.019125,0.022260,-0.020288,-0.496561,-1.206894,0.835678,-0.985491,-0.028886,-0.023729,-0.509138,-1.298050,-1.322051,1.142015,0.030258,-0.008506
12.266667,0.016212,0.041229,-0.021570,-0.720811,-1.119154,1.433967,-1.196321,-0.047544,-0.024108,-0.492707,-1.361618,-1.398180,1.281235,0.034532,0.003298
12.300000,0.013396,0.029583,-0.015966,-0.580946,-1.120054,1.208152,-1.160663,-0.027518,-0.027123,-0.775443,-1.274235,-1.769964,1.410666,0.037851,-0.010497
12.333333,0.018813,0.016281,-0.013968,-0.407778,-1.263988,0.478858,-0.882331,-0.018374,-0.022098,-0.632312,-1.272756,-1.349759,1.026736,0.032584,-0.019781
12.366667,0.016778,0.038413,-0.016511,-0.711698,-1.071241,1.483253,-1.250037,-0.038296,-0.026191,-0.815956,-1.276578,-1.785311,1.496923,0.043116,-0.002077
12.400000,0.020643,0.031975,-0.019777,-0.657513,-1.116804,1.300332,-1.178529,-0.033194,-0.024416,-0.661780,-1.285723,-1.577337,1.339948,0.036329,-0.003776
12.433333,0.021170,0.042152,-0.014876,-0.821241,-1.066090,1.657460,-1.299649,-0.049721,-0.023037,-0.781659,-1.271130,-1.677823,1.495657,0.049259,0.002692
12.466667,0.004538,0.008760,-0.020065,-0.455891,-1.292172,-0.055374,-0.851044,-0.000008,0.001973,-0.597525,-1.347688,-1.076094,0.754030,0.035814,-0.010501
12.500000,0.021609,0.012357,-0.016032,-0.422115,-1.261715,0.431204,-0.800994,-0.024368,-0.021452,-0.590389,-1.241084,-1.177690,1.005700,0.033639,-0.017545
12.533333,0.017412,0.049066,-0.013666,-0.922595,-1.029944,1.820277,-1.340405,-0.052497,-0.029070,-0.827998,-1.291327,-1.712762,1.570000,0.052015,-0.003160
12.566667,0.017169,0.044206,-0.012472,-0.907185,-1.058105,1.786582,-1.341772,-0.040767,-0.030215,-0.895654,-1.250237,-1.772925,1.570000,0.047930,-0.007365
12.600000,0.018027,0.045543,-0.016497,-0.828469,-1.049316,1.709579,-1.305374,-0.053973,-0.019563,-0.708179,-1.331695,-1.636181,1.474091,0.037554,-0.003308
12.633333,0.011345,0.008943,-0.019842,-0.430889,-1.338725,-0.077075,-0.411681,-0.034668,-0.037923,-0.695255,-1.028215,-0.661443,0.740910,0.039795,-0.018929
12.666667,0.025397,0.056154,-0.009076,-0.993883,-1.014123,1.925353,-1.385545,-0.048844,-0.035903,-0.921010,-1.236889,-1.795605,1.570000,0.054245,0.013602
12.700000,0.018356,0.034908,-0.021462,-0.664742,-1.117500,1.361592,-1.182522,-0.038620,-0.022808,-0.567519,-1.344406,-1.507207,1.294633,0.039261,-0.004659
12.733333,0.007932,0.026234,-0.009025,-0.404163,-1.159037,0.881625,-1.034547,-0.012597,-0.032021,-0.782413,-1.278268,-1.852794,1.380916,0.033450,-0.011050
12.766667,0.018503,0.035204,-0.018473,-0.725387,-1.087766,1.473426,-1.226572,-0.038147,-0.025195,-0.744340,-1.295570,-1.668801,1.430248,0.042938,-0.002117
12.800000,0.014963,0.018416,-0.011859,-0.386192,-1.214195,0.638299,-0.951362,-0.015512,-0.022923,-0.686006,-1.278298,-1.575693,1.168495,0.032202,-0.015972
12.833333,0.016866,0.023096,-0.019886,-0.494875,-1.159901,0.967975,-1.060174,-0.026323,-0.023301,-0.619500,-1.304653,-1.547497,1.251550,0.032922,-0.011098
12.866667,0.014564,0.055861,-0.015819,-0.995359,-1.020104,1.929482,-1.389619,-0.043214,-0.040230,-0.922406,-1.253145,-1.798755,1.570000,0.064261,0.007579
12.900000,0.019142,0.039415,-0.016147,-0.793580,-1.072630,1.604501,-1.273516,-0.043832,-0.027476,-0.776365,-1.282109,-1.682662,1.489463,0.044739,-0.001807
12.933333,0.014108,0.028743,-0.016072,-0.575630,-1.129891,1.191756,-1.155612,-0.026628,-0.026839,-0.757130,-1.269484,-1.744971,1.388943,0.037103,-0.008634
12.966667,0.018452,0.023786,-0.019381,-0.521543,-1.186385,0.950277,-1.050234,-0.028110,-0.023198,-0.560329,-1.313601,-1.437012,1.181694,0.030456,-0.009683
13.000000,0.017117,0.036992,-0.017442,-0.756144,-1.071018,1.540057,-1.256949,-0.037793,-0.027652,-0.824337,-1.283863,-1.766533,1.502074,0.046206,-0.004997
13.033333,0.021942,0.045894,-0.016913,-0.905220,-1.036538,1.816989,-1.341686,-0.050685,-0.024316,-0.839589,-1.297903,-1.730324,1.570000,0.050293,0.000380
13.066667,0.013854,0.036463,-0.015171,-0.699885,-1.082977,1.453329,-1.249091,-0.030738,-0.031482,-0.820230,-1.285126,-1.824191,1.498158,0.042838,-0.009563
13.100000,0.020616,0.038512,-0.019169,-0.722936,-1.088265,1.488588,-1.234573,-0.042790,-0.020311,-0.599723,-1.336064,-1.516801,1.351234,0.040090,0.001752
13.133333,0.015663,0.034490,-0.016932,-0.673892,-1.083239,1.408609,-1.227042,-0.032701,-0.026354,-0.808563,-1.278118,-1.785319,1.470850,0.043492,-0.006747
13.166667,0.020885,0.035373,-0.017404,-0.728025,-1.090858,1.464325,-1.244763,-0.031307,-0.026476,-0.794731,-1.264630,-1.731573,1.476108,0.043947,-0.003510
13.200000,0.005580,0.019339,-0.007148,-0.285640,-1.183240,0.512708,-0.850591,-0.009373,-0.020843,-0.701549,-1.284773,-1.641044,1.217263,0.028786,-0.014605
13.233333,0.027340,0.034804,-0.023528,-0.646260,-1.266895,1.007454,-0.956288,-0.022154,-0.011120,-0.149787,-1.383711,-0.735356,0.961230,0.032865,-0.009782
13.266667,0.020439,0.023884,-0.017246,-0.558025,-1.165575,0.999490,-1.092898,-0.019031,-0.024240,-0.662527,-1.267338,-1.524166,1.258569,0.031754,-0.010369
13.300000,0.018426,0.033481,-0.017380,-0.677823,-1.096961,1.392014,-1.209444,-0.034937,-0.026075,-0.746991,-1.278070,-1.693067,1.410987,0.043507,-0.006044
13.333333,0.036277,0.013817,-0.021719,-0.456842,-1.285828,0.024393,-0.497356,-0.056514,-0.034858,-0.698723,-1.095954,-0.796585,0.811683,0.024615,-0.009297
13.366667,0.010849,0.031248,-0.013922,-0.589058,-1.126760,1.246579,-1.176185,-0.030556,-0.027810,-0.792459,-1.272013,-1.801170,1.430748,0.037929,-0.009695
13.400000,0.010133,0.021705,-0.011713,-0.446142,-1.190848,0.842318,-1.034730,-0.014131,-0.027494,-0.734716,-1.271874,-1.714527,1.292548,0.029249,-0.011165
13.433333,0.002735,0.027328,-0.008752,-0.433910,-1.172115,0.913490,-1.054499,-0.011946,-0.028036,-0.764712,-1.273510,-1.819327,1.376808,0.029706,-0.016642
13.466667,0.018342,0.044783,-0.015850,-0.860966,-1.028036,1.758234,-1.322868,-0.041356,-0.019751,-0.814026,-1.288370,-1.716899,1.559834,0.046617,-0.005945
13.500000,0.013584,0.031812,-0.014936,-0.612573,-1.114026,1.289268,-1.194341,-0.025818,-0.028358,-0.788909,-1.269585,-1.798604,1.443191,0.039733,-0.008906
13.533333,0.013926,0.036454,-0.015691,-0.700327,-1.092727,1.448650,-1.248403,-0.032407,-0.030246,-0.816718,-1.274705,-1.814396,1.486189,0.045415,-0.009494
13.566667,0.031457,0.004376,-0.013698,-0.441845,-1.334854,-0.331771,-0.230244,-0.072211,-0.014414,-0.724725,-0.982258,-0.477112,0.631804,0.042813,-0.044657
13.600000,0.017022,0.040698,-0.019533,-0.793062,-1.056402,1.619350,-1.282197,-0.046635,-0.021162,-0.760938,-1.297886,-1.673397,1.484432,0.039689,-0.001885
13.633333,0.009111,0.020543,-0.009923,-0.354469,-1.186192,0.672540,-0.940742,-0.000429,-0.032038,-0.731346,-1.272914,-1.739989,1.290744,0.028619,-0.012135
13.666667,0.004115,0.019096,-0.008357,-0.319800,-1.174881,0.590972,-0.889382,-0.008833,-0.029696,-0.706290,-1.272233,-1.662012,1.247114,0.028147,-0.014727
13.700000,0.017221,0.016264,-0.012895,-0.403272,-1.240905,0.544493,-0.891118,-0.020270,-0.022999,-0.643413,-1.256392,-1.391268,1.087550,0.034234,-0.019823
13.733333,0.014339,0.018326,-0.013765,-0.363162,-1.248884,0.482102,-0.879587,-0.004727,-0.022557,-0.652246,-1.281039,-1.454391,1.068727,0.036778,-0.018142
13.766667,0.008596,0.020310,-0.009051,-0.398368,-1.190418,0.765843,-1.010033,-0.009654,-0.026218,-0.744156,-1.279020,-1.730229,1.272452,0.034131,-0.013041
13.800000,0.013050,0.028007,-0.014522,-0.555052,-1.137708,1.157178,-1.140408,-0.024410,-0.027999,-0.762537,-1.269657,-1.765937,1.402990,0.036841,-0.010547
13.833333,0.015936,0.037237,-0.015737,-0.723107,-1.072295,1.485161,-1.248919,-0.037247,-0.029482,-0.828231,-1.281686,-1.797744,1.500168,0.043428,-0.004901
13.866667,0.015893,0.040394,-0.019257,-0.780064,-1.067798,1.601973,-1.278224,-0.045346,-0.025523,-0.728197,-1.302211,-1.654607,1.463244,0.040959,0.005298
13.900000,0.015200,0.035416,-0.016827,-0.672938,-1.089082,1.422583,-1.227473,-0.036205,-0.028243,-0.792963,-1.280527,-1.780039,1.455418,0.044195,-0.007124
13.933333,0.018980,0.048782,-0.019297,-0.952061,-1.016044,1.877065,-1.368144,-0.048327,-0.019271,-0.870323,-1.295175,-1.747985,1.570000,0.047703,0.004246
13.966667,0.013716,0.024518,-0.015681,-0.500601,-1.156986,1.033553,-1.100258,-0.020762,-0.025599,-0.703544,-1.284867,-1.687920,1.311724,0.035663,-0.013709
14.000000,0.016931,0.037162,-0.017765,-0.725192,-1.075689,1.498480,-1.254071,-0.037415,-0.026102,-0.806144,-1.273141,-1.757978,1.486923,0.042616,-0.001367
14.033333,0.014107,0.030531,-0.016943,-0.605562,-1.121408,1.270585,-1.182814,-0.028468,-0.025606,-0.766132,-1.277819,-1.752439,1.406355,0.039870,-0.008918
14.066667,0.007240,0.025386,-0.010780,-0.445198,-1.175071,0.928265,-1.066135,-0.018930,-0.028962,-0.753810,-1.279921,-1.780803,1.342322,0.033768,-0.010639
14.100000,0.015231,0.020349,-0.013120,-0.450685,-1.212974,0.778169,-1.026779,-0.017906,-0.023734,-0.671770,-1.278046,-1.563972,1.182442,0.032310,-0.014760
14.133333,0.020870,0.004339,-0.017607,-0.433149,-1.272894,0.089833,-0.533855,-0.039410,-0.029766,-0.644260,-1.151081,-0.871791,0.851399,0.034225,-0.022192
14.166667,0.014850,0.051771,-0.018369,-0.905463,-1.048171,1.865568,-1.363696,-0.053799,-0.020709,-0.897775,-1.278371,-1.782110,1.570000,0.060968,0.004093
14.200000,0.017542,0.041359,-0.018724,-0.742085,-1.093923,1.509954,-1.225847,-0.049292,-0.026824,-0.566844,-1.353124,-1.491171,1.338532,0.033583,0.008939
14.233333,0.009050,0.034509,-0.017587,-0.577454,-1.121230,1.260390,-1.172692,-0.036837,-0.027567,-0.730936,-1.299094,-1.739210,1.386202,0.039519,-0.007940
14.266667,0.024536,0.046726,-0.018454,-0.934614,-1.041111,1.823909,-1.356651,-0.044258,-0.019565,-0.877637,-1.279295,-1.753549,1.570000,0.052939,0.010637
14.300000,0.018879,0.035223,-0.016300,-0.690722,-1.092870,1.431113,-1.228801,-0.032789,-0.026329,-0.790624,-1.273876,-1.755534,1.463548,0.044070,-0.008130
14.333333,0.008202,0.045869,-0.019485,-0.880639,-1.037953,1.790367,-1.344302,-0.052311,-0.024922,-0.814627,-1.301109,-1.722206,1.567174,0.043389,0.005724
14.366667,0.006201,0.026473,-0.010739,-0.471948,-1.155953,0.997180,-1.090992,-0.015519,-0.027304,-0.777790,-1.276666,-1.825014,1.396021,0.035166,-0.011491
14.400000,0.023807,0.052299,-0.018116,-0.695868,-1.192603,1.291475,-1.105184,-0.049188,-0.018697,-0.170983,-1.408370,-0.897332,1.063711,0.041097,0.005131
14.433333,0.017719,0.027856,-0.020134,-0.561246,-1.157352,1.121533,-1.112912,-0.032408,-0.023204,-0.599813,-1.316981,-1.530897,1.254105,0.033622,-0.006726
14.466667,0.012988,0.035372,-0.013664,-0.631813,-1.114880,1.336169,-1.207464,-0.029532,-0.029934,-0.805095,-1.264470,-1.821443,1.468692,0.040474,-0.006233
14.500000,0.016204,0.005606,-0.019896,-0.470775,-1.309651,0.102947,-0.511506,-0.038275,-0.031938,-0.676644,-1.081843,-0.789916,0.863115,0.028654,-0.017251
14.533333,0.008251,0.019457,-0.009995,-0.380496,-1.210971,0.655271,-0.969253,-0.003450,-0.025545,-0.739075,-1.283406,-1.701067,1.219781,0.029946,-0.008516
14.566667,0.044437,0.007671,-0.013197,-0.444449,-1.357523,-0.140311,-0.345373,-0.050160,-0.024052,-0.703846,-0.992052,-0.588326,0.722567,0.017155,-0.033567
14.600000,0.018472,0.037076,-0.016538,-0.710419,-1.095357,1.460306,-1.242441,-0.033029,-0.026635,-0.801855,-1.271788,-1.772320,1.472602,0.044325,-0.006828
14.633333,0.007634,0.021968,-0.010752,-0.321025,-1.189277,0.572532,-0.875305,-0.011168,-0.023991,-0.697938,-1.277558,-1.637015,1.227241,0.038272,-0.012437
14.666667,0.004713,0.023153,-0.010683,-0.403933,-1.166140,0.826916,-1.007362,-0.015082,-0.027059,-0.737026,-1.288503,-1.755818,1.315611,0.034757,-0.016659
14.700000,0.015093,0.019186,-0.013586,-0.429499,-1.243022,0.598543,-0.939277,-0.016424,-0.021499,-0.650559,-1.272469,-1.452555,1.096416,0.028130,-0.018016
14.733333,0.003259,0.024781,-0.009392,-0.421727,-1.189961,0.759489,-1.030591,-0.016197,-0.020201,-0.771014,-1.273029,-1.797348,1.287382,0.033574,-0.005561
14.766667,0.013740,0.047359,-0.014763,-0.930202,-1.010976,1.848195,-1.356292,-0.051800,-0.033674,-0.900430,-1.262894,-1.772524,1.570000,0.042173,-0.003514
14.800000,0.016310,0.052419,-0.016156,-0.961608,-1.023719,1.860273,-1.362708,-0.039073,-0.032884,-0.890879,-1.246784,-1.753057,1.570000,0.046866,0.015834
14.833333,0.014901,0.050337,-0.020303,-0.698205,-1.135713,1.406948,-1.159175,-0.056563,-0.030724,-0.337548,-1.393913,-1.182827,1.182670,0.042988,-0.000214
14.866667,0.009483,0.024905,-0.012204,-0.499159,-1.161682,1.033291,-1.096758,-0.020981,-0.026981,-0.764497,-1.277069,-1.773002,1.373282,0.034800,-0.013746
14.900000,0.015267,0.042355,-0.017670,-0.844504,-1.043755,1.707286,-1.304565,-0.044594,-0.027281,-0.778596,-1.285381,-1.687361,1.515355,0.043551,0.002840
14.933333,0.036948,0.015393,-0.022006,-0.451370,-1.317553,-0.007114,-0.477637,-0.047609,-0.037347,-0.692712,-1.049456,-0.704399,0.779556,0.022324,-0.017203
14.966667,0.018957,0.047777,-0.016603,-0.911263,-1.044088,1.787742,-1.342047,-0.038834,-0.029897,-0.867342,-1.260939,-1.744271,1.570000,0.050950,0.002740
15.000000,0.018957,0.047777,-0.016603,-0.911263,-1.044088,1.787742,-1.342047,-0.038834,-0.029897,-0.867342,-1.260939,-1.744271,1.570000,0.050950,0.002740
15.033333,-0.014606,0.054149,-0.006325,-1.036620,-1.279521,2.085641,-1.529987,-0.029955,-0.022063,-0.876936,-1.267548,-1.532991,1.240476,0.009706,0.017702
15.066667,-0.028290,0.058724,-0.003190,-1.104278,-1.268749,2.191865,-1.570000,-0.045887,-0.020772,-0.853756,-1.281694,-1.483227,1.213940,0.006536,0.020404
15.100000,-0.048049,0.067055,0.006927,-1.066801,-1.410000,1.788220,-1.570000,-0.043486,0.018487,-0.233545,-1.121453,-0.138019,1.261985,-0.001759,0.001614
15.133333,-0.011723,0.054875,-0.009256,-1.076982,-1.311372,2.014634,-1.566249,-0.046474,-0.016741,-0.743626,-1.259991,-1.263356,1.245439,0.013712,0.006599
15.166667,-0.006914,0.038171,-0.003738,-0.723638,-1.339399,1.301463,-1.151961,-0.019058,-0.045348,-0.910079,-1.206042,-1.567013,1.238834,0.017866,0.018745
15.200000,-0.007805,0.041080,-0.005473,-0.675222,-1.336836,1.166495,-1.084983,-0.015031,-0.052572,-0.911463,-1.202818,-1.575112,1.230767,0.016841,0.020455
15.233333,-0.001576,0.048783,-0.007526,-0.900336,-1.292470,1.798040,-1.386449,-0.034838,-0.030943,-0.903882,-1.241930,-1.574412,1.251039,0.022671,0.022443
15.266667,-0.016603,0.052966,-0.007028,-1.131740,-1.363805,1.961738,-1.570000,-0.047462,-0.012265,-0.541116,-1.212324,-0.781403,1.211688,0.014707,-0.011021
15.300000,-0.013548,0.056029,-0.006323,-1.053807,-1.274895,2.075841,-1.531710,-0.029888,-0.019694,-0.842719,-1.288692,-1.447688,1.211929,0.006929,0.023337
15.333333,0.001279,0.040333,-0.006353,-0.815778,-1.300344,1.540466,-1.257244,-0.024370,-0.035720,-0.910224,-1.213365,-1.566102,1.250111,0.019720,0.015834
15.366667,-0.006558,0.051487,-0.008340,-1.047552,-1.353851,1.846887,-1.546655,-0.048068,-0.017458,-0.614345,-1.237316,-0.972579,1.223256,0.016039,-0.000548
15.400000,0.001852,0.047580,-0.012961,-0.950184,-1.341660,1.709994,-1.479726,-0.041035,-0.018482,-0.659928,-1.237992,-1.028709,1.246519,0.018401,0.004085
15.433333,-0.019999,0.067337,-0.001931,-1.127531,-1.410000,1.842290,-1.570000,-0.034356,-0.003633,-0.444179,-1.180316,-0.494809,1.343526,0.033565,-0.013609
15.466667,-0.014980,0.052814,-0.006188,-1.013477,-1.279587,2.047435,-1.495347,-0.033854,-0.017373,-0.877501,-1.281528,-1.519946,1.226231,0.014858,0.015183
15.500000,-0.001917,0.039677,-0.008201,-0.809976,-1.301041,1.523406,-1.266332,-0.023113,-0.039532,-0.905977,-1.215681,-1.563946,1.257285,0.017155,0.018689
15.533333,-0.001875,0.050431,-0.006543,-0.926675,-1.273046,1.870829,-1.408618,-0.032987,-0.025257,-0.929709,-1.244631,-1.622313,1.273216,0.020969,0.025230
15.566667,-0.014416,0.058274,-0.004555,-0.922525,-1.267029,1.893016,-1.394019,-0.009646,-0.033220,-0.973929,-1.255216,-1.681224,1.293208,0.024135,0.034100
15.600000,-0.026612,0.044495,0.000358,-0.605959,-1.405743,0.911927,-1.004399,-0.024531,-0.060186,-0.914126,-1.180068,-1.462628,1.262945,0.002113,0.030660
15.633333,0.012921,0.046877,-0.006535,-0.422729,-1.410000,0.704705,-1.064624,-0.048566,0.010280,-0.498462,-1.294457,-0.328304,1.200745,-0.012828,0.043859
15.666667,-0.005042,0.036191,-0.006180,-0.696342,-1.328651,1.188409,-1.111485,-0.014909,-0.044877,-0.885545,-1.203380,-1.502121,1.236293,0.013194,0.014062
15.700000,-0.004865,0.050918,-0.006541,-0.895784,-1.286970,1.767448,-1.353622,-0.022285,-0.031348,-0.948484,-1.235356,-1.656499,1.264058,0.022189,0.023751
15.733333,-0.002529,0.051146,-0.006873,-0.924036,-1.280319,1.850935,-1.400050,-0.026964,-0.028550,-0.930749,-1.235665,-1.612217,1.269987,0.018207,0.022742
15.766667,-0.057410,0.075458,0.001274,-1.153585,-1.248818,2.437317,-1.570000,-0.069536,-0.013343,-0.937824,-1.333930,-1.655952,1.205401,-0.007737,0.031682
15.800000,-0.003502,0.045520,-0.008363,-0.892150,-1.279347,1.762431,-1.367436,-0.023518,-0.030411,-0.901752,-1.236100,-1.571308,1.256353,0.021543,0.020346
15.833333,-0.012027,0.053454,-0.008762,-1.035914,-1.277084,2.057907,-1.532905,-0.043596,-0.016993,-0.827428,-1.277514,-1.449357,1.229569,0.016190,0.021789
15.866667,-0.006501,0.044683,-0.007156,-0.837935,-1.291095,1.659067,-1.316070,-0.026751,-0.033397,-0.919296,-1.235650,-1.610961,1.266974,0.016961,0.016472
15.900000,-0.016218,0.055118,-0.006364,-1.064777,-1.371345,1.832888,-1.570000,-0.046873,-0.018369,-0.548669,-1.229130,-0.812161,1.233579,0.017163,0.003883
15.933333,-0.022643,0.061688,-0.008326,-1.057785,-1.268269,2.130053,-1.552901,-0.048116,-0.023216,-0.872744,-1.297799,-1.539353,1.235176,0.000983,0.023603
15.966667,0.012406,0.088855,0.009188,-0.164544,-1.410000,0.565908,-1.528412,-0.008981,0.053710,-0.317388,-1.096225,0.484093,1.502934,-0.031310,0.082482
16.000000,-0.005694,0.049417,-0.011489,-0.977940,-1.333654,1.782151,-1.490550,-0.044734,-0.019395,-0.695758,-1.260165,-1.141422,1.221077,0.018111,0.006716
16.033333,-0.001692,0.036125,-0.007090,-0.675966,-1.359681,1.137881,-1.162108,-0.030770,-0.031909,-0.756036,-1.222795,-1.184766,1.229533,0.010980,0.010718
16.066667,-0.003359,0.049594,-0.007898,-0.943835,-1.265377,1.894568,-1.422544,-0.034483,-0.028097,-0.911686,-1.249030,-1.598476,1.258716,0.016942,0.019404
16.100000,-0.010695,0.054410,-0.008928,-1.021129,-1.267041,2.025726,-1.513278,-0.050506,-0.018552,-0.835281,-1.275466,-1.473339,1.230722,0.006240,0.026040
16.133333,0.011447,0.080797,0.010971,-1.263906,-1.225210,2.790000,-1.570000,0.001234,0.002375,0.235508,-0.868946,-0.173766,0.999018,-0.089149,-0.091769
16.166667,-0.019056,0.067630,0.004392,-1.194239,-1.329336,2.173151,-1.570000,-0.051192,-0.010162,-0.492084,-1.175715,-0.835347,1.126077,0.010269,-0.008022
16.200000,-0.010495,0.052339,-0.007996,-1.001063,-1.272552,2.017983,-1.490823,-0.039296,-0.024841,-0.888603,-1.268627,-1.562264,1.249055,0.016206,0.021252
16.233333,-0.013777,0.048922,-0.009252,-1.008778,-1.372240,1.732499,-1.553987,-0.042028,-0.009008,-0.515380,-1.224656,-0.710513,1.251450,0.013438,-0.006149
16.266667,-0.012313,0.056849,-0.008734,-1.111699,-1.317671,2.040627,-1.570000,-0.048423,-0.016564,-0.717547,-1.258556,-1.180294,1.229367,0.014395,0.005703
16.300000,-0.021037,0.060081,-0.005477,-1.121933,-1.381685,1.938391,-1.570000,-0.060629,-0.016391,-0.572045,-1.235409,-0.859974,1.269544,0.022763,0.000281
16.333333,-0.008423,0.054185,-0.005979,-0.969184,-1.276501,1.952790,-1.450993,-0.034994,-0.029635,-0.919813,-1.257957,-1.603543,1.247462,0.020321,0.027312
16.366667,-0.057142,0.100243,0.009466,-1.131137,-1.410000,1.872536,-1.570000,-0.052639,0.055237,-0.347334,-1.152056,0.057846,1.471940,0.032710,-0.051780
16.400000,-0.018988,0.062378,-0.003618,-1.065918,-1.267990,2.163342,-1.553575,-0.039565,-0.025829,-0.885497,-1.289756,-1.562133,1.219859,0.010390,0.022311
16.433333,-0.014549,0.056610,-0.007735,-0.980045,-1.259625,2.003704,-1.469775,-0.029920,-0.025359,-0.972097,-1.254090,-1.691844,1.292165,0.016387,0.031499
16.466667,0.007493,0.043237,-0.007676,-0.500866,-1.410000,0.858891,-1.059334,-0.042397,-0.007218,-0.562740,-1.323748,-0.573565,1.164334,-0.004705,0.019774
16.500000,-0.027906,0.065345,-0.000998,-1.132268,-1.251123,2.282149,-1.570000,-0.045764,-0.021265,-0.866792,-1.301191,-1.535379,1.212855,0.005134,0.024608
16.533333,-0.047054,0.062685,-0.000994,-1.134143,-1.385412,2.105633,-1.570000,-0.076304,0.011399,-0.190737,-1.113258,-0.360880,1.065230,-0.026932,-0.004751
16.566667,-0.035337,0.058342,-0.003289,-1.076868,-1.410000,1.834557,-1.570000,-0.069532,0.028800,-0.233895,-1.214237,-0.310869,1.037561,0.023180,0.017892
16.600000,0.022080,0.058980,-0.018684,-0.144960,-1.410000,0.336011,-1.031682,-0.026926,0.054558,-0.439359,-1.392003,0.263559,1.357145,-0.059771,0.071972
16.633333,-0.004485,0.038771,-0.004119,-0.754680,-1.329589,1.379905,-1.189883,-0.021050,-0.042185,-0.917131,-1.206361,-1.571403,1.249765,0.015960,0.016288
16.666667,-0.002696,0.049154,-0.012996,-0.960905,-1.327634,1.775977,-1.503849,-0.041001,-0.020789,-0.723230,-1.260157,-1.172884,1.247588,0.016379,0.010798
16.700000,-0.001511,0.047463,-0.010380,-0.951209,-1.279408,1.876450,-1.444001,-0.034132,-0.025130,-0.847489,-1.261848,-1.474782,1.234873,0.015714,0.020993
16.733333,-0.015888,0.057068,-0.007696,-1.056841,-1.269569,2.111158,-1.534912,-0.038996,-0.025137,-0.892259,-1.286449,-1.554388,1.231577,0.013532,0.025817
16.766667,-0.010336,0.038927,-0.006356,-0.662430,-1.335742,1.081437,-1.045425,-0.018495,-0.055310,-0.914685,-1.211728,-1.534129,1.240631,0.013652,0.024722
16.800000,-0.003123,0.052693,-0.005396,-0.929676,-1.285907,1.856082,-1.399723,-0.029134,-0.027992,-0.940084,-1.233441,-1.628890,1.261126,0.022354,0.024953
16.833333,-0.026846,0.062680,-0.008237,-1.066075,-1.273849,2.180136,-1.561179,-0.045374,-0.025898,-0.908591,-1.301344,-1.601968,1.246188,0.017449,0.032063
16.866667,-0.007172,0.054678,-0.007926,-0.995531,-1.265712,2.026359,-1.484699,-0.042311,-0.024932,-0.906126,-1.277291,-1.602270,1.243193,0.013538,0.023553
16.900000,-0.008211,0.054410,-0.007506,-0.961168,-1.278745,1.965713,-1.445700,-0.034917,-0.027523,-0.926164,-1.257379,-1.634713,1.255544,0.020782,0.028920
16.933333,-0.005532,0.037742,-0.002802,-0.713436,-1.349246,1.267739,-1.118201,-0.017787,-0.044202,-0.910479,-1.213831,-1.571851,1.221888,0.016068,0.014124
16.966667,-0.006733,0.047672,-0.011356,-0.810328,-1.410000,1.339844,-1.434395,-0.046928,0.000353,-0.390643,-1.285165,-0.429377,1.136794,-0.000299,0.020618
17.000000,-0.040414,0.066207,0.000259,-1.166001,-1.245942,2.341562,-1.570000,-0.055705,-0.028948,-0.867017,-1.330060,-1.509305,1.234825,-0.008842,0.013390
17.033333,-0.005297,0.043406,-0.004204,-0.520929,-1.410000,0.789807,-0.956461,-0.038670,-0.022592,-0.592992,-1.309251,-0.768810,1.083370,0.004527,0.005723
17.066667,-0.009357,0.061937,-0.001489,-0.928799,-1.410000,1.542661,-1.570000,-0.056965,0.005025,-0.314729,-1.170974,-0.253459,1.294197,0.022949,0.010323
17.100000,-0.042058,0.078689,0.003112,-0.989762,-1.410000,1.625633,-1.570000,-0.059791,0.021380,-0.294792,-1.167028,-0.122288,1.349704,0.012999,-0.001409
17.133333,-0.003888,0.050488,-0.009994,-1.021481,-1.261843,1.999038,-1.499606,-0.035400,-0.022224,-0.836085,-1.284313,-1.460012,1.226768,0.022146,0.011707
17.166667,-0.005200,0.052271,-0.005364,-0.921213,-1.279428,1.881237,-1.408600,-0.035938,-0.029451,-0.957056,-1.254511,-1.664641,1.283118,0.019128,0.028043
17.200000,-0.015594,0.055196,-0.008076,-1.010766,-1.266598,2.060678,-1.508865,-0.036229,-0.018787,-0.895564,-1.278807,-1.565804,1.250083,0.010290,0.020101
17.233333,-0.005150,0.049243,-0.008519,-0.945964,-1.282475,1.891555,-1.439152,-0.033733,-0.024309,-0.874117,-1.246952,-1.533194,1.244844,0.019307,0.023673
17.266667,0.000933,0.046005,-0.013835,-0.890634,-1.349942,1.627160,-1.410934,-0.042235,-0.021288,-0.698225,-1.269488,-1.123982,1.211638,0.014575,0.009794
17.300000,0.000707,0.045564,-0.013503,-0.892704,-1.350663,1.600277,-1.459836,-0.043729,-0.019945,-0.631334,-1.244694,-0.951609,1.246230,0.019111,0.004482
17.333333,-0.014050,0.055334,-0.006740,-1.027371,-1.274767,2.061924,-1.507458,-0.037117,-0.028584,-0.882064,-1.271718,-1.547960,1.238991,0.019258,0.019724
17.366667,-0.002649,0.048308,-0.007483,-0.925702,-1.283773,1.846901,-1.413790,-0.035211,-0.027457,-0.890865,-1.244545,-1.551463,1.249713,0.017368,0.020965
17.400000,-0.040118,0.066379,-0.000032,-1.157770,-1.285634,2.275872,-1.570000,-0.057789,-0.010405,-0.733979,-1.294321,-1.282240,1.187760,0.010912,0.012759
17.433333,-0.011220,0.060476,-0.007799,-1.107973,-1.407199,1.865429,-1.570000,-0.047428,-0.005701,-0.473377,-1.203391,-0.615630,1.307781,0.012003,-0.004296
17.466667,-0.004797,0.049972,-0.008539,-0.921306,-1.281271,1.852847,-1.406386,-0.030792,-0.027787,-0.892876,-1.245444,-1.569819,1.248558,0.017991,0.021066
17.500000,-0.008377,0.056804,-0.012129,-0.997169,-1.401568,1.689609,-1.570000,-0.049988,-0.002529,-0.519614,-1.238006,-0.672443,1.278466,0.023085,-0.000531
17.533333,-0.008602,0.036377,-0.003834,-0.679550,-1.367130,1.172411,-1.076652,-0.019939,-0.044249,-0.854780,-1.226640,-1.464059,1.194366,0.013391,0.013154
17.566667,-0.008742,0.036021,-0.005662,-0.605561,-1.410000,0.908018,-0.949681,-0.022267,-0.044492,-0.742408,-1.275930,-1.184495,1.118176,0.009609,0.019532
17.600000,-0.001932,0.045217,-0.000646,-0.780786,-1.295078,1.416625,-1.182546,-0.021863,-0.047738,-1.004061,-1.207354,-1.722974,1.290275,0.017546,0.016737
17.633333,0.001126,0.045863,-0.008677,-0.876934,-1.291427,1.711079,-1.336782,-0.023821,-0.032298,-0.909896,-1.228887,-1.576609,1.250956,0.022528,0.018307
17.666667,-0.007407,0.048665,-0.009967,-0.987237,-1.282527,1.923499,-1.476907,-0.034919,-0.018680,-0.801321,-1.269392,-1.395829,1.207130,0.015278,0.015981
17.700000,-0.010822,0.052693,-0.008257,-0.988987,-1.268593,2.017495,-1.491392,-0.033154,-0.027526,-0.912327,-1.265883,-1.597323,1.255980,0.017849,0.022260
17.733333,-0.008166,0.047617,-0.005489,-0.889873,-1.274821,1.768249,-1.361343,-0.026654,-0.037743,-0.949587,-1.222123,-1.634102,1.282227,0.017410,0.016725
17.766667,-0.007854,0.052700,-0.008022,-1.044062,-1.284761,2.049764,-1.527338,-0.043483,-0.021658,-0.839165,-1.275284,-1.451551,1.230564,0.013848,0.015171
17.800000,-0.005115,0.043213,-0.003936,-0.727422,-1.311255,1.264269,-1.161973,-0.011953,-0.041938,-0.957113,-1.191900,-1.611439,1.270421,0.014730,0.011606
17.833333,-0.009619,0.069089,-0.011922,-0.295308,-1.410000,0.626025,-1.224580,-0.037760,0.000950,-0.423584,-1.263423,0.059921,1.359214,-0.038730,0.069046
17.866667,-0.002834,0.038330,-0.004348,-0.746653,-1.334129,1.396312,-1.190796,-0.021503,-0.037362,-0.900680,-1.219585,-1.569350,1.229102,0.019704,0.016086
17.900000,-0.035492,0.069050,-0.004981,-1.158850,-1.286888,2.241613,-1.570000,-0.054072,-0.018563,-0.821503,-1.282461,-1.410201,1.216045,0.015269,0.014487
17.933333,0.007026,0.060016,-0.016050,-0.347578,-1.410000,0.561753,-1.070282,-0.060610,0.008905,-0.430097,-1.328544,-0.049602,1.282206,-0.023026,0.069992
17.966667,-0.015213,0.056497,-0.004179,-1.063298,-1.266201,2.118608,-1.551874,-0.050526,-0.018990,-0.839639,-1.276524,-1.484065,1.224703,0.011083,0.015579
18.000000,-0.015213,0.056497,-0.004179,-1.063298,-1.266201,2.118608,-1.551874,-0.050526,-0.018990,-0.839639,-1.276524,-1.484065,1.224703,0.011083,0.015579
18.033333,0.017486,0.023062,-0.015537,-0.164549,-1.295534,0.319722,-0.935009,-0.028617,-0.009124,-0.454011,-1.261491,-0.747226,1.396997,0.004769,-0.007192
18.066667,-0.042731,0.068885,0.007810,-1.081631,-1.104208,2.245680,-1.561129,0.003950,-0.044111,-0.811324,-1.339307,-1.937989,1.570000,0.040091,-0.034723
18.100000,-0.001589,0.061895,-0.004393,-1.096646,-1.213598,2.206225,-1.472490,-0.060118,-0.049280,-0.784604,-1.339353,-1.473992,1.570000,0.015696,0.008894
18.133333,-0.004153,0.066369,-0.009004,-1.110826,-1.226171,2.176916,-1.458722,-0.063392,-0.040929,-0.771755,-1.366356,-1.406222,1.570000,0.032730,0.017075
18.166667,0.020003,0.024536,-0.015152,-0.057661,-1.275300,0.182797,-0.835060,-0.029635,-0.004233,-0.450238,-1.264715,-0.733909,1.424674,0.006363,-0.008744
18.200000,0.017263,0.028894,-0.006630,-0.048853,-1.317851,0.076539,-0.676543,-0.021710,-0.001673,-0.458072,-1.209375,-0.774645,1.466956,0.004991,-0.014835
18.233333,0.004139,0.060688,-0.010958,-0.908464,-1.242589,1.902574,-1.345973,-0.051357,-0.030458,-0.730846,-1.375404,-1.650497,1.536573,0.030467,0.004930
18.266667,0.018131,0.033183,-0.011974,-0.141022,-1.410000,0.032671,-0.782689,0.032181,-0.064972,-0.838796,-1.166305,-2.066388,1.468783,0.015444,0.008337
18.300000,-0.066262,0.106320,-0.000328,-1.254872,-1.087968,2.648062,-1.570000,-0.056356,-0.007839,-0.576298,-1.410000,-2.013126,1.570000,-0.045965,-0.009110
18.333333,-0.006871,0.037740,0.007604,0.057292,-1.382948,-0.152462,-0.769662,0.028673,-0.064959,-0.782588,-0.935741,-1.981593,1.570000,0.051184,0.002972
18.366667,-0.000350,0.067285,-0.007464,-1.077604,-1.252075,2.099837,-1.448094,-0.063519,-0.044819,-0.739870,-1.353082,-1.331977,1.570000,0.027391,0.015024
18.400000,0.013743,0.028546,-0.006252,-0.108386,-1.358696,0.188827,-0.712099,-0.014981,-0.013103,-0.595740,-1.195457,-1.222010,1.498992,0.017042,-0.010205
18.433333,0.006045,0.055630,-0.017024,-0.840431,-1.254853,1.747804,-1.307177,-0.047143,-0.026079,-0.652388,-1.354296,-1.440623,1.504311,0.026644,0.009370
18.466667,0.012907,0.051833,-0.017687,-0.741691,-1.257793,1.580415,-1.254289,-0.048031,-0.025097,-0.606189,-1.326246,-1.239308,1.494388,0.027434,0.007309
18.500000,0.006648,0.031317,-0.002673,0.008869,-1.324672,-0.072519,-0.546756,-0.010809,0.005640,-0.464185,-1.196022,-0.736194,1.544869,0.000030,-0.016162
18.533333,0.006303,0.040848,-0.017517,-0.656705,-1.246368,1.318913,-1.176114,-0.029460,-0.036319,-0.716410,-1.303467,-1.705709,1.506570,0.026914,-0.003139
18.566667,-0.006739,0.051668,-0.008402,-0.056605,-1.331444,-0.030139,-0.868386,0.025707,-0.071673,-0.777183,-0.974720,-1.945830,1.570000,0.046459,-0.004201
18.600000,0.013128,0.050770,-0.018658,-0.700924,-1.268031,1.493178,-1.257411,-0.051366,-0.017373,-0.569856,-1.311020,-1.091814,1.469034,0.024792,0.006559
18.633333,-0.004468,0.055184,-0.004256,-0.830514,-1.133719,1.498072,-1.514471,-0.040860,-0.003649,-0.590836,-1.273079,-0.845118,1.570000,0.010581,0.007000
18.666667,0.021055,0.025158,-0.014657,-0.088808,-1.300643,0.216087,-0.818594,-0.034600,-0.004348,-0.440190,-1.267807,-0.717952,1.379419,0.005704,-0.013213
18.700000,0.012204,0.052521,-0.014801,-0.860072,-1.250029,1.781070,-1.303996,-0.049279,-0.028753,-0.700042,-1.347536,-1.527562,1.512595,0.032367,0.006841
18.733333,0.003785,0.057244,-0.009274,-0.811953,-1.273559,1.674975,-1.300668,-0.032910,-0.040624,-0.708522,-1.375154,-1.885086,1.496066,0.038440,-0.015549
18.766667,0.013701,0.047303,-0.018471,-0.678430,-1.262013,1.455525,-1.194704,-0.040235,-0.024566,-0.647016,-1.320940,-1.432291,1.479020,0.028350,0.005302
18.800000,0.024358,0.034710,-0.025667,-0.421674,-1.346160,0.716185,-1.267620,-0.054994,-0.000641,-0.387645,-1.282397,-0.467298,1.201328,-0.001664,0.023127
18.833333,0.021471,0.028739,-0.009567,-0.063358,-1.306841,0.078394,-0.663556,-0.021244,-0.004453,-0.451796,-1.213081,-0.739139,1.462376,0.006860,-0.013040
18.866667,0.014735,0.028518,-0.009508,-0.067140,-1.328267,0.172525,-0.745068,-0.023605,-0.005181,-0.403178,-1.229792,-0.680807,1.429355,0.000563,-0.010086
18.900000,0.016046,0.028148,-0.006196,-0.073734,-1.341228,0.093999,-0.652187,-0.016329,-0.003284,-0.511866,-1.187946,-0.940766,1.524638,0.009876,-0.015389
18.933333,0.012622,0.025595,-0.009409,-0.157753,-1.352629,0.301898,-0.775929,-0.014252,-0.013418,-0.574694,-1.230953,-1.187878,1.455526,0.010320,-0.013425
18.966667,0.017731,0.024063,-0.017143,-0.134419,-1.305713,0.314840,-0.866529,-0.033399,-0.007153,-0.436159,-1.267074,-0.736241,1.365599,0.005599,-0.010875
19.000000,0.001428,0.061626,-0.009985,-0.962386,-1.222339,1.989298,-1.358818,-0.055631,-0.026684,-0.740359,-1.361487,-1.516369,1.551608,0.029553,0.009509
19.033333,0.017055,0.028369,-0.003633,-0.026140,-1.309040,-0.008623,-0.581800,-0.013536,0.002406,-0.475292,-1.204977,-0.807211,1.524369,0.004486,-0.017027
19.066667,0.010522,0.060809,-0.006590,-1.053244,-1.185482,2.113154,-1.444264,-0.072104,-0.033392,-0.789931,-1.325223,-1.517362,1.570000,0.033184,0.021894
19.100000,-0.008007,0.068703,-0.007256,-1.054826,-1.180826,2.117201,-1.452507,-0.072457,-0.032897,-0.794988,-1.324131,-1.534822,1.570000,0.026657,0.026545
19.133333,0.007461,0.025496,-0.014328,0.013778,-1.199229,0.138219,-0.965832,-0.021882,-0.003532,-0.416744,-1.295614,-0.687521,1.410251,0.000696,-0.004000
19.166667,0.014821,0.068001,-0.011269,-1.086006,-1.150177,2.151672,-1.467704,-0.072391,-0.032010,-0.814686,-1.313444,-1.537859,1.570000,0.013410,0.018370
19.200000,0.012172,0.026870,-0.009479,-0.044968,-1.333690,0.059979,-0.658163,-0.018836,-0.007108,-0.454016,-1.226396,-0.697623,1.445264,0.006343,-0.021454
19.233333,0.016683,0.025087,-0.015218,-0.247213,-1.349607,0.463521,-0.887116,-0.023046,-0.016314,-0.514686,-1.284213,-0.984008,1.402143,0.004910,-0.008872
19.266667,0.017915,0.024998,-0.011797,-0.148925,-1.317944,0.277502,-0.796414,-0.024819,-0.010062,-0.517797,-1.240567,-0.955293,1.423557,0.009489,-0.014128
19.300000,0.019995,0.024851,-0.015425,-0.075164,-1.279428,0.232210,-0.887826,-0.030645,-0.001891,-0.440392,-1.265670,-0.734301,1.383888,0.005711,-0.013798
19.333333,-0.002331,0.071738,-0.012813,-1.029220,-1.286265,2.029453,-1.421930,-0.072297,-0.030959,-0.652685,-1.332723,-1.221829,1.559364,0.015316,0.031714
19.366667,0.013861,0.026745,-0.013085,-0.169319,-1.284698,0.339376,-0.867538,-0.027397,-0.013740,-0.532626,-1.236759,-1.048161,1.479718,0.006698,-0.008438
19.400000,0.008885,0.064768,-0.009760,-1.094985,-1.171051,2.154879,-1.464239,-0.069841,-0.029132,-0.814770,-1.341129,-1.500463,1.570000,0.037725,0.027031
19.433333,0.018896,0.024266,-0.012563,-0.132580,-1.297230,0.229976,-0.758717,-0.023848,-0.011021,-0.486975,-1.241816,-0.867154,1.436489,0.006793,-0.011272
19.466667,0.015203,0.025787,-0.010133,-0.176474,-1.351537,0.362700,-0.810587,-0.019058,-0.015555,-0.569656,-1.244787,-1.192724,1.434297,0.010842,-0.011047
19.500000,0.012554,0.041164,-0.015759,-0.600318,-1.281852,1.260990,-1.141494,-0.030520,-0.027563,-0.665468,-1.314719,-1.635314,1.464471,0.031689,0.001691
19.533333,-0.009239,0.065724,-0.013486,-1.115447,-1.195947,2.242731,-1.471884,-0.066691,-0.024587,-0.832288,-1.380028,-1.600300,1.570000,0.043738,0.034623
19.566667,0.022280,0.051956,-0.020199,-0.869876,-1.355091,1.515685,-1.513531,-0.054223,-0.010684,-0.511968,-1.325716,-0.692414,1.271773,0.015321,0.013547
19.600000,0.012404,0.049720,-0.016427,-0.852943,-1.261542,1.668476,-1.368467,-0.053572,-0.020734,-0.609451,-1.317916,-1.107522,1.469166,0.028158,0.009242
19.633333,0.006785,0.052251,-0.014686,-0.832130,-1.261720,1.667233,-1.402554,-0.051775,-0.016724,-0.597933,-1.332185,-1.054101,1.508139,0.019000,0.011247
19.666667,0.010774,0.022836,-0.008934,-0.142567,-1.319341,0.213261,-0.746670,-0.005760,-0.016501,-0.603578,-1.179501,-1.244992,1.472511,0.006909,-0.007451
19.700000,0.016716,0.023493,-0.014030,-0.139742,-1.295536,0.279725,-0.942954,-0.030479,-0.007419,-0.421796,-1.248520,-0.659851,1.378350,0.003654,-0.009323
19.733333,0.006717,0.061947,-0.011138,-0.935142,-1.221429,1.911709,-1.392568,-0.044038,-0.029652,-0.757339,-1.373455,-1.830280,1.564830,0.036076,-0.005533
19.766667,0.002416,0.081994,-0.011838,-1.200907,-1.216563,2.449883,-1.570000,-0.083193,-0.054421,-0.826855,-1.372793,-1.733901,1.570000,0.019971,0.048543
19.800000,0.013773,0.043031,-0.019586,-0.613138,-1.255884,1.222711,-1.146144,-0.028670,-0.027773,-0.640090,-1.317734,-1.488104,1.465163,0.014060,0.003014
19.833333,0.005712,0.072305,-0.007304,-1.069443,-1.195588,2.196506,-1.442014,-0.064833,-0.019156,-0.809911,-1.376356,-1.560260,1.570000,0.041417,0.032431
19.866667,0.009496,0.045480,-0.017508,-0.694418,-1.254546,1.444193,-1.201608,-0.036073,-0.029570,-0.674708,-1.291831,-1.558553,1.500241,0.031379,0.000896
19.900000,0.015663,0.042652,-0.020378,-0.625278,-1.274788,1.299677,-1.171857,-0.042570,-0.020387,-0.594353,-1.305885,-1.184599,1.472011,0.025292,0.004444
19.933333,0.009373,0.032958,-0.016126,-0.402692,-1.334191,0.827094,-0.988349,-0.028120,-0.030951,-0.627470,-1.305455,-1.478135,1.428988,0.011047,-0.001529
19.966667,0.009413,0.050073,-0.015402,-0.798988,-1.245869,1.691534,-1.262828,-0.037100,-0.027702,-0.703832,-1.353941,-1.661899,1.486740,0.038490,0.001586
20.000000,0.008246,0.035384,-0.004700,-0.105125,-1.338319,0.090302,-0.727477,0.014030,-0.026004,-0.700819,-1.065351,-1.568596,1.570000,0.034140,-0.008013
20.033333,0.021678,0.057819,-0.010575,-0.933654,-1.307959,1.920573,-1.383846,-0.051689,-0.020268,-0.595717,-1.350248,-1.118430,1.522017,0.028915,0.007417
20.066667,-0.005789,0.069659,-0.012391,-1.204063,-1.177908,2.401808,-1.558327,-0.053950,-0.044960,-0.826500,-1.360307,-1.579603,1.570000,0.043353,0.020646
20.100000,0.012293,0.027517,-0.005353,-0.051241,-1.310121,0.058340,-0.667440,-0.016126,-0.003061,-0.538164,-1.167839,-1.087432,1.550949,0.013430,-0.007984
20.133333,0.020023,0.025700,-0.009738,-0.064131,-1.322858,0.108206,-0.683290,-0.023028,-0.005361,-0.499113,-1.225514,-0.895489,1.449278,0.006855,-0.016274
20.166667,0.016384,0.061939,-0.004913,-1.111059,-1.227153,2.172164,-1.464135,-0.055681,-0.043611,-0.769764,-1.328944,-1.349619,1.570000,0.040870,0.014989
20.200000,0.014992,0.031911,-0.000562,-0.089526,-1.361858,0.095608,-0.663253,-0.007782,-0.007868,-0.625060,-1.128841,-1.294584,1.562893,0.010555,-0.006830
20.233333,0.018865,0.024819,-0.012448,-0.076601,-1.286690,0.165535,-0.768427,-0.024875,-0.004160,-0.456227,-1.238613,-0.764376,1.427950,0.009041,-0.015730
20.266667,0.010023,0.023142,-0.010787,-0.205870,-1.349391,0.363692,-0.824941,-0.008814,-0.023382,-0.633210,-1.216725,-1.361792,1.464584,0.016581,-0.009957
20.300000,-0.018573,0.078388,-0.006384,-1.154283,-1.196667,2.260077,-1.523744,-0.077017,-0.051374,-0.804677,-1.353342,-1.416710,1.570000,0.025800,0.028357
20.333333,0.014284,0.023046,-0.011238,-0.143489,-1.323019,0.249041,-0.761920,-0.013215,-0.016996,-0.568456,-1.210628,-1.145855,1.451612,0.011475,-0.013025
20.366667,0.012587,0.032106,-0.006172,0.008213,-1.283002,-0.000787,-0.637462,-0.032939,0.001678,-0.417941,-1.226217,-0.658232,1.423573,0.002677,-0.012284
20.400000,0.013285,0.050526,-0.016199,-0.754102,-1.259143,1.561694,-1.311278,-0.052160,-0.022711,-0.568062,-1.314220,-1.073090,1.469894,0.024782,0.005220
20.433333,0.015425,0.024869,-0.014737,-0.278102,-1.303934,0.445177,-1.040391,-0.035458,-0.006315,-0.447215,-1.254760,-0.661285,1.383704,0.000926,-0.003056
20.466667,0.013077,0.056658,-0.014647,-0.816907,-1.271183,1.791247,-1.275089,-0.053882,-0.030943,-0.629283,-1.373253,-1.376733,1.497543,0.023615,0.011670
20.500000,0.015115,0.026269,-0.005316,-0.079371,-1.346327,0.112846,-0.681242,-0.019345,-0.005570,-0.551524,-1.195259,-1.070858,1.494504,0.012617,-0.013751
20.533333,0.018644,0.023752,-0.014070,-0.121525,-1.322761,0.246881,-0.829416,-0.027563,-0.008126,-0.451274,-1.263875,-0.741979,1.367531,0.007114,-0.010618
20.566667,0.015159,0.037064,-0.019750,-0.583306,-1.292236,1.130790,-1.188145,-0.042180,-0.015998,-0.553905,-1.287237,-0.999126,1.451876,0.019210,0.003853
20.600000,0.020992,0.029293,-0.006700,0.002994,-1.351092,-0.023397,-0.596527,0.007687,-0.018070,-0.547787,-1.170163,-1.142436,1.559782,0.011818,-0.015132
20.633333,0.007732,0.056633,-0.017684,-0.694578,-1.281652,1.540566,-1.185197,-0.051749,-0.023179,-0.659909,-1.367834,-1.628864,1.440926,0.031264,0.004187
20.666667,0.019748,0.025888,-0.014798,-0.067217,-1.317904,0.192223,-0.806722,-0.029413,-0.005804,-0.434504,-1.266521,-0.708098,1.367723,0.004127,-0.013415
20.700000,0.021577,0.025414,-0.012837,-0.083967,-1.307823,0.194525,-0.834249,-0.037391,-0.005358,-0.429912,-1.268174,-0.671899,1.338702,0.002929,-0.014504
20.733333,0.002931,0.033117,-0.009880,-0.298916,-1.257360,0.504362,-0.990628,-0.032513,-0.021965,-0.579476,-1.281110,-1.323505,1.455624,-0.011774,-0.006125
20.766667,0.007350,0.056508,-0.012100,-0.973779,-1.230311,1.984229,-1.386592,-0.051927,-0.033611,-0.758011,-1.346570,-1.585679,1.570000,0.033431,0.011832
20.800000,0.011217,0.061651,-0.013223,-1.037859,-1.221110,2.060834,-1.435167,-0.061905,-0.031066,-0.735484,-1.338738,-1.312763,1.570000,0.027901,0.005398
20.833333,0.002353,0.061578,-0.012738,-1.100376,-1.212359,2.181666,-1.476616,-0.061125,-0.034913,-0.790047,-1.350441,-1.436019,1.570000,0.037613,0.020130
20.866667,0.013894,0.074319,-0.011687,-1.145216,-1.157375,2.215798,-1.494964,-0.069447,-0.049201,-0.817972,-1.349282,-1.454881,1.570000,0.032372,0.009699
20.900000,0.010347,0.031331,-0.006720,-0.106492,-1.337351,0.138615,-0.732459,0.005284,-0.024776,-0.640329,-1.099234,-1.433204,1.561462,0.012140,-0.007559
20.933333,0.016679,0.025630,-0.014474,-0.078667,-1.323783,0.190629,-0.797955,-0.030443,-0.007959,-0.426794,-1.268826,-0.677959,1.358427,0.006222,-0.012410
20.966667,0.008919,0.028648,-0.001141,-0.034564,-1.355639,0.025398,-0.640556,-0.012690,-0.007555,-0.535869,-1.157126,-1.073516,1.534315,0.009171,-0.018811
21.000000,0.008919,0.028648,-0.001141,-0.034564,-1.355639,0.025398,-0.640556,-0.012690,-0.007555,-0.535869,-1.157126,-1.073516,1.534315,0.009171,-0.018811
21.033333,0.055183,0.020287,-0.017050,0.081671,-1.271912,0.005827,-0.631680,-0.009764,-0.044872,-0.807214,-1.225360,-1.503577,1.182289,0.025458,-0.004321
21.066667,0.037423,0.017104,-0.016366,-0.243725,-1.284177,0.426738,-0.871382,-0.016417,-0.033588,-0.833261,-1.210481,-1.538762,1.285210,0.030286,0.000507
21.100000,0.022562,0.038961,-0.014881,-0.811637,-1.157364,1.062552,-1.458952,-0.023922,-0.026418,-0.967515,-1.220209,-1.714546,1.389698,0.024630,-0.007243
21.133333,0.022966,0.035861,-0.016186,-0.691541,-1.180495,1.009542,-1.352803,-0.021434,-0.032189,-0.988487,-1.179742,-1.796374,1.430112,0.025248,-0.001065
21.166667,0.031459,0.026053,-0.018704,-0.287908,-1.343730,0.368403,-0.879991,-0.035158,-0.015056,-0.528340,-1.410000,-0.840671,0.852080,0.016502,-0.006600
21.200000,0.025044,0.039745,-0.015241,-0.794691,-1.147983,1.063747,-1.443408,-0.026901,-0.022493,-0.918765,-1.247998,-1.619057,1.336912,0.023367,-0.007891
21.233333,0.038862,0.015371,-0.012781,-0.026559,-1.321944,0.034000,-0.606751,-0.019250,-0.022263,-0.697526,-1.255594,-1.262639,1.098668,0.026860,-0.009283
21.266667,0.025553,0.044329,-0.011808,-0.866193,-1.151490,1.132070,-1.514032,-0.023367,-0.022947,-1.028084,-1.201262,-1.814985,1.450919,0.017043,-0.009135
21.300000,0.029338,0.018928,-0.010025,0.070833,-1.410000,-0.469379,-0.356086,-0.016101,-0.006402,-0.401015,-1.410000,-0.524047,0.491999,0.023074,0.002942
21.333333,0.032961,0.016382,-0.015749,-0.299045,-1.288819,0.373297,-0.955407,-0.021255,-0.027045,-0.790290,-1.250529,-1.427272,1.179264,0.025897,-0.006587
21.366667,0.022429,0.041278,-0.012565,-0.859430,-1.130535,1.129995,-1.501454,-0.025834,-0.028858,-0.979811,-1.227299,-1.721955,1.406880,0.017803,-0.009579
21.400000,0.038932,0.014567,-0.014690,-0.060176,-1.324450,0.037626,-0.578965,-0.017848,-0.022831,-0.663451,-1.266457,-1.177733,1.046226,0.025489,-0.008618
21.433333,0.028536,0.039454,-0.020167,-0.741458,-1.186602,1.073776,-1.363142,-0.029180,-0.021831,-0.812618,-1.327112,-1.377915,1.195397,0.030869,0.002514
21.466667,0.021917,0.041483,-0.011048,-0.860666,-1.138899,1.122819,-1.493072,-0.021128,-0.029603,-1.018271,-1.202912,-1.789696,1.425336,0.022826,-0.011862
21.500000,0.022290,0.049542,-0.013413,-0.916931,-1.116655,1.188618,-1.565422,-0.034696,-0.019188,-1.025407,-1.253992,-1.778005,1.437527,0.012736,-0.016382
21.533333,0.020207,0.041277,-0.013869,-0.847703,-1.151747,1.112822,-1.489727,-0.028714,-0.027145,-0.996697,-1.217248,-1.762276,1.423710,0.019184,-0.008395
21.566667,0.029581,0.014243,-0.018030,-0.138239,-1.372993,0.073683,-0.696878,-0.024345,-0.016059,-0.510114,-1.410000,-0.781274,0.737600,0.016726,-0.012082
21.600000,0.015266,0.052974,-0.013808,-0.968649,-1.087587,1.263333,-1.570000,-0.018734,-0.021294,-1.052639,-1.264208,-1.798850,1.472032,0.018505,-0.023160
21.633333,0.023244,0.035516,-0.016255,-0.715699,-1.162033,1.006372,-1.370640,-0.021367,-0.028976,-0.974538,-1.187748,-1.767646,1.419849,0.027306,-0.001781
21.666667,0.029856,0.023224,-0.014411,-0.402048,-1.278013,0.443770,-1.032572,-0.026883,-0.019122,-0.657530,-1.315800,-1.119031,1.030049,0.020318,-0.015576
21.700000,0.030569,0.022067,-0.016688,-0.355149,-1.312544,0.408015,-0.950117,-0.028378,-0.016299,-0.593737,-1.376189,-0.965270,0.919949,0.019899,-0.011870
21.733333,0.021607,0.044656,-0.011900,-0.836623,-1.162699,1.079031,-1.502974,-0.027325,-0.029007,-1.041401,-1.198049,-1.846222,1.468043,0.019883,-0.008523
21.766667,0.034096,0.022210,-0.017185,-0.402157,-1.243334,0.711895,-1.081884,-0.012674,-0.036958,-0.943395,-1.160105,-1.742144,1.392906,0.031825,-0.001191
21.800000,0.044756,0.014646,-0.012877,0.017896,-1.344091,-0.126892,-0.467939,-0.020536,-0.018667,-0.621201,-1.271926,-1.093028,0.993339,0.023644,-0.005858
21.833333,0.023167,0.056641,-0.010425,-0.971298,-1.100016,1.269794,-1.570000,-0.018680,-0.017514,-1.069657,-1.257716,-1.826561,1.474274,0.010211,-0.018577
21.866667,0.032506,0.014146,-0.016505,-0.167196,-1.338671,0.111458,-0.715235,-0.024309,-0.020619,-0.610339,-1.331747,-1.037389,0.934943,0.021765,-0.014217
21.900000,0.031436,0.020609,-0.017664,-0.461453,-1.244461,0.633992,-1.100821,-0.022576,-0.029251,-0.844747,-1.225189,-1.536443,1.275385,0.025543,-0.004360
21.933333,0.027946,0.043482,-0.017124,-0.764699,-1.228520,1.163921,-1.386416,-0.038170,-0.026686,-0.785812,-1.364064,-1.324701,1.168045,0.023443,0.000752
21.966667,0.030767,0.030307,-0.019731,-0.549351,-1.230350,0.799229,-1.213228,-0.027099,-0.022495,-0.778012,-1.298745,-1.373547,1.160316,0.027406,-0.003949
22.000000,0.047780,0.032870,-0.019902,-0.392492,-1.298765,0.658916,-0.993273,-0.024116,-0.015295,-0.484105,-1.410000,-0.702287,0.845037,0.018172,0.005547
22.033333,0.027099,0.034896,-0.016727,-0.627580,-1.196421,0.962573,-1.317625,-0.021533,-0.030564,-0.974670,-1.177902,-1.764040,1.416183,0.029846,0.000249
22.066667,0.022313,0.043164,-0.012460,-0.842259,-1.151847,1.119217,-1.503477,-0.027170,-0.025314,-1.015695,-1.206855,-1.809453,1.451751,0.017689,-0.005702
22.100000,0.042487,0.023625,-0.016048,-0.239497,-1.267758,0.560678,-0.954755,-0.016075,-0.042287,-0.941979,-1.147328,-1.777054,1.424427,0.036300,0.009520
22.133333,0.029532,0.014043,-0.015781,-0.024962,-1.410000,-0.108029,-0.597863,-0.023922,-0.010857,-0.450116,-1.410000,-0.645973,0.632643,0.017938,-0.012132
22.166667,0.029194,0.016919,-0.016273,-0.193420,-1.356754,0.147183,-0.781249,-0.028319,-0.015207,-0.529549,-1.395761,-0.840949,0.819126,0.019844,-0.014686
22.200000,0.044427,0.024480,-0.009681,-0.111161,-1.306893,0.377180,-0.794092,-0.009947,-0.043781,-0.926573,-1.137748,-1.751869,1.409071,0.029292,0.011475
22.233333,0.048363,0.017376,-0.009008,0.062741,-1.338042,-0.149267,-0.460664,-0.015843,-0.024250,-0.655956,-1.256999,-1.159326,1.002503,0.021513,-0.008037
22.266667,0.030237,0.045163,-0.015866,-0.569905,-1.291161,0.929271,-1.214549,-0.031502,-0.025770,-0.624990,-1.410000,-0.982464,0.985800,0.030322,0.013133
22.300000,0.018509,0.042428,-0.014573,-0.854571,-1.131861,1.128119,-1.499716,-0.028253,-0.025873,-0.982340,-1.242188,-1.721156,1.394903,0.023175,-0.008915
22.333333,0.028327,0.012521,-0.016631,-0.012187,-1.401497,-0.172941,-0.548545,-0.025723,-0.008208,-0.455251,-1.410000,-0.658772,0.633482,0.020507,-0.009289
22.366667,0.018556,0.038285,-0.012798,-0.794487,-1.159059,1.049919,-1.438630,-0.024897,-0.030674,-0.982901,-1.193874,-1.748595,1.418833,0.025283,-0.001057
22.400000,0.031439,0.014599,-0.014783,-0.059498,-1.404700,-0.121131,-0.616041,-0.027591,-0.013816,-0.458528,-1.410000,-0.667057,0.612920,0.022514,-0.008708
22.433333,0.020506,0.047714,-0.015442,-0.881042,-1.170384,1.173111,-1.526185,-0.034282,-0.026066,-0.920077,-1.303300,-1.547182,1.279454,0.019615,-0.013964
22.466667,0.030899,0.018967,-0.015101,-0.350147,-1.284233,0.349913,-0.950302,-0.026093,-0.021463,-0.673914,-1.299138,-1.172281,1.060579,0.020466,-0.016738
22.500000,0.029918,0.047603,-0.017218,-0.861843,-1.183594,1.195306,-1.501569,-0.034018,-0.021063,-0.865256,-1.360760,-1.406528,1.183766,0.019348,-0.010503
22.533333,0.025028,0.044185,-0.013037,-0.863223,-1.148413,1.127738,-1.510961,-0.026248,-0.025208,-1.038420,-1.196161,-1.838027,1.452578,0.020375,-0.007447
22.566667,0.044302,0.016846,-0.006851,0.010282,-1.329366,-0.030112,-0.496531,-0.008175,-0.017223,-0.764384,-1.199221,-1.349354,1.146736,0.017203,0.007905
22.600000,0.023398,0.040813,-0.012347,-0.787969,-1.162060,1.068321,-1.434511,-0.026608,-0.030212,-0.995004,-1.195302,-1.789457,1.438216,0.023752,-0.009168
22.633333,0.028897,0.015466,-0.009954,0.124276,-1.410000,-0.501976,-0.220358,-0.027087,-0.000848,-0.373629,-1.410000,-0.427654,0.557898,0.017507,-0.021370
22.666667,0.039113,0.018974,-0.014733,-0.214518,-1.278390,0.452416,-0.880128,-0.015803,-0.038526,-0.886274,-1.184705,-1.653303,1.344419,0.033226,0.005020
22.700000,0.032341,0.029827,-0.018388,-0.498301,-1.206707,0.880503,-1.194120,-0.016357,-0.035437,-0.970155,-1.160360,-1.787274,1.426915,0.032195,0.001632
22.733333,0.021401,0.040207,-0.014874,-0.854710,-1.126661,1.114870,-1.490893,-0.023857,-0.023547,-0.992440,-1.234079,-1.742134,1.413608,0.022587,-0.011192
22.766667,0.026615,0.035942,-0.016279,-0.766902,-1.169579,1.013608,-1.409964,-0.021881,-0.024520,-0.924009,-1.230556,-1.631806,1.346490,0.021236,-0.002718
22.800000,0.030059,0.018681,-0.015290,-0.335397,-1.315755,0.354975,-0.912074,-0.025845,-0.019299,-0.642507,-1.324469,-1.096959,1.004494,0.021402,-0.017293
22.833333,0.027499,0.041821,-0.012854,-0.836488,-1.139489,1.073638,-1.481357,-0.019188,-0.027536,-0.970391,-1.217554,-1.725842,1.396978,0.022388,-0.012601
22.866667,0.039819,0.017627,-0.013040,-0.033545,-1.308344,0.109385,-0.607982,-0.010121,-0.031997,-0.791761,-1.196763,-1.442092,1.219981,0.021310,0.007214
22.900000,0.034193,0.016712,-0.013544,0.055505,-1.394601,-0.289531,-0.486561,-0.010304,-0.002225,-0.430148,-1.410000,-0.597787,0.548256,0.038275,-0.011976
22.933333,0.020888,0.044055,-0.014961,-0.890434,-1.126070,1.172572,-1.530302,-0.029934,-0.020453,-1.012471,-1.239042,-1.773295,1.440742,0.018696,-0.008779
22.966667,0.019298,0.041734,-0.013803,-0.838190,-1.141299,1.113744,-1.487413,-0.029506,-0.027216,-1.007062,-1.207247,-1.804511,1.448322,0.022628,-0.006677
23.000000,0.017974,0.041499,-0.014565,-0.849933,-1.144695,1.118817,-1.504251,-0.027060,-0.022650,-1.008326,-1.222724,-1.775106,1.434530,0.019705,-0.007805
23.033333,0.025298,0.043414,-0.014542,-0.875424,-1.116923,1.146595,-1.509029,-0.019377,-0.026870,-1.000592,-1.226535,-1.761600,1.418212,0.017827,-0.009825
23.066667,0.026457,0.042367,-0.015559,-0.833603,-1.171609,1.109775,-1.481719,-0.031165,-0.018966,-0.910006,-1.275876,-1.548635,1.285854,0.021957,-0.001472
23.100000,0.037609,0.048120,-0.014034,-0.848063,-1.198271,1.188024,-1.481073,-0.030571,-0.028574,-0.800378,-1.410000,-1.243624,1.097678,0.016597,-0.002631
23.133333,0.036462,0.018895,-0.014380,-0.202100,-1.275495,0.443716,-0.876620,-0.010492,-0.036384,-0.894785,-1.173502,-1.672179,1.355880,0.033934,0.000794
23.166667,0.030096,0.014825,-0.015452,0.075055,-1.410000,-0.359279,-0.394631,-0.027906,-0.000191,-0.396620,-1.410000,-0.520960,0.551884,0.016731,-0.006006
23.200000,0.052459,0.014250,-0.013330,0.098743,-1.410000,-0.413041,-0.253214,-0.006656,-0.000610,-0.531957,-1.363567,-0.855370,0.812855,0.011061,-0.014182
23.233333,0.031501,0.033451,-0.018185,-0.555513,-1.243901,0.791210,-1.200484,-0.029291,-0.020414,-0.715029,-1.335584,-1.229750,1.083868,0.024797,-0.002133
23.266667,0.016570,0.040587,-0.014625,-0.857342,-1.126055,1.120835,-1.495017,-0.027066,-0.026632,-0.973038,-1.248497,-1.701150,1.394205,0.021175,-0.007961
23.300000,0.044955,0.027365,-0.013026,-0.224611,-1.287506,0.501571,-0.926461,-0.020061,-0.040029,-0.950950,-1.141809,-1.788553,1.379857,0.037422,0.006491
23.333333,0.032512,0.014707,-0.016983,0.206331,-1.410000,-0.511527,-0.205752,-0.035283,0.009460,-0.319347,-1.410000,-0.268046,0.545526,0.031744,-0.015147
23.366667,0.041605,0.016459,-0.018086,0.243570,-1.410000,-0.400423,-0.381643,-0.028880,-0.008866,-0.303375,-1.349718,-0.243771,0.590307,0.033076,-0.000080
23.400000,0.026404,0.013335,-0.008224,0.151920,-1.410000,-0.591730,-0.138407,-0.027615,0.004250,-0.394551,-1.410000,-0.471082,0.563969,0.030952,-0.019042
23.433333,0.041115,0.014968,-0.009509,0.206438,-1.410000,-0.592674,-0.158910,-0.032983,-0.012215,-0.286827,-1.410000,-0.263019,0.527540,0.021813,0.004253
23.466667,0.019678,0.049026,-0.013898,-0.861004,-1.127341,1.117486,-1.513834,-0.022352,-0.024739,-1.050289,-1.188518,-1.881194,1.481205,0.012584,-0.005713
23.500000,0.026489,0.044943,-0.014819,-0.885918,-1.128419,1.157889,-1.524003,-0.018254,-0.028422,-1.015147,-1.227244,-1.800596,1.443562,0.014722,-0.016136
23.533333,0.021489,0.037609,-0.014165,-0.811040,-1.148749,1.067473,-1.438738,-0.024669,-0.025780,-0.950479,-1.226523,-1.680586,1.382474,0.020785,-0.008892
23.566667,0.024191,0.039549,-0.014034,-0.825935,-1.149842,1.100670,-1.471709,-0.029607,-0.027453,-0.956190,-1.247588,-1.677896,1.376204,0.021453,-0.007357
23.600000,0.032971,0.018735,-0.016916,-0.427659,-1.271457,0.575586,-1.029737,-0.021344,-0.029619,-0.816982,-1.243507,-1.461145,1.243502,0.025345,-0.007531
23.633333,0.040409,0.021253,-0.014145,-0.200764,-1.302263,0.355144,-0.802718,-0.016341,-0.029717,-0.833504,-1.189681,-1.521363,1.271675,0.024399,0.001686
23.666667,0.022309,0.016278,-0.008829,0.123709,-1.410000,-0.441944,-0.437505,-0.035966,0.011386,-0.347218,-1.410000,-0.418726,0.428277,0.025719,-0.009893
23.700000,0.038785,0.015400,-0.017019,-0.178422,-1.295148,0.261468,-0.777157,-0.018453,-0.028123,-0.750832,-1.246304,-1.365609,1.170566,0.027902,-0.005560
23.733333,0.032230,0.020234,-0.018821,-0.454336,-1.231046,0.683622,-1.117864,-0.018000,-0.032681,-0.888674,-1.204318,-1.625226,1.319624,0.028047,-0.002189
23.766667,0.029644,0.017292,-0.018915,-0.142763,-1.369916,0.097117,-0.706853,-0.027725,-0.009593,-0.451053,-1.410000,-0.654928,0.705991,0.013247,-0.007661
23.800000,0.015004,0.044710,-0.014021,-0.853382,-1.133670,1.120744,-1.502774,-0.032683,-0.022120,-1.015973,-1.208549,-1.797233,1.438649,0.021868,-0.007210
23.833333,0.029280,0.013713,-0.010988,0.168371,-1.410000,-0.455796,-0.270665,-0.026741,-0.006933,-0.345965,-1.400319,-0.371576,0.594676,0.017711,-0.013215
23.866667,0.014611,0.047064,-0.010973,-0.938680,-1.090860,1.232447,-1.570000,-0.023109,-0.023048,-1.008089,-1.287812,-1.727026,1.406918,0.016861,-0.024980
23.900000,0.023203,0.046273,-0.013744,-0.901501,-1.137794,1.160919,-1.547421,-0.024201,-0.031265,-1.020794,-1.220074,-1.792459,1.427901,0.014796,-0.005040
23.933333,0.029683,0.028596,-0.017618,-0.481436,-1.283795,0.701586,-1.099226,-0.031070,-0.021575,-0.698990,-1.330462,-1.212331,1.089243,0.024740,-0.007061
23.966667,0.029389,0.015035,-0.018493,-0.125092,-1.384459,0.038800,-0.696673,-0.024180,-0.013497,-0.482336,-1.410000,-0.720843,0.701810,0.016521,-0.009825
