time_sec,joint_pelvisYaw,joint_pelvisPitch,joint_pelvisRoll,joint_lShoulderPitch,joint_lShoulderRoll,joint_lShoulderYaw,joint_lElbow,joint_lWristRoll,joint_lWristPitch,joint_rShoulderPitch,joint_rShoulderRoll,joint_rShoulderYaw,joint_rElbow,joint_rWristRoll,joint_rWristPitch
0.000000,-0.002222,0.025022,0.010873,-0.729756,-0.508346,1.321875,-1.530171,-0.019675,-0.020559,-0.397781,-1.202861,-1.136784,1.011004,-0.007638,-0.012925
0.033333,0.008965,0.020065,0.017025,-0.678532,-0.518766,1.259632,-1.514589,-0.004329,-0.014106,-0.319173,-1.179151,-1.036784,0.912513,0.000187,-0.016460
0.066667,0.002459,0.022906,0.010783,-0.648464,-0.530731,1.219620,-1.510366,-0.005438,-0.010229,-0.279463,-1.157420,-0.961703,0.869723,0.006105,-0.019566
0.100000,0.004210,0.024853,0.004720,-0.598395,-0.535811,1.159607,-1.486142,-0.011269,-0.007348,-0.228514,-1.115689,-0.867932,0.806932,0.007145,-0.016891
0.133333,-0.001945,0.029703,0.000112,-0.548326,-0.556053,1.088626,-1.460566,-0.019415,-0.002099,-0.190643,-1.062452,-0.767932,0.744142,-0.005179,-0.009269
0.166667,-0.023230,0.032973,-0.019927,-0.476581,-0.545027,1.014484,-1.404550,-0.015551,-0.016570,-0.172531,-0.994205,-0.667932,0.680265,-0.000078,-0.013528
0.200000,-0.024126,0.037952,-0.025157,-0.379413,-0.515481,0.921811,-1.322429,-0.008234,-0.017469,-0.158175,-0.894204,-0.567932,0.597860,0.001996,0.003355
0.233333,-0.019923,0.036504,-0.017637,-0.279413,-0.494346,0.821811,-1.226887,-0.004379,-0.019657,-0.148033,-0.794204,-0.467932,0.519195,-0.007903,0.009577
0.266667,-0.027766,0.039901,-0.020163,-0.179413,-0.488515,0.721811,-1.131345,0.006448,-0.030922,-0.142125,-0.694204,-0.367932,0.446447,-0.024383,0.015097
0.300000,-0.032872,0.051931,-0.018911,-0.119413,-0.460957,0.621811,-1.031345,0.009449,-0.025538,-0.141099,-0.594204,-0.267932,0.413699,-0.025524,0.027294
0.333333,-0.019391,0.050446,0.000818,-0.077512,-0.450675,0.521811,-0.931345,0.004366,-0.018658,-0.136999,-0.495975,-0.172500,0.389619,-0.029518,0.029600
0.366667,-0.012716,0.046531,0.007620,-0.056980,-0.443942,0.421811,-0.843327,0.010825,-0.003361,-0.146502,-0.407807,-0.106698,0.374753,-0.048180,0.018300
0.400000,-0.011512,0.058967,0.006458,-0.061998,-0.444552,0.347076,-0.795308,0.004772,-0.000176,-0.138724,-0.319639,-0.073872,0.347635,-0.055857,0.027945
0.433333,-0.006179,0.054267,0.015297,-0.099272,-0.456745,0.311117,-0.787290,0.003575,0.011091,-0.151465,-0.248747,-0.041045,0.341275,-0.043544,0.019754
0.466667,0.001324,0.047382,0.015524,-0.128993,-0.484010,0.315158,-0.819271,0.003843,0.005755,-0.177879,-0.186293,-0.033285,0.309463,-0.039092,0.009288
0.500000,0.004612,0.048287,0.010307,-0.180615,-0.528025,0.359199,-0.891253,0.002924,0.011440,-0.191194,-0.122067,-0.052409,0.276694,-0.037008,0.024662
0.533333,-0.000590,0.050919,0.010181,-0.240026,-0.583973,0.443240,-0.987168,-0.007947,0.000465,-0.196289,-0.070280,-0.044160,0.253678,-0.028347,0.024754
0.566667,0.006689,0.043840,0.013561,-0.313888,-0.626087,0.537378,-1.077664,0.007444,0.007226,-0.221006,-0.039176,-0.027707,0.252412,-0.021630,0.017777
0.600000,0.010091,0.049219,0.017884,-0.382313,-0.647227,0.628999,-1.139329,0.015516,0.019595,-0.238658,-0.002605,-0.034875,0.229666,-0.027187,0.022254
0.633333,0.006578,0.044219,0.014794,-0.457103,-0.660180,0.720619,-1.200995,0.012117,0.019043,-0.223496,0.042403,-0.043034,0.193353,-0.033181,0.023282
0.666667,0.006116,0.044688,0.016338,-0.524981,-0.654383,0.812240,-1.248238,0.017197,0.019560,-0.236881,0.066729,-0.040975,0.189327,-0.037720,0.003860
0.700000,0.014012,0.039612,0.011719,-0.602035,-0.647522,0.903860,-1.299566,0.016086,0.007425,-0.246437,0.099967,-0.057174,0.194551,-0.035879,0.001293
0.733333,0.006482,0.033935,0.007130,-0.667140,-0.644941,1.000119,-1.345749,0.007603,0.000760,-0.234934,0.144776,-0.066559,0.186765,-0.032402,0.000071
0.766667,-0.000122,0.032297,-0.005557,-0.724251,-0.637045,1.100119,-1.388254,0.005372,-0.002396,-0.209127,0.190503,-0.070893,0.202424,-0.037248,-0.000681
0.800000,-0.002527,0.038550,-0.002162,-0.782551,-0.634125,1.200119,-1.427832,0.011397,0.009406,-0.194176,0.203651,-0.066689,0.233542,-0.035297,0.007073
0.833333,-0.008356,0.033272,-0.006183,-0.835517,-0.644315,1.286727,-1.471836,0.010335,0.002483,-0.171024,0.215455,-0.059176,0.250725,-0.029522,0.011962
0.866667,-0.021651,0.029137,-0.016159,-0.860447,-0.663183,1.353771,-1.486299,0.021469,0.006511,-0.142583,0.233387,-0.051539,0.271437,-0.021963,0.018677
0.900000,-0.019932,0.037807,-0.018492,-0.894160,-0.682146,1.408018,-1.502097,0.022242,0.001001,-0.133820,0.220431,-0.051949,0.294111,-0.017541,0.019908
0.933333,-0.022632,0.033476,-0.015198,-0.932030,-0.706921,1.437133,-1.530435,0.015000,-0.015375,-0.135401,0.206402,-0.039963,0.288145,-0.005975,0.014474
0.966667,-0.025391,0.031876,-0.033165,-0.952106,-0.712898,1.459400,-1.544613,0.025346,-0.024162,-0.155353,0.184952,-0.028457,0.300730,0.003405,0.005133
1.000000,-0.018074,0.039302,-0.035658,-0.961628,-0.724715,1.475309,-1.547007,0.023166,-0.020006,-0.147538,0.152102,-0.036787,0.295872,0.006999,0.011761
1.033333,-0.014001,0.047198,-0.026626,-0.975919,-0.749634,1.471484,-1.551466,0.014426,-0.013263,-0.150174,0.099172,-0.031641,0.266097,-0.001414,0.004823
1.066667,-0.019562,0.051742,-0.032835,-0.961699,-0.767990,1.451092,-1.552303,0.007987,-0.008422,-0.151169,0.066588,-0.016640,0.240762,-0.009694,0.002104
1.100000,-0.015978,0.056161,-0.028899,-0.954401,-0.799607,1.455830,-1.548942,0.005371,-0.000538,-0.149693,0.015097,-0.035466,0.250235,-0.007392,0.012871
1.133333,-0.011926,0.052942,-0.012443,-0.948722,-0.831224,1.431528,-1.545123,-0.011869,-0.002116,-0.126296,-0.017052,-0.039987,0.225606,-0.019654,0.013731
1.166667,-0.015729,0.062501,-0.009012,-0.939923,-0.844173,1.420141,-1.527042,-0.016454,-0.000941,-0.125447,-0.027751,-0.037590,0.222002,-0.031713,0.015437
1.200000,-0.018798,0.061371,-0.006327,-0.937659,-0.836706,1.430077,-1.536438,-0.009897,-0.001936,-0.116155,-0.022172,-0.047900,0.210764,-0.035145,0.025598
1.233333,-0.004890,0.046092,-0.000368,-0.943431,-0.829339,1.434022,-1.538872,-0.006000,-0.008829,-0.114209,-0.036940,-0.054087,0.210166,-0.031084,0.024458
1.266667,0.002217,0.045057,-0.004661,-0.934282,-0.798345,1.422377,-1.526959,0.006759,-0.005962,-0.111666,-0.027856,-0.029218,0.192312,-0.051662,0.014843
1.300000,0.007919,0.044016,-0.009373,-0.928137,-0.796685,1.428701,-1.528986,0.010533,-0.009757,-0.121356,-0.002172,-0.038079,0.196515,-0.051131,0.018102
1.333333,0.009227,0.028596,-0.002253,-0.937389,-0.792276,1.417271,-1.544936,0.016942,-0.006677,-0.128183,-0.004512,-0.027443,0.205547,-0.041379,0.009153
1.366667,0.021974,0.021830,-0.003757,-0.943242,-0.791227,1.384524,-1.536514,0.012481,-0.002326,-0.157620,-0.006541,-0.013948,0.254579,-0.047852,-0.009969
1.400000,0.011499,0.024165,-0.006351,-0.945295,-0.791426,1.383382,-1.536514,0.018221,0.004146,-0.161614,0.013118,-0.010111,0.269554,-0.048224,-0.009509
1.433333,0.007758,0.024514,-0.001041,-0.935818,-0.792491,1.390023,-1.535030,0.006742,-0.000426,-0.168302,0.035752,-0.029205,0.270295,-0.029829,-0.011860
1.466667,0.015232,0.026014,0.001658,-0.911728,-0.766458,1.414586,-1.511598,0.015104,0.008344,-0.166330,0.041967,-0.033944,0.262919,-0.033355,-0.005280
1.500000,0.021769,0.031451,0.002643,-0.897933,-0.755242,1.423736,-1.510134,0.012364,-0.001092,-0.159161,0.072471,-0.039181,0.231523,-0.033810,-0.000890
1.533333,0.002852,0.037559,-0.009399,-0.887646,-0.749829,1.448499,-1.518746,0.007651,-0.008877,-0.130146,0.113926,-0.042715,0.176444,-0.024146,0.012399
1.566667,-0.004610,0.047642,-0.014216,-0.903163,-0.719090,1.456133,-1.518746,0.005590,0.003113,-0.133280,0.146126,-0.047134,0.158131,-0.026023,0.025692
1.600000,-0.002823,0.048859,-0.015678,-0.915227,-0.688738,1.441547,-1.518746,0.007733,0.012092,-0.135203,0.156307,-0.048998,0.144015,-0.024743,0.035082
1.633333,-0.018672,0.041971,-0.022793,-0.915075,-0.665366,1.386961,-1.521104,0.007331,0.000705,-0.145361,0.176657,-0.037838,0.129437,-0.017124,0.025498
1.666667,-0.016875,0.041037,-0.040727,-0.875147,-0.609937,1.332374,-1.483614,0.016278,0.006504,-0.150315,0.177633,-0.044950,0.143256,-0.014197,0.024998
1.700000,-0.008978,0.041495,-0.024026,-0.813511,-0.529562,1.261470,-1.420420,0.020738,0.009743,-0.169659,0.170486,-0.052326,0.142380,-0.008567,0.027969
1.733333,-0.000498,0.031758,-0.015378,-0.713511,-0.449187,1.171444,-1.337227,0.017723,-0.001122,-0.177660,0.150907,-0.048880,0.118364,-0.007529,0.013259
1.766667,-0.008335,0.034967,-0.016606,-0.613511,-0.378228,1.071444,-1.254034,0.016362,0.001861,-0.186831,0.117393,-0.036635,0.126832,-0.008587,0.014623
1.800000,-0.005048,0.037204,-0.007272,-0.513511,-0.298056,0.971444,-1.154034,0.011354,0.006273,-0.182647,0.070103,-0.038523,0.136263,-0.007391,0.017026
1.833333,-0.008855,0.038456,0.009522,-0.413511,-0.222759,0.871444,-1.054034,0.000863,0.008147,-0.196897,0.017897,-0.031365,0.122510,-0.007221,0.021907
1.866667,-0.017893,0.042467,0.009131,-0.313511,-0.169522,0.771444,-0.954034,0.004195,0.017400,-0.200422,-0.046154,-0.035651,0.128608,-0.013279,0.013179
1.900000,-0.021885,0.044267,0.012267,-0.221679,-0.151611,0.671444,-0.854034,0.008767,0.017388,-0.205568,-0.110205,-0.038771,0.145105,-0.011548,0.016208
1.933333,-0.020018,0.038967,0.020927,-0.156004,-0.130869,0.571444,-0.754034,0.014011,0.014430,-0.216332,-0.174257,-0.039103,0.148225,-0.007152,0.018672
1.966667,-0.020360,0.048202,0.014052,-0.101388,-0.149209,0.471444,-0.679523,0.011951,0.016851,-0.243600,-0.240860,-0.031814,0.151165,-0.016483,0.022786
2.000000,-0.031524,0.046362,0.010399,-0.061747,-0.194721,0.371444,-0.640647,0.015249,0.012532,-0.250223,-0.307463,-0.024460,0.138437,-0.019177,0.018808
2.033333,-0.016519,0.041567,0.009942,-0.043418,-0.242604,0.271444,-0.641142,0.006811,0.000831,-0.278071,-0.394098,-0.020059,0.120121,-0.020233,0.014773
2.066667,-0.010845,0.039091,0.001491,-0.041800,-0.287841,0.171444,-0.674810,0.003714,0.007162,-0.290783,-0.480733,-0.045077,0.117780,-0.035444,0.017404
2.100000,-0.010461,0.036937,-0.002971,-0.034721,-0.356081,0.097832,-0.748477,-0.004581,-0.003395,-0.281788,-0.567368,-0.092361,0.128815,-0.037036,0.011668
2.133333,-0.007525,0.025465,0.000592,-0.056581,-0.425239,0.064220,-0.836656,-0.014467,-0.010104,-0.283342,-0.667368,-0.163091,0.164701,-0.025009,-0.005179
2.166667,0.008514,0.021964,-0.000783,-0.103468,-0.502349,0.070608,-0.929199,-0.027703,-0.024450,-0.317823,-0.767368,-0.252814,0.240587,-0.026087,-0.015176
2.200000,0.007869,0.020250,0.000404,-0.169042,-0.595029,0.116997,-1.022372,-0.028945,-0.027068,-0.353264,-0.867368,-0.352814,0.340587,-0.017413,-0.013838
2.233333,0.006730,0.027032,0.010761,-0.249737,-0.695029,0.203385,-1.122372,-0.029849,-0.037757,-0.400395,-0.967368,-0.452814,0.440587,0.002476,-0.021492
2.266667,0.030042,0.040188,0.018034,-0.349737,-0.783981,0.303385,-1.204951,-0.024217,-0.018148,-0.442858,-1.067368,-0.552814,0.540587,-0.002734,-0.021130
2.300000,0.034271,0.045011,0.025858,-0.449737,-0.872934,0.403385,-1.287530,-0.021534,-0.014722,-0.479192,-1.156983,-0.652814,0.640587,-0.003078,-0.017901
2.333333,0.027397,0.046046,0.015862,-0.549737,-0.924549,0.503385,-1.365981,-0.009009,-0.010704,-0.488123,-1.235359,-0.752814,0.740587,0.003434,-0.014963
2.366667,0.024089,0.056710,0.015771,-0.649737,-0.966535,0.603385,-1.406897,-0.018367,-0.000560,-0.469462,-1.286833,-0.852814,0.840587,0.005317,-0.009299
2.400000,0.029198,0.048715,0.014204,-0.749737,-0.997984,0.703385,-1.445650,-0.022701,-0.005356,-0.434044,-1.318012,-0.952814,0.940587,0.006765,-0.010567
2.433333,0.014920,0.041319,0.000036,-0.832886,-1.014581,0.803385,-1.475518,-0.027502,-0.019524,-0.408304,-1.314492,-1.012814,1.040587,0.018646,-0.013141
2.466667,0.013141,0.043533,-0.011872,-0.905595,-1.008436,0.903385,-1.499459,-0.023506,-0.024193,-0.348693,-1.305985,-1.032814,1.140587,0.014480,-0.000795
2.500000,0.012032,0.043089,0.000357,-0.954228,-1.020327,1.003385,-1.495235,-0.028281,-0.017598,-0.281503,-1.302571,-1.012814,1.240587,0.013782,-0.002234
2.533333,0.015321,0.036228,-0.003456,-0.964815,-1.030126,1.103385,-1.509863,-0.018131,-0.022068,-0.218994,-1.312249,-0.952814,1.314384,0.012302,-0.006421
2.566667,0.011331,0.033219,-0.005364,-0.971963,-1.037300,1.203385,-1.507824,-0.010575,-0.010309,-0.167701,-1.314522,-0.852814,1.386159,0.003066,-0.000007
2.600000,0.008590,0.026000,-0.000760,-0.973636,-1.037662,1.303385,-1.508461,-0.012023,-0.019456,-0.117235,-1.333110,-0.752814,1.428942,-0.000424,-0.006227
2.633333,0.011660,0.020963,0.008075,-0.970659,-1.020766,1.386052,-1.490276,-0.016433,-0.016771,-0.098812,-1.328493,-0.674738,1.446555,0.005193,-0.022064
2.666667,0.012775,0.024268,0.002061,-0.966471,-0.999340,1.468719,-1.481941,-0.011705,-0.011370,-0.102685,-1.329462,-0.603660,1.449095,0.001025,-0.027986
2.700000,0.011060,0.020994,0.004038,-0.979320,-0.989636,1.516664,-1.481041,-0.013086,-0.015983,-0.099297,-1.322611,-0.535509,1.459700,0.003039,-0.029436
2.733333,0.019727,0.020903,-0.003868,-0.964560,-0.967751,1.552325,-1.459078,-0.016469,-0.023383,-0.117561,-1.337686,-0.494710,1.472328,0.007830,-0.036708
2.766667,0.021215,0.023665,-0.012453,-0.956265,-0.978577,1.551648,-1.459972,-0.016872,-0.024685,-0.156698,-1.348891,-0.478192,1.484585,0.007485,-0.030140
2.800000,0.015938,0.026502,-0.013899,-0.940751,-1.007184,1.551209,-1.465642,-0.017104,-0.025713,-0.203795,-1.377825,-0.479749,1.507589,0.006831,-0.025062
2.833333,0.012827,0.021238,-0.005870,-0.935598,-1.019622,1.526461,-1.476639,-0.019125,-0.032797,-0.263577,-1.383705,-0.507903,1.524482,0.003931,-0.010665
2.866667,0.013505,0.029009,-0.002968,-0.951452,-1.028070,1.505429,-1.470143,-0.019073,-0.021598,-0.356271,-1.397930,-0.573130,1.545962,-0.001614,-0.005293
2.900000,0.005462,0.032296,0.005386,-0.966099,-1.058059,1.496682,-1.488692,-0.025180,-0.022933,-0.448965,-1.395967,-0.651006,1.547442,0.001100,-0.004990
2.933333,0.002736,0.030222,0.014197,-0.976605,-1.068048,1.510219,-1.488014,-0.026157,-0.019412,-0.548965,-1.396256,-0.744600,1.558284,0.000740,-0.010548
2.966667,0.008300,0.025385,0.019418,-0.969421,-1.060258,1.500853,-1.481547,-0.014551,-0.018301,-0.608965,-1.377396,-0.798194,1.543551,0.008198,-0.010324
3.000000,0.016629,0.026115,0.022499,-0.937163,-1.059463,1.475796,-1.479601,-0.014248,-0.006065,-0.628965,-1.342148,-0.818194,1.510000,0.005936,-0.009763
3.033333,0.014824,0.018961,0.021270,-0.864905,-1.042007,1.441745,-1.490705,-0.015017,-0.014066,-0.608965,-1.296558,-0.798194,1.450000,0.008502,-0.012332
3.066667,0.007694,0.021800,0.017633,-0.797084,-1.009805,1.367694,-1.494970,-0.016523,-0.008769,-0.548965,-1.238925,-0.738194,1.370000,0.011875,-0.011626
3.100000,0.009331,0.022878,0.013823,-0.719458,-0.970483,1.267694,-1.500128,-0.022601,-0.007571,-0.448965,-1.194972,-0.638194,1.270000,0.010194,-0.004388
3.133333,0.004284,0.027419,0.009316,-0.663231,-0.963649,1.167693,-1.517396,-0.035423,-0.006884,-0.354778,-1.171403,-0.538194,1.170000,-0.000646,-0.001005
3.166667,-0.017350,0.030316,-0.011899,-0.607003,-0.971591,1.067693,-1.521165,-0.036859,-0.025204,-0.286658,-1.152771,-0.438194,1.070000,0.006045,-0.008480
3.200000,-0.017701,0.033278,-0.018961,-0.580807,-0.974648,0.967693,-1.525244,-0.033107,-0.029399,-0.232242,-1.157765,-0.338194,0.970000,0.015531,0.004921
3.233333,-0.013767,0.029961,-0.014155,-0.551988,-0.993040,0.867694,-1.537205,-0.030796,-0.032994,-0.206979,-1.179176,-0.238194,0.870000,0.009973,0.008553
3.266667,-0.020840,0.032481,-0.019949,-0.518014,-1.030087,0.767694,-1.547066,-0.022592,-0.044673,-0.191836,-1.169303,-0.138194,0.770000,-0.001267,0.013543
3.300000,-0.026509,0.043770,-0.021381,-0.502641,-1.042988,0.699090,-1.547374,-0.021255,-0.037719,-0.199979,-1.179045,-0.071543,0.670000,0.003288,0.023632
3.333333,-0.012546,0.042621,-0.003313,-0.527268,-1.049832,0.670487,-1.552315,-0.025098,-0.030898,-0.195517,-1.195452,-0.014601,0.570000,0.003660,0.024769
3.366667,-0.002988,0.041028,0.002799,-0.547615,-1.042212,0.681883,-1.532637,-0.018300,-0.014791,-0.198591,-1.182886,0.012322,0.482171,-0.015111,0.013021
3.400000,-0.000423,0.054953,0.003344,-0.582486,-1.037806,0.733280,-1.512060,-0.023013,-0.012984,-0.172851,-1.147908,0.007697,0.428023,-0.023685,0.025171
3.433333,0.006995,0.051495,0.014963,-0.637881,-1.015963,0.824676,-1.496467,-0.022553,0.000604,-0.167279,-1.150536,0.000846,0.412552,-0.012680,0.016039
3.466667,0.016616,0.044574,0.018604,-0.669916,-0.997274,0.924676,-1.489639,-0.021457,-0.005444,-0.172607,-1.132876,0.001131,0.419743,-0.008916,0.006565
3.500000,0.021473,0.044827,0.016801,-0.693534,-0.999993,1.013559,-1.486991,-0.020743,0.000542,-0.169751,-1.103615,-0.017581,0.441407,-0.008171,0.021303
3.533333,0.014059,0.046396,0.019907,-0.702022,-1.017038,1.077557,-1.493236,-0.032623,-0.010012,-0.161230,-1.102533,-0.009959,0.478089,-0.000382,0.023536
3.566667,0.021322,0.039299,0.025102,-0.708399,-1.019030,1.110960,-1.497813,-0.019419,-0.003549,-0.180248,-1.134013,0.011521,0.512716,0.007368,0.013885
3.600000,0.020843,0.042492,0.031647,-0.703552,-1.026678,1.124046,-1.489279,-0.013347,0.005404,-0.198126,-1.143811,0.005123,0.518800,0.003375,0.017552
3.633333,0.015555,0.037087,0.030264,-0.693156,-1.031932,1.108765,-1.482019,-0.015809,0.004042,-0.182677,-1.133896,0.005295,0.502220,-0.002629,0.018446
3.666667,0.013413,0.036873,0.032640,-0.666335,-1.017242,1.104602,-1.452337,-0.011934,0.005938,-0.201950,-1.150213,0.009099,0.509940,-0.005827,-0.000691
3.700000,0.022489,0.032212,0.028993,-0.651942,-1.004997,1.098598,-1.450955,-0.011976,-0.006068,-0.223245,-1.156668,0.000027,0.501039,-0.004398,-0.005138
3.733333,0.014933,0.026206,0.024746,-0.639997,-0.997110,1.099175,-1.447006,-0.020077,-0.011681,-0.224853,-1.137544,-0.011921,0.473735,0.000207,-0.005807
3.766667,0.010430,0.027466,0.012470,-0.621715,-0.978416,1.111797,-1.434086,-0.020559,-0.011506,-0.212683,-1.106504,-0.012041,0.454448,-0.005370,-0.006052
3.800000,0.009066,0.036163,0.015663,-0.632342,-0.967660,1.135762,-1.427500,-0.014439,0.002779,-0.209889,-1.111285,-0.008837,0.446261,-0.004311,0.002037
3.833333,0.004302,0.033377,0.011445,-0.643248,-0.971062,1.136349,-1.448604,-0.015965,-0.003589,-0.197255,-1.112865,-0.002136,0.427536,-0.000508,0.007781
3.866667,-0.009176,0.029883,0.001099,-0.641857,-0.976760,1.142875,-1.442034,-0.005208,0.000448,-0.175689,-1.085102,0.000509,0.429755,0.007621,0.017531
3.900000,-0.006468,0.039792,-0.001442,-0.650021,-0.977035,1.156712,-1.444156,-0.002988,-0.004028,-0.171132,-1.090355,-0.002977,0.436935,0.010340,0.019986
3.933333,-0.009171,0.036565,0.001363,-0.672118,-0.982247,1.151352,-1.465845,-0.010615,-0.021305,-0.174975,-1.094384,0.006969,0.425966,0.021396,0.014512
3.966667,-0.011820,0.035373,-0.017235,-0.673781,-0.970417,1.148877,-1.478451,0.000472,-0.030313,-0.200386,-1.102187,0.015309,0.440993,0.028864,0.005580
4.000000,-0.005919,0.042520,-0.019689,-0.665779,-0.951175,1.129779,-1.481621,-0.001357,-0.026331,-0.195637,-1.093708,0.005263,0.432549,0.032542,0.013465
4.033333,-0.002382,0.050449,-0.010943,-0.654629,-0.945851,1.091467,-1.489316,-0.009632,-0.019512,-0.205809,-1.113198,0.015788,0.395593,0.022668,0.006210
4.066667,-0.010496,0.054180,-0.015866,-0.609506,-0.937323,1.029860,-1.499085,-0.018689,-0.013830,-0.221513,-1.111689,0.031181,0.340452,0.016297,0.001419
4.100000,-0.010179,0.057094,-0.012184,-0.557488,-0.944447,0.955720,-1.503889,-0.021396,-0.006495,-0.237461,-1.121671,0.014520,0.303881,0.017246,0.012979
4.133333,-0.008869,0.051035,0.005359,-0.500275,-0.951571,0.855720,-1.508601,-0.038966,-0.008933,-0.234429,-1.113105,0.013562,0.230213,0.005884,0.013534
4.166667,-0.013175,0.060254,0.009104,-0.454178,-0.950120,0.755720,-1.497140,-0.043639,-0.007273,-0.253237,-1.104667,0.021115,0.177643,-0.005870,0.015123
4.200000,-0.018197,0.058307,0.013582,-0.415397,-0.935434,0.655720,-1.509916,-0.037890,-0.007644,-0.256241,-1.099716,0.006361,0.135054,-0.008658,0.025968
4.233333,-0.004377,0.041721,0.019176,-0.399190,-0.927621,0.569754,-1.509104,-0.032629,-0.014895,-0.256328,-1.111534,-0.000863,0.132465,-0.004588,0.027402
4.266667,0.002153,0.040706,0.015193,-0.381079,-0.906652,0.512203,-1.491997,-0.020423,-0.010843,-0.246868,-1.127324,0.020075,0.151307,-0.022511,0.017549
4.300000,0.009461,0.040523,0.010963,-0.380803,-0.925682,0.494651,-1.464535,-0.016936,-0.015446,-0.233756,-1.124694,0.009250,0.210149,-0.022630,0.021693
4.333333,0.012561,0.025064,0.019270,-0.402937,-0.950310,0.517100,-1.455319,-0.009256,-0.014092,-0.214415,-1.155192,0.017115,0.283131,-0.013520,0.012108
4.366667,0.028064,0.019083,0.017982,-0.440332,-0.971620,0.579548,-1.430927,-0.012334,-0.010748,-0.218602,-1.170953,0.029177,0.383131,-0.020282,-0.007948
4.400000,0.019959,0.022927,0.016028,-0.481887,-0.989868,0.667963,-1.425459,-0.006104,-0.006354,-0.197117,-1.183335,0.031525,0.465545,-0.022069,-0.006998
4.433333,0.019787,0.022377,0.022249,-0.521201,-0.998131,0.767963,-1.419991,-0.016418,-0.012138,-0.181903,-1.175958,0.004862,0.525105,-0.005518,-0.007856
4.466667,0.029254,0.024416,0.025866,-0.547730,-0.970490,0.867963,-1.417213,-0.008149,-0.002311,-0.170219,-1.185784,-0.011886,0.556666,-0.008529,-0.000494
4.500000,0.035532,0.030553,0.026329,-0.574958,-0.954803,0.957677,-1.433811,-0.011539,-0.011993,-0.154206,-1.187400,-0.030678,0.569846,-0.008648,0.003585
4.533333,0.016401,0.036267,0.014045,-0.600454,-0.952808,1.026858,-1.462633,-0.018462,-0.020341,-0.119116,-1.180239,-0.046530,0.566175,0.002445,0.017576
4.566667,0.009992,0.046974,0.009145,-0.639215,-0.926323,1.087166,-1.476971,-0.020809,-0.010142,-0.114880,-1.180688,-0.059179,0.579614,0.000484,0.029158
4.600000,0.011426,0.048600,0.007793,-0.685399,-0.917298,1.128843,-1.491624,-0.020893,-0.000707,-0.108614,-1.210445,-0.069455,0.591241,0.001550,0.036484
4.633333,-0.004449,0.041791,-0.001695,-0.722092,-0.924533,1.140530,-1.521922,-0.022095,-0.011917,-0.110286,-1.224990,-0.066051,0.604256,0.009393,0.025239
4.666667,-0.001091,0.039959,-0.021142,-0.732260,-0.919159,1.162503,-1.521626,-0.014164,-0.004822,-0.112699,-1.243601,-0.081596,0.635652,0.011608,0.023923
4.700000,0.007967,0.039242,-0.006594,-0.748970,-0.907123,1.179874,-1.518172,-0.008014,-0.000332,-0.128730,-1.265712,-0.096270,0.646063,0.015846,0.024332
4.733333,0.017177,0.027439,-0.001895,-0.731720,-0.907993,1.173483,-1.507958,-0.009884,-0.010111,-0.139283,-1.277049,-0.104675,0.622654,0.016277,0.010491
4.766667,0.012642,0.029752,-0.007456,-0.726083,-0.925009,1.183168,-1.505888,-0.009891,-0.007775,-0.150328,-1.273212,-0.094786,0.623911,0.015762,0.009937
4.800000,0.017006,0.030256,-0.000602,-0.733173,-0.936279,1.192567,-1.511843,-0.015013,-0.004366,-0.146466,-1.280865,-0.098720,0.619672,0.016667,0.011525
4.833333,0.012460,0.030503,0.012685,-0.753621,-0.940888,1.173609,-1.518635,-0.023783,-0.004270,-0.159358,-1.275163,-0.095960,0.585789,0.016306,0.014909
4.866667,0.003671,0.036211,0.008952,-0.756228,-0.941898,1.157713,-1.501653,-0.022279,0.002232,-0.156977,-1.265981,-0.098893,0.568137,0.008566,0.004976
4.900000,-0.000666,0.037813,0.010415,-0.768013,-0.964408,1.169175,-1.506059,-0.019114,0.001840,-0.153502,-1.264247,-0.098903,0.568341,0.010676,0.004510
4.933333,-0.001541,0.032643,0.016992,-0.779308,-0.961893,1.144622,-1.518766,-0.015012,-0.001431,-0.157124,-1.274447,-0.099222,0.552981,0.015968,0.005906
4.966667,-0.003360,0.042616,0.008161,-0.783459,-0.975184,1.120478,-1.517899,-0.017077,0.001541,-0.178229,-1.275692,-0.094957,0.557067,0.005570,0.009480
5.000000,-0.014501,0.040966,0.003876,-0.777994,-1.000356,1.116099,-1.527057,-0.016069,-0.003201,-0.173349,-1.284721,-0.086495,0.559330,0.004534,0.004633
5.033333,0.000518,0.035584,0.002771,-0.781837,-1.017924,1.099694,-1.544868,-0.024877,-0.014176,-0.189824,-1.312598,-0.095802,0.580415,0.003744,0.002909
5.066667,0.005666,0.036879,-0.006834,-0.800606,-1.011792,1.083222,-1.550677,-0.024111,-0.007836,-0.207633,-1.335408,-0.133493,0.617939,-0.018403,0.009049
5.100000,0.007406,0.037632,-0.010854,-0.806413,-1.029796,1.094664,-1.553426,-0.026070,-0.019060,-0.214261,-1.343540,-0.193796,0.657619,-0.027254,0.009007
5.133333,0.009753,0.027156,-0.005709,-0.815831,-1.017384,1.133422,-1.544054,-0.029460,-0.025157,-0.231859,-1.353989,-0.274469,0.709515,-0.019000,-0.003748
5.166667,0.024056,0.025149,-0.005064,-0.842554,-0.984750,1.178097,-1.546408,-0.034125,-0.034640,-0.283343,-1.372316,-0.372277,0.792879,-0.025946,-0.006812
5.200000,0.019921,0.024444,-0.001713,-0.862167,-0.967333,1.243714,-1.547071,-0.027705,-0.032265,-0.325082,-1.383923,-0.472277,0.879026,-0.021764,-0.000417
5.233333,0.014827,0.029995,0.012155,-0.861572,-0.949990,1.314673,-1.525409,-0.025962,-0.038006,-0.364328,-1.383923,-0.572277,0.955050,-0.001101,-0.002891
5.266667,0.033364,0.043629,0.022668,-0.883566,-0.901582,1.385195,-1.491999,-0.019785,-0.013692,-0.393038,-1.391652,-0.672277,1.042578,-0.006526,0.000414
5.300000,0.033880,0.050014,0.032317,-0.900656,-0.889212,1.428939,-1.484285,-0.016686,-0.007874,-0.414905,-1.409901,-0.772277,1.097241,-0.008419,0.008075
5.333333,0.024069,0.052552,0.022636,-0.897913,-0.873184,1.459239,-1.480325,-0.005350,-0.003797,-0.415815,-1.409994,-0.872277,1.143884,-0.002360,0.013520
5.366667,0.019255,0.063464,0.023215,-0.915147,-0.864227,1.499044,-1.464049,-0.014349,0.006401,-0.417214,-1.409994,-0.972277,1.190527,-0.001287,0.019920
5.400000,0.022360,0.055983,0.021707,-0.934115,-0.873110,1.511528,-1.483524,-0.019369,0.002313,-0.411909,-1.409994,-1.072277,1.207294,-0.000835,0.019630
5.433333,0.007762,0.047407,0.007010,-0.932098,-0.892510,1.519922,-1.517947,-0.024574,-0.011323,-0.424496,-1.399589,-1.140903,1.190526,0.011343,0.016894
5.466667,0.004626,0.048945,-0.005284,-0.948143,-0.895421,1.540321,-1.537654,-0.021174,-0.016074,-0.403925,-1.392715,-1.198200,1.178171,0.007008,0.026945
5.500000,0.003485,0.047056,0.007321,-0.968421,-0.918230,1.556954,-1.541049,-0.025511,-0.009898,-0.390771,-1.392715,-1.215498,1.152880,0.005306,0.025150
5.533333,0.006697,0.040095,0.003162,-0.954686,-0.938389,1.554857,-1.561962,-0.016221,-0.014087,-0.367033,-1.392715,-1.192795,1.087589,0.003966,0.020698
5.566667,0.004398,0.036192,0.000960,-0.969278,-0.963773,1.568925,-1.564149,-0.008238,-0.002824,-0.338771,-1.391383,-1.130093,1.045983,-0.005540,0.025287
5.600000,0.001188,0.029363,0.004631,-0.990894,-0.980792,1.578084,-1.569435,-0.009677,-0.012138,-0.295605,-1.396264,-1.058765,0.999815,-0.009642,0.018133
5.633333,0.005825,0.024444,0.012861,-1.006193,-0.978263,1.581736,-1.565819,-0.014486,-0.009294,-0.282006,-1.377619,-0.958765,0.951021,-0.003485,0.002953
5.666667,0.008108,0.028389,0.005899,-1.014954,-0.975757,1.605273,-1.560548,-0.011000,-0.002278,-0.259376,-1.362746,-0.858765,0.884507,-0.007129,-0.003225
5.700000,0.006516,0.025546,0.007247,-1.035687,-0.981358,1.611194,-1.560548,-0.012974,-0.006351,-0.224655,-1.338289,-0.758765,0.819328,-0.005468,-0.004196
5.733333,0.015312,0.025406,-0.000888,-1.021961,-0.964741,1.602145,-1.543620,-0.017437,-0.012164,-0.215896,-1.335164,-0.658765,0.768560,0.002327,-0.011872
5.766667,0.017873,0.028355,-0.009399,-0.994754,-0.975432,1.573188,-1.540476,-0.017522,-0.011220,-0.199568,-1.316231,-0.558765,0.717791,0.002840,-0.005948
5.800000,0.012586,0.031021,-0.011162,-0.948660,-0.996370,1.527061,-1.537519,-0.016810,-0.010850,-0.180646,-1.299679,-0.458765,0.658545,0.001075,-0.002340
5.833333,0.008946,0.025626,-0.003326,-0.911284,-0.995753,1.440935,-1.539343,-0.018135,-0.018359,-0.170670,-1.267895,-0.358765,0.607511,-0.001152,0.011191
5.866667,0.009732,0.032678,0.000092,-0.888417,-0.987054,1.354808,-1.522968,-0.016865,-0.006416,-0.176699,-1.265696,-0.258765,0.595142,-0.006294,0.014904
5.900000,0.000002,0.036068,0.008701,-0.860009,-0.996669,1.271361,-1.527983,-0.021563,-0.008404,-0.164734,-1.227737,-0.175958,0.544678,-0.004855,0.015975
5.933333,-0.004252,0.033112,0.018198,-0.829400,-0.988778,1.207914,-1.519214,-0.021689,-0.005836,-0.172769,-1.209777,-0.113152,0.506915,-0.004649,0.011468
5.966667,0.002146,0.027442,0.023657,-0.791716,-1.010639,1.144467,-1.493875,-0.009605,-0.005354,-0.176843,-1.220741,-0.090346,0.483685,0.005917,0.008759
6.000000,0.010132,0.027327,0.026713,-0.732926,-1.072500,1.081021,-1.445975,-0.008892,0.006710,-0.182582,-1.234526,-0.084298,0.480719,0.006521,0.004874
6.033333,0.009561,0.019936,0.024829,-0.663672,-1.142444,1.030352,-1.390438,-0.010557,-0.002700,-0.184205,-1.235539,-0.088813,0.456606,0.012648,0.000872
6.066667,0.003293,0.021511,0.019983,-0.613809,-1.213393,0.994899,-1.310438,-0.011624,0.001747,-0.191931,-1.237828,-0.109909,0.471674,0.018672,-0.002196
6.100000,0.008079,0.021450,0.016097,-0.570834,-1.272909,0.958228,-1.210438,-0.018153,0.002529,-0.192977,-1.249766,-0.138927,0.482540,0.018826,0.000231
6.133333,0.003302,0.025257,0.011696,-0.554646,-1.323491,0.936017,-1.110438,-0.030507,0.004294,-0.191913,-1.251780,-0.128758,0.494363,0.009025,0.003037
6.166667,-0.017861,0.028119,-0.009539,-0.546315,-1.349217,0.953805,-1.010438,-0.031367,-0.014034,-0.187620,-1.236422,-0.127947,0.503718,0.017137,-0.004166
6.200000,-0.016294,0.031195,-0.016289,-0.556662,-1.344578,0.993831,-0.912316,-0.027478,-0.017510,-0.182992,-1.233837,-0.151476,0.512225,0.025466,0.007375
6.233333,-0.008647,0.028074,-0.010924,-0.567293,-1.345213,1.007418,-0.842189,-0.027131,-0.021851,-0.177160,-1.244297,-0.141230,0.497807,0.019834,0.011125
6.266667,-0.018220,0.029654,-0.017224,-0.572828,-1.363209,1.030113,-0.799233,-0.019494,-0.034012,-0.168232,-1.228100,-0.104519,0.483576,0.010734,0.016290
6.300000,-0.023575,0.040483,-0.018264,-0.591576,-1.360431,1.078347,-0.786464,-0.018295,-0.028552,-0.171778,-1.230525,-0.106996,0.493855,0.014191,0.028696
6.333333,-0.009117,0.038528,-0.000185,-0.638135,-1.361570,1.126581,-0.800780,-0.021224,-0.021325,-0.168802,-1.252382,-0.103413,0.477160,0.012698,0.030246
6.366667,-0.005090,0.035279,0.006310,-0.672423,-1.353073,1.178014,-0.828651,-0.014020,-0.005496,-0.180578,-1.250818,-0.092193,0.449226,-0.005450,0.020094
6.400000,-0.005751,0.048380,0.005761,-0.719731,-1.348354,1.264116,-0.868526,-0.019506,-0.003767,-0.170978,-1.235806,-0.115096,0.411393,-0.012778,0.032303
6.433333,0.001206,0.045121,0.016997,-0.783549,-1.341793,1.362330,-0.921231,-0.019240,0.007677,-0.182045,-1.257800,-0.136543,0.393135,-0.001674,0.023001
6.466667,0.008461,0.038579,0.019439,-0.828610,-1.337567,1.455045,-0.983749,-0.018480,0.001843,-0.199737,-1.272997,-0.144675,0.346885,0.004397,0.011975
6.500000,0.012010,0.038727,0.016702,-0.874739,-1.348213,1.534146,-1.052145,-0.019712,0.007402,-0.209637,-1.271127,-0.162751,0.309209,0.006721,0.026218
6.533333,0.006517,0.039861,0.018456,-0.906227,-1.378859,1.596147,-1.119313,-0.031780,-0.003731,-0.210611,-1.292678,-0.155554,0.290841,0.017046,0.026687
6.566667,0.013943,0.032431,0.023532,-0.934036,-1.389506,1.636234,-1.172847,-0.015437,0.003394,-0.230702,-1.337359,-0.136306,0.295869,0.025734,0.017052
6.600000,0.014649,0.035265,0.029924,-0.954084,-1.396066,1.666365,-1.199319,-0.009407,0.013950,-0.249492,-1.362039,-0.145380,0.285529,0.021613,0.020076
6.633333,0.009973,0.029076,0.027782,-0.966877,-1.405015,1.675745,-1.218342,-0.011728,0.012350,-0.233351,-1.360716,-0.147540,0.264728,0.016204,0.020292
6.666667,0.008748,0.028922,0.030653,-0.953595,-1.398899,1.698739,-1.204402,-0.008411,0.012633,-0.250035,-1.382545,-0.144163,0.274994,0.013330,0.000336
6.700000,0.017605,0.024896,0.027560,-0.953386,-1.392381,1.714223,-1.211615,-0.008568,0.000182,-0.267320,-1.390787,-0.156912,0.269427,0.014438,-0.004233
6.733333,0.010436,0.019803,0.023377,-0.945255,-1.392381,1.721412,-1.215292,-0.018482,-0.006321,-0.267560,-1.382289,-0.166208,0.249390,0.017803,-0.005425
6.766667,0.005496,0.022088,0.010236,-0.920034,-1.381961,1.724705,-1.206030,-0.017790,-0.007353,-0.252854,-1.359299,-0.163862,0.235983,0.012141,-0.003897
6.800000,0.003569,0.031738,0.013374,-0.920827,-1.375543,1.735683,-1.195855,-0.012045,0.005354,-0.248282,-1.365874,-0.159373,0.234537,0.012990,0.004834
6.833333,-0.002894,0.028389,0.008755,-0.924697,-1.381659,1.724621,-1.211812,-0.011947,-0.001769,-0.233637,-1.370301,-0.151578,0.222605,0.016989,0.011376
6.866667,-0.015752,0.026067,-0.002408,-0.908388,-1.386888,1.711741,-1.202898,0.000011,0.001468,-0.209810,-1.348316,-0.146521,0.232942,0.024135,0.021488
6.900000,-0.013589,0.035177,-0.004358,-0.903936,-1.386888,1.714847,-1.193684,0.001193,-0.002879,-0.201761,-1.354830,-0.150416,0.255693,0.027440,0.024098
6.933333,-0.015580,0.030967,-0.000960,-0.919056,-1.397307,1.709679,-1.202262,-0.006576,-0.019357,-0.200449,-1.360133,-0.143116,0.263657,0.038069,0.019989
6.966667,-0.016349,0.028904,-0.019321,-0.910931,-1.388710,1.706696,-1.181449,0.002424,-0.028286,-0.220411,-1.366359,-0.133697,0.298114,0.045586,0.012540
7.000000,-0.007749,0.035482,-0.020941,-0.889067,-1.379546,1.685752,-1.134505,-0.000471,-0.024021,-0.210446,-1.355029,-0.139585,0.336570,0.047813,0.019608
7.033333,-0.003736,0.042005,-0.011425,-0.865529,-1.380835,1.653024,-1.077073,-0.010039,-0.016436,-0.211381,-1.369780,-0.124617,0.351791,0.036805,0.011714
7.066667,-0.011162,0.045960,-0.015651,-0.809040,-1.380370,1.594518,-0.997110,-0.017313,-0.009311,-0.217931,-1.363595,-0.095976,0.349815,0.029384,0.008298
7.100000,-0.009180,0.049338,-0.010023,-0.730104,-1.379781,1.518137,-0.899356,-0.018257,0.000068,-0.224568,-1.368212,-0.094903,0.361605,0.029532,0.018217
7.133333,-0.007366,0.045143,0.010066,-0.634413,-1.379192,1.418137,-0.799356,-0.034073,0.000572,-0.212279,-1.350638,-0.078321,0.333394,0.018027,0.020756
7.166667,-0.013905,0.056267,0.015259,-0.543290,-1.347767,1.318137,-0.699356,-0.037434,0.004049,-0.222310,-1.331864,-0.057356,0.299848,0.005416,0.025459
7.200000,-0.020517,0.055733,0.022138,-0.462471,-1.307197,1.218137,-0.599356,-0.030900,0.005591,-0.223163,-1.321355,-0.060368,0.263698,0.002710,0.038336
7.233333,-0.007900,0.040011,0.029317,-0.402906,-1.273372,1.118137,-0.499356,-0.025951,-0.003048,-0.225580,-1.327547,-0.063424,0.249200,0.004252,0.038784
7.266667,-0.003395,0.039827,0.026105,-0.354988,-1.241295,1.018137,-0.399356,-0.015328,0.001686,-0.223972,-1.340617,-0.043847,0.242957,-0.015227,0.031535
7.300000,0.002122,0.038179,0.021024,-0.331093,-1.249218,0.918137,-0.339356,-0.011395,-0.002638,-0.226685,-1.343082,-0.060540,0.260194,-0.016822,0.033595
7.333333,0.005087,0.021795,0.028216,-0.333814,-1.280940,0.818137,-0.319328,-0.004578,0.001130,-0.224732,-1.375171,-0.056219,0.282867,-0.007336,0.022646
7.366667,0.021680,0.015805,0.025590,-0.346452,-1.316137,0.718137,-0.331382,-0.007459,0.004274,-0.245985,-1.390410,-0.046483,0.338869,-0.013390,0.001114
7.400000,0.014285,0.018901,0.022742,-0.353853,-1.350425,0.618137,-0.379556,-0.000049,0.010146,-0.241245,-1.392388,-0.046527,0.362717,-0.013125,0.000965
7.433333,0.014790,0.017766,0.027462,-0.355993,-1.374166,0.558137,-0.436292,-0.010499,0.003837,-0.239133,-1.379702,-0.070943,0.372304,0.004716,-0.003872
7.466667,0.024999,0.020074,0.030778,-0.349879,-1.367378,0.538137,-0.469703,-0.001398,0.012445,-0.232972,-1.380234,-0.080009,0.368888,0.001102,0.001692
7.500000,0.032790,0.026333,0.031954,-0.348896,-1.376245,0.521920,-0.503141,-0.004906,0.001579,-0.222904,-1.375654,-0.090466,0.353496,0.000155,0.006860
7.533333,0.012483,0.030748,0.019807,-0.345413,-1.381619,0.527177,-0.535909,-0.011077,-0.006627,-0.190357,-1.360988,-0.098922,0.322071,0.010958,0.021827
7.566667,0.004679,0.041574,0.014947,-0.365912,-1.374130,0.566301,-0.563728,-0.014767,0.004093,-0.186812,-1.360988,-0.102583,0.329287,0.008674,0.035090
7.600000,0.006770,0.043124,0.014020,-0.395113,-1.383056,0.590337,-0.582984,-0.012551,0.012501,-0.181912,-1.373674,-0.102973,0.339530,0.010285,0.045177
7.633333,-0.008956,0.037168,0.004499,-0.419198,-1.400494,0.587757,-0.619874,-0.015076,0.001051,-0.184067,-1.377750,-0.091685,0.351652,0.018661,0.033787
7.666667,-0.006709,0.035242,-0.015007,-0.420754,-1.398369,0.621394,-0.624462,-0.006586,0.008822,-0.185181,-1.382330,-0.100647,0.381606,0.022147,0.032292
7.700000,0.004768,0.034910,-0.000425,-0.434109,-1.398369,0.651351,-0.625808,-0.001155,0.013455,-0.200638,-1.396599,-0.107546,0.390755,0.025986,0.032743
7.733333,0.015845,0.022797,0.004547,-0.413272,-1.401901,0.654406,-0.612529,-0.002815,0.004423,-0.207513,-1.396599,-0.109409,0.368244,0.027252,0.017324
7.766667,0.010045,0.025519,-0.001289,-0.407559,-1.401901,0.672395,-0.613329,-0.004950,0.007938,-0.214142,-1.393483,-0.095276,0.370213,0.025495,0.015705
7.800000,0.014599,0.025519,0.005959,-0.411449,-1.403918,0.682145,-0.617358,-0.009207,0.011995,-0.208845,-1.395274,-0.098600,0.368536,0.025478,0.017098
7.833333,0.010702,0.025717,0.019078,-0.427980,-1.404319,0.665861,-0.622272,-0.018528,0.011712,-0.219199,-1.388054,-0.095321,0.339233,0.026127,0.019216
7.866667,0.000310,0.031056,0.016244,-0.425797,-1.401635,0.646852,-0.602200,-0.016919,0.018564,-0.215103,-1.371507,-0.097007,0.326357,0.019229,0.009083
7.900000,-0.004966,0.032868,0.017356,-0.431911,-1.405594,0.654595,-0.600971,-0.012389,0.018801,-0.212113,-1.366359,-0.097489,0.330383,0.020253,0.009590
7.933333,-0.005593,0.027268,0.024218,-0.434996,-1.405594,0.623847,-0.601763,-0.008085,0.015829,-0.217784,-1.369475,-0.099810,0.319377,0.025779,0.011612
7.966667,-0.007354,0.036445,0.015791,-0.431120,-1.405593,0.601979,-0.587999,-0.010639,0.019174,-0.239191,-1.366154,-0.092431,0.324983,0.017347,0.015466
8.000000,-0.017456,0.034304,0.012011,-0.416137,-1.407316,0.597026,-0.585716,-0.008579,0.013584,-0.234411,-1.367406,-0.080877,0.324653,0.014319,0.011602
8.033333,-0.001250,0.028901,0.010985,-0.408171,-1.410000,0.577839,-0.592285,-0.016727,0.002951,-0.247150,-1.385121,-0.067734,0.331346,0.011751,0.009979
8.066667,0.003911,0.029747,0.003026,-0.414097,-1.401254,0.557567,-0.590157,-0.016857,0.009681,-0.256423,-1.390269,-0.055928,0.339490,-0.009136,0.016230
8.100000,0.005149,0.029495,-0.000049,-0.402587,-1.401254,0.553122,-0.586814,-0.018602,0.000086,-0.242357,-1.384615,-0.054743,0.328066,-0.016566,0.015870
8.133333,0.007758,0.020318,0.005440,-0.397778,-1.391421,0.566094,-0.583307,-0.021968,-0.004884,-0.230625,-1.378258,-0.064536,0.315819,-0.009198,0.003624
8.166667,0.021505,0.017856,0.005738,-0.406650,-1.379170,0.561470,-0.592272,-0.026686,-0.011505,-0.235364,-1.381288,-0.065318,0.308674,-0.015125,0.000355
8.200000,0.017235,0.017013,0.008592,-0.412255,-1.379170,0.573145,-0.598658,-0.019867,-0.008757,-0.227964,-1.382836,-0.069564,0.303089,-0.008595,0.007622
8.233333,0.012682,0.023171,0.021336,-0.401427,-1.380999,0.592187,-0.586829,-0.017172,-0.014737,-0.222933,-1.382836,-0.079039,0.298291,0.011924,0.006450
8.266667,0.032386,0.037284,0.030801,-0.414874,-1.367038,0.609347,-0.560113,-0.009671,0.010133,-0.216092,-1.388490,-0.080795,0.316003,0.004556,0.010681
8.300000,0.032233,0.042255,0.039829,-0.421695,-1.376871,0.605113,-0.550582,-0.006626,0.017232,-0.209296,-1.398664,-0.077310,0.313340,0.003811,0.018106
8.333333,0.021433,0.045705,0.030487,-0.411587,-1.377865,0.607427,-0.535785,0.004665,0.021592,-0.199966,-1.401602,-0.073171,0.328150,0.010010,0.023902
8.366667,0.015966,0.056850,0.031015,-0.421602,-1.377865,0.632166,-0.519678,-0.005963,0.031405,-0.200891,-1.401062,-0.082521,0.354786,0.010730,0.031038
8.400000,0.019669,0.048338,0.029529,-0.428135,-1.384781,0.620208,-0.531186,-0.010688,0.027647,-0.196413,-1.394592,-0.084262,0.355304,0.011990,0.029253
8.433333,0.004346,0.039415,0.015226,-0.421315,-1.398743,0.625831,-0.568611,-0.016908,0.012874,-0.218486,-1.374701,-0.082013,0.346825,0.026023,0.025967
8.466667,0.001788,0.040864,0.002986,-0.427612,-1.398743,0.636018,-0.591728,-0.012697,0.007839,-0.213179,-1.366162,-0.086621,0.343311,0.021249,0.038018
8.500000,-0.000144,0.039045,0.015500,-0.437706,-1.410000,0.639090,-0.595165,-0.017662,0.014206,-0.218133,-1.360594,-0.085899,0.331886,0.019861,0.035176
8.533333,0.002109,0.032186,0.011699,-0.414298,-1.410000,0.626996,-0.614630,-0.007324,0.010312,-0.216841,-1.361316,-0.080827,0.290874,0.018596,0.029748
8.566667,-0.001674,0.029330,0.009681,-0.422440,-1.410000,0.644797,-0.623106,-0.001370,0.021727,-0.219571,-1.363041,-0.082386,0.289863,0.008035,0.034791
8.600000,-0.004681,0.023191,0.014209,-0.430245,-1.410000,0.655797,-0.627172,-0.003371,0.012564,-0.211718,-1.376878,-0.081462,0.278723,0.004403,0.028205
8.633333,-0.001731,0.018501,0.023143,-0.441150,-1.390000,0.680231,-0.626481,-0.009691,0.015150,-0.231453,-1.368780,-0.086187,0.279043,0.010385,0.011666
8.666667,0.001774,0.022012,0.016469,-0.468417,-1.370291,0.731947,-0.653014,-0.007073,0.019571,-0.247348,-1.367526,-0.101048,0.284786,0.006230,0.005214
8.700000,-0.000043,0.019063,0.017690,-0.523566,-1.368106,0.799270,-0.694704,-0.010398,0.014732,-0.245967,-1.355465,-0.092234,0.294516,0.008409,0.003148
8.733333,0.007923,0.019330,0.009311,-0.557318,-1.358704,0.873393,-0.718990,-0.014952,0.006732,-0.260974,-1.360210,-0.092593,0.304245,0.015984,-0.005041
8.766667,0.010101,0.022834,-0.000661,-0.610739,-1.358704,0.961439,-0.761767,-0.016109,0.006279,-0.258028,-1.356840,-0.091009,0.315590,0.015451,0.000479
8.800000,0.005190,0.025479,-0.003692,-0.674572,-1.369498,1.061439,-0.823612,-0.015851,0.004744,-0.238294,-1.362195,-0.079979,0.345129,0.014688,0.003492
8.833333,0.001109,0.021082,0.002800,-0.734524,-1.360001,1.161439,-0.890640,-0.017526,-0.003368,-0.220520,-1.342602,-0.064957,0.374173,0.012593,0.016041
8.866667,0.004195,0.028419,0.004887,-0.800243,-1.341929,1.261439,-0.936088,-0.016192,0.006697,-0.211112,-1.348248,-0.057942,0.428818,0.007048,0.019017
8.900000,-0.002928,0.031626,0.012390,-0.847727,-1.339996,1.361439,-1.003988,-0.021019,0.002671,-0.178129,-1.321832,-0.041788,0.483463,0.007631,0.019985
8.933333,-0.006014,0.028528,0.021456,-0.874525,-1.328662,1.452079,-1.051888,-0.021251,0.002691,-0.165146,-1.299518,-0.033784,0.567706,0.006969,0.014436
8.966667,0.002198,0.027335,0.020891,-0.898257,-1.306534,1.525701,-1.099788,-0.007807,-0.001989,-0.177679,-1.267277,-0.039982,0.653205,0.008229,0.012277
9.000000,0.012323,0.032366,0.018694,-0.931901,-1.284406,1.587163,-1.147688,-0.005627,0.005168,-0.205719,-1.224493,-0.073103,0.753205,0.000811,0.010292
9.033333,0.012340,0.031065,0.012340,-0.950551,-1.246865,1.626112,-1.217838,-0.006882,-0.006185,-0.262144,-1.168617,-0.131409,0.853205,-0.002806,0.006707
9.066667,0.006581,0.038137,0.003175,-0.986146,-1.201313,1.652770,-1.288377,-0.006423,-0.003544,-0.342144,-1.120933,-0.211409,0.953205,-0.004731,0.004556
9.100000,0.009864,0.043108,-0.005508,-1.019015,-1.144048,1.662734,-1.358130,-0.012308,-0.005308,-0.442144,-1.088349,-0.311409,1.053205,-0.011230,0.008126
9.133333,0.004013,0.048949,-0.008742,-1.040861,-1.117123,1.668226,-1.412714,-0.024678,-0.003580,-0.542144,-1.074789,-0.411409,1.153205,-0.021195,0.011062
9.166667,-0.016604,0.051790,-0.028868,-1.028039,-1.106414,1.681445,-1.436423,-0.024147,-0.021493,-0.640791,-1.062157,-0.511409,1.251685,-0.014647,0.004101
9.200000,-0.015808,0.054493,-0.036050,-1.031080,-1.092161,1.698250,-1.444237,-0.018978,-0.025825,-0.713335,-1.062618,-0.611409,1.332503,-0.005996,0.017418
9.233333,-0.008948,0.051799,-0.031091,-1.032348,-1.092663,1.689808,-1.449329,-0.018805,-0.031265,-0.773276,-1.074682,-0.711409,1.391004,-0.011313,0.021583
9.266667,-0.016513,0.055175,-0.037129,-1.017028,-1.113687,1.671050,-1.452691,-0.009559,-0.043984,-0.802927,-1.057433,-0.811409,1.421153,-0.023846,0.025444
9.300000,-0.020564,0.065114,-0.038419,-1.015796,-1.113476,1.670477,-1.450742,-0.006925,-0.037792,-0.824237,-1.061158,-0.911409,1.451302,-0.022079,0.037337
9.333333,-0.006350,0.063087,-0.020474,-1.033148,-1.115611,1.652096,-1.460187,-0.012275,-0.030302,-0.823299,-1.082824,-1.011409,1.442971,-0.023618,0.038921
9.366667,-0.001254,0.059993,-0.013564,-1.023427,-1.107755,1.620698,-1.445527,-0.006004,-0.015268,-0.829440,-1.079562,-1.111409,1.417977,-0.042128,0.026282
9.400000,-0.000702,0.073755,-0.012828,-1.020133,-1.104231,1.622652,-1.438634,-0.010155,-0.013019,-0.813311,-1.058868,-1.211409,1.385827,-0.050451,0.036739
9.433333,0.005517,0.069682,-0.001229,-1.041023,-1.093368,1.637390,-1.437818,-0.010222,0.000958,-0.818447,-1.077711,-1.311409,1.368517,-0.038446,0.027890
9.466667,0.013017,0.063412,0.001859,-1.038654,-1.087019,1.638097,-1.443069,-0.009837,-0.004657,-0.831447,-1.086802,-1.411409,1.315784,-0.033085,0.018092
9.500000,0.015739,0.064078,-0.000182,-1.049490,-1.100467,1.645100,-1.451870,-0.009847,0.001446,-0.833326,-1.076277,-1.511409,1.263050,-0.030969,0.032240
9.533333,0.010075,0.065885,0.001920,-1.058934,-1.128687,1.660022,-1.470488,-0.020895,-0.008614,-0.829608,-1.090681,-1.590187,1.218237,-0.021810,0.033665
9.566667,0.017323,0.058286,0.006270,-1.073208,-1.143511,1.654968,-1.477169,-0.006911,-0.000438,-0.847582,-1.138372,-1.652844,1.188508,-0.014393,0.024106
9.600000,0.019188,0.062282,0.012370,-1.085303,-1.158273,1.659533,-1.473035,-0.000463,0.009847,-0.864330,-1.164175,-1.709248,1.140771,-0.019666,0.027430
9.633333,0.014112,0.056999,0.010012,-1.093140,-1.167023,1.654841,-1.472813,-0.003032,0.010030,-0.844429,-1.161291,-1.732955,1.088457,-0.025352,0.026394
9.666667,0.012541,0.056974,0.012108,-1.078052,-1.155145,1.666093,-1.448523,0.000494,0.011056,-0.858992,-1.183581,-1.737769,1.068815,-0.029313,0.006149
9.700000,0.021237,0.052307,0.008375,-1.074357,-1.146161,1.673249,-1.450488,0.000708,-0.001052,-0.877572,-1.194855,-1.752499,1.045852,-0.027945,0.002565
9.733333,0.012487,0.046199,0.003927,-1.066442,-1.140285,1.677805,-1.448503,-0.008305,-0.006527,-0.872719,-1.178047,-1.752843,1.008622,-0.023840,0.002474
9.766667,0.006233,0.046606,-0.009412,-1.040181,-1.122507,1.680758,-1.433803,-0.008662,-0.007576,-0.852564,-1.150429,-1.733423,0.980981,-0.027730,0.003124
9.800000,0.004789,0.055713,-0.006406,-1.041437,-1.115329,1.690348,-1.422618,-0.003465,0.004181,-0.845537,-1.156426,-1.726222,0.964909,-0.025824,0.011282
9.833333,-0.000355,0.052553,-0.011071,-1.043222,-1.123353,1.676971,-1.437929,-0.003936,-0.002046,-0.829540,-1.160043,-1.720714,0.943120,-0.021353,0.017466
9.866667,-0.014103,0.045257,-0.022299,-1.028842,-1.131747,1.665151,-1.428721,0.007817,0.002673,-0.799803,-1.134674,-1.698911,0.939706,-0.013500,0.026230
9.900000,-0.012819,0.055505,-0.024843,-1.025922,-1.135619,1.663451,-1.428225,0.010811,-0.003636,-0.792236,-1.141736,-1.698663,0.946003,-0.009646,0.028150
9.933333,-0.015343,0.052972,-0.021411,-1.040395,-1.146459,1.649846,-1.446690,0.003492,-0.020181,-0.793879,-1.147025,-1.689757,0.934233,0.000426,0.023245
9.966667,-0.018652,0.051773,-0.038918,-1.041580,-1.139093,1.655569,-1.455458,0.013888,-0.028679,-0.814586,-1.156548,-1.677251,0.950255,0.008493,0.016593
10.000000,-0.012401,0.059450,-0.040530,-1.046829,-1.129705,1.659949,-1.452296,0.011485,-0.024387,-0.804523,-1.148639,-1.681944,0.951010,0.010829,0.024817
10.033333,-0.009507,0.071960,-0.030676,-1.057352,-1.136087,1.650894,-1.452788,0.001518,-0.016911,-0.811107,-1.168684,-1.679417,0.932207,0.000303,0.017693
10.066667,-0.016321,0.076823,-0.035310,-1.048708,-1.140906,1.635157,-1.452211,-0.007412,-0.009508,-0.819249,-1.163012,-1.669353,0.920049,-0.008635,0.013017
10.100000,-0.013635,0.079803,-0.031371,-1.049647,-1.157981,1.646894,-1.449176,-0.009907,-0.001342,-0.822892,-1.169615,-1.686931,0.937300,-0.006312,0.023736
10.133333,-0.010665,0.074850,-0.014197,-1.047244,-1.175056,1.622230,-1.445488,-0.027270,-0.002897,-0.807247,-1.155838,-1.690485,0.915988,-0.017491,0.022696
10.166667,-0.014290,0.084074,-0.010843,-1.043365,-1.174649,1.618449,-1.433336,-0.031149,-0.001561,-0.812482,-1.142421,-1.680135,0.912288,-0.028242,0.022603
10.200000,-0.017106,0.083334,-0.006128,-1.051358,-1.161507,1.638376,-1.444859,-0.025139,-0.002369,-0.812638,-1.130105,-1.703644,0.905120,-0.031771,0.032108
10.233333,-0.001209,0.066634,-0.000548,-1.063403,-1.146578,1.648879,-1.449577,-0.020396,-0.011158,-0.813739,-1.138357,-1.709770,0.901272,-0.027998,0.031518
10.266667,0.005203,0.066993,-0.004446,-1.060450,-1.118398,1.641476,-1.437762,-0.008704,-0.007037,-0.815979,-1.150370,-1.700036,0.889297,-0.047225,0.023055
10.300000,0.012280,0.066221,-0.009306,-1.060289,-1.118339,1.660213,-1.441106,-0.004947,-0.011162,-0.825620,-1.143488,-1.719666,0.898988,-0.047994,0.025732
10.333333,0.013235,0.050810,-0.002209,-1.076182,-1.121575,1.659617,-1.457497,0.002041,-0.008033,-0.830637,-1.169096,-1.720728,0.914788,-0.038632,0.017116
10.366667,0.026851,0.041569,-0.003741,-1.087527,-1.122631,1.639104,-1.452170,-0.001188,-0.004419,-0.853107,-1.178597,-1.703162,0.964963,-0.043407,-0.002431
10.400000,0.016350,0.044759,-0.005275,-1.094615,-1.131088,1.648635,-1.455194,0.006233,0.001000,-0.852241,-1.184942,-1.703641,0.984116,-0.043505,-0.001140
10.433333,0.014162,0.042378,0.000452,-1.087017,-1.129699,1.666749,-1.458218,-0.004107,-0.005058,-0.849770,-1.169721,-1.709272,0.989458,-0.026703,-0.005125
10.466667,0.022278,0.043407,0.004079,-1.066478,-1.109308,1.695752,-1.434404,0.005029,0.003944,-0.842032,-1.171974,-1.707175,0.986443,-0.030101,0.003286
10.500000,0.030358,0.048926,0.006005,-1.048314,-1.110320,1.707512,-1.429027,0.001469,-0.006412,-0.830928,-1.160802,-1.715255,0.968492,-0.030966,0.007508
10.533333,0.010530,0.056978,-0.006254,-1.032794,-1.125382,1.719822,-1.436828,-0.004357,-0.013662,-0.796728,-1.142255,-1.719139,0.934820,-0.021259,0.023271
10.566667,0.002054,0.067949,-0.011354,-1.042974,-1.111200,1.727730,-1.447713,-0.008460,-0.000869,-0.792125,-1.132012,-1.722296,0.941149,-0.023707,0.037409
10.600000,0.004561,0.070274,-0.012031,-1.062590,-1.116670,1.720152,-1.458596,-0.007720,0.008739,-0.785095,-1.149400,-1.730338,0.958267,-0.022277,0.046805
10.633333,-0.011085,0.062193,-0.021241,-1.075184,-1.132571,1.679048,-1.480130,-0.009518,-0.002600,-0.783392,-1.152363,-1.715444,0.973301,-0.014704,0.036692
10.666667,-0.008030,0.060604,-0.041182,-1.068340,-1.129543,1.677944,-1.472266,-0.001662,0.004269,-0.782793,-1.165181,-1.720192,1.007864,-0.011616,0.037083
10.700000,0.003140,0.059442,-0.026747,-1.073874,-1.117897,1.688575,-1.465270,0.003016,0.006916,-0.797738,-1.181625,-1.729221,1.025526,-0.006000,0.037526
10.733333,0.015173,0.048026,-0.022336,-1.045713,-1.119078,1.675696,-1.442291,0.000793,-0.004859,-0.801719,-1.184898,-1.726846,1.010622,-0.004538,0.023428
10.766667,0.009633,0.049470,-0.028305,-1.034933,-1.134978,1.683241,-1.429720,-0.000540,-0.003083,-0.807556,-1.174649,-1.706467,1.017460,-0.005114,0.022913
10.800000,0.014787,0.051687,-0.021104,-1.041412,-1.142443,1.696531,-1.435512,-0.005244,-0.000014,-0.805610,-1.175162,-1.720777,1.024619,-0.004423,0.023166
10.833333,0.010407,0.052066,-0.007206,-1.059582,-1.141623,1.682967,-1.441671,-0.015053,-0.000292,-0.815611,-1.160846,-1.721646,1.006135,-0.004799,0.025435
10.866667,-0.000445,0.057311,-0.010394,-1.059338,-1.134868,1.673184,-1.422540,-0.012495,0.006529,-0.809364,-1.144789,-1.723656,1.001027,-0.013372,0.015355
10.900000,-0.005788,0.058466,-0.008467,-1.068575,-1.146580,1.691749,-1.426369,-0.007847,0.006314,-0.808144,-1.135517,-1.731244,1.017660,-0.011746,0.014506
10.933333,-0.006185,0.053916,-0.001347,-1.077477,-1.131508,1.675430,-1.434555,-0.002133,0.004120,-0.813364,-1.139229,-1.743464,1.020400,-0.007588,0.015661
10.966667,-0.007991,0.063835,-0.009437,-1.077792,-1.129242,1.665835,-1.429345,-0.003471,0.007887,-0.835251,-1.130787,-1.744397,1.042574,-0.016796,0.019962
11.000000,-0.018896,0.062287,-0.013294,-1.067336,-1.134504,1.673627,-1.434720,-0.000559,0.004061,-0.832561,-1.127925,-1.739607,1.059229,-0.019554,0.014805
11.033333,-0.002504,0.057117,-0.013449,-1.064203,-1.131653,1.667816,-1.449018,-0.010075,-0.005999,-0.847267,-1.138747,-1.733765,1.092859,-0.021829,0.012003
11.066667,0.004087,0.057291,-0.020791,-1.071683,-1.108162,1.654058,-1.449934,-0.009504,0.001929,-0.854082,-1.146751,-1.726633,1.133658,-0.043423,0.018776
11.100000,0.005092,0.056881,-0.023541,-1.061783,-1.109487,1.656600,-1.450503,-0.011914,-0.008572,-0.839760,-1.131393,-1.726104,1.161495,-0.052128,0.018108
11.133333,0.007916,0.042206,-0.018080,-1.052096,-1.088754,1.663954,-1.442174,-0.017103,-0.014116,-0.823121,-1.123127,-1.721792,1.183616,-0.044357,0.005133
11.166667,0.021545,0.039106,-0.017856,-1.059286,-1.066556,1.656927,-1.450417,-0.022794,-0.023507,-0.825427,-1.120209,-1.719019,1.218435,-0.050239,0.002747
11.200000,0.018125,0.037560,-0.015286,-1.062535,-1.064821,1.662488,-1.455038,-0.016552,-0.021228,-0.816422,-1.117495,-1.719180,1.245871,-0.043570,0.010420
11.233333,0.012970,0.043621,-0.003281,-1.047299,-1.067518,1.678265,-1.438453,-0.015004,-0.028960,-0.808281,-1.108177,-1.713468,1.261864,-0.022290,0.007515
11.266667,0.033127,0.057404,0.005958,-1.059401,-1.042154,1.694551,-1.408553,-0.009882,-0.005186,-0.801812,-1.131650,-1.716828,1.302426,-0.027960,0.012860
11.300000,0.033022,0.067633,0.014738,-1.070020,-1.054234,1.694328,-1.400948,-0.006938,0.000704,-0.797682,-1.146238,-1.721002,1.319967,-0.029997,0.021237
11.333333,0.022482,0.071544,0.005097,-1.060623,-1.052384,1.699500,-1.389810,0.003447,0.005094,-0.789905,-1.148092,-1.723450,1.347110,-0.027580,0.027283
11.366667,0.016528,0.082848,0.005604,-1.070374,-1.051837,1.720964,-1.374843,-0.004844,0.015829,-0.791757,-1.144358,-1.730517,1.383906,-0.027447,0.034034
11.400000,0.019826,0.075168,0.004299,-1.082472,-1.066110,1.711106,-1.392342,-0.009871,0.012991,-0.792069,-1.130916,-1.744007,1.395801,-0.028591,0.034133
11.433333,0.004008,0.066263,-0.010000,-1.072595,-1.086310,1.707125,-1.427765,-0.014850,-0.001122,-0.811972,-1.090260,-1.733494,1.392994,-0.015493,0.031281
11.466667,0.001288,0.067888,-0.021958,-1.079140,-1.087297,1.716578,-1.456588,-0.011008,-0.005360,-0.807620,-1.068857,-1.741952,1.405217,-0.020825,0.042621
11.500000,0.000653,0.065804,-0.008583,-1.089068,-1.104327,1.720032,-1.461138,-0.015231,0.000858,-0.812882,-1.057884,-1.741657,1.412649,-0.018748,0.041195
11.533333,0.003838,0.059282,-0.012123,-1.062852,-1.117992,1.703444,-1.479127,-0.006049,-0.003935,-0.811028,-1.058131,-1.740522,1.391059,-0.019432,0.035632
11.566667,0.000286,0.055693,-0.013775,-1.064282,-1.131711,1.704859,-1.483406,0.002505,0.006356,-0.815126,-1.056933,-1.742724,1.409469,-0.028490,0.040168
11.600000,-0.002850,0.049338,-0.008990,-1.064721,-1.133224,1.697152,-1.482450,0.001232,-0.003049,-0.812571,-1.064499,-1.753208,1.421856,-0.032812,0.033328
11.633333,0.000893,0.044221,0.000439,-1.061684,-1.114642,1.685437,-1.465092,-0.003787,-0.000561,-0.832408,-1.056866,-1.753849,1.432807,-0.026131,0.016481
11.666667,0.003599,0.047240,-0.005768,-1.059489,-1.093810,1.698174,-1.457705,0.000765,0.004516,-0.849971,-1.059009,-1.763952,1.444719,-0.029949,0.008891
11.700000,0.001833,0.043936,-0.003495,-1.074330,-1.083397,1.697852,-1.455520,-0.000962,-0.000360,-0.852036,-1.048922,-1.756584,1.466823,-0.028875,0.007783
11.733333,0.011466,0.043365,-0.010706,-1.061254,-1.056998,1.701359,-1.432070,-0.006005,-0.006549,-0.868329,-1.065797,-1.755777,1.486189,-0.022359,-0.001141
11.766667,0.014836,0.046473,-0.020256,-1.061172,-1.065049,1.692431,-1.433820,-0.005759,-0.006444,-0.866594,-1.069477,-1.757297,1.494761,-0.022774,0.003699
11.800000,0.010056,0.048379,-0.022846,-1.059948,-1.080625,1.692113,-1.439013,-0.005192,-0.007300,-0.856340,-1.083721,-1.747228,1.506565,-0.024016,0.007278
11.833333,0.006700,0.043167,-0.015855,-1.064684,-1.079359,1.666892,-1.449674,-0.006968,-0.014724,-0.847497,-1.072457,-1.732243,1.509422,-0.026350,0.020750
11.866667,0.009588,0.049719,-0.013138,-1.089740,-1.069482,1.647189,-1.446020,-0.007184,-0.004012,-0.849269,-1.086444,-1.724064,1.526685,-0.030795,0.024650
11.900000,0.001533,0.052728,-0.005259,-1.104809,-1.077259,1.635839,-1.465610,-0.012422,-0.006969,-0.831978,-1.067116,-1.716223,1.514175,-0.028910,0.026619
11.933333,-0.001560,0.049333,0.004918,-1.108899,-1.066892,1.642629,-1.466206,-0.013801,-0.005250,-0.834687,-1.062912,-1.712327,1.515471,-0.028615,0.022341
11.966667,0.005999,0.040690,0.013013,-1.087582,-1.088999,1.624139,-1.446363,-0.002294,-0.006452,-0.815627,-1.084088,-1.689864,1.496894,-0.015872,0.018117
12.000000,0.015876,0.037669,0.018613,-1.043731,-1.151106,1.590552,-1.403175,-0.002612,0.004341,-0.771158,-1.130772,-1.653611,1.459961,-0.013254,0.012700
12.033333,0.015082,0.026961,0.019659,-0.960171,-1.222732,1.549414,-1.348267,-0.004265,-0.004639,-0.712094,-1.177456,-1.600728,1.387451,-0.004524,0.006731
12.066667,0.008578,0.025882,0.017753,-0.876610,-1.284186,1.469414,-1.268267,-0.006217,-0.000710,-0.632094,-1.234315,-1.520728,1.307451,0.004233,0.002097
12.100000,0.012411,0.022512,0.016099,-0.776610,-1.341161,1.369414,-1.168267,-0.012424,-0.000972,-0.532094,-1.302371,-1.420728,1.207451,0.008888,0.002260
12.133333,0.005982,0.026294,0.011759,-0.676610,-1.382615,1.269414,-1.068267,-0.026007,0.001753,-0.432094,-1.352622,-1.320728,1.107451,-0.000790,0.005661
12.166667,-0.016541,0.027823,-0.008774,-0.576610,-1.404069,1.169414,-0.968267,-0.024780,-0.017091,-0.344869,-1.365655,-1.220728,1.007451,0.007762,-0.001923
12.200000,-0.015371,0.031178,-0.016430,-0.481028,-1.399051,1.069414,-0.868267,-0.020186,-0.021239,-0.270427,-1.376164,-1.120728,0.907451,0.015166,0.009514
12.233333,-0.007549,0.027514,-0.011488,-0.395098,-1.399051,0.969414,-0.768267,-0.018056,-0.025889,-0.223333,-1.389814,-1.020728,0.807451,0.010541,0.011846
12.266667,-0.016150,0.029620,-0.017026,-0.311119,-1.403529,0.869414,-0.677063,-0.009096,-0.037146,-0.188428,-1.381080,-0.920728,0.716359,-0.000630,0.015891
12.300000,-0.019342,0.039983,-0.017657,-0.267140,-1.403529,0.769414,-0.614623,-0.005936,-0.031605,-0.188970,-1.381338,-0.820728,0.665267,0.001911,0.025373
12.333333,-0.003373,0.038439,0.000045,-0.248567,-1.403529,0.669414,-0.573575,-0.011971,-0.023076,-0.194236,-1.398814,-0.720728,0.627017,-0.000231,0.027180
12.366667,0.002832,0.034860,0.006597,-0.243645,-1.390000,0.569414,-0.536524,-0.006101,-0.008373,-0.212276,-1.396213,-0.630916,0.605248,-0.017707,0.016024
12.400000,0.003587,0.048045,0.006654,-0.251480,-1.390000,0.469414,-0.537944,-0.011367,-0.008017,-0.209470,-1.376854,-0.581104,0.607265,-0.025759,0.027935
12.433333,0.011067,0.044502,0.017139,-0.279826,-1.390000,0.388777,-0.556805,-0.013695,0.003256,-0.226207,-1.388040,-0.539611,0.633428,-0.014497,0.019678
12.466667,0.019575,0.038335,0.019453,-0.286445,-1.384556,0.336234,-0.575305,-0.013827,-0.003924,-0.247496,-1.388040,-0.532651,0.641464,-0.009280,0.010273
12.500000,0.022891,0.038973,0.017245,-0.301465,-1.384556,0.304269,-0.593872,-0.013946,0.000757,-0.259462,-1.373757,-0.561044,0.652764,-0.007382,0.024541
12.533333,0.017903,0.040550,0.020030,-0.311946,-1.404557,0.295043,-0.620198,-0.024498,-0.009691,-0.262653,-1.376358,-0.585017,0.679203,0.001659,0.025880
12.566667,0.024728,0.033715,0.025262,-0.325443,-1.404556,0.300165,-0.630288,-0.010852,-0.001260,-0.284995,-1.395717,-0.593861,0.715797,0.008999,0.016444
12.600000,0.026291,0.036846,0.032829,-0.336938,-1.404556,0.311634,-0.624457,-0.004961,0.008726,-0.305204,-1.395717,-0.627814,0.735534,0.004456,0.019420
12.633333,0.020858,0.030877,0.031042,-0.346612,-1.410000,0.316665,-0.627016,-0.006483,0.008403,-0.290925,-1.393953,-0.645501,0.736032,-0.002029,0.019347
12.666667,0.020147,0.030793,0.033330,-0.335808,-1.410000,0.341116,-0.608116,-0.002780,0.009305,-0.308470,-1.408236,-0.654706,0.760426,-0.005626,-0.001155
12.700000,0.028162,0.026561,0.029502,-0.332630,-1.410000,0.352227,-0.610165,-0.004213,-0.002454,-0.329358,-1.408236,-0.682309,0.766065,-0.005109,-0.005762
12.733333,0.021060,0.019979,0.024798,-0.328492,-1.410000,0.368982,-0.616238,-0.012550,-0.007728,-0.330833,-1.408236,-0.699640,0.751059,-0.001546,-0.006826
12.766667,0.015838,0.021303,0.010965,-0.309331,-1.406288,0.388705,-0.613797,-0.011092,-0.008148,-0.317951,-1.394552,-0.700295,0.739002,-0.007590,-0.006021
12.800000,0.014920,0.030933,0.013932,-0.313718,-1.401762,0.405572,-0.606531,-0.006479,0.004417,-0.315626,-1.396316,-0.699578,0.736173,-0.005290,0.002471
12.833333,0.009978,0.027462,0.010223,-0.315991,-1.401762,0.396768,-0.624466,-0.006213,-0.002498,-0.302420,-1.396316,-0.696678,0.724125,-0.001214,0.008388
12.866667,-0.003676,0.025069,-0.000680,-0.305796,-1.401762,0.398987,-0.625247,0.005788,0.001647,-0.277997,-1.377124,-0.687150,0.728726,0.006643,0.018003
12.900000,-0.002814,0.035929,-0.002366,-0.304299,-1.401762,0.401543,-0.624367,0.007741,-0.004016,-0.271846,-1.377124,-0.687961,0.740393,0.010657,0.020129
12.933333,-0.006816,0.032636,0.001463,-0.316823,-1.405475,0.386606,-0.641873,0.000248,-0.019732,-0.272178,-1.384788,-0.675724,0.733683,0.021808,0.015437
12.966667,-0.009132,0.030772,-0.016079,-0.317253,-1.391744,0.392870,-0.652926,0.010653,-0.028798,-0.293386,-1.384787,-0.664875,0.755108,0.030096,0.007207
13.000000,-0.002993,0.038435,-0.018627,-0.322198,-1.389947,0.398587,-0.651983,0.008177,-0.023908,-0.285475,-1.384787,-0.666437,0.757165,0.034256,0.014970
13.033333,0.000093,0.045235,-0.008745,-0.330794,-1.389947,0.383885,-0.646864,-0.001762,-0.016596,-0.289130,-1.403979,-0.650462,0.737307,0.023903,0.007198
13.066667,-0.006285,0.048671,-0.013722,-0.318388,-1.389947,0.363496,-0.645437,-0.009821,-0.011005,-0.292641,-1.403979,-0.630983,0.727132,0.017494,0.003076
13.100000,-0.002717,0.052850,-0.010345,-0.320442,-1.389946,0.371920,-0.643444,-0.012596,-0.003977,-0.296322,-1.409005,-0.642805,0.740553,0.019193,0.013270
13.133333,-0.000378,0.048696,0.006798,-0.318672,-1.402907,0.346537,-0.638580,-0.029034,-0.005704,-0.278715,-1.406663,-0.637358,0.716967,0.007508,0.013530
13.166667,-0.003973,0.058884,0.009915,-0.318313,-1.399632,0.347372,-0.629327,-0.033938,-0.004419,-0.282328,-1.388323,-0.625769,0.709473,-0.004968,0.014719
13.200000,-0.006891,0.057776,0.014559,-0.322920,-1.399632,0.360744,-0.638587,-0.026705,-0.006744,-0.277693,-1.386414,-0.643453,0.701630,-0.007510,0.025935
13.233333,0.007869,0.042117,0.019708,-0.337569,-1.399632,0.372518,-0.645290,-0.022356,-0.014573,-0.280749,-1.386414,-0.651776,0.692754,-0.004835,0.025910
13.266667,0.013835,0.040637,0.016349,-0.330953,-1.399632,0.361485,-0.632370,-0.011591,-0.010644,-0.280946,-1.387409,-0.638217,0.686510,-0.023518,0.017536
13.300000,0.020298,0.038956,0.012024,-0.327550,-1.404927,0.374498,-0.632155,-0.009078,-0.013897,-0.288841,-1.382352,-0.660683,0.694649,-0.023101,0.020466
13.333333,0.021152,0.022691,0.020133,-0.338746,-1.410000,0.368229,-0.643196,-0.002226,-0.010800,-0.294794,-1.400691,-0.664136,0.708464,-0.013154,0.011168
13.366667,0.035395,0.016999,0.017859,-0.350363,-1.410000,0.349670,-0.641192,-0.006331,-0.005859,-0.322915,-1.402600,-0.657436,0.755027,-0.019679,-0.009480
13.400000,0.025354,0.020052,0.016270,-0.353715,-1.410000,0.355114,-0.641997,-0.000247,0.000425,-0.324558,-1.402600,-0.662996,0.772579,-0.021205,-0.009034
13.433333,0.023417,0.019337,0.021630,-0.350694,-1.406745,0.383366,-0.646498,-0.009919,-0.005463,-0.326989,-1.394962,-0.687617,0.770547,-0.004035,-0.013164
13.466667,0.032273,0.022105,0.024876,-0.331597,-1.391766,0.421381,-0.627200,-0.000850,0.003608,-0.325326,-1.393057,-0.697479,0.762364,-0.008687,-0.005586
13.500000,0.039731,0.028267,0.026615,-0.313518,-1.391766,0.438676,-0.623314,-0.003632,-0.006139,-0.317072,-1.393057,-0.711325,0.743096,-0.009838,-0.000543
13.533333,0.019559,0.033724,0.015172,-0.298870,-1.391766,0.455724,-0.632131,-0.009454,-0.013391,-0.286653,-1.381914,-0.724111,0.710907,0.000061,0.014359
13.566667,0.011351,0.044035,0.010306,-0.310286,-1.390992,0.464345,-0.642589,-0.011271,-0.002210,-0.283860,-1.381914,-0.734589,0.718719,-0.001461,0.028129
13.600000,0.013918,0.046105,0.009773,-0.327032,-1.394247,0.453530,-0.649350,-0.009740,0.007454,-0.281427,-1.389552,-0.744190,0.733613,-0.000398,0.038201
13.633333,-0.001575,0.039397,0.000755,-0.341043,-1.409226,0.414300,-0.674700,-0.011528,-0.003897,-0.283884,-1.394006,-0.739604,0.748928,0.008464,0.027491
13.666667,0.002128,0.037399,-0.019181,-0.336281,-1.409226,0.412931,-0.672196,-0.002955,0.002774,-0.288042,-1.394006,-0.756772,0.782146,0.011597,0.026379
13.700000,0.012816,0.036460,-0.004985,-0.342705,-1.409226,0.425619,-0.668525,0.001198,0.005617,-0.305573,-1.405149,-0.774890,0.796245,0.017243,0.027672
13.733333,0.023998,0.025500,0.000005,-0.316457,-1.409717,0.418814,-0.652133,-0.000806,-0.005446,-0.316259,-1.405149,-0.786630,0.777735,0.018647,0.012941
13.766667,0.017963,0.028282,-0.005931,-0.308224,-1.409717,0.431446,-0.648671,-0.002671,-0.003073,-0.325635,-1.405149,-0.781615,0.784731,0.017674,0.011785
13.800000,0.022328,0.028907,0.001501,-0.311781,-1.409717,0.440450,-0.653022,-0.007282,0.000295,-0.325093,-1.409199,-0.803004,0.792884,0.017095,0.012501
13.833333,0.017092,0.029702,0.015240,-0.329300,-1.409598,0.427473,-0.659747,-0.017400,0.000520,-0.338595,-1.408720,-0.813876,0.772943,0.017190,0.015413
13.866667,0.005670,0.035158,0.012677,-0.331039,-1.408613,0.419905,-0.644552,-0.015191,0.008513,-0.337827,-1.396484,-0.829581,0.767370,0.009856,0.005562
13.900000,0.000466,0.036911,0.014089,-0.339861,-1.408896,0.437951,-0.647149,-0.011841,0.009210,-0.337782,-1.396484,-0.845514,0.780452,0.011050,0.005237
13.933333,0.000534,0.030954,0.021066,-0.348496,-1.408896,0.420708,-0.655776,-0.005943,0.006751,-0.345865,-1.396484,-0.863884,0.779470,0.016060,0.006965
13.966667,-0.001331,0.040190,0.012433,-0.348140,-1.408896,0.408501,-0.648413,-0.007837,0.010269,-0.369622,-1.391017,-0.870258,0.792969,0.007261,0.011359
14.000000,-0.011588,0.038044,0.008497,-0.337171,-1.409016,0.414954,-0.651631,-0.005366,0.005405,-0.366708,-1.391495,-0.868116,0.798527,0.003597,0.007154
14.033333,0.005640,0.032699,0.007150,-0.332336,-1.410000,0.404813,-0.662353,-0.012875,-0.005578,-0.382018,-1.403731,-0.862338,0.810116,0.000612,0.003190
14.066667,0.011687,0.033205,-0.000689,-0.339372,-1.404746,0.390862,-0.663082,-0.011978,0.002197,-0.391820,-1.403731,-0.854418,0.820424,-0.020490,0.009120
14.100000,0.013004,0.033221,-0.004021,-0.329664,-1.404746,0.392260,-0.662606,-0.014462,-0.007691,-0.378598,-1.403731,-0.854222,0.808903,-0.028350,0.007499
14.133333,0.015950,0.023359,0.000943,-0.326328,-1.395618,0.409876,-0.659860,-0.018124,-0.012898,-0.366566,-1.397247,-0.854638,0.791151,-0.020814,-0.005516
14.166667,0.029813,0.020683,0.000556,-0.334682,-1.385087,0.405092,-0.670240,-0.022867,-0.020473,-0.370730,-1.397247,-0.851132,0.783822,-0.026046,-0.009048
14.200000,0.026175,0.019505,0.003109,-0.340742,-1.385087,0.415351,-0.676776,-0.017026,-0.017799,-0.362223,-1.397247,-0.850216,0.776862,-0.019583,-0.000743
14.233333,0.021525,0.025213,0.015103,-0.330921,-1.385419,0.434678,-0.666062,-0.015323,-0.024410,-0.354653,-1.397247,-0.849475,0.767566,0.000553,-0.002628
14.266667,0.041128,0.039662,0.025059,-0.343444,-1.375359,0.451463,-0.637593,-0.010080,-0.000222,-0.346243,-1.397247,-0.847210,0.784258,-0.005456,0.002352
14.300000,0.041236,0.044995,0.034185,-0.350068,-1.384487,0.447674,-0.629430,-0.006602,0.006301,-0.337792,-1.409277,-0.841704,0.782962,-0.006555,0.010316
14.333333,0.030698,0.048301,0.025086,-0.340478,-1.387259,0.450959,-0.616650,0.003536,0.010436,-0.327836,-1.409277,-0.838116,0.799593,-0.001519,0.017728
14.366667,0.024759,0.058882,0.026076,-0.350095,-1.387259,0.476328,-0.603211,-0.005609,0.021233,-0.323952,-1.409276,-0.837681,0.827497,-0.001113,0.023959
14.400000,0.027943,0.051055,0.024648,-0.357406,-1.392181,0.469148,-0.618436,-0.010011,0.017496,-0.316545,-1.409276,-0.832115,0.832970,-0.000084,0.023510
14.433333,0.012083,0.041732,0.009415,-0.349444,-1.402242,0.476886,-0.658591,-0.014508,0.003310,-0.332159,-1.397390,-0.810852,0.816358,0.012738,0.020943
14.466667,0.008850,0.043379,-0.002631,-0.355272,-1.402242,0.488706,-0.686848,-0.011276,-0.001433,-0.320555,-1.391489,-0.802583,0.809239,0.007623,0.032333
14.500000,0.007306,0.041536,0.009971,-0.365094,-1.410000,0.497223,-0.694718,-0.014657,0.004977,-0.318436,-1.391489,-0.783352,0.790073,0.007773,0.029046
14.533333,0.010155,0.035562,0.006078,-0.338781,-1.410000,0.483776,-0.714432,-0.005203,0.001010,-0.312620,-1.391489,-0.764835,0.739470,0.006187,0.024759
14.566667,0.006595,0.032837,0.004631,-0.340937,-1.410000,0.487939,-0.718745,0.001535,0.011920,-0.311647,-1.391489,-0.754372,0.728867,-0.004040,0.030214
14.600000,0.003834,0.026119,0.009587,-0.339329,-1.410000,0.476872,-0.714574,0.000224,0.003127,-0.301038,-1.403375,-0.748611,0.720064,-0.008243,0.023159
14.633333,0.007343,0.021411,0.018383,-0.339740,-1.390597,0.472600,-0.700615,-0.005153,0.005470,-0.317910,-1.395904,-0.745814,0.718389,-0.001408,0.006797
14.666667,0.009827,0.025012,0.012167,-0.338964,-1.373825,0.492418,-0.693179,-0.002302,0.010459,-0.332746,-1.395904,-0.754277,0.722189,-0.005553,-0.000001
14.700000,0.008197,0.021245,0.013929,-0.351701,-1.373825,0.494201,-0.688890,-0.003737,0.005169,-0.332606,-1.395904,-0.746473,0.734562,-0.003129,-0.002059
14.733333,0.016623,0.021155,0.006467,-0.339480,-1.373825,0.493434,-0.663330,-0.007464,-0.001260,-0.348635,-1.395904,-0.752757,0.746934,0.002856,-0.011198
14.766667,0.019220,0.023885,-0.002774,-0.334467,-1.373825,0.475458,-0.654011,-0.008364,-0.001316,-0.348140,-1.395904,-0.760586,0.752931,0.002370,-0.006075
14.800000,0.015090,0.025735,-0.004739,-0.327396,-1.393228,0.461253,-0.650073,-0.007483,-0.001913,-0.340894,-1.408150,-0.760226,0.764717,0.000761,-0.003244
14.833333,0.011994,0.020437,0.002301,-0.327340,-1.395224,0.419078,-0.652826,-0.007781,-0.008909,-0.334212,-1.401435,-0.758413,0.769271,-0.001539,0.009182
14.866667,0.014739,0.028110,0.004976,-0.350030,-1.392252,0.384029,-0.641854,-0.007354,0.001957,-0.339530,-1.401435,-0.764543,0.796689,-0.006513,0.012643
14.900000,0.007680,0.030172,0.012334,-0.361114,-1.392252,0.363692,-0.656189,-0.011884,-0.001004,-0.326726,-1.399715,-0.770541,0.788176,-0.002827,0.013912
14.933333,0.004697,0.027237,0.021715,-0.365118,-1.392252,0.363355,-0.657837,-0.011341,0.000414,-0.333921,-1.397994,-0.782803,0.796230,-0.001371,0.009105
14.966667,0.012016,0.023681,0.022672,-0.356700,-1.372252,0.379733,-0.674443,0.000302,-0.002102,-0.356550,-1.378123,-0.807422,0.818812,0.005945,0.004985
15.000000,0.021771,0.026368,0.021411,-0.359977,-1.386061,0.424081,-0.690811,-0.000560,0.005848,-0.394715,-1.361270,-0.856551,0.862881,0.003865,0.000487
15.033333,0.021610,0.020573,0.016745,-0.346805,-1.389033,0.492839,-0.720243,-0.002399,-0.005213,-0.456592,-1.345792,-0.927340,0.905206,0.007554,-0.005412
15.066667,0.015342,0.025395,0.008649,-0.353500,-1.388765,0.554877,-0.744878,-0.003774,-0.003279,-0.536592,-1.317828,-1.007340,0.979205,0.010218,-0.010359
15.100000,0.018544,0.028341,0.000997,-0.359669,-1.376127,0.612930,-0.769506,-0.010636,-0.005075,-0.626450,-1.300733,-1.107340,1.039479,0.007778,-0.009123
15.133333,0.013182,0.032820,-0.002212,-0.378083,-1.396127,0.644523,-0.775501,-0.023175,-0.003611,-0.697919,-1.305216,-1.207340,1.078297,-0.001571,-0.006623
15.166667,-0.007511,0.035221,-0.021242,-0.368803,-1.392237,0.675794,-0.771774,-0.022447,-0.021036,-0.749699,-1.293978,-1.307340,1.100165,0.006799,-0.013199
15.200000,-0.006487,0.039149,-0.028614,-0.376231,-1.377938,0.693228,-0.765742,-0.018833,-0.024378,-0.775308,-1.294651,-1.407340,1.102076,0.014499,-0.000992
15.233333,0.000044,0.035723,-0.023153,-0.374731,-1.378205,0.682046,-0.767033,-0.018405,-0.028286,-0.787217,-1.309195,-1.507340,1.084778,0.008950,0.002843
15.266667,-0.006140,0.037774,-0.028643,-0.357628,-1.390844,0.654849,-0.764073,-0.011119,-0.040041,-0.779416,-1.296429,-1.574440,1.073329,-0.002435,0.007868
15.300000,-0.009775,0.047860,-0.029741,-0.355193,-1.390844,0.654112,-0.763454,-0.009023,-0.033604,-0.781361,-1.302086,-1.641540,1.083335,0.000952,0.019312
15.333333,0.004295,0.045682,-0.012499,-0.367662,-1.393291,0.631662,-0.770913,-0.013902,-0.025914,-0.780361,-1.324834,-1.686594,1.074696,-0.001375,0.019841
15.366667,0.010910,0.042211,-0.005492,-0.355878,-1.385181,0.601758,-0.756884,-0.007589,-0.011078,-0.787116,-1.320372,-1.712969,1.058212,-0.019848,0.008706
15.400000,0.012476,0.055705,-0.004939,-0.354523,-1.382771,0.604120,-0.750672,-0.012210,-0.009643,-0.773859,-1.299056,-1.739344,1.046029,-0.027690,0.019909
15.433333,0.017950,0.052124,0.006368,-0.376520,-1.380115,0.624020,-0.752916,-0.012575,0.002845,-0.781212,-1.314182,-1.758620,1.054049,-0.015165,0.009669
15.466667,0.025566,0.046414,0.009663,-0.376273,-1.370108,0.629133,-0.760442,-0.011810,-0.003279,-0.796941,-1.316075,-1.761387,1.041466,-0.011164,0.000863
15.500000,0.029077,0.047247,0.007964,-0.387204,-1.372517,0.637415,-0.768755,-0.012690,0.001854,-0.802295,-1.300821,-1.781262,1.039675,-0.009476,0.015958
15.533333,0.023099,0.049062,0.010209,-0.394833,-1.394927,0.653920,-0.788549,-0.023195,-0.008926,-0.801326,-1.311562,-1.780098,1.056073,-0.000599,0.016800
15.566667,0.029994,0.041738,0.015182,-0.406045,-1.397337,0.650844,-0.794125,-0.010112,-0.000916,-0.819207,-1.348018,-1.763343,1.085068,0.006426,0.008128
15.600000,0.031865,0.044412,0.022253,-0.414217,-1.399992,0.656344,-0.786794,-0.003557,0.008424,-0.836873,-1.364473,-1.781178,1.097855,0.001254,0.012453
15.633333,0.026588,0.038772,0.020589,-0.420948,-1.403147,0.654964,-0.785195,-0.006127,0.007625,-0.817856,-1.359173,-1.785019,1.091244,-0.004776,0.011809
15.666667,0.025470,0.038803,0.022875,-0.406881,-1.393834,0.672449,-0.762885,-0.002500,0.008216,-0.831850,-1.377194,-1.776817,1.108687,-0.008695,-0.008471
15.700000,0.033666,0.034671,0.019327,-0.399642,-1.384420,0.676375,-0.761337,-0.003023,-0.003780,-0.852068,-1.385720,-1.796764,1.110947,-0.007146,-0.011863
15.733333,0.026293,0.028735,0.014968,-0.393099,-1.382182,0.684428,-0.764581,-0.010167,-0.009956,-0.849650,-1.372900,-1.801347,1.092086,-0.002738,-0.012874
15.766667,0.020457,0.030450,0.001561,-0.369717,-1.367455,0.692033,-0.756945,-0.009607,-0.010053,-0.833105,-1.346798,-1.786305,1.075905,-0.008515,-0.011931
15.800000,0.019540,0.040139,0.004167,-0.370022,-1.360186,0.698819,-0.747235,-0.004599,0.002254,-0.829224,-1.351232,-1.782018,1.072308,-0.006778,-0.003323
15.833333,0.014980,0.036604,0.000398,-0.369393,-1.368755,0.680367,-0.763344,-0.004201,-0.004223,-0.815664,-1.354409,-1.779208,1.060547,-0.001939,0.003044
15.866667,0.001304,0.032296,-0.010732,-0.357853,-1.372786,0.673693,-0.761277,0.007937,0.000883,-0.787273,-1.328295,-1.760574,1.064250,0.005554,0.012395
15.900000,0.002681,0.042465,-0.012565,-0.352603,-1.375024,0.669867,-0.758509,0.009141,-0.004543,-0.780689,-1.335002,-1.762042,1.077747,0.008288,0.014586
15.933333,-0.000619,0.039138,-0.008550,-0.365303,-1.389268,0.651612,-0.773567,0.001469,-0.020494,-0.780876,-1.338399,-1.754178,1.075700,0.019478,0.009679
15.966667,-0.003326,0.037209,-0.025856,-0.364486,-1.382906,0.655843,-0.781731,0.011643,-0.028591,-0.802895,-1.346247,-1.743542,1.101069,0.027755,0.000758
16.000000,0.002411,0.044584,-0.027926,-0.368099,-1.374128,0.656658,-0.777205,0.008738,-0.024245,-0.794594,-1.335078,-1.748411,1.110979,0.030989,0.007991
16.033333,0.005669,0.053440,-0.017451,-0.375534,-1.379511,0.640783,-0.770375,-0.000713,-0.017458,-0.801354,-1.351664,-1.745628,1.101907,0.020930,0.000030
16.066667,-0.001409,0.056488,-0.021415,-0.364279,-1.379511,0.618192,-0.765320,-0.009175,-0.011325,-0.809421,-1.342697,-1.737690,1.102028,0.016718,-0.004277
16.100000,0.001963,0.060483,-0.017962,-0.365395,-1.379994,0.624363,-0.761603,-0.011634,-0.003845,-0.815164,-1.344817,-1.757167,1.125291,0.017977,0.005647
16.133333,0.004818,0.055969,-0.000795,-0.361720,-1.389499,0.593819,-0.755272,-0.028583,-0.006093,-0.800237,-1.323499,-1.761299,1.113085,0.005889,0.006270
16.166667,0.001301,0.066002,0.002452,-0.360524,-1.388643,0.591932,-0.743288,-0.033391,-0.004166,-0.804456,-1.302978,-1.749237,1.112160,-0.006243,0.007372
16.200000,-0.001985,0.064761,0.007092,-0.364161,-1.386225,0.603006,-0.749659,-0.027822,-0.006291,-0.804204,-1.287096,-1.772220,1.113383,-0.009285,0.017700
16.233333,0.013217,0.049727,0.011893,-0.376546,-1.384392,0.610635,-0.753711,-0.022767,-0.014267,-0.807958,-1.290983,-1.779576,1.111626,-0.007496,0.016670
16.266667,0.019364,0.048693,0.009185,-0.366024,-1.381898,0.596150,-0.738188,-0.012038,-0.009869,-0.811432,-1.303078,-1.771515,1.110040,-0.026680,0.007043
16.300000,0.025884,0.047332,0.004815,-0.361394,-1.392876,0.605739,-0.735581,-0.009085,-0.013673,-0.820996,-1.298610,-1.792376,1.122965,-0.026136,0.009624
16.333333,0.027241,0.031489,0.012502,-0.371229,-1.402398,0.593590,-0.745167,-0.001861,-0.011120,-0.828922,-1.327923,-1.796341,1.141877,-0.016522,0.000185
16.366667,0.041240,0.023883,0.010242,-0.381348,-1.401992,0.568479,-0.741335,-0.005187,-0.006966,-0.854496,-1.335851,-1.779221,1.188698,-0.023048,-0.019732
16.400000,0.031235,0.026892,0.008304,-0.382507,-1.403825,0.568349,-0.740674,0.000728,-0.001494,-0.855082,-1.340966,-1.778503,1.207202,-0.025286,-0.017962
16.433333,0.028903,0.025936,0.012815,-0.378575,-1.397485,0.587982,-0.743986,-0.009510,-0.008118,-0.853254,-1.323380,-1.782824,1.203212,-0.008336,-0.020834
16.466667,0.037144,0.028408,0.015753,-0.359334,-1.376099,0.620256,-0.724330,-0.000195,0.000663,-0.847653,-1.323326,-1.779460,1.191800,-0.013276,-0.012547
16.500000,0.043846,0.034266,0.017504,-0.339896,-1.375195,0.634268,-0.721196,-0.003523,-0.009747,-0.837656,-1.312223,-1.787175,1.168468,-0.014161,-0.007400
16.533333,0.024859,0.041194,0.006380,-0.322926,-1.378020,0.648281,-0.731661,-0.009443,-0.016291,-0.807207,-1.296744,-1.794590,1.131583,-0.004939,0.007350
16.566667,0.017546,0.051962,0.002064,-0.332922,-1.367209,0.653142,-0.744828,-0.012177,-0.003911,-0.804924,-1.289859,-1.799848,1.134698,-0.008243,0.020399
16.600000,0.019821,0.053938,0.001731,-0.348487,-1.369788,0.638357,-0.754022,-0.010739,0.006001,-0.802891,-1.311106,-1.809421,1.145614,-0.006458,0.029619
16.633333,0.003952,0.045869,-0.007107,-0.360170,-1.379753,0.593961,-0.783161,-0.012458,-0.004830,-0.804676,-1.318327,-1.797755,1.154508,0.002405,0.018720
16.666667,0.007675,0.044240,-0.026994,-0.353413,-1.368071,0.588082,-0.784579,-0.003052,0.002944,-0.808790,-1.335299,-1.806221,1.182427,0.005986,0.017937
16.700000,0.017593,0.043554,-0.012866,-0.358170,-1.359463,0.594511,-0.785207,0.001531,0.005583,-0.825337,-1.355945,-1.817849,1.190774,0.012555,0.019454
16.733333,0.027541,0.032488,-0.007742,-0.330051,-1.351506,0.580370,-0.773995,-0.000690,-0.005335,-0.835135,-1.366730,-1.818015,1.165840,0.016105,0.004810
16.766667,0.021752,0.034930,-0.013926,-0.319809,-1.356484,0.588181,-0.776105,-0.001893,-0.003432,-0.843879,-1.361552,-1.801301,1.169031,0.015339,0.004878
16.800000,0.026458,0.037380,-0.006393,-0.321035,-1.357521,0.590730,-0.785216,-0.006374,-0.000094,-0.846465,-1.369126,-1.820423,1.173269,0.015790,0.005895
16.833333,0.021711,0.038120,0.007502,-0.335596,-1.347920,0.569436,-0.796668,-0.016839,-0.000004,-0.859605,-1.360411,-1.822469,1.147961,0.015742,0.009149
16.866667,0.011094,0.043484,0.004979,-0.334134,-1.328456,0.553563,-0.786359,-0.014233,0.007883,-0.858087,-1.350089,-1.826076,1.136945,0.009309,-0.000649
16.900000,0.006238,0.045241,0.005778,-0.339472,-1.331437,0.564009,-0.794370,-0.009608,0.007949,-0.858377,-1.343953,-1.836810,1.145638,0.010474,-0.000084
16.933333,0.006702,0.040045,0.013640,-0.344096,-1.305917,0.537378,-0.809527,-0.004404,0.005780,-0.867682,-1.353962,-1.849862,1.138263,0.015839,0.001877
16.966667,0.004309,0.049330,0.005377,-0.338703,-1.293625,0.517162,-0.810718,-0.006213,0.009660,-0.892030,-1.354180,-1.851370,1.149343,0.007326,0.006058
17.000000,-0.006567,0.047642,0.001852,-0.321792,-1.287513,0.512634,-0.824846,-0.003678,0.004810,-0.893233,-1.359227,-1.849491,1.152606,0.003970,0.001660
17.033333,0.009801,0.042638,0.001323,-0.309402,-1.275436,0.490378,-0.850442,-0.011547,-0.006247,-0.913359,-1.380809,-1.847408,1.163883,0.000761,-0.001590
17.066667,0.015938,0.043132,-0.005777,-0.306081,-1.237395,0.459447,-0.869822,-0.010486,0.000929,-0.929623,-1.389123,-1.844816,1.172953,-0.020011,0.004870
17.100000,0.016224,0.043474,-0.008355,-0.282702,-1.221795,0.440462,-0.893972,-0.012060,-0.009078,-0.924474,-1.386672,-1.852376,1.161046,-0.027815,0.003290
17.133333,0.019135,0.031669,-0.002698,-0.264334,-1.182075,0.436364,-0.919909,-0.015558,-0.014397,-0.918134,-1.384882,-1.853307,1.139568,-0.020460,-0.008450
17.166667,0.032202,0.029492,-0.002436,-0.254755,-1.137423,0.408493,-0.961987,-0.020308,-0.022707,-0.931222,-1.391173,-1.856025,1.129973,-0.025614,-0.011314
17.200000,0.026905,0.028847,0.000361,-0.241981,-1.113770,0.395796,-1.008466,-0.014802,-0.019826,-0.932321,-1.392227,-1.861955,1.120045,-0.018775,-0.002985
17.233333,0.020640,0.035181,0.012234,-0.216878,-1.095251,0.398812,-1.034085,-0.013461,-0.026575,-0.930229,-1.392227,-1.861251,1.107061,0.001828,-0.005059
17.266667,0.039490,0.049575,0.022348,-0.217193,-1.054760,0.404698,-1.036467,-0.008383,-0.002835,-0.928723,-1.394677,-1.865486,1.121684,-0.004154,-0.000296
17.300000,0.038898,0.057426,0.031798,-0.215958,-1.050337,0.392885,-1.052346,-0.005407,0.003003,-0.929995,-1.409761,-1.873727,1.120631,-0.005217,0.007121
17.333333,0.028482,0.060452,0.023872,-0.202187,-1.040066,0.394080,-1.065725,0.005336,0.007977,-0.927123,-1.409761,-1.881484,1.136190,0.001059,0.013118
17.366667,0.023347,0.071223,0.024537,-0.211828,-1.032130,0.420101,-1.062017,-0.003069,0.018152,-0.928563,-1.409761,-1.891096,1.162902,0.001713,0.019872
17.400000,0.027019,0.063135,0.023744,-0.224349,-1.042685,0.422661,-1.086010,-0.007386,0.014889,-0.929722,-1.409761,-1.905010,1.168448,0.002052,0.019598
17.433333,0.011598,0.053844,0.008141,-0.225814,-1.060663,0.443788,-1.126785,-0.011971,0.000886,-0.948767,-1.399411,-1.896167,1.155600,0.014827,0.018176
17.466667,0.008683,0.055120,-0.003896,-0.240674,-1.064418,0.472398,-1.158201,-0.008510,-0.003512,-0.942809,-1.392380,-1.903517,1.153156,0.010021,0.029478
17.500000,0.007447,0.053103,0.008258,-0.260124,-1.084304,0.497774,-1.161193,-0.012916,0.002436,-0.945361,-1.392380,-1.902686,1.139914,0.008906,0.026811
17.533333,0.009742,0.046402,0.005037,-0.244151,-1.102048,0.503007,-1.175897,-0.003538,-0.001481,-0.941385,-1.392380,-1.897812,1.095404,0.007198,0.021791
17.566667,0.006250,0.043111,0.002822,-0.253120,-1.122166,0.519580,-1.171259,0.003900,0.009303,-0.941521,-1.392380,-1.898130,1.090894,-0.002568,0.026396
17.600000,0.003274,0.036434,0.007757,-0.256918,-1.130585,0.520187,-1.162880,0.003003,0.000449,-0.934295,-1.402730,-1.906571,1.083746,-0.006244,0.017972
17.633333,0.006905,0.031729,0.016329,-0.263258,-1.117159,0.526341,-1.138418,-0.001983,0.002962,-0.947250,-1.394842,-1.903056,1.080305,0.000243,0.000927
17.666667,0.009261,0.035144,0.008947,-0.274147,-1.107361,0.556129,-1.115436,0.001731,0.007428,-0.954154,-1.394842,-1.904852,1.081349,-0.004319,-0.006098
17.700000,0.008565,0.031664,0.009756,-0.300360,-1.107366,0.575013,-1.095545,0.000319,0.002644,-0.946747,-1.392692,-1.891406,1.088499,-0.002200,-0.008832
17.733333,0.017792,0.031423,0.002936,-0.300788,-1.095973,0.598410,-1.057042,-0.004402,-0.003491,-0.954705,-1.392692,-1.883143,1.095649,0.003984,-0.018159
17.766667,0.021408,0.033999,-0.007260,-0.311932,-1.119399,0.605049,-1.025587,-0.004805,-0.003050,-0.946586,-1.392692,-1.875319,1.093970,0.002929,-0.013405
17.800000,0.018013,0.035648,-0.010593,-0.325515,-1.166980,0.629841,-0.992627,-0.004142,-0.003314,-0.921631,-1.402270,-1.853138,1.094022,0.000853,-0.010637
17.833333,0.015572,0.030346,-0.004474,-0.341647,-1.192059,0.628850,-0.970481,-0.005604,-0.009750,-0.900052,-1.391539,-1.828173,1.087161,-0.002031,0.001954
17.866667,0.018601,0.036669,-0.003244,-0.377878,-1.211434,0.629130,-0.935785,-0.006360,0.001118,-0.889232,-1.393689,-1.808520,1.105462,-0.007980,0.005040
17.900000,0.011306,0.039250,0.002529,-0.401407,-1.242986,0.637017,-0.925676,-0.010880,-0.001896,-0.858514,-1.387342,-1.792246,1.086327,-0.006072,0.006156
17.933333,0.008198,0.036268,0.011332,-0.415648,-1.254538,0.661864,-0.913475,-0.011438,-0.000515,-0.847796,-1.380996,-1.782658,1.086490,-0.005999,0.001514
17.966667,0.012731,0.030587,0.017565,-0.438208,-1.241934,0.686799,-0.928221,0.002354,-0.005320,-0.825249,-1.360230,-1.759385,1.101473,0.003323,-0.000622
18.000000,0.019981,0.031105,0.022001,-0.477296,-1.229330,0.737516,-0.961599,0.003997,0.002086,-0.778734,-1.324614,-1.722805,1.130449,0.002843,-0.003655
18.033333,0.016869,0.025813,0.021801,-0.516384,-1.182430,0.818011,-1.026187,0.006342,-0.011418,-0.718836,-1.258268,-1.671998,1.139945,0.008540,-0.005642
18.066667,0.008714,0.029071,0.018310,-0.595472,-1.102430,0.898506,-1.106187,0.008869,-0.010664,-0.638836,-1.178268,-1.591998,1.182516,0.013948,-0.007254
18.100000,0.011130,0.029381,0.015546,-0.695472,-1.002430,0.998506,-1.206187,0.004797,-0.013462,-0.538836,-1.078268,-1.491998,1.219394,0.012574,-0.003076
18.133333,0.005881,0.034573,0.011463,-0.795472,-0.911272,1.098506,-1.306187,-0.005984,-0.012594,-0.438836,-0.991527,-1.391998,1.241796,0.001925,0.000691
18.166667,-0.015330,0.036989,-0.009497,-0.880237,-0.837869,1.198506,-1.390893,-0.003925,-0.032514,-0.338836,-0.909498,-1.291998,1.259076,0.010052,-0.004449
18.200000,-0.014343,0.038941,-0.015768,-0.965002,-0.772758,1.298506,-1.460949,-0.000963,-0.036064,-0.238836,-0.867470,-1.191998,1.280214,0.017899,0.008707
18.233333,-0.006736,0.035214,-0.009928,-1.025739,-0.744259,1.398507,-1.513712,-0.000766,-0.041659,-0.155137,-0.846791,-1.091998,1.284044,0.011162,0.011854
18.266667,-0.014370,0.038001,-0.015775,-1.046475,-0.744138,1.470531,-1.546475,0.007724,-0.055602,-0.080505,-0.826856,-0.991998,1.285035,0.001447,0.015472
18.300000,-0.018447,0.048645,-0.016664,-1.067212,-0.745263,1.538794,-1.559237,0.010037,-0.049601,-0.039368,-0.833663,-0.891998,1.305988,0.004790,0.028172
18.333333,-0.003306,0.046816,0.001810,-1.085261,-0.745243,1.588323,-1.567294,0.004580,-0.041692,-0.014029,-0.856943,-0.791998,1.300166,0.002513,0.029017
18.366667,0.002528,0.043512,0.008031,-1.078067,-0.736933,1.604472,-1.550054,0.013116,-0.026742,-0.014348,-0.855417,-0.691998,1.269964,-0.016712,0.017422
18.400000,0.001044,0.057021,0.007560,-1.076614,-0.732010,1.614934,-1.548628,0.008533,-0.023758,-0.001285,-0.832542,-0.591998,1.221433,-0.024328,0.029510
18.433333,0.005813,0.053185,0.018883,-1.100674,-0.712870,1.629851,-1.548628,0.009143,-0.008566,-0.015024,-0.848921,-0.491998,1.165596,-0.012945,0.020880
18.466667,0.012891,0.046564,0.021040,-1.101202,-0.693161,1.631250,-1.548628,0.008985,-0.014053,-0.035269,-0.845652,-0.391998,1.069759,-0.008843,0.008914
18.500000,0.014053,0.047430,0.018004,-1.115928,-0.688888,1.632634,-1.548628,0.009545,-0.007091,-0.048271,-0.821197,-0.291998,0.973921,-0.005301,0.022757
18.533333,0.006825,0.050384,0.020206,-1.127417,-0.699280,1.645805,-1.568573,-0.001291,-0.014803,-0.053354,-0.820962,-0.191998,0.892413,0.004346,0.021335
18.566667,0.013513,0.043089,0.025301,-1.145335,-0.691608,1.639259,-1.570000,0.013472,-0.006843,-0.080821,-0.852577,-0.104969,0.843330,0.012089,0.011559
18.600000,0.013946,0.046865,0.031853,-1.158515,-0.688782,1.645008,-1.570000,0.019893,0.002630,-0.101361,-0.860193,-0.047442,0.804748,0.007996,0.014781
18.633333,0.009236,0.041968,0.030315,-1.167952,-0.685591,1.639111,-1.570000,0.016932,0.002435,-0.087050,-0.850287,-0.012995,0.767951,0.004024,0.014436
18.666667,0.008777,0.041610,0.032913,-1.153896,-0.669187,1.651965,-1.560448,0.019677,0.003505,-0.104183,-0.867728,-0.001710,0.771154,-0.001367,-0.005844
18.700000,0.017321,0.036514,0.028968,-1.153135,-0.652873,1.659669,-1.560449,0.017920,-0.010435,-0.118352,-0.873508,-0.005482,0.783774,0.000221,-0.008256
18.733333,0.009850,0.030326,0.024975,-1.144022,-0.647229,1.664432,-1.560449,0.009270,-0.015719,-0.115826,-0.856345,-0.017685,0.776350,0.004309,-0.010278
18.766667,0.005132,0.031106,0.012213,-1.118157,-0.633232,1.666026,-1.547172,0.007713,-0.016483,-0.099373,-0.830245,-0.017096,0.773926,-0.002996,-0.009814
18.800000,0.003112,0.038802,0.015866,-1.119568,-0.626821,1.675013,-1.545180,0.013118,-0.003138,-0.094059,-0.838020,-0.010319,0.785527,-0.002537,-0.000613
18.833333,-0.002334,0.035317,0.011876,-1.121010,-0.632497,1.661262,-1.554732,0.013194,-0.008916,-0.078010,-0.839355,-0.003393,0.785539,0.003354,0.005243
18.866667,-0.015011,0.031224,0.001953,-1.104227,-0.644497,1.648593,-1.550787,0.023765,-0.004272,-0.057101,-0.812936,-0.001831,0.788478,0.009600,0.014338
18.900000,-0.013255,0.041270,0.000204,-1.100813,-0.648332,1.646232,-1.550787,0.025438,-0.009640,-0.052330,-0.817611,-0.005035,0.799746,0.012801,0.018044
18.933333,-0.016594,0.037878,0.003942,-1.114325,-0.657932,1.630858,-1.564064,0.019133,-0.025601,-0.056357,-0.821192,0.001612,0.791351,0.024500,0.013595
18.966667,-0.019644,0.037135,-0.013899,-1.112614,-0.650792,1.634790,-1.566055,0.028919,-0.034626,-0.082511,-0.826688,0.007506,0.804424,0.031531,0.005943
19.000000,-0.012231,0.044329,-0.015929,-1.116823,-0.643454,1.637792,-1.566055,0.026715,-0.031830,-0.079400,-0.817642,-0.003360,0.797945,0.033378,0.013835
19.033333,-0.009255,0.052713,-0.006939,-1.127410,-0.648880,1.626529,-1.568145,0.018696,-0.024887,-0.086933,-0.834229,0.004243,0.772533,0.025940,0.005964
19.066667,-0.015079,0.056927,-0.012574,-1.116542,-0.652664,1.609459,-1.568145,0.009789,-0.019777,-0.096790,-0.820644,0.014516,0.751391,0.018947,0.000847
19.100000,-0.011725,0.060671,-0.009010,-1.116855,-0.672139,1.619795,-1.568145,0.005802,-0.012104,-0.104592,-0.821659,-0.007852,0.756861,0.021118,0.010702
19.133333,-0.007819,0.056030,0.008100,-1.116180,-0.691613,1.594446,-1.568145,-0.010722,-0.013489,-0.089721,-0.799803,-0.013563,0.725053,0.009691,0.010628
19.166667,-0.012079,0.065739,0.011150,-1.110387,-0.696522,1.588621,-1.556125,-0.015891,-0.011928,-0.098187,-0.779761,-0.014006,0.711908,-0.003677,0.012769
19.200000,-0.015573,0.065071,0.015306,-1.117894,-0.681103,1.607923,-1.557980,-0.010504,-0.013255,-0.095507,-0.756425,-0.031321,0.693983,-0.007773,0.023965
19.233333,-0.001216,0.048185,0.020719,-1.131855,-0.669166,1.617518,-1.557981,-0.006241,-0.021704,-0.098695,-0.761326,-0.040364,0.681207,-0.004014,0.025194
19.266667,0.005467,0.047028,0.015700,-1.129736,-0.632694,1.609812,-1.547352,0.006938,-0.018458,-0.097344,-0.759521,-0.018976,0.660238,-0.023825,0.016523
19.300000,0.011247,0.046134,0.010586,-1.130664,-0.627817,1.627139,-1.547352,0.010746,-0.022385,-0.107202,-0.743372,-0.033568,0.652963,-0.023367,0.018941
19.333333,0.010828,0.030880,0.017869,-1.149423,-0.624128,1.629062,-1.559371,0.017734,-0.019183,-0.112982,-0.759044,-0.024397,0.645891,-0.011949,0.009359
19.366667,0.023719,0.023164,0.015504,-1.161156,-0.627674,1.609267,-1.559371,0.013406,-0.013800,-0.144140,-0.763021,-0.011454,0.675583,-0.018757,-0.011073
19.400000,0.012519,0.027163,0.012789,-1.169292,-0.629685,1.619865,-1.559371,0.020314,-0.006705,-0.145938,-0.755477,-0.007914,0.675148,-0.020477,-0.011319
19.433333,0.009019,0.026396,0.018428,-1.161693,-0.636590,1.638344,-1.558951,0.008848,-0.011221,-0.153743,-0.736660,-0.030007,0.656294,-0.002292,-0.014853
19.466667,0.016655,0.027802,0.021572,-1.138895,-0.619516,1.669703,-1.541564,0.016407,-0.001953,-0.150671,-0.735138,-0.035595,0.640038,-0.005249,-0.007066
19.500000,0.024434,0.033533,0.022916,-1.120212,-0.620702,1.680608,-1.541381,0.013175,-0.012142,-0.141744,-0.715894,-0.044066,0.613193,-0.004434,-0.003364
19.533333,0.006467,0.040523,0.011044,-1.104620,-0.628707,1.691858,-1.541381,0.007645,-0.020129,-0.107955,-0.687993,-0.050483,0.571334,0.006283,0.010222
19.566667,-0.000433,0.051723,0.006961,-1.114468,-0.611965,1.695498,-1.541381,0.005378,-0.008238,-0.104123,-0.673334,-0.051107,0.569476,0.005487,0.022653
19.600000,0.002215,0.053892,0.006537,-1.134329,-0.612416,1.685896,-1.544169,0.006474,0.000335,-0.094160,-0.686624,-0.050285,0.590557,0.007647,0.031633
19.633333,-0.012624,0.046359,-0.002276,-1.149607,-0.628349,1.644118,-1.561556,0.005044,-0.011592,-0.095986,-0.687833,-0.036938,0.608732,0.015126,0.021158
19.666667,-0.008629,0.044765,-0.021086,-1.142736,-0.627753,1.642339,-1.555757,0.013479,-0.004627,-0.095435,-0.702974,-0.042258,0.649770,0.017125,0.021196
19.700000,0.002046,0.043770,-0.006172,-1.149036,-0.623925,1.653895,-1.555757,0.018660,-0.001701,-0.108904,-0.725891,-0.049402,0.672810,0.021495,0.023031
19.733333,0.013648,0.031797,-0.001531,-1.118634,-0.634345,1.644015,-1.555650,0.014571,-0.012574,-0.115239,-0.737375,-0.051567,0.661883,0.022473,0.008476
19.766667,0.007602,0.033806,-0.007463,-1.106489,-0.655104,1.654977,-1.553046,0.013761,-0.009647,-0.122031,-0.736855,-0.035465,0.668017,0.019545,0.008806
19.800000,0.012939,0.034860,-0.000575,-1.111368,-0.668112,1.669276,-1.553046,0.009937,-0.005436,-0.112766,-0.743282,-0.036482,0.676553,0.020272,0.008884
19.833333,0.009780,0.034680,0.012726,-1.127004,-0.675232,1.657114,-1.558052,0.000209,-0.004497,-0.119577,-0.738597,-0.031780,0.666344,0.020015,0.011548
19.866667,-0.001039,0.039242,0.009933,-1.123626,-0.678174,1.647312,-1.542758,0.003098,0.002753,-0.110814,-0.733239,-0.031786,0.680858,0.013525,0.001568
19.900000,-0.006907,0.040395,0.011751,-1.132674,-0.700460,1.668046,-1.542864,0.006948,0.001558,-0.097950,-0.737166,-0.025208,0.728082,0.014848,0.002267
19.933333,-0.006479,0.034601,0.019142,-1.138586,-0.698494,1.651559,-1.552072,0.011030,-0.002847,-0.090144,-0.754714,-0.015966,0.775305,0.019974,0.004483
19.966667,-0.008270,0.043667,0.011401,-1.133358,-0.710332,1.642385,-1.552072,0.007455,-0.002291,-0.093634,-0.767435,0.011419,0.846740,0.010430,0.009088
20.000000,-0.019616,0.040925,0.008051,-1.118214,-0.731152,1.650569,-1.553048,0.009818,-0.008363,-0.070022,-0.786198,0.047654,0.929993,0.006498,0.004679
20.033333,-0.001930,0.035614,0.007677,-1.109326,-0.745384,1.646207,-1.567348,0.000439,-0.020047,-0.064430,-0.821697,0.089668,1.019911,0.002639,0.001333
20.066667,0.005777,0.035488,-0.000627,-1.109634,-0.737066,1.632905,-1.567348,0.003406,-0.013538,-0.055520,-0.852366,0.127562,1.105243,-0.018911,0.007526
20.100000,0.007848,0.035786,-0.003638,-1.093640,-0.752999,1.635367,-1.565375,0.000281,-0.023223,-0.029944,-0.858623,0.150161,1.158726,-0.026927,0.006508
20.133333,0.011387,0.025667,0.001640,-1.080077,-0.751960,1.642607,-1.557936,-0.003785,-0.026784,-0.014406,-0.869609,0.149600,1.195299,-0.019933,-0.006328
20.166667,0.025388,0.023573,0.001253,-1.082489,-0.746238,1.634819,-1.557936,-0.010264,-0.034797,-0.017466,-0.884085,0.155949,1.221216,-0.024647,-0.009262
20.200000,0.021266,0.022855,0.003608,-1.081085,-0.759148,1.639762,-1.558930,-0.003282,-0.031894,-0.007607,-0.893462,0.158304,1.239561,-0.018128,-0.000301
20.233333,0.015354,0.028692,0.016596,-1.060728,-0.778381,1.655314,-1.542299,-0.002527,-0.037829,-0.005070,-0.895457,0.149591,1.246936,0.002431,-0.002871
20.266667,0.034695,0.041769,0.025483,-1.067051,-0.770534,1.668353,-1.510777,0.005153,-0.014774,0.002747,-0.926996,0.149149,1.283757,-0.002638,0.001861
20.300000,0.035187,0.047587,0.034156,-1.070291,-0.790508,1.667328,-1.503064,0.009265,-0.010291,0.011314,-0.945067,0.157560,1.300315,-0.002998,0.009770
20.333333,0.025489,0.051054,0.024520,-1.056983,-0.795485,1.673169,-1.497481,0.022731,-0.006792,0.025471,-0.949221,0.166855,1.327918,0.002258,0.017004
20.366667,0.019541,0.061961,0.025305,-1.059447,-0.808257,1.694587,-1.475027,0.013405,0.002599,0.022622,-0.950818,0.156863,1.364988,0.002427,0.023725
20.400000,0.024654,0.054159,0.023354,-1.062010,-0.838918,1.682615,-1.486249,0.008861,-0.002831,0.026469,-0.945134,0.156310,1.378873,0.002090,0.023369
20.433333,0.010094,0.044859,0.009454,-1.042359,-0.881605,1.677426,-1.508820,0.003189,-0.016270,-0.001121,-0.913805,0.154536,1.366727,0.013921,0.019197
20.466667,0.006984,0.046258,-0.002412,-1.036857,-0.909106,1.683803,-1.521897,0.007011,-0.019778,0.003368,-0.901571,0.147567,1.370749,0.007623,0.031397
20.500000,0.005883,0.043940,0.010636,-1.026430,-0.965506,1.679322,-1.506868,0.001911,-0.014024,-0.009077,-0.902451,0.142132,1.365199,0.007301,0.026460
20.533333,0.010149,0.036097,0.006960,-0.981299,-1.017082,1.651926,-1.504364,0.011986,-0.018910,-0.011352,-0.914067,0.140916,1.328071,0.005850,0.020591
20.566667,0.006377,0.031896,0.006016,-0.961992,-1.069534,1.639515,-1.480255,0.018785,-0.007807,-0.021989,-0.922470,0.135120,1.330187,-0.004184,0.026630
20.600000,0.003747,0.025014,0.010671,-0.937376,-1.111897,1.615335,-1.447711,0.018070,-0.017150,-0.018096,-0.941791,0.133953,1.330004,-0.008572,0.020169
20.633333,0.008123,0.019217,0.020063,-0.911085,-1.129445,1.585576,-1.400921,0.013709,-0.015950,-0.047538,-0.945558,0.123366,1.325292,-0.001497,0.002314
20.666667,0.010301,0.021637,0.013807,-0.888317,-1.137876,1.583939,-1.360437,0.017523,-0.010324,-0.071246,-0.955499,0.101293,1.315559,-0.007004,-0.002167
20.700000,0.008790,0.017953,0.015702,-0.878097,-1.151130,1.569934,-1.324051,0.015945,-0.013865,-0.078379,-0.957288,0.104460,1.310548,-0.005834,-0.002470
20.733333,0.016798,0.017660,0.007200,-0.847644,-1.145417,1.551318,-1.275194,0.012438,-0.020866,-0.097543,-0.984149,0.098856,1.306293,0.000410,-0.011492
20.766667,0.017899,0.020787,-0.002285,-0.836254,-1.160616,1.527581,-1.260665,0.012474,-0.022073,-0.099134,-0.992149,0.097995,1.292772,-0.000148,-0.004811
20.800000,0.012021,0.023656,-0.005132,-0.829766,-1.182362,1.520992,-1.256420,0.011402,-0.021286,-0.088506,-1.011385,0.103752,1.269852,-0.001646,-0.000201
20.833333,0.009026,0.019406,0.002029,-0.836512,-1.181838,1.492282,-1.269329,0.009479,-0.027585,-0.078822,-1.005729,0.114580,1.242778,-0.005111,0.011507
20.866667,0.009867,0.027351,0.004360,-0.870708,-1.167458,1.476901,-1.279693,0.010217,-0.015655,-0.081509,-1.019317,0.112170,1.241637,-0.009141,0.015349
20.900000,0.001863,0.031297,0.011673,-0.899323,-1.160459,1.484535,-1.320491,0.006124,-0.015953,-0.064203,-0.998461,0.106240,1.200495,-0.005915,0.015338
20.933333,-0.000703,0.029017,0.020339,-0.920573,-1.137688,1.514171,-1.342567,0.006302,-0.012046,-0.066898,-0.993901,0.091504,1.166684,-0.004472,0.008244
20.966667,0.007183,0.025702,0.023494,-0.912157,-1.108371,1.511485,-1.338099,0.021516,-0.011829,-0.088165,-1.014565,0.065988,1.167805,-0.000555,0.006308
21.000000,0.016381,0.028881,0.023853,-0.878233,-1.116391,1.490918,-1.308707,0.024031,-0.000703,-0.124280,-1.044514,0.015283,1.194214,-0.004190,0.004676
21.033333,0.015511,0.024110,0.021079,-0.804309,-1.119519,1.457024,-1.285875,0.024495,-0.009143,-0.184287,-1.062003,-0.054609,1.221545,-0.004901,0.000255
21.066667,0.009497,0.028884,0.016171,-0.724906,-1.118043,1.383130,-1.245117,0.025272,-0.004533,-0.264287,-1.078683,-0.134609,1.288875,-0.006034,0.000668
21.100000,0.012243,0.031562,0.011809,-0.637484,-1.105016,1.283130,-1.202519,0.020233,-0.004190,-0.364287,-1.106257,-0.234609,1.385100,-0.012357,0.006440
21.133333,0.006022,0.036002,0.008920,-0.573196,-1.124533,1.190179,-1.182977,0.008247,-0.002649,-0.464287,-1.114193,-0.334609,1.461325,-0.022074,0.010564
21.166667,-0.015206,0.037505,-0.009378,-0.508908,-1.121733,1.125165,-1.169886,0.010108,-0.020289,-0.552517,-1.099887,-0.434609,1.517550,-0.015584,0.004843
21.200000,-0.013531,0.041124,-0.015760,-0.480628,-1.107367,1.070725,-1.155778,0.013462,-0.024708,-0.615108,-1.098041,-0.534609,1.553775,-0.007159,0.018062
21.233333,-0.007073,0.037328,-0.009741,-0.460719,-1.109128,1.017862,-1.154418,0.014775,-0.029924,-0.665621,-1.108943,-0.634609,1.570000,-0.012755,0.021154
21.266667,-0.013973,0.038636,-0.014396,-0.428828,-1.131930,0.964999,-1.153737,0.024686,-0.042400,-0.688899,-1.090312,-0.734609,1.565294,-0.024351,0.027763
21.300000,-0.018113,0.048794,-0.014375,-0.413803,-1.130273,0.942062,-1.150342,0.028824,-0.036264,-0.705432,-1.091320,-0.834609,1.565294,-0.021495,0.040077
21.333333,-0.004242,0.047477,0.003450,-0.416171,-1.130403,0.908521,-1.161847,0.023179,-0.028708,-0.713497,-1.108029,-0.925311,1.563940,-0.023460,0.041045
21.366667,0.000880,0.043513,0.010557,-0.395974,-1.120849,0.870779,-1.150602,0.029779,-0.013882,-0.731106,-1.098954,-0.994464,1.554710,-0.042465,0.030136
21.400000,0.002489,0.056980,0.011844,-0.385145,-1.115232,0.861300,-1.146345,0.025266,-0.011275,-0.730821,-1.072385,-1.054137,1.549924,-0.050206,0.042557
21.433333,0.008282,0.053719,0.022823,-0.396359,-1.097042,0.865654,-1.145570,0.023927,0.001579,-0.751285,-1.084453,-1.073809,1.554630,-0.037597,0.032412
21.466667,0.016822,0.048136,0.025328,-0.378440,-1.081036,0.843739,-1.146559,0.023618,-0.004792,-0.778495,-1.083906,-1.066314,1.554630,-0.032669,0.022936
21.500000,0.020793,0.048991,0.023557,-0.368443,-1.084341,0.811976,-1.144711,0.023087,-0.000212,-0.793185,-1.065508,-1.054084,1.555984,-0.030503,0.038813
21.533333,0.016113,0.051523,0.027040,-0.345003,-1.098004,0.773838,-1.142863,0.013094,-0.011314,-0.793029,-1.070508,-1.023403,1.565214,-0.021529,0.040425
21.566667,0.022110,0.044821,0.032944,-0.309002,-1.087713,0.705862,-1.109900,0.027421,-0.004856,-0.799438,-1.107362,-0.962202,1.570000,-0.014266,0.032910
21.600000,0.023290,0.048122,0.042297,-0.258524,-1.063140,0.624052,-1.054616,0.034100,0.005042,-0.786136,-1.120697,-0.921347,1.570000,-0.019542,0.037290
21.633333,0.016659,0.042843,0.043351,-0.211411,-1.028299,0.531536,-0.989093,0.032436,0.005612,-0.732834,-1.107084,-0.887471,1.550000,-0.026158,0.038046
21.666667,0.014321,0.043037,0.047214,-0.154067,-0.957337,0.431536,-0.905056,0.036515,0.007829,-0.672290,-1.122915,-0.853197,1.510000,-0.029592,0.018576
21.700000,0.021149,0.039453,0.044083,-0.117655,-0.876018,0.331536,-0.834652,0.035523,-0.002448,-0.608768,-1.131173,-0.841294,1.458690,-0.027444,0.015958
21.733333,0.012778,0.033936,0.040268,-0.099309,-0.800129,0.231536,-0.783509,0.026505,-0.006851,-0.530502,-1.115120,-0.842862,1.394407,-0.022491,0.014715
21.766667,0.007002,0.035871,0.026150,-0.079047,-0.730359,0.141309,-0.732367,0.025597,-0.006984,-0.452183,-1.091709,-0.840010,1.323115,-0.028089,0.016084
21.800000,0.004862,0.045884,0.028146,-0.084552,-0.677481,0.067968,-0.692771,0.028678,0.005043,-0.391429,-1.104230,-0.834993,1.261791,-0.026321,0.024546
21.833333,-0.001531,0.042299,0.024990,-0.088186,-0.655578,0.009923,-0.677426,0.028656,-0.001500,-0.360244,-1.111322,-0.827747,1.229920,-0.022120,0.031645
21.866667,-0.015576,0.036615,0.014362,-0.080395,-0.656498,-0.028673,-0.659574,0.039778,0.003330,-0.329928,-1.088372,-0.814279,1.216449,-0.015424,0.041580
21.900000,-0.015072,0.046743,0.012673,-0.080949,-0.661258,-0.048329,-0.643941,0.040261,-0.002684,-0.322829,-1.097879,-0.813039,1.220254,-0.012350,0.044495
21.933333,-0.019195,0.043553,0.017408,-0.095876,-0.675586,-0.064075,-0.648478,0.033857,-0.019051,-0.325665,-1.102695,-0.802252,1.216671,0.000495,0.040023
21.966667,-0.021612,0.041963,0.001084,-0.096169,-0.673022,-0.056707,-0.658543,0.044888,-0.028312,-0.350936,-1.107551,-0.791922,1.243119,0.009273,0.032529
22.000000,-0.014825,0.050448,-0.000697,-0.098964,-0.677817,-0.050071,-0.659491,0.040837,-0.024907,-0.353499,-1.090121,-0.795444,1.280115,0.012938,0.038613
22.033333,-0.010837,0.060620,0.010707,-0.103508,-0.695758,-0.062886,-0.663691,0.032110,-0.019280,-0.380744,-1.099490,-0.782819,1.313903,0.002220,0.030620
22.066667,-0.016718,0.063721,0.007930,-0.084970,-0.717118,-0.077640,-0.670049,0.024797,-0.014133,-0.422921,-1.082911,-0.744493,1.363387,-0.006224,0.027019
22.100000,-0.013317,0.067456,0.011561,-0.081725,-0.753631,-0.066077,-0.676034,0.021213,-0.005940,-0.467226,-1.077059,-0.708430,1.438262,-0.005798,0.037922
22.133333,-0.009563,0.061659,0.028431,-0.074310,-0.790143,-0.090176,-0.674368,0.004261,-0.007762,-0.489319,-1.051946,-0.654262,1.486528,-0.019023,0.038304
22.166667,-0.012102,0.070432,0.031067,-0.071138,-0.806788,-0.088839,-0.664438,0.000260,-0.006043,-0.525726,-1.032333,-0.582610,1.517294,-0.031995,0.040372
22.200000,-0.015177,0.068839,0.035351,-0.072951,-0.806580,-0.076245,-0.664786,0.006348,-0.007113,-0.544907,-1.014717,-0.531306,1.544248,-0.033889,0.051849
22.233333,0.000372,0.053322,0.038771,-0.089762,-0.806920,-0.066099,-0.660205,0.010691,-0.014429,-0.554297,-1.021046,-0.490241,1.554365,-0.028896,0.050567
22.266667,0.008828,0.052124,0.035877,-0.083484,-0.789929,-0.079508,-0.635827,0.022403,-0.011664,-0.555349,-1.034767,-0.448338,1.554366,-0.048613,0.042250
22.300000,0.015330,0.051842,0.030843,-0.087873,-0.810179,-0.065680,-0.611668,0.025046,-0.014997,-0.560290,-1.032184,-0.443947,1.560877,-0.048329,0.043986
22.333333,0.016683,0.036345,0.038182,-0.104012,-0.833521,-0.074003,-0.593329,0.032083,-0.011297,-0.559321,-1.062371,-0.429911,1.564986,-0.037901,0.034175
22.366667,0.030789,0.029624,0.035736,-0.126028,-0.859771,-0.090434,-0.564225,0.028068,-0.007211,-0.577961,-1.079338,-0.421310,1.569026,-0.044932,0.014582
22.400000,0.020450,0.032614,0.033291,-0.136369,-0.887344,-0.086879,-0.535926,0.033751,-0.000769,-0.572387,-1.090820,-0.425701,1.569902,-0.046482,0.015069
22.433333,0.017535,0.031888,0.037445,-0.142438,-0.909571,-0.059768,-0.508293,0.022517,-0.005871,-0.567424,-1.079753,-0.458067,1.559703,-0.028812,0.009299
22.466667,0.025994,0.034311,0.039774,-0.127797,-0.903489,-0.024232,-0.473851,0.030109,0.003210,-0.562832,-1.085037,-0.488325,1.542491,-0.032515,0.016670
22.500000,0.032871,0.040743,0.041564,-0.113061,-0.915845,-0.006546,-0.463477,0.027312,-0.006960,-0.562278,-1.077486,-0.548521,1.532134,-0.033288,0.020932
22.533333,0.013096,0.047160,0.029756,-0.097374,-0.938577,0.007991,-0.467244,0.021073,-0.014134,-0.542443,-1.057888,-0.622934,1.528268,-0.023753,0.033633
22.566667,0.005304,0.057930,0.026336,-0.109261,-0.930703,0.013317,-0.475858,0.019940,-0.002259,-0.550152,-1.045777,-0.714114,1.528268,-0.026983,0.047021
22.600000,0.007827,0.060486,0.025867,-0.128348,-0.941648,0.001706,-0.483806,0.021821,0.007378,-0.557687,-1.061261,-0.809518,1.538467,-0.026742,0.057004
22.633333,-0.007747,0.052401,0.017299,-0.148632,-0.965732,-0.036728,-0.496828,0.021884,-0.003172,-0.561255,-1.064666,-0.907781,1.537073,-0.018447,0.046089
22.666667,-0.003402,0.050105,-0.002878,-0.155359,-0.970818,-0.036191,-0.473093,0.031619,0.004968,-0.547072,-1.080906,-1.001543,1.529173,-0.014487,0.044502
22.700000,0.006827,0.049426,0.010673,-0.179691,-0.967747,-0.024089,-0.429345,0.037314,0.009691,-0.536291,-1.109390,-1.077175,1.494782,-0.008259,0.046321
22.733333,0.019175,0.038203,0.014605,-0.174629,-0.976933,-0.027137,-0.361899,0.036031,0.000534,-0.508881,-1.132169,-1.119787,1.436525,-0.006326,0.032174
22.766667,0.012706,0.040145,0.008282,-0.186263,-0.996502,-0.013248,-0.306191,0.035507,0.004106,-0.477552,-1.144564,-1.126994,1.364648,-0.005725,0.031066
22.800000,0.017024,0.041820,0.015337,-0.208824,-1.003120,-0.005119,-0.254626,0.031395,0.008444,-0.436458,-1.172622,-1.117189,1.291475,-0.004350,0.032953
22.833333,0.012975,0.042705,0.028717,-0.241870,-1.000110,-0.018654,-0.212173,0.021572,0.010056,-0.417844,-1.182025,-1.089778,1.197854,-0.005662,0.037998
22.866667,0.002808,0.046842,0.025433,-0.255271,-0.990806,-0.023426,-0.164188,0.024141,0.018329,-0.390072,-1.184438,-1.061821,1.104234,-0.012014,0.028126
22.900000,-0.003951,0.048700,0.026001,-0.271343,-1.004072,-0.007514,-0.145392,0.026793,0.018365,-0.371300,-1.186844,-1.036854,1.036130,-0.010417,0.028285
22.933333,-0.003890,0.042995,0.032905,-0.285183,-0.991080,-0.023608,-0.134173,0.031410,0.014853,-0.362213,-1.196248,-1.020095,0.989788,-0.005526,0.031247
22.966667,-0.005980,0.051778,0.024562,-0.288534,-0.996453,-0.034552,-0.120714,0.028271,0.018414,-0.372840,-1.185317,-1.004731,0.982332,-0.015655,0.035345
23.000000,-0.018083,0.049311,0.020285,-0.278456,-1.011374,-0.030052,-0.120666,0.028507,0.012509,-0.360158,-1.177694,-0.986075,0.985250,-0.017289,0.029881
23.033333,-0.001309,0.044665,0.019454,-0.272114,-1.021148,-0.042287,-0.131906,0.019393,0.001101,-0.365626,-1.184084,-0.958577,1.019767,-0.021705,0.026622
23.066667,0.004940,0.044120,0.011344,-0.278693,-1.006953,-0.056189,-0.136204,0.019995,0.007608,-0.365688,-1.187104,-0.932572,1.058668,-0.040530,0.032948
23.100000,0.006303,0.044214,0.008056,-0.266691,-1.018741,-0.058408,-0.140331,0.018428,-0.001358,-0.342074,-1.167931,-0.910242,1.072447,-0.049060,0.030214
23.133333,0.009486,0.032365,0.012483,-0.258543,-1.006373,-0.043099,-0.149856,0.014419,-0.007258,-0.320470,-1.157689,-0.883166,1.068086,-0.041334,0.016412
23.166667,0.023771,0.029008,0.012294,-0.262759,-0.988741,-0.051263,-0.173511,0.009740,-0.015658,-0.311266,-1.156298,-0.842362,1.064573,-0.047236,0.012940
23.200000,0.019555,0.027307,0.014735,-0.263259,-0.989959,-0.044693,-0.194729,0.015633,-0.013900,-0.290786,-1.154693,-0.807243,1.057709,-0.039409,0.021394
23.233333,0.014089,0.032993,0.027034,-0.246017,-0.994943,-0.027318,-0.203109,0.016780,-0.021402,-0.271171,-1.145364,-0.767479,1.041070,-0.021683,0.018476
23.266667,0.032845,0.045895,0.036444,-0.249175,-0.968101,-0.015898,-0.195804,0.022518,0.001970,-0.251556,-1.172923,-0.719340,1.047604,-0.026683,0.023449
23.300000,0.033235,0.052954,0.046195,-0.247307,-0.973141,-0.024035,-0.201427,0.027074,0.007788,-0.233204,-1.191105,-0.671134,1.034596,-0.026838,0.031842
23.333333,0.023297,0.056145,0.038304,-0.230256,-0.964313,-0.024339,-0.203049,0.039782,0.012575,-0.213120,-1.197165,-0.633507,1.041490,-0.022000,0.038284
23.366667,0.017203,0.067163,0.039519,-0.232427,-0.959328,-0.002966,-0.204484,0.031085,0.022157,-0.204139,-1.196058,-0.598453,1.060134,-0.022930,0.043748
23.400000,0.020530,0.059086,0.038031,-0.233833,-0.970017,-0.016406,-0.230295,0.027224,0.018082,-0.191245,-1.190218,-0.557585,1.058654,-0.021151,0.043759
23.433333,0.004640,0.050013,0.023009,-0.224541,-0.992839,-0.009154,-0.279371,0.021593,0.004041,-0.206097,-1.150955,-0.516935,1.033157,-0.009635,0.041083
23.466667,0.000938,0.050997,0.011017,-0.225992,-0.999958,-0.001759,-0.311557,0.024311,-0.000290,-0.190891,-1.132100,-0.482028,1.019013,-0.014861,0.052629
23.500000,-0.001024,0.049145,0.022810,-0.233695,-1.028445,0.000902,-0.314327,0.019974,0.005751,-0.189200,-1.125510,-0.435670,0.991352,-0.015683,0.050802
23.533333,0.001103,0.042271,0.018651,-0.206304,-1.054806,-0.016558,-0.327660,0.029653,0.003791,-0.179919,-1.127818,-0.387126,0.932749,-0.015432,0.046115
23.566667,-0.002124,0.039608,0.016892,-0.207188,-1.085568,-0.015362,-0.320358,0.037363,0.016842,-0.177830,-1.123107,-0.349943,0.914145,-0.025637,0.051720
23.600000,-0.004726,0.033755,0.022594,-0.205567,-1.105805,-0.031493,-0.297676,0.037695,0.008482,-0.162744,-1.132029,-0.305191,0.899471,-0.029218,0.045065
23.633333,-0.000278,0.029808,0.031708,-0.209388,-1.106535,-0.035886,-0.271201,0.032416,0.011841,-0.177340,-1.120577,-0.271525,0.894478,-0.024252,0.028429
23.666667,0.001892,0.033068,0.024757,-0.209444,-1.102886,-0.012659,-0.261995,0.035538,0.015973,-0.192409,-1.106555,-0.252867,0.911878,-0.028308,0.021133
23.700000,0.002382,0.029434,0.026655,-0.224255,-1.105870,-0.009312,-0.252492,0.034514,0.009798,-0.190936,-1.074593,-0.218073,0.949513,-0.028047,0.019659
23.733333,0.011215,0.028247,0.018978,-0.213887,-1.090456,-0.002804,-0.227339,0.031456,0.001537,-0.204812,-1.071188,-0.201948,0.987148,-0.022068,0.010158
23.766667,0.014977,0.031234,0.009473,-0.208556,-1.096455,-0.013382,-0.222966,0.029516,0.000497,-0.227947,-1.048673,-0.225068,1.058678,-0.023153,0.015848
23.800000,0.009494,0.034106,0.008306,-0.198507,-1.102454,-0.034424,-0.226676,0.030151,-0.002882,-0.260156,-1.026123,-0.253528,1.147970,-0.026772,0.020048
23.833333,0.006255,0.030125,0.017319,-0.196820,-1.089675,-0.085917,-0.236800,0.028047,-0.011640,-0.306983,-0.972496,-0.306979,1.237263,-0.032595,0.034291
23.866667,0.007071,0.038295,0.020922,-0.211383,-1.052239,-0.133494,-0.253134,0.026647,-0.004400,-0.390991,-0.912496,-0.398012,1.337263,-0.038749,0.037934
23.900000,-0.001990,0.042765,0.030479,-0.215159,-1.006508,-0.181404,-0.307206,0.020242,-0.008905,-0.474999,-0.812496,-0.498012,1.402744,-0.039386,0.041039
23.933333,-0.007389,0.040350,0.041143,-0.215662,-0.949856,-0.209314,-0.349154,0.019997,-0.009251,-0.554999,-0.732496,-0.578012,1.448224,-0.041541,0.037989
23.966667,-0.007910,0.040292,0.041527,-0.213084,-0.913204,-0.229178,-0.383700,0.019640,-0.009545,-0.614999,-0.672496,-0.638012,1.473705,-0.042199,0.038530
