time_sec,joint_pelvisYaw,joint_pelvisPitch,joint_pelvisRoll,joint_lShoulderPitch,joint_lShoulderRoll,joint_lShoulderYaw,joint_lElbow,joint_lWristRoll,joint_lWristPitch,joint_rShoulderPitch,joint_rShoulderRoll,joint_rShoulderYaw,joint_rElbow,joint_rWristRoll,joint_rWristPitch
0.000000,0.023383,0.015455,0.010846,-0.649242,-1.210816,1.315734,-1.339420,0.014452,-0.020765,-0.169176,-0.924167,0.003678,0.930503,-0.015506,-0.016451
0.033333,0.032252,0.011728,0.018247,-0.617851,-1.190456,1.315822,-1.326490,0.027805,-0.009968,-0.207916,-0.912845,-0.012954,0.830503,-0.004243,-0.012199
0.066667,0.022150,0.014267,0.011644,-0.611027,-1.194138,1.327851,-1.330654,0.023045,-0.003525,-0.226115,-0.894232,-0.021174,0.806765,0.003204,-0.016772
0.100000,0.022850,0.014201,0.004825,-0.601378,-1.181655,1.332343,-1.332221,0.010630,-0.004462,-0.237263,-0.891768,-0.040770,0.778351,0.004711,-0.013736
0.133333,0.015100,0.016272,-0.001102,-0.620174,-1.200912,1.327614,-1.348970,-0.004239,-0.002054,-0.242294,-0.887793,-0.020367,0.768795,-0.009728,-0.012412
0.166667,-0.011205,0.018657,-0.025309,-0.609714,-1.195680,1.344456,-1.346437,-0.002485,-0.024212,-0.230670,-0.871547,-0.026649,0.799239,-0.003378,-0.021945
0.200000,-0.011289,0.023168,-0.033904,-0.616722,-1.179995,1.368738,-1.337466,0.001033,-0.028513,-0.210661,-0.869274,-0.065659,0.851552,0.006912,-0.007157
0.233333,-0.002388,0.018876,-0.027754,-0.621844,-1.177595,1.359434,-1.333918,0.002555,-0.034686,-0.194331,-0.888388,-0.077356,0.903865,0.000600,-0.003028
0.266667,-0.009970,0.019207,-0.034838,-0.609791,-1.201928,1.337666,-1.325103,0.015540,-0.050382,-0.165052,-0.871457,-0.092791,0.982723,-0.014924,0.002221
0.300000,-0.015542,0.028557,-0.034803,-0.609293,-1.204942,1.325803,-1.312740,0.019019,-0.046693,-0.142247,-0.876667,-0.148225,1.082723,-0.010844,0.017786
0.333333,0.004840,0.024908,-0.013147,-0.620039,-1.205554,1.292551,-1.311240,0.011375,-0.039352,-0.118252,-0.904370,-0.211967,1.182723,-0.012817,0.018705
0.366667,0.014835,0.017877,-0.004494,-0.605313,-1.196980,1.239497,-1.290036,0.020160,-0.020157,-0.118219,-0.901072,-0.274265,1.255190,-0.035726,0.006841
0.400000,0.016028,0.033489,-0.004926,-0.590453,-1.191079,1.217133,-1.268865,0.014664,-0.019636,-0.087647,-0.872668,-0.367082,1.312312,-0.045116,0.020952
0.433333,0.024934,0.030227,0.008927,-0.597762,-1.175086,1.210172,-1.262591,0.012016,-0.003525,-0.091410,-0.884160,-0.424786,1.365607,-0.028825,0.010365
0.466667,0.037239,0.023586,0.012161,-0.582404,-1.160267,1.201092,-1.263380,0.011168,-0.008120,-0.108010,-0.884747,-0.461484,1.396612,-0.021396,-0.000872
0.500000,0.042192,0.023881,0.009215,-0.587056,-1.172069,1.192427,-1.267131,0.012351,-0.002598,-0.112063,-0.862842,-0.489537,1.402198,-0.015476,0.017897
0.533333,0.036002,0.027844,0.013827,-0.587587,-1.196196,1.200135,-1.280772,-0.000909,-0.016978,-0.103050,-0.871938,-0.479032,1.424761,-0.003565,0.015800
0.566667,0.046104,0.019410,0.021693,-0.601243,-1.206987,1.194267,-1.291435,0.014456,-0.007713,-0.118181,-0.921034,-0.437157,1.459526,0.005699,0.005203
0.600000,0.048364,0.023078,0.030654,-0.613517,-1.221840,1.200375,-1.280072,0.024389,0.004499,-0.128603,-0.949082,-0.417629,1.469688,-0.000185,0.008352
0.633333,0.042988,0.018297,0.027613,-0.624361,-1.233261,1.207735,-1.278308,0.021852,0.004399,-0.099026,-0.948034,-0.382634,1.462140,-0.006898,0.007817
0.666667,0.040561,0.019700,0.031823,-0.613258,-1.224142,1.236068,-1.254006,0.023502,0.005742,-0.106055,-0.976612,-0.339570,1.469058,-0.013090,-0.018680
0.700000,0.050601,0.015884,0.025968,-0.615667,-1.218577,1.252664,-1.245812,0.020740,-0.011755,-0.119850,-0.995731,-0.316101,1.465501,-0.011417,-0.021595
0.733333,0.039747,0.008467,0.020322,-0.614962,-1.220907,1.270481,-1.239024,0.011414,-0.019309,-0.112878,-0.979745,-0.304318,1.435090,-0.006601,-0.021113
0.766667,0.033861,0.010845,0.003569,-0.596260,-1.209211,1.290066,-1.227228,0.007428,-0.019993,-0.089680,-0.949643,-0.287685,1.410296,-0.013959,-0.018873
0.800000,0.029635,0.021312,0.008533,-0.601656,-1.205639,1.304154,-1.208501,0.012562,-0.003959,-0.081931,-0.957507,-0.280357,1.400603,-0.014859,-0.007882
0.833333,0.024116,0.018346,0.002974,-0.607899,-1.216089,1.292959,-1.216970,0.014006,-0.010717,-0.068498,-0.957495,-0.271100,1.396514,-0.010004,0.001198
0.866667,0.009792,0.017705,-0.008133,-0.595066,-1.226764,1.289697,-1.210732,0.029173,-0.003325,-0.039506,-0.926942,-0.263472,1.406868,-0.001079,0.013396
0.900000,0.012148,0.030643,-0.011423,-0.592833,-1.232919,1.287943,-1.207729,0.028961,-0.010257,-0.035596,-0.931493,-0.262526,1.423371,0.002699,0.014950
0.933333,0.009056,0.026244,-0.005916,-0.612122,-1.242602,1.272333,-1.229663,0.021056,-0.029165,-0.042421,-0.932439,-0.245141,1.422689,0.016547,0.009028
0.966667,0.005837,0.022371,-0.030817,-0.622136,-1.235997,1.280793,-1.251331,0.034957,-0.039019,-0.073797,-0.935419,-0.226369,1.446905,0.028848,-0.001589
1.000000,0.016553,0.029670,-0.034671,-0.635737,-1.226217,1.303421,-1.258837,0.029850,-0.033968,-0.070857,-0.916648,-0.220510,1.442408,0.034383,0.006709
1.033333,0.019294,0.035046,-0.026201,-0.663423,-1.236300,1.309384,-1.271238,0.017553,-0.025139,-0.086247,-0.921076,-0.193427,1.410916,0.020623,-0.004985
1.066667,0.011704,0.036598,-0.032507,-0.683931,-1.243569,1.335325,-1.294810,0.007808,-0.017524,-0.109852,-0.885503,-0.139872,1.364852,0.010691,-0.012847
1.100000,0.010761,0.042099,-0.029218,-0.717700,-1.267166,1.385977,-1.315268,0.005040,-0.008069,-0.127570,-0.869209,-0.121334,1.340847,0.012835,0.000184
1.133333,0.015297,0.038960,-0.006501,-0.749013,-1.290763,1.416642,-1.332895,-0.015301,-0.009519,-0.123207,-0.823100,-0.091352,1.276842,-0.003962,0.000849
1.166667,0.005233,0.054348,-0.002577,-0.779955,-1.294927,1.458423,-1.337939,-0.021725,-0.007864,-0.143547,-0.783722,-0.049987,1.223044,-0.019742,0.003624
1.200000,-0.000458,0.052190,0.002236,-0.817223,-1.283588,1.526881,-1.366791,-0.011235,-0.008708,-0.146562,-0.749031,-0.025598,1.164787,-0.023652,0.017590
1.233333,0.016399,0.036601,0.006472,-0.846705,-1.264117,1.562665,-1.384927,-0.003252,-0.020318,-0.150438,-0.754340,-0.011649,1.133339,-0.016422,0.018716
1.266667,0.024574,0.033677,0.000039,-0.849872,-1.230022,1.585499,-1.381240,0.013997,-0.015054,-0.152476,-0.757936,0.034913,1.106305,-0.034543,0.007030
1.300000,0.032099,0.032252,-0.006514,-0.850694,-1.222387,1.610088,-1.385303,0.017451,-0.024088,-0.157453,-0.755920,0.041702,1.100669,-0.031279,0.010323
1.333333,0.035044,0.010002,0.003095,-0.863460,-1.220787,1.612589,-1.404965,0.028880,-0.021140,-0.153631,-0.787172,0.062742,1.114040,-0.019633,-0.000183
1.366667,0.052615,0.006783,0.002483,-0.863862,-1.218737,1.586469,-1.398483,0.022016,-0.017584,-0.181872,-0.814318,0.078756,1.165455,-0.027275,-0.024366
1.400000,0.037985,0.009189,0.002166,-0.848607,-1.223768,1.568318,-1.389461,0.028653,-0.008899,-0.172581,-0.833797,0.084055,1.188478,-0.029809,-0.020443
1.433333,0.033999,0.009281,0.013436,-0.822093,-1.217307,1.558814,-1.380439,0.013701,-0.016178,-0.161396,-0.835914,0.055804,1.194463,-0.016569,-0.022690
1.466667,0.042121,0.013268,0.019144,-0.770929,-1.191176,1.564143,-1.337370,0.025170,-0.003279,-0.142768,-0.854054,0.042059,1.195824,-0.021291,-0.013443
1.500000,0.052002,0.020553,0.022023,-0.717412,-1.188405,1.551558,-1.313151,0.022021,-0.016909,-0.121164,-0.865156,0.020887,1.192932,-0.022690,-0.008457
1.533333,0.029538,0.022847,0.012468,-0.669199,-1.202153,1.538974,-1.305041,0.015098,-0.026432,-0.062746,-0.852480,0.007149,1.183647,-0.010123,0.011914
1.566667,0.022005,0.034970,0.007471,-0.655412,-1.189724,1.514551,-1.307528,0.015656,-0.012432,-0.039396,-0.847470,-0.008511,1.214361,-0.014696,0.025734
1.600000,0.027018,0.039065,0.004378,-0.652027,-1.199565,1.465602,-1.310015,0.017645,-0.002281,-0.019558,-0.877964,-0.027158,1.263967,-0.010102,0.035885
1.633333,0.010025,0.033048,-0.006735,-0.654155,-1.218847,1.382614,-1.324710,0.014275,-0.015342,-0.011898,-0.888831,-0.034047,1.307798,-0.001608,0.025302
1.666667,0.015135,0.030546,-0.031807,-0.639260,-1.220232,1.339627,-1.306717,0.023648,-0.008173,-0.001219,-0.904916,-0.061904,1.360731,0.002852,0.024909
1.700000,0.026408,0.030131,-0.018864,-0.640867,-1.210124,1.315794,-1.291792,0.029205,-0.005121,-0.014838,-0.926080,-0.092639,1.393475,0.010714,0.024456
1.733333,0.042981,0.016290,-0.013483,-0.605765,-1.211190,1.293524,-1.258684,0.025334,-0.019281,-0.020353,-0.940335,-0.117710,1.394533,0.012297,0.007191
1.766667,0.034927,0.019000,-0.019512,-0.592936,-1.225735,1.300081,-1.234396,0.022260,-0.016693,-0.030403,-0.931812,-0.120612,1.407265,0.011634,0.008249
1.800000,0.040544,0.019000,-0.010975,-0.595176,-1.239251,1.312490,-1.237620,0.018412,-0.016215,-0.022141,-0.930719,-0.142132,1.425470,0.012278,0.006332
1.833333,0.035327,0.019538,0.006976,-0.616996,-1.237294,1.299279,-1.249400,0.006698,-0.016421,-0.035886,-0.913216,-0.162542,1.413104,0.012438,0.009941
1.866667,0.023948,0.025597,0.003656,-0.621434,-1.228550,1.287559,-1.228278,0.012692,-0.007918,-0.031500,-0.894998,-0.189549,1.409182,0.003672,-0.002568
1.900000,0.014534,0.029467,0.005183,-0.633332,-1.243143,1.309018,-1.227997,0.013920,-0.008041,-0.031000,-0.880246,-0.216787,1.427289,0.008473,-0.003588
1.933333,0.015117,0.020375,0.014003,-0.642945,-1.228993,1.291988,-1.237049,0.021061,-0.013127,-0.036720,-0.881059,-0.245265,1.429827,0.013948,-0.002074
1.966667,0.014549,0.029159,0.001403,-0.639510,-1.230961,1.274125,-1.230807,0.017153,-0.009561,-0.067445,-0.873472,-0.264987,1.443845,0.001467,0.004914
2.000000,-0.001271,0.026394,-0.004101,-0.623026,-1.241472,1.278795,-1.233962,0.019785,-0.014095,-0.066255,-0.876792,-0.273473,1.449958,-0.004539,-0.001769
2.033333,0.018520,0.019359,-0.006330,-0.612786,-1.240884,1.266274,-1.252308,0.007334,-0.026683,-0.091557,-0.901248,-0.282153,1.460770,-0.008934,-0.005410
2.066667,0.026942,0.018820,-0.017377,-0.621121,-1.213470,1.243127,-1.255508,0.010427,-0.015519,-0.109941,-0.921396,-0.288518,1.470149,-0.037844,0.004819
2.100000,0.031683,0.019743,-0.023382,-0.606163,-1.214800,1.238060,-1.254249,0.007487,-0.027348,-0.099544,-0.919057,-0.308478,1.455096,-0.050123,0.001948
2.133333,0.034798,0.010958,-0.015518,-0.600052,-1.187564,1.252186,-1.243971,0.000395,-0.030395,-0.095133,-0.931952,-0.335040,1.422278,-0.040429,-0.015129
2.166667,0.052849,0.007965,-0.015883,-0.608791,-1.163181,1.240765,-1.253528,-0.007904,-0.042193,-0.117358,-0.949753,-0.367180,1.399030,-0.045036,-0.019465
2.200000,0.046740,0.007063,-0.012562,-0.613822,-1.166556,1.242799,-1.255027,-0.000252,-0.037862,-0.120872,-0.965602,-0.401044,1.381472,-0.037497,-0.011077
2.233333,0.040915,0.014065,0.004751,-0.595478,-1.172371,1.257440,-1.238407,0.002729,-0.047349,-0.127066,-0.978361,-0.450213,1.353734,-0.011289,-0.013602
2.266667,0.058535,0.028668,0.018591,-0.608194,-1.153544,1.267789,-1.208091,0.010271,-0.021055,-0.147188,-1.023885,-0.506718,1.346024,-0.015599,-0.007597
2.300000,0.057872,0.029219,0.030390,-0.609862,-1.167212,1.251364,-1.202089,0.017556,-0.014602,-0.169035,-1.054175,-0.573248,1.328129,-0.016994,0.001562
2.333333,0.047065,0.029677,0.020110,-0.589682,-1.162852,1.243223,-1.186036,0.036617,-0.008518,-0.177490,-1.077889,-0.640579,1.325615,-0.011865,0.008651
2.366667,0.040346,0.041840,0.021992,-0.587798,-1.161979,1.248716,-1.162721,0.026269,0.003647,-0.207919,-1.092139,-0.721949,1.330853,-0.010020,0.016665
2.400000,0.044565,0.031014,0.020760,-0.586226,-1.181073,1.215471,-1.172671,0.021042,-0.003203,-0.239211,-1.097853,-0.809439,1.317359,-0.009560,0.014020
2.433333,0.028745,0.022526,0.003486,-0.565104,-1.201429,1.192221,-1.204258,0.014469,-0.018173,-0.288035,-1.069559,-0.863046,1.291942,0.004743,0.010536
2.466667,0.025741,0.026141,-0.010701,-0.558933,-1.205802,1.180003,-1.227689,0.018225,-0.024786,-0.296859,-1.059280,-0.916653,1.283192,-0.002921,0.025210
2.500000,0.020685,0.026125,0.005193,-0.559821,-1.231560,1.157431,-1.223220,0.010019,-0.017068,-0.323853,-1.052185,-0.957460,1.270218,-0.003924,0.023705
2.533333,0.022148,0.018188,0.001917,-0.522558,-1.248718,1.117934,-1.237828,0.023178,-0.021353,-0.334485,-1.057755,-0.984266,1.228054,-0.007133,0.017780
2.566667,0.016685,0.017991,0.000625,-0.514380,-1.269849,1.097102,-1.231836,0.031153,-0.006566,-0.347693,-1.052954,-0.994651,1.225890,-0.020612,0.024593
2.600000,0.013041,0.008834,0.005955,-0.496958,-1.274892,1.058609,-1.218257,0.030862,-0.017543,-0.352203,-1.057501,-1.023872,1.240256,-0.026765,0.014658
2.633333,0.017079,0.004668,0.019304,-0.487624,-1.260671,1.027298,-1.189519,0.025081,-0.013880,-0.394305,-1.044033,-1.051666,1.257717,-0.018329,-0.005482
2.666667,0.020804,0.009729,0.011829,-0.471074,-1.235213,1.026341,-1.165329,0.028079,-0.006051,-0.444992,-1.031922,-1.096020,1.292924,-0.023095,-0.013676
2.700000,0.021158,0.006330,0.015247,-0.461466,-1.219959,1.011765,-1.147491,0.021942,-0.013184,-0.498092,-0.998628,-1.147944,1.346482,-0.020708,-0.015824
2.733333,0.033798,0.006330,0.006541,-0.423711,-1.186568,0.979948,-1.110252,0.015436,-0.020558,-0.561138,-0.995080,-1.213443,1.400040,-0.011968,-0.026065
2.766667,0.039022,0.010280,-0.002782,-0.392027,-1.189481,0.940500,-1.080779,0.012941,-0.020877,-0.638193,-0.976192,-1.293988,1.447506,-0.012884,-0.017812
2.800000,0.034282,0.010891,-0.003073,-0.341782,-1.199200,0.882838,-1.043802,0.013356,-0.019237,-0.717655,-0.957305,-1.375961,1.500543,-0.016922,-0.014825
2.833333,0.030367,0.005388,0.010409,-0.303151,-1.198771,0.785525,-1.020878,0.012899,-0.026329,-0.791489,-0.914499,-1.463437,1.528384,-0.021465,0.001087
2.866667,0.031271,0.016387,0.017136,-0.297579,-1.184233,0.688213,-0.978384,0.014506,-0.011969,-0.858133,-0.906128,-1.534896,1.552927,-0.031321,0.006915
2.900000,0.020813,0.016421,0.030557,-0.284808,-1.183346,0.605410,-0.952608,0.009369,-0.013164,-0.911051,-0.857888,-1.609365,1.557470,-0.031668,0.007121
2.933333,0.015991,0.012506,0.044522,-0.268403,-1.165620,0.542607,-0.925018,0.009637,-0.007531,-0.947200,-0.829647,-1.663834,1.563471,-0.033009,-0.000171
2.966667,0.020706,0.011895,0.046184,-0.240913,-1.151001,0.479805,-0.888246,0.021441,-0.010586,-0.943349,-0.841406,-1.678303,1.544137,-0.019737,-0.003557
3.000000,0.029746,0.012642,0.043362,-0.220774,-1.176382,0.417002,-0.830823,0.017179,0.002741,-0.905126,-0.881536,-1.652772,1.510000,-0.016689,-0.006321
3.033333,0.029307,0.002429,0.034979,-0.184595,-1.197600,0.354200,-0.767541,0.012669,-0.009228,-0.851401,-0.921666,-1.609691,1.450000,-0.004429,-0.011876
3.066667,0.018930,0.006642,0.024247,-0.168099,-1.212993,0.298139,-0.708698,0.005384,-0.005003,-0.771401,-1.001666,-1.529691,1.370000,0.006746,-0.015143
3.100000,0.019838,0.008523,0.012753,-0.157198,-1.213120,0.240290,-0.655221,-0.008621,-0.006277,-0.671401,-1.101666,-1.429691,1.270000,0.010207,-0.009716
3.133333,0.014854,0.008523,0.006699,-0.171039,-1.235583,0.193438,-0.623524,-0.024395,-0.004373,-0.571401,-1.199827,-1.329691,1.170000,-0.000263,-0.004427
3.166667,-0.010613,0.010850,-0.017899,-0.161504,-1.231362,0.186585,-0.613996,-0.022608,-0.027084,-0.471401,-1.257987,-1.229691,1.070000,0.007800,-0.013891
3.200000,-0.012113,0.014710,-0.026883,-0.168009,-1.210155,0.219733,-0.640628,-0.018296,-0.032143,-0.371401,-1.316148,-1.129691,0.975468,0.018558,0.000641
3.233333,-0.002977,0.010462,-0.021332,-0.173071,-1.200636,0.240430,-0.678774,-0.015711,-0.035957,-0.298476,-1.354128,-1.029691,0.899414,0.009876,0.004215
3.266667,-0.011076,0.011767,-0.028274,-0.160737,-1.210437,0.260185,-0.726331,-0.002634,-0.051478,-0.239128,-1.352107,-0.929691,0.848508,-0.003717,0.009661
3.300000,-0.018489,0.023465,-0.028831,-0.163661,-1.199131,0.308944,-0.779558,0.000972,-0.046446,-0.217945,-1.351927,-0.829691,0.837603,-0.001295,0.024201
3.333333,0.000460,0.021216,-0.008183,-0.194196,-1.189939,0.354181,-0.832742,-0.007259,-0.037334,-0.213434,-1.368263,-0.742723,0.835341,-0.003494,0.024923
3.366667,0.009257,0.016570,0.000479,-0.203430,-1.176005,0.372203,-0.849768,-0.000907,-0.015065,-0.240102,-1.351175,-0.695756,0.843558,-0.028779,0.013107
3.400000,0.011286,0.033607,-0.000350,-0.207112,-1.166630,0.397859,-0.855060,-0.007256,-0.014175,-0.241920,-1.314268,-0.688789,0.860533,-0.036473,0.028953
3.433333,0.020251,0.030387,0.013338,-0.233958,-1.159663,0.415152,-0.847596,-0.009852,0.002151,-0.270055,-1.317360,-0.697183,0.892357,-0.021691,0.017720
3.466667,0.034164,0.023930,0.017122,-0.234779,-1.156654,0.400898,-0.829526,-0.011672,-0.001786,-0.300025,-1.309073,-0.741842,0.908600,-0.015208,0.005903
3.500000,0.036696,0.024294,0.015553,-0.235389,-1.178214,0.358846,-0.806068,-0.010857,0.004235,-0.324796,-1.284268,-0.809502,0.930817,-0.009906,0.023469
3.533333,0.032121,0.027292,0.019670,-0.229428,-1.213751,0.323433,-0.790535,-0.023197,-0.009443,-0.332762,-1.292888,-0.837162,0.968074,0.002425,0.022006
3.566667,0.040266,0.018322,0.028330,-0.235543,-1.235007,0.278317,-0.770552,-0.005750,-0.000849,-0.360839,-1.333482,-0.836624,1.008706,0.010696,0.010954
3.600000,0.041974,0.021857,0.037312,-0.236816,-1.253606,0.243733,-0.730375,0.002195,0.012721,-0.378140,-1.354077,-0.843422,1.019016,0.004743,0.013387
3.633333,0.034898,0.016616,0.034850,-0.239128,-1.264486,0.218626,-0.708607,0.000662,0.013105,-0.355442,-1.351546,-0.813955,1.004908,-0.001396,0.011812
3.666667,0.036086,0.017753,0.039039,-0.222355,-1.255906,0.224839,-0.670101,0.002472,0.014420,-0.355736,-1.378319,-0.755129,0.993857,-0.008620,-0.013548
3.700000,0.044022,0.014422,0.033748,-0.215624,-1.248512,0.215279,-0.645483,-0.001136,-0.004566,-0.357375,-1.390293,-0.709167,0.958624,-0.005462,-0.017658
3.733333,0.034795,0.007664,0.027577,-0.212750,-1.249589,0.218815,-0.630808,-0.012423,-0.012009,-0.337229,-1.381232,-0.663916,0.902534,-0.001562,-0.018963
3.766667,0.029555,0.009757,0.010212,-0.193464,-1.235316,0.234055,-0.614304,-0.013350,-0.014395,-0.298079,-1.358242,-0.599927,0.845944,-0.010425,-0.017287
3.800000,0.025141,0.020085,0.014250,-0.199165,-1.232553,0.245191,-0.591102,-0.010559,-0.000460,-0.272662,-1.369758,-0.540259,0.791095,-0.008672,-0.003989
3.833333,0.019379,0.017759,0.009135,-0.203277,-1.242448,0.227348,-0.591912,-0.009391,-0.007110,-0.246427,-1.374960,-0.490709,0.747315,-0.003486,0.005707
3.866667,0.005146,0.017265,-0.002937,-0.192163,-1.254748,0.228830,-0.583705,0.006745,0.002461,-0.206676,-1.354960,-0.439800,0.724661,0.004224,0.020397
3.900000,0.006168,0.030113,-0.006710,-0.184734,-1.264956,0.222106,-0.571705,0.006734,-0.004887,-0.191491,-1.364021,-0.382415,0.692255,0.009099,0.022052
3.933333,0.001876,0.027150,-0.001292,-0.200509,-1.282455,0.197513,-0.577794,-0.001681,-0.021962,-0.190938,-1.375991,-0.321068,0.650671,0.024563,0.017438
3.966667,0.000151,0.023580,-0.025534,-0.202724,-1.281067,0.199094,-0.582879,0.013376,-0.031053,-0.216652,-1.378980,-0.255401,0.614448,0.034250,0.006423
4.000000,0.008555,0.030943,-0.030680,-0.204379,-1.281163,0.199122,-0.566785,0.009222,-0.027212,-0.208719,-1.375891,-0.198283,0.549481,0.038492,0.014730
4.033333,0.010726,0.036997,-0.021116,-0.215037,-1.299886,0.176175,-0.546520,-0.001557,-0.017680,-0.220254,-1.395891,-0.129659,0.456583,0.024820,0.003002
4.066667,0.004669,0.040053,-0.026146,-0.201397,-1.311925,0.152238,-0.535660,-0.009937,-0.009535,-0.234685,-1.395891,-0.071448,0.387989,0.015244,-0.001002
4.100000,0.005116,0.043823,-0.022303,-0.198631,-1.331910,0.155027,-0.526819,-0.012981,-0.002181,-0.244799,-1.404902,-0.053237,0.347054,0.016606,0.013149
4.133333,0.010958,0.040335,0.000613,-0.192268,-1.351897,0.124244,-0.513792,-0.033487,-0.003354,-0.228704,-1.395875,-0.035026,0.299017,0.000588,0.013525
4.166667,0.003540,0.054512,0.005246,-0.193416,-1.355004,0.123991,-0.502883,-0.039904,0.000124,-0.236606,-1.375220,-0.024870,0.284382,-0.013874,0.018609
4.200000,0.000803,0.051658,0.010766,-0.194496,-1.343291,0.136226,-0.516216,-0.030097,-0.004021,-0.229523,-1.366792,-0.038325,0.269748,-0.017557,0.033206
4.233333,0.017375,0.034445,0.014863,-0.211511,-1.326933,0.148688,-0.526526,-0.023252,-0.014427,-0.231791,-1.366792,-0.047883,0.262820,-0.013047,0.033269
4.266667,0.025719,0.033085,0.009521,-0.200493,-1.301861,0.140684,-0.516727,-0.005645,-0.007964,-0.231117,-1.368801,-0.025833,0.251461,-0.032926,0.021757
4.300000,0.031628,0.031365,0.003660,-0.193770,-1.304382,0.154435,-0.517631,-0.002279,-0.014767,-0.237625,-1.364690,-0.041594,0.260891,-0.030806,0.025470
4.333333,0.033476,0.009844,0.013865,-0.201056,-1.306548,0.151516,-0.534616,0.008111,-0.013160,-0.237639,-1.388434,-0.030035,0.270647,-0.018679,0.013394
4.366667,0.052392,0.006643,0.013489,-0.210954,-1.306490,0.136111,-0.536744,0.001552,-0.007701,-0.267759,-1.396195,-0.014518,0.320403,-0.026640,-0.011176
4.400000,0.038482,0.009627,0.013274,-0.207784,-1.312086,0.137921,-0.539275,0.010107,0.000123,-0.263314,-1.396195,-0.005764,0.338147,-0.027074,-0.007492
4.433333,0.035071,0.008140,0.023321,-0.200650,-1.307268,0.160197,-0.543813,-0.005068,-0.008254,-0.258471,-1.386262,-0.022342,0.335333,-0.011245,-0.009724
4.466667,0.044128,0.011978,0.029033,-0.175113,-1.280262,0.194292,-0.523011,0.006453,0.002788,-0.248414,-1.387777,-0.022467,0.321819,-0.017625,-0.000292
4.500000,0.052527,0.019009,0.032544,-0.154421,-1.275807,0.205056,-0.521177,0.004067,-0.009362,-0.237538,-1.386171,-0.030961,0.295878,-0.019910,0.004820
4.533333,0.026393,0.020782,0.022884,-0.133893,-1.287871,0.219799,-0.533857,-0.002841,-0.018385,-0.195905,-1.367834,-0.033470,0.256786,-0.006572,0.024011
4.566667,0.016472,0.032284,0.016983,-0.142493,-1.273511,0.233964,-0.556765,-0.004466,-0.003730,-0.186849,-1.367834,-0.035187,0.257693,-0.010345,0.037741
4.600000,0.020267,0.036790,0.014245,-0.163420,-1.278385,0.230760,-0.577666,-0.002817,0.006479,-0.181456,-1.377768,-0.041677,0.276954,-0.006287,0.046060
4.633333,0.002527,0.031403,0.001942,-0.185801,-1.293503,0.200035,-0.618761,-0.005988,-0.006814,-0.185284,-1.380613,-0.034401,0.299690,0.004835,0.032011
4.666667,0.009020,0.029575,-0.023684,-0.182140,-1.287870,0.209311,-0.627405,0.000769,0.002118,-0.183458,-1.382219,-0.051179,0.341124,0.010298,0.031484
4.700000,0.020488,0.029756,-0.011947,-0.196291,-1.268994,0.243624,-0.641322,0.006202,0.003539,-0.199700,-1.399059,-0.069920,0.369210,0.016224,0.033050
4.733333,0.038334,0.016951,-0.006399,-0.178903,-1.254421,0.274405,-0.650541,0.004625,-0.011151,-0.208741,-1.399059,-0.087241,0.370798,0.018669,0.015006
4.766667,0.030592,0.020477,-0.012607,-0.185197,-1.256050,0.322555,-0.684571,0.003699,-0.008608,-0.216144,-1.399059,-0.085095,0.391363,0.018592,0.015883
4.800000,0.035515,0.020477,-0.004102,-0.218333,-1.242027,0.398226,-0.729681,0.000118,-0.008474,-0.203904,-1.397762,-0.107034,0.427035,0.019488,0.017447
4.833333,0.027261,0.022893,0.013032,-0.280298,-1.208755,0.473896,-0.807241,-0.007715,-0.009669,-0.212150,-1.383592,-0.130474,0.449681,0.018978,0.021100
4.866667,0.014032,0.030416,0.008347,-0.345792,-1.153058,0.560550,-0.887004,-0.002948,-0.000443,-0.208522,-1.351586,-0.178286,0.498825,0.013226,0.007347
4.900000,0.003257,0.035101,0.008904,-0.442824,-1.093058,0.660550,-0.971815,-0.003021,-0.002656,-0.215072,-1.324980,-0.244525,0.574468,0.017761,0.007742
4.933333,0.002983,0.027856,0.017152,-0.539857,-0.993058,0.760550,-1.071815,0.000791,-0.008851,-0.242511,-1.298521,-0.329683,0.650111,0.025502,0.010598
4.966667,0.002376,0.038234,0.003575,-0.639857,-0.916000,0.860550,-1.171815,-0.005896,-0.003837,-0.304609,-1.262138,-0.420185,0.737083,0.014712,0.016613
5.000000,-0.009655,0.036102,-0.001996,-0.739857,-0.853050,0.960550,-1.271815,-0.005880,-0.011158,-0.345772,-1.231050,-0.501566,0.837083,0.012962,0.010511
5.033333,0.012477,0.029195,-0.003501,-0.839857,-0.797102,1.060550,-1.354509,-0.019250,-0.025178,-0.411691,-1.222811,-0.573260,0.936678,0.008284,0.007121
5.066667,0.020495,0.029381,-0.013398,-0.926534,-0.746417,1.160550,-1.421308,-0.019314,-0.013018,-0.462700,-1.218541,-0.631760,1.026463,-0.020804,0.017890
5.100000,0.024270,0.031192,-0.019610,-0.983151,-0.735732,1.260550,-1.460281,-0.022568,-0.024142,-0.473710,-1.197696,-0.692313,1.080186,-0.034669,0.014196
5.133333,0.028434,0.020814,-0.010765,-0.999768,-0.712271,1.360550,-1.465342,-0.029327,-0.029185,-0.472307,-1.190771,-0.747828,1.106401,-0.024964,-0.002411
5.166667,0.046061,0.015447,-0.010588,-0.976385,-0.705732,1.420550,-1.444959,-0.036847,-0.040364,-0.472408,-1.202643,-0.791656,1.096952,-0.033056,-0.008725
5.200000,0.039756,0.013026,-0.006911,-0.913002,-0.732191,1.440550,-1.401881,-0.028461,-0.035872,-0.446740,-1.221487,-0.828989,1.074625,-0.025958,0.001139
5.233333,0.034022,0.017842,0.009314,-0.822941,-0.790077,1.420550,-1.334699,-0.022950,-0.044554,-0.414750,-1.239481,-0.856665,1.041368,0.002361,-0.002954
5.266667,0.051905,0.029983,0.023326,-0.722941,-0.845047,1.360550,-1.255343,-0.014005,-0.017173,-0.382760,-1.286784,-0.861139,1.035377,-0.001862,0.003563
5.300000,0.050989,0.030751,0.034560,-0.622941,-0.929852,1.260550,-1.169899,-0.004479,-0.009652,-0.351836,-1.320169,-0.852834,1.016896,-0.003994,0.012828
5.333333,0.039736,0.032141,0.023123,-0.522941,-0.984069,1.160550,-1.083710,0.013235,-0.003505,-0.318335,-1.345495,-0.829877,1.021933,0.001010,0.020606
5.366667,0.034115,0.044096,0.024039,-0.438912,-1.038285,1.060550,-0.997521,0.001418,0.009492,-0.291234,-1.359576,-0.789100,1.029924,0.002856,0.025581
5.400000,0.040214,0.034135,0.022689,-0.357379,-1.095813,0.960550,-0.915929,-0.005120,0.004211,-0.262372,-1.363790,-0.735642,1.018655,0.000544,0.022764
5.433333,0.026038,0.024650,0.003931,-0.298218,-1.142811,0.860550,-0.852174,-0.011888,-0.009371,-0.261325,-1.341731,-0.665386,0.976181,0.014412,0.020449
5.466667,0.023343,0.027811,-0.011974,-0.257714,-1.171472,0.760550,-0.810429,-0.007818,-0.015008,-0.231623,-1.344861,-0.587441,0.933707,0.007038,0.032497
5.500000,0.019194,0.027263,0.002942,-0.234221,-1.222950,0.660550,-0.754872,-0.014141,-0.007228,-0.214170,-1.350346,-0.504956,0.863377,0.005797,0.030524
5.533333,0.021314,0.020408,-0.000903,-0.194757,-1.264610,0.560550,-0.715374,-0.000508,-0.011430,-0.197826,-1.359830,-0.437494,0.766008,0.001682,0.026745
5.566667,0.015299,0.019000,-0.002359,-0.191259,-1.300657,0.460550,-0.690551,0.008239,0.001490,-0.193043,-1.367511,-0.387474,0.708639,-0.011778,0.034034
5.600000,0.012292,0.010797,0.003244,-0.180143,-1.310147,0.371881,-0.665531,0.008504,-0.010327,-0.176315,-1.386023,-0.351707,0.666835,-0.017756,0.022763
5.633333,0.015904,0.006867,0.016761,-0.180907,-1.297975,0.308865,-0.637775,0.002931,-0.007372,-0.194087,-1.379346,-0.344422,0.647138,-0.010398,0.004955
5.666667,0.020504,0.011600,0.008891,-0.181431,-1.269791,0.285848,-0.633313,0.006376,-0.000700,-0.221355,-1.378373,-0.377138,0.666229,-0.014277,-0.002698
5.700000,0.020251,0.007250,0.010655,-0.199000,-1.251426,0.278039,-0.648778,0.002605,-0.008552,-0.235978,-1.367003,-0.420090,0.712993,-0.012550,-0.006229
5.733333,0.032785,0.007250,0.000347,-0.190111,-1.213642,0.306296,-0.644971,-0.003200,-0.015682,-0.263681,-1.367990,-0.485488,0.759758,-0.004414,-0.016777
5.766667,0.036301,0.010024,-0.010422,-0.201013,-1.208987,0.343722,-0.663524,-0.004743,-0.018138,-0.291000,-1.360402,-0.576633,0.823485,-0.003744,-0.008616
5.800000,0.031566,0.011048,-0.013666,-0.218575,-1.204868,0.395497,-0.702803,-0.006292,-0.017842,-0.323820,-1.359313,-0.667778,0.905105,-0.005704,-0.006685
5.833333,0.026087,0.005337,-0.003059,-0.247974,-1.193502,0.447271,-0.758789,-0.006224,-0.024855,-0.365390,-1.329691,-0.758924,0.984287,-0.010031,0.010373
5.866667,0.025824,0.015948,0.002552,-0.300328,-1.163008,0.523838,-0.815939,-0.004728,-0.010264,-0.434413,-1.327893,-0.858812,1.073164,-0.015798,0.017601
5.900000,0.015154,0.017089,0.014172,-0.366748,-1.144881,0.604338,-0.912042,-0.009714,-0.013105,-0.503436,-1.300235,-0.958812,1.152010,-0.013560,0.017070
5.933333,0.010769,0.014819,0.026755,-0.418623,-1.113626,0.704338,-0.988144,-0.010658,-0.007581,-0.577483,-1.283713,-1.058812,1.218328,-0.014974,0.009422
5.966667,0.013922,0.013794,0.034517,-0.473301,-1.095505,0.804338,-1.064247,0.005134,-0.009344,-0.651531,-1.300690,-1.158812,1.277338,-0.004314,0.004247
6.000000,0.020022,0.016374,0.038498,-0.539371,-1.117384,0.904338,-1.140349,0.005416,0.004611,-0.725579,-1.331099,-1.258812,1.337726,-0.005154,-0.003393
6.033333,0.014720,0.007518,0.036114,-0.605440,-1.139593,1.004338,-1.219302,0.004785,-0.005549,-0.804065,-1.344266,-1.358812,1.384025,0.001952,-0.014020
6.066667,0.001419,0.012043,0.030922,-0.685440,-1.159118,1.104338,-1.299302,0.005044,0.000507,-0.867075,-1.358748,-1.458812,1.437108,0.009259,-0.019976
6.100000,-0.000996,0.014925,0.026540,-0.785441,-1.162326,1.195276,-1.393441,-0.001909,0.002115,-0.920608,-1.386406,-1.558812,1.475094,0.008359,-0.018109
6.133333,-0.009692,0.017155,0.021851,-0.885441,-1.184773,1.259157,-1.467581,-0.016178,0.006874,-0.960318,-1.394064,-1.636096,1.497492,-0.004493,-0.014683
6.166667,-0.035904,0.020085,-0.002342,-0.957079,-1.182738,1.323038,-1.513546,-0.014843,-0.012080,-0.976786,-1.376824,-1.694713,1.506411,0.003815,-0.023362
6.200000,-0.033237,0.025738,-0.010278,-1.028718,-1.168576,1.370226,-1.542728,-0.009443,-0.015604,-0.965600,-1.376824,-1.753330,1.507288,0.015342,-0.007277
6.233333,-0.024636,0.022359,-0.003290,-1.077066,-1.164577,1.377415,-1.556868,-0.008567,-0.020900,-0.962465,-1.390000,-1.771947,1.489573,0.007011,-0.003097
6.266667,-0.034082,0.023470,-0.010814,-1.085415,-1.186744,1.353665,-1.556868,0.003563,-0.035678,-0.955551,-1.374762,-1.750564,1.480098,-0.005679,0.002120
6.300000,-0.040000,0.035583,-0.011726,-1.093763,-1.188806,1.353185,-1.556868,0.008251,-0.031790,-0.957087,-1.374762,-1.751898,1.493518,-0.001408,0.015960
6.333333,-0.021665,0.032581,0.008532,-1.113533,-1.190274,1.333564,-1.565043,-0.000686,-0.025968,-0.957425,-1.394762,-1.750396,1.488017,-0.001952,0.018464
6.366667,-0.015025,0.027201,0.016324,-1.110186,-1.182668,1.300991,-1.550000,0.005839,-0.006560,-0.969658,-1.387463,-1.729669,1.470109,-0.028979,0.006292
6.400000,-0.014193,0.044348,0.014919,-1.108022,-1.180247,1.301171,-1.542447,0.000102,-0.004823,-0.949784,-1.360164,-1.748942,1.455139,-0.037678,0.021612
6.433333,-0.003895,0.041914,0.027691,-1.131464,-1.166065,1.320198,-1.538823,-0.001285,0.011710,-0.959506,-1.368103,-1.768215,1.463315,-0.023582,0.010013
6.466667,0.009159,0.035278,0.031088,-1.132242,-1.150110,1.328390,-1.538823,-0.000458,0.006596,-0.974601,-1.368103,-1.766425,1.450792,-0.018110,-0.000803
6.500000,0.013331,0.037176,0.028405,-1.147861,-1.158426,1.336786,-1.538823,0.002130,0.013686,-0.981013,-1.349540,-1.783523,1.446468,-0.015033,0.017435
6.533333,0.007737,0.041086,0.031441,-1.155215,-1.177422,1.356096,-1.557722,-0.010147,0.000695,-0.978985,-1.356839,-1.780859,1.467332,-0.002204,0.016529
6.566667,0.016677,0.032707,0.039528,-1.172405,-1.180999,1.361476,-1.565275,0.007695,0.010333,-1.003610,-1.384138,-1.757679,1.500017,0.005814,0.003290
6.600000,0.019171,0.035235,0.049488,-1.183343,-1.188468,1.372637,-1.558434,0.015031,0.023270,-1.024006,-1.391437,-1.772403,1.516167,0.001379,0.007188
6.633333,0.013693,0.027530,0.046720,-1.189698,-1.188710,1.377076,-1.558434,0.009318,0.023552,-1.004402,-1.387020,-1.773028,1.513016,-0.003623,0.006731
6.666667,0.011737,0.027985,0.051669,-1.169769,-1.167363,1.400450,-1.538434,0.011432,0.025533,-1.017921,-1.405584,-1.755593,1.528631,-0.010555,-0.020011
6.700000,0.022840,0.023703,0.047398,-1.166598,-1.150093,1.417070,-1.536485,0.008880,0.008366,-1.042782,-1.405584,-1.771056,1.533580,-0.008181,-0.024344
6.733333,0.015419,0.015875,0.041454,-1.159735,-1.142045,1.432887,-1.535782,-0.003999,0.000644,-1.040525,-1.404310,-1.779654,1.516023,-0.002762,-0.024032
6.766667,0.008026,0.018025,0.024403,-1.136566,-1.119570,1.454766,-1.525543,-0.005290,-0.000779,-1.017411,-1.389604,-1.763319,1.495408,-0.012554,-0.020801
6.800000,0.003166,0.030707,0.029563,-1.140644,-1.108809,1.474443,-1.514638,-0.000159,0.013817,-1.011037,-1.394021,-1.760001,1.486840,-0.013252,-0.010378
6.833333,-0.000887,0.025845,0.023972,-1.145882,-1.112121,1.466919,-1.532849,0.001762,0.005094,-0.999889,-1.394021,-1.760664,1.479484,-0.008149,-0.002939
6.866667,-0.014616,0.023286,0.011195,-1.127455,-1.117971,1.461332,-1.523710,0.017099,0.012538,-0.963623,-1.374021,-1.738934,1.486432,0.000301,0.010053
6.900000,-0.013615,0.035758,0.007590,-1.120545,-1.118845,1.457995,-1.521320,0.019396,0.006899,-0.953683,-1.375294,-1.738856,1.500312,0.003638,0.013180
6.933333,-0.016453,0.032198,0.012216,-1.133149,-1.124298,1.439206,-1.539048,0.008803,-0.012633,-0.958382,-1.379636,-1.729774,1.497685,0.020160,0.005123
6.966667,-0.018829,0.028330,-0.012311,-1.135591,-1.114234,1.443966,-1.549953,0.021554,-0.021384,-0.986342,-1.379636,-1.714033,1.523013,0.031395,-0.005120
7.000000,-0.009737,0.037639,-0.016061,-1.136598,-1.105020,1.448675,-1.546767,0.017351,-0.014715,-0.979074,-1.377383,-1.714984,1.525896,0.038250,0.003961
7.033333,-0.009348,0.044906,-0.005763,-1.150907,-1.111616,1.436933,-1.545377,0.005798,-0.006415,-0.989561,-1.397383,-1.714417,1.505331,0.024574,-0.008101
7.066667,-0.017494,0.047858,-0.010734,-1.138331,-1.114473,1.413733,-1.544662,-0.004636,0.000721,-1.001830,-1.397383,-1.698226,1.493579,0.015335,-0.015186
7.100000,-0.015068,0.053183,-0.005768,-1.137666,-1.139657,1.415294,-1.541006,-0.004985,0.009390,-1.007176,-1.406348,-1.716491,1.510342,0.017408,-0.001613
7.133333,-0.010236,0.048910,0.017067,-1.132014,-1.164842,1.382993,-1.538557,-0.024704,0.005243,-0.986712,-1.399866,-1.723560,1.487104,-0.001069,-0.002258
7.166667,-0.015689,0.063485,0.021210,-1.129373,-1.168001,1.377943,-1.522261,-0.031395,0.007673,-0.987715,-1.380022,-1.710425,1.477058,-0.017392,0.000133
7.200000,-0.019528,0.061259,0.026724,-1.138369,-1.156391,1.394869,-1.534569,-0.020872,0.004808,-0.985671,-1.373257,-1.727292,1.467940,-0.020902,0.013774
7.233333,0.000085,0.043366,0.031107,-1.158037,-1.142001,1.410901,-1.538377,-0.013546,-0.004693,-0.988769,-1.373257,-1.733539,1.461571,-0.014768,0.013404
7.266667,0.007411,0.040353,0.024577,-1.156065,-1.105610,1.409652,-1.525009,0.002897,-0.000077,-0.991382,-1.374655,-1.715044,1.451662,-0.035696,0.002428
7.300000,0.014350,0.038946,0.018118,-1.154763,-1.098734,1.431777,-1.525336,0.009030,-0.005135,-1.002593,-1.368328,-1.732124,1.460021,-0.030171,0.006718
7.333333,0.015037,0.016671,0.028330,-1.172754,-1.100698,1.434818,-1.543115,0.019271,-0.003396,-1.010301,-1.390426,-1.733755,1.476568,-0.017476,-0.004087
7.366667,0.035219,0.011631,0.027403,-1.181456,-1.104478,1.415883,-1.540236,0.010901,0.001167,-1.042236,-1.396832,-1.715658,1.507275,-0.026127,-0.028817
7.400000,0.019320,0.015611,0.026938,-1.185153,-1.110895,1.424410,-1.540236,0.017979,0.008706,-1.042644,-1.396832,-1.715983,1.518173,-0.028018,-0.023611
7.433333,0.017072,0.015350,0.037026,-1.176015,-1.112713,1.450169,-1.541067,0.004313,0.001329,-1.036325,-1.387133,-1.723816,1.509441,-0.014385,-0.026562
7.466667,0.025577,0.019728,0.042489,-1.150040,-1.090848,1.486417,-1.513630,0.013844,0.014052,-1.024853,-1.385846,-1.720638,1.492807,-0.022725,-0.017562
7.500000,0.034471,0.026863,0.045056,-1.128033,-1.089637,1.501750,-1.507561,0.011414,-0.000097,-1.010801,-1.383168,-1.729264,1.468614,-0.023685,-0.012653
7.533333,0.009062,0.031082,0.035265,-1.110041,-1.102491,1.517082,-1.511711,0.006751,-0.007309,-0.966811,-1.362047,-1.734732,1.445086,-0.013383,0.007234
7.566667,-0.001220,0.043016,0.030135,-1.117715,-1.090399,1.526705,-1.511711,0.007477,0.007241,-0.957423,-1.360567,-1.734154,1.452459,-0.016797,0.019661
7.600000,0.000536,0.046323,0.027413,-1.137622,-1.097759,1.511949,-1.512726,0.005659,0.017150,-0.953499,-1.370266,-1.741409,1.470453,-0.011519,0.030419
7.633333,-0.016909,0.038811,0.015037,-1.152638,-1.115264,1.461915,-1.540234,0.003210,0.003440,-0.955325,-1.374896,-1.724098,1.483986,-0.000381,0.019043
7.666667,-0.011429,0.037035,-0.010647,-1.142622,-1.116816,1.451881,-1.531924,0.011148,0.012177,-0.952439,-1.377574,-1.728714,1.512636,0.001791,0.019203
7.700000,0.000742,0.036771,0.001972,-1.149485,-1.107730,1.459954,-1.529435,0.015680,0.014189,-0.968960,-1.398060,-1.736879,1.524979,0.012238,0.022129
7.733333,0.019308,0.023178,0.006612,-1.117713,-1.109617,1.443368,-1.525443,0.011728,-0.000133,-0.976646,-1.399539,-1.732293,1.501922,0.013160,0.004261
7.766667,0.012952,0.027180,-0.000568,-1.105023,-1.124192,1.450114,-1.528600,0.010914,0.002200,-0.986995,-1.399539,-1.707414,1.502710,0.013512,0.005701
7.800000,0.018008,0.027180,0.008497,-1.112281,-1.138236,1.460993,-1.530652,0.006803,0.001476,-0.984046,-1.403779,-1.722018,1.511727,0.014785,0.007457
7.833333,0.011806,0.028130,0.025904,-1.134994,-1.137773,1.446020,-1.542518,-0.002890,0.001209,-0.998895,-1.400857,-1.722406,1.488672,0.016416,0.009893
7.866667,-0.001086,0.034207,0.022401,-1.136267,-1.131254,1.431896,-1.519576,0.002541,0.010907,-0.988899,-1.382931,-1.721624,1.475726,0.008280,-0.004956
7.900000,-0.010992,0.037628,0.024010,-1.148230,-1.150830,1.452520,-1.518137,0.002711,0.009839,-0.984403,-1.381701,-1.733399,1.489270,0.012618,-0.003434
7.933333,-0.010203,0.029086,0.033181,-1.160284,-1.140834,1.434238,-1.527235,0.009211,0.007740,-0.985808,-1.381701,-1.745086,1.486509,0.014717,-0.001368
7.966667,-0.011743,0.039592,0.020744,-1.159584,-1.147106,1.416292,-1.526955,0.004478,0.013918,-1.011203,-1.374404,-1.743354,1.498960,0.003217,0.003242
8.000000,-0.025064,0.037172,0.015466,-1.145233,-1.159463,1.418230,-1.532960,0.007171,0.009572,-1.008127,-1.374761,-1.737915,1.504447,-0.004050,-0.001147
8.033333,-0.005013,0.029863,0.013143,-1.139353,-1.163016,1.405421,-1.554378,-0.006126,-0.003451,-1.030198,-1.393682,-1.733292,1.517998,-0.008042,-0.005148
8.066667,0.002758,0.029985,0.002145,-1.148565,-1.136612,1.379026,-1.559142,-0.002631,0.007572,-1.044597,-1.394912,-1.724657,1.529420,-0.037375,0.004744
8.100000,0.005296,0.030934,-0.003638,-1.135405,-1.139780,1.372419,-1.559369,-0.004835,-0.004355,-1.032696,-1.392256,-1.730944,1.517672,-0.048112,0.000421
8.133333,0.011600,0.020427,0.004630,-1.125980,-1.117776,1.381919,-1.549676,-0.010391,-0.008690,-1.012216,-1.389981,-1.726401,1.494454,-0.038293,-0.016144
8.166667,0.027976,0.016585,0.005335,-1.135657,-1.095744,1.369368,-1.549676,-0.020227,-0.020471,-1.015281,-1.392545,-1.723441,1.485765,-0.042742,-0.019019
8.200000,0.021208,0.015718,0.008338,-1.140392,-1.098528,1.370893,-1.553688,-0.011914,-0.016322,-1.006264,-1.392545,-1.727586,1.481839,-0.036694,-0.007695
8.233333,0.016060,0.021481,0.024999,-1.124634,-1.108131,1.386247,-1.542769,-0.007770,-0.026069,-0.990206,-1.392545,-1.727437,1.468830,-0.009762,-0.010490
8.266667,0.034354,0.036573,0.038297,-1.139842,-1.094123,1.398918,-1.516856,-0.001611,-0.001149,-0.976494,-1.395201,-1.735076,1.489923,-0.013223,-0.004096
8.300000,0.032031,0.039428,0.048806,-1.147660,-1.108239,1.386292,-1.515243,0.002433,0.004777,-0.971797,-1.408118,-1.743710,1.494262,-0.014223,0.004876
8.333333,0.020909,0.040428,0.036767,-1.133818,-1.106759,1.381471,-1.515243,0.020706,0.010997,-0.957249,-1.408118,-1.744501,1.516346,-0.008560,0.010190
8.366667,0.016081,0.053323,0.037553,-1.139037,-1.108552,1.391170,-1.495378,0.009370,0.023691,-0.952600,-1.408118,-1.750102,1.530852,-0.005332,0.015801
8.400000,0.021488,0.043555,0.035715,-1.145983,-1.126601,1.366411,-1.506964,0.002660,0.019646,-0.952895,-1.408118,-1.760903,1.532196,-0.004927,0.013759
8.433333,0.007825,0.034117,0.017037,-1.130634,-1.147695,1.353654,-1.538550,-0.003533,0.006769,-0.976564,-1.393958,-1.741915,1.518282,0.009526,0.011681
8.466667,0.004687,0.038004,0.001581,-1.135435,-1.152161,1.355296,-1.550136,0.002643,0.001442,-0.967762,-1.384287,-1.746701,1.520162,0.002145,0.025639
8.500000,0.000495,0.038052,0.016537,-1.145158,-1.176900,1.350002,-1.550136,-0.005326,0.008738,-0.976364,-1.384287,-1.751844,1.512093,0.001050,0.023643
8.533333,0.001948,0.030478,0.012936,-1.115475,-1.193459,1.329355,-1.570000,0.007785,0.002956,-0.974603,-1.384287,-1.749243,1.483853,-0.002883,0.020294
8.566667,-0.004600,0.027860,0.011397,-1.115175,-1.214592,1.326205,-1.570000,0.018004,0.015924,-0.979400,-1.384286,-1.749765,1.488895,-0.015405,0.026200
8.600000,-0.010649,0.019286,0.016808,-1.110521,-1.216293,1.307439,-1.570000,0.018924,0.004038,-0.972388,-1.398446,-1.762112,1.488278,-0.020499,0.015865
8.633333,-0.003902,0.013090,0.030349,-1.109003,-1.199954,1.297021,-1.569329,0.012583,0.007535,-0.994096,-1.390163,-1.766267,1.485981,-0.013264,-0.003700
8.666667,0.001058,0.019221,0.022574,-1.105085,-1.176315,1.313750,-1.563376,0.017015,0.014341,-1.011285,-1.390163,-1.775602,1.488525,-0.017351,-0.011222
8.700000,0.000562,0.015747,0.024054,-1.120602,-1.164049,1.314053,-1.563376,0.013144,0.008155,-1.012331,-1.386637,-1.770332,1.501411,-0.014278,-0.013803
8.733333,0.012857,0.015747,0.013511,-1.108702,-1.133958,1.324776,-1.543376,0.006132,0.000641,-1.023598,-1.386637,-1.772875,1.509651,-0.006156,-0.023975
8.766667,0.019018,0.019979,0.002821,-1.112941,-1.143641,1.322071,-1.543376,0.004621,-0.000130,-1.022018,-1.386637,-1.775660,1.512561,-0.007097,-0.015350
8.800000,0.011084,0.023261,-0.001140,-1.110464,-1.162658,1.327404,-1.544047,0.005518,0.000243,-1.012815,-1.405100,-1.763719,1.518827,-0.008164,-0.011882
8.833333,0.004987,0.015271,0.009782,-1.117575,-1.168702,1.308462,-1.550000,0.006141,-0.007592,-1.002838,-1.397015,-1.745827,1.508982,-0.011534,0.005283
8.866667,0.005205,0.025429,0.014475,-1.145252,-1.161769,1.296323,-1.548406,0.008312,0.006319,-1.008196,-1.400542,-1.736466,1.523326,-0.019892,0.012259
8.900000,-0.003282,0.028722,0.025596,-1.162581,-1.167891,1.290725,-1.568406,0.003842,0.002954,-0.990258,-1.396172,-1.727779,1.507807,-0.016005,0.012801
8.933333,-0.007066,0.025118,0.037703,-1.166728,-1.154239,1.310299,-1.568406,0.004372,0.006531,-0.991258,-1.391801,-1.725466,1.503909,-0.014138,0.004961
8.966667,0.002776,0.021290,0.038327,-1.146977,-1.171253,1.339091,-1.548406,0.018798,0.005039,-0.969118,-1.368804,-1.706071,1.481422,0.000611,0.002703
9.000000,0.014557,0.023066,0.034094,-1.103286,-1.228266,1.383250,-1.508406,0.016918,0.020242,-0.921173,-1.332519,-1.673190,1.480645,0.004666,-0.002129
9.033333,0.017175,0.012668,0.025219,-1.032075,-1.284606,1.439487,-1.450000,0.015873,0.010900,-0.857878,-1.268148,-1.621908,1.470098,0.018058,-0.010617
9.066667,0.008656,0.015929,0.013503,-0.976380,-1.330955,1.486621,-1.370000,0.013474,0.019811,-0.777878,-1.188148,-1.541908,1.485617,0.029087,-0.014794
9.100000,0.012926,0.017158,0.002106,-0.919172,-1.371892,1.520382,-1.280180,0.003695,0.020567,-0.677878,-1.109007,-1.441908,1.491996,0.033655,-0.008743
9.133333,0.005422,0.019970,-0.002983,-0.891322,-1.398240,1.530082,-1.213920,-0.011749,0.024065,-0.577878,-1.048011,-1.341908,1.517424,0.023802,-0.006493
9.166667,-0.020211,0.022730,-0.027195,-0.863472,-1.404588,1.545980,-1.165135,-0.009148,0.002629,-0.477878,-0.987014,-1.241907,1.532218,0.034748,-0.016462
9.200000,-0.021115,0.027465,-0.036009,-0.863141,-1.391436,1.560378,-1.147236,-0.005435,-0.002753,-0.380021,-0.965151,-1.141907,1.536836,0.044072,-0.001838
9.233333,-0.012961,0.022469,-0.029913,-0.861458,-1.391436,1.543877,-1.161839,-0.004141,-0.008355,-0.313447,-0.959962,-1.041907,1.526124,0.038363,0.003500
9.266667,-0.023833,0.022337,-0.038343,-0.844980,-1.396848,1.515513,-1.194623,0.008136,-0.021733,-0.253708,-0.933914,-0.941908,1.519698,0.024187,0.008402
9.300000,-0.030362,0.032965,-0.039320,-0.839144,-1.396848,1.500113,-1.227045,0.012178,-0.017165,-0.225632,-0.929722,-0.841908,1.529790,0.026763,0.024950
9.333333,-0.012078,0.029680,-0.018165,-0.850543,-1.391804,1.460800,-1.265460,0.002987,-0.008709,-0.210505,-0.940258,-0.741907,1.522478,0.023343,0.027813
9.366667,-0.002765,0.022446,-0.010910,-0.838185,-1.379911,1.409401,-1.272988,0.010461,0.012564,-0.218164,-0.920258,-0.641907,1.501024,0.001135,0.016831
9.400000,-0.000700,0.038917,-0.012082,-0.825563,-1.374867,1.385315,-1.278435,0.005016,0.013866,-0.194539,-0.883583,-0.541907,1.485630,-0.009989,0.031569
9.433333,0.009730,0.036039,0.002457,-0.837363,-1.369248,1.378046,-1.283562,0.000707,0.029684,-0.196904,-0.886909,-0.441907,1.488687,0.004894,0.020446
9.466667,0.021243,0.028747,0.005838,-0.825345,-1.354113,1.363148,-1.291191,0.000934,0.025585,-0.207607,-0.878902,-0.341907,1.474465,0.011587,0.008506
9.500000,0.027537,0.029878,0.002444,-0.832369,-1.359157,1.350006,-1.299680,0.003310,0.030459,-0.211200,-0.856165,-0.241907,1.467697,0.017307,0.026952
9.533333,0.021772,0.034192,0.007778,-0.835026,-1.380019,1.357569,-1.321193,-0.010358,0.015646,-0.205549,-0.864832,-0.141907,1.485323,0.028296,0.024874
9.566667,0.030403,0.025952,0.016163,-0.853860,-1.384141,1.357780,-1.336964,0.004958,0.023340,-0.226610,-0.909012,-0.041907,1.511429,0.037089,0.014783
9.600000,0.031534,0.028554,0.025341,-0.870481,-1.389760,1.370949,-1.332604,0.015525,0.036371,-0.247561,-0.928836,0.058093,1.523938,0.030831,0.017542
9.633333,0.027730,0.022406,0.023236,-0.889445,-1.391642,1.384211,-1.340182,0.010911,0.036023,-0.228512,-0.919992,0.153288,1.518160,0.023295,0.017506
9.666667,0.026379,0.023339,0.028002,-0.887050,-1.376116,1.422339,-1.323434,0.011539,0.037354,-0.243624,-0.937610,0.221378,1.531059,0.015291,-0.009861
9.700000,0.036639,0.019780,0.022567,-0.902683,-1.359893,1.458052,-1.328630,0.010249,0.019087,-0.268699,-0.945607,0.271001,1.533746,0.019387,-0.012473
9.733333,0.026542,0.011840,0.016988,-0.913862,-1.352205,1.489696,-1.331815,-0.000596,0.012372,-0.270871,-0.922746,0.294927,1.515754,0.023826,-0.014733
9.766667,0.021651,0.013925,0.000324,-0.906053,-1.333199,1.523412,-1.327090,-0.005197,0.010851,-0.255086,-0.890899,0.300741,1.493352,0.014030,-0.013558
9.800000,0.016617,0.024571,0.004491,-0.919720,-1.322736,1.553835,-1.315442,0.001748,0.025379,-0.255446,-0.897309,0.297465,1.485374,0.014724,-0.002830
9.833333,0.010894,0.020409,-0.000618,-0.930036,-1.326611,1.555418,-1.331979,0.001938,0.019384,-0.249611,-0.900767,0.301347,1.482146,0.019108,0.007693
9.866667,-0.001714,0.018693,-0.011976,-0.911640,-1.330362,1.542307,-1.322902,0.015986,0.027119,-0.222671,-0.873847,0.300765,1.490227,0.024807,0.019442
9.900000,0.000923,0.031848,-0.014310,-0.894022,-1.332738,1.523724,-1.317700,0.018278,0.020096,-0.215486,-0.882272,0.300839,1.507332,0.028669,0.021924
9.933333,-0.002571,0.028440,-0.009481,-0.890807,-1.337282,1.483402,-1.337561,0.010620,-0.000311,-0.216305,-0.893137,0.318868,1.509109,0.044261,0.016369
9.966667,-0.003617,0.024654,-0.033682,-0.866096,-1.326537,1.452643,-1.355772,0.021661,-0.009382,-0.239272,-0.905744,0.338020,1.536461,0.055436,0.004869
10.000000,0.006864,0.032082,-0.038437,-0.829819,-1.311647,1.410724,-1.362013,0.018785,-0.004523,-0.228435,-0.900489,0.344746,1.542627,0.059574,0.011644
10.033333,0.007825,0.038075,-0.029724,-0.798538,-1.319464,1.358889,-1.375359,0.005966,0.005880,-0.222009,-0.922984,0.374403,1.527903,0.046639,0.000559
10.066667,0.000997,0.039099,-0.035938,-0.740859,-1.325699,1.296635,-1.397817,-0.005650,0.015225,-0.217046,-0.912794,0.418541,1.523489,0.039023,-0.005660
10.100000,0.002985,0.043404,-0.031062,-0.679012,-1.340161,1.224273,-1.413055,-0.008866,0.025190,-0.205751,-0.914267,0.422837,1.542725,0.040580,0.006716
10.133333,0.009578,0.039525,-0.006610,-0.604050,-1.354623,1.124273,-1.428107,-0.030217,0.022778,-0.169905,-0.888471,0.431143,1.521961,0.023739,0.007724
10.166667,0.002758,0.053062,-0.000569,-0.534959,-1.361661,1.024273,-1.427598,-0.036978,0.025379,-0.156909,-0.863286,0.431821,1.511387,0.009629,0.012421
10.200000,0.001207,0.049360,0.007249,-0.459680,-1.356727,0.924273,-1.450629,-0.027206,0.022903,-0.136009,-0.836482,0.407044,1.504240,0.005399,0.026407
10.233333,0.023165,0.033332,0.013179,-0.384863,-1.342404,0.824273,-1.474196,-0.020696,0.010982,-0.123804,-0.842362,0.374613,1.494514,0.008652,0.026130
10.266667,0.032287,0.029793,0.009031,-0.296586,-1.323064,0.724273,-1.479919,-0.003469,0.017390,-0.104526,-0.855398,0.374613,1.491045,-0.010791,0.013998
10.300000,0.041633,0.027366,0.003245,-0.227776,-1.335628,0.624273,-1.494637,0.001298,0.010502,-0.092595,-0.855701,0.346858,1.502688,-0.008929,0.017841
10.333333,0.045613,0.006401,0.014148,-0.183208,-1.345192,0.524273,-1.526020,0.010398,0.012709,-0.072995,-0.889748,0.351792,1.518496,0.003593,0.004419
10.366667,0.066267,0.004110,0.012971,-0.163320,-1.347931,0.424273,-1.533951,0.003407,0.016518,-0.091748,-0.908755,0.362548,1.540367,-0.004988,-0.020374
10.400000,0.050938,0.005468,0.012411,-0.152846,-1.358045,0.324273,-1.534123,0.010980,0.024409,-0.076779,-0.914520,0.375152,1.551444,-0.008688,-0.017223
10.433333,0.048467,0.005111,0.022266,-0.146678,-1.358367,0.224273,-1.534295,-0.002712,0.014565,-0.069566,-0.892370,0.356225,1.541451,0.006130,-0.019768
10.466667,0.056671,0.010177,0.027271,-0.131115,-1.333018,0.124273,-1.503422,0.006535,0.025034,-0.058397,-0.885662,0.354829,1.524687,-0.001026,-0.013055
10.500000,0.064554,0.016601,0.030145,-0.125438,-1.330171,0.024273,-1.495232,0.003872,0.010799,-0.050043,-0.865963,0.347277,1.501558,-0.005246,-0.006579
10.533333,0.038652,0.017483,0.020779,-0.123295,-1.341147,-0.075727,-1.503663,-0.002264,0.001975,-0.008896,-0.835171,0.346712,1.487625,0.006670,0.012969
10.566667,0.029623,0.029281,0.015070,-0.151275,-1.325300,-0.154974,-1.503663,-0.002903,0.015749,-0.006505,-0.817622,0.345929,1.491575,0.002956,0.027855
10.600000,0.033607,0.032964,0.011787,-0.214949,-1.326729,-0.194222,-1.503663,-0.004924,0.028087,-0.014314,-0.829990,0.345337,1.499692,0.004238,0.039208
10.633333,0.016859,0.027342,0.000601,-0.301991,-1.337310,-0.193469,-1.534748,-0.005990,0.014863,-0.037597,-0.829032,0.352091,1.502851,0.011381,0.028982
10.666667,0.022779,0.025367,-0.025284,-0.379643,-1.329922,-0.152716,-1.526723,0.001670,0.023442,-0.056364,-0.840200,0.340519,1.522627,0.016154,0.028443
10.700000,0.033806,0.025441,-0.012958,-0.469082,-1.313866,-0.071964,-1.518619,0.006353,0.027920,-0.095527,-0.856322,0.329526,1.523260,0.022605,0.029463
10.733333,0.048507,0.012517,-0.008283,-0.558521,-1.309165,0.028036,-1.504125,0.003438,0.014874,-0.128110,-0.865290,0.323041,1.495319,0.023619,0.013073
10.766667,0.038173,0.016095,-0.015421,-0.645284,-1.321996,0.128036,-1.492320,0.003857,0.016487,-0.155191,-0.860450,0.335530,1.494114,0.023094,0.013897
10.800000,0.039981,0.016095,-0.008703,-0.733221,-1.334698,0.228036,-1.478013,-0.001916,0.018863,-0.158883,-0.862436,0.332262,1.499410,0.026406,0.014181
10.833333,0.031534,0.018367,0.007257,-0.830545,-1.333743,0.328036,-1.462815,-0.009963,0.019169,-0.181559,-0.845897,0.324388,1.466882,0.027533,0.016601
10.866667,0.017054,0.025433,0.000775,-0.915010,-1.331676,0.428036,-1.414529,-0.004150,0.028322,-0.187522,-0.828997,0.304396,1.441913,0.021204,0.002914
10.900000,0.006038,0.030640,0.001411,-0.974881,-1.354669,0.528036,-1.386041,-0.002160,0.027051,-0.190636,-0.816871,0.284056,1.436445,0.026692,0.001578
10.933333,0.004511,0.023755,0.008305,-1.029918,-1.351621,0.628036,-1.367253,0.005942,0.024546,-0.202504,-0.817543,0.266632,1.413948,0.035739,0.001434
10.966667,0.003096,0.033613,-0.005152,-1.050963,-1.361122,0.728036,-1.334366,0.003933,0.027739,-0.237049,-0.809273,0.259337,1.408891,0.024868,0.007354
11.000000,-0.012072,0.030827,-0.010648,-1.045974,-1.381879,0.828036,-1.320634,0.006444,0.022095,-0.239129,-0.811540,0.263071,1.403544,0.019572,0.000936
11.033333,0.007815,0.024848,-0.012033,-1.033894,-1.388407,0.928036,-1.317068,-0.004665,0.007782,-0.264834,-0.834099,0.273454,1.408979,0.013946,-0.003744
11.066667,0.015915,0.025392,-0.023107,-1.031666,-1.365956,1.028036,-1.302306,-0.001173,0.018836,-0.284821,-0.848301,0.283953,1.421474,-0.014165,0.006200
11.100000,0.019761,0.026715,-0.028455,-1.003357,-1.369547,1.128036,-1.280079,-0.004955,0.005722,-0.274244,-0.838422,0.282614,1.411211,-0.027810,0.004004
11.133333,0.022052,0.016856,-0.020617,-0.980599,-1.351010,1.228036,-1.252918,-0.012683,0.001967,-0.264159,-0.843635,0.272785,1.388037,-0.017256,-0.014199
11.166667,0.038737,0.012922,-0.020912,-0.975253,-1.332191,1.325859,-1.243157,-0.021070,-0.007851,-0.277865,-0.850687,0.272494,1.380240,-0.022159,-0.017109
11.200000,0.032468,0.012466,-0.017756,-0.971407,-1.338323,1.402697,-1.228263,-0.015072,-0.004675,-0.270117,-0.855236,0.270511,1.377210,-0.014321,-0.005357
11.233333,0.027196,0.018780,-0.001419,-0.947360,-1.346922,1.479534,-1.200199,-0.011687,-0.013474,-0.261581,-0.857906,0.257402,1.365055,0.013811,-0.008404
11.266667,0.046169,0.033933,0.011069,-0.956904,-1.332125,1.546750,-1.167212,-0.002661,0.012962,-0.253045,-0.893719,0.258863,1.392688,0.011114,-0.001777
11.300000,0.045233,0.036160,0.022742,-0.966537,-1.345417,1.574882,-1.157843,0.006522,0.021319,-0.244414,-0.914441,0.263388,1.405905,0.010805,0.009479
11.333333,0.036285,0.037651,0.011500,-0.958101,-1.339361,1.591908,-1.151568,0.023912,0.027411,-0.221814,-0.923569,0.278743,1.437631,0.016778,0.016240
11.366667,0.029164,0.050100,0.013194,-0.963474,-1.335688,1.622161,-1.141129,0.014156,0.042505,-0.216075,-0.926728,0.274238,1.473495,0.020474,0.021221
11.400000,0.034802,0.040215,0.012070,-0.972545,-1.350646,1.617476,-1.161648,0.006516,0.037427,-0.208117,-0.920893,0.280540,1.486564,0.019096,0.018449
11.433333,0.020135,0.031493,-0.005046,-0.956017,-1.363510,1.605800,-1.209406,-0.002459,0.022762,-0.230640,-0.889038,0.282269,1.472016,0.033763,0.016037
11.466667,0.016531,0.035771,-0.021053,-0.956486,-1.362425,1.608220,-1.252246,0.001213,0.014053,-0.220870,-0.875110,0.278376,1.476375,0.026527,0.029384
11.500000,0.010857,0.036764,-0.005504,-0.960246,-1.382092,1.600526,-1.259825,-0.005002,0.020163,-0.230594,-0.875615,0.271076,1.467544,0.025606,0.027319
11.533333,0.014189,0.029120,-0.009689,-0.928647,-1.391286,1.575274,-1.285423,0.008342,0.014113,-0.229599,-0.890352,0.271023,1.426480,0.022495,0.024430
11.566667,0.007964,0.026708,-0.010955,-0.924890,-1.391944,1.567504,-1.291794,0.018196,0.026687,-0.236565,-0.902178,0.267586,1.425415,0.009953,0.031312
11.600000,0.003587,0.017926,-0.005532,-0.918622,-1.397267,1.549681,-1.284661,0.019056,0.016263,-0.228023,-0.921328,0.269156,1.425592,0.002722,0.022523
11.633333,0.008328,0.011749,0.008144,-0.912170,-1.382773,1.534977,-1.259183,0.013221,0.019693,-0.254253,-0.924256,0.259043,1.421003,0.009381,0.001923
11.666667,0.012064,0.016929,-0.000034,-0.904067,-1.360147,1.543670,-1.242561,0.015189,0.026275,-0.273245,-0.931357,0.240557,1.418427,0.004798,-0.004551
11.700000,0.011199,0.013966,0.001438,-0.915221,-1.351943,1.542563,-1.236590,0.012435,0.017844,-0.274049,-0.922412,0.250681,1.427491,0.008204,-0.007621
11.733333,0.022458,0.013966,-0.009952,-0.900699,-1.342670,1.552238,-1.209846,0.006837,0.009129,-0.286292,-0.937989,0.250100,1.436556,0.018801,-0.017895
11.766667,0.025003,0.017697,-0.021468,-0.906900,-1.343495,1.550658,-1.206959,0.005558,0.006915,-0.283563,-0.935450,0.256145,1.431997,0.019294,-0.009567
11.800000,0.018890,0.021327,-0.024516,-0.910283,-1.364319,1.565228,-1.210760,0.007713,0.006719,-0.266084,-0.941982,0.272643,1.425243,0.017856,-0.004603
11.833333,0.013996,0.015060,-0.014233,-0.923553,-1.372523,1.554635,-1.227132,0.008899,-0.001228,-0.253247,-0.920879,0.290084,1.406915,0.013674,0.011930
11.866667,0.012963,0.025139,-0.009748,-0.957565,-1.372414,1.540497,-1.220570,0.008561,0.013913,-0.255168,-0.925175,0.292070,1.411880,0.007658,0.018267
11.900000,0.002797,0.028154,0.000666,-0.980658,-1.381687,1.533034,-1.235886,0.003382,0.012491,-0.235184,-0.894292,0.294175,1.379716,0.008964,0.018331
11.933333,-0.000197,0.024893,0.011958,-0.987045,-1.381687,1.549814,-1.233612,0.003640,0.017152,-0.235200,-0.882251,0.283508,1.367552,0.009847,0.009474
11.966667,0.008535,0.020935,0.019192,-0.967789,-1.361687,1.532314,-1.247911,0.014573,0.012329,-0.255193,-0.899437,0.262388,1.383443,0.013979,0.004990
12.000000,0.021655,0.021424,0.021629,-0.923698,-1.368087,1.499978,-1.276395,0.010442,0.022555,-0.288468,-0.944257,0.217105,1.423455,0.009230,-0.000184
12.033333,0.023514,0.010583,0.020000,-0.856411,-1.361318,1.466303,-1.338273,0.007330,0.007177,-0.318680,-0.989077,0.150512,1.450489,0.009390,-0.007056
12.066667,0.015316,0.011836,0.016544,-0.804909,-1.347744,1.392627,-1.404343,0.001744,0.009634,-0.357203,-1.069077,0.070512,1.494652,0.010442,-0.008974
12.100000,0.019867,0.011987,0.013075,-0.751604,-1.320462,1.292627,-1.467561,-0.011826,0.006436,-0.386146,-1.164348,-0.029488,1.538815,0.004872,-0.002420
12.133333,0.013304,0.013121,0.007631,-0.725442,-1.326524,1.192627,-1.514578,-0.028433,0.008231,-0.399310,-1.242452,-0.118215,1.562979,-0.005182,0.002929
12.166667,-0.014410,0.015691,-0.016050,-0.702279,-1.321154,1.092627,-1.531395,-0.026824,-0.012196,-0.391249,-1.280555,-0.191129,1.570000,0.004270,-0.005363
12.200000,-0.013265,0.020632,-0.024322,-0.702312,-1.307365,0.992627,-1.530814,-0.025310,-0.015516,-0.379889,-1.318659,-0.260830,1.570000,0.013332,0.010813
12.233333,-0.004411,0.017445,-0.018034,-0.702375,-1.307487,0.892627,-1.534381,-0.023674,-0.020117,-0.372717,-1.339124,-0.290531,1.569206,0.006821,0.014948
12.266667,-0.014308,0.017791,-0.024935,-0.688333,-1.332464,0.792627,-1.539431,-0.009639,-0.034844,-0.365352,-1.324319,-0.280232,1.564090,-0.008750,0.019973
12.300000,-0.021906,0.029572,-0.024787,-0.687148,-1.335831,0.725760,-1.540756,-0.006265,-0.027814,-0.366827,-1.326681,-0.281205,1.564090,-0.006233,0.035545
12.333333,-0.002633,0.027209,-0.002873,-0.705954,-1.337838,0.678218,-1.550166,-0.013807,-0.020773,-0.365224,-1.349162,-0.273236,1.558946,-0.011589,0.038657
12.366667,0.006064,0.021036,0.004289,-0.701423,-1.329747,0.648419,-1.536973,-0.005715,-0.001151,-0.382013,-1.338504,-0.264297,1.541274,-0.033917,0.026027
12.400000,0.006031,0.038159,0.003161,-0.700487,-1.326237,0.655457,-1.521070,-0.011935,0.000159,-0.369299,-1.305484,-0.295357,1.526850,-0.043179,0.040823
12.433333,0.014494,0.035248,0.015982,-0.723818,-1.309138,0.687217,-1.511604,-0.016475,0.015509,-0.384779,-1.312464,-0.328091,1.531965,-0.027228,0.029396
12.466667,0.029003,0.028615,0.019213,-0.727439,-1.289316,0.725845,-1.504974,-0.014936,0.010554,-0.407200,-1.310997,-0.356361,1.530008,-0.020400,0.015812
12.500000,0.033877,0.030197,0.015758,-0.743215,-1.292983,0.782421,-1.498612,-0.013561,0.016081,-0.435508,-1.289411,-0.409387,1.528112,-0.013737,0.032151
12.533333,0.027641,0.034881,0.019768,-0.753181,-1.308108,0.851943,-1.498189,-0.024135,0.003172,-0.456083,-1.300963,-0.441951,1.545784,-0.000346,0.030504
12.566667,0.036705,0.026839,0.027627,-0.769282,-1.307996,0.904258,-1.491425,-0.004701,0.011124,-0.507641,-1.341702,-0.467788,1.561003,0.007075,0.018804
12.600000,0.038246,0.031093,0.037655,-0.777700,-1.313575,0.958279,-1.464240,0.005875,0.024575,-0.558371,-1.362441,-0.531952,1.561003,0.001053,0.022967
12.633333,0.031271,0.024811,0.036006,-0.776462,-1.314975,0.993111,-1.446283,0.001240,0.024789,-0.572556,-1.351627,-0.593967,1.555529,-0.005565,0.022656
12.666667,0.030253,0.025101,0.040944,-0.747070,-1.298990,1.030669,-1.410174,0.001465,0.027002,-0.605155,-1.365075,-0.655982,1.562569,-0.010322,-0.002223
12.700000,0.038561,0.020810,0.036864,-0.728522,-1.285436,1.042634,-1.391593,-0.001210,0.008023,-0.640008,-1.370680,-0.742644,1.562569,-0.009296,-0.005353
12.733333,0.028762,0.013006,0.031914,-0.708548,-1.280645,1.057971,-1.375483,-0.014599,0.002147,-0.642787,-1.349083,-0.836032,1.559232,-0.004919,-0.005229
12.766667,0.024676,0.014338,0.016129,-0.675484,-1.259214,1.082639,-1.357726,-0.016150,0.000753,-0.617998,-1.311840,-0.929419,1.550800,-0.013791,-0.003987
12.800000,0.020161,0.025701,0.021353,-0.671786,-1.249231,1.106489,-1.341854,-0.010069,0.016097,-0.608250,-1.313390,-1.029419,1.544160,-0.014347,0.009072
12.833333,0.012578,0.021738,0.017667,-0.679155,-1.251683,1.104183,-1.354031,-0.009274,0.009156,-0.593297,-1.313323,-1.120352,1.544160,-0.012025,0.017052
12.866667,-0.000562,0.019910,0.006795,-0.669276,-1.257196,1.119996,-1.354874,0.008348,0.018576,-0.562703,-1.281098,-1.193625,1.544161,-0.005428,0.030523
12.900000,0.003794,0.032354,0.004636,-0.674026,-1.255875,1.135219,-1.361840,0.008927,0.009880,-0.559985,-1.286889,-1.260776,1.547497,-0.001245,0.031636
12.933333,0.000746,0.029705,0.010405,-0.703235,-1.261472,1.135016,-1.389366,-0.000202,-0.009932,-0.575566,-1.291547,-1.299157,1.547534,0.013542,0.025179
12.966667,-0.001954,0.026197,-0.013471,-0.724326,-1.250790,1.154820,-1.410102,0.012602,-0.020147,-0.612651,-1.297412,-1.313408,1.561605,0.025558,0.013374
13.000000,0.007680,0.034400,-0.017924,-0.739773,-1.238342,1.180333,-1.413192,0.009201,-0.016015,-0.614940,-1.286330,-1.336727,1.561605,0.032509,0.022413
13.033333,0.010335,0.040730,-0.007881,-0.766636,-1.244591,1.182631,-1.415504,-0.006564,-0.007077,-0.634826,-1.305424,-1.349930,1.557715,0.018439,0.010378
13.066667,0.001664,0.043070,-0.012824,-0.763048,-1.248239,1.173030,-1.418975,-0.017074,0.000948,-0.654011,-1.300249,-1.351547,1.557715,0.008743,0.005670
13.100000,0.002777,0.047580,-0.009138,-0.768272,-1.271632,1.183097,-1.414599,-0.020909,0.009523,-0.665004,-1.307569,-1.380444,1.566110,0.008051,0.020149
13.133333,0.007695,0.044082,0.014013,-0.767265,-1.295025,1.163340,-1.407366,-0.043148,0.007625,-0.654709,-1.290772,-1.395908,1.556915,-0.007561,0.021333
13.166667,0.002534,0.058005,0.019018,-0.772251,-1.296560,1.164030,-1.389730,-0.048471,0.010062,-0.667517,-1.271716,-1.398870,1.552679,-0.024532,0.023681
13.200000,-0.003909,0.055457,0.025528,-0.784549,-1.285163,1.188686,-1.400739,-0.038064,0.005647,-0.672872,-1.258516,-1.429607,1.547920,-0.028199,0.038521
13.233333,0.013713,0.038314,0.030458,-0.811378,-1.270066,1.212521,-1.407688,-0.029878,-0.005165,-0.690414,-1.269570,-1.455382,1.546166,-0.021790,0.039762
13.266667,0.019750,0.035756,0.025546,-0.814706,-1.235805,1.219636,-1.398927,-0.012954,0.000277,-0.715152,-1.287267,-1.467546,1.546166,-0.037828,0.028362
13.300000,0.028891,0.033862,0.019905,-0.822789,-1.231705,1.245063,-1.403009,-0.007252,-0.008117,-0.759737,-1.290183,-1.517272,1.555360,-0.037740,0.032163
13.333333,0.027546,0.012871,0.029963,-0.848176,-1.237846,1.255721,-1.426262,0.002704,-0.007019,-0.801521,-1.329662,-1.564125,1.559597,-0.025780,0.020290
13.366667,0.046519,0.009090,0.029180,-0.868629,-1.240982,1.242413,-1.428177,-0.004199,-0.002713,-0.866982,-1.349998,-1.591917,1.568246,-0.034025,-0.003930
13.400000,0.032661,0.012443,0.029054,-0.881301,-1.249906,1.253209,-1.433950,0.004204,0.005507,-0.897795,-1.359926,-1.633313,1.570000,-0.036873,-0.003148
13.433333,0.029650,0.012057,0.039584,-0.880712,-1.249730,1.280726,-1.439723,-0.009851,-0.004413,-0.916331,-1.348866,-1.674048,1.561515,-0.022141,-0.007435
13.466667,0.036306,0.016748,0.044686,-0.860328,-1.226863,1.319753,-1.412884,0.000825,0.008283,-0.909786,-1.354412,-1.693151,1.544587,-0.029357,-0.000329
13.500000,0.045702,0.023946,0.048689,-0.840157,-1.225231,1.333551,-1.406875,-0.002438,-0.004061,-0.901883,-1.349675,-1.709101,1.532946,-0.031060,0.004514
13.533333,0.021172,0.027534,0.039295,-0.822782,-1.237920,1.347349,-1.418744,-0.007598,-0.012402,-0.864276,-1.329873,-1.722976,1.530373,-0.018336,0.024005
13.566667,0.010807,0.040185,0.034011,-0.830360,-1.224431,1.356745,-1.435069,-0.008810,0.001247,-0.859115,-1.320496,-1.724530,1.530373,-0.021532,0.039101
13.600000,0.014772,0.044860,0.030853,-0.850326,-1.233592,1.340917,-1.451394,-0.009185,0.012715,-0.855304,-1.339123,-1.730416,1.538858,-0.019390,0.049663
13.633333,-0.000802,0.037706,0.018939,-0.865629,-1.251090,1.290087,-1.483509,-0.013953,0.000487,-0.863478,-1.343473,-1.719045,1.550949,-0.008929,0.039463
13.666667,0.005961,0.036508,-0.007850,-0.855226,-1.249485,1.279258,-1.477989,-0.004930,0.007699,-0.864625,-1.354676,-1.723613,1.562590,-0.005472,0.040034
13.700000,0.017170,0.036719,0.004590,-0.858415,-1.240197,1.282340,-1.469597,-0.000563,0.010577,-0.880880,-1.372141,-1.727477,1.565163,0.000887,0.041174
13.733333,0.034420,0.023237,0.009150,-0.823718,-1.240247,1.260444,-1.446242,-0.003860,-0.002605,-0.888040,-1.380755,-1.720536,1.554650,0.001893,0.023904
13.766667,0.024806,0.025718,0.002338,-0.805646,-1.252640,1.259778,-1.429445,-0.004721,0.000020,-0.895530,-1.372033,-1.690767,1.554650,0.003735,0.026476
13.800000,0.027680,0.025718,0.011553,-0.801010,-1.264263,1.257881,-1.432248,-0.007395,-0.000422,-0.886408,-1.369443,-1.692948,1.559486,0.004266,0.026619
13.833333,0.022209,0.026019,0.029622,-0.808055,-1.263258,1.224999,-1.440821,-0.017945,0.001145,-0.884242,-1.349253,-1.667317,1.552550,0.004210,0.030411
13.866667,0.012292,0.031564,0.025392,-0.792214,-1.251428,1.194059,-1.415726,-0.013078,0.009375,-0.856763,-1.321319,-1.623526,1.548941,-0.004682,0.015258
13.900000,0.001928,0.034318,0.026371,-0.781062,-1.265977,1.187971,-1.410382,-0.010933,0.007761,-0.804070,-1.297051,-1.571927,1.559455,-0.000033,0.014498
13.933333,0.004422,0.025485,0.034610,-0.767119,-1.251147,1.145877,-1.413285,-0.002465,0.005036,-0.753210,-1.288960,-1.514586,1.559455,0.003964,0.014237
13.966667,0.003656,0.034892,0.020388,-0.743066,-1.252517,1.105886,-1.400712,-0.005758,0.009665,-0.720688,-1.272365,-1.424184,1.559455,-0.005407,0.020134
14.000000,-0.010639,0.030917,0.013969,-0.714640,-1.262190,1.094822,-1.403132,-0.003962,0.004594,-0.669293,-1.269935,-1.343974,1.559362,-0.009233,0.014802
14.033333,0.007244,0.023415,0.010963,-0.700265,-1.264274,1.071661,-1.422022,-0.015539,-0.007901,-0.639314,-1.291950,-1.286742,1.562283,-0.012761,0.010428
14.066667,0.015651,0.023026,-0.001182,-0.707421,-1.239766,1.046095,-1.426401,-0.013333,0.003455,-0.626055,-1.313507,-1.245234,1.562283,-0.041439,0.020529
14.100000,0.017408,0.024218,-0.007466,-0.697881,-1.244637,1.039080,-1.432042,-0.016992,-0.009357,-0.594232,-1.312749,-1.224716,1.549566,-0.053217,0.018020
14.133333,0.023333,0.014811,0.000109,-0.691293,-1.223665,1.050506,-1.430148,-0.022455,-0.013761,-0.553743,-1.319747,-1.216454,1.531511,-0.044050,0.000017
14.166667,0.039121,0.011349,-0.000352,-0.695602,-1.201380,1.023990,-1.445124,-0.028716,-0.024948,-0.523175,-1.331943,-1.193356,1.513061,-0.050158,-0.004083
14.200000,0.035483,0.010172,0.002310,-0.690411,-1.207312,1.006043,-1.459386,-0.020196,-0.021747,-0.483334,-1.342490,-1.168995,1.501015,-0.040746,0.005992
14.233333,0.030374,0.017282,0.018474,-0.657162,-1.212777,1.001231,-1.459270,-0.016157,-0.030526,-0.437453,-1.344250,-1.134783,1.489355,-0.013633,0.002504
14.266667,0.049269,0.032173,0.031849,-0.639451,-1.189307,0.977868,-1.447642,-0.008344,-0.003442,-0.391572,-1.361822,-1.090011,1.502073,-0.017786,0.009553
14.300000,0.047870,0.034321,0.042932,-0.612913,-1.195456,0.930195,-1.459025,-0.002853,0.003544,-0.349523,-1.376552,-1.047469,1.501493,-0.019919,0.019466
14.333333,0.038067,0.036605,0.031632,-0.564868,-1.186346,0.882522,-1.470290,0.013461,0.008808,-0.309074,-1.386862,-1.008006,1.524169,-0.013697,0.025212
14.366667,0.032099,0.049960,0.033176,-0.529503,-1.176194,0.822522,-1.467343,0.001942,0.022881,-0.279543,-1.387570,-0.965372,1.536902,-0.012501,0.032696
14.400000,0.037398,0.040371,0.032830,-0.495539,-1.186031,0.722522,-1.491780,-0.006218,0.016492,-0.256644,-1.379577,-0.920495,1.537709,-0.013572,0.030684
14.433333,0.023934,0.031044,0.013840,-0.459415,-1.203820,0.629928,-1.531661,-0.012632,0.003009,-0.264022,-1.355595,-0.872250,1.523784,0.000544,0.026044
14.466667,0.021340,0.035080,-0.001613,-0.444148,-1.205104,0.546282,-1.551543,-0.006185,-0.004738,-0.249045,-1.346825,-0.844730,1.525276,-0.005883,0.039208
14.500000,0.016365,0.034702,0.013965,-0.438667,-1.227420,0.476628,-1.551543,-0.012324,0.002660,-0.246421,-1.337524,-0.811735,1.513686,-0.006293,0.037215
14.533333,0.016882,0.026571,0.009166,-0.409987,-1.245964,0.446974,-1.570000,0.000789,-0.001436,-0.236317,-1.342263,-0.789407,1.479812,-0.009156,0.031742
14.566667,0.011084,0.024163,0.006197,-0.419629,-1.274503,0.457320,-1.570000,0.012202,0.012053,-0.230841,-1.341926,-0.784558,1.476791,-0.021222,0.038999
14.600000,0.005654,0.015134,0.010958,-0.446366,-1.290995,0.500260,-1.559155,0.011956,-0.000453,-0.205455,-1.356349,-0.785497,1.464345,-0.027510,0.030370
14.633333,0.008860,0.008950,0.022936,-0.482798,-1.288978,0.574252,-1.541353,0.004506,0.001892,-0.215742,-1.349589,-0.791227,1.450640,-0.019185,0.011445
14.666667,0.013237,0.013990,0.013749,-0.523565,-1.278802,0.674252,-1.516521,0.008572,0.008971,-0.230098,-1.349446,-0.809289,1.439270,-0.023689,0.004654
14.700000,0.012272,0.010273,0.015420,-0.573764,-1.277286,0.751161,-1.502282,0.006908,0.000843,-0.228868,-1.338731,-0.801384,1.442504,-0.019826,0.003694
14.733333,0.023949,0.010273,0.004926,-0.593829,-1.257074,0.818592,-1.468044,0.000650,-0.006725,-0.242850,-1.348774,-0.799515,1.445739,-0.012306,-0.006361
14.766667,0.027264,0.014344,-0.006271,-0.603591,-1.269376,0.846023,-1.461152,-0.000535,-0.008576,-0.246463,-1.353718,-0.793705,1.444197,-0.012223,0.002621
14.800000,0.020813,0.016366,-0.009219,-0.602385,-1.290073,0.862493,-1.466145,0.001089,-0.007310,-0.231243,-1.372669,-0.768468,1.446660,-0.015082,0.006149
14.833333,0.015982,0.009481,0.000730,-0.603729,-1.297895,0.852417,-1.484115,0.001181,-0.015854,-0.213700,-1.363748,-0.741144,1.437624,-0.018505,0.022136
14.866667,0.015986,0.019041,0.004522,-0.629859,-1.294709,0.828496,-1.477058,-0.000216,-0.003471,-0.213101,-1.376300,-0.730019,1.453463,-0.024848,0.027396
14.900000,0.006714,0.020651,0.015414,-0.646123,-1.301368,0.814051,-1.497749,-0.003266,-0.006563,-0.189843,-1.364372,-0.715526,1.434827,-0.021403,0.028506
14.933333,0.004199,0.017034,0.027385,-0.647802,-1.288543,0.822793,-1.501939,-0.001304,-0.002281,-0.186584,-1.357059,-0.712122,1.433466,-0.020218,0.021329
14.966667,0.013597,0.015012,0.031612,-0.626494,-1.267324,0.802495,-1.481200,0.018257,-0.005852,-0.166484,-1.335740,-0.688143,1.412573,-0.006129,0.014417
15.000000,0.023997,0.016233,0.030741,-0.581604,-1.282577,0.768744,-1.434515,0.020069,0.004841,-0.143690,-1.302291,-0.651364,1.379505,-0.004527,0.007451
15.033333,0.026414,0.005916,0.024687,-0.496715,-1.284003,0.731929,-1.382261,0.023066,-0.008053,-0.111046,-1.253863,-0.595137,1.332056,0.002356,-0.000790
15.066667,0.016702,0.009271,0.016510,-0.432715,-1.281450,0.655115,-1.302261,0.023874,-0.005121,-0.093628,-1.198459,-0.515137,1.319082,0.010882,-0.009451
15.100000,0.019703,0.009687,0.007504,-0.380947,-1.259845,0.595115,-1.202261,0.018216,-0.007995,-0.076305,-1.158124,-0.415137,1.303289,0.014023,-0.007515
15.133333,0.010734,0.009985,-0.000020,-0.362711,-1.269627,0.575115,-1.131880,0.001207,-0.007308,-0.083731,-1.136426,-0.315137,1.309493,0.001279,-0.004512
15.166667,-0.016415,0.012138,-0.025211,-0.368331,-1.252435,0.595115,-1.094837,0.005436,-0.028706,-0.094161,-1.114728,-0.215137,1.351300,0.010965,-0.015234
15.200000,-0.017815,0.017958,-0.036001,-0.413951,-1.223337,0.655115,-1.095417,0.010786,-0.033499,-0.107390,-1.108623,-0.115137,1.394865,0.022338,-0.002000
15.233333,-0.010465,0.013720,-0.032018,-0.478681,-1.205224,0.755115,-1.129310,0.013922,-0.038646,-0.121294,-1.118443,-0.015137,1.417146,0.015947,0.002333
15.266667,-0.020930,0.014682,-0.040865,-0.527085,-1.211702,0.855115,-1.193445,0.026964,-0.054005,-0.123916,-1.093193,0.084863,1.439532,-0.000340,0.005517
15.300000,-0.027086,0.026420,-0.042559,-0.581958,-1.197431,0.955115,-1.253939,0.032607,-0.048779,-0.133059,-1.089307,0.156068,1.479920,0.003598,0.021667
15.333333,-0.008080,0.025418,-0.022051,-0.652880,-1.188065,1.055115,-1.302006,0.025941,-0.040257,-0.132017,-1.102845,0.219173,1.487730,0.001133,0.023210
15.366667,0.000973,0.018917,-0.013943,-0.703918,-1.175439,1.151273,-1.312450,0.033735,-0.020100,-0.147718,-1.085238,0.252384,1.476696,-0.023299,0.012171
15.400000,0.003625,0.035365,-0.015551,-0.732953,-1.166019,1.241790,-1.319428,0.026546,-0.018364,-0.130179,-1.050609,0.253460,1.470357,-0.033124,0.027695
15.433333,0.012178,0.033629,-0.002601,-0.776025,-1.146994,1.310519,-1.324344,0.024679,-0.000718,-0.138407,-1.055981,0.254536,1.482361,-0.015744,0.017319
15.466667,0.024728,0.027066,0.001254,-0.794594,-1.129403,1.358752,-1.330036,0.023457,-0.003095,-0.155367,-1.050799,0.264543,1.473393,-0.008153,0.004009
15.500000,0.029149,0.027219,-0.001981,-0.807253,-1.134345,1.384554,-1.334831,0.024772,0.003659,-0.165407,-1.028193,0.248911,1.474743,-0.002464,0.022699
15.533333,0.022798,0.031571,0.002836,-0.809151,-1.152630,1.395779,-1.351963,0.011993,-0.010093,-0.166262,-1.037640,0.258947,1.499116,0.008795,0.019377
15.566667,0.031129,0.023509,0.011147,-0.814548,-1.155271,1.381850,-1.360164,0.029688,-0.001821,-0.197465,-1.084515,0.272885,1.525422,0.018851,0.006597
15.600000,0.033079,0.026231,0.021192,-0.807125,-1.167167,1.367223,-1.342043,0.038522,0.009237,-0.231181,-1.109120,0.247692,1.536101,0.011127,0.009698
15.633333,0.027475,0.020757,0.019525,-0.791687,-1.173652,1.344186,-1.329957,0.035224,0.007343,-0.231498,-1.104279,0.210866,1.537365,0.003378,0.010479
15.666667,0.026186,0.021433,0.026260,-0.742252,-1.172510,1.325873,-1.297856,0.034850,0.007522,-0.262994,-1.127879,0.167778,1.554266,-0.003621,-0.015186
15.700000,0.035558,0.017594,0.022649,-0.683463,-1.177395,1.285977,-1.259090,0.030055,-0.009400,-0.317036,-1.146739,0.088917,1.559613,0.001011,-0.017163
15.733333,0.027735,0.010288,0.019652,-0.622132,-1.193373,1.236879,-1.222742,0.018441,-0.014240,-0.380730,-1.132834,-0.001712,1.559613,0.002340,-0.015434
15.766667,0.022556,0.011686,0.005306,-0.551349,-1.193963,1.195791,-1.184537,0.012512,-0.014252,-0.447332,-1.106915,-0.093209,1.557349,-0.005789,-0.013943
15.800000,0.018357,0.022585,0.011578,-0.513085,-1.203751,1.159878,-1.143507,0.015712,0.001739,-0.547332,-1.116984,-0.193209,1.559248,-0.005756,-0.002605
15.833333,0.013406,0.019323,0.007133,-0.489140,-1.216090,1.116144,-1.129979,0.016696,-0.004998,-0.647332,-1.120815,-0.293209,1.559248,-0.002989,0.005865
15.866667,0.000668,0.018077,-0.003682,-0.473536,-1.226770,1.094809,-1.123512,0.033310,0.004673,-0.707332,-1.089388,-0.393209,1.559248,0.004139,0.018004
15.900000,0.002181,0.030344,-0.006326,-0.477810,-1.226821,1.099653,-1.121742,0.033357,-0.004199,-0.727332,-1.093295,-0.480646,1.559248,0.010913,0.018335
15.933333,-0.001629,0.026966,-0.001338,-0.504567,-1.230058,1.095888,-1.143602,0.025470,-0.023192,-0.719201,-1.091488,-0.528082,1.553971,0.025594,0.012392
15.966667,-0.003867,0.021971,-0.026539,-0.521223,-1.217432,1.115854,-1.164599,0.039612,-0.032754,-0.702399,-1.090305,-0.535519,1.562459,0.037649,0.000457
16.000000,0.005099,0.029187,-0.031696,-0.534469,-1.200320,1.137188,-1.169475,0.034467,-0.027458,-0.645597,-1.066974,-0.523144,1.562459,0.043354,0.008521
16.033333,0.007413,0.034353,-0.024306,-0.555117,-1.201282,1.136122,-1.174574,0.023462,-0.019955,-0.588795,-1.069888,-0.470769,1.556532,0.028320,-0.002543
16.066667,-0.000740,0.035367,-0.031741,-0.549204,-1.200794,1.122933,-1.185882,0.014992,-0.013825,-0.553573,-1.044527,-0.410903,1.556532,0.018062,-0.008107
16.100000,-0.000046,0.040264,-0.028518,-0.555828,-1.217034,1.132826,-1.191970,0.012951,-0.006155,-0.519572,-1.039259,-0.391037,1.564073,0.018859,0.005240
16.133333,0.005214,0.036586,-0.005885,-0.556041,-1.233274,1.111094,-1.196084,-0.007523,-0.009855,-0.466680,-1.011166,-0.371171,1.548221,0.003731,0.006894
16.166667,-0.003566,0.051195,-0.001112,-0.561104,-1.232566,1.113044,-1.188965,-0.012253,-0.008213,-0.432561,-0.989639,-0.355937,1.536626,-0.009729,0.012559
16.200000,-0.009305,0.048460,0.004698,-0.566877,-1.216822,1.126268,-1.207166,-0.002182,-0.012194,-0.402087,-0.974614,-0.362534,1.523824,-0.012132,0.026807
16.233333,0.009153,0.033373,0.009083,-0.581369,-1.197053,1.131347,-1.216710,0.004956,-0.023124,-0.384049,-0.987863,-0.356059,1.512053,-0.006046,0.027882
16.266667,0.017605,0.030038,0.002614,-0.560435,-1.162882,1.107508,-1.207844,0.023201,-0.017947,-0.366186,-1.004121,-0.311677,1.507782,-0.023607,0.016888
16.300000,0.025305,0.028940,-0.004152,-0.536961,-1.158675,1.087651,-1.197782,0.028595,-0.023834,-0.349508,-1.009573,-0.291079,1.510112,-0.022979,0.021896
16.333333,0.028090,0.007115,0.004495,-0.526668,-1.162667,1.043676,-1.203919,0.038747,-0.021303,-0.324909,-1.048401,-0.245660,1.519677,-0.011588,0.008091
16.366667,0.048060,0.004684,0.003351,-0.517892,-1.165046,0.988427,-1.188829,0.031155,-0.016372,-0.333244,-1.074399,-0.182532,1.538408,-0.018418,-0.016263
16.400000,0.033438,0.006266,0.002711,-0.497235,-1.176281,0.950141,-1.173553,0.037634,-0.006327,-0.307565,-1.094896,-0.123864,1.536830,-0.019563,-0.013511
16.433333,0.031383,0.006234,0.012205,-0.476581,-1.177538,0.940774,-1.158278,0.023961,-0.015319,-0.278919,-1.092291,-0.094712,1.515905,-0.003067,-0.015664
16.466667,0.037488,0.011125,0.017639,-0.450638,-1.155123,0.959050,-1.127281,0.032048,-0.003591,-0.254552,-1.102247,-0.057675,1.496526,-0.009394,-0.007415
16.500000,0.046708,0.018722,0.020257,-0.435756,-1.154088,0.961925,-1.119936,0.028423,-0.018400,-0.233629,-1.100964,-0.020637,1.470779,-0.011592,0.000072
16.533333,0.020870,0.020936,0.010296,-0.429046,-1.168786,0.993061,-1.135058,0.024622,-0.027131,-0.181853,-1.079765,0.014993,1.453636,-0.000564,0.018974
16.566667,0.011034,0.034068,0.004391,-0.453227,-1.155282,1.041324,-1.164782,0.025155,-0.013460,-0.163808,-1.064067,0.058284,1.466984,-0.004920,0.033160
16.600000,0.012836,0.039064,0.001895,-0.515028,-1.157135,1.089587,-1.194506,0.024724,0.000215,-0.147593,-1.074526,0.111731,1.486752,-0.003206,0.041248
16.633333,-0.003004,0.033044,-0.010342,-0.579713,-1.167825,1.122907,-1.254019,0.025072,-0.012914,-0.137237,-1.069445,0.177067,1.499268,0.007368,0.028747
16.666667,0.003434,0.030999,-0.036430,-0.619105,-1.160156,1.196227,-1.277882,0.034390,-0.003470,-0.122902,-1.073269,0.210202,1.526659,0.010549,0.025831
16.700000,0.014242,0.030956,-0.024401,-0.670052,-1.141423,1.267137,-1.297786,0.037435,0.000052,-0.128131,-1.081670,0.235285,1.531812,0.018234,0.027433
16.733333,0.030791,0.017196,-0.019545,-0.684353,-1.133435,1.305296,-1.299785,0.031800,-0.012899,-0.131535,-1.083777,0.240522,1.507822,0.020154,0.009814
16.766667,0.021780,0.019472,-0.026235,-0.689096,-1.144757,1.338815,-1.308440,0.029735,-0.011409,-0.151249,-1.074118,0.232588,1.509262,0.021571,0.011603
16.800000,0.027347,0.019472,-0.016429,-0.690430,-1.157595,1.348562,-1.317095,0.024287,-0.009996,-0.187203,-1.070270,0.188663,1.524257,0.021732,0.011369
16.833333,0.021152,0.019506,0.002535,-0.701518,-1.155980,1.326163,-1.335828,0.013463,-0.009932,-0.252841,-1.050791,0.136940,1.509768,0.022149,0.015602
16.866667,0.010587,0.024822,0.000957,-0.689559,-1.148741,1.293596,-1.320347,0.017669,-0.002909,-0.321288,-1.033300,0.058795,1.510890,0.012378,0.002094
16.900000,0.002515,0.027798,0.004456,-0.682201,-1.166169,1.287901,-1.322770,0.020707,-0.004580,-0.396342,-1.021121,-0.035830,1.534169,0.015947,0.003001
16.933333,0.003897,0.018780,0.015032,-0.671340,-1.154618,1.246847,-1.337931,0.027843,-0.009718,-0.474022,-1.023792,-0.135830,1.538159,0.017975,0.005681
16.966667,0.003918,0.026654,0.003255,-0.648540,-1.158134,1.204508,-1.335837,0.023017,-0.005587,-0.540501,-1.020910,-0.235830,1.543548,0.004618,0.011479
17.000000,-0.009816,0.023345,-0.001449,-0.610284,-1.169740,1.179438,-1.336583,0.024631,-0.011899,-0.566981,-1.029191,-0.335830,1.550828,0.000150,0.005092
17.033333,0.010258,0.016022,-0.004244,-0.573181,-1.174194,1.138682,-1.338959,0.013543,-0.024155,-0.565359,-1.055424,-0.395830,1.558866,-0.004669,-0.000167
17.066667,0.017678,0.017255,-0.016895,-0.551177,-1.152565,1.073134,-1.316782,0.015468,-0.013331,-0.525224,-1.073604,-0.415830,1.559575,-0.033171,0.008797
17.100000,0.023050,0.019471,-0.024382,-0.509527,-1.159915,1.024179,-1.283723,0.010498,-0.023780,-0.454024,-1.066890,-0.395830,1.550303,-0.043338,0.005477
17.133333,0.024133,0.011596,-0.018021,-0.489653,-1.142000,1.014122,-1.248243,0.003578,-0.028519,-0.364522,-1.068206,-0.335830,1.534984,-0.031323,-0.009999
17.166667,0.041348,0.009320,-0.020203,-0.500771,-1.124002,1.012744,-1.235494,-0.004940,-0.038565,-0.294318,-1.071796,-0.235830,1.523191,-0.037547,-0.013159
17.200000,0.036025,0.009857,-0.018028,-0.524233,-1.128165,1.034866,-1.236140,0.002091,-0.033699,-0.235776,-1.070909,-0.135830,1.520746,-0.026350,-0.001885
17.233333,0.028922,0.015792,-0.001999,-0.540091,-1.132405,1.087661,-1.232365,0.004948,-0.042162,-0.199654,-1.065303,-0.035830,1.514727,0.002042,-0.005885
17.266667,0.045188,0.030645,0.010211,-0.588653,-1.111537,1.163862,-1.222085,0.014586,-0.016328,-0.163532,-1.091074,0.064170,1.524000,-0.002083,-0.000869
17.300000,0.044804,0.032212,0.020133,-0.638468,-1.120473,1.217736,-1.231481,0.022248,-0.008358,-0.144402,-1.108557,0.144723,1.523713,-0.004273,0.007482
17.333333,0.034052,0.032608,0.008643,-0.663212,-1.114213,1.267322,-1.240877,0.040622,-0.002634,-0.114742,-1.111403,0.219419,1.543099,0.002407,0.014135
17.366667,0.026608,0.044989,0.009793,-0.699809,-1.111313,1.333407,-1.243041,0.031721,0.010344,-0.099902,-1.106413,0.254542,1.548375,0.003431,0.020303
17.400000,0.033370,0.035931,0.008656,-0.750409,-1.128448,1.380652,-1.274178,0.027333,0.004699,-0.082161,-1.091716,0.276481,1.539414,0.001650,0.018798
17.433333,0.020400,0.027354,-0.009881,-0.783288,-1.148510,1.414385,-1.334912,0.018648,-0.008301,-0.097802,-1.047419,0.277281,1.522262,0.016882,0.015899
17.466667,0.017824,0.031198,-0.025730,-0.818501,-1.151576,1.449216,-1.394252,0.022957,-0.016144,-0.085953,-1.023006,0.269562,1.521986,0.011133,0.030678
17.500000,0.011664,0.031576,-0.010705,-0.862122,-1.175765,1.472041,-1.420343,0.017878,-0.009272,-0.092095,-1.009957,0.259969,1.509251,0.010350,0.027936
17.533333,0.015160,0.023097,-0.015963,-0.867460,-1.192915,1.461554,-1.463575,0.029780,-0.013983,-0.092308,-1.012202,0.258197,1.483303,0.006866,0.023273
17.566667,0.009141,0.021059,-0.018528,-0.883346,-1.215119,1.447035,-1.490402,0.037079,0.000193,-0.101337,-1.011594,0.250545,1.492335,-0.004672,0.030367
17.600000,0.004740,0.011031,-0.012983,-0.898476,-1.220387,1.412777,-1.506294,0.036899,-0.012608,-0.093451,-1.022730,0.252621,1.501805,-0.010813,0.021396
17.633333,0.009340,0.005620,-0.000231,-0.912360,-1.206399,1.375075,-1.497781,0.031837,-0.009180,-0.121497,-1.015781,0.242665,1.503054,-0.004574,0.001708
17.666667,0.014293,0.011057,-0.008575,-0.916725,-1.184492,1.356752,-1.499896,0.032757,-0.003310,-0.149009,-1.016633,0.221286,1.508618,-0.010816,-0.006687
17.700000,0.012279,0.007223,-0.006363,-0.939453,-1.173073,1.331742,-1.509519,0.028613,-0.011628,-0.155970,-1.007373,0.230292,1.526097,-0.008107,-0.008325
17.733333,0.023619,0.007223,-0.017486,-0.932584,-1.144084,1.298434,-1.495547,0.023113,-0.022056,-0.174595,-1.024427,0.230943,1.532045,-0.000250,-0.017511
17.766667,0.025549,0.010877,-0.028809,-0.931382,-1.154211,1.258374,-1.500909,0.022226,-0.024973,-0.176753,-1.032148,0.234873,1.536164,-0.000429,-0.008455
17.800000,0.017317,0.011620,-0.031807,-0.927187,-1.175884,1.226616,-1.516211,0.022127,-0.028156,-0.166113,-1.052575,0.251916,1.545225,-0.002148,-0.004447
17.833333,0.012755,0.005409,-0.020930,-0.933661,-1.184353,1.173542,-1.534822,0.023317,-0.035077,-0.157320,-1.045911,0.272538,1.538735,-0.004538,0.014847
17.866667,0.013292,0.016350,-0.016557,-0.960053,-1.179215,1.128096,-1.530808,0.023634,-0.021152,-0.163953,-1.061861,0.271699,1.547205,-0.011152,0.021169
17.900000,0.004029,0.016790,-0.005614,-0.976042,-1.187685,1.113822,-1.553128,0.019506,-0.022612,-0.148068,-1.044200,0.272512,1.538670,-0.009513,0.020887
17.933333,0.002290,0.013334,0.005676,-0.981488,-1.176154,1.132378,-1.555448,0.020917,-0.017253,-0.152183,-1.038005,0.261455,1.533699,-0.009732,0.013153
17.966667,0.011572,0.012592,0.016262,-0.962620,-1.176746,1.128408,-1.552314,0.033921,-0.014539,-0.173166,-1.057306,0.237285,1.510736,0.001900,0.008835
18.000000,0.020150,0.014492,0.021686,-0.924155,-1.217337,1.108867,-1.552314,0.030601,0.002077,-0.206073,-1.103696,0.188689,1.499993,0.001400,0.003039
18.033333,0.020185,0.005040,0.022255,-0.870678,-1.254812,1.081697,-1.561159,0.028459,-0.007364,-0.263555,-1.150086,0.122921,1.484201,0.005084,-0.004136
18.066667,0.009355,0.009283,0.021887,-0.834841,-1.283932,1.014526,-1.563669,0.023785,0.001775,-0.343555,-1.212677,0.042921,1.492736,0.010684,-0.007242
18.100000,0.010176,0.012591,0.020634,-0.797881,-1.297222,0.914526,-1.566180,0.010484,0.002192,-0.443555,-1.288659,-0.057079,1.487767,0.008550,-0.004182
18.133333,0.001288,0.013974,0.015466,-0.787625,-1.319443,0.814526,-1.570000,-0.005340,0.006489,-0.543555,-1.344642,-0.157079,1.500562,-0.005592,0.000610
18.166667,-0.025822,0.016881,-0.008191,-0.774780,-1.316963,0.728407,-1.567963,-0.005611,-0.015111,-0.643555,-1.360625,-0.257079,1.511003,0.002363,-0.008095
18.200000,-0.026755,0.022163,-0.016692,-0.776946,-1.301186,0.658497,-1.567963,-0.002026,-0.019239,-0.724654,-1.376608,-0.357079,1.513352,0.014587,0.007777
18.233333,-0.017405,0.018888,-0.010624,-0.775285,-1.299069,0.588587,-1.567963,-0.002731,-0.024632,-0.796751,-1.390000,-0.457079,1.496275,0.006637,0.012937
18.266667,-0.026782,0.019956,-0.016775,-0.758100,-1.321228,0.518677,-1.567963,0.011423,-0.037413,-0.838249,-1.373347,-0.557079,1.486604,-0.007303,0.020527
18.300000,-0.033625,0.031968,-0.017407,-0.754212,-1.323795,0.488176,-1.567963,0.016118,-0.033525,-0.874815,-1.373347,-0.657079,1.499169,-0.003702,0.035782
18.333333,-0.012627,0.029990,0.003471,-0.775647,-1.324765,0.468088,-1.570000,0.011189,-0.026455,-0.886863,-1.393347,-0.757079,1.492810,-0.006774,0.037989
18.366667,-0.004641,0.024598,0.011848,-0.776641,-1.315758,0.450612,-1.550000,0.016554,-0.005873,-0.902664,-1.385738,-0.857079,1.471675,-0.032049,0.025328
18.400000,-0.004210,0.041781,0.010481,-0.783589,-1.310911,0.465270,-1.547425,0.010547,-0.006110,-0.887468,-1.358129,-0.957079,1.455765,-0.041815,0.039960
18.433333,0.004687,0.039045,0.022828,-0.817163,-1.299218,0.501101,-1.547424,0.006258,0.009668,-0.900210,-1.367173,-1.057079,1.460990,-0.026247,0.028005
18.466667,0.018822,0.032535,0.026369,-0.830382,-1.286120,0.521828,-1.547425,0.004666,0.005187,-0.917883,-1.367173,-1.149068,1.446108,-0.019277,0.016313
18.500000,0.021850,0.033769,0.023827,-0.853051,-1.298848,0.538737,-1.547425,0.004333,0.010967,-0.928207,-1.348213,-1.239876,1.441583,-0.014058,0.033887
18.533333,0.016062,0.037824,0.027656,-0.866685,-1.323762,0.561774,-1.567425,-0.006172,-0.003193,-0.930772,-1.355822,-1.298462,1.463121,-0.002607,0.033416
18.566667,0.025976,0.029812,0.035453,-0.889269,-1.333674,0.574319,-1.570000,0.010959,0.006604,-0.962719,-1.383431,-1.343830,1.496109,0.006478,0.020831
18.600000,0.028712,0.033083,0.045261,-0.905082,-1.345132,0.585954,-1.567764,0.020202,0.020108,-0.991540,-1.391040,-1.389197,1.514058,-0.000853,0.023816
18.633333,0.022176,0.026198,0.042695,-0.916953,-1.350256,0.593445,-1.567764,0.018258,0.019449,-0.981335,-1.387194,-1.425627,1.512115,-0.006463,0.022402
18.666667,0.021677,0.026249,0.047146,-0.906834,-1.333759,0.620462,-1.549536,0.019789,0.022191,-1.002998,-1.406153,-1.453008,1.530931,-0.012257,-0.003097
18.700000,0.032084,0.022215,0.042530,-0.915543,-1.316884,0.649659,-1.549536,0.014860,0.004874,-1.043172,-1.406153,-1.510214,1.540275,-0.009828,-0.007687
18.733333,0.021777,0.015295,0.036978,-0.924964,-1.308317,0.683128,-1.549536,0.004473,-0.002130,-1.053964,-1.405870,-1.559838,1.525309,-0.005536,-0.007764
18.766667,0.015841,0.018206,0.020683,-0.927017,-1.281390,0.736334,-1.533296,0.001232,-0.003550,-1.049433,-1.390329,-1.592727,1.510011,-0.014045,-0.005678
18.800000,0.013012,0.031277,0.026009,-0.953368,-1.261735,0.809378,-1.518929,0.004267,0.012674,-1.062965,-1.394175,-1.625012,1.509685,-0.014989,0.003992
18.833333,0.007213,0.027163,0.021590,-0.992580,-1.256088,0.881683,-1.529333,0.004756,0.005060,-1.072102,-1.394175,-1.651572,1.510244,-0.012278,0.013267
18.866667,-0.005616,0.024992,0.009483,-1.008185,-1.255328,0.961212,-1.509081,0.021804,0.012349,-1.047414,-1.374175,-1.657668,1.513940,-0.004162,0.024435
18.900000,-0.003925,0.037197,0.006731,-1.031853,-1.249906,1.045452,-1.497164,0.022619,0.004695,-1.046117,-1.374459,-1.677315,1.528906,-0.003182,0.024585
18.933333,-0.008376,0.033471,0.012280,-1.069581,-1.254214,1.112763,-1.503694,0.014847,-0.015374,-1.052243,-1.374417,-1.679433,1.530786,0.012059,0.017737
18.966667,-0.012238,0.029088,-0.012092,-1.094749,-1.245982,1.180073,-1.513762,0.028793,-0.025120,-1.079331,-1.374417,-1.672488,1.551112,0.024100,0.007772
19.000000,-0.003343,0.038495,-0.016872,-1.105378,-1.236981,1.224792,-1.507468,0.024621,-0.019369,-1.070814,-1.365359,-1.681497,1.556582,0.029896,0.014680
19.033333,-0.002408,0.046077,-0.006773,-1.125083,-1.246482,1.235156,-1.504651,0.012918,-0.009103,-1.078808,-1.385359,-1.682544,1.544641,0.015246,0.004744
19.066667,-0.010181,0.049149,-0.011412,-1.116220,-1.252741,1.214894,-1.504989,0.004254,-0.000964,-1.091877,-1.381727,-1.667828,1.539084,0.008377,0.000463
19.100000,-0.008098,0.053912,-0.006859,-1.110989,-1.277224,1.211563,-1.502676,0.001750,0.007046,-1.095582,-1.390391,-1.683523,1.552501,0.009933,0.016176
19.133333,-0.002225,0.050221,0.015860,-1.100693,-1.301708,1.168233,-1.499517,-0.021136,0.005780,-1.075786,-1.379480,-1.685836,1.534205,-0.008340,0.018429
19.166667,-0.008502,0.064832,0.020917,-1.082400,-1.304007,1.119309,-1.492524,-0.026750,0.005080,-1.072757,-1.362613,-1.663908,1.521251,-0.024038,0.022275
19.200000,-0.013961,0.061724,0.026794,-1.065454,-1.293359,1.070385,-1.514482,-0.017071,0.001992,-1.064790,-1.352757,-1.669451,1.511357,-0.025558,0.037035
19.233333,0.006274,0.043655,0.031199,-1.054822,-1.277951,1.021462,-1.526060,-0.011769,-0.008306,-1.059654,-1.356388,-1.658007,1.501246,-0.018044,0.036605
19.266667,0.014088,0.040727,0.024770,-1.023544,-1.244751,0.936358,-1.520320,0.005082,-0.001481,-1.055254,-1.363307,-1.618122,1.492218,-0.035608,0.024216
19.300000,0.022199,0.038846,0.018889,-0.990838,-1.241126,0.873278,-1.527778,0.013120,-0.010553,-1.054379,-1.359197,-1.606765,1.496937,-0.031637,0.027432
19.333333,0.023224,0.015789,0.028219,-0.985503,-1.245614,0.818553,-1.548889,0.023198,-0.006314,-1.050704,-1.385122,-1.582505,1.508602,-0.018650,0.015337
19.366667,0.044449,0.011315,0.027502,-0.981317,-1.247667,0.763827,-1.550000,0.017329,-0.003322,-1.071510,-1.392880,-1.536815,1.530438,-0.027956,-0.009211
19.400000,0.027286,0.014173,0.027245,-0.975000,-1.255157,0.735798,-1.550000,0.025794,0.005592,-1.063704,-1.392880,-1.510982,1.537321,-0.032169,-0.006087
19.433333,0.023175,0.013872,0.037190,-0.959149,-1.253683,0.743950,-1.556505,0.010429,-0.003554,-1.050136,-1.382452,-1.502428,1.523720,-0.018474,-0.009436
19.466667,0.031405,0.018029,0.041521,-0.935494,-1.228879,0.770077,-1.530655,0.018500,0.007946,-1.036311,-1.382598,-1.490620,1.505987,-0.026348,-0.001669
19.500000,0.040098,0.026856,0.044558,-0.919061,-1.226999,0.776774,-1.524804,0.016626,-0.005265,-1.025823,-1.378772,-1.491279,1.480947,-0.029806,0.005536
19.533333,0.013684,0.030796,0.034270,-0.910458,-1.237532,0.809387,-1.524804,0.008842,-0.011446,-0.988962,-1.357044,-1.496616,1.465257,-0.015760,0.024578
19.566667,0.004432,0.043898,0.028266,-0.928752,-1.221988,0.855302,-1.524804,0.008441,0.001348,-0.989415,-1.353218,-1.511305,1.474042,-0.018169,0.038767
19.600000,0.008495,0.048439,0.025273,-0.972840,-1.222338,0.901218,-1.518299,0.009503,0.012680,-1.003116,-1.363646,-1.540223,1.495957,-0.014325,0.049798
19.633333,-0.010870,0.041165,0.014184,-1.007468,-1.229674,0.935394,-1.535591,0.006972,0.001213,-1.020294,-1.360196,-1.549652,1.514544,-0.003851,0.037436
19.666667,-0.004018,0.038174,-0.011343,-1.005115,-1.216945,1.009570,-1.514771,0.015779,0.009249,-1.030303,-1.363215,-1.583756,1.540872,0.001669,0.035982
19.700000,0.008204,0.038480,0.001507,-1.006677,-1.194640,1.080625,-1.502660,0.020960,0.009296,-1.055269,-1.370774,-1.622815,1.554212,0.008306,0.036056
19.733333,0.026425,0.024749,0.006193,-0.968238,-1.180253,1.123765,-1.489856,0.017780,-0.003568,-1.065201,-1.368153,-1.643540,1.536842,0.010004,0.018980
19.766667,0.018483,0.027232,-0.000596,-0.931425,-1.183989,1.166905,-1.485701,0.015938,-0.001335,-1.067906,-1.355285,-1.636651,1.537555,0.009127,0.020067
19.800000,0.025372,0.027232,0.008586,-0.909635,-1.187778,1.192011,-1.490103,0.012553,-0.002057,-1.057671,-1.347792,-1.663975,1.550280,0.009662,0.020304
19.833333,0.018805,0.028062,0.026635,-0.911085,-1.180250,1.193476,-1.503299,0.001434,-0.001592,-1.063394,-1.323479,-1.677838,1.537455,0.009719,0.022916
19.866667,0.006867,0.033622,0.022999,-0.899566,-1.166900,1.194322,-1.481937,0.006775,0.008179,-1.048339,-1.297594,-1.687470,1.529178,-0.000058,0.009149
19.900000,-0.003098,0.036882,0.025681,-0.900395,-1.182172,1.219940,-1.481266,0.006886,0.004781,-1.039608,-1.278449,-1.707084,1.546212,0.004568,0.008402
19.933333,-0.002581,0.028413,0.034514,-0.903139,-1.167661,1.208200,-1.488930,0.015134,0.001421,-1.038493,-1.275977,-1.724254,1.546212,0.010419,0.008891
19.966667,-0.002318,0.038584,0.022167,-0.896840,-1.171366,1.194529,-1.482754,0.011707,0.006932,-1.060728,-1.266455,-1.727485,1.546212,0.000361,0.015465
20.000000,-0.015714,0.036346,0.016639,-0.879936,-1.181841,1.203445,-1.487707,0.014627,-0.000117,-1.056869,-1.267652,-1.725105,1.553371,-0.004355,0.009503
20.033333,0.004892,0.029163,0.014709,-0.872022,-1.184290,1.194523,-1.506360,0.000564,-0.013164,-1.077339,-1.290066,-1.724054,1.563998,-0.008909,0.007200
20.066667,0.013166,0.029448,0.002788,-0.880936,-1.156537,1.175460,-1.508573,0.004622,-0.001587,-1.092450,-1.308889,-1.716735,1.564335,-0.039562,0.015711
20.100000,0.017006,0.029615,-0.002277,-0.871170,-1.158567,1.177039,-1.506946,0.000084,-0.014385,-1.082003,-1.301072,-1.724908,1.556062,-0.053025,0.014246
20.133333,0.018533,0.019443,0.004630,-0.868397,-1.135018,1.196527,-1.495750,-0.007065,-0.018609,-1.062510,-1.304397,-1.721793,1.544896,-0.043571,-0.002984
20.166667,0.036009,0.015174,0.004339,-0.886275,-1.110867,1.193490,-1.502743,-0.015058,-0.028775,-1.067183,-1.313843,-1.717394,1.533485,-0.050701,-0.007843
20.200000,0.030967,0.014674,0.007563,-0.897597,-1.112389,1.203455,-1.505072,-0.007020,-0.024124,-1.057751,-1.322984,-1.719590,1.529924,-0.041972,0.002573
20.233333,0.025719,0.021458,0.024152,-0.888021,-1.120736,1.226704,-1.489006,-0.002372,-0.032535,-1.041258,-1.324150,-1.718370,1.525990,-0.013850,0.001747
20.266667,0.044346,0.037219,0.036722,-0.907788,-1.103131,1.253921,-1.459797,0.006337,-0.005960,-1.026889,-1.347307,-1.723708,1.534262,-0.017524,0.007040
20.300000,0.044004,0.040284,0.047727,-0.921491,-1.115454,1.254933,-1.453999,0.011681,0.000278,-1.022583,-1.361213,-1.731073,1.536759,-0.020638,0.016227
20.333333,0.032091,0.041939,0.036136,-0.910920,-1.112989,1.261435,-1.441115,0.028392,0.005499,-1.008369,-1.372054,-1.731372,1.553836,-0.013289,0.024837
20.366667,0.025053,0.054748,0.036500,-0.920746,-1.112253,1.286652,-1.419196,0.019252,0.017773,-1.004294,-1.369744,-1.735542,1.557397,-0.011437,0.031013
20.400000,0.029763,0.044630,0.035150,-0.933821,-1.127056,1.281752,-1.432110,0.012307,0.011627,-1.003635,-1.360139,-1.744913,1.558396,-0.011073,0.028494
20.433333,0.014242,0.035592,0.016678,-0.923505,-1.146667,1.276202,-1.470794,0.004818,-0.002471,-1.025251,-1.329345,-1.725441,1.555833,0.003898,0.025141
20.466667,0.010586,0.039328,0.001130,-0.930119,-1.150291,1.285186,-1.498121,0.011324,-0.010245,-1.015422,-1.317993,-1.729169,1.559305,-0.002424,0.038678
20.500000,0.007086,0.039377,0.016681,-0.942058,-1.172249,1.290644,-1.501915,0.003514,-0.001916,-1.023174,-1.306037,-1.735731,1.557429,-0.003698,0.035253
20.533333,0.008512,0.031809,0.012780,-0.915070,-1.186995,1.276633,-1.525959,0.017283,-0.006744,-1.021595,-1.311773,-1.733748,1.539760,-0.005777,0.030169
20.566667,0.002183,0.028500,0.010674,-0.914273,-1.206887,1.270949,-1.531947,0.026708,0.006659,-1.025498,-1.313891,-1.735800,1.542696,-0.019331,0.037102
20.600000,-0.001343,0.019246,0.016451,-0.909838,-1.207924,1.259663,-1.527775,0.027892,-0.004085,-1.018627,-1.328707,-1.750558,1.542232,-0.024624,0.027709
20.633333,0.003859,0.012757,0.029817,-0.907270,-1.189100,1.252266,-1.509413,0.021095,-0.001283,-1.041372,-1.322783,-1.757275,1.537782,-0.015605,0.008005
20.666667,0.006910,0.017938,0.021587,-0.903601,-1.164551,1.266484,-1.497500,0.026112,0.004972,-1.055785,-1.322993,-1.763394,1.537432,-0.020200,0.000602
20.700000,0.007873,0.013693,0.023298,-0.914952,-1.151009,1.264118,-1.494412,0.022766,-0.002000,-1.055205,-1.313706,-1.760567,1.549808,-0.017850,-0.002187
20.733333,0.020789,0.013693,0.013127,-0.898618,-1.120190,1.275402,-1.469380,0.015559,-0.008497,-1.066856,-1.326796,-1.764481,1.549808,-0.007961,-0.012505
20.766667,0.025271,0.018532,0.002157,-0.897715,-1.129370,1.265686,-1.468247,0.014639,-0.009968,-1.065421,-1.335179,-1.767080,1.550709,-0.007817,-0.005534
20.800000,0.017470,0.021998,-0.001401,-0.890570,-1.149348,1.263817,-1.475617,0.016329,-0.009588,-1.055460,-1.360001,-1.759516,1.556377,-0.009726,0.000451
20.833333,0.012328,0.015254,0.009663,-0.891655,-1.156717,1.234782,-1.493028,0.016204,-0.017493,-1.046893,-1.355749,-1.750474,1.547553,-0.014766,0.017675
20.866667,0.011155,0.026455,0.014830,-0.917719,-1.151395,1.208122,-1.488348,0.014380,-0.004774,-1.049944,-1.372207,-1.744694,1.552847,-0.022938,0.023526
20.900000,0.000536,0.029803,0.025296,-0.933750,-1.160682,1.189603,-1.509376,0.010137,-0.008024,-1.033537,-1.359052,-1.739136,1.546146,-0.021697,0.025086
20.933333,-0.004220,0.026054,0.036540,-0.936641,-1.149970,1.194317,-1.510894,0.009485,-0.004202,-1.036592,-1.353493,-1.739828,1.541571,-0.021784,0.019825
20.966667,0.005156,0.022276,0.042254,-0.916384,-1.168461,1.172758,-1.489457,0.022882,-0.001480,-1.015332,-1.354864,-1.718722,1.518849,-0.010189,0.011687
21.000000,0.017232,0.022855,0.042539,-0.871644,-1.226951,1.138365,-1.442148,0.017726,0.014858,-0.969171,-1.363862,-1.684283,1.483197,-0.007248,0.002755
21.033333,0.020050,0.011076,0.037492,-0.786904,-1.284506,1.101597,-1.387855,0.015343,0.007948,-0.909713,-1.360559,-1.631658,1.416497,0.001016,-0.006566
21.066667,0.010721,0.012796,0.031100,-0.703040,-1.330879,1.049569,-1.307855,0.010113,0.016523,-0.834208,-1.352588,-1.557620,1.336497,0.009012,-0.016255
21.100000,0.012986,0.012807,0.024268,-0.620992,-1.368291,0.991872,-1.207855,-0.002096,0.017926,-0.750703,-1.357814,-1.487520,1.236497,0.009607,-0.017565
21.133333,0.006666,0.014209,0.018430,-0.567219,-1.394665,0.947774,-1.107854,-0.020137,0.019678,-0.691688,-1.359852,-1.423004,1.136497,-0.002897,-0.015698
21.166667,-0.020279,0.017754,-0.006102,-0.518975,-1.400093,0.943676,-1.007854,-0.016825,-0.001954,-0.651037,-1.343336,-1.380352,1.036497,0.006030,-0.024707
21.200000,-0.021439,0.022250,-0.015270,-0.510731,-1.387189,0.974140,-0.913304,-0.012632,-0.006685,-0.619414,-1.339486,-1.375827,0.936497,0.014706,-0.009900
21.233333,-0.011940,0.017815,-0.008679,-0.518249,-1.387189,0.979863,-0.846488,-0.010704,-0.011406,-0.614493,-1.358335,-1.365340,0.851815,0.006436,-0.004873
21.266667,-0.019103,0.020203,-0.015657,-0.508691,-1.396150,0.968024,-0.800026,0.000716,-0.024030,-0.605580,-1.344793,-1.330914,0.781030,-0.007960,0.001395
21.300000,-0.026586,0.032843,-0.015781,-0.510858,-1.396150,0.977907,-0.774970,0.004880,-0.017994,-0.608771,-1.350476,-1.330905,0.750245,-0.004214,0.017569
21.333333,-0.008458,0.030408,0.005081,-0.530083,-1.397095,0.964709,-0.767436,-0.002074,-0.007348,-0.608607,-1.377096,-1.325972,0.722593,-0.006489,0.018124
21.366667,-0.001184,0.025925,0.013609,-0.524342,-1.390000,0.924676,-0.754453,0.006451,0.013576,-0.623867,-1.371520,-1.309484,0.702239,-0.026276,0.007637
21.400000,0.001561,0.043714,0.012082,-0.519784,-1.390000,0.915007,-0.741146,0.001055,0.015744,-0.608143,-1.341067,-1.332995,0.688154,-0.036539,0.023480
21.433333,0.008901,0.039839,0.025353,-0.538453,-1.390000,0.920036,-0.734284,-0.000522,0.031086,-0.619593,-1.349808,-1.356506,0.694334,-0.020926,0.011800
21.466667,0.022018,0.032595,0.028408,-0.534697,-1.383339,0.912149,-0.732847,0.001216,0.027157,-0.634449,-1.347815,-1.361790,0.678329,-0.014818,0.000699
21.500000,0.028216,0.032940,0.026629,-0.542433,-1.383339,0.901767,-0.735836,0.001582,0.032859,-0.641010,-1.324884,-1.385261,0.672932,-0.011178,0.019448
21.533333,0.023056,0.036449,0.030631,-0.545926,-1.403339,0.904566,-0.749665,-0.012129,0.018230,-0.637776,-1.334150,-1.382278,0.692152,-0.001905,0.017818
21.566667,0.031949,0.027275,0.039213,-0.556662,-1.403339,0.893673,-0.758299,0.003099,0.025111,-0.661891,-1.366880,-1.358385,0.723138,0.007751,0.004813
21.600000,0.036097,0.030984,0.048576,-0.563326,-1.403339,0.892239,-0.746570,0.011985,0.037569,-0.680412,-1.379609,-1.369218,0.733537,0.001281,0.007135
21.633333,0.031366,0.024187,0.046037,-0.565811,-1.406065,0.886248,-0.748011,0.008656,0.037374,-0.658934,-1.373447,-1.363749,0.726121,-0.005529,0.006014
21.666667,0.028678,0.024838,0.049822,-0.548714,-1.403518,0.905836,-0.727503,0.008730,0.035960,-0.670741,-1.394621,-1.339570,0.741195,-0.010835,-0.021049
21.700000,0.039873,0.020795,0.044825,-0.543415,-1.395802,0.918961,-0.724652,0.006632,0.020127,-0.685790,-1.398084,-1.336534,0.737580,-0.008220,-0.026219
21.733333,0.030613,0.014463,0.037646,-0.541803,-1.395802,0.937100,-0.727574,-0.004414,0.015500,-0.673277,-1.391704,-1.325396,0.713893,-0.003493,-0.025836
21.766667,0.025425,0.016407,0.020550,-0.523047,-1.388403,0.963034,-0.724317,-0.006368,0.015145,-0.642377,-1.371609,-1.291378,0.693189,-0.011704,-0.023768
21.800000,0.021793,0.028524,0.024977,-0.530894,-1.381432,0.987987,-0.713226,-0.004512,0.028963,-0.624847,-1.378328,-1.259437,0.681541,-0.011470,-0.012800
21.833333,0.017095,0.024576,0.019070,-0.536809,-1.383979,0.984580,-0.728258,-0.001559,0.022761,-0.601143,-1.380617,-1.236977,0.668522,-0.008744,-0.002080
21.866667,0.002998,0.022558,0.006154,-0.524670,-1.389572,0.986377,-0.727974,0.014717,0.028391,-0.562547,-1.360617,-1.209574,0.678830,-0.000774,0.009440
21.900000,0.003802,0.034094,0.003728,-0.517604,-1.389572,0.984002,-0.728620,0.016107,0.019939,-0.551570,-1.366998,-1.206514,0.692905,0.003495,0.010869
21.933333,-0.000257,0.030133,0.008452,-0.531725,-1.396639,0.961290,-0.750730,0.007209,0.000210,-0.556360,-1.371795,-1.199726,0.691746,0.017965,0.006097
21.966667,-0.002531,0.025539,-0.015749,-0.532122,-1.387213,0.961707,-0.766784,0.022363,-0.009474,-0.587780,-1.374702,-1.206819,0.721531,0.030452,-0.005069
22.000000,0.006802,0.033417,-0.020037,-0.528703,-1.377718,0.957891,-0.764393,0.016902,-0.004995,-0.585375,-1.365671,-1.228014,0.731787,0.035369,0.003278
22.033333,0.009456,0.040315,-0.008960,-0.535847,-1.379841,0.934426,-0.758761,0.003917,0.005431,-0.604000,-1.385614,-1.248074,0.714241,0.022057,-0.007245
22.066667,0.003848,0.044079,-0.014459,-0.517726,-1.379841,0.898055,-0.752916,-0.005312,0.014009,-0.625587,-1.380613,-1.258942,0.709011,0.012511,-0.012851
22.100000,0.005194,0.048965,-0.009766,-0.511805,-1.380173,0.890070,-0.744765,-0.009267,0.022140,-0.639293,-1.387683,-1.301692,0.734389,0.013650,0.001023
22.133333,0.010160,0.045421,0.012881,-0.501704,-1.392211,0.844425,-0.731926,-0.030934,0.019738,-0.628402,-1.374597,-1.323014,0.719768,-0.002920,0.002728
22.166667,0.002412,0.059864,0.017730,-0.500413,-1.397255,0.831374,-0.714570,-0.037533,0.022558,-0.640604,-1.354844,-1.331871,0.718758,-0.016040,0.006722
22.200000,-0.004315,0.056513,0.023155,-0.503668,-1.397014,0.833404,-0.719980,-0.029495,0.020709,-0.640804,-1.342979,-1.365493,0.711133,-0.019551,0.022789
22.233333,0.012973,0.038298,0.028364,-0.518504,-1.397014,0.840105,-0.723613,-0.021759,0.010745,-0.645753,-1.347980,-1.379955,0.704422,-0.014831,0.024746
22.266667,0.020334,0.035457,0.022472,-0.508805,-1.393350,0.827063,-0.707832,-0.003003,0.018814,-0.650356,-1.356209,-1.369649,0.689217,-0.034284,0.011990
22.300000,0.027984,0.033792,0.017116,-0.503322,-1.401645,0.837760,-0.702575,0.003820,0.013230,-0.663009,-1.352290,-1.393924,0.695378,-0.033072,0.015234
22.333333,0.030277,0.012297,0.027049,-0.513991,-1.406096,0.831449,-0.711910,0.016685,0.016048,-0.668091,-1.381076,-1.395253,0.705573,-0.021295,0.002357
22.366667,0.050404,0.008750,0.026585,-0.521982,-1.406337,0.810057,-0.705491,0.010819,0.019617,-0.699887,-1.388802,-1.373914,0.753633,-0.029740,-0.024584
22.400000,0.036377,0.011520,0.026106,-0.521662,-1.406337,0.811379,-0.702574,0.017829,0.027336,-0.698515,-1.388802,-1.370507,0.771412,-0.031897,-0.023123
22.433333,0.034174,0.011068,0.036526,-0.512908,-1.401103,0.832444,-0.700052,0.002574,0.017234,-0.692384,-1.376295,-1.380759,0.769087,-0.015449,-0.026600
22.466667,0.041165,0.014909,0.041308,-0.488996,-1.381417,0.867430,-0.671347,0.011992,0.027759,-0.679458,-1.376916,-1.376086,0.752815,-0.021225,-0.019324
22.500000,0.049972,0.022781,0.044930,-0.466348,-1.381417,0.879425,-0.664888,0.007388,0.013421,-0.667534,-1.369883,-1.382261,0.726322,-0.023771,-0.013660
22.533333,0.024639,0.025996,0.034970,-0.446062,-1.381417,0.891419,-0.675346,0.002319,0.004625,-0.623546,-1.351305,-1.388200,0.687430,-0.010656,0.006679
22.566667,0.014152,0.038312,0.028934,-0.453948,-1.372292,0.903333,-0.692103,0.001238,0.018022,-0.614726,-1.348532,-1.390533,0.688537,-0.013226,0.020771
22.600000,0.016878,0.042273,0.025960,-0.474713,-1.381189,0.891992,-0.708465,0.000445,0.029387,-0.610821,-1.361039,-1.394738,0.702773,-0.010619,0.032528
22.633333,-0.000803,0.036117,0.014275,-0.491646,-1.394980,0.845878,-0.742706,-0.001343,0.017118,-0.614725,-1.365462,-1.379285,0.718655,-0.000610,0.020840
22.666667,0.004864,0.033267,-0.012055,-0.482619,-1.392038,0.839764,-0.737084,0.007461,0.027685,-0.613412,-1.372494,-1.387138,0.751781,0.003642,0.020224
22.700000,0.017050,0.032544,-0.000197,-0.491466,-1.392038,0.848862,-0.730792,0.012622,0.030636,-0.633558,-1.389193,-1.395199,0.763892,0.011437,0.019757
22.733333,0.034328,0.019602,0.005085,-0.464757,-1.393921,0.834669,-0.709576,0.009192,0.017444,-0.642544,-1.391966,-1.391417,0.741588,0.014225,0.002399
22.766667,0.025668,0.022837,-0.001943,-0.453461,-1.393921,0.842517,-0.698348,0.010409,0.019984,-0.652395,-1.391965,-1.366169,0.742825,0.013922,0.002440
22.800000,0.029909,0.022837,0.007068,-0.456399,-1.399817,0.852379,-0.703477,0.004311,0.020091,-0.647036,-1.395226,-1.376484,0.748639,0.014999,0.004478
22.833333,0.024925,0.024179,0.025435,-0.479253,-1.398477,0.838689,-0.716439,-0.006047,0.018925,-0.660758,-1.386413,-1.373705,0.722628,0.014761,0.007423
22.866667,0.013422,0.030976,0.022318,-0.484104,-1.391775,0.832135,-0.697346,-0.001458,0.025934,-0.651490,-1.370025,-1.375159,0.711552,0.006748,-0.004984
22.900000,0.003922,0.034649,0.024230,-0.496061,-1.399016,0.853798,-0.696447,-0.000177,0.023864,-0.645225,-1.363882,-1.383180,0.723579,0.010516,-0.004799
22.933333,0.004623,0.026230,0.033737,-0.509872,-1.399016,0.840566,-0.703821,0.005938,0.018700,-0.645906,-1.363882,-1.392883,0.721615,0.015700,-0.003430
22.966667,0.004952,0.035591,0.020939,-0.510449,-1.399016,0.827539,-0.692245,0.000796,0.024793,-0.669197,-1.355979,-1.391791,0.733017,0.005227,0.001977
23.000000,-0.010070,0.032987,0.015439,-0.497372,-1.403298,0.837251,-0.696583,0.001889,0.019686,-0.662100,-1.359187,-1.384772,0.737597,0.001150,-0.004368
23.033333,0.009726,0.024941,0.013662,-0.492184,-1.406186,0.827531,-0.712126,-0.011329,0.009996,-0.680114,-1.380291,-1.376105,0.746896,-0.006701,-0.009703
23.066667,0.017891,0.024701,0.001852,-0.501051,-1.392127,0.809544,-0.712378,-0.007389,0.020780,-0.693210,-1.386434,-1.366684,0.755123,-0.037309,-0.000271
23.100000,0.022170,0.025272,-0.004046,-0.488269,-1.392127,0.809658,-0.710460,-0.010725,0.010174,-0.679600,-1.380245,-1.368521,0.741873,-0.050027,-0.003348
23.133333,0.025066,0.015911,0.003399,-0.483719,-1.379440,0.834307,-0.707054,-0.015884,0.003817,-0.661373,-1.379208,-1.363678,0.720099,-0.041407,-0.020423
23.166667,0.042180,0.011325,0.003556,-0.497936,-1.362148,0.832139,-0.719765,-0.023434,-0.008121,-0.664692,-1.383051,-1.354750,0.709191,-0.048374,-0.022179
23.200000,0.037156,0.011019,0.006003,-0.502403,-1.364393,0.844445,-0.726932,-0.015550,-0.005268,-0.653841,-1.384409,-1.352993,0.703595,-0.036523,-0.010498
23.233333,0.030349,0.017969,0.022079,-0.490829,-1.367275,0.868177,-0.718189,-0.012773,-0.013250,-0.638642,-1.384409,-1.348528,0.693763,-0.007929,-0.012573
23.266667,0.047111,0.033544,0.035349,-0.507159,-1.354911,0.893315,-0.693356,-0.004318,0.013116,-0.623443,-1.390597,-1.348191,0.711003,-0.010642,-0.006104
23.300000,0.048676,0.035476,0.046429,-0.516366,-1.367597,0.888078,-0.688959,0.002225,0.021311,-0.613500,-1.403026,-1.347730,0.709755,-0.012146,0.002382
23.333333,0.038789,0.038161,0.034400,-0.501060,-1.366528,0.892409,-0.673191,0.019561,0.027877,-0.596118,-1.404789,-1.344017,0.728151,-0.005426,0.008253
23.366667,0.031466,0.051194,0.035439,-0.508412,-1.367978,0.915471,-0.652119,0.009957,0.039562,-0.588539,-1.403758,-1.345744,0.754998,-0.005989,0.013531
23.400000,0.036730,0.041043,0.034852,-0.513867,-1.379155,0.902539,-0.662249,0.004057,0.033438,-0.582069,-1.400557,-1.344422,0.758463,-0.005465,0.011032
23.433333,0.021940,0.031689,0.015989,-0.500500,-1.391519,0.895275,-0.700107,-0.003495,0.019301,-0.602967,-1.382368,-1.321196,0.746521,0.008897,0.009302
23.466667,0.016492,0.034505,0.000555,-0.500479,-1.391519,0.896310,-0.727313,0.001018,0.012635,-0.591358,-1.372790,-1.320005,0.745091,0.001620,0.025474
23.500000,0.011493,0.034156,0.015880,-0.508859,-1.409881,0.888274,-0.729997,-0.004781,0.020749,-0.597925,-1.369455,-1.317191,0.734309,-0.000290,0.023119
23.533333,0.014549,0.026367,0.011550,-0.477240,-1.410000,0.859420,-0.752017,0.008745,0.017380,-0.597641,-1.370486,-1.308527,0.689667,-0.002711,0.021001
23.566667,0.009524,0.023993,0.009619,-0.474631,-1.410000,0.848901,-0.753198,0.017999,0.032539,-0.603615,-1.372927,-1.312010,0.685025,-0.016524,0.027909
23.600000,0.007008,0.014910,0.015153,-0.465542,-1.410000,0.824903,-0.744026,0.016674,0.021377,-0.597871,-1.387373,-1.326659,0.679057,-0.022505,0.018355
23.633333,0.013091,0.010161,0.028557,-0.464641,-1.390000,0.812061,-0.722916,0.012371,0.024283,-0.625764,-1.378420,-1.336621,0.681795,-0.014494,-0.003624
23.666667,0.017162,0.014621,0.020623,-0.460327,-1.368941,0.826354,-0.712684,0.015841,0.029644,-0.647924,-1.378012,-1.353623,0.688751,-0.017091,-0.011159
23.700000,0.014768,0.010767,0.023033,-0.472118,-1.367882,0.825344,-0.708932,0.011655,0.021253,-0.651038,-1.371070,-1.354274,0.702873,-0.014818,-0.014780
23.733333,0.027196,0.010767,0.012892,-0.457313,-1.366826,0.832743,-0.686019,0.005556,0.012688,-0.666876,-1.371831,-1.363068,0.716995,-0.005395,-0.025924
23.766667,0.030852,0.015041,0.002088,-0.456942,-1.366826,0.824556,-0.679741,0.004479,0.010830,-0.667064,-1.375573,-1.366130,0.716248,-0.004667,-0.018460
23.800000,0.023453,0.016917,-0.000815,-0.449687,-1.386826,0.817712,-0.681937,0.005130,0.010234,-0.657081,-1.394296,-1.357534,0.719031,-0.007573,-0.013947
23.833333,0.018658,0.010768,0.010336,-0.450384,-1.387885,0.784295,-0.696508,0.004686,0.003801,-0.644933,-1.385687,-1.344301,0.710629,-0.011544,0.002368
23.866667,0.020901,0.020945,0.015084,-0.474976,-1.384369,0.754144,-0.691738,0.004373,0.017898,-0.648421,-1.392630,-1.336509,0.728921,-0.016960,0.008340
23.900000,0.010896,0.023382,0.025322,-0.489489,-1.385425,0.733243,-0.712236,-0.003574,0.014314,-0.632703,-1.387186,-1.330353,0.711060,-0.015923,0.007975
23.933333,0.007208,0.019901,0.036790,-0.496038,-1.385425,0.732343,-0.718723,-0.005309,0.018356,-0.636986,-1.381742,-1.334302,0.713199,-0.016552,-0.000319
23.966667,0.009074,0.020462,0.036647,-0.498507,-1.385425,0.729036,-0.719326,-0.009583,0.019596,-0.637802,-1.381318,-1.334598,0.712590,-0.016825,-0.001748
