time_sec,joint_pelvisYaw,joint_pelvisPitch,joint_pelvisRoll,joint_lShoulderPitch,joint_lShoulderRoll,joint_lShoulderYaw,joint_lElbow,joint_lWristRoll,joint_lWristPitch,joint_rShoulderPitch,joint_rShoulderRoll,joint_rShoulderYaw,joint_rElbow,joint_rWristRoll,joint_rWristPitch
0.000000,-0.000335,0.022571,0.007975,-0.688431,-1.410000,1.345097,-0.779135,0.009155,0.007207,-0.184385,-1.410000,-0.131695,0.450053,0.005299,-0.011644
0.033333,0.007811,0.017071,0.012946,-0.655681,-1.392316,1.310782,-0.764533,0.017525,0.013075,-0.195157,-1.398039,-0.152468,0.434230,0.011682,-0.015770
0.066667,0.000852,0.019834,0.006410,-0.650470,-1.392316,1.306892,-0.762509,0.012901,0.016930,-0.201501,-1.383666,-0.162442,0.450013,0.017475,-0.021584
0.100000,0.002960,0.020902,-0.000021,-0.640109,-1.387039,1.298017,-0.759772,0.004007,0.014887,-0.199839,-1.383027,-0.180409,0.455240,0.017863,-0.021783
0.133333,-0.003247,0.024437,-0.003840,-0.656156,-1.404723,1.292921,-0.764234,-0.003314,0.016010,-0.197387,-1.389928,-0.160661,0.467864,0.006961,-0.023167
0.166667,-0.025640,0.028143,-0.025742,-0.645721,-1.404723,1.310819,-0.762897,-0.000743,-0.004097,-0.191591,-1.374988,-0.161340,0.477986,0.014241,-0.030687
0.200000,-0.025039,0.031180,-0.032635,-0.650471,-1.394781,1.338958,-0.763420,0.003317,-0.006802,-0.183278,-1.374988,-0.184031,0.484672,0.021629,-0.018542
0.233333,-0.022297,0.028222,-0.026267,-0.653711,-1.394781,1.338738,-0.769289,0.005601,-0.009171,-0.175858,-1.388366,-0.173546,0.468923,0.013761,-0.018458
0.266667,-0.031237,0.029949,-0.031585,-0.645756,-1.400059,1.336287,-0.777079,0.016621,-0.018531,-0.165151,-1.373296,-0.136372,0.457286,0.003273,-0.015821
0.300000,-0.035461,0.040276,-0.032285,-0.651394,-1.400059,1.359497,-0.789756,0.018927,-0.009112,-0.165950,-1.373296,-0.138597,0.470487,0.007361,-0.003904
0.333333,-0.022370,0.037449,-0.013088,-0.679157,-1.400059,1.368469,-0.808204,0.013646,0.000131,-0.160455,-1.393296,-0.131156,0.461871,0.006396,-0.001299
0.366667,-0.015653,0.035171,-0.005685,-0.684478,-1.390000,1.360441,-0.800707,0.021641,0.016477,-0.168393,-1.386726,-0.116677,0.447013,-0.013510,-0.012075
0.400000,-0.011825,0.048652,-0.006112,-0.692415,-1.390000,1.388559,-0.806554,0.017743,0.017715,-0.153405,-1.364575,-0.137753,0.440010,-0.020899,0.002788
0.433333,-0.006048,0.044935,0.005004,-0.722225,-1.389151,1.421293,-0.813204,0.015374,0.029925,-0.160342,-1.377134,-0.157523,0.450373,-0.009149,-0.005958
0.466667,0.003579,0.037760,0.007613,-0.727748,-1.381385,1.436595,-0.820540,0.013051,0.022084,-0.174280,-1.377134,-0.161698,0.440675,-0.004102,-0.014259
0.500000,0.008555,0.037411,0.004448,-0.741252,-1.381385,1.450113,-0.830553,0.011917,0.026707,-0.176239,-1.358962,-0.179714,0.438920,-0.003694,-0.000643
0.533333,0.002616,0.037634,0.006764,-0.748625,-1.401385,1.468851,-0.853633,0.000428,0.016253,-0.170917,-1.365533,-0.174022,0.454975,0.006004,0.001067
0.566667,0.011160,0.028571,0.011857,-0.762905,-1.401385,1.465900,-0.858965,0.013775,0.023076,-0.183246,-1.388680,-0.153669,0.483979,0.014385,-0.007359
0.600000,0.012492,0.030657,0.019526,-0.768684,-1.402234,1.469298,-0.851361,0.021156,0.032022,-0.196769,-1.391828,-0.161625,0.498127,0.008476,-0.002417
0.633333,0.007600,0.024427,0.018817,-0.773217,-1.408590,1.462235,-0.850687,0.019172,0.033377,-0.176728,-1.385393,-0.164196,0.495903,0.003357,-0.002921
0.666667,0.005264,0.024461,0.022389,-0.753667,-1.404538,1.471194,-0.827225,0.021468,0.035768,-0.192313,-1.401580,-0.163555,0.520147,-0.001197,-0.022652
0.700000,0.014305,0.020730,0.019337,-0.747934,-1.396638,1.471235,-0.822593,0.018238,0.022511,-0.209326,-1.401580,-0.176897,0.528514,-0.001265,-0.026416
0.733333,0.005159,0.015274,0.016063,-0.739264,-1.396638,1.469863,-0.823627,0.010516,0.015427,-0.212275,-1.396155,-0.191405,0.516522,0.000925,-0.029425
0.766667,0.000377,0.016495,0.002172,-0.716200,-1.387537,1.473415,-0.815587,0.007918,0.015185,-0.197901,-1.376898,-0.195297,0.508910,-0.007219,-0.028928
0.800000,-0.002439,0.027097,0.004161,-0.718670,-1.375221,1.480017,-0.804438,0.012651,0.028002,-0.191954,-1.380238,-0.194213,0.509741,-0.007030,-0.019887
0.833333,-0.007199,0.023674,-0.000709,-0.722444,-1.379273,1.462878,-0.818327,0.012443,0.019113,-0.177769,-1.382223,-0.186427,0.501335,0.000713,-0.014264
0.866667,-0.019918,0.021861,-0.012082,-0.709139,-1.384418,1.452132,-0.815639,0.024154,0.024154,-0.155043,-1.362223,-0.181769,0.508237,0.005440,-0.005301
0.900000,-0.019256,0.032554,-0.015354,-0.704378,-1.384418,1.451436,-0.809498,0.025538,0.020378,-0.148275,-1.367647,-0.180575,0.518141,0.009835,-0.001680
0.933333,-0.020149,0.030145,-0.012069,-0.716513,-1.393518,1.432832,-0.824253,0.018795,0.003333,-0.151564,-1.375138,-0.165805,0.509088,0.024382,-0.006975
0.966667,-0.022408,0.027897,-0.030505,-0.714426,-1.387244,1.439070,-0.833670,0.030888,-0.007480,-0.179009,-1.378233,-0.153058,0.526830,0.034472,-0.015961
1.000000,-0.013945,0.035493,-0.031804,-0.716244,-1.379440,1.440869,-0.829330,0.028706,0.000955,-0.174691,-1.374647,-0.155416,0.523122,0.034271,-0.008631
1.033333,-0.011016,0.043625,-0.022437,-0.721672,-1.382195,1.426736,-0.820653,0.021483,0.007546,-0.181331,-1.394647,-0.139233,0.497141,0.026627,-0.018530
1.066667,-0.017279,0.047678,-0.026498,-0.707150,-1.382195,1.402834,-0.815637,0.013184,0.013353,-0.191123,-1.393694,-0.119248,0.484336,0.022349,-0.025241
1.100000,-0.014534,0.051232,-0.021538,-0.705717,-1.382195,1.408167,-0.809591,0.010127,0.021176,-0.196406,-1.401145,-0.132252,0.495679,0.022920,-0.015271
1.133333,-0.010905,0.047996,-0.002787,-0.699179,-1.392171,1.374853,-0.796451,-0.009040,0.019735,-0.179148,-1.393739,-0.129192,0.468219,0.009006,-0.014155
1.166667,-0.016428,0.060373,0.000659,-0.693120,-1.393703,1.364382,-0.780664,-0.012648,0.017507,-0.182679,-1.376106,-0.121864,0.461031,-0.002656,-0.010661
1.200000,-0.020299,0.056931,0.005725,-0.697332,-1.393462,1.375782,-0.783406,-0.005769,0.015559,-0.179349,-1.370797,-0.136645,0.450559,-0.004368,0.002688
1.233333,-0.004658,0.040095,0.010128,-0.708914,-1.390872,1.380809,-0.782562,-0.001466,0.005950,-0.179588,-1.371750,-0.139415,0.437199,-0.003112,0.005076
1.266667,0.000626,0.038707,0.005608,-0.701309,-1.386944,1.369323,-0.761853,0.013551,0.012388,-0.177248,-1.376066,-0.113272,0.422950,-0.022349,-0.003514
1.300000,0.008327,0.036462,0.001404,-0.698498,-1.396968,1.378797,-0.760705,0.020217,0.009584,-0.182452,-1.374370,-0.122988,0.427122,-0.022593,-0.000979
1.333333,0.009317,0.017435,0.009631,-0.710899,-1.402788,1.373905,-0.770050,0.027751,0.012685,-0.185076,-1.395589,-0.112662,0.437837,-0.012782,-0.008858
1.366667,0.024482,0.012746,0.008214,-0.721207,-1.400682,1.347142,-0.769087,0.021201,0.014800,-0.208585,-1.400898,-0.091165,0.484695,-0.021078,-0.029275
1.400000,0.013040,0.015314,0.007394,-0.724103,-1.403272,1.351508,-0.773584,0.027126,0.022017,-0.205297,-1.400898,-0.084087,0.503213,-0.022219,-0.028647
1.433333,0.010798,0.014643,0.014968,-0.718417,-1.399369,1.367135,-0.781299,0.014028,0.015784,-0.205282,-1.392667,-0.102445,0.503338,-0.007125,-0.031464
1.466667,0.018387,0.017664,0.018064,-0.698213,-1.378368,1.400450,-0.765256,0.022038,0.024783,-0.197030,-1.391059,-0.102291,0.497162,-0.010308,-0.021660
1.500000,0.024666,0.025019,0.020385,-0.681901,-1.377822,1.413467,-0.765228,0.018167,0.014241,-0.184568,-1.391059,-0.105143,0.473773,-0.009706,-0.019383
1.533333,0.003306,0.030132,0.009334,-0.667448,-1.380167,1.436494,-0.776487,0.015815,0.007869,-0.149413,-1.376830,-0.110077,0.434540,0.000880,-0.004443
1.566667,-0.003450,0.043146,0.004746,-0.680611,-1.369785,1.460112,-0.793547,0.014689,0.019568,-0.142932,-1.376830,-0.109788,0.435307,-0.002490,0.007645
1.600000,-0.002510,0.047644,0.003863,-0.705274,-1.374658,1.464952,-0.807388,0.018193,0.027925,-0.138441,-1.385062,-0.108468,0.445588,-0.000787,0.017041
1.633333,-0.019570,0.041292,-0.005066,-0.727539,-1.389041,1.438591,-0.837872,0.016799,0.016024,-0.140563,-1.390334,-0.100059,0.455990,0.006073,0.007177
1.666667,-0.015168,0.040615,-0.025598,-0.728010,-1.381893,1.452230,-0.843180,0.022534,0.025116,-0.143517,-1.390334,-0.111318,0.487478,0.009191,0.008154
1.700000,-0.005840,0.040716,-0.011732,-0.743276,-1.380102,1.478665,-0.846943,0.026092,0.030353,-0.159455,-1.404563,-0.123742,0.499606,0.016157,0.010488
1.733333,0.005452,0.029550,-0.007670,-0.725812,-1.379913,1.478070,-0.837763,0.026326,0.018780,-0.169483,-1.404563,-0.128197,0.478713,0.018030,-0.004078
1.766667,0.000537,0.032040,-0.014838,-0.721470,-1.382872,1.498201,-0.842951,0.022768,0.022308,-0.175618,-1.404563,-0.115766,0.481946,0.017682,-0.002446
1.800000,0.005599,0.032793,-0.008678,-0.733207,-1.389489,1.526350,-0.857853,0.017532,0.023836,-0.171621,-1.408243,-0.119797,0.479972,0.018298,-0.003378
1.833333,0.001710,0.032199,0.004670,-0.759740,-1.388463,1.528625,-0.870376,0.011876,0.023978,-0.180812,-1.407212,-0.115250,0.446876,0.017175,-0.000625
1.866667,-0.007365,0.036830,-0.000584,-0.767448,-1.380033,1.533963,-0.863449,0.014817,0.030500,-0.177237,-1.392878,-0.116188,0.430411,0.010932,-0.013648
1.900000,-0.015212,0.038082,-0.000011,-0.784130,-1.390605,1.565160,-0.872844,0.014166,0.030440,-0.171948,-1.392651,-0.118721,0.431969,0.012250,-0.012036
1.933333,-0.014040,0.029917,0.007310,-0.801103,-1.383816,1.564916,-0.887412,0.021121,0.024655,-0.175739,-1.392651,-0.120592,0.417395,0.018632,-0.011892
1.966667,-0.014006,0.038736,-0.001304,-0.807858,-1.382642,1.569037,-0.892080,0.019524,0.030004,-0.195398,-1.387571,-0.109625,0.419799,0.010929,-0.008045
2.000000,-0.026283,0.036807,-0.005949,-0.803622,-1.384305,1.595279,-0.915240,0.020534,0.023981,-0.189246,-1.386965,-0.096554,0.420042,0.006136,-0.013762
2.033333,-0.009236,0.030687,-0.005258,-0.810395,-1.374846,1.606692,-0.950585,0.012195,0.011577,-0.201263,-1.401299,-0.080608,0.425770,0.002864,-0.016642
2.066667,0.000044,0.030724,-0.012438,-0.830028,-1.341615,1.614365,-0.978347,0.015009,0.020660,-0.210599,-1.401526,-0.068391,0.433837,-0.017158,-0.012137
2.100000,0.002170,0.032342,-0.016888,-0.832763,-1.333618,1.634305,-1.005821,0.010699,0.012327,-0.196570,-1.401293,-0.064315,0.420305,-0.026459,-0.013263
2.133333,0.002672,0.022771,-0.011423,-0.836966,-1.300006,1.658000,-1.025717,0.004185,0.007339,-0.187380,-1.393542,-0.075801,0.406776,-0.019798,-0.024106
2.166667,0.018401,0.019535,-0.010826,-0.854561,-1.267483,1.664700,-1.059142,-0.000134,0.000386,-0.197208,-1.395178,-0.078680,0.400096,-0.023448,-0.030115
2.200000,0.014697,0.019456,-0.007927,-0.866165,-1.258892,1.683009,-1.081069,0.004287,0.004959,-0.192545,-1.395178,-0.083326,0.395607,-0.017615,-0.020793
2.233333,0.007767,0.025662,0.004336,-0.857163,-1.256973,1.707368,-1.080729,0.005396,-0.003842,-0.188378,-1.395178,-0.091703,0.387920,0.003174,-0.020853
2.266667,0.024702,0.039775,0.015725,-0.875296,-1.227465,1.732705,-1.062693,0.013329,0.020344,-0.180814,-1.395411,-0.099299,0.410456,0.000988,-0.016000
2.300000,0.023547,0.045138,0.025683,-0.889261,-1.236982,1.736461,-1.062136,0.016981,0.025340,-0.173459,-1.406348,-0.098346,0.411244,0.000647,-0.011712
2.333333,0.012327,0.048486,0.015307,-0.887324,-1.233102,1.750715,-1.056509,0.028435,0.028018,-0.159077,-1.406348,-0.092641,0.427714,0.006728,-0.004948
2.366667,0.006563,0.060062,0.015605,-0.898395,-1.234384,1.775278,-1.044058,0.019335,0.039423,-0.156950,-1.406348,-0.102336,0.455867,0.007608,0.000297
2.400000,0.009036,0.052510,0.014981,-0.910585,-1.251312,1.765801,-1.061556,0.013444,0.036946,-0.153420,-1.403977,-0.108170,0.459874,0.008162,-0.002132
2.433333,-0.005013,0.044429,-0.000941,-0.897380,-1.273610,1.757438,-1.098576,0.005059,0.024376,-0.174552,-1.388028,-0.108885,0.453362,0.018492,-0.003771
2.466667,-0.005693,0.046476,-0.014702,-0.901209,-1.281270,1.766529,-1.125569,0.008228,0.021360,-0.164415,-1.380031,-0.119284,0.459677,0.012388,0.008798
2.500000,-0.008016,0.045327,-0.001802,-0.906034,-1.307115,1.763330,-1.122563,0.003159,0.028106,-0.169832,-1.378411,-0.126713,0.458276,0.012513,0.008411
2.533333,-0.006198,0.038504,-0.005963,-0.875048,-1.326125,1.737347,-1.133775,0.014555,0.021668,-0.167639,-1.378411,-0.133703,0.432659,0.009485,0.005027
2.566667,-0.007257,0.033709,-0.008545,-0.867287,-1.344348,1.727287,-1.125454,0.022496,0.031778,-0.172590,-1.380782,-0.148586,0.447042,-0.001625,0.011991
2.600000,-0.010453,0.025103,-0.003534,-0.857875,-1.355073,1.708887,-1.105483,0.022546,0.020453,-0.167173,-1.393581,-0.170073,0.458614,-0.005818,0.003302
2.633333,-0.008656,0.019980,0.006947,-0.842415,-1.341410,1.680680,-1.068325,0.018026,0.021366,-0.192842,-1.384616,-0.200980,0.476688,0.000524,-0.014080
2.666667,-0.004041,0.022842,0.000248,-0.814647,-1.327379,1.660996,-1.033061,0.019195,0.026253,-0.224695,-1.381500,-0.263397,0.512171,-0.006228,-0.020914
2.700000,-0.005576,0.017104,0.002845,-0.798342,-1.323256,1.631136,-0.999742,0.016155,0.021234,-0.248397,-1.367738,-0.331316,0.555424,-0.004134,-0.025131
2.733333,0.003227,0.016345,-0.005529,-0.757053,-1.307963,1.587917,-0.947912,0.013441,0.013876,-0.283931,-1.367738,-0.415210,0.598676,0.004157,-0.037454
2.766667,0.003670,0.018616,-0.014874,-0.725251,-1.319233,1.533426,-0.916192,0.011481,0.015513,-0.313901,-1.361186,-0.514693,0.627814,0.002960,-0.032058
2.800000,-0.001493,0.019651,-0.018098,-0.693581,-1.339398,1.477358,-0.892848,0.014439,0.015576,-0.346429,-1.364345,-0.614176,0.661341,0.000301,-0.027413
2.833333,-0.005640,0.013378,-0.010669,-0.677887,-1.340394,1.408703,-0.888018,0.015624,0.010200,-0.370539,-1.344928,-0.705702,0.673593,-0.000246,-0.013781
2.866667,-0.004137,0.021707,-0.008834,-0.690568,-1.328583,1.341753,-0.871861,0.014483,0.020629,-0.401963,-1.354538,-0.776728,0.702292,-0.005251,-0.006449
2.900000,-0.013053,0.024061,-0.000874,-0.695393,-1.330150,1.306280,-0.880132,0.009884,0.016720,-0.423537,-1.335617,-0.847755,0.693823,-0.003789,-0.003343
2.933333,-0.014948,0.020294,0.007711,-0.693884,-1.316423,1.292406,-0.878862,0.012818,0.015342,-0.455218,-1.326398,-0.913411,0.700307,-0.002425,-0.009184
2.966667,-0.006455,0.016972,0.013932,-0.669541,-1.314021,1.269105,-0.856433,0.025863,0.010173,-0.451344,-1.338219,-0.939068,0.680804,0.008932,-0.011454
3.000000,0.001377,0.020412,0.018054,-0.625487,-1.345127,1.232410,-0.809057,0.028320,0.015135,-0.425801,-1.358657,-0.932681,0.643636,0.006346,-0.013855
3.033333,0.000251,0.014784,0.017945,-0.541594,-1.369039,1.194009,-0.753485,0.030919,0.004022,-0.393266,-1.362809,-0.906794,0.566468,0.012424,-0.019485
3.066667,-0.007533,0.021505,0.015618,-0.457701,-1.382766,1.115609,-0.673485,0.030885,0.007036,-0.354462,-1.371023,-0.840906,0.506733,0.017161,-0.022040
3.100000,-0.006395,0.025471,0.012838,-0.372135,-1.393103,1.015609,-0.573485,0.024141,0.005675,-0.310799,-1.389354,-0.740906,0.434445,0.016390,-0.019109
3.133333,-0.012501,0.031468,0.009406,-0.312263,-1.406611,0.915609,-0.473485,0.013670,0.007195,-0.289041,-1.394989,-0.640906,0.377082,0.006372,-0.016367
3.166667,-0.035509,0.035455,-0.010824,-0.257285,-1.406611,0.815609,-0.373485,0.016040,-0.010727,-0.282822,-1.382005,-0.540906,0.349509,0.015463,-0.024888
3.200000,-0.034279,0.040285,-0.017748,-0.242307,-1.399554,0.715609,-0.284507,0.020086,-0.012144,-0.275011,-1.382005,-0.440906,0.340462,0.019821,-0.012939
3.233333,-0.028426,0.036771,-0.011714,-0.240998,-1.399554,0.615609,-0.220989,0.022579,-0.016467,-0.269055,-1.392712,-0.340906,0.324876,0.013193,-0.010437
3.266667,-0.037588,0.039973,-0.015712,-0.225442,-1.402942,0.515609,-0.173417,0.035656,-0.028274,-0.258106,-1.380638,-0.242031,0.316577,0.001387,-0.005040
3.300000,-0.044208,0.050556,-0.016171,-0.224190,-1.402942,0.415609,-0.150908,0.037340,-0.021037,-0.257626,-1.380638,-0.183157,0.333353,0.004459,0.005639
3.333333,-0.028821,0.047655,0.002051,-0.239786,-1.402942,0.315609,-0.143876,0.031996,-0.011597,-0.251638,-1.397336,-0.139918,0.321515,0.001444,0.008019
3.366667,-0.023882,0.044221,0.009327,-0.235539,-1.390000,0.215609,-0.128373,0.038611,0.003301,-0.262592,-1.394751,-0.123119,0.305076,-0.015377,-0.000811
3.400000,-0.022931,0.057737,0.008535,-0.235508,-1.390000,0.124128,-0.120874,0.034442,0.004565,-0.250671,-1.372165,-0.137291,0.294960,-0.020055,0.013520
3.433333,-0.015049,0.053302,0.018574,-0.258210,-1.390000,0.047566,-0.120088,0.029867,0.019059,-0.258783,-1.382244,-0.150355,0.296947,-0.007404,0.004378
3.466667,-0.005071,0.045995,0.021425,-0.256514,-1.386319,-0.003842,-0.120436,0.029976,0.012438,-0.273933,-1.382244,-0.148442,0.280453,-0.003282,-0.003184
3.500000,-0.001212,0.045721,0.018838,-0.264764,-1.386319,-0.037458,-0.126042,0.027160,0.017290,-0.277604,-1.367550,-0.162955,0.273623,0.001214,0.012907
3.533333,-0.006437,0.045680,0.021077,-0.266710,-1.406319,-0.049474,-0.141035,0.016349,0.006556,-0.271542,-1.370136,-0.155093,0.282847,0.011044,0.010375
3.566667,0.001991,0.037839,0.027235,-0.273874,-1.406319,-0.059788,-0.142648,0.028341,0.014227,-0.285545,-1.392721,-0.132287,0.302666,0.014834,0.002422
3.600000,0.004080,0.040392,0.035838,-0.277746,-1.406319,-0.062148,-0.130921,0.036697,0.021950,-0.300810,-1.395306,-0.137311,0.311596,0.009731,0.006925
3.633333,-0.002322,0.032447,0.034250,-0.283514,-1.410000,-0.068613,-0.129607,0.032466,0.020756,-0.281349,-1.390898,-0.136226,0.300688,0.003966,0.005842
3.666667,-0.003925,0.032719,0.037351,-0.267516,-1.410000,-0.052871,-0.107558,0.036726,0.021370,-0.297488,-1.405010,-0.125872,0.318940,-0.000283,-0.015553
3.700000,0.004741,0.028819,0.033352,-0.260835,-1.409120,-0.054919,-0.101480,0.034894,0.007661,-0.314703,-1.405010,-0.130008,0.316890,-0.000477,-0.017544
3.733333,-0.003058,0.022261,0.029069,-0.256237,-1.409120,-0.046042,-0.104649,0.024219,0.001720,-0.315157,-1.400518,-0.140450,0.300049,0.002750,-0.021005
3.766667,-0.007043,0.023659,0.013458,-0.239409,-1.404790,-0.031299,-0.100888,0.023216,0.002472,-0.299070,-1.384505,-0.137716,0.286388,-0.004579,-0.020605
3.800000,-0.007703,0.034809,0.015499,-0.245083,-1.396760,-0.021769,-0.089169,0.029158,0.017249,-0.295397,-1.388196,-0.132883,0.281862,-0.004537,-0.011019
3.833333,-0.013949,0.031110,0.011762,-0.251431,-1.396760,-0.036225,-0.103211,0.027392,0.010155,-0.283966,-1.388778,-0.129049,0.269365,-0.002111,-0.005175
3.866667,-0.026000,0.028295,-0.000004,-0.240457,-1.397640,-0.031296,-0.106983,0.040675,0.013435,-0.262395,-1.368778,-0.126340,0.276035,0.005942,0.004388
3.900000,-0.025685,0.039084,-0.002797,-0.237636,-1.397640,-0.029258,-0.105627,0.042857,0.009650,-0.259315,-1.373269,-0.127049,0.288087,0.011527,0.008126
3.933333,-0.030264,0.037529,0.001459,-0.249124,-1.401970,-0.042524,-0.121019,0.035802,-0.008121,-0.264221,-1.378556,-0.120344,0.281422,0.024281,0.001018
3.966667,-0.032542,0.036079,-0.016503,-0.246320,-1.390000,-0.031626,-0.136759,0.048290,-0.018236,-0.288542,-1.379273,-0.113601,0.303941,0.032002,-0.010107
4.000000,-0.022960,0.044713,-0.019287,-0.248987,-1.386861,-0.022446,-0.139268,0.048578,-0.014248,-0.280620,-1.375736,-0.123066,0.307077,0.034739,-0.004263
4.033333,-0.020605,0.054336,-0.007914,-0.259550,-1.386861,-0.036459,-0.135445,0.039295,-0.005501,-0.288749,-1.395735,-0.114384,0.287878,0.026713,-0.013013
4.066667,-0.026639,0.058828,-0.011614,-0.249714,-1.386861,-0.051241,-0.136586,0.033646,-0.000634,-0.298396,-1.395251,-0.101292,0.276433,0.020324,-0.019203
4.100000,-0.024155,0.062030,-0.006834,-0.249430,-1.386861,-0.039458,-0.140806,0.030517,0.008975,-0.305480,-1.401867,-0.119296,0.290597,0.022504,-0.005385
4.133333,-0.020446,0.058098,0.011835,-0.247526,-1.398764,-0.064889,-0.134812,0.011913,0.008901,-0.291704,-1.394861,-0.120526,0.264760,0.013303,-0.002999
4.166667,-0.023923,0.069169,0.015976,-0.246876,-1.398549,-0.064615,-0.126216,0.005079,0.011946,-0.298873,-1.376967,-0.112601,0.256091,0.001114,0.001426
4.200000,-0.029119,0.066501,0.020494,-0.251470,-1.398549,-0.053731,-0.131755,0.012379,0.009417,-0.295510,-1.370778,-0.128043,0.243125,-0.002957,0.012259
4.233333,-0.014523,0.048840,0.024573,-0.264961,-1.398548,-0.047148,-0.132863,0.017120,0.002614,-0.297300,-1.371262,-0.132694,0.229390,-0.002258,0.014801
4.266667,-0.008706,0.047522,0.020549,-0.261295,-1.397335,-0.062921,-0.111756,0.031260,0.006357,-0.298232,-1.375373,-0.108986,0.214910,-0.022589,0.004869
4.300000,-0.001399,0.045309,0.016833,-0.258257,-1.405432,-0.054058,-0.106331,0.035348,0.000447,-0.305354,-1.372780,-0.118460,0.217118,-0.023499,0.008244
4.333333,-0.001717,0.026407,0.025333,-0.267394,-1.408786,-0.067068,-0.111287,0.043375,0.002788,-0.307356,-1.394211,-0.109261,0.223316,-0.012709,-0.001740
4.366667,0.015203,0.019452,0.023423,-0.279077,-1.408786,-0.089675,-0.107878,0.037974,0.006940,-0.329396,-1.400400,-0.086883,0.267306,-0.021631,-0.020330
4.400000,0.005551,0.023657,0.021961,-0.279814,-1.408786,-0.091514,-0.106816,0.044918,0.011290,-0.325452,-1.400400,-0.080522,0.283072,-0.023317,-0.019652
4.433333,0.005595,0.021520,0.028587,-0.272797,-1.406317,-0.070995,-0.112086,0.032459,0.005045,-0.322135,-1.392065,-0.094107,0.281858,-0.006704,-0.020967
4.466667,0.011279,0.024680,0.030366,-0.250961,-1.389011,-0.037900,-0.095110,0.039918,0.015506,-0.314659,-1.390788,-0.093278,0.276397,-0.011781,-0.011882
4.500000,0.017888,0.032283,0.031879,-0.233155,-1.389010,-0.022932,-0.092128,0.037216,0.004733,-0.305632,-1.389267,-0.097995,0.255585,-0.012631,-0.008284
4.533333,-0.003748,0.039080,0.020690,-0.214636,-1.389010,-0.008018,-0.100937,0.033184,-0.002295,-0.274570,-1.374852,-0.106732,0.223000,-0.002774,0.007416
4.566667,-0.013201,0.051099,0.016844,-0.225224,-1.385717,-0.000349,-0.114374,0.031504,0.009649,-0.268535,-1.374852,-0.108153,0.230278,-0.004135,0.020098
4.600000,-0.011573,0.055979,0.016821,-0.242169,-1.389400,-0.008983,-0.121480,0.033680,0.017714,-0.263856,-1.383187,-0.111228,0.243674,-0.003583,0.029532
4.633333,-0.026137,0.048043,0.008995,-0.257673,-1.406706,-0.046158,-0.150035,0.031451,0.006757,-0.265372,-1.388709,-0.105827,0.256536,0.006114,0.017229
4.666667,-0.022177,0.046522,-0.011263,-0.252263,-1.405374,-0.044223,-0.150524,0.039708,0.014515,-0.267562,-1.390230,-0.116294,0.290942,0.008734,0.016486
4.700000,-0.011804,0.046464,0.003480,-0.257798,-1.405374,-0.031737,-0.149807,0.043387,0.017016,-0.281159,-1.404645,-0.126965,0.300865,0.015527,0.016820
4.733333,0.000284,0.035416,0.008234,-0.232211,-1.406029,-0.034209,-0.138258,0.040619,0.005712,-0.291378,-1.404645,-0.131391,0.278486,0.016661,0.000789
4.766667,-0.006709,0.037900,0.000204,-0.221248,-1.406029,-0.023086,-0.141054,0.038141,0.007935,-0.299145,-1.404645,-0.118000,0.281694,0.016324,0.000307
4.800000,-0.001939,0.039558,0.006202,-0.223855,-1.406029,-0.016153,-0.144410,0.036313,0.010992,-0.295698,-1.407714,-0.124712,0.281325,0.015751,0.002174
4.833333,-0.008859,0.039973,0.018913,-0.243287,-1.406210,-0.032227,-0.150826,0.028029,0.010431,-0.305484,-1.402757,-0.123964,0.248674,0.016678,0.007064
4.866667,-0.019926,0.045427,0.013934,-0.248647,-1.404983,-0.040434,-0.133549,0.032960,0.019105,-0.302812,-1.386555,-0.127098,0.234159,0.010393,-0.003641
4.900000,-0.024345,0.046659,0.014170,-0.256751,-1.407622,-0.031298,-0.130572,0.036137,0.017659,-0.297875,-1.384592,-0.131074,0.235268,0.014591,-0.002004
4.933333,-0.024022,0.039989,0.021674,-0.266618,-1.407622,-0.050102,-0.130981,0.042542,0.014818,-0.302063,-1.384592,-0.135901,0.221599,0.020093,-0.001696
4.966667,-0.026763,0.050063,0.013176,-0.265408,-1.407622,-0.065075,-0.118534,0.039206,0.015705,-0.320716,-1.378560,-0.126200,0.224265,0.011408,0.002436
5.000000,-0.036450,0.047303,0.009513,-0.251560,-1.408773,-0.060971,-0.116994,0.040764,0.009324,-0.317039,-1.381010,-0.113179,0.224335,0.007904,-0.002672
5.033333,-0.018029,0.041415,0.009698,-0.245500,-1.410000,-0.074465,-0.122232,0.029474,-0.002221,-0.330522,-1.397212,-0.097428,0.228296,0.002952,-0.007028
5.066667,-0.013168,0.041285,0.001087,-0.251317,-1.401779,-0.089281,-0.115821,0.030427,0.005150,-0.342172,-1.399175,-0.083439,0.236348,-0.020926,-0.001141
5.100000,-0.011049,0.041428,-0.002103,-0.242073,-1.401779,-0.090920,-0.110417,0.026131,-0.005464,-0.328040,-1.397787,-0.080794,0.225016,-0.030178,-0.003053
5.133333,-0.006552,0.029589,0.002788,-0.238678,-1.392106,-0.075525,-0.104105,0.020831,-0.008589,-0.316083,-1.391242,-0.088318,0.211868,-0.022794,-0.016557
5.166667,0.010446,0.027487,0.003050,-0.246109,-1.378644,-0.080313,-0.109029,0.013980,-0.016642,-0.320737,-1.393749,-0.087311,0.208204,-0.028909,-0.021040
5.200000,0.005814,0.026546,0.004619,-0.247458,-1.378644,-0.072067,-0.112025,0.018836,-0.012872,-0.314095,-1.393749,-0.094374,0.208101,-0.019935,-0.012368
5.233333,0.000131,0.032833,0.017386,-0.238008,-1.380322,-0.051596,-0.104560,0.019371,-0.018321,-0.306595,-1.393749,-0.102610,0.204913,0.001956,-0.013654
5.266667,0.017595,0.047380,0.028112,-0.250309,-1.367329,-0.037707,-0.078357,0.025376,0.007139,-0.299209,-1.395138,-0.104888,0.224733,-0.000236,-0.009482
5.300000,0.016562,0.053391,0.037522,-0.257731,-1.377002,-0.043263,-0.071685,0.029705,0.012845,-0.297485,-1.407873,-0.107022,0.224457,-0.001777,-0.002355
5.333333,0.002989,0.056378,0.027264,-0.249860,-1.377948,-0.043876,-0.056473,0.043159,0.018092,-0.287213,-1.407873,-0.106630,0.238869,0.006019,0.002621
5.366667,-0.004394,0.068242,0.028189,-0.262032,-1.377948,-0.020721,-0.040893,0.033959,0.027691,-0.287669,-1.407873,-0.113288,0.263950,0.006964,0.008031
5.400000,-0.000191,0.060429,0.027841,-0.270829,-1.384491,-0.033258,-0.047907,0.029087,0.022841,-0.286641,-1.405889,-0.115882,0.264843,0.008665,0.005623
5.433333,-0.015745,0.051056,0.011481,-0.260640,-1.397484,-0.028671,-0.085800,0.022546,0.008133,-0.309713,-1.391480,-0.113065,0.252967,0.017581,0.003808
5.466667,-0.017088,0.053496,-0.001483,-0.264714,-1.397484,-0.023999,-0.106891,0.025789,0.003715,-0.300805,-1.382540,-0.116066,0.247359,0.013070,0.015445
5.500000,-0.019313,0.052601,0.012179,-0.273917,-1.410000,-0.023060,-0.110876,0.022230,0.009487,-0.307841,-1.380677,-0.115730,0.231340,0.011396,0.013399
5.533333,-0.015143,0.045949,0.008439,-0.245096,-1.410000,-0.043233,-0.130056,0.032759,0.005449,-0.306615,-1.380677,-0.109892,0.187045,0.009587,0.010991
5.566667,-0.017776,0.042063,0.005629,-0.241853,-1.410000,-0.047189,-0.136527,0.041275,0.019041,-0.311853,-1.382661,-0.110388,0.182751,-0.001011,0.017606
5.600000,-0.020315,0.035183,0.010488,-0.241832,-1.410000,-0.064148,-0.128478,0.042254,0.009851,-0.306154,-1.396717,-0.107786,0.171317,-0.003067,0.008892
5.633333,-0.017197,0.031094,0.020844,-0.241243,-1.392880,-0.066934,-0.115227,0.038403,0.012315,-0.328007,-1.387644,-0.110379,0.170234,0.002241,-0.009487
5.666667,-0.012295,0.034123,0.014047,-0.237789,-1.377493,-0.045927,-0.115432,0.039761,0.018293,-0.343768,-1.389367,-0.120230,0.176180,-0.002779,-0.015945
5.700000,-0.012703,0.029078,0.016038,-0.253019,-1.377493,-0.042386,-0.114541,0.038116,0.013213,-0.345569,-1.385811,-0.112699,0.184669,-0.001823,-0.019192
5.733333,-0.004071,0.029401,0.008745,-0.245493,-1.377493,-0.029608,-0.091428,0.032324,0.005096,-0.360355,-1.385811,-0.110660,0.193158,0.005390,-0.029765
5.766667,-0.001613,0.032467,-0.000674,-0.241321,-1.377493,-0.036897,-0.086406,0.031831,0.006197,-0.359523,-1.386164,-0.107314,0.195651,0.005395,-0.024226
5.800000,-0.007188,0.033865,-0.003595,-0.237810,-1.394613,-0.036492,-0.092166,0.032738,0.004881,-0.347188,-1.404250,-0.095006,0.203229,0.004040,-0.018132
5.833333,-0.012324,0.028753,0.004148,-0.241179,-1.394351,-0.065444,-0.102617,0.032916,-0.002874,-0.334377,-1.397506,-0.082552,0.202704,0.001721,-0.004368
5.866667,-0.011610,0.037388,0.006849,-0.264448,-1.390215,-0.083479,-0.101927,0.032544,0.007314,-0.332567,-1.401063,-0.076750,0.227911,-0.003130,0.000167
5.900000,-0.020155,0.039858,0.014378,-0.275569,-1.390215,-0.092680,-0.128074,0.028802,0.003230,-0.311198,-1.397911,-0.077141,0.221783,-0.001269,0.004172
5.933333,-0.022860,0.036389,0.023707,-0.279977,-1.390215,-0.081882,-0.139770,0.028590,0.002567,-0.309828,-1.394759,-0.087331,0.232710,-0.000443,0.002249
5.966667,-0.014742,0.030629,0.026449,-0.258110,-1.370215,-0.079996,-0.162688,0.035129,-0.000533,-0.301119,-1.387181,-0.099287,0.259185,0.008386,-0.001433
6.000000,-0.002767,0.030615,0.026052,-0.245452,-1.381502,-0.075009,-0.199958,0.028811,0.008709,-0.296225,-1.382554,-0.105306,0.307850,0.006040,-0.004640
6.033333,-0.000548,0.021152,0.022116,-0.216243,-1.382376,-0.062492,-0.250851,0.025321,-0.002059,-0.287341,-1.380260,-0.107999,0.340906,0.011220,-0.008559
6.066667,-0.003191,0.023155,0.015328,-0.206549,-1.377911,-0.055848,-0.296952,0.021394,0.002899,-0.283394,-1.365778,-0.111071,0.405295,0.015198,-0.011435
6.100000,0.001630,0.022219,0.007659,-0.195474,-1.362208,-0.051536,-0.345223,0.008337,0.002620,-0.270315,-1.362445,-0.120196,0.457593,0.010752,-0.010511
6.133333,-0.005375,0.026436,0.004042,-0.208112,-1.377497,-0.060541,-0.372050,-0.004999,0.004796,-0.270196,-1.367379,-0.103025,0.484308,0.001336,-0.009154
6.166667,-0.027801,0.028949,-0.017005,-0.195300,-1.369948,-0.043290,-0.380348,-0.001846,-0.013620,-0.266195,-1.354246,-0.101693,0.501516,0.006857,-0.017625
6.200000,-0.028460,0.033935,-0.023681,-0.197900,-1.349740,-0.025758,-0.389886,0.002016,-0.018786,-0.256284,-1.351895,-0.121732,0.510378,0.012812,-0.005916
6.233333,-0.023752,0.031144,-0.018024,-0.192284,-1.347724,-0.038807,-0.403278,0.001587,-0.022924,-0.249168,-1.365437,-0.110659,0.493920,0.003097,-0.005273
6.266667,-0.031704,0.033999,-0.022648,-0.172511,-1.363427,-0.067422,-0.413576,0.013210,-0.035195,-0.241956,-1.351444,-0.073769,0.485661,-0.005460,-0.000169
6.300000,-0.036276,0.044348,-0.024355,-0.169025,-1.358012,-0.064448,-0.429831,0.019125,-0.028749,-0.241674,-1.355663,-0.073464,0.502985,-0.001221,0.013137
6.333333,-0.019674,0.041726,-0.006009,-0.180475,-1.358507,-0.083069,-0.445073,0.013944,-0.017769,-0.233720,-1.377079,-0.066616,0.493817,-0.001253,0.016622
6.366667,-0.013039,0.037122,-0.000566,-0.173238,-1.350563,-0.103384,-0.434042,0.022569,0.000522,-0.243935,-1.371129,-0.051472,0.481307,-0.018501,0.006417
6.400000,-0.011316,0.049985,-0.001112,-0.174137,-1.345630,-0.097054,-0.432930,0.017742,0.001355,-0.230452,-1.345549,-0.071159,0.475847,-0.023531,0.020078
6.433333,-0.005700,0.044985,0.009567,-0.195206,-1.333515,-0.076394,-0.433250,0.017856,0.012905,-0.235673,-1.356355,-0.090610,0.485317,-0.011449,0.009855
6.466667,0.003011,0.037999,0.012819,-0.192946,-1.324172,-0.072040,-0.435376,0.016060,0.005694,-0.248691,-1.352778,-0.096582,0.475560,-0.008270,0.000270
6.500000,0.006742,0.037207,0.010260,-0.202642,-1.335319,-0.068919,-0.441892,0.014688,0.009355,-0.250581,-1.333410,-0.114599,0.475655,-0.007136,0.015755
6.533333,-0.000316,0.038410,0.013958,-0.208400,-1.357603,-0.059069,-0.459261,0.000041,-0.001603,-0.245620,-1.341409,-0.111858,0.493782,0.000454,0.015549
6.566667,0.008403,0.030332,0.020431,-0.217296,-1.363604,-0.069889,-0.460104,0.015933,0.005304,-0.258425,-1.371081,-0.092181,0.523540,0.007823,0.007234
6.600000,0.010019,0.033460,0.028759,-0.224010,-1.373107,-0.071979,-0.448762,0.023045,0.016558,-0.273932,-1.380754,-0.099809,0.540112,0.002364,0.012598
6.633333,0.006288,0.026833,0.027545,-0.228972,-1.377253,-0.078952,-0.447865,0.017634,0.016008,-0.252422,-1.373660,-0.101954,0.540010,-0.006047,0.013741
6.666667,0.005269,0.026576,0.030722,-0.214381,-1.359134,-0.063097,-0.423827,0.019120,0.016624,-0.266489,-1.389301,-0.098568,0.566055,-0.008122,-0.007141
6.700000,0.014967,0.022878,0.026208,-0.207192,-1.347879,-0.065097,-0.421141,0.019193,0.003393,-0.283347,-1.391897,-0.109744,0.575941,-0.009653,-0.010418
6.733333,0.005303,0.016542,0.020878,-0.201953,-1.342517,-0.054098,-0.424828,0.009600,-0.002612,-0.282172,-1.380323,-0.125904,0.567597,-0.007786,-0.012154
6.766667,-0.000398,0.018581,0.006449,-0.185790,-1.321003,-0.039138,-0.424122,0.007941,-0.003122,-0.264696,-1.356624,-0.129304,0.560400,-0.015368,-0.012527
6.800000,-0.001317,0.029344,0.009139,-0.194708,-1.309437,-0.026450,-0.416836,0.016025,0.009756,-0.262176,-1.359103,-0.129198,0.561415,-0.012719,-0.004314
6.833333,-0.007558,0.027094,0.005685,-0.199554,-1.315226,-0.036999,-0.436283,0.018882,0.003652,-0.249615,-1.362599,-0.126852,0.555700,-0.008673,0.001381
6.866667,-0.019365,0.024507,-0.004906,-0.187860,-1.318320,-0.034344,-0.436791,0.031098,0.008571,-0.225085,-1.339141,-0.125345,0.564233,0.001833,0.011639
6.900000,-0.018292,0.036343,-0.006923,-0.186158,-1.318781,-0.030600,-0.438232,0.032404,0.004948,-0.221518,-1.347258,-0.124465,0.576785,0.005054,0.013843
6.933333,-0.018908,0.034501,-0.003399,-0.197321,-1.329620,-0.044699,-0.454164,0.026065,-0.010038,-0.225948,-1.353914,-0.116820,0.571554,0.016989,0.007845
6.966667,-0.021816,0.033108,-0.022749,-0.193055,-1.323224,-0.035546,-0.467747,0.037070,-0.018504,-0.250520,-1.362585,-0.109160,0.593519,0.025124,-0.002510
7.000000,-0.016809,0.040967,-0.025687,-0.196073,-1.311716,-0.028014,-0.464415,0.034611,-0.016577,-0.245133,-1.356634,-0.118341,0.595628,0.027982,0.003822
7.033333,-0.015192,0.049135,-0.016167,-0.207848,-1.320817,-0.039597,-0.462166,0.024975,-0.009931,-0.254912,-1.379255,-0.107141,0.574827,0.015434,-0.005460
7.066667,-0.020656,0.052288,-0.020083,-0.197781,-1.324776,-0.057182,-0.461149,0.017292,-0.005078,-0.264156,-1.377025,-0.094459,0.567145,0.010257,-0.010157
7.100000,-0.018514,0.054717,-0.014845,-0.198299,-1.338062,-0.046047,-0.463655,0.012817,0.002308,-0.269449,-1.382497,-0.113996,0.584464,0.011183,0.003298
7.133333,-0.014738,0.049000,0.004582,-0.197611,-1.351348,-0.070732,-0.457265,-0.005188,0.001710,-0.253184,-1.369588,-0.116017,0.562277,0.001105,0.006326
7.166667,-0.018476,0.059547,0.008416,-0.198231,-1.352154,-0.070555,-0.450853,-0.010434,0.007493,-0.257729,-1.352489,-0.110593,0.555625,-0.011888,0.009693
7.200000,-0.022910,0.057355,0.013942,-0.201626,-1.339184,-0.058082,-0.460818,-0.002526,0.007272,-0.252235,-1.340987,-0.128989,0.550904,-0.013201,0.022174
7.233333,-0.008567,0.040584,0.017969,-0.212985,-1.324802,-0.048438,-0.467434,0.001912,-0.001781,-0.251550,-1.346674,-0.135398,0.541157,-0.009833,0.023556
7.266667,-0.001611,0.038785,0.013028,-0.204919,-1.299948,-0.062206,-0.452108,0.014872,0.002977,-0.251155,-1.358246,-0.113069,0.533754,-0.028237,0.015398
7.300000,0.003482,0.038037,0.008790,-0.198611,-1.303751,-0.051495,-0.455581,0.020240,-0.003271,-0.257721,-1.356414,-0.124351,0.541234,-0.029057,0.016266
7.333333,0.007396,0.020679,0.016909,-0.208374,-1.308185,-0.060633,-0.466722,0.027368,-0.004203,-0.261311,-1.382921,-0.114487,0.554223,-0.016422,0.008444
7.366667,0.024031,0.014704,0.015546,-0.218075,-1.311880,-0.081386,-0.462517,0.023698,-0.002851,-0.285089,-1.393280,-0.091799,0.597468,-0.022900,-0.012137
7.400000,0.012918,0.017937,0.013775,-0.220606,-1.323140,-0.083077,-0.458913,0.030056,0.003230,-0.285263,-1.393280,-0.081781,0.613468,-0.025292,-0.012947
7.433333,0.011752,0.016886,0.021661,-0.217805,-1.326194,-0.061355,-0.456751,0.019097,-0.003269,-0.283980,-1.380884,-0.094533,0.603660,-0.012429,-0.016326
7.466667,0.021152,0.020366,0.024092,-0.201398,-1.308373,-0.028087,-0.424235,0.028545,0.007560,-0.276015,-1.381952,-0.091102,0.587275,-0.017774,-0.007680
7.500000,0.026698,0.026358,0.025889,-0.184698,-1.313221,-0.014970,-0.402790,0.026216,-0.002988,-0.267324,-1.378794,-0.089542,0.555752,-0.018196,-0.005072
7.533333,0.006635,0.032001,0.013720,-0.170369,-1.330687,-0.002534,-0.390410,0.021439,-0.008728,-0.235641,-1.364035,-0.092582,0.511626,-0.010510,0.010204
7.566667,-0.000541,0.044312,0.009718,-0.182576,-1.320506,0.004784,-0.383776,0.021452,0.002898,-0.230266,-1.364035,-0.092005,0.507233,-0.011618,0.023212
7.600000,-0.000932,0.049429,0.008735,-0.204366,-1.331117,-0.004267,-0.375703,0.019897,0.009356,-0.229431,-1.376432,-0.089733,0.511756,-0.007481,0.031165
7.633333,-0.016899,0.042091,-0.000104,-0.221411,-1.354022,-0.042738,-0.386078,0.017107,-0.002401,-0.236247,-1.382897,-0.079354,0.517631,0.000010,0.020689
7.666667,-0.015174,0.042153,-0.020810,-0.218540,-1.353779,-0.041674,-0.375172,0.024262,0.006032,-0.239147,-1.386055,-0.089789,0.544187,0.001715,0.022424
7.700000,-0.005104,0.041289,-0.006408,-0.226087,-1.348311,-0.030207,-0.366781,0.026241,0.009204,-0.256160,-1.402794,-0.100322,0.551145,0.008782,0.022966
7.733333,0.007009,0.029572,-0.001691,-0.202588,-1.353932,-0.033613,-0.347880,0.021468,-0.001227,-0.266190,-1.402794,-0.102851,0.522745,0.010562,0.009812
7.766667,0.001175,0.031933,-0.010018,-0.192660,-1.365121,-0.022944,-0.341237,0.022228,0.002407,-0.272555,-1.402794,-0.090898,0.522678,0.012113,0.009515
7.800000,0.003039,0.033405,-0.002504,-0.197801,-1.375830,-0.018486,-0.345240,0.016816,0.006131,-0.268237,-1.406033,-0.099950,0.520855,0.013689,0.009138
7.833333,-0.001605,0.034319,0.011179,-0.216295,-1.378608,-0.037003,-0.350892,0.008609,0.008346,-0.277278,-1.400561,-0.100373,0.489409,0.012368,0.009911
7.866667,-0.014594,0.041235,0.006780,-0.222666,-1.372241,-0.043391,-0.335777,0.012254,0.015840,-0.273024,-1.385042,-0.105645,0.475339,0.005769,0.000120
7.900000,-0.022651,0.041939,0.007513,-0.229542,-1.386279,-0.032048,-0.334434,0.016139,0.016255,-0.268405,-1.382463,-0.113522,0.481153,0.006042,0.000073
7.933333,-0.024188,0.035142,0.016168,-0.238092,-1.380968,-0.052815,-0.339594,0.024130,0.013222,-0.271525,-1.382463,-0.118588,0.473117,0.009637,0.003495
7.966667,-0.023667,0.043425,0.006136,-0.235331,-1.381372,-0.065214,-0.332111,0.022302,0.014335,-0.288629,-1.376196,-0.108512,0.484329,-0.002098,0.009011
8.000000,-0.033361,0.040568,0.001937,-0.221011,-1.391159,-0.060593,-0.336146,0.024519,0.005573,-0.283009,-1.378096,-0.099299,0.491278,-0.006403,0.003040
8.033333,-0.013787,0.032982,0.002427,-0.211827,-1.392927,-0.074972,-0.347636,0.015168,-0.006321,-0.294448,-1.393615,-0.085144,0.500728,-0.009922,-0.001807
8.066667,-0.005927,0.033843,-0.005576,-0.220191,-1.372843,-0.092839,-0.346339,0.018358,-0.000500,-0.302872,-1.396194,-0.073209,0.513936,-0.030640,0.002985
8.100000,-0.001542,0.033909,-0.010111,-0.211004,-1.378070,-0.093458,-0.344610,0.014875,-0.010534,-0.288467,-1.394500,-0.073216,0.506857,-0.036430,0.000339
8.133333,0.001877,0.024154,-0.004006,-0.205058,-1.357986,-0.077222,-0.338186,0.008966,-0.011839,-0.276536,-1.391402,-0.082066,0.492373,-0.025503,-0.012053
8.166667,0.015230,0.021280,-0.004203,-0.214213,-1.336397,-0.083349,-0.342810,0.001994,-0.019254,-0.280566,-1.394974,-0.080632,0.486961,-0.029929,-0.013140
8.200000,0.009851,0.020097,-0.002620,-0.219900,-1.338456,-0.075515,-0.344271,0.008942,-0.014074,-0.274827,-1.394974,-0.085464,0.486572,-0.024754,-0.002739
8.233333,0.003880,0.026285,0.009356,-0.208344,-1.341245,-0.054370,-0.334115,0.009569,-0.020866,-0.269303,-1.394974,-0.095364,0.482410,-0.002945,-0.002840
8.266667,0.021991,0.039724,0.020451,-0.219710,-1.319465,-0.040491,-0.305629,0.014813,0.003158,-0.261077,-1.396668,-0.098477,0.503401,-0.009900,-0.000208
8.300000,0.020178,0.045194,0.029605,-0.229758,-1.334973,-0.047138,-0.298000,0.020028,0.009402,-0.255085,-1.406981,-0.100944,0.506083,-0.011518,0.004870
8.333333,0.010779,0.048075,0.019545,-0.222870,-1.336133,-0.045700,-0.279656,0.033799,0.012615,-0.245693,-1.406981,-0.102699,0.526756,-0.003785,0.009071
8.366667,0.004484,0.060574,0.020733,-0.234713,-1.335613,-0.023927,-0.256349,0.022974,0.021754,-0.245245,-1.406981,-0.113491,0.556630,0.000170,0.012400
8.400000,0.007195,0.051869,0.020045,-0.246785,-1.352907,-0.038761,-0.256182,0.015850,0.020674,-0.242927,-1.406756,-0.118946,0.562260,0.000529,0.008322
8.433333,-0.008901,0.044418,0.003537,-0.238936,-1.369677,-0.034218,-0.287188,0.009533,0.007931,-0.265843,-1.391820,-0.119316,0.552585,0.012525,0.006494
8.466667,-0.010392,0.045945,-0.009327,-0.241769,-1.373350,-0.030940,-0.306723,0.013470,0.002556,-0.257767,-1.383786,-0.127048,0.554879,0.008198,0.019624
8.500000,-0.012641,0.044676,0.004403,-0.249838,-1.393569,-0.032015,-0.312314,0.008530,0.010124,-0.263635,-1.383786,-0.127352,0.544844,0.008618,0.016655
8.533333,-0.010707,0.037975,0.000462,-0.221049,-1.402098,-0.051107,-0.339356,0.017862,0.005209,-0.259388,-1.383786,-0.122700,0.506217,0.008372,0.013002
8.566667,-0.012387,0.035112,-0.001753,-0.216181,-1.402098,-0.050733,-0.357330,0.025831,0.014455,-0.261457,-1.384011,-0.123627,0.507591,-0.002026,0.022201
8.600000,-0.015499,0.027336,0.004099,-0.211736,-1.406927,-0.066742,-0.362170,0.024565,0.005996,-0.251076,-1.397162,-0.122083,0.505106,-0.007861,0.014198
8.633333,-0.011344,0.023240,0.014694,-0.210427,-1.387563,-0.069229,-0.358807,0.018954,0.007675,-0.271750,-1.389331,-0.124662,0.506239,-0.002752,-0.001907
8.666667,-0.008477,0.026237,0.008116,-0.204829,-1.363251,-0.046669,-0.367341,0.020839,0.013248,-0.285279,-1.389331,-0.133060,0.514523,-0.007789,-0.008328
8.700000,-0.008496,0.022269,0.009764,-0.216845,-1.357034,-0.043108,-0.374916,0.020386,0.008693,-0.283855,-1.386792,-0.127555,0.526691,-0.009287,-0.010231
8.733333,-0.000066,0.022074,0.002002,-0.204326,-1.349071,-0.030886,-0.358053,0.015303,0.000679,-0.295986,-1.386792,-0.122634,0.538860,-0.002897,-0.021748
8.766667,0.002150,0.024908,-0.008457,-0.200290,-1.349337,-0.037237,-0.359065,0.014330,0.000108,-0.293494,-1.388578,-0.118021,0.543547,-0.000828,-0.014435
8.800000,-0.002914,0.027095,-0.011890,-0.193743,-1.366871,-0.036071,-0.367796,0.016446,-0.000626,-0.282210,-1.403115,-0.103017,0.552955,-0.002778,-0.012224
8.833333,-0.007496,0.022142,-0.004459,-0.197056,-1.370355,-0.062900,-0.381785,0.015959,-0.007971,-0.267877,-1.393198,-0.090592,0.550168,-0.007104,0.003321
8.866667,-0.005523,0.029467,-0.001732,-0.219980,-1.360915,-0.081634,-0.382044,0.016053,0.002541,-0.268138,-1.395737,-0.081757,0.572087,-0.011486,0.009434
8.900000,-0.012024,0.032529,0.007398,-0.233522,-1.363433,-0.092133,-0.406634,0.013663,0.001131,-0.251626,-1.390896,-0.081119,0.558229,-0.010271,0.010965
8.933333,-0.012073,0.029673,0.018293,-0.237190,-1.357988,-0.082632,-0.415310,0.015794,0.001648,-0.255114,-1.386055,-0.087531,0.560000,-0.011307,0.004792
8.966667,-0.006006,0.024584,0.020975,-0.217133,-1.346450,-0.067070,-0.400535,0.022667,-0.000230,-0.242980,-1.370733,-0.103267,0.540027,0.001328,0.002594
9.000000,0.004757,0.025984,0.021143,-0.209749,-1.369182,-0.049612,-0.379833,0.019982,0.010552,-0.239476,-1.362657,-0.112793,0.526317,0.002976,-0.002346
9.033333,0.002523,0.018682,0.017807,-0.184938,-1.384839,-0.022869,-0.369022,0.014638,0.000292,-0.231202,-1.352637,-0.118568,0.493731,0.010714,-0.009874
9.066667,-0.006758,0.022401,0.010850,-0.178133,-1.390284,-0.004037,-0.355071,0.010341,0.005792,-0.223604,-1.329198,-0.125637,0.495327,0.018785,-0.015033
9.100000,-0.007072,0.024477,0.003840,-0.171395,-1.391617,0.011541,-0.340730,-0.000640,0.005350,-0.209257,-1.320163,-0.136772,0.483161,0.021125,-0.012468
9.133333,-0.015264,0.029927,0.000109,-0.191184,-1.405887,0.001275,-0.340479,-0.012490,0.006166,-0.211367,-1.327633,-0.120860,0.487646,0.011457,-0.013677
9.166667,-0.038805,0.033439,-0.019635,-0.178707,-1.405887,0.017108,-0.338056,-0.011097,-0.012597,-0.205698,-1.313604,-0.119166,0.496401,0.021174,-0.024479
9.200000,-0.038530,0.038754,-0.027208,-0.183657,-1.399528,0.034244,-0.336363,-0.006896,-0.015227,-0.195659,-1.311601,-0.139085,0.498337,0.028884,-0.012586
9.233333,-0.031475,0.034915,-0.022003,-0.181464,-1.399528,0.020929,-0.340467,-0.006479,-0.018808,-0.189038,-1.326973,-0.127710,0.479072,0.022323,-0.007456
9.266667,-0.040086,0.037288,-0.027881,-0.163779,-1.403640,-0.006024,-0.343303,0.002987,-0.031003,-0.179755,-1.313044,-0.092270,0.464881,0.010536,-0.004935
9.300000,-0.043907,0.047698,-0.028861,-0.159529,-1.403640,-0.002034,-0.353007,0.006229,-0.023807,-0.180548,-1.317436,-0.090078,0.474040,0.013514,0.007003
9.333333,-0.029136,0.044350,-0.011196,-0.173648,-1.403640,-0.019668,-0.364989,0.000519,-0.016185,-0.177655,-1.340747,-0.080157,0.458660,0.010546,0.011735
9.366667,-0.021507,0.039341,-0.004025,-0.166927,-1.390000,-0.040835,-0.355290,0.006892,-0.000982,-0.189462,-1.335720,-0.060696,0.439867,-0.007116,0.001366
9.400000,-0.022667,0.052514,-0.003846,-0.168204,-1.390000,-0.033977,-0.355887,0.001920,-0.001370,-0.179421,-1.312518,-0.075373,0.422891,-0.015503,0.012938
9.433333,-0.015522,0.047750,0.006996,-0.189341,-1.390000,-0.013848,-0.359984,-0.000482,0.011289,-0.188714,-1.324212,-0.090049,0.422722,-0.001918,0.006586
9.466667,-0.007760,0.039653,0.010610,-0.187345,-1.386002,-0.006530,-0.368051,-0.001044,0.005401,-0.203776,-1.323138,-0.091158,0.399894,0.003558,0.000774
9.500000,-0.004304,0.040137,0.008080,-0.195548,-1.386002,0.000111,-0.381763,-0.002902,0.010924,-0.206536,-1.304061,-0.103932,0.387849,0.006953,0.014453
9.533333,-0.010321,0.042057,0.010629,-0.196733,-1.406002,0.015380,-0.408276,-0.012098,0.000085,-0.204822,-1.313321,-0.098383,0.392485,0.015613,0.015943
9.566667,-0.000602,0.033817,0.016215,-0.201149,-1.406002,0.011097,-0.419689,0.000120,0.008013,-0.219601,-1.349432,-0.073179,0.408336,0.025328,0.006815
9.600000,0.001967,0.037044,0.024590,-0.205321,-1.406002,0.015350,-0.424012,0.008258,0.018486,-0.237036,-1.365542,-0.077405,0.412046,0.019069,0.007392
9.633333,-0.001029,0.030147,0.023493,-0.206631,-1.410000,0.015309,-0.438041,0.003610,0.017411,-0.219083,-1.358463,-0.075018,0.398416,0.010296,0.003920
9.666667,-0.000979,0.029559,0.027625,-0.187661,-1.410000,0.037569,-0.430420,0.007905,0.018516,-0.236135,-1.375441,-0.067423,0.412203,0.005330,-0.015895
9.700000,0.006251,0.025441,0.023572,-0.178396,-1.408833,0.044909,-0.445214,0.003927,0.005868,-0.253096,-1.383230,-0.072324,0.409949,0.007755,-0.019916
9.733333,-0.003176,0.020300,0.018982,-0.170775,-1.408833,0.064267,-0.466395,-0.003907,-0.000552,-0.255632,-1.368426,-0.086195,0.394632,0.010069,-0.020756
9.766667,-0.007989,0.021511,0.003879,-0.150513,-1.404039,0.087810,-0.476232,-0.004904,-0.001965,-0.242017,-1.341380,-0.086326,0.383899,0.003189,-0.017539
9.800000,-0.009745,0.033119,0.006359,-0.156247,-1.397701,0.103234,-0.476284,0.002007,0.010743,-0.238978,-1.346092,-0.083488,0.383324,0.004612,-0.006338
9.833333,-0.014752,0.030120,0.001581,-0.158613,-1.397701,0.094398,-0.499085,0.000189,0.003011,-0.227671,-1.349674,-0.080258,0.374902,0.007770,-0.000235
9.866667,-0.027797,0.027235,-0.009013,-0.147126,-1.398868,0.093483,-0.500366,0.013906,0.008413,-0.203728,-1.322444,-0.080584,0.386653,0.013061,0.010246
9.900000,-0.024477,0.039128,-0.011298,-0.144444,-1.398868,0.090496,-0.492831,0.016633,0.003023,-0.197455,-1.330019,-0.081383,0.402077,0.016301,0.012660
9.933333,-0.027845,0.036998,-0.007099,-0.158363,-1.403662,0.066952,-0.498560,0.010085,-0.010696,-0.199461,-1.335168,-0.075438,0.399253,0.028140,0.005910
9.966667,-0.031986,0.034987,-0.025912,-0.157319,-1.390000,0.068633,-0.499492,0.020931,-0.018158,-0.222159,-1.344518,-0.070419,0.426271,0.040008,-0.003662
10.000000,-0.024541,0.043544,-0.028622,-0.164707,-1.385555,0.065786,-0.484618,0.021148,-0.012601,-0.213125,-1.336048,-0.082751,0.438671,0.043500,0.001513
10.033333,-0.021184,0.052331,-0.019260,-0.177204,-1.385555,0.045351,-0.464844,0.012509,-0.004915,-0.220574,-1.356213,-0.076551,0.428491,0.034486,-0.009507
10.066667,-0.028878,0.054872,-0.023895,-0.170242,-1.385555,0.021563,-0.453647,0.003859,0.001242,-0.228869,-1.351958,-0.069166,0.429963,0.029332,-0.015814
10.100000,-0.027096,0.058629,-0.018512,-0.170903,-1.385555,0.029231,-0.445328,-0.000034,0.007999,-0.233370,-1.358750,-0.090908,0.454626,0.031240,-0.003814
10.133333,-0.022277,0.054413,0.000864,-0.171097,-1.399639,0.000661,-0.431557,-0.016643,0.005194,-0.217466,-1.343258,-0.096186,0.440899,0.016712,-0.002808
10.166667,-0.026856,0.064449,0.005104,-0.172429,-1.399844,0.000880,-0.417914,-0.021658,0.007400,-0.221059,-1.327680,-0.093739,0.438383,0.003043,0.001853
10.200000,-0.030649,0.062332,0.010674,-0.177566,-1.399844,0.012941,-0.422081,-0.015840,0.005967,-0.218701,-1.317312,-0.111912,0.431556,-0.000995,0.014707
10.233333,-0.014330,0.045114,0.015821,-0.191528,-1.399844,0.020542,-0.423408,-0.008999,-0.001816,-0.220273,-1.328089,-0.119688,0.418634,0.001396,0.016507
10.266667,-0.007931,0.042729,0.010831,-0.185741,-1.399461,0.006123,-0.405186,0.004212,0.002718,-0.219839,-1.343193,-0.097512,0.406395,-0.016786,0.006417
10.300000,-0.001953,0.039800,0.005452,-0.182355,-1.405377,0.015974,-0.404131,0.006406,-0.001503,-0.226575,-1.340882,-0.107768,0.406924,-0.015789,0.009486
10.333333,-0.002491,0.022528,0.013910,-0.189779,-1.409617,0.005848,-0.412112,0.013998,0.002095,-0.231938,-1.372159,-0.095538,0.414459,-0.004877,-0.000718
10.366667,0.014079,0.015857,0.011805,-0.198741,-1.409617,-0.015600,-0.409089,0.009881,0.004556,-0.253805,-1.382244,-0.075868,0.456897,-0.010068,-0.021269
10.400000,0.003125,0.019392,0.009864,-0.202196,-1.409617,-0.015056,-0.408274,0.014896,0.009722,-0.251449,-1.382952,-0.067004,0.472932,-0.013365,-0.019551
10.433333,0.001838,0.018531,0.016734,-0.198307,-1.405804,0.007506,-0.412429,0.003440,0.002407,-0.249377,-1.365874,-0.078812,0.470272,0.000533,-0.020409
10.466667,0.011425,0.022702,0.019923,-0.177657,-1.388817,0.042038,-0.388302,0.012062,0.012131,-0.239854,-1.365226,-0.076934,0.465658,-0.004112,-0.012066
10.500000,0.019618,0.029812,0.021444,-0.160529,-1.388817,0.056547,-0.379518,0.010425,-0.000921,-0.227102,-1.356930,-0.080080,0.447010,-0.004916,-0.006807
10.533333,-0.001844,0.035958,0.010219,-0.146553,-1.388817,0.070536,-0.382794,0.005104,-0.006607,-0.191830,-1.338949,-0.086089,0.417358,0.002652,0.009157
10.566667,-0.011366,0.048466,0.005934,-0.156180,-1.385528,0.076850,-0.389668,0.003317,0.005933,-0.183243,-1.333621,-0.087176,0.427705,0.001371,0.021327
10.600000,-0.009284,0.051915,0.005967,-0.175142,-1.389724,0.065787,-0.391572,0.005401,0.015417,-0.175344,-1.350700,-0.091124,0.450240,0.004261,0.029346
10.633333,-0.025806,0.044626,-0.002809,-0.190968,-1.405293,0.026369,-0.412744,0.003827,0.004139,-0.176654,-1.354294,-0.084963,0.470782,0.012828,0.016666
10.666667,-0.021215,0.042716,-0.022900,-0.185509,-1.404581,0.024074,-0.406989,0.009737,0.010949,-0.175594,-1.362591,-0.096969,0.509605,0.016810,0.017291
10.700000,-0.011095,0.042577,-0.008205,-0.192233,-1.404581,0.033661,-0.400740,0.016131,0.011049,-0.191015,-1.379422,-0.108271,0.526829,0.023517,0.018152
10.733333,0.000228,0.031280,-0.004039,-0.166864,-1.405810,0.029662,-0.383031,0.014673,-0.001384,-0.199271,-1.383915,-0.113879,0.511910,0.024893,0.002306
10.766667,-0.006417,0.033765,-0.011771,-0.156904,-1.405810,0.040615,-0.378437,0.013181,0.000874,-0.205557,-1.376920,-0.102773,0.517308,0.025539,0.003242
10.800000,-0.003365,0.034717,-0.004549,-0.160410,-1.407227,0.044334,-0.382662,0.011592,0.003491,-0.198871,-1.379563,-0.110311,0.521825,0.025100,0.004935
10.833333,-0.008753,0.035399,0.008202,-0.182182,-1.406653,0.028706,-0.389211,0.003645,0.005565,-0.208250,-1.365522,-0.113040,0.494941,0.025139,0.007614
10.866667,-0.020227,0.041650,0.003999,-0.186518,-1.405534,0.020664,-0.373463,0.005197,0.015594,-0.202446,-1.347705,-0.117237,0.485681,0.018231,-0.001536
10.900000,-0.025564,0.042767,0.005009,-0.194679,-1.407594,0.031823,-0.374823,0.008619,0.016507,-0.195331,-1.337757,-0.121982,0.494291,0.021356,0.000952
10.933333,-0.026206,0.036649,0.012415,-0.202939,-1.407594,0.012397,-0.380161,0.014275,0.013970,-0.195832,-1.340243,-0.127022,0.486683,0.025780,0.001487
10.966667,-0.026969,0.046678,0.002218,-0.199740,-1.407594,0.001787,-0.373587,0.008770,0.015159,-0.214298,-1.336611,-0.122408,0.496693,0.017187,0.006845
11.000000,-0.038184,0.044668,-0.001521,-0.183895,-1.408881,0.006157,-0.379431,0.011027,0.009428,-0.207929,-1.339847,-0.109772,0.501287,0.013842,0.000155
11.033333,-0.020303,0.037418,-0.002745,-0.176789,-1.410000,-0.005420,-0.392663,0.001063,-0.003681,-0.219465,-1.360680,-0.095200,0.508819,0.011334,-0.006219
11.066667,-0.012005,0.036776,-0.011228,-0.184014,-1.403039,-0.020064,-0.390763,0.001216,0.003548,-0.228456,-1.371463,-0.081138,0.514914,-0.011797,-0.000071
11.100000,-0.010463,0.036710,-0.015541,-0.172666,-1.403039,-0.019830,-0.387608,-0.001709,-0.006917,-0.217295,-1.365802,-0.077597,0.501620,-0.019825,-0.002400
11.133333,-0.007081,0.025527,-0.010305,-0.171227,-1.395365,-0.004262,-0.380270,-0.007748,-0.009214,-0.205830,-1.362009,-0.082826,0.482642,-0.012861,-0.017401
11.166667,0.007728,0.022795,-0.010428,-0.181101,-1.382892,-0.011232,-0.383698,-0.013686,-0.018663,-0.211891,-1.365574,-0.082796,0.475294,-0.020356,-0.019562
11.200000,0.001556,0.022340,-0.008319,-0.187382,-1.382892,-0.002593,-0.382462,-0.005225,-0.014988,-0.205031,-1.367450,-0.085982,0.471149,-0.013023,-0.010119
11.233333,-0.006428,0.029569,0.005127,-0.177712,-1.385158,0.017189,-0.368645,-0.003897,-0.022712,-0.195916,-1.366145,-0.095376,0.465717,0.009524,-0.011675
11.266667,0.012406,0.044051,0.016078,-0.191811,-1.374881,0.031267,-0.338989,0.002632,0.000921,-0.185346,-1.376316,-0.099098,0.489855,0.003862,-0.007724
11.300000,0.010119,0.050525,0.026036,-0.199147,-1.382555,0.024918,-0.329262,0.009408,0.008133,-0.178412,-1.388122,-0.099643,0.496309,0.003214,-0.000158
11.333333,-0.002643,0.053735,0.015945,-0.190159,-1.384724,0.027923,-0.313725,0.019681,0.012977,-0.165357,-1.395363,-0.099394,0.520561,0.011413,0.003102
11.366667,-0.006556,0.064589,0.016977,-0.199183,-1.384724,0.050110,-0.298338,0.007215,0.025435,-0.161918,-1.394752,-0.109765,0.553937,0.011827,0.010082
11.400000,-0.002166,0.056765,0.015620,-0.206686,-1.389419,0.037208,-0.309033,0.002148,0.022167,-0.159788,-1.385403,-0.116277,0.564310,0.011933,0.007346
11.433333,-0.017246,0.048631,-0.000366,-0.198301,-1.399696,0.041504,-0.347802,-0.005934,0.009361,-0.180648,-1.361335,-0.118282,0.558670,0.022309,0.006394
11.466667,-0.018805,0.050019,-0.013501,-0.203939,-1.399696,0.047066,-0.375124,-0.003171,0.002833,-0.170767,-1.350895,-0.124871,0.562739,0.016683,0.020188
11.500000,-0.021007,0.048789,-0.000017,-0.211401,-1.410000,0.047043,-0.382426,-0.006863,0.008978,-0.175500,-1.340358,-0.126280,0.555357,0.015804,0.019124
11.533333,-0.018856,0.043143,-0.004013,-0.183762,-1.410000,0.028891,-0.405136,0.003590,0.002920,-0.174274,-1.342933,-0.124167,0.516766,0.013631,0.013818
11.566667,-0.023111,0.039429,-0.005872,-0.181801,-1.410000,0.027917,-0.416545,0.012381,0.014610,-0.178153,-1.345695,-0.124960,0.518176,0.003251,0.019057
11.600000,-0.025352,0.030648,-0.000434,-0.178598,-1.410000,0.013212,-0.415990,0.012425,0.005077,-0.171806,-1.360650,-0.121822,0.509932,0.003015,0.011358
11.633333,-0.020436,0.026026,0.010081,-0.175813,-1.393499,0.009835,-0.405472,0.005416,0.006409,-0.194553,-1.353627,-0.125287,0.506117,0.009657,-0.007617
11.666667,-0.015215,0.029048,0.003497,-0.175596,-1.379639,0.032472,-0.407793,0.006780,0.012418,-0.211232,-1.356973,-0.136254,0.504919,0.004333,-0.014430
11.700000,-0.015243,0.024329,0.006426,-0.188144,-1.379639,0.035821,-0.410317,0.006231,0.006495,-0.210136,-1.347579,-0.125666,0.508018,0.005909,-0.017180
11.733333,-0.004317,0.024174,-0.002071,-0.176612,-1.379639,0.047134,-0.388982,0.001594,0.000709,-0.223452,-1.355471,-0.122107,0.511117,0.012761,-0.025481
11.766667,-0.001443,0.028556,-0.011567,-0.172415,-1.379639,0.038812,-0.386964,0.001672,-0.000253,-0.220086,-1.362089,-0.117544,0.508132,0.009919,-0.021511
11.800000,-0.006820,0.030507,-0.014607,-0.166989,-1.396141,0.040418,-0.393949,0.006125,0.000517,-0.210561,-1.379855,-0.103725,0.507290,0.006737,-0.016055
11.833333,-0.011346,0.024689,-0.007491,-0.169470,-1.394092,0.016301,-0.404867,0.007309,-0.005708,-0.199850,-1.372414,-0.086404,0.498332,0.004909,0.000470
11.866667,-0.009998,0.031900,-0.005653,-0.192841,-1.390543,-0.002694,-0.402611,0.006899,0.007871,-0.203770,-1.383448,-0.077733,0.516286,0.002617,0.005769
11.900000,-0.017210,0.034950,0.003418,-0.206025,-1.390543,-0.011743,-0.425368,0.002160,0.005271,-0.188632,-1.373239,-0.074691,0.497005,0.005311,0.005397
11.933333,-0.018917,0.031445,0.013351,-0.210807,-1.390543,-0.000286,-0.432699,0.003204,0.008608,-0.193494,-1.365526,-0.081010,0.495513,0.007520,0.000569
11.966667,-0.007931,0.026254,0.016600,-0.195679,-1.374856,0.005064,-0.429884,0.015022,0.007278,-0.197189,-1.356001,-0.100863,0.491349,0.015330,-0.003878
12.000000,0.005282,0.027166,0.017364,-0.192208,-1.390764,0.011288,-0.427608,0.013377,0.015410,-0.206263,-1.352243,-0.130199,0.505747,0.012243,-0.011809
12.033333,0.007704,0.020193,0.014744,-0.172590,-1.394313,0.029299,-0.437877,0.012460,0.002539,-0.210190,-1.342191,-0.154542,0.502477,0.012148,-0.018570
12.066667,0.003445,0.022911,0.007561,-0.172851,-1.394313,0.040395,-0.443964,0.012141,0.004166,-0.217543,-1.325622,-0.183158,0.534909,0.014215,-0.021680
12.100000,0.006493,0.023743,0.000283,-0.171803,-1.388840,0.046388,-0.449722,0.003685,0.000753,-0.219497,-1.323470,-0.212427,0.552669,0.011731,-0.019254
12.133333,-0.000276,0.028245,-0.002774,-0.191524,-1.404527,0.039250,-0.458535,-0.010297,0.001236,-0.219241,-1.330620,-0.204931,0.566785,0.001678,-0.016724
12.166667,-0.024477,0.030953,-0.023523,-0.177598,-1.404527,0.056961,-0.456994,-0.008823,-0.018562,-0.213493,-1.317211,-0.200426,0.570399,0.009692,-0.025773
12.200000,-0.023964,0.034433,-0.031137,-0.181758,-1.395087,0.077112,-0.453183,-0.007165,-0.021693,-0.205875,-1.315464,-0.216259,0.564828,0.019449,-0.012883
12.233333,-0.019209,0.030174,-0.025924,-0.181001,-1.395087,0.064177,-0.454385,-0.008345,-0.025674,-0.202679,-1.331771,-0.196314,0.537166,0.014224,-0.009950
12.266667,-0.025956,0.032026,-0.031185,-0.164841,-1.400560,0.035842,-0.451603,0.002265,-0.037565,-0.194477,-1.317677,-0.155735,0.510928,0.001510,-0.006906
12.300000,-0.032005,0.042564,-0.032480,-0.162384,-1.400560,0.036088,-0.451510,0.004132,-0.030788,-0.199031,-1.323022,-0.151921,0.510927,0.007597,0.003973
12.333333,-0.016359,0.040350,-0.014313,-0.179175,-1.400560,0.013508,-0.455289,-0.002094,-0.020460,-0.198020,-1.347701,-0.138703,0.487204,0.004130,0.007514
12.366667,-0.011457,0.036448,-0.008206,-0.173462,-1.390000,-0.013971,-0.437389,0.008471,-0.003107,-0.210289,-1.344335,-0.119353,0.458481,-0.017092,-0.003799
12.400000,-0.010412,0.050993,-0.007633,-0.171429,-1.390000,-0.013049,-0.425837,0.004379,-0.002298,-0.199269,-1.321780,-0.132898,0.431752,-0.026518,0.008306
12.433333,-0.004449,0.047071,0.003433,-0.194510,-1.390000,0.005093,-0.421700,0.001814,0.013390,-0.210600,-1.335210,-0.146422,0.425652,-0.014041,0.001012
12.466667,0.005086,0.040256,0.006357,-0.192306,-1.384580,0.007171,-0.421139,0.003702,0.008299,-0.227589,-1.334024,-0.145999,0.399421,-0.010659,-0.007201
12.500000,0.009652,0.039882,0.004527,-0.201527,-1.384580,0.009907,-0.425368,0.005024,0.012068,-0.231219,-1.315379,-0.158180,0.383820,-0.007037,0.008683
12.533333,0.006512,0.041482,0.008465,-0.206217,-1.404580,0.017361,-0.441484,-0.007672,0.000567,-0.227705,-1.324780,-0.149293,0.388847,0.004069,0.009057
12.566667,0.015347,0.032066,0.013767,-0.214642,-1.404580,0.008351,-0.443115,0.005941,0.008364,-0.243817,-1.357805,-0.126427,0.409441,0.012047,0.001553
12.600000,0.018845,0.034169,0.021172,-0.217425,-1.404580,0.005589,-0.434274,0.013552,0.017548,-0.259113,-1.370829,-0.131469,0.417369,0.007248,0.004993
12.633333,0.015558,0.026959,0.019359,-0.223002,-1.409602,-0.001410,-0.433611,0.007152,0.015911,-0.237482,-1.363416,-0.129349,0.406854,0.000800,0.004116
12.666667,0.012565,0.026433,0.022454,-0.205607,-1.407877,0.013761,-0.410987,0.008194,0.016367,-0.252371,-1.379398,-0.123557,0.425710,-0.003977,-0.018924
12.700000,0.019683,0.022139,0.017802,-0.197794,-1.405518,0.013779,-0.405952,0.004315,0.001500,-0.270825,-1.385163,-0.134124,0.430154,-0.003383,-0.022579
12.733333,0.011883,0.016895,0.013921,-0.192469,-1.405518,0.024367,-0.412725,-0.005081,-0.004556,-0.270777,-1.373325,-0.145304,0.415982,-0.000500,-0.024655
12.766667,0.005526,0.018311,-0.000348,-0.174396,-1.398454,0.039277,-0.407784,-0.007803,-0.004488,-0.253820,-1.346352,-0.144439,0.406675,-0.008710,-0.022592
12.800000,0.003835,0.029126,0.002635,-0.178815,-1.389295,0.050949,-0.398293,-0.001275,0.006997,-0.249774,-1.352211,-0.142580,0.406642,-0.007923,-0.013054
12.833333,0.000606,0.026368,-0.002271,-0.185524,-1.391021,0.039078,-0.414883,0.000510,0.000243,-0.237932,-1.356176,-0.139151,0.400302,-0.004570,-0.005883
12.866667,-0.011272,0.024204,-0.013609,-0.176162,-1.393380,0.042874,-0.416383,0.014047,0.008043,-0.212760,-1.330358,-0.136554,0.408642,0.003494,0.005186
12.900000,-0.011028,0.035469,-0.017270,-0.174826,-1.393380,0.044189,-0.414363,0.014717,0.004043,-0.205895,-1.336378,-0.141180,0.421866,0.007101,0.006536
12.933333,-0.015526,0.033951,-0.013335,-0.188262,-1.400443,0.031301,-0.429236,0.009475,-0.012800,-0.210303,-1.345456,-0.136377,0.416653,0.020438,-0.000366
12.966667,-0.019454,0.032505,-0.032569,-0.186610,-1.390000,0.041952,-0.442379,0.022948,-0.019843,-0.236161,-1.354652,-0.132663,0.440739,0.029570,-0.009985
13.000000,-0.013065,0.041298,-0.034176,-0.189004,-1.383445,0.049362,-0.439426,0.021470,-0.014108,-0.229815,-1.348533,-0.145602,0.445169,0.034560,-0.003320
13.033333,-0.010377,0.049279,-0.024344,-0.199663,-1.383445,0.036190,-0.432683,0.012604,-0.007556,-0.240898,-1.370225,-0.139574,0.430069,0.023489,-0.013228
13.066667,-0.016025,0.052875,-0.027925,-0.189321,-1.383444,0.020979,-0.429667,0.005858,-0.002138,-0.251233,-1.367509,-0.131516,0.427183,0.018292,-0.018656
13.100000,-0.012671,0.056361,-0.022521,-0.189065,-1.383444,0.032178,-0.429618,0.001542,0.006040,-0.256110,-1.373309,-0.155477,0.448920,0.018825,-0.007449
13.133333,-0.008456,0.051709,-0.003501,-0.188704,-1.394706,0.007654,-0.420004,-0.017945,0.002836,-0.239620,-1.357686,-0.160656,0.431451,0.005710,-0.007074
13.166667,-0.010333,0.062653,0.000684,-0.189508,-1.395380,0.009915,-0.408365,-0.023740,0.003931,-0.242961,-1.342367,-0.159363,0.430144,-0.008771,-0.002718
13.200000,-0.013838,0.060567,0.006247,-0.194527,-1.395380,0.023951,-0.414373,-0.015489,0.000115,-0.236444,-1.332244,-0.181375,0.425329,-0.010612,0.009532
13.233333,0.000141,0.043312,0.010737,-0.209033,-1.394851,0.032413,-0.414925,-0.010933,-0.006400,-0.238039,-1.340778,-0.187538,0.414323,-0.007876,0.012634
13.266667,0.006769,0.040845,0.005797,-0.204628,-1.391585,0.016748,-0.394700,0.004796,-0.002965,-0.238290,-1.352872,-0.166332,0.405367,-0.025208,0.003175
13.300000,0.013301,0.038701,0.001857,-0.201454,-1.400324,0.025777,-0.389807,0.008988,-0.006243,-0.244186,-1.353122,-0.179109,0.409711,-0.023953,0.006531
13.333333,0.014739,0.020223,0.008672,-0.211772,-1.406205,0.012756,-0.394477,0.016576,-0.002902,-0.249738,-1.380378,-0.170255,0.418740,-0.012250,-0.003413
13.366667,0.028721,0.014327,0.007399,-0.222541,-1.406205,-0.011432,-0.387172,0.011912,0.000779,-0.273589,-1.389487,-0.147287,0.460970,-0.019206,-0.023505
13.400000,0.019156,0.018178,0.005793,-0.223567,-1.406734,-0.012823,-0.383427,0.018859,0.004954,-0.270330,-1.389487,-0.140043,0.476972,-0.020638,-0.022657
13.433333,0.016693,0.016870,0.012605,-0.221507,-1.403219,0.009915,-0.382449,0.005693,-0.001390,-0.267525,-1.376020,-0.151044,0.471577,-0.005065,-0.023478
13.466667,0.025893,0.020194,0.014908,-0.202683,-1.384723,0.043682,-0.358196,0.014351,0.007779,-0.261411,-1.374855,-0.149272,0.462723,-0.011859,-0.013616
13.500000,0.030714,0.026264,0.017890,-0.185402,-1.384723,0.059499,-0.349250,0.010103,-0.001908,-0.250033,-1.368868,-0.151961,0.436722,-0.012936,-0.010063
13.533333,0.010236,0.032012,0.006406,-0.167804,-1.384723,0.074708,-0.351782,0.004735,-0.009255,-0.216870,-1.354033,-0.158559,0.401339,-0.004601,0.003764
13.566667,0.001007,0.043576,0.002353,-0.178571,-1.379023,0.082762,-0.359039,0.003672,0.003187,-0.210197,-1.354033,-0.160453,0.405956,-0.007885,0.016296
13.600000,0.003126,0.048727,0.002275,-0.196194,-1.385804,0.072976,-0.363528,0.005577,0.010745,-0.206484,-1.367500,-0.166108,0.420054,-0.006774,0.023720
13.633333,-0.013471,0.041818,-0.005965,-0.213843,-1.403489,0.035093,-0.384495,0.002844,-0.001878,-0.208602,-1.372916,-0.158593,0.432317,0.002760,0.010726
13.666667,-0.009962,0.041563,-0.027408,-0.208133,-1.400200,0.034338,-0.379320,0.012415,0.005530,-0.210772,-1.378903,-0.170489,0.466848,0.005436,0.012362
13.700000,-0.000554,0.040428,-0.013289,-0.217879,-1.400200,0.045624,-0.373718,0.017183,0.010881,-0.225284,-1.394627,-0.184544,0.478945,0.013138,0.013110
13.733333,0.011515,0.029417,-0.008335,-0.195012,-1.401296,0.040806,-0.355476,0.015886,-0.001685,-0.235278,-1.394627,-0.191046,0.460438,0.015222,-0.002023
13.766667,0.004619,0.031726,-0.016258,-0.185929,-1.401296,0.049845,-0.350916,0.013946,0.002056,-0.241296,-1.392285,-0.181522,0.466031,0.015827,-0.000139
13.800000,0.007183,0.033076,-0.010029,-0.190172,-1.402107,0.054146,-0.354934,0.011823,0.005907,-0.234789,-1.393230,-0.192923,0.472433,0.018171,0.000004
13.833333,0.003580,0.033570,0.003617,-0.210590,-1.403433,0.037811,-0.361287,0.003986,0.004680,-0.240738,-1.383810,-0.198709,0.450483,0.019277,0.001365
13.866667,-0.007707,0.039521,-0.000925,-0.214248,-1.400520,0.027742,-0.347477,0.006726,0.012468,-0.236609,-1.364932,-0.205575,0.446102,0.010885,-0.008077
13.900000,-0.014766,0.040987,-0.000745,-0.224126,-1.405124,0.036985,-0.351668,0.009621,0.014320,-0.229720,-1.357969,-0.215411,0.459766,0.011857,-0.007480
13.933333,-0.013627,0.034120,0.006746,-0.231747,-1.405124,0.017488,-0.359711,0.015840,0.010701,-0.230468,-1.359702,-0.223867,0.457353,0.016327,-0.005885
13.966667,-0.014591,0.043593,-0.002781,-0.226867,-1.405124,0.004231,-0.355053,0.010281,0.012761,-0.248887,-1.353478,-0.218514,0.474633,0.005623,-0.000745
14.000000,-0.027587,0.040363,-0.006912,-0.213813,-1.407087,0.007442,-0.364842,0.010051,0.008743,-0.241918,-1.353904,-0.207256,0.484827,0.000139,-0.004222
14.033333,-0.008022,0.034482,-0.007731,-0.207217,-1.408629,-0.003984,-0.382421,0.001888,-0.003645,-0.251863,-1.374266,-0.196705,0.495883,-0.003588,-0.008148
14.066667,0.000184,0.033556,-0.016245,-0.211704,-1.399565,-0.018334,-0.384427,0.001633,0.003180,-0.259429,-1.381229,-0.182354,0.506381,-0.024376,-0.001919
14.100000,0.003687,0.033620,-0.020135,-0.202487,-1.399565,-0.019117,-0.386629,-0.001946,-0.006368,-0.243590,-1.374300,-0.175634,0.497276,-0.035316,-0.005802
14.133333,0.007840,0.022797,-0.014726,-0.199074,-1.387789,-0.003071,-0.384535,-0.003095,-0.009500,-0.233574,-1.372117,-0.180374,0.477989,-0.027821,-0.017462
14.166667,0.023574,0.020801,-0.014387,-0.206456,-1.374279,-0.007505,-0.393643,-0.009290,-0.017782,-0.240526,-1.377474,-0.174773,0.467440,-0.029802,-0.019741
14.200000,0.017606,0.020233,-0.012114,-0.210727,-1.375649,0.002903,-0.396213,-0.002553,-0.012661,-0.235995,-1.380241,-0.173499,0.457521,-0.022166,-0.010095
14.233333,0.011460,0.027709,0.000995,-0.201917,-1.378630,0.024976,-0.385214,0.000222,-0.021065,-0.229587,-1.380241,-0.177880,0.444114,-0.002758,-0.013509
14.266667,0.028594,0.041990,0.011819,-0.215861,-1.364631,0.043490,-0.356486,0.005362,0.002161,-0.225038,-1.387779,-0.178026,0.455205,-0.003348,-0.008433
14.300000,0.027185,0.046992,0.022375,-0.223877,-1.376406,0.037168,-0.348542,0.006496,0.008946,-0.217355,-1.398515,-0.173047,0.448117,-0.005038,-0.003848
14.333333,0.015177,0.050021,0.012269,-0.216000,-1.377519,0.040874,-0.333048,0.019264,0.012038,-0.208277,-1.402152,-0.169296,0.457674,-0.000263,-0.001031
14.366667,0.010126,0.061644,0.013589,-0.226461,-1.377519,0.063355,-0.314767,0.006134,0.020922,-0.207491,-1.402152,-0.174349,0.480778,0.001120,0.003715
14.400000,0.014848,0.053140,0.013091,-0.235022,-1.383603,0.050147,-0.323871,0.000073,0.017212,-0.207073,-1.397913,-0.175981,0.480485,0.005055,0.002844
14.433333,-0.000423,0.045073,-0.002669,-0.226812,-1.397601,0.053559,-0.360118,-0.004806,0.005034,-0.230784,-1.379282,-0.173234,0.464602,0.016090,-0.000400
14.466667,-0.002491,0.048132,-0.015855,-0.232307,-1.397601,0.060308,-0.382571,0.000372,-0.001833,-0.224439,-1.372991,-0.180178,0.459523,0.011550,0.013240
14.500000,-0.002832,0.047247,-0.002236,-0.241340,-1.410000,0.059660,-0.383031,-0.003733,0.004450,-0.229389,-1.368507,-0.180933,0.444416,0.009700,0.011823
14.533333,-0.001976,0.040639,-0.006681,-0.214477,-1.410000,0.039041,-0.400470,0.007382,0.001221,-0.227747,-1.368507,-0.174490,0.399927,0.006631,0.007535
14.566667,-0.007469,0.037381,-0.009122,-0.212135,-1.410000,0.036791,-0.403776,0.014978,0.014390,-0.232354,-1.371053,-0.173087,0.395438,-0.006499,0.014466
14.600000,-0.010003,0.029371,-0.003856,-0.209004,-1.410000,0.020475,-0.395260,0.014115,0.003688,-0.223858,-1.385262,-0.169565,0.386876,-0.011014,0.006978
14.633333,-0.008190,0.024066,0.005705,-0.208840,-1.391340,0.016890,-0.379641,0.007594,0.007648,-0.246797,-1.376115,-0.172144,0.385347,-0.002121,-0.011841
14.666667,-0.005546,0.027311,-0.001032,-0.207995,-1.374417,0.038197,-0.377622,0.009141,0.012464,-0.264782,-1.377311,-0.180357,0.389849,-0.006296,-0.018306
14.700000,-0.004360,0.022451,0.001060,-0.221325,-1.374417,0.042184,-0.377447,0.007355,0.005744,-0.265616,-1.371701,-0.172312,0.397397,-0.003836,-0.019114
14.733333,0.005170,0.021342,-0.007552,-0.212166,-1.374417,0.052408,-0.356786,0.002709,-0.001437,-0.279691,-1.373395,-0.173581,0.404944,0.004552,-0.030818
14.766667,0.008616,0.023910,-0.017916,-0.206881,-1.374417,0.042791,-0.356800,0.002252,-0.003049,-0.278522,-1.377817,-0.171759,0.405136,0.004498,-0.025494
14.800000,0.005851,0.026140,-0.020807,-0.201932,-1.393077,0.042101,-0.363751,0.005146,-0.005127,-0.266326,-1.395502,-0.154967,0.409289,0.002776,-0.021743
14.833333,0.001366,0.019659,-0.013137,-0.204738,-1.393245,0.014302,-0.376448,0.004081,-0.012736,-0.253449,-1.387300,-0.141398,0.404281,0.000679,-0.008799
14.866667,0.001924,0.028145,-0.009640,-0.228214,-1.388207,-0.005506,-0.376231,0.003040,-0.000412,-0.254019,-1.392910,-0.132343,0.425610,-0.003681,-0.004950
14.900000,-0.003745,0.032146,-0.000542,-0.239950,-1.388207,-0.014308,-0.398921,0.001182,-0.003141,-0.235919,-1.386909,-0.129092,0.410610,-0.002201,-0.001916
14.933333,-0.006296,0.029747,0.009909,-0.244227,-1.388207,-0.003111,-0.405615,0.004293,0.000901,-0.237818,-1.380908,-0.136346,0.413811,-0.002650,-0.005888
14.966667,0.001741,0.026118,0.012787,-0.261495,-1.368207,0.017693,-0.426270,0.014636,0.000002,-0.257541,-1.360509,-0.161086,0.434271,0.003619,-0.006941
15.000000,0.011294,0.030290,0.012690,-0.295788,-1.344962,0.065606,-0.462450,0.016177,0.011139,-0.294687,-1.325997,-0.208025,0.477941,0.002365,-0.009518
15.033333,0.012329,0.025691,0.007773,-0.331662,-1.300030,0.145528,-0.527103,0.019037,0.001378,-0.338383,-1.259996,-0.281920,0.521612,0.005349,-0.016908
15.066667,0.006043,0.031148,-0.000147,-0.407535,-1.251219,0.225528,-0.607103,0.016046,0.004448,-0.386570,-1.186887,-0.361920,0.601612,0.010606,-0.020742
15.100000,0.006278,0.034261,-0.007759,-0.507535,-1.190628,0.325528,-0.707103,0.008196,0.003652,-0.428769,-1.123730,-0.461920,0.701612,0.009743,-0.017367
15.133333,-0.001492,0.039847,-0.011644,-0.607535,-1.163008,0.425528,-0.807103,-0.002359,0.004938,-0.452139,-1.080935,-0.561920,0.801612,0.000552,-0.014873
15.166667,-0.022294,0.043642,-0.032279,-0.699881,-1.150576,0.525528,-0.907103,-0.001017,-0.011983,-0.455522,-1.039873,-0.661920,0.901612,0.006524,-0.023622
15.200000,-0.022454,0.047280,-0.038649,-0.792226,-1.135462,0.625528,-1.007103,0.001589,-0.015360,-0.447356,-1.038811,-0.761920,1.001612,0.016093,-0.010199
15.233333,-0.018079,0.044449,-0.032791,-0.859799,-1.137161,0.725528,-1.107103,0.001840,-0.018913,-0.440117,-1.050911,-0.861920,1.101612,0.009557,-0.006141
15.266667,-0.025290,0.047808,-0.039367,-0.887371,-1.158232,0.825528,-1.198868,0.012438,-0.031980,-0.425213,-1.035521,-0.961920,1.201612,-0.000125,-0.003911
15.300000,-0.027683,0.058428,-0.041728,-0.914943,-1.157901,0.925528,-1.274143,0.016994,-0.025135,-0.424507,-1.039769,-1.061920,1.301612,0.003659,0.007226
15.333333,-0.014835,0.056056,-0.024145,-0.933455,-1.159120,1.025528,-1.327245,0.012333,-0.018008,-0.417558,-1.063051,-1.144332,1.375817,0.003360,0.009113
15.366667,-0.008756,0.052813,-0.018174,-0.926143,-1.152989,1.125528,-1.340347,0.019211,-0.004132,-0.423910,-1.060274,-1.207752,1.419475,-0.015635,-0.001518
15.400000,-0.006698,0.065784,-0.019312,-0.925585,-1.148889,1.225528,-1.349268,0.013354,-0.002936,-0.407559,-1.037445,-1.269000,1.445021,-0.021878,0.009800
15.433333,0.000878,0.061222,-0.007015,-0.947425,-1.135954,1.325528,-1.349976,0.009433,0.011035,-0.419087,-1.052153,-1.290249,1.461775,-0.011954,0.002377
15.466667,0.008682,0.054398,-0.003390,-0.947013,-1.124386,1.425528,-1.354162,0.005933,0.005605,-0.433300,-1.054334,-1.297246,1.457097,-0.007619,-0.008644
15.500000,0.015295,0.054098,-0.006114,-0.959348,-1.134308,1.525528,-1.362826,0.004449,0.011088,-0.439748,-1.036453,-1.313931,1.451510,-0.004754,0.008399
15.533333,0.011378,0.054719,-0.003980,-0.967251,-1.156665,1.606578,-1.383120,-0.005213,-0.000215,-0.436401,-1.044632,-1.314375,1.466267,0.004857,0.010497
15.566667,0.020110,0.046956,0.001947,-0.982793,-1.162241,1.666012,-1.390717,0.012760,0.006588,-0.453046,-1.085993,-1.297742,1.494399,0.009570,0.003163
15.600000,0.022074,0.049241,0.008975,-0.992880,-1.171574,1.709265,-1.386947,0.020860,0.015739,-0.466943,-1.108447,-1.313423,1.511322,0.004055,0.005931
15.633333,0.017269,0.042338,0.007374,-0.998553,-1.174748,1.726349,-1.388681,0.020506,0.014808,-0.448014,-1.103428,-1.317507,1.509678,-0.003901,0.008387
15.666667,0.016871,0.040571,0.011413,-0.979015,-1.159468,1.743433,-1.368109,0.022299,0.016093,-0.463081,-1.122462,-1.311378,1.533007,-0.008901,-0.013240
15.700000,0.026016,0.036285,0.007902,-0.975953,-1.146635,1.750914,-1.371351,0.018075,0.003481,-0.484593,-1.128116,-1.329689,1.545292,-0.008738,-0.017493
15.733333,0.017300,0.029819,0.004141,-0.964402,-1.141732,1.752445,-1.371991,0.007340,-0.002308,-0.487542,-1.108644,-1.342684,1.532108,-0.003692,-0.019230
15.766667,0.011318,0.030941,-0.008892,-0.938626,-1.122247,1.756392,-1.361229,0.003728,-0.002434,-0.475736,-1.073877,-1.338224,1.516459,-0.008426,-0.019701
15.800000,0.008134,0.040296,-0.005767,-0.939516,-1.113013,1.764184,-1.350570,0.004188,0.009624,-0.473939,-1.076433,-1.337592,1.517099,-0.005257,-0.011804
15.833333,-0.000346,0.037889,-0.010670,-0.944355,-1.115248,1.748792,-1.364586,0.005027,0.001418,-0.467048,-1.076759,-1.340450,1.510106,-0.001115,-0.007178
15.866667,-0.016106,0.033001,-0.021436,-0.928382,-1.121974,1.735974,-1.355272,0.019832,0.008192,-0.444431,-1.050464,-1.329242,1.510338,0.005993,0.001379
15.900000,-0.016474,0.044569,-0.023860,-0.925258,-1.122657,1.735912,-1.353047,0.022324,0.004175,-0.445549,-1.056113,-1.335466,1.523522,0.007755,0.001958
15.933333,-0.019705,0.042606,-0.020216,-0.940113,-1.132111,1.720860,-1.371343,0.019802,-0.012457,-0.451110,-1.059497,-1.331443,1.522484,0.019123,-0.002181
15.966667,-0.021060,0.042123,-0.038116,-0.939552,-1.124537,1.727445,-1.380856,0.035416,-0.021346,-0.481436,-1.065558,-1.326502,1.541843,0.026488,-0.011667
16.000000,-0.013426,0.051083,-0.039841,-0.941155,-1.114585,1.733498,-1.377557,0.034676,-0.014143,-0.476854,-1.058634,-1.336187,1.545698,0.030779,-0.001959
16.033333,-0.008333,0.062207,-0.030836,-0.950778,-1.119895,1.725530,-1.377693,0.026476,-0.007303,-0.488416,-1.080013,-1.337425,1.534756,0.022809,-0.010356
16.066667,-0.012793,0.065784,-0.036133,-0.937670,-1.124382,1.707731,-1.379323,0.019319,-0.001108,-0.495549,-1.075069,-1.328534,1.532625,0.018129,-0.015678
16.100000,-0.009739,0.069116,-0.032247,-0.935729,-1.142190,1.718687,-1.377532,0.013308,0.008573,-0.502871,-1.085292,-1.349996,1.546174,0.018955,-0.002613
16.133333,-0.007558,0.063797,-0.014538,-0.931965,-1.159998,1.691282,-1.372678,-0.004519,0.006558,-0.487729,-1.071219,-1.357122,1.526202,0.007095,-0.001253
16.166667,-0.011190,0.073117,-0.010127,-0.928811,-1.163000,1.684468,-1.358842,-0.012896,0.005810,-0.491661,-1.055091,-1.352499,1.516556,-0.006735,0.000926
16.200000,-0.016008,0.070489,-0.004400,-0.933691,-1.153512,1.702208,-1.366609,-0.009115,0.004818,-0.486524,-1.043725,-1.374696,1.511525,-0.010507,0.013622
16.233333,0.000213,0.053234,0.001519,-0.946671,-1.140576,1.707954,-1.367571,-0.005719,-0.003865,-0.487619,-1.053962,-1.378043,1.498227,-0.007247,0.015857
16.266667,0.008180,0.052099,-0.003360,-0.941257,-1.111657,1.699264,-1.350649,0.008969,-0.000818,-0.487494,-1.067219,-1.361667,1.494011,-0.025995,0.005296
16.300000,0.015339,0.051373,-0.008182,-0.940883,-1.110970,1.715908,-1.352667,0.014431,-0.003777,-0.493888,-1.065811,-1.375125,1.503487,-0.025188,0.008038
16.333333,0.017869,0.034381,-0.002237,-0.953809,-1.115102,1.713344,-1.368290,0.025986,0.001099,-0.498239,-1.096914,-1.369507,1.518003,-0.013696,-0.000987
16.366667,0.032612,0.025884,-0.003714,-0.964125,-1.113956,1.687163,-1.364650,0.022102,0.003791,-0.525533,-1.106022,-1.345805,1.536721,-0.023907,-0.020142
16.400000,0.019978,0.028782,-0.005188,-0.968595,-1.121213,1.697615,-1.369379,0.028671,0.007972,-0.524577,-1.113427,-1.344810,1.548937,-0.025801,-0.018637
16.433333,0.016743,0.026765,0.001808,-0.961293,-1.122190,1.714586,-1.374107,0.016325,0.000366,-0.523148,-1.099112,-1.350439,1.539324,-0.011851,-0.021905
16.466667,0.025070,0.028741,0.006391,-0.938141,-1.102690,1.745269,-1.350260,0.021000,0.010021,-0.515617,-1.099821,-1.344872,1.525349,-0.015918,-0.013850
16.500000,0.032364,0.035795,0.008903,-0.919064,-1.103220,1.758287,-1.345557,0.020483,-0.002246,-0.504821,-1.091155,-1.348418,1.503929,-0.018161,-0.010557
16.533333,0.011978,0.043620,-0.002914,-0.900045,-1.120034,1.774481,-1.353143,0.018304,-0.010430,-0.467830,-1.072882,-1.352002,1.489390,-0.005060,0.003340
16.566667,0.003992,0.056327,-0.007858,-0.907526,-1.107608,1.784016,-1.363577,0.017774,0.003094,-0.460964,-1.061032,-1.351556,1.492603,-0.006805,0.016672
16.600000,0.006956,0.060647,-0.008610,-0.926497,-1.111434,1.773949,-1.374012,0.020973,0.012156,-0.455593,-1.079403,-1.357171,1.508706,-0.001722,0.026406
16.633333,-0.010346,0.054094,-0.017599,-0.939961,-1.127717,1.731188,-1.395912,0.019367,-0.000139,-0.458123,-1.084694,-1.344011,1.517650,0.007135,0.015276
16.666667,-0.007161,0.053652,-0.038071,-0.931353,-1.122748,1.728427,-1.389317,0.025110,0.005982,-0.459313,-1.096920,-1.349250,1.539070,0.010597,0.014700
16.700000,0.001849,0.053383,-0.023010,-0.939103,-1.112944,1.738793,-1.385793,0.025595,0.009389,-0.476818,-1.113930,-1.358834,1.546978,0.015802,0.015565
16.733333,0.012894,0.042490,-0.018752,-0.912241,-1.112697,1.724693,-1.364806,0.023719,-0.003885,-0.484961,-1.120579,-1.357632,1.527484,0.016426,-0.000898
16.766667,0.005969,0.045032,-0.025022,-0.899802,-1.128435,1.732492,-1.356244,0.020322,-0.000036,-0.492063,-1.112225,-1.340979,1.528349,0.014547,0.000410
16.800000,0.012696,0.045951,-0.018384,-0.904391,-1.139312,1.743332,-1.364776,0.019865,0.003059,-0.486450,-1.111306,-1.354471,1.535739,0.014268,0.001152
16.833333,0.007782,0.045623,-0.004517,-0.923874,-1.141561,1.727155,-1.372290,0.009895,0.003967,-0.495718,-1.094937,-1.358055,1.514503,0.016461,0.003320
16.866667,-0.002111,0.052112,-0.008556,-0.925903,-1.134937,1.716906,-1.353357,0.015006,0.011433,-0.489654,-1.079627,-1.362507,1.503079,0.010462,-0.006611
16.900000,-0.007452,0.053084,-0.007202,-0.936738,-1.150656,1.733713,-1.354394,0.016284,0.012286,-0.486648,-1.066739,-1.373427,1.511760,0.012208,-0.004308
16.933333,-0.006595,0.045818,0.000084,-0.944950,-1.138833,1.716141,-1.359119,0.020319,0.007868,-0.490461,-1.066994,-1.382882,1.503975,0.017751,-0.004607
16.966667,-0.009766,0.055977,-0.010359,-0.942198,-1.140493,1.706516,-1.351103,0.016893,0.010591,-0.511933,-1.061729,-1.381909,1.512112,0.008758,0.000187
17.000000,-0.022713,0.053267,-0.014409,-0.928838,-1.147947,1.714436,-1.353193,0.018721,0.004619,-0.507364,-1.062513,-1.373511,1.519166,0.003354,-0.003511
17.033333,-0.003255,0.045776,-0.015231,-0.922973,-1.148961,1.705309,-1.364073,0.008330,-0.004684,-0.524828,-1.080573,-1.365402,1.530580,-0.000486,-0.008229
17.066667,0.003983,0.044766,-0.023293,-0.927632,-1.126620,1.690609,-1.365945,0.009123,0.004761,-0.536352,-1.097484,-1.354952,1.541393,-0.024321,-0.002101
17.100000,0.006566,0.045074,-0.028351,-0.917287,-1.131717,1.690954,-1.363548,0.009709,-0.004652,-0.522199,-1.090522,-1.355976,1.534132,-0.032980,-0.001948
17.133333,0.009320,0.031905,-0.022825,-0.911414,-1.109520,1.697696,-1.353536,0.003354,-0.007715,-0.510543,-1.089467,-1.352156,1.514168,-0.026496,-0.014837
17.166667,0.025335,0.029798,-0.022869,-0.920461,-1.087532,1.691629,-1.363469,-0.005917,-0.014182,-0.519655,-1.096695,-1.352961,1.505374,-0.032612,-0.017939
17.200000,0.018008,0.029463,-0.021258,-0.923206,-1.087503,1.699879,-1.366458,0.001539,-0.012657,-0.513224,-1.101832,-1.354786,1.500511,-0.025953,-0.008329
17.233333,0.012241,0.036068,-0.009608,-0.908683,-1.092316,1.717771,-1.349751,0.004083,-0.020612,-0.504062,-1.099161,-1.352856,1.488472,-0.001858,-0.011600
17.266667,0.029733,0.050785,0.000574,-0.922855,-1.069438,1.737929,-1.321200,0.011660,0.004683,-0.498258,-1.128144,-1.355210,1.503518,-0.007511,-0.007570
17.300000,0.029890,0.057985,0.010122,-0.933220,-1.082533,1.737008,-1.313336,0.015088,0.009667,-0.493398,-1.146321,-1.360729,1.507736,-0.006858,-0.000194
17.333333,0.019552,0.061080,-0.000774,-0.924691,-1.083336,1.741691,-1.301704,0.031664,0.012432,-0.479940,-1.152921,-1.358262,1.529282,0.000060,0.003513
17.366667,0.014066,0.072688,-0.000351,-0.934875,-1.082973,1.762006,-1.287688,0.020966,0.022422,-0.480288,-1.151375,-1.362961,1.540786,0.001867,0.009825
17.400000,0.017256,0.065361,-0.000554,-0.947982,-1.098570,1.749733,-1.305495,0.015174,0.017563,-0.482270,-1.141364,-1.375210,1.542475,0.002378,0.008756
17.433333,0.000568,0.056876,-0.014644,-0.937656,-1.118290,1.742627,-1.343394,0.006270,0.002405,-0.506659,-1.104571,-1.367975,1.530039,0.014639,0.005899
17.466667,-0.004375,0.060038,-0.027084,-0.943285,-1.120277,1.754724,-1.373163,0.011485,-0.003886,-0.498266,-1.087092,-1.379232,1.534102,0.006634,0.017758
17.500000,-0.005895,0.058406,-0.013086,-0.951685,-1.141320,1.756810,-1.379431,0.008926,0.003771,-0.505436,-1.076888,-1.383311,1.525041,0.005685,0.015650
17.533333,-0.003630,0.051714,-0.016284,-0.922846,-1.157853,1.738032,-1.400465,0.019630,-0.000576,-0.500230,-1.079999,-1.384088,1.504089,0.002802,0.011328
17.566667,-0.007665,0.047338,-0.018302,-0.922852,-1.176347,1.735757,-1.405648,0.027922,0.011734,-0.502913,-1.082070,-1.384434,1.513488,-0.008300,0.016929
17.600000,-0.011063,0.038790,-0.014126,-0.921910,-1.182343,1.728024,-1.403413,0.028959,0.001651,-0.495836,-1.095503,-1.389975,1.513680,-0.011744,0.009106
17.633333,-0.004310,0.033381,-0.004374,-0.919573,-1.168559,1.713063,-1.387214,0.022449,0.006192,-0.518540,-1.091544,-1.388011,1.508987,-0.004330,-0.007985
17.666667,-0.001962,0.036856,-0.010660,-0.916188,-1.148131,1.724792,-1.380587,0.022103,0.010871,-0.535552,-1.095446,-1.396287,1.507757,-0.007744,-0.013534
17.700000,-0.001895,0.033109,-0.008660,-0.931316,-1.138418,1.726385,-1.377904,0.020007,0.006685,-0.536718,-1.088881,-1.388823,1.514204,-0.005833,-0.015491
17.733333,0.008306,0.031623,-0.017387,-0.916911,-1.112388,1.736478,-1.352981,0.012405,0.000805,-0.550448,-1.108717,-1.389177,1.515156,0.000379,-0.026199
17.766667,0.010832,0.036088,-0.027024,-0.917043,-1.121022,1.730752,-1.353568,0.010424,0.002851,-0.546912,-1.113843,-1.390537,1.517560,0.001098,-0.021212
17.800000,0.004386,0.038683,-0.029340,-0.912361,-1.137459,1.734446,-1.357029,0.011333,0.001945,-0.534207,-1.131857,-1.379128,1.521415,0.002187,-0.020281
17.833333,0.000532,0.033234,-0.022617,-0.916903,-1.138746,1.710300,-1.367713,0.010933,-0.005616,-0.522060,-1.123386,-1.364273,1.517215,-0.001502,-0.008352
17.866667,0.003279,0.040727,-0.020307,-0.941866,-1.127795,1.689604,-1.363456,0.011193,0.006244,-0.523599,-1.137719,-1.356863,1.531720,-0.006512,-0.003917
17.900000,-0.004956,0.045850,-0.011241,-0.957143,-1.131050,1.675161,-1.380733,0.009255,0.000871,-0.506219,-1.118652,-1.350765,1.518729,-0.003704,0.000298
17.933333,-0.006277,0.042735,-0.000765,-0.958718,-1.115811,1.679516,-1.379824,0.009089,0.000263,-0.508839,-1.113575,-1.351182,1.515579,-0.004204,-0.002976
17.966667,0.005226,0.035187,0.003267,-0.937379,-1.092768,1.658862,-1.398138,0.021025,-0.005458,-0.489394,-1.128802,-1.332754,1.495109,0.004150,-0.001592
18.000000,0.018432,0.034800,0.004942,-0.891930,-1.069726,1.626048,-1.430085,0.020421,0.002131,-0.470906,-1.130516,-1.298715,1.465426,0.002446,-0.003087
18.033333,0.020438,0.025661,0.001503,-0.824954,-1.018922,1.584715,-1.472003,0.015810,-0.012427,-0.446204,-1.115998,-1.247117,1.425564,0.010835,-0.007778
18.066667,0.017297,0.026460,-0.004405,-0.764473,-0.945034,1.504715,-1.511335,0.011873,-0.008930,-0.440421,-1.094881,-1.189475,1.418693,0.016259,-0.012390
18.100000,0.021490,0.024780,-0.009996,-0.688855,-0.851147,1.404715,-1.550668,0.002101,-0.011704,-0.454639,-1.075332,-1.149601,1.406627,0.018980,-0.010117
18.133333,0.014449,0.029626,-0.014097,-0.619968,-0.774332,1.304715,-1.570000,-0.011582,-0.009680,-0.505628,-1.040807,-1.124587,1.417459,0.008473,-0.008936
18.166667,-0.006717,0.030404,-0.034313,-0.551081,-0.704518,1.204715,-1.568524,-0.013055,-0.026309,-0.571793,-1.011684,-1.139572,1.451448,0.018588,-0.017678
18.200000,-0.007377,0.032770,-0.039536,-0.504306,-0.634704,1.104715,-1.568524,-0.009350,-0.029010,-0.668566,-0.998792,-1.194558,1.484761,0.024148,-0.005720
18.233333,-0.002322,0.028414,-0.034667,-0.469036,-0.596087,1.004715,-1.568524,-0.008990,-0.034750,-0.765338,-1.015529,-1.261720,1.497843,0.018925,-0.002090
18.266667,-0.008409,0.029198,-0.041022,-0.448418,-0.586402,0.904715,-1.568524,0.000047,-0.045577,-0.862111,-1.020283,-1.300299,1.512820,0.006733,0.000364
18.300000,-0.012067,0.038533,-0.042286,-0.461070,-0.576409,0.804715,-1.568524,0.000840,-0.037670,-0.957720,-1.044898,-1.364020,1.534978,0.012349,0.012623
18.333333,-0.001258,0.036128,-0.025037,-0.513721,-0.581983,0.704715,-1.570000,-0.004781,-0.029555,-1.031832,-1.088048,-1.414249,1.541241,0.011345,0.014466
18.366667,0.006161,0.032986,-0.020427,-0.559003,-0.587558,0.604715,-1.555447,0.003122,-0.014742,-1.087915,-1.105981,-1.448555,1.531448,-0.007815,0.002764
18.400000,0.006357,0.047247,-0.020871,-0.619910,-0.595825,0.519370,-1.555447,-0.001389,-0.010822,-1.113282,-1.095219,-1.488326,1.528681,-0.014816,0.016491
18.433333,0.012981,0.043445,-0.009956,-0.694450,-0.608108,0.459967,-1.555447,-0.003966,0.002964,-1.130511,-1.114875,-1.523162,1.537264,-0.004589,0.010183
18.466667,0.020406,0.035897,-0.006930,-0.749322,-0.615926,0.432133,-1.555447,-0.004438,-0.002410,-1.148639,-1.122230,-1.540998,1.533992,0.001257,-0.000381
18.500000,0.025420,0.037102,-0.008309,-0.801077,-0.637768,0.429625,-1.555447,-0.004542,0.001778,-1.154461,-1.105650,-1.569423,1.534003,0.004427,0.015854
18.533333,0.019420,0.038161,-0.004149,-0.829044,-0.672197,0.442787,-1.570000,-0.017272,-0.006780,-1.154740,-1.112855,-1.579997,1.550344,0.014716,0.015007
18.566667,0.028498,0.029112,0.003073,-0.845607,-0.685974,0.448351,-1.570000,-0.005004,-0.001056,-1.168994,-1.151490,-1.571766,1.559891,0.020260,0.004120
18.600000,0.030852,0.032390,0.010671,-0.842435,-0.683751,0.431183,-1.570000,0.002800,0.007951,-1.180265,-1.167197,-1.593846,1.561387,0.016268,0.005806
18.633333,0.027358,0.025757,0.008456,-0.819904,-0.676279,0.383477,-1.570000,-0.001360,0.006734,-1.155027,-1.155205,-1.610692,1.557442,0.007652,0.005279
18.666667,0.028585,0.024230,0.011083,-0.760490,-0.647386,0.343034,-1.559559,0.000918,0.007984,-1.154715,-1.167661,-1.611982,1.562783,0.002849,-0.013238
18.700000,0.036674,0.019658,0.006460,-0.705353,-0.616032,0.286921,-1.559559,-0.000158,-0.007546,-1.160920,-1.171410,-1.639518,1.562783,0.005231,-0.013425
18.733333,0.028883,0.013417,0.000415,-0.651213,-0.599417,0.223751,-1.559559,-0.008779,-0.015223,-1.144587,-1.148936,-1.660608,1.562192,0.010324,-0.012637
18.766667,0.021747,0.014244,-0.013480,-0.588524,-0.574177,0.180344,-1.551191,-0.011497,-0.015231,-1.112125,-1.118554,-1.659500,1.559118,0.003791,-0.010458
18.800000,0.018464,0.024697,-0.009870,-0.562475,-0.556601,0.142121,-1.551191,-0.004811,-0.002725,-1.100343,-1.124543,-1.660776,1.558938,0.006514,0.000787
18.833333,0.013259,0.021500,-0.014704,-0.543598,-0.556285,0.087330,-1.561633,-0.005082,-0.009443,-1.088294,-1.129373,-1.666180,1.558938,0.008594,0.004382
18.866667,-0.000248,0.020048,-0.025363,-0.519571,-0.566941,0.054461,-1.561633,0.007177,-0.001398,-1.057425,-1.104341,-1.649710,1.558938,0.014078,0.012909
18.900000,0.001300,0.031644,-0.027656,-0.505645,-0.567457,0.040558,-1.561633,0.009224,-0.005927,-1.052665,-1.113166,-1.646957,1.559530,0.017331,0.013411
18.933333,-0.000847,0.029968,-0.023617,-0.513884,-0.577197,0.016005,-1.570000,0.003503,-0.021853,-1.062448,-1.119639,-1.639343,1.556179,0.029562,0.007379
18.966667,-0.002467,0.028545,-0.041996,-0.517913,-0.572220,0.025239,-1.570000,0.015796,-0.029817,-1.087299,-1.129742,-1.626657,1.563576,0.037564,-0.004073
19.000000,0.002504,0.036886,-0.043211,-0.535807,-0.568996,0.051007,-1.570000,0.012570,-0.024563,-1.081293,-1.126145,-1.628300,1.563576,0.043457,0.004364
19.033333,0.007032,0.043207,-0.034840,-0.560721,-0.580200,0.054854,-1.570000,0.002742,-0.018010,-1.094710,-1.152073,-1.623321,1.559229,0.034983,-0.005750
19.066667,0.000484,0.045968,-0.039818,-0.573465,-0.589015,0.066557,-1.570000,-0.005667,-0.012306,-1.106402,-1.154958,-1.613211,1.559229,0.028328,-0.010989
19.100000,0.002361,0.048978,-0.035854,-0.598636,-0.616219,0.105935,-1.570000,-0.009419,-0.004962,-1.108042,-1.167319,-1.628237,1.565653,0.028242,0.001984
19.133333,0.006615,0.043438,-0.018589,-0.616405,-0.643423,0.125067,-1.570000,-0.026509,-0.007064,-1.093457,-1.159737,-1.632202,1.557509,0.016201,0.003956
19.166667,0.002406,0.052605,-0.014985,-0.632417,-0.653884,0.151642,-1.559038,-0.030151,-0.007058,-1.094381,-1.149243,-1.619512,1.551169,0.003368,0.005915
19.200000,-0.001760,0.050142,-0.008851,-0.654339,-0.645997,0.197885,-1.559038,-0.022439,-0.009315,-1.089939,-1.142568,-1.642849,1.547842,0.000079,0.018645
19.233333,0.012873,0.032984,-0.003687,-0.677449,-0.643787,0.234439,-1.559038,-0.016361,-0.016857,-1.088041,-1.153665,-1.650564,1.542716,0.004876,0.020637
19.266667,0.020174,0.031129,-0.008336,-0.678697,-0.619753,0.246340,-1.543713,-0.002980,-0.014455,-1.089997,-1.172830,-1.643402,1.542716,-0.012268,0.010089
19.300000,0.026488,0.030503,-0.012144,-0.678014,-0.632622,0.273245,-1.543713,-0.000706,-0.020590,-1.093675,-1.171938,-1.666623,1.549861,-0.012741,0.014423
19.333333,0.028471,0.014280,-0.005704,-0.691668,-0.647631,0.280445,-1.552824,0.008771,-0.015640,-1.097171,-1.204366,-1.677882,1.556201,-0.003355,0.005813
19.366667,0.044010,0.010421,-0.006503,-0.702283,-0.667933,0.277892,-1.546503,0.005033,-0.011473,-1.115214,-1.214883,-1.666152,1.563875,-0.011962,-0.012815
19.400000,0.033630,0.014725,-0.007012,-0.707190,-0.690488,0.295805,-1.546503,0.012187,-0.004984,-1.113427,-1.225291,-1.679438,1.569001,-0.015130,-0.012084
19.433333,0.032161,0.013213,-0.000191,-0.704024,-0.708860,0.338372,-1.541828,0.001853,-0.010518,-1.101745,-1.211343,-1.692833,1.561503,0.001969,-0.013316
19.466667,0.040907,0.016343,0.002105,-0.689182,-0.698868,0.386179,-1.513857,0.010690,0.000526,-1.085113,-1.212100,-1.693697,1.545897,-0.004738,-0.005969
19.500000,0.047364,0.023872,0.005893,-0.675446,-0.709294,0.434992,-1.498180,0.006373,-0.013147,-1.067279,-1.203222,-1.708345,1.533144,-0.006674,-0.002827
19.533333,0.025050,0.028993,-0.005620,-0.662368,-0.729875,0.503976,-1.493077,0.000664,-0.021176,-1.025899,-1.187293,-1.725672,1.527034,0.003831,0.010787
19.566667,0.016602,0.041853,-0.009380,-0.672666,-0.720966,0.575362,-1.491954,0.000797,-0.008773,-1.005625,-1.176745,-1.733765,1.527034,-0.000117,0.024166
19.600000,0.017270,0.046664,-0.008934,-0.678304,-0.726498,0.646748,-1.490832,0.005224,0.001028,-0.990542,-1.193873,-1.749845,1.534533,-0.001371,0.032022
19.633333,-0.000491,0.040671,-0.015905,-0.676759,-0.744657,0.700074,-1.490412,0.003646,-0.010645,-0.980010,-1.199134,-1.746261,1.539091,0.006366,0.020570
19.666667,0.004780,0.039820,-0.036259,-0.654166,-0.742325,0.772100,-1.466554,0.014926,-0.002535,-0.968420,-1.209169,-1.753550,1.551844,0.009933,0.022358
19.700000,0.015629,0.040026,-0.020943,-0.649648,-0.731059,0.832672,-1.450278,0.020958,-0.001275,-0.975522,-1.224671,-1.763649,1.554430,0.016485,0.022526
19.733333,0.027505,0.028425,-0.016267,-0.610695,-0.730583,0.867201,-1.423304,0.019395,-0.015427,-0.976114,-1.226939,-1.762587,1.538080,0.016486,0.005685
19.766667,0.021433,0.030599,-0.022901,-0.605459,-0.745738,0.898805,-1.407948,0.016188,-0.011719,-0.977435,-1.213396,-1.743468,1.538080,0.015144,0.007181
19.800000,0.025176,0.030892,-0.015961,-0.620697,-0.754926,0.920284,-1.419861,0.014088,-0.011583,-0.973562,-1.208148,-1.762141,1.542213,0.015315,0.007875
19.833333,0.019125,0.030292,-0.001926,-0.658927,-0.758679,0.916792,-1.439265,0.004863,-0.011497,-0.979488,-1.184254,-1.765242,1.518609,0.014936,0.009784
19.866667,0.009641,0.036212,-0.006282,-0.696374,-0.763611,0.916415,-1.437519,0.007240,-0.001361,-0.957541,-1.150513,-1.753306,1.495252,0.006450,0.000247
19.900000,0.003542,0.038072,-0.005337,-0.748938,-0.797584,0.935361,-1.456169,0.007315,-0.000101,-0.913178,-1.113295,-1.729033,1.484473,0.009043,0.001772
19.933333,0.002969,0.033224,0.002726,-0.790745,-0.809443,0.917232,-1.482724,0.013645,-0.005133,-0.851693,-1.087064,-1.696962,1.438204,0.014199,0.001672
19.966667,0.004199,0.043780,-0.006282,-0.806865,-0.836700,0.887289,-1.494167,0.009545,-0.001815,-0.774559,-1.049700,-1.624892,1.379850,0.007483,0.008606
20.000000,-0.005904,0.044534,-0.010154,-0.786322,-0.869391,0.849710,-1.506017,0.010741,-0.005534,-0.674559,-1.019385,-1.532355,1.317185,0.003929,0.002313
20.033333,0.014109,0.040195,-0.010168,-0.736901,-0.884210,0.790383,-1.520723,0.003106,-0.018468,-0.574559,-1.015626,-1.432355,1.237796,0.002336,-0.000193
20.066667,0.023408,0.041719,-0.018104,-0.689093,-0.867194,0.729995,-1.522281,0.007321,-0.008786,-0.474559,-1.022755,-1.332355,1.138656,-0.018250,0.006655
20.100000,0.029418,0.042894,-0.021810,-0.627281,-0.872292,0.690511,-1.516597,0.007289,-0.018446,-0.374559,-1.017363,-1.232355,1.038656,-0.025448,0.004223
20.133333,0.031380,0.032044,-0.016344,-0.575369,-0.852371,0.679975,-1.500117,0.004795,-0.020174,-0.302744,-1.023524,-1.132355,0.938656,-0.017880,-0.010623
20.166667,0.045805,0.028233,-0.015829,-0.549202,-0.824961,0.668516,-1.508190,0.000516,-0.029945,-0.254045,-1.043662,-1.032355,0.838656,-0.020475,-0.013535
20.200000,0.040584,0.027169,-0.013762,-0.531849,-0.822770,0.674914,-1.509739,0.006265,-0.026222,-0.221500,-1.060803,-0.932355,0.738896,-0.014958,-0.006100
20.233333,0.035820,0.032369,-0.000776,-0.499175,-0.825610,0.689093,-1.492450,0.008910,-0.033872,-0.209813,-1.065481,-0.832355,0.665432,0.006330,-0.007405
20.266667,0.054793,0.044991,0.010674,-0.475625,-0.790552,0.682367,-1.465748,0.014039,-0.008768,-0.198837,-1.098345,-0.732355,0.631772,0.001192,-0.003272
20.300000,0.055560,0.051609,0.020507,-0.445677,-0.781664,0.646695,-1.464954,0.018263,-0.002673,-0.192175,-1.119655,-0.632355,0.604071,0.000413,0.003107
20.333333,0.047738,0.054575,0.010357,-0.405352,-0.760756,0.604550,-1.458411,0.031044,0.002829,-0.175849,-1.127379,-0.532355,0.614781,0.004946,0.008202
20.366667,0.041518,0.065832,0.009994,-0.389275,-0.712521,0.544550,-1.452087,0.021179,0.016205,-0.183368,-1.135204,-0.432355,0.665251,0.008006,0.014456
20.400000,0.041589,0.058728,0.008078,-0.406226,-0.662256,0.444550,-1.477263,0.013759,0.012736,-0.210030,-1.138347,-0.340821,0.729424,0.012704,0.011706
20.433333,0.024347,0.051487,-0.008771,-0.445097,-0.626105,0.378086,-1.518960,0.006694,-0.003508,-0.275981,-1.113585,-0.289289,0.793794,0.028003,0.008696
20.466667,0.020183,0.054545,-0.022557,-0.520465,-0.572853,0.334385,-1.541269,0.007313,-0.009694,-0.349432,-1.111557,-0.277755,0.892205,0.025559,0.019386
20.500000,0.014815,0.052835,-0.011186,-0.620465,-0.539875,0.323754,-1.549871,-0.001482,-0.004330,-0.449432,-1.121497,-0.306222,0.992205,0.027075,0.015940
20.533333,0.017567,0.045997,-0.015392,-0.710492,-0.542009,0.351001,-1.569388,0.006638,-0.009555,-0.549432,-1.137941,-0.374690,1.092205,0.026893,0.008620
20.566667,0.013703,0.043277,-0.017385,-0.800520,-0.573147,0.418248,-1.569388,0.013537,0.002490,-0.649432,-1.154406,-0.474689,1.192205,0.016371,0.013130
20.600000,0.010161,0.035456,-0.014149,-0.879193,-0.618816,0.491960,-1.570000,0.011249,-0.002682,-0.749433,-1.184874,-0.574690,1.292205,0.012058,0.004025
20.633333,0.013480,0.029647,-0.003801,-0.940100,-0.649839,0.574983,-1.570000,0.005936,-0.000171,-0.849433,-1.192736,-0.674690,1.382801,0.019182,-0.014262
20.666667,0.014998,0.032422,-0.010049,-0.973438,-0.697375,0.664935,-1.567761,0.008062,0.006264,-0.949433,-1.203533,-0.774690,1.456917,0.011474,-0.019972
20.700000,0.010120,0.025330,-0.007824,-0.997280,-0.744910,0.753633,-1.567761,0.006361,0.000648,-1.015369,-1.199161,-0.874689,1.509279,0.010250,-0.020576
20.733333,0.018737,0.021339,-0.016031,-0.991044,-0.776621,0.835208,-1.552982,0.000024,-0.006588,-1.081305,-1.217733,-0.974689,1.544838,0.013536,-0.028365
20.766667,0.019888,0.022883,-0.023948,-0.980511,-0.817584,0.889867,-1.552982,-0.000750,-0.010159,-1.107242,-1.215241,-1.074690,1.560397,0.010393,-0.020521
20.800000,0.014760,0.022266,-0.027170,-0.967155,-0.872778,0.952452,-1.549429,0.003441,-0.009637,-1.099955,-1.224227,-1.174690,1.560315,0.006016,-0.015929
20.833333,0.012758,0.016291,-0.019116,-0.962814,-0.891184,1.000817,-1.550598,0.005361,-0.016541,-1.073036,-1.210322,-1.274690,1.551202,0.001456,-0.001353
20.866667,0.015068,0.024529,-0.015000,-0.971055,-0.898751,1.033327,-1.530298,0.005651,-0.006493,-1.053382,-1.221424,-1.374690,1.554398,-0.003899,0.005430
20.900000,0.008887,0.028284,-0.006058,-0.969375,-0.913875,1.072959,-1.520655,0.005336,-0.010950,-1.012078,-1.194385,-1.474690,1.549702,-0.002864,0.006817
20.933333,0.007165,0.025195,0.003821,-0.952962,-0.909000,1.135563,-1.496233,0.008228,-0.009079,-0.990774,-1.183796,-1.573581,1.545006,-0.003350,0.002280
20.966667,0.013523,0.021944,0.009155,-0.917136,-0.929893,1.158167,-1.455365,0.018769,-0.009850,-0.962693,-1.201602,-1.632472,1.525356,0.002392,-0.000486
21.000000,0.020554,0.023684,0.012324,-0.859865,-0.990787,1.154990,-1.392013,0.017439,0.002654,-0.914245,-1.243462,-1.651363,1.491216,0.002826,-0.007482
21.033333,0.018703,0.017180,0.010218,-0.769481,-1.062520,1.131045,-1.327891,0.017074,-0.006078,-0.852594,-1.274258,-1.630254,1.426520,0.005477,-0.017587
21.066667,0.009819,0.020558,0.005760,-0.679097,-1.142520,1.067101,-1.247891,0.011308,-0.000618,-0.772594,-1.311051,-1.569146,1.346520,0.009763,-0.022281
21.100000,0.008762,0.022468,0.000283,-0.579097,-1.229572,0.967101,-1.147891,0.002121,0.000202,-0.672594,-1.359987,-1.469146,1.246520,0.007169,-0.022041
21.133333,0.002917,0.026324,-0.002936,-0.479097,-1.303068,0.867101,-1.047891,-0.012013,0.003024,-0.572594,-1.388922,-1.369146,1.146520,-0.000779,-0.023009
21.166667,-0.020293,0.028955,-0.024695,-0.383352,-1.356564,0.767101,-0.947891,-0.010809,-0.016836,-0.472594,-1.380709,-1.269146,1.046520,0.006801,-0.029743
21.200000,-0.019931,0.033088,-0.032229,-0.327606,-1.378966,0.667101,-0.847891,-0.008153,-0.020935,-0.379959,-1.380709,-1.169146,0.946520,0.016042,-0.016204
21.233333,-0.016066,0.030366,-0.026842,-0.284146,-1.392462,0.567101,-0.747891,-0.006442,-0.022311,-0.314460,-1.392852,-1.069146,0.846520,0.009710,-0.014870
21.266667,-0.022586,0.032011,-0.031787,-0.242032,-1.398906,0.467101,-0.647891,0.002379,-0.031467,-0.260912,-1.380594,-0.969146,0.746520,-0.000450,-0.011537
21.300000,-0.027817,0.043056,-0.033785,-0.239918,-1.398906,0.367101,-0.557907,0.004311,-0.024577,-0.238694,-1.380594,-0.869146,0.651243,0.000829,0.002301
21.333333,-0.012581,0.040777,-0.015272,-0.255281,-1.398906,0.267973,-0.484081,-0.004392,-0.016638,-0.232672,-1.397742,-0.769145,0.555965,-0.000514,0.004315
21.366667,-0.005759,0.037141,-0.009257,-0.247909,-1.390000,0.181787,-0.410255,0.002076,0.002033,-0.242597,-1.394216,-0.669145,0.465306,-0.019310,-0.006447
21.400000,-0.003525,0.049510,-0.009574,-0.248298,-1.390000,0.123321,-0.370786,-0.001799,0.002454,-0.230832,-1.373322,-0.569145,0.394798,-0.025529,0.007246
21.433333,0.003850,0.044402,0.001069,-0.267561,-1.390000,0.079371,-0.352640,-0.002992,0.014180,-0.237805,-1.384686,-0.469145,0.355493,-0.013421,0.000043
21.466667,0.013213,0.037022,0.004904,-0.261862,-1.383391,0.057632,-0.351924,-0.003199,0.008005,-0.251404,-1.384686,-0.369145,0.329782,-0.009603,-0.008336
21.500000,0.019496,0.036789,0.002129,-0.267200,-1.383391,0.053070,-0.354721,0.000470,0.014505,-0.256041,-1.371342,-0.277971,0.317419,-0.008665,0.008254
21.533333,0.013113,0.037219,0.006153,-0.268132,-1.403391,0.056040,-0.370680,-0.008932,0.001197,-0.251410,-1.374868,-0.188893,0.328639,-0.000165,0.008697
21.566667,0.023182,0.029948,0.011945,-0.273217,-1.403391,0.040297,-0.370229,0.006327,0.008033,-0.265794,-1.395762,-0.117912,0.352716,0.005789,-0.000490
21.600000,0.023513,0.033661,0.019402,-0.276112,-1.403391,0.032608,-0.359188,0.011378,0.018128,-0.281323,-1.396656,-0.074559,0.359795,0.002043,0.001937
21.633333,0.017475,0.026471,0.017764,-0.280377,-1.406494,0.022577,-0.355991,0.009727,0.016275,-0.263725,-1.394279,-0.050830,0.349143,-0.001089,-0.000585
21.666667,0.012996,0.026613,0.021097,-0.262686,-1.402504,0.034498,-0.333123,0.011484,0.015344,-0.278772,-1.407624,-0.042663,0.365144,-0.006307,-0.023324
21.700000,0.020822,0.022536,0.017087,-0.256219,-1.394545,0.031497,-0.328680,0.006821,0.003508,-0.296688,-1.407624,-0.050161,0.362480,-0.005393,-0.026179
21.733333,0.010604,0.015090,0.012784,-0.250120,-1.394545,0.040028,-0.333060,-0.003688,-0.003037,-0.298061,-1.405480,-0.061135,0.343213,-0.003842,-0.027713
21.766667,0.004357,0.015758,-0.000631,-0.231522,-1.385226,0.056339,-0.331819,-0.002421,-0.001369,-0.282515,-1.389847,-0.059826,0.327490,-0.011144,-0.027218
21.800000,0.004458,0.025819,0.002013,-0.236514,-1.374494,0.068012,-0.325025,0.000463,0.012246,-0.278828,-1.392224,-0.055032,0.322679,-0.012156,-0.015758
21.833333,0.001341,0.021585,-0.001633,-0.242295,-1.378484,0.057523,-0.343555,0.001731,0.006820,-0.267125,-1.392224,-0.050407,0.308422,-0.006445,-0.009516
21.866667,-0.010735,0.019832,-0.013376,-0.230291,-1.383592,0.063560,-0.345719,0.016081,0.011596,-0.245905,-1.372224,-0.049253,0.315058,0.000553,0.001461
21.900000,-0.008287,0.032293,-0.016416,-0.226545,-1.383592,0.065972,-0.347126,0.017945,0.008506,-0.241791,-1.374367,-0.052170,0.324409,0.005658,0.003911
21.933333,-0.009895,0.030323,-0.013169,-0.240354,-1.392912,0.053683,-0.363456,0.009445,-0.008566,-0.246819,-1.381383,-0.047561,0.318432,0.014976,-0.001449
21.966667,-0.013246,0.029663,-0.031825,-0.237462,-1.387150,0.066103,-0.374897,0.022433,-0.017667,-0.271190,-1.381383,-0.042349,0.340956,0.024012,-0.011454
22.000000,-0.006995,0.038798,-0.034062,-0.240370,-1.377143,0.073322,-0.371029,0.019158,-0.013202,-0.263697,-1.380511,-0.052581,0.348345,0.028707,-0.006362
22.033333,-0.004929,0.046749,-0.023676,-0.249563,-1.379993,0.058463,-0.363301,0.009886,-0.006872,-0.271719,-1.400511,-0.043949,0.333238,0.019193,-0.018221
22.066667,-0.011030,0.050370,-0.028338,-0.238397,-1.379993,0.041159,-0.355227,0.001948,-0.002277,-0.279709,-1.400511,-0.032791,0.333369,0.013472,-0.024593
22.100000,-0.009765,0.053848,-0.022850,-0.236043,-1.379993,0.048206,-0.346179,-0.000832,0.003833,-0.283782,-1.407297,-0.051779,0.356194,0.016599,-0.012553
22.133333,-0.006470,0.048678,-0.004335,-0.234074,-1.385889,0.019831,-0.332337,-0.019171,0.003316,-0.267325,-1.402644,-0.056871,0.341591,0.003431,-0.011816
22.166667,-0.008248,0.059607,-0.000416,-0.232368,-1.383939,0.018819,-0.316939,-0.025260,0.005329,-0.270258,-1.384462,-0.053866,0.342386,-0.010055,-0.007326
22.200000,-0.010298,0.056707,0.004014,-0.236675,-1.376230,0.026878,-0.317682,-0.017032,0.005109,-0.264877,-1.381301,-0.071247,0.339881,-0.012638,0.006383
22.233333,0.005082,0.038763,0.009804,-0.250652,-1.368307,0.033053,-0.318848,-0.013788,-0.001337,-0.264890,-1.381301,-0.076645,0.331176,-0.010921,0.010153
22.266667,0.013170,0.037395,0.004845,-0.245363,-1.357370,0.017604,-0.300953,-0.000968,0.003076,-0.264146,-1.383131,-0.053861,0.324413,-0.029876,0.001041
22.300000,0.017703,0.035627,0.000294,-0.242291,-1.369742,0.027081,-0.300212,0.004806,-0.002566,-0.269391,-1.381842,-0.064258,0.332029,-0.028452,0.005023
22.333333,0.018286,0.017426,0.008009,-0.251545,-1.375972,0.013582,-0.311902,0.011641,0.001077,-0.273489,-1.400895,-0.053629,0.342181,-0.019017,-0.001881
22.366667,0.034086,0.012375,0.006775,-0.263216,-1.378638,-0.007620,-0.312351,0.008825,0.004244,-0.293982,-1.404057,-0.035502,0.387250,-0.026924,-0.021015
22.400000,0.022307,0.016583,0.004445,-0.262433,-1.386561,-0.007036,-0.317014,0.016060,0.008661,-0.290962,-1.404057,-0.028248,0.404158,-0.028740,-0.022398
22.433333,0.019189,0.014740,0.012072,-0.256763,-1.386039,0.015170,-0.323967,0.004623,0.004077,-0.287421,-1.397352,-0.041203,0.401824,-0.013641,-0.024193
22.466667,0.029283,0.018765,0.015270,-0.235069,-1.362658,0.047932,-0.307459,0.015494,0.012193,-0.280478,-1.393832,-0.038472,0.391035,-0.021333,-0.016769
22.500000,0.034396,0.025637,0.017087,-0.217154,-1.363244,0.063670,-0.302996,0.014126,-0.001162,-0.272483,-1.393832,-0.041480,0.365470,-0.021612,-0.013236
22.533333,0.010894,0.030661,0.005478,-0.199189,-1.368288,0.078037,-0.311653,0.006183,-0.009757,-0.242564,-1.383357,-0.045468,0.327449,-0.012028,0.000429
22.566667,0.002968,0.042099,0.001278,-0.211541,-1.355898,0.086794,-0.321693,0.005590,0.001015,-0.236062,-1.383357,-0.044383,0.329273,-0.012011,0.013568
22.600000,0.005514,0.046853,0.000417,-0.229240,-1.363426,0.078192,-0.329444,0.005354,0.008122,-0.233388,-1.390061,-0.046131,0.337191,-0.009176,0.021637
22.633333,-0.012179,0.040034,-0.008444,-0.244441,-1.380770,0.040618,-0.353045,0.000009,0.000178,-0.236560,-1.396655,-0.040767,0.347362,0.000516,0.011649
22.666667,-0.005950,0.038595,-0.028407,-0.237549,-1.379180,0.039918,-0.351188,0.009068,0.008699,-0.235525,-1.396655,-0.053205,0.378959,0.004061,0.008862
22.700000,0.004778,0.038764,-0.013803,-0.245538,-1.378356,0.054440,-0.347164,0.014779,0.012211,-0.249149,-1.407130,-0.062602,0.387939,0.011124,0.010466
22.733333,0.016163,0.028065,-0.008697,-0.220275,-1.381075,0.049993,-0.331409,0.011457,0.001439,-0.259634,-1.407130,-0.067625,0.365829,0.010309,-0.005245
22.766667,0.009832,0.031020,-0.016124,-0.209390,-1.385004,0.060211,-0.331173,0.010361,0.006095,-0.263962,-1.407130,-0.057622,0.369811,0.009333,-0.003146
22.800000,0.014272,0.031540,-0.009577,-0.212586,-1.392773,0.065940,-0.334641,0.007601,0.007094,-0.259437,-1.409136,-0.061947,0.371405,0.010528,-0.003450
22.833333,0.006007,0.032935,0.003073,-0.234809,-1.392127,0.052656,-0.340691,-0.001234,0.007018,-0.268638,-1.409136,-0.061332,0.342949,0.007245,0.000262
22.866667,-0.004590,0.039090,-0.001657,-0.239358,-1.385744,0.041175,-0.323348,0.002027,0.016899,-0.266395,-1.396996,-0.065892,0.332332,-0.001432,-0.010248
22.900000,-0.010928,0.040688,-0.001063,-0.246448,-1.395416,0.052172,-0.322965,0.006187,0.016670,-0.259890,-1.396996,-0.070656,0.335980,0.002165,-0.008018
22.933333,-0.010667,0.033800,0.005924,-0.255547,-1.395128,0.034349,-0.325692,0.013696,0.013164,-0.264383,-1.396996,-0.074732,0.325314,0.007979,-0.006527
22.966667,-0.010422,0.043416,-0.002752,-0.255147,-1.395128,0.022239,-0.316043,0.011209,0.014141,-0.280584,-1.393036,-0.066536,0.330470,-0.001160,-0.001305
23.000000,-0.019410,0.039299,-0.006739,-0.240660,-1.402506,0.025264,-0.320220,0.013131,0.009967,-0.275408,-1.393036,-0.051969,0.332110,-0.001875,-0.007349
23.033333,0.000178,0.032189,-0.006663,-0.232837,-1.405751,0.015198,-0.330668,0.002416,-0.002819,-0.287062,-1.405175,-0.034680,0.334910,-0.002694,-0.011708
23.066667,0.008135,0.032048,-0.015172,-0.239303,-1.393503,0.001489,-0.329781,0.004808,0.006414,-0.297884,-1.405175,-0.020936,0.341619,-0.024667,-0.005890
23.100000,0.010721,0.032482,-0.018746,-0.229605,-1.393790,-0.001572,-0.325955,0.002332,-0.005411,-0.284379,-1.405175,-0.015262,0.326602,-0.032111,-0.011354
23.133333,0.012341,0.022345,-0.013349,-0.224544,-1.380237,0.016280,-0.322228,-0.004315,-0.008346,-0.275825,-1.399042,-0.023143,0.310655,-0.021841,-0.025651
23.166667,0.026850,0.020635,-0.013485,-0.231812,-1.361577,0.012950,-0.327208,-0.012078,-0.016182,-0.279931,-1.399042,-0.021018,0.300804,-0.028405,-0.026874
23.200000,0.019636,0.020045,-0.011918,-0.233817,-1.362557,0.022304,-0.331163,-0.005675,-0.012063,-0.273757,-1.399042,-0.026017,0.296388,-0.021037,-0.018541
23.233333,0.013071,0.026505,0.001053,-0.223426,-1.364132,0.043032,-0.321083,-0.003742,-0.019983,-0.264299,-1.399042,-0.033949,0.290700,0.001580,-0.020624
23.266667,0.031027,0.040843,0.010998,-0.236790,-1.348252,0.061558,-0.295313,0.000971,0.004846,-0.257398,-1.399042,-0.036028,0.310738,-0.005896,-0.013831
23.300000,0.030167,0.045474,0.020773,-0.245589,-1.361805,0.054014,-0.288519,0.004407,0.012374,-0.249924,-1.410000,-0.034471,0.309477,-0.008081,-0.005457
23.333333,0.018485,0.048516,0.010942,-0.237371,-1.364103,0.056322,-0.277653,0.016078,0.014621,-0.240636,-1.410000,-0.032070,0.326927,-0.002653,-0.002054
23.366667,0.013760,0.060220,0.012229,-0.248586,-1.363798,0.080830,-0.265551,0.005689,0.024710,-0.238087,-1.410000,-0.038865,0.355465,-0.002742,0.002994
23.400000,0.018317,0.051644,0.011361,-0.257646,-1.374471,0.070012,-0.278724,-0.001714,0.022644,-0.237118,-1.410000,-0.043233,0.358346,-0.003673,0.002285
23.433333,0.001537,0.042651,-0.004075,-0.247984,-1.390351,0.073871,-0.318806,-0.006229,0.008898,-0.259418,-1.397392,-0.043292,0.351930,0.010345,-0.001939
23.466667,0.000602,0.044824,-0.017368,-0.249582,-1.390351,0.080006,-0.344847,-0.001988,0.002149,-0.250547,-1.390643,-0.049255,0.357001,0.002827,0.008256
23.500000,-0.001167,0.043791,-0.003772,-0.257715,-1.406714,0.078430,-0.346995,-0.005396,0.008437,-0.254560,-1.390643,-0.050910,0.353135,0.004286,0.006965
23.533333,0.001810,0.036233,-0.007535,-0.229839,-1.410000,0.053541,-0.363462,0.005231,0.003233,-0.251171,-1.390643,-0.047164,0.326482,0.000343,0.002838
23.566667,-0.002638,0.033662,-0.009678,-0.227292,-1.410000,0.047269,-0.364246,0.014420,0.012666,-0.251221,-1.389771,-0.042692,0.339829,-0.012922,0.009047
23.600000,-0.005498,0.026594,-0.004055,-0.223997,-1.410000,0.026303,-0.354412,0.013319,0.003335,-0.235884,-1.396732,-0.034526,0.357871,-0.018731,0.001179
23.633333,-0.003122,0.022721,0.006270,-0.223533,-1.390000,0.018312,-0.337915,0.007932,0.005290,-0.250759,-1.378616,-0.031597,0.383566,-0.010385,-0.017385
23.666667,-0.001041,0.026757,-0.000576,-0.219536,-1.364743,0.036362,-0.336522,0.010741,0.011277,-0.259245,-1.372485,-0.033747,0.420127,-0.015687,-0.023365
23.700000,-0.002557,0.023599,0.001204,-0.232267,-1.359487,0.038912,-0.337122,0.007119,0.006428,-0.252189,-1.360162,-0.018025,0.457867,-0.013113,-0.025320
23.733333,0.007663,0.022439,-0.007200,-0.221114,-1.350405,0.048321,-0.316794,0.001709,-0.000054,-0.261344,-1.361033,-0.010834,0.495607,-0.005045,-0.036576
23.766667,0.013050,0.025280,-0.017467,-0.217921,-1.350405,0.040815,-0.310708,-0.000328,-0.002492,-0.256857,-1.366681,-0.005895,0.508264,-0.004367,-0.030200
23.800000,0.009255,0.027557,-0.020991,-0.214047,-1.370405,0.038602,-0.310698,0.001765,-0.000321,-0.249491,-1.388071,0.002534,0.502367,-0.006626,-0.023866
23.833333,0.005028,0.020892,-0.012782,-0.219087,-1.375662,0.010411,-0.313732,0.000445,-0.007145,-0.243018,-1.384470,0.011571,0.478298,-0.009145,-0.009200
23.866667,0.007174,0.028851,-0.009296,-0.242364,-1.369171,-0.008840,-0.302337,0.004465,0.004359,-0.249947,-1.396793,0.014007,0.475836,-0.011925,-0.003046
23.900000,-0.002668,0.031102,-0.001218,-0.255171,-1.377397,-0.019606,-0.317489,0.000625,0.001379,-0.238520,-1.394668,0.007187,0.433374,-0.008147,0.000983
23.933333,-0.007928,0.026856,0.008606,-0.262417,-1.376542,-0.010373,-0.322108,0.003331,0.004868,-0.247092,-1.392543,-0.006055,0.410912,-0.007063,-0.001607
23.966667,-0.008691,0.024988,0.008980,-0.264221,-1.375687,-0.008774,-0.321355,0.003686,0.003647,-0.248330,-1.393893,-0.007646,0.405911,-0.006350,-0.001220
