time_sec,joint_pelvisYaw,joint_pelvisPitch,joint_pelvisRoll,joint_lShoulderPitch,joint_lShoulderRoll,joint_lShoulderYaw,joint_lElbow,joint_lWristRoll,joint_lWristPitch,joint_rShoulderPitch,joint_rShoulderRoll,joint_rShoulderYaw,joint_rElbow,joint_rWristRoll,joint_rWristPitch
0.000000,0.011571,0.000000,0.026076,-0.869724,-1.053075,1.623566,-1.469315,0.004758,-0.011411,-1.030095,-1.020020,-1.661879,1.570000,-0.023652,-0.004469
0.033333,0.015017,0.000000,0.036829,-0.838581,-1.042714,1.610224,-1.444893,0.026577,-0.003721,-1.039344,-1.012464,-1.687337,1.547173,-0.014086,-0.001305
0.066667,0.003280,0.002281,0.031031,-0.825858,-1.049675,1.616252,-1.442119,0.022741,0.001939,-1.045925,-0.995834,-1.700383,1.547173,-0.006720,-0.005384
0.100000,0.002172,0.002281,0.025051,-0.809391,-1.039960,1.609650,-1.437962,0.011872,0.001817,-1.043936,-0.995098,-1.721751,1.547173,-0.008320,-0.002731
0.133333,-0.007759,0.002281,0.019486,-0.822089,-1.060218,1.605746,-1.457806,-0.004546,0.005455,-1.053814,-0.996971,-1.725516,1.566826,-0.020550,0.000363
0.166667,-0.032987,0.004300,-0.006089,-0.803152,-1.054111,1.610916,-1.451411,-0.002199,-0.016125,-1.044102,-0.983913,-1.721964,1.570000,-0.014197,-0.009901
0.200000,-0.033164,0.009691,-0.013692,-0.798629,-1.034626,1.609847,-1.442425,-0.000318,-0.020629,-1.031992,-0.982556,-1.744508,1.570000,-0.005075,0.004438
0.233333,-0.027307,0.007410,-0.006122,-0.796535,-1.028063,1.580311,-1.447077,0.002585,-0.025179,-1.029234,-0.998155,-1.740842,1.570000,-0.012729,0.006902
0.266667,-0.036282,0.009604,-0.012057,-0.778185,-1.041204,1.543404,-1.459045,0.015243,-0.039082,-1.024410,-0.977861,-1.708856,1.566256,-0.024792,0.012795
0.300000,-0.041935,0.020536,-0.011253,-0.770669,-1.035735,1.500119,-1.465698,0.018936,-0.031856,-1.026502,-0.976864,-1.708784,1.566256,-0.021666,0.029209
0.333333,-0.022179,0.018718,0.009494,-0.781718,-1.030111,1.439094,-1.487665,0.012441,-0.024186,-1.023974,-0.988373,-1.702501,1.566256,-0.020994,0.030411
0.366667,-0.011661,0.013327,0.016303,-0.766422,-1.015799,1.362147,-1.483581,0.022827,-0.002861,-1.028955,-0.965758,-1.656217,1.559089,-0.043570,0.017220
0.400000,-0.008087,0.031119,0.011246,-0.744961,-1.006194,1.305746,-1.487081,0.018053,-0.002025,-1.000143,-0.924142,-1.609933,1.556797,-0.051689,0.033755
0.433333,0.003490,0.028926,0.020223,-0.742760,-0.980948,1.252101,-1.495153,0.014245,0.013485,-0.961969,-0.922525,-1.563649,1.560540,-0.034554,0.020644
0.466667,0.019362,0.022077,0.018253,-0.711641,-0.941813,1.189270,-1.506428,0.012637,0.007006,-0.897526,-0.891649,-1.477366,1.560540,-0.026750,0.008211
0.500000,0.027594,0.023059,0.009964,-0.695644,-0.923321,1.113404,-1.518708,0.009345,0.012670,-0.819867,-0.848266,-1.377366,1.555815,-0.020485,0.027387
0.533333,0.023081,0.026153,0.010273,-0.669929,-0.914566,1.039655,-1.549085,-0.007562,-0.001937,-0.727223,-0.829267,-1.277366,1.562982,-0.005641,0.025677
0.566667,0.036154,0.015786,0.017514,-0.655581,-0.887432,0.945361,-1.563844,0.006077,0.006842,-0.654493,-0.841389,-1.177366,1.565274,0.006429,0.013206
0.600000,0.040981,0.017090,0.025016,-0.638010,-0.871583,0.856440,-1.561788,0.014814,0.020303,-0.611400,-0.824552,-1.077366,1.565274,0.001535,0.016548
0.633333,0.036451,0.013007,0.020041,-0.611297,-0.862591,0.766687,-1.561788,0.009489,0.020900,-0.560950,-0.796974,-0.977366,1.556992,-0.004205,0.014448
0.666667,0.035821,0.012018,0.025344,-0.550897,-0.837562,0.708493,-1.541788,0.012362,0.024612,-0.550500,-0.782683,-0.877366,1.561717,-0.009508,-0.014369
0.700000,0.048937,0.008924,0.019203,-0.492817,-0.810861,0.648182,-1.541432,0.009376,0.008594,-0.559720,-0.764410,-0.777366,1.561717,-0.005935,-0.019959
0.733333,0.041277,0.001498,0.011203,-0.432247,-0.797030,0.587870,-1.541431,-0.001863,0.000411,-0.549027,-0.715016,-0.677366,1.561717,0.000504,-0.021268
0.766667,0.035928,0.003546,-0.007111,-0.355639,-0.770724,0.519430,-1.527741,-0.002782,-0.002890,-0.515821,-0.654582,-0.577366,1.561717,-0.007968,-0.019232
0.800000,0.030531,0.012560,-0.000877,-0.306935,-0.747942,0.450989,-1.511099,0.003040,0.011457,-0.495822,-0.618188,-0.477366,1.560357,-0.004917,-0.006994
0.833333,0.023852,0.012365,-0.007671,-0.258231,-0.737851,0.350989,-1.521323,0.004958,-0.000485,-0.466409,-0.588388,-0.377366,1.560357,0.003153,0.002905
0.866667,0.008170,0.012365,-0.019318,-0.205199,-0.737846,0.262028,-1.497931,0.022516,0.003669,-0.420254,-0.532310,-0.277366,1.560357,0.014579,0.017211
0.900000,0.007369,0.025197,-0.022627,-0.170806,-0.730411,0.186882,-1.485450,0.024519,-0.003077,-0.402023,-0.516232,-0.185250,1.560357,0.018985,0.018929
0.933333,0.002109,0.021845,-0.016484,-0.157959,-0.728784,0.125129,-1.493666,0.014868,-0.022875,-0.400430,-0.500153,-0.101665,1.553121,0.036691,0.013743
0.966667,-0.000699,0.018165,-0.042200,-0.146602,-0.716778,0.103376,-1.508061,0.028775,-0.030842,-0.425631,-0.500034,-0.047117,1.562764,0.049392,0.002704
1.000000,0.008285,0.025109,-0.044614,-0.143604,-0.706695,0.100534,-1.501371,0.023853,-0.024622,-0.426087,-0.480482,-0.032569,1.562765,0.050992,0.010832
1.033333,0.010378,0.028618,-0.033122,-0.153765,-0.717334,0.090797,-1.503140,0.011384,-0.013048,-0.463616,-0.491558,-0.058021,1.560896,0.035323,0.001289
1.066667,0.003202,0.027756,-0.035453,-0.144468,-0.740913,0.107244,-1.475042,0.001673,-0.003894,-0.513221,-0.502634,-0.115588,1.560896,0.024335,-0.005240
1.100000,0.002209,0.031963,-0.025930,-0.153609,-0.792487,0.150298,-1.426245,0.000550,0.007269,-0.579062,-0.553711,-0.204624,1.568131,0.023276,0.009199
1.133333,0.005517,0.026630,0.004540,-0.151703,-0.870068,0.177303,-1.347913,-0.018482,0.005708,-0.644903,-0.598166,-0.304624,1.550356,-0.000753,0.010220
1.166667,-0.005521,0.039146,0.015315,-0.158976,-0.946910,0.225397,-1.263799,-0.023551,0.009952,-0.744903,-0.655561,-0.404624,1.540918,-0.019599,0.013881
1.200000,-0.014520,0.035637,0.025087,-0.169897,-1.010853,0.285152,-1.168701,-0.011961,0.008455,-0.844903,-0.720605,-0.504624,1.524533,-0.028233,0.026792
1.233333,0.002432,0.023667,0.033507,-0.186315,-1.065099,0.309967,-1.079825,-0.003757,-0.002610,-0.944903,-0.785649,-0.604624,1.513028,-0.025458,0.026924
1.266667,0.010959,0.022020,0.028822,-0.171035,-1.101345,0.314221,-0.990949,0.013483,0.004352,-1.042365,-0.850693,-0.704624,1.511064,-0.045914,0.014162
1.300000,0.018538,0.022020,0.022671,-0.162775,-1.149179,0.328887,-0.916544,0.018006,-0.003931,-1.121370,-0.901291,-0.804624,1.523285,-0.045304,0.018108
1.333333,0.022263,0.002560,0.031920,-0.171816,-1.187635,0.323721,-0.852831,0.030554,-0.001118,-1.174022,-0.978501,-0.904624,1.532723,-0.036591,0.005222
1.366667,0.044410,0.002560,0.030923,-0.179420,-1.219694,0.302751,-0.803735,0.024703,0.002330,-1.226463,-1.040212,-1.004624,1.550977,-0.048433,-0.019409
1.400000,0.029855,0.004418,0.030317,-0.182135,-1.251509,0.316721,-0.772877,0.030986,0.009929,-1.238904,-1.098948,-1.104624,1.562482,-0.055678,-0.016257
1.433333,0.025670,0.004678,0.040948,-0.178785,-1.269752,0.351253,-0.742019,0.018131,0.000409,-1.223938,-1.117684,-1.204624,1.552664,-0.043437,-0.021246
1.466667,0.033869,0.008324,0.044984,-0.160495,-1.255609,0.391421,-0.701624,0.029810,0.013148,-1.206378,-1.130675,-1.304624,1.538619,-0.050623,-0.015971
1.500000,0.043127,0.013089,0.049137,-0.142035,-1.258882,0.411421,-0.690539,0.027409,-0.001628,-1.190435,-1.137267,-1.404624,1.523048,-0.053061,-0.009138
1.533333,0.016789,0.013089,0.040964,-0.122610,-1.282342,0.436923,-0.695179,0.020753,-0.010577,-1.144540,-1.121081,-1.504309,1.520325,-0.038762,0.010645
1.566667,0.005223,0.024820,0.034586,-0.128200,-1.275745,0.454733,-0.712058,0.022631,0.003791,-1.138645,-1.107870,-1.577448,1.520325,-0.040738,0.025940
1.600000,0.008953,0.027706,0.031415,-0.152833,-1.283777,0.459857,-0.728938,0.022037,0.015084,-1.140081,-1.127872,-1.645176,1.532107,-0.037423,0.037992
1.633333,-0.008939,0.024059,0.020424,-0.177351,-1.305120,0.439382,-0.766069,0.019540,0.003915,-1.147046,-1.136991,-1.676487,1.544029,-0.026252,0.029308
1.666667,-0.002382,0.022149,-0.007566,-0.176208,-1.307013,0.458906,-0.765504,0.029025,0.012936,-1.150867,-1.152508,-1.706965,1.559600,-0.021436,0.027213
1.700000,0.008012,0.022981,0.003951,-0.198256,-1.290660,0.497530,-0.770587,0.035745,0.016573,-1.174910,-1.176029,-1.719101,1.560499,-0.013150,0.027540
1.733333,0.026528,0.009392,0.010759,-0.184003,-1.285259,0.513895,-0.754704,0.031997,0.004552,-1.184586,-1.193292,-1.724575,1.543339,-0.012048,0.010532
1.766667,0.017399,0.013762,0.005393,-0.183194,-1.296800,0.542946,-0.746554,0.030347,0.006776,-1.198350,-1.192477,-1.708491,1.543339,-0.014496,0.013141
1.800000,0.023147,0.013762,0.014824,-0.188356,-1.304505,0.558629,-0.753218,0.025513,0.005087,-1.196273,-1.196754,-1.723659,1.551017,-0.014693,0.013710
1.833333,0.017092,0.014849,0.033927,-0.213765,-1.302218,0.536969,-0.757578,0.015154,0.005605,-1.208134,-1.179889,-1.722048,1.539331,-0.013884,0.019742
1.866667,0.007202,0.020112,0.029771,-0.212735,-1.297097,0.498685,-0.724345,0.019213,0.015007,-1.194754,-1.163615,-1.719166,1.534758,-0.024252,0.006473
1.900000,-0.004010,0.023635,0.030616,-0.214822,-1.320914,0.475397,-0.693482,0.021412,0.013308,-1.186461,-1.152503,-1.724848,1.551918,-0.021722,0.006099
1.933333,-0.003302,0.014374,0.038111,-0.213397,-1.316756,0.412109,-0.658446,0.028938,0.008460,-1.182602,-1.156506,-1.722488,1.551918,-0.016369,0.007282
1.966667,-0.004392,0.022515,0.023524,-0.199020,-1.329162,0.347788,-0.593728,0.024249,0.012546,-1.203524,-1.153114,-1.706899,1.551918,-0.029490,0.011998
2.000000,-0.019965,0.021515,0.017530,-0.172477,-1.349465,0.295883,-0.537745,0.024429,0.005404,-1.198390,-1.165597,-1.690006,1.562566,-0.034686,0.004560
2.033333,-0.000581,0.015485,0.017424,-0.157787,-1.359106,0.236000,-0.481762,0.010418,-0.008957,-1.216889,-1.196444,-1.672497,1.568962,-0.041233,0.000079
2.066667,0.008376,0.015898,0.005310,-0.163291,-1.335756,0.166700,-0.412016,0.012214,0.002212,-1.229063,-1.221868,-1.655620,1.568962,-0.071495,0.010853
2.100000,0.011549,0.019196,0.000030,-0.150338,-1.340380,0.113312,-0.344700,0.009375,-0.010184,-1.215331,-1.223544,-1.655830,1.568962,-0.085804,0.007554
2.133333,0.015132,0.011055,0.009380,-0.149751,-1.317539,0.087897,-0.279223,0.004600,-0.014338,-1.188405,-1.233921,-1.651024,1.563389,-0.075306,-0.008851
2.166667,0.032213,0.008113,0.010650,-0.166434,-1.291568,0.056872,-0.237637,-0.001969,-0.023914,-1.185982,-1.245664,-1.641405,1.554828,-0.082526,-0.013154
2.200000,0.026287,0.008048,0.011912,-0.176383,-1.293714,0.041473,-0.196051,0.006847,-0.017852,-1.171092,-1.253258,-1.639728,1.554828,-0.073914,-0.002042
2.233333,0.021667,0.017339,0.028425,-0.167701,-1.302571,0.050444,-0.150643,0.009010,-0.026502,-1.149780,-1.256452,-1.633398,1.554828,-0.046548,-0.004890
2.266667,0.041724,0.033262,0.041748,-0.186277,-1.290961,0.061128,-0.099245,0.014894,0.001425,-1.129219,-1.290722,-1.632307,1.554828,-0.050730,0.001685
2.300000,0.041629,0.034444,0.053248,-0.197219,-1.306845,0.046874,-0.075690,0.018049,0.009630,-1.124696,-1.316292,-1.637892,1.558921,-0.052898,0.011774
2.333333,0.031601,0.034473,0.041566,-0.181457,-1.307405,0.041422,-0.034896,0.033938,0.016379,-1.110965,-1.328587,-1.638387,1.568520,-0.046769,0.019892
2.366667,0.025795,0.047789,0.041281,-0.187491,-1.306892,0.060346,0.005123,0.020223,0.029034,-1.107614,-1.331324,-1.646614,1.568520,-0.045552,0.027492
2.400000,0.030562,0.035185,0.038830,-0.198017,-1.327012,0.046774,0.014830,0.013780,0.022630,-1.110251,-1.320232,-1.662121,1.568520,-0.045223,0.025807
2.433333,0.014689,0.024312,0.018529,-0.187621,-1.341344,0.050335,-0.011324,0.006348,0.008717,-1.137935,-1.274238,-1.650615,1.568520,-0.028760,0.023720
2.466667,0.011198,0.026956,0.000716,-0.191599,-1.343053,0.062458,-0.025047,0.012306,-0.001138,-1.129352,-1.251864,-1.655843,1.570000,-0.036462,0.037035
2.500000,0.006945,0.026926,0.014213,-0.207006,-1.370781,0.067536,-0.023384,0.005499,0.006034,-1.138326,-1.243643,-1.660061,1.570000,-0.037239,0.033133
2.533333,0.010465,0.018510,0.010560,-0.182413,-1.386931,0.053306,-0.047970,0.020824,-0.000242,-1.135100,-1.248888,-1.655321,1.561150,-0.038544,0.027302
2.566667,0.004283,0.017886,0.010079,-0.181130,-1.388839,0.054856,-0.067526,0.031659,0.015638,-1.139576,-1.251783,-1.650600,1.561150,-0.052194,0.033180
2.600000,0.001395,0.008724,0.016492,-0.177307,-1.396868,0.042876,-0.072933,0.031500,0.002159,-1.132371,-1.271973,-1.659483,1.561150,-0.057835,0.021554
2.633333,0.007098,0.004899,0.032543,-0.176352,-1.386243,0.043062,-0.075767,0.025365,0.007890,-1.156968,-1.268543,-1.659779,1.559429,-0.049003,-0.000686
2.666667,0.011496,0.008558,0.024559,-0.172268,-1.357694,0.072029,-0.108173,0.030281,0.012534,-1.172221,-1.268134,-1.665655,1.559429,-0.053154,-0.009873
2.700000,0.008820,0.003728,0.026980,-0.183137,-1.345655,0.083824,-0.142673,0.024968,0.006200,-1.175590,-1.259256,-1.657587,1.568279,-0.049465,-0.012804
2.733333,0.023658,0.003728,0.016037,-0.165549,-1.335778,0.106766,-0.148071,0.018416,-0.004913,-1.187297,-1.277474,-1.657602,1.568279,-0.037987,-0.023714
2.766667,0.028675,0.008557,0.003705,-0.158361,-1.335911,0.108483,-0.171757,0.016956,-0.006340,-1.184886,-1.277977,-1.652792,1.568279,-0.037769,-0.014578
2.800000,0.021620,0.008557,-0.001118,-0.147355,-1.351935,0.117197,-0.210447,0.017844,-0.005582,-1.175669,-1.292209,-1.644046,1.570000,-0.038881,-0.009543
2.833333,0.016747,0.004898,0.011230,-0.143987,-1.359863,0.096795,-0.253435,0.015711,-0.012152,-1.167722,-1.281606,-1.630367,1.566727,-0.043073,0.011595
2.866667,0.016927,0.015746,0.016861,-0.165666,-1.354794,0.083519,-0.284377,0.017172,0.002491,-1.170841,-1.292756,-1.620224,1.566727,-0.049395,0.018935
2.900000,0.004610,0.016577,0.027726,-0.179620,-1.355210,0.075812,-0.351976,0.011698,-0.000305,-1.154264,-1.263907,-1.618334,1.566727,-0.046230,0.022021
2.933333,-0.000541,0.012579,0.039877,-0.182467,-1.345749,0.099860,-0.399575,0.013136,0.004078,-1.157687,-1.250749,-1.627364,1.566727,-0.044398,0.016988
2.966667,0.007188,0.012579,0.044652,-0.170611,-1.322757,0.100151,-0.441436,0.027457,0.002636,-1.136113,-1.263861,-1.608917,1.546727,-0.024828,0.015435
3.000000,0.013119,0.013563,0.043866,-0.171737,-1.339764,0.097913,-0.473733,0.022986,0.017332,-1.089764,-1.295951,-1.579652,1.510000,-0.016258,0.009916
3.033333,0.010589,0.004094,0.036559,-0.158007,-1.354207,0.100139,-0.514593,0.020446,0.006072,-1.030067,-1.312358,-1.534620,1.450000,-0.007228,0.004167
3.066667,-0.001279,0.008346,0.029949,-0.161437,-1.363668,0.098612,-0.540365,0.014048,0.013010,-0.950067,-1.333457,-1.454620,1.370000,0.003612,-0.001794
3.100000,-0.002537,0.010119,0.021635,-0.163837,-1.357648,0.079913,-0.563745,-0.000082,0.013615,-0.850067,-1.370743,-1.354620,1.270000,0.004712,0.000821
3.133333,-0.012165,0.010861,0.014587,-0.185368,-1.380975,0.061713,-0.572464,-0.016252,0.015969,-0.750067,-1.389202,-1.254620,1.170000,-0.010150,0.005298
3.166667,-0.036875,0.014858,-0.011345,-0.174667,-1.379906,0.075159,-0.568781,-0.011909,-0.005529,-0.650067,-1.373519,-1.154620,1.070000,-0.005770,-0.003967
3.200000,-0.036625,0.021098,-0.020289,-0.178821,-1.363629,0.095287,-0.557206,-0.007860,-0.011614,-0.550067,-1.373519,-1.054620,0.970000,0.004842,0.010256
3.233333,-0.028308,0.017744,-0.014234,-0.178734,-1.361959,0.079169,-0.551801,-0.004875,-0.016132,-0.450067,-1.388826,-0.954620,0.875333,-0.002989,0.015021
3.266667,-0.036841,0.021147,-0.019941,-0.163848,-1.377440,0.048467,-0.548627,0.009426,-0.028167,-0.350067,-1.374075,-0.854620,0.797072,-0.016652,0.021045
3.300000,-0.043493,0.035042,-0.019300,-0.161110,-1.381216,0.049206,-0.550049,0.011949,-0.021575,-0.277721,-1.374075,-0.754620,0.758811,-0.013669,0.036366
3.333333,-0.023862,0.032942,0.001371,-0.175396,-1.383115,0.027417,-0.554767,0.003696,-0.012879,-0.220957,-1.394075,-0.654620,0.722578,-0.014463,0.037807
3.366667,-0.012353,0.027915,0.010574,-0.171329,-1.375785,-0.002346,-0.541742,0.013017,0.009575,-0.190959,-1.383825,-0.557642,0.697974,-0.037111,0.028359
3.400000,-0.010841,0.046460,0.008427,-0.169007,-1.371182,-0.000940,-0.535543,0.009050,0.010776,-0.160961,-1.353576,-0.498797,0.688342,-0.047271,0.043668
3.433333,-0.000796,0.042303,0.021415,-0.190617,-1.365066,0.013626,-0.535765,0.006166,0.024220,-0.165230,-1.359251,-0.439951,0.694812,-0.031263,0.031117
3.466667,0.013210,0.032802,0.024476,-0.185855,-1.347992,0.013758,-0.540818,0.006687,0.017518,-0.181844,-1.359251,-0.403246,0.679926,-0.024697,0.018873
3.500000,0.016967,0.031714,0.021498,-0.199725,-1.354265,0.012671,-0.553607,0.007597,0.022012,-0.185007,-1.339250,-0.400450,0.677063,-0.021104,0.039339
3.533333,0.008236,0.033746,0.024913,-0.198927,-1.378811,0.019901,-0.575037,-0.007647,0.007253,-0.178033,-1.349500,-0.397056,0.696349,-0.010559,0.036549
3.566667,0.019577,0.022459,0.035040,-0.206811,-1.385084,0.003971,-0.583156,0.006836,0.016418,-0.197602,-1.379750,-0.376232,0.734524,0.000514,0.024695
3.600000,0.022246,0.023884,0.045292,-0.212014,-1.391200,-0.000520,-0.572859,0.016636,0.031195,-0.216243,-1.390000,-0.389692,0.754229,-0.006245,0.029482
3.633333,0.016476,0.018748,0.042168,-0.218470,-1.396097,-0.006093,-0.573534,0.014708,0.030999,-0.194885,-1.382456,-0.398623,0.755291,-0.014809,0.028942
3.666667,0.015501,0.018550,0.048687,-0.195027,-1.384608,0.012078,-0.551274,0.015452,0.032420,-0.211396,-1.401654,-0.401481,0.782303,-0.020291,-0.001784
3.700000,0.027526,0.013857,0.044910,-0.187663,-1.369904,0.010643,-0.545668,0.013519,0.013095,-0.237419,-1.401654,-0.425716,0.788541,-0.017270,-0.007042
3.733333,0.017727,0.004870,0.037989,-0.183122,-1.364298,0.025878,-0.548885,0.002892,0.005653,-0.238713,-1.396617,-0.447562,0.770325,-0.015749,-0.007593
3.766667,0.012265,0.005978,0.018913,-0.160351,-1.347083,0.044480,-0.544258,0.002561,0.002375,-0.220306,-1.377724,-0.451235,0.758572,-0.023893,-0.006806
3.800000,0.004570,0.016170,0.024918,-0.162698,-1.339608,0.056612,-0.524432,0.006663,0.017344,-0.218555,-1.383555,-0.451335,0.754867,-0.020907,0.005002
3.833333,-0.003130,0.014576,0.018652,-0.166526,-1.344209,0.040887,-0.531864,0.009545,0.008643,-0.207900,-1.384357,-0.448089,0.745854,-0.017168,0.016064
3.866667,-0.018346,0.014576,0.005626,-0.151281,-1.349043,0.041627,-0.526144,0.028981,0.016356,-0.175295,-1.364357,-0.441767,0.759463,-0.007908,0.031091
3.900000,-0.018614,0.029093,0.002173,-0.146464,-1.352978,0.036472,-0.521051,0.029963,0.008330,-0.166179,-1.369394,-0.439067,0.774902,-0.003250,0.031715
3.933333,-0.024012,0.026699,0.008905,-0.161477,-1.361232,0.018990,-0.533217,0.019429,-0.010636,-0.166528,-1.375630,-0.425660,0.769840,0.012323,0.024012
3.966667,-0.025416,0.023185,-0.017403,-0.165291,-1.351923,0.024552,-0.553941,0.032014,-0.018718,-0.190221,-1.377343,-0.410600,0.796730,0.024188,0.010772
4.000000,-0.015228,0.031456,-0.022313,-0.171340,-1.341922,0.034150,-0.553988,0.026936,-0.011167,-0.182819,-1.370924,-0.411049,0.798893,0.029080,0.018891
4.033333,-0.013160,0.038055,-0.011958,-0.187552,-1.353107,0.024752,-0.552265,0.011538,0.001350,-0.190280,-1.390924,-0.394200,0.775027,0.014144,0.005658
4.066667,-0.018930,0.040855,-0.016657,-0.179129,-1.354779,0.008203,-0.551004,0.000916,0.011662,-0.200207,-1.385573,-0.375685,0.762397,0.005418,0.000508
4.100000,-0.016084,0.046708,-0.011964,-0.183675,-1.363739,0.016014,-0.553880,-0.002376,0.021231,-0.208191,-1.393065,-0.391767,0.778761,0.007588,0.015310
4.133333,-0.007942,0.042215,0.014281,-0.182410,-1.372699,-0.008205,-0.547036,-0.023815,0.017560,-0.189657,-1.384651,-0.395464,0.755124,-0.011906,0.017637
4.166667,-0.014861,0.056128,0.021669,-0.185359,-1.373131,-0.008602,-0.536041,-0.030518,0.018731,-0.194312,-1.365030,-0.385712,0.753708,-0.027655,0.023530
4.200000,-0.020248,0.052346,0.028349,-0.191413,-1.360508,0.007109,-0.548453,-0.020670,0.014593,-0.185840,-1.356135,-0.400129,0.742692,-0.031723,0.038095
4.233333,-0.001360,0.035029,0.033749,-0.206798,-1.345882,0.020765,-0.558066,-0.012859,0.002705,-0.186676,-1.361485,-0.405200,0.733187,-0.026389,0.038615
4.266667,0.006070,0.032421,0.028520,-0.196369,-1.325401,0.012049,-0.546282,0.004546,0.011512,-0.183063,-1.366650,-0.376891,0.722691,-0.045962,0.027400
4.300000,0.012889,0.030970,0.021808,-0.190762,-1.334907,0.027108,-0.544834,0.009746,0.005139,-0.191900,-1.361770,-0.387806,0.728326,-0.042288,0.033042
4.333333,0.016061,0.008842,0.030799,-0.199356,-1.339527,0.024970,-0.559204,0.020931,0.009185,-0.193108,-1.387810,-0.377356,0.736481,-0.028482,0.018622
4.366667,0.037876,0.006024,0.028541,-0.210039,-1.341044,0.006723,-0.555376,0.014953,0.010255,-0.226976,-1.396705,-0.354484,0.784637,-0.036125,-0.007183
4.400000,0.021129,0.010375,0.027384,-0.211969,-1.350495,0.012070,-0.552421,0.023403,0.018096,-0.223766,-1.396705,-0.346235,0.803476,-0.037063,-0.004759
4.433333,0.018131,0.009417,0.037397,-0.207742,-1.350924,0.039789,-0.549487,0.008964,0.006645,-0.221812,-1.389111,-0.363386,0.794312,-0.021216,-0.007663
4.466667,0.027370,0.013642,0.041445,-0.182250,-1.330268,0.075764,-0.520469,0.020277,0.019586,-0.210239,-1.392135,-0.361837,0.777371,-0.029421,-0.001907
4.500000,0.035837,0.021051,0.044980,-0.161392,-1.330954,0.088936,-0.513203,0.016884,0.004579,-0.196644,-1.392135,-0.368413,0.747025,-0.033095,0.004756
4.533333,0.008948,0.022645,0.036803,-0.138969,-1.342472,0.102625,-0.526066,0.008847,0.000165,-0.151608,-1.373221,-0.374662,0.707375,-0.021120,0.024548
4.566667,-0.000875,0.033345,0.029926,-0.144007,-1.327647,0.107240,-0.549694,0.008368,0.015419,-0.144002,-1.373221,-0.371489,0.707725,-0.025694,0.040541
4.600000,0.002631,0.036923,0.026512,-0.161668,-1.338309,0.095843,-0.573299,0.009789,0.027601,-0.142132,-1.380814,-0.372316,0.721459,-0.021843,0.051535
4.633333,-0.015753,0.031964,0.015042,-0.181724,-1.355751,0.056602,-0.611500,0.007268,0.013844,-0.148245,-1.385206,-0.357550,0.734477,-0.010329,0.040135
4.666667,-0.007680,0.028839,-0.012425,-0.172110,-1.355086,0.057360,-0.609702,0.015734,0.022940,-0.151160,-1.385206,-0.367918,0.766195,-0.005192,0.037178
4.700000,0.002979,0.028853,-0.000648,-0.183987,-1.346235,0.067699,-0.605645,0.022720,0.025151,-0.174150,-1.404121,-0.379759,0.771757,0.003609,0.037572
4.733333,0.020882,0.015003,0.006314,-0.159905,-1.345972,0.067107,-0.582658,0.019507,0.011129,-0.187974,-1.404121,-0.386434,0.743796,0.004789,0.019741
4.766667,0.011715,0.018604,0.001242,-0.151837,-1.355100,0.082526,-0.567284,0.017159,0.012794,-0.198287,-1.404121,-0.370346,0.742451,0.002746,0.020095
4.800000,0.016986,0.018604,0.010907,-0.154164,-1.365822,0.085789,-0.569422,0.012673,0.012981,-0.191814,-1.408486,-0.379685,0.747045,0.002817,0.020184
4.833333,0.009527,0.019777,0.030501,-0.182636,-1.363721,0.066342,-0.578687,0.004285,0.013457,-0.206748,-1.404842,-0.380391,0.719942,0.002382,0.027944
4.866667,-0.000518,0.025988,0.026236,-0.189815,-1.354793,0.058462,-0.555757,0.010061,0.023455,-0.200575,-1.387795,-0.383939,0.712122,-0.007851,0.017073
4.900000,-0.010791,0.029778,0.026846,-0.199811,-1.375055,0.069917,-0.551756,0.012096,0.021465,-0.194140,-1.387795,-0.388937,0.724979,-0.006008,0.016149
4.933333,-0.010860,0.021288,0.034381,-0.209870,-1.366142,0.046253,-0.558436,0.018752,0.017611,-0.196552,-1.387795,-0.394174,0.724600,0.000007,0.018690
4.966667,-0.013350,0.030738,0.019810,-0.207650,-1.369129,0.025411,-0.548518,0.013070,0.023463,-0.222005,-1.377972,-0.385234,0.738245,-0.012553,0.024543
5.000000,-0.028768,0.028890,0.013356,-0.189413,-1.381314,0.027281,-0.552846,0.011426,0.017852,-0.215710,-1.380599,-0.370134,0.744031,-0.015788,0.017319
5.033333,-0.010280,0.021660,0.012803,-0.177967,-1.384089,0.009279,-0.567611,-0.003385,0.002304,-0.233376,-1.397645,-0.355862,0.755944,-0.019305,0.010352
5.066667,-0.002604,0.021349,0.001747,-0.186084,-1.355646,-0.013989,-0.567362,-0.001053,0.014976,-0.246255,-1.397645,-0.344454,0.769559,-0.048645,0.021314
5.100000,0.000934,0.022124,-0.003183,-0.174385,-1.356379,-0.017365,-0.566550,-0.002512,0.002540,-0.230092,-1.397645,-0.346000,0.757535,-0.064147,0.019354
5.133333,0.004890,0.012674,0.006234,-0.170410,-1.333865,0.010530,-0.558994,-0.007761,-0.003126,-0.211146,-1.394006,-0.356460,0.740364,-0.054014,0.003242
5.166667,0.023511,0.009010,0.007065,-0.182791,-1.306612,0.006776,-0.570064,-0.013388,-0.016264,-0.218426,-1.395025,-0.357417,0.737816,-0.062773,-0.001720
5.200000,0.018988,0.008420,0.009295,-0.189970,-1.309247,0.018740,-0.577316,-0.005121,-0.008740,-0.206508,-1.395025,-0.362220,0.736139,-0.053569,0.010187
5.233333,0.013583,0.016725,0.026259,-0.177366,-1.317253,0.043468,-0.568069,-0.002817,-0.017506,-0.193944,-1.395025,-0.371517,0.734132,-0.025066,0.008610
5.266667,0.032117,0.032605,0.040396,-0.192025,-1.305135,0.064586,-0.541091,0.003423,0.010193,-0.181381,-1.395025,-0.377018,0.763316,-0.028201,0.015170
5.300000,0.030699,0.033659,0.052185,-0.201391,-1.320429,0.055258,-0.537456,0.008801,0.018883,-0.177205,-1.405569,-0.381931,0.770050,-0.028826,0.025656
5.333333,0.018215,0.034250,0.041420,-0.185735,-1.322192,0.057358,-0.520634,0.025914,0.029325,-0.158886,-1.405569,-0.383993,0.794815,-0.021296,0.033633
5.366667,0.009793,0.047000,0.042868,-0.190518,-1.322792,0.081948,-0.495933,0.012952,0.042648,-0.157439,-1.405569,-0.401704,0.828760,-0.021107,0.041789
5.400000,0.013657,0.035500,0.040501,-0.199571,-1.343172,0.071154,-0.502746,0.005663,0.036538,-0.154485,-1.404117,-0.412235,0.834178,-0.020095,0.039105
5.433333,0.000594,0.024976,0.019762,-0.188753,-1.357155,0.074034,-0.539820,-0.001670,0.021828,-0.182788,-1.386968,-0.408692,0.823731,-0.002236,0.035658
5.466667,-0.003574,0.026787,0.001526,-0.189972,-1.358104,0.079674,-0.563427,0.003337,0.013026,-0.174939,-1.379487,-0.418211,0.825251,-0.009479,0.047797
5.500000,-0.007116,0.026196,0.015935,-0.203375,-1.383076,0.081241,-0.564747,-0.003370,0.020028,-0.181311,-1.379487,-0.420613,0.817515,-0.009640,0.044184
5.533333,-0.003306,0.018057,0.010797,-0.176778,-1.394845,0.061698,-0.586106,0.010880,0.014432,-0.178275,-1.379487,-0.413713,0.775357,-0.011624,0.039288
5.566667,-0.008035,0.016573,0.010187,-0.177056,-1.394903,0.055707,-0.587703,0.020168,0.028783,-0.182966,-1.380939,-0.410523,0.773199,-0.026112,0.046626
5.600000,-0.012353,0.007476,0.016415,-0.174615,-1.401480,0.036543,-0.576311,0.019842,0.016879,-0.169898,-1.398087,-0.409932,0.768030,-0.031686,0.035554
5.633333,-0.004117,0.004611,0.032576,-0.177445,-1.387751,0.031769,-0.555394,0.013827,0.020790,-0.189637,-1.390000,-0.411773,0.766277,-0.022007,0.015927
5.666667,-0.000255,0.009046,0.023372,-0.176643,-1.360009,0.051290,-0.542828,0.016654,0.023787,-0.209696,-1.390000,-0.422004,0.764608,-0.027012,0.007795
5.700000,-0.000516,0.005867,0.025497,-0.193129,-1.350019,0.051921,-0.538951,0.014218,0.015372,-0.211416,-1.388745,-0.407664,0.773343,-0.024765,0.005611
5.733333,0.013606,0.005867,0.014774,-0.181377,-1.340074,0.067089,-0.514836,0.009559,0.007481,-0.224346,-1.388745,-0.405707,0.782077,-0.015070,-0.005968
5.766667,0.019225,0.011354,0.003285,-0.179199,-1.340074,0.060595,-0.507903,0.008626,0.006545,-0.223779,-1.388745,-0.398674,0.780258,-0.017705,0.001311
5.800000,0.010898,0.012301,-0.001648,-0.177233,-1.356535,0.060703,-0.511428,0.009656,0.007093,-0.210445,-1.406563,-0.377225,0.784566,-0.020976,0.006176
5.833333,0.006479,0.007866,0.010288,-0.180676,-1.362987,0.029796,-0.527982,0.009455,0.001987,-0.194265,-1.399521,-0.355592,0.778290,-0.025858,0.025840
5.866667,0.005669,0.019220,0.016219,-0.206831,-1.357764,0.003557,-0.521403,0.007860,0.017476,-0.194536,-1.400776,-0.345365,0.796032,-0.032017,0.031486
5.900000,-0.004848,0.021238,0.026871,-0.223441,-1.361800,-0.015390,-0.542984,0.001626,0.012382,-0.175644,-1.396285,-0.337948,0.780361,-0.026942,0.033445
5.933333,-0.010347,0.017769,0.038414,-0.229810,-1.355891,-0.007958,-0.550109,0.000995,0.015188,-0.176753,-1.391795,-0.344427,0.781805,-0.023660,0.029334
5.966667,-0.001173,0.016822,0.044607,-0.209173,-1.333520,0.012073,-0.569771,0.017386,0.008713,-0.197822,-1.393977,-0.365322,0.801737,-0.010690,0.019514
6.000000,0.008559,0.016822,0.045115,-0.182470,-1.311150,0.063119,-0.603526,0.016702,0.018558,-0.235110,-1.401019,-0.413830,0.848325,-0.007973,0.008232
6.033333,0.008904,0.005119,0.039190,-0.138430,-1.260453,0.137254,-0.671686,0.017456,0.001570,-0.295949,-1.401019,-0.485322,0.894913,-0.001730,-0.003483
6.066667,-0.001525,0.007689,0.032951,-0.111672,-1.194871,0.207925,-0.751686,0.015139,0.004578,-0.375949,-1.397184,-0.565322,0.974913,0.004608,-0.013211
6.100000,-0.000694,0.007980,0.026197,-0.082718,-1.109679,0.263903,-0.844297,0.004842,0.001270,-0.475949,-1.401675,-0.665322,1.074913,0.001841,-0.015051
6.133333,-0.009060,0.007980,0.019187,-0.077821,-1.051678,0.286535,-0.920317,-0.011010,0.004951,-0.575949,-1.401675,-0.765322,1.174913,-0.011018,-0.010794
6.166667,-0.035474,0.011433,-0.006287,-0.056369,-1.005080,0.309167,-0.970610,-0.008511,-0.017990,-0.675949,-1.391201,-0.865322,1.274913,-0.003084,-0.019584
6.200000,-0.036560,0.017731,-0.014023,-0.052254,-0.964648,0.327338,-1.007722,-0.005567,-0.023253,-0.768139,-1.391201,-0.965322,1.373931,0.007164,-0.004861
6.233333,-0.029988,0.014290,-0.007095,-0.042679,-0.943460,0.308973,-1.035480,-0.003537,-0.028287,-0.854393,-1.399526,-1.065322,1.452948,-0.001727,-0.002509
6.266667,-0.039811,0.016376,-0.013799,-0.018558,-0.946468,0.278922,-1.054816,0.010074,-0.042886,-0.909433,-1.396733,-1.165322,1.511966,-0.014747,0.001473
6.300000,-0.047447,0.030356,-0.012725,-0.010379,-0.935891,0.279123,-1.073686,0.011914,-0.038432,-0.957391,-1.396733,-1.265322,1.550983,-0.011140,0.017070
6.333333,-0.028521,0.028928,0.008618,-0.020669,-0.932037,0.258699,-1.095047,0.004934,-0.029354,-0.976650,-1.407207,-1.365322,1.570000,-0.012745,0.016965
6.366667,-0.017577,0.023164,0.015881,-0.012325,-0.922017,0.228076,-1.089590,0.016537,-0.007637,-0.983435,-1.407207,-1.465322,1.566997,-0.037547,0.005524
6.400000,-0.015617,0.042020,0.013186,-0.012603,-0.918335,0.237454,-1.084646,0.013730,-0.005765,-0.956157,-1.387467,-1.565322,1.566997,-0.046197,0.022327
6.433333,-0.005606,0.038829,0.025703,-0.040419,-0.922372,0.268838,-1.079642,0.012237,0.010773,-0.951907,-1.390260,-1.665322,1.566997,-0.030706,0.011658
6.466667,0.009031,0.031282,0.026870,-0.052562,-0.928221,0.296676,-1.078620,0.012098,0.006630,-0.948493,-1.390260,-1.743977,1.566997,-0.023590,0.000832
6.500000,0.013432,0.031089,0.022271,-0.086238,-0.955944,0.332851,-1.079021,0.011776,0.012462,-0.933778,-1.374758,-1.803000,1.551574,-0.019996,0.022654
6.533333,0.006759,0.033774,0.024761,-0.118685,-1.017688,0.386105,-1.079423,-0.003785,-0.000799,-0.899346,-1.374758,-1.822023,1.519154,-0.008036,0.023044
6.566667,0.020113,0.022418,0.032661,-0.161765,-1.076112,0.417036,-1.053735,0.008720,0.008529,-0.864915,-1.394498,-1.801046,1.463732,0.002195,0.012796
6.600000,0.025108,0.023148,0.040991,-0.198828,-1.133750,0.448585,-1.003919,0.016706,0.023538,-0.798668,-1.394498,-1.740069,1.388309,-0.003866,0.018399
6.633333,0.020303,0.016715,0.036586,-0.228077,-1.198031,0.458104,-0.941934,0.012573,0.024318,-0.698668,-1.389359,-1.660437,1.292886,-0.011112,0.017244
6.666667,0.020574,0.015379,0.040603,-0.229593,-1.247510,0.479910,-0.861764,0.013313,0.025879,-0.599274,-1.404861,-1.560437,1.192886,-0.015987,-0.010669
6.700000,0.034183,0.011079,0.034807,-0.231043,-1.279562,0.471540,-0.790045,0.008263,0.007119,-0.516250,-1.404861,-1.460437,1.092886,-0.012953,-0.016162
6.733333,0.025240,0.002431,0.026995,-0.229900,-1.307703,0.467999,-0.739519,-0.003686,-0.000765,-0.434514,-1.401403,-1.360437,0.992886,-0.008303,-0.017437
6.766667,0.019559,0.003799,0.007274,-0.210951,-1.313869,0.470249,-0.688992,-0.006193,-0.005320,-0.366416,-1.382493,-1.260437,0.892886,-0.017989,-0.016523
6.800000,0.011983,0.013377,0.012725,-0.215489,-1.315095,0.475921,-0.647937,-0.001357,0.008789,-0.313651,-1.385958,-1.160437,0.792886,-0.016420,-0.004311
6.833333,0.005104,0.012881,0.006292,-0.218888,-1.324643,0.455401,-0.632250,0.000111,0.000658,-0.291517,-1.385958,-1.060437,0.693671,-0.011260,0.006040
6.866667,-0.012884,0.012881,-0.006997,-0.204988,-1.333687,0.453722,-0.621474,0.018724,0.006831,-0.256058,-1.365958,-0.960437,0.634456,0.000360,0.019534
6.900000,-0.013157,0.025887,-0.011073,-0.199122,-1.338870,0.449835,-0.616403,0.020564,-0.000016,-0.245309,-1.369417,-0.860437,0.598214,0.004418,0.019997
6.933333,-0.020481,0.023537,-0.004418,-0.212637,-1.348119,0.431449,-0.631464,0.010922,-0.018484,-0.243578,-1.375774,-0.760437,0.565808,0.021040,0.012859
6.966667,-0.021044,0.019856,-0.030301,-0.217154,-1.340248,0.438311,-0.659824,0.024061,-0.026816,-0.266514,-1.377448,-0.660437,0.573403,0.032123,0.001308
7.000000,-0.012347,0.026298,-0.033639,-0.223131,-1.330753,0.457862,-0.676377,0.018491,-0.020064,-0.258213,-1.371412,-0.600437,0.620212,0.036668,0.007933
7.033333,-0.008143,0.031027,-0.022047,-0.241100,-1.340058,0.458573,-0.692809,0.005229,-0.007509,-0.268064,-1.391412,-0.547223,0.642834,0.020377,-0.003316
7.066667,-0.014827,0.033529,-0.025880,-0.235805,-1.342516,0.461513,-0.717019,-0.004702,0.002738,-0.281691,-1.387932,-0.534009,0.682483,0.009661,-0.008820
7.100000,-0.012282,0.038613,-0.020384,-0.246446,-1.353518,0.490538,-0.745861,-0.006490,0.012686,-0.296923,-1.395459,-0.560795,0.758296,0.010777,0.006241
7.133333,-0.005376,0.033478,0.006232,-0.249710,-1.364521,0.496892,-0.766406,-0.028440,0.011381,-0.289105,-1.386099,-0.605473,0.802857,-0.006994,0.008808
7.166667,-0.009873,0.047797,0.013968,-0.258562,-1.358500,0.516748,-0.776394,-0.033132,0.014821,-0.305914,-1.366668,-0.646364,0.845258,-0.022609,0.013598
7.200000,-0.015147,0.044003,0.020698,-0.271698,-1.339311,0.561884,-0.813141,-0.021794,0.013429,-0.309999,-1.356592,-0.719450,0.880058,-0.028120,0.028432
7.233333,0.003812,0.028495,0.027127,-0.293935,-1.316100,0.595948,-0.841684,-0.013762,-0.000273,-0.321779,-1.360072,-0.767093,0.909788,-0.022329,0.029469
7.266667,0.013856,0.025868,0.021608,-0.286272,-1.283666,0.611333,-0.845465,0.003374,0.008584,-0.328532,-1.365096,-0.791754,0.932246,-0.041215,0.018066
7.300000,0.021153,0.025284,0.014442,-0.285142,-1.278236,0.645063,-0.860012,0.009662,0.000109,-0.346929,-1.358677,-0.838524,0.972321,-0.040736,0.023379
7.333333,0.021698,0.004523,0.023158,-0.301576,-1.276408,0.662354,-0.894888,0.020399,0.004673,-0.362078,-1.384144,-0.871330,1.014557,-0.030061,0.011526
7.366667,0.040949,0.003587,0.022227,-0.316133,-1.271207,0.654367,-0.908434,0.012958,0.006750,-0.408751,-1.391873,-0.899646,1.088581,-0.038040,-0.012969
7.400000,0.026788,0.007152,0.020829,-0.320312,-1.272370,0.667343,-0.926172,0.022464,0.017929,-0.431407,-1.391873,-0.953404,1.140594,-0.040832,-0.010687
7.433333,0.024147,0.007739,0.031791,-0.318707,-1.266634,0.698999,-0.943911,0.008156,0.007607,-0.457730,-1.377969,-1.030144,1.176993,-0.025890,-0.012852
7.466667,0.031927,0.012749,0.037404,-0.296015,-1.240738,0.734981,-0.931266,0.019926,0.021476,-0.479507,-1.375311,-1.104230,1.203005,-0.030960,-0.006253
7.500000,0.041783,0.019275,0.041654,-0.268403,-1.235496,0.747401,-0.935289,0.016083,0.006111,-0.519021,-1.367672,-1.196068,1.229018,-0.033529,-0.000717
7.533333,0.017428,0.020866,0.033312,-0.241641,-1.243576,0.759821,-0.960642,0.010395,-0.000503,-0.544146,-1.343841,-1.293413,1.255031,-0.020688,0.017420
7.566667,0.005476,0.031995,0.028376,-0.242901,-1.227254,0.756189,-0.990258,0.009569,0.013409,-0.595822,-1.337663,-1.390759,1.308125,-0.025415,0.033082
7.600000,0.008096,0.035115,0.026437,-0.259150,-1.226861,0.730873,-1.019875,0.011221,0.026971,-0.656801,-1.351567,-1.488105,1.381285,-0.023657,0.043123
7.633333,-0.010350,0.029928,0.015820,-0.275839,-1.235325,0.676922,-1.077456,0.010494,0.015485,-0.719974,-1.360183,-1.578327,1.447909,-0.015396,0.031603
7.666667,-0.004079,0.027280,-0.010714,-0.271553,-1.227055,0.662970,-1.096008,0.022073,0.022968,-0.757312,-1.367822,-1.668549,1.505087,-0.010621,0.029667
7.700000,0.005854,0.027106,0.002751,-0.285727,-1.209776,0.663163,-1.109684,0.029085,0.024815,-0.798470,-1.393194,-1.744048,1.541598,-0.004496,0.030460
7.733333,0.024006,0.013033,0.010026,-0.262465,-1.201285,0.654553,-1.103973,0.025400,0.011917,-0.826577,-1.399372,-1.787883,1.543726,-0.003426,0.013888
7.766667,0.013918,0.016785,0.004855,-0.256514,-1.210830,0.667629,-1.103514,0.023893,0.013172,-0.841445,-1.399372,-1.799823,1.543726,-0.003455,0.016313
7.800000,0.019408,0.016785,0.014547,-0.258564,-1.219331,0.671767,-1.105474,0.017049,0.012052,-0.840956,-1.405119,-1.819510,1.554281,-0.002889,0.016090
7.833333,0.013186,0.017016,0.034344,-0.280315,-1.214459,0.647360,-1.114994,0.007187,0.013786,-0.855203,-1.401456,-1.823995,1.540821,-0.003316,0.022266
7.866667,0.003302,0.022441,0.029948,-0.282029,-1.201891,0.629934,-1.089389,0.009784,0.024422,-0.846448,-1.384642,-1.826341,1.534527,-0.011822,0.009680
7.900000,-0.008029,0.025673,0.030353,-0.288503,-1.217420,0.637003,-1.083172,0.010955,0.021504,-0.841681,-1.384642,-1.836578,1.549578,-0.008142,0.009063
7.933333,-0.006786,0.016698,0.038790,-0.290074,-1.203562,0.604072,-1.089149,0.018191,0.017109,-0.845431,-1.384642,-1.844073,1.549578,-0.003849,0.007842
7.966667,-0.008094,0.024789,0.025103,-0.278298,-1.203299,0.569661,-1.077165,0.013879,0.022868,-0.872308,-1.377213,-1.834230,1.549578,-0.015598,0.013380
8.000000,-0.024986,0.024000,0.019403,-0.252406,-1.212013,0.561811,-1.075928,0.014305,0.016900,-0.871167,-1.380169,-1.823103,1.556102,-0.020967,0.007760
8.033333,-0.004471,0.017156,0.018477,-0.232172,-1.213813,0.532839,-1.084475,0.000504,0.002301,-0.888285,-1.397788,-1.806109,1.559984,-0.024621,0.002840
8.066667,0.004544,0.017090,0.007168,-0.232730,-1.185998,0.497186,-1.075459,0.003626,0.015622,-0.893374,-1.397788,-1.780817,1.559984,-0.053493,0.013313
8.100000,0.007514,0.019324,0.000899,-0.212378,-1.187569,0.481213,-1.056813,0.000512,0.003173,-0.870980,-1.391615,-1.758866,1.539984,-0.066099,0.012048
8.133333,0.013110,0.011232,0.009442,-0.206583,-1.175155,0.495220,-1.023309,-0.004077,-0.003019,-0.814574,-1.380546,-1.716282,1.499984,-0.055136,-0.004284
8.166667,0.031842,0.007913,0.008876,-0.219355,-1.163806,0.480310,-0.999797,-0.011425,-0.015037,-0.758168,-1.376022,-1.650185,1.446920,-0.059984,-0.010099
8.200000,0.025974,0.007913,0.010087,-0.230360,-1.184029,0.482918,-0.966502,-0.002572,-0.009596,-0.685938,-1.373845,-1.566816,1.370000,-0.050340,0.001625
8.233333,0.020754,0.016272,0.025597,-0.221918,-1.211003,0.500143,-0.912279,-0.001096,-0.018675,-0.605922,-1.373845,-1.475520,1.270000,-0.022882,0.000556
8.266667,0.040071,0.031248,0.038732,-0.243641,-1.219316,0.516947,-0.850238,0.003114,0.008754,-0.525906,-1.380018,-1.375520,1.175772,-0.025069,0.007046
8.300000,0.038419,0.031248,0.048947,-0.256290,-1.249573,0.504527,-0.821016,0.004247,0.017702,-0.465063,-1.395021,-1.275520,1.081545,-0.026277,0.017106
8.333333,0.028602,0.031248,0.036872,-0.243535,-1.260763,0.504287,-0.781238,0.018993,0.025081,-0.415306,-1.400253,-1.175520,1.006088,-0.018971,0.025158
8.366667,0.019687,0.043585,0.037112,-0.250444,-1.269564,0.526529,-0.741458,0.004866,0.038243,-0.379571,-1.402429,-1.075520,0.970632,-0.017339,0.032878
8.400000,0.024495,0.031441,0.034193,-0.261007,-1.296159,0.518158,-0.740169,-0.002380,0.030372,-0.350585,-1.401394,-0.975520,0.935175,-0.014857,0.029695
8.433333,0.010926,0.020338,0.013117,-0.253237,-1.315167,0.523062,-0.768329,-0.010069,0.015617,-0.349642,-1.383971,-0.875520,0.896398,0.001798,0.026893
8.466667,0.007299,0.022793,-0.005599,-0.257792,-1.319678,0.538463,-0.784157,-0.003059,0.005290,-0.329526,-1.380235,-0.806446,0.867067,-0.005050,0.040428
8.500000,0.002092,0.022793,0.007642,-0.274561,-1.346595,0.548382,-0.787243,-0.010316,0.012742,-0.323853,-1.380235,-0.737373,0.839424,-0.004916,0.037167
8.533333,0.005331,0.014120,0.002454,-0.251330,-1.364610,0.536649,-0.810690,0.004251,0.007198,-0.312639,-1.380235,-0.698710,0.782093,-0.006650,0.031931
8.566667,0.000835,0.014120,0.001754,-0.254143,-1.372345,0.537593,-0.816354,0.014011,0.021281,-0.313294,-1.381271,-0.681505,0.764762,-0.019142,0.038767
8.600000,-0.003701,0.006118,0.007515,-0.251739,-1.380225,0.525880,-0.810650,0.015026,0.008581,-0.300449,-1.398693,-0.677806,0.763833,-0.026779,0.028008
8.633333,0.002822,0.003663,0.023532,-0.255225,-1.366394,0.520896,-0.793279,0.008740,0.012001,-0.322885,-1.390000,-0.683180,0.773011,-0.016359,0.007437
8.666667,0.006588,0.007077,0.015634,-0.255321,-1.339980,0.540116,-0.785580,0.012925,0.015600,-0.346273,-1.390000,-0.714447,0.793511,-0.021031,-0.000973
8.700000,0.007489,0.003956,0.017771,-0.271406,-1.325235,0.541160,-0.784689,0.009047,0.007622,-0.352320,-1.388227,-0.726483,0.822054,-0.018974,-0.004541
8.733333,0.020547,0.003956,0.007348,-0.258110,-1.308138,0.553422,-0.761581,0.003245,0.000143,-0.368625,-1.388227,-0.750963,0.850597,-0.010168,-0.017443
8.766667,0.025440,0.008698,-0.003779,-0.254418,-1.314240,0.545808,-0.754339,0.002072,-0.002422,-0.370387,-1.388227,-0.777021,0.870091,-0.008080,-0.009295
8.800000,0.018672,0.008902,-0.008465,-0.250988,-1.330848,0.543157,-0.755036,0.003474,0.000503,-0.364328,-1.401165,-0.796984,0.895896,-0.011582,-0.005557
8.833333,0.013822,0.005488,0.003214,-0.254458,-1.337635,0.509137,-0.766724,0.002789,-0.005258,-0.355632,-1.390787,-0.802357,0.904689,-0.018503,0.013363
8.866667,0.014012,0.016525,0.009731,-0.281940,-1.334067,0.478971,-0.756727,0.001888,0.009298,-0.363316,-1.392560,-0.816987,0.935129,-0.024877,0.018617
8.900000,0.003707,0.017810,0.019792,-0.300436,-1.337813,0.455523,-0.771221,-0.003039,0.005127,-0.350648,-1.384814,-0.829856,0.932080,-0.022414,0.022418
8.933333,-0.000015,0.014354,0.030944,-0.308620,-1.324461,0.457181,-0.771766,-0.002414,0.009710,-0.357980,-1.377068,-0.847641,0.939225,-0.022615,0.017624
8.966667,0.008199,0.014150,0.036231,-0.309368,-1.310858,0.474946,-0.748373,0.014300,0.000337,-0.377852,-1.377825,-0.871521,0.920507,-0.006850,0.012442
9.000000,0.017471,0.014150,0.036251,-0.323082,-1.337254,0.524079,-0.698345,0.013769,0.007763,-0.413880,-1.380097,-0.924098,0.899933,-0.000496,0.006930
9.033333,0.017582,0.003111,0.028257,-0.319190,-1.357101,0.591830,-0.664356,0.015125,-0.011237,-0.473528,-1.380096,-0.996240,0.863425,0.008116,-0.000722
9.066667,0.006378,0.006082,0.020383,-0.334252,-1.370453,0.655446,-0.627458,0.011551,-0.010714,-0.541045,-1.368837,-1.076240,0.860406,0.017394,-0.009213
9.100000,0.007765,0.006527,0.012563,-0.348609,-1.373288,0.709553,-0.590732,0.002131,-0.016590,-0.600254,-1.371907,-1.176240,0.846214,0.018520,-0.010027
9.133333,-0.000311,0.006527,0.005385,-0.370774,-1.396385,0.734874,-0.574148,-0.014594,-0.014317,-0.643249,-1.377544,-1.276240,0.844632,0.005526,-0.005943
9.166667,-0.024705,0.010275,-0.020933,-0.360701,-1.397651,0.760195,-0.569647,-0.012675,-0.035590,-0.663907,-1.364985,-1.355295,0.856415,0.011227,-0.016611
9.200000,-0.026534,0.016920,-0.029387,-0.368235,-1.385446,0.796999,-0.564421,-0.007350,-0.040331,-0.651394,-1.364318,-1.430927,0.852704,0.021284,-0.001138
9.233333,-0.017475,0.013510,-0.021618,-0.372340,-1.385446,0.797936,-0.566848,-0.004472,-0.045879,-0.643916,-1.383324,-1.466560,0.826948,0.012560,0.003328
9.266667,-0.026649,0.016521,-0.028279,-0.361408,-1.395963,0.783276,-0.569840,0.007801,-0.058721,-0.629545,-1.372197,-1.462192,0.805325,-0.000698,0.009542
9.300000,-0.032299,0.030108,-0.027860,-0.361980,-1.395963,0.797402,-0.578057,0.011026,-0.051795,-0.627979,-1.372863,-1.456798,0.811092,0.004091,0.025536
9.333333,-0.013202,0.028802,-0.007435,-0.383504,-1.394603,0.799861,-0.591132,0.005337,-0.044156,-0.625059,-1.393530,-1.448295,0.796481,0.003068,0.027420
9.366667,-0.001387,0.022482,0.000772,-0.386479,-1.383615,0.781097,-0.583412,0.013859,-0.022369,-0.640757,-1.382337,-1.433061,0.785370,-0.019483,0.015535
9.400000,-0.001330,0.041033,-0.001742,-0.392080,-1.380422,0.800045,-0.583894,0.009984,-0.020783,-0.624485,-1.350478,-1.457827,0.780463,-0.028240,0.031884
9.433333,0.008892,0.037447,0.011574,-0.422690,-1.373945,0.836737,-0.592735,0.006563,-0.005661,-0.643413,-1.354423,-1.484874,0.799712,-0.013728,0.022356
9.466667,0.021449,0.029008,0.014794,-0.430373,-1.355237,0.859921,-0.607208,0.008201,-0.011651,-0.665749,-1.351922,-1.505324,0.800249,-0.009065,0.010306
9.500000,0.025194,0.027576,0.012326,-0.452058,-1.358430,0.878020,-0.628040,0.008579,-0.006878,-0.681767,-1.329421,-1.547601,0.812117,-0.005099,0.030581
9.533333,0.017722,0.031006,0.016657,-0.464013,-1.373907,0.910443,-0.663071,-0.005178,-0.021031,-0.689400,-1.338779,-1.567512,0.849548,0.004496,0.029325
9.566667,0.028533,0.020315,0.027199,-0.489293,-1.369915,0.925824,-0.685249,0.010524,-0.011930,-0.725420,-1.370638,-1.570366,0.902819,0.014331,0.018572
9.600000,0.031645,0.021788,0.037360,-0.511529,-1.369365,0.955906,-0.689590,0.021923,0.000867,-0.757519,-1.382497,-1.609510,0.938826,0.008700,0.021283
9.633333,0.026511,0.016640,0.034602,-0.539226,-1.361773,0.990230,-0.702932,0.019370,0.002313,-0.749846,-1.370793,-1.630892,0.957612,0.001435,0.019192
9.666667,0.025946,0.015629,0.040602,-0.546023,-1.332031,1.041304,-0.696028,0.021424,0.005307,-0.772184,-1.386395,-1.633592,0.998262,-0.003141,-0.009649
9.700000,0.038219,0.011334,0.036534,-0.566508,-1.302400,1.097090,-0.714841,0.019450,-0.012772,-0.803437,-1.388896,-1.656961,1.017330,0.000759,-0.014137
9.733333,0.030406,0.002629,0.028652,-0.584094,-1.283431,1.155414,-0.739758,0.008401,-0.018123,-0.805723,-1.377985,-1.667052,1.007639,0.005041,-0.016300
9.766667,0.024590,0.004758,0.009803,-0.586066,-1.251327,1.218585,-0.753416,0.008087,-0.018491,-0.782391,-1.352249,-1.650558,0.998577,-0.004648,-0.014424
9.800000,0.017417,0.015738,0.015796,-0.605503,-1.233673,1.274927,-0.758981,0.012279,-0.003971,-0.773813,-1.359694,-1.627974,0.989872,-0.002620,-0.001629
9.833333,0.010678,0.015738,0.009631,-0.623773,-1.231647,1.307344,-0.788559,0.015515,-0.012384,-0.757368,-1.364683,-1.610517,0.976808,0.000624,0.008664
9.866667,-0.006587,0.015738,-0.003984,-0.621436,-1.232189,1.327004,-0.790543,0.032879,-0.005432,-0.716557,-1.342774,-1.578671,0.983020,0.011091,0.023837
9.900000,-0.005547,0.028618,-0.007806,-0.625693,-1.229967,1.344677,-0.794267,0.034706,-0.014077,-0.703661,-1.351775,-1.566352,0.994840,0.015073,0.026577
9.933333,-0.011582,0.026055,-0.001979,-0.649800,-1.233445,1.341389,-0.818014,0.024453,-0.033967,-0.705141,-1.358652,-1.548577,0.987587,0.030946,0.020113
9.966667,-0.014952,0.021567,-0.028259,-0.662050,-1.221746,1.354199,-0.841016,0.037623,-0.042314,-0.731637,-1.365412,-1.543229,1.015910,0.043625,0.010420
10.000000,-0.004867,0.029671,-0.031759,-0.667939,-1.209736,1.365225,-0.847601,0.033233,-0.035236,-0.726002,-1.354328,-1.553665,1.027290,0.048063,0.017148
10.033333,-0.001051,0.034038,-0.020337,-0.683851,-1.215501,1.357070,-0.851436,0.019982,-0.021776,-0.743273,-1.371571,-1.564340,1.013617,0.033911,0.005294
10.066667,-0.008132,0.037967,-0.024873,-0.671987,-1.216299,1.331231,-0.853033,0.009372,-0.011602,-0.762230,-1.361039,-1.569481,1.015303,0.025858,-0.000990
10.100000,-0.006907,0.042058,-0.018581,-0.670023,-1.238628,1.329060,-0.853337,0.007415,-0.001820,-0.776032,-1.365649,-1.607273,1.043421,0.028459,0.013640
10.133333,0.000082,0.037557,0.007432,-0.662141,-1.260957,1.291708,-0.848044,-0.014466,-0.004836,-0.766356,-1.347860,-1.624376,1.032518,0.009014,0.013818
10.166667,-0.007518,0.051444,0.014245,-0.656853,-1.261434,1.276798,-0.832812,-0.021126,-0.003083,-0.776530,-1.327446,-1.627145,1.034470,-0.005449,0.018337
10.200000,-0.012596,0.049068,0.020673,-0.651311,-1.252639,1.270794,-0.838605,-0.011297,-0.006340,-0.775633,-1.313160,-1.655916,1.030285,-0.009537,0.032308
10.233333,0.006267,0.032260,0.027245,-0.652240,-1.240938,1.261254,-0.837517,-0.003898,-0.017825,-0.779628,-1.325602,-1.670275,1.024942,-0.004078,0.033266
10.266667,0.016848,0.030466,0.020984,-0.622302,-1.210515,1.218728,-0.817697,0.012235,-0.010838,-0.782620,-1.338167,-1.659122,1.016341,-0.022312,0.020500
10.300000,0.025861,0.029756,0.014350,-0.588205,-1.212819,1.181859,-0.795128,0.016480,-0.018251,-0.794361,-1.334273,-1.686703,1.027772,-0.020199,0.023771
10.333333,0.029793,0.007765,0.023804,-0.572378,-1.226465,1.120555,-0.787379,0.025016,-0.014813,-0.805109,-1.365998,-1.697664,1.042763,-0.007802,0.011501
10.366667,0.048746,0.005773,0.022542,-0.559756,-1.235467,1.050344,-0.764218,0.017665,-0.013592,-0.841153,-1.375150,-1.687067,1.093615,-0.018225,-0.015738
10.400000,0.032586,0.009385,0.021589,-0.546914,-1.250518,1.020133,-0.749794,0.026230,-0.005868,-0.843695,-1.375150,-1.694962,1.113417,-0.023924,-0.015193
10.433333,0.027732,0.009405,0.032209,-0.533060,-1.254296,1.022906,-0.735371,0.012103,-0.017052,-0.841936,-1.356834,-1.715387,1.113800,-0.010268,-0.019337
10.466667,0.035948,0.013011,0.037396,-0.518899,-1.229538,1.055204,-0.713252,0.025209,-0.005318,-0.834572,-1.353074,-1.718659,1.108913,-0.016597,-0.012887
10.500000,0.043654,0.019755,0.041321,-0.512300,-1.217843,1.101127,-0.715601,0.023162,-0.019499,-0.823648,-1.336771,-1.729911,1.098085,-0.018466,-0.005238
10.533333,0.018540,0.021255,0.033398,-0.527926,-1.210449,1.187051,-0.742767,0.016361,-0.025035,-0.784116,-1.308583,-1.741879,1.086889,-0.004539,0.018204
10.566667,0.008809,0.032218,0.027349,-0.569907,-1.176450,1.272974,-0.777886,0.015945,-0.009931,-0.783594,-1.290597,-1.745956,1.115692,-0.004930,0.035604
10.600000,0.011577,0.035389,0.023930,-0.647664,-1.138191,1.358898,-0.853005,0.017526,0.003633,-0.797922,-1.297044,-1.762422,1.179332,0.000427,0.050370
10.633333,-0.007401,0.030502,0.010966,-0.733749,-1.103621,1.431507,-0.953005,0.014347,-0.008112,-0.821691,-1.288935,-1.759428,1.252621,0.011186,0.043572
10.666667,-0.000594,0.028712,-0.017852,-0.792271,-1.054654,1.518193,-1.046466,0.023994,-0.001251,-0.842807,-1.293370,-1.779406,1.337640,0.016720,0.043913
10.700000,0.008979,0.029514,-0.006868,-0.850793,-1.001845,1.592668,-1.139927,0.032656,-0.000595,-0.886510,-1.302591,-1.807672,1.400273,0.023956,0.046316
10.733333,0.024982,0.015929,-0.001187,-0.878036,-0.955405,1.638193,-1.218157,0.029442,-0.015055,-0.917763,-1.305143,-1.823844,1.431749,0.027294,0.030951
10.766667,0.016125,0.020179,-0.007154,-0.895313,-0.948964,1.680619,-1.259498,0.026621,-0.013340,-0.940825,-1.298565,-1.811459,1.463225,0.025161,0.032399
10.800000,0.021146,0.020179,0.002394,-0.909710,-0.951688,1.704397,-1.300840,0.022598,-0.013758,-0.942757,-1.299379,-1.831718,1.482546,0.025277,0.033957
10.833333,0.013461,0.020412,0.022738,-0.936870,-0.950068,1.695011,-1.311098,0.012321,-0.011629,-0.959371,-1.282130,-1.837021,1.461867,0.025051,0.038611
10.866667,0.003009,0.025563,0.017934,-0.933746,-0.949301,1.672822,-1.281355,0.016014,-0.001444,-0.945154,-1.266490,-1.830347,1.439301,0.016565,0.025046
10.900000,-0.006493,0.028820,0.018799,-0.926258,-0.982167,1.669235,-1.247054,0.017924,-0.001778,-0.931562,-1.257519,-1.829379,1.427844,0.016437,0.023014
10.933333,-0.004963,0.018466,0.027708,-0.904954,-1.000648,1.628748,-1.209641,0.024192,-0.005126,-0.919445,-1.264913,-1.822235,1.384730,0.021178,0.023597
10.966667,-0.004940,0.025939,0.014387,-0.860446,-1.042087,1.580223,-1.132228,0.018509,0.000415,-0.930210,-1.265939,-1.802695,1.346419,0.007223,0.025786
11.000000,-0.019039,0.023652,0.008630,-0.790738,-1.101048,1.524862,-1.052439,0.017506,-0.005928,-0.913652,-1.278217,-1.781551,1.308107,0.000138,0.016970
11.033333,0.001688,0.016198,0.010130,-0.711314,-1.156869,1.454514,-0.972650,0.001606,-0.019559,-0.922193,-1.309738,-1.768585,1.272332,-0.004175,0.008863
11.066667,0.010505,0.016585,-0.000452,-0.627533,-1.183693,1.354514,-0.874227,0.004421,-0.008778,-0.924124,-1.334144,-1.758463,1.245412,-0.034706,0.016364
11.100000,0.013689,0.019389,-0.006125,-0.527533,-1.224901,1.254514,-0.789496,0.002193,-0.023064,-0.903543,-1.329631,-1.766533,1.210148,-0.049742,0.011590
11.133333,0.017460,0.011916,0.003005,-0.428419,-1.240234,1.154514,-0.720899,-0.002243,-0.028286,-0.874503,-1.331077,-1.770214,1.174944,-0.037354,-0.007213
11.166667,0.035611,0.009017,0.003252,-0.354366,-1.238699,1.054514,-0.691265,-0.008633,-0.039085,-0.867550,-1.338256,-1.763915,1.151758,-0.043481,-0.012870
11.200000,0.030349,0.009520,0.003205,-0.298952,-1.255991,0.954514,-0.663384,0.001211,-0.033526,-0.848875,-1.339835,-1.761704,1.143697,-0.035902,-0.002532
11.233333,0.024825,0.018793,0.018672,-0.247760,-1.276861,0.854514,-0.639438,0.001371,-0.040738,-0.828153,-1.337455,-1.756882,1.131448,-0.007975,-0.004779
11.266667,0.043183,0.034918,0.032491,-0.234530,-1.278362,0.754514,-0.601799,0.007915,-0.010950,-0.807430,-1.354703,-1.754737,1.151366,-0.010789,0.000344
11.300000,0.043020,0.036632,0.043869,-0.228495,-1.298807,0.654514,-0.588026,0.010351,-0.001364,-0.798986,-1.365911,-1.756891,1.153188,-0.013866,0.011646
11.333333,0.031813,0.037906,0.032301,-0.205372,-1.302909,0.554514,-0.558375,0.026863,0.005460,-0.782495,-1.373866,-1.755405,1.173926,-0.005392,0.017965
11.366667,0.024261,0.050532,0.033914,-0.203609,-1.305557,0.454514,-0.526972,0.013599,0.018199,-0.775965,-1.374908,-1.762525,1.201646,-0.004367,0.025416
11.400000,0.029639,0.038125,0.031908,-0.207999,-1.327847,0.354514,-0.529760,0.007625,0.010558,-0.773018,-1.360970,-1.770641,1.204746,-0.002177,0.024539
11.433333,0.016250,0.027273,0.011579,-0.195007,-1.343021,0.278916,-0.562196,-0.000070,-0.003448,-0.796798,-1.330258,-1.756076,1.189548,0.013775,0.022619
11.466667,0.011402,0.029800,-0.006096,-0.197679,-1.345365,0.213508,-0.582048,0.006440,-0.012976,-0.785899,-1.321919,-1.758967,1.187373,0.008071,0.035491
11.500000,0.008447,0.029135,0.008463,-0.209798,-1.372312,0.155361,-0.582433,-0.000339,-0.004556,-0.791322,-1.311230,-1.761343,1.175743,0.007021,0.032645
11.533333,0.013147,0.021310,0.003756,-0.181917,-1.388352,0.122060,-0.605525,0.013708,-0.009921,-0.785399,-1.316373,-1.750357,1.129175,0.005173,0.027509
11.566667,0.008202,0.019810,0.003536,-0.183661,-1.390170,0.117875,-0.611450,0.024669,0.005238,-0.785793,-1.322177,-1.743443,1.122608,-0.008421,0.033839
11.600000,0.005222,0.010551,0.009564,-0.185778,-1.396942,0.117468,-0.607335,0.023907,-0.009571,-0.772239,-1.339296,-1.744639,1.111899,-0.014765,0.022015
11.633333,0.012848,0.006310,0.025102,-0.196122,-1.383474,0.136652,-0.595433,0.017271,-0.006424,-0.790008,-1.333100,-1.737455,1.102364,-0.005997,0.000278
11.666667,0.015899,0.010803,0.015936,-0.211812,-1.354854,0.188577,-0.595456,0.021087,-0.002127,-0.800155,-1.333586,-1.734413,1.092089,-0.011042,-0.007459
11.700000,0.014820,0.006825,0.017779,-0.248693,-1.342773,0.255654,-0.595242,0.017893,-0.009139,-0.796417,-1.327696,-1.708815,1.081717,-0.007587,-0.010056
11.733333,0.029526,0.006825,0.006517,-0.255865,-1.333936,0.333553,-0.572493,0.009686,-0.019257,-0.803261,-1.338211,-1.692395,1.071345,0.001370,-0.022417
11.766667,0.033936,0.011320,-0.004735,-0.275504,-1.335468,0.395806,-0.557173,0.007852,-0.019875,-0.797327,-1.348554,-1.665825,1.051246,0.002208,-0.012961
11.800000,0.026331,0.011651,-0.009550,-0.293398,-1.356433,0.468276,-0.543861,0.009857,-0.019880,-0.764176,-1.374525,-1.619697,1.016950,-0.000806,-0.006500
11.833333,0.021272,0.006549,0.001688,-0.313915,-1.367947,0.519488,-0.543042,0.007639,-0.025895,-0.731951,-1.377871,-1.570438,0.974497,-0.007131,0.012126
11.866667,0.021777,0.016152,0.007658,-0.353240,-1.369893,0.542287,-0.525672,0.006769,-0.010303,-0.713431,-1.388881,-1.529385,0.967079,-0.014586,0.019483
11.900000,0.009980,0.017989,0.018046,-0.382276,-1.377891,0.565148,-0.532580,0.000952,-0.013147,-0.672751,-1.382174,-1.491858,0.919723,-0.012880,0.022190
11.933333,0.005281,0.014934,0.028892,-0.395767,-1.377051,0.603160,-0.532449,0.001074,-0.009159,-0.652070,-1.378716,-1.474331,0.892366,-0.013326,0.016041
11.966667,0.009018,0.014603,0.035713,-0.419029,-1.356779,0.641173,-0.550681,0.017809,-0.008706,-0.667283,-1.359631,-1.457755,0.905010,-0.004555,0.008350
12.000000,0.015308,0.014611,0.037965,-0.456903,-1.336507,0.700443,-0.580880,0.020043,0.005392,-0.698828,-1.323171,-1.452146,0.945071,-0.005225,0.001833
12.033333,0.010359,0.004129,0.032543,-0.494778,-1.294540,0.788127,-0.645157,0.021071,-0.006155,-0.756667,-1.256464,-1.449577,0.985132,-0.005409,-0.008545
12.066667,-0.005360,0.005397,0.027509,-0.572653,-1.246225,0.875811,-0.725157,0.020908,0.000955,-0.822910,-1.176464,-1.443662,1.065132,-0.003353,-0.015034
12.100000,-0.007285,0.005011,0.022970,-0.672653,-1.182523,0.975811,-0.825157,0.015859,0.001501,-0.882701,-1.089442,-1.448493,1.165132,-0.008609,-0.015610
12.133333,-0.015572,0.005011,0.016436,-0.772653,-1.152223,1.075811,-0.925157,-0.000464,0.002439,-0.932619,-1.023015,-1.442992,1.265132,-0.022057,-0.012023
12.166667,-0.042783,0.008339,-0.009114,-0.845449,-1.138134,1.175811,-1.025157,0.000470,-0.019326,-0.959106,-0.956588,-1.436064,1.365132,-0.015779,-0.020716
12.200000,-0.045152,0.014187,-0.016917,-0.918246,-1.124622,1.275811,-1.125157,0.005220,-0.023808,-0.956540,-0.930161,-1.457467,1.446106,-0.005366,-0.004435
12.233333,-0.037718,0.011082,-0.009484,-0.969920,-1.123970,1.340782,-1.225157,0.006672,-0.026813,-0.961541,-0.924421,-1.452093,1.507080,-0.014233,-0.000924
12.266667,-0.048745,0.013688,-0.016225,-0.981594,-1.148148,1.365753,-1.325157,0.019169,-0.039592,-0.963876,-0.907625,-1.415972,1.544876,-0.028121,0.005971
12.300000,-0.054099,0.027057,-0.015495,-0.993268,-1.153177,1.387363,-1.414125,0.022990,-0.032273,-0.967967,-0.910235,-1.417171,1.565850,-0.025276,0.022649
12.333333,-0.035806,0.025450,0.005989,-1.013222,-1.156142,1.390771,-1.483094,0.017642,-0.022752,-0.970987,-0.930842,-1.409232,1.566205,-0.027436,0.022348
12.366667,-0.025070,0.019741,0.013074,-1.008647,-1.149793,1.361580,-1.512063,0.025772,-0.001872,-0.984393,-0.919136,-1.377338,1.554000,-0.052193,0.008912
12.400000,-0.021953,0.039042,0.009109,-1.001567,-1.147637,1.361471,-1.537947,0.021410,-0.001900,-0.963989,-0.886742,-1.376266,1.546346,-0.060960,0.023657
12.433333,-0.013066,0.035142,0.020530,-1.019890,-1.138397,1.375706,-1.546915,0.016804,0.014026,-0.966115,-0.892426,-1.375193,1.549523,-0.044465,0.010708
12.466667,0.000236,0.027113,0.021169,-1.013942,-1.122087,1.377441,-1.546915,0.016125,0.007993,-0.965690,-0.882153,-1.334120,1.549523,-0.037748,-0.001615
12.500000,0.005734,0.026774,0.015658,-1.026918,-1.131630,1.377881,-1.546915,0.015049,0.012762,-0.949766,-0.853882,-1.282328,1.547748,-0.031780,0.020662
12.533333,-0.000794,0.030203,0.018277,-1.037418,-1.159928,1.392753,-1.564325,0.001993,-0.001198,-0.912509,-0.851223,-1.214492,1.559952,-0.016447,0.022035
12.566667,0.011319,0.019291,0.027262,-1.060355,-1.171228,1.385162,-1.566092,0.017304,0.008506,-0.875253,-0.876726,-1.114492,1.567606,-0.006697,0.012582
12.600000,0.018098,0.021300,0.035765,-1.085526,-1.180867,1.395723,-1.555344,0.026487,0.024067,-0.804584,-0.870143,-1.014492,1.567606,-0.013878,0.020105
12.633333,0.014822,0.015960,0.031087,-1.114778,-1.191875,1.404129,-1.555344,0.021718,0.027891,-0.704584,-0.839518,-0.914492,1.562446,-0.021516,0.022465
12.666667,0.017723,0.015650,0.034735,-1.115102,-1.182929,1.432029,-1.535344,0.023335,0.032259,-0.604584,-0.820028,-0.814492,1.564839,-0.028367,-0.005946
12.700000,0.032450,0.011635,0.028445,-1.131135,-1.169037,1.452618,-1.537620,0.019229,0.015845,-0.510288,-0.796628,-0.714492,1.564840,-0.027087,-0.008869
12.733333,0.025240,0.003390,0.019754,-1.141618,-1.165147,1.478378,-1.538938,0.008974,0.011207,-0.415992,-0.747868,-0.614492,1.564840,-0.021402,-0.008871
12.766667,0.019422,0.006262,-0.000342,-1.125992,-1.153201,1.497892,-1.531344,0.008592,0.009968,-0.335430,-0.695937,-0.514492,1.564840,-0.031715,-0.008029
12.800000,0.011800,0.015949,0.005131,-1.130555,-1.148132,1.512474,-1.525036,0.015441,0.024751,-0.271788,-0.682079,-0.414492,1.562945,-0.030013,0.004859
12.833333,0.003892,0.014868,-0.000820,-1.138226,-1.153890,1.499931,-1.545036,0.017941,0.016490,-0.239480,-0.680803,-0.314492,1.562945,-0.026015,0.016603
12.866667,-0.012761,0.014868,-0.012801,-1.117193,-1.161802,1.484589,-1.531733,0.036108,0.023891,-0.208932,-0.650140,-0.214492,1.562945,-0.018906,0.029370
12.900000,-0.013770,0.028391,-0.015957,-1.108065,-1.166953,1.470847,-1.531733,0.038010,0.016494,-0.210052,-0.656674,-0.114492,1.562945,-0.015122,0.032256
12.933333,-0.018606,0.024828,-0.009796,-1.121437,-1.173199,1.446126,-1.550075,0.028744,-0.004028,-0.226065,-0.680545,-0.014492,1.558542,0.001309,0.025485
12.966667,-0.020360,0.021215,-0.036438,-1.119217,-1.164017,1.443212,-1.556383,0.042243,-0.012904,-0.265158,-0.706342,0.058916,1.565597,0.012698,0.010677
13.000000,-0.012119,0.028239,-0.040473,-1.113364,-1.153574,1.434807,-1.554225,0.037414,-0.007589,-0.280241,-0.735559,0.092323,1.565597,0.018376,0.015732
13.033333,-0.009810,0.032817,-0.030357,-1.122391,-1.163198,1.414681,-1.561163,0.022418,0.002707,-0.327448,-0.798055,0.085730,1.564279,0.004507,0.003521
13.066667,-0.018014,0.035227,-0.034577,-1.105466,-1.163639,1.387819,-1.561163,0.011195,0.010346,-0.382987,-0.840573,0.039138,1.564279,-0.006763,-0.005575
13.100000,-0.019080,0.040463,-0.026894,-1.095982,-1.180363,1.385685,-1.559071,0.006335,0.019879,-0.436712,-0.884371,-0.047455,1.568682,-0.004586,0.009062
13.133333,-0.014372,0.035477,0.002106,-1.087762,-1.197087,1.353970,-1.559070,-0.014561,0.014561,-0.476244,-0.905543,-0.147455,1.562060,-0.023219,0.010059
13.166667,-0.020585,0.049541,0.010867,-1.081151,-1.192991,1.354871,-1.542664,-0.021719,0.014135,-0.537279,-0.904907,-0.247455,1.562060,-0.040511,0.013792
13.200000,-0.027556,0.046051,0.018527,-1.085426,-1.172662,1.382032,-1.549343,-0.009436,0.010896,-0.584066,-0.902575,-0.347455,1.556319,-0.044063,0.025929
13.233333,-0.009581,0.029974,0.025912,-1.093636,-1.149212,1.400964,-1.549343,-0.001973,-0.001559,-0.630853,-0.920222,-0.447455,1.556319,-0.036743,0.026475
13.266667,-0.000938,0.026741,0.019515,-1.080415,-1.109245,1.403889,-1.535410,0.016963,0.002962,-0.690827,-0.932003,-0.547455,1.556319,-0.055516,0.012504
13.300000,0.006999,0.025653,0.012318,-1.055650,-1.094031,1.425467,-1.535410,0.020745,-0.004757,-0.764995,-0.926410,-0.647455,1.562941,-0.053926,0.016772
13.333333,0.007705,0.004565,0.022366,-1.047577,-1.088281,1.426464,-1.553974,0.032442,-0.000568,-0.840434,-0.955488,-0.747455,1.562941,-0.041654,0.004351
13.366667,0.028657,0.003477,0.022948,-1.028128,-1.080309,1.401203,-1.553974,0.026883,0.000793,-0.930532,-0.966594,-0.847455,1.570000,-0.051050,-0.021746
13.400000,0.012358,0.006128,0.022726,-1.013809,-1.079351,1.412543,-1.553974,0.036655,0.006790,-0.985857,-0.969053,-0.947455,1.570000,-0.054893,-0.019533
13.433333,0.008520,0.005431,0.035435,-0.989454,-1.071451,1.439893,-1.555435,0.023455,-0.004205,-1.013330,-0.954018,-1.047455,1.562363,-0.039129,-0.021338
13.466667,0.015585,0.008687,0.041301,-0.959084,-1.045553,1.479312,-1.530395,0.034632,0.006581,-1.015985,-0.952012,-1.147455,1.545068,-0.044471,-0.013802
13.500000,0.024534,0.014385,0.044899,-0.935422,-1.041396,1.499312,-1.525354,0.031873,-0.008730,-1.005800,-0.938245,-1.247455,1.533165,-0.046404,-0.008260
13.533333,-0.001333,0.015343,0.035800,-0.920463,-1.054607,1.532162,-1.525354,0.025761,-0.017847,-0.965578,-0.910867,-1.347455,1.533165,-0.032287,0.012083
13.566667,-0.011098,0.027661,0.029972,-0.927226,-1.042864,1.553391,-1.525354,0.026709,-0.004201,-0.957909,-0.892134,-1.422266,1.533165,-0.035275,0.027154
13.600000,-0.007027,0.031391,0.026029,-0.953774,-1.050938,1.551561,-1.527267,0.027943,0.009647,-0.955247,-0.900829,-1.490201,1.540802,-0.033281,0.038302
13.633333,-0.024744,0.028135,0.015015,-0.979146,-1.069885,1.519210,-1.552308,0.027130,-0.001433,-0.962685,-0.897287,-1.519426,1.552393,-0.023379,0.027842
13.666667,-0.017922,0.026648,-0.011606,-0.979119,-1.072508,1.526860,-1.546848,0.037990,0.004932,-0.962593,-0.905506,-1.548621,1.564297,-0.017945,0.027041
13.700000,-0.006826,0.027229,0.001203,-0.995999,-1.061771,1.544101,-1.546848,0.043763,0.007392,-0.980745,-0.919986,-1.556452,1.564297,-0.010693,0.027749
13.733333,0.011023,0.012349,0.007552,-0.977523,-1.063414,1.541947,-1.546848,0.038309,-0.004923,-0.988806,-0.928068,-1.563998,1.551018,-0.008808,0.011240
13.766667,-0.000433,0.017372,0.002019,-0.972384,-1.078678,1.562853,-1.548206,0.035500,-0.004571,-1.001023,-0.923945,-1.553322,1.551018,-0.009488,0.013186
13.800000,0.004329,0.017372,0.011070,-0.985700,-1.093103,1.589155,-1.548206,0.029797,-0.007248,-0.996774,-0.926750,-1.581356,1.556721,-0.010994,0.012802
13.833333,-0.002309,0.017295,0.030833,-1.016732,-1.092038,1.592337,-1.558707,0.018276,-0.005019,-1.013411,-0.911422,-1.609420,1.549341,-0.012928,0.017892
13.866667,-0.013220,0.021705,0.026659,-1.014822,-1.085953,1.583820,-1.538707,0.023427,0.004542,-1.007874,-0.898289,-1.658848,1.538810,-0.023117,0.005153
13.900000,-0.025183,0.024886,0.028178,-1.008267,-1.104865,1.586290,-1.538707,0.024564,0.000575,-1.003443,-0.891554,-1.733750,1.544125,-0.022844,0.003985
13.933333,-0.024475,0.014295,0.038457,-0.968590,-1.105922,1.548760,-1.530000,0.030841,-0.006421,-0.990371,-0.906417,-1.829637,1.522126,-0.019695,0.001249
13.966667,-0.025541,0.022533,0.026155,-0.903519,-1.129006,1.496353,-1.490000,0.025893,-0.001292,-0.968482,-0.913561,-1.885525,1.480127,-0.030186,0.003299
14.000000,-0.039972,0.022534,0.018090,-0.810577,-1.156873,1.427066,-1.430000,0.027361,-0.007775,-0.915980,-0.933721,-1.901412,1.425507,-0.030577,-0.008525
14.033333,-0.018943,0.017742,0.015751,-0.710577,-1.168178,1.347037,-1.370000,0.013533,-0.021056,-0.857445,-0.984709,-1.877300,1.354039,-0.031113,-0.017076
14.066667,-0.006752,0.018658,0.001362,-0.610577,-1.142106,1.247037,-1.270000,0.016212,-0.006491,-0.770116,-1.035301,-1.813187,1.260005,-0.055340,-0.010507
14.100000,-0.000438,0.021795,-0.007365,-0.510577,-1.127419,1.147037,-1.170000,0.011323,-0.015288,-0.670116,-1.060290,-1.713187,1.160005,-0.064468,-0.013490
14.133333,0.005673,0.013558,-0.001428,-0.410577,-1.073915,1.047037,-1.070000,0.003673,-0.017960,-0.570116,-1.094294,-1.613187,1.060005,-0.050346,-0.029259
14.166667,0.022939,0.009424,-0.001974,-0.325344,-1.021804,0.947037,-0.982483,-0.006387,-0.026792,-0.470116,-1.133353,-1.513187,0.960005,-0.057768,-0.030617
14.200000,0.018077,0.008266,-0.001032,-0.260089,-1.004814,0.847037,-0.897871,-0.002105,-0.021089,-0.370116,-1.156677,-1.413187,0.869570,-0.049311,-0.017720
14.233333,0.011103,0.015778,0.015801,-0.202790,-1.003015,0.747037,-0.818953,-0.001048,-0.029084,-0.283173,-1.170254,-1.313187,0.808563,-0.021994,-0.018734
14.266667,0.029196,0.029971,0.029491,-0.185491,-0.988720,0.647036,-0.740036,0.005556,-0.001182,-0.196231,-1.211238,-1.213187,0.787555,-0.026581,-0.012235
14.300000,0.027959,0.029971,0.040036,-0.180821,-1.009012,0.547036,-0.701118,0.009699,0.007761,-0.143209,-1.243207,-1.113187,0.768940,-0.028272,-0.003040
14.333333,0.018480,0.029971,0.028873,-0.170362,-1.014943,0.447036,-0.674246,0.026335,0.015254,-0.101125,-1.255956,-1.013187,0.786449,-0.020517,0.003758
14.366667,0.009850,0.042455,0.030392,-0.179926,-1.024384,0.347036,-0.644470,0.014536,0.030259,-0.086511,-1.262254,-0.913187,0.834392,-0.018758,0.010909
14.400000,0.015620,0.030758,0.028054,-0.194820,-1.052139,0.247036,-0.648999,0.005672,0.023287,-0.080394,-1.251920,-0.813187,0.856451,-0.015513,0.008969
14.433333,0.002919,0.020514,0.007885,-0.191173,-1.076397,0.169236,-0.684668,-0.002874,0.009782,-0.107036,-1.207125,-0.713187,0.866603,0.000140,0.005511
14.466667,0.000486,0.023230,-0.009197,-0.195931,-1.083934,0.098025,-0.706743,0.002935,-0.001177,-0.099758,-1.183287,-0.613187,0.889313,-0.006991,0.019518
14.500000,-0.003127,0.023230,0.005661,-0.211336,-1.115969,0.037623,-0.705604,-0.003936,0.005751,-0.105455,-1.175015,-0.513187,0.899094,-0.006774,0.014459
14.533333,0.000762,0.013357,0.001462,-0.186741,-1.139540,0.001335,-0.722933,0.010630,0.000155,-0.102258,-1.177691,-0.413187,0.878196,-0.010264,0.007902
14.566667,-0.004531,0.013357,0.001113,-0.188456,-1.163434,-0.014518,-0.721865,0.023550,0.015666,-0.106154,-1.179118,-0.313187,0.893756,-0.026027,0.013579
14.600000,-0.007824,0.005327,0.006458,-0.185984,-1.172176,-0.032401,-0.702104,0.025013,0.001492,-0.089676,-1.194900,-0.213187,0.901962,-0.031974,0.003622
14.633333,-0.002960,0.002611,0.021564,-0.192235,-1.163053,-0.032794,-0.673480,0.019083,0.007171,-0.109371,-1.189724,-0.121425,0.914690,-0.022910,-0.017233
14.666667,-0.000103,0.006050,0.012801,-0.196413,-1.139504,-0.003995,-0.659420,0.022875,0.011167,-0.132195,-1.188263,-0.045568,0.942703,-0.027921,-0.024228
14.700000,-0.000122,0.003645,0.014314,-0.218042,-1.125789,0.003561,-0.649750,0.019643,0.002828,-0.136442,-1.174646,0.030289,0.991210,-0.025680,-0.027218
14.733333,0.014010,0.003645,0.003034,-0.207918,-1.095596,0.024586,-0.618478,0.011667,-0.007041,-0.152042,-1.189050,0.080175,1.039717,-0.016162,-0.038508
14.766667,0.018178,0.008066,-0.008255,-0.211810,-1.100212,0.025442,-0.603343,0.010501,-0.008587,-0.155257,-1.187464,0.119175,1.088931,-0.015522,-0.029572
14.800000,0.011620,0.008335,-0.011838,-0.211359,-1.115218,0.026609,-0.584452,0.012570,-0.006771,-0.144063,-1.199411,0.130033,1.156389,-0.019839,-0.024360
14.833333,0.006702,0.004895,0.000109,-0.216343,-1.120150,-0.005975,-0.569167,0.012086,-0.012425,-0.129543,-1.186374,0.137831,1.203746,-0.026050,-0.003643
14.866667,0.005764,0.015823,0.007441,-0.243877,-1.118440,-0.041171,-0.531023,0.010809,0.002306,-0.140598,-1.197450,0.105630,1.261286,-0.034122,0.004401
14.900000,-0.005881,0.017928,0.018104,-0.263568,-1.139380,-0.110270,-0.492879,0.008865,-0.001363,-0.151653,-1.174511,0.059399,1.316855,-0.030669,0.006073
14.933333,-0.011091,0.015613,0.029437,-0.251968,-1.145240,-0.162298,-0.439694,0.011843,0.002862,-0.202707,-1.169047,-0.015946,1.370978,-0.028658,-0.001220
14.966667,-0.001126,0.015344,0.034142,-0.232888,-1.178882,-0.198718,-0.412721,0.024773,-0.003343,-0.256792,-1.190051,-0.094910,1.387384,-0.012162,-0.001559
15.000000,0.010741,0.015625,0.033874,-0.228872,-1.252271,-0.201385,-0.406263,0.021167,0.006162,-0.315663,-1.235962,-0.194910,1.385412,-0.006928,-0.001856
15.033333,0.014007,0.006192,0.025068,-0.209196,-1.312303,-0.164314,-0.429505,0.019555,-0.008176,-0.357684,-1.268889,-0.294910,1.343439,0.004134,-0.002572
15.066667,0.007529,0.008635,0.018326,-0.207574,-1.352335,-0.087242,-0.474013,0.011968,-0.003786,-0.385329,-1.297525,-0.394910,1.263439,0.014343,-0.001856
15.100000,0.010617,0.008579,0.010091,-0.220127,-1.382151,0.012758,-0.525575,-0.003178,-0.008207,-0.385225,-1.340549,-0.494910,1.163439,0.016388,0.006939
15.133333,0.003175,0.009288,0.003250,-0.243900,-1.401898,0.095003,-0.556952,-0.019138,-0.005306,-0.381001,-1.368455,-0.554910,1.063439,0.003352,0.011928
15.166667,-0.022772,0.013862,-0.022217,-0.232773,-1.400500,0.177249,-0.559928,-0.016529,-0.025882,-0.367732,-1.356435,-0.594584,0.963439,0.010547,0.001972
15.200000,-0.023055,0.019549,-0.031440,-0.237307,-1.390471,0.242929,-0.553217,-0.010576,-0.031891,-0.351907,-1.357401,-0.626953,0.863439,0.022300,0.016303
15.233333,-0.016986,0.016614,-0.024982,-0.237778,-1.390471,0.268610,-0.552121,-0.007746,-0.037233,-0.340466,-1.376317,-0.619321,0.766796,0.012277,0.020320
15.266667,-0.024554,0.020296,-0.031440,-0.224073,-1.398573,0.254290,-0.549233,0.005259,-0.048024,-0.327311,-1.363565,-0.571689,0.686333,-0.002870,0.026866
15.300000,-0.029604,0.033837,-0.032006,-0.221219,-1.398573,0.254470,-0.550255,0.008915,-0.041469,-0.329904,-1.365254,-0.564058,0.645871,0.001858,0.044588
15.333333,-0.010143,0.031708,-0.011935,-0.235872,-1.399971,0.231528,-0.553368,-0.000023,-0.034612,-0.328890,-1.384986,-0.562611,0.609904,0.000879,0.046414
15.366667,0.001348,0.026846,-0.003252,-0.230521,-1.390000,0.195198,-0.536468,0.008155,-0.013878,-0.348516,-1.371422,-0.564392,0.587983,-0.021911,0.035603
15.400000,0.003872,0.045508,-0.006405,-0.228073,-1.390000,0.191654,-0.522896,0.004216,-0.013182,-0.338134,-1.338211,-0.606173,0.583533,-0.029787,0.052149
15.433333,0.013888,0.041275,0.007028,-0.247363,-1.390000,0.199213,-0.515094,0.002956,0.001305,-0.356516,-1.342281,-0.647955,0.597388,-0.013749,0.040495
15.466667,0.026087,0.033332,0.010878,-0.242530,-1.380478,0.194087,-0.511501,0.003045,-0.005290,-0.378477,-1.339420,-0.679770,0.590890,-0.008659,0.027000
15.500000,0.030966,0.032129,0.007971,-0.255137,-1.380478,0.188358,-0.514156,0.005654,0.001418,-0.387228,-1.318516,-0.720393,0.593990,-0.005551,0.045698
15.533333,0.021147,0.033726,0.012519,-0.256251,-1.400478,0.192942,-0.527101,-0.009271,-0.013224,-0.384376,-1.330908,-0.726839,0.616487,0.003665,0.044010
15.566667,0.032324,0.022056,0.023750,-0.265299,-1.400478,0.175228,-0.528683,0.004621,-0.004156,-0.408693,-1.366162,-0.712693,0.655528,0.012414,0.033928
15.600000,0.034295,0.023916,0.033930,-0.273138,-1.400478,0.170691,-0.514717,0.012626,0.008581,-0.426923,-1.381416,-0.731962,0.673565,0.005565,0.037771
15.633333,0.028352,0.017610,0.030854,-0.279432,-1.408601,0.164369,-0.512819,0.010948,0.009180,-0.405153,-1.373280,-0.734922,0.671955,-0.001587,0.034716
15.666667,0.026804,0.017375,0.037410,-0.259002,-1.406560,0.181770,-0.490982,0.013808,0.011815,-0.420742,-1.392854,-0.728083,0.695948,-0.008431,0.005013
15.700000,0.039387,0.013252,0.033170,-0.250021,-1.402060,0.187489,-0.488349,0.010974,-0.004201,-0.442968,-1.395716,-0.741962,0.699304,-0.007096,-0.001611
15.733333,0.030849,0.004648,0.025490,-0.244594,-1.402060,0.206865,-0.497024,0.000378,-0.011402,-0.438670,-1.387820,-0.751091,0.679427,-0.002905,-0.004736
15.766667,0.025609,0.005666,0.006757,-0.221063,-1.395939,0.232418,-0.496671,-0.000488,-0.013586,-0.415850,-1.364587,-0.742471,0.666567,-0.012372,-0.004292
15.800000,0.018069,0.016136,0.012610,-0.223201,-1.388650,0.253222,-0.487115,0.003205,-0.000218,-0.408546,-1.371807,-0.731298,0.659241,-0.010127,0.008508
15.833333,0.011478,0.014847,0.005676,-0.226739,-1.390691,0.246755,-0.502913,0.005413,-0.010945,-0.392858,-1.373867,-0.720028,0.646524,-0.005303,0.020275
15.866667,-0.005639,0.014847,-0.008093,-0.214086,-1.393562,0.250833,-0.502908,0.022932,-0.005962,-0.357645,-1.352641,-0.706040,0.659562,0.004658,0.035498
15.900000,-0.006700,0.029089,-0.011481,-0.207060,-1.393562,0.250523,-0.504700,0.026471,-0.012693,-0.347938,-1.359310,-0.701425,0.672307,0.007534,0.035876
15.933333,-0.013199,0.027180,-0.005837,-0.221951,-1.399683,0.234636,-0.524724,0.017128,-0.031790,-0.346884,-1.366661,-0.685902,0.664554,0.024767,0.029084
15.966667,-0.012655,0.023899,-0.031915,-0.224823,-1.388371,0.241223,-0.545399,0.029772,-0.040454,-0.370314,-1.370438,-0.678807,0.691266,0.033730,0.017252
16.000000,-0.002590,0.032334,-0.035783,-0.228795,-1.381087,0.247387,-0.547005,0.023690,-0.032950,-0.362130,-1.362100,-0.686942,0.695896,0.039147,0.023118
16.033333,0.001984,0.038577,-0.024276,-0.241322,-1.382716,0.234329,-0.545940,0.010530,-0.021314,-0.378550,-1.383058,-0.688511,0.672036,0.025242,0.011585
16.066667,-0.003384,0.041517,-0.029174,-0.231371,-1.382716,0.208664,-0.541040,-0.001911,-0.012785,-0.400697,-1.375936,-0.697268,0.665205,0.017541,0.007421
16.100000,-0.000806,0.046623,-0.023513,-0.233992,-1.382716,0.208119,-0.538930,-0.003364,-0.001713,-0.421433,-1.381771,-0.741269,0.689392,0.018390,0.022947
16.133333,0.004881,0.041389,0.002967,-0.231099,-1.389396,0.174357,-0.528839,-0.023715,-0.002707,-0.417807,-1.367807,-0.770809,0.673579,0.001252,0.025065
16.166667,-0.001829,0.054907,0.010942,-0.231309,-1.387770,0.168290,-0.514343,-0.029925,-0.000204,-0.436260,-1.348054,-0.792915,0.677999,-0.014439,0.030910
16.200000,-0.008199,0.051260,0.017406,-0.238251,-1.383027,0.178425,-0.520910,-0.019900,-0.002036,-0.439165,-1.333696,-0.837850,0.674567,-0.018380,0.044253
16.233333,0.009951,0.034079,0.024131,-0.255482,-1.377600,0.190344,-0.527556,-0.011110,-0.014409,-0.446875,-1.342046,-0.863612,0.673268,-0.013800,0.042844
16.266667,0.019243,0.031377,0.018175,-0.245350,-1.366519,0.179454,-0.513180,0.005309,-0.007635,-0.452769,-1.352092,-0.861849,0.667404,-0.033497,0.029373
16.300000,0.026610,0.030715,0.010788,-0.240111,-1.377894,0.194642,-0.508340,0.009184,-0.015609,-0.468513,-1.346833,-0.894946,0.681003,-0.031526,0.034496
16.333333,0.028974,0.008761,0.019038,-0.252061,-1.383787,0.191784,-0.517564,0.020688,-0.012060,-0.479629,-1.376149,-0.905368,0.697745,-0.019514,0.022087
16.366667,0.051039,0.006165,0.018211,-0.263674,-1.384616,0.172724,-0.511482,0.015340,-0.011096,-0.518714,-1.385199,-0.896924,0.752271,-0.028962,-0.004112
16.400000,0.034445,0.009843,0.016531,-0.265951,-1.390043,0.179478,-0.506280,0.023251,-0.002411,-0.521117,-1.385199,-0.903439,0.773788,-0.032138,-0.001044
16.433333,0.030167,0.009993,0.028269,-0.261484,-1.389309,0.209042,-0.501522,0.010239,-0.014189,-0.520760,-1.369669,-0.932207,0.771746,-0.016863,-0.004561
16.466667,0.037795,0.013949,0.033643,-0.239190,-1.367700,0.245745,-0.472000,0.022622,-0.002321,-0.512941,-1.370874,-0.939571,0.758660,-0.022587,0.000229
16.500000,0.047211,0.021472,0.037811,-0.218288,-1.367162,0.260494,-0.466536,0.019941,-0.016506,-0.502055,-1.363203,-0.951596,0.733461,-0.022974,0.006060
16.533333,0.021291,0.023610,0.029055,-0.196843,-1.371076,0.275766,-0.477532,0.012051,-0.022292,-0.457852,-1.341476,-0.965193,0.697805,-0.008482,0.027706
16.566667,0.011014,0.034913,0.022601,-0.202914,-1.356230,0.283811,-0.498769,0.010958,-0.007367,-0.453649,-1.334173,-0.968501,0.702149,-0.010980,0.043812
16.600000,0.014183,0.037640,0.018796,-0.222248,-1.365135,0.273408,-0.519562,0.010215,0.005911,-0.453253,-1.349704,-0.972891,0.716678,-0.006551,0.055881
16.633333,-0.003866,0.032392,0.006552,-0.241291,-1.381959,0.234046,-0.553659,0.008339,-0.005067,-0.458372,-1.353382,-0.960560,0.732635,0.003194,0.046936
16.666667,0.001562,0.029530,-0.021248,-0.232079,-1.381862,0.234684,-0.547755,0.016014,0.001536,-0.460689,-1.361053,-0.973679,0.765104,0.007558,0.044707
16.700000,0.010434,0.028717,-0.009762,-0.243182,-1.380541,0.245925,-0.541139,0.022774,0.004707,-0.485993,-1.382432,-0.985460,0.773350,0.014938,0.044528
16.733333,0.030263,0.015037,-0.002558,-0.218945,-1.382956,0.241226,-0.515047,0.020009,-0.008516,-0.498980,-1.389735,-0.991207,0.746314,0.016163,0.026207
16.766667,0.022109,0.019250,-0.007380,-0.212733,-1.385866,0.254632,-0.497419,0.017760,-0.007118,-0.511263,-1.389735,-0.974387,0.746198,0.014241,0.026432
16.800000,0.028766,0.019250,0.001903,-0.215423,-1.392597,0.257160,-0.497737,0.011310,-0.007341,-0.506379,-1.391939,-0.989124,0.750808,0.014459,0.025902
16.833333,0.022543,0.019769,0.021643,-0.243447,-1.389384,0.235637,-0.502277,0.002200,-0.006403,-0.522834,-1.378775,-0.993869,0.723615,0.012397,0.031364
16.866667,0.012875,0.026382,0.016996,-0.251750,-1.380419,0.224141,-0.474291,0.006479,0.003226,-0.518286,-1.357160,-1.003728,0.715534,0.002468,0.018746
16.900000,0.000607,0.030359,0.017625,-0.261075,-1.392849,0.232903,-0.466427,0.008045,0.000990,-0.514579,-1.348291,-1.016849,0.730022,0.005572,0.018251
16.933333,0.000688,0.021007,0.025356,-0.270750,-1.392133,0.204507,-0.465791,0.014973,-0.002249,-0.520092,-1.347581,-1.031575,0.734001,0.011788,0.020837
16.966667,-0.002085,0.029936,0.011645,-0.268253,-1.392133,0.179788,-0.447317,0.010057,0.002162,-0.552400,-1.339007,-1.033319,0.751128,-0.000689,0.026171
17.000000,-0.018142,0.029033,0.005687,-0.250180,-1.398998,0.177825,-0.445698,0.011457,-0.003230,-0.551787,-1.340307,-1.029186,0.760057,-0.004704,0.020111
17.033333,0.001928,0.022011,0.006019,-0.239146,-1.403092,0.157099,-0.455621,-0.001846,-0.018879,-0.575172,-1.361029,-1.024745,0.774427,-0.009309,0.014978
17.066667,0.011364,0.021769,-0.005549,-0.247790,-1.384653,0.132656,-0.450302,0.000637,-0.006743,-0.591316,-1.369898,-1.021318,0.787978,-0.037829,0.026038
17.100000,0.013491,0.022981,-0.011036,-0.233487,-1.385369,0.129392,-0.448087,-0.000405,-0.020470,-0.577779,-1.358986,-1.026689,0.774480,-0.051691,0.023397
17.133333,0.016885,0.014052,-0.001509,-0.230398,-1.369318,0.157865,-0.442782,-0.004450,-0.026766,-0.558989,-1.355027,-1.032895,0.754090,-0.040945,0.006155
17.166667,0.035751,0.009774,-0.000617,-0.243773,-1.347356,0.158777,-0.456402,-0.010069,-0.039799,-0.561765,-1.358718,-1.027233,0.746702,-0.046552,0.001556
17.200000,0.028591,0.008865,0.001025,-0.251372,-1.349484,0.176390,-0.466535,-0.003637,-0.033067,-0.548282,-1.359813,-1.023951,0.742480,-0.038387,0.012229
17.233333,0.021727,0.016661,0.017606,-0.240856,-1.355251,0.205882,-0.461691,-0.001166,-0.042218,-0.533449,-1.359813,-1.020845,0.737333,-0.012797,0.009256
17.266667,0.040879,0.032831,0.031567,-0.258840,-1.341449,0.235991,-0.438053,0.003784,-0.014551,-0.518615,-1.371435,-1.015363,0.760317,-0.017684,0.017001
17.300000,0.041210,0.034136,0.043286,-0.268901,-1.357500,0.234136,-0.435852,0.007352,-0.004582,-0.509514,-1.381573,-1.011334,0.762474,-0.018668,0.029009
17.333333,0.029068,0.035220,0.032119,-0.253380,-1.359461,0.242052,-0.424978,0.022340,0.005183,-0.492230,-1.389745,-1.006401,0.782772,-0.012075,0.036684
17.366667,0.021188,0.048694,0.033573,-0.257834,-1.358434,0.270877,-0.407975,0.010820,0.018861,-0.485908,-1.389794,-1.012017,0.810031,-0.008911,0.044889
17.400000,0.025497,0.037377,0.032085,-0.266462,-1.371105,0.268065,-0.421228,0.003159,0.012957,-0.480353,-1.377345,-1.014595,0.811746,-0.005765,0.043979
17.433333,0.011899,0.026689,0.012164,-0.255727,-1.383634,0.274482,-0.467731,-0.003635,0.001692,-0.502230,-1.350604,-0.999275,0.798780,0.011342,0.041245
17.466667,0.007301,0.029249,-0.006189,-0.258154,-1.383634,0.287245,-0.503116,0.003684,-0.006791,-0.490456,-1.343202,-1.000653,0.797215,0.003698,0.053273
17.500000,0.003811,0.028165,0.007515,-0.273141,-1.403634,0.294784,-0.512181,-0.004184,-0.000525,-0.495238,-1.333656,-0.997896,0.788083,0.004043,0.050173
17.533333,0.007504,0.019826,0.002620,-0.248129,-1.408727,0.281752,-0.541418,0.011254,-0.006401,-0.488301,-1.337381,-0.986597,0.746422,0.001970,0.045364
17.566667,0.004275,0.018313,0.001621,-0.248760,-1.408727,0.280576,-0.550811,0.022057,0.009173,-0.489636,-1.343352,-0.980465,0.744762,-0.012708,0.052597
17.600000,0.001232,0.009006,0.007185,-0.245275,-1.410000,0.266797,-0.546154,0.022340,-0.006209,-0.477011,-1.360023,-0.982459,0.740168,-0.019690,0.040825
17.633333,0.009979,0.005141,0.023063,-0.249459,-1.390000,0.262101,-0.530282,0.015750,-0.002415,-0.496082,-1.351888,-0.980505,0.740231,-0.009151,0.020446
17.666667,0.013854,0.009649,0.014374,-0.247762,-1.364902,0.281710,-0.523989,0.019896,0.003285,-0.508142,-1.351364,-0.979496,0.740942,-0.015377,0.011383
17.700000,0.014372,0.006153,0.016431,-0.262393,-1.359805,0.281891,-0.524355,0.015150,-0.004331,-0.505208,-1.343055,-0.951918,0.748531,-0.013383,0.007136
17.733333,0.028102,0.006153,0.004856,-0.249139,-1.355398,0.294409,-0.504565,0.008776,-0.014356,-0.513304,-1.349533,-0.930496,0.756120,-0.003713,-0.004261
17.766667,0.033641,0.011965,-0.007409,-0.246647,-1.355398,0.286003,-0.500483,0.006408,-0.016056,-0.507928,-1.355715,-0.897576,0.750750,-0.002899,0.004096
17.800000,0.026225,0.013082,-0.012680,-0.239395,-1.375398,0.281680,-0.507020,0.006436,-0.014719,-0.470856,-1.373882,-0.829605,0.749105,-0.006512,0.008485
17.833333,0.022433,0.008575,-0.001294,-0.241194,-1.380495,0.247194,-0.523810,0.005042,-0.021239,-0.434628,-1.370200,-0.759594,0.738838,-0.009094,0.029361
17.866667,0.021564,0.019112,0.003607,-0.266664,-1.376768,0.215921,-0.519346,0.004052,-0.005732,-0.409529,-1.380458,-0.698241,0.754222,-0.016456,0.036114
17.900000,0.011461,0.021003,0.014418,-0.282957,-1.378912,0.192092,-0.540153,-0.001239,-0.009171,-0.360949,-1.368319,-0.639260,0.732127,-0.012206,0.039039
17.933333,0.007271,0.017082,0.026196,-0.285979,-1.376649,0.191991,-0.546053,-0.000016,-0.004619,-0.332370,-1.360069,-0.600280,0.730031,-0.010280,0.034658
17.966667,0.012274,0.015965,0.031495,-0.263671,-1.354387,0.168769,-0.563666,0.015734,-0.011069,-0.309732,-1.341142,-0.560864,0.708154,0.001675,0.027070
18.000000,0.019244,0.017392,0.031381,-0.217684,-1.332124,0.135709,-0.596439,0.012946,0.000033,-0.293561,-1.321113,-0.515317,0.701644,0.000639,0.015181
18.033333,0.016727,0.007832,0.024733,-0.146554,-1.287930,0.099436,-0.661710,0.013436,-0.016567,-0.276415,-1.293481,-0.461112,0.680931,0.005504,0.002782
18.066667,0.003213,0.010782,0.018161,-0.094327,-1.242662,0.050781,-0.741710,0.008530,-0.011974,-0.268469,-1.258656,-0.411258,0.697697,0.010647,-0.011217
18.100000,0.001549,0.012295,0.010195,-0.043991,-1.180714,-0.004574,-0.841709,-0.002144,-0.013623,-0.257113,-1.237710,-0.381405,0.723211,0.008407,-0.014530
18.133333,-0.007395,0.013629,0.002813,-0.020770,-1.149327,-0.051683,-0.930986,-0.019066,-0.011168,-0.263753,-1.235903,-0.359105,0.769609,-0.004836,-0.012398
18.166667,-0.034923,0.016107,-0.023305,-0.000664,-1.133390,-0.058791,-0.989453,-0.013536,-0.034230,-0.261507,-1.217047,-0.376804,0.825037,0.002888,-0.021814
18.200000,-0.036077,0.021048,-0.031967,-0.005701,-1.117057,-0.038701,-1.027648,-0.009260,-0.037797,-0.256454,-1.212042,-0.434504,0.880353,0.014958,-0.006041
18.233333,-0.029661,0.017572,-0.025767,-0.006284,-1.111204,-0.046228,-1.055613,-0.004788,-0.044395,-0.259379,-1.223460,-0.467162,0.915522,0.005643,-0.001123
18.266667,-0.040027,0.019244,-0.032186,0.009037,-1.129746,-0.070783,-1.064281,0.009121,-0.060497,-0.251627,-1.204143,-0.459820,0.938172,-0.008984,0.002933
18.300000,-0.045780,0.031350,-0.031802,0.011473,-1.135643,-0.065975,-1.064246,0.013582,-0.055799,-0.253258,-1.204377,-0.479864,0.979938,-0.004566,0.018552
18.333333,-0.025707,0.029682,-0.010580,-0.004618,-1.141076,-0.082613,-1.071187,0.005784,-0.046999,-0.246338,-1.223923,-0.463009,0.981705,-0.006006,0.019107
18.366667,-0.013606,0.024102,-0.002209,-0.003423,-1.137664,-0.111436,-1.058400,0.016271,-0.026562,-0.256210,-1.214453,-0.426128,0.958229,-0.031776,0.006736
18.400000,-0.011644,0.043096,-0.005055,-0.003976,-1.138282,-0.108693,-1.042006,0.012463,-0.025963,-0.232384,-1.187894,-0.410695,0.928161,-0.040065,0.023473
18.433333,-0.001681,0.039752,0.007914,-0.029915,-1.141806,-0.091540,-1.027566,0.009838,-0.008938,-0.233075,-1.198190,-0.395261,0.912732,-0.024925,0.013391
18.466667,0.011653,0.031861,0.010821,-0.034031,-1.138648,-0.086242,-1.015356,0.009328,-0.013620,-0.240446,-1.203607,-0.355447,0.871723,-0.018398,0.000980
18.500000,0.015947,0.032009,0.007029,-0.053953,-1.160502,-0.081852,-1.005870,0.008350,-0.010024,-0.235053,-1.189712,-0.339927,0.841527,-0.014134,0.021509
18.533333,0.007827,0.034887,0.010914,-0.060884,-1.199703,-0.068973,-1.003726,-0.007792,-0.025609,-0.218858,-1.204833,-0.304432,0.839322,-0.002798,0.021454
18.566667,0.018807,0.023202,0.020983,-0.075210,-1.224784,-0.079856,-0.994207,0.006450,-0.017340,-0.230953,-1.259954,-0.253978,0.856075,0.004714,0.009735
18.600000,0.021189,0.024758,0.030321,-0.084510,-1.239652,-0.079693,-0.971644,0.015007,-0.004619,-0.244339,-1.296530,-0.233785,0.852293,-0.003292,0.011590
18.633333,0.015053,0.019209,0.027274,-0.091352,-1.250625,-0.081269,-0.963623,0.011965,-0.004144,-0.217726,-1.297985,-0.217566,0.834092,-0.011292,0.009729
18.666667,0.014075,0.018286,0.033841,-0.069891,-1.243231,-0.060492,-0.936709,0.014761,0.000684,-0.231073,-1.324096,-0.193631,0.820303,-0.018240,-0.020518
18.700000,0.026065,0.013465,0.029238,-0.059310,-1.233151,-0.061855,-0.931758,0.012676,-0.015307,-0.259630,-1.345114,-0.188459,0.782466,-0.015523,-0.027134
18.733333,0.016640,0.005425,0.021937,-0.053238,-1.228948,-0.043629,-0.936238,0.000964,-0.019628,-0.263273,-1.327046,-0.191594,0.724468,-0.009191,-0.029827
18.766667,0.011848,0.006874,0.004090,-0.028533,-1.215706,-0.021619,-0.931819,0.000125,-0.021656,-0.249080,-1.290181,-0.183156,0.681689,-0.018073,-0.027327
18.800000,0.004628,0.016721,0.009403,-0.028108,-1.212023,-0.009060,-0.922411,0.004467,-0.007695,-0.251039,-1.290566,-0.174330,0.649082,-0.017500,-0.013001
18.833333,-0.002851,0.015260,0.002693,-0.030508,-1.219830,-0.022076,-0.939344,0.006147,-0.017945,-0.244199,-1.289628,-0.168806,0.636755,-0.012758,-0.001246
18.866667,-0.019871,0.015220,-0.009656,-0.015673,-1.229972,-0.016062,-0.939953,0.023146,-0.011742,-0.211595,-1.253783,-0.168782,0.660043,-0.002226,0.013729
18.900000,-0.019857,0.028114,-0.013024,-0.006073,-1.238165,-0.020322,-0.945695,0.025309,-0.018803,-0.203327,-1.257025,-0.175506,0.702970,0.001010,0.015219
18.933333,-0.027080,0.025133,-0.007381,-0.019024,-1.247636,-0.038727,-0.974676,0.015214,-0.038064,-0.203252,-1.257607,-0.170879,0.729506,0.017388,0.008086
18.966667,-0.029565,0.022128,-0.033429,-0.021016,-1.240210,-0.031696,-1.004009,0.028566,-0.045126,-0.227024,-1.260941,-0.167099,0.785869,0.030561,-0.004341
19.000000,-0.018548,0.030018,-0.037395,-0.022016,-1.232025,-0.027413,-1.015348,0.025133,-0.039462,-0.219597,-1.241077,-0.180341,0.834554,0.034800,0.000818
19.033333,-0.015458,0.035753,-0.027638,-0.032365,-1.242751,-0.043520,-1.026214,0.013942,-0.028558,-0.231076,-1.249714,-0.175355,0.856632,0.019992,-0.011770
19.066667,-0.022125,0.038698,-0.032797,-0.020824,-1.247664,-0.069537,-1.032471,0.005031,-0.021633,-0.244096,-1.228567,-0.165127,0.877782,0.010982,-0.017322
19.100000,-0.019074,0.044752,-0.026917,-0.021842,-1.271959,-0.070647,-1.034454,0.003378,-0.009637,-0.255039,-1.229437,-0.187564,0.917733,0.013629,-0.002836
19.133333,-0.011431,0.040033,-0.000096,-0.015824,-1.296254,-0.104589,-1.028460,-0.018456,-0.012595,-0.242283,-1.206223,-0.195007,0.917683,-0.004267,-0.003075
19.166667,-0.017410,0.054269,0.007186,-0.018936,-1.297566,-0.110209,-1.014118,-0.024214,-0.009190,-0.252105,-1.186984,-0.194450,0.919029,-0.020214,0.003795
19.200000,-0.021859,0.050968,0.013721,-0.025541,-1.283144,-0.100649,-1.027207,-0.015361,-0.011733,-0.247909,-1.174096,-0.214601,0.908204,-0.024373,0.017939
19.233333,-0.003219,0.034495,0.019807,-0.042536,-1.264168,-0.086620,-1.037476,-0.009112,-0.021498,-0.250739,-1.190992,-0.222682,0.894405,-0.019620,0.019417
19.266667,0.004711,0.031433,0.013395,-0.031239,-1.226762,-0.094363,-1.028066,0.007932,-0.016274,-0.251200,-1.204024,-0.196284,0.878631,-0.039667,0.006758
19.300000,0.013849,0.030584,0.006135,-0.027701,-1.218971,-0.075991,-1.030894,0.014274,-0.024371,-0.258994,-1.202442,-0.207415,0.871225,-0.038809,0.014029
19.333333,0.015348,0.008459,0.015412,-0.038617,-1.220465,-0.075038,-1.050558,0.023804,-0.019600,-0.260434,-1.236748,-0.190329,0.865933,-0.025541,0.002156
19.366667,0.037860,0.006024,0.014311,-0.050974,-1.222418,-0.089266,-1.045628,0.016347,-0.016106,-0.293479,-1.254246,-0.162472,0.899420,-0.033792,-0.024337
19.400000,0.022634,0.010276,0.013155,-0.055294,-1.229990,-0.084342,-1.050258,0.024402,-0.007322,-0.290244,-1.266145,-0.145432,0.905115,-0.035860,-0.021660
19.433333,0.021206,0.009957,0.023752,-0.054507,-1.229381,-0.057646,-1.054888,0.009165,-0.017655,-0.283919,-1.259891,-0.157219,0.884821,-0.018937,-0.025647
19.466667,0.030078,0.014331,0.028108,-0.030603,-1.206619,-0.024233,-1.028053,0.021048,-0.003737,-0.270629,-1.262021,-0.151432,0.868674,-0.025593,-0.021958
19.500000,0.036871,0.020842,0.030363,-0.007627,-1.205189,-0.013399,-1.024381,0.017122,-0.018276,-0.255980,-1.255738,-0.156134,0.849308,-0.025942,-0.016937
19.533333,0.008276,0.022756,0.020865,0.016194,-1.217981,-0.002566,-1.045367,0.011932,-0.025626,-0.205636,-1.231413,-0.160060,0.823771,-0.012657,0.004768
19.566667,-0.002017,0.033416,0.014021,0.013814,-1.205714,-0.003647,-1.070869,0.012253,-0.011804,-0.194840,-1.212686,-0.160306,0.838234,-0.015651,0.018951
19.600000,0.000157,0.036190,0.010307,-0.003325,-1.213728,-0.018715,-1.096371,0.013722,0.002315,-0.190765,-1.221769,-0.166015,0.873787,-0.012238,0.030826
19.633333,-0.018302,0.030539,-0.000458,-0.024088,-1.230005,-0.060734,-1.133147,0.011357,-0.010396,-0.195754,-1.222570,-0.159288,0.903320,0.001391,0.021399
19.666667,-0.010330,0.028684,-0.026918,-0.016226,-1.230174,-0.062754,-1.129923,0.019899,-0.002303,-0.195145,-1.231785,-0.175111,0.944732,0.005867,0.020470
19.700000,0.001243,0.028686,-0.014488,-0.031558,-1.217566,-0.051623,-1.114114,0.025015,0.000749,-0.217309,-1.249869,-0.191378,0.956146,0.013018,0.019063
19.733333,0.020093,0.014664,-0.007014,-0.010692,-1.214514,-0.043683,-1.073819,0.021275,-0.013980,-0.227235,-1.260667,-0.203670,0.929591,0.013776,0.001729
19.766667,0.011572,0.019082,-0.011245,-0.007670,-1.225763,-0.021757,-1.036342,0.019145,-0.012894,-0.235855,-1.262557,-0.190891,0.921945,0.011848,0.002750
19.800000,0.017031,0.019082,-0.001546,-0.012256,-1.238404,-0.009478,-1.017737,0.011875,-0.014021,-0.224736,-1.270707,-0.194973,0.914803,0.009852,0.001843
19.833333,0.009633,0.020557,0.017729,-0.045048,-1.234959,-0.018612,-0.999133,0.001377,-0.014446,-0.233606,-1.259204,-0.193820,0.871713,0.006492,0.006651
19.866667,-0.001632,0.026450,0.013714,-0.055136,-1.226059,-0.016798,-0.953112,0.005527,-0.004854,-0.223852,-1.244802,-0.197835,0.847908,-0.002336,-0.004494
19.900000,-0.012547,0.031210,0.014649,-0.069204,-1.244639,0.001966,-0.922495,0.005830,-0.005864,-0.214236,-1.237686,-0.201235,0.848647,0.001214,-0.003698
19.933333,-0.013503,0.022968,0.022635,-0.080641,-1.233286,-0.012999,-0.902145,0.011363,-0.011003,-0.214544,-1.240178,-0.212021,0.841110,0.005747,-0.003154
19.966667,-0.015532,0.032742,0.008316,-0.082499,-1.234213,-0.026771,-0.867789,0.008608,-0.006049,-0.241092,-1.235005,-0.224789,0.858629,-0.008965,0.003002
20.000000,-0.029849,0.029936,0.003324,-0.065694,-1.244040,-0.019129,-0.852038,0.008988,-0.011560,-0.238385,-1.239210,-0.240036,0.878994,-0.014009,-0.002281
20.033333,-0.008565,0.023346,0.003729,-0.055351,-1.242717,-0.032223,-0.849225,-0.004692,-0.028246,-0.267872,-1.263650,-0.274473,0.916167,-0.020106,-0.005738
20.066667,-0.000545,0.022646,-0.006762,-0.063561,-1.208597,-0.048407,-0.843183,-0.001599,-0.016908,-0.298184,-1.279053,-0.337025,0.965104,-0.051337,0.002676
20.100000,0.003883,0.023966,-0.011487,-0.048955,-1.204411,-0.048341,-0.840507,-0.003095,-0.030542,-0.303747,-1.270427,-0.417454,0.994258,-0.066262,0.002079
20.133333,0.007660,0.014192,-0.000440,-0.042152,-1.173339,-0.016692,-0.834745,-0.008349,-0.034059,-0.317071,-1.268021,-0.511519,1.018893,-0.055195,-0.013482
20.166667,0.024735,0.010868,0.000841,-0.049675,-1.137863,-0.011666,-0.850379,-0.013538,-0.045353,-0.370395,-1.270503,-0.611519,1.067576,-0.060951,-0.019846
20.200000,0.017839,0.009773,0.003890,-0.050222,-1.130700,0.007271,-0.862228,-0.003965,-0.039462,-0.414910,-1.269429,-0.711519,1.112589,-0.051630,-0.009632
20.233333,0.011609,0.017768,0.021068,-0.033673,-1.132843,0.036622,-0.852457,-0.000313,-0.046624,-0.453037,-1.265534,-0.811519,1.144817,-0.024071,-0.010863
20.266667,0.029240,0.032443,0.036127,-0.046528,-1.113630,0.065302,-0.826235,0.007424,-0.016966,-0.486036,-1.294860,-0.911519,1.196231,-0.027521,-0.005049
20.300000,0.026681,0.034186,0.047766,-0.053215,-1.125215,0.062411,-0.821456,0.012006,-0.008687,-0.511372,-1.317964,-1.009852,1.220112,-0.029445,0.005353
20.333333,0.015697,0.035122,0.037251,-0.037909,-1.124494,0.063746,-0.798568,0.029190,-0.002069,-0.499337,-1.327853,-1.068185,1.236304,-0.021764,0.012817
20.366667,0.007671,0.048348,0.037734,-0.045820,-1.129992,0.084500,-0.766527,0.015413,0.011907,-0.461673,-1.331169,-1.086518,1.251782,-0.020894,0.020660
20.400000,0.012366,0.037197,0.035886,-0.060368,-1.157141,0.068805,-0.759152,0.007715,0.004664,-0.418522,-1.322326,-1.064851,1.241707,-0.018047,0.018053
20.433333,-0.000186,0.027576,0.014907,-0.057432,-1.181747,0.063223,-0.775773,-0.001671,-0.009163,-0.391679,-1.281740,-1.003184,1.200505,-0.001334,0.015525
20.466667,-0.001180,0.029733,-0.004447,-0.067339,-1.193114,0.058299,-0.778984,0.002394,-0.019399,-0.332500,-1.265420,-0.903184,1.159303,-0.007741,0.028970
20.500000,-0.003701,0.029649,0.007724,-0.089076,-1.228788,0.048733,-0.760303,-0.006238,-0.012532,-0.282113,-1.264717,-0.803184,1.094843,-0.008896,0.025679
20.533333,0.001041,0.021979,0.001786,-0.070813,-1.253223,0.022586,-0.760477,0.006613,-0.017857,-0.239749,-1.275450,-0.703184,0.994843,-0.010789,0.020337
20.566667,-0.003380,0.020186,0.000218,-0.074730,-1.278069,0.010391,-0.750857,0.015300,-0.004293,-0.206407,-1.285119,-0.603184,0.911709,-0.025151,0.027600
20.600000,-0.007341,0.010687,0.004628,-0.074150,-1.287732,-0.013422,-0.730495,0.013728,-0.018943,-0.170445,-1.307684,-0.503184,0.828575,-0.032316,0.016690
20.633333,-0.001723,0.006787,0.019932,-0.079835,-1.277327,-0.019451,-0.701933,0.006438,-0.016026,-0.169112,-1.305983,-0.403184,0.753895,-0.023138,-0.003140
20.666667,0.003496,0.010992,0.011585,-0.082431,-1.255298,0.001557,-0.690376,0.008954,-0.010517,-0.183862,-1.307268,-0.304499,0.708757,-0.027764,-0.010790
20.700000,0.002830,0.007412,0.013489,-0.100681,-1.244508,0.002452,-0.689224,0.005158,-0.018694,-0.185103,-1.297779,-0.211757,0.681563,-0.024428,-0.014028
20.733333,0.017868,0.007412,0.001572,-0.089552,-1.216581,0.016491,-0.667133,-0.001586,-0.027519,-0.200926,-1.313369,-0.147571,0.677503,-0.017097,-0.025388
20.766667,0.022311,0.012449,-0.009483,-0.088415,-1.227501,0.010183,-0.671135,-0.002145,-0.029091,-0.203060,-1.314271,-0.097501,0.686429,-0.015527,-0.017229
20.800000,0.014979,0.014107,-0.014232,-0.084931,-1.247877,0.012681,-0.685872,0.000552,-0.026711,-0.189723,-1.327267,-0.081058,0.715651,-0.018344,-0.014808
20.833333,0.010275,0.009050,-0.002720,-0.090170,-1.255571,-0.017980,-0.709992,-0.000193,-0.033914,-0.174695,-1.315665,-0.075738,0.731857,-0.024093,0.004708
20.866667,0.009414,0.019373,0.003481,-0.119754,-1.253651,-0.042605,-0.711906,-0.001078,-0.019328,-0.176233,-1.327326,-0.083639,0.770120,-0.031038,0.010260
20.900000,-0.002105,0.021812,0.014160,-0.140662,-1.261806,-0.057875,-0.740709,-0.006766,-0.022805,-0.157584,-1.301212,-0.098191,0.776782,-0.025989,0.013102
20.933333,-0.006243,0.018959,0.025175,-0.147957,-1.250197,-0.046403,-0.750163,-0.006721,-0.018735,-0.158936,-1.290935,-0.118627,0.790458,-0.025232,0.008308
20.966667,0.001625,0.017301,0.030371,-0.168557,-1.236913,-0.026783,-0.770494,0.010273,-0.017883,-0.181128,-1.268564,-0.145437,0.815384,-0.010811,0.004622
21.000000,0.007889,0.017301,0.030713,-0.202954,-1.263629,0.025997,-0.804436,0.015991,-0.001725,-0.217508,-1.230790,-0.199808,0.863783,-0.006639,0.001225
21.033333,0.007597,0.006041,0.023574,-0.237351,-1.284332,0.112740,-0.871325,0.024427,-0.010817,-0.277320,-1.160272,-0.275016,0.912183,0.000399,-0.003314
21.066667,-0.002055,0.007175,0.016765,-0.311747,-1.298010,0.199483,-0.951325,0.027254,0.000076,-0.357320,-1.091516,-0.355016,0.992183,0.007950,-0.009329
21.100000,-0.001770,0.005089,0.009966,-0.411747,-1.295666,0.299483,-1.051325,0.023135,0.004363,-0.457320,-1.036355,-0.455016,1.092183,0.008886,-0.006319
21.133333,-0.009479,0.005089,0.003543,-0.511747,-1.318862,0.399483,-1.151325,0.011205,0.006330,-0.557320,-1.000119,-0.555016,1.192183,-0.003803,-0.001649
21.166667,-0.034293,0.008708,-0.022158,-0.611747,-1.318929,0.499483,-1.237287,0.013619,-0.014923,-0.657320,-0.963884,-0.655016,1.292183,0.003373,-0.011761
21.200000,-0.034849,0.013866,-0.030203,-0.711747,-1.304454,0.599483,-1.305451,0.017168,-0.018988,-0.757320,-0.960391,-0.755016,1.386447,0.015395,0.003437
21.233333,-0.028602,0.010584,-0.022704,-0.803062,-1.303855,0.699483,-1.362698,0.020668,-0.024764,-0.857320,-0.972767,-0.855016,1.459079,0.006083,0.008321
21.266667,-0.036716,0.014713,-0.030069,-0.854376,-1.329032,0.799483,-1.401221,0.035357,-0.038249,-0.948233,-0.955032,-0.955016,1.504027,-0.008375,0.014697
21.300000,-0.042389,0.028124,-0.030122,-0.905691,-1.335523,0.899483,-1.419370,0.040205,-0.031305,-1.033254,-0.958372,-1.055016,1.539591,-0.003663,0.030845
21.333333,-0.023423,0.025847,-0.009183,-0.939925,-1.337416,0.999483,-1.429282,0.032021,-0.021914,-1.092798,-0.982242,-1.155016,1.548764,-0.005923,0.032597
21.366667,-0.013350,0.020436,-0.001043,-0.951063,-1.329478,1.099483,-1.416991,0.041578,-0.000369,-1.133088,-0.975399,-1.241420,1.529992,-0.033555,0.020237
21.400000,-0.011040,0.039519,-0.004574,-0.946908,-1.326143,1.199483,-1.407868,0.037858,0.000271,-1.133379,-0.948701,-1.327824,1.516724,-0.042679,0.037242
21.433333,-0.001747,0.035906,0.008248,-0.967413,-1.311913,1.292996,-1.402561,0.033776,0.015436,-1.139426,-0.958518,-1.374229,1.526043,-0.027811,0.025293
21.466667,0.009701,0.027708,0.011685,-0.964984,-1.291560,1.369129,-1.405673,0.032012,0.009469,-1.151365,-0.962800,-1.401021,1.520542,-0.023820,0.012894
21.500000,0.014463,0.027413,0.007930,-0.979634,-1.298932,1.428227,-1.414210,0.033647,0.012893,-1.152561,-0.946551,-1.422558,1.516330,-0.019804,0.032406
21.533333,0.007786,0.030365,0.011810,-0.983955,-1.323007,1.465347,-1.431419,0.018522,-0.001775,-1.148481,-0.961016,-1.419695,1.536402,-0.006164,0.031670
21.566667,0.020064,0.019810,0.022287,-0.999141,-1.331259,1.473009,-1.438511,0.032534,0.005833,-1.171273,-1.014007,-1.393728,1.552602,0.003584,0.018944
21.600000,0.023969,0.021055,0.033276,-1.009385,-1.343537,1.477101,-1.431274,0.043478,0.019227,-1.192919,-1.043763,-1.405189,1.553898,-0.003311,0.022335
21.633333,0.019619,0.015842,0.029697,-1.015862,-1.352045,1.472036,-1.433193,0.040953,0.019659,-1.174566,-1.039054,-1.407248,1.549755,-0.010053,0.021504
21.666667,0.018743,0.014984,0.036281,-0.991739,-1.341229,1.484006,-1.411963,0.043136,0.023001,-1.192432,-1.060763,-1.396814,1.560356,-0.015275,-0.008571
21.700000,0.031251,0.011121,0.031492,-0.985610,-1.327596,1.489456,-1.412180,0.040854,0.004435,-1.217314,-1.073454,-1.414352,1.560356,-0.015455,-0.013450
21.733333,0.021274,0.002304,0.024316,-0.975434,-1.322206,1.502577,-1.415734,0.030547,-0.000305,-1.215326,-1.051322,-1.426298,1.556901,-0.011154,-0.015614
21.766667,0.014491,0.003847,0.005766,-0.945978,-1.305281,1.512339,-1.408527,0.027646,-0.001571,-1.185429,-1.017398,-1.416718,1.552128,-0.021160,-0.015003
21.800000,0.007545,0.013889,0.011488,-0.943225,-1.299109,1.525808,-1.390466,0.032399,0.012674,-1.174799,-1.021172,-1.412268,1.548219,-0.019531,-0.003391
21.833333,0.000847,0.013700,0.004297,-0.945897,-1.303001,1.511860,-1.400746,0.035111,0.003261,-1.155676,-1.021319,-1.406348,1.548006,-0.014662,0.007299
21.866667,-0.015617,0.013700,-0.008897,-0.925513,-1.309532,1.500253,-1.391004,0.052039,0.010291,-1.114466,-0.990483,-1.385138,1.548006,-0.003290,0.020634
21.900000,-0.016580,0.026453,-0.012662,-0.917450,-1.313050,1.489414,-1.385731,0.054961,0.003185,-1.101854,-0.995945,-1.382812,1.551461,0.000239,0.023745
21.933333,-0.021646,0.023667,-0.007445,-0.932137,-1.319273,1.467952,-1.401084,0.047103,-0.017445,-1.106186,-1.002998,-1.369631,1.547004,0.017415,0.016832
21.966667,-0.023967,0.019590,-0.033489,-0.938369,-1.310001,1.469319,-1.421363,0.060395,-0.024983,-1.131250,-1.012353,-1.351921,1.560558,0.029513,0.004329
22.000000,-0.015094,0.026149,-0.036976,-0.941879,-1.301062,1.473047,-1.420457,0.054670,-0.018692,-1.124807,-1.004724,-1.353431,1.560770,0.033454,0.011553
22.033333,-0.012865,0.030553,-0.026572,-0.957549,-1.312240,1.462935,-1.423165,0.042433,-0.006187,-1.138383,-1.026312,-1.348632,1.553645,0.019118,0.000342
22.066667,-0.018086,0.034018,-0.032039,-0.947722,-1.318197,1.440792,-1.425643,0.030555,0.003556,-1.151584,-1.019769,-1.332569,1.552922,0.011412,-0.006329
22.100000,-0.016140,0.039168,-0.026454,-0.950357,-1.334695,1.442689,-1.423105,0.026962,0.012262,-1.158937,-1.026787,-1.351374,1.562151,0.012547,0.009932
22.133333,-0.009139,0.034522,-0.000247,-0.946710,-1.351193,1.410665,-1.416434,0.004016,0.008211,-1.145025,-1.009502,-1.358591,1.547039,-0.007031,0.011023
22.166667,-0.015700,0.049281,0.006457,-0.946696,-1.351544,1.403696,-1.402607,-0.003544,0.012139,-1.146988,-0.992235,-1.349947,1.541039,-0.023194,0.016271
22.200000,-0.020641,0.046196,0.013600,-0.956895,-1.340025,1.421978,-1.415069,0.005391,0.009196,-1.145787,-0.975565,-1.370443,1.532774,-0.026186,0.031679
22.233333,-0.003074,0.029978,0.019956,-0.975554,-1.322158,1.436863,-1.423635,0.013438,-0.004540,-1.148897,-0.987026,-1.376344,1.526926,-0.021410,0.032083
22.266667,0.006684,0.027601,0.013209,-0.971271,-1.294525,1.433575,-1.416590,0.031055,0.004576,-1.154702,-0.995809,-1.349778,1.525659,-0.040402,0.018954
22.300000,0.015729,0.026671,0.005380,-0.966713,-1.292225,1.453997,-1.418122,0.037257,-0.003154,-1.162955,-0.988894,-1.363211,1.537190,-0.038715,0.024292
22.333333,0.018158,0.005352,0.014445,-0.982956,-1.296283,1.457039,-1.434971,0.047321,0.000007,-1.170581,-1.016155,-1.356026,1.543191,-0.025593,0.012023
22.366667,0.040146,0.004033,0.013020,-0.991005,-1.295061,1.434830,-1.427277,0.040994,0.004522,-1.200514,-1.030833,-1.329727,1.558582,-0.035422,-0.014501
22.400000,0.025844,0.006844,0.012205,-0.997925,-1.303247,1.448644,-1.426620,0.048183,0.013504,-1.197912,-1.039734,-1.325174,1.565153,-0.038533,-0.013153
22.433333,0.021079,0.005752,0.023049,-0.992136,-1.301390,1.478860,-1.425963,0.032891,0.002176,-1.184168,-1.031189,-1.339317,1.553751,-0.022465,-0.015369
22.466667,0.028564,0.008994,0.028426,-0.969217,-1.282448,1.519287,-1.392922,0.042556,0.015906,-1.167394,-1.037356,-1.336434,1.538286,-0.027029,-0.007479
22.500000,0.037090,0.014997,0.031070,-0.946856,-1.282222,1.537095,-1.384566,0.040613,0.001387,-1.149103,-1.033368,-1.345430,1.521387,-0.029196,-0.002459
22.533333,0.010280,0.015963,0.021646,-0.928908,-1.298894,1.555896,-1.397962,0.033283,-0.007557,-1.100858,-1.012250,-1.352612,1.516686,-0.015875,0.017617
22.566667,-0.000614,0.027474,0.015041,-0.933966,-1.288319,1.565244,-1.417813,0.034128,0.007705,-1.092613,-0.996907,-1.350291,1.516686,-0.018880,0.034660
22.600000,0.003163,0.031296,0.011311,-0.955329,-1.297776,1.550217,-1.437664,0.035627,0.020574,-1.091302,-1.014932,-1.357395,1.529354,-0.016650,0.044231
22.633333,-0.015289,0.027665,-0.000934,-0.976626,-1.313059,1.504498,-1.469223,0.034468,0.007609,-1.093957,-1.020925,-1.341525,1.540226,-0.006985,0.032720
22.666667,-0.007474,0.026384,-0.028368,-0.969366,-1.314278,1.498778,-1.462166,0.043286,0.014994,-1.096286,-1.037071,-1.348839,1.557124,-0.002428,0.032325
22.700000,0.002773,0.026921,-0.016205,-0.982001,-1.299986,1.508968,-1.452076,0.050520,0.015772,-1.117898,-1.058594,-1.357754,1.561483,0.004673,0.033058
22.733333,0.021153,0.012649,-0.009844,-0.958529,-1.295554,1.497230,-1.424401,0.045847,0.001315,-1.126490,-1.073795,-1.357418,1.546313,0.007366,0.015290
22.766667,0.011269,0.017322,-0.015315,-0.953134,-1.306301,1.510442,-1.403183,0.042278,0.003059,-1.138056,-1.071035,-1.332337,1.546313,0.007627,0.017852
22.800000,0.016313,0.017322,-0.005642,-0.961549,-1.319862,1.520873,-1.406923,0.037010,0.003257,-1.137235,-1.071961,-1.340024,1.554487,0.008726,0.018067
22.833333,0.008810,0.016713,0.013669,-0.992268,-1.313797,1.505639,-1.420080,0.028580,0.005137,-1.150182,-1.052675,-1.335654,1.543933,0.008965,0.022450
22.866667,-0.001125,0.022493,0.008683,-1.002153,-1.304410,1.494850,-1.399059,0.033170,0.015329,-1.140338,-1.033979,-1.327545,1.535214,0.001419,0.008361
22.900000,-0.011123,0.026614,0.009105,-1.018458,-1.322185,1.513078,-1.396319,0.035052,0.014739,-1.132947,-1.019329,-1.327352,1.550384,0.001649,0.008310
22.933333,-0.009309,0.017498,0.016799,-1.032070,-1.309894,1.492504,-1.406278,0.043339,0.010019,-1.131557,-1.019504,-1.323042,1.550385,0.006212,0.009107
22.966667,-0.011089,0.025589,0.002768,-1.031283,-1.309400,1.472989,-1.405221,0.039101,0.013411,-1.155622,-1.013314,-1.306133,1.550385,-0.006175,0.016176
23.000000,-0.026218,0.024544,-0.002358,-1.014968,-1.319851,1.476071,-1.413078,0.038273,0.006075,-1.152515,-1.018477,-1.282086,1.557016,-0.012703,0.010473
23.033333,-0.006024,0.017262,-0.001864,-1.005126,-1.317927,1.457805,-1.431992,0.023553,-0.007508,-1.170785,-1.044782,-1.269382,1.566077,-0.020277,0.006522
23.066667,-0.000737,0.016943,-0.012215,-1.010090,-1.283867,1.429918,-1.437281,0.026121,0.003504,-1.185851,-1.065346,-1.261266,1.566077,-0.047732,0.017096
23.100000,0.000311,0.018273,-0.016196,-0.995816,-1.279873,1.421984,-1.438273,0.023156,-0.009151,-1.174745,-1.061601,-1.279201,1.560360,-0.061501,0.014111
23.133333,0.004188,0.010182,-0.006684,-0.990167,-1.252331,1.431201,-1.424184,0.015802,-0.013775,-1.153773,-1.068804,-1.302037,1.551074,-0.050674,-0.002122
23.166667,0.020991,0.007112,-0.006100,-1.007328,-1.218607,1.413125,-1.430378,0.008055,-0.025382,-1.163623,-1.082510,-1.339057,1.542943,-0.055461,-0.007284
23.200000,0.014389,0.007112,-0.004620,-1.021696,-1.216233,1.417193,-1.436348,0.017966,-0.020620,-1.161052,-1.092252,-1.379705,1.542944,-0.045539,0.003317
23.233333,0.010525,0.015420,0.011182,-1.016481,-1.222362,1.433665,-1.422876,0.020433,-0.030054,-1.152729,-1.099281,-1.416702,1.542944,-0.018124,-0.000134
23.266667,0.030504,0.030422,0.024147,-1.038813,-1.205185,1.430184,-1.394542,0.027243,-0.002950,-1.148627,-1.137245,-1.451290,1.548661,-0.022424,0.005943
23.300000,0.029666,0.031140,0.034971,-1.057629,-1.213678,1.401967,-1.392307,0.031483,0.005424,-1.154866,-1.164262,-1.482796,1.551821,-0.024399,0.014084
23.333333,0.018638,0.031140,0.023103,-1.038321,-1.211098,1.364111,-1.390073,0.048657,0.013295,-1.139288,-1.172957,-1.480727,1.563873,-0.017242,0.021212
23.366667,0.011432,0.044227,0.024769,-0.996168,-1.196706,1.304111,-1.392370,0.033602,0.026623,-1.112448,-1.181142,-1.449239,1.563873,-0.013458,0.029043
23.400000,0.016931,0.032600,0.023720,-0.948479,-1.196062,1.204111,-1.427735,0.024248,0.020002,-1.073480,-1.182467,-1.401574,1.563873,-0.011321,0.027133
23.433333,0.002589,0.022710,0.004409,-0.860792,-1.192721,1.104111,-1.486334,0.013584,0.007918,-1.048715,-1.154548,-1.323562,1.563873,0.005970,0.024981
23.466667,-0.000214,0.025706,-0.012126,-0.760791,-1.177550,1.004111,-1.524933,0.018592,-0.000519,-0.988286,-1.149678,-1.235582,1.570000,-0.002114,0.038920
23.500000,-0.002426,0.025706,0.002870,-0.660791,-1.181459,0.904111,-1.543532,0.010225,0.006595,-0.940439,-1.164969,-1.147601,1.570000,-0.001228,0.035084
23.533333,0.002141,0.016506,-0.001208,-0.560791,-1.188590,0.804111,-1.566766,0.022723,0.001472,-0.900048,-1.186174,-1.071255,1.564520,-0.003902,0.029119
23.566667,-0.002562,0.015974,-0.002047,-0.484894,-1.203303,0.704111,-1.570000,0.032570,0.017101,-0.879786,-1.199393,-1.007147,1.564520,-0.018241,0.036113
23.600000,-0.004676,0.007601,0.003833,-0.419373,-1.205225,0.604111,-1.562032,0.032887,0.003038,-0.849873,-1.224709,-0.945442,1.564520,-0.023592,0.024953
23.633333,0.002850,0.003888,0.019091,-0.382182,-1.188169,0.504111,-1.544760,0.026585,0.006757,-0.853431,-1.226976,-0.909767,1.564521,-0.013325,0.003607
23.666667,0.006849,0.008337,0.010905,-0.361674,-1.166487,0.444111,-1.507784,0.029373,0.012184,-0.857593,-1.229757,-0.887982,1.564521,-0.018782,-0.004372
23.700000,0.006387,0.004769,0.013143,-0.347555,-1.156867,0.384111,-1.458522,0.025339,0.004444,-0.850506,-1.220915,-0.854563,1.570000,-0.016850,-0.007795
23.733333,0.021673,0.004769,0.002624,-0.316084,-1.137932,0.337844,-1.389260,0.018740,-0.005258,-0.854938,-1.237652,-0.828811,1.570000,-0.007520,-0.019002
23.766667,0.026663,0.008731,-0.006984,-0.299296,-1.157792,0.292461,-1.307965,0.016872,-0.006788,-0.850599,-1.234677,-0.800656,1.570000,-0.008307,-0.010422
23.800000,0.017695,0.008731,-0.010598,-0.277691,-1.207205,0.282626,-1.215976,0.017210,-0.005982,-0.818023,-1.242565,-0.734453,1.570000,-0.013910,-0.006864
23.833333,0.013668,0.004281,0.001704,-0.263865,-1.242163,0.243390,-1.123689,0.016164,-0.011887,-0.787219,-1.226694,-0.661751,1.567120,-0.023436,0.012614
23.866667,0.013567,0.015501,0.008091,-0.283650,-1.271183,0.215295,-1.023689,0.014810,0.002166,-0.777037,-1.233798,-0.618227,1.567120,-0.032685,0.019653
23.900000,0.001417,0.017241,0.018538,-0.296769,-1.309402,0.213467,-0.923689,0.008836,-0.001756,-0.766855,-1.207160,-0.594797,1.567120,-0.031015,0.020030
23.933333,-0.003188,0.015019,0.028543,-0.304828,-1.327620,0.230755,-0.843689,0.009186,0.001304,-0.776672,-1.200523,-0.591368,1.567120,-0.031657,0.013076
23.966667,-0.000618,0.016758,0.027964,-0.309373,-1.336286,0.232494,-0.783689,0.007929,0.000600,-0.801256,-1.203024,-0.607938,1.567120,-0.030127,0.013579
