time_sec,joint_pelvisYaw,joint_pelvisPitch,joint_pelvisRoll,joint_lShoulderPitch,joint_lShoulderRoll,joint_lShoulderYaw,joint_lElbow,joint_lWristRoll,joint_lWristPitch,joint_rShoulderPitch,joint_rShoulderRoll,joint_rShoulderYaw,joint_rElbow,joint_rWristRoll,joint_rWristPitch
0.000000,-0.023306,0.011714,0.003083,-0.397230,-1.383190,0.500154,-0.641754,0.039402,0.113971,-0.494116,-1.268479,-0.005433,1.299559,-0.054459,0.104865
0.033333,-0.044857,0.032932,0.023303,-0.423055,-1.392299,0.533691,-0.628414,0.023568,0.115856,-0.517548,-1.291538,-0.088638,1.255180,-0.078222,0.058929
0.066667,-0.032191,0.050589,0.012082,-0.441815,-1.394989,0.528717,-0.619296,0.030030,0.094245,-0.507184,-1.295683,-0.095815,1.243907,-0.068054,0.043255
0.100000,-0.039526,0.072266,-0.019140,-0.440574,-1.377679,0.543743,-0.607212,0.022639,0.083848,-0.497465,-1.283692,-0.122991,1.249045,-0.037887,0.047581
0.133333,-0.018584,0.053942,-0.050361,-0.422896,-1.375007,0.547033,-0.610168,0.012164,0.066795,-0.472791,-1.271700,-0.110167,1.254183,-0.007719,0.060569
0.166667,0.002359,0.048038,-0.059087,-0.430820,-1.359269,0.524291,-0.613124,0.014433,0.041877,-0.435606,-1.280075,-0.061315,1.279639,0.033568,0.087691
0.200000,0.004852,0.048038,-0.043650,-0.413815,-1.356640,0.490889,-0.628019,0.008382,0.017681,-0.395121,-1.281669,-0.001315,1.265095,0.044088,0.095991
0.233333,-0.009948,0.029933,-0.036235,-0.398775,-1.359312,0.495938,-0.636106,-0.009949,0.028151,-0.388288,-1.288695,0.021498,1.239635,0.045395,0.107561
0.266667,0.015252,0.005914,0.011180,-0.388169,-1.381984,0.470217,-0.633892,0.002872,0.047408,-0.400809,-1.294638,0.084311,1.187576,0.027618,0.110398
0.300000,0.035195,0.001895,0.026565,-0.391898,-1.376162,0.472096,-0.615343,0.011029,0.059599,-0.394467,-1.287397,0.107523,1.135518,0.032671,0.120030
0.333333,0.015138,0.004392,0.032184,-0.392318,-1.398834,0.493568,-0.594315,0.019119,0.072009,-0.408160,-1.294350,0.116504,1.078260,0.009529,0.102473
0.366667,0.004514,0.026890,0.025706,-0.399063,-1.401506,0.514168,-0.538569,0.000457,0.092419,-0.408194,-1.318001,0.107420,1.061002,-0.002390,0.063738
0.400000,0.007252,0.027493,0.028046,-0.370460,-1.401506,0.534768,-0.518076,0.006119,0.112829,-0.387524,-1.335134,0.122222,1.050711,-0.011247,0.054440
0.433333,-0.012420,0.029564,0.002498,-0.377422,-1.401506,0.568248,-0.525219,-0.009616,0.093239,-0.364498,-1.362626,0.099882,1.039795,-0.025309,0.046112
0.466667,-0.036669,0.036713,-0.006885,-0.377368,-1.390000,0.571581,-0.572361,0.000175,0.071092,-0.367184,-1.390164,0.079837,1.032602,-0.062201,0.057863
0.500000,-0.038091,0.034216,-0.009882,-0.354642,-1.375557,0.589565,-0.581982,0.003057,0.057586,-0.384484,-1.383139,0.050544,1.022278,-0.070898,0.065636
0.533333,-0.023162,0.011718,-0.026888,-0.358362,-1.375557,0.611907,-0.606703,0.035142,0.059059,-0.406719,-1.382708,0.009932,0.971954,-0.073197,0.097975
0.566667,-0.030506,0.009220,-0.015597,-0.402083,-1.375557,0.621957,-0.614368,0.030270,0.048260,-0.424201,-1.382708,-0.057378,0.954663,-0.092156,0.090314
0.600000,-0.023219,0.007149,0.000250,-0.405802,-1.375557,0.634473,-0.627666,0.028824,0.043272,-0.404039,-1.379526,-0.087548,0.949052,-0.086825,0.087602
0.633333,-0.028046,0.005521,0.000788,-0.418642,-1.395557,0.672123,-0.601416,0.009605,0.045812,-0.387215,-1.363658,-0.120410,0.941339,-0.054263,0.063128
0.666667,-0.020567,0.017244,-0.007532,-0.467166,-1.410000,0.709773,-0.589859,0.016571,0.054895,-0.335742,-1.381514,-0.138345,0.903827,-0.061701,0.040660
0.700000,-0.037287,0.017244,-0.013310,-0.482919,-1.410000,0.777044,-0.584757,0.000426,0.046636,-0.288496,-1.381945,-0.140662,0.906316,-0.078777,0.033627
0.733333,-0.041377,0.035359,-0.027318,-0.492007,-1.410000,0.816840,-0.601456,0.003454,0.036799,-0.266708,-1.361945,-0.142979,0.908804,-0.057814,0.029741
0.766667,-0.037861,0.046608,-0.036580,-0.531523,-1.390000,0.872059,-0.618155,-0.000938,0.043391,-0.257410,-1.371988,-0.185296,0.903014,-0.053474,-0.009685
0.800000,-0.040673,0.041086,-0.028415,-0.533568,-1.371531,0.915601,-0.636639,-0.003265,0.033172,-0.259062,-1.375634,-0.214253,0.933359,-0.064510,-0.022883
0.833333,-0.050525,0.042201,-0.020207,-0.539859,-1.370934,0.959142,-0.680429,-0.007174,0.039566,-0.286976,-1.354743,-0.274659,0.993668,-0.053837,0.001630
0.866667,-0.043464,0.042201,0.006716,-0.562066,-1.370934,0.980425,-0.735453,-0.017175,0.042993,-0.320235,-1.351709,-0.338464,1.030664,-0.028794,-0.000619
0.900000,-0.042270,0.025041,0.017534,-0.590940,-1.370934,1.041475,-0.771989,-0.013682,0.041156,-0.353494,-1.362560,-0.390329,1.042995,-0.026038,0.013822
0.933333,-0.042067,0.013792,0.015888,-0.611365,-1.388585,1.073073,-0.807741,0.003463,0.053752,-0.389319,-1.351517,-0.422831,1.079702,-0.030434,0.051988
0.966667,-0.033047,0.022522,0.013639,-0.669262,-1.384706,1.104087,-0.861226,0.026266,0.061935,-0.385145,-1.363739,-0.459406,1.115353,-0.014800,0.062965
1.000000,-0.020202,0.010495,0.010343,-0.696059,-1.382954,1.135100,-0.896576,0.038910,0.070128,-0.372218,-1.366774,-0.461323,1.152251,-0.003791,0.068202
1.033333,-0.021351,0.010495,-0.008046,-0.746940,-1.382954,1.188373,-0.928622,0.054658,0.074441,-0.384783,-1.340386,-0.484024,1.187606,-0.018365,0.064304
1.066667,-0.025735,0.009540,-0.014982,-0.788178,-1.382954,1.231800,-0.947317,0.066952,0.057865,-0.369662,-1.340113,-0.490900,1.221231,-0.048692,0.080568
1.100000,-0.028956,0.009540,-0.030868,-0.807436,-1.365303,1.294664,-0.951147,0.068529,0.034523,-0.379485,-1.321733,-0.517138,1.217892,-0.055243,0.078014
1.133333,-0.034517,0.011516,-0.051753,-0.804570,-1.379036,1.340122,-0.966705,0.058095,0.038269,-0.408011,-1.290504,-0.540461,1.217854,-0.070251,0.072575
1.166667,-0.059941,0.017260,-0.057206,-0.792803,-1.381384,1.356768,-0.963137,0.026238,0.024719,-0.459029,-1.299275,-0.564951,1.226603,-0.070743,0.033158
1.200000,-0.055274,0.017260,-0.042400,-0.766813,-1.381384,1.342537,-0.956405,0.023301,0.031120,-0.471944,-1.303398,-0.551492,1.220210,-0.043065,0.029638
1.233333,-0.062148,0.028784,-0.054713,-0.750466,-1.372848,1.338151,-0.959434,0.010983,0.050937,-0.512546,-1.307522,-0.565799,1.228598,-0.015388,0.011366
1.266667,-0.069022,0.038524,-0.027026,-0.774119,-1.390047,1.343781,-0.978114,0.018485,0.063261,-0.535741,-1.315809,-0.552178,1.236985,-0.027710,-0.013461
1.300000,-0.072831,0.039922,-0.013659,-0.780003,-1.398662,1.368658,-0.965095,0.019763,0.065537,-0.547602,-1.345904,-0.529778,1.217360,-0.032167,-0.016782
1.333333,-0.060072,0.043369,-0.010397,-0.825887,-1.398662,1.414104,-0.985143,0.034830,0.061568,-0.541408,-1.335998,-0.539137,1.197735,-0.068224,-0.007374
1.366667,-0.041908,0.043369,-0.017978,-0.861140,-1.398662,1.490427,-1.018874,0.054032,0.056812,-0.533315,-1.360162,-0.558928,1.186257,-0.111277,-0.017060
1.400000,-0.023745,0.031845,-0.010397,-0.866418,-1.407198,1.537054,-1.035982,0.064593,0.055546,-0.522804,-1.344326,-0.545048,1.173883,-0.114329,-0.011992
1.433333,-0.010243,0.042105,-0.034026,-0.871697,-1.390536,1.569788,-1.041919,0.040496,0.048314,-0.503113,-1.352555,-0.540052,1.167457,-0.097153,0.007598
1.466667,-0.003911,0.030002,-0.050777,-0.876869,-1.369712,1.592872,-1.061169,0.040701,0.024043,-0.482654,-1.338657,-0.524878,1.173043,-0.106217,0.017571
1.500000,0.002427,0.020000,-0.044458,-0.882040,-1.368887,1.593658,-1.072692,0.048575,0.024642,-0.480251,-1.356416,-0.474164,1.165614,-0.077327,0.029384
1.533333,-0.009483,0.020000,-0.045823,-0.893524,-1.361098,1.589758,-1.078799,0.020290,0.020996,-0.507476,-1.336348,-0.450088,1.170866,-0.034090,0.041904
1.566667,-0.021393,0.029425,-0.032567,-0.920537,-1.333308,1.575553,-1.102438,0.004591,0.000443,-0.502947,-1.349530,-0.451350,1.149145,0.002841,0.029846
1.600000,-0.037777,0.014741,-0.027158,-0.934224,-1.344983,1.575243,-1.097248,0.006375,-0.006456,-0.485005,-1.342107,-0.453425,1.153930,0.019544,0.030339
1.633333,-0.021255,0.014741,0.004257,-0.951824,-1.358700,1.568191,-1.081097,-0.023952,0.006079,-0.495429,-1.316811,-0.446661,1.134716,0.055454,0.018550
1.666667,-0.024772,0.023427,0.025565,-0.955006,-1.359524,1.564476,-1.036867,-0.043854,0.005436,-0.465854,-1.299858,-0.437167,1.088516,0.053410,0.010266
1.700000,-0.027928,0.023427,0.025565,-0.953057,-1.359540,1.559250,-0.998052,-0.023756,0.002360,-0.444840,-1.320732,-0.430605,1.055710,0.021373,0.020370
1.733333,-0.016048,0.034002,0.003247,-0.953219,-1.373471,1.578723,-0.980404,0.004050,0.028577,-0.437288,-1.308356,-0.412026,1.062384,-0.022358,0.054841
1.766667,0.004592,0.028686,0.007462,-0.926707,-1.347401,1.598196,-0.962756,0.027677,0.034160,-0.448797,-1.328356,-0.405479,1.036605,-0.042670,0.062237
1.800000,0.000062,0.031648,0.001782,-0.928578,-1.340650,1.609492,-0.952291,0.050006,0.047067,-0.460154,-1.356915,-0.398932,1.027154,-0.049254,0.081950
1.833333,-0.011496,0.032360,-0.032501,-0.932235,-1.340650,1.607993,-0.981827,0.041007,0.039317,-0.486944,-1.377244,-0.423162,1.057703,-0.055075,0.083587
1.866667,-0.005477,0.032360,-0.026947,-0.919566,-1.338300,1.592839,-0.982144,0.008210,0.026472,-0.489298,-1.368551,-0.430720,1.090159,-0.050577,0.047019
1.900000,-0.010948,0.016068,-0.008694,-0.901403,-1.352035,1.566204,-0.949184,-0.019120,0.006468,-0.485185,-1.374724,-0.418625,1.082615,-0.029402,0.010663
1.933333,-0.044932,0.024167,-0.006187,-0.911296,-1.365770,1.499569,-0.936449,-0.047410,0.016998,-0.477152,-1.360706,-0.398130,1.075072,-0.031646,-0.013969
1.966667,-0.049022,0.021206,-0.020893,-0.892621,-1.379505,1.446629,-0.954178,-0.057441,0.003831,-0.474301,-1.372476,-0.377635,1.071808,-0.042137,-0.020449
2.000000,-0.025106,0.011808,-0.004093,-0.886578,-1.368622,1.433688,-0.932778,-0.051131,0.017847,-0.456018,-1.352476,-0.326363,1.028545,-0.030677,-0.008289
2.033333,-0.032853,0.030462,-0.001442,-0.915100,-1.367512,1.439480,-0.926997,-0.036333,0.050762,-0.462369,-1.354032,-0.267762,0.949154,-0.039543,0.012385
2.066667,-0.040423,0.026754,-0.005750,-0.921448,-1.339475,1.437827,-0.930526,-0.033528,0.061543,-0.455897,-1.353145,-0.231451,0.886166,-0.056911,-0.006941
2.100000,-0.022498,0.018655,-0.004541,-0.919543,-1.351438,1.457372,-0.943340,-0.023382,0.060753,-0.474285,-1.348718,-0.209740,0.863178,-0.034279,0.002008
2.133333,-0.027652,0.024362,-0.002827,-0.935914,-1.343867,1.500991,-0.928879,-0.034107,0.058111,-0.462679,-1.314759,-0.188029,0.859581,-0.041390,0.006475
2.166667,-0.062375,0.024362,-0.000641,-0.914894,-1.354749,1.531797,-0.943395,-0.021726,0.027751,-0.491073,-1.320800,-0.189809,0.894225,-0.071216,0.001407
2.200000,-0.066407,0.005707,-0.002974,-0.899309,-1.348918,1.523722,-0.947035,0.000284,-0.002609,-0.481079,-1.300704,-0.175591,0.928869,-0.061041,0.009115
2.233333,-0.034162,0.012387,0.004024,-0.912438,-1.340013,1.509876,-0.974640,-0.005714,-0.026370,-0.499008,-1.268186,-0.170747,0.987110,-0.041041,0.043290
2.266667,-0.032636,0.032144,0.027856,-0.939561,-1.331108,1.511174,-0.982450,-0.018286,-0.046137,-0.508532,-1.235181,-0.165904,1.042847,-0.061041,0.037465
2.300000,-0.033658,0.026539,0.039076,-0.950224,-1.319586,1.489958,-0.997247,0.008844,-0.032231,-0.515702,-1.237363,-0.176585,1.058584,-0.063920,0.030286
2.333333,0.005319,0.042468,0.038107,-0.998278,-1.313345,1.460570,-0.996039,-0.004025,-0.008531,-0.482871,-1.239545,-0.163775,1.036081,-0.031693,0.054003
2.366667,0.029413,0.042468,0.017949,-1.006333,-1.304170,1.471181,-1.019307,-0.011214,0.000492,-0.450040,-1.243801,-0.190965,1.036661,-0.034486,0.074266
2.400000,0.013506,0.035788,0.004849,-1.025673,-1.324146,1.496428,-1.015151,-0.000056,0.033392,-0.429286,-1.278977,-0.226488,1.037241,-0.037489,0.069022
2.433333,0.018782,0.029435,-0.027291,-1.019269,-1.304123,1.495471,-1.001281,0.019535,0.054201,-0.411609,-1.327255,-0.233386,1.000325,-0.036315,0.071045
2.466667,0.045277,0.029334,-0.019432,-1.014045,-1.282329,1.514422,-0.988424,0.028224,0.068418,-0.426280,-1.341601,-0.234167,0.984588,-0.018255,0.070058
2.500000,0.031772,0.013404,-0.015772,-1.008821,-1.265552,1.530873,-0.988963,0.044302,0.078304,-0.440952,-1.323824,-0.234948,0.988862,-0.015115,0.041223
2.533333,0.012987,0.021142,0.004291,-1.032930,-1.258775,1.543086,-0.949503,0.023012,0.076352,-0.469880,-1.297575,-0.235729,0.989504,-0.007345,-0.007242
2.566667,0.006336,0.022216,0.034758,-1.017038,-1.258012,1.543628,-0.901644,0.013606,0.049727,-0.482054,-1.250163,-0.196511,0.950147,-0.017217,-0.034121
2.600000,0.005725,0.009654,0.050184,-1.023185,-1.277037,1.543599,-0.893785,0.002696,0.042770,-0.459557,-1.213864,-0.145917,0.923798,-0.013136,-0.028268
2.633333,-0.021885,0.030496,0.042152,-1.037572,-1.298938,1.527190,-0.905203,-0.032815,0.032089,-0.420456,-1.211499,-0.085917,0.916269,-0.017661,-0.053569
2.666667,-0.025193,0.050620,0.019188,-1.032767,-1.294922,1.534265,-0.895549,-0.048012,0.016907,-0.395240,-1.230067,-0.065917,0.928730,-0.010897,-0.078738
2.700000,-0.026219,0.044467,0.017678,-1.024552,-1.300348,1.505579,-0.885896,-0.042660,0.028241,-0.374806,-1.248634,-0.005917,0.921739,-0.002838,-0.063908
2.733333,-0.018408,0.051633,-0.007432,-1.056337,-1.270610,1.513929,-0.912065,-0.061723,0.052510,-0.331125,-1.270118,0.054083,0.914747,-0.016925,-0.038501
2.766667,-0.023972,0.050791,-0.020573,-1.066036,-1.261084,1.516061,-0.910508,-0.068580,0.042026,-0.327444,-1.291602,0.114083,0.894747,-0.032080,-0.013093
2.800000,-0.018334,0.029985,-0.022253,-1.073347,-1.260931,1.515829,-0.881294,-0.060555,0.046139,-0.331311,-1.273086,0.134083,0.870037,-0.043155,0.012314
2.833333,-0.015390,0.009861,0.011145,-1.077051,-1.252879,1.498570,-0.878881,-0.049949,0.058571,-0.321292,-1.244870,0.194083,0.805328,-0.084160,0.050628
2.866667,0.006719,0.008275,0.004543,-1.094832,-1.265382,1.481310,-0.876469,-0.062528,0.071002,-0.292236,-1.216655,0.254083,0.740618,-0.096073,0.048942
2.900000,0.007857,0.007172,0.005838,-1.072613,-1.296543,1.444733,-0.865074,-0.040920,0.078168,-0.303179,-1.209304,0.274083,0.715908,-0.095691,0.050869
2.933333,0.005977,0.014308,0.015163,-1.047268,-1.307704,1.424805,-0.861404,-0.029017,0.100088,-0.314123,-1.181953,0.254083,0.731199,-0.092371,0.032797
2.966667,-0.015693,0.041409,0.031635,-1.009347,-1.326965,1.388459,-0.845392,-0.022173,0.108901,-0.334123,-1.194602,0.234083,0.711199,-0.118534,0.014725
3.000000,-0.024677,0.048545,0.017074,-0.954226,-1.362053,1.329142,-0.836410,-0.028440,0.108432,-0.364981,-1.228140,0.174083,0.691199,-0.106239,-0.016689
3.033333,-0.053726,0.048545,0.016805,-0.859105,-1.376894,1.269824,-0.867197,-0.011966,0.098315,-0.429519,-1.287342,0.074083,0.692684,-0.100748,-0.008103
3.066667,-0.055519,0.061409,0.009961,-0.763983,-1.393323,1.189824,-0.894018,-0.025511,0.074726,-0.475453,-1.333006,-0.025917,0.665107,-0.087076,-0.025313
3.100000,-0.068815,0.073025,-0.016882,-0.663983,-1.391947,1.089824,-0.900839,-0.050182,0.059091,-0.481386,-1.375892,-0.125917,0.628099,-0.053403,-0.022522
3.133333,-0.052129,0.045888,-0.042167,-0.563983,-1.391947,0.989824,-0.941797,-0.058201,0.044044,-0.485402,-1.401556,-0.225917,0.623435,-0.018462,-0.008639
3.166667,-0.029738,0.038752,-0.046497,-0.500040,-1.371947,0.889824,-0.981250,-0.056820,0.036953,-0.478560,-1.407221,-0.285917,0.621391,0.016479,0.022427
3.200000,-0.026303,0.038752,-0.029736,-0.436097,-1.372194,0.789824,-1.020932,-0.064481,-0.000490,-0.463871,-1.407221,-0.345917,0.637861,0.023888,0.043064
3.233333,-0.034087,0.026194,-0.025352,-0.385222,-1.362110,0.696477,-1.033564,-0.067558,0.002068,-0.461253,-1.407221,-0.405917,0.661827,0.020894,0.061667
3.266667,-0.007088,0.007442,0.019033,-0.347784,-1.379917,0.638353,-1.067210,-0.058597,0.016670,-0.498635,-1.402609,-0.465917,0.655224,-0.001339,0.057257
3.300000,0.017941,0.010184,0.031348,-0.338385,-1.359917,0.609109,-1.066719,-0.052253,0.023723,-0.497934,-1.400412,-0.525917,0.620740,0.000112,0.056297
3.333333,0.002970,0.020356,0.032923,-0.315757,-1.375849,0.587521,-1.060063,-0.053373,0.024551,-0.531362,-1.396703,-0.625917,0.623637,-0.025365,0.042878
3.366667,-0.011416,0.050528,0.025718,-0.300570,-1.351781,0.565934,-1.013406,-0.068192,0.047218,-0.538957,-1.396703,-0.685917,0.626534,-0.034602,-0.000112
3.400000,-0.006808,0.053258,0.021813,-0.272314,-1.357797,0.576395,-0.976359,-0.057577,0.069885,-0.513085,-1.396703,-0.725188,0.620862,-0.024305,-0.012009
3.433333,-0.017999,0.065994,-0.005380,-0.270621,-1.356671,0.551633,-0.956466,-0.047235,0.062062,-0.487214,-1.388922,-0.764459,0.655190,-0.031064,-0.016051
3.466667,-0.032888,0.074871,-0.013423,-0.261694,-1.355544,0.497991,-0.976572,-0.024951,0.046673,-0.489864,-1.391119,-0.803730,0.699729,-0.062776,0.005364
3.500000,-0.035990,0.064699,-0.019272,-0.229938,-1.342915,0.466325,-0.964351,-0.015200,0.044349,-0.496679,-1.374828,-0.843001,0.744269,-0.067559,0.010206
3.533333,-0.018548,0.039321,-0.037068,-0.224420,-1.352618,0.438200,-0.973913,0.013109,0.059701,-0.506161,-1.349820,-0.922272,0.749276,-0.064297,0.039764
3.566667,-0.026380,0.033227,-0.023507,-0.248731,-1.354262,0.377618,-0.973867,0.018443,0.059699,-0.537326,-1.344812,-1.015387,0.778811,-0.090643,0.029321
3.600000,-0.018411,0.020491,-0.009894,-0.233041,-1.355388,0.357036,-0.975652,0.020101,0.052499,-0.528492,-1.339281,-1.080966,0.790502,-0.080693,0.034037
3.633333,-0.029162,0.018891,-0.012819,-0.236548,-1.372609,0.371448,-0.952482,0.006125,0.066564,-0.531137,-1.314959,-1.146545,0.801547,-0.053686,0.009565
3.666667,-0.025320,0.038941,-0.019673,-0.277393,-1.389307,0.396227,-0.931424,0.002367,0.074720,-0.502335,-1.325327,-1.212124,0.772592,-0.066678,-0.014906
3.700000,-0.027953,0.034197,-0.029080,-0.284561,-1.403671,0.445025,-0.904948,-0.010481,0.061149,-0.470995,-1.350335,-1.237702,0.783170,-0.091959,-0.024093
3.733333,-0.023375,0.050170,-0.039145,-0.301900,-1.405476,0.527579,-0.905309,-0.018005,0.050283,-0.457972,-1.339746,-1.270166,0.799354,-0.084258,-0.014437
3.766667,-0.024272,0.069802,-0.049134,-0.346630,-1.384857,0.610133,-0.899066,-0.041892,0.062043,-0.484948,-1.360449,-1.330166,0.797108,-0.094284,-0.044780
3.800000,-0.025875,0.059782,-0.037898,-0.357479,-1.366921,0.697693,-0.877776,-0.055657,0.041006,-0.511925,-1.376441,-1.390166,0.820830,-0.107396,-0.045937
3.833333,-0.025537,0.059732,-0.032622,-0.370990,-1.365080,0.785253,-0.894375,-0.058910,0.039766,-0.553759,-1.364356,-1.450166,0.884553,-0.098369,-0.008541
3.866667,-0.023655,0.064084,-0.002063,-0.397950,-1.365080,0.875978,-0.921074,-0.071632,0.037864,-0.628421,-1.362641,-1.550166,0.920498,-0.077682,-0.005865
3.900000,-0.011715,0.052121,0.005942,-0.417727,-1.365699,0.966704,-0.939908,-0.084770,0.035571,-0.703082,-1.378238,-1.650166,0.924606,-0.059406,-0.001126
3.933333,-0.009653,0.035051,0.002182,-0.422285,-1.382954,1.028166,-0.954116,-0.061169,0.038299,-0.770842,-1.378238,-1.738120,0.964992,-0.049402,0.032605
3.966667,0.006315,0.045973,0.004767,-0.453218,-1.381432,1.049628,-0.976022,-0.048121,0.045436,-0.798602,-1.386568,-1.786074,0.974699,-0.020540,0.044520
4.000000,0.020471,0.031072,0.004849,-0.461826,-1.379909,1.071091,-0.979527,-0.044385,0.052368,-0.812661,-1.400790,-1.826995,0.984406,-0.002633,0.043557
4.033333,0.027962,0.030942,-0.013001,-0.485374,-1.379909,1.101828,-0.980291,-0.040648,0.057961,-0.833764,-1.400971,-1.867915,0.996035,-0.013716,0.038638
4.066667,0.026161,0.022855,-0.020672,-0.504053,-1.379909,1.107832,-0.976640,-0.022686,0.036596,-0.814867,-1.400970,-1.903062,1.014213,-0.055368,0.049679
4.100000,0.039715,0.020293,-0.033422,-0.510559,-1.363272,1.143100,-0.967063,-0.035139,0.012828,-0.802871,-1.391182,-1.930463,0.993093,-0.071022,0.034348
4.133333,0.034472,0.024861,-0.056251,-0.500084,-1.368682,1.197613,-0.989789,-0.049241,0.016162,-0.806123,-1.388728,-1.991175,1.002651,-0.099450,0.018769
4.166667,0.006393,0.026541,-0.060748,-0.483083,-1.370116,1.252127,-0.997590,-0.081334,-0.002349,-0.841371,-1.396222,-2.038276,1.012210,-0.102504,-0.022485
4.200000,0.007803,0.022268,-0.044699,-0.463110,-1.362264,1.266640,-1.016038,-0.091578,-0.003710,-0.836618,-1.388390,-2.045378,1.008359,-0.071473,-0.025063
4.233333,-0.008522,0.033923,-0.053294,-0.455188,-1.341658,1.287784,-1.036790,-0.107879,0.019364,-0.871866,-1.388390,-2.058255,1.024409,-0.040442,-0.028873
4.266667,-0.033379,0.040834,-0.021888,-0.487267,-1.337880,1.308928,-1.074698,-0.093644,0.039999,-0.907114,-1.398178,-2.090922,1.039757,-0.049411,-0.035304
4.300000,-0.048994,0.038044,-0.015222,-0.503833,-1.352057,1.319018,-1.072606,-0.084363,0.036401,-0.927114,-1.400632,-2.096276,1.034735,-0.049331,-0.031862
4.333333,-0.042163,0.040788,-0.010011,-0.527945,-1.353986,1.289107,-1.078132,-0.053920,0.041727,-0.915712,-1.380632,-2.089204,1.029712,-0.085808,-0.022993
4.366667,-0.035332,0.040788,-0.024001,-0.528560,-1.350673,1.299197,-1.089284,-0.014269,0.054114,-0.924019,-1.390000,-2.122131,1.023955,-0.135516,-0.025769
4.400000,-0.028502,0.029133,-0.020000,-0.503329,-1.365202,1.306491,-1.083576,0.015192,0.050695,-0.910551,-1.384632,-2.115058,1.023584,-0.145223,-0.024179
4.433333,-0.013140,0.042222,-0.050160,-0.478097,-1.363920,1.293187,-1.075155,0.004653,0.033407,-0.875434,-1.384632,-2.107986,1.035365,-0.126910,-0.017164
4.466667,0.001860,0.029521,-0.063131,-0.453825,-1.335098,1.304982,-1.081544,0.009726,0.008840,-0.861563,-1.380072,-2.111578,1.061178,-0.120766,-0.007605
4.500000,0.022010,0.020000,-0.058987,-0.450856,-1.322498,1.328039,-1.084726,0.019258,0.008716,-0.875822,-1.400072,-2.114611,1.062957,-0.097674,0.018993
4.533333,0.034096,0.024711,-0.056604,-0.456245,-1.326108,1.330903,-1.087907,-0.002268,-0.000182,-0.905838,-1.384674,-2.117644,1.085003,-0.057019,0.034856
4.566667,0.046181,0.036801,-0.040926,-0.470445,-1.304628,1.314665,-1.111886,-0.020991,-0.017708,-0.917628,-1.390042,-2.160677,1.067048,-0.021972,0.025173
4.600000,0.044828,0.027154,-0.031088,-0.469582,-1.322132,1.319024,-1.098578,-0.023251,-0.006483,-0.926105,-1.376824,-2.189772,1.076941,-0.014945,0.031179
4.633333,0.060156,0.035967,-0.001119,-0.481923,-1.337359,1.298876,-1.084750,-0.050822,0.014146,-0.939234,-1.348167,-2.210541,1.062174,0.005078,0.014968
4.666667,0.060517,0.049459,0.018638,-0.494265,-1.349959,1.281432,-1.059837,-0.069366,0.024252,-0.915634,-1.334950,-2.224937,1.059274,0.008154,-0.019725
4.700000,0.037571,0.044748,0.024080,-0.496329,-1.343568,1.282522,-1.034923,-0.065519,0.023595,-0.886658,-1.350348,-2.239333,1.044622,-0.016655,-0.032036
4.733333,0.049226,0.052658,0.003601,-0.515430,-1.359868,1.320627,-1.029212,-0.048697,0.048413,-0.880123,-1.340492,-2.249367,1.067852,-0.057854,-0.018803
4.766667,0.058880,0.042305,0.007643,-0.509593,-1.336169,1.321900,-1.023502,-0.029140,0.042328,-0.858551,-1.353709,-2.233340,1.051083,-0.082222,-0.022910
4.800000,0.047516,0.037577,0.004239,-0.502716,-1.337034,1.314389,-1.016050,-0.012742,0.060505,-0.843104,-1.385416,-2.208978,1.056535,-0.096524,-0.008089
4.833333,0.023856,0.034429,-0.023545,-0.481727,-1.328215,1.292912,-1.045884,-0.029164,0.049203,-0.846471,-1.398634,-2.199866,1.074155,-0.105644,0.016240
4.866667,0.031570,0.034429,-0.017393,-0.460739,-1.324878,1.233095,-1.035718,-0.054750,0.034561,-0.821528,-1.390880,-2.150753,1.107077,-0.099526,0.000570
4.900000,0.008971,0.019683,-0.002044,-0.411226,-1.331165,1.136263,-0.985552,-0.076022,0.018892,-0.786685,-1.395688,-2.066003,1.102116,-0.071409,-0.015101
4.933333,-0.027735,0.031655,0.000510,-0.397857,-1.340962,1.036263,-0.944963,-0.101577,0.030474,-0.773617,-1.384326,-1.989798,1.097155,-0.060123,-0.027627
4.966667,-0.028984,0.027570,-0.015849,-0.371366,-1.356011,0.936262,-0.931826,-0.110739,0.017226,-0.763616,-1.377465,-1.913592,1.083722,-0.059492,-0.032055
5.000000,-0.007763,0.017225,-0.006398,-0.337202,-1.364831,0.866612,-0.882801,-0.103168,0.025799,-0.734801,-1.350364,-1.822136,1.034099,-0.035356,-0.024521
5.033333,-0.026543,0.032314,-0.013137,-0.333745,-1.380110,0.814739,-0.860790,-0.074466,0.057251,-0.732187,-1.351017,-1.730680,0.962881,-0.037324,-0.009545
5.066667,-0.037936,0.027060,-0.018113,-0.318811,-1.363073,0.780109,-0.850298,-0.067302,0.064254,-0.717030,-1.355821,-1.679224,0.919595,-0.055787,-0.034569
5.100000,-0.025752,0.015088,-0.014944,-0.288947,-1.382526,0.745479,-0.844761,-0.064766,0.067014,-0.718325,-1.359567,-1.619224,0.906814,-0.034250,-0.026512
5.133333,-0.032454,0.024038,-0.014643,-0.273153,-1.383984,0.741558,-0.806754,-0.067111,0.060940,-0.691894,-1.340690,-1.559224,0.911282,-0.042058,-0.027113
5.166667,-0.063989,0.024038,-0.011230,-0.251224,-1.383984,0.736416,-0.791428,-0.048016,0.033044,-0.705463,-1.360543,-1.499224,0.917354,-0.069438,-0.032910
5.200000,-0.064886,0.008950,-0.005706,-0.231570,-1.385989,0.713496,-0.765450,-0.045475,0.005149,-0.691052,-1.359733,-1.466291,0.921206,-0.062545,-0.028955
5.233333,-0.037458,0.018955,-0.000138,-0.231357,-1.387995,0.673334,-0.767955,-0.061397,-0.019223,-0.703884,-1.332065,-1.422830,0.937126,-0.039157,0.002649
5.266667,-0.037327,0.043229,0.016344,-0.237232,-1.390000,0.671187,-0.755926,-0.062605,-0.043741,-0.707457,-1.330348,-1.419369,0.949813,-0.055769,-0.005747
5.300000,-0.039045,0.038553,0.024733,-0.235053,-1.390000,0.640496,-0.765630,-0.039802,-0.032745,-0.703667,-1.343653,-1.415908,0.922501,-0.059812,-0.000647
5.333333,-0.014306,0.053356,0.023918,-0.260791,-1.390000,0.580677,-0.778825,-0.056999,-0.011603,-0.659877,-1.350902,-1.412446,0.910855,-0.035206,0.013804
5.366667,0.019123,0.053356,-0.001481,-0.253549,-1.370000,0.560857,-0.796957,-0.051999,-0.004902,-0.616086,-1.356920,-1.398786,0.899209,-0.038568,0.041570
5.400000,0.012553,0.043351,-0.011074,-0.256937,-1.390000,0.547191,-0.782012,-0.034162,0.023548,-0.585053,-1.380134,-1.357043,0.865679,-0.045202,0.044903
5.433333,0.020246,0.027313,-0.039647,-0.235880,-1.370000,0.501112,-0.767067,-0.020593,0.045907,-0.549883,-1.389466,-1.275300,0.809630,-0.043634,0.061868
5.466667,0.034177,0.023039,-0.028221,-0.214580,-1.359091,0.483526,-0.741442,-0.010393,0.061446,-0.554714,-1.403410,-1.197963,0.780999,-0.016531,0.063930
5.500000,0.021785,0.008236,-0.028788,-0.193280,-1.359091,0.487934,-0.718552,0.003525,0.073624,-0.559544,-1.401312,-1.120625,0.743449,-0.011425,0.050746
5.533333,-0.014336,0.016793,-0.002476,-0.211979,-1.368463,0.492341,-0.674361,-0.014646,0.072602,-0.574599,-1.383139,-1.026420,0.728729,-0.000837,0.007051
5.566667,-0.035789,0.016793,0.029340,-0.200609,-1.368463,0.490595,-0.623248,-0.018733,0.053308,-0.562689,-1.365861,-0.930825,0.695894,0.000670,-0.017056
5.600000,-0.042736,0.008887,0.049351,-0.220865,-1.388463,0.518107,-0.612135,-0.020477,0.048147,-0.558541,-1.363884,-0.875231,0.698304,0.005569,-0.016748
5.633333,-0.060860,0.029216,0.039294,-0.252711,-1.399372,0.529882,-0.622441,-0.052665,0.035897,-0.538370,-1.363884,-0.836415,0.713296,-0.001793,-0.041536
5.666667,-0.049834,0.049362,0.022161,-0.255203,-1.399372,0.559666,-0.615096,-0.065011,0.018780,-0.518199,-1.365982,-0.797600,0.730307,0.004292,-0.063539
5.700000,-0.042505,0.042346,0.018148,-0.253079,-1.410000,0.549449,-0.623930,-0.056318,0.028925,-0.514724,-1.381723,-0.760326,0.725016,0.002579,-0.045541
5.733333,-0.030704,0.046613,-0.016383,-0.274734,-1.390000,0.539233,-0.662576,-0.074545,0.047573,-0.498214,-1.403700,-0.723052,0.719725,-0.024790,-0.020085
5.766667,-0.033862,0.046283,-0.036980,-0.261907,-1.390000,0.511759,-0.686330,-0.075847,0.040597,-0.487437,-1.405676,-0.645778,0.702913,-0.027386,0.007323
5.800000,-0.026855,0.027591,-0.037171,-0.248265,-1.390000,0.471276,-0.670820,-0.069772,0.045126,-0.459651,-1.405676,-0.547320,0.654520,-0.034019,0.034730
5.833333,-0.035051,0.007446,-0.006651,-0.233677,-1.390000,0.410885,-0.676289,-0.065757,0.058747,-0.443304,-1.405676,-0.463565,0.604159,-0.069037,0.068352
5.866667,-0.036105,0.005904,-0.007043,-0.211029,-1.390000,0.350495,-0.665580,-0.090695,0.064931,-0.406299,-1.395982,-0.407105,0.569241,-0.070788,0.061973
5.900000,-0.033667,0.005805,0.001116,-0.193477,-1.410000,0.330104,-0.656512,-0.075632,0.072657,-0.409294,-1.393316,-0.350645,0.574323,-0.061301,0.058419
5.933333,-0.031774,0.009973,0.015341,-0.195926,-1.410000,0.321704,-0.642335,-0.074456,0.086009,-0.396872,-1.390650,-0.313362,0.572862,-0.068180,0.034864
5.966667,-0.054373,0.032503,0.034654,-0.221825,-1.390000,0.311391,-0.667422,-0.046843,0.093091,-0.417483,-1.387393,-0.316079,0.602981,-0.096864,0.011309
6.000000,-0.062803,0.036671,0.021323,-0.250119,-1.350000,0.320985,-0.698875,-0.020080,0.089164,-0.466653,-1.364136,-0.344092,0.660888,-0.092404,-0.024843
6.033333,-0.060886,0.043328,0.014953,-0.291090,-1.293106,0.335469,-0.770328,0.024979,0.075481,-0.549562,-1.355435,-0.383269,0.742823,-0.085199,-0.022779
6.066667,-0.056926,0.065818,0.002249,-0.316341,-1.233761,0.309954,-0.850328,0.041779,0.044753,-0.620261,-1.335230,-0.462446,0.824759,-0.067452,-0.037225
6.100000,-0.072704,0.087871,-0.030455,-0.321591,-1.154416,0.294844,-0.947270,0.047330,0.022744,-0.674346,-1.303334,-0.562446,0.924759,-0.029705,-0.033025
6.133333,-0.054596,0.069924,-0.058586,-0.323462,-1.115071,0.286455,-1.044211,0.049779,0.009801,-0.725985,-1.284559,-0.662446,1.012190,0.008043,-0.023377
6.166667,-0.026380,0.065756,-0.064554,-0.353238,-1.075726,0.278066,-1.141153,0.031578,-0.003142,-0.737624,-1.285342,-0.762180,1.091393,0.051815,0.004891
6.200000,-0.027558,0.059099,-0.050336,-0.346031,-1.073275,0.283466,-1.215851,0.026515,-0.038514,-0.724479,-1.284211,-0.833212,1.147051,0.068563,0.025548
6.233333,-0.033190,0.040423,-0.044340,-0.354164,-1.077969,0.307278,-1.256238,0.024986,-0.033887,-0.723543,-1.277573,-0.896897,1.169639,0.061966,0.031402
6.266667,0.000915,0.014202,0.001656,-0.365464,-1.122663,0.331089,-1.285507,0.048592,-0.017978,-0.753454,-1.271229,-0.920582,1.152227,0.037113,0.009190
6.300000,0.018530,0.015324,0.011806,-0.366090,-1.127357,0.348179,-1.274776,0.054595,-0.015587,-0.745810,-1.244366,-0.924360,1.107384,0.039475,0.009098
6.333333,-0.003855,0.029342,0.018552,-0.345223,-1.159457,0.356215,-1.252730,0.067983,-0.012774,-0.757318,-1.237944,-0.901124,1.062554,0.017741,-0.014146
6.366667,-0.014699,0.063361,0.014300,-0.353586,-1.151681,0.385572,-1.212929,0.049935,0.013351,-0.753612,-1.228639,-0.866589,1.041269,0.005014,-0.067997
6.400000,-0.018203,0.069398,0.017936,-0.333454,-1.159212,0.436518,-1.193402,0.056615,0.039327,-0.709906,-1.244994,-0.806541,1.013053,0.014672,-0.083618
6.433333,-0.042081,0.080274,-0.006369,-0.350155,-1.153650,0.480322,-1.176818,0.042707,0.031516,-0.669059,-1.257781,-0.786493,1.012626,0.017693,-0.071377
6.466667,-0.057394,0.086867,-0.009365,-0.380909,-1.148087,0.553985,-1.200234,0.049504,0.007707,-0.632089,-1.298558,-0.767603,1.012200,-0.006502,-0.046702
6.500000,-0.056345,0.072848,-0.013158,-0.399147,-1.132494,0.636703,-1.194964,0.048917,-0.000000,-0.615967,-1.299336,-0.769611,1.006817,-0.006601,-0.028258
6.533333,-0.050059,0.045878,-0.031576,-0.425136,-1.137560,0.711036,-1.205325,0.069452,0.006760,-0.600048,-1.290429,-0.799422,0.961435,-0.006287,0.012408
6.566667,-0.060104,0.036258,-0.021355,-0.491126,-1.138928,0.784895,-1.189721,0.066395,-0.002278,-0.608017,-1.281523,-0.838394,0.944985,-0.028784,0.013074
6.600000,-0.050463,0.025383,-0.003707,-0.517116,-1.140540,0.833720,-1.185352,0.062827,-0.006812,-0.575986,-1.268278,-0.867958,0.927998,-0.026388,0.015295
6.633333,-0.056405,0.025623,-0.007160,-0.543106,-1.156135,0.892687,-1.143431,0.033110,0.008271,-0.573519,-1.240877,-0.886189,0.911012,-0.004635,-0.007318
6.666667,-0.052149,0.044524,-0.018975,-0.603106,-1.186826,0.951653,-1.118562,0.029934,0.006959,-0.544182,-1.253476,-0.910802,0.867196,-0.022882,-0.029932
6.700000,-0.053287,0.037475,-0.026197,-0.628742,-1.236734,1.019004,-1.086315,0.025514,-0.009589,-0.514643,-1.295537,-0.907612,0.862654,-0.050118,-0.034767
6.733333,-0.052770,0.053076,-0.037242,-0.646612,-1.250340,1.060258,-1.083059,0.023357,-0.022694,-0.501215,-1.297597,-0.928121,0.861953,-0.037355,-0.031202
6.766667,-0.051566,0.069077,-0.048391,-0.677678,-1.236794,1.130942,-1.068035,0.007631,-0.024823,-0.498480,-1.334758,-0.958040,0.851959,-0.036432,-0.062285
6.800000,-0.059561,0.056139,-0.038793,-0.686251,-1.228641,1.183229,-1.050563,0.011187,-0.046187,-0.502306,-1.346074,-0.994004,0.873392,-0.041607,-0.068533
6.833333,-0.056853,0.054780,-0.028275,-0.694825,-1.223370,1.213566,-1.056037,0.010726,-0.037070,-0.515807,-1.327357,-1.017429,0.918841,-0.017709,-0.039605
6.866667,-0.050562,0.057221,0.003120,-0.703283,-1.205197,1.210337,-1.067014,-0.009611,-0.034694,-0.532705,-1.313121,-1.080855,0.956733,0.016374,-0.035176
6.900000,-0.044060,0.044464,0.014841,-0.719507,-1.212902,1.231941,-1.065157,-0.016666,-0.028769,-0.549604,-1.298884,-1.136964,0.964786,0.027307,-0.024004
6.933333,-0.042533,0.032603,0.011531,-0.739896,-1.241999,1.234518,-1.066037,0.006361,-0.022427,-0.594714,-1.288851,-1.153074,0.991767,0.028981,0.012758
6.966667,-0.027731,0.045492,0.014394,-0.777159,-1.251721,1.215493,-1.075429,0.025575,-0.014549,-0.599824,-1.306857,-1.181360,1.013280,0.052407,0.021520
7.000000,-0.025786,0.036388,0.019898,-0.774422,-1.255140,1.218417,-1.078739,0.041189,-0.009742,-0.594919,-1.314895,-1.182183,1.027308,0.046760,0.012421
7.033333,-0.028470,0.037760,0.000550,-0.803901,-1.271461,1.225977,-1.086936,0.056803,-0.006415,-0.626617,-1.285367,-1.183007,1.049618,0.035673,0.005293
7.066667,-0.031321,0.030517,-0.005907,-0.808998,-1.295903,1.205734,-1.080492,0.061205,-0.027454,-0.618316,-1.295839,-1.191146,1.096245,0.007736,0.023023
7.100000,-0.029198,0.026377,-0.016716,-0.796733,-1.298953,1.207263,-1.070996,0.063030,-0.045019,-0.611109,-1.266310,-1.239286,1.105985,0.000898,0.015686
7.133333,-0.041526,0.027665,-0.034705,-0.765490,-1.307421,1.208791,-1.088520,0.046336,-0.036915,-0.619152,-1.225072,-1.299280,1.129766,-0.017810,0.010010
7.166667,-0.065363,0.033353,-0.046075,-0.741710,-1.326838,1.189769,-1.078583,0.010717,-0.037573,-0.654401,-1.223834,-1.379405,1.177016,-0.012730,-0.012981
7.200000,-0.059537,0.034258,-0.028679,-0.709302,-1.328655,1.172383,-1.084249,-0.002824,-0.025502,-0.657599,-1.221453,-1.419531,1.198089,0.009890,-0.013445
7.233333,-0.066637,0.049204,-0.040678,-0.701276,-1.305946,1.171353,-1.103284,-0.009047,-0.001335,-0.700796,-1.219073,-1.459656,1.220714,0.032510,-0.018110
7.266667,-0.076793,0.058792,-0.012676,-0.706153,-1.313814,1.155844,-1.134403,-0.008107,0.015596,-0.743994,-1.230968,-1.499781,1.243339,0.015130,-0.028650
7.300000,-0.078531,0.059605,-0.008775,-0.695627,-1.348396,1.145024,-1.129992,-0.003103,0.013528,-0.774093,-1.266535,-1.499911,1.256820,0.005073,-0.021413
7.333333,-0.066308,0.059451,-0.004580,-0.717637,-1.362977,1.142307,-1.139965,0.015817,0.001733,-0.776812,-1.262101,-1.505297,1.270044,-0.028772,-0.000496
7.366667,-0.054085,0.054734,-0.014754,-0.717938,-1.357641,1.166883,-1.155697,0.050261,0.002886,-0.785883,-1.296378,-1.529158,1.272911,-0.074431,-0.008234
7.400000,-0.041863,0.039787,-0.006289,-0.688358,-1.366673,1.166974,-1.163523,0.074363,-0.000350,-0.783420,-1.290655,-1.523354,1.274970,-0.083343,-0.011769
7.433333,-0.026584,0.050200,-0.032690,-0.679140,-1.345128,1.143547,-1.147771,0.058465,-0.002585,-0.745430,-1.289594,-1.514687,1.286926,-0.066029,0.000480
7.466667,-0.017839,0.033972,-0.042389,-0.670559,-1.304999,1.144692,-1.154154,0.065764,-0.019802,-0.731794,-1.274433,-1.506020,1.299052,-0.077984,0.007100
7.500000,-0.008744,0.020000,-0.036282,-0.657355,-1.284870,1.118286,-1.154481,0.071331,-0.006067,-0.728362,-1.288049,-1.471967,1.288214,-0.052172,0.020580
7.533333,-0.008522,0.020630,-0.037955,-0.648498,-1.275788,1.083859,-1.153812,0.044639,-0.003434,-0.748023,-1.261664,-1.459439,1.310624,-0.010237,0.047103
7.566667,-0.008300,0.033645,-0.025895,-0.660045,-1.251271,1.047103,-1.163796,0.027353,-0.015189,-0.740999,-1.259342,-1.476576,1.306809,0.024908,0.040504
7.600000,-0.025882,0.027297,-0.015820,-0.668866,-1.259019,1.048343,-1.157358,0.017269,-0.010556,-0.750357,-1.239814,-1.471002,1.333096,0.036759,0.042866
7.633333,-0.005348,0.030657,0.014609,-0.692718,-1.277762,1.041654,-1.137008,-0.020517,0.009850,-0.769347,-1.198912,-1.495481,1.335444,0.066975,0.023646
7.666667,-0.007442,0.041450,0.032317,-0.712918,-1.296506,1.054800,-1.101870,-0.043477,0.013911,-0.765513,-1.169233,-1.523281,1.338816,0.061362,0.001255
7.700000,-0.017434,0.040819,0.034640,-0.721372,-1.301720,1.053256,-1.067728,-0.031782,0.012086,-0.757807,-1.179451,-1.551081,1.320362,0.028297,-0.005523
7.733333,-0.001111,0.047805,0.013577,-0.726270,-1.322739,1.084383,-1.054453,-0.020998,0.038105,-0.760370,-1.165607,-1.575615,1.340137,-0.010369,0.020819
7.766667,0.025546,0.034153,0.015453,-0.700629,-1.311492,1.115510,-1.041178,0.007765,0.037624,-0.766676,-1.190029,-1.609117,1.319912,-0.035753,0.022417
7.800000,0.017299,0.038481,0.009278,-0.696978,-1.315702,1.125305,-1.024513,0.029394,0.052761,-0.776472,-1.225551,-1.629744,1.321270,-0.040696,0.042215
7.833333,0.004469,0.039702,-0.021677,-0.686321,-1.311881,1.122244,-1.047849,0.024016,0.044242,-0.796342,-1.261074,-1.672467,1.344826,-0.046115,0.055401
7.866667,0.007459,0.039702,-0.015852,-0.675664,-1.321782,1.141894,-1.054014,-0.006663,0.028293,-0.808827,-1.265167,-1.715190,1.389566,-0.039734,0.028586
7.900000,-0.013403,0.031684,-0.002174,-0.668093,-1.338958,1.128873,-1.022655,-0.023553,0.003182,-0.816331,-1.280810,-1.721179,1.394306,-0.017708,0.001772
7.933333,-0.058365,0.045981,-0.004274,-0.691612,-1.361190,1.082552,-1.002408,-0.046669,0.008832,-0.818084,-1.270418,-1.733058,1.399046,-0.011897,-0.020458
7.966667,-0.068424,0.038293,-0.021874,-0.677473,-1.378366,1.050066,-1.017328,-0.049043,-0.010544,-0.820210,-1.284401,-1.731794,1.415116,-0.013788,-0.025116
8.000000,-0.047421,0.031418,-0.012868,-0.671741,-1.383572,1.050602,-1.010763,-0.036765,-0.015274,-0.817026,-1.264524,-1.728647,1.397527,0.012559,-0.013727
8.033333,-0.061744,0.054869,-0.020002,-0.697047,-1.392961,1.050961,-1.013219,-0.005242,0.004415,-0.827455,-1.274561,-1.718990,1.346066,0.014557,0.000624
8.066667,-0.070861,0.046338,-0.027375,-0.698144,-1.377661,1.084288,-1.030643,0.009926,0.005423,-0.830816,-1.283419,-1.749334,1.332084,-0.005708,-0.025024
8.100000,-0.057687,0.032041,-0.023593,-0.691448,-1.392605,1.110914,-1.054287,0.019286,0.003518,-0.855330,-1.294019,-1.768624,1.358102,0.014027,-0.015258
8.133333,-0.060605,0.043276,-0.022260,-0.696725,-1.392605,1.129638,-1.053983,0.011985,-0.004748,-0.864929,-1.264618,-1.792703,1.384120,0.001464,-0.016255
8.166667,-0.091210,0.038137,-0.018364,-0.678490,-1.392605,1.148362,-1.050500,0.030031,-0.027661,-0.906509,-1.269076,-1.793248,1.403798,-0.035812,-0.029649
8.200000,-0.094772,0.019421,-0.012844,-0.669218,-1.390034,1.145782,-1.040790,0.030047,-0.050573,-0.908336,-1.250452,-1.800301,1.422182,-0.036355,-0.024988
8.233333,-0.066000,0.033563,-0.007564,-0.678745,-1.380668,1.110235,-1.055135,0.010957,-0.067361,-0.937688,-1.221457,-1.806252,1.443089,-0.014635,0.009920
8.266667,-0.060419,0.062273,0.011669,-0.690869,-1.372017,1.108115,-1.052147,0.012826,-0.094383,-0.935178,-1.210872,-1.809903,1.463995,-0.032905,0.004829
8.300000,-0.062816,0.059747,0.019849,-0.701005,-1.358711,1.111399,-1.059078,0.041013,-0.081405,-0.925463,-1.229243,-1.816926,1.444902,-0.035455,0.004591
8.333333,-0.040898,0.082272,0.023121,-0.741527,-1.350738,1.084736,-1.084251,0.029200,-0.064421,-0.879007,-1.238491,-1.823949,1.437976,-0.015508,0.023932
8.366667,-0.015245,0.080063,0.001662,-0.742048,-1.327431,1.079554,-1.090304,0.041474,-0.056116,-0.832551,-1.240057,-1.830972,1.430144,-0.020405,0.051145
8.400000,-0.029592,0.064338,-0.004537,-0.735655,-1.335094,1.074372,-1.056358,0.054738,-0.036436,-0.789866,-1.263050,-1.799098,1.391193,-0.029300,0.052466
8.433333,-0.025578,0.049038,-0.033840,-0.703368,-1.306742,1.035762,-1.022411,0.058372,-0.015991,-0.746090,-1.291927,-1.758429,1.317518,-0.032608,0.064241
8.466667,-0.005339,0.040329,-0.023144,-0.676513,-1.286742,1.006787,-0.988877,0.068380,-0.007771,-0.724432,-1.314994,-1.721514,1.268245,-0.015215,0.072516
8.500000,-0.012791,0.022512,-0.024689,-0.649657,-1.281409,0.991914,-0.948267,0.078388,0.007192,-0.702774,-1.307186,-1.686375,1.215340,-0.009267,0.056922
8.533333,-0.041491,0.035802,-0.001522,-0.651253,-1.276954,0.976212,-0.901152,0.053768,0.009939,-0.713146,-1.291760,-1.647739,1.193266,0.005827,0.012438
8.566667,-0.045755,0.038723,0.030025,-0.635120,-1.281528,0.960510,-0.857014,0.048475,-0.004815,-0.694898,-1.264253,-1.609104,1.162310,0.007411,-0.007761
8.600000,-0.054290,0.029477,0.049259,-0.638045,-1.306397,0.944808,-0.842097,0.045043,-0.007187,-0.671690,-1.236747,-1.563334,1.134722,0.016586,-0.000172
8.633333,-0.078799,0.053641,0.040753,-0.636669,-1.320198,0.908136,-0.840796,0.007711,-0.014447,-0.628185,-1.226092,-1.501613,1.122732,0.016408,-0.023173
8.666667,-0.070518,0.072326,0.021385,-0.607165,-1.301111,0.887305,-0.814803,-0.004286,-0.031827,-0.584679,-1.252481,-1.449335,1.127069,0.032913,-0.047497
8.700000,-0.063971,0.065196,0.017305,-0.573970,-1.314617,0.827305,-0.817147,0.012537,-0.036109,-0.545225,-1.278870,-1.388112,1.102443,0.039455,-0.031821
8.733333,-0.064837,0.068902,-0.015150,-0.580774,-1.288123,0.794120,-0.849745,0.004500,-0.016276,-0.503096,-1.315732,-1.359202,1.077818,0.023503,-0.009581
8.766667,-0.065860,0.064738,-0.030732,-0.568521,-1.281334,0.760935,-0.862316,0.005375,-0.031396,-0.498880,-1.352594,-1.366641,1.084548,0.021398,0.013001
8.800000,-0.062797,0.050181,-0.030492,-0.584875,-1.281126,0.767750,-0.852590,0.018059,-0.033177,-0.513428,-1.349455,-1.374821,1.060925,0.016378,0.035583
8.833333,-0.075565,0.026787,0.003138,-0.589356,-1.300034,0.734565,-0.866144,0.028703,-0.022944,-0.530537,-1.341269,-1.390380,1.032920,-0.018617,0.063112
8.866667,-0.079284,0.018102,0.005378,-0.586043,-1.300825,0.720917,-0.856512,0.005157,-0.004912,-0.511565,-1.333083,-1.378380,1.006115,-0.031141,0.050641
8.900000,-0.073586,0.016837,0.014477,-0.565781,-1.318523,0.689364,-0.826393,0.018503,0.000075,-0.522951,-1.316807,-1.341648,1.009203,-0.019519,0.042965
8.933333,-0.069352,0.024068,0.026702,-0.565520,-1.316221,0.677810,-0.807080,0.016600,0.020016,-0.514337,-1.280531,-1.288568,0.992292,-0.014931,0.016781
8.966667,-0.080394,0.041692,0.046480,-0.565536,-1.334711,0.666256,-0.783091,0.023195,0.039853,-0.507257,-1.270044,-1.274747,1.005733,-0.034495,-0.009403
9.000000,-0.068393,0.048923,0.029374,-0.565552,-1.340237,0.694702,-0.774013,0.040607,0.047047,-0.497616,-1.227563,-1.282329,1.008263,-0.040009,-0.046397
9.033333,-0.053521,0.057140,0.021508,-0.573770,-1.334251,0.743611,-0.799783,0.065130,0.039070,-0.527974,-1.206318,-1.329911,1.047724,-0.045176,-0.043390
9.066667,-0.026079,0.078126,0.010789,-0.598936,-1.328336,0.823611,-0.852810,0.064364,0.030546,-0.538171,-1.199408,-1.400617,1.097291,-0.052615,-0.060992
9.100000,-0.018637,0.101133,-0.019930,-0.604102,-1.302421,0.923611,-0.887402,0.049074,0.032381,-0.539040,-1.179588,-1.491323,1.166859,-0.040054,-0.060118
9.133333,0.001024,0.084141,-0.047527,-0.609081,-1.276506,1.023611,-0.943541,0.043482,0.020397,-0.527762,-1.163401,-1.560039,1.210936,-0.027493,-0.045585
9.166667,0.020686,0.076910,-0.048652,-0.641825,-1.237326,1.123611,-0.999679,0.015823,0.008413,-0.516485,-1.187214,-1.589416,1.270906,0.008270,-0.011319
9.200000,0.016908,0.068693,-0.032950,-0.649402,-1.234306,1.195466,-1.055817,0.003135,-0.016344,-0.494233,-1.197852,-1.578792,1.306127,0.019311,0.013778
9.233333,-0.002746,0.054170,-0.028074,-0.641184,-1.240847,1.251709,-1.071955,0.003716,-0.011624,-0.496541,-1.206092,-1.577463,1.304051,0.018362,0.026585
9.266667,0.017601,0.023932,0.016801,-0.643850,-1.286775,1.290307,-1.091392,0.022417,0.002737,-0.528177,-1.207479,-1.536133,1.261975,-0.000978,0.026331
9.300000,0.037612,0.022099,0.026582,-0.640546,-1.292702,1.309109,-1.076257,0.030172,0.010246,-0.531958,-1.201303,-1.508467,1.205390,0.004645,0.025713
9.333333,0.017624,0.034991,0.028533,-0.635910,-1.319203,1.310253,-1.061121,0.034486,0.028842,-0.552085,-1.185178,-1.509212,1.163343,-0.021913,0.015005
9.366667,0.001970,0.067883,0.021364,-0.632634,-1.311957,1.312921,-1.005986,0.016718,0.054498,-0.543186,-1.190284,-1.520283,1.146046,-0.030932,-0.026533
9.400000,0.001831,0.067080,0.019060,-0.605153,-1.312979,1.331200,-0.961961,0.014078,0.080154,-0.517239,-1.206751,-1.511149,1.155283,-0.037821,-0.035173
9.433333,-0.019326,0.077229,-0.008289,-0.606788,-1.290630,1.327124,-0.953071,0.008924,0.072185,-0.491292,-1.222981,-1.537404,1.181451,-0.046340,-0.033802
9.466667,-0.035024,0.083456,-0.014048,-0.607914,-1.268280,1.312047,-0.984181,0.018614,0.064605,-0.501106,-1.257350,-1.559451,1.218707,-0.079823,-0.008793
9.500000,-0.037724,0.070564,-0.016818,-0.582607,-1.241418,1.312174,-0.975291,0.026566,0.046336,-0.530013,-1.261669,-1.572711,1.255964,-0.081123,0.003641
9.533333,-0.014251,0.048333,-0.034567,-0.595941,-1.233076,1.298923,-0.993395,0.060267,0.048950,-0.559381,-1.242847,-1.611223,1.253219,-0.083646,0.034185
9.566667,-0.021477,0.042483,-0.021985,-0.649274,-1.220618,1.265010,-1.000387,0.058567,0.042392,-0.611042,-1.224813,-1.669942,1.261239,-0.098183,0.026383
9.600000,-0.007683,0.033493,-0.004286,-0.662608,-1.217628,1.262925,-1.007380,0.053301,0.037360,-0.622702,-1.206778,-1.715679,1.268514,-0.092699,0.023077
9.633333,-0.014277,0.040021,-0.007774,-0.682608,-1.221766,1.269271,-0.982762,0.039460,0.040277,-0.634330,-1.148744,-1.748831,1.287303,-0.063279,-0.004907
9.666667,-0.012602,0.058958,-0.015938,-0.741800,-1.231190,1.278074,-0.963554,0.048305,0.057770,-0.610520,-1.115321,-1.792650,1.266092,-0.073859,-0.032891
9.700000,-0.022445,0.049846,-0.025789,-0.760992,-1.255840,1.326876,-0.940372,0.031401,0.053259,-0.613741,-1.115742,-1.803518,1.284880,-0.097689,-0.038985
9.733333,-0.020100,0.064351,-0.036136,-0.754643,-1.261132,1.356339,-0.952886,0.026196,0.045353,-0.616963,-1.080353,-1.805660,1.303669,-0.081520,-0.037863
9.766667,-0.017754,0.090306,-0.049526,-0.753558,-1.240942,1.368084,-0.954751,0.013178,0.040908,-0.620184,-1.083786,-1.816038,1.316228,-0.077301,-0.060661
9.800000,-0.017357,0.078037,-0.038412,-0.737008,-1.222155,1.372850,-0.948227,0.003707,0.024313,-0.627677,-1.087219,-1.811535,1.343074,-0.091528,-0.055713
9.833333,-0.006281,0.087990,-0.034707,-0.721267,-1.216099,1.377616,-0.976293,-0.007326,0.024869,-0.660461,-1.066042,-1.816082,1.405710,-0.074119,-0.015974
9.866667,0.000096,0.095484,-0.001689,-0.706436,-1.191943,1.342382,-0.996937,-0.018359,0.024343,-0.665753,-1.044864,-1.822606,1.432493,-0.044181,-0.009140
9.900000,0.004986,0.085656,0.009002,-0.717147,-1.177154,1.347149,-0.993259,-0.021203,0.016126,-0.671044,-1.031839,-1.812981,1.423414,-0.023651,0.002956
9.933333,0.008026,0.070991,0.010590,-0.741779,-1.188592,1.337806,-1.000230,0.006248,0.035719,-0.704767,-1.013584,-1.784851,1.444377,-0.023502,0.035324
9.966667,0.017647,0.087077,0.010367,-0.773338,-1.191500,1.329563,-1.020181,0.027948,0.044726,-0.698489,-1.035329,-1.773316,1.448384,0.011155,0.035369
10.000000,0.017240,0.069553,0.015159,-0.770970,-1.193990,1.321320,-1.000133,0.041327,0.046871,-0.686056,-1.057074,-1.761782,1.456602,0.025441,0.025792
10.033333,0.012327,0.069505,0.000510,-0.796247,-1.206625,1.313076,-0.988271,0.054706,0.054318,-0.691573,-1.049488,-1.745640,1.460673,0.023606,0.020228
10.066667,0.017943,0.060371,0.004680,-0.821523,-1.238559,1.304833,-0.992718,0.079954,0.042025,-0.664778,-1.052418,-1.754375,1.500605,-0.008822,0.029256
10.100000,0.016775,0.047922,0.000924,-0.827614,-1.244264,1.336589,-0.979510,0.085543,0.013482,-0.649552,-1.021756,-1.790971,1.500537,-0.008918,0.024918
10.133333,0.009027,0.042946,-0.014257,-0.808556,-1.251754,1.370775,-0.988329,0.071459,0.010850,-0.650124,-0.972620,-1.841408,1.505675,-0.033610,0.019931
10.166667,-0.015679,0.051353,-0.019445,-0.792604,-1.257643,1.404961,-1.005588,0.037705,0.002202,-0.671560,-0.957718,-1.875668,1.507568,-0.035932,-0.010226
10.200000,-0.010171,0.051468,-0.003395,-0.780428,-1.252489,1.439147,-1.029170,0.032425,-0.008227,-0.675047,-0.946567,-1.909928,1.509460,-0.008227,-0.011490
10.233333,-0.028537,0.071439,-0.023341,-0.768252,-1.215231,1.473333,-1.053522,0.011618,0.013377,-0.710845,-0.950440,-1.944189,1.495847,0.019478,-0.011429
10.266667,-0.058929,0.085365,-0.003287,-0.766141,-1.203433,1.495908,-1.095529,0.010471,0.025174,-0.728219,-0.960858,-1.949647,1.482235,0.007183,-0.034353
10.300000,-0.067615,0.088304,0.004645,-0.774563,-1.217948,1.534715,-1.106510,0.019712,0.027226,-0.741505,-0.989750,-1.953896,1.473654,0.018474,-0.040731
10.333333,-0.056163,0.090484,0.007783,-0.812238,-1.240405,1.533523,-1.134512,0.051443,0.023573,-0.733967,-0.984407,-1.956895,1.464769,-0.003869,-0.030978
10.366667,-0.044711,0.083329,-0.006718,-0.826214,-1.241859,1.572331,-1.172406,0.081505,0.039037,-0.731130,-1.004645,-1.980462,1.455883,-0.053224,-0.033008
10.400000,-0.038566,0.061417,-0.000620,-0.819550,-1.256904,1.604069,-1.188843,0.109547,0.029989,-0.712711,-0.991190,-1.965587,1.454838,-0.062578,-0.025086
10.433333,-0.014267,0.068137,-0.026408,-0.842820,-1.246489,1.618427,-1.201614,0.099650,0.034492,-0.684698,-1.005966,-1.979515,1.473591,-0.050269,-0.017164
10.466667,-0.004686,0.047037,-0.045322,-0.849245,-1.226846,1.642366,-1.216276,0.096044,0.021778,-0.653180,-0.999872,-1.985192,1.490751,-0.061175,-0.001408
10.500000,0.005863,0.028729,-0.044159,-0.857237,-1.207203,1.666305,-1.239666,0.098887,0.022622,-0.628909,-1.018207,-1.968294,1.477680,-0.048724,0.017729
10.533333,-0.003923,0.042830,-0.037725,-0.867608,-1.199019,1.690244,-1.252531,0.074925,0.016002,-0.639935,-0.996542,-1.961219,1.504609,-0.007928,0.032128
10.566667,-0.013709,0.072907,-0.024694,-0.887247,-1.169348,1.681252,-1.285886,0.051746,0.001861,-0.626545,-1.004718,-1.980115,1.514051,0.027843,0.014231
10.600000,-0.022700,0.070006,-0.019309,-0.875931,-1.176223,1.701253,-1.282906,0.038797,-0.012396,-0.601172,-0.980861,-1.967877,1.530803,0.041951,0.019322
10.633333,-0.003421,0.081750,0.013177,-0.889947,-1.193982,1.681252,-1.276972,0.017646,-0.002163,-0.604046,-0.939077,-1.956333,1.518978,0.060150,0.001619
10.666667,-0.005444,0.094560,0.036747,-0.872794,-1.211742,1.661252,-1.236849,-0.006065,0.007382,-0.580498,-0.912865,-1.944789,1.514732,0.054992,-0.017501
10.700000,-0.008330,0.087345,0.034157,-0.883445,-1.234303,1.641253,-1.207251,0.009831,-0.004575,-0.556950,-0.919265,-1.942856,1.510486,0.041890,-0.020101
10.733333,0.018081,0.085461,0.013045,-0.865470,-1.256864,1.621252,-1.190169,0.037802,0.023468,-0.542366,-0.907947,-1.920740,1.500678,-0.003552,0.006438
10.766667,0.036421,0.076554,0.014245,-0.838450,-1.242878,1.601253,-1.173087,0.080947,0.034460,-0.561917,-0.933886,-1.929759,1.463761,-0.025983,0.009990
10.800000,0.027491,0.074938,0.012205,-0.815306,-1.239139,1.581253,-1.158941,0.106064,0.044714,-0.562509,-0.976114,-1.917107,1.452407,-0.036825,0.034129
10.833333,0.018675,0.079504,-0.020785,-0.792415,-1.233230,1.561253,-1.172999,0.104802,0.028555,-0.563527,-1.018342,-1.905011,1.467255,-0.047666,0.052953
10.866667,0.029161,0.071686,-0.016989,-0.730707,-1.228878,1.501253,-1.154387,0.067909,0.020304,-0.546285,-1.045475,-1.886334,1.458203,-0.061270,0.031778
10.900000,0.015285,0.061162,-0.006455,-0.706663,-1.259640,1.472336,-1.129411,0.039346,-0.006068,-0.542490,-1.075713,-1.869154,1.439866,-0.043294,0.013759
10.933333,-0.023116,0.074778,-0.004842,-0.705698,-1.290403,1.403420,-1.104434,-0.001757,-0.002138,-0.525716,-1.079892,-1.848348,1.422368,-0.048329,-0.000189
10.966667,-0.031938,0.065266,-0.021895,-0.675525,-1.321166,1.334504,-1.113603,-0.015781,-0.021961,-0.518538,-1.106578,-1.827543,1.419307,-0.048760,-0.008552
11.000000,-0.014685,0.056094,-0.011412,-0.676269,-1.328918,1.305588,-1.103946,-0.009242,-0.010402,-0.536979,-1.093264,-1.846181,1.388579,-0.019509,-0.005019
11.033333,-0.035538,0.079611,-0.017701,-0.694804,-1.350862,1.300412,-1.101616,0.025682,0.018412,-0.563728,-1.102434,-1.841191,1.346478,-0.019554,0.012796
11.066667,-0.053213,0.065835,-0.023529,-0.675674,-1.338466,1.272164,-1.075185,0.038129,0.025347,-0.568066,-1.104368,-1.867358,1.323266,-0.044203,-0.009389
11.100000,-0.043744,0.043380,-0.020904,-0.660869,-1.359432,1.283916,-1.079480,0.035817,0.029046,-0.591249,-1.109115,-1.887890,1.339214,-0.028852,0.004355
11.133333,-0.044416,0.057690,-0.025108,-0.670686,-1.359638,1.331771,-1.047789,0.011512,0.034549,-0.617924,-1.090470,-1.926377,1.355163,-0.040071,0.005404
11.166667,-0.069453,0.045840,-0.022701,-0.645814,-1.372975,1.354605,-1.036484,0.006646,0.008671,-0.658553,-1.111825,-1.924864,1.362959,-0.074862,-0.004316
11.200000,-0.068014,0.027150,-0.017323,-0.642123,-1.370198,1.357705,-1.025658,0.006495,-0.012957,-0.669135,-1.093180,-1.953558,1.366302,-0.070690,-0.009094
11.233333,-0.034688,0.043938,-0.009511,-0.678432,-1.366645,1.376122,-1.045298,-0.011179,-0.032255,-0.698764,-1.066543,-1.982252,1.390754,-0.036128,0.023857
11.266667,-0.026226,0.076317,0.010371,-0.698242,-1.351556,1.374692,-1.034213,-0.012574,-0.048119,-0.710707,-1.051394,-2.000448,1.415208,-0.041566,0.016807
11.300000,-0.034900,0.071932,0.022911,-0.712409,-1.354087,1.369134,-1.041336,0.020943,-0.032640,-0.707364,-1.047616,-2.040689,1.404982,-0.040489,0.019018
11.333333,-0.010161,0.099526,0.028594,-0.757828,-1.354087,1.348598,-1.024128,0.014460,-0.017160,-0.664020,-1.043838,-2.083995,1.426322,-0.016531,0.035124
11.366667,0.008101,0.101273,0.009820,-0.764275,-1.338193,1.353403,-1.000685,0.010901,-0.011777,-0.620677,-1.065628,-2.127301,1.447389,-0.020389,0.072008
11.400000,-0.013638,0.086701,0.002936,-0.730722,-1.359842,1.334878,-0.943145,0.015061,0.015641,-0.598286,-1.110808,-2.130607,1.439973,-0.024246,0.071162
11.433333,-0.017261,0.070655,-0.029789,-0.686264,-1.359665,1.296201,-0.885606,0.020133,0.027587,-0.566508,-1.164471,-2.113671,1.407750,-0.025399,0.080299
11.466667,0.004868,0.058276,-0.023625,-0.622827,-1.339410,1.225549,-0.805842,0.022940,0.031756,-0.519434,-1.190155,-2.056736,1.379355,-0.013156,0.073754
11.500000,-0.013002,0.036371,-0.028599,-0.528742,-1.333735,1.154897,-0.720646,0.029965,0.046408,-0.472360,-1.180598,-1.996736,1.326002,-0.011816,0.058733
11.533333,-0.033028,0.044515,-0.005572,-0.462008,-1.340095,1.054897,-0.626548,0.006865,0.047609,-0.425818,-1.145473,-1.896736,1.286353,-0.008103,0.003711
11.566667,-0.036741,0.048925,0.027256,-0.395274,-1.342553,0.954897,-0.528671,-0.002685,0.028570,-0.354865,-1.100238,-1.796736,1.235186,-0.016839,-0.024436
11.600000,-0.038981,0.042132,0.051543,-0.368539,-1.365011,0.867587,-0.470794,0.004448,0.020682,-0.310986,-1.058277,-1.736736,1.208827,-0.016345,-0.029761
11.633333,-0.065822,0.071671,0.043433,-0.362774,-1.387094,0.820278,-0.452917,-0.024226,0.014224,-0.307107,-1.056316,-1.712453,1.213318,-0.017225,-0.050754
11.666667,-0.059383,0.098730,0.024677,-0.356729,-1.386194,0.794498,-0.461267,-0.027933,0.000256,-0.303228,-1.075871,-1.688170,1.247022,0.003807,-0.064116
11.700000,-0.053694,0.095742,0.017921,-0.349280,-1.399835,0.768718,-0.470136,-0.016183,0.006388,-0.298816,-1.095425,-1.663887,1.267022,0.011427,-0.048775
11.733333,-0.039864,0.098685,-0.013565,-0.381832,-1.379835,0.742937,-0.516882,-0.025703,0.029201,-0.278816,-1.128340,-1.639603,1.287022,-0.008504,-0.036617
11.766667,-0.038898,0.089146,-0.035499,-0.374383,-1.379835,0.704467,-0.540783,-0.029260,0.030224,-0.258816,-1.161254,-1.575320,1.286411,-0.004139,-0.017264
11.800000,-0.023676,0.070751,-0.035412,-0.363121,-1.383425,0.625996,-0.533521,-0.025414,0.037598,-0.213601,-1.154168,-1.475320,1.261775,-0.007679,0.005755
11.833333,-0.037785,0.038002,-0.002721,-0.358735,-1.390000,0.540611,-0.540032,-0.030539,0.047850,-0.179939,-1.148682,-1.375320,1.206929,-0.045154,0.018759
11.866667,-0.035401,0.025252,-0.001514,-0.348497,-1.390000,0.455226,-0.546024,-0.060995,0.051671,-0.146278,-1.143196,-1.289921,1.173233,-0.060051,0.003059
11.900000,-0.032707,0.030195,-0.001712,-0.338139,-1.410000,0.409841,-0.529062,-0.051451,0.047225,-0.152617,-1.126454,-1.204522,1.168695,-0.054348,0.003667
11.933333,-0.024712,0.049247,0.008538,-0.347780,-1.410000,0.398610,-0.514945,-0.045843,0.048886,-0.139722,-1.089713,-1.133438,1.164768,-0.064878,-0.003560
11.966667,-0.042413,0.077154,0.029164,-0.380267,-1.390000,0.427378,-0.531991,-0.036197,0.050248,-0.152042,-1.092971,-1.102354,1.173346,-0.095528,-0.014454
12.000000,-0.024063,0.096206,0.011882,-0.440241,-1.350000,0.481531,-0.549037,-0.033155,0.045759,-0.192808,-1.108354,-1.111270,1.172134,-0.096388,-0.042290
12.033333,-0.029448,0.099468,0.007172,-0.520121,-1.290000,0.575684,-0.606083,-0.011709,0.034968,-0.273574,-1.161985,-1.145586,1.189772,-0.086182,-0.030126
12.066667,-0.019600,0.103679,0.001857,-0.600121,-1.210000,0.669837,-0.686083,-0.015975,0.024022,-0.354341,-1.224145,-1.219901,1.218253,-0.066941,-0.054254
12.100000,-0.025797,0.115443,-0.023458,-0.697449,-1.110810,0.769837,-0.786083,-0.037833,0.017022,-0.454341,-1.278035,-1.319901,1.266733,-0.027700,-0.070546
12.133333,-0.009926,0.087208,-0.048773,-0.794776,-1.051620,0.869837,-0.886083,-0.041039,0.003748,-0.554341,-1.327944,-1.419901,1.303984,0.011541,-0.071907
12.166667,0.005945,0.068157,-0.052236,-0.887043,-0.992431,0.969837,-0.986083,-0.050002,-0.008736,-0.654341,-1.361197,-1.519901,1.381030,0.054927,-0.055883
12.200000,0.011968,0.064894,-0.037241,-0.940492,-0.973241,1.069837,-1.086083,-0.070997,-0.029356,-0.754341,-1.356202,-1.619901,1.449683,0.064560,-0.040891
12.233333,-0.001981,0.050846,-0.033661,-0.984065,-0.982812,1.169837,-1.146083,-0.072026,-0.022356,-0.854341,-1.358010,-1.719901,1.478337,0.051556,-0.011658
12.266667,0.020116,0.020030,0.009918,-1.019504,-1.028010,1.269837,-1.191791,-0.070472,0.000698,-0.954341,-1.351759,-1.819901,1.466990,0.025118,-0.006366
12.300000,0.038074,0.021775,0.017311,-1.016568,-1.033207,1.369837,-1.197499,-0.065762,0.004357,-1.021592,-1.337337,-1.919901,1.438393,0.007695,0.001719
12.333333,0.016033,0.042902,0.026794,-1.006912,-1.059755,1.469837,-1.197036,-0.061193,0.017189,-1.088843,-1.317321,-2.019901,1.410000,-0.009854,-0.007581
12.366667,-0.006009,0.084028,0.017086,-1.034692,-1.057218,1.569837,-1.156574,-0.056710,0.043247,-1.134417,-1.335867,-2.119901,1.390000,-0.020718,-0.055850
12.400000,-0.019683,0.095941,0.018796,-1.032347,-1.065921,1.669837,-1.133392,-0.046479,0.069096,-1.164315,-1.345151,-2.213344,1.393931,-0.011637,-0.082068
12.433333,-0.045323,0.107516,-0.008044,-1.040810,-1.062221,1.760869,-1.115887,-0.043641,0.062643,-1.194212,-1.358807,-2.306787,1.417730,-0.025134,-0.088673
12.466667,-0.059124,0.108577,-0.009469,-1.057804,-1.058521,1.811901,-1.138382,-0.035982,0.055305,-1.248613,-1.376572,-2.384507,1.441529,-0.047646,-0.073000
12.500000,-0.059346,0.087450,-0.014297,-1.046578,-1.035364,1.862932,-1.127047,-0.036033,0.052659,-1.290493,-1.376588,-2.422227,1.465328,-0.070031,-0.057328
12.533333,-0.047112,0.054729,-0.024626,-1.036735,-1.025845,1.874577,-1.140811,-0.028792,0.058312,-1.318731,-1.355719,-2.459946,1.449127,-0.059102,-0.016472
12.566667,-0.033918,0.039652,-0.008217,-1.065828,-0.998242,1.856269,-1.154381,-0.030123,0.054462,-1.346264,-1.352161,-2.474609,1.443450,-0.075114,-0.015616
12.600000,-0.014885,0.028078,0.012192,-1.054921,-0.974354,1.846929,-1.176566,-0.023655,0.042915,-1.333797,-1.340560,-2.474428,1.441416,-0.055114,-0.010432
12.633333,-0.022314,0.026068,0.006655,-1.057451,-0.974934,1.854735,-1.160730,-0.037840,0.050741,-1.311712,-1.315912,-2.466121,1.442792,-0.017360,-0.024129
12.666667,-0.023985,0.039996,-0.001305,-1.099981,-0.994637,1.862542,-1.160733,-0.034620,0.048912,-1.262146,-1.329627,-2.470393,1.404169,-0.019606,-0.037827
12.700000,-0.021505,0.031591,-0.016268,-1.102511,-1.029785,1.886453,-1.148130,-0.019718,0.040541,-1.207901,-1.351950,-2.434666,1.405545,-0.047364,-0.039890
12.733333,-0.029785,0.045541,-0.031231,-1.080337,-1.051470,1.900317,-1.143629,-0.019159,0.024745,-1.161292,-1.335509,-2.388552,1.374819,-0.038123,-0.037580
12.766667,-0.031937,0.065201,-0.044218,-1.071464,-1.045407,1.880776,-1.129670,-0.034959,0.019454,-1.114684,-1.359067,-2.354120,1.323553,-0.051774,-0.072766
12.800000,-0.037397,0.056878,-0.036792,-1.053666,-1.038187,1.869426,-1.113732,-0.039300,-0.007762,-1.081478,-1.363715,-2.303539,1.300122,-0.066493,-0.089070
12.833333,-0.037227,0.061307,-0.034372,-1.035867,-1.045253,1.850272,-1.117261,-0.042199,-0.005241,-1.048271,-1.343018,-2.266430,1.299153,-0.041213,-0.065375
12.866667,-0.037723,0.071837,-0.000942,-1.018069,-1.043402,1.843682,-1.125162,-0.062291,-0.011766,-1.050806,-1.327220,-2.269322,1.270333,0.003329,-0.078498
12.900000,-0.035029,0.064578,0.005815,-1.026037,-1.057398,1.841405,-1.129978,-0.066812,-0.019187,-1.049162,-1.314018,-2.272213,1.257655,0.021833,-0.055994
12.933333,-0.037013,0.049505,0.004343,-1.040755,-1.086400,1.842773,-1.117001,-0.038433,-0.006680,-1.066912,-1.300816,-2.238266,1.275794,0.033880,-0.013285
12.966667,-0.023921,0.061729,0.011252,-1.079966,-1.092090,1.829924,-1.118538,-0.019171,0.014922,-1.049125,-1.320816,-2.204319,1.275144,0.059061,0.009579
13.000000,-0.005097,0.050611,0.016675,-1.083211,-1.100662,1.824879,-1.110009,-0.001622,0.016876,-1.049757,-1.327798,-2.179776,1.292033,0.057051,0.016682
13.033333,-0.002216,0.045566,-0.000312,-1.116727,-1.109736,1.830553,-1.103081,0.014463,0.017602,-1.044902,-1.316269,-2.145486,1.296772,0.031533,0.023785
13.066667,-0.018679,0.032825,-0.000342,-1.118476,-1.134508,1.831913,-1.076155,0.022519,-0.001751,-1.012969,-1.342145,-2.140445,1.285801,-0.004945,0.019118
13.100000,-0.030463,0.028238,-0.009568,-1.100176,-1.144275,1.854954,-1.070817,0.016442,-0.020145,-1.001641,-1.328021,-2.159956,1.255039,-0.012075,0.013418
13.133333,-0.041640,0.029666,-0.026274,-1.072687,-1.154042,1.868462,-1.090966,0.007166,-0.023875,-0.999238,-1.291643,-2.182117,1.251819,-0.027262,-0.004210
13.166667,-0.066842,0.037216,-0.031554,-1.041165,-1.165627,1.874217,-1.085873,-0.019241,-0.021521,-1.018081,-1.295265,-2.184553,1.248599,-0.028144,-0.046076
13.200000,-0.055165,0.033451,-0.013286,-1.005091,-1.158617,1.839972,-1.092446,-0.030107,-0.019840,-1.006671,-1.296433,-2.157934,1.245379,0.000412,-0.049944
13.233333,-0.045269,0.049729,-0.025302,-1.000192,-1.115981,1.833871,-1.100145,-0.030156,0.010279,-1.035261,-1.286102,-2.142066,1.248198,0.028968,-0.052332
13.266667,-0.045303,0.058796,0.002682,-1.031995,-1.110584,1.835850,-1.113505,-0.026309,0.016939,-1.051121,-1.306327,-2.141646,1.237019,0.017524,-0.076395
13.300000,-0.047725,0.055145,0.010772,-1.033823,-1.126072,1.836241,-1.086866,-0.023845,0.024425,-1.058055,-1.342705,-2.138576,1.207962,0.014028,-0.075546
13.333333,-0.044429,0.056379,0.010626,-1.062984,-1.141559,1.826246,-1.076221,0.011388,0.016210,-1.046193,-1.339083,-2.121209,1.178905,-0.016582,-0.061001
13.366667,-0.038011,0.054659,0.001815,-1.066424,-1.144057,1.841556,-1.075446,0.041080,0.027337,-1.034839,-1.365241,-2.123342,1.149848,-0.057718,-0.062438
13.400000,-0.032256,0.038381,0.008489,-1.038545,-1.163377,1.834186,-1.076310,0.059961,0.013514,-1.003039,-1.366518,-2.085475,1.140647,-0.068552,-0.053585
13.433333,-0.021400,0.049314,-0.015826,-1.012076,-1.149130,1.788554,-1.065953,0.051078,0.010737,-0.957569,-1.373620,-2.047608,1.135841,-0.051138,-0.040920
13.466667,-0.023840,0.036022,-0.035034,-0.985607,-1.133294,1.747992,-1.071981,0.046424,-0.020376,-0.912099,-1.355844,-2.009741,1.131780,-0.062835,-0.043576
13.500000,-0.012482,0.020000,-0.029389,-0.954471,-1.117459,1.707665,-1.080968,0.043042,-0.016959,-0.885762,-1.371709,-1.970440,1.119161,-0.040927,-0.036898
13.533333,-0.010307,0.021209,-0.031707,-0.927649,-1.108552,1.662482,-1.076120,0.023051,-0.026709,-0.888709,-1.347574,-1.919550,1.127520,-0.008173,-0.018951
13.566667,-0.008131,0.034257,-0.019115,-0.932741,-1.078449,1.637215,-1.091330,0.012876,-0.041833,-0.887587,-1.359820,-1.908660,1.126649,0.022170,-0.029566
13.600000,-0.018606,0.022630,-0.011656,-0.920374,-1.084674,1.650209,-1.077761,0.003778,-0.046774,-0.872866,-1.340602,-1.894503,1.146013,0.029139,-0.023286
13.633333,0.005562,0.024603,0.019969,-0.915669,-1.100117,1.658134,-1.048357,-0.015034,-0.028239,-0.897192,-1.319160,-1.890338,1.142510,0.062855,-0.028286
13.666667,0.011464,0.034883,0.036071,-0.922504,-1.115560,1.668248,-1.000001,-0.027886,-0.024474,-0.881519,-1.304078,-1.907592,1.127122,0.062967,-0.037756
13.700000,-0.005385,0.033675,0.037271,-0.932431,-1.130769,1.682294,-0.965480,-0.016021,-0.022016,-0.873882,-1.328072,-1.955737,1.103856,0.033080,-0.040512
13.733333,-0.003762,0.040626,0.018603,-0.938944,-1.154725,1.710961,-0.946032,-0.016468,0.009722,-0.865739,-1.312066,-1.974354,1.101144,-0.003274,-0.014705
13.766667,0.015343,0.032254,0.018611,-0.924803,-1.138681,1.734226,-0.926583,0.014576,0.020344,-0.880254,-1.331143,-1.975051,1.073800,-0.021410,-0.009605
13.800000,0.002951,0.036158,0.015608,-0.934677,-1.134122,1.757491,-0.927194,0.033995,0.034194,-0.891119,-1.362715,-2.004645,1.075454,-0.026894,0.011985
13.833333,-0.019667,0.043035,-0.011223,-0.940311,-1.129563,1.767740,-0.967805,0.016868,0.022814,-0.918889,-1.381932,-2.041030,1.097552,-0.032377,0.020476
13.866667,-0.010351,0.043035,-0.006522,-0.938539,-1.132232,1.788969,-0.982635,-0.017255,0.004748,-0.935759,-1.382073,-2.076371,1.146549,-0.030230,-0.011032
13.900000,-0.007330,0.034614,0.003470,-0.918106,-1.160735,1.770198,-0.957466,-0.033512,-0.029124,-0.947717,-1.402214,-2.101238,1.155546,-0.009506,-0.042541
13.933333,-0.044309,0.054203,0.002970,-0.937674,-1.199159,1.738622,-0.953088,-0.074681,-0.031044,-0.966392,-1.389246,-2.147293,1.164544,-0.011874,-0.061648
13.966667,-0.052621,0.048325,-0.017291,-0.925565,-1.237584,1.712960,-0.968100,-0.096090,-0.049470,-0.986930,-1.395316,-2.154459,1.184544,-0.014241,-0.067375
14.000000,-0.039506,0.033379,-0.005968,-0.916930,-1.241798,1.716029,-0.961093,-0.094554,-0.044222,-0.990564,-1.385019,-2.135149,1.177894,0.003459,-0.052695
14.033333,-0.049901,0.055591,-0.008255,-0.948295,-1.263063,1.723735,-0.967337,-0.060737,-0.016878,-1.003008,-1.385019,-2.116883,1.142400,0.003526,-0.036577
14.066667,-0.072476,0.046223,-0.011406,-0.961736,-1.249749,1.731442,-0.981130,-0.036924,-0.003007,-1.005385,-1.385019,-2.126139,1.131969,-0.026845,-0.060459
14.100000,-0.062539,0.026634,-0.006087,-0.945914,-1.251612,1.744041,-1.000488,-0.019079,-0.001774,-1.016213,-1.389381,-2.095394,1.159388,-0.017217,-0.056742
14.133333,-0.048496,0.044550,-0.004554,-0.970092,-1.252661,1.790726,-0.991645,-0.020993,-0.010737,-1.012223,-1.373372,-2.091823,1.186807,-0.037590,-0.065286
14.166667,-0.063578,0.042339,0.001390,-0.960830,-1.286786,1.834989,-0.979522,-0.009307,-0.040705,-1.048233,-1.383669,-2.086518,1.202620,-0.078031,-0.077379
14.200000,-0.066510,0.027302,0.003559,-0.951567,-1.289935,1.839252,-0.968539,-0.013875,-0.070672,-1.048502,-1.379579,-2.076527,1.207276,-0.078471,-0.069780
14.233333,-0.029441,0.040077,0.012852,-0.975517,-1.293085,1.843515,-0.990007,-0.048304,-0.096534,-1.069303,-1.355489,-2.079016,1.226870,-0.048472,-0.039266
14.266667,-0.020458,0.068386,0.035562,-1.002733,-1.292343,1.856988,-0.985119,-0.059597,-0.130877,-1.057903,-1.345920,-2.081749,1.225235,-0.032938,-0.048752
14.300000,-0.035819,0.058779,0.050850,-0.993252,-1.271208,1.839558,-0.983424,-0.030890,-0.125220,-1.049503,-1.363504,-2.073451,1.200835,-0.022854,-0.042389
14.333333,-0.015725,0.080715,0.053023,-1.023771,-1.244807,1.824116,-0.999634,-0.042182,-0.096073,-1.001103,-1.363504,-2.094469,1.214362,0.000042,-0.033143
14.366667,0.005929,0.075476,0.032580,-1.014369,-1.218405,1.848673,-1.009754,-0.037220,-0.090966,-0.961157,-1.367594,-2.120172,1.227889,-0.000667,-0.010121
14.400000,-0.012416,0.061407,0.019277,-1.011756,-1.232004,1.873231,-0.985619,-0.032394,-0.067304,-0.940679,-1.391684,-2.140950,1.226979,-0.004501,-0.008717
14.433333,-0.008205,0.053638,-0.014818,-0.998140,-1.224395,1.861893,-0.961484,-0.012440,-0.029171,-0.951062,-1.410000,-2.170933,1.210535,-0.029284,0.010050
14.466667,0.014970,0.045869,-0.008912,-0.999219,-1.223969,1.860715,-0.945536,0.000528,-0.005167,-0.976003,-1.410000,-2.206054,1.196039,-0.018616,0.014730
14.500000,0.003689,0.026251,-0.012605,-1.000297,-1.227844,1.852657,-0.928763,0.019219,-0.006120,-1.000944,-1.410000,-2.225544,1.156681,-0.005404,0.014437
14.533333,-0.014908,0.041160,0.009908,-1.041296,-1.238883,1.844598,-0.889470,-0.002091,-0.008257,-1.050978,-1.390000,-2.245034,1.140923,0.000984,-0.020764
14.566667,-0.014545,0.045499,0.043200,-1.042295,-1.249921,1.850525,-0.853647,0.004872,-0.029615,-1.081538,-1.365334,-2.229449,1.099602,0.000431,-0.040281
14.600000,-0.014766,0.028847,0.063337,-1.056275,-1.280038,1.857381,-0.857824,-0.011890,-0.044325,-1.085519,-1.360669,-2.222249,1.097192,0.010862,-0.037162
14.633333,-0.026997,0.052195,0.055987,-1.060799,-1.290946,1.854434,-0.878821,-0.054163,-0.059930,-1.064520,-1.360669,-2.193769,1.115600,0.002529,-0.059955
14.666667,-0.015842,0.078842,0.037065,-1.051021,-1.279416,1.858801,-0.871653,-0.072696,-0.073118,-1.043522,-1.360669,-2.191605,1.153671,0.008232,-0.088490
14.700000,-0.016870,0.070962,0.031936,-1.032188,-1.286169,1.823168,-0.877001,-0.059896,-0.061081,-1.028975,-1.372428,-2.151371,1.168142,0.012568,-0.077025
14.733333,-0.017549,0.076837,0.000527,-1.053355,-1.252923,1.793087,-0.913134,-0.075369,-0.040064,-0.993903,-1.397094,-2.151138,1.182613,-0.010317,-0.055098
14.766667,-0.032849,0.072949,-0.018447,-1.058899,-1.240599,1.802078,-0.937413,-0.070191,-0.050203,-0.988923,-1.401759,-2.140733,1.188411,-0.008772,-0.035135
14.800000,-0.030721,0.061082,-0.020706,-1.073262,-1.242885,1.803719,-0.922532,-0.058207,-0.048380,-0.984609,-1.394330,-2.145162,1.174163,-0.011603,-0.010347
14.833333,-0.042308,0.032118,0.011366,-1.067497,-1.253420,1.765361,-0.926515,-0.040699,-0.032996,-0.988049,-1.394330,-2.139210,1.143423,-0.031686,0.009638
14.866667,-0.034212,0.023154,0.009793,-1.059802,-1.269007,1.765179,-0.929316,-0.054522,-0.028646,-0.960218,-1.382570,-2.162955,1.119667,-0.036707,-0.010376
14.900000,-0.031827,0.026275,0.016815,-1.040659,-1.294530,1.764594,-0.911493,-0.032076,-0.020850,-0.972387,-1.374034,-2.156695,1.132865,-0.015141,-0.017833
14.933333,-0.021218,0.040527,0.031402,-1.041155,-1.300053,1.744009,-0.885524,-0.026509,-0.001897,-0.966215,-1.365498,-2.162769,1.134736,-0.013576,-0.035600
14.966667,-0.046566,0.062757,0.046743,-1.026579,-1.324197,1.721320,-0.898715,-0.029746,0.020118,-0.949493,-1.348077,-2.154011,1.139002,-0.028870,-0.058192
15.000000,-0.042584,0.077009,0.025396,-1.006432,-1.347718,1.738631,-0.929425,-0.052032,0.024952,-0.933928,-1.303226,-2.145847,1.125288,-0.033186,-0.067576
15.033333,-0.049134,0.080101,0.015764,-0.984497,-1.360639,1.723155,-0.988802,-0.036478,0.019094,-0.921953,-1.275979,-2.128880,1.144592,-0.038277,-0.042756
15.066667,-0.029286,0.088941,-0.000826,-0.970224,-1.379949,1.718295,-1.068802,-0.053819,0.013995,-0.909979,-1.252776,-2.117607,1.166940,-0.052265,-0.039333
15.100000,-0.029438,0.101752,-0.037416,-0.935951,-1.388023,1.733434,-1.155317,-0.078163,0.022845,-0.882726,-1.209573,-2.126335,1.204662,-0.046253,-0.033169
15.133333,-0.016627,0.074564,-0.063990,-0.916632,-1.391109,1.748573,-1.220030,-0.068167,0.010255,-0.864669,-1.202685,-2.140002,1.230112,-0.026381,-0.019588
15.166667,-0.003815,0.060312,-0.066619,-0.925384,-1.376188,1.733831,-1.284743,-0.073824,-0.002297,-0.837700,-1.225834,-2.152433,1.288622,0.010371,-0.006352
15.200000,0.001114,0.057220,-0.054163,-0.906910,-1.376289,1.714808,-1.349456,-0.077321,-0.019194,-0.822915,-1.231379,-2.142041,1.329967,0.030765,0.012682
15.233333,-0.013306,0.040558,-0.051050,-0.869870,-1.380066,1.704190,-1.374169,-0.072290,-0.012716,-0.808130,-1.229078,-2.155959,1.331312,0.038406,0.014114
15.266667,0.012274,0.013495,-0.007936,-0.849111,-1.395079,1.674939,-1.378349,-0.061251,-0.000187,-0.826963,-1.229780,-2.129876,1.297284,0.023326,0.006801
15.300000,0.045260,0.008692,0.001602,-0.848154,-1.391679,1.654395,-1.364330,-0.064733,0.005867,-0.831465,-1.214397,-2.114300,1.253179,0.020946,0.008600
15.333333,0.038245,0.017672,0.004862,-0.826987,-1.406600,1.652265,-1.345582,-0.044249,0.020631,-0.841891,-1.201527,-2.089277,1.216013,-0.002587,0.002387
15.366667,0.020974,0.046652,0.000948,-0.820311,-1.401026,1.680304,-1.286834,-0.063764,0.038495,-0.828406,-1.228656,-2.075167,1.196013,-0.021484,-0.043827
15.400000,0.016531,0.049202,0.001794,-0.795986,-1.401026,1.699244,-1.228086,-0.055183,0.056359,-0.806403,-1.262697,-2.021059,1.178764,-0.026284,-0.051042
15.433333,-0.005812,0.056357,-0.023056,-0.794052,-1.401026,1.696819,-1.197245,-0.041812,0.046748,-0.784399,-1.293734,-1.988111,1.185534,-0.027919,-0.045678
15.466667,-0.030758,0.062465,-0.028046,-0.755074,-1.384426,1.685687,-1.206405,-0.013766,0.032021,-0.782051,-1.340857,-1.966548,1.192304,-0.056115,-0.018902
15.500000,-0.034679,0.053485,-0.028665,-0.708236,-1.373381,1.658874,-1.180295,-0.009971,0.023601,-0.813778,-1.355428,-1.940102,1.199074,-0.063158,-0.006660
15.533333,-0.020171,0.029924,-0.047070,-0.686785,-1.370508,1.600785,-1.174575,0.018076,0.038149,-0.845983,-1.341023,-1.942616,1.175617,-0.059157,0.028406
15.566667,-0.033185,0.022316,-0.036250,-0.684177,-1.370507,1.513638,-1.168856,0.019579,0.039572,-0.856980,-1.332046,-1.961819,1.167133,-0.076903,0.023473
15.600000,-0.028297,0.015160,-0.015800,-0.642898,-1.370507,1.465223,-1.169247,0.009860,0.029405,-0.827976,-1.324796,-1.969647,1.156555,-0.075092,0.024236
15.633333,-0.034258,0.016224,-0.018120,-0.634393,-1.382026,1.416807,-1.129638,-0.011985,0.037938,-0.812889,-1.290381,-1.955659,1.162783,-0.053589,-0.002796
15.666667,-0.040006,0.025250,-0.031717,-0.665888,-1.393072,1.395539,-1.109730,-0.017375,0.040313,-0.783349,-1.295966,-1.967025,1.129011,-0.072086,-0.029827
15.700000,-0.040157,0.019831,-0.037098,-0.657505,-1.401519,1.374271,-1.069430,-0.031856,0.033108,-0.752741,-1.324943,-1.938517,1.118884,-0.101393,-0.039682
15.733333,-0.035808,0.038459,-0.050412,-0.648908,-1.401519,1.387251,-1.063121,-0.039617,0.024861,-0.747810,-1.313920,-1.933318,1.117187,-0.090700,-0.039188
15.766667,-0.032284,0.054071,-0.061813,-0.660000,-1.381519,1.381129,-1.047811,-0.041498,0.021645,-0.742879,-1.341170,-1.958335,1.114532,-0.090522,-0.071248
15.800000,-0.035677,0.048122,-0.056393,-0.646505,-1.381181,1.386808,-1.032501,-0.048070,0.003836,-0.744378,-1.357947,-1.978335,1.131309,-0.103861,-0.073453
15.833333,-0.028466,0.059054,-0.046922,-0.633011,-1.381181,1.387013,-1.037490,-0.046749,0.013488,-0.745509,-1.350335,-1.983057,1.167876,-0.084563,-0.041686
15.866667,-0.028496,0.059054,-0.019277,-0.623587,-1.381181,1.391010,-1.062107,-0.060587,0.005234,-0.746639,-1.348309,-2.000301,1.190330,-0.046010,-0.039512
15.900000,-0.029237,0.042154,-0.004938,-0.635534,-1.381181,1.400759,-1.071548,-0.063968,-0.000784,-0.751817,-1.356998,-1.994406,1.207971,-0.019742,-0.028239
15.933333,-0.029824,0.027926,-0.014455,-0.635626,-1.401181,1.390878,-1.074316,-0.048282,0.012581,-0.796996,-1.356998,-1.988512,1.244645,-0.022958,-0.002723
15.966667,-0.013433,0.043993,-0.013930,-0.667530,-1.390000,1.369196,-1.096307,-0.022455,0.021912,-0.802174,-1.374636,-1.989040,1.258514,0.002339,0.001486
16.000000,-0.010167,0.034094,-0.016455,-0.669732,-1.390000,1.352989,-1.091589,-0.007835,0.026253,-0.798215,-1.376662,-1.976651,1.292595,0.018435,-0.003899
16.033333,-0.003604,0.039278,-0.033382,-0.706288,-1.390000,1.360682,-1.102763,0.006786,0.027142,-0.834256,-1.348960,-1.991668,1.323832,0.005039,-0.000861
16.066667,0.010423,0.036178,-0.041712,-0.722836,-1.390000,1.368376,-1.095121,0.021641,0.002978,-0.830297,-1.350543,-1.996198,1.342792,-0.036071,0.007094
16.100000,0.013679,0.034795,-0.051141,-0.731551,-1.370000,1.376070,-1.072826,0.018146,-0.021893,-0.826338,-1.320814,-2.000727,1.322641,-0.037182,0.002349
16.133333,-0.000042,0.033176,-0.069779,-0.726817,-1.390000,1.413829,-1.071308,-0.002901,-0.013809,-0.858348,-1.288472,-2.038834,1.329055,-0.057076,-0.001812
16.166667,-0.019613,0.037030,-0.073700,-0.713497,-1.390000,1.444529,-1.069618,-0.037090,-0.019795,-0.914317,-1.296131,-2.092238,1.335469,-0.067229,-0.030352
16.200000,-0.023473,0.036668,-0.057803,-0.673561,-1.390000,1.447536,-1.057990,-0.045786,-0.010732,-0.930286,-1.293518,-2.105714,1.331681,-0.038404,-0.037721
16.233333,-0.044543,0.050387,-0.068055,-0.653632,-1.390000,1.419789,-1.067867,-0.063745,0.014749,-0.986255,-1.290905,-2.146094,1.342677,-0.009580,-0.040345
16.266667,-0.054174,0.060228,-0.039197,-0.673702,-1.410000,1.432041,-1.108072,-0.068247,0.032825,-1.042225,-1.301538,-2.186474,1.365582,-0.020755,-0.051956
16.300000,-0.057316,0.054385,-0.026612,-0.667222,-1.410000,1.414229,-1.108277,-0.070343,0.031675,-1.067800,-1.333879,-2.186854,1.366649,-0.021039,-0.050684
16.333333,-0.048847,0.055633,-0.021245,-0.690497,-1.410000,1.372164,-1.122889,-0.051162,0.022683,-1.069365,-1.326221,-2.173959,1.367715,-0.054499,-0.036193
16.366667,-0.037881,0.050812,-0.028283,-0.701964,-1.410000,1.370098,-1.151920,-0.028047,0.029582,-1.082948,-1.358562,-2.176823,1.362867,-0.109392,-0.046671
16.400000,-0.026914,0.037094,-0.019947,-0.687744,-1.410000,1.374098,-1.167424,-0.002912,0.023952,-1.086131,-1.350904,-2.154516,1.371076,-0.124285,-0.046261
16.433333,-0.015948,0.047252,-0.045986,-0.672094,-1.404045,1.338173,-1.171689,-0.010404,0.027546,-1.063531,-1.348671,-2.132209,1.380038,-0.108933,-0.035629
16.466667,-0.011469,0.035162,-0.064533,-0.656445,-1.402442,1.323776,-1.193091,-0.020012,0.010368,-1.054801,-1.315328,-2.118817,1.395659,-0.108618,-0.030672
16.500000,0.008531,0.020000,-0.062342,-0.609328,-1.402442,1.300689,-1.186968,-0.012032,0.022664,-1.058373,-1.315177,-2.091597,1.371280,-0.078659,-0.024037
16.533333,0.014289,0.020000,-0.060582,-0.562212,-1.402442,1.237602,-1.149373,-0.033279,0.001687,-1.049928,-1.279113,-2.048620,1.346557,-0.027010,0.001462
16.566667,0.020048,0.031214,-0.050821,-0.531362,-1.382442,1.159205,-1.143799,-0.052447,-0.026197,-1.037446,-1.271280,-2.037535,1.322914,0.008967,-0.003056
16.600000,0.005855,0.026013,-0.043943,-0.484542,-1.388398,1.120734,-1.119460,-0.054850,-0.040542,-1.022835,-1.259071,-1.993337,1.325722,0.024943,-0.006486
16.633333,0.031663,0.028766,-0.012657,-0.470032,-1.390000,1.083520,-1.099779,-0.073315,-0.020569,-1.028780,-1.238876,-1.980224,1.309642,0.045181,-0.024435
16.666667,0.017471,0.045546,0.012821,-0.495228,-1.390000,1.061690,-1.080098,-0.090644,-0.020254,-1.006431,-1.225490,-1.967110,1.305611,0.035776,-0.043106
16.700000,-0.000261,0.045546,0.011137,-0.520424,-1.390000,1.039860,-1.091889,-0.072312,-0.005194,-0.990409,-1.236444,-1.971843,1.301580,0.007510,-0.055671
16.733333,0.000352,0.054332,-0.002787,-0.515040,-1.409522,1.018030,-1.092260,-0.044875,0.029681,-0.956002,-1.221800,-1.936577,1.292009,-0.016378,-0.038220
16.766667,0.020916,0.039533,0.003694,-0.487056,-1.389043,0.996200,-1.082635,-0.019218,0.041195,-0.941859,-1.232860,-1.934424,1.242439,-0.048602,-0.032079
16.800000,0.004712,0.039867,0.002489,-0.466762,-1.388565,0.971869,-1.071635,0.006439,0.048293,-0.908389,-1.251539,-1.892270,1.222011,-0.056849,-0.004215
16.833333,-0.011493,0.031701,-0.031437,-0.443892,-1.388565,0.934295,-1.100635,-0.007138,0.036118,-0.879556,-1.270218,-1.850117,1.229533,-0.058873,0.012162
16.866667,-0.009917,0.031701,-0.025362,-0.421023,-1.388565,0.896721,-1.095079,-0.038343,0.018174,-0.859641,-1.274285,-1.815509,1.268054,-0.056130,-0.011158
16.900000,-0.010269,0.018731,-0.016899,-0.409992,-1.389043,0.899147,-1.080653,-0.064358,0.002580,-0.853973,-1.288964,-1.780901,1.274279,-0.051879,-0.034477
16.933333,-0.050620,0.031446,-0.017594,-0.438960,-1.401769,0.861573,-1.076742,-0.093249,0.010347,-0.821126,-1.274067,-1.734193,1.280504,-0.049536,-0.045647
16.966667,-0.054203,0.028360,-0.035034,-0.436068,-1.402248,0.843713,-1.092410,-0.098399,-0.011478,-0.807606,-1.273062,-1.687484,1.291056,-0.047192,-0.064551
17.000000,-0.026422,0.019745,-0.013948,-0.396046,-1.382248,0.823713,-1.068079,-0.093239,-0.008765,-0.789450,-1.261758,-1.640776,1.261608,-0.018977,-0.046142
17.033333,-0.023565,0.032912,-0.013694,-0.369319,-1.364072,0.803713,-1.038303,-0.066312,0.018246,-0.768054,-1.265829,-1.568676,1.202754,-0.016668,-0.017001
17.066667,-0.037126,0.025883,-0.015733,-0.370754,-1.353557,0.783713,-1.028817,-0.062963,0.023092,-0.725234,-1.256658,-1.536575,1.183749,-0.029305,-0.027860
17.100000,-0.014759,0.013167,-0.010199,-0.361831,-1.361310,0.803713,-1.045087,-0.058626,0.019809,-0.717239,-1.251449,-1.516575,1.199976,-0.001941,-0.010868
17.133333,-0.014996,0.021224,-0.009053,-0.384769,-1.361310,0.823713,-1.042536,-0.069860,0.017438,-0.709245,-1.238356,-1.536575,1.216800,-0.014577,-0.003040
17.166667,-0.041838,0.021224,-0.017251,-0.408602,-1.381310,0.883713,-1.057415,-0.052170,-0.009470,-0.741250,-1.235564,-1.559690,1.262474,-0.059243,-0.016832
17.200000,-0.051705,0.012437,-0.019678,-0.459139,-1.399485,0.983713,-1.112295,-0.047860,-0.036379,-0.787056,-1.218193,-1.622804,1.309092,-0.068310,-0.017050
17.233333,-0.021571,0.026073,-0.013164,-0.509676,-1.390000,1.053165,-1.167175,-0.059970,-0.054423,-0.858930,-1.200823,-1.685919,1.355710,-0.052647,0.009318
17.266667,-0.024861,0.053058,0.003196,-0.546821,-1.390000,1.082616,-1.185785,-0.060303,-0.074265,-0.911331,-1.203450,-1.739684,1.405066,-0.061875,-0.004314
17.300000,-0.025701,0.054980,0.011582,-0.583677,-1.390000,1.112068,-1.221216,-0.032360,-0.059119,-0.943618,-1.223971,-1.793450,1.424294,-0.058582,0.005262
17.333333,-0.000430,0.077750,0.017351,-0.659637,-1.390000,1.141519,-1.279217,-0.044418,-0.043973,-0.935904,-1.244146,-1.876844,1.454673,-0.021720,0.017358
17.366667,0.022233,0.076140,-0.001819,-0.695598,-1.370000,1.170971,-1.303296,-0.043097,-0.035308,-0.904213,-1.257382,-1.960239,1.482516,-0.020253,0.038234
17.400000,0.004896,0.064320,-0.010686,-0.717524,-1.378164,1.226549,-1.303227,-0.041775,-0.018953,-0.886454,-1.279060,-2.003633,1.481359,-0.018787,0.036399
17.433333,0.019024,0.057366,-0.036577,-0.743263,-1.346327,1.284487,-1.303158,-0.033854,-0.006718,-0.880661,-1.306354,-2.016377,1.461327,-0.019605,0.041094
17.466667,0.040257,0.047416,-0.022469,-0.760797,-1.321755,1.342426,-1.286042,-0.030433,-0.007100,-0.894983,-1.322699,-2.029121,1.464758,0.000732,0.036829
17.500000,0.030619,0.030294,-0.026000,-0.751658,-1.317184,1.363146,-1.250694,-0.020513,0.007292,-0.909306,-1.306275,-2.009121,1.433231,-0.002283,0.028294
17.533333,0.002668,0.043808,-0.005267,-0.781153,-1.321367,1.383866,-1.209267,-0.047830,0.005666,-0.933930,-1.282176,-1.976508,1.427708,0.005734,-0.013631
17.566667,-0.003285,0.052243,0.023781,-0.784683,-1.333203,1.369009,-1.151989,-0.051742,-0.008799,-0.934317,-1.251612,-1.943894,1.411185,0.009256,-0.044855
17.600000,-0.020294,0.038977,0.038445,-0.780858,-1.359581,1.351791,-1.123928,-0.059331,-0.009217,-0.907082,-1.221047,-1.911280,1.391958,0.003972,-0.044647
17.633333,-0.037716,0.065711,0.027567,-0.745528,-1.358694,1.294573,-1.074914,-0.075607,-0.008500,-0.839847,-1.209910,-1.838667,1.361049,0.005012,-0.075479
17.666667,-0.015138,0.081050,0.019128,-0.696870,-1.317807,1.234573,-1.004132,-0.058381,-0.013642,-0.772611,-1.231887,-1.766054,1.325098,0.035769,-0.101376
17.700000,-0.000116,0.069353,0.024316,-0.609579,-1.300209,1.134573,-0.933350,-0.042982,0.003715,-0.696660,-1.268489,-1.666054,1.299384,0.055291,-0.087273
17.733333,0.015706,0.071664,-0.004911,-0.522287,-1.246794,1.034573,-0.862568,-0.019914,0.053847,-0.604947,-1.331716,-1.566054,1.273671,0.039308,-0.057450
17.766667,0.008775,0.064900,-0.020023,-0.462287,-1.218838,0.974573,-0.802568,-0.024646,0.063979,-0.548361,-1.374943,-1.506054,1.271564,0.036041,-0.033032
17.800000,0.005434,0.048444,-0.014757,-0.404591,-1.208810,0.914573,-0.742568,-0.022840,0.079746,-0.491776,-1.391169,-1.446054,1.247806,0.011773,-0.003937
17.833333,-0.017090,0.027458,0.015752,-0.346896,-1.198782,0.854573,-0.682568,-0.040582,0.106592,-0.435190,-1.394396,-1.386053,1.224048,-0.052496,0.037660
17.866667,-0.023404,0.022871,0.016425,-0.296627,-1.195059,0.794573,-0.622568,-0.059261,0.124132,-0.375190,-1.382998,-1.326054,1.201694,-0.076764,0.039257
17.900000,-0.020970,0.015495,0.027947,-0.246358,-1.202650,0.734573,-0.562568,-0.069013,0.107452,-0.316921,-1.379347,-1.266053,1.194630,-0.073004,0.026765
17.933333,0.001301,0.020681,0.045354,-0.156089,-1.190242,0.634573,-0.462568,-0.045610,0.110771,-0.238651,-1.375697,-1.166053,1.167567,-0.065977,0.001719
17.966667,-0.006555,0.035559,0.058119,-0.103517,-1.199906,0.574573,-0.402568,-0.026567,0.111157,-0.200382,-1.359048,-1.097830,1.143603,-0.077948,-0.019094
18.000000,-0.026275,0.040746,0.032800,-0.090944,-1.231652,0.554573,-0.382568,-0.005553,0.091549,-0.162112,-1.315398,-1.055205,1.125785,-0.049919,-0.061320
18.033333,-0.037456,0.041103,0.021304,-0.110944,-1.225049,0.574573,-0.402568,0.027318,0.061527,-0.163842,-1.279818,-1.052580,1.110320,-0.031864,-0.063547
18.066667,-0.057410,0.056274,0.005908,-0.170944,-1.231120,0.634573,-0.462568,0.043304,0.029781,-0.185978,-1.221339,-1.061302,1.112769,-0.017628,-0.077976
18.100000,-0.090761,0.076904,-0.029488,-0.270944,-1.217191,0.734573,-0.562568,0.031159,0.014761,-0.196763,-1.151996,-1.104771,1.135217,0.016608,-0.072404
18.133333,-0.093837,0.057534,-0.055075,-0.370944,-1.203262,0.834573,-0.662568,0.031983,-0.006772,-0.207548,-1.118672,-1.127348,1.160949,0.050844,-0.052549
18.166667,-0.065866,0.052348,-0.052297,-0.470944,-1.167251,0.934573,-0.762568,0.019447,-0.021785,-0.218333,-1.119847,-1.141237,1.205603,0.085081,-0.018929
18.200000,-0.066215,0.051990,-0.040933,-0.570944,-1.171240,1.034573,-0.862568,0.011379,-0.055876,-0.209121,-1.112950,-1.115126,1.248864,0.095228,0.007194
18.233333,-0.067482,0.037510,-0.037036,-0.670944,-1.179623,1.134573,-0.962568,0.004498,-0.050513,-0.217773,-1.115788,-1.117668,1.264735,0.089060,0.033006
18.266667,-0.035352,0.011694,0.006860,-0.757223,-1.218320,1.234573,-1.062568,0.028386,-0.041875,-0.257777,-1.113981,-1.093329,1.240606,0.071794,0.044917
18.300000,-0.012569,0.005877,0.013173,-0.824684,-1.220776,1.334573,-1.138093,0.026373,-0.037922,-0.257780,-1.084833,-1.098105,1.220137,0.079281,0.051528
18.333333,-0.029533,0.015735,0.014383,-0.876893,-1.251881,1.434573,-1.213618,0.026805,-0.023741,-0.280090,-1.061186,-1.099933,1.214601,0.055378,0.042167
18.366667,-0.046497,0.045592,0.009638,-0.890433,-1.242985,1.534573,-1.249142,0.021775,0.013313,-0.282397,-1.073408,-1.106671,1.210457,0.053728,0.000302
18.400000,-0.047479,0.049572,0.008701,-0.863973,-1.245707,1.634573,-1.262658,0.032441,0.042930,-0.266736,-1.102446,-1.106988,1.213929,0.049542,-0.005257
18.433333,-0.057686,0.059426,-0.017366,-0.851234,-1.239838,1.728772,-1.265380,0.019087,0.038872,-0.247523,-1.126991,-1.132597,1.237062,0.046098,-0.006041
18.466667,-0.073132,0.070907,-0.020262,-0.831852,-1.230210,1.782971,-1.292578,0.033228,0.031228,-0.267834,-1.182859,-1.154515,1.268461,0.017899,0.012512
18.500000,-0.073618,0.061050,-0.025566,-0.787721,-1.200473,1.828553,-1.279776,0.038490,0.021533,-0.305838,-1.198728,-1.173535,1.298184,0.021092,0.020621
18.533333,-0.047354,0.038650,-0.045691,-0.769110,-1.194656,1.834134,-1.284107,0.067815,0.027763,-0.343843,-1.182527,-1.218518,1.287906,0.015120,0.051788
18.566667,-0.049775,0.037491,-0.034691,-0.781460,-1.186435,1.799715,-1.270448,0.060159,0.026066,-0.374632,-1.164767,-1.269924,1.300866,0.003789,0.042955
18.600000,-0.047292,0.027636,-0.015585,-0.753811,-1.189624,1.767964,-1.267581,0.058879,0.026996,-0.368974,-1.147006,-1.316202,1.310945,0.002815,0.043249
18.633333,-0.049259,0.034129,-0.015277,-0.746677,-1.203755,1.750163,-1.224715,0.041540,0.035608,-0.349067,-1.103939,-1.330197,1.302714,0.024398,0.021592
18.666667,-0.044560,0.047644,-0.025079,-0.776968,-1.230565,1.740979,-1.191515,0.050502,0.030460,-0.289159,-1.100871,-1.366714,1.256160,0.005980,-0.000065
18.700000,-0.048536,0.040553,-0.030152,-0.780409,-1.273455,1.731796,-1.145546,0.030182,0.014649,-0.253776,-1.134005,-1.372357,1.249606,-0.027161,-0.004780
18.733333,-0.054042,0.052221,-0.036673,-0.758448,-1.290780,1.722612,-1.138617,0.038203,0.007204,-0.243576,-1.128697,-1.378001,1.242372,-0.020301,-0.006064
18.766667,-0.055226,0.075622,-0.045883,-0.739980,-1.274971,1.683306,-1.108465,0.032662,0.001853,-0.247961,-1.136811,-1.395612,1.218358,-0.013572,-0.037650
18.800000,-0.064794,0.062517,-0.038598,-0.686459,-1.248221,1.643815,-1.078313,0.035245,-0.010448,-0.258750,-1.130231,-1.415065,1.221783,-0.029399,-0.044521
18.833333,-0.063207,0.072634,-0.029517,-0.635513,-1.235410,1.604324,-1.078493,0.030954,0.001092,-0.272224,-1.091588,-1.440931,1.250463,-0.012469,-0.011393
18.866667,-0.066213,0.075900,0.002099,-0.587569,-1.218347,1.564833,-1.098785,0.021019,0.010903,-0.277220,-1.049354,-1.494218,1.261356,0.024052,-0.010295
18.900000,-0.055988,0.066696,0.010273,-0.574063,-1.212460,1.555521,-1.084233,0.005885,0.003971,-0.282216,-1.020197,-1.526011,1.250484,0.050214,0.008253
18.933333,-0.045762,0.049330,0.005239,-0.587064,-1.233083,1.539464,-1.063859,0.021445,0.018895,-0.312626,-0.992658,-1.555908,1.277665,0.040185,0.047702
18.966667,-0.031187,0.064391,0.007988,-0.620042,-1.253706,1.518142,-1.080135,0.034059,0.024747,-0.311358,-1.005119,-1.579940,1.283474,0.070151,0.054476
19.000000,-0.025267,0.046891,0.006884,-0.624248,-1.277075,1.496821,-1.061573,0.048480,0.043681,-0.307405,-1.009642,-1.589769,1.304029,0.079541,0.041843
19.033333,-0.024277,0.050542,-0.012443,-0.665452,-1.275360,1.515499,-1.055851,0.062900,0.041784,-0.327405,-0.990335,-1.586372,1.311347,0.077337,0.032428
19.066667,-0.037099,0.039379,-0.018468,-0.692193,-1.290439,1.543998,-1.047014,0.091160,0.027296,-0.316399,-0.997951,-1.587496,1.319130,0.045493,0.038843
19.100000,-0.049921,0.033345,-0.031572,-0.688934,-1.279007,1.598367,-1.067222,0.088554,0.015343,-0.305392,-0.990529,-1.575555,1.288859,0.041005,0.034119
19.133333,-0.055948,0.027725,-0.047650,-0.671531,-1.267576,1.647019,-1.089303,0.070641,0.022811,-0.296594,-0.949188,-1.577642,1.281146,0.013549,0.027386
19.166667,-0.075981,0.030563,-0.048533,-0.660411,-1.252499,1.695672,-1.111886,0.028868,0.009495,-0.327795,-0.947847,-1.586597,1.273434,0.011642,0.000059
19.200000,-0.069616,0.028654,-0.028146,-0.640725,-1.243865,1.726370,-1.128721,0.017231,0.020754,-0.336971,-0.946966,-1.581358,1.256746,0.024025,0.001546
19.233333,-0.066823,0.042731,-0.036171,-0.635503,-1.204331,1.729259,-1.161689,-0.004946,0.040497,-0.377152,-0.942443,-1.591617,1.248418,0.036407,0.001102
19.266667,-0.072108,0.059591,-0.004195,-0.667355,-1.199944,1.746278,-1.194658,0.008462,0.041771,-0.386662,-0.963466,-1.616838,1.240090,0.017754,-0.018801
19.300000,-0.079487,0.061667,-0.000316,-0.693375,-1.217216,1.787700,-1.189103,0.031585,0.042659,-0.422495,-1.018407,-1.628222,1.231456,0.022074,-0.019269
19.333333,-0.079279,0.072319,0.004622,-0.741883,-1.229225,1.815042,-1.203686,0.065182,0.038162,-0.433581,-1.033348,-1.629713,1.210827,-0.011335,-0.002676
19.366667,-0.074024,0.066946,-0.004583,-0.758956,-1.224127,1.860338,-1.226702,0.087913,0.042311,-0.430657,-1.063502,-1.644024,1.190198,-0.049034,-0.021127
19.400000,-0.072238,0.052869,-0.000852,-0.748147,-1.240987,1.927049,-1.248412,0.110826,0.048032,-0.397023,-1.063704,-1.619809,1.181041,-0.046732,-0.034361
19.433333,-0.062374,0.056009,-0.030492,-0.734485,-1.222699,1.976202,-1.243977,0.093738,0.045799,-0.365028,-1.069029,-1.593287,1.180874,-0.024222,-0.029628
19.466667,-0.058435,0.039623,-0.043631,-0.730794,-1.199434,2.028633,-1.255339,0.079292,0.020227,-0.339269,-1.045162,-1.583604,1.183587,-0.041712,-0.018898
19.500000,-0.039812,0.020000,-0.041707,-0.724171,-1.187172,2.068336,-1.256997,0.081452,0.022966,-0.316086,-1.041552,-1.551146,1.169898,-0.019202,-0.019449
19.533333,-0.032087,0.027083,-0.041159,-0.737374,-1.178209,2.087448,-1.258656,0.064343,0.015626,-0.328940,-1.009690,-1.528262,1.179515,0.012754,0.015045
19.566667,-0.024362,0.046117,-0.030929,-0.778461,-1.146595,2.081755,-1.283228,0.032782,-0.005438,-0.332503,-0.997347,-1.545377,1.171867,0.042941,0.018213
19.600000,-0.036154,0.043158,-0.021900,-0.794165,-1.149669,2.093622,-1.293945,0.028371,-0.009080,-0.349967,-0.982214,-1.524800,1.184336,0.052919,0.022153
19.633333,-0.013926,0.050564,0.008348,-0.832412,-1.161663,2.094688,-1.292711,-0.002208,0.009619,-0.367679,-0.956272,-1.524352,1.167692,0.078218,0.001712
19.666667,-0.010588,0.063676,0.026906,-0.864626,-1.173657,2.102907,-1.275379,-0.024189,0.005892,-0.367562,-0.950074,-1.561323,1.170604,0.063516,0.007847
19.700000,-0.028632,0.056592,0.023234,-0.877013,-1.186022,2.103982,-1.258048,-0.008530,0.006000,-0.345272,-0.969436,-1.601405,1.155833,0.038654,-0.000099
19.733333,-0.022302,0.057559,0.007334,-0.889401,-1.203278,2.136256,-1.241893,0.019619,0.026783,-0.362981,-0.962875,-1.608587,1.163809,-0.010189,0.023281
19.766667,0.003545,0.040658,0.012392,-0.892948,-1.185845,2.168529,-1.225739,0.044271,0.031116,-0.355823,-0.968436,-1.641953,1.142676,-0.033353,0.028073
19.800000,-0.001797,0.039990,0.009817,-0.900520,-1.182811,2.181139,-1.219324,0.068923,0.037758,-0.353650,-1.000750,-1.655594,1.157453,-0.031837,0.049015
19.833333,-0.020891,0.040253,-0.018188,-0.902342,-1.179777,2.187788,-1.252908,0.057897,0.026827,-0.368145,-1.025713,-1.655047,1.181072,-0.030321,0.046572
19.866667,-0.007707,0.040253,-0.012160,-0.904164,-1.180347,2.211095,-1.264008,0.027263,0.007244,-0.399913,-1.034456,-1.653850,1.239067,-0.027025,0.018211
19.900000,-0.015652,0.032543,-0.003873,-0.905433,-1.204963,2.200157,-1.260478,0.003067,-0.023426,-0.406670,-1.046449,-1.645553,1.263421,0.002022,-0.010151
19.933333,-0.063326,0.050478,-0.005055,-0.941820,-1.231363,2.189218,-1.265291,-0.026961,-0.024083,-0.438133,-1.048177,-1.651072,1.287834,0.005389,-0.022049
19.966667,-0.079812,0.043739,-0.024074,-0.941670,-1.257764,2.183553,-1.296520,-0.030773,-0.049390,-0.469596,-1.043892,-1.639157,1.310638,-0.000648,-0.022764
20.000000,-0.064457,0.036742,-0.016503,-0.956235,-1.266601,2.203503,-1.303085,-0.027942,-0.034698,-0.488993,-1.012035,-1.634599,1.318618,0.013346,-0.005350
20.033333,-0.074875,0.062176,-0.020779,-1.003582,-1.282873,2.234530,-1.321600,-0.003143,-0.005111,-0.504638,-1.010839,-1.617330,1.286599,0.003972,0.012064
20.066667,-0.085088,0.055319,-0.018242,-1.011482,-1.273812,2.285153,-1.334539,0.002420,0.014889,-0.505294,-1.026159,-1.640061,1.271544,-0.020937,-0.010522
20.100000,-0.065666,0.037244,-0.014757,-0.993584,-1.290000,2.295777,-1.356759,0.004143,0.018999,-0.517628,-1.033185,-1.622791,1.276482,-0.005846,-0.009722
20.133333,-0.076505,0.054357,-0.010905,-1.015686,-1.290759,2.307132,-1.338979,-0.011430,0.023108,-0.510895,-1.019471,-1.614824,1.285033,-0.013826,-0.011923
20.166667,-0.106105,0.047981,-0.004300,-0.997788,-1.309081,2.316607,-1.334284,0.006353,-0.012783,-0.539558,-1.040679,-1.576269,1.285034,-0.041838,-0.028094
20.200000,-0.109933,0.028979,-0.002908,-0.987108,-1.312695,2.286276,-1.325082,0.012007,-0.048673,-0.536874,-1.043818,-1.543290,1.285034,-0.029850,-0.023084
20.233333,-0.077211,0.036410,0.001115,-0.998803,-1.304301,2.230596,-1.336086,0.002779,-0.084351,-0.555159,-1.027189,-1.489249,1.301711,-0.002326,0.015843
20.266667,-0.074076,0.062156,0.025901,-1.028995,-1.284754,2.214916,-1.334823,-0.001630,-0.107413,-0.559919,-1.016616,-1.440372,1.334940,-0.014803,0.014769
20.300000,-0.064253,0.051307,0.038067,-1.027549,-1.274341,2.213178,-1.363654,0.025041,-0.091110,-0.543747,-1.026405,-1.395636,1.328169,-0.015415,0.016052
20.333333,-0.040553,0.067639,0.041111,-1.066103,-1.253236,2.200206,-1.400092,0.011711,-0.065225,-0.487575,-1.024758,-1.350900,1.323238,0.010891,0.039590
20.366667,-0.018249,0.061207,0.024931,-1.064657,-1.232132,2.227039,-1.413453,0.010511,-0.053033,-0.434005,-1.024884,-1.328446,1.318307,0.013804,0.069181
20.400000,-0.035945,0.051354,0.011928,-1.070935,-1.250495,2.253872,-1.408820,0.021435,-0.010125,-0.399467,-1.042457,-1.288014,1.296775,0.012873,0.064856
20.433333,-0.032464,0.043837,-0.022428,-1.053098,-1.252976,2.240705,-1.398828,0.031126,0.012386,-0.373082,-1.072534,-1.251443,1.238640,0.017165,0.062830
20.466667,-0.007970,0.037572,-0.016783,-1.029269,-1.244372,2.247591,-1.394938,0.040816,0.027514,-0.380376,-1.099197,-1.230740,1.194855,0.040150,0.062592
20.500000,-0.003616,0.026339,-0.019863,-1.005441,-1.243829,2.232216,-1.372962,0.056905,0.036289,-0.387671,-1.097297,-1.218780,1.156085,0.055054,0.044382
20.533333,-0.036988,0.043184,0.000925,-1.006648,-1.255598,2.216842,-1.349104,0.032994,0.033415,-0.409366,-1.071692,-1.206819,1.144318,0.054389,-0.001063
20.566667,-0.038965,0.045940,0.035705,-0.991750,-1.261886,2.216226,-1.312938,0.018620,-0.000388,-0.415651,-1.042403,-1.209873,1.109151,0.046224,-0.022753
20.600000,-0.034245,0.031837,0.053209,-0.996013,-1.289516,2.224513,-1.316772,0.013796,-0.010519,-0.403391,-1.013115,-1.223579,1.100893,0.051070,-0.010731
20.633333,-0.060440,0.055962,0.041831,-1.016492,-1.305987,2.223847,-1.324411,-0.031027,-0.020941,-0.375963,-1.006877,-1.227314,1.118284,0.036086,-0.033553
20.666667,-0.058410,0.073040,0.021720,-1.002617,-1.295696,2.253129,-1.316501,-0.057502,-0.034591,-0.348534,-1.040639,-1.231344,1.139683,0.037041,-0.062187
20.700000,-0.043119,0.062493,0.015451,-1.003707,-1.309914,2.251551,-1.336307,-0.047076,-0.031587,-0.338571,-1.074402,-1.213740,1.136245,0.036957,-0.050822
20.733333,-0.046264,0.065074,-0.017529,-1.024725,-1.290146,2.243103,-1.385565,-0.058313,-0.009982,-0.304018,-1.114909,-1.220162,1.132807,0.011210,-0.037264
20.766667,-0.048842,0.060949,-0.033736,-1.022880,-1.289036,2.225752,-1.394823,-0.056665,-0.011350,-0.296997,-1.155416,-1.206906,1.125005,-0.001854,-0.019718
20.800000,-0.043973,0.040212,-0.032821,-1.019212,-1.292071,2.212109,-1.374001,-0.042630,-0.010438,-0.291380,-1.155924,-1.206915,1.096532,-0.011793,0.003300
20.833333,-0.052717,0.018034,0.001911,-1.009898,-1.312198,2.163892,-1.374132,-0.029914,0.000408,-0.308074,-1.154694,-1.215980,1.052258,-0.049550,0.041782
20.866667,-0.060652,0.011736,0.003784,-0.987910,-1.319871,2.125919,-1.346986,-0.054098,0.012006,-0.290300,-1.153464,-1.232310,1.025840,-0.051610,0.040265
20.900000,-0.048345,0.011989,0.012616,-0.954305,-1.343233,2.091228,-1.310226,-0.038282,0.019828,-0.301178,-1.152045,-1.228660,1.018406,-0.027291,0.047216
20.933333,-0.044798,0.020590,0.024676,-0.940699,-1.346596,2.076539,-1.293466,-0.039326,0.030623,-0.292057,-1.130625,-1.245010,1.008428,-0.013888,0.034167
20.966667,-0.055225,0.045804,0.044786,-0.910330,-1.354617,2.027093,-1.266786,-0.026812,0.039719,-0.303020,-1.149205,-1.268755,1.019121,-0.021863,0.015646
21.000000,-0.047077,0.054405,0.028738,-0.879961,-1.347585,1.977647,-1.216760,-0.027443,0.038881,-0.331673,-1.159403,-1.314405,1.024645,-0.023653,-0.020528
21.033333,-0.044417,0.055035,0.025600,-0.822266,-1.323678,1.908820,-1.201060,-0.005799,0.023654,-0.400325,-1.193771,-1.374425,1.050149,-0.021141,-0.016702
21.066667,-0.043631,0.067064,0.015085,-0.764341,-1.307791,1.828820,-1.189879,-0.008457,-0.006398,-0.480325,-1.236402,-1.454425,1.096668,-0.034329,-0.031435
21.100000,-0.061697,0.089137,-0.015429,-0.686416,-1.271903,1.742202,-1.164030,-0.013808,-0.016451,-0.580325,-1.259033,-1.554425,1.163187,-0.027516,-0.026167
21.133333,-0.048088,0.071211,-0.042233,-0.629924,-1.254686,1.655585,-1.153110,-0.019265,-0.024049,-0.680325,-1.268366,-1.654425,1.211312,-0.019126,-0.014001
21.166667,-0.034479,0.062610,-0.044331,-0.605539,-1.224822,1.568968,-1.182191,-0.035006,-0.031646,-0.740325,-1.277677,-1.739261,1.287861,0.016123,0.010501
21.200000,-0.030330,0.061980,-0.030042,-0.581155,-1.227465,1.482351,-1.216505,-0.043867,-0.054440,-0.795491,-1.281147,-1.795691,1.339492,0.022819,0.035004
21.233333,-0.044848,0.046700,-0.024356,-0.566398,-1.216331,1.427861,-1.216767,-0.040494,-0.037234,-0.850415,-1.270815,-1.852121,1.357352,0.025253,0.045393
21.266667,-0.020514,0.016025,0.021330,-0.559069,-1.245198,1.381047,-1.233418,-0.040177,-0.020029,-0.905338,-1.265691,-1.868551,1.342591,0.010835,0.035899
21.300000,-0.004852,0.011988,0.033067,-0.561569,-1.235129,1.341779,-1.235140,-0.033936,-0.021359,-0.920262,-1.252258,-1.875223,1.306223,0.022955,0.027559
21.333333,-0.029190,0.023104,0.033621,-0.544861,-1.242916,1.327739,-1.236862,-0.027696,-0.011923,-0.943058,-1.246274,-1.867773,1.274913,0.003876,0.018598
21.366667,-0.041012,0.054219,0.024887,-0.537378,-1.220920,1.326950,-1.198583,-0.039976,0.015147,-0.930688,-1.257849,-1.854634,1.268520,-0.004759,-0.030364
21.400000,-0.033996,0.059984,0.022715,-0.498193,-1.223520,1.334035,-1.181204,-0.040189,0.041967,-0.904487,-1.285582,-1.805499,1.278428,-0.015949,-0.041070
21.433333,-0.044709,0.071078,-0.004833,-0.483879,-1.193463,1.320060,-1.166829,-0.036837,0.033922,-0.877693,-1.308107,-1.777857,1.283591,-0.020442,-0.040788
21.466667,-0.054547,0.079367,-0.014666,-0.456171,-1.163405,1.298538,-1.192453,-0.025249,0.021489,-0.877129,-1.352239,-1.759105,1.310025,-0.053049,-0.010597
21.500000,-0.045023,0.068252,-0.019441,-0.415563,-1.136494,1.284221,-1.178077,-0.010693,0.008477,-0.901439,-1.359064,-1.729640,1.330442,-0.054458,-0.001530
21.533333,-0.033254,0.043624,-0.036362,-0.378639,-1.123028,1.256653,-1.174175,0.019492,0.015351,-0.925750,-1.334802,-1.708192,1.310858,-0.058079,0.032196
21.566667,-0.039741,0.035712,-0.023375,-0.381715,-1.108999,1.189085,-1.162088,0.019708,0.015252,-0.939966,-1.319603,-1.722740,1.301613,-0.068556,0.025922
21.600000,-0.028498,0.024618,-0.006507,-0.352491,-1.112382,1.157373,-1.165275,0.017041,0.015738,-0.914775,-1.304405,-1.731567,1.301574,-0.068879,0.023698
21.633333,-0.032466,0.022169,-0.008026,-0.305400,-1.132998,1.125660,-1.128462,-0.002361,0.024793,-0.892149,-1.274908,-1.701261,1.280265,-0.050222,0.001651
21.666667,-0.023045,0.035768,-0.017402,-0.288184,-1.171565,1.078384,-1.091650,0.015270,0.026990,-0.845595,-1.283352,-1.705931,1.224972,-0.071564,-0.016712
21.700000,-0.015835,0.029280,-0.029372,-0.285187,-1.226468,1.071107,-1.068378,0.006639,0.011194,-0.804804,-1.318551,-1.696678,1.209680,-0.103043,-0.019734
21.733333,-0.010357,0.046076,-0.042279,-0.242189,-1.247407,1.063830,-1.032392,0.007424,0.002611,-0.788181,-1.313749,-1.647424,1.161520,-0.094522,-0.019135
21.766667,-0.006868,0.064069,-0.053003,-0.205903,-1.243591,1.020699,-0.981454,-0.002409,0.004575,-0.771558,-1.348947,-1.612591,1.112861,-0.100103,-0.049446
21.800000,-0.010183,0.055597,-0.042580,-0.169617,-1.238463,0.977567,-0.930516,-0.006776,-0.013835,-0.762147,-1.367844,-1.577757,1.090711,-0.103496,-0.057898
21.833333,-0.017739,0.063156,-0.037363,-0.139789,-1.231046,0.917567,-0.912932,-0.026455,0.003173,-0.743919,-1.360665,-1.520449,1.076004,-0.082829,-0.041050
21.866667,-0.017550,0.065715,-0.002265,-0.082834,-1.214695,0.817567,-0.901118,-0.046134,0.008815,-0.746374,-1.360665,-1.493144,1.061298,-0.050357,-0.042023
21.900000,-0.015465,0.049421,0.009683,-0.065879,-1.212316,0.725904,-0.892172,-0.052146,-0.002132,-0.748828,-1.362753,-1.478111,1.046592,-0.026061,-0.036202
21.933333,-0.011390,0.037491,0.004232,-0.068182,-1.236103,0.656537,-0.894348,-0.041367,-0.001891,-0.790165,-1.362753,-1.472887,1.060545,-0.021459,-0.000353
21.966667,-0.005650,0.053686,0.003333,-0.084259,-1.243969,0.587170,-0.909678,-0.022830,0.009860,-0.795494,-1.373353,-1.467664,1.059230,-0.011591,0.012205
22.000000,0.004211,0.041242,0.006036,-0.064002,-1.241992,0.543351,-0.902096,-0.003937,0.015687,-0.800822,-1.372087,-1.449939,1.090470,0.001083,0.018504
22.033333,-0.005046,0.040630,-0.009688,-0.083745,-1.234906,0.499532,-0.893997,0.014955,0.020599,-0.815112,-1.354996,-1.412547,1.083660,-0.004006,0.002624
22.066667,-0.008329,0.036925,-0.011419,-0.082919,-1.253847,0.452839,-0.883032,0.022120,0.002107,-0.789401,-1.372909,-1.402882,1.083809,-0.040918,0.009472
22.100000,-0.011611,0.030862,-0.016439,-0.056124,-1.246622,0.412749,-0.862254,0.031355,-0.011669,-0.764808,-1.352908,-1.388173,1.059156,-0.044033,-0.003018
22.133333,-0.015933,0.028260,-0.036744,-0.055556,-1.239397,0.412658,-0.868321,0.024533,-0.006158,-0.773815,-1.330419,-1.413465,1.063263,-0.051609,-0.013716
22.166667,-0.036789,0.028717,-0.043200,-0.054987,-1.245353,0.387020,-0.863947,-0.007333,-0.017165,-0.791305,-1.347930,-1.438756,1.067369,-0.049764,-0.047136
22.200000,-0.026534,0.027707,-0.031230,-0.046590,-1.246414,0.396036,-0.857381,-0.017023,-0.013672,-0.784926,-1.345835,-1.455936,1.081663,-0.020029,-0.040556
22.233333,-0.035622,0.040604,-0.045210,-0.055511,-1.209492,0.399588,-0.856567,-0.016794,0.000233,-0.812183,-1.339763,-1.451686,1.118876,0.009706,-0.035786
22.266667,-0.050466,0.044822,-0.019191,-0.104432,-1.195200,0.414242,-0.869396,-0.004380,0.008169,-0.839441,-1.356703,-1.452480,1.147639,-0.000559,-0.045951
22.300000,-0.062641,0.034955,-0.005855,-0.113353,-1.214684,0.388896,-0.842225,-0.006441,0.007271,-0.833099,-1.379193,-1.413273,1.136403,0.004842,-0.036744
22.333333,-0.060262,0.038419,-0.001853,-0.162274,-1.220694,0.403550,-0.855054,0.010549,-0.003892,-0.857144,-1.361682,-1.414066,1.125167,-0.026042,-0.026229
22.366667,-0.050169,0.037482,-0.008610,-0.179023,-1.211700,0.421561,-0.880805,0.030919,0.000720,-0.869650,-1.380868,-1.420877,1.113580,-0.074632,-0.031242
22.400000,-0.040115,0.024585,-0.003423,-0.195881,-1.230076,0.479572,-0.918454,0.044149,0.012654,-0.888520,-1.366940,-1.449116,1.112116,-0.086576,-0.027587
22.433333,-0.024304,0.040368,-0.025625,-0.182567,-1.225821,0.497584,-0.920605,0.018883,0.014910,-0.867390,-1.368906,-1.437356,1.103902,-0.070282,-0.009914
22.466667,-0.013653,0.032636,-0.043829,-0.169254,-1.202199,0.515595,-0.930078,0.012346,-0.004797,-0.846260,-1.358948,-1.425595,1.104933,-0.086054,-0.006520
22.500000,-0.004588,0.020000,-0.038968,-0.115940,-1.192051,0.493606,-0.899550,0.017222,0.009457,-0.786260,-1.378948,-1.373834,1.065964,-0.061826,0.022318
22.533333,-0.002678,0.020000,-0.038612,-0.102626,-1.190309,0.433606,-0.869022,-0.003458,0.010477,-0.766260,-1.362561,-1.328118,1.055208,-0.011368,0.047337
22.566667,-0.000767,0.034535,-0.022907,-0.092454,-1.159182,0.373606,-0.860847,-0.017597,-0.006238,-0.746260,-1.361135,-1.282401,1.044453,0.027104,0.043542
22.600000,-0.008502,0.028098,-0.019812,-0.112454,-1.152298,0.353606,-0.873725,-0.023009,-0.017016,-0.766260,-1.322297,-1.276685,1.073697,0.037497,0.039656
22.633333,0.014508,0.031034,0.014120,-0.132454,-1.171006,0.333606,-0.879282,-0.053110,-0.009118,-0.786260,-1.298024,-1.270969,1.093697,0.078955,0.025601
22.666667,0.015000,0.043042,0.040229,-0.192454,-1.189713,0.353606,-0.885857,-0.073675,-0.016474,-0.806260,-1.283794,-1.305252,1.144355,0.080414,-0.001894
22.700000,0.001252,0.043042,0.042059,-0.212454,-1.193956,0.373606,-0.859584,-0.061258,-0.027088,-0.786260,-1.300180,-1.325252,1.155013,0.054936,-0.010042
22.733333,0.010340,0.048507,0.020276,-0.192454,-1.221085,0.353606,-0.833311,-0.052963,-0.004901,-0.731821,-1.301606,-1.305252,1.134167,0.027385,0.010623
22.766667,0.027760,0.046408,0.021255,-0.172454,-1.223971,0.333606,-0.817610,-0.013395,0.004640,-0.677381,-1.341539,-1.285252,1.113320,0.007031,0.017360
22.800000,0.023124,0.052758,0.016185,-0.192454,-1.217738,0.353606,-0.840511,0.026172,0.031711,-0.662941,-1.356317,-1.305252,1.132474,-0.011574,0.031197
22.833333,0.020302,0.047575,-0.021062,-0.172454,-1.211505,0.333606,-0.862394,0.025740,0.034037,-0.648502,-1.370548,-1.285252,1.120970,-0.013955,0.038697
22.866667,0.028863,0.047575,-0.018768,-0.191252,-1.208577,0.353606,-0.917125,0.000723,0.020711,-0.674062,-1.366734,-1.305252,1.149466,-0.013020,0.006197
22.900000,0.023294,0.043640,-0.001096,-0.210051,-1.217808,0.373606,-0.931857,-0.011541,0.005107,-0.694062,-1.386734,-1.325252,1.169466,0.004687,-0.026303
22.933333,-0.020962,0.044370,-0.002655,-0.188849,-1.227038,0.353606,-0.910459,-0.054068,0.019503,-0.674062,-1.375523,-1.305252,1.149466,0.019726,-0.040372
22.966667,-0.033906,0.035084,-0.017948,-0.167647,-1.245388,0.333606,-0.890459,-0.079865,-0.002306,-0.654062,-1.394975,-1.285252,1.129466,0.024623,-0.040576
23.000000,-0.018723,0.037161,-0.001019,-0.146445,-1.229497,0.313606,-0.870459,-0.093345,-0.018814,-0.634062,-1.374975,-1.265252,1.109466,0.043591,-0.017035
23.033333,-0.033527,0.059408,-0.000975,-0.122017,-1.235574,0.253606,-0.850459,-0.075222,-0.003180,-0.596418,-1.378789,-1.205252,1.049466,0.046178,0.006506
23.066667,-0.050413,0.049113,-0.005232,-0.137589,-1.206607,0.233606,-0.870459,-0.070665,-0.016147,-0.598774,-1.367262,-1.185252,1.029466,0.014679,-0.009953
23.100000,-0.033226,0.036920,0.008567,-0.153161,-1.211678,0.213606,-0.890459,-0.062877,-0.030683,-0.601130,-1.361588,-1.165252,1.009466,0.018493,-0.004843
23.133333,-0.030055,0.045221,0.014468,-0.128733,-1.198623,0.153606,-0.870459,-0.050949,-0.044220,-0.563486,-1.324703,-1.105252,0.954362,0.015547,-0.008425
23.166667,-0.060980,0.036318,0.016646,-0.144305,-1.219808,0.133606,-0.890459,-0.011339,-0.063058,-0.565841,-1.327819,-1.085252,0.939258,-0.017693,-0.028993
23.200000,-0.053537,0.019606,0.019263,-0.164305,-1.215721,0.153606,-0.910459,0.007403,-0.081896,-0.585842,-1.314542,-1.105252,0.964154,-0.021609,-0.026431
23.233333,-0.012718,0.030046,0.024888,-0.184305,-1.211633,0.173606,-0.930459,0.000372,-0.084979,-0.605842,-1.292792,-1.125252,0.989050,0.009203,-0.010454
23.266667,-0.005973,0.059348,0.044929,-0.244305,-1.182698,0.233606,-0.990459,-0.000026,-0.095358,-0.665842,-1.283926,-1.185252,1.053946,0.000015,-0.034476
23.300000,-0.005412,0.062845,0.054706,-0.344305,-1.150453,0.333606,-1.071888,0.018708,-0.068958,-0.765842,-1.300555,-1.285252,1.153946,-0.021247,-0.044194
23.333333,0.032755,0.093997,0.060408,-0.444305,-1.103188,0.433606,-1.153317,-0.002436,-0.042558,-0.855981,-1.313229,-1.385252,1.253946,-0.014656,-0.032363
23.366667,0.062609,0.099616,0.042558,-0.544305,-1.070156,0.533606,-1.218757,-0.002711,-0.032390,-0.933612,-1.320205,-1.485252,1.321211,-0.026101,-0.022364
23.400000,0.052464,0.087886,0.031444,-0.626555,-1.067665,0.633606,-1.244197,0.012263,-0.002506,-1.008768,-1.330395,-1.585252,1.364187,-0.043386,-0.014159
23.433333,0.053613,0.083025,-0.005671,-0.700256,-1.055982,0.733606,-1.234625,0.028925,0.018935,-1.075722,-1.353059,-1.685252,1.379628,-0.051597,0.008076
23.466667,0.074962,0.075669,-0.002787,-0.733957,-1.043347,0.833606,-1.228788,0.039263,0.029947,-1.139106,-1.366382,-1.785252,1.357044,-0.037502,0.015689
23.500000,0.056312,0.050861,-0.004977,-0.767658,-1.040304,0.933606,-1.210392,0.058465,0.044763,-1.172351,-1.344432,-1.885252,1.327109,-0.043200,-0.000140
23.533333,0.011262,0.059416,0.015621,-0.789991,-1.031927,1.033606,-1.167986,0.037666,0.048569,-1.186852,-1.304572,-1.985252,1.299525,-0.030425,-0.037266
23.566667,-0.002235,0.061800,0.047704,-0.803734,-1.033010,1.133606,-1.139439,0.021491,0.015775,-1.203827,-1.271850,-2.081808,1.256231,-0.035303,-0.057103
23.600000,-0.004702,0.045254,0.069784,-0.802285,-1.057590,1.233606,-1.145905,0.009390,0.000476,-1.189030,-1.239129,-2.138363,1.236318,-0.033912,-0.060794
23.633333,-0.024898,0.068707,0.060209,-0.811237,-1.074284,1.327334,-1.167205,-0.035226,-0.023265,-1.160287,-1.230254,-2.156537,1.254432,-0.041065,-0.089864
23.666667,-0.018127,0.090000,0.033441,-0.795716,-1.070684,1.421062,-1.163956,-0.064625,-0.045456,-1.131545,-1.256414,-2.163640,1.275318,-0.023048,-0.108335
23.700000,-0.003564,0.081850,0.023885,-0.759282,-1.088242,1.474790,-1.173339,-0.054023,-0.040637,-1.098967,-1.282575,-2.130743,1.286587,-0.025538,-0.086806
23.733333,-0.010130,0.084120,-0.010246,-0.709189,-1.065800,1.488518,-1.208459,-0.063295,-0.023507,-1.026389,-1.308089,-2.061290,1.297857,-0.037627,-0.064772
23.766667,-0.015287,0.076225,-0.025413,-0.682837,-1.059860,1.502246,-1.228900,-0.057931,-0.026176,-0.993787,-1.333603,-2.019712,1.303792,-0.035633,-0.035565
23.800000,-0.018889,0.060517,-0.024323,-0.673371,-1.066013,1.482246,-1.209340,-0.040444,-0.019017,-0.967808,-1.319117,-1.985853,1.272239,-0.029372,-0.005777
23.833333,-0.033149,0.032878,0.013656,-0.660424,-1.087617,1.434752,-1.220611,-0.022288,-0.006717,-0.951992,-1.308822,-1.950065,1.211660,-0.051761,0.017556
23.866667,-0.033680,0.021322,0.017652,-0.658296,-1.092407,1.406691,-1.219250,-0.044133,0.005817,-0.943890,-1.298528,-1.930618,1.184740,-0.062602,0.000890
23.900000,-0.020959,0.025092,0.024672,-0.695368,-1.107365,1.397335,-1.202940,-0.025977,0.021419,-0.972606,-1.282292,-1.923146,1.179609,-0.050269,-0.005195
23.933333,-0.011972,0.037996,0.032727,-0.712440,-1.102324,1.367980,-1.181310,-0.027822,0.036820,-0.981322,-1.246056,-1.907799,1.163965,-0.047363,-0.028625
23.966667,-0.006811,0.038714,0.036180,-0.722224,-1.095466,1.358624,-1.179681,-0.022950,0.043486,-0.980929,-1.229821,-1.903114,1.165808,-0.051900,-0.032637
