time_sec,joint_pelvisYaw,joint_pelvisPitch,joint_pelvisRoll,joint_lShoulderPitch,joint_lShoulderRoll,joint_lShoulderYaw,joint_lElbow,joint_lWristRoll,joint_lWristPitch,joint_rShoulderPitch,joint_rShoulderRoll,joint_rShoulderYaw,joint_rElbow,joint_rWristRoll,joint_rWristPitch
0.000000,-0.009757,0.019790,0.023018,-0.573631,-1.315021,1.115538,-1.389878,-0.014840,0.013242,-0.877081,-1.335555,-1.712415,1.523905,-0.001732,-0.025765
0.033333,-0.004654,0.017624,0.031098,-0.551835,-1.300267,1.116445,-1.374136,0.002026,0.020878,-0.874523,-1.323924,-1.725050,1.498873,0.002273,-0.026817
0.066667,-0.014846,0.021852,0.024529,-0.552315,-1.301312,1.125138,-1.373635,-0.002118,0.026012,-0.877038,-1.307049,-1.732775,1.508092,0.009613,-0.032820
0.100000,-0.014127,0.024012,0.018466,-0.546890,-1.288151,1.128490,-1.372290,-0.011230,0.025482,-0.869700,-1.302383,-1.744613,1.508722,0.009205,-0.030988
0.133333,-0.018114,0.028568,0.011860,-0.564884,-1.309688,1.127414,-1.384890,-0.026354,0.024294,-0.876112,-1.307971,-1.737296,1.528524,-0.001921,-0.027806
0.166667,-0.041669,0.032432,-0.014141,-0.553247,-1.304507,1.140594,-1.381921,-0.026387,0.004101,-0.869996,-1.294879,-1.728618,1.537036,0.006537,-0.035343
0.200000,-0.042871,0.037411,-0.020898,-0.556607,-1.287733,1.158764,-1.372670,-0.021376,0.002946,-0.864316,-1.291980,-1.746436,1.540548,0.016897,-0.019984
0.233333,-0.034972,0.033224,-0.014927,-0.553369,-1.290991,1.146968,-1.375351,-0.019179,-0.003483,-0.860643,-1.311025,-1.736814,1.530065,0.010055,-0.017127
0.266667,-0.041279,0.034748,-0.023243,-0.536036,-1.315954,1.120513,-1.376889,-0.010282,-0.017768,-0.859875,-1.299948,-1.703079,1.521479,-0.003501,-0.010859
0.300000,-0.045837,0.045071,-0.024666,-0.533739,-1.317645,1.116194,-1.376525,-0.007683,-0.010213,-0.861032,-1.304883,-1.703220,1.530449,-0.000129,0.000118
0.333333,-0.027854,0.042509,-0.003468,-0.545860,-1.324206,1.089395,-1.386053,-0.013531,-0.002588,-0.858297,-1.330038,-1.696844,1.519792,-0.006214,0.002914
0.366667,-0.018076,0.037521,0.002612,-0.532642,-1.320121,1.049549,-1.374147,-0.010357,0.011244,-0.864411,-1.325529,-1.675905,1.498926,-0.026861,-0.011206
0.400000,-0.017959,0.053631,0.001854,-0.525796,-1.318200,1.041335,-1.363024,-0.016862,0.013150,-0.847105,-1.298172,-1.693855,1.484702,-0.035806,0.004341
0.433333,-0.013438,0.050789,0.015445,-0.543259,-1.306361,1.047965,-1.357324,-0.016485,0.029292,-0.852419,-1.308727,-1.711805,1.489918,-0.019076,-0.005943
0.466667,-0.003184,0.044530,0.020469,-0.538100,-1.292786,1.040612,-1.358159,-0.016387,0.022089,-0.867122,-1.308388,-1.709376,1.477308,-0.013191,-0.015671
0.500000,-0.000021,0.043724,0.018261,-0.546958,-1.300027,1.037483,-1.365305,-0.013169,0.026665,-0.872533,-1.289833,-1.731510,1.477549,-0.006999,0.000738
0.533333,-0.005905,0.045547,0.021503,-0.553214,-1.321034,1.046162,-1.379611,-0.023170,0.016718,-0.870230,-1.300943,-1.730719,1.497018,0.001848,0.003443
0.566667,0.004885,0.036944,0.028566,-0.566807,-1.329814,1.036953,-1.387236,-0.008675,0.024186,-0.889605,-1.341019,-1.710361,1.521724,0.008511,-0.006637
0.600000,0.008886,0.038614,0.035798,-0.574211,-1.340093,1.038244,-1.385341,-0.000773,0.034974,-0.906893,-1.361096,-1.723966,1.533683,0.000632,-0.004192
0.633333,0.004071,0.029993,0.032445,-0.577748,-1.345795,1.033057,-1.388612,-0.004728,0.033769,-0.884790,-1.354401,-1.729075,1.529138,-0.005134,-0.005018
0.666667,0.002047,0.030212,0.036514,-0.563905,-1.332269,1.048541,-1.366990,-0.004379,0.035201,-0.897234,-1.374001,-1.714511,1.545375,-0.010305,-0.027453
0.700000,0.011155,0.025431,0.033452,-0.558036,-1.322239,1.052282,-1.373451,-0.004397,0.018571,-0.918116,-1.382968,-1.729630,1.552845,-0.008047,-0.034703
0.733333,0.002523,0.016840,0.027639,-0.553279,-1.313789,1.061882,-1.377417,-0.011191,0.013523,-0.914425,-1.370468,-1.738376,1.543607,-0.002069,-0.036593
0.766667,-0.004385,0.018399,0.014152,-0.531082,-1.296936,1.074083,-1.367468,-0.012226,0.011339,-0.890180,-1.341878,-1.726887,1.533094,-0.008800,-0.035761
0.800000,-0.008289,0.029667,0.019754,-0.535374,-1.290934,1.083754,-1.354727,-0.006139,0.030097,-0.882911,-1.348566,-1.723775,1.528240,-0.009134,-0.025220
0.833333,-0.012524,0.025236,0.014099,-0.536651,-1.300017,1.066499,-1.369935,-0.004065,0.024210,-0.867432,-1.349900,-1.724174,1.519724,-0.003512,-0.017925
0.866667,-0.027156,0.022622,0.003078,-0.524761,-1.307976,1.058283,-1.361611,0.010286,0.032501,-0.836188,-1.321867,-1.709886,1.519724,0.005187,-0.004320
0.900000,-0.026400,0.035881,0.001160,-0.517234,-1.311890,1.051874,-1.357054,0.012946,0.027133,-0.829591,-1.326334,-1.710333,1.528619,0.007857,-0.000561
0.933333,-0.027789,0.033264,0.004100,-0.530406,-1.322741,1.025499,-1.371822,0.002461,0.011230,-0.834894,-1.331441,-1.701557,1.519941,0.020847,-0.004561
0.966667,-0.030120,0.031939,-0.018745,-0.528804,-1.316626,1.021941,-1.379080,0.012583,0.000022,-0.863222,-1.338935,-1.691949,1.541950,0.032401,-0.016002
1.000000,-0.024153,0.041821,-0.022146,-0.527401,-1.308800,1.010388,-1.367747,0.008883,0.005844,-0.859761,-1.330511,-1.698915,1.542232,0.034948,-0.009431
1.033333,-0.020698,0.050189,-0.015343,-0.529018,-1.320611,0.981816,-1.357627,-0.003784,0.013206,-0.869839,-1.349814,-1.700539,1.527373,0.022672,-0.019571
1.066667,-0.025913,0.052887,-0.022703,-0.507168,-1.332980,0.934211,-1.347729,-0.015696,0.019273,-0.881544,-1.345594,-1.695314,1.519331,0.015089,-0.025754
1.100000,-0.024165,0.057349,-0.018653,-0.498313,-1.347737,0.918626,-1.335709,-0.016262,0.024570,-0.888669,-1.355052,-1.722157,1.535512,0.015497,-0.015309
1.133333,-0.020331,0.053472,0.001864,-0.485494,-1.362494,0.866082,-1.322636,-0.033473,0.022330,-0.871909,-1.339569,-1.731615,1.513161,0.002671,-0.017184
1.166667,-0.022602,0.065534,0.006418,-0.476574,-1.366600,0.848459,-1.301654,-0.038837,0.022495,-0.873758,-1.322979,-1.722679,1.504580,-0.010244,-0.016481
1.200000,-0.027872,0.063432,0.011829,-0.478590,-1.357143,0.846558,-1.306837,-0.030146,0.021110,-0.871816,-1.313892,-1.744088,1.496504,-0.014471,-0.003760
1.233333,-0.012216,0.046379,0.017801,-0.492337,-1.342965,0.851585,-1.312211,-0.023962,0.012385,-0.873880,-1.322960,-1.753037,1.489517,-0.009332,-0.003107
1.266667,-0.002145,0.044232,0.012376,-0.487061,-1.324338,0.843896,-1.300381,-0.010748,0.019983,-0.875058,-1.336641,-1.737196,1.484637,-0.026465,-0.012215
1.300000,0.006654,0.042468,0.007024,-0.493090,-1.330451,0.876208,-1.306456,-0.008134,0.015265,-0.883272,-1.335263,-1.754496,1.493493,-0.029858,-0.006260
1.333333,0.007499,0.023724,0.015226,-0.519335,-1.331289,0.895308,-1.332409,0.001365,0.020593,-0.888073,-1.367967,-1.755953,1.509887,-0.018614,-0.015951
1.366667,0.026572,0.017457,0.015327,-0.543936,-1.327509,0.903197,-1.338515,-0.004047,0.023868,-0.914052,-1.377113,-1.735564,1.532822,-0.026829,-0.039159
1.400000,0.013369,0.021345,0.014967,-0.562324,-1.329959,0.941781,-1.353046,0.003880,0.029346,-0.912231,-1.380297,-1.732378,1.539678,-0.029949,-0.039435
1.433333,0.006336,0.020728,0.024481,-0.570607,-1.320412,0.993079,-1.367577,-0.006967,0.022041,-0.904211,-1.361003,-1.736757,1.527025,-0.015520,-0.043282
1.466667,0.012726,0.024766,0.029517,-0.559878,-1.295443,1.044378,-1.349054,0.004675,0.032586,-0.890933,-1.360271,-1.730247,1.512947,-0.018899,-0.033111
1.500000,0.022872,0.030435,0.032406,-0.546936,-1.293284,1.068888,-1.349203,0.001752,0.018665,-0.878777,-1.350457,-1.732556,1.488634,-0.019358,-0.028707
1.533333,0.000677,0.034513,0.021481,-0.535501,-1.303795,1.103328,-1.361370,-0.002119,0.011452,-0.837777,-1.331967,-1.736313,1.472321,-0.006252,-0.010140
1.566667,-0.007761,0.045352,0.015687,-0.549779,-1.286930,1.130837,-1.378006,-0.004743,0.025550,-0.829542,-1.324804,-1.733058,1.480835,-0.008579,0.004411
1.600000,-0.001517,0.048753,0.013817,-0.572563,-1.293619,1.136313,-1.394642,-0.003968,0.034810,-0.825634,-1.343551,-1.737151,1.497059,-0.005251,0.014440
1.633333,-0.018060,0.040413,0.002627,-0.592470,-1.307934,1.110015,-1.420638,-0.008107,0.022402,-0.829818,-1.345279,-1.721346,1.506949,0.007257,0.002573
1.666667,-0.015727,0.038254,-0.021249,-0.589669,-1.301613,1.123717,-1.412456,0.000617,0.031005,-0.827813,-1.354232,-1.729636,1.531684,0.010507,0.003565
1.700000,-0.005749,0.039998,-0.007259,-0.600959,-1.290320,1.138471,-1.408449,0.005586,0.033060,-0.843016,-1.368588,-1.737902,1.538120,0.017425,0.002651
1.733333,0.009979,0.028215,-0.003333,-0.578853,-1.288223,1.128952,-1.384079,0.003418,0.020679,-0.850008,-1.371073,-1.735863,1.514234,0.019000,-0.012564
1.766667,0.001534,0.031185,-0.009327,-0.572036,-1.299021,1.139912,-1.367190,0.002231,0.022436,-0.857452,-1.363446,-1.717473,1.514666,0.019596,-0.012273
1.800000,0.007066,0.032026,-0.001806,-0.576126,-1.306020,1.151240,-1.374360,0.000322,0.023558,-0.851780,-1.365937,-1.731961,1.519265,0.017422,-0.013407
1.833333,0.002540,0.033814,0.015111,-0.597208,-1.305378,1.136657,-1.385248,-0.010168,0.024022,-0.860830,-1.348091,-1.733413,1.493674,0.016470,-0.011266
1.866667,-0.008215,0.039862,0.010520,-0.600480,-1.295986,1.127896,-1.365470,-0.008653,0.033335,-0.854342,-1.332315,-1.734374,1.480232,0.007332,-0.023428
1.900000,-0.016654,0.043208,0.013621,-0.610984,-1.311955,1.146872,-1.365306,-0.003766,0.032699,-0.848551,-1.322479,-1.747133,1.491187,0.008350,-0.024390
1.933333,-0.015754,0.036592,0.020577,-0.622620,-1.301276,1.130701,-1.374333,-0.000337,0.031694,-0.848827,-1.324355,-1.757951,1.485348,0.012925,-0.025585
1.966667,-0.016874,0.047467,0.009441,-0.620338,-1.304967,1.116013,-1.366241,-0.007014,0.035559,-0.870591,-1.315717,-1.759023,1.498434,0.001924,-0.020801
2.000000,-0.029481,0.045445,0.003746,-0.607724,-1.313585,1.123732,-1.370026,-0.004431,0.030518,-0.867503,-1.321630,-1.752358,1.506325,-0.001901,-0.028497
2.033333,-0.011276,0.038945,0.001928,-0.599375,-1.315125,1.114105,-1.384581,-0.016424,0.017221,-0.884388,-1.338705,-1.748580,1.522514,-0.005165,-0.031535
2.066667,-0.005540,0.039314,-0.009377,-0.606441,-1.290382,1.096798,-1.387609,-0.016908,0.026473,-0.893593,-1.353219,-1.738470,1.535445,-0.029154,-0.024014
2.100000,-0.005279,0.039939,-0.015845,-0.595580,-1.292286,1.095992,-1.387578,-0.018204,0.013922,-0.878683,-1.345846,-1.741821,1.526737,-0.038926,-0.024298
2.133333,-0.002553,0.028223,-0.008095,-0.592770,-1.267963,1.114253,-1.379028,-0.020071,0.010973,-0.857995,-1.343987,-1.737114,1.506788,-0.028424,-0.038272
2.166667,0.014003,0.024039,-0.008531,-0.603237,-1.245637,1.109753,-1.389062,-0.028763,-0.000888,-0.858207,-1.349770,-1.733127,1.500809,-0.034141,-0.039741
2.200000,0.008580,0.022029,-0.005844,-0.611048,-1.246705,1.122647,-1.392390,-0.020028,0.003595,-0.848270,-1.354969,-1.729265,1.493485,-0.028828,-0.028965
2.233333,0.003070,0.027577,0.009323,-0.602704,-1.252973,1.146690,-1.375053,-0.018811,-0.005652,-0.836421,-1.351570,-1.724046,1.481150,-0.003308,-0.029509
2.266667,0.021743,0.040926,0.021349,-0.618794,-1.235046,1.174823,-1.344104,-0.014369,0.018837,-0.825874,-1.365584,-1.724892,1.499583,-0.011067,-0.023589
2.300000,0.019566,0.045879,0.030999,-0.627125,-1.252525,1.173813,-1.338793,-0.011937,0.024125,-0.820902,-1.376564,-1.727752,1.501516,-0.013897,-0.014584
2.333333,0.007132,0.049475,0.020244,-0.615723,-1.251359,1.183114,-1.326283,0.003372,0.030863,-0.811728,-1.382452,-1.725473,1.518273,-0.006816,-0.007375
2.366667,0.001262,0.062115,0.021004,-0.625373,-1.253510,1.205595,-1.309238,-0.008179,0.044160,-0.808502,-1.378771,-1.731447,1.532728,-0.003741,0.000397
2.400000,0.005660,0.053672,0.019877,-0.631206,-1.272532,1.193762,-1.325455,-0.014495,0.039779,-0.806316,-1.366814,-1.741672,1.532550,-0.005804,-0.001265
2.433333,-0.010133,0.045871,0.005254,-0.618558,-1.289592,1.182884,-1.359691,-0.019080,0.027320,-0.828167,-1.338681,-1.724849,1.518594,0.010401,-0.003270
2.466667,-0.010130,0.048957,-0.007828,-0.623812,-1.294201,1.187513,-1.391340,-0.013501,0.022586,-0.820964,-1.328911,-1.727301,1.520559,0.005130,0.010869
2.500000,-0.012160,0.046560,0.007382,-0.633072,-1.316387,1.183510,-1.394172,-0.019674,0.029292,-0.826393,-1.316372,-1.730437,1.513832,0.004167,0.007019
2.533333,-0.008095,0.038651,0.003560,-0.604443,-1.333773,1.160779,-1.413782,-0.005247,0.023501,-0.820626,-1.319036,-1.726997,1.487285,0.003155,0.000469
2.566667,-0.013629,0.034976,0.001244,-0.604340,-1.347945,1.153755,-1.415374,0.006866,0.037420,-0.822421,-1.322683,-1.725502,1.493251,-0.006528,0.006016
2.600000,-0.016519,0.026145,0.004824,-0.602762,-1.358700,1.137258,-1.415419,0.006983,0.025367,-0.812945,-1.335894,-1.737063,1.492585,-0.011431,-0.004506
2.633333,-0.015334,0.021286,0.015165,-0.602070,-1.345208,1.123284,-1.391449,-0.000543,0.027671,-0.830956,-1.327730,-1.737250,1.490122,-0.005236,-0.025897
2.666667,-0.013687,0.027146,0.007425,-0.605246,-1.337465,1.133896,-1.380725,0.004119,0.032709,-0.820314,-1.327426,-1.723266,1.478321,-0.010716,-0.032794
2.700000,-0.016602,0.023849,0.008821,-0.627868,-1.338346,1.128695,-1.380073,-0.001192,0.026864,-0.794968,-1.313746,-1.685504,1.467386,-0.010440,-0.035157
2.733333,-0.003471,0.023021,-0.000448,-0.626516,-1.338346,1.123752,-1.358325,-0.009250,0.018743,-0.778603,-1.324448,-1.628065,1.456452,-0.003485,-0.045507
2.766667,0.002182,0.028541,-0.009971,-0.648441,-1.347923,1.112829,-1.360104,-0.009920,0.019239,-0.764709,-1.318364,-1.556690,1.447996,-0.006269,-0.038391
2.800000,-0.000957,0.031337,-0.013448,-0.682680,-1.377499,1.112021,-1.386176,-0.008754,0.017752,-0.718230,-1.311667,-1.456690,1.444959,-0.008801,-0.031816
2.833333,-0.004582,0.026111,-0.003625,-0.719818,-1.391968,1.076547,-1.423718,-0.011456,0.011164,-0.671072,-1.264971,-1.356690,1.445073,-0.013057,-0.013251
2.866667,-0.002655,0.034771,0.001353,-0.766981,-1.398219,1.041073,-1.437006,-0.009048,0.024048,-0.623915,-1.232594,-1.256690,1.477218,-0.018085,-0.007549
2.900000,-0.011985,0.038310,0.011011,-0.800314,-1.398219,0.990949,-1.472806,-0.014795,0.023073,-0.540454,-1.160218,-1.156690,1.473472,-0.018649,-0.002721
2.933333,-0.016291,0.033199,0.021165,-0.795232,-1.398219,0.951429,-1.488606,-0.017234,0.027531,-0.446836,-1.087841,-1.056690,1.475322,-0.019243,-0.004556
2.966667,-0.004607,0.027224,0.028786,-0.751087,-1.378219,0.883764,-1.466716,-0.002340,0.019216,-0.366526,-1.055464,-0.956690,1.455646,-0.008055,-0.007040
3.000000,0.008035,0.027269,0.032266,-0.683881,-1.382762,0.810766,-1.416124,0.000093,0.023928,-0.315151,-1.063088,-0.856690,1.419755,-0.004300,-0.011086
3.033333,0.011437,0.019034,0.029592,-0.585465,-1.373847,0.737767,-1.358636,0.000404,0.002845,-0.276514,-1.083088,-0.756690,1.343865,0.003303,-0.015005
3.066667,0.007546,0.023169,0.025885,-0.487049,-1.366047,0.657767,-1.278636,0.000863,-0.003649,-0.263112,-1.132186,-0.656690,1.263865,0.013998,-0.020291
3.100000,0.012894,0.024762,0.021788,-0.389047,-1.342927,0.557767,-1.178636,-0.005974,-0.016015,-0.257285,-1.215155,-0.577846,1.163864,0.018387,-0.018767
3.133333,0.006058,0.028897,0.015107,-0.318370,-1.355037,0.457767,-1.078636,-0.019936,-0.016022,-0.262444,-1.279680,-0.502854,1.063864,0.010374,-0.014556
3.166667,-0.016044,0.032177,-0.010464,-0.253193,-1.351543,0.357767,-0.978636,-0.018206,-0.038509,-0.264159,-1.305212,-0.464362,0.963864,0.017236,-0.021796
3.200000,-0.016833,0.037467,-0.017564,-0.228016,-1.339664,0.271738,-0.878636,-0.014646,-0.041241,-0.266072,-1.330743,-0.465871,0.863865,0.028382,-0.008230
3.233333,-0.010982,0.033428,-0.011545,-0.217905,-1.346671,0.185708,-0.778636,-0.013379,-0.046378,-0.272754,-1.350313,-0.476211,0.763865,0.019915,-0.003823
3.266667,-0.017313,0.035049,-0.017626,-0.205795,-1.369790,0.099679,-0.678636,-0.001003,-0.059149,-0.280975,-1.340529,-0.481042,0.674225,0.006929,0.001262
3.300000,-0.020944,0.045821,-0.017510,-0.206361,-1.377681,0.053649,-0.578636,0.001688,-0.052871,-0.299905,-1.349187,-0.522020,0.624586,0.009185,0.013705
3.333333,-0.003130,0.043267,0.004042,-0.224067,-1.385821,0.024819,-0.481072,-0.007475,-0.045223,-0.308659,-1.375436,-0.556913,0.579061,0.006554,0.016027
3.366667,0.007685,0.039069,0.011253,-0.220370,-1.384022,-0.004819,-0.383508,-0.000751,-0.027909,-0.331606,-1.371357,-0.584561,0.548201,-0.018146,0.004823
3.400000,0.009502,0.054433,0.011093,-0.219017,-1.382224,-0.004825,-0.318297,-0.006584,-0.025668,-0.325713,-1.345437,-0.639766,0.536074,-0.026080,0.020393
3.433333,0.014932,0.051452,0.024135,-0.238829,-1.378243,0.008558,-0.277524,-0.006237,-0.010397,-0.338485,-1.355001,-0.679325,0.548467,-0.011250,0.012494
3.466667,0.021990,0.044950,0.027547,-0.236144,-1.367504,0.007485,-0.266237,-0.004500,-0.015989,-0.356254,-1.352790,-0.701952,0.538455,-0.006801,0.003176
3.500000,0.024875,0.045139,0.025781,-0.243799,-1.370096,0.006111,-0.272766,-0.004261,-0.008205,-0.363152,-1.333360,-0.726104,0.539393,-0.002280,0.018302
3.533333,0.017084,0.045333,0.029516,-0.243197,-1.392688,0.012540,-0.293850,-0.015385,-0.021822,-0.357847,-1.344258,-0.718449,0.554943,0.008667,0.018818
3.566667,0.026510,0.036609,0.035201,-0.249211,-1.395280,-0.001164,-0.303481,0.001628,-0.015842,-0.374690,-1.374892,-0.690705,0.585630,0.018736,0.007486
3.600000,0.030964,0.038585,0.042011,-0.254796,-1.399262,-0.002536,-0.298527,0.007643,-0.006528,-0.388298,-1.385526,-0.691374,0.595198,0.012072,0.010509
3.633333,0.027004,0.031802,0.040256,-0.255869,-1.402904,-0.007575,-0.304087,0.004954,-0.007134,-0.362311,-1.382427,-0.680872,0.589193,0.007119,0.008522
3.666667,0.025847,0.031674,0.044043,-0.236328,-1.395320,0.010487,-0.291330,0.010599,-0.006117,-0.371880,-1.403459,-0.653439,0.608123,0.001778,-0.014483
3.700000,0.035925,0.028167,0.039579,-0.224546,-1.383706,0.010725,-0.301866,0.005759,-0.019039,-0.383750,-1.404491,-0.645133,0.609129,0.004337,-0.019507
3.733333,0.027113,0.020512,0.034612,-0.215408,-1.383173,0.027294,-0.320936,-0.005433,-0.021814,-0.376104,-1.402123,-0.634159,0.591303,0.006654,-0.022667
3.766667,0.021253,0.022015,0.020246,-0.189368,-1.371105,0.045592,-0.337004,-0.006349,-0.019082,-0.350864,-1.387555,-0.608448,0.579907,-0.001091,-0.023678
3.800000,0.018527,0.032547,0.024183,-0.190336,-1.361765,0.056866,-0.341594,-0.002539,-0.003856,-0.340502,-1.393064,-0.583685,0.572439,-0.000667,-0.012464
3.833333,0.013765,0.027293,0.017879,-0.187640,-1.367315,0.041238,-0.371519,-0.004014,-0.011273,-0.322781,-1.393064,-0.566469,0.555664,0.003920,-0.004649
3.866667,-0.001233,0.024295,0.005887,-0.172625,-1.370786,0.044459,-0.379524,0.010132,-0.003854,-0.294264,-1.373064,-0.545661,0.558869,0.011803,0.008794
3.900000,0.002638,0.036756,0.003416,-0.164545,-1.371320,0.039521,-0.383539,0.012570,-0.012113,-0.286062,-1.375432,-0.531284,0.561504,0.016530,0.012995
3.933333,-0.001810,0.034336,0.007197,-0.172981,-1.379577,0.020021,-0.400134,0.003424,-0.031309,-0.288231,-1.382469,-0.504424,0.543944,0.028514,0.009324
3.966667,-0.004387,0.032251,-0.015577,-0.167358,-1.372204,0.025669,-0.417763,0.016633,-0.042168,-0.315116,-1.382469,-0.482315,0.557050,0.039113,-0.000933
4.000000,0.003344,0.042441,-0.019096,-0.166235,-1.360964,0.029989,-0.420687,0.016090,-0.037954,-0.309362,-1.382469,-0.473654,0.545615,0.042281,0.006021
4.033333,0.007932,0.050918,-0.010480,-0.173571,-1.369106,0.012319,-0.421075,0.007569,-0.033958,-0.315050,-1.402469,-0.448508,0.510213,0.029895,-0.005512
4.066667,0.000540,0.053782,-0.016943,-0.157210,-1.369106,-0.007642,-0.430719,-0.000339,-0.028579,-0.321867,-1.402469,-0.423839,0.490981,0.022093,-0.011924
4.100000,0.001761,0.057889,-0.013483,-0.155006,-1.372916,-0.000492,-0.442751,-0.001570,-0.020025,-0.325932,-1.410000,-0.435626,0.499327,0.025503,-0.003145
4.133333,0.004725,0.053979,0.007093,-0.150506,-1.379014,-0.025772,-0.449354,-0.022564,-0.021389,-0.304804,-1.407689,-0.429816,0.471060,0.010333,-0.004289
4.166667,-0.000885,0.065622,0.011333,-0.148640,-1.375304,-0.022824,-0.451615,-0.027562,-0.018401,-0.303965,-1.392169,-0.415646,0.467800,-0.000751,-0.002583
4.200000,-0.005645,0.062692,0.016354,-0.150576,-1.361963,-0.010440,-0.470289,-0.019674,-0.018785,-0.295859,-1.390892,-0.422213,0.458262,-0.004114,0.008877
4.233333,0.009198,0.045971,0.020902,-0.163827,-1.350046,-0.003205,-0.481677,-0.015328,-0.026905,-0.295151,-1.390892,-0.416200,0.445819,-0.000140,0.009219
4.266667,0.018540,0.044829,0.015656,-0.154236,-1.334411,-0.016772,-0.471248,-0.002654,-0.023424,-0.294127,-1.390892,-0.375909,0.429852,-0.019774,0.001188
4.300000,0.028001,0.044114,0.011098,-0.146687,-1.342492,-0.008838,-0.469307,0.001254,-0.028545,-0.301612,-1.385581,-0.361480,0.424201,-0.020115,0.005650
4.333333,0.031294,0.025539,0.019937,-0.155829,-1.348999,-0.025270,-0.476943,0.007854,-0.027219,-0.305971,-1.401101,-0.321784,0.418905,-0.011836,-0.005231
4.366667,0.048920,0.019993,0.019731,-0.164098,-1.350077,-0.051137,-0.472543,0.002662,-0.022063,-0.334751,-1.402377,-0.278262,0.452524,-0.018650,-0.028571
4.400000,0.036759,0.024413,0.018649,-0.164876,-1.357195,-0.052322,-0.467906,0.010408,-0.012704,-0.334233,-1.402377,-0.244273,0.458411,-0.020357,-0.026277
4.433333,0.033303,0.023210,0.027685,-0.159179,-1.353396,-0.032705,-0.466950,-0.001755,-0.017338,-0.330786,-1.396434,-0.237103,0.444881,-0.003452,-0.030781
4.466667,0.041333,0.025775,0.031298,-0.137957,-1.331859,-0.002158,-0.441995,0.011504,-0.006388,-0.318951,-1.395992,-0.232481,0.436377,-0.007609,-0.023245
4.500000,0.047669,0.032206,0.033320,-0.120284,-1.330783,0.012755,-0.430850,0.009171,-0.018173,-0.304021,-1.395992,-0.244162,0.425826,-0.009306,-0.018113
4.533333,0.023328,0.037414,0.021805,-0.105707,-1.342829,0.042717,-0.432942,0.002295,-0.027361,-0.261196,-1.381467,-0.267451,0.411762,0.002734,-0.001210
4.566667,0.015552,0.047367,0.017138,-0.117397,-1.327414,0.077765,-0.447855,0.001625,-0.016277,-0.249683,-1.381467,-0.308805,0.437698,0.000165,0.010597
4.600000,0.019748,0.050585,0.014357,-0.144557,-1.322996,0.112813,-0.478061,0.002834,-0.006955,-0.240929,-1.387411,-0.359970,0.498997,0.003328,0.020260
4.633333,0.001982,0.042577,0.002895,-0.178144,-1.320444,0.147171,-0.539649,-0.001061,-0.018419,-0.245691,-1.379529,-0.417293,0.574711,0.013203,0.008352
4.666667,0.008705,0.040098,-0.020583,-0.199368,-1.282676,0.221529,-0.609628,0.007163,-0.009138,-0.248314,-1.374773,-0.495939,0.660955,0.019362,0.007205
4.700000,0.021199,0.039154,-0.007374,-0.240329,-1.226645,0.320839,-0.688601,0.013289,-0.007159,-0.269510,-1.367555,-0.584658,0.750712,0.025274,0.008478
4.733333,0.035229,0.026386,-0.003587,-0.258539,-1.170616,0.420150,-0.767575,0.011026,-0.018261,-0.283435,-1.349260,-0.653213,0.828211,0.025785,-0.007907
4.766667,0.027034,0.027783,-0.009540,-0.281576,-1.126699,0.519460,-0.867575,0.012177,-0.014712,-0.293198,-1.321754,-0.694316,0.905709,0.024077,-0.008355
4.800000,0.034153,0.027783,-0.002264,-0.302795,-1.072650,0.593873,-0.967575,0.009293,-0.013093,-0.281037,-1.291777,-0.726013,0.993451,0.024901,-0.011178
4.833333,0.029086,0.027092,0.012879,-0.322796,-1.014205,0.631179,-1.056380,0.000244,-0.013836,-0.283239,-1.247472,-0.741246,1.081192,0.022461,-0.010683
4.866667,0.018070,0.032198,0.008058,-0.315336,-0.942681,0.641700,-1.111995,0.006124,-0.002749,-0.266437,-1.207205,-0.735739,1.168933,0.013598,-0.026673
4.900000,0.011617,0.032785,0.009741,-0.298264,-0.899709,0.637635,-1.164707,0.008347,-0.002070,-0.249256,-1.177526,-0.727234,1.268933,0.016233,-0.030828
4.933333,0.013729,0.024421,0.015646,-0.282702,-0.837838,0.593570,-1.190705,0.012302,-0.006271,-0.244019,-1.164140,-0.716930,1.357989,0.021085,-0.033924
4.966667,0.012156,0.033695,0.003460,-0.261298,-0.804022,0.535092,-1.197665,0.006747,-0.002689,-0.262811,-1.152382,-0.702223,1.435365,0.009577,-0.030608
5.000000,-0.000148,0.032336,-0.002590,-0.234517,-0.784914,0.502886,-1.195007,0.009057,-0.007316,-0.255314,-1.154897,-0.684653,1.480326,0.005718,-0.038467
5.033333,0.020110,0.026020,-0.005549,-0.217199,-0.776722,0.461539,-1.201895,-0.002897,-0.020687,-0.265460,-1.173882,-0.662103,1.508554,0.002451,-0.044612
5.066667,0.027033,0.027275,-0.016847,-0.219473,-0.750004,0.428193,-1.198951,-0.001130,-0.012303,-0.264356,-1.193956,-0.635566,1.512064,-0.021603,-0.037360
5.100000,0.029496,0.028912,-0.022694,-0.209479,-0.753708,0.418521,-1.196889,-0.002832,-0.024026,-0.235005,-1.193728,-0.615042,1.486519,-0.030708,-0.036323
5.133333,0.031930,0.019638,-0.015298,-0.206418,-0.745689,0.437777,-1.187045,-0.005794,-0.028037,-0.196809,-1.206512,-0.580027,1.432653,-0.019870,-0.048867
5.166667,0.045382,0.015532,-0.015967,-0.192758,-0.743916,0.435619,-1.192259,-0.011883,-0.039469,-0.188917,-1.228159,-0.524338,1.371202,-0.027149,-0.048029
5.200000,0.036810,0.014846,-0.014421,-0.162245,-0.768651,0.439264,-1.181116,-0.005330,-0.036483,-0.179237,-1.266287,-0.455778,1.286484,-0.020836,-0.032206
5.233333,0.027959,0.023475,-0.001051,-0.124180,-0.823362,0.432024,-1.142708,-0.004255,-0.046658,-0.190528,-1.294187,-0.378809,1.186484,0.000324,-0.028844
5.266667,0.043109,0.041205,0.011276,-0.111387,-0.878073,0.401110,-1.090132,0.000769,-0.022945,-0.213615,-1.335307,-0.285077,1.086484,-0.006362,-0.021681
5.300000,0.041403,0.048416,0.020447,-0.102294,-0.956451,0.341267,-1.024377,0.003669,-0.018518,-0.252441,-1.365099,-0.185077,0.986484,-0.010452,-0.009417
5.333333,0.030244,0.055865,0.009639,-0.096109,-1.039465,0.273673,-0.924377,0.014682,-0.012813,-0.274240,-1.387594,-0.085077,0.886484,-0.002048,-0.002254
5.366667,0.024666,0.071135,0.013411,-0.124775,-1.124420,0.205107,-0.824377,0.002291,-0.000891,-0.300064,-1.384679,-0.020859,0.786484,0.000592,0.003662
5.400000,0.029174,0.062937,0.015057,-0.149072,-1.203823,0.114011,-0.724377,-0.004454,-0.005804,-0.315309,-1.372121,0.032513,0.686484,0.002967,0.001603
5.433333,0.014957,0.054360,-0.000302,-0.154296,-1.256871,0.055693,-0.624377,-0.012418,-0.017431,-0.345791,-1.347409,0.066760,0.586484,0.016766,0.000875
5.466667,0.012054,0.055604,-0.011293,-0.162849,-1.292564,0.004960,-0.524377,-0.009100,-0.022833,-0.338828,-1.341015,0.065130,0.486484,0.011913,0.011788
5.500000,0.009517,0.052748,0.006215,-0.181711,-1.321570,-0.032868,-0.424377,-0.013824,-0.017108,-0.347327,-1.333285,0.059646,0.386484,0.009598,0.010037
5.533333,0.012002,0.045478,0.003090,-0.160572,-1.342170,-0.058850,-0.345376,-0.001348,-0.022127,-0.343461,-1.340621,0.055953,0.286484,0.007387,0.007001
5.566667,0.009190,0.042632,0.001703,-0.161691,-1.353992,-0.062584,-0.288196,0.007239,-0.008231,-0.338007,-1.350350,0.040235,0.226484,-0.004111,0.014217
5.600000,0.006378,0.034132,0.007403,-0.158705,-1.362294,-0.078209,-0.253007,0.009168,-0.019600,-0.319291,-1.372453,0.023216,0.187687,-0.009598,0.005343
5.633333,0.009281,0.029985,0.019042,-0.160098,-1.347950,-0.078147,-0.237489,0.003951,-0.016623,-0.330680,-1.371344,0.002993,0.172633,-0.003415,-0.011273
5.666667,0.011901,0.035153,0.011535,-0.157232,-1.326707,-0.050990,-0.245579,0.006858,-0.008056,-0.334428,-1.378868,-0.043031,0.196602,-0.006666,-0.020144
5.700000,0.010539,0.031294,0.014216,-0.172960,-1.314503,-0.041889,-0.260202,0.003407,-0.014894,-0.326100,-1.375798,-0.068574,0.241215,-0.005597,-0.022864
5.733333,0.020746,0.030802,0.005853,-0.162385,-1.297935,-0.024337,-0.253004,-0.000664,-0.024051,-0.333215,-1.378628,-0.101362,0.285827,0.001081,-0.032591
5.766667,0.024594,0.033789,-0.003181,-0.161076,-1.307810,-0.027672,-0.260280,-0.002277,-0.026752,-0.326561,-1.381236,-0.138693,0.322169,0.002665,-0.025990
5.800000,0.020467,0.035610,-0.006013,-0.161889,-1.328665,-0.022394,-0.273623,-0.002652,-0.028302,-0.309977,-1.402098,-0.176942,0.370531,0.001921,-0.021353
5.833333,0.017912,0.029533,0.004024,-0.170713,-1.337519,-0.044470,-0.289369,-0.004263,-0.036517,-0.298471,-1.398488,-0.216882,0.398086,-0.001570,-0.002057
5.866667,0.021118,0.038389,0.009414,-0.200944,-1.333012,-0.060850,-0.287762,-0.004192,-0.022877,-0.300478,-1.402034,-0.269044,0.444998,-0.004340,0.003221
5.900000,0.010382,0.041895,0.020066,-0.219911,-1.337845,-0.067929,-0.312074,-0.007575,-0.024808,-0.286629,-1.398905,-0.331090,0.463599,-0.000545,0.005643
5.933333,0.004731,0.039045,0.031603,-0.230423,-1.326110,-0.050697,-0.319920,-0.005828,-0.021215,-0.292780,-1.395777,-0.392821,0.489266,-0.000534,0.001385
5.966667,0.011570,0.032917,0.034112,-0.217747,-1.321039,-0.029091,-0.306114,0.004647,-0.020602,-0.280444,-1.397524,-0.414552,0.479172,0.008663,-0.003303
6.000000,0.017677,0.033297,0.033832,-0.218944,-1.350059,-0.004643,-0.284089,-0.000467,-0.008865,-0.268118,-1.403744,-0.404937,0.450861,0.007645,-0.012033
6.033333,0.014320,0.025067,0.026434,-0.203917,-1.372439,0.029462,-0.277251,-0.004254,-0.019012,-0.253820,-1.403744,-0.369591,0.382549,0.009221,-0.019675
6.066667,0.005846,0.029176,0.017440,-0.207538,-1.384174,0.057308,-0.266279,-0.012234,-0.012873,-0.239086,-1.398115,-0.294245,0.327469,0.013917,-0.025184
6.100000,0.008256,0.031455,0.007836,-0.208494,-1.389362,0.074312,-0.256311,-0.026776,-0.012164,-0.218048,-1.401243,-0.202262,0.259990,0.012059,-0.024943
6.133333,0.000642,0.037691,0.002234,-0.230060,-1.403452,0.065598,-0.258803,-0.039474,-0.011104,-0.218755,-1.401243,-0.110278,0.204066,0.000958,-0.022491
6.166667,-0.022133,0.042937,-0.023402,-0.219187,-1.403452,0.081396,-0.257692,-0.035890,-0.032042,-0.215399,-1.387908,-0.044975,0.179809,0.008886,-0.029808
6.200000,-0.022523,0.047490,-0.031242,-0.224538,-1.395500,0.100398,-0.250687,-0.031812,-0.035651,-0.206436,-1.387908,-0.009959,0.169655,0.018720,-0.015044
6.233333,-0.015183,0.043596,-0.025762,-0.225386,-1.395500,0.085659,-0.248548,-0.028534,-0.041167,-0.202654,-1.396665,0.024391,0.152504,0.010140,-0.013309
6.266667,-0.022661,0.045272,-0.032778,-0.211266,-1.402048,0.060249,-0.245078,-0.017769,-0.055183,-0.199646,-1.388712,0.064356,0.142625,-0.003620,-0.009327
6.300000,-0.026263,0.056174,-0.033408,-0.210332,-1.402048,0.062659,-0.248470,-0.016290,-0.048899,-0.202174,-1.388712,0.064321,0.161191,-0.001387,0.002685
6.333333,-0.008240,0.052601,-0.011775,-0.225972,-1.402048,0.041000,-0.253848,-0.022689,-0.040063,-0.197247,-1.402048,0.074120,0.149136,-0.004585,0.004704
6.366667,0.001903,0.048708,-0.004210,-0.220678,-1.390000,0.012276,-0.239751,-0.014587,-0.023124,-0.209971,-1.399789,0.084810,0.136578,-0.025659,-0.007228
6.400000,0.004320,0.063999,-0.005387,-0.217833,-1.390000,0.011724,-0.229892,-0.021665,-0.021054,-0.193805,-1.378912,0.063392,0.123672,-0.033674,0.006995
6.433333,0.011352,0.060351,0.007720,-0.238237,-1.390000,0.022737,-0.223873,-0.022649,-0.006456,-0.197625,-1.385988,0.044375,0.129510,-0.018862,-0.000455
6.466667,0.019608,0.054171,0.011554,-0.235468,-1.386498,0.020431,-0.221836,-0.021386,-0.011830,-0.212477,-1.385988,0.040449,0.113771,-0.012835,-0.008265
6.500000,0.022862,0.054759,0.009163,-0.243568,-1.386498,0.018216,-0.223679,-0.021482,-0.005099,-0.217487,-1.373058,0.023853,0.108324,-0.008566,0.008208
6.533333,0.015901,0.056313,0.012145,-0.245088,-1.406498,0.022746,-0.237543,-0.032885,-0.015751,-0.211892,-1.375316,0.033655,0.118761,0.002227,0.008992
6.566667,0.023506,0.047954,0.018726,-0.254188,-1.406498,0.008054,-0.239142,-0.017267,-0.008659,-0.229942,-1.396193,0.057566,0.143954,0.010837,-0.000886
6.600000,0.026354,0.051005,0.025791,-0.260482,-1.406498,0.005357,-0.225385,-0.010010,0.001849,-0.244052,-1.397069,0.055136,0.149339,0.004638,0.001128
6.633333,0.023164,0.043330,0.023051,-0.265039,-1.410000,-0.002031,-0.222924,-0.013844,0.000625,-0.221462,-1.397069,0.058373,0.140168,-0.002357,-0.000768
6.666667,0.021917,0.042472,0.026792,-0.250947,-1.410000,0.014560,-0.200410,-0.010651,-0.000406,-0.234045,-1.410000,0.070476,0.159661,-0.006776,-0.024393
6.700000,0.031628,0.037824,0.022712,-0.244693,-1.410000,0.013305,-0.192619,-0.013835,-0.016108,-0.249152,-1.410000,0.067397,0.159025,-0.006512,-0.031330
6.733333,0.024710,0.029054,0.017820,-0.241083,-1.410000,0.027133,-0.196214,-0.023635,-0.020480,-0.248193,-1.410000,0.060906,0.144720,-0.002781,-0.032085
6.766667,0.019850,0.029365,0.003296,-0.222040,-1.408986,0.044588,-0.193954,-0.023256,-0.018298,-0.230743,-1.400185,0.061690,0.138266,-0.010957,-0.030602
6.800000,0.016996,0.039669,0.007511,-0.227908,-1.404769,0.053796,-0.179381,-0.017786,-0.001675,-0.227799,-1.400185,0.068398,0.134578,-0.008702,-0.019498
6.833333,0.011366,0.035340,0.002076,-0.230299,-1.404769,0.039333,-0.190944,-0.016530,-0.006789,-0.215631,-1.400185,0.071910,0.123210,-0.004969,-0.010492
6.866667,-0.003167,0.030640,-0.009436,-0.218592,-1.404769,0.043366,-0.190630,-0.002879,-0.000286,-0.193450,-1.382520,0.070392,0.136735,0.004660,0.003962
6.900000,-0.000264,0.044055,-0.012699,-0.214211,-1.404769,0.041581,-0.183783,-0.001395,-0.005717,-0.187971,-1.382520,0.068806,0.148377,0.009296,0.005797
6.933333,-0.005128,0.041546,-0.008666,-0.227473,-1.405783,0.024303,-0.193326,-0.010982,-0.023692,-0.193646,-1.389170,0.080165,0.138635,0.023969,-0.000670
6.966667,-0.008880,0.040290,-0.031363,-0.226678,-1.391109,0.033629,-0.202705,0.001573,-0.034282,-0.220838,-1.389170,0.087879,0.162260,0.032355,-0.012058
7.000000,-0.000843,0.049542,-0.034876,-0.230296,-1.391109,0.038557,-0.194862,-0.001501,-0.030948,-0.217254,-1.389170,0.079440,0.165166,0.036705,-0.007118
7.033333,0.002201,0.059898,-0.026849,-0.243245,-1.391108,0.021904,-0.184351,-0.011628,-0.024378,-0.225304,-1.406834,0.092556,0.143095,0.023555,-0.018813
7.066667,-0.005547,0.062737,-0.032746,-0.234116,-1.391108,0.006474,-0.178132,-0.021175,-0.020593,-0.237304,-1.406834,0.105351,0.132808,0.015093,-0.025460
7.100000,-0.003291,0.067305,-0.028837,-0.234278,-1.391108,0.016554,-0.176115,-0.023419,-0.013884,-0.242742,-1.410000,0.084268,0.152179,0.015982,-0.014686
7.133333,0.000659,0.062790,-0.007874,-0.234150,-1.406988,-0.008841,-0.166912,-0.043054,-0.015436,-0.224758,-1.410000,0.080149,0.131549,0.002316,-0.014478
7.166667,-0.005996,0.075702,-0.003170,-0.234408,-1.406988,-0.006166,-0.157813,-0.048538,-0.012571,-0.229597,-1.396985,0.083157,0.131065,-0.011219,-0.010590
7.200000,-0.010535,0.073294,0.002455,-0.238484,-1.406988,0.007843,-0.164300,-0.040184,-0.012905,-0.224099,-1.396985,0.067298,0.121309,-0.014031,0.001934
7.233333,0.005337,0.056317,0.007486,-0.250710,-1.406988,0.012858,-0.172239,-0.033270,-0.020530,-0.222933,-1.396985,0.058231,0.113380,-0.010910,0.004540
7.266667,0.013976,0.055325,0.001533,-0.245482,-1.406988,0.001258,-0.157283,-0.019727,-0.015254,-0.224140,-1.396985,0.080619,0.099904,-0.031553,-0.003847
7.300000,0.021914,0.053455,-0.002794,-0.240411,-1.410000,0.014254,-0.157347,-0.015993,-0.020788,-0.228942,-1.392167,0.066250,0.103017,-0.031279,-0.000146
7.333333,0.026450,0.033844,0.004999,-0.251722,-1.410000,0.004932,-0.168604,-0.008275,-0.018232,-0.227778,-1.405183,0.074844,0.109625,-0.020896,-0.010179
7.366667,0.044172,0.025897,0.004699,-0.261502,-1.410000,-0.015724,-0.170154,-0.014951,-0.014895,-0.252057,-1.405182,0.087869,0.156233,-0.028294,-0.033711
7.400000,0.031722,0.029547,0.004261,-0.262931,-1.410000,-0.012073,-0.170262,-0.007464,-0.005957,-0.247677,-1.405182,0.094103,0.172449,-0.029677,-0.032557
7.433333,0.028781,0.026876,0.013860,-0.255322,-1.407457,0.008192,-0.176222,-0.018758,-0.012148,-0.241691,-1.401872,0.075174,0.172348,-0.012267,-0.035011
7.466667,0.038317,0.030423,0.017505,-0.232196,-1.394694,0.040626,-0.156261,-0.008675,-0.000392,-0.232489,-1.402501,0.073217,0.162729,-0.016633,-0.025956
7.500000,0.045671,0.037154,0.019855,-0.212517,-1.394694,0.055379,-0.153927,-0.011292,-0.012111,-0.221864,-1.402501,0.068661,0.138504,-0.018238,-0.021698
7.533333,0.023491,0.044077,0.008242,-0.195069,-1.394694,0.073209,-0.161456,-0.015816,-0.020363,-0.185079,-1.392535,0.064722,0.100593,-0.006344,-0.003697
7.566667,0.014893,0.055760,0.002493,-0.205754,-1.390123,0.082701,-0.175399,-0.017733,-0.009680,-0.178807,-1.392535,0.067710,0.098834,-0.008054,0.008930
7.600000,0.017366,0.060002,0.000309,-0.224225,-1.392665,0.073523,-0.183489,-0.016912,0.000135,-0.174048,-1.395845,0.070095,0.105939,-0.004503,0.018078
7.633333,-0.001791,0.051836,-0.010444,-0.242141,-1.405428,0.037414,-0.215388,-0.018768,-0.012942,-0.180369,-1.398964,0.079558,0.119027,0.005324,0.007076
7.666667,0.003235,0.050050,-0.033122,-0.235299,-1.405428,0.041305,-0.211986,-0.010872,-0.005239,-0.181646,-1.398964,0.068511,0.150445,0.010465,0.008037
7.700000,0.013890,0.050816,-0.019176,-0.243834,-1.405428,0.051373,-0.213086,-0.005269,-0.002385,-0.198831,-1.408929,0.057540,0.158762,0.016943,0.009414
7.733333,0.028240,0.038998,-0.013952,-0.219122,-1.406415,0.047950,-0.201413,-0.008241,-0.014363,-0.210021,-1.408929,0.050448,0.137618,0.017998,-0.006292
7.766667,0.021369,0.042522,-0.020159,-0.209441,-1.406415,0.059938,-0.202168,-0.008570,-0.011185,-0.219549,-1.408929,0.060864,0.139541,0.017091,-0.005683
7.800000,0.028586,0.043707,-0.012437,-0.210255,-1.406415,0.062144,-0.208851,-0.012774,-0.010687,-0.212396,-1.410000,0.057425,0.137015,0.018041,-0.005696
7.833333,0.022810,0.045394,0.003201,-0.230420,-1.404278,0.041972,-0.220698,-0.021832,-0.010195,-0.221787,-1.410000,0.058940,0.106577,0.017716,-0.002452
7.866667,0.010351,0.052225,-0.000570,-0.232495,-1.401199,0.035778,-0.206959,-0.018601,-0.001140,-0.218555,-1.400084,0.054489,0.095442,0.010066,-0.015308
7.900000,0.002232,0.055196,0.001970,-0.238943,-1.404784,0.047962,-0.207257,-0.015099,-0.000580,-0.210778,-1.400084,0.049972,0.101307,0.013114,-0.014344
7.933333,0.001719,0.048934,0.009727,-0.248489,-1.404784,0.029233,-0.212680,-0.010074,-0.005235,-0.211816,-1.400084,0.046787,0.093682,0.017102,-0.015163
7.966667,0.000005,0.061261,-0.000614,-0.246421,-1.404784,0.016152,-0.201446,-0.014022,-0.000144,-0.230524,-1.396312,0.056437,0.101558,0.006302,-0.012864
8.000000,-0.012808,0.059587,-0.005571,-0.232363,-1.406921,0.020012,-0.205467,-0.012424,-0.005460,-0.224367,-1.396312,0.069183,0.104339,0.001683,-0.021112
8.033333,0.008072,0.052403,-0.007638,-0.225142,-1.410000,0.003461,-0.212791,-0.023877,-0.018614,-0.236001,-1.406228,0.086976,0.108739,-0.002900,-0.025022
8.066667,0.015609,0.052564,-0.019756,-0.232192,-1.399823,-0.016341,-0.209605,-0.022987,-0.011082,-0.246725,-1.406228,0.101215,0.113930,-0.028168,-0.018130
8.100000,0.018839,0.052296,-0.026212,-0.221693,-1.399823,-0.019202,-0.206497,-0.026381,-0.023592,-0.232356,-1.406228,0.102949,0.099534,-0.036889,-0.017432
8.133333,0.021860,0.037456,-0.020082,-0.218941,-1.389230,-0.001520,-0.202037,-0.031669,-0.029194,-0.219478,-1.401722,0.091214,0.084636,-0.026613,-0.030251
8.166667,0.037081,0.032687,-0.019986,-0.228570,-1.376387,-0.005080,-0.211907,-0.037445,-0.039390,-0.228126,-1.401722,0.093511,0.072299,-0.032491,-0.030896
8.200000,0.030881,0.031848,-0.017506,-0.232238,-1.376387,0.005777,-0.216161,-0.030389,-0.035784,-0.222563,-1.401722,0.088293,0.065360,-0.025726,-0.020448
8.233333,0.023901,0.038518,-0.001876,-0.221579,-1.380731,0.028581,-0.206207,-0.029671,-0.043050,-0.217809,-1.401722,0.077129,0.062649,-0.002235,-0.022171
8.266667,0.041278,0.053328,0.010884,-0.234909,-1.371886,0.046408,-0.178622,-0.023446,-0.016062,-0.210611,-1.401722,0.075151,0.081605,-0.007802,-0.018170
8.300000,0.039533,0.062139,0.021005,-0.242869,-1.382479,0.041917,-0.171190,-0.017577,-0.008962,-0.206252,-1.410000,0.077775,0.077532,-0.012244,-0.009761
8.333333,0.028351,0.066412,0.009056,-0.230764,-1.382076,0.044311,-0.149785,-0.005723,-0.003421,-0.194258,-1.410000,0.080395,0.092274,-0.006221,-0.005012
8.366667,0.022198,0.078733,0.010391,-0.240420,-1.382076,0.069332,-0.131805,-0.016997,0.009156,-0.191820,-1.410000,0.073041,0.117485,-0.004123,0.001163
8.400000,0.027150,0.069265,0.009672,-0.247599,-1.387908,0.057293,-0.141489,-0.021950,0.003965,-0.188114,-1.410000,0.072944,0.113984,-0.002586,-0.000578
8.433333,0.013541,0.060381,-0.006044,-0.237564,-1.396754,0.061176,-0.178288,-0.027328,-0.009273,-0.213103,-1.399081,0.076940,0.107676,0.010313,-0.001844
8.466667,0.012172,0.061499,-0.018589,-0.239155,-1.396754,0.067048,-0.200411,-0.024757,-0.014218,-0.205410,-1.393523,0.071282,0.109092,0.005861,0.010645
8.500000,0.010588,0.058768,-0.002373,-0.249838,-1.410000,0.067502,-0.205387,-0.029724,-0.008384,-0.210518,-1.393523,0.070019,0.104371,0.005655,0.009055
8.533333,0.012127,0.051379,-0.006103,-0.220941,-1.410000,0.047399,-0.224253,-0.018083,-0.012982,-0.209062,-1.393523,0.072204,0.069893,0.004048,0.004922
8.566667,0.007868,0.047903,-0.008240,-0.220722,-1.410000,0.045433,-0.223386,-0.009494,0.001260,-0.210929,-1.393523,0.073219,0.075415,-0.008591,0.010925
8.600000,0.003199,0.039992,-0.004482,-0.217674,-1.410000,0.028082,-0.212685,-0.010395,-0.009657,-0.200289,-1.404442,0.072250,0.065330,-0.013258,0.002421
8.633333,0.006540,0.035558,0.005743,-0.218020,-1.390871,0.022013,-0.195100,-0.017155,-0.008050,-0.221222,-1.394859,0.069201,0.066756,-0.006703,-0.016102
8.666667,0.009977,0.040604,-0.001920,-0.214517,-1.372706,0.041155,-0.186530,-0.012796,-0.000032,-0.237403,-1.394859,0.055877,0.071101,-0.010925,-0.024576
8.700000,0.010178,0.036928,0.000100,-0.230053,-1.372706,0.041340,-0.181692,-0.015440,-0.007130,-0.238961,-1.394859,0.063509,0.077253,-0.008363,-0.027426
8.733333,0.020574,0.037309,-0.009189,-0.220055,-1.372706,0.050929,-0.158186,-0.021086,-0.018119,-0.254691,-1.394859,0.062149,0.083406,-0.000632,-0.038130
8.766667,0.024669,0.040660,-0.018610,-0.217629,-1.372706,0.042193,-0.149745,-0.022751,-0.020393,-0.253722,-1.394859,0.067759,0.079383,0.000097,-0.034100
8.800000,0.019560,0.043515,-0.021936,-0.215502,-1.391835,0.040599,-0.148463,-0.020383,-0.021781,-0.244728,-1.410000,0.082266,0.075047,-0.001773,-0.030602
8.833333,0.013931,0.038362,-0.013125,-0.222390,-1.390899,0.010582,-0.156426,-0.023163,-0.030843,-0.235870,-1.409957,0.098742,0.062431,-0.006232,-0.015604
8.866667,0.015573,0.047976,-0.008780,-0.249219,-1.385599,-0.012531,-0.147814,-0.023079,-0.018531,-0.238333,-1.409957,0.110245,0.077765,-0.012437,-0.009660
8.900000,0.005217,0.051267,0.001808,-0.264315,-1.385599,-0.026125,-0.164990,-0.027547,-0.020179,-0.220607,-1.409957,0.113816,0.059104,-0.009077,-0.006429
8.933333,0.000132,0.048299,0.013298,-0.270268,-1.385599,-0.017075,-0.169821,-0.027125,-0.017338,-0.222880,-1.409957,0.107098,0.060443,-0.008572,-0.009459
8.966667,0.006162,0.039948,0.020707,-0.265568,-1.369148,0.004401,-0.189052,-0.011122,-0.015247,-0.241606,-1.389957,0.085808,0.082287,0.000167,-0.011034
9.000000,0.016129,0.037752,0.023945,-0.272121,-1.388248,0.054300,-0.223857,-0.007843,-0.000667,-0.276188,-1.358700,0.039374,0.128292,0.001791,-0.014661
9.033333,0.014320,0.025521,0.020431,-0.263320,-1.393548,0.136944,-0.289645,-0.005108,-0.010948,-0.318731,-1.334744,-0.032691,0.174297,0.006606,-0.020184
9.066667,0.006121,0.025734,0.015076,-0.274036,-1.393548,0.219587,-0.369645,-0.003373,-0.002517,-0.361807,-1.291653,-0.112691,0.254297,0.012231,-0.024927
9.100000,0.008436,0.024078,0.010051,-0.286727,-1.384932,0.319587,-0.469645,-0.009611,-0.001233,-0.394736,-1.261183,-0.212691,0.354297,0.012558,-0.022761
9.133333,0.001497,0.027497,0.004364,-0.311263,-1.401383,0.399430,-0.569645,-0.021350,-0.000156,-0.411191,-1.251162,-0.312691,0.454297,0.004940,-0.021243
9.166667,-0.022917,0.029576,-0.020162,-0.307767,-1.400453,0.479273,-0.652401,-0.019284,-0.022727,-0.408345,-1.232440,-0.412691,0.554297,0.011619,-0.029022
9.200000,-0.022990,0.033430,-0.027417,-0.320225,-1.389582,0.559116,-0.719860,-0.013953,-0.024654,-0.391454,-1.225653,-0.512691,0.654297,0.020487,-0.014758
9.233333,-0.013953,0.027596,-0.021036,-0.331843,-1.389582,0.600867,-0.774035,-0.011774,-0.030676,-0.384501,-1.232075,-0.612691,0.754297,0.012619,-0.012565
9.266667,-0.021003,0.027318,-0.028829,-0.325292,-1.398199,0.603554,-0.807583,0.000932,-0.044681,-0.379220,-1.206960,-0.712691,0.853382,-0.000661,-0.008473
9.300000,-0.024862,0.037639,-0.030181,-0.331233,-1.398199,0.626398,-0.825136,0.002169,-0.039628,-0.382237,-1.201398,-0.812691,0.952467,0.002273,0.005041
9.333333,-0.007872,0.034870,-0.009046,-0.350952,-1.399129,0.626727,-0.838597,-0.005484,-0.029795,-0.377571,-1.214680,-0.893259,1.011552,-0.000453,0.005587
9.366667,0.001436,0.030440,-0.002227,-0.345651,-1.390000,0.595483,-0.827354,-0.000140,-0.011672,-0.389698,-1.200142,-0.961369,1.039746,-0.021780,-0.006867
9.400000,0.001696,0.047135,-0.004090,-0.338845,-1.390000,0.590628,-0.816953,-0.007152,-0.009175,-0.373081,-1.171535,-1.025880,1.046858,-0.029383,0.006948
9.433333,0.007487,0.043329,0.009269,-0.355474,-1.390000,0.597374,-0.811773,-0.010513,0.006243,-0.378939,-1.181843,-1.050392,1.047514,-0.014877,-0.001187
9.466667,0.016832,0.037217,0.013189,-0.348851,-1.381750,0.585228,-0.809232,-0.011089,0.001165,-0.392974,-1.183408,-1.057183,1.026579,-0.010741,-0.012129
9.500000,0.020309,0.037975,0.010427,-0.352837,-1.381750,0.572634,-0.809065,-0.010056,0.006035,-0.400181,-1.166129,-1.078653,1.018637,-0.006489,0.005676
9.533333,0.011981,0.039448,0.014404,-0.352797,-1.401750,0.569568,-0.819464,-0.020930,-0.006690,-0.397888,-1.177391,-1.076620,1.031231,0.005692,0.007278
9.566667,0.020665,0.030581,0.021612,-0.359567,-1.401750,0.544094,-0.822364,-0.004157,-0.001839,-0.423829,-1.228487,-1.059797,1.058386,0.015510,-0.003667
9.600000,0.023742,0.034109,0.029363,-0.360062,-1.401750,0.526884,-0.809640,0.004697,0.008686,-0.448967,-1.262666,-1.082974,1.069875,0.008650,-0.000038
9.633333,0.018925,0.026480,0.026795,-0.357081,-1.409934,0.499559,-0.804645,0.002413,0.007804,-0.438333,-1.265589,-1.102676,1.062955,0.002242,0.000080
9.666667,0.018123,0.026926,0.031516,-0.331651,-1.409382,0.491020,-0.778612,0.005051,0.007473,-0.461240,-1.299683,-1.101369,1.068616,0.000062,-0.022968
9.700000,0.027408,0.023468,0.027796,-0.314781,-1.408322,0.464526,-0.761243,0.001663,-0.009460,-0.485313,-1.329330,-1.117843,1.052188,0.001650,-0.030678
9.733333,0.018937,0.016378,0.022645,-0.298373,-1.408322,0.439207,-0.751555,-0.007334,-0.012310,-0.482864,-1.323729,-1.126473,1.011667,0.003904,-0.029332
9.766667,0.013934,0.018910,0.008677,-0.265598,-1.407411,0.411295,-0.732895,-0.008968,-0.010880,-0.451474,-1.306292,-1.095348,0.958771,-0.004708,-0.028629
9.800000,0.010460,0.031805,0.013237,-0.259549,-1.401886,0.378327,-0.699973,-0.002639,0.002731,-0.424568,-1.328856,-1.047011,0.905874,-0.003910,-0.016436
9.833333,0.005529,0.027527,0.007932,-0.250927,-1.402438,0.317703,-0.690932,-0.002431,-0.002896,-0.384210,-1.346297,-0.995651,0.843342,-0.000115,-0.009383
9.866667,-0.007629,0.024953,-0.002831,-0.225407,-1.403498,0.268416,-0.673661,0.011061,0.005105,-0.326704,-1.328185,-0.922470,0.789815,0.006633,0.003851
9.900000,-0.006283,0.038464,-0.005098,-0.205902,-1.403498,0.219284,-0.652071,0.010600,-0.002438,-0.274604,-1.345483,-0.835522,0.726903,0.013972,0.006450
9.933333,-0.010995,0.035477,-0.001826,-0.203593,-1.404408,0.155292,-0.649219,0.003809,-0.021889,-0.235077,-1.363004,-0.748330,0.659403,0.029220,-0.000519
9.966667,-0.013427,0.033528,-0.024628,-0.187265,-1.390000,0.121936,-0.652029,0.014473,-0.029599,-0.226839,-1.371537,-0.659544,0.606376,0.042420,-0.013560
10.000000,-0.006715,0.043580,-0.029832,-0.177767,-1.380093,0.082931,-0.639897,0.010587,-0.025461,-0.192324,-1.360847,-0.559544,0.537412,0.044438,-0.007382
10.033333,-0.004227,0.053034,-0.023566,-0.178830,-1.380093,0.032588,-0.631019,0.001223,-0.018289,-0.185276,-1.374859,-0.459544,0.451884,0.034599,-0.017798
10.066667,-0.011283,0.056528,-0.030632,-0.162933,-1.380093,-0.005497,-0.637617,-0.008102,-0.014618,-0.200650,-1.361109,-0.359544,0.388037,0.026028,-0.026485
10.100000,-0.010319,0.062496,-0.027009,-0.162402,-1.380093,-0.006930,-0.647623,-0.012114,-0.007657,-0.218418,-1.353196,-0.259544,0.351670,0.027576,-0.017591
10.133333,-0.008106,0.058411,-0.006253,-0.158200,-1.380093,-0.040776,-0.657352,-0.032218,-0.010650,-0.213287,-1.328864,-0.159544,0.300832,0.012904,-0.017133
10.166667,-0.015091,0.070346,-0.001428,-0.158565,-1.372761,-0.037140,-0.667535,-0.035876,-0.007867,-0.230699,-1.304619,-0.067243,0.282749,0.001593,-0.014889
10.200000,-0.020343,0.067660,0.004755,-0.163156,-1.355461,-0.019399,-0.699449,-0.028731,-0.009164,-0.229140,-1.288461,0.006691,0.264972,-0.000133,-0.003249
10.233333,-0.004196,0.049774,0.010057,-0.175161,-1.339359,-0.008666,-0.720700,-0.022773,-0.015208,-0.228155,-1.296784,0.066285,0.256218,0.002888,-0.001121
10.266667,0.004066,0.047516,0.004308,-0.166646,-1.321081,-0.017148,-0.719804,-0.008932,-0.009654,-0.227775,-1.310036,0.119089,0.242478,-0.015975,-0.009444
10.300000,0.012709,0.046340,-0.000412,-0.162731,-1.329585,0.004859,-0.729795,-0.004393,-0.015442,-0.232585,-1.308696,0.131893,0.246443,-0.016589,-0.006787
10.333333,0.016083,0.027746,0.008725,-0.174428,-1.334428,0.005708,-0.748845,0.003125,-0.012378,-0.232302,-1.340442,0.140310,0.251990,-0.005786,-0.017966
10.366667,0.035564,0.020978,0.008925,-0.187352,-1.340491,-0.006265,-0.749874,-0.002277,-0.008955,-0.259508,-1.357231,0.147373,0.297232,-0.014426,-0.041138
10.400000,0.022568,0.025578,0.008642,-0.192014,-1.353128,0.007814,-0.751353,0.004621,-0.001697,-0.257958,-1.365141,0.146709,0.311771,-0.014004,-0.040661
10.433333,0.021167,0.024404,0.017903,-0.188666,-1.353172,0.041108,-0.753631,-0.007046,-0.007282,-0.255800,-1.351429,0.119925,0.308851,0.003548,-0.042806
10.466667,0.030003,0.028188,0.022451,-0.167735,-1.337210,0.079753,-0.728820,0.003222,0.005462,-0.247194,-1.356962,0.110940,0.298384,0.000352,-0.033063
10.500000,0.037638,0.035641,0.024725,-0.149214,-1.342149,0.099557,-0.722721,0.001484,-0.007720,-0.237121,-1.350640,0.101654,0.273833,-0.001907,-0.026565
10.533333,0.013620,0.041140,0.013018,-0.131253,-1.353385,0.119160,-0.728006,-0.003987,-0.015499,-0.198917,-1.330063,0.096782,0.236490,0.010472,-0.009469
10.566667,0.005125,0.052917,0.007288,-0.140641,-1.338465,0.127854,-0.739138,-0.005610,-0.003323,-0.192233,-1.321645,0.097876,0.239147,0.007144,0.004158
10.600000,0.007419,0.056810,0.005456,-0.159832,-1.348746,0.116037,-0.749469,-0.005394,0.005258,-0.187343,-1.338785,0.096018,0.253569,0.009149,0.013567
10.633333,-0.011439,0.047342,-0.006360,-0.178678,-1.365791,0.075203,-0.770649,-0.009362,-0.009074,-0.192501,-1.341340,0.104521,0.271648,0.017204,0.003051
10.666667,-0.005244,0.045675,-0.028863,-0.171881,-1.362390,0.072649,-0.754665,-0.001698,-0.000653,-0.192656,-1.353335,0.091144,0.309474,0.024217,0.002727
10.700000,0.007360,0.047323,-0.014751,-0.180530,-1.356324,0.077423,-0.740854,0.003388,0.001852,-0.208721,-1.368462,0.077654,0.325130,0.031040,0.003992
10.733333,0.022719,0.035856,-0.009401,-0.155558,-1.360218,0.065010,-0.711421,0.001339,-0.010823,-0.218529,-1.372589,0.068830,0.307844,0.032043,-0.012418
10.766667,0.016953,0.039951,-0.015353,-0.146505,-1.368172,0.069171,-0.692190,0.002518,-0.005704,-0.227406,-1.367190,0.078047,0.313755,0.030701,-0.011080
10.800000,0.023975,0.042092,-0.005946,-0.147433,-1.378585,0.065148,-0.689961,-0.002143,-0.003326,-0.219212,-1.367413,0.073065,0.319849,0.032008,-0.011629
10.833333,0.017021,0.043194,0.009822,-0.167026,-1.378324,0.038300,-0.693780,-0.011370,-0.002559,-0.225842,-1.349000,0.072793,0.296482,0.031264,-0.009512
10.866667,0.002748,0.049688,0.005710,-0.169221,-1.372630,0.024500,-0.673243,-0.007102,0.006692,-0.219454,-1.331112,0.070503,0.290967,0.022968,-0.020179
10.900000,-0.004781,0.052672,0.008182,-0.176510,-1.387122,0.032612,-0.669565,-0.004160,0.007188,-0.209695,-1.320922,0.065917,0.304300,0.024701,-0.018791
10.933333,-0.005789,0.045782,0.015911,-0.183961,-1.383048,0.010875,-0.673121,-0.000553,0.001663,-0.207167,-1.319632,0.064454,0.304216,0.029409,-0.019865
10.966667,-0.006146,0.057816,0.004480,-0.181613,-1.383048,-0.004198,-0.662389,-0.003223,0.004571,-0.225272,-1.310720,0.072069,0.316914,0.017344,-0.017254
11.000000,-0.016970,0.056257,-0.001408,-0.168168,-1.394167,-0.000804,-0.668394,-0.004173,-0.000722,-0.218806,-1.311412,0.088712,0.321132,0.010821,-0.022316
11.033333,0.003748,0.049795,-0.003211,-0.159980,-1.400560,-0.016862,-0.678369,-0.016427,-0.013008,-0.230722,-1.329924,0.107251,0.327383,0.006197,-0.027895
11.066667,0.010523,0.049259,-0.014936,-0.166899,-1.383276,-0.036703,-0.678742,-0.015587,-0.003851,-0.241033,-1.343355,0.124545,0.336061,-0.017232,-0.020790
11.100000,0.013384,0.049990,-0.021450,-0.156465,-1.387349,-0.040929,-0.675192,-0.018313,-0.015380,-0.225521,-1.333120,0.129414,0.324487,-0.024259,-0.020563
11.133333,0.014178,0.035814,-0.015747,-0.153907,-1.371353,-0.023334,-0.667686,-0.021993,-0.020232,-0.210379,-1.328628,0.120350,0.310316,-0.012743,-0.034202
11.166667,0.029071,0.031531,-0.016103,-0.161735,-1.353141,-0.029867,-0.673123,-0.023802,-0.030022,-0.216479,-1.331634,0.123426,0.304375,-0.018402,-0.036667
11.200000,0.023722,0.029584,-0.014539,-0.164846,-1.355458,-0.021990,-0.673945,-0.016805,-0.027397,-0.208640,-1.330651,0.119496,0.302635,-0.010681,-0.024645
11.233333,0.016976,0.036789,0.000584,-0.153038,-1.363806,-0.002668,-0.657846,-0.015262,-0.036067,-0.201793,-1.321081,0.110482,0.298803,0.011514,-0.025189
11.266667,0.034467,0.051182,0.013579,-0.164182,-1.350786,0.012147,-0.628233,-0.010147,-0.010114,-0.194375,-1.340249,0.109585,0.316274,0.004263,-0.020146
11.300000,0.033872,0.059504,0.024333,-0.169674,-1.366782,0.002066,-0.619723,-0.007355,-0.000655,-0.190076,-1.351015,0.116627,0.309562,0.000382,-0.009468
11.333333,0.023378,0.063076,0.013453,-0.155823,-1.366068,0.001330,-0.602867,0.002671,0.004554,-0.178968,-1.354976,0.123643,0.317024,0.007256,-0.003635
11.366667,0.017782,0.076439,0.015462,-0.164197,-1.365631,0.024177,-0.585220,-0.008383,0.018101,-0.179068,-1.352288,0.118006,0.335362,0.008687,0.001098
11.400000,0.022995,0.066517,0.014920,-0.170482,-1.374569,0.012368,-0.597254,-0.014525,0.014577,-0.177651,-1.341960,0.116945,0.327460,0.010242,-0.000130
11.433333,0.009525,0.056532,-0.001269,-0.163069,-1.386474,0.019647,-0.633116,-0.019188,0.000103,-0.205326,-1.306300,0.116685,0.313954,0.021750,-0.001385
11.466667,0.008429,0.058530,-0.014543,-0.165085,-1.386474,0.029027,-0.658992,-0.013979,-0.007196,-0.200059,-1.295447,0.109479,0.307899,0.016973,0.009889
11.500000,0.005658,0.056465,0.001039,-0.177054,-1.405400,0.033675,-0.662313,-0.018801,-0.001132,-0.209354,-1.286434,0.105688,0.296011,0.017401,0.006836
11.533333,0.007276,0.048402,-0.002648,-0.149948,-1.408885,0.017942,-0.681309,-0.007968,-0.007095,-0.210003,-1.290558,0.106789,0.252602,0.014748,0.004032
11.566667,0.003397,0.044914,-0.004515,-0.151851,-1.408885,0.017591,-0.679252,0.001519,0.004999,-0.214245,-1.295124,0.105496,0.249193,0.002195,0.009556
11.600000,0.000220,0.037309,-0.000364,-0.147710,-1.410000,-0.000632,-0.667919,0.000525,-0.005676,-0.205975,-1.313246,0.108697,0.231842,-0.001365,-0.001200
11.633333,0.004521,0.032445,0.010327,-0.149192,-1.390000,-0.006984,-0.643543,-0.005449,-0.001944,-0.229849,-1.306559,0.105154,0.226645,0.005548,-0.017621
11.666667,0.006607,0.038064,0.002565,-0.146887,-1.368344,0.012262,-0.628017,-0.002502,0.004378,-0.246652,-1.308786,0.089717,0.228146,-0.000071,-0.024285
11.700000,0.006078,0.035360,0.004033,-0.163130,-1.366687,0.011887,-0.617248,-0.004745,-0.002749,-0.249681,-1.297741,0.097391,0.231802,0.001181,-0.028520
11.733333,0.016635,0.035282,-0.005389,-0.150867,-1.365729,0.021181,-0.588613,-0.010578,-0.011625,-0.266462,-1.310859,0.098526,0.235459,0.009211,-0.038641
11.766667,0.020517,0.039305,-0.015329,-0.147649,-1.365729,0.011941,-0.582082,-0.012264,-0.013407,-0.265739,-1.314534,0.103668,0.231771,0.011051,-0.033093
11.800000,0.014310,0.041868,-0.018917,-0.145016,-1.385729,0.011165,-0.586548,-0.013112,-0.016367,-0.254481,-1.329981,0.120953,0.231377,0.009175,-0.032259
11.833333,0.011494,0.035871,-0.009374,-0.151178,-1.387386,-0.015924,-0.602664,-0.014377,-0.025587,-0.243369,-1.320456,0.141871,0.222614,0.006059,-0.017671
11.866667,0.012040,0.044732,-0.004387,-0.177868,-1.380224,-0.034162,-0.602384,-0.012992,-0.011777,-0.243503,-1.336653,0.152602,0.243217,0.001673,-0.010766
11.900000,0.001287,0.049150,0.005475,-0.194481,-1.381182,-0.042796,-0.629970,-0.019267,-0.014494,-0.223736,-1.317419,0.159370,0.227527,0.002787,-0.008438
11.933333,-0.004808,0.046353,0.016720,-0.201752,-1.381181,-0.027547,-0.640900,-0.020378,-0.010585,-0.223968,-1.308786,0.155837,0.231093,0.001096,-0.010978
11.966667,-0.008632,0.038335,0.025607,-0.221997,-1.361181,-0.001127,-0.663861,-0.004439,-0.010132,-0.242593,-1.288381,0.136810,0.251761,0.011243,-0.009967
12.000000,-0.011824,0.038407,0.029965,-0.258263,-1.341182,0.051606,-0.701495,-0.001126,0.003939,-0.277914,-1.252950,0.091043,0.295469,0.010694,-0.012156
12.033333,-0.022571,0.028048,0.027481,-0.294529,-1.290000,0.135489,-0.769361,-0.000911,-0.008872,-0.338012,-1.205463,0.022660,0.339176,0.017159,-0.017258
12.066667,-0.039736,0.028924,0.023086,-0.370795,-1.228657,0.219372,-0.849361,0.000528,-0.003043,-0.418012,-1.156500,-0.057340,0.419176,0.025602,-0.020676
12.100000,-0.046949,0.028217,0.020027,-0.466119,-1.152131,0.319372,-0.949361,-0.003559,-0.005590,-0.518012,-1.120481,-0.157340,0.519176,0.027536,-0.017089
12.133333,-0.053472,0.034281,0.012624,-0.545681,-1.109729,0.419372,-1.049361,-0.016964,-0.006018,-0.616932,-1.103615,-0.257340,0.619176,0.017324,-0.013368
12.166667,-0.075399,0.037550,-0.013115,-0.585242,-1.086068,0.519372,-1.149361,-0.017530,-0.027144,-0.697403,-1.086750,-0.357340,0.719176,0.024511,-0.020946
12.200000,-0.074502,0.042142,-0.020943,-0.623617,-1.072574,0.619372,-1.229531,-0.012500,-0.031295,-0.747876,-1.081939,-0.457340,0.819176,0.031369,-0.005204
12.233333,-0.066900,0.039258,-0.015767,-0.628084,-1.079189,0.719372,-1.294342,-0.010308,-0.037204,-0.786987,-1.096173,-0.557340,0.919176,0.023840,-0.000928
12.266667,-0.075425,0.042462,-0.024449,-0.597226,-1.109519,0.779678,-1.332625,-0.002279,-0.051158,-0.799143,-1.080304,-0.657340,1.019176,0.010258,0.004354
12.300000,-0.078948,0.053271,-0.024939,-0.581255,-1.119010,0.835983,-1.351236,-0.001384,-0.046194,-0.804347,-1.085281,-0.757340,1.119176,0.013510,0.016861
12.333333,-0.062784,0.050108,-0.003371,-0.574276,-1.128865,0.865069,-1.346490,-0.008452,-0.039526,-0.801978,-1.110923,-0.857340,1.219176,0.010906,0.018492
12.366667,-0.054707,0.045760,0.004045,-0.541969,-1.128553,0.857689,-1.321573,-0.003481,-0.020931,-0.814405,-1.109505,-0.957340,1.308264,-0.011209,0.004899
12.400000,-0.054164,0.062235,0.003812,-0.518518,-1.129475,0.835040,-1.297380,-0.011934,-0.020435,-0.799222,-1.085952,-1.057340,1.378505,-0.019487,0.018157
12.433333,-0.045797,0.058358,0.017118,-0.517846,-1.121814,0.825210,-1.282639,-0.012344,-0.004732,-0.807410,-1.099557,-1.157340,1.442011,-0.005419,0.009563
12.466667,-0.037688,0.051952,0.021223,-0.495257,-1.112883,0.801114,-1.274125,-0.009900,-0.008774,-0.823512,-1.102729,-1.257340,1.484245,-0.000208,-0.001044
12.500000,-0.034163,0.051987,0.019060,-0.496248,-1.124401,0.783233,-1.271785,-0.008354,-0.002589,-0.830484,-1.088122,-1.357340,1.501492,0.005005,0.017533
12.533333,-0.040316,0.054759,0.022139,-0.495334,-1.147902,0.782273,-1.278271,-0.019432,-0.013639,-0.827461,-1.099940,-1.457340,1.516643,0.019105,0.018373
12.566667,-0.030893,0.045577,0.029170,-0.512302,-1.157703,0.781705,-1.286016,-0.003487,-0.006168,-0.847018,-1.145458,-1.542803,1.536567,0.026958,0.006617
12.600000,-0.028148,0.047169,0.036398,-0.524170,-1.165354,0.796701,-1.282942,0.004816,0.003766,-0.859591,-1.167820,-1.621439,1.543225,0.020762,0.009072
12.633333,-0.032342,0.040309,0.033173,-0.537296,-1.167444,0.816211,-1.291050,-0.000517,0.001557,-0.832283,-1.160615,-1.669774,1.536634,0.014360,0.008117
12.666667,-0.031187,0.041222,0.036861,-0.545710,-1.148339,0.856725,-1.279673,0.004599,0.001917,-0.840127,-1.168510,-1.696645,1.549553,0.009294,-0.018329
12.700000,-0.023523,0.036293,0.032568,-0.574385,-1.131723,0.916784,-1.299470,0.001956,-0.015067,-0.852970,-1.168322,-1.712701,1.555478,0.009437,-0.023013
12.733333,-0.031459,0.027316,0.027190,-0.602874,-1.120532,0.991718,-1.322574,-0.005961,-0.020456,-0.842207,-1.137830,-1.714735,1.547616,0.012054,-0.022214
12.766667,-0.037309,0.028582,0.013589,-0.648550,-1.098115,1.077965,-1.348064,-0.006167,-0.019283,-0.812581,-1.091162,-1.696068,1.541254,0.002798,-0.021432
12.800000,-0.039285,0.037426,0.019110,-0.715762,-1.089185,1.177965,-1.368278,0.001644,-0.002770,-0.791309,-1.078017,-1.677752,1.538006,0.001732,-0.011278
12.833333,-0.047477,0.030786,0.013849,-0.787928,-1.094081,1.277965,-1.411951,0.000663,-0.006634,-0.762921,-1.067281,-1.663969,1.532657,0.007361,-0.001100
12.866667,-0.058194,0.026373,0.003600,-0.836617,-1.100447,1.373929,-1.428439,0.015541,0.001789,-0.719660,-1.025262,-1.634987,1.532657,0.012719,0.010434
12.900000,-0.056077,0.038728,0.000697,-0.890038,-1.099949,1.455447,-1.445911,0.016066,-0.003753,-0.700354,-1.019848,-1.621061,1.540520,0.017245,0.011698
12.933333,-0.058412,0.034973,0.003102,-0.932298,-1.110198,1.510036,-1.468986,0.006957,-0.020302,-0.692793,-1.017788,-1.597334,1.531492,0.034004,0.005144
12.966667,-0.060949,0.033034,-0.019487,-0.960655,-1.100508,1.564422,-1.484378,0.017952,-0.029584,-0.716878,-1.022206,-1.582980,1.549261,0.045620,-0.004456
13.000000,-0.051124,0.041931,-0.022532,-0.973586,-1.085005,1.592812,-1.488774,0.016133,-0.025039,-0.708079,-1.012719,-1.585555,1.554610,0.047744,-0.001465
13.033333,-0.049906,0.050612,-0.015963,-0.992785,-1.087830,1.585239,-1.496678,0.005249,-0.017645,-0.715581,-1.031312,-1.582424,1.544844,0.038389,-0.012374
13.066667,-0.058425,0.053600,-0.023187,-0.985806,-1.086899,1.564459,-1.502417,-0.002825,-0.012599,-0.727887,-1.022733,-1.575334,1.543520,0.030070,-0.017875
13.100000,-0.057311,0.058195,-0.018192,-0.986482,-1.098692,1.570609,-1.507206,-0.004130,-0.003980,-0.740246,-1.031826,-1.602509,1.558910,0.030687,-0.008109
13.133333,-0.056162,0.054049,0.001897,-0.986938,-1.110484,1.539656,-1.509454,-0.022178,-0.006865,-0.728447,-1.015993,-1.612725,1.544338,0.015830,-0.011372
13.166667,-0.060795,0.065963,0.005954,-0.984852,-1.108532,1.532093,-1.498585,-0.029414,-0.004931,-0.736656,-0.999068,-1.608999,1.538666,0.003217,-0.007022
13.200000,-0.065063,0.063523,0.012185,-0.994305,-1.089420,1.548339,-1.511393,-0.021214,-0.006505,-0.736993,-0.987535,-1.635153,1.535427,0.000282,0.005052
13.233333,-0.048429,0.045280,0.019093,-1.012844,-1.072300,1.556171,-1.518592,-0.014603,-0.014564,-0.741476,-0.997939,-1.647066,1.529685,0.003843,0.003648
13.266667,-0.040119,0.042995,0.012382,-1.014901,-1.039370,1.552664,-1.506646,-0.001900,-0.011132,-0.743297,-1.006887,-1.632913,1.529685,-0.017624,-0.003734
13.300000,-0.030379,0.040680,0.008206,-1.016265,-1.034418,1.573647,-1.509411,0.001729,-0.016038,-0.751671,-1.000760,-1.651994,1.540897,-0.015883,0.001014
13.333333,-0.027470,0.021611,0.016758,-1.036353,-1.037253,1.574290,-1.527729,0.012132,-0.013046,-0.758288,-1.029235,-1.654112,1.546568,-0.004597,-0.010349
13.366667,-0.010337,0.015371,0.015950,-1.049787,-1.041042,1.551124,-1.523696,0.006779,-0.008673,-0.789176,-1.037263,-1.636358,1.559574,-0.014444,-0.032102
13.400000,-0.022175,0.019851,0.015374,-1.056407,-1.048877,1.562922,-1.525948,0.014638,0.000544,-0.788880,-1.042954,-1.636303,1.566640,-0.015523,-0.029211
13.433333,-0.026273,0.018735,0.025432,-1.048150,-1.049189,1.580048,-1.528200,0.004256,-0.004965,-0.786112,-1.028407,-1.646298,1.557822,0.002295,-0.032394
13.466667,-0.016584,0.022683,0.029586,-1.025755,-1.030556,1.609986,-1.500662,0.013357,0.006024,-0.778764,-1.031173,-1.647214,1.544603,-0.000937,-0.022348
13.500000,-0.010216,0.029607,0.031509,-1.002865,-1.031508,1.622871,-1.494895,0.008438,-0.007775,-0.768061,-1.022181,-1.652498,1.532639,-0.001920,-0.015607
13.533333,-0.033102,0.035264,0.020773,-0.981296,-1.043046,1.635756,-1.501678,0.003590,-0.015612,-0.728255,-1.000584,-1.657770,1.528798,0.011224,0.001045
13.566667,-0.042638,0.047777,0.014601,-0.986254,-1.027440,1.641994,-1.501678,0.002770,-0.004445,-0.724218,-0.986557,-1.656789,1.528798,0.009609,0.015219
13.600000,-0.039180,0.052424,0.012247,-1.000133,-1.033944,1.626526,-1.501678,0.001820,0.004903,-0.723087,-1.002666,-1.662821,1.537615,0.012659,0.023361
13.633333,-0.057720,0.044422,0.000388,-1.012933,-1.048919,1.575647,-1.526846,0.002021,-0.005745,-0.728052,-1.005460,-1.644091,1.547257,0.020596,0.013326
13.666667,-0.051498,0.042793,-0.022905,-1.001359,-1.043274,1.564768,-1.514479,0.012151,0.002046,-0.728382,-1.018000,-1.651900,1.559221,0.021002,0.013821
13.700000,-0.038991,0.043074,-0.009317,-1.008074,-1.031991,1.567917,-1.508254,0.017600,0.002654,-0.748845,-1.037458,-1.661724,1.563062,0.027521,0.014975
13.733333,-0.024779,0.030319,-0.004871,-0.979256,-1.031468,1.550951,-1.498758,0.012881,-0.010292,-0.757499,-1.044469,-1.657871,1.551426,0.030299,-0.000744
13.766667,-0.030152,0.033534,-0.011114,-0.969814,-1.042126,1.559604,-1.498271,0.013313,-0.007494,-0.766528,-1.038748,-1.639579,1.551426,0.027879,0.001115
13.800000,-0.023625,0.033615,-0.002072,-0.974913,-1.046340,1.573475,-1.505458,0.009019,-0.006744,-0.761388,-1.037749,-1.653682,1.558364,0.026721,-0.001493
13.833333,-0.030965,0.035198,0.014510,-1.002566,-1.042445,1.562264,-1.520602,-0.001843,-0.006059,-0.772985,-1.019662,-1.653173,1.547480,0.027698,-0.001220
13.866667,-0.044590,0.040338,0.010410,-1.008456,-1.032937,1.559190,-1.506538,0.001946,0.003440,-0.765241,-1.002106,-1.652661,1.540258,0.019850,-0.012111
13.900000,-0.051240,0.042692,0.013545,-1.025499,-1.045101,1.583506,-1.512327,0.005400,0.006503,-0.757907,-0.990914,-1.664069,1.551894,0.020699,-0.014607
13.933333,-0.052535,0.034878,0.021315,-1.043266,-1.028830,1.571754,-1.524078,0.008596,0.002799,-0.757695,-0.989723,-1.671808,1.551894,0.026625,-0.016978
13.966667,-0.055667,0.046658,0.010058,-1.049078,-1.028901,1.564916,-1.522809,0.002677,0.008330,-0.778815,-0.982406,-1.668467,1.551894,0.017577,-0.011713
14.000000,-0.068331,0.044676,0.004055,-1.042012,-1.033004,1.577522,-1.532872,0.004172,0.003273,-0.772936,-0.985202,-1.657602,1.562304,0.013175,-0.016042
14.033333,-0.049776,0.038630,0.001591,-1.039634,-1.030231,1.573087,-1.552753,-0.006095,-0.008488,-0.786917,-1.001967,-1.646966,1.569526,0.010120,-0.023471
14.066667,-0.042593,0.038997,-0.010166,-1.047019,-1.003242,1.557707,-1.556461,-0.004808,-0.001859,-0.796713,-1.018219,-1.632552,1.569527,-0.014907,-0.012484
14.100000,-0.040422,0.040416,-0.016145,-1.034347,-1.004689,1.557198,-1.559611,-0.004434,-0.011660,-0.778871,-1.013117,-1.629828,1.568038,-0.023649,-0.010305
14.133333,-0.038271,0.028555,-0.009361,-1.022292,-0.984522,1.562590,-1.550455,-0.006945,-0.017259,-0.761868,-1.016894,-1.623782,1.564308,-0.014067,-0.024444
14.166667,-0.021318,0.025166,-0.009257,-1.021479,-0.963304,1.548450,-1.550455,-0.012507,-0.027446,-0.766243,-1.025804,-1.619722,1.555800,-0.016250,-0.026830
14.200000,-0.023686,0.023584,-0.006319,-1.017786,-0.966258,1.548302,-1.548021,-0.006939,-0.021793,-0.757601,-1.036156,-1.617209,1.555800,-0.008897,-0.012906
14.233333,-0.029195,0.030253,0.008023,-0.993816,-0.974745,1.559576,-1.529196,-0.005827,-0.029689,-0.748147,-1.036016,-1.613601,1.555800,0.015380,-0.016057
14.266667,-0.010110,0.044418,0.020139,-0.999772,-0.955136,1.575158,-1.495957,-0.000697,-0.005457,-0.741476,-1.067971,-1.616686,1.557289,0.011020,-0.012692
14.300000,-0.010400,0.050219,0.029433,-1.001603,-0.968598,1.570117,-1.488044,0.000440,0.000959,-0.736197,-1.088454,-1.620221,1.558331,0.006839,-0.003643
14.333333,-0.023924,0.053078,0.017452,-0.986125,-0.967808,1.575975,-1.479978,0.012968,0.007311,-0.724906,-1.094794,-1.615620,1.567313,0.010236,0.002002
14.366667,-0.032412,0.066027,0.018486,-0.990140,-0.966925,1.596980,-1.461598,0.001332,0.017646,-0.723835,-1.091282,-1.621208,1.567313,0.008975,0.009636
14.400000,-0.029823,0.056982,0.018736,-0.999183,-0.982006,1.586470,-1.476559,-0.003572,0.011817,-0.724940,-1.079690,-1.631583,1.567313,0.009840,0.007202
14.433333,-0.045453,0.046427,0.003296,-0.986042,-1.000844,1.575579,-1.511088,-0.009910,-0.003420,-0.747884,-1.040219,-1.617394,1.567313,0.019851,0.006692
14.466667,-0.047259,0.047924,-0.009104,-0.990782,-1.003288,1.586896,-1.529912,-0.003749,-0.010678,-0.740398,-1.017834,-1.622903,1.570000,0.013798,0.020032
14.500000,-0.047429,0.045636,0.006447,-1.002645,-1.021984,1.588391,-1.535329,-0.008803,-0.005771,-0.747264,-1.007297,-1.625633,1.570000,0.014019,0.018584
14.533333,-0.043247,0.037875,0.003323,-0.975844,-1.036327,1.572449,-1.558486,0.005436,-0.012005,-0.742978,-1.010081,-1.623337,1.559231,0.013220,0.011241
14.566667,-0.048958,0.034063,0.000628,-0.975759,-1.053207,1.571360,-1.559882,0.016232,0.002086,-0.743491,-1.014125,-1.623097,1.559231,0.000685,0.019098
14.600000,-0.052595,0.027537,0.003477,-0.974414,-1.055597,1.565751,-1.558786,0.016191,-0.007465,-0.734721,-1.025626,-1.633007,1.559231,-0.003412,0.010835
14.633333,-0.048277,0.023122,0.013966,-0.971332,-1.035522,1.554316,-1.546586,0.009291,-0.005160,-0.756656,-1.021085,-1.634152,1.554268,0.004837,-0.008588
14.666667,-0.045740,0.028598,0.006984,-0.966731,-1.012427,1.566974,-1.533392,0.015180,0.003359,-0.772166,-1.022693,-1.642098,1.554268,0.000896,-0.017719
14.700000,-0.046876,0.024415,0.008100,-0.978917,-0.999082,1.566918,-1.528061,0.010611,-0.002897,-0.772444,-1.015491,-1.633996,1.565037,0.004225,-0.020080
14.733333,-0.034144,0.023401,-0.000959,-0.965851,-0.972024,1.574142,-1.504491,0.005014,-0.012436,-0.784654,-1.032198,-1.632009,1.565037,0.012852,-0.030415
14.766667,-0.031684,0.026567,-0.009768,-0.965580,-0.983387,1.565799,-1.502510,0.003298,-0.013376,-0.781525,-1.037935,-1.631207,1.565037,0.013901,-0.027926
14.800000,-0.038691,0.028085,-0.012892,-0.965431,-1.001089,1.569351,-1.507889,0.004750,-0.013542,-0.764747,-1.055339,-1.618030,1.569853,0.012643,-0.024437
14.833333,-0.046234,0.022397,-0.003686,-0.971723,-1.005556,1.545627,-1.523732,0.001925,-0.022804,-0.753253,-1.046142,-1.603607,1.565503,0.009440,-0.008112
14.866667,-0.045966,0.033049,0.001902,-1.001228,-0.998332,1.522877,-1.518422,0.002854,-0.008622,-0.755124,-1.059007,-1.590155,1.565503,0.003277,-0.001575
14.900000,-0.055015,0.036903,0.011713,-1.019136,-1.002620,1.509510,-1.535474,-0.004194,-0.009175,-0.738099,-1.037141,-1.584445,1.565503,0.005794,0.000221
14.933333,-0.057647,0.033294,0.022573,-1.024109,-0.987314,1.520794,-1.533861,-0.004128,-0.005275,-0.741074,-1.028522,-1.583761,1.565503,0.007219,-0.001745
14.966667,-0.042346,0.028893,0.028981,-1.003772,-1.005669,1.503801,-1.511698,0.007268,-0.005614,-0.724121,-1.007191,-1.564216,1.545650,0.013509,-0.004885
15.000000,-0.021821,0.030178,0.031322,-0.959078,-1.064025,1.474086,-1.462713,0.005224,0.006850,-0.678590,-0.972461,-1.530184,1.518979,0.007995,-0.009341
15.033333,-0.014936,0.021593,0.027446,-0.874384,-1.134073,1.439283,-1.405075,0.001420,-0.005158,-0.619695,-0.921941,-1.483999,1.494557,0.007769,-0.016922
15.066667,-0.016368,0.025935,0.023256,-0.789690,-1.204116,1.364480,-1.325075,-0.001226,-0.001164,-0.540982,-0.878180,-1.403999,1.479612,0.008662,-0.019265
15.100000,-0.005333,0.029561,0.020213,-0.689690,-1.267368,1.264480,-1.225075,-0.011464,-0.002395,-0.470353,-0.854419,-1.303999,1.444667,0.002780,-0.014741
15.133333,-0.010956,0.036292,0.014384,-0.589690,-1.326553,1.164480,-1.125075,-0.023957,-0.002200,-0.425728,-0.870658,-1.203999,1.409722,-0.007970,-0.010183
15.166667,-0.036795,0.040262,-0.008671,-0.489690,-1.365604,1.064480,-1.025075,-0.022796,-0.026163,-0.404642,-0.926897,-1.103999,1.365798,0.000983,-0.017557
15.200000,-0.036289,0.044962,-0.014014,-0.404157,-1.375419,0.964480,-0.925075,-0.017117,-0.030623,-0.383555,-0.998925,-1.003999,1.295274,0.012124,-0.003505
15.233333,-0.027729,0.041250,-0.007612,-0.330473,-1.384561,0.864480,-0.825075,-0.015024,-0.040553,-0.372616,-1.098925,-0.903999,1.195274,0.002274,-0.001603
15.266667,-0.036406,0.042108,-0.014790,-0.256789,-1.400495,0.764480,-0.734747,-0.003879,-0.059064,-0.335120,-1.192685,-0.803999,1.095274,-0.012514,0.001461
15.300000,-0.038627,0.051597,-0.015014,-0.223105,-1.400495,0.664480,-0.681913,-0.004175,-0.056321,-0.306020,-1.274900,-0.743999,1.006584,-0.010658,0.012052
15.333333,-0.019402,0.048302,0.005448,-0.210209,-1.400630,0.564480,-0.652841,-0.009540,-0.049855,-0.272767,-1.337115,-0.710808,0.917894,-0.012971,0.012679
15.366667,-0.009817,0.044318,0.011000,-0.203850,-1.390000,0.469284,-0.634213,-0.002866,-0.034558,-0.269100,-1.376674,-0.717618,0.848965,-0.036625,0.000646
15.400000,-0.008289,0.060773,0.010814,-0.205569,-1.390000,0.414088,-0.655585,-0.009827,-0.031515,-0.260237,-1.376233,-0.764427,0.812696,-0.042011,0.012563
15.433333,-0.000364,0.056449,0.023281,-0.233893,-1.386096,0.385801,-0.702045,-0.009884,-0.014177,-0.289847,-1.382032,-0.844497,0.816428,-0.026928,0.003109
15.466667,0.008071,0.050074,0.026987,-0.243633,-1.368679,0.395858,-0.748921,-0.006668,-0.017464,-0.325057,-1.377323,-0.924369,0.844252,-0.021214,-0.004551
15.500000,0.011232,0.048914,0.025144,-0.270839,-1.366187,0.440743,-0.801514,-0.009185,-0.009669,-0.367630,-1.352614,-1.017432,0.902032,-0.017191,0.011306
15.533333,0.003927,0.049079,0.028620,-0.292743,-1.373636,0.516249,-0.862894,-0.020632,-0.019571,-0.412112,-1.336165,-1.109871,0.980051,-0.006364,0.011116
15.566667,0.012502,0.038653,0.033753,-0.323956,-1.362736,0.574240,-0.912161,-0.006432,-0.009636,-0.490354,-1.343278,-1.202310,1.065409,-0.000884,0.002099
15.600000,0.015999,0.040666,0.040229,-0.347805,-1.353770,0.636154,-0.939403,-0.001030,0.001326,-0.568597,-1.321317,-1.301489,1.150767,-0.006764,0.005852
15.633333,0.010991,0.031262,0.037740,-0.368806,-1.344078,0.683952,-0.968736,-0.006226,0.000697,-0.629181,-1.281410,-1.400864,1.223770,-0.012145,0.002568
15.666667,0.009613,0.031430,0.041176,-0.365450,-1.317531,0.736923,-0.968590,-0.003074,0.001580,-0.703015,-1.260080,-1.490478,1.306722,-0.017024,-0.021190
15.700000,0.019704,0.026640,0.036434,-0.366038,-1.297576,0.765942,-0.986111,-0.005721,-0.013261,-0.772011,-1.244992,-1.573200,1.367061,-0.014225,-0.024875
15.733333,0.010994,0.017602,0.031234,-0.363923,-1.287302,0.792694,-1.000565,-0.013187,-0.017709,-0.801007,-1.210588,-1.628205,1.399956,-0.010112,-0.024992
15.766667,0.003705,0.018155,0.017252,-0.345513,-1.266979,0.818785,-1.004399,-0.012968,-0.017400,-0.805727,-1.172302,-1.662225,1.411813,-0.015147,-0.023746
15.800000,0.002573,0.030296,0.022181,-0.348535,-1.258745,0.835869,-0.998121,-0.006881,-0.001666,-0.803545,-1.170543,-1.670494,1.408788,-0.014334,-0.012883
15.833333,-0.001548,0.025825,0.017446,-0.348390,-1.265090,0.825568,-1.018762,-0.005745,-0.005602,-0.794736,-1.172703,-1.674230,1.399257,-0.010466,-0.003048
15.866667,-0.014470,0.023213,0.006720,-0.336650,-1.272725,0.822188,-1.014365,0.010007,0.003879,-0.764901,-1.143017,-1.660963,1.402363,-0.002801,0.008199
15.900000,-0.010661,0.036286,0.004626,-0.331884,-1.276941,0.820053,-1.012799,0.012753,-0.004148,-0.759521,-1.149083,-1.661612,1.410677,0.002554,0.007733
15.933333,-0.013747,0.033860,0.008777,-0.344795,-1.286623,0.800599,-1.028781,0.003246,-0.020554,-0.763485,-1.154013,-1.650837,1.402830,0.013407,0.001972
15.966667,-0.019684,0.031652,-0.013894,-0.344525,-1.278455,0.803956,-1.039501,0.016562,-0.028147,-0.792010,-1.162415,-1.642770,1.426819,0.022159,-0.008845
16.000000,-0.012224,0.040346,-0.017399,-0.347486,-1.270479,0.804019,-1.033100,0.014830,-0.024786,-0.787162,-1.154587,-1.648999,1.431231,0.024140,-0.003161
16.033333,-0.009679,0.048194,-0.009251,-0.353564,-1.279450,0.785688,-1.026840,0.003542,-0.019481,-0.796103,-1.176025,-1.646316,1.415356,0.012585,-0.013451
16.066667,-0.017636,0.051586,-0.016160,-0.334913,-1.285409,0.750511,-1.018717,-0.007601,-0.012898,-0.808787,-1.170475,-1.641335,1.412321,0.004326,-0.018511
16.100000,-0.016725,0.057140,-0.012897,-0.329090,-1.308919,0.742481,-1.009583,-0.009990,-0.006159,-0.814912,-1.178495,-1.662059,1.429893,0.007455,-0.009623
16.133333,-0.011904,0.053326,0.007082,-0.319729,-1.332430,0.696419,-0.996904,-0.029334,-0.010340,-0.799430,-1.160845,-1.669147,1.410818,-0.004431,-0.010399
16.166667,-0.017196,0.066021,0.011424,-0.312514,-1.335169,0.675203,-0.974518,-0.035618,-0.007483,-0.803850,-1.144179,-1.661179,1.403536,-0.016679,-0.008695
16.200000,-0.022251,0.063783,0.016232,-0.309688,-1.327250,0.661543,-0.973842,-0.029174,-0.008782,-0.803411,-1.129293,-1.686641,1.403198,-0.020923,0.004950
16.233333,-0.005310,0.047628,0.021802,-0.319023,-1.316841,0.649102,-0.970349,-0.021868,-0.017082,-0.806805,-1.135872,-1.697625,1.398846,-0.016957,0.008337
16.266667,0.005854,0.045198,0.016358,-0.303448,-1.292579,0.607699,-0.948201,-0.008134,-0.011388,-0.813768,-1.144071,-1.691358,1.403445,-0.038125,0.000368
16.300000,0.014911,0.044108,0.012072,-0.287067,-1.298292,0.580510,-0.927436,-0.004193,-0.015484,-0.826676,-1.137940,-1.718932,1.418944,-0.038924,0.006840
16.333333,0.019601,0.025950,0.019789,-0.286025,-1.310752,0.527046,-0.920092,0.004342,-0.011309,-0.837460,-1.164561,-1.732128,1.446293,-0.029880,-0.001381
16.366667,0.036884,0.020339,0.020321,-0.283231,-1.320332,0.466026,-0.887853,-0.001199,-0.006562,-0.869505,-1.167597,-1.720106,1.484916,-0.037449,-0.024404
16.400000,0.024398,0.023858,0.020212,-0.268622,-1.338235,0.409754,-0.856056,0.003708,0.000914,-0.874648,-1.169083,-1.730488,1.504386,-0.038448,-0.025947
16.433333,0.020062,0.022298,0.029407,-0.248194,-1.346270,0.378628,-0.824258,-0.006248,-0.004270,-0.871929,-1.149473,-1.746828,1.499628,-0.020351,-0.029110
16.466667,0.028044,0.026124,0.033347,-0.215301,-1.332667,0.371443,-0.772159,0.005312,0.005473,-0.861527,-1.142602,-1.746850,1.491285,-0.023996,-0.020121
16.500000,0.033931,0.032884,0.035162,-0.184404,-1.340249,0.356366,-0.736718,0.002252,-0.007842,-0.851854,-1.124273,-1.756209,1.470617,-0.025052,-0.015375
16.533333,0.011545,0.038457,0.022912,-0.153549,-1.354489,0.341290,-0.717501,-0.002588,-0.016624,-0.816302,-1.098528,-1.769329,1.452238,-0.011837,0.001642
16.566667,0.002494,0.050795,0.016583,-0.153574,-1.341499,0.320742,-0.708426,-0.003808,-0.003824,-0.809097,-1.079856,-1.770321,1.464803,-0.015533,0.016717
16.600000,0.006821,0.056285,0.014153,-0.164519,-1.352257,0.281564,-0.699350,-0.005343,0.004672,-0.806900,-1.089831,-1.774599,1.481877,-0.012770,0.027250
16.633333,-0.009070,0.046989,0.003439,-0.176751,-1.370748,0.214357,-0.708257,-0.008286,-0.005960,-0.813740,-1.091360,-1.762905,1.497454,-0.004591,0.015675
16.666667,-0.003155,0.044220,-0.019848,-0.166442,-1.369417,0.186282,-0.688341,0.002579,0.001603,-0.812614,-1.102695,-1.766824,1.526078,0.000920,0.013872
16.700000,0.008166,0.044804,-0.005929,-0.175544,-1.364303,0.166509,-0.676052,0.010245,0.003567,-0.830101,-1.118583,-1.774333,1.533327,0.008957,0.014045
16.733333,0.024946,0.032635,-0.000698,-0.150807,-1.366741,0.149804,-0.648246,0.007736,-0.009263,-0.839254,-1.125662,-1.772620,1.507999,0.010811,-0.000031
16.766667,0.016533,0.035845,-0.006426,-0.143074,-1.372209,0.155544,-0.636498,0.008831,-0.005953,-0.848365,-1.120945,-1.754367,1.510029,0.010366,0.000266
16.800000,0.020527,0.037690,0.001292,-0.142622,-1.380481,0.156406,-0.640803,0.003485,-0.004738,-0.843863,-1.121644,-1.765193,1.513577,0.010255,0.001044
16.833333,0.014739,0.039531,0.018459,-0.161699,-1.378307,0.135497,-0.654472,-0.008949,-0.005224,-0.855349,-1.106631,-1.765038,1.486416,0.011310,0.006511
16.866667,0.003210,0.046582,0.015693,-0.164893,-1.369864,0.130356,-0.640862,-0.008251,0.004312,-0.846544,-1.096713,-1.765513,1.474464,0.000434,-0.004397
16.900000,-0.008576,0.049768,0.019297,-0.174554,-1.383922,0.153520,-0.648348,-0.004166,0.004922,-0.838124,-1.090818,-1.771884,1.481980,0.003739,-0.006687
16.933333,-0.009441,0.041714,0.027587,-0.183922,-1.376570,0.142678,-0.658592,0.000481,0.001411,-0.835230,-1.098825,-1.776015,1.472594,0.007147,-0.008053
16.966667,-0.010225,0.053000,0.016682,-0.185791,-1.377697,0.139413,-0.658797,-0.004440,0.004770,-0.849903,-1.101323,-1.767348,1.480064,-0.000805,-0.004779
17.000000,-0.024981,0.050729,0.011422,-0.173530,-1.384036,0.158787,-0.673980,-0.000770,-0.000998,-0.838046,-1.115705,-1.749564,1.481138,-0.005417,-0.013706
17.033333,-0.005085,0.044203,0.008164,-0.169461,-1.383045,0.163876,-0.702813,-0.011987,-0.014186,-0.844295,-1.147534,-1.725446,1.482741,-0.008843,-0.017784
17.066667,0.004164,0.043851,-0.004233,-0.181124,-1.357037,0.171819,-0.723875,-0.011826,-0.007136,-0.844824,-1.179877,-1.694003,1.483344,-0.035013,-0.009545
17.100000,0.008562,0.045525,-0.010334,-0.179832,-1.355655,0.208455,-0.750255,-0.013135,-0.018726,-0.820647,-1.188226,-1.674769,1.460849,-0.044541,-0.008252
17.133333,0.010775,0.032394,-0.003178,-0.190045,-1.326922,0.272269,-0.779085,-0.016918,-0.023108,-0.792435,-1.201512,-1.652887,1.425813,-0.038031,-0.022492
17.166667,0.024935,0.028901,-0.003295,-0.222860,-1.290775,0.336082,-0.822223,-0.024480,-0.032833,-0.789383,-1.218502,-1.630740,1.399712,-0.047576,-0.023563
17.200000,0.019799,0.026116,0.000250,-0.251229,-1.278200,0.423947,-0.870368,-0.015275,-0.029783,-0.774264,-1.229089,-1.620652,1.382006,-0.038972,-0.013849
17.233333,0.013067,0.032121,0.015154,-0.266286,-1.269269,0.512471,-0.899115,-0.012776,-0.037394,-0.759831,-1.225754,-1.612990,1.360516,-0.014467,-0.015798
17.266667,0.029763,0.044064,0.027183,-0.303941,-1.234604,0.606308,-0.904812,-0.008035,-0.013461,-0.747961,-1.253817,-1.614865,1.372216,-0.020920,-0.013079
17.300000,0.027022,0.050048,0.037791,-0.334722,-1.236866,0.676779,-0.921905,-0.004357,-0.006610,-0.745867,-1.272743,-1.619709,1.368913,-0.024313,-0.005353
17.333333,0.018180,0.052464,0.026832,-0.335374,-1.231596,0.729031,-0.936354,0.009247,-0.002100,-0.734971,-1.276373,-1.624286,1.387619,-0.015829,0.000124
17.366667,0.011606,0.064816,0.027828,-0.354907,-1.227258,0.785958,-0.933292,-0.003633,0.010145,-0.733764,-1.272273,-1.631368,1.413321,-0.016385,0.007133
17.400000,0.014938,0.054435,0.028015,-0.372712,-1.240104,0.815724,-0.958267,-0.008628,0.007183,-0.735415,-1.260792,-1.644891,1.418538,-0.015931,0.004975
17.433333,-0.001962,0.046949,0.011850,-0.369449,-1.256546,0.831260,-1.004924,-0.015366,-0.007147,-0.760823,-1.217113,-1.632691,1.403517,0.000680,0.003570
17.466667,-0.002818,0.049779,-0.001474,-0.372526,-1.259104,0.845506,-1.044296,-0.009733,-0.013902,-0.752728,-1.195644,-1.639018,1.405430,-0.001533,0.018005
17.500000,-0.004535,0.047929,0.013905,-0.386072,-1.280726,0.853346,-1.052328,-0.015554,-0.006249,-0.759525,-1.182814,-1.642558,1.398824,-0.001473,0.014761
17.533333,-0.001400,0.039809,0.009922,-0.359618,-1.296785,0.835699,-1.073618,-0.003824,-0.010106,-0.757271,-1.184971,-1.640914,1.357764,-0.002524,0.010768
17.566667,-0.003817,0.036872,0.006891,-0.354219,-1.315914,0.822689,-1.070723,0.006342,0.002841,-0.758375,-1.187263,-1.639009,1.356704,-0.013222,0.017877
17.600000,-0.005351,0.029018,0.010991,-0.342711,-1.323675,0.795186,-1.058219,0.006793,-0.007943,-0.750744,-1.203345,-1.651380,1.357208,-0.021326,0.007116
17.633333,-0.003342,0.023274,0.020847,-0.335809,-1.308393,0.766058,-1.026649,-0.001619,-0.005218,-0.774259,-1.197217,-1.654117,1.357070,-0.013419,-0.012655
17.666667,-0.001373,0.029067,0.012642,-0.316782,-1.292295,0.749490,-0.991463,0.004539,0.001707,-0.787865,-1.199520,-1.660913,1.359846,-0.016662,-0.018594
17.700000,-0.003140,0.026179,0.014605,-0.305125,-1.286751,0.719898,-0.950897,0.002999,-0.004589,-0.793213,-1.191121,-1.659546,1.379496,-0.013924,-0.022279
17.733333,0.007031,0.025553,0.006115,-0.269929,-1.274088,0.672830,-0.894516,-0.004299,-0.014298,-0.811852,-1.208160,-1.666372,1.399147,-0.006697,-0.034148
17.766667,0.010436,0.029636,-0.002508,-0.238473,-1.293284,0.614486,-0.830925,-0.004766,-0.015855,-0.812905,-1.211269,-1.675240,1.408411,-0.004981,-0.026605
17.800000,0.006238,0.032489,-0.004405,-0.203983,-1.330767,0.542421,-0.753686,-0.000841,-0.016080,-0.807466,-1.227193,-1.680693,1.421323,-0.008630,-0.021390
17.833333,0.001635,0.027760,0.006286,-0.183644,-1.350001,0.442421,-0.693316,-0.004883,-0.026917,-0.805690,-1.218769,-1.685745,1.425471,-0.010741,-0.007026
17.866667,0.002121,0.038320,0.011589,-0.195936,-1.356473,0.342421,-0.620586,-0.003630,-0.015412,-0.810198,-1.233053,-1.685228,1.447198,-0.015253,-0.002321
17.900000,-0.008412,0.043254,0.021161,-0.197391,-1.368252,0.244486,-0.563817,-0.008196,-0.019988,-0.793607,-1.209549,-1.693594,1.428925,-0.015217,0.002323
17.933333,-0.012830,0.039833,0.031557,-0.199277,-1.364402,0.166550,-0.521099,-0.008083,-0.017618,-0.797015,-1.200228,-1.703112,1.424932,-0.017465,-0.000272
17.966667,-0.010589,0.033910,0.035955,-0.217543,-1.342265,0.128615,-0.518380,0.002914,-0.020036,-0.773887,-1.185537,-1.685678,1.400997,-0.003335,-0.009047
18.000000,-0.006840,0.033095,0.036112,-0.254537,-1.320128,0.130680,-0.536390,0.002288,-0.005617,-0.725755,-1.172743,-1.652488,1.391051,-0.001154,-0.014577
18.033333,-0.013491,0.023814,0.030308,-0.291531,-1.283754,0.172745,-0.592351,-0.004201,-0.018106,-0.664655,-1.149470,-1.607219,1.365670,0.008921,-0.022935
18.066667,-0.024624,0.025744,0.023651,-0.368525,-1.238438,0.252745,-0.672351,-0.006601,-0.010394,-0.606658,-1.126443,-1.527219,1.376185,0.024397,-0.031795
18.100000,-0.025552,0.026862,0.017579,-0.467648,-1.176195,0.352745,-0.772351,-0.017819,-0.007852,-0.538713,-1.114381,-1.453041,1.373904,0.031367,-0.033558
18.133333,-0.032243,0.031370,0.012207,-0.555182,-1.147008,0.452744,-0.872351,-0.031696,-0.005695,-0.496068,-1.117093,-1.384270,1.389135,0.022251,-0.030108
18.166667,-0.054776,0.034138,-0.012156,-0.613131,-1.131506,0.552745,-0.972351,-0.031005,-0.026802,-0.475806,-1.102257,-1.337416,1.397797,0.030588,-0.037802
18.200000,-0.052694,0.038179,-0.017961,-0.671080,-1.107456,0.652745,-1.072351,-0.024030,-0.029830,-0.466101,-1.097899,-1.330562,1.400162,0.037106,-0.022744
18.233333,-0.047485,0.035257,-0.012227,-0.713259,-1.101722,0.752745,-1.167467,-0.024756,-0.036297,-0.463694,-1.112932,-1.323709,1.383088,0.029010,-0.021355
18.266667,-0.056792,0.036236,-0.020463,-0.716314,-1.117716,0.852744,-1.241520,-0.014871,-0.052231,-0.462553,-1.098370,-1.291898,1.373752,0.015633,-0.017539
18.300000,-0.060454,0.046148,-0.021794,-0.730960,-1.112993,0.952744,-1.298409,-0.013535,-0.047421,-0.468620,-1.101590,-1.294680,1.386904,0.017818,-0.004785
18.333333,-0.043921,0.042956,-0.000276,-0.761263,-1.112972,1.052745,-1.334412,-0.022166,-0.040701,-0.466607,-1.124814,-1.293177,1.375057,0.016282,-0.004353
18.366667,-0.036714,0.038177,0.005716,-0.765722,-1.108498,1.152745,-1.330415,-0.015331,-0.021875,-0.476874,-1.118371,-1.274775,1.356042,-0.005290,-0.017012
18.400000,-0.034504,0.053312,0.004947,-0.765149,-1.104024,1.252745,-1.320770,-0.021666,-0.020620,-0.460687,-1.090124,-1.296373,1.341683,-0.015336,-0.000273
18.433333,-0.026395,0.049829,0.019079,-0.786362,-1.094777,1.330013,-1.316466,-0.021307,-0.003729,-0.469019,-1.100504,-1.317106,1.348932,0.000659,-0.009512
18.466667,-0.016689,0.043712,0.022786,-0.782764,-1.085646,1.386961,-1.315707,-0.019699,-0.007305,-0.484840,-1.102152,-1.317258,1.332069,0.006063,-0.017975
18.500000,-0.012758,0.044673,0.019710,-0.787562,-1.096814,1.424160,-1.320042,-0.019173,-0.000793,-0.488942,-1.083794,-1.335433,1.329803,0.007429,-0.000195
18.533333,-0.017777,0.046416,0.023756,-0.786749,-1.120934,1.439209,-1.335056,-0.031198,-0.014013,-0.485658,-1.095104,-1.330508,1.344674,0.020594,-0.000126
18.566667,-0.010084,0.037332,0.031280,-0.795234,-1.130195,1.427775,-1.343795,-0.015930,-0.008061,-0.503509,-1.145949,-1.305488,1.378114,0.031051,-0.011333
18.600000,-0.007584,0.039571,0.038577,-0.802746,-1.138313,1.428538,-1.338974,-0.008676,0.001728,-0.518003,-1.175575,-1.311813,1.391370,0.024035,-0.008960
18.633333,-0.012260,0.032380,0.037140,-0.807162,-1.141298,1.425207,-1.343749,-0.013967,0.000906,-0.492497,-1.173934,-1.309598,1.388737,0.018823,-0.009616
18.666667,-0.011828,0.032055,0.042141,-0.787828,-1.125273,1.441626,-1.324314,-0.008603,0.002298,-0.504409,-1.199801,-1.294705,1.405309,0.013745,-0.035252
18.700000,-0.003061,0.027166,0.037295,-0.781873,-1.113178,1.446393,-1.330807,-0.011767,-0.011522,-0.522299,-1.217295,-1.303661,1.411132,0.015165,-0.038954
18.733333,-0.011469,0.019004,0.032429,-0.771823,-1.107361,1.453277,-1.334049,-0.018856,-0.015659,-0.520831,-1.199154,-1.306413,1.386613,0.014860,-0.042071
18.766667,-0.018956,0.019970,0.017982,-0.741008,-1.092764,1.454720,-1.328655,-0.020098,-0.013560,-0.499408,-1.169472,-1.294269,1.365540,0.007834,-0.038049
18.800000,-0.021292,0.030146,0.021474,-0.738100,-1.086727,1.456223,-1.315737,-0.016143,0.000275,-0.492535,-1.178169,-1.285723,1.354749,0.006059,-0.029751
18.833333,-0.028903,0.026318,0.015056,-0.735206,-1.094747,1.433097,-1.329691,-0.017873,-0.003564,-0.479403,-1.180363,-1.276505,1.340463,0.010396,-0.019162
18.866667,-0.043694,0.023681,0.004868,-0.716602,-1.101981,1.418047,-1.319630,-0.000190,0.003752,-0.451958,-1.150929,-1.259975,1.341110,0.015389,-0.007486
18.900000,-0.039321,0.037056,0.001576,-0.706915,-1.105096,1.410885,-1.318042,0.001866,-0.002274,-0.443209,-1.157553,-1.257793,1.349935,0.022835,-0.004051
18.933333,-0.041214,0.034991,0.005635,-0.719719,-1.114038,1.390056,-1.333608,-0.007651,-0.023415,-0.447170,-1.164624,-1.243751,1.341372,0.034368,-0.012017
18.966667,-0.045965,0.034316,-0.015847,-0.717997,-1.107095,1.393580,-1.345032,0.006782,-0.033062,-0.476581,-1.173314,-1.231223,1.362529,0.045317,-0.020846
19.000000,-0.037351,0.043974,-0.019006,-0.718774,-1.096486,1.398093,-1.341075,0.007890,-0.029641,-0.472250,-1.166437,-1.236391,1.365662,0.050163,-0.015144
19.033333,-0.033350,0.051873,-0.011673,-0.728792,-1.105380,1.388332,-1.340473,-0.006688,-0.022474,-0.478409,-1.188191,-1.230199,1.344715,0.041230,-0.025773
19.066667,-0.040857,0.054710,-0.018943,-0.714244,-1.110162,1.364266,-1.338358,-0.019208,-0.016893,-0.486818,-1.184777,-1.216860,1.335343,0.032801,-0.030921
19.100000,-0.039851,0.058277,-0.014722,-0.710194,-1.131223,1.369844,-1.336537,-0.020577,-0.009438,-0.490250,-1.192799,-1.235621,1.349920,0.034782,-0.019832
19.133333,-0.035921,0.054117,0.005308,-0.703350,-1.152285,1.336953,-1.331601,-0.039504,-0.011946,-0.469081,-1.177961,-1.238391,1.324812,0.021277,-0.021143
19.166667,-0.042164,0.066301,0.010716,-0.697008,-1.154503,1.325010,-1.317286,-0.046038,-0.010075,-0.469435,-1.162403,-1.227959,1.316355,0.010995,-0.020665
19.200000,-0.046647,0.064652,0.015422,-0.694020,-1.141366,1.332069,-1.325946,-0.038336,-0.013046,-0.462790,-1.151248,-1.246560,1.311473,0.007162,-0.009467
19.233333,-0.029889,0.047657,0.021618,-0.700621,-1.127768,1.332785,-1.332663,-0.029906,-0.019951,-0.462031,-1.159693,-1.251861,1.304248,0.011988,-0.008970
19.266667,-0.019952,0.047040,0.014964,-0.683411,-1.096644,1.313080,-1.319846,-0.017281,-0.014255,-0.460180,-1.170575,-1.232502,1.301794,-0.005744,-0.018322
19.300000,-0.010712,0.045997,0.009528,-0.665784,-1.094782,1.310906,-1.319292,-0.011796,-0.019972,-0.466313,-1.164319,-1.249220,1.316670,-0.004952,-0.012935
19.333333,-0.007791,0.026164,0.015927,-0.662962,-1.102255,1.283939,-1.333824,-0.004460,-0.017736,-0.465983,-1.193346,-1.246129,1.336407,0.003393,-0.021921
19.366667,0.009790,0.019913,0.015577,-0.654959,-1.110814,1.237970,-1.328096,-0.007863,-0.012318,-0.493524,-1.199902,-1.227543,1.384231,-0.004306,-0.045047
19.400000,-0.004213,0.023740,0.014766,-0.638137,-1.124577,1.214572,-1.325676,0.000982,-0.004546,-0.489607,-1.205430,-1.222196,1.405302,-0.006362,-0.044983
19.433333,-0.006797,0.022575,0.023107,-0.612382,-1.132440,1.207113,-1.323256,-0.009431,-0.010547,-0.483285,-1.189396,-1.233153,1.400621,0.012702,-0.046846
19.466667,0.002555,0.026000,0.027236,-0.577955,-1.119497,1.220593,-1.292015,-0.001056,0.000941,-0.469732,-1.185978,-1.228000,1.387725,0.008512,-0.037166
19.500000,0.012965,0.033281,0.029943,-0.545818,-1.125996,1.221558,-1.280861,-0.005282,-0.012776,-0.457076,-1.172514,-1.230022,1.365759,0.008187,-0.031009
19.533333,-0.009352,0.039436,0.018722,-0.518451,-1.145078,1.222523,-1.280149,-0.010506,-0.021394,-0.412199,-1.149956,-1.229687,1.332930,0.021236,-0.012177
19.566667,-0.017382,0.051707,0.012325,-0.521563,-1.136231,1.227819,-1.287785,-0.015706,-0.010823,-0.402814,-1.133993,-1.229529,1.340101,0.018372,0.002806
19.600000,-0.015327,0.055898,0.011474,-0.539793,-1.148897,1.212399,-1.295420,-0.014097,-0.000900,-0.397424,-1.145026,-1.228255,1.353601,0.017203,0.011218
19.633333,-0.032713,0.047062,0.000952,-0.555715,-1.170578,1.165879,-1.316332,-0.013293,-0.011379,-0.401672,-1.146314,-1.211879,1.365251,0.025457,-0.001398
19.666667,-0.030693,0.044132,-0.022442,-0.550656,-1.170478,1.159359,-1.302123,-0.004591,-0.001908,-0.402277,-1.157564,-1.220751,1.392096,0.032080,-0.002036
19.700000,-0.019487,0.043261,-0.008516,-0.564201,-1.162662,1.168746,-1.293651,-0.001058,-0.001131,-0.421717,-1.173479,-1.232411,1.397313,0.039368,-0.000825
19.733333,-0.004617,0.031244,-0.003040,-0.542566,-1.166262,1.154545,-1.265021,-0.002891,-0.013796,-0.433166,-1.177494,-1.232749,1.370187,0.040892,-0.015457
19.766667,-0.011059,0.033971,-0.009342,-0.536428,-1.179565,1.164983,-1.247072,-0.003250,-0.011387,-0.443993,-1.169795,-1.219423,1.372930,0.039668,-0.013837
19.800000,-0.007013,0.036006,-0.001539,-0.539227,-1.188391,1.174701,-1.250908,-0.009704,-0.010810,-0.439979,-1.170902,-1.232884,1.381172,0.040670,-0.013881
19.833333,-0.011547,0.038344,0.015034,-0.562027,-1.189620,1.157250,-1.257535,-0.020136,-0.012303,-0.451809,-1.149677,-1.237175,1.356147,0.038014,-0.011828
19.866667,-0.024199,0.045972,0.011846,-0.563384,-1.183412,1.145162,-1.232164,-0.014028,-0.003378,-0.448103,-1.130549,-1.244110,1.346678,0.030227,-0.022647
19.900000,-0.032677,0.048503,0.015305,-0.571506,-1.202305,1.162355,-1.228352,-0.013474,-0.001404,-0.444398,-1.120448,-1.258330,1.360601,0.031307,-0.023469
19.933333,-0.033547,0.041469,0.022206,-0.579484,-1.193394,1.140106,-1.227078,-0.011313,-0.004142,-0.446986,-1.119533,-1.272294,1.359314,0.038566,-0.024680
19.966667,-0.035753,0.051313,0.011601,-0.577275,-1.200060,1.122427,-1.210733,-0.017013,-0.000996,-0.472095,-1.108443,-1.278796,1.375629,0.028139,-0.018750
20.000000,-0.047639,0.049012,0.005696,-0.559624,-1.214508,1.123472,-1.208200,-0.012677,-0.005626,-0.469047,-1.111563,-1.273692,1.387969,0.026062,-0.025100
20.033333,-0.028373,0.042862,0.003137,-0.550937,-1.221701,1.107548,-1.213532,-0.024580,-0.018294,-0.486760,-1.127092,-1.268047,1.407586,0.020947,-0.032996
20.066667,-0.020583,0.043395,-0.009747,-0.558183,-1.199504,1.087301,-1.207248,-0.020904,-0.009421,-0.498639,-1.138064,-1.260155,1.424008,-0.001115,-0.025774
20.100000,-0.017268,0.043958,-0.015244,-0.545854,-1.205111,1.085585,-1.201118,-0.020744,-0.022915,-0.484266,-1.130022,-1.263017,1.418922,-0.010674,-0.027383
20.133333,-0.011735,0.032080,-0.009579,-0.540856,-1.186625,1.098285,-1.187153,-0.023196,-0.028287,-0.470389,-1.131778,-1.263609,1.400940,-0.001998,-0.041317
20.166667,0.000593,0.028803,-0.009288,-0.551961,-1.167129,1.094323,-1.192684,-0.028943,-0.036807,-0.474360,-1.137691,-1.260247,1.394242,-0.011487,-0.043034
20.200000,-0.003160,0.027027,-0.006561,-0.555934,-1.171354,1.103594,-1.194049,-0.023242,-0.032239,-0.465397,-1.142368,-1.259697,1.389351,-0.005561,-0.029827
20.233333,-0.008287,0.033250,0.008936,-0.544717,-1.182167,1.121714,-1.174232,-0.023156,-0.042763,-0.457415,-1.139282,-1.259104,1.377750,0.018076,-0.030030
20.266667,0.010522,0.047604,0.021680,-0.558555,-1.167923,1.142695,-1.141046,-0.017496,-0.017294,-0.449261,-1.167788,-1.259524,1.399082,0.011998,-0.022526
20.300000,0.007552,0.055144,0.032403,-0.564067,-1.185805,1.138725,-1.131069,-0.012551,-0.010315,-0.438112,-1.184994,-1.258857,1.402629,0.011584,-0.014020
20.333333,-0.000407,0.058023,0.021195,-0.549759,-1.186295,1.141154,-1.114851,-0.002427,-0.006879,-0.425245,-1.187881,-1.254608,1.421731,0.020708,-0.007181
20.366667,-0.008336,0.069893,0.021672,-0.558061,-1.185862,1.165022,-1.097886,-0.013715,0.006634,-0.422446,-1.186011,-1.260674,1.448688,0.024073,-0.000631
20.400000,-0.004605,0.060810,0.021278,-0.563679,-1.203245,1.153780,-1.115164,-0.020154,0.004377,-0.417067,-1.173817,-1.264264,1.454499,0.025157,-0.000868
20.433333,-0.021295,0.051471,0.005583,-0.549689,-1.221380,1.147133,-1.156289,-0.025950,-0.009703,-0.439586,-1.131454,-1.249655,1.437797,0.039220,-0.003779
20.466667,-0.023113,0.052119,-0.007500,-0.553789,-1.221730,1.155719,-1.187754,-0.023201,-0.015366,-0.431133,-1.109504,-1.252529,1.438212,0.032486,0.008745
20.500000,-0.025135,0.050555,0.008281,-0.561858,-1.240683,1.156853,-1.193113,-0.026949,-0.007990,-0.435307,-1.099858,-1.251759,1.430900,0.030958,0.005458
20.533333,-0.024095,0.042184,0.004279,-0.530595,-1.255773,1.131926,-1.215743,-0.013833,-0.015264,-0.427554,-1.102031,-1.244686,1.389975,0.027123,-0.000162
20.566667,-0.031184,0.037221,0.001302,-0.528624,-1.270992,1.128239,-1.218953,-0.000682,-0.004688,-0.429019,-1.105127,-1.242811,1.389050,0.013351,0.003114
20.600000,-0.035306,0.030137,0.004164,-0.521848,-1.273687,1.111644,-1.213778,-0.001801,-0.013013,-0.416338,-1.121523,-1.247205,1.386571,0.007813,-0.005497
20.633333,-0.030485,0.025855,0.014758,-0.518665,-1.257562,1.096727,-1.194132,-0.006841,-0.009599,-0.436324,-1.117506,-1.246882,1.383919,0.017851,-0.024695
20.666667,-0.029075,0.030238,0.006955,-0.514894,-1.235547,1.107970,-1.185477,-0.001635,-0.004473,-0.450947,-1.119555,-1.254541,1.382596,0.012317,-0.031493
20.700000,-0.028405,0.026882,0.009688,-0.525385,-1.223090,1.106302,-1.179811,-0.007466,-0.010260,-0.452837,-1.111548,-1.241801,1.394500,0.016985,-0.033589
20.733333,-0.016598,0.027158,0.001443,-0.509513,-1.195953,1.109473,-1.154102,-0.014278,-0.018473,-0.465441,-1.128133,-1.241019,1.406403,0.026252,-0.042170
20.766667,-0.012634,0.030655,-0.007266,-0.508220,-1.205646,1.099565,-1.151947,-0.014632,-0.020163,-0.464294,-1.134125,-1.239218,1.407511,0.027080,-0.035794
20.800000,-0.018099,0.033721,-0.010967,-0.502069,-1.220703,1.098130,-1.157433,-0.015107,-0.023239,-0.452418,-1.152602,-1.226414,1.413665,0.022967,-0.032865
20.833333,-0.022169,0.027741,-0.001168,-0.503925,-1.223047,1.070052,-1.170743,-0.017920,-0.030740,-0.443965,-1.145118,-1.215107,1.412207,0.020991,-0.019738
20.866667,-0.022053,0.036766,0.003678,-0.530852,-1.213107,1.048119,-1.166444,-0.015101,-0.018708,-0.447981,-1.161226,-1.211105,1.431136,0.013257,-0.015480
20.900000,-0.030569,0.041995,0.012784,-0.545204,-1.216715,1.033929,-1.187585,-0.020444,-0.022736,-0.431870,-1.141817,-1.206108,1.413233,0.013992,-0.013328
20.933333,-0.033789,0.039519,0.023119,-0.550490,-1.200322,1.039739,-1.189709,-0.021401,-0.022566,-0.435759,-1.132826,-1.208990,1.413978,0.012920,-0.017068
20.966667,-0.024315,0.032548,0.030241,-0.529914,-1.207333,1.017953,-1.168323,-0.004902,-0.017694,-0.457709,-1.151350,-1.229279,1.392733,0.015750,-0.017673
21.000000,-0.012038,0.033824,0.032695,-0.527259,-1.247282,1.022809,-1.122203,-0.001900,-0.002305,-0.492842,-1.186674,-1.272630,1.355901,0.005751,-0.017067
21.033333,-0.006481,0.025722,0.028038,-0.524604,-1.281002,1.058084,-1.071532,0.001252,-0.008201,-0.552715,-1.211083,-1.341005,1.279069,0.002230,-0.020947
21.066667,-0.013029,0.027232,0.023580,-0.549206,-1.298877,1.094649,-1.026520,0.002925,0.003873,-0.622375,-1.232078,-1.421005,1.238186,0.004252,-0.023988
21.100000,-0.006489,0.027195,0.020282,-0.575644,-1.296751,1.151213,-0.995207,-0.000904,0.011770,-0.688973,-1.258214,-1.517844,1.195649,-0.001611,-0.019400
21.133333,-0.014288,0.031228,0.014740,-0.631951,-1.285521,1.231332,-0.991747,-0.011939,0.013075,-0.742792,-1.264071,-1.582885,1.175090,-0.013505,-0.015701
21.166667,-0.034923,0.033081,-0.010102,-0.654946,-1.243593,1.311450,-1.014479,-0.009055,-0.003644,-0.780308,-1.239088,-1.637232,1.194531,-0.003943,-0.022865
21.200000,-0.036612,0.037154,-0.016708,-0.677941,-1.183022,1.395004,-1.062390,-0.005641,-0.004318,-0.788454,-1.217308,-1.691578,1.238192,0.008329,-0.008475
21.233333,-0.029521,0.032533,-0.011454,-0.693238,-1.146851,1.444749,-1.109790,-0.002170,-0.010356,-0.797715,-1.208248,-1.710615,1.263138,-0.003008,-0.005282
21.266667,-0.035797,0.032511,-0.020193,-0.689355,-1.134249,1.455822,-1.143086,0.009061,-0.023254,-0.800908,-1.174623,-1.693717,1.285785,-0.019534,-0.002508
21.300000,-0.037409,0.043059,-0.021445,-0.695604,-1.113985,1.483342,-1.171466,0.011533,-0.014577,-0.809029,-1.161278,-1.708616,1.326455,-0.015659,0.008215
21.333333,-0.022578,0.041114,-0.000849,-0.719037,-1.107731,1.490227,-1.193929,0.003720,-0.006992,-0.807832,-1.165368,-1.713372,1.332233,-0.017007,0.007045
21.366667,-0.013800,0.036054,0.005730,-0.717657,-1.098633,1.464410,-1.187323,0.009951,0.009634,-0.815374,-1.149171,-1.700712,1.323484,-0.038845,-0.002568
21.400000,-0.010834,0.050423,0.004961,-0.715732,-1.090453,1.464672,-1.182342,0.001599,0.013680,-0.798414,-1.119184,-1.723360,1.318661,-0.044704,0.010442
21.433333,-0.005843,0.047441,0.018642,-0.739578,-1.077922,1.479225,-1.181507,-0.000682,0.029812,-0.805488,-1.128620,-1.745106,1.331950,-0.027526,-0.000574
21.466667,0.002593,0.041297,0.022275,-0.738159,-1.065953,1.477175,-1.184938,0.002458,0.023188,-0.820415,-1.123514,-1.748981,1.322385,-0.020856,-0.009433
21.500000,0.005500,0.040124,0.021259,-0.746151,-1.075339,1.476476,-1.191800,0.003761,0.028088,-0.825418,-1.101288,-1.771303,1.324751,-0.017816,0.005745
21.533333,0.000666,0.041780,0.025692,-0.749989,-1.100923,1.487289,-1.210284,-0.005661,0.015669,-0.826533,-1.107060,-1.771042,1.347100,-0.007153,0.002147
21.566667,0.009171,0.034062,0.033363,-0.763469,-1.110808,1.480450,-1.217722,0.011244,0.024413,-0.845013,-1.147781,-1.753748,1.381729,0.000503,-0.007941
21.600000,0.012432,0.035241,0.040003,-0.770545,-1.122130,1.485294,-1.208539,0.019209,0.032955,-0.863693,-1.168810,-1.768402,1.396892,-0.005858,-0.000737
21.633333,0.007182,0.027421,0.038072,-0.776032,-1.131355,1.481443,-1.210867,0.011802,0.033600,-0.842374,-1.164379,-1.771000,1.394909,-0.012537,-0.001116
21.666667,0.006665,0.027484,0.040654,-0.763105,-1.120462,1.496875,-1.189489,0.016355,0.033520,-0.856598,-1.179780,-1.755073,1.415889,-0.017464,-0.020784
21.700000,0.013471,0.022934,0.036374,-0.760605,-1.110476,1.504557,-1.189879,0.012593,0.018670,-0.876062,-1.188993,-1.771951,1.425117,-0.014527,-0.025562
21.733333,0.005064,0.013689,0.030079,-0.751917,-1.109334,1.515467,-1.190722,0.004385,0.010599,-0.875432,-1.167877,-1.776335,1.408760,-0.009876,-0.027083
21.766667,-0.003732,0.016277,0.017053,-0.726143,-1.096068,1.529018,-1.188069,0.003585,0.012457,-0.851504,-1.130149,-1.765140,1.398173,-0.017462,-0.028556
21.800000,-0.006345,0.027719,0.021252,-0.727225,-1.088701,1.541705,-1.174611,0.008275,0.026137,-0.845002,-1.129056,-1.761203,1.396218,-0.016588,-0.017487
21.833333,-0.011016,0.023622,0.016617,-0.727364,-1.097582,1.528010,-1.189096,0.006063,0.020955,-0.830584,-1.130245,-1.762635,1.386255,-0.012696,-0.010391
21.866667,-0.024608,0.021450,0.005486,-0.711567,-1.107492,1.520799,-1.184430,0.022277,0.030007,-0.800231,-1.097620,-1.745135,1.388467,-0.004264,0.001624
21.900000,-0.019257,0.035895,0.004211,-0.706163,-1.108843,1.516057,-1.183639,0.024513,0.026592,-0.794921,-1.100376,-1.746166,1.399228,0.000252,0.002486
21.933333,-0.020840,0.033521,0.006535,-0.722447,-1.119225,1.493714,-1.197708,0.015252,0.009310,-0.801298,-1.103359,-1.735193,1.391120,0.013970,-0.001793
21.966667,-0.022198,0.031330,-0.015848,-0.722528,-1.113242,1.497392,-1.211873,0.028181,-0.000643,-0.829831,-1.109706,-1.724289,1.414372,0.024222,-0.015194
22.000000,-0.013488,0.040687,-0.019449,-0.724209,-1.102097,1.499389,-1.208462,0.029739,0.003660,-0.826279,-1.102688,-1.728931,1.418072,0.027841,-0.010346
22.033333,-0.009067,0.047730,-0.012642,-0.733863,-1.109405,1.483842,-1.202525,0.018802,0.007847,-0.837365,-1.122942,-1.726943,1.400120,0.014342,-0.019320
22.066667,-0.016106,0.049884,-0.020791,-0.721025,-1.115065,1.460972,-1.199581,0.006985,0.013416,-0.845535,-1.116342,-1.716830,1.389956,0.004040,-0.023477
22.100000,-0.015272,0.054041,-0.016814,-0.718906,-1.135402,1.465756,-1.198861,0.009115,0.019655,-0.850321,-1.128438,-1.739071,1.404476,0.004003,-0.012655
22.133333,-0.012555,0.049789,0.003145,-0.714537,-1.155739,1.435941,-1.191147,-0.010157,0.020487,-0.832607,-1.112708,-1.744652,1.379004,-0.010199,-0.011332
22.166667,-0.019132,0.062761,0.007390,-0.712616,-1.159684,1.430922,-1.177287,-0.021326,0.023560,-0.831736,-1.096046,-1.736029,1.369247,-0.019030,-0.009328
22.200000,-0.023401,0.061217,0.013838,-0.717795,-1.146669,1.447240,-1.185908,-0.013507,0.023578,-0.828772,-1.083752,-1.759172,1.361188,-0.021701,0.004564
22.233333,-0.010762,0.044986,0.019963,-0.732636,-1.131585,1.455614,-1.193762,-0.007979,0.014438,-0.828842,-1.096155,-1.767448,1.354414,-0.016591,0.004499
22.266667,0.001870,0.043203,0.013726,-0.726036,-1.100567,1.449482,-1.180911,0.001774,0.020507,-0.831824,-1.105733,-1.752138,1.346785,-0.034655,-0.004900
22.300000,0.012172,0.042251,0.009542,-0.725407,-1.094766,1.464637,-1.180327,0.006007,0.014989,-0.838761,-1.103137,-1.772282,1.356689,-0.035544,-0.001732
22.333333,0.016044,0.022712,0.017198,-0.739633,-1.095474,1.459222,-1.195584,0.014018,0.016355,-0.846773,-1.132413,-1.773781,1.373691,-0.029697,-0.011226
22.366667,0.030490,0.017212,0.017279,-0.752817,-1.096789,1.433989,-1.194040,0.010632,0.018667,-0.876500,-1.142900,-1.754577,1.420547,-0.037229,-0.035612
22.400000,0.019690,0.020661,0.017022,-0.760159,-1.105306,1.442829,-1.196189,0.018454,0.026889,-0.880075,-1.148591,-1.756719,1.438758,-0.041206,-0.031764
22.433333,0.015137,0.017813,0.027549,-0.754254,-1.101080,1.461679,-1.198339,0.009269,0.020089,-0.874377,-1.134489,-1.765604,1.435246,-0.026472,-0.036482
22.466667,0.020275,0.021298,0.031664,-0.730855,-1.081400,1.493982,-1.178149,0.020166,0.028573,-0.867113,-1.137136,-1.761431,1.422394,-0.030662,-0.026983
22.500000,0.027649,0.026910,0.035231,-0.711378,-1.083028,1.510124,-1.174992,0.022804,0.017412,-0.858838,-1.128556,-1.766279,1.399347,-0.029148,-0.023546
22.533333,0.007690,0.031929,0.023738,-0.691862,-1.094838,1.526333,-1.186446,0.017069,0.011458,-0.819311,-1.108102,-1.772715,1.366587,-0.017699,-0.005730
22.566667,-0.000416,0.043814,0.018478,-0.698155,-1.078579,1.539065,-1.202609,0.017275,0.024725,-0.813824,-1.094602,-1.771766,1.373826,-0.020262,0.005478
22.600000,0.001524,0.049131,0.016429,-0.719756,-1.085622,1.526472,-1.218773,0.015141,0.034994,-0.815058,-1.109251,-1.779610,1.387931,-0.014497,0.013599
22.633333,-0.015822,0.040982,0.005110,-0.737256,-1.099493,1.483106,-1.245280,0.009759,0.022525,-0.819475,-1.110822,-1.764323,1.404968,-0.005956,0.003663
22.666667,-0.010399,0.039166,-0.019088,-0.731936,-1.092005,1.479741,-1.235384,0.017073,0.028923,-0.820908,-1.122950,-1.772198,1.436851,-0.002138,0.007481
22.700000,0.000180,0.039941,-0.006192,-0.740972,-1.077774,1.490139,-1.230730,0.021642,0.031543,-0.840744,-1.138616,-1.782317,1.445993,0.003927,0.007740
22.733333,0.015037,0.026421,-0.002453,-0.718183,-1.073544,1.472937,-1.209343,0.017038,0.016469,-0.849513,-1.144099,-1.778367,1.419784,0.007878,-0.005536
22.766667,0.007092,0.030268,-0.008960,-0.707372,-1.082451,1.485232,-1.201699,0.016451,0.016814,-0.858582,-1.136787,-1.758571,1.423009,0.008911,-0.001933
22.800000,0.012517,0.030799,-0.000281,-0.716446,-1.089034,1.499045,-1.210914,0.014987,0.016741,-0.858719,-1.136926,-1.773062,1.428320,0.010188,-0.002723
22.833333,0.007284,0.031921,0.016639,-0.740019,-1.084748,1.487416,-1.227061,0.002659,0.019540,-0.867818,-1.116995,-1.774277,1.400863,0.008595,-0.003355
22.866667,-0.003879,0.037527,0.014049,-0.747221,-1.074118,1.483263,-1.211531,0.006135,0.027735,-0.861798,-1.100524,-1.775388,1.389029,-0.000700,-0.016132
22.900000,-0.014052,0.040747,0.017699,-0.759861,-1.089195,1.509239,-1.216500,0.011828,0.029556,-0.860109,-1.091138,-1.788968,1.400124,-0.000136,-0.017168
22.933333,-0.011409,0.032995,0.024727,-0.775524,-1.074985,1.495541,-1.221063,0.019134,0.026813,-0.861839,-1.093644,-1.799134,1.398073,0.000866,-0.018640
22.966667,-0.009997,0.043902,0.014295,-0.775464,-1.071772,1.483231,-1.210716,0.015220,0.032680,-0.882395,-1.085684,-1.798400,1.413117,-0.007691,-0.013531
23.000000,-0.025742,0.042130,0.008605,-0.760495,-1.075797,1.486357,-1.215069,0.015565,0.026829,-0.880066,-1.091437,-1.790963,1.423657,-0.009132,-0.016744
23.033333,-0.006059,0.034523,0.005105,-0.747193,-1.075118,1.467000,-1.228622,0.003878,0.014413,-0.897778,-1.110727,-1.784516,1.439614,-0.013550,-0.021590
23.066667,0.001927,0.036023,-0.006713,-0.743460,-1.046542,1.429504,-1.226182,0.002191,0.023845,-0.908537,-1.126225,-1.773427,1.454426,-0.035231,-0.015262
23.100000,0.003050,0.037472,-0.012636,-0.713649,-1.047253,1.402627,-1.226850,-0.001181,0.011267,-0.895106,-1.120359,-1.774724,1.446719,-0.042112,-0.016054
23.133333,0.002671,0.026035,-0.006572,-0.683883,-1.024467,1.375794,-1.220805,-0.004517,0.005749,-0.878749,-1.125609,-1.769657,1.426858,-0.032454,-0.033126
23.166667,0.019028,0.022781,-0.006395,-0.655080,-1.003320,1.318966,-1.232125,-0.009387,-0.005120,-0.882850,-1.135968,-1.763048,1.421283,-0.038534,-0.035246
23.200000,0.011522,0.022998,-0.003249,-0.618819,-1.002243,1.264029,-1.233095,-0.002342,-0.002869,-0.873885,-1.143739,-1.757355,1.414949,-0.030722,-0.024723
23.233333,0.006619,0.028706,0.010451,-0.564664,-1.011947,1.227013,-1.216094,0.000252,-0.011156,-0.862800,-1.143923,-1.752133,1.405698,-0.008993,-0.026153
23.266667,0.025227,0.042845,0.023487,-0.534132,-0.995759,1.179378,-1.182648,0.005462,0.015691,-0.852453,-1.175894,-1.752672,1.425999,-0.015051,-0.021470
23.300000,0.025193,0.049378,0.033365,-0.498437,-1.015544,1.119566,-1.172683,0.006742,0.024482,-0.847274,-1.196094,-1.756295,1.428641,-0.019805,-0.011656
23.333333,0.014556,0.053180,0.021785,-0.459144,-1.018682,1.070771,-1.142510,0.021191,0.031137,-0.838179,-1.202156,-1.755829,1.443653,-0.016155,-0.005703
23.366667,0.010132,0.065493,0.022322,-0.448145,-1.024474,1.053616,-1.111170,0.010616,0.043757,-0.835080,-1.204145,-1.763637,1.470840,-0.012824,0.003166
23.400000,0.014961,0.057176,0.022677,-0.440384,-1.045130,0.999304,-1.112268,0.004608,0.037886,-0.835005,-1.196415,-1.774155,1.474512,-0.010830,0.002357
23.433333,-0.000419,0.048359,0.006345,-0.423469,-1.067860,0.977361,-1.135733,-0.000684,0.022557,-0.858240,-1.158931,-1.758922,1.457175,0.001694,0.002219
23.466667,-0.004410,0.050467,-0.006591,-0.427713,-1.072595,0.972732,-1.149739,0.004482,0.015277,-0.852074,-1.141787,-1.763582,1.453136,-0.002603,0.015773
23.500000,-0.006497,0.048292,0.008927,-0.436651,-1.096940,0.966280,-1.148543,0.000639,0.018840,-0.856049,-1.135781,-1.765369,1.441730,-0.002576,0.012468
23.533333,-0.002437,0.040358,0.005759,-0.408845,-1.116527,0.945377,-1.166188,0.013347,0.013999,-0.852179,-1.141577,-1.760238,1.395418,-0.002903,0.009615
23.566667,-0.009011,0.036968,0.003151,-0.412513,-1.136126,0.951012,-1.162337,0.023810,0.026826,-0.850284,-1.147934,-1.757714,1.389107,-0.013531,0.013621
23.600000,-0.013592,0.028557,0.006822,-0.411773,-1.141771,0.942141,-1.154517,0.022243,0.017504,-0.841329,-1.166433,-1.765470,1.378596,-0.019245,0.005065
23.633333,-0.007830,0.023280,0.017262,-0.415093,-1.127670,0.939328,-1.134181,0.016588,0.021589,-0.856147,-1.164593,-1.763334,1.371203,-0.013207,-0.015424
23.666667,-0.005950,0.028438,0.010067,-0.424423,-1.107342,0.967324,-1.124330,0.019975,0.030373,-0.867422,-1.167669,-1.767720,1.366253,-0.018339,-0.024796
23.700000,-0.009759,0.025356,0.011686,-0.449029,-1.096420,0.993144,-1.121990,0.015863,0.025288,-0.864521,-1.160629,-1.756117,1.372642,-0.019375,-0.028752
23.733333,0.001723,0.023595,0.003195,-0.447912,-1.071189,1.025620,-1.102782,0.007927,0.015366,-0.875840,-1.177225,-1.753917,1.379031,-0.012564,-0.036528
23.766667,0.007050,0.027333,-0.005605,-0.469066,-1.080257,1.055540,-1.104800,0.008457,0.012142,-0.870169,-1.179094,-1.753953,1.380481,-0.010832,-0.031103
23.800000,0.002489,0.029107,-0.008018,-0.500036,-1.101139,1.102087,-1.112100,0.008807,0.010283,-0.859667,-1.189677,-1.745480,1.389985,-0.011367,-0.023689
23.833333,-0.002010,0.023643,0.002058,-0.546492,-1.108637,1.148633,-1.130756,0.006057,0.000151,-0.851775,-1.175672,-1.738509,1.391932,-0.017364,-0.007555
23.866667,-0.000746,0.030788,0.007002,-0.614415,-1.103886,1.199838,-1.130772,0.006663,0.010018,-0.857574,-1.185130,-1.737044,1.417445,-0.020207,-0.005165
23.900000,-0.010191,0.034366,0.016835,-0.675632,-1.108674,1.257054,-1.156144,0.004983,0.008050,-0.843959,-1.156036,-1.737425,1.407972,-0.019614,-0.001487
23.933333,-0.015267,0.029994,0.027809,-0.720285,-1.096934,1.318963,-1.161893,0.005467,0.012245,-0.850343,-1.141609,-1.743478,1.414759,-0.020954,-0.003934
23.966667,-0.015460,0.029056,0.027837,-0.744937,-1.093381,1.360872,-1.164334,0.006878,0.012371,-0.852398,-1.138469,-1.747933,1.416582,-0.022829,-0.003111
