time_sec,joint_pelvisYaw,joint_pelvisPitch,joint_pelvisRoll,joint_lShoulderPitch,joint_lShoulderRoll,joint_lShoulderYaw,joint_lElbow,joint_lWristRoll,joint_lWristPitch,joint_rShoulderPitch,joint_rShoulderRoll,joint_rShoulderYaw,joint_rElbow,joint_rWristRoll,joint_rWristPitch
0.000000,0.011271,0.018324,0.003763,-0.246722,-1.349925,0.137218,-0.288269,-0.018971,0.008932,-0.064701,-1.171201,-0.066407,0.798018,-0.000890,-0.023783
0.033333,0.014282,0.013671,0.010142,-0.240687,-1.329664,0.141290,-0.282570,-0.006747,0.009119,-0.095988,-1.194024,-0.107277,0.710133,0.002711,-0.015240
0.066667,0.011016,0.014673,0.005958,-0.242938,-1.326863,0.143917,-0.278698,-0.005442,0.009943,-0.111870,-1.196349,-0.130462,0.686287,0.002047,-0.014410
0.100000,0.012055,0.014879,0.003095,-0.249348,-1.311890,0.144047,-0.265053,-0.009342,0.007921,-0.122586,-1.207290,-0.151673,0.648434,-0.001322,-0.010319
0.133333,0.010661,0.017468,0.000452,-0.265406,-1.331058,0.127785,-0.247058,-0.021406,0.010267,-0.126675,-1.223424,-0.138030,0.633358,-0.010887,-0.008304
0.166667,-0.002744,0.017771,-0.013887,-0.260652,-1.326227,0.133473,-0.222588,-0.018905,-0.000587,-0.116619,-1.204325,-0.131629,0.648230,-0.006115,-0.017189
0.200000,0.001024,0.017599,-0.019045,-0.273132,-1.305114,0.157672,-0.186997,-0.015353,-0.002134,-0.109169,-1.184208,-0.134672,0.691092,-0.007154,-0.008454
0.233333,0.003321,0.014278,-0.016227,-0.283638,-1.303189,0.167399,-0.160899,-0.017505,-0.001910,-0.094472,-1.172795,-0.105764,0.721077,-0.010312,-0.005746
0.266667,-0.005372,0.015073,-0.021669,-0.300746,-1.310290,0.199622,-0.164571,-0.011628,-0.009266,-0.068693,-1.132765,-0.058828,0.785070,-0.013136,-0.002445
0.300000,-0.007954,0.022575,-0.023020,-0.339127,-1.283749,0.261374,-0.191389,-0.007726,-0.004486,-0.052044,-1.082602,-0.028683,0.866284,-0.007925,0.009273
0.333333,-0.000297,0.023131,-0.011743,-0.406340,-1.256880,0.324820,-0.251586,-0.010533,0.004363,-0.035149,-1.032439,0.015650,0.937486,-0.009269,0.011367
0.366667,-0.001394,0.024569,-0.009800,-0.473552,-1.224145,0.398984,-0.338413,-0.008962,0.014331,-0.019190,-0.958091,0.065207,1.000631,-0.016674,0.001902
0.400000,-0.003284,0.033953,-0.007702,-0.564315,-1.189066,0.498984,-0.438413,-0.013146,0.014212,0.009163,-0.868869,0.090749,1.077992,-0.020501,0.010223
0.433333,0.007700,0.032899,-0.000128,-0.655155,-1.152219,0.598984,-0.538413,-0.016983,0.024790,0.013899,-0.795369,0.116292,1.146644,-0.016658,0.004164
0.466667,0.013466,0.026657,0.002426,-0.720668,-1.127176,0.698984,-0.638224,-0.019112,0.019252,0.009461,-0.726097,0.139687,1.198193,-0.014249,-0.007050
0.500000,0.019403,0.026388,0.002176,-0.779522,-1.119847,0.798984,-0.730601,-0.020947,0.016815,0.015945,-0.656826,0.142038,1.242053,-0.009904,0.003422
0.533333,0.020448,0.026422,0.005687,-0.813533,-1.126898,0.898984,-0.801872,-0.027671,0.009831,0.019789,-0.613537,0.158910,1.283198,-0.007587,0.006554
0.566667,0.030516,0.022300,0.008810,-0.831210,-1.120603,0.998984,-0.856419,-0.020498,0.016629,0.008095,-0.598346,0.183388,1.321369,-0.002956,-0.002653
0.600000,0.027036,0.020823,0.016254,-0.839429,-1.118993,1.098984,-0.885575,-0.017305,0.021313,-0.002669,-0.580947,0.184388,1.345417,-0.006466,-0.002431
0.633333,0.019681,0.016972,0.016140,-0.845364,-1.115689,1.198984,-0.909066,-0.021886,0.021908,0.015301,-0.551127,0.184568,1.347684,-0.014105,0.004269
0.666667,0.013187,0.016070,0.018164,-0.833485,-1.099651,1.298984,-0.910196,-0.016390,0.024632,0.003605,-0.549705,0.185847,1.363983,-0.018560,-0.006455
0.700000,0.015187,0.011620,0.016856,-0.829602,-1.085814,1.398984,-0.924523,-0.019860,0.017822,-0.005519,-0.545832,0.179309,1.365801,-0.018900,-0.013842
0.733333,0.006924,0.005013,0.013717,-0.819963,-1.075315,1.496748,-0.940189,-0.024015,0.013194,-0.004816,-0.525795,0.168638,1.341424,-0.011313,-0.009332
0.766667,0.006487,0.009145,0.003982,-0.791501,-1.052634,1.571209,-0.948141,-0.019977,0.013360,0.005707,-0.504045,0.163198,1.313845,-0.014942,-0.004112
0.800000,0.007033,0.014423,0.004159,-0.771639,-1.034846,1.615434,-0.946479,-0.011799,0.020659,-0.000229,-0.519708,0.165124,1.295944,-0.012803,-0.002704
0.833333,0.010519,0.011855,0.000770,-0.739256,-1.028314,1.624907,-0.960375,-0.018034,0.014682,0.004365,-0.529757,0.173186,1.273945,-0.011759,0.002065
0.866667,0.004524,0.011545,-0.007274,-0.683719,-1.020628,1.594381,-0.947279,-0.006947,0.016297,0.009856,-0.522805,0.172600,1.268063,-0.009516,0.013572
0.900000,0.008462,0.019292,-0.008863,-0.610272,-1.015113,1.526091,-0.909565,-0.007349,0.005872,0.002902,-0.543917,0.171437,1.295920,-0.009924,0.014580
0.933333,0.005740,0.014156,-0.007735,-0.534267,-1.022496,1.441103,-0.868335,-0.015818,-0.006155,-0.012872,-0.573479,0.174572,1.338688,-0.002844,0.008464
0.966667,0.003214,0.014532,-0.018957,-0.474809,-1.013852,1.346351,-0.842573,-0.010704,-0.014689,-0.037594,-0.598755,0.178692,1.410088,0.002258,0.000525
1.000000,0.005311,0.019126,-0.019777,-0.452347,-0.989367,1.261365,-0.831046,-0.010450,-0.012312,-0.050933,-0.613617,0.170191,1.470198,0.005061,0.001623
1.033333,0.003889,0.019126,-0.013454,-0.463606,-0.982798,1.186576,-0.854423,-0.016318,-0.009724,-0.077300,-0.645001,0.180765,1.515413,0.002547,-0.006612
1.066667,-0.001910,0.019871,-0.016583,-0.514866,-0.990035,1.151787,-0.917801,-0.016202,-0.000799,-0.113367,-0.644253,0.189826,1.544659,-0.004025,-0.014738
1.100000,0.002252,0.022074,-0.012095,-0.606126,-1.002945,1.156998,-1.017801,-0.018480,0.003848,-0.155237,-0.649530,0.172835,1.565027,-0.005742,-0.008470
1.133333,0.005122,0.016419,0.000912,-0.699849,-1.016655,1.202209,-1.117801,-0.024822,0.005399,-0.186783,-0.637122,0.166563,1.563629,-0.014811,-0.003840
1.166667,0.002630,0.022556,0.003895,-0.793571,-1.037333,1.272406,-1.217801,-0.024129,0.009399,-0.227480,-0.630611,0.156686,1.559122,-0.025195,-0.001585
1.200000,0.002017,0.024183,0.006057,-0.893571,-1.046931,1.365322,-1.317801,-0.018564,0.008195,-0.256399,-0.631705,0.136429,1.563153,-0.027467,0.007310
1.233333,0.007433,0.015691,0.008926,-0.981845,-1.036509,1.418238,-1.408241,-0.017845,0.001459,-0.275939,-0.664933,0.129778,1.563153,-0.027622,0.009299
1.266667,0.008451,0.015313,0.005669,-1.030118,-1.009560,1.431154,-1.472364,-0.007191,0.004259,-0.292355,-0.711886,0.139952,1.563153,-0.035583,0.002581
1.300000,0.010630,0.018424,0.001607,-1.038391,-0.995184,1.404070,-1.522804,-0.008596,-0.004638,-0.325221,-0.780006,0.115961,1.563851,-0.032126,-0.000275
1.333333,0.005968,0.008953,0.003928,-1.006665,-0.975122,1.336986,-1.553244,-0.006556,-0.005169,-0.368948,-0.869859,0.088241,1.568358,-0.019122,-0.013688
1.366667,0.011475,0.007326,0.002852,-0.934938,-0.957614,1.236986,-1.563684,-0.010007,-0.002111,-0.437569,-0.961896,0.032497,1.568358,-0.023143,-0.030737
1.400000,0.002444,0.009710,0.002927,-0.834938,-0.960613,1.136986,-1.563684,-0.003958,0.001159,-0.520146,-1.053934,-0.050676,1.555764,-0.021501,-0.034362
1.433333,-0.001667,0.010558,0.006005,-0.734938,-0.967693,1.036986,-1.551037,-0.008537,-0.003385,-0.614605,-1.114315,-0.150676,1.530342,-0.011654,-0.035960
1.466667,0.006420,0.010073,0.009572,-0.634938,-0.974911,0.936986,-1.519468,-0.002145,0.005242,-0.699179,-1.157660,-0.250676,1.496702,-0.018021,-0.027684
1.500000,0.010297,0.013250,0.012938,-0.534938,-1.006767,0.836986,-1.482617,-0.002679,-0.001259,-0.764373,-1.200000,-0.350676,1.442327,-0.018922,-0.019388
1.533333,-0.000516,0.015163,0.007001,-0.441818,-1.042665,0.736986,-1.439107,-0.007364,-0.006825,-0.806308,-1.220788,-0.450676,1.383515,-0.013395,-0.010721
1.566667,0.001027,0.024097,0.004996,-0.385356,-1.041847,0.636986,-1.375596,-0.012936,0.000967,-0.839589,-1.241575,-0.550676,1.341901,-0.015112,0.002629
1.600000,0.004110,0.025599,0.006024,-0.332908,-1.050499,0.536986,-1.311048,-0.015674,0.007966,-0.856493,-1.288901,-0.650676,1.293117,-0.014900,0.007047
1.633333,-0.006248,0.022972,0.000057,-0.291185,-1.064580,0.436986,-1.239107,-0.017788,0.000774,-0.867828,-1.322160,-0.750676,1.234192,-0.005457,-0.003481
1.666667,-0.002654,0.023141,-0.012572,-0.268243,-1.057309,0.342848,-1.152447,-0.012400,0.006844,-0.878490,-1.347296,-0.850676,1.202564,-0.005589,-0.002544
1.700000,0.005964,0.022851,-0.003285,-0.265344,-1.047582,0.265200,-1.052447,-0.010889,0.009779,-0.897332,-1.380804,-0.950676,1.159707,-0.002409,0.001785
1.733333,0.012234,0.013466,-0.000671,-0.237485,-1.051422,0.195197,-0.952447,-0.010904,0.005100,-0.909136,-1.395685,-1.050676,1.104756,0.001774,-0.011959
1.766667,0.007731,0.015635,-0.005797,-0.233073,-1.068777,0.165193,-0.865010,-0.011477,0.007320,-0.919796,-1.383879,-1.150676,1.089804,0.003429,-0.012184
1.800000,0.010063,0.015635,-0.001536,-0.249216,-1.087223,0.142326,-0.817573,-0.014260,0.011052,-0.934882,-1.374951,-1.250677,1.114852,0.003543,-0.009242
1.833333,0.009244,0.015359,0.006802,-0.286578,-1.100756,0.124416,-0.810136,-0.023943,0.010063,-0.964330,-1.340050,-1.329421,1.151697,0.001402,-0.009634
1.866667,-0.000490,0.019549,0.004681,-0.325349,-1.104759,0.107034,-0.842699,-0.018537,0.018851,-0.989387,-1.289575,-1.374349,1.224206,-0.004716,-0.017871
1.900000,-0.006135,0.021150,0.005390,-0.370979,-1.120521,0.103161,-0.915262,-0.015906,0.018351,-1.024022,-1.244697,-1.391243,1.320532,-0.009448,-0.015608
1.933333,-0.005124,0.017196,0.008542,-0.404113,-1.115044,0.068292,-1.015262,-0.009789,0.014554,-1.045525,-1.211413,-1.368137,1.398566,-0.006529,-0.015329
1.966667,-0.005096,0.023203,0.002840,-0.405967,-1.111244,0.044628,-1.115262,-0.010524,0.017462,-1.038500,-1.170691,-1.305031,1.465854,-0.014464,-0.014082
2.000000,-0.014937,0.022377,0.000511,-0.367821,-1.109163,0.040709,-1.186714,-0.006701,0.014110,-1.002262,-1.144846,-1.223180,1.498644,-0.015071,-0.017873
2.033333,-0.002024,0.018391,-0.001089,-0.306077,-1.113082,0.050462,-1.218166,-0.012015,0.001900,-0.945493,-1.121420,-1.135146,1.510900,-0.012670,-0.022676
2.066667,0.001662,0.018992,-0.009163,-0.251070,-1.110438,0.077356,-1.209618,-0.010566,0.003715,-0.854839,-1.095517,-1.035146,1.504577,-0.023876,-0.018727
2.100000,0.001044,0.019730,-0.011889,-0.195714,-1.130169,0.120577,-1.161070,-0.011178,-0.005342,-0.754839,-1.054751,-0.935145,1.476545,-0.025790,-0.018305
2.133333,0.001113,0.013722,-0.010983,-0.162997,-1.139585,0.185455,-1.072522,-0.017952,-0.010656,-0.654839,-1.022819,-0.835146,1.423164,-0.016854,-0.027222
2.166667,0.012194,0.010482,-0.014801,-0.170280,-1.162409,0.255434,-0.972522,-0.022126,-0.014803,-0.554839,-1.004246,-0.735146,1.364280,-0.018812,-0.023023
2.200000,0.009352,0.009004,-0.015099,-0.195391,-1.193813,0.327659,-0.876582,-0.020551,-0.014756,-0.454839,-1.001561,-0.635146,1.292395,-0.015103,-0.014785
2.233333,0.007298,0.010882,-0.007001,-0.215949,-1.217952,0.401589,-0.795598,-0.018898,-0.018720,-0.354839,-0.994992,-0.535146,1.211172,0.002006,-0.013880
2.266667,0.024856,0.019007,-0.000527,-0.261561,-1.219901,0.490190,-0.727834,-0.018789,0.003596,-0.254839,-1.022385,-0.435146,1.144865,-0.005727,-0.009638
2.300000,0.028147,0.021010,0.004874,-0.309621,-1.244641,0.576116,-0.700071,-0.011580,0.010052,-0.173912,-1.037412,-0.335146,1.074653,-0.010424,0.001945
2.333333,0.023930,0.023066,0.000017,-0.331952,-1.251268,0.644572,-0.707038,-0.002580,0.012080,-0.108007,-1.044646,-0.235146,1.028759,-0.005909,0.002905
2.366667,0.022915,0.031366,0.001989,-0.371719,-1.250446,0.720092,-0.734907,-0.009434,0.023242,-0.076579,-1.050452,-0.139695,1.001917,-0.007580,0.006003
2.400000,0.024000,0.027190,0.001071,-0.409861,-1.260906,0.795612,-0.787821,-0.013061,0.021641,-0.066722,-1.059415,-0.058812,0.966666,-0.012142,0.006237
2.433333,0.008784,0.022027,-0.009537,-0.420831,-1.272149,0.848636,-0.855353,-0.013978,0.007138,-0.087160,-1.038983,-0.005350,0.929931,-0.004327,0.007406
2.466667,0.003283,0.023196,-0.015124,-0.427094,-1.273579,0.867726,-0.899580,-0.016246,0.004371,-0.112585,-1.039989,0.008112,0.933196,-0.007292,0.011779
2.500000,0.001006,0.023045,-0.006582,-0.425297,-1.288420,0.868621,-0.909077,-0.020487,0.003925,-0.159868,-1.043949,0.004940,0.952144,-0.010273,0.010691
2.533333,-0.001902,0.018839,-0.009737,-0.383499,-1.307853,0.829515,-0.893611,-0.014703,0.000917,-0.212674,-1.045549,-0.033682,0.985576,-0.010200,0.012464
2.566667,-0.005591,0.017769,-0.009917,-0.342508,-1.327060,0.750410,-0.838145,-0.011397,0.006404,-0.283909,-1.036348,-0.097738,1.059008,-0.016703,0.017389
2.600000,-0.006108,0.012919,-0.004468,-0.298856,-1.337761,0.653801,-0.754840,-0.016361,0.003912,-0.364849,-1.039736,-0.174371,1.159008,-0.016224,0.009072
2.633333,-0.003511,0.011227,0.001546,-0.260101,-1.324093,0.553801,-0.654840,-0.017975,0.005766,-0.461729,-1.029526,-0.251005,1.259008,-0.014039,0.000420
2.666667,-0.002441,0.015071,-0.000668,-0.233161,-1.299393,0.453801,-0.554840,-0.015394,0.014033,-0.561729,-1.026214,-0.351005,1.354170,-0.017553,-0.000942
2.700000,-0.001294,0.013159,0.001443,-0.219609,-1.274785,0.353801,-0.467411,-0.013227,0.007869,-0.648419,-1.015247,-0.451005,1.427482,-0.012529,-0.005452
2.733333,0.007035,0.012394,-0.003157,-0.200257,-1.237597,0.270778,-0.391028,-0.013782,0.006618,-0.720325,-1.029367,-0.549648,1.489681,-0.006659,-0.015613
2.766667,0.009581,0.014889,-0.012052,-0.194774,-1.220194,0.187756,-0.344072,-0.010400,0.003094,-0.752231,-1.021404,-0.608290,1.524535,-0.008453,-0.013420
2.800000,0.005982,0.014123,-0.015342,-0.183510,-1.206256,0.128056,-0.321628,-0.008664,-0.000200,-0.744137,-1.010959,-0.626933,1.538121,-0.007593,-0.013425
2.833333,0.000786,0.010143,-0.013089,-0.176617,-1.180733,0.084280,-0.323543,-0.010228,-0.009377,-0.696043,-0.980210,-0.605576,1.535770,-0.008821,-0.010971
2.866667,0.003242,0.015359,-0.013367,-0.188309,-1.153313,0.052832,-0.338864,-0.010386,-0.001764,-0.621259,-0.978509,-0.544219,1.544657,-0.019743,-0.007143
2.900000,-0.002413,0.017499,-0.009196,-0.188192,-1.145771,0.037617,-0.374829,-0.013913,-0.008100,-0.522003,-0.952253,-0.444219,1.532795,-0.016156,-0.004152
2.933333,-0.006181,0.014774,-0.001602,-0.184367,-1.130519,0.042401,-0.401366,-0.014201,-0.008290,-0.442746,-0.945998,-0.358112,1.528278,-0.014455,-0.003828
2.966667,0.002617,0.014059,0.002384,-0.201047,-1.151803,0.063864,-0.443391,-0.008836,-0.006519,-0.382115,-0.974384,-0.312006,1.505029,-0.002645,-0.006536
3.000000,0.012868,0.014023,0.006998,-0.235331,-1.205549,0.109401,-0.501058,-0.010225,0.002052,-0.347539,-1.027880,-0.305900,1.462555,0.000649,-0.009516
3.033333,0.015145,0.010143,0.007771,-0.277642,-1.254733,0.182611,-0.572746,-0.016978,-0.005748,-0.322383,-1.081376,-0.338214,1.390693,0.011379,-0.019719
3.066667,0.011471,0.012278,0.005805,-0.357642,-1.292314,0.262611,-0.652746,-0.021987,0.000273,-0.325828,-1.141393,-0.401462,1.310693,0.019918,-0.023684
3.100000,0.014367,0.014854,0.004921,-0.457642,-1.317912,0.362611,-0.752746,-0.028459,0.003647,-0.323834,-1.211179,-0.472657,1.210693,0.020729,-0.023545
3.133333,0.008497,0.018318,0.002352,-0.557642,-1.336616,0.462611,-0.852746,-0.036733,0.001281,-0.325276,-1.265107,-0.509565,1.110693,0.016468,-0.022809
3.166667,-0.005999,0.020878,-0.012323,-0.657642,-1.336834,0.562611,-0.952746,-0.035281,-0.012919,-0.322238,-1.283381,-0.525119,1.010693,0.023469,-0.027689
3.200000,-0.007853,0.022989,-0.016037,-0.757642,-1.333535,0.662611,-1.052746,-0.028989,-0.012290,-0.329093,-1.301655,-0.532297,0.910693,0.027230,-0.014574
3.233333,-0.002575,0.021846,-0.013511,-0.854901,-1.339527,0.762611,-1.152746,-0.027254,-0.016328,-0.326622,-1.319647,-0.513672,0.810693,0.020789,-0.014510
3.266667,-0.008933,0.022735,-0.019264,-0.915943,-1.363031,0.862611,-1.232255,-0.023540,-0.026112,-0.319586,-1.311643,-0.473207,0.710693,0.017870,-0.012430
3.300000,-0.011045,0.031753,-0.020782,-0.976984,-1.365321,0.962611,-1.290045,-0.019338,-0.021509,-0.320227,-1.319498,-0.464818,0.650574,0.021470,-0.007850
3.333333,0.000033,0.031666,-0.009331,-1.013677,-1.374702,1.062611,-1.327541,-0.023367,-0.012918,-0.318703,-1.338614,-0.446295,0.590454,0.017787,-0.006631
3.366667,0.003374,0.032301,-0.005484,-1.024684,-1.365373,1.162611,-1.325274,-0.017451,-0.003284,-0.314313,-1.332029,-0.418886,0.540430,0.007359,-0.014603
3.400000,0.002577,0.043331,-0.004693,-1.020269,-1.365408,1.262611,-1.319538,-0.022923,-0.001580,-0.298901,-1.316272,-0.414315,0.505265,0.000743,-0.006534
3.433333,0.007711,0.041374,0.003423,-1.031564,-1.357014,1.362611,-1.313451,-0.022194,0.006773,-0.301813,-1.333021,-0.409743,0.496332,0.004169,-0.012801
3.466667,0.012705,0.036415,0.005488,-1.019396,-1.349836,1.462611,-1.309700,-0.025153,0.006926,-0.306846,-1.328986,-0.385993,0.462747,0.006415,-0.015624
3.500000,0.015838,0.036571,0.004389,-1.018363,-1.354065,1.562611,-1.310279,-0.028942,0.010994,-0.301035,-1.319240,-0.380428,0.439521,0.010386,-0.006244
3.533333,0.009751,0.035505,0.006029,-1.014842,-1.372018,1.644252,-1.322316,-0.041624,0.007001,-0.293181,-1.328091,-0.353706,0.431978,0.016009,-0.009292
3.566667,0.015159,0.027306,0.007974,-1.011341,-1.369492,1.702784,-1.316512,-0.027810,0.011798,-0.296503,-1.355564,-0.313909,0.441112,0.023176,-0.018501
3.600000,0.015891,0.029301,0.012921,-1.005214,-1.370047,1.748921,-1.303459,-0.026255,0.020105,-0.294930,-1.363134,-0.294183,0.443219,0.023025,-0.017855
3.633333,0.007653,0.022901,0.013428,-0.984713,-1.363888,1.758662,-1.282847,-0.026868,0.015496,-0.262903,-1.351658,-0.270400,0.443235,0.017807,-0.018813
3.666667,0.002122,0.021804,0.013994,-0.937427,-1.337641,1.731091,-1.238198,-0.023788,0.012986,-0.248690,-1.349500,-0.236818,0.472892,0.012224,-0.031252
3.700000,0.008195,0.016749,0.011904,-0.878315,-1.315006,1.681881,-1.181854,-0.026076,0.002383,-0.238148,-1.340715,-0.211158,0.494723,0.013991,-0.030825
3.733333,0.000736,0.014870,0.010254,-0.797345,-1.297039,1.615779,-1.119030,-0.034726,-0.003109,-0.216008,-1.306853,-0.189527,0.502021,0.017506,-0.028361
3.766667,-0.004096,0.017059,0.000742,-0.699509,-1.270475,1.522072,-1.044299,-0.033779,-0.005290,-0.187789,-1.265011,-0.161902,0.506329,0.011738,-0.027054
3.800000,-0.000061,0.025420,0.000936,-0.599509,-1.257916,1.424760,-0.971225,-0.032765,0.004562,-0.185000,-1.261908,-0.135228,0.498293,0.010627,-0.020794
3.833333,-0.001485,0.023407,-0.001234,-0.499509,-1.263597,1.324760,-0.917205,-0.031654,0.000976,-0.181885,-1.261599,-0.112293,0.472348,0.015201,-0.016117
3.866667,-0.011035,0.022913,-0.010189,-0.406973,-1.270077,1.224760,-0.875571,-0.023001,0.002918,-0.175043,-1.235019,-0.099588,0.450562,0.017425,-0.009276
3.900000,-0.009499,0.029580,-0.012122,-0.335156,-1.277339,1.124760,-0.830587,-0.021323,0.001167,-0.186845,-1.244332,-0.088785,0.411771,0.013896,-0.004898
3.933333,-0.012864,0.025433,-0.010484,-0.276707,-1.292153,1.024760,-0.795098,-0.028413,-0.007280,-0.205640,-1.256471,-0.072621,0.356766,0.019236,-0.008382
3.966667,-0.015352,0.022640,-0.022298,-0.243722,-1.286570,0.924760,-0.758275,-0.021197,-0.014505,-0.232840,-1.267688,-0.057141,0.320197,0.024399,-0.016525
4.000000,-0.011029,0.026647,-0.023133,-0.228364,-1.276942,0.824760,-0.707607,-0.022820,-0.008276,-0.243372,-1.267284,-0.057552,0.261537,0.027236,-0.011046
4.033333,-0.007839,0.029398,-0.016050,-0.213874,-1.280986,0.724760,-0.656198,-0.026836,-0.003699,-0.262676,-1.293200,-0.042695,0.187403,0.021590,-0.014677
4.066667,-0.011571,0.030255,-0.019361,-0.197825,-1.280235,0.624760,-0.614445,-0.031764,0.000516,-0.275415,-1.295663,-0.032833,0.148718,0.021577,-0.021613
4.100000,-0.006647,0.031841,-0.015933,-0.196393,-1.282623,0.524760,-0.578489,-0.030611,0.004376,-0.289155,-1.306145,-0.047613,0.135175,0.023211,-0.012152
4.133333,-0.008678,0.026767,-0.004933,-0.191836,-1.285010,0.424760,-0.545459,-0.038813,0.001836,-0.282966,-1.294511,-0.053338,0.117291,0.013931,-0.008842
4.166667,-0.012002,0.033061,-0.003244,-0.187427,-1.275821,0.324760,-0.516805,-0.038727,0.000239,-0.283430,-1.282187,-0.056034,0.139407,0.003709,-0.008410
4.200000,-0.016533,0.033760,-0.000254,-0.193693,-1.256164,0.224760,-0.499145,-0.034317,0.000529,-0.267854,-1.265610,-0.078954,0.194887,0.002454,-0.003992
4.233333,-0.008804,0.022391,0.002948,-0.203398,-1.234045,0.139407,-0.485979,-0.029661,-0.007352,-0.251125,-1.258431,-0.088736,0.254918,0.004361,-0.003125
4.266667,-0.006264,0.021844,-0.000462,-0.199226,-1.209693,0.070039,-0.457522,-0.020476,-0.006479,-0.216330,-1.246924,-0.080005,0.329807,-0.007068,-0.012904
4.300000,-0.000998,0.020718,-0.003612,-0.195779,-1.209365,0.029397,-0.442152,-0.020499,-0.007906,-0.180906,-1.219542,-0.093585,0.429807,-0.005320,-0.014623
4.333333,-0.001953,0.009612,0.000273,-0.202802,-1.210736,0.008315,-0.440089,-0.016729,-0.006477,-0.148387,-1.214730,-0.090997,0.529807,0.001393,-0.021194
4.366667,0.007269,0.006161,-0.002477,-0.210649,-1.212267,-0.001954,-0.442456,-0.017500,-0.006612,-0.148787,-1.201416,-0.094572,0.629807,-0.003704,-0.034653
4.400000,0.001291,0.007395,-0.003951,-0.209061,-1.230642,0.003925,-0.459828,-0.014013,-0.004576,-0.156279,-1.194477,-0.121973,0.729807,-0.007869,-0.031799
4.433333,-0.001632,0.006162,-0.000178,-0.203686,-1.236028,0.033818,-0.496838,-0.019699,-0.009059,-0.186701,-1.173105,-0.174533,0.829807,0.003214,-0.033043
4.466667,0.006903,0.008654,0.003916,-0.209419,-1.229147,0.074986,-0.544453,-0.010367,-0.001240,-0.241736,-1.176105,-0.237642,0.929807,-0.002444,-0.024858
4.500000,0.012657,0.012121,0.007414,-0.226907,-1.228078,0.136594,-0.609177,-0.011224,-0.005860,-0.316066,-1.175306,-0.323424,1.007209,-0.006280,-0.018243
4.533333,0.003365,0.013543,0.001261,-0.264564,-1.235194,0.227388,-0.686832,-0.014524,-0.007745,-0.364057,-1.171970,-0.419934,1.057185,-0.001232,-0.008426
4.566667,-0.000588,0.023010,0.000476,-0.329055,-1.216216,0.327388,-0.766470,-0.016785,0.002684,-0.396060,-1.176313,-0.494907,1.068354,-0.002104,-0.000299
4.600000,0.004856,0.025323,0.002473,-0.423227,-1.214305,0.427388,-0.861225,-0.016156,0.011114,-0.398546,-1.219494,-0.557651,1.039523,-0.003645,0.008094
4.633333,-0.003704,0.022341,-0.003697,-0.483227,-1.227440,0.527388,-0.919980,-0.022628,0.002378,-0.372204,-1.246965,-0.580395,0.970692,0.003546,-0.000311
4.666667,-0.001480,0.022936,-0.018317,-0.503227,-1.242699,0.587388,-0.938734,-0.019017,0.006833,-0.318516,-1.278597,-0.563138,0.884458,0.010742,-0.004554
4.700000,0.003731,0.026321,-0.008015,-0.484420,-1.260105,0.607388,-0.921754,-0.017462,0.004522,-0.276169,-1.316901,-0.505882,0.785651,0.014241,-0.003845
4.733333,0.010823,0.021048,-0.005615,-0.428127,-1.284682,0.587388,-0.873654,-0.019992,-0.003149,-0.243247,-1.339761,-0.433652,0.685651,0.018322,-0.016337
4.766667,0.003914,0.025766,-0.011506,-0.355748,-1.319402,0.550574,-0.803619,-0.022055,-0.003562,-0.230750,-1.337540,-0.333911,0.585651,0.017946,-0.018126
4.800000,0.005251,0.027951,-0.008009,-0.301414,-1.344748,0.473760,-0.757780,-0.022800,-0.001248,-0.225285,-1.346602,-0.256507,0.485651,0.016257,-0.016755
4.833333,0.002885,0.030038,0.000383,-0.270964,-1.354086,0.410113,-0.723712,-0.029952,-0.004332,-0.232326,-1.344510,-0.209428,0.385651,0.014250,-0.013791
4.866667,-0.002735,0.033850,-0.002743,-0.259253,-1.352428,0.368970,-0.701133,-0.028348,0.004751,-0.225031,-1.332542,-0.201503,0.325651,0.012526,-0.019723
4.900000,-0.007989,0.034480,-0.002888,-0.261313,-1.365511,0.357846,-0.701441,-0.024551,0.002572,-0.219974,-1.325677,-0.214678,0.305651,0.011400,-0.016341
4.933333,-0.006063,0.027821,0.000993,-0.264391,-1.358526,0.338104,-0.714364,-0.021003,0.003123,-0.220330,-1.322985,-0.258314,0.325651,0.016190,-0.016273
4.966667,-0.009658,0.032766,-0.004338,-0.265107,-1.357280,0.339566,-0.726702,-0.020906,0.005860,-0.243183,-1.300503,-0.319612,0.385651,0.011801,-0.014646
5.000000,-0.018480,0.029798,-0.006602,-0.260455,-1.360365,0.362269,-0.751919,-0.018584,0.002240,-0.272692,-1.273434,-0.386823,0.485651,0.013378,-0.019571
5.033333,-0.009518,0.022923,-0.007160,-0.262186,-1.352996,0.378099,-0.785933,-0.021651,-0.006429,-0.331533,-1.259100,-0.444579,0.585651,0.011016,-0.022279
5.066667,-0.005811,0.019797,-0.012740,-0.279395,-1.325760,0.401797,-0.819395,-0.019820,-0.000566,-0.408107,-1.249399,-0.507279,0.685651,-0.003797,-0.019996
5.100000,-0.007525,0.018109,-0.015011,-0.288797,-1.313210,0.436908,-0.852508,-0.020950,-0.010516,-0.481852,-1.228684,-0.572574,0.785651,-0.009606,-0.018068
5.133333,-0.004944,0.010979,-0.011875,-0.304640,-1.278090,0.489239,-0.883187,-0.022844,-0.015300,-0.548785,-1.220171,-0.632876,0.885651,-0.002771,-0.024684
5.166667,0.001936,0.007147,-0.012465,-0.341252,-1.241466,0.537884,-0.929217,-0.025541,-0.018197,-0.614069,-1.228115,-0.683254,0.985651,-0.008579,-0.023352
5.200000,-0.000063,0.005459,-0.011646,-0.374071,-1.222077,0.597235,-0.974287,-0.024210,-0.016241,-0.661657,-1.241091,-0.730836,1.085651,-0.004571,-0.017644
5.233333,-0.001560,0.010677,-0.004247,-0.392022,-1.201327,0.658700,-1.004476,-0.025388,-0.020810,-0.693778,-1.237047,-0.773620,1.185651,0.010118,-0.019648
5.266667,0.013904,0.021149,0.001676,-0.429150,-1.157931,0.725959,-1.020876,-0.022009,-0.002728,-0.717447,-1.262301,-0.823090,1.285651,0.007367,-0.017639
5.300000,0.013586,0.024165,0.007340,-0.466015,-1.148983,0.777055,-1.052099,-0.020414,0.001482,-0.743424,-1.275197,-0.876274,1.375174,0.005127,-0.013071
5.333333,0.009963,0.027437,0.001088,-0.477702,-1.135449,0.817020,-1.077563,-0.013456,0.003263,-0.760203,-1.278960,-0.921728,1.452044,0.009871,-0.011886
5.366667,0.007311,0.035852,0.001702,-0.506868,-1.118071,0.870648,-1.089956,-0.019173,0.008647,-0.784505,-1.272495,-0.980278,1.508914,0.010408,-0.005993
5.400000,0.009486,0.028849,0.002608,-0.538714,-1.116346,0.920920,-1.121182,-0.022441,0.007866,-0.817176,-1.263391,-1.057583,1.545783,0.006920,-0.005004
5.433333,-0.001960,0.023748,-0.006689,-0.554700,-1.124049,0.977292,-1.159167,-0.026418,-0.001544,-0.852965,-1.224140,-1.133348,1.559591,0.011560,-0.004966
5.466667,-0.005012,0.024755,-0.013614,-0.576997,-1.117625,1.042902,-1.187667,-0.025611,-0.005659,-0.856692,-1.200656,-1.198259,1.566938,0.005317,0.004926
5.500000,-0.007949,0.024239,-0.004560,-0.602799,-1.121358,1.114677,-1.194288,-0.028765,-0.001854,-0.860849,-1.178700,-1.254521,1.566938,0.002181,0.003668
5.533333,-0.008683,0.020446,-0.006009,-0.588602,-1.127674,1.146451,-1.210737,-0.022674,-0.002402,-0.835180,-1.162387,-1.270784,1.563213,0.001925,-0.001979
5.566667,-0.012057,0.019919,-0.007346,-0.554829,-1.141544,1.144453,-1.215679,-0.015340,0.003711,-0.776608,-1.145504,-1.247047,1.563213,-0.002837,0.000631
5.600000,-0.016686,0.017014,-0.003090,-0.500615,-1.146284,1.104577,-1.218529,-0.015606,-0.004764,-0.699678,-1.139081,-1.184848,1.565149,-0.002676,-0.005835
5.633333,-0.016128,0.014952,0.002202,-0.438780,-1.130103,1.036831,-1.208725,-0.016714,-0.004165,-0.619312,-1.124325,-1.094784,1.561937,0.004806,-0.021411
5.666667,-0.014963,0.020774,-0.001857,-0.371322,-1.121101,0.958453,-1.198688,-0.013581,-0.002927,-0.519312,-1.123831,-0.994784,1.554917,0.002496,-0.026023
5.700000,-0.017107,0.021139,-0.001813,-0.314859,-1.120684,0.880076,-1.191250,-0.015374,-0.010084,-0.419312,-1.120932,-0.894784,1.543656,0.004749,-0.025895
5.733333,-0.011750,0.021179,-0.008133,-0.272823,-1.104347,0.810891,-1.164611,-0.018059,-0.014851,-0.343800,-1.143966,-0.794784,1.533337,0.009685,-0.032920
5.766667,-0.009196,0.022455,-0.015618,-0.253826,-1.121481,0.741707,-1.142512,-0.016438,-0.013163,-0.268287,-1.172909,-0.694784,1.504142,0.008448,-0.028729
5.800000,-0.009279,0.024530,-0.017435,-0.238110,-1.158645,0.681576,-1.106423,-0.016536,-0.011437,-0.219514,-1.219153,-0.594784,1.457035,0.008097,-0.021647
5.833333,-0.010802,0.018134,-0.012860,-0.231614,-1.174359,0.618537,-1.073989,-0.018283,-0.014528,-0.191936,-1.242838,-0.494784,1.393735,0.007747,-0.010574
5.866667,-0.006848,0.021252,-0.010860,-0.247101,-1.188477,0.555498,-1.018606,-0.015951,-0.008540,-0.181259,-1.287927,-0.394784,1.318401,0.000522,-0.009178
5.900000,-0.012161,0.023842,-0.005990,-0.250434,-1.225509,0.502221,-0.963218,-0.020056,-0.009395,-0.166681,-1.300192,-0.317797,1.218402,0.001535,-0.006417
5.933333,-0.014347,0.021410,0.000092,-0.250730,-1.242541,0.468944,-0.907327,-0.021590,-0.008574,-0.172104,-1.309545,-0.260810,1.118402,0.001658,-0.010432
5.966667,-0.009323,0.017373,0.002905,-0.267192,-1.257884,0.462988,-0.847563,-0.015101,-0.010492,-0.190786,-1.333218,-0.243823,1.025368,0.004211,-0.011537
6.000000,-0.000904,0.017852,0.004851,-0.297392,-1.305256,0.473729,-0.772016,-0.015152,-0.003610,-0.228274,-1.360691,-0.266836,0.963442,0.001049,-0.010758
6.033333,-0.001589,0.012704,0.002435,-0.319468,-1.343130,0.495497,-0.707485,-0.017144,-0.007129,-0.288861,-1.368164,-0.329850,0.919689,0.004802,-0.007799
6.066667,-0.001275,0.014659,-0.000760,-0.355376,-1.360773,0.520624,-0.658034,-0.020215,-0.005789,-0.368861,-1.385359,-0.409850,0.909859,0.008755,-0.005811
6.100000,0.003032,0.015327,-0.003829,-0.390580,-1.366677,0.540814,-0.607673,-0.026149,-0.008148,-0.468861,-1.405656,-0.509850,0.907215,0.008197,0.001368
6.133333,0.000406,0.018268,-0.006592,-0.406601,-1.387687,0.531493,-0.578161,-0.036109,-0.009345,-0.566686,-1.406897,-0.609850,0.915611,0.002916,0.002878
6.166667,-0.012417,0.019354,-0.022258,-0.400050,-1.386152,0.532344,-0.561719,-0.036648,-0.023230,-0.646067,-1.399955,-0.709850,0.916320,0.008071,-0.001336
6.200000,-0.010769,0.021836,-0.025998,-0.407134,-1.375350,0.546450,-0.554925,-0.034818,-0.026283,-0.703587,-1.399955,-0.809850,0.918471,0.012278,0.008526
6.233333,-0.011043,0.019192,-0.022877,-0.411291,-1.377388,0.541078,-0.553789,-0.033106,-0.028340,-0.743147,-1.403057,-0.909850,0.900960,0.008427,0.009736
6.266667,-0.017397,0.020708,-0.027917,-0.399625,-1.391165,0.521475,-0.545864,-0.028200,-0.035200,-0.752073,-1.398468,-1.009850,0.888556,0.003129,0.010441
6.300000,-0.020297,0.029441,-0.030562,-0.407143,-1.389549,0.531384,-0.539339,-0.026449,-0.029438,-0.755161,-1.398468,-1.109850,0.898145,0.007770,0.018460
6.333333,-0.011001,0.029609,-0.018283,-0.422784,-1.395506,0.523337,-0.540086,-0.028417,-0.021152,-0.756541,-1.405410,-1.209850,0.889042,0.006240,0.021346
6.366667,-0.007854,0.030687,-0.015516,-0.416300,-1.386888,0.499079,-0.524067,-0.023893,-0.009663,-0.758352,-1.405410,-1.309850,0.874686,-0.003834,0.011964
6.400000,-0.005106,0.042175,-0.015599,-0.419244,-1.386305,0.500886,-0.514549,-0.028939,-0.007010,-0.751277,-1.396798,-1.409850,0.869437,-0.010290,0.020834
6.433333,-0.001108,0.041553,-0.006735,-0.438336,-1.384752,0.518184,-0.514755,-0.028232,0.001253,-0.762730,-1.401388,-1.509850,0.879570,-0.003722,0.014540
6.466667,0.003388,0.037300,-0.003854,-0.432972,-1.381475,0.509556,-0.513227,-0.025956,-0.002967,-0.773759,-1.401388,-1.603405,0.869558,-0.001867,0.007348
6.500000,0.004738,0.037002,-0.004667,-0.432025,-1.382058,0.498270,-0.509117,-0.027835,-0.001116,-0.779515,-1.399093,-1.692505,0.869655,0.000710,0.015310
6.533333,-0.000190,0.035462,-0.001766,-0.427169,-1.402640,0.486244,-0.512299,-0.035410,-0.008958,-0.781384,-1.399093,-1.742606,0.884271,0.005550,0.015001
6.566667,0.006230,0.029145,0.001229,-0.420523,-1.403223,0.452251,-0.502316,-0.026455,-0.005209,-0.793081,-1.407705,-1.775969,0.908054,0.011443,0.008427
6.600000,0.008202,0.030162,0.006223,-0.412535,-1.404776,0.419775,-0.482196,-0.024368,0.001804,-0.804522,-1.407705,-1.795748,0.922761,0.008582,0.009661
6.633333,0.003706,0.024538,0.006198,-0.401714,-1.405552,0.382994,-0.466257,-0.029089,0.002223,-0.792814,-1.407705,-1.795393,0.924532,0.005030,0.009826
6.666667,0.002460,0.024798,0.008012,-0.381594,-1.397355,0.367681,-0.439747,-0.025843,0.002954,-0.799839,-1.410000,-1.780212,0.951465,0.003378,-0.004776
6.700000,0.010147,0.022234,0.005598,-0.369860,-1.391011,0.345056,-0.427332,-0.026930,-0.003976,-0.815488,-1.410000,-1.790038,0.963080,0.002870,-0.005783
6.733333,0.002567,0.017754,0.004847,-0.357413,-1.386840,0.331528,-0.423301,-0.031060,-0.009015,-0.815324,-1.410000,-1.785183,0.955651,0.005191,-0.006471
6.766667,-0.001192,0.017595,-0.004000,-0.334002,-1.371477,0.323953,-0.413309,-0.030080,-0.007907,-0.804285,-1.399507,-1.767101,0.949001,0.000184,-0.005914
6.800000,0.000258,0.022877,-0.002122,-0.334391,-1.360727,0.325741,-0.407336,-0.025337,0.001644,-0.807009,-1.399507,-1.757257,0.952900,-0.003621,-0.000729
6.833333,-0.002439,0.020034,-0.005687,-0.329819,-1.364524,0.298748,-0.417354,-0.027624,-0.001393,-0.803182,-1.399507,-1.751250,0.946343,-0.002610,0.003028
6.866667,-0.011472,0.017563,-0.013009,-0.312204,-1.362452,0.286967,-0.418329,-0.018386,0.000137,-0.786931,-1.384708,-1.731732,0.953418,0.001671,0.009961
6.900000,-0.010097,0.023330,-0.014582,-0.303797,-1.362017,0.275562,-0.414668,-0.015784,-0.000829,-0.785993,-1.384708,-1.732571,0.968305,0.001539,0.014579
6.933333,-0.011267,0.020597,-0.012148,-0.305607,-1.372057,0.249665,-0.422856,-0.020144,-0.012172,-0.789592,-1.391979,-1.732098,0.969443,0.008948,0.012767
6.966667,-0.013855,0.020026,-0.022879,-0.295744,-1.362629,0.236459,-0.422186,-0.014274,-0.019792,-0.800439,-1.391979,-1.729558,0.987099,0.015849,0.007676
7.000000,-0.010504,0.023768,-0.022655,-0.293137,-1.352629,0.226223,-0.414211,-0.014311,-0.018371,-0.789019,-1.391979,-1.739134,0.987902,0.017663,0.012479
7.033333,-0.007759,0.026283,-0.015396,-0.294866,-1.358221,0.200759,-0.405238,-0.021106,-0.012808,-0.789101,-1.406778,-1.741417,0.972146,0.012327,0.005557
7.066667,-0.010715,0.028154,-0.019813,-0.284756,-1.362826,0.171499,-0.399642,-0.028205,-0.010675,-0.784743,-1.406778,-1.736297,0.961183,0.010984,-0.001983
7.100000,-0.008808,0.029722,-0.016794,-0.286803,-1.368149,0.172940,-0.397460,-0.029287,-0.005316,-0.783049,-1.410000,-1.751386,0.967292,0.011179,0.004671
7.133333,-0.005385,0.024903,-0.005043,-0.284537,-1.376891,0.144391,-0.393412,-0.037349,-0.007639,-0.766046,-1.410000,-1.750885,0.943944,0.004253,0.005280
7.166667,-0.006005,0.031767,-0.003044,-0.280500,-1.376000,0.137909,-0.385850,-0.038348,-0.005437,-0.761778,-1.401793,-1.738337,0.928457,-0.004175,0.006571
7.200000,-0.009683,0.032869,-0.000186,-0.285737,-1.368650,0.141783,-0.386559,-0.034353,-0.007708,-0.755284,-1.401793,-1.759006,0.914320,-0.004965,0.011078
7.233333,-0.002149,0.021743,0.004277,-0.293598,-1.357248,0.141662,-0.384894,-0.029625,-0.014513,-0.753596,-1.401792,-1.764490,0.898603,-0.003061,0.012429
7.266667,0.002528,0.022566,0.001782,-0.286049,-1.345113,0.117487,-0.362039,-0.022497,-0.012674,-0.746350,-1.401792,-1.760625,0.886115,-0.013933,0.005083
7.300000,0.006111,0.023259,-0.002011,-0.280985,-1.351227,0.116167,-0.351492,-0.020323,-0.012842,-0.747866,-1.399093,-1.784385,0.883435,-0.013388,0.006697
7.333333,0.006197,0.012087,0.002443,-0.287865,-1.352893,0.097641,-0.349573,-0.015195,-0.012777,-0.749715,-1.407300,-1.795133,0.890281,-0.006359,-0.002989
7.366667,0.015370,0.008471,0.001908,-0.292884,-1.345875,0.074207,-0.336808,-0.014411,-0.008058,-0.760271,-1.407300,-1.783022,0.916450,-0.012198,-0.016814
7.400000,0.009478,0.011446,0.000730,-0.293849,-1.348788,0.063119,-0.322625,-0.008953,-0.004428,-0.758485,-1.407300,-1.788721,0.918102,-0.015983,-0.018689
7.433333,0.006063,0.010509,0.004314,-0.287486,-1.338666,0.072458,-0.318110,-0.013849,-0.009264,-0.751767,-1.397187,-1.784626,0.897826,-0.004599,-0.019959
7.466667,0.011195,0.012569,0.007589,-0.274812,-1.314916,0.089705,-0.289777,-0.006216,-0.005302,-0.724090,-1.388712,-1.748904,0.868451,-0.010018,-0.015924
7.500000,0.013760,0.018393,0.009162,-0.264097,-1.302848,0.087959,-0.257551,-0.008439,-0.012091,-0.678854,-1.375912,-1.701569,0.808998,-0.010688,-0.010195
7.533333,0.001099,0.021285,-0.001267,-0.254417,-1.305087,0.084509,-0.234901,-0.014094,-0.020322,-0.604754,-1.349977,-1.638671,0.734138,-0.003065,0.000667
7.566667,-0.004201,0.031347,-0.005201,-0.267256,-1.284515,0.085323,-0.216689,-0.020078,-0.011974,-0.520143,-1.338772,-1.551612,0.690923,-0.002560,0.009101
7.600000,-0.000429,0.034556,-0.006425,-0.280706,-1.283702,0.074462,-0.195521,-0.020838,-0.006111,-0.426324,-1.341082,-1.451612,0.653267,-0.004666,0.017639
7.633333,-0.009796,0.030116,-0.014089,-0.285792,-1.294619,0.046651,-0.207045,-0.025294,-0.014190,-0.351977,-1.329288,-1.351611,0.626426,0.001725,0.010984
7.666667,-0.006756,0.030107,-0.028649,-0.276336,-1.295623,0.050863,-0.219818,-0.021276,-0.007398,-0.292310,-1.333054,-1.251611,0.639585,0.003104,0.010657
7.700000,0.000349,0.031679,-0.017019,-0.273049,-1.294457,0.073077,-0.242508,-0.018781,-0.003478,-0.258313,-1.346643,-1.151611,0.653006,0.004151,0.013163
7.733333,0.007682,0.024148,-0.014257,-0.241859,-1.302643,0.077031,-0.260146,-0.018159,-0.010661,-0.247359,-1.350996,-1.051611,0.651092,0.004914,0.004712
7.766667,0.004267,0.027112,-0.017388,-0.226205,-1.318374,0.094666,-0.290794,-0.019332,-0.006681,-0.260757,-1.347383,-0.951611,0.679617,0.006234,0.001278
7.800000,0.006166,0.029828,-0.011675,-0.225270,-1.330952,0.104073,-0.312393,-0.021111,-0.002013,-0.275780,-1.358866,-0.851611,0.711284,0.007072,0.002479
7.833333,0.003950,0.031117,-0.001365,-0.232185,-1.337210,0.094789,-0.325632,-0.025368,-0.002892,-0.309246,-1.358756,-0.786722,0.720922,0.007281,0.002761
7.866667,-0.002654,0.035726,-0.002836,-0.234575,-1.337471,0.083452,-0.315184,-0.023745,0.002947,-0.336910,-1.354944,-0.761833,0.740235,0.004381,-0.005298
7.900000,-0.004225,0.036862,-0.000148,-0.243212,-1.355243,0.090001,-0.310791,-0.019498,0.005809,-0.369059,-1.357820,-0.776944,0.770701,0.005441,-0.004340
7.933333,-0.006474,0.030980,0.003083,-0.253501,-1.354516,0.070707,-0.311503,-0.013493,0.002581,-0.403320,-1.369238,-0.832055,0.789354,0.007762,-0.005898
7.966667,-0.006715,0.035947,-0.002703,-0.256693,-1.364543,0.066776,-0.310520,-0.013853,0.005378,-0.454561,-1.375182,-0.927166,0.825986,0.003317,-0.003870
8.000000,-0.013167,0.033432,-0.005631,-0.255170,-1.379666,0.084249,-0.331539,-0.013624,0.002465,-0.498209,-1.382152,-1.027166,0.856732,0.003284,-0.007038
8.033333,-0.003090,0.027039,-0.006373,-0.253217,-1.385753,0.108571,-0.381016,-0.017769,-0.004628,-0.560305,-1.397894,-1.127166,0.901640,0.001875,-0.009250
8.066667,0.001460,0.024674,-0.012607,-0.265149,-1.369909,0.145165,-0.443194,-0.015730,-0.000934,-0.628038,-1.401869,-1.227166,0.959085,-0.012743,-0.005509
8.100000,0.002232,0.023401,-0.014449,-0.269480,-1.365358,0.209223,-0.520545,-0.017491,-0.006983,-0.674796,-1.392588,-1.327166,1.009125,-0.015602,-0.004124
8.133333,0.001472,0.015718,-0.011127,-0.279942,-1.332742,0.290499,-0.609464,-0.018970,-0.011315,-0.712284,-1.376118,-1.427166,1.054050,-0.010539,-0.012905
8.166667,0.009906,0.012197,-0.011317,-0.303907,-1.287037,0.373697,-0.706399,-0.022359,-0.017702,-0.744292,-1.360262,-1.522204,1.126890,-0.013342,-0.016080
8.200000,0.008274,0.011368,-0.010919,-0.328987,-1.250467,0.448038,-0.806399,-0.018432,-0.017048,-0.762932,-1.342070,-1.597115,1.199729,-0.007254,-0.008493
8.233333,0.003280,0.016089,-0.002837,-0.346227,-1.203073,0.519363,-0.906399,-0.018123,-0.022204,-0.763659,-1.311110,-1.632026,1.257706,0.007339,-0.010320
8.266667,0.017157,0.027455,0.001406,-0.385254,-1.129346,0.550688,-1.006399,-0.014114,-0.008176,-0.754635,-1.286238,-1.626937,1.318350,0.005603,-0.006642
8.300000,0.016974,0.032356,0.005938,-0.418269,-1.063564,0.542012,-1.106399,-0.011421,-0.003869,-0.714883,-1.254096,-1.581849,1.353094,0.004211,-0.000421
8.333333,0.010008,0.035528,-0.002152,-0.429225,-0.999155,0.496681,-1.206399,-0.003438,-0.001054,-0.655928,-1.213781,-1.501723,1.374390,0.009482,0.004053
8.366667,0.007009,0.044444,-0.002501,-0.436564,-0.924703,0.442416,-1.306399,-0.009775,0.006347,-0.572024,-1.163351,-1.401723,1.374425,0.008898,0.006283
8.400000,0.009825,0.040607,-0.004426,-0.422697,-0.861935,0.351168,-1.399119,-0.012677,0.001954,-0.474575,-1.113774,-1.301723,1.349324,0.008687,0.006966
8.433333,-0.002790,0.035124,-0.012468,-0.384577,-0.818146,0.267886,-1.468691,-0.015421,-0.005366,-0.394483,-1.057425,-1.201723,1.300772,0.015211,0.006417
8.466667,-0.005026,0.035450,-0.020220,-0.349996,-0.777434,0.184603,-1.521411,-0.014677,-0.009006,-0.316709,-1.015572,-1.101722,1.248219,0.009300,0.012263
8.500000,-0.005813,0.034435,-0.010442,-0.319201,-0.740607,0.101321,-1.554131,-0.016912,-0.005561,-0.252379,-0.981316,-1.001722,1.181495,0.007130,0.012604
8.533333,-0.007950,0.029804,-0.013205,-0.278474,-0.721671,0.024631,-1.566851,-0.009873,-0.009321,-0.209617,-0.964893,-0.901723,1.116571,0.005462,0.010164
8.566667,-0.012295,0.027006,-0.014098,-0.270848,-0.722836,-0.027820,-1.566851,-0.004660,0.001581,-0.188590,-0.956319,-0.801723,1.091648,-0.001220,0.011652
8.600000,-0.015731,0.022984,-0.010678,-0.268743,-0.712773,-0.080277,-1.570000,-0.007012,-0.006721,-0.161642,-0.957662,-0.701723,1.093324,-0.005696,0.008149
8.633333,-0.011811,0.021611,-0.005255,-0.275524,-0.692220,-0.106083,-1.570000,-0.007973,-0.004187,-0.168238,-0.952752,-0.601722,1.118040,0.003177,-0.002507
8.666667,-0.011174,0.025982,-0.009614,-0.298757,-0.689376,-0.091889,-1.569657,-0.005366,-0.000312,-0.200545,-0.964439,-0.501722,1.170377,0.000191,-0.004753
8.700000,-0.009422,0.024484,-0.007994,-0.337929,-0.688696,-0.075661,-1.569657,-0.005491,-0.001644,-0.251284,-0.962152,-0.435175,1.238077,0.002371,-0.007852
8.733333,-0.002473,0.023700,-0.012835,-0.361379,-0.672205,-0.050469,-1.565512,-0.006205,-0.008894,-0.318583,-0.983514,-0.408628,1.305778,0.006299,-0.010344
8.766667,0.000678,0.023645,-0.020009,-0.404620,-0.685956,-0.005264,-1.565512,-0.003939,-0.004663,-0.414446,-0.984926,-0.422081,1.371064,0.004279,-0.010944
8.800000,-0.000854,0.022518,-0.020125,-0.459362,-0.710646,0.053291,-1.565512,-0.004565,-0.008735,-0.514446,-0.985538,-0.475534,1.436908,0.000566,-0.009057
8.833333,-0.002578,0.016511,-0.014961,-0.518497,-0.708846,0.109937,-1.565856,-0.003538,-0.014258,-0.614446,-0.960828,-0.568988,1.484891,-0.003293,-0.001899
8.866667,-0.000053,0.017358,-0.013592,-0.590517,-0.697837,0.169725,-1.565856,-0.003664,-0.008592,-0.714446,-0.962951,-0.668988,1.523152,-0.010996,0.003173
8.900000,-0.004783,0.018425,-0.009058,-0.655424,-0.695736,0.236311,-1.570000,-0.009159,-0.009568,-0.814446,-0.925074,-0.768988,1.535677,-0.010198,0.004038
8.933333,-0.004410,0.015619,-0.002362,-0.700332,-0.675644,0.300565,-1.570000,-0.010738,-0.011468,-0.896541,-0.907096,-0.868988,1.544018,-0.009489,0.005238
8.966667,-0.002211,0.012893,0.000729,-0.705239,-0.684080,0.324819,-1.550000,-0.001587,-0.008509,-0.938636,-0.921671,-0.928988,1.526604,-0.004678,0.002988
9.000000,0.006915,0.012388,0.004176,-0.675435,-0.732437,0.310982,-1.510000,-0.003897,0.001749,-0.940732,-0.961569,-0.948988,1.487053,-0.006536,-0.000438
9.033333,0.007201,0.009149,0.003933,-0.607442,-0.797320,0.276624,-1.450000,-0.004444,-0.004444,-0.902827,-1.001467,-0.928988,1.421316,0.002157,-0.007311
9.066667,0.004730,0.011655,0.001784,-0.527442,-0.877320,0.209231,-1.370000,-0.004125,0.000136,-0.824922,-1.081365,-0.868988,1.341316,0.007733,-0.014216
9.100000,0.007027,0.012349,-0.000054,-0.427442,-0.977320,0.135868,-1.270000,-0.007830,0.000467,-0.724922,-1.156673,-0.768988,1.241316,0.007793,-0.014739
9.133333,0.005322,0.014443,-0.003657,-0.337555,-1.072067,0.074417,-1.170000,-0.018573,0.001508,-0.624922,-1.203419,-0.668988,1.141316,0.004140,-0.012053
9.166667,-0.010851,0.015216,-0.018640,-0.249020,-1.126815,0.048128,-1.074633,-0.015510,-0.014273,-0.524922,-1.210164,-0.568988,1.044485,0.012350,-0.021886
9.200000,-0.013131,0.018672,-0.022695,-0.196654,-1.141562,0.029585,-1.019267,-0.011714,-0.014639,-0.424922,-1.176910,-0.468988,0.987654,0.015414,-0.012057
9.233333,-0.010706,0.015102,-0.018968,-0.156249,-1.116310,0.010623,-1.003901,-0.010709,-0.016857,-0.324922,-1.103655,-0.368988,0.970823,0.011325,-0.009068
9.266667,-0.015944,0.015712,-0.022625,-0.123354,-1.071781,-0.028011,-1.028534,-0.003041,-0.023875,-0.224922,-1.015092,-0.268988,0.993992,0.007585,-0.011110
9.300000,-0.016968,0.023658,-0.022231,-0.120347,-1.001069,-0.046556,-1.093168,0.000895,-0.019238,-0.151502,-0.949275,-0.168988,1.057161,0.010683,-0.006825
9.333333,-0.006564,0.024954,-0.010502,-0.142780,-0.951764,-0.079890,-1.193168,-0.002659,-0.010206,-0.099642,-0.895543,-0.068988,1.157161,0.007958,-0.004093
9.366667,0.001469,0.023229,-0.006740,-0.148903,-0.907811,-0.105877,-1.293167,-0.000138,-0.002054,-0.070558,-0.858548,0.019526,1.245470,-0.003035,-0.014765
9.400000,0.004789,0.034137,-0.005971,-0.173139,-0.903857,-0.105715,-1.388534,-0.003945,-0.001116,-0.049862,-0.831036,0.074904,1.306992,-0.008324,-0.007595
9.433333,0.008857,0.033895,0.002156,-0.213463,-0.909438,-0.087333,-1.463901,-0.005554,0.007100,-0.057774,-0.843524,0.123446,1.353511,-0.001682,-0.011542
9.466667,0.012865,0.029851,0.004327,-0.250901,-0.938767,-0.060951,-1.519267,-0.006233,0.005173,-0.068682,-0.851944,0.136707,1.360030,-0.001735,-0.017950
9.500000,0.016687,0.028763,0.004907,-0.301547,-0.986688,-0.014943,-1.554634,-0.006875,0.010811,-0.070391,-0.862175,0.109968,1.326550,0.001320,-0.007044
9.533333,0.012915,0.028521,0.009081,-0.372333,-1.059930,0.055973,-1.567361,-0.010014,0.005572,-0.066270,-0.894316,0.083367,1.264761,0.008439,-0.002552
9.566667,0.017118,0.021989,0.012667,-0.453045,-1.117148,0.134193,-1.565549,-0.000590,0.011771,-0.075868,-0.951609,0.070363,1.196728,0.010469,-0.007091
9.600000,0.019696,0.023008,0.017392,-0.550159,-1.170761,0.234193,-1.556675,0.003137,0.021139,-0.082376,-0.991016,0.039281,1.114720,0.005188,-0.005193
9.633333,0.015787,0.017013,0.016436,-0.650159,-1.206764,0.334193,-1.545805,0.000783,0.021048,-0.067796,-1.011485,0.018033,1.035162,0.002751,-0.002999
9.666667,0.019050,0.016274,0.017062,-0.750159,-1.218369,0.434193,-1.519072,0.003194,0.022755,-0.070470,-1.040641,0.017834,0.995605,-0.001727,-0.014286
9.700000,0.021485,0.012540,0.011830,-0.848703,-1.219229,0.534193,-1.505256,-0.000426,0.012904,-0.075640,-1.055717,0.021900,0.996048,-0.005787,-0.018339
9.733333,0.015723,0.007458,0.008185,-0.918017,-1.221816,0.634193,-1.488128,-0.008823,0.008569,-0.068529,-1.043367,0.024706,1.029520,-0.000410,-0.016472
9.766667,0.013111,0.005651,-0.000186,-0.947332,-1.204805,0.734193,-1.458062,-0.011373,0.005559,-0.056456,-1.015129,0.046123,1.091971,-0.007156,-0.011815
9.800000,0.013065,0.012600,0.000657,-0.941045,-1.190269,0.834193,-1.413928,-0.008589,0.014926,-0.070103,-1.010372,0.092986,1.191971,-0.009194,-0.001994
9.833333,0.004347,0.010748,-0.003044,-0.894758,-1.190793,0.934193,-1.376854,-0.017169,0.002298,-0.080327,-1.003719,0.149042,1.291971,-0.007118,-0.000281
9.866667,-0.003766,0.010748,-0.011066,-0.809928,-1.195551,1.034193,-1.309502,-0.011266,0.003348,-0.085881,-0.976725,0.194632,1.387577,-0.000622,0.004388
9.900000,-0.001545,0.017496,-0.012976,-0.714327,-1.214607,1.094193,-1.224634,-0.007814,-0.004983,-0.103493,-0.982522,0.250447,1.463183,-0.000656,0.005602
9.933333,-0.008413,0.016391,-0.012112,-0.618726,-1.256998,1.114193,-1.139766,-0.011154,-0.015424,-0.125946,-1.008322,0.302619,1.515926,0.010164,-0.002275
9.966667,-0.011183,0.015453,-0.023014,-0.519254,-1.287127,1.094193,-1.050963,-0.008019,-0.027226,-0.154191,-1.039464,0.314792,1.551532,0.018958,-0.013762
10.000000,-0.006996,0.019012,-0.022753,-0.432905,-1.319289,1.034193,-0.950963,-0.003153,-0.020366,-0.187656,-1.083110,0.296722,1.567138,0.023265,-0.006647
10.033333,-0.006624,0.019451,-0.014201,-0.354042,-1.356170,0.934193,-0.850963,-0.011557,-0.013223,-0.238175,-1.155669,0.259502,1.558283,0.017789,-0.010984
10.066667,-0.013324,0.021508,-0.017636,-0.288468,-1.373052,0.834193,-0.750963,-0.018344,-0.007765,-0.306809,-1.209107,0.192855,1.532540,0.017738,-0.018842
10.100000,-0.009942,0.024077,-0.014072,-0.250642,-1.379542,0.734193,-0.650963,-0.021423,-0.003681,-0.379720,-1.254144,0.096154,1.508216,0.020063,-0.012381
10.133333,-0.006486,0.018718,-0.002217,-0.230068,-1.385938,0.634193,-0.550963,-0.030071,-0.004943,-0.424752,-1.270998,-0.000547,1.464220,0.011872,-0.011725
10.166667,-0.009754,0.025540,-0.000427,-0.208017,-1.372872,0.534193,-0.490963,-0.033911,-0.005153,-0.470120,-1.259320,-0.097247,1.419691,0.002588,-0.012576
10.200000,-0.010867,0.028187,0.003975,-0.186148,-1.341174,0.434193,-0.470963,-0.026049,-0.006800,-0.510407,-1.240146,-0.197247,1.385901,0.003226,-0.009242
10.233333,-0.002911,0.018676,0.009499,-0.171099,-1.303397,0.334193,-0.490963,-0.021403,-0.011818,-0.539115,-1.231722,-0.297247,1.374029,0.002414,-0.010414
10.266667,0.002700,0.019494,0.007342,-0.145603,-1.263081,0.234193,-0.550963,-0.012287,-0.009384,-0.546476,-1.225001,-0.397247,1.369330,-0.009907,-0.017543
10.300000,0.005527,0.022320,0.005089,-0.138181,-1.242031,0.134193,-0.650963,-0.009152,-0.012421,-0.541715,-1.206464,-0.497247,1.366535,-0.009332,-0.017037
10.333333,0.007305,0.014449,0.010426,-0.151719,-1.225185,0.034193,-0.750963,-0.004631,-0.009026,-0.510022,-1.216995,-0.597247,1.366908,-0.002338,-0.025831
10.366667,0.014319,0.011363,0.008755,-0.179000,-1.215413,-0.065807,-0.850963,-0.006263,-0.006395,-0.479167,-1.213226,-0.697247,1.378255,-0.009470,-0.037073
10.400000,0.007945,0.014927,0.007290,-0.204052,-1.221777,-0.137296,-0.950963,-0.001183,-0.001495,-0.430755,-1.207748,-0.797247,1.364573,-0.011829,-0.035539
10.433333,0.004782,0.013705,0.011267,-0.223339,-1.219909,-0.168784,-1.050963,-0.007196,-0.007841,-0.399054,-1.182943,-0.897247,1.332262,-0.002497,-0.035933
10.466667,0.011313,0.013810,0.013955,-0.231596,-1.207037,-0.160273,-1.150963,-0.001205,-0.000598,-0.407353,-1.183724,-0.996864,1.319320,-0.010293,-0.030280
10.500000,0.015045,0.015615,0.015351,-0.247248,-1.203781,-0.111761,-1.226115,-0.004667,-0.009062,-0.450835,-1.181220,-1.096480,1.316160,-0.014121,-0.024468
10.533333,0.005642,0.018169,0.006963,-0.281488,-1.210179,-0.023250,-1.286921,-0.009194,-0.016067,-0.506736,-1.175215,-1.196096,1.309444,-0.007637,-0.013468
10.566667,0.003643,0.024663,0.004982,-0.337848,-1.186521,0.076750,-1.334302,-0.015174,-0.008634,-0.584242,-1.177974,-1.289601,1.342727,-0.009726,-0.006013
10.600000,0.007062,0.025810,0.004666,-0.422673,-1.172127,0.176750,-1.341926,-0.018120,-0.000287,-0.654612,-1.205206,-1.383105,1.388637,-0.008346,0.003858
10.633333,-0.003075,0.022226,-0.000914,-0.522673,-1.163749,0.276750,-1.340216,-0.020981,-0.006961,-0.709704,-1.212271,-1.476993,1.424093,0.000487,-0.001368
10.666667,0.001448,0.022541,-0.013204,-0.621881,-1.139943,0.376750,-1.341905,-0.014644,-0.002216,-0.740632,-1.219294,-1.565833,1.466003,0.004599,-0.001491
10.700000,0.009724,0.023137,-0.001750,-0.708792,-1.113667,0.476750,-1.351676,-0.014956,0.001785,-0.754261,-1.234240,-1.645942,1.492141,0.008941,0.001129
10.733333,0.015003,0.014389,0.001942,-0.755703,-1.094532,0.576750,-1.364830,-0.015158,-0.004120,-0.735419,-1.233092,-1.692164,1.488260,0.012893,-0.007301
10.766667,0.009718,0.018512,-0.002025,-0.762614,-1.078367,0.676750,-1.400428,-0.013236,-0.001949,-0.698679,-1.217987,-1.698386,1.500502,0.011439,-0.006684
10.800000,0.013203,0.018976,0.002720,-0.729525,-1.045862,0.760064,-1.445359,-0.016219,-0.000040,-0.637216,-1.213798,-1.664607,1.501995,0.011818,-0.007064
10.833333,0.009214,0.021076,0.011205,-0.657227,-1.008898,0.803377,-1.492326,-0.020244,0.000473,-0.559917,-1.191912,-1.595878,1.474203,0.012400,-0.008535
10.866667,-0.000224,0.025597,0.008975,-0.557227,-0.968880,0.806691,-1.524994,-0.017053,0.006509,-0.459917,-1.160160,-1.495878,1.459512,0.005799,-0.019012
10.900000,-0.004274,0.030946,0.008815,-0.457227,-0.952564,0.770005,-1.548267,-0.012917,0.004295,-0.359917,-1.132629,-1.395878,1.465775,0.006300,-0.019681
10.933333,-0.004148,0.026635,0.011841,-0.357227,-0.934675,0.693318,-1.563613,-0.010600,0.001546,-0.272847,-1.120347,-1.295878,1.459043,0.008445,-0.024759
10.966667,-0.006677,0.034403,0.003384,-0.257227,-0.943570,0.593318,-1.538959,-0.010643,0.002114,-0.212038,-1.105160,-1.195878,1.478240,0.002564,-0.026444
11.000000,-0.016215,0.032402,-0.002577,-0.165870,-0.967243,0.493318,-1.493720,-0.011578,-0.002878,-0.159272,-1.102988,-1.095878,1.494981,0.002836,-0.029363
11.033333,-0.006249,0.027680,-0.007192,-0.104733,-0.994193,0.393318,-1.429043,-0.017672,-0.012535,-0.146507,-1.124679,-0.995878,1.513398,0.003613,-0.030930
11.066667,-0.001430,0.024942,-0.015793,-0.083378,-1.026655,0.293318,-1.343803,-0.017429,-0.008784,-0.173741,-1.157982,-0.895878,1.525218,-0.009545,-0.025561
11.100000,0.000405,0.024804,-0.019994,-0.081688,-1.079227,0.193318,-1.243803,-0.017972,-0.015298,-0.228046,-1.172134,-0.802507,1.517617,-0.011852,-0.024626
11.133333,0.000452,0.016573,-0.017161,-0.103720,-1.121852,0.132128,-1.143803,-0.022165,-0.017863,-0.296088,-1.185047,-0.749136,1.501512,-0.005417,-0.028307
11.166667,0.009097,0.012144,-0.015609,-0.157109,-1.165064,0.110937,-1.065035,-0.026262,-0.020034,-0.396088,-1.199341,-0.735765,1.504493,-0.010878,-0.028345
11.200000,0.008344,0.009880,-0.012586,-0.219433,-1.212581,0.129747,-1.026267,-0.022590,-0.017010,-0.496088,-1.207166,-0.762394,1.506878,-0.007211,-0.018877
11.233333,0.005937,0.013805,-0.003247,-0.268890,-1.236337,0.188557,-1.024357,-0.024207,-0.022199,-0.596088,-1.194437,-0.829023,1.501630,0.005716,-0.019349
11.266667,0.021325,0.020164,0.004709,-0.338681,-1.237093,0.287366,-1.059117,-0.020988,-0.005961,-0.659416,-1.207986,-0.929023,1.522010,0.001630,-0.015059
11.300000,0.022739,0.021873,0.011532,-0.424750,-1.256863,0.387366,-1.133877,-0.018692,0.000768,-0.712262,-1.209344,-1.029023,1.532233,-0.002181,-0.009133
11.333333,0.020105,0.024081,0.004994,-0.502973,-1.265894,0.487366,-1.227405,-0.010868,0.002770,-0.745677,-1.208364,-1.129023,1.545709,0.001898,-0.006135
11.366667,0.018008,0.031600,0.006090,-0.582040,-1.266948,0.587366,-1.296773,-0.017702,0.010446,-0.769975,-1.199435,-1.229023,1.551473,0.000106,-0.003955
11.400000,0.020873,0.025774,0.005823,-0.674194,-1.282896,0.687366,-1.363148,-0.020329,0.009400,-0.784688,-1.189824,-1.329023,1.560531,-0.002431,-0.002728
11.433333,0.007557,0.020636,-0.003343,-0.756981,-1.295239,0.787366,-1.409385,-0.026556,-0.001120,-0.819616,-1.154485,-1.429023,1.560531,0.001927,-0.005036
11.466667,0.004987,0.023047,-0.009860,-0.838411,-1.290732,0.887366,-1.449856,-0.024654,-0.005426,-0.845572,-1.140983,-1.529023,1.570000,-0.002083,0.003728
11.500000,0.002084,0.022203,-0.000782,-0.907632,-1.296107,0.987366,-1.462810,-0.028180,-0.002072,-0.879610,-1.129972,-1.629023,1.570000,-0.004337,0.005684
11.533333,0.002292,0.017896,-0.003276,-0.942247,-1.306684,1.087366,-1.478956,-0.021324,-0.004883,-0.900449,-1.126155,-1.704565,1.570000,-0.005222,0.003357
11.566667,-0.002424,0.016568,-0.004125,-0.961741,-1.318307,1.187366,-1.484501,-0.014541,0.002013,-0.911416,-1.119865,-1.741007,1.570000,-0.011545,0.005196
11.600000,-0.003588,0.012505,-0.001032,-0.968978,-1.325236,1.274170,-1.488502,-0.013103,-0.002527,-0.920034,-1.125075,-1.741717,1.570000,-0.012222,0.002463
11.633333,-0.002056,0.009489,0.005744,-0.943420,-1.310670,1.320973,-1.477492,-0.016983,0.000087,-0.919258,-1.114126,-1.702427,1.570000,-0.007756,-0.007767
11.666667,-0.003680,0.015574,0.001449,-0.897919,-1.284437,1.327777,-1.475351,-0.012055,-0.000681,-0.889832,-1.108178,-1.623137,1.550731,-0.010374,-0.014129
11.700000,-0.006742,0.017112,0.002106,-0.847024,-1.259354,1.294580,-1.483377,-0.012895,-0.005577,-0.842722,-1.093833,-1.528305,1.515957,-0.006336,-0.016208
11.733333,-0.002072,0.017093,-0.003516,-0.771250,-1.218261,1.221383,-1.475705,-0.016184,-0.011535,-0.775068,-1.104778,-1.432572,1.496521,0.001902,-0.025250
11.766667,-0.001167,0.022331,-0.010826,-0.677099,-1.191627,1.121383,-1.489805,-0.014759,-0.013205,-0.686222,-1.107362,-1.332572,1.457085,0.002714,-0.023935
11.800000,-0.004294,0.024926,-0.015065,-0.577099,-1.164731,1.021383,-1.507497,-0.010674,-0.019921,-0.586222,-1.117690,-1.232572,1.397650,0.006489,-0.025315
11.833333,-0.006700,0.021571,-0.011552,-0.477099,-1.127829,0.921383,-1.524081,-0.011323,-0.022776,-0.486222,-1.114191,-1.132572,1.339827,0.004644,-0.015026
11.866667,-0.003393,0.026309,-0.010234,-0.377099,-1.083819,0.821383,-1.522951,-0.008739,-0.013822,-0.386222,-1.136550,-1.032572,1.281891,-0.005081,-0.008741
11.900000,-0.006862,0.028132,-0.006186,-0.277099,-1.057517,0.721383,-1.532924,-0.012328,-0.014564,-0.290444,-1.130349,-0.932572,1.188617,-0.005707,-0.006051
11.933333,-0.009016,0.023598,0.000064,-0.191323,-1.028052,0.621383,-1.526140,-0.014354,-0.013749,-0.214666,-1.133637,-0.832572,1.095343,-0.005734,-0.009797
11.966667,-0.004540,0.019901,0.003393,-0.115420,-0.998588,0.521383,-1.496539,-0.010643,-0.008119,-0.162658,-1.123503,-0.732572,1.002070,-0.004490,-0.010522
12.000000,0.003927,0.018375,0.004707,-0.069478,-0.969123,0.421383,-1.446694,-0.012219,0.003842,-0.129733,-1.094943,-0.632572,0.946452,-0.006958,-0.013580
12.033333,0.003770,0.011134,0.003516,-0.040820,-0.919353,0.321383,-1.385365,-0.014750,-0.002240,-0.107087,-1.026383,-0.532572,0.905047,-0.000869,-0.021133
12.066667,-0.001638,0.012926,0.000619,-0.032416,-0.843110,0.221383,-1.315218,-0.013462,0.004493,-0.111668,-0.947294,-0.432572,0.903643,0.001114,-0.021874
12.100000,0.000338,0.012835,-0.002839,-0.037196,-0.755480,0.138325,-1.258685,-0.018516,0.006569,-0.135088,-0.881545,-0.365638,0.942238,-0.003682,-0.017199
12.133333,-0.002340,0.014945,-0.006284,-0.053105,-0.699219,0.065842,-1.230652,-0.023808,0.006424,-0.173638,-0.839046,-0.317599,1.020834,-0.011858,-0.017416
12.166667,-0.018315,0.014440,-0.020403,-0.055108,-0.659333,0.031136,-1.218538,-0.024738,-0.005430,-0.233105,-0.811169,-0.309560,1.099429,-0.007644,-0.026250
12.200000,-0.018454,0.017852,-0.024658,-0.079826,-0.630383,0.022099,-1.223502,-0.024484,-0.005508,-0.322294,-0.823291,-0.341521,1.199429,-0.003520,-0.016625
12.233333,-0.013856,0.014635,-0.021340,-0.099355,-0.632022,0.023006,-1.244454,-0.026618,-0.008083,-0.420032,-0.869371,-0.413482,1.299429,-0.008201,-0.013175
12.266667,-0.020013,0.015809,-0.024623,-0.107859,-0.660813,0.046119,-1.237108,-0.021495,-0.015080,-0.518932,-0.897459,-0.492377,1.389925,-0.010235,-0.014656
12.300000,-0.021477,0.022717,-0.025109,-0.135361,-0.676742,0.098657,-1.207314,-0.021237,-0.011479,-0.618932,-0.942296,-0.592377,1.464040,-0.003617,-0.007603
12.333333,-0.010380,0.023519,-0.011789,-0.186808,-0.709809,0.153418,-1.187572,-0.024249,-0.006469,-0.718932,-0.997939,-0.692377,1.518154,-0.003005,-0.004244
12.366667,-0.007096,0.021578,-0.009089,-0.238255,-0.750004,0.222510,-1.172226,-0.017214,-0.001368,-0.803266,-1.035458,-0.792377,1.550705,-0.010732,-0.013671
12.400000,-0.004530,0.031723,-0.008734,-0.314638,-0.795852,0.321658,-1.171039,-0.019271,0.000919,-0.862565,-1.054942,-0.892377,1.564819,-0.013282,-0.007686
12.433333,-0.001005,0.028155,-0.001428,-0.414638,-0.843339,0.421658,-1.204536,-0.019355,0.009333,-0.908443,-1.099079,-0.992377,1.568437,-0.008641,-0.012179
12.466667,0.000186,0.023960,0.000394,-0.514638,-0.888863,0.521658,-1.271981,-0.017183,0.006079,-0.951806,-1.131349,-1.092377,1.568437,-0.006091,-0.014911
12.500000,0.001797,0.021970,-0.001073,-0.614638,-0.931944,0.621658,-1.347006,-0.018319,0.007033,-0.969512,-1.153453,-1.192377,1.566599,-0.004099,-0.004775
12.533333,-0.003349,0.020711,0.002474,-0.714638,-0.974182,0.721658,-1.416799,-0.025029,0.002014,-0.981309,-1.189095,-1.292377,1.568161,-0.000412,-0.003970
12.566667,-0.000305,0.014345,0.006324,-0.814638,-0.996352,0.821658,-1.471107,-0.020036,0.002935,-1.003048,-1.240566,-1.392377,1.568161,0.003231,-0.010815
12.600000,0.002339,0.016783,0.012288,-0.914638,-1.001244,0.921658,-1.502289,-0.014195,0.006324,-1.023794,-1.268858,-1.492377,1.568161,0.000670,-0.007546
12.633333,-0.001197,0.011960,0.012675,-0.988954,-1.000214,1.021658,-1.515892,-0.018090,0.005486,-1.013547,-1.270700,-1.578723,1.566626,-0.003612,-0.011065
12.666667,-0.001509,0.012512,0.015140,-1.034826,-0.982453,1.121658,-1.502389,-0.016553,0.005670,-1.017855,-1.277204,-1.645677,1.568465,-0.002471,-0.023137
12.700000,0.004943,0.009367,0.012751,-1.067461,-0.961529,1.221658,-1.505245,-0.020738,-0.000378,-1.027185,-1.277571,-1.701834,1.568465,-0.002795,-0.023347
12.733333,-0.001593,0.005677,0.011494,-1.076104,-0.950738,1.321658,-1.503422,-0.024177,-0.004248,-1.015261,-1.249812,-1.727794,1.568465,0.001513,-0.023904
12.766667,-0.007276,0.008370,0.003025,-1.049434,-0.925389,1.421658,-1.486105,-0.026506,-0.002480,-0.989672,-1.210449,-1.728136,1.566549,-0.001605,-0.022603
12.800000,-0.003700,0.015110,0.005161,-1.047256,-0.906317,1.514060,-1.477560,-0.023399,0.004209,-0.978534,-1.203167,-1.726210,1.566255,-0.005478,-0.011966
12.833333,-0.009020,0.013383,0.002721,-1.046119,-0.902093,1.584384,-1.491062,-0.020194,-0.000712,-0.962871,-1.194800,-1.724291,1.566255,-0.004987,-0.007097
12.866667,-0.020221,0.013383,-0.005153,-1.029011,-0.899582,1.625859,-1.483097,-0.010572,-0.000999,-0.932757,-1.157158,-1.705706,1.566255,-0.001557,-0.001007
12.900000,-0.015608,0.019577,-0.005989,-1.034397,-0.882238,1.653230,-1.485369,-0.006773,-0.004350,-0.925427,-1.154978,-1.707287,1.566255,-0.003162,0.004676
12.933333,-0.014110,0.014327,-0.002946,-1.056136,-0.876550,1.653049,-1.508449,-0.010442,-0.014017,-0.928701,-1.147582,-1.704175,1.568154,0.001339,0.002592
12.966667,-0.016240,0.011571,-0.014426,-1.071971,-0.853965,1.644449,-1.521730,-0.003402,-0.019126,-0.950478,-1.136245,-1.694648,1.569983,0.011102,-0.006414
13.000000,-0.008850,0.013034,-0.014418,-1.101957,-0.822938,1.630019,-1.528285,-0.007482,-0.015591,-0.957058,-1.113080,-1.698381,1.569983,0.010076,-0.001193
13.033333,-0.003827,0.013284,-0.007025,-1.136440,-0.806995,1.606024,-1.543063,-0.011517,-0.009684,-0.979867,-1.113201,-1.693084,1.569983,0.003650,-0.008040
13.066667,-0.008390,0.014680,-0.011671,-1.132420,-0.805791,1.556133,-1.551615,-0.017804,-0.003978,-0.976237,-1.088740,-1.657818,1.569983,0.002477,-0.012422
13.100000,-0.009249,0.017657,-0.008343,-1.126599,-0.814799,1.520229,-1.557978,-0.016952,-0.001727,-0.957368,-1.085666,-1.621058,1.570000,0.004630,-0.003834
13.133333,-0.007580,0.014105,0.003915,-1.098181,-0.827570,1.460342,-1.562950,-0.024806,-0.002257,-0.899056,-1.072552,-1.566635,1.569573,-0.004310,-0.003621
13.166667,-0.010741,0.022635,0.004643,-1.043015,-0.846102,1.388363,-1.561192,-0.025275,-0.002082,-0.831565,-1.066227,-1.478337,1.569573,-0.013884,-0.005319
13.200000,-0.015917,0.022946,0.008967,-0.972560,-0.858682,1.314798,-1.565038,-0.021159,-0.003203,-0.738852,-1.062077,-1.386531,1.569574,-0.011969,-0.000358
13.233333,-0.009089,0.014026,0.013375,-0.902104,-0.865602,1.241234,-1.565038,-0.015677,-0.008956,-0.646138,-1.074209,-1.294725,1.569574,-0.009104,-0.003554
13.266667,-0.003110,0.015187,0.009915,-0.812411,-0.864092,1.141234,-1.565038,-0.009063,-0.004303,-0.546138,-1.092003,-1.194725,1.569574,-0.017393,-0.015302
13.300000,-0.000369,0.015783,0.005567,-0.732308,-0.886699,1.041234,-1.565038,-0.008449,-0.007450,-0.467732,-1.102091,-1.094725,1.570000,-0.017840,-0.014988
13.333333,-0.001688,0.007129,0.009628,-0.692204,-0.901978,0.941234,-1.570000,-0.000862,-0.005897,-0.412247,-1.138379,-0.994725,1.570000,-0.008968,-0.019727
13.366667,0.007423,0.006569,0.006029,-0.692100,-0.908607,0.848643,-1.570000,-0.002895,0.000589,-0.396761,-1.167252,-0.894725,1.570000,-0.016662,-0.030721
13.400000,0.001932,0.007922,0.002935,-0.731996,-0.922076,0.796052,-1.570000,0.001013,0.002938,-0.421276,-1.202587,-0.794725,1.570000,-0.020461,-0.023989
13.433333,-0.005178,0.006029,0.006720,-0.811892,-0.928572,0.783461,-1.557462,-0.007965,-0.002304,-0.485790,-1.210873,-0.694725,1.566308,-0.011797,-0.020168
13.466667,-0.001292,0.006998,0.007904,-0.906755,-0.919287,0.810870,-1.533891,0.002699,0.006704,-0.568711,-1.228453,-0.634725,1.558257,-0.019295,-0.010540
13.500000,0.007118,0.009029,0.008926,-0.995669,-0.923747,0.878280,-1.517389,-0.001266,0.003026,-0.668711,-1.229776,-0.614725,1.553368,-0.019246,-0.003955
13.533333,-0.001797,0.009029,0.001723,-1.061079,-0.944394,0.978279,-1.506940,-0.004833,-0.007149,-0.768711,-1.222040,-0.634725,1.553368,-0.012258,0.010500
13.566667,-0.006734,0.013684,0.000715,-1.118163,-0.939164,1.078279,-1.497873,-0.009920,0.001585,-0.864332,-1.214452,-0.694725,1.553368,-0.017327,0.015267
13.600000,-0.000994,0.015082,-0.000096,-1.135248,-0.948655,1.178280,-1.481344,-0.009047,0.009491,-0.936846,-1.234472,-0.794725,1.557060,-0.020099,0.022192
13.633333,-0.006871,0.013084,-0.004911,-1.117470,-0.968365,1.278280,-1.477393,-0.014889,-0.001685,-0.988513,-1.240031,-0.894725,1.561854,-0.011240,0.017334
13.666667,-0.005221,0.013771,-0.015653,-1.081359,-0.973854,1.378280,-1.457090,-0.009800,-0.000575,-1.011387,-1.251503,-0.994725,1.566743,-0.007376,0.014614
13.700000,-0.000251,0.016065,-0.004541,-1.057585,-0.971345,1.476142,-1.438549,-0.009545,0.001907,-1.021776,-1.269665,-1.094725,1.566743,-0.003142,0.012742
13.733333,0.003775,0.012218,-0.000754,-1.013059,-0.981995,1.547422,-1.415878,-0.010418,-0.006821,-1.016379,-1.277135,-1.194725,1.565102,0.000448,0.002482
13.766667,-0.000186,0.016430,-0.004518,-0.987742,-1.001511,1.611342,-1.403069,-0.012381,-0.006762,-1.008496,-1.269463,-1.294725,1.565102,0.001942,-0.000688
13.800000,-0.001212,0.016430,0.001253,-0.988393,-1.015621,1.651280,-1.403853,-0.016251,-0.003942,-1.001993,-1.273091,-1.394725,1.568360,-0.000323,-0.004640
13.833333,-0.007200,0.017738,0.010241,-0.991517,-1.027573,1.662414,-1.399057,-0.026377,-0.002075,-1.002421,-1.267836,-1.484998,1.563304,-0.003091,-0.003054
13.866667,-0.012508,0.020813,0.008883,-0.982995,-1.039344,1.662160,-1.368027,-0.025318,0.005352,-0.983193,-1.259078,-1.564708,1.554373,-0.009379,-0.012143
13.900000,-0.013532,0.023201,0.009145,-0.979316,-1.067047,1.683822,-1.350125,-0.024412,0.003030,-0.966772,-1.256381,-1.623996,1.549685,-0.007598,-0.009003
13.933333,-0.013227,0.018883,0.013686,-0.971699,-1.081247,1.676456,-1.328854,-0.020605,0.000586,-0.948902,-1.263327,-1.661472,1.533294,-0.005136,-0.009243
13.966667,-0.012955,0.022765,0.007982,-0.944854,-1.114389,1.682597,-1.279364,-0.022283,0.001782,-0.929534,-1.262631,-1.698947,1.500150,-0.007202,-0.006164
14.000000,-0.021888,0.019426,0.003430,-0.910963,-1.157279,1.703751,-1.234182,-0.019965,-0.003775,-0.892633,-1.265917,-1.743794,1.452062,-0.009470,-0.011351
14.033333,-0.012114,0.015820,0.001077,-0.861957,-1.201280,1.698429,-1.187417,-0.025802,-0.011906,-0.865919,-1.278867,-1.787154,1.387849,-0.008123,-0.012505
14.066667,-0.009866,0.014075,-0.005360,-0.799222,-1.233823,1.657776,-1.110274,-0.023671,-0.005151,-0.830970,-1.291007,-1.831668,1.301034,-0.022698,-0.011677
14.100000,-0.011034,0.012931,-0.008366,-0.721214,-1.280035,1.613509,-1.026638,-0.023903,-0.012710,-0.783062,-1.287199,-1.873298,1.204281,-0.025751,-0.013602
14.133333,-0.010437,0.009048,-0.007454,-0.636467,-1.298054,1.539718,-0.936083,-0.028552,-0.015005,-0.717373,-1.281899,-1.874928,1.104281,-0.019055,-0.020407
14.166667,0.001207,0.008514,-0.008575,-0.545462,-1.308956,1.439718,-0.836083,-0.027780,-0.017202,-0.651078,-1.279142,-1.838914,1.004281,-0.021784,-0.019066
14.200000,-0.002656,0.008781,-0.008668,-0.468441,-1.320942,1.339718,-0.736083,-0.024846,-0.016922,-0.566739,-1.272618,-1.774948,0.904281,-0.020110,-0.012528
14.233333,-0.006050,0.015902,-0.003195,-0.399456,-1.322746,1.239718,-0.636083,-0.024367,-0.021806,-0.469203,-1.252623,-1.690250,0.804281,-0.003112,-0.013147
14.266667,0.008213,0.027299,0.000319,-0.354144,-1.293456,1.139718,-0.536083,-0.021445,-0.004195,-0.371668,-1.261018,-1.590251,0.704281,-0.007649,-0.007883
14.300000,0.008918,0.031258,0.004610,-0.322421,-1.288495,1.039718,-0.436335,-0.017800,-0.000358,-0.289073,-1.260333,-1.490251,0.604281,-0.011194,-0.004011
14.333333,0.001523,0.035102,-0.004010,-0.299139,-1.271518,0.939718,-0.349324,-0.014216,0.002752,-0.221184,-1.252747,-1.390251,0.504281,-0.007776,-0.003841
14.366667,-0.002277,0.044271,-0.005611,-0.289479,-1.241822,0.839718,-0.274645,-0.020096,0.009661,-0.184263,-1.236202,-1.290251,0.408936,-0.008030,-0.001284
14.400000,0.000379,0.037699,-0.006046,-0.280694,-1.214205,0.739718,-0.220727,-0.023778,0.008021,-0.172541,-1.200262,-1.190251,0.313592,-0.013361,-0.001086
14.433333,-0.011877,0.032097,-0.015568,-0.267638,-1.195128,0.639718,-0.201184,-0.028113,-0.002100,-0.182265,-1.134772,-1.090250,0.229499,-0.007655,-0.002759
14.466667,-0.015352,0.032435,-0.021967,-0.263853,-1.155769,0.539718,-0.202747,-0.028217,-0.005276,-0.185706,-1.083475,-0.990250,0.157849,-0.012647,0.005521
14.500000,-0.018400,0.029431,-0.011374,-0.258750,-1.120072,0.439718,-0.204595,-0.031692,-0.004026,-0.192064,-1.030903,-0.890250,0.111673,-0.015434,0.006878
14.533333,-0.018301,0.022500,-0.012095,-0.230454,-1.098638,0.339718,-0.232957,-0.023956,-0.006581,-0.183175,-1.000805,-0.790250,0.090247,-0.018115,0.006725
14.566667,-0.020501,0.020358,-0.013333,-0.215852,-1.089013,0.239718,-0.280559,-0.020407,-0.000439,-0.169131,-0.994805,-0.690250,0.108822,-0.025536,0.011997
14.600000,-0.022086,0.015231,-0.010234,-0.197807,-1.070821,0.139718,-0.333785,-0.017140,-0.008062,-0.150585,-1.011267,-0.590250,0.151388,-0.027756,0.008431
14.633333,-0.022318,0.012331,-0.005017,-0.185450,-1.044626,0.058921,-0.405653,-0.017786,-0.005872,-0.149525,-1.022150,-0.490250,0.207856,-0.022786,-0.000432
14.666667,-0.018852,0.017856,-0.008726,-0.201084,-1.038631,0.018124,-0.504499,-0.012074,-0.000834,-0.157003,-1.053913,-0.390250,0.278849,-0.025088,-0.002727
14.700000,-0.019383,0.017153,-0.006289,-0.246811,-1.043800,-0.001560,-0.604499,-0.010620,-0.002868,-0.151935,-1.074758,-0.290250,0.360436,-0.019399,-0.002928
14.733333,-0.012888,0.016619,-0.011474,-0.284427,-1.037454,0.010236,-0.704499,-0.007336,-0.004142,-0.163738,-1.111505,-0.192679,0.442023,-0.013124,-0.006506
14.766667,-0.011686,0.016312,-0.015545,-0.346086,-1.064861,0.055744,-0.804499,-0.008349,-0.000501,-0.158598,-1.125989,-0.105512,0.528367,-0.014121,-0.000781
14.800000,-0.009143,0.017328,-0.016577,-0.419197,-1.099123,0.122049,-0.904499,-0.005040,-0.003728,-0.151877,-1.145869,-0.041136,0.628367,-0.013855,0.000769
14.833333,-0.013061,0.010509,-0.013808,-0.477605,-1.102846,0.184705,-1.004499,-0.000176,-0.012107,-0.143895,-1.142001,0.010365,0.728367,-0.014475,0.007367
14.866667,-0.011900,0.013835,-0.012998,-0.532822,-1.091311,0.247198,-1.104499,0.000443,-0.006201,-0.155384,-1.157465,0.042439,0.828367,-0.026325,0.009046
14.900000,-0.015592,0.014803,-0.007725,-0.571508,-1.086813,0.311687,-1.204499,-0.003588,-0.011489,-0.155305,-1.140900,0.055093,0.928367,-0.025261,0.008842
14.933333,-0.014122,0.013632,-0.002773,-0.589139,-1.063897,0.362466,-1.304499,-0.003005,-0.013666,-0.175227,-1.139133,0.058151,1.028367,-0.024200,0.005330
14.966667,-0.009401,0.011218,-0.002069,-0.566769,-1.060746,0.413245,-1.364499,0.001216,-0.011422,-0.209331,-1.123356,0.043999,1.128367,-0.015468,0.002163
15.000000,-0.000505,0.014387,0.001075,-0.519102,-1.097113,0.467673,-1.384499,-0.007061,0.000355,-0.258536,-1.091326,0.002723,1.228367,-0.013347,-0.003007
15.033333,0.003224,0.012681,-0.002344,-0.438047,-1.141882,0.526599,-1.364499,-0.014508,-0.007728,-0.325093,-1.019297,-0.059126,1.327924,-0.002308,-0.008594
15.066667,-0.000407,0.017315,-0.005335,-0.356992,-1.181603,0.552047,-1.304499,-0.020010,-0.000956,-0.391197,-0.939297,-0.139126,1.415477,0.002693,-0.017792
15.100000,0.002972,0.021878,-0.007740,-0.275899,-1.201323,0.557495,-1.204499,-0.028521,0.001154,-0.437300,-0.879296,-0.239126,1.463030,0.005187,-0.022779
15.133333,-0.002650,0.026608,-0.010399,-0.215491,-1.216071,0.522943,-1.104499,-0.039187,0.000607,-0.443404,-0.850185,-0.302783,1.482858,-0.000440,-0.026570
15.166667,-0.013962,0.026470,-0.027100,-0.171376,-1.190820,0.448391,-1.004499,-0.039565,-0.013048,-0.409508,-0.840667,-0.326441,1.462687,0.006091,-0.031436
15.200000,-0.013210,0.029669,-0.032538,-0.167261,-1.140088,0.348391,-0.904499,-0.032617,-0.012691,-0.335612,-0.871150,-0.310098,1.402958,0.012110,-0.021877
15.233333,-0.013495,0.027821,-0.031599,-0.178704,-1.104414,0.248391,-0.804499,-0.031427,-0.018285,-0.235612,-0.928596,-0.253755,1.315233,0.011693,-0.016087
15.266667,-0.023798,0.026619,-0.039839,-0.176613,-1.100214,0.148391,-0.704499,-0.026991,-0.026270,-0.153384,-0.950069,-0.157413,1.227509,0.006154,-0.012765
15.300000,-0.024562,0.034900,-0.041497,-0.193837,-1.085735,0.085078,-0.604499,-0.023588,-0.019439,-0.111156,-0.980653,-0.090687,1.158605,0.008709,-0.002599
15.333333,-0.017436,0.035894,-0.028933,-0.213184,-1.093001,0.039360,-0.504499,-0.027999,-0.012982,-0.108928,-1.009781,-0.048195,1.129701,0.006894,0.001058
15.366667,-0.017230,0.034685,-0.023547,-0.206593,-1.096728,0.008561,-0.404499,-0.025916,-0.000086,-0.146700,-1.010909,-0.045702,1.140796,-0.004652,-0.008637
15.400000,-0.014052,0.046362,-0.022676,-0.205293,-1.108305,0.006482,-0.344155,-0.031073,0.002029,-0.224472,-0.993302,-0.083209,1.191892,-0.010352,-0.000380
15.433333,-0.007515,0.047436,-0.011406,-0.217344,-1.103113,0.020989,-0.306070,-0.030419,0.009771,-0.324472,-1.011667,-0.160717,1.282988,0.000228,-0.007144
15.466667,-0.002515,0.043635,-0.007721,-0.204889,-1.089100,0.021634,-0.300041,-0.031923,0.003348,-0.417884,-1.013911,-0.244949,1.359677,0.002133,-0.013676
15.500000,0.000390,0.044917,-0.006723,-0.198356,-1.079331,0.025967,-0.323568,-0.033596,0.005453,-0.471296,-1.012794,-0.344949,1.399394,0.002997,-0.007460
15.533333,-0.001698,0.045161,-0.004334,-0.193838,-1.078211,0.030012,-0.364027,-0.039451,-0.003867,-0.487993,-1.039396,-0.444949,1.415380,0.010403,-0.009155
15.566667,0.005278,0.038413,-0.000961,-0.190650,-1.059173,0.022032,-0.386363,-0.029080,0.001135,-0.481299,-1.092263,-0.544949,1.419146,0.015371,-0.018855
15.600000,0.007145,0.041038,0.003068,-0.190993,-1.048696,0.022780,-0.401298,-0.025799,0.005165,-0.446940,-1.128047,-0.644949,1.396215,0.009163,-0.017495
15.633333,0.001745,0.036723,0.002897,-0.191591,-1.048418,0.020485,-0.413159,-0.028639,0.007097,-0.379169,-1.152901,-0.744949,1.356596,0.006766,-0.019050
15.666667,-0.000821,0.036639,0.003412,-0.184976,-1.044706,0.036907,-0.397924,-0.025796,0.010446,-0.348065,-1.192258,-0.816640,1.353948,0.005887,-0.030612
15.700000,0.007662,0.033302,0.001308,-0.185729,-1.051323,0.040090,-0.384947,-0.028103,0.002826,-0.341390,-1.227249,-0.863843,1.358844,0.006115,-0.031491
15.733333,0.000971,0.029236,-0.000866,-0.184720,-1.062442,0.046273,-0.380361,-0.034021,-0.003299,-0.331272,-1.235329,-0.883999,1.345233,0.008411,-0.031146
15.766667,-0.004235,0.029033,-0.009455,-0.168552,-1.060819,0.051161,-0.360917,-0.033126,-0.001602,-0.338917,-1.233026,-0.871599,1.349223,0.008101,-0.028122
15.800000,-0.003167,0.032360,-0.008250,-0.175002,-1.062967,0.053064,-0.334846,-0.030529,0.006301,-0.380278,-1.257776,-0.831814,1.385166,0.004418,-0.020834
15.833333,-0.003616,0.027925,-0.011506,-0.176416,-1.074462,0.030031,-0.330292,-0.029914,0.000619,-0.411268,-1.275872,-0.802074,1.411656,0.006888,-0.018302
15.866667,-0.013338,0.023845,-0.019600,-0.163619,-1.080925,0.021096,-0.324550,-0.019211,0.001259,-0.429113,-1.260646,-0.773776,1.438081,0.010199,-0.008357
15.900000,-0.011431,0.030102,-0.020835,-0.161953,-1.082140,0.016552,-0.308649,-0.013091,-0.001481,-0.453345,-1.277840,-0.750704,1.485329,0.008320,-0.005476
15.933333,-0.012548,0.025695,-0.019826,-0.170900,-1.094626,0.001239,-0.311427,-0.019128,-0.012211,-0.472031,-1.297965,-0.733370,1.508356,0.010424,-0.006512
15.966667,-0.012797,0.025420,-0.030633,-0.165539,-1.089419,0.001346,-0.312065,-0.010481,-0.019152,-0.496961,-1.309419,-0.740246,1.532746,0.017569,-0.012108
16.000000,-0.008907,0.028818,-0.030862,-0.166892,-1.085985,0.002739,-0.304623,-0.009098,-0.018872,-0.513315,-1.308488,-0.765386,1.546589,0.016722,-0.003837
16.033333,-0.006381,0.033305,-0.022846,-0.170625,-1.096452,-0.011358,-0.293113,-0.019422,-0.013244,-0.542876,-1.329591,-0.803812,1.550290,0.011245,-0.015177
16.066667,-0.011530,0.033915,-0.026186,-0.158259,-1.111579,-0.029025,-0.289933,-0.028919,-0.008042,-0.588561,-1.322722,-0.864060,1.550290,0.010446,-0.019868
16.100000,-0.006783,0.035509,-0.021726,-0.157876,-1.129445,-0.019943,-0.290850,-0.029341,-0.001139,-0.637848,-1.318631,-0.951125,1.563606,0.013254,-0.015619
16.133333,-0.004733,0.029553,-0.009138,-0.152571,-1.147011,-0.040809,-0.291825,-0.038762,-0.003446,-0.671696,-1.301231,-1.033313,1.556239,0.006735,-0.014723
16.166667,-0.005771,0.037090,-0.005573,-0.143789,-1.149786,-0.040649,-0.290795,-0.042886,-0.002122,-0.705557,-1.284130,-1.098455,1.547809,0.001040,-0.017405
16.200000,-0.009319,0.037491,-0.002706,-0.144901,-1.141036,-0.027204,-0.298207,-0.034143,-0.004170,-0.721329,-1.276278,-1.137097,1.549547,-0.001045,-0.007686
16.233333,-0.001480,0.027329,0.002591,-0.151450,-1.126605,-0.022038,-0.305472,-0.031209,-0.009976,-0.720668,-1.289059,-1.135738,1.543551,-0.000470,-0.008269
16.266667,0.000820,0.028662,-0.000041,-0.141679,-1.102169,-0.037247,-0.289960,-0.023317,-0.009416,-0.694376,-1.310895,-1.094380,1.543551,-0.010628,-0.017036
16.300000,0.002227,0.031175,-0.004119,-0.138039,-1.094104,-0.025064,-0.288481,-0.019090,-0.013190,-0.644550,-1.324362,-1.021074,1.549223,-0.008473,-0.016501
16.333333,0.000359,0.021802,-0.001843,-0.148053,-1.084781,-0.030384,-0.294375,-0.012658,-0.010240,-0.587049,-1.360588,-0.924814,1.557653,-0.001049,-0.023964
16.366667,0.008893,0.016914,-0.004451,-0.156760,-1.072941,-0.042674,-0.295678,-0.016603,-0.006434,-0.546441,-1.380451,-0.824814,1.562310,-0.006205,-0.037621
16.400000,0.003917,0.019521,-0.008600,-0.161018,-1.072105,-0.035783,-0.294069,-0.008870,-0.003088,-0.491758,-1.390701,-0.724814,1.568280,-0.005206,-0.037173
16.433333,0.000544,0.018620,-0.005706,-0.161661,-1.064981,-0.010819,-0.304546,-0.014255,-0.008065,-0.456026,-1.380303,-0.624814,1.553952,0.005087,-0.037457
16.466667,0.008053,0.018658,-0.002950,-0.151041,-1.054567,0.019246,-0.298981,-0.008434,0.001170,-0.447553,-1.378885,-0.545886,1.533750,-0.001894,-0.028971
16.500000,0.011685,0.022280,-0.000060,-0.138414,-1.066525,0.029437,-0.308109,-0.011568,-0.005727,-0.454762,-1.365038,-0.506134,1.509511,-0.003673,-0.023255
16.533333,-0.001509,0.027512,-0.007786,-0.125076,-1.093115,0.039846,-0.331600,-0.015880,-0.011898,-0.456652,-1.341490,-0.496851,1.490267,0.001873,-0.010318
16.566667,-0.005684,0.035707,-0.008379,-0.134224,-1.100058,0.046985,-0.360416,-0.021224,-0.004771,-0.488068,-1.328843,-0.527568,1.490293,-0.002122,0.000594
16.600000,-0.001339,0.039251,-0.006659,-0.144133,-1.128594,0.038204,-0.386098,-0.023537,0.002158,-0.524704,-1.329879,-0.598285,1.488101,-0.000841,0.010629
16.633333,-0.008859,0.035375,-0.012987,-0.147755,-1.163096,0.008026,-0.431238,-0.024615,-0.008715,-0.560309,-1.316269,-0.687930,1.480910,0.003444,0.001117
16.666667,-0.005009,0.036404,-0.025537,-0.142400,-1.177191,0.011437,-0.454803,-0.020094,-0.004827,-0.589500,-1.311221,-0.778399,1.492568,0.004177,0.002368
16.700000,0.003854,0.037179,-0.013934,-0.145123,-1.187083,0.026447,-0.477654,-0.018990,0.001561,-0.625351,-1.313520,-0.878399,1.492858,0.005874,-0.000210
16.733333,0.011329,0.032036,-0.010126,-0.117246,-1.204155,0.020639,-0.490799,-0.019939,-0.004380,-0.650515,-1.306082,-0.968524,1.463808,0.010339,-0.011565
16.766667,0.008651,0.033290,-0.014351,-0.103487,-1.221904,0.033052,-0.508895,-0.018777,-0.001851,-0.669003,-1.292634,-1.039333,1.469142,0.007457,-0.015147
16.800000,0.007832,0.037020,-0.009027,-0.105094,-1.237650,0.039982,-0.522851,-0.022733,0.002718,-0.678134,-1.293391,-1.097913,1.477416,0.008717,-0.011989
16.833333,0.003565,0.036548,-0.000458,-0.110486,-1.245106,0.027410,-0.531760,-0.028938,0.003834,-0.692091,-1.284807,-1.139319,1.458644,0.007842,-0.013716
16.866667,-0.002711,0.041275,-0.002478,-0.107333,-1.245106,0.019127,-0.523729,-0.025320,0.007493,-0.694315,-1.273527,-1.171111,1.445845,0.006377,-0.019123
16.900000,-0.007506,0.041255,-0.000987,-0.110719,-1.258840,0.028414,-0.525994,-0.022181,0.006083,-0.695539,-1.269327,-1.188200,1.448274,0.004572,-0.017244
16.933333,-0.009235,0.037948,0.002544,-0.116509,-1.257124,0.010979,-0.536518,-0.021599,0.004597,-0.699537,-1.274029,-1.208260,1.431486,0.007156,-0.016299
16.966667,-0.010492,0.041684,-0.002260,-0.112426,-1.262670,0.001880,-0.537716,-0.023015,0.008170,-0.712679,-1.270358,-1.238963,1.427749,0.004097,-0.016993
17.000000,-0.014703,0.040373,-0.004786,-0.103103,-1.272594,0.004198,-0.552418,-0.022905,0.004480,-0.707712,-1.270300,-1.273198,1.414552,0.005091,-0.020177
17.033333,-0.005373,0.034560,-0.006349,-0.097692,-1.278763,-0.004972,-0.572350,-0.028464,-0.004973,-0.706241,-1.280686,-1.304069,1.403417,0.002529,-0.024330
17.066667,0.002283,0.032552,-0.012817,-0.103861,-1.268116,-0.013551,-0.586916,-0.026597,0.001619,-0.696263,-1.291413,-1.341147,1.388992,-0.009447,-0.021547
17.100000,0.003251,0.031711,-0.015727,-0.095279,-1.273151,-0.014160,-0.599848,-0.023650,-0.005327,-0.666387,-1.281595,-1.380391,1.355920,-0.015587,-0.021053
17.133333,0.002973,0.023579,-0.013777,-0.089956,-1.256308,-0.004391,-0.612647,-0.027921,-0.009969,-0.634526,-1.274052,-1.404284,1.318713,-0.012069,-0.027488
17.166667,0.009491,0.022046,-0.015705,-0.094409,-1.243814,-0.008640,-0.633438,-0.029926,-0.016881,-0.610005,-1.275524,-1.419333,1.301390,-0.013981,-0.028656
17.200000,0.005243,0.020630,-0.014626,-0.094211,-1.245216,-0.002369,-0.651038,-0.027105,-0.013485,-0.582740,-1.274688,-1.430344,1.288634,-0.007194,-0.019077
17.233333,-0.001678,0.025494,-0.008071,-0.080174,-1.243122,0.017696,-0.655427,-0.028360,-0.018876,-0.564495,-1.262079,-1.436201,1.271867,0.005557,-0.018595
17.266667,0.012051,0.034242,-0.002842,-0.083802,-1.222839,0.026023,-0.643746,-0.027482,-0.002836,-0.559257,-1.283624,-1.448954,1.291905,0.003646,-0.016153
17.300000,0.015980,0.040643,0.002267,-0.086514,-1.231403,0.019203,-0.647941,-0.026703,0.001307,-0.562175,-1.293075,-1.468201,1.301859,0.002272,-0.009597
17.333333,0.009744,0.042691,-0.004200,-0.075808,-1.231033,0.017890,-0.645396,-0.020806,0.005508,-0.567734,-1.297475,-1.488797,1.325143,0.003876,-0.005620
17.366667,0.007531,0.051907,-0.004056,-0.081833,-1.226884,0.034698,-0.638370,-0.028524,0.010291,-0.583924,-1.299749,-1.516614,1.359727,0.000210,-0.001995
17.400000,0.012036,0.046070,-0.004482,-0.085352,-1.236097,0.018888,-0.650761,-0.032887,0.008097,-0.597458,-1.302195,-1.546466,1.376481,-0.001260,-0.005159
17.433333,0.001013,0.041626,-0.012985,-0.078033,-1.251080,0.025828,-0.683163,-0.037158,-0.000864,-0.615142,-1.274562,-1.549934,1.369724,0.005197,-0.006597
17.466667,-0.004229,0.043216,-0.019428,-0.081698,-1.252577,0.032920,-0.703518,-0.033639,-0.003341,-0.611508,-1.270648,-1.563633,1.378592,-0.001172,0.000003
17.500000,-0.004683,0.041392,-0.008767,-0.086953,-1.264295,0.036315,-0.710055,-0.036078,0.002198,-0.614569,-1.268031,-1.569624,1.375689,-0.002685,-0.001962
17.533333,-0.002853,0.037078,-0.010832,-0.067083,-1.276220,0.020073,-0.726651,-0.029712,0.002740,-0.608918,-1.270035,-1.569193,1.348164,-0.002129,-0.005129
17.566667,-0.008397,0.037120,-0.011239,-0.063764,-1.289622,0.021522,-0.741400,-0.021268,0.009924,-0.606690,-1.267184,-1.571561,1.358525,-0.009026,0.003059
17.600000,-0.013837,0.032654,-0.006855,-0.058945,-1.292365,0.003874,-0.750008,-0.020994,0.001341,-0.605490,-1.278164,-1.586383,1.368303,-0.011676,-0.001001
17.633333,-0.010232,0.030061,-0.001291,-0.053063,-1.275282,-0.003251,-0.752665,-0.022484,0.001772,-0.624295,-1.272264,-1.594895,1.373626,-0.005473,-0.013475
17.666667,-0.008591,0.034897,-0.004485,-0.051717,-1.258711,0.016329,-0.763503,-0.018130,0.002410,-0.649232,-1.270153,-1.615822,1.384206,-0.008604,-0.017663
17.700000,-0.011006,0.032919,-0.002789,-0.054741,-1.250847,0.015973,-0.780475,-0.016396,-0.001931,-0.668757,-1.261086,-1.636809,1.401391,-0.007735,-0.020983
17.733333,-0.004097,0.031722,-0.007925,-0.044101,-1.230444,0.017245,-0.772273,-0.019274,-0.006407,-0.702752,-1.276840,-1.659136,1.419864,-0.002301,-0.031574
17.766667,-0.000878,0.033241,-0.015576,-0.039511,-1.238261,0.009398,-0.776652,-0.019882,-0.004361,-0.715668,-1.276406,-1.682300,1.433060,-0.002452,-0.027646
17.800000,-0.002821,0.034040,-0.017530,-0.032382,-1.256123,0.009631,-0.783273,-0.021899,-0.007194,-0.722433,-1.280636,-1.698534,1.443967,-0.002584,-0.026999
17.833333,-0.007549,0.029718,-0.015506,-0.028760,-1.256041,-0.014973,-0.790702,-0.022272,-0.011440,-0.722983,-1.268198,-1.707721,1.451547,-0.003523,-0.019352
17.866667,-0.006009,0.033343,-0.013170,-0.046551,-1.248291,-0.028234,-0.783657,-0.022041,-0.007690,-0.728475,-1.279222,-1.710264,1.472578,-0.005391,-0.015306
17.900000,-0.009368,0.034051,-0.008553,-0.055292,-1.256309,-0.031322,-0.789054,-0.028782,-0.011473,-0.715402,-1.250245,-1.720638,1.455415,-0.001650,-0.012020
17.933333,-0.008675,0.030138,-0.001891,-0.060366,-1.248439,-0.018453,-0.783542,-0.030045,-0.012508,-0.722330,-1.235868,-1.731390,1.450815,0.000992,-0.014937
17.966667,-0.008413,0.024368,-0.000531,-0.048718,-1.230334,-0.035788,-0.793787,-0.024646,-0.012497,-0.703547,-1.249988,-1.715591,1.428129,0.007634,-0.015308
18.000000,-0.004444,0.023674,0.000087,-0.043782,-1.208342,-0.068286,-0.824770,-0.029727,-0.007504,-0.662126,-1.274695,-1.683271,1.382073,0.006357,-0.013564
18.033333,-0.008258,0.018718,-0.003748,-0.024984,-1.158684,-0.102139,-0.881982,-0.035460,-0.014147,-0.602318,-1.283868,-1.633753,1.303053,0.007530,-0.018169
18.066667,-0.016516,0.021623,-0.008817,-0.023142,-1.087230,-0.142774,-0.961982,-0.036866,-0.012788,-0.522318,-1.300406,-1.553753,1.223053,0.008207,-0.020602
18.100000,-0.020446,0.023898,-0.013206,-0.024105,-1.004258,-0.181121,-1.061982,-0.042301,-0.012381,-0.422318,-1.329565,-1.453753,1.123053,0.005778,-0.017928
18.133333,-0.025296,0.028318,-0.016545,-0.040600,-0.952228,-0.207325,-1.161982,-0.050608,-0.013053,-0.332634,-1.341629,-1.353753,1.023053,-0.000413,-0.016434
18.166667,-0.038901,0.030058,-0.030264,-0.044859,-0.918851,-0.193529,-1.261982,-0.050241,-0.025646,-0.265411,-1.333951,-1.253753,0.923053,0.004928,-0.023287
18.200000,-0.038465,0.031828,-0.034836,-0.067303,-0.902284,-0.167124,-1.352736,-0.046271,-0.028166,-0.213830,-1.342771,-1.153753,0.858703,0.010655,-0.012854
18.233333,-0.037159,0.028363,-0.031742,-0.087426,-0.910266,-0.160618,-1.429048,-0.045811,-0.031239,-0.185364,-1.362935,-1.053753,0.814059,0.007915,-0.010051
18.266667,-0.041585,0.029348,-0.036075,-0.094960,-0.939765,-0.162527,-1.482023,-0.041020,-0.041578,-0.165337,-1.355307,-0.953753,0.784436,0.001870,-0.008808
18.300000,-0.044374,0.038293,-0.037165,-0.120748,-0.952576,-0.136578,-1.514570,-0.038620,-0.035928,-0.172006,-1.364040,-0.854509,0.794812,0.005893,0.000105
18.333333,-0.035752,0.037784,-0.025672,-0.156662,-0.974772,-0.130022,-1.530494,-0.041650,-0.028828,-0.174576,-1.385486,-0.780447,0.822752,0.004900,0.002353
18.366667,-0.031846,0.038511,-0.022589,-0.173757,-0.988412,-0.129546,-1.519400,-0.037443,-0.018966,-0.190960,-1.379642,-0.746385,0.851506,-0.005838,-0.006601
18.400000,-0.029761,0.050451,-0.022167,-0.199493,-1.008957,-0.102411,-1.520017,-0.041642,-0.016187,-0.212843,-1.361703,-0.752323,0.900554,-0.009828,0.000288
18.433333,-0.026287,0.048958,-0.014069,-0.235988,-1.030782,-0.071828,-1.525940,-0.041491,-0.006699,-0.258496,-1.376932,-0.798260,0.974581,-0.001549,-0.005166
18.466667,-0.020837,0.043946,-0.011392,-0.253926,-1.059030,-0.046875,-1.530287,-0.042144,-0.011788,-0.307136,-1.372605,-0.883442,1.048608,0.000115,-0.011887
18.500000,-0.016957,0.042800,-0.011059,-0.277700,-1.097748,-0.003596,-1.534387,-0.043959,-0.008429,-0.377415,-1.359920,-0.983442,1.145073,0.001340,-0.002404
18.533333,-0.020688,0.041432,-0.007885,-0.302648,-1.148615,0.057530,-1.546453,-0.051379,-0.015066,-0.453784,-1.367564,-1.083442,1.244332,0.007465,-0.002242
18.566667,-0.015258,0.034612,-0.004068,-0.328515,-1.183863,0.110316,-1.545262,-0.041980,-0.010673,-0.526402,-1.388595,-1.183442,1.340389,0.011488,-0.008927
18.600000,-0.013561,0.034943,0.001030,-0.371377,-1.216103,0.185781,-1.541396,-0.038200,-0.004043,-0.592469,-1.392632,-1.283442,1.423903,0.007417,-0.007542
18.633333,-0.016429,0.028546,0.000660,-0.432796,-1.244395,0.266876,-1.540028,-0.039686,-0.003600,-0.629862,-1.381532,-1.375766,1.476885,0.003348,-0.007022
18.666667,-0.018240,0.028903,0.001906,-0.468459,-1.247788,0.349037,-1.524542,-0.036095,-0.003856,-0.627256,-1.379438,-1.428090,1.500596,0.001512,-0.019792
18.700000,-0.012582,0.027479,-0.000989,-0.481769,-1.241129,0.396834,-1.533741,-0.038730,-0.010436,-0.589104,-1.371299,-1.440415,1.485048,0.002875,-0.021158
18.733333,-0.018225,0.023352,-0.003979,-0.466951,-1.229039,0.416834,-1.538360,-0.045491,-0.014677,-0.526089,-1.343161,-1.412739,1.432702,0.003982,-0.022238
18.766667,-0.020470,0.025819,-0.012723,-0.414163,-1.190881,0.396834,-1.524810,-0.045220,-0.016568,-0.437415,-1.296834,-1.345063,1.352899,0.001202,-0.022288
18.800000,-0.019195,0.032530,-0.010130,-0.342004,-1.146415,0.336834,-1.523710,-0.041472,-0.009283,-0.337415,-1.271974,-1.245063,1.263628,-0.001325,-0.015757
18.833333,-0.022590,0.030280,-0.013147,-0.270954,-1.115238,0.236834,-1.540774,-0.043086,-0.014146,-0.257131,-1.242637,-1.145063,1.163628,-0.000189,-0.011365
18.866667,-0.029991,0.025479,-0.019256,-0.214311,-1.088989,0.136834,-1.534532,-0.032457,-0.012035,-0.187209,-1.186303,-1.045063,1.063628,-0.000991,-0.002733
18.900000,-0.026170,0.031063,-0.018791,-0.184311,-1.058018,0.036834,-1.535780,-0.029362,-0.013662,-0.137457,-1.160185,-0.945063,0.963628,-0.001110,0.002208
18.933333,-0.028538,0.026713,-0.016305,-0.171236,-1.042014,-0.049293,-1.555901,-0.033879,-0.021202,-0.109988,-1.132255,-0.845063,0.863628,0.001854,0.001502
18.966667,-0.031202,0.024998,-0.027341,-0.161215,-1.019500,-0.098118,-1.563079,-0.027788,-0.026094,-0.107628,-1.112845,-0.745063,0.777884,0.007084,-0.004694
19.000000,-0.025783,0.028766,-0.027242,-0.160546,-1.001159,-0.127435,-1.559807,-0.028650,-0.022760,-0.085553,-1.090729,-0.645063,0.710896,0.008549,0.000231
19.033333,-0.023339,0.033480,-0.019919,-0.156625,-1.001959,-0.152575,-1.555260,-0.036253,-0.018692,-0.075511,-1.095921,-0.545063,0.657191,0.003277,-0.008078
19.066667,-0.030607,0.035681,-0.024088,-0.145837,-1.020471,-0.138208,-1.523791,-0.043808,-0.014946,-0.057221,-1.099987,-0.445063,0.633658,0.003421,-0.014811
19.100000,-0.029313,0.037181,-0.020751,-0.144526,-1.051698,-0.097715,-1.472322,-0.045716,-0.011724,-0.045149,-1.127066,-0.345063,0.627566,0.005422,-0.009958
19.133333,-0.026590,0.033475,-0.010646,-0.142416,-1.092404,-0.071549,-1.400853,-0.055467,-0.012605,-0.027094,-1.145143,-0.245063,0.610150,-0.000671,-0.010385
19.166667,-0.028916,0.038393,-0.008569,-0.156081,-1.129939,-0.024891,-1.312656,-0.056960,-0.012843,-0.042117,-1.166617,-0.183377,0.613979,-0.008046,-0.010043
19.200000,-0.031772,0.037657,-0.004886,-0.198591,-1.153323,0.057591,-1.252656,-0.051850,-0.014155,-0.074743,-1.191083,-0.161692,0.644524,-0.007970,-0.004237
19.233333,-0.021271,0.025226,-0.000141,-0.261324,-1.164361,0.140565,-1.232656,-0.046804,-0.017658,-0.135449,-1.216589,-0.180006,0.684898,-0.008442,-0.001693
19.266667,-0.016452,0.023883,-0.002164,-0.337657,-1.166386,0.223538,-1.221953,-0.038923,-0.013651,-0.207653,-1.243139,-0.238321,0.747829,-0.019142,-0.007776
19.300000,-0.013233,0.020550,-0.004379,-0.431106,-1.176946,0.323538,-1.251171,-0.035521,-0.016419,-0.300731,-1.255908,-0.336635,0.847830,-0.019780,-0.005314
19.333333,-0.013515,0.009133,0.000345,-0.513536,-1.178584,0.423538,-1.290663,-0.031508,-0.013772,-0.390636,-1.289707,-0.436635,0.947830,-0.012174,-0.010797
19.366667,-0.006337,0.005155,-0.002226,-0.555967,-1.180050,0.506905,-1.290154,-0.032792,-0.009265,-0.440541,-1.309795,-0.536635,1.040713,-0.014010,-0.022292
19.400000,-0.012476,0.008854,-0.004386,-0.558397,-1.192900,0.550271,-1.249646,-0.027623,-0.009884,-0.450446,-1.323348,-0.608325,1.093597,-0.014075,-0.022295
19.433333,-0.015654,0.008963,-0.001316,-0.520828,-1.192669,0.553637,-1.199840,-0.032285,-0.016309,-0.420351,-1.312844,-0.652728,1.106481,-0.003295,-0.024407
19.466667,-0.010714,0.013305,0.001248,-0.443259,-1.184681,0.517003,-1.110114,-0.024781,-0.012695,-0.350256,-1.307628,-0.657130,1.079365,-0.005445,-0.018862
19.500000,-0.004738,0.019828,0.002728,-0.343259,-1.193706,0.440369,-1.010114,-0.026487,-0.019120,-0.251204,-1.289216,-0.621533,1.012248,-0.007310,-0.015756
19.533333,-0.015511,0.024411,-0.005472,-0.262997,-1.214886,0.340369,-0.915194,-0.031186,-0.026695,-0.169866,-1.262328,-0.550131,0.918995,-0.004600,-0.005357
19.566667,-0.019944,0.033985,-0.008693,-0.222736,-1.215860,0.257031,-0.850901,-0.035965,-0.018246,-0.126007,-1.251274,-0.507039,0.865741,-0.006270,0.002795
19.600000,-0.014405,0.037362,-0.008333,-0.206869,-1.239836,0.213693,-0.795560,-0.038624,-0.010228,-0.122149,-1.259313,-0.491234,0.852488,-0.007676,0.010732
19.633333,-0.020831,0.032677,-0.012941,-0.217563,-1.276830,0.210355,-0.778314,-0.045349,-0.015207,-0.158291,-1.255800,-0.515430,0.879234,-0.002593,0.002576
19.666667,-0.018131,0.031819,-0.025540,-0.247082,-1.293783,0.247016,-0.771471,-0.040433,-0.010325,-0.233484,-1.258492,-0.579625,0.945981,-0.000831,0.002010
19.700000,-0.009297,0.031544,-0.013422,-0.283779,-1.307459,0.323678,-0.784962,-0.038519,-0.005870,-0.330965,-1.269260,-0.679625,1.045981,0.002500,0.003408
19.733333,-0.002410,0.023486,-0.008306,-0.281419,-1.326290,0.386101,-0.776533,-0.039010,-0.013300,-0.409778,-1.265692,-0.779625,1.105981,0.003545,-0.005697
19.766667,-0.006850,0.026658,-0.011889,-0.265834,-1.337980,0.425587,-0.774856,-0.038191,-0.012535,-0.448592,-1.259694,-0.839625,1.125981,0.004472,-0.007282
19.800000,-0.005646,0.029692,-0.008958,-0.231745,-1.326387,0.425072,-0.771008,-0.039408,-0.011585,-0.447405,-1.261878,-0.859625,1.105981,0.004730,-0.004312
19.833333,-0.009398,0.032302,-0.000378,-0.193013,-1.298839,0.384558,-0.790887,-0.044483,-0.010345,-0.406219,-1.234612,-0.839625,1.045981,0.005108,-0.003652
19.866667,-0.017228,0.037034,-0.004043,-0.138481,-1.242381,0.304044,-0.825352,-0.041366,-0.006461,-0.325032,-1.191157,-0.779625,0.945981,0.000782,-0.012268
19.900000,-0.020015,0.038691,-0.004191,-0.090228,-1.192918,0.221107,-0.891110,-0.036809,-0.006058,-0.225032,-1.148153,-0.679625,0.885980,-0.000276,-0.014469
19.933333,-0.020072,0.032622,-0.001537,-0.054418,-1.133334,0.123073,-0.981165,-0.033326,-0.007091,-0.135119,-1.106474,-0.579625,0.865981,0.001465,-0.013902
19.966667,-0.021359,0.036945,-0.007392,-0.026571,-1.091358,0.036251,-1.070024,-0.033181,-0.004044,-0.070466,-1.054293,-0.479625,0.883908,-0.006362,-0.014509
20.000000,-0.027119,0.033356,-0.011318,-0.004101,-1.066750,-0.024165,-1.143575,-0.032618,-0.009190,-0.012748,-1.018978,-0.379625,0.916471,-0.009041,-0.018886
20.033333,-0.015262,0.028414,-0.013228,0.001537,-1.058345,-0.075078,-1.177126,-0.038532,-0.017313,0.022444,-1.001947,-0.279625,0.964523,-0.010051,-0.022015
20.066667,-0.009824,0.026298,-0.020181,-0.018850,-1.044633,-0.095092,-1.170677,-0.037145,-0.014055,0.026258,-0.990732,-0.179625,0.986312,-0.023200,-0.016538
20.100000,-0.008940,0.025895,-0.023933,-0.031088,-1.051354,-0.094311,-1.124228,-0.037960,-0.022363,0.029786,-0.967572,-0.079625,0.968101,-0.026505,-0.017585
20.133333,-0.007832,0.018538,-0.021867,-0.046103,-1.042703,-0.074442,-1.048055,-0.041364,-0.027026,0.027490,-0.956491,0.003586,0.920196,-0.018619,-0.024184
20.166667,0.001481,0.016079,-0.023099,-0.069032,-1.036871,-0.067224,-0.968195,-0.044221,-0.032240,0.010037,-0.961892,0.068181,0.857655,-0.020277,-0.023720
20.200000,-0.001161,0.014601,-0.022526,-0.081664,-1.042127,-0.050167,-0.896516,-0.040806,-0.031701,-0.006804,-0.972200,0.103558,0.792094,-0.015338,-0.015766
20.233333,-0.005459,0.019678,-0.014786,-0.077227,-1.045033,-0.024008,-0.834310,-0.040001,-0.034664,-0.016190,-0.971976,0.118312,0.726119,-0.001136,-0.016034
20.266667,0.009021,0.028548,-0.009007,-0.087835,-1.027754,-0.011629,-0.772104,-0.037433,-0.017319,-0.025315,-1.005312,0.109147,0.672833,-0.005644,-0.010296
20.300000,0.010473,0.032871,-0.003078,-0.097080,-1.041506,-0.015942,-0.744892,-0.035440,-0.011476,-0.035265,-1.025113,0.091122,0.611494,-0.008762,-0.005330
20.333333,0.004513,0.035656,-0.009358,-0.092999,-1.045408,-0.016085,-0.721034,-0.030266,-0.008547,-0.041721,-1.034701,0.078787,0.571200,-0.005877,-0.002529
20.366667,0.001507,0.044191,-0.008901,-0.108561,-1.053366,0.002855,-0.690636,-0.036804,-0.000226,-0.054510,-1.044581,0.063422,0.537032,-0.007311,0.001030
20.400000,0.002960,0.038991,-0.009588,-0.121018,-1.081636,-0.007533,-0.673346,-0.042009,-0.004158,-0.066923,-1.055485,0.054554,0.489542,-0.006963,0.002630
20.433333,-0.008858,0.033693,-0.017799,-0.124263,-1.114682,0.006721,-0.677042,-0.045958,-0.012989,-0.094791,-1.039901,0.048479,0.429363,0.000351,0.000950
20.466667,-0.012577,0.035608,-0.024929,-0.137325,-1.136949,0.019375,-0.663224,-0.044315,-0.015621,-0.103598,-1.048440,0.037160,0.369003,-0.003462,0.009091
20.500000,-0.015415,0.035077,-0.015546,-0.153580,-1.172764,0.026075,-0.633210,-0.046072,-0.010986,-0.119211,-1.065589,0.033215,0.287598,-0.006177,0.009499
20.533333,-0.015309,0.030821,-0.017152,-0.142209,-1.202464,0.014238,-0.620209,-0.038789,-0.012002,-0.126256,-1.086789,0.033577,0.199322,-0.007617,0.007673
20.566667,-0.018933,0.027816,-0.017885,-0.151839,-1.225652,0.017650,-0.603121,-0.031115,-0.000640,-0.134458,-1.108172,0.029079,0.149154,-0.018031,0.009757
20.600000,-0.023100,0.024523,-0.014914,-0.162531,-1.240133,0.005346,-0.570163,-0.029568,-0.007857,-0.137391,-1.143365,0.031551,0.106134,-0.020128,0.006516
20.633333,-0.021550,0.022135,-0.008467,-0.171561,-1.228744,0.001966,-0.532921,-0.030654,-0.008209,-0.154631,-1.161610,0.034662,0.088342,-0.014860,-0.003675
20.666667,-0.020233,0.025517,-0.011732,-0.182158,-1.215023,0.026615,-0.504649,-0.027483,-0.004732,-0.166864,-1.187015,0.021919,0.110549,-0.018187,-0.007212
20.700000,-0.022389,0.023884,-0.010107,-0.202026,-1.209671,0.031693,-0.477644,-0.028025,-0.009204,-0.162339,-1.207536,0.018744,0.155373,-0.015604,-0.008430
20.733333,-0.014308,0.024708,-0.016007,-0.199675,-1.188809,0.037829,-0.440214,-0.031331,-0.015735,-0.169522,-1.246023,0.005057,0.202089,-0.006165,-0.015590
20.766667,-0.011043,0.025875,-0.023445,-0.195958,-1.194452,0.027272,-0.435942,-0.032277,-0.014894,-0.156409,-1.272615,-0.025595,0.278869,-0.008042,-0.011808
20.800000,-0.013633,0.025269,-0.025423,-0.187674,-1.205484,0.023592,-0.445835,-0.031549,-0.016017,-0.132956,-1.302963,-0.065991,0.370421,-0.007612,-0.010735
20.833333,-0.015438,0.021111,-0.022907,-0.179621,-1.199119,-0.003106,-0.466391,-0.031743,-0.019464,-0.110399,-1.306346,-0.115363,0.461972,-0.006639,-0.004312
20.866667,-0.009959,0.023000,-0.021221,-0.182685,-1.181586,-0.021352,-0.491707,-0.031203,-0.014784,-0.099725,-1.319620,-0.168118,0.559184,-0.013345,-0.001475
20.900000,-0.014710,0.024193,-0.016698,-0.173892,-1.173778,-0.037483,-0.546030,-0.034300,-0.020666,-0.067263,-1.292893,-0.204441,0.656395,-0.014531,-0.000357
20.933333,-0.015731,0.021619,-0.010187,-0.162604,-1.149614,-0.034830,-0.582079,-0.033911,-0.023852,-0.054802,-1.251137,-0.229646,0.748145,-0.013196,-0.006636
20.966667,-0.011222,0.018375,-0.004374,-0.165763,-1.159544,-0.019986,-0.585761,-0.026774,-0.018897,-0.065522,-1.236711,-0.214850,0.799895,-0.010007,-0.009317
21.000000,-0.000126,0.016514,0.000525,-0.178738,-1.205320,0.004881,-0.567520,-0.022715,-0.012191,-0.085560,-1.249251,-0.169675,0.811646,-0.014303,-0.013743
21.033333,-0.002439,0.010380,0.001379,-0.184263,-1.260880,0.032433,-0.524597,-0.020513,-0.014364,-0.105613,-1.255793,-0.106363,0.783396,-0.011189,-0.016432
21.066667,-0.004656,0.011601,0.000438,-0.210321,-1.312432,0.060393,-0.462174,-0.019704,-0.008917,-0.133226,-1.267760,-0.063151,0.715146,-0.010242,-0.015765
21.100000,0.000617,0.011405,0.000089,-0.234145,-1.352427,0.088266,-0.404351,-0.019361,-0.003762,-0.153549,-1.311409,-0.027497,0.617400,-0.013107,-0.013008
21.133333,-0.001073,0.013499,-0.003485,-0.245243,-1.384707,0.091410,-0.370871,-0.022675,-0.006014,-0.152882,-1.336824,0.002899,0.541142,-0.020439,-0.007835
21.166667,-0.018103,0.014163,-0.018184,-0.235031,-1.393735,0.102011,-0.353565,-0.022956,-0.021253,-0.145632,-1.327435,-0.003175,0.499233,-0.016510,-0.012547
21.200000,-0.016871,0.018294,-0.023058,-0.239625,-1.383873,0.118119,-0.357878,-0.019513,-0.024218,-0.142912,-1.331504,-0.045589,0.489325,-0.014159,-0.005359
21.233333,-0.012220,0.014240,-0.019164,-0.234444,-1.384602,0.111374,-0.371514,-0.018464,-0.024250,-0.140041,-1.348539,-0.064510,0.499395,-0.016348,-0.005711
21.266667,-0.020686,0.015190,-0.024093,-0.218316,-1.396886,0.088372,-0.376885,-0.012046,-0.033825,-0.142072,-1.339811,-0.077657,0.535645,-0.019819,-0.003929
21.300000,-0.021029,0.023413,-0.026202,-0.219441,-1.396886,0.084756,-0.377918,-0.011532,-0.029616,-0.164534,-1.349317,-0.125547,0.590407,-0.017079,-0.000537
21.333333,-0.011572,0.025228,-0.014622,-0.231752,-1.400138,0.067021,-0.389601,-0.014637,-0.020539,-0.195569,-1.367642,-0.174228,0.648528,-0.014379,0.002747
21.366667,-0.007928,0.025661,-0.012174,-0.225153,-1.390000,0.046009,-0.393068,-0.010150,-0.011631,-0.247255,-1.356560,-0.222947,0.714649,-0.020946,-0.006217
21.400000,-0.009395,0.036936,-0.012009,-0.232602,-1.390000,0.047454,-0.409636,-0.013373,-0.010019,-0.316906,-1.331333,-0.301994,0.800791,-0.027389,0.003172
21.433333,-0.003267,0.036444,-0.003520,-0.253659,-1.383912,0.061612,-0.439210,-0.016628,0.000199,-0.408946,-1.338488,-0.399256,0.898499,-0.020823,-0.002870
21.466667,0.001568,0.032331,-0.000708,-0.252062,-1.369498,0.066669,-0.478253,-0.016343,-0.005527,-0.501545,-1.324122,-0.496518,0.996207,-0.015220,-0.009492
21.500000,0.005561,0.030914,-0.000453,-0.256259,-1.368899,0.078316,-0.518791,-0.019795,-0.003599,-0.601545,-1.303672,-0.596518,1.096207,-0.015347,-0.001673
21.533333,0.000220,0.028418,0.002223,-0.256596,-1.382598,0.096251,-0.562155,-0.028471,-0.009193,-0.661545,-1.302236,-0.696518,1.195714,-0.009243,-0.003008
21.566667,0.006344,0.024737,0.004065,-0.253200,-1.381331,0.103822,-0.583202,-0.018983,-0.006196,-0.681545,-1.326372,-0.756518,1.255222,-0.001419,-0.014194
21.600000,0.005807,0.026843,0.007872,-0.253189,-1.387419,0.120328,-0.574907,-0.015552,0.000397,-0.661545,-1.334564,-0.776518,1.274729,-0.003520,-0.012534
21.633333,0.001341,0.023874,0.005588,-0.254666,-1.396145,0.126600,-0.543508,-0.018240,-0.000828,-0.601545,-1.330879,-0.756518,1.254236,-0.005666,-0.014479
21.666667,0.001317,0.025650,0.005697,-0.259514,-1.390874,0.145942,-0.511895,-0.012576,-0.000262,-0.501545,-1.345001,-0.696518,1.193744,-0.005231,-0.028380
21.700000,0.011963,0.024554,0.003872,-0.286227,-1.393335,0.185310,-0.504053,-0.013851,-0.007699,-0.402105,-1.357992,-0.596518,1.093744,-0.005378,-0.027388
21.733333,0.005265,0.019358,0.004243,-0.327255,-1.393697,0.245938,-0.518527,-0.019038,-0.009891,-0.314843,-1.343975,-0.496518,0.993744,-0.002079,-0.025489
21.766667,0.001991,0.017208,-0.000790,-0.385977,-1.379202,0.321261,-0.573002,-0.018787,-0.007743,-0.253542,-1.318316,-0.396518,0.893744,-0.008482,-0.023917
21.800000,0.003608,0.019407,0.004564,-0.465865,-1.372818,0.421261,-0.661105,-0.015791,0.008188,-0.223724,-1.326055,-0.309629,0.793744,-0.016709,-0.010880
21.833333,0.001314,0.014501,0.003461,-0.557760,-1.377034,0.521261,-0.761105,-0.013743,0.001028,-0.217550,-1.331210,-0.244374,0.693744,-0.016438,-0.005904
21.866667,-0.008135,0.012507,-0.002817,-0.641130,-1.376447,0.621261,-0.860016,-0.001083,0.006291,-0.225084,-1.307891,-0.203896,0.610961,-0.014071,0.001977
21.900000,-0.003332,0.015567,-0.002947,-0.714653,-1.374050,0.721261,-0.935236,0.002259,0.001000,-0.235448,-1.321759,-0.182322,0.548768,-0.016161,0.007198
21.933333,-0.005117,0.011704,-0.003271,-0.757302,-1.383847,0.821261,-0.982594,-0.000541,-0.013927,-0.235255,-1.335633,-0.162313,0.489625,-0.009157,0.002991
21.966667,-0.005214,0.011394,-0.015230,-0.759951,-1.374464,0.921261,-0.989953,0.007015,-0.026292,-0.225540,-1.344045,-0.139861,0.458989,-0.000925,-0.007897
22.000000,-0.000404,0.013958,-0.015717,-0.722601,-1.366125,0.981261,-0.957311,0.002097,-0.018173,-0.194965,-1.341083,-0.122086,0.431654,0.002715,-0.002055
22.033333,0.000438,0.016438,-0.008723,-0.657270,-1.370552,1.001261,-0.885759,-0.008275,-0.017791,-0.174584,-1.362206,-0.083077,0.396348,-0.000688,-0.010089
22.066667,-0.005003,0.020822,-0.013481,-0.566395,-1.373854,0.981261,-0.808566,-0.014238,-0.012495,-0.167828,-1.359529,-0.065163,0.380452,-0.002631,-0.018127
22.100000,-0.001784,0.025825,-0.008880,-0.469142,-1.378551,0.921261,-0.736714,-0.018499,-0.007417,-0.173503,-1.366663,-0.085685,0.397417,-0.000872,-0.008219
22.133333,-0.003617,0.022775,0.002821,-0.395308,-1.389240,0.821261,-0.682207,-0.028823,-0.006268,-0.178365,-1.358077,-0.135539,0.407860,-0.007557,-0.006218
22.166667,-0.007135,0.032301,0.006510,-0.342530,-1.387969,0.721261,-0.641311,-0.029723,-0.005670,-0.203236,-1.349196,-0.199081,0.451321,-0.014748,-0.004833
22.200000,-0.010074,0.033608,0.010230,-0.313934,-1.381447,0.629058,-0.628834,-0.022519,-0.004545,-0.223057,-1.347594,-0.299081,0.504889,-0.015934,0.000215
22.233333,-0.002237,0.023563,0.016005,-0.307812,-1.374388,0.557312,-0.634693,-0.020012,-0.008773,-0.239563,-1.358658,-0.399045,0.544736,-0.013577,0.002876
22.266667,0.002721,0.023081,0.015357,-0.315092,-1.366887,0.511426,-0.623071,-0.008385,-0.004692,-0.239789,-1.369191,-0.462873,0.567777,-0.025450,-0.006788
22.300000,0.008702,0.023453,0.013452,-0.326860,-1.374843,0.505540,-0.634106,-0.006119,-0.009811,-0.238401,-1.372161,-0.492018,0.572294,-0.024037,-0.008411
22.333333,0.007140,0.012653,0.017300,-0.348666,-1.379977,0.527747,-0.655295,-0.000762,-0.012735,-0.232194,-1.392391,-0.481164,0.565276,-0.015018,-0.014302
22.366667,0.015992,0.008865,0.016661,-0.367280,-1.380351,0.558186,-0.667588,-0.003122,-0.010799,-0.228975,-1.398956,-0.430310,0.558419,-0.019908,-0.026732
22.400000,0.009956,0.010673,0.013333,-0.385618,-1.387411,0.608167,-0.682332,0.002995,-0.010212,-0.212843,-1.398956,-0.339491,0.525284,-0.020348,-0.027533
22.433333,0.005741,0.009768,0.015240,-0.399522,-1.383787,0.672289,-0.707521,-0.004105,-0.016693,-0.203547,-1.385227,-0.250110,0.473042,-0.008057,-0.028521
22.466667,0.012425,0.010885,0.017364,-0.407655,-1.363741,0.736410,-0.708094,0.004226,-0.010267,-0.195731,-1.382519,-0.178581,0.425745,-0.010383,-0.019969
22.500000,0.016965,0.013797,0.019414,-0.424155,-1.360357,0.812297,-0.724901,-0.000264,-0.014028,-0.180967,-1.375637,-0.112420,0.366459,-0.016092,-0.017096
22.533333,0.006056,0.016402,0.010026,-0.444868,-1.366505,0.900378,-0.754515,-0.002507,-0.019705,-0.159282,-1.360586,-0.063522,0.310851,-0.010392,-0.007504
22.566667,0.004020,0.025086,0.008272,-0.483383,-1.353932,0.988459,-0.784161,-0.006431,-0.010211,-0.152965,-1.360586,-0.031995,0.294651,-0.012062,0.002024
22.600000,0.008566,0.028178,0.009271,-0.540962,-1.354634,1.076541,-0.808739,-0.010469,-0.005210,-0.148630,-1.374315,-0.033097,0.295060,-0.013175,0.008720
22.633333,0.001068,0.024616,0.003525,-0.595531,-1.365916,1.164622,-0.856798,-0.015150,-0.009842,-0.147335,-1.375064,-0.023485,0.306255,-0.007037,-0.001169
22.666667,0.004397,0.025817,-0.008930,-0.637556,-1.358691,1.252846,-0.877591,-0.007927,-0.006669,-0.149433,-1.381947,-0.044112,0.341222,-0.005537,-0.003141
22.700000,0.012258,0.026580,0.003099,-0.688346,-1.350685,1.352847,-0.898646,-0.006686,-0.002512,-0.162748,-1.395166,-0.064655,0.362035,-0.002909,0.001223
22.733333,0.017040,0.017601,0.006374,-0.712429,-1.348648,1.452847,-0.908995,-0.010258,-0.008783,-0.167493,-1.395166,-0.086766,0.359781,-0.003572,-0.007016
22.766667,0.012129,0.020162,0.000550,-0.729335,-1.354952,1.549131,-0.932950,-0.006969,-0.005170,-0.174775,-1.391526,-0.098544,0.380920,-0.005657,-0.009694
22.800000,0.012103,0.021236,0.005803,-0.752756,-1.356810,1.631781,-0.954973,-0.011697,-0.004685,-0.174767,-1.398244,-0.123326,0.390648,-0.009564,-0.006417
22.833333,0.012070,0.022407,0.013315,-0.772367,-1.353613,1.688639,-0.980415,-0.018500,-0.003647,-0.190775,-1.391993,-0.152501,0.383061,-0.006393,-0.007046
22.866667,0.003699,0.025303,0.010045,-0.780599,-1.339668,1.733812,-0.993149,-0.018023,0.001497,-0.203069,-1.382805,-0.204497,0.395875,-0.004687,-0.016982
22.900000,-0.001319,0.028822,0.010869,-0.793306,-1.339308,1.771725,-1.017952,-0.011429,0.000810,-0.222681,-1.380840,-0.275683,0.421946,-0.002842,-0.020110
22.933333,-0.000069,0.023637,0.015621,-0.807188,-1.320557,1.779156,-1.045174,-0.009200,-0.000762,-0.253047,-1.383823,-0.359272,0.442525,0.001632,-0.022439
22.966667,-0.002415,0.029909,0.010118,-0.817655,-1.310979,1.780547,-1.067669,-0.007972,0.001199,-0.306649,-1.379048,-0.457402,0.495323,0.001745,-0.024130
23.000000,-0.012028,0.028340,0.007555,-0.823119,-1.304762,1.791744,-1.098204,-0.002698,-0.004387,-0.362417,-1.376192,-0.555532,0.553178,-0.000717,-0.025410
23.033333,-0.001826,0.025339,0.008146,-0.833663,-1.292484,1.785728,-1.134731,-0.007214,-0.010383,-0.435200,-1.381344,-0.653662,0.621595,-0.000788,-0.032764
23.066667,0.003351,0.023897,0.003693,-0.856207,-1.264772,1.772969,-1.165942,-0.007337,-0.007124,-0.521465,-1.383309,-0.753662,0.700412,-0.013003,-0.030691
23.100000,0.001309,0.023224,0.002730,-0.867746,-1.254560,1.766853,-1.196572,-0.008980,-0.013559,-0.612498,-1.373020,-0.853662,0.777422,-0.013832,-0.028576
23.133333,0.003360,0.015877,0.004781,-0.872039,-1.225043,1.755295,-1.213691,-0.008948,-0.018469,-0.693157,-1.359248,-0.953662,0.846454,-0.006357,-0.034433
23.166667,0.011395,0.012045,0.004046,-0.890210,-1.200823,1.742687,-1.238812,-0.017706,-0.023275,-0.764530,-1.357025,-1.053662,0.917239,-0.006438,-0.038648
23.200000,0.008819,0.008895,0.004349,-0.898945,-1.194822,1.733929,-1.251425,-0.013725,-0.027418,-0.813875,-1.357436,-1.153662,0.981855,-0.008687,-0.030838
23.233333,0.005756,0.013368,0.011443,-0.888278,-1.191425,1.731718,-1.243864,-0.012184,-0.034589,-0.844470,-1.349569,-1.253662,1.030918,0.006210,-0.028610
23.266667,0.019167,0.021446,0.016923,-0.897307,-1.169245,1.732376,-1.222450,-0.007861,-0.017281,-0.846778,-1.360515,-1.337011,1.082561,0.000859,-0.028890
23.300000,0.017312,0.024789,0.022652,-0.907833,-1.180957,1.731484,-1.222337,-0.009170,-0.011954,-0.847598,-1.367857,-1.396397,1.113669,-0.004459,-0.023353
23.333333,0.012928,0.028057,0.015998,-0.904144,-1.182936,1.732332,-1.216225,-0.000171,-0.010850,-0.845835,-1.371034,-1.429856,1.150730,-0.001534,-0.019920
23.366667,0.007891,0.036279,0.015726,-0.915687,-1.182648,1.747213,-1.204445,-0.006461,-0.000753,-0.841429,-1.370528,-1.423314,1.189198,0.000471,-0.016796
23.400000,0.008532,0.028719,0.013166,-0.929405,-1.198711,1.744782,-1.215980,-0.012357,-0.002928,-0.823767,-1.372554,-1.376772,1.203217,-0.001753,-0.019943
23.433333,-0.003268,0.024390,0.002300,-0.925778,-1.220118,1.739802,-1.240321,-0.017474,-0.013996,-0.816421,-1.354137,-1.306882,1.189593,0.004182,-0.017669
23.466667,-0.005090,0.026700,-0.006100,-0.940181,-1.225747,1.745173,-1.253261,-0.017053,-0.017676,-0.798985,-1.355085,-1.243801,1.189785,-0.000293,-0.008997
23.500000,-0.008884,0.026083,0.003244,-0.954923,-1.245154,1.738272,-1.252392,-0.023076,-0.011662,-0.786319,-1.356945,-1.171587,1.180331,-0.001292,-0.009193
23.533333,-0.007855,0.023073,-0.000111,-0.948952,-1.260348,1.708295,-1.264874,-0.015217,-0.016196,-0.788681,-1.358495,-1.139374,1.165772,-0.003265,-0.009686
23.566667,-0.009884,0.022320,-0.000731,-0.970438,-1.272551,1.674807,-1.270285,-0.012904,-0.006784,-0.822976,-1.348557,-1.147160,1.191213,-0.010303,-0.006529
23.600000,-0.011587,0.018062,0.003474,-1.013920,-1.276342,1.628556,-1.269916,-0.011916,-0.012102,-0.874945,-1.347926,-1.193081,1.249018,-0.010998,-0.010503
23.633333,-0.008726,0.014619,0.009286,-1.049798,-1.257744,1.571433,-1.261263,-0.012322,-0.011773,-0.939474,-1.328751,-1.256156,1.316132,-0.005698,-0.023883
23.666667,-0.007276,0.016148,0.004586,-1.086874,-1.227931,1.511870,-1.280226,-0.006998,-0.010134,-1.006282,-1.311638,-1.354290,1.392639,-0.011069,-0.026365
23.700000,-0.009047,0.013723,0.005195,-1.123058,-1.202640,1.446399,-1.318137,-0.013241,-0.013270,-1.053815,-1.286777,-1.451770,1.461477,-0.011397,-0.029908
23.733333,-0.003691,0.013368,-0.001855,-1.119241,-1.160970,1.369205,-1.347507,-0.013063,-0.017904,-1.095155,-1.290983,-1.530699,1.513147,-0.003759,-0.037043
23.766667,-0.002126,0.014856,-0.011000,-1.077307,-1.138611,1.292012,-1.402887,-0.013775,-0.018939,-1.098658,-1.284709,-1.593728,1.544817,-0.007008,-0.037045
23.800000,-0.007251,0.015788,-0.014447,-1.008473,-1.119384,1.202005,-1.466335,-0.015268,-0.021524,-1.092305,-1.291686,-1.643287,1.561874,-0.006851,-0.037493
23.833333,-0.011435,0.011254,-0.011670,-0.920330,-1.090148,1.102005,-1.509784,-0.019777,-0.025104,-1.081022,-1.284639,-1.669081,1.567169,-0.008121,-0.033521
23.866667,-0.006807,0.015871,-0.010823,-0.837394,-1.057569,1.002005,-1.533233,-0.020250,-0.019288,-1.072862,-1.305761,-1.665594,1.570000,-0.009100,-0.029169
23.900000,-0.011461,0.018843,-0.006219,-0.754458,-1.043302,0.902005,-1.561616,-0.023788,-0.025439,-1.053845,-1.296256,-1.671303,1.570000,-0.009854,-0.027905
23.933333,-0.012369,0.017423,-0.000126,-0.691522,-1.021978,0.822004,-1.570000,-0.025246,-0.028953,-1.054529,-1.300501,-1.674777,1.570000,-0.006708,-0.030445
23.966667,-0.010350,0.017252,-0.000951,-0.648586,-1.017522,0.762004,-1.570000,-0.025652,-0.029984,-1.054461,-1.305864,-1.671721,1.570000,-0.007663,-0.030103
