time_sec,joint_pelvisYaw,joint_pelvisPitch,joint_pelvisRoll,joint_lShoulderPitch,joint_lShoulderRoll,joint_lShoulderYaw,joint_lElbow,joint_lWristRoll,joint_lWristPitch,joint_rShoulderPitch,joint_rShoulderRoll,joint_rShoulderYaw,joint_rElbow,joint_rWristRoll,joint_rWristPitch
0.000000,0.004621,0.010293,0.010442,-0.528495,-1.308339,0.943356,-0.953923,0.001196,-0.019893,-1.092742,-1.245661,-1.665693,1.570000,-0.007281,0.003695
0.033333,0.009913,0.007579,0.012137,-0.431202,-1.288582,0.843356,-0.914880,0.010604,-0.015240,-0.992742,-1.210724,-1.565693,1.470000,-0.002764,-0.002754
0.066667,0.002675,0.009276,0.006199,-0.387962,-1.284884,0.748181,-0.904307,0.009034,-0.011579,-0.892742,-1.197545,-1.476617,1.373105,0.001460,-0.007879
0.100000,0.003274,0.010261,-0.000409,-0.328879,-1.265521,0.653225,-0.892394,0.001888,-0.011377,-0.792742,-1.204365,-1.379348,1.276209,0.002873,-0.007325
0.133333,0.001568,0.010266,-0.005634,-0.292451,-1.274280,0.568173,-0.897400,-0.008172,-0.011553,-0.692742,-1.234305,-1.279348,1.179314,-0.001878,-0.008039
0.166667,-0.015019,0.011175,-0.021955,-0.268041,-1.262172,0.523122,-0.900562,-0.010497,-0.024106,-0.592742,-1.237694,-1.179348,1.082419,0.006273,-0.012926
0.200000,-0.013839,0.014609,-0.026460,-0.260926,-1.235234,0.518071,-0.913622,-0.007347,-0.025357,-0.522322,-1.248076,-1.101731,1.025524,0.009368,-0.002759
0.233333,-0.008776,0.011587,-0.022159,-0.266784,-1.226693,0.534560,-0.932822,-0.010003,-0.031172,-0.483110,-1.260758,-1.034158,0.992465,0.007919,-0.001760
0.266667,-0.015780,0.011257,-0.025601,-0.308485,-1.244745,0.590830,-0.965909,-0.003408,-0.042555,-0.483898,-1.233440,-1.006586,0.999406,-0.000555,-0.000389
0.300000,-0.020569,0.021052,-0.025182,-0.367531,-1.239800,0.677195,-1.008798,-0.001548,-0.035217,-0.524685,-1.220274,-1.019014,1.046347,0.001979,0.011404
0.333333,-0.009425,0.021192,-0.011040,-0.454559,-1.239547,0.763559,-1.065496,-0.004009,-0.028575,-0.605473,-1.227820,-1.071442,1.133288,-0.000867,0.011785
0.366667,-0.008312,0.019660,-0.007388,-0.541586,-1.230827,0.849924,-1.099953,0.002682,-0.017871,-0.696680,-1.222806,-1.141487,1.217756,-0.011057,0.001095
0.400000,-0.007223,0.032275,-0.007133,-0.641586,-1.227927,0.949924,-1.141607,0.001468,-0.012583,-0.770100,-1.208089,-1.241488,1.284860,-0.017994,0.013603
0.433333,-0.002229,0.031701,0.002272,-0.734616,-1.212409,1.049924,-1.172372,0.001993,-0.000797,-0.827878,-1.233372,-1.341488,1.332948,-0.008413,0.007241
0.466667,0.001486,0.026859,0.005138,-0.787645,-1.208875,1.149924,-1.178020,0.002417,-0.006971,-0.868795,-1.237966,-1.441488,1.342442,-0.006212,-0.002078
0.500000,0.003887,0.025838,0.005089,-0.819049,-1.221464,1.249924,-1.168197,0.003034,-0.003194,-0.870443,-1.228811,-1.541488,1.318363,-0.002770,0.011828
0.533333,0.002060,0.026830,0.007920,-0.821158,-1.251923,1.325439,-1.157453,-0.006988,-0.012153,-0.839343,-1.236125,-1.603544,1.274252,0.003347,0.013515
0.566667,0.006478,0.020763,0.011634,-0.813668,-1.265011,1.386647,-1.139565,0.004107,-0.005669,-0.813863,-1.268600,-1.647804,1.254082,0.008089,0.003765
0.600000,0.008548,0.022569,0.017408,-0.798849,-1.284248,1.442198,-1.117804,0.007056,0.001234,-0.783692,-1.282329,-1.673046,1.223781,0.003418,0.005066
0.633333,0.005923,0.017611,0.016744,-0.807092,-1.292763,1.483214,-1.123545,0.003239,0.000881,-0.730383,-1.276747,-1.659276,1.192075,0.000222,0.005564
0.666667,0.007204,0.018654,0.017705,-0.832229,-1.285214,1.524231,-1.135480,0.005139,0.001400,-0.716341,-1.278791,-1.635562,1.193942,-0.003833,-0.010514
0.700000,0.011641,0.015129,0.015101,-0.880785,-1.281163,1.581286,-1.178094,0.004157,-0.007415,-0.735049,-1.268926,-1.632612,1.218314,-0.003840,-0.014057
0.733333,0.006462,0.009681,0.012093,-0.920019,-1.283201,1.623558,-1.221320,-0.003020,-0.014839,-0.743327,-1.236334,-1.614564,1.221553,-0.002936,-0.013366
0.766667,0.000887,0.012472,0.001301,-0.942726,-1.269658,1.654744,-1.256039,-0.003543,-0.015020,-0.731938,-1.182487,-1.575533,1.243807,-0.007772,-0.013246
0.800000,0.001043,0.019820,0.001907,-0.982370,-1.264902,1.678526,-1.295326,-0.000312,-0.005798,-0.720549,-1.157301,-1.535514,1.296629,-0.005495,-0.005627
0.833333,-0.003972,0.016890,-0.002289,-1.000750,-1.273562,1.677023,-1.338547,-0.001350,-0.011934,-0.669160,-1.133912,-1.465440,1.339394,-0.000964,-0.003427
0.866667,-0.014342,0.015919,-0.011727,-0.985005,-1.272824,1.652578,-1.353272,0.006170,-0.008963,-0.577771,-1.087751,-1.372545,1.365815,0.005874,0.003925
0.900000,-0.011773,0.023951,-0.013393,-0.948181,-1.263827,1.617223,-1.340371,0.004034,-0.012057,-0.477771,-1.059996,-1.272545,1.403380,0.012361,0.004578
0.933333,-0.012398,0.019207,-0.012167,-0.902184,-1.270211,1.558611,-1.318190,-0.001535,-0.025881,-0.384495,-1.032240,-1.172545,1.414395,0.020423,0.001204
0.966667,-0.014779,0.018482,-0.025377,-0.816186,-1.260014,1.481936,-1.256009,0.007119,-0.032171,-0.321983,-1.000881,-1.072545,1.428440,0.025281,-0.008252
1.000000,-0.009744,0.022252,-0.026711,-0.716186,-1.249148,1.390547,-1.167512,0.005204,-0.028118,-0.259472,-0.953135,-0.972545,1.423541,0.026086,-0.001177
1.033333,-0.006710,0.024148,-0.019663,-0.616186,-1.258279,1.290547,-1.067512,-0.002783,-0.020994,-0.211840,-0.925496,-0.872545,1.400541,0.018973,-0.007763
1.066667,-0.013874,0.024160,-0.024965,-0.516186,-1.275199,1.190547,-0.967512,-0.007397,-0.015547,-0.185169,-0.883443,-0.772545,1.388690,0.012971,-0.011025
1.100000,-0.011594,0.026619,-0.021183,-0.416186,-1.291948,1.090547,-0.867512,-0.010521,-0.007561,-0.173409,-0.857250,-0.672545,1.399234,0.014607,-0.004207
1.133333,-0.011256,0.021554,-0.009031,-0.332844,-1.307602,0.990547,-0.767512,-0.023596,-0.010593,-0.144858,-0.822929,-0.572545,1.385660,0.003241,-0.004392
1.166667,-0.015549,0.029539,-0.006071,-0.268042,-1.314823,0.890547,-0.667512,-0.026779,-0.007609,-0.138570,-0.804670,-0.472545,1.377629,-0.005451,-0.004649
1.200000,-0.017916,0.029158,-0.002389,-0.223977,-1.315518,0.790547,-0.590418,-0.018502,-0.009464,-0.128609,-0.805080,-0.372545,1.364045,-0.010440,0.005107
1.233333,-0.005985,0.019281,0.002404,-0.201778,-1.311846,0.690547,-0.536356,-0.014350,-0.017388,-0.130040,-0.832707,-0.272545,1.315781,-0.009996,0.005312
1.266667,-0.001373,0.018704,-0.001652,-0.194475,-1.305362,0.590546,-0.515870,-0.006549,-0.014057,-0.138143,-0.884473,-0.180131,1.241803,-0.023849,-0.001018
1.300000,0.005758,0.019091,-0.004871,-0.207057,-1.319205,0.503532,-0.535383,-0.004185,-0.015665,-0.172274,-0.959311,-0.127717,1.158346,-0.022262,0.001388
1.333333,0.009644,0.007526,-0.000272,-0.241100,-1.325738,0.456517,-0.594897,-0.001543,-0.015447,-0.213189,-1.058088,-0.103089,1.058346,-0.012498,-0.004037
1.366667,0.022407,0.006011,-0.001120,-0.293471,-1.319120,0.449502,-0.671505,-0.006779,-0.011573,-0.282897,-1.148925,-0.118461,0.967387,-0.015611,-0.020095
1.400000,0.016493,0.009334,-0.001854,-0.363976,-1.309514,0.482487,-0.765079,-0.003057,-0.008579,-0.356427,-1.216928,-0.173833,0.916428,-0.015573,-0.018704
1.433333,0.014632,0.010592,0.004570,-0.444880,-1.286666,0.555472,-0.865079,-0.010271,-0.013809,-0.425318,-1.244930,-0.261618,0.905469,-0.003219,-0.017079
1.466667,0.022200,0.012698,0.008905,-0.489242,-1.257195,0.655472,-0.951592,-0.003866,-0.004889,-0.458300,-1.242672,-0.349403,0.934510,-0.006043,-0.007917
1.500000,0.025807,0.017864,0.012232,-0.493603,-1.252115,0.715472,-0.998104,-0.004783,-0.012948,-0.462234,-1.223140,-0.449403,0.996586,-0.008612,-0.004133
1.533333,0.010043,0.020359,0.003837,-0.458899,-1.270933,0.735472,-1.015579,-0.007215,-0.019851,-0.426167,-1.181672,-0.524088,1.058478,-0.003333,0.007897
1.566667,0.004033,0.029525,0.000537,-0.401305,-1.278757,0.715472,-0.998244,-0.010637,-0.010049,-0.361783,-1.163039,-0.558773,1.080369,-0.003852,0.016223
1.600000,0.006586,0.030168,-0.000793,-0.325087,-1.306172,0.655472,-0.940909,-0.009785,-0.002996,-0.301734,-1.184405,-0.553458,1.062260,-0.002183,0.022975
1.633333,-0.004857,0.026117,-0.008697,-0.268789,-1.340377,0.555472,-0.868402,-0.010849,-0.013517,-0.267615,-1.216975,-0.508143,1.004152,0.005039,0.013896
1.666667,-0.001551,0.027710,-0.025498,-0.252490,-1.347374,0.495472,-0.835894,-0.005287,-0.009298,-0.253849,-1.266818,-0.422828,0.913008,0.009442,0.012281
1.700000,0.006119,0.030491,-0.016116,-0.276191,-1.340105,0.475472,-0.832424,-0.004769,-0.006611,-0.267697,-1.327832,-0.333483,0.813008,0.015606,0.013417
1.733333,0.012392,0.022443,-0.014071,-0.322783,-1.337250,0.495472,-0.863764,-0.005239,-0.014337,-0.295518,-1.368846,-0.263369,0.713008,0.019310,0.003889
1.766667,0.006871,0.028759,-0.020060,-0.402702,-1.346051,0.555472,-0.935103,-0.007545,-0.011462,-0.318539,-1.389859,-0.220411,0.639170,0.018808,0.001411
1.800000,0.007980,0.030987,-0.015009,-0.502702,-1.351847,0.655472,-1.035103,-0.011930,-0.009144,-0.325842,-1.409930,-0.211988,0.578291,0.018468,0.001250
1.833333,0.004816,0.030840,-0.004811,-0.602702,-1.356325,0.755472,-1.095103,-0.022423,-0.006893,-0.333092,-1.410000,-0.220584,0.517412,0.018147,0.002676
1.866667,-0.004881,0.033384,-0.005685,-0.662702,-1.363402,0.850545,-1.115103,-0.019881,-0.000413,-0.321903,-1.403256,-0.228125,0.456533,0.011869,-0.005710
1.900000,-0.007942,0.032844,-0.002639,-0.682702,-1.384104,0.905618,-1.095103,-0.018472,-0.002462,-0.309832,-1.401689,-0.222953,0.395654,0.010096,-0.005592
1.933333,-0.007003,0.023418,0.004334,-0.662702,-1.376954,0.920690,-1.035103,-0.015254,-0.006239,-0.299587,-1.401689,-0.205557,0.326160,0.015269,-0.005409
1.966667,-0.007985,0.026748,-0.001650,-0.602702,-1.375467,0.895762,-0.935103,-0.016324,-0.002437,-0.305697,-1.385858,-0.169807,0.271788,0.006876,-0.002917
2.000000,-0.017723,0.023565,-0.004636,-0.502702,-1.384676,0.830835,-0.835103,-0.011412,-0.008232,-0.298724,-1.373398,-0.136129,0.228958,0.002239,-0.005745
2.033333,-0.002924,0.017267,-0.005898,-0.409655,-1.384539,0.730835,-0.735103,-0.018600,-0.017247,-0.307535,-1.371168,-0.113166,0.217403,-0.000881,-0.009635
2.066667,0.001423,0.017280,-0.014040,-0.341559,-1.370992,0.630835,-0.635103,-0.016019,-0.010655,-0.316844,-1.372402,-0.100281,0.238472,-0.017475,-0.007587
2.100000,0.001493,0.018272,-0.018140,-0.286132,-1.378329,0.530835,-0.542137,-0.016337,-0.018985,-0.308094,-1.355572,-0.102394,0.251642,-0.023724,-0.007784
2.133333,0.003951,0.012714,-0.015091,-0.250921,-1.365472,0.430835,-0.467288,-0.019296,-0.023009,-0.298772,-1.344766,-0.116838,0.263987,-0.016678,-0.016940
2.166667,0.015059,0.009794,-0.015010,-0.243688,-1.350089,0.330835,-0.415381,-0.024170,-0.027176,-0.298099,-1.341350,-0.126908,0.280145,-0.020291,-0.018909
2.200000,0.013172,0.008724,-0.013651,-0.247869,-1.347856,0.230835,-0.373519,-0.016617,-0.023983,-0.291719,-1.337878,-0.139313,0.290894,-0.014471,-0.010667
2.233333,0.010128,0.012170,-0.003147,-0.240521,-1.342699,0.157501,-0.339749,-0.014136,-0.029439,-0.287898,-1.323559,-0.156011,0.294868,0.000492,-0.010910
2.266667,0.026404,0.021581,0.004408,-0.255335,-1.313772,0.092145,-0.298945,-0.009099,-0.007667,-0.282680,-1.338218,-0.170478,0.321466,-0.004495,-0.006842
2.300000,0.024111,0.023216,0.011240,-0.264580,-1.316573,0.039754,-0.271927,-0.006446,-0.002995,-0.276271,-1.342686,-0.178971,0.327267,-0.005701,-0.000478
2.333333,0.015507,0.024006,0.002687,-0.259235,-1.306626,0.000790,-0.237212,0.002512,0.000469,-0.268749,-1.340152,-0.186802,0.348831,-0.001556,0.005070
2.366667,0.010810,0.031916,0.003030,-0.273801,-1.295843,0.001827,-0.203762,-0.006988,0.006561,-0.272066,-1.327619,-0.211984,0.384528,-0.002107,0.009130
2.400000,0.012186,0.024776,0.000758,-0.284853,-1.302158,-0.016154,-0.191155,-0.012723,0.004386,-0.267736,-1.308704,-0.241641,0.414274,-0.001535,0.009973
2.433333,-0.000808,0.017867,-0.010594,-0.280818,-1.319360,-0.002112,-0.216992,-0.014858,-0.006669,-0.288808,-1.258160,-0.283600,0.451748,0.007721,0.007470
2.466667,-0.002624,0.019448,-0.018854,-0.283268,-1.322440,0.012515,-0.245082,-0.011303,-0.010050,-0.298047,-1.213729,-0.343019,0.522763,0.002410,0.018702
2.500000,-0.003756,0.017959,-0.007374,-0.287790,-1.341170,0.030646,-0.274290,-0.013645,-0.004300,-0.332081,-1.159265,-0.428384,0.602659,-0.000145,0.016814
2.533333,-0.002773,0.012730,-0.008229,-0.262082,-1.360815,0.043889,-0.329110,-0.005871,-0.006495,-0.370202,-1.107975,-0.513749,0.682555,0.001167,0.014383
2.566667,-0.004603,0.012510,-0.007282,-0.266468,-1.373232,0.089482,-0.394994,0.002921,0.006561,-0.431967,-1.045274,-0.613749,0.782555,-0.005817,0.019321
2.600000,-0.007892,0.007180,-0.000520,-0.275233,-1.375068,0.135075,-0.462435,0.003360,-0.001289,-0.502755,-0.989791,-0.713749,0.882555,-0.010948,0.015538
2.633333,-0.004096,0.004653,0.008432,-0.302868,-1.356339,0.207118,-0.535719,-0.000848,-0.000640,-0.596482,-0.932107,-0.813749,0.982555,-0.004232,0.001412
2.666667,-0.000336,0.011458,0.005488,-0.355041,-1.319396,0.302229,-0.632640,0.003435,0.002498,-0.690661,-0.885630,-0.913749,1.082555,-0.007277,-0.002461
2.700000,-0.002397,0.012269,0.006655,-0.439166,-1.291125,0.402229,-0.732640,0.004322,-0.001463,-0.757801,-0.829052,-1.013749,1.182555,-0.006820,-0.004034
2.733333,0.004382,0.012762,0.000054,-0.523291,-1.255090,0.502229,-0.832640,-0.002439,-0.007976,-0.820144,-0.812474,-1.113749,1.282555,-0.001294,-0.012456
2.766667,0.006065,0.017798,-0.008970,-0.623291,-1.250172,0.602229,-0.932640,-0.004896,-0.006127,-0.842487,-0.787826,-1.213749,1.365686,0.000098,-0.009191
2.800000,0.001847,0.019684,-0.012595,-0.723291,-1.257233,0.702229,-1.032640,-0.005361,-0.004649,-0.824829,-0.769407,-1.312680,1.421967,-0.002544,-0.005325
2.833333,-0.002096,0.015735,-0.009617,-0.795925,-1.261141,0.802229,-1.132640,-0.007387,-0.012473,-0.767172,-0.739901,-1.371886,1.457330,-0.003056,0.002061
2.866667,0.002238,0.021092,-0.007300,-0.828560,-1.249705,0.902229,-1.197492,-0.010820,-0.004526,-0.702374,-0.743890,-1.391091,1.492693,-0.010159,0.004008
2.900000,-0.003064,0.022602,-0.000157,-0.821195,-1.251940,0.964067,-1.222345,-0.014418,-0.010371,-0.602374,-0.717920,-1.370297,1.503585,-0.006993,0.006615
2.933333,-0.003171,0.018738,0.008417,-0.773829,-1.234212,1.005905,-1.226777,-0.016164,-0.013189,-0.515131,-0.711949,-1.309502,1.511346,-0.004311,0.004584
2.966667,0.004242,0.016163,0.010737,-0.726464,-1.204505,1.047743,-1.231209,-0.005670,-0.017190,-0.427888,-0.735836,-1.237627,1.505958,0.005201,0.000272
3.000000,0.012316,0.017011,0.012356,-0.695952,-1.207445,1.089581,-1.235641,-0.004477,-0.008333,-0.340645,-0.785877,-1.165477,1.489397,0.006192,-0.001785
3.033333,0.009172,0.011970,0.009034,-0.696656,-1.209869,1.131419,-1.270860,-0.002518,-0.016615,-0.253403,-0.822273,-1.093327,1.455538,0.013776,-0.006044
3.066667,0.002161,0.016020,0.001911,-0.697360,-1.207139,1.176575,-1.306079,-0.001578,-0.010893,-0.166160,-0.848869,-1.021177,1.431760,0.017372,-0.012167
3.100000,0.001850,0.018415,-0.004537,-0.698063,-1.202489,1.201731,-1.321718,-0.003282,-0.008554,-0.066160,-0.872543,-0.949027,1.387982,0.015686,-0.013605
3.133333,-0.006600,0.021036,-0.008795,-0.658767,-1.232972,1.186888,-1.297357,-0.011672,-0.006936,0.033840,-0.871435,-0.849027,1.354191,0.007933,-0.014621
3.166667,-0.026446,0.020597,-0.025763,-0.589982,-1.245265,1.132044,-1.232996,-0.010332,-0.021633,0.133840,-0.830328,-0.749027,1.332174,0.013483,-0.022032
3.200000,-0.028284,0.021176,-0.033017,-0.489982,-1.244533,1.037200,-1.132996,-0.006783,-0.023282,0.233840,-0.785846,-0.649027,1.313553,0.020343,-0.013652
3.233333,-0.024112,0.015764,-0.029461,-0.389982,-1.256103,0.937200,-1.032996,-0.003084,-0.029038,0.333840,-0.756261,-0.549027,1.285721,0.013926,-0.011919
3.266667,-0.030538,0.015674,-0.036426,-0.289982,-1.271372,0.837200,-0.934039,0.003253,-0.041472,0.413977,-0.736866,-0.449027,1.284092,0.007330,-0.011903
3.300000,-0.030750,0.022505,-0.038167,-0.229982,-1.260294,0.737200,-0.853794,0.005925,-0.035430,0.454113,-0.742251,-0.349027,1.312476,0.011457,-0.004129
3.333333,-0.019425,0.021991,-0.024994,-0.188150,-1.253330,0.637200,-0.789891,0.001808,-0.026966,0.454249,-0.786055,-0.249027,1.342883,0.009073,-0.002301
3.366667,-0.011789,0.019510,-0.020741,-0.164476,-1.238805,0.537199,-0.725989,0.009171,-0.015040,0.414386,-0.827589,-0.149027,1.365484,-0.005469,-0.012408
3.400000,-0.010650,0.031749,-0.021128,-0.160815,-1.229748,0.437200,-0.694364,0.003589,-0.011849,0.334522,-0.858996,-0.076521,1.400047,-0.012078,-0.002223
3.433333,-0.003072,0.029113,-0.011818,-0.180301,-1.223688,0.337200,-0.684601,0.003353,-0.001123,0.234522,-0.903137,-0.009520,1.436133,-0.004318,-0.006470
3.466667,0.002218,0.024354,-0.008715,-0.177327,-1.224028,0.248717,-0.679522,0.002298,-0.004624,0.134522,-0.934017,0.025937,1.447051,-0.001193,-0.011794
3.500000,0.006893,0.024246,-0.009834,-0.185458,-1.239208,0.182443,-0.681263,0.000113,-0.000772,0.034522,-0.929145,0.027861,1.457426,0.002417,0.000565
3.533333,0.001994,0.026034,-0.006413,-0.191180,-1.267255,0.133570,-0.692337,-0.009445,-0.009855,-0.065478,-0.943552,0.017899,1.470412,0.008085,0.002399
3.566667,0.010257,0.019315,-0.001977,-0.197546,-1.280310,0.097721,-0.693330,0.002928,-0.005201,-0.157357,-0.986571,0.005806,1.491102,0.013592,-0.004098
3.600000,0.011681,0.021933,0.004906,-0.204134,-1.291969,0.089023,-0.684017,0.008964,0.004820,-0.246137,-1.007668,-0.038278,1.500256,0.008703,-0.001218
3.633333,0.006708,0.017240,0.004842,-0.209132,-1.297638,0.088128,-0.679129,0.007034,0.003228,-0.310907,-1.007751,-0.087789,1.494581,0.000943,-0.000405
3.666667,0.007757,0.016794,0.006815,-0.200727,-1.284924,0.105025,-0.655334,0.012406,0.002519,-0.371806,-1.030502,-0.128185,1.497238,-0.004123,-0.016388
3.700000,0.014977,0.013173,0.003285,-0.196431,-1.280741,0.107554,-0.647754,0.009497,-0.006656,-0.405797,-1.041937,-0.177124,1.491515,-0.004029,-0.018749
3.733333,0.007496,0.008717,0.000853,-0.195273,-1.276503,0.115208,-0.645896,0.002830,-0.011343,-0.416134,-1.027155,-0.214730,1.457221,-0.000299,-0.021326
3.766667,0.001385,0.009828,-0.009570,-0.178192,-1.254178,0.121110,-0.632703,0.002480,-0.012485,-0.394336,-1.002598,-0.216814,1.416741,-0.005774,-0.021487
3.800000,0.002122,0.017423,-0.008815,-0.182232,-1.238465,0.122391,-0.620492,0.007178,-0.002690,-0.362754,-1.005125,-0.184665,1.386953,-0.002910,-0.016449
3.833333,-0.005102,0.015227,-0.012509,-0.181174,-1.235871,0.097498,-0.633135,0.006130,-0.008376,-0.318581,-1.001747,-0.147156,1.354000,0.001480,-0.013051
3.866667,-0.016111,0.014704,-0.020182,-0.171732,-1.217438,0.088190,-0.642060,0.017498,-0.003971,-0.269669,-0.969694,-0.102109,1.334071,0.007940,-0.005710
3.900000,-0.013661,0.022862,-0.021457,-0.168167,-1.178583,0.076210,-0.655996,0.017254,-0.006379,-0.226309,-0.962193,-0.042984,1.342395,0.012180,-0.002316
3.933333,-0.015667,0.019624,-0.018079,-0.174443,-1.143893,0.050784,-0.698713,0.010940,-0.018910,-0.200515,-0.946387,0.015270,1.352373,0.021766,-0.005716
3.966667,-0.017308,0.019279,-0.030873,-0.167556,-1.093395,0.047269,-0.747317,0.018618,-0.024297,-0.199213,-0.925298,0.054143,1.389905,0.027697,-0.013383
4.000000,-0.011744,0.025832,-0.030594,-0.167707,-1.029893,0.040501,-0.796475,0.015949,-0.019708,-0.174372,-0.890783,0.077461,1.417805,0.029966,-0.006368
4.033333,-0.009710,0.030257,-0.022124,-0.168021,-0.994052,0.016564,-0.843897,0.008591,-0.015685,-0.162301,-0.883710,0.112544,1.426278,0.023779,-0.012830
4.066667,-0.016339,0.031830,-0.026709,-0.153562,-0.981815,-0.003470,-0.883868,0.004801,-0.012464,-0.155903,-0.879070,0.117478,1.399004,0.018488,-0.018187
4.100000,-0.012585,0.035330,-0.023719,-0.153199,-0.985480,0.004543,-0.914741,0.000109,-0.007340,-0.150876,-0.894343,0.089314,1.373728,0.020925,-0.009729
4.133333,-0.009193,0.030751,-0.009916,-0.150715,-0.989144,-0.023655,-0.928202,-0.012343,-0.010967,-0.131944,-0.907301,0.077219,1.310205,0.011071,-0.007313
4.166667,-0.009693,0.038235,-0.007583,-0.148532,-1.000079,-0.022741,-0.917605,-0.016433,-0.009106,-0.135197,-0.931640,0.062976,1.229980,0.000632,-0.007395
4.200000,-0.010839,0.037761,-0.005298,-0.153047,-1.002384,-0.011781,-0.901331,-0.011656,-0.011154,-0.130953,-0.968026,0.025897,1.143636,-0.002514,0.000751
4.233333,0.000395,0.027347,-0.000892,-0.166700,-1.002696,-0.004744,-0.872660,-0.012171,-0.018104,-0.139949,-1.010022,0.006045,1.057292,-0.000958,0.002815
4.266667,0.004901,0.026788,-0.005068,-0.165734,-1.000057,-0.020539,-0.823041,-0.002376,-0.013480,-0.143595,-1.061117,0.008813,0.959053,-0.017447,-0.003528
4.300000,0.009392,0.026672,-0.009488,-0.170057,-1.028836,-0.003897,-0.764728,-0.001342,-0.015767,-0.157073,-1.099002,-0.016619,0.860813,-0.016679,-0.001610
4.333333,0.011013,0.014097,-0.004466,-0.186312,-1.053202,-0.008933,-0.716342,0.004751,-0.015497,-0.167248,-1.159500,-0.016630,0.783004,-0.008646,-0.007830
4.366667,0.021318,0.010147,-0.005547,-0.203873,-1.067026,-0.019834,-0.674998,0.001531,-0.010914,-0.190639,-1.189408,-0.008660,0.745195,-0.014534,-0.023148
4.400000,0.015150,0.011845,-0.007069,-0.211317,-1.081168,-0.015229,-0.651740,0.007414,-0.006292,-0.189791,-1.207873,-0.004707,0.720844,-0.016028,-0.022808
4.433333,0.014050,0.011988,-0.001195,-0.207977,-1.078088,0.010311,-0.636853,0.000754,-0.014009,-0.189205,-1.197326,-0.018797,0.710830,-0.001664,-0.026119
4.466667,0.020930,0.014698,0.002542,-0.190101,-1.047095,0.037621,-0.638780,0.008375,-0.007095,-0.179898,-1.187505,-0.019311,0.730681,-0.005579,-0.019585
4.500000,0.024771,0.020432,0.004498,-0.168963,-1.026355,0.046923,-0.665174,0.006129,-0.012846,-0.161810,-1.159759,-0.020249,0.759565,-0.006475,-0.016347
4.533333,0.008799,0.023670,-0.004571,-0.146606,-1.018595,0.051558,-0.706844,0.001755,-0.019615,-0.130927,-1.127419,-0.022884,0.777290,0.002147,-0.004623
4.566667,0.003540,0.033770,-0.007177,-0.150327,-0.985686,0.053884,-0.749713,-0.000369,-0.008680,-0.117318,-1.103951,-0.022110,0.821558,0.001846,0.006751
4.600000,0.005382,0.036864,-0.007227,-0.159821,-0.970502,0.040683,-0.784210,0.000982,0.001013,-0.108048,-1.105614,-0.021175,0.859998,0.003846,0.016065
4.633333,-0.006682,0.031600,-0.014489,-0.167161,-0.975385,0.008272,-0.823583,-0.000455,-0.007861,-0.105488,-1.101575,-0.010392,0.875729,0.011345,0.008021
4.666667,-0.005930,0.030930,-0.029962,-0.165004,-0.967735,0.008260,-0.830078,0.006605,-0.002705,-0.107718,-1.109982,-0.018113,0.897763,0.015093,0.008001
4.700000,0.002760,0.031988,-0.018286,-0.175523,-0.959112,0.021232,-0.827014,0.009578,0.001777,-0.119651,-1.127095,-0.026431,0.896163,0.020852,0.010675
4.733333,0.010630,0.022626,-0.014983,-0.153515,-0.963906,0.016399,-0.808859,0.010443,-0.008229,-0.127216,-1.134211,-0.033053,0.857638,0.022538,-0.000893
4.766667,0.005991,0.024430,-0.020670,-0.148648,-0.984040,0.028990,-0.805795,0.009402,-0.008286,-0.137487,-1.131276,-0.026658,0.848841,0.021225,-0.002345
4.800000,0.008071,0.024628,-0.015147,-0.154224,-0.990721,0.032069,-0.810095,0.006499,-0.005739,-0.135065,-1.137773,-0.034231,0.841336,0.021379,-0.001126
4.833333,0.005900,0.024689,-0.004034,-0.168491,-0.994887,0.020801,-0.813447,-0.002776,-0.005660,-0.145152,-1.132985,-0.037820,0.804781,0.020893,0.000799
4.866667,-0.002952,0.028212,-0.005804,-0.169299,-0.993408,0.016728,-0.797211,-0.001670,0.000639,-0.145714,-1.130079,-0.045264,0.776607,0.012804,-0.006729
4.900000,-0.007524,0.030402,-0.003925,-0.180171,-1.011729,0.030517,-0.789585,-0.000444,0.001050,-0.151094,-1.135237,-0.048861,0.763998,0.010992,-0.006756
4.933333,-0.006214,0.024873,0.001946,-0.191393,-1.010070,0.013197,-0.780886,0.003946,0.000331,-0.156612,-1.154571,-0.052372,0.727502,0.013658,-0.004688
4.966667,-0.007220,0.032278,-0.004306,-0.196493,-1.026684,0.004532,-0.742952,0.002539,0.003451,-0.180971,-1.171766,-0.051193,0.692002,0.006550,-0.003351
5.000000,-0.014674,0.029881,-0.007556,-0.194293,-1.053304,0.010572,-0.709747,0.005269,-0.001451,-0.188007,-1.197458,-0.043341,0.649786,0.004852,-0.008121
5.033333,0.000572,0.025777,-0.009199,-0.194711,-1.074177,0.001868,-0.688092,0.001131,-0.011382,-0.211421,-1.238891,-0.029087,0.593982,0.003544,-0.011172
5.066667,0.005908,0.025366,-0.016049,-0.199419,-1.074059,-0.010046,-0.671413,0.003470,-0.005884,-0.239205,-1.282173,-0.018327,0.519538,-0.012358,-0.007496
5.100000,0.006084,0.025619,-0.018776,-0.186853,-1.093898,-0.010347,-0.666797,0.002198,-0.014230,-0.250796,-1.305063,-0.020665,0.428981,-0.016528,-0.009594
5.133333,0.008864,0.018015,-0.014202,-0.183232,-1.092458,0.010031,-0.683365,-0.000214,-0.018094,-0.264975,-1.327010,-0.041522,0.352278,-0.010291,-0.018463
5.166667,0.020204,0.015083,-0.012191,-0.200931,-1.094220,0.037652,-0.729031,-0.004420,-0.024221,-0.303147,-1.356741,-0.082767,0.315575,-0.013739,-0.016937
5.200000,0.013897,0.013530,-0.007037,-0.238374,-1.113632,0.091387,-0.795557,-0.000664,-0.021277,-0.341820,-1.375839,-0.148284,0.318872,-0.009704,-0.009806
5.233333,0.009178,0.018496,0.005082,-0.293993,-1.133836,0.159623,-0.871223,0.001132,-0.026055,-0.389949,-1.375794,-0.238106,0.362169,0.007767,-0.009278
5.266667,0.022984,0.029546,0.013365,-0.377640,-1.126818,0.247355,-0.960809,0.004800,-0.005422,-0.460571,-1.388681,-0.336726,0.445466,0.001275,-0.001276
5.300000,0.020588,0.034087,0.022428,-0.477640,-1.152690,0.339868,-1.060809,0.008936,0.000923,-0.535352,-1.397196,-0.436726,0.545466,0.000282,0.007699
5.333333,0.009954,0.036935,0.015325,-0.577640,-1.159111,0.432380,-1.160809,0.019081,0.006963,-0.592102,-1.396733,-0.536726,0.645466,0.003046,0.012685
5.366667,0.006760,0.046139,0.015910,-0.677640,-1.169969,0.532380,-1.244881,0.013043,0.016013,-0.632858,-1.394312,-0.636726,0.745466,0.003691,0.017427
5.400000,0.009123,0.039870,0.014690,-0.777640,-1.194745,0.632380,-1.324212,0.008076,0.014553,-0.633613,-1.388989,-0.736726,0.845466,0.004160,0.016677
5.433333,-0.003610,0.032932,0.004998,-0.868671,-1.223961,0.732380,-1.376940,0.003995,0.002539,-0.618379,-1.368668,-0.836726,0.945466,0.015366,0.011130
5.466667,-0.004532,0.033179,-0.003978,-0.951042,-1.233718,0.832380,-1.422984,0.004121,-0.000965,-0.569640,-1.362666,-0.936726,1.036172,0.011535,0.019331
5.500000,-0.004309,0.031105,0.005552,-1.011187,-1.258656,0.932380,-1.440290,-0.001075,0.001338,-0.528157,-1.357726,-1.029033,1.101396,0.009827,0.016374
5.533333,-0.002868,0.024691,0.001439,-1.035877,-1.272033,1.032380,-1.449247,0.006671,-0.001364,-0.494375,-1.358560,-1.103832,1.128323,0.010499,0.010614
5.566667,-0.005813,0.021367,-0.001136,-1.058669,-1.286156,1.132380,-1.441654,0.011289,0.007223,-0.500592,-1.364261,-1.163441,1.130422,0.001852,0.013186
5.600000,-0.007482,0.015237,0.002091,-1.077337,-1.292784,1.232380,-1.433595,0.011861,0.001112,-0.524227,-1.384581,-1.197488,1.092520,-0.001872,0.008164
5.633333,-0.004496,0.012853,0.007013,-1.097897,-1.278870,1.332380,-1.411602,0.008680,0.002595,-0.583863,-1.386518,-1.200565,1.058950,0.003885,-0.004455
5.666667,-0.000833,0.016910,0.001406,-1.100682,-1.241635,1.392380,-1.418347,0.012962,0.008511,-0.652029,-1.385460,-1.171335,1.050860,0.001690,-0.010461
5.700000,0.001504,0.014102,0.002191,-1.098923,-1.181207,1.412380,-1.447157,0.009023,0.002402,-0.697384,-1.366014,-1.119613,1.081067,0.004159,-0.011300
5.733333,0.009366,0.013491,-0.004629,-1.059061,-1.102092,1.392380,-1.467382,0.005493,-0.003843,-0.718310,-1.366405,-1.043079,1.136103,0.010589,-0.017293
5.766667,0.012026,0.014848,-0.013277,-0.992293,-1.047166,1.332380,-1.502025,0.003934,-0.004474,-0.735442,-1.351949,-0.952109,1.231139,0.011731,-0.015705
5.800000,0.007571,0.014621,-0.013687,-0.892293,-1.001416,1.232381,-1.524365,0.004136,-0.006745,-0.752574,-1.342449,-0.892109,1.330216,0.008992,-0.015966
5.833333,0.003682,0.010687,-0.007063,-0.792293,-0.957436,1.132380,-1.524862,0.003038,-0.013643,-0.777879,-1.319700,-0.872109,1.408800,0.006240,-0.008328
5.866667,0.005575,0.016700,-0.003825,-0.692293,-0.945673,1.032380,-1.487572,0.004958,-0.004433,-0.831462,-1.331525,-0.892109,1.476572,-0.000124,-0.005956
5.900000,-0.001097,0.019428,0.004833,-0.592293,-0.963603,0.932380,-1.440157,0.003883,-0.006971,-0.896157,-1.308638,-0.952109,1.513401,0.000761,-0.005739
5.933333,-0.003928,0.017946,0.014793,-0.492293,-0.972330,0.832380,-1.380937,0.004891,-0.006412,-0.951119,-1.299175,-1.052109,1.530229,-0.000473,-0.007857
5.966667,0.003456,0.015770,0.016475,-0.432293,-1.008627,0.772380,-1.352421,0.011021,-0.008077,-0.966081,-1.279825,-1.112109,1.507981,0.008316,-0.009008
6.000000,0.011102,0.016938,0.017448,-0.412293,-1.077774,0.752380,-1.330674,0.009182,-0.002857,-0.941043,-1.252096,-1.132109,1.481902,0.008001,-0.010002
6.033333,0.008418,0.012640,0.014384,-0.432293,-1.134589,0.772380,-1.334910,0.006986,-0.010925,-0.887726,-1.210008,-1.112109,1.445300,0.012463,-0.014298
6.066667,0.002765,0.015125,0.007448,-0.492293,-1.168428,0.832380,-1.352440,0.000037,-0.008627,-0.807726,-1.168565,-1.052109,1.433084,0.014576,-0.016155
6.100000,0.005213,0.017107,0.001307,-0.569723,-1.190405,0.932380,-1.366737,-0.007386,-0.008995,-0.707726,-1.130208,-0.952109,1.427286,0.013620,-0.013967
6.133333,-0.000070,0.019930,-0.002604,-0.629071,-1.207768,1.032380,-1.365554,-0.015864,-0.006681,-0.607726,-1.110389,-0.852109,1.444819,0.004252,-0.011690
6.166667,-0.019643,0.021013,-0.019376,-0.649279,-1.205074,1.130295,-1.347217,-0.013776,-0.019077,-0.513935,-1.083589,-0.752109,1.472260,0.010084,-0.017343
6.200000,-0.018115,0.022735,-0.024821,-0.667810,-1.190927,1.204192,-1.325388,-0.011493,-0.021779,-0.434487,-1.067746,-0.652109,1.507200,0.013938,-0.007760
6.233333,-0.012863,0.018564,-0.020007,-0.659495,-1.194013,1.244027,-1.316684,-0.008880,-0.026410,-0.380184,-1.064816,-0.552109,1.524573,0.009167,-0.005893
6.266667,-0.021299,0.017937,-0.025392,-0.633749,-1.215303,1.243861,-1.308862,-0.002671,-0.036455,-0.328375,-1.039707,-0.452109,1.526788,0.001523,-0.004938
6.300000,-0.024504,0.025479,-0.026586,-0.626085,-1.213811,1.237485,-1.297371,0.001127,-0.032010,-0.305969,-1.036059,-0.352109,1.540199,0.002464,0.002649
6.333333,-0.012876,0.024035,-0.013569,-0.629497,-1.218454,1.204413,-1.293538,-0.004628,-0.024993,-0.284963,-1.053168,-0.252109,1.528026,-0.000620,0.001920
6.366667,-0.010057,0.022176,-0.010280,-0.612964,-1.212041,1.167343,-1.267216,-0.000457,-0.014509,-0.263600,-1.055161,-0.174738,1.489687,-0.011957,-0.007069
6.400000,-0.008162,0.035050,-0.011869,-0.617263,-1.211372,1.164336,-1.247243,-0.003455,-0.010667,-0.232849,-1.053870,-0.136485,1.435474,-0.015892,0.001397
6.433333,-0.001450,0.033264,-0.002991,-0.650997,-1.200177,1.198039,-1.238864,-0.005613,-0.001566,-0.238266,-1.091673,-0.103003,1.370000,-0.008105,-0.002020
6.466667,0.004667,0.028641,-0.000154,-0.677416,-1.190618,1.237953,-1.244592,-0.009830,-0.005960,-0.254278,-1.120084,-0.095864,1.270000,-0.003265,-0.010850
6.500000,0.009539,0.029888,-0.001424,-0.731899,-1.192541,1.306647,-1.265582,-0.012617,-0.002990,-0.282078,-1.130451,-0.115939,1.170000,0.000856,0.002399
6.533333,0.005136,0.031797,0.002222,-0.788870,-1.208723,1.392029,-1.303172,-0.020914,-0.011719,-0.309685,-1.153776,-0.121643,1.070000,0.009073,0.002219
6.566667,0.011395,0.025165,0.007625,-0.838508,-1.204734,1.458586,-1.335740,-0.011111,-0.005884,-0.338660,-1.189709,-0.118095,0.970000,0.014716,-0.003690
6.600000,0.012931,0.028414,0.014514,-0.881615,-1.208302,1.521455,-1.362426,-0.005786,0.003064,-0.346224,-1.200811,-0.147590,0.910000,0.009798,-0.002588
6.633333,0.008649,0.023998,0.014216,-0.905041,-1.212664,1.558978,-1.387027,-0.007517,0.002324,-0.313789,-1.181306,-0.190742,0.890000,0.003655,-0.001394
6.666667,0.007123,0.022874,0.016361,-0.896925,-1.204943,1.594877,-1.383380,-0.003580,0.001923,-0.288925,-1.176286,-0.246681,0.910000,0.000000,-0.018492
6.700000,0.012440,0.018498,0.013740,-0.892022,-1.204037,1.615132,-1.397069,-0.001588,-0.006763,-0.267702,-1.169563,-0.334361,0.970000,-0.003117,-0.020110
6.733333,0.004720,0.013837,0.010641,-0.877452,-1.211081,1.621103,-1.403106,-0.007048,-0.013637,-0.240195,-1.142073,-0.432176,1.070000,-0.001953,-0.023335
6.766667,-0.000262,0.014770,-0.000574,-0.839978,-1.203373,1.602271,-1.390238,-0.006279,-0.014204,-0.210238,-1.119228,-0.492176,1.130000,-0.007577,-0.023938
6.800000,-0.000669,0.021933,0.001054,-0.809585,-1.206830,1.569385,-1.346714,-0.000195,-0.005276,-0.205380,-1.136383,-0.512176,1.150000,-0.006162,-0.016916
6.833333,-0.007004,0.018905,-0.002698,-0.776546,-1.224356,1.506357,-1.317800,0.001975,-0.009302,-0.203776,-1.176340,-0.492176,1.130000,-0.003651,-0.009831
6.866667,-0.015874,0.017650,-0.011634,-0.722215,-1.240044,1.432433,-1.254951,0.009796,-0.006515,-0.200002,-1.187115,-0.432176,1.070000,0.002832,-0.001794
6.900000,-0.013463,0.024886,-0.013547,-0.671934,-1.258914,1.356762,-1.173429,0.011536,-0.008386,-0.212452,-1.230485,-0.336845,0.970000,0.006019,0.002295
6.933333,-0.014174,0.021325,-0.011274,-0.637017,-1.288037,1.278593,-1.101166,0.006316,-0.021533,-0.235691,-1.268934,-0.243429,0.870000,0.016173,-0.001734
6.966667,-0.015465,0.020715,-0.024877,-0.604455,-1.294214,1.230970,-1.048478,0.014457,-0.027089,-0.267470,-1.302996,-0.169877,0.770000,0.023740,-0.008974
7.000000,-0.008095,0.026401,-0.025124,-0.584327,-1.296507,1.185972,-0.991818,0.012397,-0.023761,-0.273050,-1.308563,-0.131636,0.670000,0.026369,-0.004931
7.033333,-0.004623,0.030022,-0.017432,-0.572402,-1.313399,1.138916,-0.951989,0.004521,-0.018486,-0.285446,-1.337638,-0.095087,0.570000,0.018948,-0.010302
7.066667,-0.010663,0.033400,-0.022038,-0.558231,-1.314837,1.114386,-0.950736,-0.001580,-0.014992,-0.286234,-1.339933,-0.090110,0.510000,0.012873,-0.013730
7.100000,-0.010055,0.036053,-0.017663,-0.560551,-1.318797,1.124135,-0.964328,-0.004639,-0.008889,-0.286202,-1.343372,-0.119993,0.490000,0.014988,-0.004608
7.133333,-0.009691,0.031654,-0.004402,-0.560475,-1.322757,1.104423,-0.980445,-0.017317,-0.011330,-0.265203,-1.321898,-0.149655,0.510000,0.004738,-0.003727
7.166667,-0.011076,0.040417,-0.001813,-0.551472,-1.310036,1.098870,-0.993269,-0.022649,-0.009675,-0.262220,-1.288921,-0.184006,0.570000,-0.004856,-0.001387
7.200000,-0.014983,0.040941,0.001587,-0.531481,-1.281632,1.093245,-1.012510,-0.018613,-0.010587,-0.266942,-1.232036,-0.256665,0.670000,-0.007369,0.005863
7.233333,-0.004125,0.027704,0.006791,-0.492702,-1.254753,1.059949,-1.008186,-0.016224,-0.016698,-0.296209,-1.186622,-0.321788,0.770000,-0.004770,0.005027
7.266667,0.002162,0.025773,0.002983,-0.422066,-1.217765,0.986654,-0.979759,-0.008045,-0.013054,-0.335398,-1.137985,-0.390136,0.870000,-0.020300,-0.000531
7.300000,0.009061,0.023846,0.000072,-0.334192,-1.200331,0.911672,-0.929233,-0.004333,-0.015938,-0.390350,-1.078647,-0.478843,0.970000,-0.022235,0.003138
7.333333,0.009464,0.010578,0.005940,-0.264080,-1.185147,0.811672,-0.868915,0.002451,-0.013851,-0.424445,-1.044791,-0.567549,1.070000,-0.014148,-0.005193
7.366667,0.020813,0.006433,0.004609,-0.222693,-1.172291,0.711672,-0.785351,0.000666,-0.009459,-0.428755,-1.031463,-0.628599,1.170000,-0.020185,-0.021638
7.400000,0.013396,0.008191,0.002414,-0.205597,-1.167207,0.611672,-0.685351,0.008244,-0.004848,-0.393064,-1.033443,-0.660943,1.230000,-0.023031,-0.021231
7.433333,0.010726,0.008148,0.006097,-0.199795,-1.152401,0.511672,-0.585351,0.003059,-0.010238,-0.325679,-1.024558,-0.653287,1.250000,-0.012078,-0.025616
7.466667,0.017523,0.010903,0.008196,-0.208592,-1.118040,0.411710,-0.485351,0.009701,-0.002913,-0.259093,-1.026980,-0.605631,1.230000,-0.015031,-0.020975
7.500000,0.023200,0.015301,0.008125,-0.223309,-1.093903,0.311748,-0.408563,0.007772,-0.010778,-0.212968,-1.015126,-0.517975,1.170000,-0.017575,-0.017293
7.533333,0.008432,0.018391,-0.002039,-0.227309,-1.073402,0.211899,-0.359656,0.005370,-0.016347,-0.180147,-0.979589,-0.417975,1.070000,-0.010757,-0.004408
7.566667,0.002901,0.028929,-0.005781,-0.247019,-1.028097,0.139122,-0.345154,0.000860,-0.005786,-0.170828,-0.910552,-0.318801,0.970000,-0.010619,0.005849
7.600000,0.004657,0.032529,-0.005332,-0.264912,-0.987598,0.087267,-0.339162,0.001893,0.003935,-0.173850,-0.844583,-0.247692,0.870000,-0.009075,0.014674
7.633333,-0.007756,0.028221,-0.012591,-0.273565,-0.966705,0.049559,-0.373171,-0.000004,-0.005046,-0.163295,-0.767306,-0.184344,0.806667,-0.001428,0.006297
7.666667,-0.007910,0.027796,-0.027965,-0.264679,-0.935224,0.043884,-0.403297,0.006683,0.002101,-0.131098,-0.685751,-0.147126,0.783334,0.002476,0.006149
7.700000,-0.000337,0.028074,-0.016493,-0.266983,-0.905591,0.050813,-0.440219,0.009803,0.005109,-0.085596,-0.604195,-0.126167,0.800002,0.007785,0.006011
7.733333,0.004810,0.020104,-0.013497,-0.238014,-0.894625,0.038796,-0.462936,0.010612,-0.004581,-0.016591,-0.516139,-0.119523,0.856669,0.009048,-0.007553
7.766667,-0.000680,0.023694,-0.019928,-0.225139,-0.912464,0.045856,-0.498905,0.009131,-0.004530,0.067753,-0.423064,-0.105986,0.953337,0.010217,-0.010727
7.800000,-0.001429,0.027443,-0.018398,-0.218337,-0.930452,0.045425,-0.527026,0.006060,-0.002853,0.167753,-0.329990,-0.124688,1.053337,0.012644,-0.014385
7.833333,-0.005738,0.031026,-0.010697,-0.220830,-0.942588,0.030784,-0.550453,-0.001710,-0.005707,0.267753,-0.235029,-0.148221,1.153337,0.015502,-0.017746
7.866667,-0.016839,0.037546,-0.015248,-0.217568,-0.937163,0.022357,-0.558953,-0.000800,0.000764,0.367753,-0.155148,-0.157482,1.253337,0.011118,-0.027583
7.900000,-0.018616,0.039347,-0.013637,-0.224350,-0.929265,0.040097,-0.587255,0.000729,0.001004,0.467753,-0.112522,-0.151603,1.353337,0.013194,-0.027041
7.933333,-0.017244,0.033484,-0.007994,-0.231228,-0.893888,0.026329,-0.622674,0.003917,-0.000602,0.527753,-0.109895,-0.124551,1.434129,0.017284,-0.025814
7.966667,-0.015608,0.037257,-0.010964,-0.235590,-0.859939,0.019796,-0.656326,0.001901,0.002716,0.547753,-0.147269,-0.070282,1.488059,0.008302,-0.019547
8.000000,-0.020214,0.032526,-0.010152,-0.228945,-0.837295,0.022647,-0.698465,0.004030,0.000600,0.527753,-0.219604,-0.004207,1.501988,0.004805,-0.017984
8.033333,-0.003383,0.025783,-0.008243,-0.219220,-0.823301,0.007236,-0.747647,-0.003831,-0.008425,0.467753,-0.316859,0.043571,1.485169,0.002331,-0.018089
8.066667,0.004463,0.023915,-0.014581,-0.215251,-0.808886,-0.014179,-0.796001,-0.001914,-0.002881,0.367753,-0.416859,0.073260,1.450906,-0.014375,-0.011011
8.100000,0.006971,0.023752,-0.016829,-0.197196,-0.822440,-0.029711,-0.836503,-0.002394,-0.009734,0.267753,-0.516859,0.073691,1.395851,-0.019445,-0.011254
8.133333,0.010431,0.016229,-0.012449,-0.186374,-0.822125,-0.027910,-0.865726,-0.005755,-0.012106,0.167753,-0.616859,0.058044,1.341141,-0.012128,-0.020516
8.166667,0.021489,0.014055,-0.013557,-0.188605,-0.820525,-0.041599,-0.899657,-0.010954,-0.017608,0.067753,-0.716859,0.049342,1.302983,-0.017999,-0.022923
8.200000,0.018445,0.012562,-0.011961,-0.187704,-0.831670,-0.039723,-0.918467,-0.005170,-0.015548,-0.015055,-0.806399,0.041168,1.280543,-0.011988,-0.015780
8.233333,0.012691,0.016594,-0.001777,-0.176398,-0.845332,-0.026134,-0.901755,-0.003849,-0.021379,-0.083817,-0.879820,0.029514,1.254157,0.004411,-0.017431
8.266667,0.028287,0.026114,0.005936,-0.188434,-0.835275,-0.009274,-0.864016,0.001071,-0.001934,-0.122437,-0.951765,0.022598,1.253777,-0.001025,-0.011135
8.300000,0.027373,0.028793,0.012223,-0.199398,-0.857907,-0.010559,-0.817085,0.004859,0.003570,-0.153924,-0.983709,0.024308,1.245402,-0.001361,-0.003565
8.333333,0.019000,0.029742,0.003837,-0.196587,-0.868285,-0.006295,-0.755605,0.015558,0.006598,-0.162381,-1.004172,0.018025,1.255341,0.005315,0.002942
8.366667,0.015493,0.037932,0.004383,-0.216546,-0.888863,0.021718,-0.682450,0.008863,0.014714,-0.188030,-1.033536,-0.008504,1.280311,0.005933,0.008414
8.400000,0.017988,0.030207,0.002567,-0.239925,-0.931154,0.013042,-0.605646,0.005193,0.012457,-0.223450,-1.069337,-0.053462,1.298490,0.006137,0.009085
8.433333,0.005317,0.022044,-0.009261,-0.244581,-0.993057,0.020741,-0.552875,0.001152,0.000300,-0.284106,-1.079586,-0.113900,1.322682,0.015663,0.006903
8.466667,0.004092,0.022008,-0.017408,-0.247360,-1.037646,0.023393,-0.530188,0.004676,-0.003780,-0.329017,-1.112364,-0.194102,1.380940,0.009743,0.016813
8.500000,0.002797,0.019261,-0.005763,-0.244235,-1.095268,0.019477,-0.528255,0.002565,0.000071,-0.393668,-1.148008,-0.294102,1.436579,0.006425,0.012754
8.533333,0.003269,0.011986,-0.008149,-0.201648,-1.135381,-0.000955,-0.566322,0.012699,-0.004720,-0.418320,-1.168713,-0.394102,1.460122,0.004732,0.008590
8.566667,0.000807,0.011421,-0.008762,-0.173398,-1.155433,0.002912,-0.644389,0.018382,0.003445,-0.407248,-1.173784,-0.494102,1.505924,-0.002133,0.010155
8.600000,-0.002940,0.006512,-0.004383,-0.149367,-1.140979,-0.013635,-0.738423,0.017735,-0.004236,-0.361080,-1.186673,-0.554102,1.539707,-0.003845,0.001694
8.633333,-0.000524,0.003900,0.001497,-0.141091,-1.103839,-0.020681,-0.832456,0.012698,-0.003683,-0.297791,-1.177033,-0.574102,1.553937,0.003802,-0.013175
8.666667,0.002139,0.010040,-0.003903,-0.161578,-1.046269,-0.000331,-0.932456,0.012623,0.000754,-0.230587,-1.153391,-0.554102,1.555921,0.002780,-0.018168
8.700000,0.003401,0.009800,-0.002716,-0.204741,-0.976394,-0.003448,-1.032456,0.007370,-0.001838,-0.179817,-1.110178,-0.494102,1.570000,0.006947,-0.021726
8.733333,0.011326,0.009800,-0.009101,-0.229432,-0.898349,-0.024304,-1.132456,0.002429,-0.005907,-0.169047,-1.092280,-0.394102,1.570000,0.012419,-0.028412
8.766667,0.014953,0.013258,-0.016693,-0.261659,-0.845806,-0.058770,-1.232456,-0.000369,-0.006126,-0.162690,-1.053594,-0.294102,1.570000,0.011495,-0.024431
8.800000,0.012137,0.016739,-0.017006,-0.290784,-0.793797,-0.080600,-1.332456,-0.000948,-0.007016,-0.190276,-1.014908,-0.194102,1.570000,0.009922,-0.023638
8.833333,0.009197,0.012681,-0.010418,-0.307648,-0.742223,-0.124804,-1.419965,-0.002227,-0.012754,-0.207994,-0.969913,-0.098036,1.569141,0.007739,-0.014805
8.866667,0.010610,0.019022,-0.007067,-0.338563,-0.707401,-0.156619,-1.487474,-0.002305,-0.004745,-0.229106,-0.960988,-0.022251,1.569141,0.001603,-0.011049
8.900000,0.003846,0.022810,0.000580,-0.359371,-0.690774,-0.162817,-1.534983,-0.005285,-0.008911,-0.230611,-0.912063,0.025850,1.569141,0.003388,-0.009478
8.933333,0.001075,0.021931,0.009572,-0.372220,-0.668645,-0.149014,-1.562491,-0.004647,-0.008810,-0.247704,-0.881099,0.053950,1.569141,0.004706,-0.011767
8.966667,0.004627,0.018420,0.011247,-0.361775,-0.658108,-0.125419,-1.550000,0.005181,-0.009505,-0.270852,-0.890134,0.042050,1.551790,0.009205,-0.012168
9.000000,0.010994,0.018418,0.011164,-0.357942,-0.678885,-0.079971,-1.510000,0.007532,-0.001910,-0.311074,-0.928094,-0.005916,1.552649,0.004982,-0.010423
9.033333,0.008488,0.010954,0.006767,-0.338473,-0.691208,-0.033445,-1.450000,0.007361,-0.011059,-0.371466,-0.966054,-0.073600,1.552649,0.007830,-0.012130
9.066667,0.001845,0.011800,0.001001,-0.333107,-0.696149,0.005405,-1.370000,0.006065,-0.006230,-0.451466,-1.044014,-0.153600,1.552649,0.009080,-0.012184
9.100000,0.001678,0.010802,-0.003779,-0.319838,-0.700261,0.033625,-1.270000,0.001888,-0.005261,-0.551466,-1.105202,-0.253600,1.552649,0.004578,-0.008625
9.133333,-0.004906,0.011504,-0.005999,-0.321292,-0.726719,0.032672,-1.170000,-0.006590,-0.004415,-0.651466,-1.132875,-0.353600,1.570000,-0.004683,-0.004284
9.166667,-0.024645,0.011300,-0.019724,-0.297652,-0.761430,0.034146,-1.070000,-0.005603,-0.019664,-0.751466,-1.120548,-0.453600,1.551483,0.001137,-0.010510
9.200000,-0.026720,0.015057,-0.022625,-0.290865,-0.817654,0.058607,-0.970000,-0.000760,-0.019534,-0.851466,-1.068220,-0.553600,1.551483,0.005166,-0.000448
9.233333,-0.024717,0.010861,-0.017739,-0.278522,-0.891298,0.063759,-0.870000,0.001306,-0.024775,-0.948683,-0.975893,-0.653600,1.549824,-0.000903,0.000961
9.266667,-0.036101,0.012830,-0.025047,-0.294083,-0.985771,0.099542,-0.770000,0.007043,-0.036541,-1.005900,-0.882377,-0.753600,1.540519,-0.008849,-0.000461
9.300000,-0.044040,0.024812,-0.029368,-0.329561,-1.070380,0.164497,-0.704370,0.007195,-0.033882,-1.023116,-0.782377,-0.853600,1.540519,-0.007192,0.001285
9.333333,-0.038341,0.028984,-0.021982,-0.399890,-1.128418,0.229453,-0.665766,0.000113,-0.029747,-1.000333,-0.682377,-0.953600,1.545643,-0.011813,-0.005498
9.366667,-0.038931,0.030067,-0.024559,-0.471337,-1.154821,0.297955,-0.634898,0.002172,-0.021489,-0.937549,-0.582377,-1.053600,1.526226,-0.029158,-0.023149
9.400000,-0.043057,0.045466,-0.030745,-0.541975,-1.181224,0.397955,-0.638631,-0.004027,-0.020278,-0.837549,-0.482377,-1.153600,1.516591,-0.039550,-0.023019
9.433333,-0.037659,0.045563,-0.023788,-0.588065,-1.191645,0.497955,-0.661815,-0.006114,-0.011088,-0.737549,-0.382377,-1.253600,1.525896,-0.034137,-0.031321
9.466667,-0.029638,0.039492,-0.019162,-0.594155,-1.191097,0.579120,-0.664368,-0.007626,-0.014929,-0.637549,-0.282377,-1.353600,1.525896,-0.030193,-0.034417
9.500000,-0.020609,0.034875,-0.015570,-0.560245,-1.201670,0.620286,-0.639897,-0.008359,-0.008201,-0.577549,-0.222377,-1.448660,1.539289,-0.025677,-0.015883
9.533333,-0.019852,0.031696,-0.008033,-0.493123,-1.216947,0.621451,-0.607688,-0.014417,-0.015723,-0.557549,-0.202377,-1.503719,1.558707,-0.015640,-0.006141
9.566667,-0.009183,0.021827,0.001928,-0.447305,-1.213899,0.621250,-0.580294,-0.002687,-0.007735,-0.577549,-0.222377,-1.518778,1.570000,-0.004078,-0.002612
9.600000,-0.002845,0.019857,0.011723,-0.424387,-1.210966,0.621049,-0.573449,0.005839,0.003389,-0.637549,-0.282377,-1.493838,1.570000,-0.002775,0.008293
9.633333,-0.003097,0.013306,0.011002,-0.441468,-1.201941,0.639682,-0.592865,0.005599,0.004508,-0.729424,-0.382377,-1.428897,1.564272,-0.005421,0.011020
9.666667,-0.001125,0.015479,0.012413,-0.498550,-1.178479,0.698316,-0.652280,0.009544,0.006332,-0.781299,-0.482377,-1.328897,1.564272,-0.006091,-0.005181
9.700000,0.006561,0.014358,0.009842,-0.589242,-1.159143,0.796950,-0.751695,0.008462,-0.001910,-0.793174,-0.582377,-1.228897,1.564272,-0.001612,-0.006486
9.733333,0.003534,0.011283,0.006861,-0.687593,-1.148905,0.896950,-0.851695,0.002541,-0.007579,-0.765049,-0.682377,-1.128897,1.555225,0.002389,-0.009687
9.766667,-0.001663,0.015322,-0.003357,-0.787593,-1.125577,0.996950,-0.951695,-0.000758,-0.007328,-0.696924,-0.782377,-1.028897,1.541275,-0.000837,-0.012563
9.800000,-0.001362,0.024279,-0.001248,-0.887593,-1.114247,1.096950,-1.051695,-0.001101,0.002849,-0.596924,-0.882377,-0.928897,1.528198,0.002121,-0.007658
9.833333,-0.009171,0.020957,-0.004867,-0.968123,-1.123065,1.196950,-1.151695,-0.002583,-0.005323,-0.510009,-0.975363,-0.828897,1.518224,0.008672,-0.002251
9.866667,-0.019309,0.019211,-0.012902,-1.016073,-1.134050,1.296950,-1.250664,0.004983,-0.001150,-0.432507,-1.029258,-0.728897,1.511836,0.013494,0.001362
9.900000,-0.017534,0.027652,-0.014180,-1.056758,-1.137993,1.396950,-1.335703,0.005192,-0.007173,-0.372405,-1.083153,-0.628897,1.518060,0.018918,0.003905
9.933333,-0.018625,0.024140,-0.011881,-1.073331,-1.152881,1.480596,-1.403534,0.000222,-0.020805,-0.333181,-1.109432,-0.528897,1.509679,0.028285,-0.000469
9.966667,-0.020794,0.023873,-0.024425,-1.075526,-1.148224,1.560026,-1.451596,0.011126,-0.028914,-0.326241,-1.133773,-0.428897,1.521650,0.033795,-0.006626
10.000000,-0.013480,0.030781,-0.023734,-1.076837,-1.145260,1.619881,-1.476424,0.011281,-0.023888,-0.306217,-1.136679,-0.328897,1.519104,0.035486,-0.001868
10.033333,-0.010080,0.035052,-0.015208,-1.085638,-1.158325,1.644093,-1.480842,0.003277,-0.018520,-0.295052,-1.165353,-0.228897,1.502511,0.028601,-0.008655
10.066667,-0.016824,0.037220,-0.020301,-1.074617,-1.172573,1.650028,-1.481980,-0.002634,-0.012297,-0.292860,-1.167508,-0.128897,1.490155,0.022754,-0.011699
10.100000,-0.013242,0.041237,-0.015674,-1.076054,-1.189573,1.672317,-1.479877,-0.005999,-0.007351,-0.292115,-1.176847,-0.055327,1.502166,0.025131,-0.001596
10.133333,-0.010397,0.036403,-0.001987,-1.073951,-1.206573,1.663352,-1.476565,-0.019312,-0.009004,-0.275875,-1.166438,0.015322,1.484072,0.017806,-0.003159
10.166667,-0.012356,0.044505,0.000427,-1.065581,-1.211213,1.666380,-1.462479,-0.024842,-0.007505,-0.281633,-1.152688,0.051847,1.473759,0.008106,-0.003572
10.200000,-0.016212,0.044785,0.003720,-1.069382,-1.205814,1.698264,-1.467402,-0.019202,-0.010655,-0.281773,-1.137379,0.075972,1.478572,0.007254,0.005363
10.233333,-0.004602,0.032239,0.008168,-1.074773,-1.197925,1.716380,-1.469341,-0.016795,-0.016626,-0.283265,-1.138782,0.083860,1.477198,0.009946,0.004823
10.266667,-0.000589,0.030680,0.003777,-1.062650,-1.185563,1.722830,-1.451728,-0.008075,-0.013488,-0.279704,-1.135915,0.112584,1.482354,-0.007558,-0.001059
10.300000,0.004038,0.030618,-0.000994,-1.039610,-1.201969,1.759478,-1.440543,-0.006346,-0.017285,-0.281779,-1.114735,0.112819,1.493806,-0.006913,0.003159
10.333333,0.004337,0.018407,0.003363,-1.004331,-1.221981,1.763708,-1.423364,-0.002367,-0.015842,-0.278906,-1.114478,0.130580,1.505463,0.000100,-0.002227
10.366667,0.014561,0.013857,0.000635,-0.941971,-1.249280,1.734725,-1.368617,-0.006360,-0.012469,-0.295179,-1.092949,0.124741,1.498832,-0.006983,-0.017401
10.400000,0.006381,0.015182,-0.000928,-0.865107,-1.290666,1.697786,-1.294066,0.000256,-0.008859,-0.294765,-1.073436,0.095138,1.470584,-0.009585,-0.016656
10.433333,0.004335,0.012431,0.003977,-0.777411,-1.317324,1.632515,-1.219514,-0.007278,-0.013349,-0.299183,-1.040254,0.031856,1.410948,0.003660,-0.021646
10.466667,0.012242,0.012673,0.007505,-0.678550,-1.320349,1.532515,-1.119514,0.001159,-0.003592,-0.309976,-1.034330,-0.037643,1.339624,-0.001979,-0.016694
10.500000,0.015985,0.014358,0.008957,-0.578550,-1.327884,1.432515,-1.019514,0.001208,-0.009376,-0.335734,-1.032912,-0.130546,1.280600,-0.004972,-0.012739
10.533333,0.002783,0.016421,0.000271,-0.479433,-1.326974,1.332515,-0.919514,-0.000824,-0.015199,-0.352649,-1.032012,-0.227447,1.253530,0.001450,-0.001173
10.566667,-0.001569,0.025071,-0.002660,-0.420316,-1.289553,1.232515,-0.819514,-0.003745,-0.003495,-0.392290,-1.037395,-0.324348,1.266459,-0.001753,0.010148
10.600000,0.000557,0.026813,-0.003539,-0.380277,-1.261118,1.132515,-0.719514,-0.001135,0.004362,-0.434765,-1.063280,-0.421976,1.310409,-0.000329,0.019983
10.633333,-0.013072,0.022716,-0.010759,-0.350861,-1.247191,1.032515,-0.619514,-0.003086,-0.006624,-0.470203,-1.066569,-0.512961,1.359957,0.004821,0.012859
10.666667,-0.010058,0.021966,-0.026781,-0.331708,-1.221454,0.932515,-0.519514,0.003928,-0.001383,-0.482457,-1.067001,-0.567221,1.397894,0.006199,0.013394
10.700000,-0.003514,0.021180,-0.015427,-0.336725,-1.195247,0.832515,-0.419514,0.007440,0.001653,-0.491519,-1.072588,-0.586558,1.397503,0.011127,0.015237
10.733333,0.003152,0.012932,-0.013257,-0.307849,-1.181605,0.732515,-0.350941,0.008507,-0.008075,-0.479388,-1.063213,-0.565894,1.357111,0.014690,0.002223
10.766667,0.000386,0.017207,-0.018436,-0.277322,-1.186386,0.632514,-0.322368,0.006400,-0.008115,-0.454155,-1.038046,-0.505230,1.310697,0.013333,0.000490
10.800000,0.004660,0.017207,-0.014471,-0.247992,-1.180618,0.532514,-0.333794,0.003163,-0.003748,-0.408244,-1.008218,-0.413581,1.258683,0.015483,0.002611
10.833333,0.002207,0.019269,-0.003904,-0.230478,-1.167215,0.432514,-0.385221,-0.005619,-0.004258,-0.372405,-0.955988,-0.318657,1.195437,0.019618,0.004053
10.866667,-0.004425,0.025434,-0.006406,-0.203211,-1.148928,0.332514,-0.476648,-0.003895,0.003889,-0.328126,-0.900840,-0.225597,1.164743,0.014245,-0.002967
10.900000,-0.006384,0.027349,-0.004841,-0.182403,-1.146070,0.232514,-0.576648,-0.003845,0.002871,-0.290770,-0.849818,-0.134518,1.166620,0.015153,-0.002813
10.933333,-0.007478,0.022746,0.000184,-0.169416,-1.125682,0.139492,-0.676648,-0.001198,0.003883,-0.262239,-0.822310,-0.058323,1.175714,0.020130,-0.003192
10.966667,-0.007106,0.030412,-0.005174,-0.158385,-1.117074,0.067221,-0.772249,-0.002010,0.005398,-0.258321,-0.812771,0.000622,1.224809,0.013712,-0.003397
11.000000,-0.014843,0.029336,-0.008286,-0.140694,-1.118005,0.029647,-0.852397,0.000180,-0.000393,-0.237633,-0.829575,0.044312,1.283546,0.011190,-0.008115
11.033333,-0.001169,0.025266,-0.009343,-0.128874,-1.111501,-0.003967,-0.919762,-0.008381,-0.009195,-0.229389,-0.866693,0.078089,1.343151,0.010512,-0.011261
11.066667,0.004739,0.025799,-0.015986,-0.129076,-1.084962,-0.011593,-0.986548,-0.006845,-0.002769,-0.222926,-0.910371,0.098885,1.398559,-0.004952,-0.006519
11.100000,0.006488,0.025989,-0.018289,-0.116532,-1.077923,-0.011008,-1.038749,-0.004530,-0.012260,-0.200096,-0.932814,0.104287,1.422878,-0.008580,-0.006622
11.133333,0.007666,0.018322,-0.014550,-0.108188,-1.052882,-0.003591,-1.078897,-0.008739,-0.015582,-0.183644,-0.950529,0.096911,1.419232,-0.000697,-0.015676
11.166667,0.018696,0.015969,-0.014604,-0.111484,-1.028728,-0.025872,-1.134256,-0.012739,-0.019405,-0.177568,-0.965015,0.090918,1.398574,-0.005187,-0.016899
11.200000,0.015314,0.014700,-0.012606,-0.112525,-1.024496,-0.035180,-1.181579,-0.007293,-0.017736,-0.166194,-0.973594,0.079164,1.368348,0.000997,-0.011908
11.233333,0.010061,0.019260,-0.002528,-0.102700,-1.026999,-0.030475,-1.193282,-0.006644,-0.024152,-0.157121,-0.970524,0.058792,1.310465,0.015420,-0.013750
11.266667,0.026814,0.028402,0.004627,-0.115116,-1.010516,-0.028603,-1.179569,-0.003303,-0.005234,-0.155183,-0.998834,0.037387,1.251455,0.010075,-0.008860
11.300000,0.026606,0.030653,0.010459,-0.127465,-1.029909,-0.042460,-1.164483,-0.000497,-0.000723,-0.157477,-1.018009,0.021042,1.180412,0.008820,-0.002934
11.333333,0.018248,0.031169,0.002618,-0.126686,-1.038414,-0.043109,-1.118667,0.006704,0.002823,-0.162568,-1.037049,0.005366,1.104980,0.015459,0.002117
11.366667,0.015325,0.039367,0.002579,-0.146988,-1.051926,-0.020691,-1.053669,0.000187,0.010270,-0.189186,-1.075078,-0.027695,1.005694,0.016092,0.007581
11.400000,0.018668,0.030703,0.000132,-0.183171,-1.088239,-0.028337,-0.984873,-0.003829,0.008121,-0.221152,-1.130541,-0.048517,0.905694,0.015948,0.007498
11.433333,0.005120,0.024039,-0.012432,-0.208333,-1.130736,-0.009194,-0.916076,-0.009262,-0.002907,-0.267169,-1.165583,-0.058778,0.805694,0.023974,0.005103
11.466667,0.001902,0.024671,-0.022141,-0.242315,-1.157988,0.004289,-0.825105,-0.005652,-0.006251,-0.285149,-1.224632,-0.075040,0.705694,0.018008,0.014555
11.500000,-0.000145,0.021645,-0.012686,-0.278772,-1.202359,0.011266,-0.725105,-0.006624,-0.004040,-0.310726,-1.287112,-0.088197,0.605694,0.015403,0.011889
11.533333,0.000391,0.013797,-0.016242,-0.279344,-1.240241,0.003874,-0.625105,0.001484,-0.007480,-0.312855,-1.330846,-0.100171,0.505694,0.012712,0.008904
11.566667,-0.002596,0.012770,-0.015401,-0.279116,-1.272132,0.026547,-0.565105,0.007543,0.002087,-0.319926,-1.340482,-0.140804,0.445694,0.005376,0.014248
11.600000,-0.004788,0.006775,-0.009262,-0.273338,-1.292947,0.050073,-0.545105,0.009208,-0.005228,-0.341415,-1.338913,-0.200685,0.425694,0.001488,0.010017
11.633333,-0.002110,0.004231,-0.000018,-0.280830,-1.290262,0.107406,-0.565105,0.003776,-0.004044,-0.394632,-1.309230,-0.269600,0.445694,0.008609,-0.002358
11.666667,-0.000813,0.010547,-0.001796,-0.311918,-1.262650,0.193037,-0.625105,0.003667,0.002366,-0.464947,-1.244760,-0.368417,0.505694,0.004344,-0.006284
11.700000,-0.002290,0.011669,0.002893,-0.378891,-1.232137,0.293037,-0.725105,0.003362,0.000287,-0.558709,-1.161072,-0.468417,0.605694,0.006118,-0.005273
11.733333,0.002970,0.011669,-0.003066,-0.457064,-1.182975,0.393037,-0.825105,0.001609,-0.004546,-0.658604,-1.109832,-0.568417,0.705694,0.013059,-0.013546
11.766667,0.002584,0.016309,-0.010031,-0.557064,-1.155153,0.493037,-0.925105,-0.002772,-0.003077,-0.718604,-1.050219,-0.628417,0.805694,0.012278,-0.008589
11.800000,0.000442,0.020231,-0.012080,-0.657064,-1.134211,0.593037,-1.025105,-0.001919,-0.003907,-0.738604,-0.990605,-0.648417,0.905694,0.010295,-0.007744
11.833333,-0.002863,0.015218,-0.006619,-0.757065,-1.113269,0.693037,-1.125105,-0.003774,-0.009558,-0.718604,-0.930992,-0.628417,1.005694,0.009485,0.001228
11.866667,0.001138,0.021066,-0.005222,-0.857065,-1.093502,0.793037,-1.225105,-0.008815,-0.004534,-0.658604,-0.909341,-0.568417,1.105694,0.003891,0.002371
11.900000,-0.002017,0.024581,0.001165,-0.938254,-1.094618,0.893037,-1.325105,-0.013576,-0.008234,-0.558604,-0.862638,-0.468417,1.205694,0.004791,0.003977
11.933333,-0.001300,0.022249,0.008338,-0.999444,-1.083351,0.993037,-1.405706,-0.012173,-0.008545,-0.458604,-0.835936,-0.368417,1.296072,0.007444,-0.002110
11.966667,0.002998,0.017988,0.010490,-1.020633,-1.065205,1.053037,-1.446306,-0.000507,-0.010752,-0.358604,-0.849234,-0.268417,1.346449,0.012314,-0.005344
12.000000,0.012949,0.018936,0.009548,-1.001823,-1.047058,1.073037,-1.446907,0.004040,-0.006870,-0.278946,-0.892227,-0.168417,1.385879,0.008976,-0.010534
12.033333,0.009790,0.012368,0.005127,-0.943012,-1.016162,1.053037,-1.407507,0.007802,-0.014447,-0.210039,-0.918933,-0.068417,1.405720,0.013294,-0.017006
12.066667,0.002250,0.013568,-0.001016,-0.863012,-0.969156,0.993037,-1.328108,0.008704,-0.013264,-0.168907,-0.940070,0.005758,1.417035,0.014024,-0.022267
12.100000,0.001440,0.014351,-0.006557,-0.763012,-0.905208,0.893037,-1.253808,0.003881,-0.014925,-0.141351,-0.970128,0.058252,1.413468,0.009844,-0.022176
12.133333,-0.004454,0.015872,-0.010246,-0.663012,-0.873257,0.793037,-1.205089,-0.005089,-0.013033,-0.136132,-0.979811,0.105409,1.431047,0.002818,-0.022156
12.166667,-0.020785,0.017062,-0.025933,-0.563012,-0.858850,0.693037,-1.171843,-0.004853,-0.024812,-0.150571,-0.964494,0.112567,1.446705,0.009431,-0.030538
12.200000,-0.018948,0.019572,-0.029210,-0.482827,-0.855449,0.593037,-1.160398,-0.001318,-0.026821,-0.194260,-0.965464,0.079724,1.466359,0.012057,-0.019638
12.233333,-0.013399,0.016078,-0.023942,-0.418355,-0.871330,0.493037,-1.176475,0.000366,-0.031231,-0.250172,-0.978956,0.032707,1.472287,0.009414,-0.018590
12.266667,-0.020031,0.015577,-0.028451,-0.393884,-0.924152,0.433037,-1.206851,0.010843,-0.039820,-0.332509,-0.972102,-0.032629,1.481042,0.003911,-0.014932
12.300000,-0.020824,0.024005,-0.029034,-0.409412,-0.967623,0.413037,-1.246974,0.013387,-0.035967,-0.432509,-0.985623,-0.132629,1.505947,0.005946,-0.002653
12.333333,-0.011212,0.022820,-0.013783,-0.464940,-1.017360,0.433037,-1.293154,0.009515,-0.029175,-0.532509,-1.017045,-0.232629,1.508738,0.002688,0.001539
12.366667,-0.010141,0.020939,-0.010164,-0.540652,-1.047815,0.493037,-1.317534,0.015900,-0.019253,-0.630244,-1.018530,-0.332629,1.492704,-0.008918,-0.007139
12.400000,-0.009490,0.031010,-0.011039,-0.600652,-1.081363,0.593037,-1.314392,0.011718,-0.015232,-0.687979,-0.999764,-0.432629,1.476990,-0.017659,0.005091
12.433333,-0.002012,0.029027,-0.002865,-0.620652,-1.114309,0.659196,-1.271250,0.008093,-0.005870,-0.705713,-0.989548,-0.495744,1.469227,-0.011493,-0.001894
12.466667,0.001749,0.023851,-0.001856,-0.600652,-1.138557,0.685356,-1.192781,0.008803,-0.011089,-0.683448,-0.951983,-0.518859,1.441925,-0.009340,-0.009704
12.500000,0.005910,0.022669,-0.005129,-0.555939,-1.171268,0.684585,-1.092781,0.006298,-0.008785,-0.621183,-0.891823,-0.501974,1.428126,-0.007061,-0.001189
12.533333,0.002375,0.022995,-0.004396,-0.488834,-1.211312,0.665830,-0.992781,-0.003003,-0.017523,-0.521183,-0.856285,-0.445089,1.434412,-0.000483,-0.004374
12.566667,0.009262,0.018376,-0.001579,-0.443091,-1.230792,0.620586,-0.892781,0.004359,-0.014940,-0.421183,-0.852308,-0.348204,1.458608,0.004038,-0.012742
12.600000,0.010272,0.020793,0.003687,-0.430975,-1.233224,0.609181,-0.821421,0.009062,-0.008740,-0.347821,-0.857435,-0.248204,1.476969,0.000298,-0.012559
12.633333,0.006835,0.016405,0.002941,-0.447954,-1.228221,0.637777,-0.790061,0.000992,-0.008747,-0.280949,-0.858748,-0.148204,1.479189,-0.004737,-0.013198
12.666667,0.005355,0.016808,0.003684,-0.449647,-1.203792,0.654161,-0.758701,0.004542,-0.009003,-0.244569,-0.889459,-0.053972,1.494537,-0.007857,-0.027703
12.700000,0.014809,0.013691,0.001246,-0.433731,-1.178483,0.648529,-0.738091,0.002246,-0.016691,-0.218507,-0.914860,0.025444,1.497116,-0.007736,-0.028453
12.733333,0.008340,0.007875,-0.001106,-0.406573,-1.160746,0.629388,-0.743666,-0.001550,-0.019678,-0.202607,-0.918243,0.083129,1.469223,-0.002478,-0.030665
12.766667,0.003106,0.008868,-0.010826,-0.345877,-1.122977,0.570246,-0.720602,-0.000235,-0.017343,-0.175588,-0.906064,0.120571,1.433160,-0.006897,-0.030589
12.800000,0.003634,0.016177,-0.008500,-0.293042,-1.090344,0.471105,-0.674681,0.008593,-0.006927,-0.160068,-0.921974,0.138377,1.407582,-0.005253,-0.024925
12.833333,-0.002070,0.014470,-0.011735,-0.251928,-1.076444,0.371105,-0.652872,0.009272,-0.011626,-0.140716,-0.929159,0.140312,1.377434,-0.000929,-0.019371
12.866667,-0.014783,0.013775,-0.020068,-0.222962,-1.064327,0.271105,-0.633095,0.019527,-0.007312,-0.123046,-0.906971,0.133800,1.358492,0.005151,-0.012201
12.900000,-0.013930,0.022668,-0.021165,-0.216135,-1.046162,0.185995,-0.602542,0.021090,-0.010082,-0.118126,-0.915238,0.125173,1.351804,0.008411,-0.008457
12.933333,-0.015900,0.020193,-0.018780,-0.230557,-1.045976,0.115273,-0.586815,0.015909,-0.024246,-0.121442,-0.922127,0.127698,1.335424,0.019211,-0.010884
12.966667,-0.019125,0.018735,-0.032051,-0.235529,-1.034141,0.081127,-0.571614,0.025220,-0.030074,-0.141104,-0.930480,0.126240,1.344829,0.024113,-0.018772
13.000000,-0.011891,0.024635,-0.031773,-0.249973,-1.019280,0.058808,-0.541229,0.025501,-0.023999,-0.134109,-0.928349,0.112469,1.341329,0.024652,-0.014043
13.033333,-0.008403,0.028419,-0.023765,-0.264033,-1.022972,0.036668,-0.509849,0.016988,-0.019571,-0.140160,-0.952750,0.119300,1.322712,0.015589,-0.019251
13.066667,-0.013349,0.029582,-0.028680,-0.260396,-1.023638,0.020688,-0.494305,0.010134,-0.015314,-0.146496,-0.949086,0.124533,1.321473,0.009804,-0.023464
13.100000,-0.011602,0.032306,-0.025245,-0.267629,-1.028440,0.030319,-0.486263,0.006198,-0.009930,-0.154521,-0.955285,0.104288,1.341178,0.009625,-0.014281
13.133333,-0.009349,0.028897,-0.012081,-0.269274,-1.033241,0.004400,-0.479732,-0.007928,-0.011128,-0.145111,-0.938473,0.107016,1.329054,0.003114,-0.012803
13.166667,-0.011545,0.036374,-0.009432,-0.264213,-1.022012,0.004798,-0.484111,-0.013630,-0.010581,-0.157491,-0.917853,0.107981,1.327816,-0.004533,-0.010689
13.200000,-0.015296,0.035448,-0.006125,-0.262876,-0.986626,0.016275,-0.516701,-0.007584,-0.009036,-0.156923,-0.886801,0.093876,1.344413,-0.003926,-0.004490
13.233333,-0.005642,0.025619,-0.001430,-0.264102,-0.947313,0.019862,-0.555266,-0.004298,-0.014840,-0.166246,-0.868695,0.091313,1.351253,0.000516,-0.005654
13.266667,-0.001013,0.025468,-0.005617,-0.244712,-0.894421,0.000292,-0.578259,0.006304,-0.012471,-0.169348,-0.842257,0.108808,1.371952,-0.013067,-0.014328
13.300000,0.004878,0.025923,-0.008605,-0.228435,-0.857996,0.009462,-0.622073,0.006122,-0.016655,-0.178530,-0.800441,0.094584,1.397789,-0.014723,-0.012666
13.333333,0.005658,0.014221,-0.003065,-0.227817,-0.827487,0.000895,-0.675905,0.009805,-0.016804,-0.185946,-0.787346,0.105336,1.427644,-0.007115,-0.020490
13.366667,0.018203,0.011363,-0.003676,-0.231864,-0.807137,-0.013043,-0.705159,0.005748,-0.015884,-0.211467,-0.774631,0.118722,1.468872,-0.014177,-0.035769
13.400000,0.011558,0.013563,-0.004859,-0.233471,-0.802614,-0.008290,-0.719584,0.009801,-0.012828,-0.210386,-0.771211,0.125350,1.484720,-0.017781,-0.033520
13.433333,0.011082,0.013705,0.001692,-0.229554,-0.797965,0.017460,-0.732156,0.000267,-0.016758,-0.208862,-0.760348,0.114497,1.464243,-0.006871,-0.035164
13.466667,0.018503,0.015976,0.004862,-0.214741,-0.790151,0.050705,-0.716105,0.007861,-0.009147,-0.202345,-0.776675,0.114424,1.445764,-0.010047,-0.027721
13.500000,0.023885,0.021355,0.006423,-0.199101,-0.801980,0.063543,-0.700321,0.007060,-0.016403,-0.187105,-0.791206,0.113193,1.415650,-0.011059,-0.021610
13.533333,0.007547,0.025175,-0.003118,-0.183501,-0.826365,0.074209,-0.696832,0.004452,-0.022042,-0.153944,-0.796384,0.110252,1.374201,-0.002586,-0.009194
13.566667,0.002062,0.035780,-0.006121,-0.193215,-0.824902,0.080104,-0.697837,0.004444,-0.011203,-0.139875,-0.807386,0.110667,1.372082,-0.003361,0.000534
13.600000,0.004061,0.037358,-0.007071,-0.207893,-0.843301,0.070356,-0.693936,0.005032,-0.001319,-0.128816,-0.852100,0.110495,1.371056,-0.001867,0.009043
13.633333,-0.007757,0.031805,-0.014842,-0.220024,-0.872570,0.038095,-0.704521,0.004421,-0.011221,-0.123776,-0.879533,0.119793,1.363570,0.006032,0.001072
13.666667,-0.006759,0.030763,-0.030703,-0.218934,-0.881995,0.038748,-0.691176,0.013553,-0.004677,-0.121158,-0.911005,0.111459,1.375194,0.010450,-0.000338
13.700000,0.002015,0.030343,-0.019758,-0.228693,-0.887183,0.050859,-0.676589,0.016291,-0.002433,-0.128763,-0.949766,0.103313,1.368085,0.015772,0.001158
13.733333,0.011618,0.020251,-0.016965,-0.208164,-0.904449,0.044932,-0.651437,0.013524,-0.013067,-0.133997,-0.977449,0.097034,1.326351,0.017491,-0.010957
13.766667,0.007862,0.022578,-0.022302,-0.202645,-0.928788,0.056811,-0.641750,0.012611,-0.013773,-0.139609,-0.985778,0.101722,1.322468,0.018169,-0.012280
13.800000,0.009063,0.022578,-0.016539,-0.208567,-0.941614,0.059608,-0.636211,0.010303,-0.009928,-0.135634,-1.003009,0.095617,1.318150,0.018786,-0.010396
13.833333,0.006381,0.022448,-0.006175,-0.222966,-0.948887,0.046379,-0.636460,-0.000103,-0.009114,-0.143882,-1.008192,0.092414,1.283911,0.018471,-0.009156
13.866667,-0.001571,0.027109,-0.007789,-0.222351,-0.946863,0.038010,-0.629485,0.000711,-0.000473,-0.143227,-1.011064,0.084317,1.265362,0.012142,-0.017446
13.900000,-0.006261,0.028362,-0.005491,-0.225459,-0.957638,0.046498,-0.646192,0.004034,0.001234,-0.144167,-1.018424,0.080305,1.267216,0.013419,-0.016150
13.933333,-0.007233,0.022626,-0.000206,-0.225062,-0.946344,0.024739,-0.677836,0.007845,0.000305,-0.146855,-1.036149,0.080793,1.253756,0.017645,-0.013795
13.966667,-0.006395,0.029764,-0.006010,-0.211017,-0.943074,0.009343,-0.719071,0.006607,0.001743,-0.161691,-1.044323,0.084046,1.266280,0.009945,-0.011984
14.000000,-0.014190,0.028480,-0.008577,-0.188569,-0.944967,0.006800,-0.775515,0.009583,-0.003705,-0.156513,-1.055819,0.093347,1.274538,0.008087,-0.015225
14.033333,-0.000425,0.023779,-0.009465,-0.175466,-0.949340,-0.009116,-0.815512,0.004035,-0.015579,-0.164835,-1.083812,0.104997,1.274842,0.006736,-0.018580
14.066667,0.004874,0.022889,-0.016796,-0.179754,-0.949747,-0.021770,-0.816348,0.006518,-0.010735,-0.172080,-1.118395,0.107838,1.251056,-0.009859,-0.014873
14.100000,0.007027,0.023724,-0.019301,-0.175841,-0.974564,-0.024212,-0.796243,0.006338,-0.018255,-0.165861,-1.135887,0.093406,1.202586,-0.016389,-0.018230
14.133333,0.008783,0.016587,-0.016461,-0.184640,-0.996876,-0.009129,-0.745068,0.002719,-0.020744,-0.169286,-1.162715,0.068093,1.121835,-0.009256,-0.028486
14.166667,0.020650,0.013363,-0.017202,-0.209198,-1.034537,-0.013723,-0.677344,-0.001010,-0.026407,-0.194342,-1.200924,0.042467,1.038719,-0.014937,-0.030352
14.200000,0.017829,0.010655,-0.016383,-0.228728,-1.085832,-0.006504,-0.612193,0.005479,-0.024211,-0.214788,-1.245757,0.010987,0.939739,-0.010052,-0.022420
14.233333,0.013399,0.014894,-0.006418,-0.230929,-1.129990,0.011551,-0.553708,0.007144,-0.030499,-0.237367,-1.272680,-0.020089,0.839739,0.006418,-0.022780
14.266667,0.029223,0.023781,0.001094,-0.251982,-1.149128,0.023250,-0.485761,0.012659,-0.011917,-0.257704,-1.317529,-0.040418,0.739739,0.003273,-0.017142
14.300000,0.028455,0.025782,0.007674,-0.266636,-1.189543,0.017344,-0.447327,0.016453,-0.008343,-0.273983,-1.355023,-0.050922,0.639739,0.001337,-0.011184
14.333333,0.020126,0.026106,0.000216,-0.263101,-1.205005,0.020523,-0.413771,0.025938,-0.005036,-0.278739,-1.381277,-0.056998,0.542377,0.006621,-0.006164
14.366667,0.014778,0.034736,0.001490,-0.279223,-1.217044,0.045228,-0.385828,0.015592,0.002247,-0.289319,-1.392303,-0.077809,0.485016,0.007504,-0.000299
14.400000,0.016492,0.027281,0.000521,-0.301658,-1.241866,0.043666,-0.370734,0.011114,-0.000423,-0.291388,-1.397843,-0.091052,0.436398,0.007704,-0.001007
14.433333,0.001777,0.021647,-0.010421,-0.330910,-1.265128,0.068496,-0.395641,0.006635,-0.012173,-0.314881,-1.380907,-0.115364,0.427780,0.016315,-0.002703
14.466667,-0.001860,0.023993,-0.017632,-0.384464,-1.261242,0.121376,-0.422504,0.008671,-0.015065,-0.324925,-1.376527,-0.158478,0.459163,0.011604,0.008647
14.500000,-0.004412,0.024622,-0.006513,-0.464276,-1.264708,0.195109,-0.473848,0.004394,-0.010816,-0.356899,-1.375822,-0.225129,0.527907,0.011449,0.006514
14.533333,-0.002333,0.019781,-0.008917,-0.544087,-1.259787,0.268841,-0.554203,0.014170,-0.011914,-0.390471,-1.374882,-0.292027,0.592688,0.009163,0.002496
14.566667,-0.005207,0.018924,-0.009169,-0.644087,-1.250993,0.368841,-0.654203,0.017949,-0.001832,-0.446694,-1.368006,-0.386737,0.688726,0.000641,0.007687
14.600000,-0.006585,0.013278,-0.003902,-0.744087,-1.242378,0.468841,-0.754203,0.016281,-0.008640,-0.513286,-1.369771,-0.486737,0.784763,-0.001335,0.003995
14.633333,-0.003045,0.010540,0.003594,-0.838097,-1.221453,0.568841,-0.854203,0.009879,-0.008169,-0.598678,-1.352695,-0.586737,0.880801,0.004883,-0.010543
14.666667,-0.000777,0.014929,0.000850,-0.898566,-1.210759,0.668841,-0.954203,0.013387,-0.004222,-0.686102,-1.340187,-0.686737,0.976838,0.000738,-0.015847
14.700000,-0.002202,0.013372,0.003527,-0.921336,-1.215887,0.768841,-1.037421,0.011517,-0.009531,-0.766074,-1.324342,-0.786737,1.076838,0.002808,-0.017220
14.733333,0.002941,0.013284,-0.002449,-0.904106,-1.208451,0.868841,-1.080639,0.009649,-0.015593,-0.827679,-1.334614,-0.886737,1.176839,0.008253,-0.026123
14.766667,0.004736,0.015560,-0.010899,-0.846877,-1.220287,0.928841,-1.083857,0.007340,-0.016675,-0.849284,-1.331283,-0.946737,1.256078,0.006103,-0.024717
14.800000,0.001747,0.015169,-0.013820,-0.755638,-1.232124,0.948841,-1.047075,0.007064,-0.017695,-0.833380,-1.322998,-0.966737,1.308770,0.004758,-0.022985
14.833333,0.000146,0.009184,-0.010628,-0.657939,-1.218133,0.928841,-0.970293,0.003828,-0.022360,-0.777475,-1.285816,-0.946737,1.341861,0.002705,-0.013437
14.866667,0.003550,0.013577,-0.009482,-0.557939,-1.165111,0.868841,-0.893402,0.002271,-0.013975,-0.699109,-1.268156,-0.886737,1.374953,-0.001261,-0.011561
14.900000,-0.000086,0.015905,-0.003728,-0.457939,-1.109946,0.768841,-0.856511,-0.002695,-0.016769,-0.599109,-1.213710,-0.786737,1.375327,-0.000782,-0.010181
14.933333,-0.002138,0.013880,0.004037,-0.359457,-1.041911,0.668841,-0.845629,-0.001875,-0.015593,-0.499109,-1.171680,-0.686737,1.376461,-0.001124,-0.014211
14.966667,0.004060,0.012662,0.007830,-0.300974,-1.013875,0.608841,-0.874747,0.007630,-0.013143,-0.439109,-1.169649,-0.626737,1.404143,0.004604,-0.011431
15.000000,0.011254,0.013826,0.011031,-0.266502,-1.025839,0.553565,-0.903865,0.008006,-0.006687,-0.419109,-1.199512,-0.606737,1.439100,0.001668,-0.009127
15.033333,0.008881,0.007739,0.009316,-0.250675,-1.077803,0.508629,-0.920557,0.007498,-0.012491,-0.439109,-1.221881,-0.626737,1.460683,0.002357,-0.007794
15.066667,0.003933,0.010082,0.006216,-0.255806,-1.151937,0.485219,-0.904518,0.007463,-0.008113,-0.499109,-1.252845,-0.686737,1.484395,0.003785,-0.005759
15.100000,0.004194,0.010541,0.002055,-0.284462,-1.219130,0.483868,-0.865038,0.002189,-0.007413,-0.568114,-1.303491,-0.786737,1.488107,0.001958,0.000442
15.133333,-0.001488,0.011292,-0.001777,-0.296182,-1.279023,0.448381,-0.800411,-0.006178,-0.007248,-0.605009,-1.339337,-0.886737,1.451820,-0.008034,0.000098
15.166667,-0.020481,0.011658,-0.020104,-0.289947,-1.313239,0.426234,-0.735783,-0.005549,-0.022341,-0.601905,-1.344295,-0.957803,1.387858,-0.001655,-0.008780
15.200000,-0.020658,0.012401,-0.026655,-0.303078,-1.310387,0.393746,-0.660472,-0.000708,-0.027379,-0.558801,-1.356372,-0.988868,1.297269,0.004210,-0.001685
15.233333,-0.015504,0.007730,-0.025042,-0.307463,-1.307370,0.339733,-0.577892,-0.000183,-0.030889,-0.481950,-1.379760,-0.979934,1.197268,0.000807,-0.001788
15.266667,-0.020214,0.006171,-0.031761,-0.288669,-1.311371,0.263660,-0.492745,0.005599,-0.040361,-0.396094,-1.369880,-0.930999,1.097268,-0.006350,-0.001555
15.300000,-0.023897,0.012634,-0.034260,-0.286812,-1.291851,0.192176,-0.405325,0.006185,-0.035949,-0.330055,-1.374566,-0.842065,0.997268,-0.003466,0.008456
15.333333,-0.012531,0.010712,-0.021049,-0.300326,-1.279521,0.123907,-0.342744,0.001079,-0.026454,-0.287560,-1.383829,-0.742065,0.897268,-0.005972,0.009669
15.366667,-0.005763,0.010558,-0.016815,-0.297122,-1.273782,0.089843,-0.308268,0.006015,-0.013304,-0.285065,-1.372544,-0.679709,0.797268,-0.016157,0.000596
15.400000,-0.005575,0.021720,-0.015768,-0.321705,-1.274074,0.095778,-0.313792,0.001310,-0.012255,-0.316317,-1.346358,-0.657352,0.737268,-0.023219,0.009667
15.433333,-0.002182,0.022251,-0.005343,-0.379691,-1.280589,0.141714,-0.359316,0.001111,-0.000793,-0.387569,-1.359568,-0.674996,0.717268,-0.014237,0.004921
15.466667,0.003701,0.020758,-0.000891,-0.437677,-1.284555,0.217197,-0.432260,0.003906,-0.005521,-0.471113,-1.349012,-0.732640,0.737268,-0.009366,0.000570
15.500000,0.008371,0.021715,-0.000186,-0.514236,-1.294302,0.311402,-0.520365,0.002430,-0.000227,-0.571113,-1.327409,-0.830284,0.797268,-0.007344,0.015094
15.533333,0.003608,0.023849,0.004375,-0.609503,-1.305327,0.411402,-0.620365,-0.006591,-0.006034,-0.656090,-1.322590,-0.930284,0.897268,-0.002496,0.018266
15.566667,0.010034,0.018850,0.008924,-0.703956,-1.296441,0.511402,-0.720365,0.002517,0.001325,-0.731419,-1.338598,-1.030284,0.997268,0.004632,0.013406
15.600000,0.012660,0.021378,0.015052,-0.785826,-1.278325,0.611402,-0.820365,0.006502,0.010060,-0.806748,-1.329696,-1.130284,1.097268,-0.000712,0.017116
15.633333,0.010738,0.016190,0.014415,-0.833995,-1.254577,0.711402,-0.920365,0.000777,0.013121,-0.859559,-1.304794,-1.230284,1.197268,-0.004644,0.016689
15.666667,0.011036,0.016817,0.015950,-0.842164,-1.207663,0.771402,-1.020365,0.003329,0.013157,-0.902679,-1.290963,-1.326388,1.297268,-0.005379,0.002037
15.700000,0.017887,0.013578,0.011110,-0.810333,-1.154177,0.791402,-1.120365,0.003075,0.001037,-0.931513,-1.270666,-1.382492,1.391815,-0.004685,-0.002441
15.733333,0.010295,0.008210,0.007707,-0.739317,-1.107911,0.771402,-1.220365,-0.002284,-0.003949,-0.932930,-1.230185,-1.398596,1.460053,-0.001498,-0.004308
15.766667,0.007848,0.009497,-0.003130,-0.645616,-1.045025,0.711402,-1.316312,-0.000326,-0.005025,-0.894347,-1.182515,-1.374699,1.507622,-0.004169,-0.006250
15.800000,0.008568,0.017201,-0.002265,-0.545616,-0.989473,0.611402,-1.406239,0.003038,0.003094,-0.838281,-1.170013,-1.310803,1.535563,-0.005460,-0.001161
15.833333,0.004462,0.015281,-0.006474,-0.452171,-0.962497,0.511402,-1.476166,0.005096,-0.001361,-0.773819,-1.164683,-1.210803,1.550109,-0.000471,0.001979
15.866667,-0.006245,0.014606,-0.014745,-0.371986,-0.947759,0.411402,-1.525088,0.010402,0.004509,-0.704633,-1.134009,-1.110803,1.550109,0.007022,0.009264
15.900000,-0.003466,0.023706,-0.017779,-0.324029,-0.923208,0.311402,-1.555015,0.012020,0.000970,-0.654404,-1.137686,-1.010803,1.556418,0.010474,0.013069
15.933333,-0.007684,0.021082,-0.014862,-0.294059,-0.917731,0.211402,-1.568995,0.002969,-0.011033,-0.630016,-1.137471,-0.910803,1.557002,0.020061,0.009899
15.966667,-0.011426,0.020093,-0.028972,-0.291867,-0.904195,0.121052,-1.568995,0.012163,-0.018236,-0.639408,-1.139902,-0.810803,1.563607,0.030897,0.001041
16.000000,-0.007908,0.024849,-0.028641,-0.304288,-0.888894,0.042542,-1.568995,0.009669,-0.017346,-0.631601,-1.129970,-0.710803,1.563607,0.032791,0.006316
16.033333,-0.004806,0.029400,-0.020161,-0.313281,-0.894877,-0.035967,-1.570000,0.003659,-0.011696,-0.644004,-1.147369,-0.610803,1.560522,0.024171,-0.002277
16.066667,-0.010780,0.031435,-0.023404,-0.306974,-0.917719,-0.093939,-1.570000,-0.003857,-0.004593,-0.653905,-1.148417,-0.519557,1.560522,0.019421,-0.006570
16.100000,-0.005801,0.034771,-0.020646,-0.310921,-0.947681,-0.111911,-1.570000,-0.005872,-0.000171,-0.662417,-1.163988,-0.462572,1.566915,0.021320,0.004662
16.133333,-0.004064,0.029435,-0.006419,-0.310982,-0.981432,-0.139533,-1.570000,-0.018314,-0.002693,-0.651635,-1.162245,-0.405586,1.562547,0.008294,0.005446
16.166667,-0.004541,0.038963,-0.005042,-0.306231,-1.011307,-0.141817,-1.563776,-0.023119,0.000560,-0.657855,-1.165608,-0.376745,1.555871,-0.002486,0.005543
16.200000,-0.007731,0.037795,-0.002648,-0.313205,-1.037091,-0.132463,-1.563776,-0.019951,-0.000912,-0.653752,-1.178319,-0.370025,1.555930,-0.003587,0.016756
16.233333,0.004126,0.026903,0.001983,-0.326228,-1.057573,-0.126353,-1.563776,-0.018443,-0.010282,-0.654129,-1.202362,-0.363217,1.555930,-0.001376,0.015755
16.266667,0.008725,0.025154,-0.001917,-0.332718,-1.081160,-0.135535,-1.559620,-0.008724,-0.006009,-0.651899,-1.236422,-0.336353,1.555930,-0.016060,0.006094
16.300000,0.015568,0.026616,-0.005970,-0.354953,-1.137900,-0.104718,-1.559620,-0.007946,-0.008392,-0.662659,-1.260337,-0.349488,1.558714,-0.013676,0.009293
16.333333,0.014506,0.014858,0.000164,-0.400835,-1.190318,-0.071080,-1.565844,-0.003179,-0.007209,-0.677900,-1.310623,-0.360769,1.565390,-0.007043,0.004510
16.366667,0.027028,0.011475,0.000001,-0.465157,-1.228831,-0.009080,-1.562395,-0.004964,-0.004920,-0.717285,-1.342663,-0.389927,1.568416,-0.012482,-0.011618
16.400000,0.020145,0.014990,-0.001366,-0.546504,-1.267874,0.075628,-1.556020,0.003164,0.001187,-0.772802,-1.364647,-0.450420,1.568416,-0.013940,-0.008897
16.433333,0.017026,0.016810,0.006198,-0.646142,-1.284972,0.175628,-1.533800,-0.005344,-0.004854,-0.846472,-1.362492,-0.536709,1.563489,-0.003387,-0.008175
16.466667,0.023810,0.019220,0.010143,-0.746142,-1.270476,0.275628,-1.488940,0.003625,0.004155,-0.930090,-1.368282,-0.622998,1.557360,-0.007479,-0.002361
16.500000,0.032353,0.022863,0.013337,-0.835812,-1.264218,0.375628,-1.445543,0.001878,-0.002851,-0.999392,-1.350308,-0.722998,1.550384,-0.008249,0.000372
16.533333,0.014679,0.026640,0.006307,-0.897721,-1.270669,0.475628,-1.407223,-0.000734,-0.008237,-1.039115,-1.320018,-0.822998,1.544445,-0.002897,0.013752
16.566667,0.008484,0.035067,0.004755,-0.925323,-1.251735,0.575628,-1.353057,-0.005308,0.000991,-1.038838,-1.296714,-0.922998,1.532183,-0.003172,0.023404
16.600000,0.010092,0.035422,0.004391,-0.912924,-1.252112,0.675628,-1.298890,-0.003825,0.010003,-0.998561,-1.299560,-1.022998,1.504848,-0.000553,0.029448
16.633333,-0.003272,0.029635,-0.002673,-0.860525,-1.271358,0.752229,-1.243207,-0.008066,-0.002972,-0.920861,-1.294951,-1.101513,1.460300,0.006546,0.018717
16.666667,-0.004801,0.027847,-0.019729,-0.778456,-1.282685,0.788830,-1.166062,-0.000434,0.000567,-0.831282,-1.310581,-1.140028,1.395015,0.011540,0.016874
16.700000,0.004995,0.026089,-0.010665,-0.684148,-1.289135,0.785431,-1.067288,0.001159,0.001370,-0.731282,-1.331113,-1.138543,1.308692,0.019082,0.015286
16.733333,0.011231,0.015991,-0.009505,-0.584148,-1.303625,0.742032,-0.967288,0.001498,-0.011464,-0.631282,-1.341119,-1.097059,1.208692,0.019635,0.002394
16.766667,0.007066,0.018261,-0.016945,-0.484148,-1.323204,0.658633,-0.867288,0.000948,-0.012956,-0.531282,-1.326584,-1.015574,1.108692,0.018872,-0.000813
16.800000,0.009430,0.018261,-0.013560,-0.392133,-1.327042,0.558633,-0.767288,-0.001092,-0.009526,-0.434426,-1.302110,-0.915574,1.008692,0.020832,0.000973
16.833333,0.004562,0.018591,-0.004067,-0.327470,-1.316667,0.458633,-0.667288,-0.010513,-0.008165,-0.360316,-1.256683,-0.815574,0.908692,0.019485,0.002099
16.866667,-0.005691,0.023596,-0.007239,-0.282104,-1.300243,0.358633,-0.572344,-0.008744,-0.000120,-0.299476,-1.213119,-0.715574,0.808692,0.013264,-0.005695
16.900000,-0.009035,0.023812,-0.005829,-0.254259,-1.303072,0.258633,-0.503227,-0.006977,0.000386,-0.261293,-1.178223,-0.615574,0.741850,0.013582,-0.005931
16.933333,-0.010051,0.017507,-0.001021,-0.250931,-1.288998,0.165153,-0.454002,-0.004572,0.000009,-0.247900,-1.165503,-0.515574,0.700391,0.017599,-0.005526
16.966667,-0.010271,0.023470,-0.005800,-0.251522,-1.292928,0.089068,-0.427995,-0.004824,0.001847,-0.259238,-1.168481,-0.415574,0.675246,0.009227,-0.002101
17.000000,-0.018289,0.021444,-0.008071,-0.239376,-1.306504,0.047340,-0.428485,-0.003453,-0.005625,-0.256084,-1.187817,-0.315574,0.650101,0.006567,-0.006171
17.033333,-0.004199,0.016413,-0.007888,-0.227313,-1.313527,0.035626,-0.463919,-0.009199,-0.015922,-0.263372,-1.226742,-0.220901,0.647551,0.003775,-0.008793
17.066667,0.002875,0.017614,-0.013875,-0.232896,-1.296507,0.063912,-0.513526,-0.005617,-0.008515,-0.265519,-1.274414,-0.161138,0.651455,-0.011389,-0.004652
17.100000,0.004895,0.019461,-0.013965,-0.241466,-1.293609,0.125679,-0.583241,-0.006960,-0.018910,-0.249198,-1.300159,-0.140458,0.647333,-0.016418,-0.005037
17.133333,0.004273,0.013498,-0.009366,-0.278133,-1.263957,0.210049,-0.669738,-0.012616,-0.021886,-0.240393,-1.318483,-0.159777,0.666898,-0.009505,-0.014432
17.166667,0.016318,0.013550,-0.007949,-0.340184,-1.228863,0.300064,-0.769738,-0.018679,-0.024240,-0.263334,-1.326991,-0.219097,0.726463,-0.013501,-0.014462
17.200000,0.011107,0.014043,-0.004796,-0.422855,-1.211040,0.400064,-0.869738,-0.013823,-0.022875,-0.302314,-1.319186,-0.313089,0.803432,-0.008671,-0.006006
17.233333,0.005026,0.018412,0.006083,-0.510359,-1.204977,0.500064,-0.969738,-0.016148,-0.027219,-0.363779,-1.292693,-0.412173,0.880789,0.008036,-0.007270
17.266667,0.020398,0.028632,0.013835,-0.610359,-1.186280,0.600064,-1.069738,-0.010330,-0.007670,-0.447207,-1.296155,-0.512173,0.980789,0.003892,-0.002227
17.300000,0.021313,0.032087,0.021567,-0.710359,-1.206879,0.700064,-1.169738,-0.006186,-0.003877,-0.535244,-1.290659,-0.612173,1.080789,0.003465,0.003499
17.333333,0.013094,0.032068,0.014567,-0.810359,-1.221285,0.800064,-1.269738,0.005109,-0.000721,-0.593865,-1.289895,-0.712173,1.175565,0.008350,0.007254
17.366667,0.011107,0.038335,0.014665,-0.870359,-1.224233,0.900064,-1.329738,-0.003749,0.009084,-0.612734,-1.296858,-0.812173,1.230341,0.008730,0.011210
17.400000,0.014436,0.031218,0.012219,-0.890359,-1.237964,1.000064,-1.349738,-0.007077,0.002929,-0.591604,-1.303968,-0.892197,1.245117,0.008677,0.011986
17.433333,0.000687,0.023498,-0.000652,-0.870359,-1.256005,1.060064,-1.329738,-0.011732,-0.005991,-0.542189,-1.284588,-0.932221,1.219893,0.017640,0.010465
17.466667,-0.001519,0.022669,-0.012120,-0.810359,-1.256586,1.080064,-1.269738,-0.009167,-0.010402,-0.452774,-1.284436,-0.932245,1.154670,0.010690,0.019428
17.500000,-0.004075,0.019954,-0.004401,-0.710359,-1.269104,1.060064,-1.169738,-0.013596,-0.007853,-0.368831,-1.280051,-0.892269,1.054670,0.010633,0.016371
17.533333,-0.004231,0.014159,-0.009460,-0.610359,-1.286490,1.000064,-1.069738,-0.007399,-0.012702,-0.305798,-1.274027,-0.812293,0.954670,0.008202,0.012151
17.566667,-0.008325,0.012606,-0.011156,-0.510359,-1.297696,0.900064,-0.969738,-0.001470,-0.002400,-0.266910,-1.257239,-0.712293,0.854670,0.000164,0.013329
17.600000,-0.012247,0.005799,-0.007220,-0.421317,-1.287802,0.800064,-0.869738,-0.002322,-0.012371,-0.246165,-1.240559,-0.612293,0.754670,-0.003394,0.006217
17.633333,-0.009162,0.003173,0.000051,-0.358118,-1.256074,0.700064,-0.769738,-0.005808,-0.008585,-0.255096,-1.212297,-0.512293,0.654670,0.003210,-0.006278
17.666667,-0.005570,0.007711,-0.004150,-0.313549,-1.233024,0.600064,-0.669738,-0.001571,-0.004060,-0.280157,-1.201473,-0.439915,0.594670,-0.001621,-0.011082
17.700000,-0.006174,0.006298,-0.000647,-0.288528,-1.224303,0.500064,-0.609738,-0.000810,-0.007398,-0.306948,-1.187163,-0.407536,0.574669,0.002532,-0.015028
17.733333,0.001542,0.006298,-0.005683,-0.281650,-1.208155,0.422438,-0.573166,-0.001905,-0.012583,-0.349592,-1.203358,-0.415157,0.594670,0.008163,-0.020764
17.766667,0.005729,0.010635,-0.012382,-0.303813,-1.224554,0.384812,-0.576594,-0.001996,-0.010881,-0.414094,-1.213079,-0.462779,0.654670,0.004659,-0.017721
17.800000,0.001369,0.013566,-0.011900,-0.340134,-1.250636,0.387186,-0.620022,-0.001007,-0.011134,-0.488919,-1.240605,-0.550400,0.754670,0.001367,-0.013962
17.833333,-0.000589,0.011258,-0.005655,-0.397824,-1.252671,0.429560,-0.703451,-0.001952,-0.016532,-0.555952,-1.244205,-0.650400,0.854670,-0.002828,-0.004751
17.866667,0.002217,0.017329,-0.003019,-0.475966,-1.250046,0.511934,-0.786879,-0.001452,-0.010189,-0.600347,-1.269045,-0.750400,0.954670,-0.009128,-0.000236
17.900000,-0.006464,0.020393,0.001965,-0.575966,-1.271041,0.611934,-0.886879,-0.006849,-0.016683,-0.604743,-1.255997,-0.850400,1.054670,-0.010566,0.000060
17.933333,-0.011197,0.018905,0.008171,-0.675966,-1.290769,0.711934,-0.986879,-0.007297,-0.019768,-0.569138,-1.259858,-0.950400,1.154536,-0.009532,-0.003412
17.966667,-0.006864,0.015973,0.009179,-0.735966,-1.300816,0.811934,-1.077333,0.001245,-0.021810,-0.533533,-1.238043,-1.050400,1.254402,-0.001424,-0.006709
18.000000,-0.001505,0.017429,0.010077,-0.779741,-1.307437,0.911934,-1.163464,0.002520,-0.014618,-0.513533,-1.200155,-1.150400,1.354268,-0.002329,-0.005643
18.033333,-0.004270,0.013336,0.006583,-0.808748,-1.278718,1.011934,-1.234499,0.003319,-0.019477,-0.533533,-1.122267,-1.250400,1.437334,-0.002047,-0.004923
18.066667,-0.008712,0.016330,0.001906,-0.815939,-1.212120,1.111934,-1.284746,0.002970,-0.012528,-0.593533,-1.042267,-1.350400,1.500400,0.002315,-0.004207
18.100000,-0.004696,0.018171,-0.001338,-0.796259,-1.122504,1.211934,-1.317070,-0.000810,-0.006227,-0.681330,-0.942267,-1.410400,1.543600,0.002428,0.001829
18.133333,-0.007223,0.020593,-0.005106,-0.798519,-1.063363,1.298479,-1.342428,-0.008983,-0.002714,-0.736032,-0.849153,-1.430400,1.566800,-0.007863,0.004123
18.166667,-0.023401,0.021517,-0.023284,-0.777004,-1.031583,1.361181,-1.332110,-0.009058,-0.017375,-0.750734,-0.778507,-1.410400,1.570000,-0.000743,-0.000826
18.200000,-0.020146,0.022624,-0.030021,-0.745458,-1.030564,1.383884,-1.296887,-0.006351,-0.021215,-0.725436,-0.747862,-1.350400,1.567554,0.006687,0.004455
18.233333,-0.013625,0.018708,-0.026228,-0.707276,-1.061703,1.366587,-1.251576,-0.007094,-0.024487,-0.660138,-0.748338,-1.250400,1.562501,0.004051,0.005840
18.266667,-0.018787,0.017653,-0.033435,-0.655963,-1.124578,1.309290,-1.184189,-0.002207,-0.037584,-0.567043,-0.752405,-1.150400,1.537449,-0.003588,0.004628
18.300000,-0.021514,0.023494,-0.036718,-0.585300,-1.180777,1.225447,-1.093313,-0.002392,-0.033277,-0.470434,-0.789587,-1.050400,1.508386,0.001023,0.012963
18.333333,-0.008940,0.020463,-0.022648,-0.514636,-1.233531,1.125447,-1.002437,-0.003683,-0.024768,-0.411711,-0.825754,-0.950400,1.459322,0.000517,0.012384
18.366667,-0.005275,0.017388,-0.018537,-0.436408,-1.255524,1.025447,-0.911561,0.001296,-0.013814,-0.373874,-0.844737,-0.850400,1.392705,-0.011863,0.003670
18.400000,-0.004002,0.025626,-0.019056,-0.366143,-1.282025,0.925447,-0.811561,-0.000499,-0.012758,-0.340538,-0.848935,-0.750400,1.308694,-0.018595,0.012036
18.433333,0.001517,0.022641,-0.010532,-0.316726,-1.280192,0.825447,-0.711561,0.001626,-0.002431,-0.335802,-0.889542,-0.650400,1.224682,-0.010636,0.006720
18.466667,0.007909,0.018373,-0.006789,-0.284069,-1.271767,0.725447,-0.622435,0.002849,-0.008087,-0.367675,-0.920903,-0.551267,1.124682,-0.009768,-0.000142
18.500000,0.011124,0.018176,-0.008204,-0.283208,-1.274825,0.625447,-0.560641,0.002147,-0.004596,-0.380262,-0.930810,-0.492134,1.028571,-0.010207,0.009240
18.533333,0.007214,0.019887,-0.005819,-0.293619,-1.294342,0.525447,-0.525325,-0.007966,-0.011254,-0.408936,-0.939446,-0.473001,0.972461,-0.004257,0.008919
18.566667,0.011737,0.016476,-0.001476,-0.316494,-1.295898,0.459810,-0.527876,0.004029,-0.007077,-0.473108,-0.944872,-0.493868,0.956350,-0.001774,0.004877
18.600000,0.011302,0.019326,0.006560,-0.350348,-1.305526,0.434172,-0.560048,0.007939,0.002760,-0.548681,-0.910298,-0.554735,0.980239,-0.006025,0.008806
18.633333,0.007335,0.015943,0.006862,-0.393654,-1.299597,0.448534,-0.621345,0.009492,0.004495,-0.624254,-0.844968,-0.654735,1.044128,-0.011532,0.011176
18.666667,0.002886,0.016806,0.011090,-0.425186,-1.272229,0.502897,-0.670869,0.009865,0.006424,-0.721226,-0.779640,-0.754735,1.144128,-0.013819,-0.001225
18.700000,0.008225,0.014535,0.009850,-0.460469,-1.245430,0.597259,-0.720976,0.011527,-0.004240,-0.821226,-0.707844,-0.854735,1.244128,-0.013245,-0.001805
18.733333,0.003004,0.009920,0.008188,-0.481917,-1.227114,0.675067,-0.753995,0.004933,-0.005109,-0.915062,-0.634642,-0.954735,1.340288,-0.011701,-0.004269
18.766667,-0.000833,0.012210,-0.001096,-0.471539,-1.205627,0.712875,-0.757392,0.006736,-0.003798,-0.979172,-0.583019,-1.054735,1.411378,-0.018621,-0.004367
18.800000,-0.001496,0.019841,0.002089,-0.448288,-1.210696,0.710683,-0.720790,0.011182,0.004643,-1.019451,-0.571396,-1.154735,1.458889,-0.015792,0.000035
18.833333,-0.006471,0.017597,-0.001153,-0.414241,-1.235608,0.668491,-0.668630,0.013282,-0.003923,-1.047096,-0.595259,-1.254735,1.491620,-0.013515,0.004644
18.866667,-0.016304,0.016602,-0.007983,-0.363361,-1.263587,0.586299,-0.593484,0.024511,0.000249,-1.037585,-0.613336,-1.354735,1.505627,-0.010111,0.011928
18.900000,-0.014687,0.023478,-0.008339,-0.324977,-1.286827,0.486299,-0.507656,0.025440,-0.006569,-1.014293,-0.659694,-1.454735,1.502398,-0.009254,0.015728
18.933333,-0.016414,0.019997,-0.004823,-0.303432,-1.317020,0.386299,-0.438063,0.022895,-0.023068,-1.001516,-0.713844,-1.554735,1.488185,0.002148,0.011629
18.966667,-0.021316,0.016899,-0.016675,-0.292835,-1.319008,0.294378,-0.391937,0.031346,-0.029610,-0.999292,-0.767995,-1.654238,1.491865,0.008382,0.003894
19.000000,-0.012080,0.021826,-0.016990,-0.291727,-1.318994,0.214000,-0.359692,0.031859,-0.022461,-0.969702,-0.804517,-1.749862,1.479524,0.009515,0.007647
19.033333,-0.009331,0.023733,-0.009760,-0.296640,-1.334071,0.133622,-0.338190,0.023297,-0.018094,-0.958427,-0.856679,-1.808537,1.452431,0.002816,0.002862
19.066667,-0.016401,0.025547,-0.014464,-0.286368,-1.347831,0.070207,-0.336695,0.018830,-0.012664,-0.927097,-0.877975,-1.827212,1.416886,0.001383,-0.003918
19.100000,-0.015057,0.027253,-0.011664,-0.289987,-1.358069,0.046793,-0.342511,0.013718,-0.004417,-0.892201,-0.890918,-1.805887,1.399096,0.000413,0.003511
19.133333,-0.011153,0.024411,-0.001357,-0.287799,-1.368486,0.015298,-0.342291,-0.002661,-0.010170,-0.832080,-0.881056,-1.745059,1.346994,-0.009587,0.005115
19.166667,-0.014163,0.032671,0.000019,-0.283981,-1.368088,0.012032,-0.341054,-0.008411,-0.010576,-0.772899,-0.872909,-1.648109,1.285693,-0.020259,0.005973
19.200000,-0.017589,0.033436,0.002591,-0.289031,-1.359077,0.025628,-0.352777,-0.003957,-0.011795,-0.693245,-0.879831,-1.548109,1.217867,-0.020850,0.013264
19.233333,-0.003469,0.022391,0.005341,-0.299689,-1.350100,0.040300,-0.358957,-0.000432,-0.017341,-0.632692,-0.917617,-1.448109,1.139571,-0.016948,0.013226
19.266667,0.004652,0.022524,-0.000571,-0.297542,-1.343584,0.054972,-0.345892,0.005790,-0.016196,-0.571780,-0.974387,-1.348109,1.039571,-0.031830,0.007931
19.300000,0.011797,0.021985,-0.004080,-0.312945,-1.362619,0.109644,-0.355396,0.006793,-0.017936,-0.536457,-1.053960,-1.248109,0.939571,-0.031063,0.008135
19.333333,0.011401,0.009653,-0.000075,-0.351049,-1.381455,0.164545,-0.392036,0.010445,-0.017898,-0.522160,-1.153960,-1.166990,0.839571,-0.018961,-0.000234
19.366667,0.022352,0.006982,-0.001737,-0.397467,-1.389977,0.242584,-0.435724,0.006344,-0.013639,-0.545800,-1.245168,-1.125871,0.775252,-0.024339,-0.017149
19.400000,0.014217,0.009437,-0.002530,-0.449819,-1.398954,0.342584,-0.494118,0.010012,-0.010943,-0.565828,-1.316376,-1.124753,0.710932,-0.027103,-0.016926
19.433333,0.008646,0.009546,0.003535,-0.491190,-1.398887,0.442584,-0.555427,0.003888,-0.016643,-0.586526,-1.364909,-1.160610,0.653050,-0.012702,-0.019534
19.466667,0.014348,0.012219,0.007154,-0.501421,-1.381575,0.542584,-0.582038,0.013507,-0.008323,-0.598192,-1.394061,-1.215580,0.609364,-0.016591,-0.011308
19.500000,0.021154,0.016933,0.009456,-0.486344,-1.380905,0.625770,-0.586438,0.012234,-0.016221,-0.590033,-1.405269,-1.258275,0.571204,-0.017235,-0.004622
19.533333,0.005629,0.019112,-0.000024,-0.454986,-1.384647,0.668957,-0.576905,0.008357,-0.023715,-0.551622,-1.400736,-1.264283,0.514934,-0.008658,0.007478
19.566667,-0.000606,0.027618,-0.003533,-0.428074,-1.376639,0.672143,-0.546529,0.005573,-0.014503,-0.510118,-1.400736,-1.230291,0.492102,-0.007093,0.018744
19.600000,0.005342,0.029334,-0.004938,-0.394216,-1.367973,0.635329,-0.508938,0.005465,-0.006841,-0.463778,-1.399715,-1.159323,0.490883,-0.003272,0.026724
19.633333,-0.007044,0.024896,-0.013723,-0.356105,-1.366988,0.558515,-0.487058,0.001864,-0.016196,-0.415478,-1.378075,-1.069242,0.503896,0.006180,0.015133
19.666667,-0.005888,0.023118,-0.030633,-0.321040,-1.346188,0.458515,-0.454909,0.007377,-0.009458,-0.373764,-1.343903,-0.972555,0.551384,0.008641,0.012441
19.700000,0.003707,0.022825,-0.019828,-0.302043,-1.330713,0.358515,-0.427272,0.010527,-0.005003,-0.346248,-1.295071,-0.872555,0.621300,0.013442,0.013793
19.733333,0.011312,0.014352,-0.016592,-0.261465,-1.323313,0.258515,-0.401625,0.011547,-0.013501,-0.330632,-1.236998,-0.772555,0.697778,0.013612,0.003856
19.766667,0.004806,0.016855,-0.021256,-0.248427,-1.338563,0.194943,-0.399487,0.011474,-0.010513,-0.336909,-1.171889,-0.712555,0.786206,0.010555,0.002356
19.800000,0.008296,0.016855,-0.014878,-0.253080,-1.356028,0.147218,-0.416336,0.009327,-0.006949,-0.367091,-1.114265,-0.692555,0.886206,0.010088,0.006242
19.833333,0.005259,0.017879,-0.003501,-0.265516,-1.367511,0.118603,-0.442929,0.002104,-0.007303,-0.420437,-1.069347,-0.712555,0.986206,0.011024,0.009592
19.866667,-0.003977,0.022951,-0.004862,-0.268114,-1.374854,0.105014,-0.446573,0.004742,0.000178,-0.451212,-1.043185,-0.742037,1.086206,0.005167,0.002202
19.900000,-0.008571,0.024412,-0.003602,-0.276045,-1.390262,0.117889,-0.455968,0.004427,0.000205,-0.458136,-1.039780,-0.771518,1.156575,0.004662,-0.000247
19.933333,-0.007934,0.018243,0.001298,-0.282791,-1.388085,0.096175,-0.452262,0.008564,-0.002517,-0.440777,-1.063567,-0.760999,1.186944,0.009143,0.001071
19.966667,-0.009041,0.023982,-0.006281,-0.285007,-1.387624,0.068059,-0.413452,0.005998,-0.000129,-0.403244,-1.107275,-0.710481,1.177313,0.003668,0.002925
20.000000,-0.017191,0.022314,-0.009534,-0.280427,-1.391196,0.050755,-0.368557,0.006975,-0.004181,-0.347395,-1.160938,-0.619962,1.127682,0.001550,-0.001405
20.033333,-0.003212,0.017405,-0.012248,-0.280075,-1.387487,0.022706,-0.331515,-0.001094,-0.013453,-0.321950,-1.218269,-0.519962,1.038051,0.001507,-0.007688
20.066667,0.003392,0.016800,-0.020011,-0.291769,-1.364664,-0.003088,-0.289243,0.001516,-0.007855,-0.321629,-1.265483,-0.419962,0.938051,-0.011430,-0.004578
20.100000,0.003311,0.017079,-0.023302,-0.290126,-1.357520,-0.012946,-0.256706,-0.001863,-0.016281,-0.318110,-1.279729,-0.319962,0.838051,-0.016136,-0.007153
20.133333,0.005783,0.011339,-0.020012,-0.289035,-1.335106,-0.001812,-0.241736,-0.004944,-0.019889,-0.323628,-1.275808,-0.234991,0.738051,-0.010143,-0.017805
20.166667,0.018738,0.008878,-0.020856,-0.295591,-1.316175,-0.009518,-0.248932,-0.008896,-0.024316,-0.329504,-1.268849,-0.161473,0.638051,-0.015360,-0.019869
20.200000,0.015692,0.006829,-0.018226,-0.296376,-1.312925,-0.004977,-0.259478,-0.005001,-0.024346,-0.322591,-1.257716,-0.108239,0.538554,-0.012422,-0.011918
20.233333,0.011819,0.011911,-0.007564,-0.281340,-1.315298,0.010847,-0.269120,-0.004309,-0.027990,-0.307718,-1.237414,-0.072744,0.479058,0.003960,-0.011438
20.266667,0.027808,0.022626,-0.000120,-0.280307,-1.292646,0.022810,-0.268806,0.000295,-0.006016,-0.285737,-1.242015,-0.061034,0.459561,-0.001640,-0.005026
20.300000,0.026262,0.024124,0.008134,-0.277381,-1.303255,0.016237,-0.286030,0.003084,0.000046,-0.262959,-1.237376,-0.055179,0.480065,-0.001852,0.002275
20.333333,0.015338,0.024373,0.000268,-0.262747,-1.299868,0.017131,-0.298468,0.010726,0.001855,-0.238213,-1.222819,-0.047513,0.540568,0.004002,0.006397
20.366667,0.012681,0.033744,0.000845,-0.263995,-1.295279,0.038770,-0.315542,0.006060,0.010767,-0.222939,-1.203391,-0.053966,0.640568,0.006363,0.010946
20.400000,0.014159,0.026441,-0.000789,-0.265678,-1.303103,0.028937,-0.345473,0.001347,0.007086,-0.206479,-1.175740,-0.056127,0.740568,0.007079,0.011554
20.433333,0.000531,0.019253,-0.011745,-0.259189,-1.317054,0.040129,-0.396763,-0.002886,-0.005676,-0.216713,-1.127769,-0.058536,0.840568,0.020582,0.007008
20.466667,-0.001852,0.020972,-0.021074,-0.262223,-1.312892,0.048636,-0.436135,-0.000493,-0.009941,-0.203186,-1.100083,-0.065706,0.927143,0.014320,0.016033
20.500000,-0.002346,0.020811,-0.009922,-0.265467,-1.324405,0.052265,-0.456158,-0.003253,-0.002704,-0.201511,-1.084132,-0.066580,0.989284,0.012626,0.015263
20.533333,-0.003305,0.013996,-0.013354,-0.242319,-1.334439,0.041016,-0.487510,0.002994,-0.004906,-0.190688,-1.083088,-0.061003,1.011425,0.010667,0.012494
20.566667,-0.005668,0.012873,-0.014180,-0.237288,-1.342119,0.047242,-0.519139,0.007393,0.003383,-0.189100,-1.091886,-0.061987,1.003237,0.001732,0.015333
20.600000,-0.008043,0.007030,-0.010036,-0.228384,-1.340472,0.036200,-0.548602,0.006475,-0.003432,-0.179193,-1.128339,-0.051212,0.955050,-0.003139,0.009846
20.633333,-0.005040,0.003813,-0.003299,-0.221916,-1.318849,0.040041,-0.575581,0.001543,-0.004028,-0.194207,-1.153946,-0.054370,0.880288,0.002553,-0.005048
20.666667,-0.002209,0.007997,-0.007560,-0.217708,-1.298236,0.070213,-0.633350,0.004230,-0.002845,-0.207161,-1.188590,-0.094183,0.829959,0.000031,-0.011705
20.700000,-0.001814,0.006644,-0.004696,-0.223941,-1.288157,0.117989,-0.701496,0.002977,-0.008876,-0.206737,-1.228233,-0.146044,0.819629,0.002905,-0.014484
20.733333,0.006814,0.006644,-0.010722,-0.214166,-1.267914,0.174101,-0.761544,0.000211,-0.013903,-0.220657,-1.281652,-0.217896,0.839629,0.007461,-0.021960
20.766667,0.009546,0.010202,-0.017118,-0.223541,-1.278088,0.243895,-0.832210,-0.000184,-0.014856,-0.232203,-1.299342,-0.317476,0.899629,0.004805,-0.018155
20.800000,0.007742,0.012714,-0.016869,-0.243326,-1.298409,0.329589,-0.917277,-0.000008,-0.013793,-0.254521,-1.307592,-0.417476,0.999629,0.004239,-0.014681
20.833333,0.005134,0.009025,-0.010600,-0.273849,-1.296896,0.415284,-0.996802,-0.000365,-0.017747,-0.288352,-1.288239,-0.517476,1.099629,0.002129,-0.003471
20.866667,0.007342,0.015952,-0.007386,-0.327011,-1.283764,0.500978,-1.054496,-0.000264,-0.007800,-0.334075,-1.274792,-0.617476,1.199629,-0.003181,0.001316
20.900000,0.000800,0.018051,0.000516,-0.399967,-1.286959,0.592332,-1.117127,-0.004095,-0.009488,-0.343133,-1.236654,-0.717476,1.263304,-0.001563,0.003222
20.933333,-0.000288,0.016110,0.008918,-0.458797,-1.274461,0.692332,-1.159758,-0.004638,-0.007922,-0.356191,-1.218515,-0.817476,1.306978,0.000517,0.000563
20.966667,0.002984,0.013597,0.009299,-0.480213,-1.253675,0.752332,-1.162389,0.005933,-0.013889,-0.337296,-1.200376,-0.877476,1.310651,0.001247,-0.002643
21.000000,0.008499,0.014171,0.008691,-0.473968,-1.268749,0.772332,-1.130563,0.007072,-0.012134,-0.317605,-1.169841,-0.897476,1.274325,-0.005265,-0.006192
21.033333,0.005117,0.008269,0.002944,-0.441796,-1.281601,0.752332,-1.080567,0.005150,-0.024779,-0.291558,-1.115038,-0.877476,1.207858,-0.007207,-0.009981
21.066667,-0.003501,0.010145,-0.004343,-0.394844,-1.281866,0.692332,-1.000567,0.005181,-0.026327,-0.292225,-1.051115,-0.817476,1.177717,-0.009362,-0.012846
21.100000,-0.004619,0.010965,-0.010806,-0.347549,-1.266114,0.592332,-0.900567,0.002937,-0.028919,-0.295102,-0.989821,-0.717476,1.167577,-0.014192,-0.010724
21.133333,-0.009606,0.012471,-0.014635,-0.318794,-1.280097,0.492332,-0.800567,-0.007505,-0.026995,-0.313550,-0.942661,-0.617476,1.185960,-0.020927,-0.008849
21.166667,-0.026901,0.013400,-0.030460,-0.297621,-1.267480,0.392332,-0.700567,-0.010613,-0.039021,-0.333628,-0.895501,-0.517476,1.240668,-0.012331,-0.013940
21.200000,-0.028447,0.016246,-0.034326,-0.299996,-1.232441,0.292332,-0.600567,-0.003499,-0.038955,-0.377809,-0.844152,-0.441836,1.321850,-0.008766,-0.004071
21.233333,-0.025476,0.012271,-0.028886,-0.294132,-1.215495,0.196006,-0.507784,-0.001807,-0.041417,-0.418901,-0.807035,-0.373710,1.381032,-0.013209,-0.004473
21.266667,-0.033130,0.013155,-0.033800,-0.268610,-1.219353,0.104725,-0.441349,0.003962,-0.052034,-0.477785,-0.747291,-0.345584,1.423323,-0.023400,0.000403
21.300000,-0.036088,0.020995,-0.032017,-0.264315,-1.199591,0.053443,-0.398602,0.009030,-0.048131,-0.553051,-0.705481,-0.357458,1.475341,-0.022191,0.011179
21.333333,-0.027030,0.021768,-0.016529,-0.265281,-1.192294,0.029223,-0.389313,0.007183,-0.043676,-0.634213,-0.671398,-0.409332,1.502161,-0.028687,0.011376
21.366667,-0.020927,0.019972,-0.009937,-0.247351,-1.186446,0.045002,-0.405633,0.009901,-0.031849,-0.721176,-0.642729,-0.476845,1.507593,-0.040072,0.003120
21.400000,-0.018573,0.034318,-0.009454,-0.258685,-1.184225,0.097107,-0.454735,0.004293,-0.030063,-0.821176,-0.614279,-0.576845,1.521311,-0.045506,0.017046
21.433333,-0.013659,0.033772,0.001055,-0.304767,-1.175513,0.184168,-0.517490,0.002221,-0.020366,-0.921176,-0.625828,-0.676845,1.539560,-0.035911,0.011035
21.466667,-0.010238,0.031762,0.002264,-0.351083,-1.163296,0.271229,-0.596556,0.001888,-0.023981,-1.016343,-0.645310,-0.776845,1.539560,-0.029793,0.004874
21.500000,-0.005614,0.032169,0.000658,-0.424555,-1.157786,0.371229,-0.682165,0.002112,-0.016067,-1.071511,-0.686419,-0.876845,1.545781,-0.023784,0.020108
21.533333,-0.009642,0.033959,0.002269,-0.519303,-1.162738,0.471229,-0.782165,-0.007310,-0.026139,-1.086679,-0.750571,-0.936846,1.559709,-0.014410,0.023121
21.566667,-0.002390,0.028647,0.005030,-0.614051,-1.151283,0.571229,-0.882165,0.004206,-0.021358,-1.061847,-0.828591,-0.961714,1.567350,-0.009763,0.015133
21.600000,-0.000222,0.031367,0.010749,-0.714051,-1.146154,0.671229,-0.982165,0.007186,-0.011427,-1.012818,-0.886135,-0.955744,1.567350,-0.011536,0.016801
21.633333,-0.000445,0.026536,0.010116,-0.814051,-1.145726,0.771229,-1.082165,0.001681,-0.010646,-0.928621,-0.903680,-0.909774,1.558789,-0.015910,0.017267
21.666667,0.001488,0.027314,0.011957,-0.895531,-1.132532,0.871229,-1.173716,0.003104,-0.011282,-0.870635,-0.898921,-0.823804,1.561439,-0.015850,0.000264
21.700000,0.010106,0.025036,0.008018,-0.964455,-1.125392,0.971229,-1.264090,-0.000048,-0.022114,-0.824665,-0.870397,-0.737834,1.561439,-0.015742,-0.004258
21.733333,0.001433,0.019644,0.005983,-1.012000,-1.125017,1.071229,-1.334934,-0.008856,-0.026944,-0.781705,-0.821775,-0.654319,1.560231,-0.012648,-0.004585
21.766667,-0.001892,0.020626,-0.005360,-1.025018,-1.106466,1.171229,-1.366703,-0.006783,-0.029222,-0.726118,-0.754722,-0.561642,1.556059,-0.017924,-0.005711
21.800000,-0.005305,0.027115,-0.003620,-1.038036,-1.098770,1.271229,-1.392135,-0.005555,-0.019703,-0.674125,-0.717392,-0.468965,1.559839,-0.018566,0.000250
21.833333,-0.010616,0.023150,-0.007464,-1.040610,-1.105539,1.371229,-1.411706,-0.005921,-0.025256,-0.618194,-0.692460,-0.376289,1.559839,-0.016106,0.004661
21.866667,-0.024099,0.020359,-0.015556,-1.023727,-1.110176,1.462476,-1.408323,0.003547,-0.018646,-0.550459,-0.651293,-0.287256,1.559839,-0.009436,0.010387
21.900000,-0.018822,0.029134,-0.018148,-1.020159,-1.103726,1.543591,-1.411303,0.005530,-0.021258,-0.486242,-0.641559,-0.193541,1.561046,-0.003837,0.013994
21.933333,-0.021199,0.026876,-0.015803,-1.028619,-1.112634,1.599110,-1.434283,-0.002101,-0.035033,-0.434285,-0.638438,-0.101365,1.557708,0.005746,0.008080
21.966667,-0.022573,0.026906,-0.030429,-1.019963,-1.101516,1.647114,-1.446366,0.008097,-0.044577,-0.413504,-0.645595,-0.034112,1.562489,0.017653,-0.001677
22.000000,-0.020073,0.034401,-0.031021,-1.023011,-1.089558,1.674254,-1.451080,0.006319,-0.040446,-0.371895,-0.645905,-0.004057,1.562489,0.020987,0.004291
22.033333,-0.013932,0.039144,-0.023111,-1.028642,-1.094923,1.671618,-1.455864,0.000943,-0.035855,-0.356572,-0.675496,0.025800,1.560154,0.015727,-0.001587
22.066667,-0.023313,0.040151,-0.027567,-1.014481,-1.102279,1.651296,-1.456020,-0.005653,-0.030743,-0.374722,-0.696267,0.018297,1.560154,0.011426,-0.008200
22.100000,-0.020670,0.043846,-0.023029,-1.009426,-1.113871,1.656572,-1.455114,-0.007980,-0.022533,-0.417436,-0.735263,-0.027667,1.567665,0.012754,0.001725
22.133333,-0.016462,0.038784,-0.008227,-1.002293,-1.125463,1.629362,-1.448445,-0.019295,-0.021845,-0.456000,-0.755986,-0.088707,1.561246,0.000864,0.005478
22.166667,-0.016305,0.046908,-0.006305,-0.977544,-1.128169,1.597504,-1.428447,-0.022247,-0.021748,-0.513090,-0.777358,-0.152483,1.554331,-0.010235,0.006671
22.200000,-0.021016,0.047069,-0.002522,-0.942224,-1.118887,1.564176,-1.418917,-0.018512,-0.022915,-0.543681,-0.787939,-0.212415,1.547047,-0.015759,0.016080
22.233333,-0.008234,0.036029,0.003228,-0.894760,-1.111609,1.518665,-1.402310,-0.015976,-0.029187,-0.534272,-0.794509,-0.232347,1.536272,-0.016599,0.017824
22.266667,-0.000912,0.033226,-0.000993,-0.820690,-1.097965,1.433153,-1.365841,-0.004812,-0.026746,-0.487325,-0.781469,-0.212279,1.530993,-0.031351,0.012827
22.300000,0.004553,0.033688,-0.005968,-0.736209,-1.106136,1.347642,-1.352368,-0.003918,-0.030787,-0.415583,-0.746701,-0.154932,1.518690,-0.031969,0.013185
22.333333,0.005553,0.020978,-0.001477,-0.682130,-1.110129,1.247642,-1.357800,-0.001004,-0.029089,-0.337463,-0.718708,-0.063454,1.511322,-0.024505,0.006294
22.366667,0.015521,0.016246,-0.003656,-0.666493,-1.108847,1.170901,-1.359906,-0.004038,-0.025630,-0.287507,-0.678845,0.011800,1.520735,-0.029502,-0.009984
22.400000,0.009948,0.019883,-0.006691,-0.690857,-1.110677,1.134159,-1.385589,0.000180,-0.021451,-0.238327,-0.630604,0.068817,1.511304,-0.024652,-0.010882
22.433333,0.004602,0.022320,-0.002388,-0.726720,-1.100273,1.137418,-1.412864,-0.009213,-0.028158,-0.204211,-0.578259,0.094179,1.476377,-0.008587,-0.013959
22.466667,0.010437,0.024580,0.000767,-0.773679,-1.072677,1.180677,-1.415202,-0.003011,-0.020500,-0.184732,-0.546717,0.094228,1.434893,-0.010283,-0.007918
22.500000,0.017158,0.029672,0.002044,-0.825114,-1.062288,1.263936,-1.428844,-0.003761,-0.028128,-0.161173,-0.519776,0.084317,1.368971,-0.011376,-0.005881
22.533333,0.002779,0.036030,-0.008412,-0.869332,-1.061980,1.356046,-1.452108,-0.006326,-0.034474,-0.122348,-0.488723,0.074554,1.276032,-0.003575,0.005339
22.566667,-0.004273,0.046271,-0.010930,-0.913550,-1.035291,1.443843,-1.466142,-0.008111,-0.024168,-0.112857,-0.476606,0.060899,1.216340,-0.006341,0.017214
22.600000,-0.000136,0.047439,-0.011686,-0.964488,-1.025661,1.509737,-1.478585,-0.008295,-0.014334,-0.109390,-0.494180,0.045650,1.162652,-0.007490,0.026449
22.633333,-0.012721,0.041876,-0.018341,-1.002302,-1.029668,1.548521,-1.501188,-0.011473,-0.023671,-0.112217,-0.498865,0.045314,1.125984,0.001025,0.016547
22.666667,-0.012318,0.042695,-0.033722,-1.022286,-1.018710,1.586539,-1.497636,-0.003452,-0.018631,-0.121223,-0.509020,0.030777,1.129316,0.007079,0.016836
22.700000,-0.003751,0.042959,-0.021168,-1.045645,-1.004860,1.613188,-1.491863,-0.003467,-0.016108,-0.146378,-0.525998,0.017477,1.164240,0.013473,0.018864
22.733333,0.006074,0.032629,-0.018017,-1.039452,-1.005800,1.612407,-1.473241,-0.002293,-0.025691,-0.169169,-0.530447,0.011245,1.188596,0.012733,0.004928
22.766667,0.000819,0.036573,-0.022183,-1.038710,-1.020382,1.624484,-1.465635,-0.002699,-0.024391,-0.201168,-0.522218,0.011629,1.246949,0.010047,0.001727
22.800000,0.003250,0.039366,-0.015956,-1.058162,-1.032185,1.638494,-1.471066,-0.002481,-0.019742,-0.246410,-0.526209,-0.004762,1.328282,0.009026,0.005234
22.833333,-0.001108,0.037783,-0.003669,-1.077542,-1.039362,1.622271,-1.471141,-0.011882,-0.019050,-0.315962,-0.528261,-0.031189,1.401069,0.005480,0.007205
22.866667,-0.008245,0.041748,-0.004511,-1.077795,-1.041943,1.597475,-1.445919,-0.007435,-0.009337,-0.396465,-0.528610,-0.082778,1.459290,-0.001849,0.000401
22.900000,-0.014736,0.042854,-0.000870,-1.078547,-1.060579,1.589151,-1.431412,-0.004443,-0.009160,-0.489225,-0.533122,-0.159306,1.514831,-0.001098,0.005098
22.933333,-0.012780,0.034821,0.005896,-1.057635,-1.055323,1.549872,-1.405890,0.001607,-0.007479,-0.589225,-0.542202,-0.249200,1.550372,0.001401,0.009512
22.966667,-0.014541,0.039215,0.000392,-1.008161,-1.058608,1.495771,-1.342107,-0.000838,-0.004923,-0.689225,-0.531148,-0.349200,1.565913,-0.006675,0.014920
23.000000,-0.022725,0.036925,-0.001654,-0.936588,-1.054118,1.432669,-1.274635,0.004172,-0.008010,-0.774153,-0.512776,-0.449200,1.564624,-0.012460,0.014358
23.033333,-0.010549,0.030790,-0.002479,-0.849542,-1.029300,1.357397,-1.201977,-0.001237,-0.019307,-0.819082,-0.514197,-0.549200,1.563513,-0.015216,0.012398
23.066667,-0.004313,0.030169,-0.009670,-0.751549,-0.973638,1.257397,-1.141977,0.001655,-0.011211,-0.824010,-0.522171,-0.609200,1.563513,-0.032230,0.014261
23.100000,-0.005912,0.030829,-0.013330,-0.651549,-0.903731,1.157397,-1.121977,0.000324,-0.023219,-0.788939,-0.514893,-0.629200,1.546710,-0.035817,0.011994
23.133333,-0.001913,0.022522,-0.010899,-0.551549,-0.809802,1.057397,-1.141977,-0.000209,-0.025312,-0.713867,-0.521982,-0.609200,1.526637,-0.029739,-0.000377
23.166667,0.008599,0.021568,-0.013427,-0.490205,-0.731066,0.957397,-1.201977,-0.006399,-0.031895,-0.615777,-0.540485,-0.549200,1.513091,-0.030161,-0.006733
23.200000,0.006458,0.021233,-0.012797,-0.450679,-0.685438,0.857397,-1.301068,-0.001716,-0.028149,-0.535705,-0.554703,-0.449200,1.500960,-0.024816,-0.002301
23.233333,0.004883,0.025343,-0.003613,-0.427606,-0.664586,0.757397,-1.368232,-0.000125,-0.035368,-0.481248,-0.553814,-0.349200,1.487592,-0.007651,-0.002755
23.266667,0.022609,0.035250,0.003094,-0.444532,-0.667523,0.657397,-1.395395,0.004126,-0.014427,-0.440098,-0.578849,-0.273316,1.504395,-0.010112,-0.001157
23.300000,0.023010,0.039762,0.010355,-0.487547,-0.710459,0.580667,-1.422559,0.005242,-0.012125,-0.433915,-0.589518,-0.224121,1.514165,-0.012859,0.006617
23.333333,0.016388,0.040108,0.003808,-0.504257,-0.740106,0.525218,-1.438316,0.013820,-0.006262,-0.441893,-0.587176,-0.192861,1.533087,-0.007599,0.014767
23.366667,0.012870,0.047925,0.004334,-0.533367,-0.761149,0.509769,-1.414981,0.005299,0.000677,-0.471045,-0.576206,-0.201602,1.546329,-0.008390,0.021092
23.400000,0.011660,0.042605,0.001802,-0.558579,-0.776241,0.534320,-1.408455,-0.000410,-0.002880,-0.503561,-0.544427,-0.250342,1.559696,-0.010270,0.022068
23.433333,-0.002285,0.036519,-0.010250,-0.543791,-0.793697,0.595199,-1.401929,-0.004872,-0.012358,-0.523016,-0.506876,-0.304311,1.539696,-0.001824,0.021337
23.466667,-0.005368,0.037593,-0.021424,-0.502915,-0.790379,0.632807,-1.355403,-0.001527,-0.014807,-0.507505,-0.509324,-0.342401,1.510000,-0.006969,0.031193
23.500000,-0.007022,0.033940,-0.013422,-0.449688,-0.800961,0.649134,-1.280284,-0.002643,-0.012128,-0.475922,-0.532528,-0.362556,1.450000,-0.009038,0.026528
23.533333,-0.005552,0.027188,-0.017789,-0.365591,-0.817535,0.625462,-1.205165,0.006672,-0.015860,-0.426437,-0.581226,-0.369937,1.370000,-0.009123,0.021081
23.566667,-0.006968,0.022166,-0.018475,-0.298454,-0.841981,0.561790,-1.105165,0.011574,-0.005668,-0.380131,-0.645748,-0.375474,1.270000,-0.015938,0.022737
23.600000,-0.007756,0.015590,-0.013562,-0.245317,-0.841624,0.461790,-1.016619,0.011614,-0.014645,-0.354888,-0.703009,-0.391665,1.170000,-0.019043,0.015627
23.633333,-0.004937,0.010908,-0.005359,-0.222539,-0.822042,0.376058,-0.963907,0.006967,-0.014867,-0.369644,-0.721085,-0.437047,1.070000,-0.013241,0.000801
23.666667,-0.001989,0.017377,-0.006295,-0.238975,-0.802532,0.330327,-0.951195,0.009511,-0.010757,-0.424400,-0.720920,-0.522430,1.010000,-0.017916,-0.003241
23.700000,-0.004014,0.015580,-0.000482,-0.289454,-0.787974,0.324595,-0.978483,0.006832,-0.013774,-0.497868,-0.684873,-0.620585,0.990000,-0.016745,-0.003766
23.733333,0.000946,0.017181,-0.004736,-0.334567,-0.765262,0.358863,-1.045771,0.005802,-0.019785,-0.579177,-0.673001,-0.720585,1.010000,-0.009721,-0.012074
23.766667,0.001006,0.021096,-0.011450,-0.405680,-0.781202,0.433132,-1.141604,0.005522,-0.021186,-0.679177,-0.650050,-0.820585,1.070000,-0.012486,-0.006258
23.800000,-0.001559,0.025815,-0.011390,-0.486433,-0.825938,0.533132,-1.241604,0.006337,-0.017499,-0.779177,-0.649602,-0.920585,1.170000,-0.013579,-0.005232
23.833333,-0.007015,0.022295,-0.005484,-0.567973,-0.850519,0.633132,-1.341604,0.003819,-0.021554,-0.871341,-0.641726,-1.020585,1.270000,-0.015981,0.003684
23.866667,-0.004754,0.029413,-0.003402,-0.652121,-0.873621,0.733132,-1.420398,0.004024,-0.014822,-0.931526,-0.669734,-1.120585,1.370000,-0.019457,0.007030
23.900000,-0.006948,0.032608,0.003987,-0.752121,-0.916453,0.833132,-1.482694,0.001829,-0.017243,-0.966204,-0.670328,-1.220585,1.439227,-0.017723,0.009867
23.933333,-0.006993,0.030660,0.013686,-0.832121,-0.939285,0.913132,-1.524990,0.003628,-0.015334,-0.980883,-0.680565,-1.300585,1.488454,-0.014188,0.006040
23.966667,-0.005602,0.030018,0.014897,-0.892121,-0.953320,0.973132,-1.547287,0.005960,-0.017754,-0.975561,-0.687484,-1.360585,1.517681,-0.012256,0.006655
