time_sec,joint_pelvisYaw,joint_pelvisPitch,joint_pelvisRoll,joint_lShoulderPitch,joint_lShoulderRoll,joint_lShoulderYaw,joint_lElbow,joint_lWristRoll,joint_lWristPitch,joint_rShoulderPitch,joint_rShoulderRoll,joint_rShoulderYaw,joint_rElbow,joint_rWristRoll,joint_rWristPitch
0.000000,-0.023953,0.008928,-0.003641,-1.068296,-1.062006,1.747554,-1.369197,-0.008198,-0.024684,-0.208823,-0.947993,0.103871,1.457490,0.008906,0.019959
0.033333,-0.019549,0.009560,0.004266,-0.968296,-1.039563,1.647554,-1.293555,0.004641,-0.022203,-0.198109,-0.937067,0.097570,1.426643,0.012462,0.018697
0.066667,-0.022830,0.012230,0.002586,-0.868296,-1.032112,1.575042,-1.255352,0.005679,-0.021245,-0.192624,-0.921254,0.095953,1.424414,0.016373,0.016229
0.100000,-0.021141,0.015225,0.001383,-0.768296,-1.011873,1.488786,-1.197149,0.002775,-0.023362,-0.181710,-0.905316,0.094041,1.402185,0.015528,0.015421
0.133333,-0.025348,0.018826,-0.001042,-0.668296,-1.014888,1.402529,-1.151164,-0.004760,-0.024625,-0.174407,-0.892632,0.114913,1.387148,0.008482,0.013705
0.166667,-0.037865,0.020302,-0.013240,-0.568296,-1.001467,1.316273,-1.106091,-0.003758,-0.035675,-0.170144,-0.862449,0.114592,1.346070,0.011052,0.005753
0.200000,-0.035967,0.023713,-0.016312,-0.468296,-0.972466,1.216273,-1.050958,-0.000972,-0.037683,-0.172120,-0.840831,0.095565,1.287750,0.011939,0.011657
0.233333,-0.033321,0.022043,-0.013648,-0.368296,-0.961088,1.116273,-1.011010,0.000581,-0.039075,-0.175687,-0.831822,0.093706,1.219291,0.007218,0.011120
0.266667,-0.039858,0.021651,-0.017861,-0.271997,-0.965305,1.016273,-0.990610,0.006063,-0.044233,-0.177308,-0.807969,0.102294,1.150832,-0.000234,0.012728
0.300000,-0.039217,0.026944,-0.018266,-0.215322,-0.943501,0.916273,-0.974620,0.007080,-0.038706,-0.194582,-0.807105,0.081524,1.084582,0.002421,0.020631
0.333333,-0.029622,0.025714,-0.008091,-0.170690,-0.926356,0.816273,-0.969534,0.004960,-0.031902,-0.204171,-0.815012,0.067536,1.011404,-0.000406,0.022070
0.366667,-0.024248,0.023496,-0.004420,-0.141656,-0.901201,0.716273,-0.957762,0.008965,-0.024329,-0.210794,-0.798940,0.062965,0.938817,-0.007801,0.014133
0.400000,-0.022020,0.031430,-0.002985,-0.134455,-0.870012,0.616273,-0.959497,0.006845,-0.023290,-0.202930,-0.765347,0.045265,0.889947,-0.014442,0.020616
0.433333,-0.016668,0.030469,0.005180,-0.141145,-0.828401,0.516273,-0.962867,0.006676,-0.017305,-0.206787,-0.752271,0.031445,0.866609,-0.007291,0.015288
0.466667,-0.013936,0.026249,0.007165,-0.128611,-0.791704,0.416273,-0.975701,0.008558,-0.020280,-0.201067,-0.707500,0.040010,0.872541,-0.006152,0.008779
0.500000,-0.010478,0.025796,0.007117,-0.128131,-0.760267,0.316273,-0.998133,0.006465,-0.018466,-0.186895,-0.649173,0.042068,0.905217,-0.002382,0.017718
0.533333,-0.015904,0.026888,0.008416,-0.126475,-0.740927,0.216273,-1.027301,0.000430,-0.023475,-0.170931,-0.607814,0.059117,0.962887,0.000606,0.017638
0.566667,-0.010628,0.022869,0.010144,-0.127123,-0.716505,0.116273,-1.037640,0.007808,-0.017638,-0.170557,-0.594367,0.080746,1.015035,0.005552,0.013598
0.600000,-0.009598,0.024582,0.013473,-0.131851,-0.704365,0.032789,-1.036427,0.010727,-0.011247,-0.167659,-0.570455,0.085730,1.061166,0.001285,0.013430
0.633333,-0.011105,0.020812,0.013286,-0.132312,-0.698325,-0.028969,-1.023528,0.010597,-0.010795,-0.145878,-0.543366,0.084470,1.071248,-0.000144,0.012547
0.666667,-0.010869,0.021449,0.014181,-0.133719,-0.702099,-0.050726,-0.981032,0.012501,-0.009502,-0.151133,-0.553763,0.082108,1.084678,-0.003754,0.001495
0.700000,-0.003978,0.018179,0.012927,-0.151031,-0.729358,-0.053669,-0.926062,0.009552,-0.015715,-0.162294,-0.574355,0.072563,1.073669,-0.004159,0.000319
0.733333,-0.008892,0.014588,0.011398,-0.169264,-0.770609,-0.032413,-0.851936,0.005059,-0.019767,-0.160316,-0.579966,0.060377,1.041016,-0.000185,-0.002435
0.766667,-0.012938,0.015647,0.004185,-0.188628,-0.825629,0.009854,-0.768179,0.004425,-0.018223,-0.163129,-0.606567,0.044485,0.992090,-0.000447,-0.001071
0.800000,-0.013432,0.022137,0.005427,-0.231856,-0.907508,0.070394,-0.668179,0.005062,-0.010162,-0.197654,-0.668041,0.020230,0.950952,-0.000526,0.003252
0.833333,-0.020012,0.018295,0.001636,-0.277467,-0.996448,0.129021,-0.595776,0.004239,-0.013078,-0.236348,-0.732028,-0.009996,0.919724,0.003207,0.003376
0.866667,-0.028811,0.016704,-0.005163,-0.332751,-1.070095,0.208834,-0.563373,0.012135,-0.009105,-0.294608,-0.787848,-0.065600,0.925362,0.007598,0.009175
0.900000,-0.027469,0.020533,-0.007109,-0.402974,-1.129124,0.304447,-0.570970,0.008758,-0.013140,-0.381222,-0.870735,-0.138573,0.960343,0.005944,0.011687
0.933333,-0.028756,0.015323,-0.006852,-0.490397,-1.174547,0.402534,-0.618568,0.004780,-0.023895,-0.481222,-0.938888,-0.225228,1.032082,0.008157,0.011279
0.966667,-0.029227,0.012257,-0.017294,-0.577821,-1.187883,0.500620,-0.706165,0.012799,-0.029816,-0.581222,-1.000372,-0.319662,1.132082,0.012202,0.007574
1.000000,-0.023288,0.016472,-0.017752,-0.677821,-1.200950,0.600620,-0.806165,0.013314,-0.026648,-0.668137,-1.038211,-0.419662,1.232082,0.013804,0.015304
1.033333,-0.018151,0.018626,-0.012921,-0.777821,-1.230472,0.700620,-0.906165,0.008051,-0.022909,-0.729966,-1.076039,-0.519662,1.328577,0.009553,0.010243
1.066667,-0.023699,0.020062,-0.018113,-0.872320,-1.263807,0.800620,-1.006165,0.004598,-0.016914,-0.761382,-1.092508,-0.619662,1.401238,0.011263,0.007700
1.100000,-0.018453,0.022953,-0.016297,-0.951417,-1.293322,0.900620,-1.106165,0.002795,-0.010184,-0.774179,-1.111369,-0.719662,1.452214,0.014394,0.011285
1.133333,-0.018234,0.020464,-0.009204,-1.014161,-1.318017,1.000620,-1.206165,-0.007296,-0.010727,-0.755558,-1.114758,-0.819662,1.467679,0.010562,0.009381
1.166667,-0.019292,0.026096,-0.009429,-1.049926,-1.321324,1.100620,-1.279244,-0.011146,-0.009509,-0.722817,-1.113209,-0.919662,1.456563,0.002795,0.008452
1.200000,-0.024461,0.026711,-0.008059,-1.071820,-1.311506,1.200620,-1.348526,-0.006449,-0.010084,-0.690258,-1.109696,-1.019662,1.418162,0.001417,0.015639
1.233333,-0.015154,0.018336,-0.004490,-1.075301,-1.294661,1.300620,-1.396146,-0.003117,-0.016252,-0.666661,-1.116638,-1.119662,1.379881,-0.002063,0.013726
1.266667,-0.014184,0.016360,-0.008069,-1.069736,-1.274935,1.400620,-1.410480,0.004099,-0.013979,-0.635014,-1.118569,-1.219662,1.340228,-0.010995,0.009145
1.300000,-0.011253,0.014521,-0.010523,-1.059085,-1.270853,1.500620,-1.411814,0.003648,-0.015670,-0.606852,-1.105609,-1.313445,1.296087,-0.015881,0.014359
1.333333,-0.011636,0.004674,-0.006411,-1.051314,-1.265667,1.586979,-1.407391,0.009202,-0.012698,-0.584599,-1.111852,-1.371556,1.269429,-0.010253,0.011332
1.366667,-0.003346,0.001905,-0.008053,-1.017413,-1.260622,1.635539,-1.366766,0.005487,-0.009652,-0.581821,-1.101238,-1.411649,1.273562,-0.014524,0.000134
1.400000,-0.008920,0.005091,-0.009466,-0.967427,-1.270029,1.644099,-1.307801,0.011928,-0.009302,-0.594576,-1.082972,-1.451741,1.299923,-0.014517,0.000955
1.433333,-0.010756,0.007704,-0.005437,-0.901889,-1.270050,1.612660,-1.242123,0.006142,-0.014490,-0.625769,-1.045987,-1.491834,1.325143,-0.003180,0.002396
1.466667,-0.003357,0.011805,-0.002565,-0.817789,-1.261812,1.541220,-1.149445,0.013205,-0.011512,-0.673585,-1.030160,-1.525031,1.370756,-0.001668,0.007299
1.500000,0.003409,0.017910,-0.000041,-0.717789,-1.268603,1.443422,-1.049445,0.010593,-0.018076,-0.739797,-1.008161,-1.586778,1.414101,-0.001565,0.008430
1.533333,-0.005335,0.021276,-0.005222,-0.617789,-1.284091,1.343422,-0.949445,0.009883,-0.024991,-0.788632,-0.986234,-1.650272,1.445980,0.002926,0.016808
1.566667,-0.008336,0.026859,-0.005738,-0.557789,-1.271166,1.245624,-0.889445,0.004284,-0.016789,-0.828472,-0.979658,-1.689136,1.472823,0.005334,0.024390
1.600000,-0.004415,0.026840,-0.004654,-0.537789,-1.262311,1.187826,-0.869445,0.005687,-0.009622,-0.858332,-1.001038,-1.719559,1.503077,0.003685,0.029771
1.633333,-0.012212,0.022739,-0.008848,-0.557789,-1.263443,1.170028,-0.889445,0.004740,-0.012855,-0.859503,-1.008024,-1.723095,1.516644,0.006567,0.022378
1.666667,-0.016385,0.020580,-0.021385,-0.617789,-1.247801,1.192231,-0.949445,0.006946,-0.009372,-0.823573,-1.027171,-1.693754,1.501575,0.009408,0.022856
1.700000,-0.013588,0.018906,-0.012614,-0.717789,-1.223169,1.254433,-1.049445,0.005985,-0.004312,-0.770448,-1.064619,-1.640684,1.457973,0.014310,0.025986
1.733333,-0.009269,0.012410,-0.011171,-0.817789,-1.210817,1.354433,-1.149445,0.005706,-0.010584,-0.692237,-1.088849,-1.572244,1.380893,0.014414,0.018715
1.766667,-0.012510,0.015371,-0.014833,-0.904319,-1.210098,1.454433,-1.236020,0.002714,-0.010882,-0.592237,-1.093395,-1.472244,1.317379,0.012029,0.015608
1.800000,-0.011846,0.015371,-0.010316,-0.979161,-1.204470,1.546810,-1.318088,-0.001608,-0.011124,-0.492237,-1.099970,-1.372244,1.290159,0.011481,0.017705
1.833333,-0.013471,0.014983,-0.001716,-1.032666,-1.190789,1.606360,-1.366811,-0.006097,-0.012921,-0.392237,-1.085935,-1.272243,1.301775,0.010715,0.020479
1.866667,-0.018411,0.018467,-0.003779,-1.063975,-1.173759,1.651645,-1.389682,-0.002680,-0.009715,-0.292237,-1.056422,-1.172243,1.328719,0.005091,0.013986
1.900000,-0.021938,0.018503,-0.001902,-1.070387,-1.166485,1.688321,-1.401437,0.000207,-0.010763,-0.208127,-1.029997,-1.072243,1.375895,0.003946,0.017052
1.933333,-0.023125,0.013619,0.001131,-1.057887,-1.146840,1.684996,-1.397156,0.004350,-0.013661,-0.145951,-1.019544,-0.972243,1.390588,0.009542,0.019952
1.966667,-0.025629,0.018930,-0.003971,-1.017075,-1.138164,1.649295,-1.357382,0.004986,-0.012260,-0.116967,-1.008852,-0.872244,1.365281,0.005583,0.020638
2.000000,-0.030252,0.020080,-0.006295,-0.957601,-1.141031,1.606420,-1.310953,0.006957,-0.016713,-0.111030,-1.010417,-0.772243,1.301139,0.005344,0.017508
2.033333,-0.021622,0.018135,-0.005923,-0.880322,-1.139581,1.537811,-1.250376,0.003394,-0.027003,-0.139476,-1.028054,-0.672243,1.221668,0.003922,0.014052
2.066667,-0.017008,0.020848,-0.010537,-0.787940,-1.125273,1.437811,-1.160914,0.005961,-0.022128,-0.187004,-1.058091,-0.572243,1.121966,-0.008029,0.013483
2.100000,-0.016744,0.022014,-0.012216,-0.687940,-1.122938,1.337811,-1.064494,0.005636,-0.027511,-0.227594,-1.073287,-0.472243,1.021966,-0.014562,0.012543
2.133333,-0.015501,0.016703,-0.008157,-0.587940,-1.094080,1.237810,-0.991625,0.003268,-0.031001,-0.262833,-1.089207,-0.372243,0.921966,-0.010483,0.005818
2.166667,-0.007776,0.013965,-0.006720,-0.487940,-1.046237,1.137810,-0.958756,0.000533,-0.032938,-0.293376,-1.107719,-0.272243,0.821966,-0.017120,0.003978
2.200000,-0.010592,0.012048,-0.004502,-0.387940,-0.993546,1.037810,-0.965568,0.002840,-0.030326,-0.306037,-1.115873,-0.193151,0.721966,-0.013827,0.010464
2.233333,-0.015292,0.013560,0.003378,-0.287940,-0.938372,0.937811,-0.989677,0.001487,-0.033558,-0.302578,-1.100228,-0.129092,0.621966,-0.002903,0.011964
2.266667,-0.001589,0.021187,0.011264,-0.207151,-0.859341,0.837811,-1.021015,0.005487,-0.020072,-0.286451,-1.097389,-0.082197,0.561966,-0.008110,0.015409
2.300000,-0.001415,0.024048,0.016583,-0.146016,-0.810055,0.737810,-1.068801,0.007234,-0.016361,-0.265594,-1.082302,-0.056026,0.533207,-0.010617,0.019694
2.333333,-0.007612,0.024926,0.011676,-0.098327,-0.771638,0.637810,-1.105477,0.013885,-0.015600,-0.239690,-1.054923,-0.043293,0.536641,-0.005916,0.022278
2.366667,-0.008258,0.032284,0.011737,-0.089460,-0.742458,0.537810,-1.114599,0.009224,-0.009845,-0.214495,-1.010954,-0.033367,0.580075,-0.006807,0.025492
2.400000,-0.005976,0.029815,0.011458,-0.092434,-0.728122,0.437810,-1.132118,0.008537,-0.011339,-0.178055,-0.951718,-0.011461,0.663510,-0.008592,0.023711
2.433333,-0.017388,0.026743,0.003152,-0.099675,-0.736481,0.337810,-1.153794,0.005042,-0.018208,-0.164787,-0.876842,0.005071,0.746944,-0.001514,0.019652
2.466667,-0.018163,0.029374,-0.002389,-0.112035,-0.736829,0.237810,-1.159439,0.006892,-0.019379,-0.140400,-0.816507,0.011982,0.839136,-0.004353,0.026027
2.500000,-0.018589,0.030078,0.004970,-0.124082,-0.746528,0.137810,-1.139856,0.005812,-0.016921,-0.122859,-0.763234,0.030317,0.927913,-0.005263,0.023111
2.533333,-0.016963,0.026562,0.003219,-0.111854,-0.772007,0.055027,-1.114409,0.011168,-0.018192,-0.111585,-0.744634,0.041126,0.976690,-0.006056,0.017929
2.566667,-0.018750,0.025179,0.001856,-0.126159,-0.812821,0.011805,-1.063265,0.014081,-0.013678,-0.125236,-0.754304,0.032897,0.985466,-0.009165,0.020088
2.600000,-0.021699,0.020566,0.003836,-0.136180,-0.859289,-0.014883,-0.997158,0.013323,-0.021735,-0.133398,-0.787578,0.035207,0.954243,-0.009681,0.015288
2.633333,-0.022445,0.017756,0.007728,-0.154710,-0.892415,-0.001981,-0.926989,0.010319,-0.024586,-0.160694,-0.826445,0.041671,0.883019,-0.005147,0.004281
2.666667,-0.022656,0.020249,0.005096,-0.200107,-0.941925,0.050920,-0.893156,0.010610,-0.023062,-0.203098,-0.879695,0.010151,0.783019,-0.008413,0.001792
2.700000,-0.025548,0.018110,0.006869,-0.270957,-0.989083,0.126605,-0.893063,0.009137,-0.028480,-0.233083,-0.938272,-0.026122,0.683019,-0.005766,0.002222
2.733333,-0.021673,0.015750,0.003272,-0.343433,-1.012958,0.202729,-0.932970,0.006282,-0.032130,-0.264731,-1.008579,-0.080302,0.613050,-0.001582,-0.001593
2.766667,-0.021185,0.016369,-0.002384,-0.436713,-1.042892,0.302319,-1.012878,0.005351,-0.029544,-0.287875,-1.078607,-0.162483,0.583081,-0.003389,0.002617
2.800000,-0.023365,0.017088,-0.004709,-0.536713,-1.079139,0.402319,-1.112878,0.006316,-0.026636,-0.319893,-1.128498,-0.258474,0.593112,-0.003799,0.006699
2.833333,-0.025449,0.013853,-0.002938,-0.636713,-1.084996,0.502319,-1.207812,0.006868,-0.026865,-0.352767,-1.143673,-0.354465,0.643142,-0.003842,0.015100
2.866667,-0.023945,0.017265,-0.003387,-0.736713,-1.084419,0.602319,-1.279766,0.007967,-0.016186,-0.414583,-1.153694,-0.454465,0.733173,-0.006868,0.018117
2.900000,-0.027835,0.018751,0.000302,-0.828632,-1.099158,0.702319,-1.332986,0.006641,-0.015344,-0.482203,-1.127296,-0.554465,0.833173,-0.006348,0.020041
2.933333,-0.028331,0.016255,0.006392,-0.900550,-1.099295,0.802319,-1.366206,0.007822,-0.013519,-0.573082,-1.091006,-0.654465,0.933173,-0.004793,0.018664
2.966667,-0.024297,0.012853,0.008689,-0.932469,-1.117344,0.862319,-1.359426,0.013611,-0.009640,-0.623960,-1.094716,-0.714465,0.993173,0.001455,0.016953
3.000000,-0.016460,0.012179,0.010996,-0.924387,-1.162402,0.882319,-1.317713,0.013264,-0.002943,-0.638725,-1.133143,-0.734465,1.013173,0.002008,0.013473
3.033333,-0.015979,0.007555,0.009195,-0.876306,-1.204734,0.862319,-1.258978,0.012793,-0.009001,-0.613490,-1.176724,-0.714465,0.993173,0.006160,0.009003
3.066667,-0.017394,0.009610,0.005604,-0.796306,-1.231097,0.802319,-1.178979,0.011619,-0.005628,-0.548255,-1.245968,-0.654465,0.933173,0.010132,0.005835
3.100000,-0.015302,0.010546,0.001665,-0.696306,-1.251493,0.702319,-1.078979,0.007917,-0.003936,-0.464008,-1.316623,-0.554465,0.833173,0.010637,0.004404
3.133333,-0.015455,0.011213,-0.000588,-0.596306,-1.270423,0.602319,-0.978979,0.001208,-0.006224,-0.398448,-1.367278,-0.454465,0.733173,0.005373,0.002648
3.166667,-0.027851,0.012159,-0.013244,-0.496306,-1.275146,0.502319,-0.885863,0.002382,-0.015660,-0.352241,-1.393006,-0.362498,0.633173,0.009105,-0.002818
3.200000,-0.026517,0.014520,-0.016501,-0.416641,-1.270241,0.417230,-0.823206,0.006588,-0.016959,-0.330026,-1.403661,-0.310532,0.573173,0.010524,0.003486
3.233333,-0.025821,0.013250,-0.013858,-0.352631,-1.280754,0.344472,-0.787368,0.007184,-0.020432,-0.332574,-1.405072,-0.296865,0.534919,0.005582,0.006113
3.266667,-0.029976,0.013439,-0.017279,-0.304606,-1.302793,0.309648,-0.791196,0.012810,-0.028827,-0.359368,-1.390558,-0.323198,0.536664,-0.000227,0.007130
3.300000,-0.032471,0.022179,-0.017993,-0.296581,-1.299007,0.314824,-0.830536,0.016899,-0.024417,-0.407476,-1.390558,-0.389531,0.578409,0.002764,0.014652
3.333333,-0.026877,0.021093,-0.008053,-0.319061,-1.297237,0.360000,-0.892224,0.013901,-0.018829,-0.476230,-1.383759,-0.487830,0.660155,0.000950,0.016528
3.366667,-0.025316,0.021433,-0.004923,-0.346141,-1.280634,0.430264,-0.938180,0.015590,-0.011698,-0.560993,-1.363249,-0.586130,0.741900,-0.005012,0.010270
3.400000,-0.021667,0.029203,-0.004954,-0.389102,-1.269593,0.528197,-0.997317,0.013414,-0.006723,-0.653852,-1.329437,-0.686130,0.841900,-0.008097,0.015667
3.433333,-0.016440,0.027662,0.002480,-0.440404,-1.249700,0.628197,-1.042968,0.012624,0.002408,-0.736836,-1.326414,-0.786130,0.941900,-0.003227,0.012476
3.466667,-0.013274,0.022837,0.004199,-0.468065,-1.241238,0.713252,-1.066274,0.009385,-0.001125,-0.807409,-1.310197,-0.886130,1.041900,-0.000872,0.007190
3.500000,-0.007989,0.023241,0.003891,-0.486130,-1.247052,0.774668,-1.076046,0.007173,0.000279,-0.854471,-1.294583,-0.986130,1.131937,0.003168,0.015661
3.533333,-0.011603,0.020935,0.004222,-0.487451,-1.272681,0.798983,-1.071229,0.002231,-0.004977,-0.880005,-1.299168,-1.086130,1.210318,0.005505,0.014688
3.566667,-0.010971,0.016408,0.006246,-0.470323,-1.289837,0.783298,-1.030956,0.008274,-0.000981,-0.895459,-1.329655,-1.186130,1.278533,0.008453,0.008853
3.600000,-0.013472,0.019120,0.009277,-0.441278,-1.320043,0.727614,-0.964504,0.010246,0.004824,-0.905924,-1.342785,-1.286130,1.321422,0.007281,0.011855
3.633333,-0.013624,0.014537,0.007259,-0.408271,-1.346107,0.646874,-0.884884,0.008151,0.002692,-0.895948,-1.337478,-1.386130,1.326971,0.003941,0.012292
3.666667,-0.015885,0.015076,0.007882,-0.368168,-1.352441,0.553626,-0.789566,0.010840,0.003177,-0.899714,-1.351002,-1.486130,1.329593,-0.000811,0.002209
3.700000,-0.007029,0.013083,0.007204,-0.341876,-1.360149,0.457479,-0.712487,0.009152,-0.004065,-0.906450,-1.365348,-1.580037,1.312437,0.000596,0.000051
3.733333,-0.008555,0.008861,0.005896,-0.324198,-1.363747,0.371857,-0.655038,0.005951,-0.008602,-0.896423,-1.352241,-1.642229,1.275625,0.004107,-0.000688
3.766667,-0.011307,0.010165,-0.002872,-0.303753,-1.345913,0.306328,-0.602375,0.006354,-0.006280,-0.874229,-1.332883,-1.677672,1.234076,0.001708,-0.003844
3.800000,-0.013261,0.016342,-0.001322,-0.305769,-1.337168,0.260818,-0.581167,0.010844,0.003163,-0.866123,-1.350206,-1.699188,1.200776,0.001916,0.000786
3.833333,-0.015350,0.013405,-0.005040,-0.303542,-1.341601,0.225703,-0.583288,0.010897,-0.000756,-0.851341,-1.356788,-1.701331,1.166545,0.001748,0.002313
3.866667,-0.026889,0.013199,-0.012677,-0.293192,-1.340179,0.210743,-0.589858,0.016315,0.003875,-0.826314,-1.331421,-1.681786,1.148723,0.007003,0.011463
3.900000,-0.025597,0.018606,-0.014580,-0.288421,-1.337856,0.215425,-0.602873,0.015384,0.002361,-0.816638,-1.340907,-1.684195,1.137392,0.009351,0.013340
3.933333,-0.024066,0.014808,-0.011949,-0.295182,-1.349413,0.222360,-0.636696,0.009889,-0.009759,-0.814513,-1.344335,-1.686441,1.126770,0.014219,0.010698
3.966667,-0.023184,0.013836,-0.021174,-0.297856,-1.339266,0.249275,-0.679064,0.013022,-0.015173,-0.821209,-1.334773,-1.671817,1.145240,0.017857,0.005190
4.000000,-0.018461,0.016353,-0.020878,-0.330712,-1.323465,0.301942,-0.738103,0.011940,-0.011479,-0.804348,-1.309829,-1.637271,1.161304,0.023830,0.012511
4.033333,-0.014044,0.018383,-0.015490,-0.367127,-1.323935,0.374454,-0.799900,0.008190,-0.005177,-0.783334,-1.306618,-1.590505,1.168608,0.018705,0.003300
4.066667,-0.020671,0.018616,-0.020953,-0.395960,-1.326260,0.456800,-0.856459,0.005844,-0.000138,-0.740952,-1.263408,-1.513502,1.199242,0.016349,-0.000263
4.100000,-0.018444,0.020676,-0.018385,-0.430681,-1.329482,0.556800,-0.912438,0.004225,0.006644,-0.678049,-1.214178,-1.423408,1.259229,0.017557,0.008805
4.133333,-0.020894,0.018184,-0.010061,-0.451200,-1.341042,0.622878,-0.942835,-0.005184,0.004945,-0.585090,-1.141977,-1.324113,1.319217,0.011185,0.009285
4.166667,-0.022576,0.026583,-0.008962,-0.436147,-1.352144,0.651983,-0.941585,-0.008762,0.005529,-0.492131,-1.069517,-1.224113,1.374929,0.003586,0.008318
4.200000,-0.027302,0.027673,-0.006357,-0.403823,-1.352803,0.641087,-0.954751,-0.007605,0.003186,-0.396198,-1.002822,-1.124113,1.431791,0.000366,0.016382
4.233333,-0.018010,0.021214,-0.000704,-0.361823,-1.340850,0.590191,-0.982536,-0.004459,-0.005704,-0.322799,-0.970933,-1.024113,1.466626,0.001367,0.018463
4.266667,-0.015003,0.020246,-0.003787,-0.301458,-1.318349,0.499295,-1.022659,0.000621,-0.006765,-0.267850,-0.966783,-0.924113,1.488063,-0.006172,0.014598
4.300000,-0.010501,0.017862,-0.004527,-0.247138,-1.298719,0.402321,-1.088364,0.005399,-0.009198,-0.234965,-0.970115,-0.824113,1.482476,-0.005003,0.016377
4.333333,-0.011699,0.007725,0.000255,-0.216759,-1.271924,0.302321,-1.185715,0.009548,-0.007920,-0.223268,-1.008675,-0.724113,1.485506,0.001590,0.011232
4.366667,-0.004635,0.004606,0.000577,-0.210813,-1.243720,0.210486,-1.265153,0.006922,-0.006619,-0.240691,-1.036112,-0.624113,1.503557,-0.003423,0.001336
4.400000,-0.008282,0.005750,0.000559,-0.211994,-1.230248,0.158650,-1.327464,0.006375,-0.002179,-0.251712,-1.059985,-0.524113,1.512975,-0.005038,0.002874
4.433333,-0.011090,0.006460,0.005844,-0.214759,-1.213628,0.146815,-1.354792,0.003946,-0.005308,-0.264952,-1.055533,-0.424113,1.508621,0.003980,0.001437
4.466667,-0.005560,0.008662,0.008880,-0.213200,-1.201037,0.174980,-1.347514,0.006976,0.001439,-0.280417,-1.055029,-0.324113,1.507200,0.000570,0.008354
4.500000,0.000754,0.011578,0.010103,-0.212977,-1.209883,0.242779,-1.322616,0.005830,-0.005651,-0.291765,-1.030173,-0.224113,1.503820,-0.000653,0.012544
4.533333,-0.007882,0.012661,0.002954,-0.205505,-1.231436,0.316610,-1.296240,0.003217,-0.010372,-0.284546,-0.989271,-0.128892,1.493782,0.007481,0.020825
4.566667,-0.012847,0.019419,-0.000546,-0.216616,-1.239955,0.369226,-1.248564,0.002765,-0.007443,-0.289073,-0.917126,-0.044451,1.504442,0.007192,0.027409
4.600000,-0.009570,0.021749,-0.001447,-0.233542,-1.268238,0.386530,-1.198522,0.001425,-0.003097,-0.296486,-0.844981,0.014062,1.518668,0.006220,0.033180
4.633333,-0.017321,0.019218,-0.008047,-0.244729,-1.304954,0.363835,-1.143085,-0.000292,-0.013060,-0.301153,-0.757801,0.063777,1.528298,0.012635,0.024751
4.666667,-0.018514,0.021101,-0.019346,-0.244819,-1.320915,0.319559,-1.065268,0.003895,-0.011336,-0.303807,-0.658419,0.087125,1.543752,0.015173,0.025198
4.700000,-0.013572,0.024058,-0.009893,-0.252260,-1.331419,0.268382,-0.966842,0.006178,-0.011641,-0.314040,-0.558419,0.096592,1.547466,0.018900,0.026603
4.733333,-0.007181,0.018519,-0.005776,-0.234312,-1.346103,0.201648,-0.866841,0.002983,-0.018556,-0.321606,-0.458419,0.106086,1.534607,0.021236,0.015904
4.766667,-0.010408,0.021940,-0.008698,-0.226086,-1.356795,0.166156,-0.769225,0.002062,-0.019819,-0.343272,-0.358419,0.101508,1.538213,0.021802,0.013625
4.800000,-0.008878,0.023383,-0.002882,-0.224787,-1.364593,0.131844,-0.687299,0.000197,-0.019232,-0.377745,-0.258419,0.081122,1.547703,0.021933,0.015438
4.833333,-0.009416,0.023212,0.005478,-0.231337,-1.366487,0.098714,-0.613499,-0.007000,-0.018791,-0.437160,-0.180311,0.047104,1.536886,0.021670,0.013858
4.866667,-0.013849,0.024813,0.005194,-0.239823,-1.363760,0.095179,-0.569781,-0.006227,-0.013104,-0.514376,-0.142204,-0.008255,1.536708,0.016320,0.007614
4.900000,-0.016096,0.025241,0.006733,-0.261130,-1.369434,0.125091,-0.566063,-0.001545,-0.014428,-0.606381,-0.144096,-0.092861,1.547912,0.015152,0.008279
4.933333,-0.016139,0.018222,0.011257,-0.286414,-1.362869,0.141851,-0.599961,0.002179,-0.016717,-0.700733,-0.185988,-0.177466,1.547912,0.015930,0.009219
4.966667,-0.016902,0.019623,0.007694,-0.332222,-1.347830,0.197431,-0.658170,0.003342,-0.011721,-0.800733,-0.267880,-0.277466,1.550712,0.010091,0.009139
5.000000,-0.023552,0.016372,0.006444,-0.391823,-1.327826,0.273775,-0.748252,0.005604,-0.012864,-0.900733,-0.367880,-0.377466,1.559089,0.009242,0.006123
5.033333,-0.015149,0.013149,0.004986,-0.433949,-1.299372,0.352343,-0.848252,0.002793,-0.017494,-0.960733,-0.467880,-0.477466,1.565592,0.006694,0.003574
5.066667,-0.013546,0.012668,-0.000284,-0.452914,-1.261880,0.398179,-0.948252,0.003795,-0.011410,-0.980733,-0.567880,-0.541302,1.567246,-0.005358,0.005012
5.100000,-0.014933,0.014333,-0.003830,-0.442078,-1.244280,0.428060,-1.016450,0.001426,-0.012313,-0.960733,-0.667880,-0.565137,1.562478,-0.009630,0.003199
5.133333,-0.014486,0.011490,-0.002721,-0.395380,-1.224096,0.427265,-1.044648,-0.003239,-0.014473,-0.900733,-0.767880,-0.548972,1.554414,-0.005384,-0.002591
5.166667,-0.006355,0.010756,-0.004218,-0.333542,-1.230320,0.386471,-1.032846,-0.006265,-0.017894,-0.800733,-0.867880,-0.492808,1.551448,-0.010019,-0.002172
5.200000,-0.008661,0.009815,-0.003183,-0.283479,-1.254444,0.307447,-0.981044,-0.004235,-0.019291,-0.700733,-0.967880,-0.396643,1.549074,-0.003754,0.001880
5.233333,-0.010781,0.013603,0.003482,-0.249320,-1.275383,0.256808,-0.889242,-0.006079,-0.022755,-0.600733,-1.049060,-0.296643,1.540552,0.008031,0.005458
5.266667,0.001397,0.021838,0.009259,-0.248600,-1.275840,0.200685,-0.789242,-0.000867,-0.009803,-0.500733,-1.115413,-0.196643,1.539447,0.006502,0.011308
5.300000,0.000735,0.025301,0.013970,-0.264954,-1.303081,0.140776,-0.689242,0.001220,-0.006916,-0.400733,-1.141767,-0.096643,1.528269,0.005629,0.017250
5.333333,-0.004952,0.026035,0.008317,-0.270998,-1.311528,0.097865,-0.589242,0.007377,-0.005047,-0.300733,-1.148453,0.003357,1.526885,0.010986,0.019876
5.366667,-0.005851,0.032746,0.007546,-0.292569,-1.309012,0.087991,-0.489242,0.003830,0.003149,-0.216747,-1.119703,0.083208,1.529259,0.009418,0.024209
5.400000,-0.003252,0.029027,0.005381,-0.312595,-1.320159,0.050952,-0.389242,0.002261,0.001304,-0.136724,-1.074023,0.155758,1.517781,0.010750,0.021978
5.433333,-0.013001,0.025736,-0.003645,-0.315443,-1.331895,0.043694,-0.321510,-0.002681,-0.009073,-0.083959,-1.010803,0.203519,1.499241,0.017241,0.018003
5.466667,-0.013856,0.028100,-0.010413,-0.318187,-1.329322,0.047877,-0.291337,-0.000996,-0.011190,-0.040650,-0.964125,0.223149,1.498520,0.014042,0.023965
5.500000,-0.015382,0.029572,-0.003703,-0.318311,-1.332654,0.045845,-0.278584,-0.003169,-0.010725,-0.015477,-0.920943,0.242778,1.483927,0.012476,0.020919
5.533333,-0.015515,0.026875,-0.005595,-0.285228,-1.334370,0.042336,-0.305832,0.000077,-0.015275,-0.004554,-0.900656,0.252658,1.456841,0.011763,0.017956
5.566667,-0.018316,0.025643,-0.005361,-0.277785,-1.321762,0.073666,-0.373080,0.004613,-0.009007,-0.029667,-0.897451,0.241131,1.467035,0.004101,0.021215
5.600000,-0.021682,0.018818,-0.001498,-0.294082,-1.296211,0.113876,-0.448059,0.004076,-0.014582,-0.061869,-0.912007,0.240541,1.474847,0.000826,0.017355
5.633333,-0.021226,0.013912,0.004593,-0.329270,-1.248470,0.177106,-0.525480,0.001148,-0.015811,-0.124615,-0.928599,0.228081,1.477540,0.003739,0.007224
5.666667,-0.022264,0.014513,0.003321,-0.392530,-1.198151,0.269552,-0.625480,0.004142,-0.012398,-0.209225,-0.961360,0.175622,1.488132,-0.003258,0.004363
5.700000,-0.024571,0.010319,0.006073,-0.492530,-1.162931,0.369552,-0.725480,0.004890,-0.014116,-0.303571,-1.006665,0.113060,1.503509,-0.002450,0.004246
5.733333,-0.020683,0.008377,0.002348,-0.592530,-1.126837,0.469552,-0.825480,0.007064,-0.017182,-0.397918,-1.070635,0.039207,1.513315,0.001374,-0.002750
5.766667,-0.017711,0.009040,-0.003522,-0.692530,-1.118600,0.569552,-0.925480,0.008940,-0.013147,-0.497918,-1.122845,-0.060793,1.527351,0.001353,0.000231
5.800000,-0.021325,0.011127,-0.006925,-0.780490,-1.113675,0.663001,-1.025481,0.010528,-0.011580,-0.597918,-1.169672,-0.160793,1.541921,0.002085,0.000607
5.833333,-0.021760,0.008461,-0.004467,-0.840622,-1.096890,0.719633,-1.125481,0.008793,-0.011896,-0.697918,-1.191706,-0.260793,1.551693,0.002469,0.008850
5.866667,-0.019393,0.014933,-0.004057,-0.860753,-1.067016,0.736265,-1.225480,0.007417,-0.004527,-0.789187,-1.210623,-0.360793,1.563402,-0.000408,0.011585
5.900000,-0.025373,0.018930,-0.000474,-0.840885,-1.051739,0.712896,-1.325480,0.002318,-0.006605,-0.853404,-1.191684,-0.460793,1.556494,0.001870,0.015662
5.933333,-0.029179,0.020334,0.005374,-0.781017,-1.028605,0.649528,-1.413873,0.002212,-0.008561,-0.897620,-1.179112,-0.560793,1.552151,0.002720,0.014573
5.966667,-0.022639,0.017329,0.007472,-0.693188,-1.042159,0.592711,-1.462265,0.008098,-0.006925,-0.901837,-1.193345,-0.660793,1.527944,0.006819,0.015255
6.000000,-0.012797,0.018037,0.009383,-0.593188,-1.091340,0.568649,-1.470657,0.008835,-0.001399,-0.866054,-1.232371,-0.755638,1.482367,0.008027,0.013666
6.033333,-0.011464,0.011458,0.007196,-0.507328,-1.144120,0.557605,-1.439050,0.008175,-0.007828,-0.799001,-1.259466,-0.824346,1.415459,0.011712,0.010903
6.066667,-0.010335,0.011037,0.003521,-0.439963,-1.185410,0.578034,-1.367442,0.005279,-0.003535,-0.719001,-1.292137,-0.888037,1.335459,0.014752,0.010118
6.100000,-0.005348,0.009495,-0.000520,-0.395503,-1.212519,0.627257,-1.267442,-0.002388,-0.001320,-0.620490,-1.332838,-0.950842,1.235459,0.013574,0.010666
6.133333,-0.006236,0.010223,-0.002824,-0.372893,-1.230304,0.654180,-1.173241,-0.008663,-0.002182,-0.544536,-1.355113,-0.985802,1.135459,0.009094,0.013821
6.166667,-0.019048,0.010143,-0.016022,-0.365050,-1.224000,0.684318,-1.095466,-0.008923,-0.013119,-0.494939,-1.342966,-1.015260,1.042939,0.012766,0.007995
6.200000,-0.017860,0.012053,-0.020417,-0.377247,-1.204177,0.727064,-1.041653,-0.005519,-0.013762,-0.466065,-1.343658,-1.069706,0.971142,0.013773,0.017744
6.233333,-0.014505,0.010101,-0.017629,-0.385724,-1.198473,0.747197,-1.013463,-0.002541,-0.015888,-0.460403,-1.355526,-1.101256,0.916603,0.009929,0.017290
6.266667,-0.018390,0.009869,-0.020960,-0.371708,-1.214049,0.738536,-1.002612,0.004550,-0.023578,-0.462192,-1.346146,-1.096325,0.873042,0.006034,0.018987
6.300000,-0.021361,0.017417,-0.022347,-0.375843,-1.209800,0.745474,-1.003670,0.006555,-0.019503,-0.473071,-1.354968,-1.111538,0.869481,0.005666,0.022782
6.333333,-0.016218,0.016750,-0.011701,-0.378119,-1.208089,0.723828,-1.010025,0.006228,-0.014093,-0.472894,-1.371968,-1.112149,0.861580,0.008296,0.023288
6.366667,-0.013593,0.017271,-0.009173,-0.354034,-1.195520,0.677681,-0.994692,0.011185,-0.006003,-0.465958,-1.363824,-1.083790,0.842723,0.001887,0.012555
6.400000,-0.012981,0.025316,-0.008797,-0.334496,-1.190110,0.644341,-0.986174,0.008080,-0.004416,-0.445746,-1.349456,-1.063524,0.823022,-0.005526,0.019967
6.433333,-0.008903,0.024876,-0.001424,-0.333098,-1.172189,0.622738,-0.983362,0.005427,0.005005,-0.440152,-1.365833,-1.040624,0.816182,0.000226,0.018175
6.466667,-0.005215,0.019907,0.001385,-0.310114,-1.155269,0.586095,-0.986858,0.003963,0.001904,-0.432044,-1.364375,-0.997352,0.784649,0.001824,0.013597
6.500000,0.000088,0.020230,0.001011,-0.297639,-1.148303,0.561930,-0.993897,-0.002082,0.006522,-0.420061,-1.358291,-0.971620,0.766837,-0.001204,0.022880
6.533333,-0.002991,0.019680,0.002968,-0.292141,-1.152823,0.552343,-1.015258,-0.010090,0.003366,-0.415485,-1.367976,-0.952180,0.770029,0.004395,0.022462
6.566667,0.001635,0.015239,0.003932,-0.288180,-1.138167,0.540752,-1.032183,-0.003915,0.008778,-0.436794,-1.388902,-0.952561,0.796805,0.009042,0.016172
6.600000,0.003382,0.017519,0.006097,-0.284095,-1.125597,0.541574,-1.050879,0.003008,0.014224,-0.474545,-1.377557,-0.992941,0.839742,0.003766,0.017230
6.633333,-0.000628,0.014213,0.004569,-0.274463,-1.102301,0.545805,-1.079849,0.001135,0.014851,-0.523164,-1.344271,-1.061397,0.907374,0.001585,0.014672
6.666667,-0.000330,0.013388,0.004435,-0.259064,-1.070155,0.565630,-1.088826,0.006063,0.015290,-0.600356,-1.317795,-1.137570,0.998145,-0.000583,0.004454
6.700000,0.003538,0.010315,0.003613,-0.248882,-1.045515,0.570473,-1.103607,0.005015,0.007271,-0.685701,-1.291508,-1.237570,1.098145,-0.004016,0.003774
6.733333,-0.000572,0.005520,0.002864,-0.239923,-1.027297,0.572555,-1.113991,0.001054,0.003719,-0.745127,-1.245655,-1.337570,1.175789,0.001179,0.004402
6.766667,-0.005011,0.005552,-0.004286,-0.220504,-1.005827,0.567872,-1.099561,-0.001228,0.004411,-0.771951,-1.207702,-1.437570,1.220383,-0.000274,0.000403
6.800000,-0.001196,0.010266,-0.002964,-0.223370,-1.010197,0.555705,-1.061866,0.001342,0.012634,-0.771326,-1.209749,-1.512222,1.225117,0.001527,0.008016
6.833333,-0.007952,0.009243,-0.006381,-0.223382,-1.026842,0.521299,-1.044103,0.000089,0.007631,-0.756815,-1.216256,-1.568696,1.219506,0.006803,0.009810
6.866667,-0.014630,0.009243,-0.014617,-0.224878,-1.036608,0.523249,-1.035752,0.007555,0.010299,-0.726630,-1.194159,-1.603520,1.202935,0.013490,0.016048
6.900000,-0.013066,0.016104,-0.016939,-0.244292,-1.037469,0.548296,-1.043792,0.006759,0.007868,-0.716106,-1.207716,-1.635547,1.203634,0.015125,0.017120
6.933333,-0.015313,0.013395,-0.015542,-0.295737,-1.043133,0.595959,-1.091831,0.003345,-0.000613,-0.726033,-1.208349,-1.647245,1.216541,0.020919,0.014950
6.966667,-0.020057,0.013925,-0.024974,-0.352031,-1.021829,0.669438,-1.160840,0.011300,-0.006054,-0.758821,-1.196041,-1.670974,1.269309,0.026792,0.008851
7.000000,-0.016186,0.018645,-0.024225,-0.433528,-0.998949,0.766513,-1.236380,0.012410,-0.002841,-0.780375,-1.168051,-1.712882,1.332422,0.029340,0.015383
7.033333,-0.013837,0.021065,-0.018105,-0.533528,-0.994484,0.866513,-1.299307,0.010370,0.000135,-0.812508,-1.164532,-1.751255,1.386238,0.024126,0.009275
7.066667,-0.017666,0.020975,-0.021530,-0.633528,-0.993973,0.966513,-1.350802,0.006748,0.002154,-0.841089,-1.132990,-1.773211,1.436195,0.024521,0.008770
7.100000,-0.013557,0.023715,-0.017087,-0.733528,-0.996068,1.066513,-1.385327,0.004864,0.005708,-0.866151,-1.119190,-1.804941,1.491692,0.027429,0.017549
7.133333,-0.011259,0.020919,-0.007742,-0.833529,-0.998163,1.166513,-1.411571,-0.007108,0.003922,-0.872012,-1.093076,-1.818592,1.519421,0.020907,0.018661
7.166667,-0.010747,0.025677,-0.005573,-0.911025,-0.988003,1.266513,-1.416145,-0.010782,0.004594,-0.882032,-1.073806,-1.815733,1.527255,0.013994,0.018347
7.200000,-0.015971,0.026098,-0.001860,-0.976245,-0.968892,1.366513,-1.437226,-0.009057,0.005363,-0.887647,-1.053428,-1.832231,1.537223,0.014079,0.024824
7.233333,-0.009720,0.018895,0.003255,-1.019087,-0.949608,1.461439,-1.449181,-0.004420,0.002701,-0.890648,-1.051863,-1.833584,1.536085,0.011412,0.022155
7.266667,-0.004600,0.018846,-0.000971,-1.036609,-0.926670,1.543393,-1.446911,0.002723,0.005296,-0.879234,-1.049330,-1.812309,1.537458,0.002001,0.013382
7.300000,-0.002128,0.016872,-0.003040,-1.029971,-0.928452,1.606364,-1.448930,0.006983,0.003461,-0.852629,-1.034788,-1.788296,1.536072,0.000702,0.014436
7.333333,-0.003942,0.008339,0.000473,-1.016416,-0.930404,1.631938,-1.458970,0.011284,0.004085,-0.806985,-1.043125,-1.740794,1.538710,0.004373,0.009397
7.366667,0.005513,0.005498,-0.000888,-0.975137,-0.933170,1.617511,-1.447464,0.008255,0.006398,-0.741319,-1.045155,-1.659118,1.544267,-0.000575,-0.000189
7.400000,0.001680,0.008209,-0.002849,-0.916237,-0.950950,1.568159,-1.431830,0.008207,0.007837,-0.652254,-1.051879,-1.571801,1.529875,0.000186,0.000892
7.433333,-0.004129,0.008501,0.000844,-0.842656,-0.967340,1.491778,-1.407392,0.002516,0.001081,-0.553274,-1.045493,-1.477670,1.488274,0.007660,0.002076
7.466667,0.003441,0.012239,0.003233,-0.753235,-0.979108,1.394381,-1.354951,0.007319,0.005918,-0.473590,-1.065060,-1.377670,1.443382,0.005852,0.007393
7.500000,0.008959,0.016117,0.003951,-0.653235,-1.012707,1.294381,-1.284421,0.005481,0.001172,-0.415283,-1.080138,-1.279017,1.386470,0.004641,0.011298
7.533333,-0.000213,0.017706,-0.002588,-0.553240,-1.063432,1.194381,-1.201516,0.003873,-0.005477,-0.372997,-1.089787,-1.200342,1.330087,0.009600,0.016847
7.566667,-0.006242,0.024532,-0.004710,-0.487523,-1.097265,1.094381,-1.108489,0.002680,0.002689,-0.356349,-1.103951,-1.135509,1.300137,0.005055,0.026232
7.600000,-0.001519,0.025944,-0.005056,-0.431442,-1.142317,0.994381,-1.015461,0.003827,0.010571,-0.359029,-1.138160,-1.090905,1.279189,0.004965,0.029588
7.633333,-0.012139,0.021732,-0.010263,-0.389224,-1.190036,0.894381,-0.936495,0.000169,0.002864,-0.362544,-1.150607,-1.051890,1.264962,0.009762,0.021833
7.666667,-0.011662,0.021705,-0.021539,-0.376840,-1.209536,0.831023,-0.897528,0.003972,0.008008,-0.364340,-1.165787,-1.048617,1.273502,0.013864,0.020741
7.700000,-0.007399,0.022384,-0.013460,-0.396334,-1.212976,0.799272,-0.896781,0.003853,0.008823,-0.379075,-1.184932,-1.055757,1.272075,0.017456,0.024328
7.733333,-0.000172,0.014673,-0.011377,-0.400769,-1.212780,0.796821,-0.920911,0.006541,0.001570,-0.393530,-1.188787,-1.072086,1.256779,0.022542,0.014156
7.766667,-0.003661,0.015599,-0.013566,-0.435244,-1.211951,0.834371,-0.977169,0.005646,0.001373,-0.424373,-1.183552,-1.107275,1.272482,0.021893,0.015322
7.800000,-0.000218,0.015599,-0.009518,-0.495646,-1.205660,0.911921,-1.059365,0.006173,0.002488,-0.469511,-1.194349,-1.176875,1.290195,0.021110,0.018045
7.833333,-0.002536,0.013614,-0.001059,-0.554780,-1.200501,0.992830,-1.124684,0.002379,-0.000763,-0.525109,-1.193950,-1.249385,1.282505,0.020247,0.019656
7.866667,-0.009107,0.015729,-0.001960,-0.606513,-1.195151,1.082131,-1.167235,0.005833,0.004418,-0.571864,-1.194040,-1.331506,1.277184,0.015725,0.015645
7.900000,-0.013311,0.016539,-0.000405,-0.662799,-1.204940,1.182131,-1.214384,0.007180,0.002473,-0.620986,-1.202412,-1.423043,1.281939,0.013821,0.017131
7.933333,-0.015751,0.012473,0.002061,-0.700747,-1.205433,1.249155,-1.249010,0.010145,0.000654,-0.656115,-1.220071,-1.490196,1.266961,0.016881,0.017254
7.966667,-0.017111,0.017264,-0.001390,-0.712678,-1.214866,1.294070,-1.269714,0.009253,0.002274,-0.681242,-1.229198,-1.544207,1.259939,0.014946,0.019793
8.000000,-0.023198,0.018046,-0.003913,-0.711128,-1.229060,1.319791,-1.287842,0.010437,-0.001502,-0.682273,-1.238970,-1.571282,1.249265,0.014441,0.018220
8.033333,-0.013526,0.017113,-0.004660,-0.689685,-1.234351,1.305513,-1.320187,0.003554,-0.005691,-0.678725,-1.252232,-1.563388,1.254797,0.013562,0.011652
8.066667,-0.009270,0.019841,-0.008062,-0.646242,-1.223309,1.251234,-1.357864,0.004997,-0.001919,-0.655302,-1.258990,-1.523046,1.277690,0.001500,0.013848
8.100000,-0.008249,0.021827,-0.008921,-0.582170,-1.226372,1.189932,-1.398972,0.006809,-0.006724,-0.611933,-1.243176,-1.467999,1.294956,-0.001750,0.013322
8.133333,-0.010507,0.017036,-0.005598,-0.510012,-1.208739,1.110737,-1.433044,0.004110,-0.008908,-0.558362,-1.220212,-1.386095,1.317973,0.000575,0.005313
8.166667,-0.004362,0.016449,-0.004295,-0.440106,-1.195896,1.010737,-1.482031,0.001347,-0.009986,-0.498769,-1.199439,-1.291127,1.369041,-0.004963,0.001842
8.200000,-0.006408,0.014984,-0.001382,-0.385637,-1.195364,0.910737,-1.514137,0.004488,-0.012751,-0.438990,-1.176165,-1.191127,1.416384,-0.001604,0.009855
8.233333,-0.010170,0.018008,0.005988,-0.344516,-1.194197,0.810737,-1.516421,0.004024,-0.017866,-0.390702,-1.142880,-1.091127,1.439628,0.010351,0.008722
8.266667,0.000668,0.025583,0.011938,-0.336076,-1.169434,0.710737,-1.501799,0.002285,-0.006128,-0.348119,-1.136383,-0.991127,1.480933,0.008927,0.011974
8.300000,0.001139,0.029876,0.017020,-0.340551,-1.171371,0.610737,-1.508134,0.004740,-0.004254,-0.317684,-1.124293,-0.891127,1.503999,0.005848,0.015767
8.333333,-0.003443,0.030148,0.011943,-0.340877,-1.165144,0.510737,-1.502920,0.009706,-0.006326,-0.300258,-1.113437,-0.791127,1.522895,0.011602,0.018781
8.366667,-0.005432,0.037451,0.011965,-0.351381,-1.148656,0.410737,-1.490386,0.004295,-0.001848,-0.290029,-1.102745,-0.691127,1.534751,0.012122,0.021623
8.400000,-0.004051,0.033574,0.011427,-0.350156,-1.144343,0.310737,-1.495460,-0.000274,-0.006249,-0.274074,-1.091455,-0.591127,1.537239,0.012184,0.021338
8.433333,-0.013980,0.029033,0.004012,-0.331464,-1.147857,0.210737,-1.505131,-0.000777,-0.016687,-0.271586,-1.062319,-0.491127,1.521051,0.015598,0.019634
8.466667,-0.014012,0.029898,-0.002442,-0.312914,-1.140291,0.113546,-1.504016,-0.000247,-0.018889,-0.250185,-1.053571,-0.391127,1.514011,0.013043,0.026889
8.500000,-0.014270,0.029376,0.004764,-0.288383,-1.137500,0.021972,-1.485298,0.000471,-0.016718,-0.231950,-1.047811,-0.291127,1.491579,0.010223,0.025525
8.533333,-0.013257,0.024784,0.002381,-0.240270,-1.146547,-0.042426,-1.466124,0.005299,-0.017423,-0.206127,-1.050863,-0.191127,1.446532,0.008656,0.022806
8.566667,-0.015332,0.021309,0.001471,-0.218533,-1.162155,-0.068956,-1.419164,0.010171,-0.009401,-0.190865,-1.056813,-0.108848,1.406000,0.003086,0.025675
8.600000,-0.017654,0.015172,0.004298,-0.197545,-1.175382,-0.075536,-1.361479,0.008462,-0.013708,-0.168190,-1.078497,-0.043403,1.351441,-0.000976,0.022011
8.633333,-0.015971,0.011533,0.009035,-0.187000,-1.171620,-0.055596,-1.274579,0.005527,-0.013490,-0.164230,-1.089726,-0.011728,1.277355,0.003069,0.012864
8.666667,-0.016099,0.014700,0.005365,-0.205697,-1.181189,-0.001273,-1.181371,0.004211,-0.009837,-0.169905,-1.105462,-0.017237,1.201221,-0.000134,0.008620
8.700000,-0.016595,0.012824,0.006805,-0.235652,-1.198762,0.054254,-1.081371,0.003205,-0.012283,-0.168270,-1.110365,-0.030319,1.145516,0.000681,0.009146
8.733333,-0.010810,0.011788,0.001427,-0.250850,-1.198718,0.092698,-0.981371,0.003059,-0.018318,-0.177990,-1.132498,-0.039394,1.118765,0.007278,0.003604
8.766667,-0.007665,0.015880,-0.005740,-0.273067,-1.218985,0.115382,-0.881371,0.002479,-0.018272,-0.177560,-1.129777,-0.031637,1.132013,0.007147,0.007450
8.800000,-0.008948,0.019271,-0.008680,-0.288397,-1.245832,0.133531,-0.781765,0.004110,-0.017868,-0.177925,-1.128930,-0.000923,1.185262,0.005764,0.009137
8.833333,-0.013202,0.016336,-0.004888,-0.291110,-1.246649,0.128500,-0.703193,0.003317,-0.020682,-0.176051,-1.111580,0.053659,1.255504,0.006807,0.016825
8.866667,-0.013151,0.022249,-0.003278,-0.307870,-1.236630,0.108538,-0.635899,0.004125,-0.016081,-0.192520,-1.119016,0.097354,1.344763,0.004135,0.018690
8.900000,-0.020130,0.026675,0.001526,-0.318385,-1.242309,0.098165,-0.583537,0.000562,-0.013951,-0.199191,-1.098892,0.131573,1.411845,0.002300,0.020270
8.933333,-0.023972,0.025484,0.008506,-0.325212,-1.234653,0.103600,-0.551175,0.002277,-0.011727,-0.222474,-1.097380,0.145792,1.458927,0.004253,0.017765
8.966667,-0.021353,0.020574,0.011946,-0.349736,-1.216236,0.124242,-0.558418,0.007046,-0.011672,-0.241466,-1.122376,0.130825,1.466009,0.011266,0.018985
9.000000,-0.012252,0.020682,0.013233,-0.390429,-1.225824,0.168064,-0.584627,0.008409,-0.006455,-0.252575,-1.170822,0.089174,1.443832,0.009788,0.018838
9.033333,-0.012003,0.013885,0.010797,-0.430090,-1.233741,0.238436,-0.639560,0.009417,-0.009928,-0.248959,-1.209517,0.037152,1.381655,0.012489,0.016025
9.066667,-0.013059,0.014255,0.006946,-0.481880,-1.228329,0.318436,-0.719560,0.008075,-0.009620,-0.252368,-1.243895,-0.031677,1.301655,0.016576,0.015307
9.100000,-0.008661,0.013049,0.003249,-0.547216,-1.210636,0.418436,-0.819560,0.004615,-0.010462,-0.275777,-1.274578,-0.120506,1.201655,0.017679,0.017043
9.133333,-0.010199,0.015748,-0.000232,-0.601231,-1.223295,0.518436,-0.919560,-0.000672,-0.012853,-0.315493,-1.281482,-0.209335,1.139547,0.010697,0.015089
9.166667,-0.022803,0.017068,-0.012602,-0.645012,-1.216686,0.618436,-1.006520,0.001567,-0.023432,-0.379520,-1.252277,-0.298164,1.117438,0.013876,0.009972
9.200000,-0.022307,0.020840,-0.016720,-0.697899,-1.199435,0.718436,-1.092270,0.004964,-0.027135,-0.472279,-1.229776,-0.398164,1.135329,0.018785,0.017805
9.233333,-0.018915,0.018721,-0.014831,-0.768040,-1.199087,0.818436,-1.166476,0.006355,-0.028095,-0.572280,-1.221551,-0.498164,1.193221,0.015272,0.017075
9.266667,-0.023597,0.021220,-0.019650,-0.821813,-1.219746,0.918436,-1.227870,0.011079,-0.035041,-0.671504,-1.205298,-0.598164,1.288177,0.012796,0.019425
9.300000,-0.024863,0.029434,-0.020974,-0.886906,-1.221202,1.018436,-1.271832,0.011371,-0.028541,-0.763215,-1.212822,-0.698164,1.383954,0.017293,0.027386
9.333333,-0.015143,0.028745,-0.012027,-0.942442,-1.228920,1.118436,-1.313378,0.008923,-0.023680,-0.833086,-1.233730,-0.798164,1.448899,0.017818,0.027276
9.366667,-0.013955,0.028594,-0.009597,-0.975379,-1.227650,1.218436,-1.320800,0.008060,-0.017363,-0.878245,-1.233391,-0.898164,1.485596,0.010041,0.016575
9.400000,-0.013680,0.038063,-0.009966,-0.997222,-1.233500,1.318437,-1.335991,0.004727,-0.016159,-0.900730,-1.224349,-0.998164,1.507827,0.004783,0.025284
9.433333,-0.011777,0.036111,-0.003471,-1.022181,-1.228362,1.417935,-1.347062,0.004896,-0.008477,-0.911345,-1.245393,-1.098164,1.520223,0.006096,0.020996
9.466667,-0.007526,0.031933,-0.001379,-1.027972,-1.227953,1.497415,-1.358121,0.004510,-0.012752,-0.921268,-1.246317,-1.198164,1.511552,0.006823,0.015863
9.500000,-0.004526,0.031655,-0.001044,-1.041025,-1.239332,1.568810,-1.371677,-0.000136,-0.009827,-0.927561,-1.241915,-1.298164,1.513577,0.007314,0.025118
9.533333,-0.005929,0.030559,0.000248,-1.055100,-1.260992,1.615985,-1.395193,-0.002530,-0.011152,-0.936122,-1.254810,-1.398164,1.530412,0.008464,0.028607
9.566667,-0.001308,0.025993,0.003675,-1.068040,-1.266106,1.642347,-1.406839,0.004235,-0.005641,-0.951618,-1.288940,-1.498164,1.543959,0.012943,0.022472
9.600000,0.003272,0.027071,0.008868,-1.081474,-1.276134,1.655847,-1.413312,0.006824,-0.000655,-0.966364,-1.304213,-1.598164,1.550276,0.009837,0.022212
9.633333,-0.000720,0.022349,0.008452,-1.087157,-1.281852,1.659905,-1.419478,0.006399,-0.002964,-0.958385,-1.304557,-1.698164,1.550578,0.007533,0.021991
9.666667,-0.001834,0.022906,0.009439,-1.081185,-1.269240,1.670715,-1.405076,0.009875,-0.002776,-0.965820,-1.315072,-1.780707,1.559387,0.006151,0.011544
9.700000,0.004102,0.019708,0.008812,-1.084734,-1.263224,1.683312,-1.407992,0.008872,-0.009277,-0.979927,-1.322418,-1.856300,1.561631,0.006769,0.008861
9.733333,-0.001783,0.014583,0.006893,-1.079417,-1.257305,1.684695,-1.407230,0.005846,-0.014365,-0.974663,-1.304889,-1.896708,1.555253,0.010622,0.009472
9.766667,-0.007963,0.016627,-0.000701,-1.061604,-1.237941,1.680936,-1.392010,0.004682,-0.012529,-0.957056,-1.277240,-1.908590,1.543596,0.009792,0.010491
9.800000,-0.006763,0.021963,0.001166,-1.066124,-1.228461,1.689314,-1.383228,0.006107,-0.001943,-0.951178,-1.278924,-1.904036,1.537917,0.008689,0.013925
9.833333,-0.010673,0.018566,-0.002313,-1.067400,-1.231838,1.674088,-1.392392,0.006013,-0.004189,-0.940821,-1.277267,-1.899265,1.534021,0.011691,0.016286
9.866667,-0.019344,0.017303,-0.010039,-1.050914,-1.231870,1.655265,-1.386434,0.011237,-0.001293,-0.916509,-1.246741,-1.873084,1.529799,0.017176,0.021299
9.900000,-0.014372,0.023608,-0.010705,-1.050693,-1.229466,1.657440,-1.384543,0.009676,-0.004116,-0.912833,-1.250152,-1.874445,1.533871,0.018484,0.021934
9.933333,-0.013012,0.020464,-0.009597,-1.058771,-1.237908,1.650948,-1.397396,0.004718,-0.015246,-0.915887,-1.252735,-1.874892,1.531655,0.025270,0.018735
9.966667,-0.012288,0.020512,-0.020124,-1.055633,-1.225956,1.652707,-1.399752,0.011554,-0.020015,-0.927369,-1.253565,-1.867268,1.545703,0.031661,0.012598
10.000000,-0.006169,0.026121,-0.019621,-1.061330,-1.215673,1.658172,-1.398839,0.011009,-0.016039,-0.921534,-1.249319,-1.873649,1.544255,0.032104,0.018472
10.033333,-0.004027,0.030799,-0.013411,-1.068936,-1.220788,1.654185,-1.397557,0.007944,-0.013861,-0.925511,-1.270541,-1.876302,1.536962,0.028441,0.013233
10.066667,-0.010254,0.032144,-0.019008,-1.061298,-1.228402,1.639608,-1.393360,0.005538,-0.009839,-0.928107,-1.267162,-1.867424,1.532980,0.023979,0.009251
10.100000,-0.009092,0.034280,-0.015982,-1.060407,-1.235649,1.648959,-1.391635,0.004418,-0.004156,-0.930489,-1.277037,-1.876453,1.543355,0.023170,0.016803
10.133333,-0.012250,0.030929,-0.007375,-1.057291,-1.246210,1.629153,-1.393283,-0.005013,-0.004478,-0.919729,-1.271926,-1.877568,1.529300,0.016743,0.017342
10.166667,-0.015646,0.035337,-0.006491,-1.045242,-1.245358,1.621695,-1.381530,-0.007970,-0.004109,-0.917626,-1.266187,-1.865715,1.521506,0.011216,0.017577
10.200000,-0.017431,0.034669,-0.004877,-1.046747,-1.235925,1.639071,-1.383162,-0.004148,-0.004116,-0.918255,-1.263820,-1.881561,1.521537,0.008911,0.024453
10.233333,-0.011026,0.025477,-0.000515,-1.042905,-1.220962,1.641995,-1.379239,-0.003964,-0.008764,-0.916503,-1.275102,-1.878374,1.517260,0.010530,0.026856
10.266667,-0.009271,0.024877,-0.004441,-1.015727,-1.206836,1.615235,-1.354661,0.003345,-0.007200,-0.917312,-1.289472,-1.851636,1.520437,0.000986,0.021342
10.300000,-0.006057,0.022678,-0.007246,-0.966578,-1.219398,1.586705,-1.308521,0.005082,-0.011643,-0.926716,-1.294690,-1.826303,1.529369,0.003036,0.023131
10.333333,-0.007411,0.012684,-0.004087,-0.904954,-1.235033,1.527057,-1.254634,0.006305,-0.011549,-0.938351,-1.318921,-1.777621,1.542507,0.007403,0.019219
10.366667,-0.000682,0.008674,-0.005280,-0.817685,-1.245194,1.438058,-1.170907,0.003245,-0.009283,-0.956682,-1.327338,-1.693328,1.553991,0.003791,0.007568
10.400000,-0.005322,0.009684,-0.006479,-0.717685,-1.270321,1.345129,-1.070907,0.008073,-0.005442,-0.965579,-1.330356,-1.607241,1.564556,0.001611,0.006899
10.433333,-0.007664,0.007827,-0.001263,-0.617684,-1.278642,1.245129,-0.970907,0.002546,-0.008585,-0.963262,-1.308477,-1.516239,1.555802,0.009852,0.005855
10.466667,-0.000866,0.009536,0.003280,-0.517684,-1.261621,1.145129,-0.870907,0.007758,-0.002044,-0.943397,-1.284410,-1.416253,1.546642,0.003612,0.010473
10.500000,0.005213,0.013474,0.006447,-0.425340,-1.242684,1.045129,-0.770907,0.008317,-0.005286,-0.905734,-1.231729,-1.316253,1.532508,0.001877,0.013211
10.533333,-0.005450,0.015237,0.001823,-0.352311,-1.228588,0.945129,-0.676519,0.004907,-0.008265,-0.846308,-1.165097,-1.216253,1.525091,0.006030,0.021222
10.566667,-0.008001,0.023214,0.001128,-0.313808,-1.181442,0.845129,-0.593407,0.003565,-0.002191,-0.777584,-1.088970,-1.116253,1.525091,0.007600,0.028802
10.600000,-0.006222,0.025281,0.002726,-0.290214,-1.130577,0.745129,-0.510295,0.001713,0.004516,-0.697576,-1.012843,-1.016253,1.525988,0.009546,0.033905
10.633333,-0.015799,0.021727,-0.001887,-0.277862,-1.077139,0.645129,-0.448832,0.000075,-0.002226,-0.614332,-0.930510,-0.916253,1.517824,0.015783,0.025942
10.666667,-0.018164,0.022480,-0.012758,-0.274839,-1.006769,0.545129,-0.412374,0.004673,0.002021,-0.529851,-0.845171,-0.816253,1.519281,0.021513,0.023337
10.700000,-0.011891,0.024126,-0.003247,-0.273318,-0.923267,0.445129,-0.409515,0.006711,0.002053,-0.439285,-0.759792,-0.716253,1.505224,0.026792,0.024124
10.733333,-0.008365,0.015876,-0.000282,-0.242878,-0.845713,0.345129,-0.428118,0.004980,-0.004974,-0.353965,-0.674905,-0.616253,1.472966,0.028269,0.014750
10.766667,-0.010296,0.018846,-0.003973,-0.218892,-0.793886,0.245129,-0.486720,0.006036,-0.006440,-0.288042,-0.610631,-0.516253,1.464582,0.027828,0.013049
10.800000,-0.007957,0.019411,-0.000304,-0.196921,-0.739837,0.145129,-0.563673,0.004216,-0.005551,-0.228234,-0.560182,-0.416253,1.459485,0.028700,0.016049
10.833333,-0.009898,0.018424,0.007195,-0.177012,-0.688605,0.049144,-0.655621,-0.002308,-0.008904,-0.190200,-0.533663,-0.316253,1.434904,0.026466,0.016739
10.866667,-0.017055,0.020603,0.004921,-0.153950,-0.639331,-0.028570,-0.748359,-0.000039,-0.002677,-0.166781,-0.517855,-0.216253,1.421817,0.020478,0.011312
10.900000,-0.018648,0.021852,0.006844,-0.141367,-0.605471,-0.084000,-0.848359,0.003167,-0.003961,-0.159527,-0.516263,-0.116253,1.425462,0.018874,0.010398
10.933333,-0.019592,0.015749,0.009326,-0.128655,-0.556885,-0.130908,-0.948359,0.005602,-0.006651,-0.153087,-0.522720,-0.021336,1.412931,0.020713,0.010902
10.966667,-0.020341,0.020167,0.005471,-0.119821,-0.531739,-0.158913,-1.048359,0.004232,-0.005367,-0.160998,-0.530868,0.052929,1.420585,0.014564,0.011346
11.000000,-0.025867,0.019521,0.003623,-0.110497,-0.516917,-0.163848,-1.132466,0.006362,-0.009106,-0.157128,-0.538990,0.107371,1.426313,0.013111,0.008533
11.033333,-0.016492,0.016757,0.003637,-0.103789,-0.504153,-0.177810,-1.191057,0.002154,-0.017795,-0.159970,-0.565498,0.146132,1.435881,0.012059,0.006723
11.066667,-0.011958,0.018369,-0.001640,-0.106111,-0.492166,-0.184477,-1.222599,0.002677,-0.015798,-0.158145,-0.603141,0.169634,1.444201,0.001083,0.009319
11.100000,-0.010236,0.019471,-0.003602,-0.100815,-0.504961,-0.177488,-1.217926,0.002868,-0.020307,-0.142808,-0.627315,0.174928,1.435804,-0.001993,0.007801
11.133333,-0.009420,0.014489,-0.000954,-0.098812,-0.506580,-0.155505,-1.179495,0.000104,-0.023072,-0.129389,-0.657930,0.170041,1.413745,0.002529,0.001801
11.166667,-0.000747,0.013156,-0.001789,-0.110281,-0.527715,-0.138546,-1.116957,-0.001936,-0.026176,-0.119422,-0.704176,0.176758,1.399415,-0.001110,0.000736
11.200000,-0.002679,0.012163,-0.001366,-0.124291,-0.570831,-0.105818,-1.039935,-0.000704,-0.025268,-0.102567,-0.751939,0.176757,1.381994,0.002626,0.005343
11.233333,-0.007328,0.015176,0.005367,-0.129783,-0.611933,-0.062671,-0.949962,-0.000748,-0.026309,-0.087602,-0.782046,0.171183,1.350629,0.014865,0.006002
11.266667,0.004162,0.023284,0.011043,-0.154995,-0.637546,-0.026049,-0.856205,0.001565,-0.012440,-0.073659,-0.836958,0.165304,1.325733,0.010361,0.008301
11.300000,0.003810,0.026048,0.014906,-0.183693,-0.689977,-0.009497,-0.756205,0.003262,-0.008285,-0.062637,-0.883571,0.166570,1.285467,0.010233,0.010654
11.333333,-0.002962,0.025450,0.009093,-0.192345,-0.720258,0.002319,-0.659960,0.007842,-0.006135,-0.054048,-0.915617,0.162806,1.247671,0.014048,0.012793
11.366667,-0.004769,0.031507,0.009233,-0.211880,-0.744763,0.029123,-0.583279,0.002334,-0.000150,-0.066918,-0.952652,0.141442,1.186427,0.012840,0.015060
11.400000,-0.003843,0.025152,0.007722,-0.225128,-0.789141,0.031326,-0.530532,0.000116,-0.001492,-0.087680,-1.004278,0.111200,1.114430,0.012489,0.014423
11.433333,-0.014613,0.019611,-0.000755,-0.216054,-0.825560,0.053838,-0.517786,-0.003823,-0.010478,-0.130557,-1.032257,0.080435,1.033162,0.018683,0.013545
11.466667,-0.016085,0.020159,-0.006681,-0.196201,-0.834283,0.089476,-0.545039,-0.002034,-0.011825,-0.163928,-1.081164,0.037806,0.951720,0.012906,0.023190
11.500000,-0.016544,0.019427,0.001251,-0.172249,-0.841624,0.125390,-0.608537,-0.003844,-0.008290,-0.204700,-1.139667,0.004684,0.851720,0.009411,0.022653
11.533333,-0.015584,0.013510,0.000258,-0.122187,-0.835777,0.142336,-0.692471,0.001767,-0.010888,-0.226236,-1.179909,-0.015897,0.751720,0.009047,0.021997
11.566667,-0.017068,0.012343,0.000244,-0.094827,-0.805611,0.169882,-0.792471,0.004931,-0.005801,-0.246246,-1.197241,-0.027240,0.651720,0.001605,0.025304
11.600000,-0.020257,0.007116,0.004023,-0.075118,-0.763501,0.177118,-0.892471,0.004585,-0.011227,-0.256059,-1.223884,-0.029223,0.551720,-0.000635,0.022396
11.633333,-0.019061,0.004115,0.009475,-0.067216,-0.709088,0.172431,-0.978075,0.000656,-0.012914,-0.270932,-1.216578,-0.021009,0.451720,0.004633,0.012656
11.666667,-0.018395,0.007698,0.006941,-0.080455,-0.643371,0.169063,-1.026420,0.001211,-0.011706,-0.279903,-1.174241,-0.022647,0.351720,0.004324,0.008933
11.700000,-0.020835,0.007193,0.008045,-0.102404,-0.569002,0.144663,-1.057446,0.000016,-0.014964,-0.272487,-1.114564,-0.004284,0.291720,0.006318,0.006478
11.733333,-0.014105,0.007193,0.003853,-0.105657,-0.478952,0.104312,-1.066400,-0.001940,-0.019157,-0.267820,-1.042090,0.012278,0.271720,0.011976,-0.000747
11.766667,-0.010619,0.010407,-0.002313,-0.104541,-0.388513,0.048308,-1.075353,-0.002162,-0.017151,-0.242674,-0.943950,0.034281,0.291720,0.010777,0.001529
11.800000,-0.012908,0.013590,-0.003053,-0.080909,-0.298075,-0.000373,-1.096868,0.000548,-0.016551,-0.222933,-0.845177,0.053828,0.351720,0.010290,0.003807
11.833333,-0.014261,0.012301,0.001009,-0.041797,-0.207637,-0.051769,-1.135869,0.001498,-0.017477,-0.214316,-0.746404,0.068799,0.451720,0.008785,0.013100
11.866667,-0.011007,0.018666,0.003404,0.013619,-0.107637,-0.080183,-1.152189,0.003252,-0.010235,-0.243762,-0.678353,0.051229,0.551720,0.005628,0.018071
11.900000,-0.017341,0.022752,0.009097,0.083355,-0.007637,-0.078644,-1.150581,0.002055,-0.010379,-0.282422,-0.622824,0.015931,0.651720,0.008486,0.021460
11.933333,-0.019976,0.022820,0.016552,0.167385,0.077762,-0.052738,-1.128438,0.003762,-0.010085,-0.361081,-0.587294,-0.050048,0.751720,0.012652,0.019437
11.966667,-0.017249,0.019327,0.015973,0.213842,0.123160,-0.009182,-1.108131,0.008690,-0.013197,-0.409583,-0.591765,-0.118083,0.851720,0.016673,0.014746
12.000000,-0.010776,0.021370,0.015738,0.233842,0.128558,0.052655,-1.107596,0.009476,-0.011760,-0.434653,-0.636235,-0.167951,0.951720,0.016198,0.009842
12.033333,-0.012301,0.018223,0.011226,0.213842,0.093956,0.092902,-1.147060,0.007421,-0.021493,-0.433303,-0.689984,-0.177818,1.051720,0.018195,0.002956
12.066667,-0.015378,0.021261,0.005509,0.153842,0.019355,0.093148,-1.226524,0.004205,-0.023881,-0.418967,-0.769984,-0.167943,1.151720,0.017524,-0.000433
12.100000,-0.012338,0.023955,0.000870,0.053842,-0.080645,0.069028,-1.316580,-0.001252,-0.028753,-0.391069,-0.869984,-0.149521,1.251720,0.014582,-0.002365
12.133333,-0.013144,0.030490,-0.001208,-0.031027,-0.180645,0.004908,-1.388598,-0.007520,-0.029598,-0.384818,-0.964471,-0.112889,1.351720,0.009488,-0.002039
12.166667,-0.025282,0.032608,-0.012839,-0.084476,-0.280645,-0.069024,-1.425758,-0.006583,-0.040637,-0.402747,-1.029208,-0.113258,1.429825,0.014350,-0.007801
12.200000,-0.024548,0.036878,-0.016305,-0.125784,-0.380645,-0.126165,-1.435404,-0.003470,-0.041527,-0.443078,-1.093945,-0.153627,1.493065,0.017430,-0.001217
12.233333,-0.022235,0.035172,-0.013033,-0.140979,-0.480645,-0.172627,-1.425681,-0.000602,-0.045265,-0.480405,-1.140366,-0.199234,1.532448,0.014096,-0.003485
12.266667,-0.027487,0.035559,-0.018068,-0.127435,-0.580645,-0.187735,-1.385903,0.005846,-0.050046,-0.517607,-1.158858,-0.240685,1.545212,0.008155,-0.003770
12.300000,-0.030292,0.041583,-0.018791,-0.129023,-0.680645,-0.162844,-1.324162,0.008330,-0.044951,-0.573162,-1.182862,-0.310479,1.548868,0.011149,0.003330
12.333333,-0.024859,0.041041,-0.008953,-0.159244,-0.780645,-0.122629,-1.257279,0.002982,-0.040073,-0.621283,-1.218420,-0.378267,1.546827,0.008368,0.005561
12.366667,-0.021960,0.036799,-0.006627,-0.201607,-0.880645,-0.060596,-1.177910,0.005177,-0.033079,-0.654222,-1.230101,-0.442364,1.532774,0.000529,-0.002297
12.400000,-0.019144,0.042848,-0.007769,-0.270083,-0.980645,0.030759,-1.077910,0.002524,-0.029882,-0.680524,-1.230953,-0.520965,1.525475,-0.003095,0.006731
12.433333,-0.016010,0.037363,-0.001304,-0.367297,-1.080645,0.130759,-0.977927,-0.000053,-0.021912,-0.702134,-1.258662,-0.604488,1.528593,0.004172,0.003450
12.466667,-0.013047,0.029466,0.000121,-0.464511,-1.179313,0.230759,-0.917944,-0.000041,-0.024667,-0.709612,-1.264682,-0.688010,1.512914,0.006598,-0.002227
12.500000,-0.008726,0.024873,-0.001238,-0.564511,-1.265184,0.330759,-0.897960,-0.000280,-0.020749,-0.700613,-1.257336,-0.776537,1.496933,0.011226,0.005099
12.533333,-0.013114,0.023947,-0.000004,-0.658255,-1.326707,0.430759,-0.917977,-0.005931,-0.022395,-0.681782,-1.264439,-0.868755,1.488033,0.016585,0.007125
12.566667,-0.009267,0.017977,0.002319,-0.741895,-1.371936,0.530759,-0.975904,0.000610,-0.016154,-0.664960,-1.292260,-0.960973,1.487863,0.019837,0.001135
12.600000,-0.008285,0.020551,0.006140,-0.813042,-1.397807,0.630759,-1.056845,0.003789,-0.010268,-0.645632,-1.301435,-1.060973,1.485666,0.016927,0.005429
12.633333,-0.010659,0.015964,0.004560,-0.862445,-1.400072,0.730759,-1.124403,0.000488,-0.010971,-0.605316,-1.296486,-1.160973,1.477563,0.013116,0.006191
12.666667,-0.010763,0.016054,0.004699,-0.888441,-1.393182,0.830759,-1.157050,0.000438,-0.009274,-0.588460,-1.309520,-1.260973,1.491452,0.010153,-0.006273
12.700000,-0.002121,0.012430,0.003493,-0.906027,-1.394097,0.930759,-1.180112,-0.000889,-0.016276,-0.576430,-1.322670,-1.360973,1.500024,0.010675,-0.007788
12.733333,-0.005907,0.008924,0.001449,-0.913191,-1.393153,1.030759,-1.187800,-0.007732,-0.019533,-0.549348,-1.308609,-1.430535,1.486577,0.016625,-0.008460
12.766667,-0.008275,0.010202,-0.005857,-0.900055,-1.380575,1.130759,-1.175979,-0.007642,-0.019286,-0.513241,-1.284068,-1.470826,1.466255,0.014800,-0.009349
12.800000,-0.006277,0.016144,-0.003999,-0.903196,-1.376557,1.230759,-1.165162,-0.004650,-0.009602,-0.488509,-1.293430,-1.489561,1.455306,0.015656,-0.005288
12.833333,-0.010448,0.013703,-0.006955,-0.904369,-1.382357,1.330759,-1.174564,-0.004046,-0.014486,-0.456975,-1.295835,-1.487473,1.436949,0.018914,-0.001776
12.866667,-0.019983,0.013542,-0.014392,-0.892400,-1.381092,1.430759,-1.173912,0.002821,-0.011192,-0.420270,-1.268442,-1.459185,1.421310,0.022952,0.003355
12.900000,-0.019427,0.019293,-0.015347,-0.891213,-1.380357,1.526276,-1.173144,0.004832,-0.012586,-0.396064,-1.276688,-1.446619,1.415701,0.021459,0.008105
12.933333,-0.022225,0.015751,-0.014348,-0.900862,-1.391333,1.594474,-1.188312,0.000724,-0.021026,-0.381919,-1.285820,-1.430754,1.398392,0.026825,0.004844
12.966667,-0.022861,0.015127,-0.024679,-0.900069,-1.380289,1.654104,-1.199526,0.005866,-0.027005,-0.369053,-1.292805,-1.396930,1.383449,0.030257,0.001644
13.000000,-0.018607,0.020681,-0.024891,-0.905396,-1.365522,1.692157,-1.208410,0.007139,-0.022866,-0.334187,-1.300205,-1.350269,1.341815,0.031350,0.008605
13.033333,-0.016981,0.023274,-0.019821,-0.909948,-1.367645,1.695015,-1.213871,0.003398,-0.020108,-0.290525,-1.332182,-1.289808,1.282576,0.024986,0.003669
13.066667,-0.020705,0.025587,-0.025378,-0.905335,-1.359913,1.684366,-1.227397,0.001294,-0.018027,-0.234362,-1.326849,-1.204062,1.203700,0.022856,0.001253
13.100000,-0.016614,0.027880,-0.022328,-0.909100,-1.353285,1.701037,-1.245733,-0.001241,-0.013890,-0.192564,-1.320666,-1.110888,1.121626,0.022698,0.009650
13.133333,-0.017222,0.024237,-0.012038,-0.910341,-1.345057,1.693821,-1.258219,-0.008338,-0.014393,-0.145653,-1.281259,-1.017227,1.021626,0.017336,0.010465
13.166667,-0.019085,0.028968,-0.010753,-0.906164,-1.330345,1.700849,-1.252091,-0.011015,-0.012220,-0.111169,-1.221973,-0.917227,0.942832,0.009113,0.011859
13.200000,-0.021437,0.029448,-0.008000,-0.917743,-1.306440,1.734531,-1.252805,-0.007836,-0.012892,-0.081306,-1.137221,-0.817227,0.904038,0.009228,0.018816
13.233333,-0.015290,0.019394,-0.002915,-0.927353,-1.288666,1.753759,-1.240954,-0.008054,-0.015649,-0.070230,-1.076436,-0.717227,0.905244,0.010515,0.017897
13.266667,-0.013140,0.018587,-0.007179,-0.927064,-1.270074,1.758536,-1.210796,0.000286,-0.013098,-0.041027,-1.025177,-0.617227,0.946450,0.002155,0.012398
13.300000,-0.010888,0.017950,-0.011740,-0.932442,-1.272936,1.781830,-1.195465,0.001743,-0.017118,-0.024725,-0.977145,-0.517227,1.027656,0.003586,0.013134
13.333333,-0.011513,0.008937,-0.007418,-0.949322,-1.275730,1.788186,-1.196898,0.004152,-0.017898,-0.021389,-0.968568,-0.417227,1.127656,0.010050,0.008582
13.366667,-0.005049,0.005864,-0.007192,-0.962793,-1.271206,1.772499,-1.203404,0.000075,-0.014716,-0.051607,-0.995023,-0.321133,1.211820,0.004384,-0.001761
13.400000,-0.010538,0.007656,-0.007050,-0.975551,-1.276409,1.777065,-1.224944,0.004256,-0.013411,-0.098710,-1.034822,-0.265040,1.259064,0.001364,-0.001814
13.433333,-0.012436,0.007877,-0.000862,-0.976332,-1.269160,1.774406,-1.247331,-0.001338,-0.017304,-0.169423,-1.068212,-0.248946,1.273093,0.011863,-0.003842
13.466667,-0.006289,0.010433,0.005024,-0.962748,-1.251881,1.775448,-1.250624,0.002938,-0.009627,-0.254814,-1.122956,-0.272852,1.254182,0.006510,0.001818
13.500000,-0.000084,0.013971,0.008214,-0.949621,-1.250479,1.761374,-1.263579,0.002193,-0.014362,-0.329080,-1.173250,-0.336759,1.203607,0.005551,0.003796
13.533333,-0.007845,0.015924,0.002564,-0.932015,-1.262254,1.753400,-1.275034,0.001010,-0.018973,-0.368602,-1.201961,-0.436759,1.141421,0.010441,0.011908
13.566667,-0.010219,0.023298,-0.000895,-0.934081,-1.251647,1.744950,-1.282447,0.000748,-0.010500,-0.368124,-1.230672,-0.536759,1.076157,0.012787,0.022036
13.600000,-0.005892,0.024881,-0.001505,-0.941636,-1.252624,1.734353,-1.285918,-0.000439,-0.005007,-0.331255,-1.282759,-0.596759,1.004107,0.009350,0.028454
13.633333,-0.013293,0.021213,-0.008002,-0.947016,-1.262174,1.706048,-1.300986,-0.002291,-0.012173,-0.280451,-1.321782,-0.616759,0.924997,0.016345,0.022145
13.666667,-0.012133,0.019626,-0.020329,-0.937372,-1.252726,1.697984,-1.290391,0.001780,-0.008358,-0.231948,-1.351565,-0.596759,0.837552,0.019880,0.024284
13.700000,-0.009244,0.018592,-0.011249,-0.924889,-1.240591,1.681443,-1.271635,0.003450,-0.006110,-0.201054,-1.387899,-0.536759,0.737552,0.024361,0.027378
13.733333,-0.004875,0.010905,-0.007815,-0.874328,-1.240255,1.637569,-1.224865,0.002792,-0.014554,-0.188436,-1.404233,-0.436759,0.637552,0.024018,0.016764
13.766667,-0.009373,0.013147,-0.011915,-0.813729,-1.254322,1.577518,-1.175229,0.003549,-0.013221,-0.197718,-1.396711,-0.376759,0.577552,0.024068,0.016712
13.800000,-0.008350,0.013147,-0.009005,-0.742435,-1.276830,1.505411,-1.100445,0.001071,-0.013697,-0.199980,-1.387747,-0.356759,0.557552,0.024182,0.015502
13.833333,-0.010856,0.013673,-0.001827,-0.658882,-1.293751,1.412450,-1.028784,-0.003367,-0.015800,-0.225326,-1.357287,-0.376759,0.577552,0.020300,0.012300
13.866667,-0.017171,0.018702,-0.004922,-0.594907,-1.295328,1.312450,-0.976525,-0.003177,-0.012532,-0.266350,-1.307539,-0.436759,0.637552,0.013252,0.004107
13.900000,-0.019095,0.020767,-0.004371,-0.565868,-1.301801,1.252450,-0.963368,0.000262,-0.013211,-0.329097,-1.257015,-0.536759,0.737552,0.013558,0.003696
13.933333,-0.018370,0.016213,-0.001018,-0.575408,-1.286086,1.232450,-0.982412,0.004532,-0.016065,-0.397856,-1.217486,-0.636759,0.837552,0.016661,0.002206
13.966667,-0.019716,0.020922,-0.004620,-0.624948,-1.265831,1.252450,-1.038586,0.005701,-0.012707,-0.482424,-1.181276,-0.736759,0.937552,0.009402,0.005558
14.000000,-0.024616,0.020243,-0.006772,-0.714488,-1.256833,1.312450,-1.109795,0.007649,-0.013103,-0.542884,-1.164826,-0.836759,1.037552,0.012420,0.004751
14.033333,-0.014411,0.016556,-0.007428,-0.794334,-1.251785,1.412450,-1.159854,0.004738,-0.019601,-0.589408,-1.171488,-0.936759,1.137552,0.014060,0.001816
14.066667,-0.010428,0.017039,-0.011421,-0.865289,-1.242853,1.512450,-1.186950,0.004818,-0.015172,-0.615820,-1.194016,-1.036759,1.227057,0.002049,0.004006
14.100000,-0.011332,0.017654,-0.013210,-0.908751,-1.251612,1.592052,-1.197141,0.002286,-0.020945,-0.621086,-1.198803,-1.136759,1.276561,-0.001756,0.003714
14.133333,-0.008630,0.012945,-0.010308,-0.923278,-1.243091,1.644583,-1.183159,-0.001596,-0.022985,-0.618302,-1.200311,-1.236759,1.299760,0.004223,-0.003726
14.166667,-0.001786,0.011011,-0.010645,-0.918314,-1.237086,1.664693,-1.165908,-0.007056,-0.030559,-0.619959,-1.212144,-1.336759,1.294592,-0.002118,-0.007302
14.200000,-0.004278,0.010339,-0.009486,-0.897771,-1.243909,1.653052,-1.140483,-0.003235,-0.031185,-0.615951,-1.221105,-1.436759,1.271733,0.000354,-0.001342
14.233333,-0.008423,0.013629,-0.003559,-0.859383,-1.245658,1.627573,-1.106217,-0.004371,-0.036466,-0.614662,-1.213286,-1.511632,1.235398,0.013340,-0.001240
14.266667,0.000828,0.020221,0.002162,-0.824191,-1.230493,1.582491,-1.056654,-0.000815,-0.022383,-0.612801,-1.233481,-1.568173,1.221849,0.009389,0.000275
14.300000,-0.002301,0.022888,0.006307,-0.784611,-1.248019,1.524482,-1.026847,0.001440,-0.021429,-0.611244,-1.243780,-1.608167,1.204724,0.006012,0.005519
14.333333,-0.008992,0.024267,-0.000183,-0.740566,-1.254472,1.468147,-0.995429,0.009101,-0.019522,-0.605867,-1.245449,-1.625122,1.204983,0.009748,0.010189
14.366667,-0.010968,0.030601,-0.000493,-0.710895,-1.254346,1.422276,-0.966936,0.006056,-0.012641,-0.607395,-1.240494,-1.626036,1.222935,0.013598,0.013686
14.400000,-0.008958,0.025027,-0.001618,-0.677545,-1.270739,1.351911,-0.954668,0.002780,-0.012923,-0.606556,-1.238016,-1.633751,1.224857,0.011307,0.011664
14.433333,-0.019093,0.021013,-0.010453,-0.659887,-1.284191,1.321546,-0.975671,-0.000830,-0.021070,-0.621147,-1.207359,-1.634302,1.233482,0.019477,0.011543
14.466667,-0.019248,0.022098,-0.016366,-0.675554,-1.273972,1.331181,-1.003963,-0.000747,-0.021732,-0.633350,-1.194052,-1.651400,1.268446,0.019737,0.018781
14.500000,-0.022709,0.021040,-0.007038,-0.715174,-1.266352,1.371561,-1.044992,-0.003038,-0.016470,-0.659982,-1.181389,-1.689662,1.303350,0.017767,0.016466
14.533333,-0.021877,0.016184,-0.007869,-0.750042,-1.254056,1.433228,-1.106310,0.000853,-0.018029,-0.683168,-1.173539,-1.728337,1.322620,0.013017,0.011137
14.566667,-0.023538,0.014517,-0.006601,-0.820388,-1.229562,1.530005,-1.183208,0.007301,-0.010507,-0.725226,-1.154508,-1.757694,1.381890,0.008636,0.016448
14.600000,-0.023735,0.009234,-0.001396,-0.900759,-1.194882,1.604467,-1.265424,0.009538,-0.016174,-0.776080,-1.144194,-1.785654,1.441499,0.005296,0.013296
14.633333,-0.022643,0.005803,0.004897,-0.958062,-1.144564,1.643015,-1.329739,0.007871,-0.014967,-0.813708,-1.115515,-1.773615,1.483798,0.008100,0.000425
14.666667,-0.021321,0.010054,0.002442,-0.975365,-1.080062,1.641562,-1.370091,0.009778,-0.012115,-0.820746,-1.065967,-1.723449,1.498639,0.005627,-0.003231
14.700000,-0.022289,0.012254,0.004087,-0.972296,-1.009267,1.600110,-1.379412,0.007671,-0.015501,-0.805380,-0.999926,-1.648913,1.489115,0.006934,-0.003402
14.733333,-0.018727,0.014702,-0.001927,-0.929227,-0.942469,1.521881,-1.348734,0.004067,-0.022699,-0.750904,-0.964282,-1.562019,1.448903,0.012138,-0.012493
14.766667,-0.018531,0.020837,-0.010038,-0.846158,-0.915671,1.425967,-1.279467,0.000110,-0.022848,-0.662399,-0.918341,-1.462019,1.378863,0.012037,-0.012080
14.800000,-0.021047,0.026580,-0.013178,-0.746158,-0.919128,1.325967,-1.188100,-0.000056,-0.025490,-0.562399,-0.878720,-1.362019,1.289676,0.011842,-0.010152
14.833333,-0.022511,0.027007,-0.010533,-0.646158,-0.927097,1.225967,-1.089555,-0.001203,-0.030780,-0.462399,-0.848602,-1.262019,1.198988,0.010891,-0.001415
14.866667,-0.019758,0.031438,-0.008559,-0.546158,-0.949816,1.125967,-0.989555,0.000525,-0.025606,-0.362399,-0.849512,-1.162019,1.122513,0.007381,0.002123
14.900000,-0.022749,0.035547,-0.002490,-0.446158,-0.980898,1.025967,-0.889555,-0.001574,-0.025347,-0.278756,-0.810421,-1.062019,1.061536,0.006620,0.007387
14.933333,-0.022168,0.035162,0.005457,-0.358676,-0.991980,0.925967,-0.789555,0.000608,-0.024379,-0.215113,-0.786627,-0.962019,1.020558,0.006210,0.007553
14.966667,-0.016867,0.029097,0.009072,-0.299373,-1.012807,0.825967,-0.689555,0.010392,-0.021726,-0.191470,-0.794589,-0.862019,0.979581,0.009330,0.010618
15.000000,-0.008279,0.025260,0.011734,-0.271531,-1.069121,0.725967,-0.614158,0.012208,-0.013457,-0.200849,-0.827553,-0.762019,0.938604,0.007620,0.010086
15.033333,-0.007324,0.016421,0.009560,-0.262775,-1.139539,0.625967,-0.561749,0.012668,-0.016342,-0.223533,-0.866838,-0.662019,0.883413,0.009007,0.008601
15.066667,-0.010754,0.012435,0.005445,-0.276537,-1.208422,0.525967,-0.542888,0.015454,-0.014163,-0.253673,-0.946123,-0.562019,0.803414,0.008333,0.007651
15.100000,-0.008357,0.007663,0.001549,-0.309743,-1.264362,0.465966,-0.564026,0.014159,-0.012661,-0.296311,-1.046123,-0.502019,0.730123,0.005191,0.010807
15.133333,-0.011179,0.007663,-0.001259,-0.338567,-1.310134,0.429985,-0.613283,0.007334,-0.014615,-0.327905,-1.137332,-0.480812,0.687412,-0.002211,0.010849
15.166667,-0.021351,0.007914,-0.013125,-0.346771,-1.334694,0.427644,-0.644930,0.008425,-0.024349,-0.366477,-1.188541,-0.499604,0.684701,0.001376,0.003998
15.200000,-0.019750,0.011586,-0.016643,-0.369427,-1.337739,0.436674,-0.659355,0.012143,-0.027550,-0.431744,-1.231977,-0.558397,0.721990,0.005058,0.010821
15.233333,-0.013640,0.009257,-0.013045,-0.381187,-1.344879,0.452435,-0.660732,0.011830,-0.029829,-0.504524,-1.252672,-0.657189,0.799280,0.001393,0.013127
15.266667,-0.019382,0.010235,-0.015610,-0.360985,-1.367031,0.428196,-0.622110,0.015061,-0.035295,-0.567166,-1.240157,-0.755982,0.889860,-0.005243,0.011867
15.300000,-0.018919,0.018518,-0.016169,-0.356451,-1.376290,0.379939,-0.555369,0.018398,-0.031462,-0.636425,-1.236432,-0.855982,0.989860,-0.001900,0.016691
15.333333,-0.013231,0.018618,-0.007147,-0.355620,-1.386647,0.298821,-0.481636,0.015338,-0.025133,-0.684309,-1.250027,-0.955982,1.074291,-0.002435,0.021757
15.366667,-0.010202,0.017693,-0.004791,-0.337428,-1.380936,0.212381,-0.402135,0.015610,-0.018294,-0.710167,-1.245433,-1.055982,1.136398,-0.009594,0.012930
15.400000,-0.009417,0.027283,-0.005352,-0.332897,-1.382247,0.148554,-0.323315,0.012404,-0.015966,-0.721155,-1.233828,-1.155982,1.184484,-0.012075,0.021083
15.433333,-0.002780,0.024649,0.001169,-0.345829,-1.380429,0.096272,-0.262222,0.013603,-0.009740,-0.739553,-1.252434,-1.255982,1.219240,-0.002194,0.018772
15.466667,0.002864,0.020117,0.003474,-0.338539,-1.374352,0.067939,-0.228644,0.010165,-0.011613,-0.754021,-1.251799,-1.355982,1.229929,0.001116,0.014318
15.500000,0.008577,0.019267,0.002829,-0.342415,-1.377527,0.063251,-0.220490,0.011673,-0.007819,-0.763999,-1.243449,-1.455982,1.235785,-0.000328,0.021409
15.533333,0.002699,0.018649,0.004027,-0.345387,-1.396414,0.066724,-0.227659,0.004382,-0.008753,-0.774630,-1.253162,-1.532244,1.247658,0.001552,0.022582
15.566667,0.006239,0.012394,0.006412,-0.346021,-1.397173,0.056112,-0.238689,0.011000,-0.004667,-0.791114,-1.285379,-1.590417,1.261622,0.002643,0.014772
15.600000,0.008456,0.015365,0.009493,-0.348482,-1.398990,0.057163,-0.251497,0.013240,0.001464,-0.802398,-1.297550,-1.632214,1.261111,-0.001343,0.016704
15.633333,0.003075,0.011615,0.007707,-0.344288,-1.401094,0.055459,-0.270923,0.015102,0.002173,-0.788591,-1.292945,-1.649437,1.244667,-0.006698,0.018826
15.666667,0.001625,0.011007,0.009462,-0.331167,-1.390204,0.065308,-0.283406,0.014899,0.000147,-0.783287,-1.305151,-1.638140,1.229373,-0.006600,0.007389
15.700000,0.007878,0.008020,0.008048,-0.320239,-1.382000,0.066843,-0.315214,0.017958,-0.006993,-0.767090,-1.316172,-1.620376,1.190386,-0.008179,0.007612
15.733333,0.001464,0.004367,0.006758,-0.307567,-1.373361,0.070960,-0.353260,0.012051,-0.007878,-0.728584,-1.299763,-1.580702,1.123330,-0.003561,0.005806
15.766667,-0.005931,0.006046,-0.001453,-0.280836,-1.348797,0.074852,-0.390514,0.011615,-0.006087,-0.665509,-1.281749,-1.517403,1.044079,-0.005411,0.005362
15.800000,-0.007952,0.010679,0.000189,-0.272231,-1.328064,0.071320,-0.433635,0.010008,0.002056,-0.595880,-1.297172,-1.438678,0.964827,-0.005521,0.007972
15.833333,-0.013877,0.009488,-0.003246,-0.257324,-1.319249,0.044511,-0.487022,0.010349,-0.002420,-0.514097,-1.305689,-1.348474,0.869064,-0.001640,0.009422
15.866667,-0.022252,0.009488,-0.010480,-0.236773,-1.300757,0.031556,-0.528902,0.014721,-0.000133,-0.429702,-1.283289,-1.248474,0.788699,0.005617,0.013553
15.900000,-0.020348,0.016251,-0.011697,-0.221859,-1.277244,0.018775,-0.564641,0.017788,-0.002661,-0.355058,-1.290665,-1.148474,0.724846,0.006136,0.017913
15.933333,-0.020356,0.013547,-0.009241,-0.218271,-1.268920,-0.003245,-0.602086,0.013361,-0.011384,-0.298182,-1.282690,-1.048474,0.669426,0.010492,0.015312
15.966667,-0.018632,0.014892,-0.017995,-0.211399,-1.245628,-0.003982,-0.613651,0.023401,-0.015285,-0.270206,-1.262499,-0.948474,0.645866,0.014463,0.008983
16.000000,-0.014562,0.019781,-0.018547,-0.216742,-1.218467,-0.000060,-0.607456,0.023382,-0.009746,-0.241627,-1.229941,-0.848474,0.628074,0.014670,0.013704
16.033333,-0.011615,0.022979,-0.011948,-0.222798,-1.212205,-0.011620,-0.589344,0.018599,-0.005628,-0.229270,-1.219650,-0.748474,0.603517,0.008968,0.008480
16.066667,-0.014723,0.024109,-0.015532,-0.222437,-1.211385,-0.021139,-0.559234,0.016523,-0.002509,-0.229848,-1.188436,-0.648474,0.585381,0.008009,0.002394
16.100000,-0.011299,0.026687,-0.012583,-0.235240,-1.212183,-0.004403,-0.529180,0.015498,0.000153,-0.240990,-1.174309,-0.548474,0.583090,0.007886,0.008358
16.133333,-0.013292,0.023840,-0.004679,-0.239523,-1.212641,-0.020420,-0.500465,0.005522,-0.001884,-0.235977,-1.151212,-0.448474,0.554897,0.003320,0.009738
16.166667,-0.013492,0.029819,-0.003610,-0.240566,-1.210452,-0.015915,-0.473535,0.003389,-0.001330,-0.242210,-1.133569,-0.348474,0.541893,-0.004661,0.011548
16.200000,-0.016255,0.030058,-0.001548,-0.248078,-1.200660,-0.004462,-0.457188,0.009238,-0.002051,-0.245943,-1.119370,-0.251383,0.535271,-0.007578,0.018574
16.233333,-0.010872,0.022166,0.001358,-0.256676,-1.187213,0.003452,-0.453526,0.009006,-0.007511,-0.250065,-1.122107,-0.168889,0.530718,-0.005676,0.019743
16.266667,-0.007726,0.021055,-0.001555,-0.253432,-1.175007,-0.011260,-0.429390,0.015772,-0.005281,-0.243639,-1.130648,-0.096880,0.527283,-0.015723,0.014101
16.300000,-0.002105,0.018935,-0.004027,-0.253851,-1.182930,-0.001332,-0.420869,0.017053,-0.007260,-0.248095,-1.127941,-0.055131,0.534704,-0.016713,0.015416
16.333333,-0.002822,0.009485,0.000607,-0.260731,-1.189018,-0.009047,-0.418918,0.019393,-0.007535,-0.249522,-1.148199,-0.029302,0.548841,-0.010154,0.010474
16.366667,0.004291,0.006048,-0.000346,-0.273776,-1.192033,-0.015645,-0.408060,0.015254,-0.004848,-0.262123,-1.160793,-0.020013,0.581938,-0.013069,-0.001052
16.400000,0.001549,0.007994,-0.001400,-0.284485,-1.210994,-0.008422,-0.389039,0.017773,-0.003226,-0.264773,-1.174197,-0.016494,0.590289,-0.015718,0.001063
16.433333,-0.000674,0.007982,0.002044,-0.289639,-1.218645,0.019749,-0.380822,0.011946,-0.006798,-0.268171,-1.166875,-0.031254,0.585060,-0.003377,-0.000321
16.466667,0.004790,0.009928,0.005537,-0.295899,-1.222296,0.060981,-0.368109,0.015277,-0.000879,-0.273695,-1.185751,-0.045303,0.578326,-0.005481,0.005244
16.500000,0.009064,0.011979,0.007917,-0.316238,-1.241397,0.121974,-0.376054,0.014007,-0.005881,-0.293440,-1.204198,-0.068323,0.551228,-0.006072,0.008491
16.533333,-0.003502,0.013093,0.003079,-0.347461,-1.268091,0.210632,-0.411100,0.008289,-0.012738,-0.311323,-1.217179,-0.106016,0.525931,-0.001229,0.018105
16.566667,-0.008191,0.018984,0.003200,-0.399515,-1.260637,0.308954,-0.468482,0.008277,-0.004574,-0.356077,-1.232287,-0.163343,0.540378,-0.000437,0.026156
16.600000,-0.005950,0.019037,0.004614,-0.479242,-1.256664,0.408954,-0.555061,0.008657,-0.001701,-0.422301,-1.266892,-0.231907,0.583009,-0.002397,0.033163
16.633333,-0.015199,0.016080,0.001118,-0.575295,-1.253762,0.508954,-0.655061,0.010420,-0.010134,-0.502773,-1.278566,-0.310921,0.650331,0.003784,0.027553
16.666667,-0.014506,0.015301,-0.008888,-0.671348,-1.232108,0.608954,-0.755061,0.014390,-0.007998,-0.590926,-1.281798,-0.405045,0.746107,0.007052,0.028577
16.700000,-0.005713,0.014398,0.000261,-0.762514,-1.207814,0.708954,-0.855061,0.019317,-0.004689,-0.690926,-1.287931,-0.505045,0.846107,0.011884,0.030445
16.733333,0.000790,0.006562,0.002774,-0.820331,-1.199870,0.808954,-0.955061,0.016193,-0.012600,-0.784306,-1.281833,-0.605045,0.946108,0.016137,0.021521
16.766667,-0.003090,0.009127,-0.001167,-0.838705,-1.201178,0.908954,-1.044715,0.016121,-0.011585,-0.837686,-1.265147,-0.705045,1.046108,0.016162,0.019879
16.800000,-0.002496,0.009127,0.002014,-0.817079,-1.197854,1.008954,-1.131706,0.008169,-0.010779,-0.851065,-1.256459,-0.805045,1.146107,0.016812,0.020203
16.833333,-0.005608,0.010711,0.007600,-0.755454,-1.192563,1.098658,-1.178697,0.002446,-0.009535,-0.824445,-1.238752,-0.889018,1.212663,0.019432,0.017922
16.866667,-0.014492,0.017165,0.004219,-0.662662,-1.190827,1.148361,-1.185688,0.003756,-0.003808,-0.757825,-1.219788,-0.932992,1.239218,0.016756,0.007646
16.900000,-0.016963,0.022041,0.002723,-0.563220,-1.206650,1.158065,-1.152679,0.006264,-0.007350,-0.657825,-1.208815,-0.936965,1.225774,0.015622,0.007322
16.933333,-0.018385,0.020420,0.004551,-0.468348,-1.215523,1.127768,-1.090015,0.006887,-0.010195,-0.562826,-1.213879,-0.900939,1.172329,0.016726,0.007791
16.966667,-0.019404,0.026506,-0.000939,-0.404994,-1.239424,1.057472,-0.990015,0.008363,-0.007590,-0.492574,-1.221850,-0.824912,1.078884,0.008603,0.009176
17.000000,-0.023786,0.026862,-0.002988,-0.361765,-1.268493,0.957472,-0.890015,0.009024,-0.013125,-0.433038,-1.238979,-0.724912,0.978884,0.003219,0.007835
17.033333,-0.011339,0.024372,-0.002148,-0.354972,-1.283634,0.857472,-0.822661,0.003980,-0.024971,-0.404555,-1.268722,-0.624912,0.878884,-0.000528,0.006261
17.066667,-0.008588,0.024918,-0.004327,-0.388179,-1.275382,0.791405,-0.795307,0.004852,-0.019111,-0.415922,-1.298343,-0.564912,0.794760,-0.013668,0.009574
17.100000,-0.008225,0.024359,-0.003477,-0.456258,-1.276754,0.765338,-0.807952,0.005131,-0.023264,-0.447654,-1.300849,-0.544912,0.746406,-0.017638,0.010412
17.133333,-0.006237,0.018272,0.000493,-0.532820,-1.252153,0.779271,-0.860598,0.004169,-0.027040,-0.494637,-1.289469,-0.564912,0.738051,-0.010527,0.004535
17.166667,0.001839,0.014038,0.001385,-0.629255,-1.229716,0.833205,-0.953244,-0.000536,-0.029086,-0.570906,-1.274440,-0.624912,0.769696,-0.013543,0.002347
17.200000,-0.001619,0.010604,0.003477,-0.729255,-1.221850,0.927138,-1.048456,0.002026,-0.025105,-0.656121,-1.253375,-0.724912,0.841342,-0.009146,0.010842
17.233333,-0.005190,0.011623,0.009665,-0.813642,-1.219935,1.027138,-1.115638,0.000463,-0.027802,-0.723068,-1.221554,-0.824912,0.937111,0.002168,0.011535
17.266667,0.007119,0.018006,0.013822,-0.890726,-1.204885,1.127138,-1.149833,0.002858,-0.013107,-0.778311,-1.226877,-0.924912,1.037111,0.001227,0.015299
17.300000,0.006174,0.019635,0.018117,-0.945880,-1.222945,1.227138,-1.184027,0.003591,-0.010147,-0.825938,-1.229573,-1.024912,1.137111,-0.001501,0.018926
17.333333,-0.001202,0.020646,0.012290,-0.979623,-1.232458,1.314898,-1.202992,0.013109,-0.010167,-0.851157,-1.234396,-1.124912,1.237111,0.002323,0.023439
17.366667,-0.002875,0.025621,0.011112,-0.992553,-1.235206,1.386928,-1.186745,0.008688,-0.004766,-0.857979,-1.238339,-1.224912,1.333720,0.004084,0.025619
17.400000,-0.002418,0.019824,0.008995,-0.981098,-1.253520,1.433710,-1.169251,0.007043,-0.007611,-0.860940,-1.245491,-1.324912,1.390328,0.004059,0.025269
17.433333,-0.012144,0.015591,0.000219,-0.936944,-1.276950,1.440491,-1.145761,0.003365,-0.018162,-0.853120,-1.226434,-1.424912,1.406937,0.010713,0.021446
17.466667,-0.014479,0.017250,-0.007419,-0.874720,-1.290660,1.407272,-1.082271,0.004813,-0.017184,-0.812917,-1.234213,-1.493246,1.383546,0.009483,0.028777
17.500000,-0.013774,0.017096,-0.001796,-0.793906,-1.315334,1.346293,-0.994010,0.001850,-0.012461,-0.755121,-1.248657,-1.521580,1.320154,0.008253,0.025489
17.533333,-0.013386,0.014915,-0.004729,-0.693906,-1.342538,1.261045,-0.905749,0.007952,-0.014661,-0.675723,-1.269108,-1.509913,1.220154,0.007122,0.022962
17.566667,-0.014098,0.014560,-0.005308,-0.593906,-1.361424,1.161044,-0.807837,0.013260,-0.008041,-0.578604,-1.286877,-1.458247,1.120154,0.000361,0.024323
17.600000,-0.016087,0.010102,-0.002940,-0.507412,-1.377999,1.061044,-0.712606,0.013973,-0.013487,-0.496630,-1.319894,-1.366580,1.020154,-0.004225,0.022218
17.633333,-0.013702,0.008370,0.002860,-0.442772,-1.368925,0.961044,-0.630181,0.012841,-0.017120,-0.441938,-1.332711,-1.266580,0.920154,-0.002662,0.013673
17.666667,-0.012679,0.012885,0.001374,-0.395767,-1.358356,0.861045,-0.551290,0.013836,-0.016045,-0.410447,-1.347804,-1.166580,0.820154,-0.006811,0.011199
17.700000,-0.014760,0.010881,0.003547,-0.365631,-1.353846,0.761045,-0.487877,0.013164,-0.020162,-0.388914,-1.355338,-1.066580,0.720154,-0.008186,0.010598
17.733333,-0.009715,0.010735,-0.000103,-0.349247,-1.341011,0.661044,-0.432069,0.013622,-0.024751,-0.401285,-1.370157,-0.966580,0.635091,-0.006316,0.004725
17.766667,-0.008124,0.012816,-0.005618,-0.343253,-1.345123,0.561044,-0.403122,0.013227,-0.023530,-0.402733,-1.378791,-0.866580,0.564302,-0.007482,0.007123
17.800000,-0.008496,0.014569,-0.007203,-0.337038,-1.360149,0.461044,-0.383986,0.012503,-0.022406,-0.404751,-1.391732,-0.766580,0.529171,-0.008366,0.007677
17.833333,-0.011354,0.011704,-0.004718,-0.335451,-1.358559,0.361044,-0.382335,0.011914,-0.025343,-0.410032,-1.387231,-0.690221,0.520932,-0.009733,0.016463
17.866667,-0.009273,0.017234,-0.003778,-0.349961,-1.350396,0.264513,-0.387623,0.012438,-0.018090,-0.441260,-1.393970,-0.653861,0.552693,-0.013352,0.019639
17.900000,-0.014487,0.019198,-0.000222,-0.363479,-1.357167,0.207981,-0.418554,0.007564,-0.018651,-0.478585,-1.378680,-0.657502,0.609518,-0.010983,0.023124
17.933333,-0.016302,0.017487,0.005952,-0.373103,-1.351103,0.182385,-0.438926,0.008074,-0.017557,-0.533100,-1.363391,-0.701142,0.692069,-0.009698,0.021691
17.966667,-0.015393,0.014177,0.006609,-0.401093,-1.333268,0.196788,-0.476680,0.014159,-0.018413,-0.599766,-1.334521,-0.784783,0.778961,-0.001726,0.021942
18.000000,-0.008507,0.012899,0.007603,-0.446821,-1.329292,0.251192,-0.533417,0.015185,-0.013086,-0.679966,-1.301888,-0.884783,0.878961,0.000212,0.019095
18.033333,-0.007460,0.005930,0.003789,-0.499582,-1.323032,0.342127,-0.607735,0.013435,-0.019423,-0.739193,-1.263506,-0.984783,0.978961,0.007516,0.013866
18.066667,-0.011217,0.006810,-0.000685,-0.579582,-1.304155,0.433063,-0.687735,0.011074,-0.017606,-0.782934,-1.228723,-1.084783,1.076162,0.011473,0.010327
18.100000,-0.008735,0.005962,-0.004372,-0.679582,-1.275719,0.533063,-0.769988,0.006412,-0.019509,-0.817153,-1.201905,-1.184783,1.144027,0.012687,0.011031
18.133333,-0.010943,0.005962,-0.006458,-0.766221,-1.278617,0.633063,-0.834720,-0.002307,-0.019259,-0.831170,-1.195888,-1.284783,1.190719,0.006280,0.010216
18.166667,-0.022664,0.006660,-0.019158,-0.820894,-1.276852,0.733063,-0.873673,-0.002340,-0.030623,-0.825254,-1.183146,-1.384783,1.217687,0.010604,0.003162
18.200000,-0.023774,0.009518,-0.021912,-0.873171,-1.266134,0.833063,-0.893139,-0.001020,-0.032561,-0.822589,-1.181988,-1.484783,1.226969,0.009959,0.014177
18.233333,-0.020412,0.007173,-0.018779,-0.898781,-1.269844,0.933063,-0.896741,0.001537,-0.035735,-0.820329,-1.191070,-1.569133,1.216539,0.006105,0.017920
18.266667,-0.025332,0.008915,-0.024335,-0.889881,-1.289575,1.033063,-0.896041,0.009574,-0.043319,-0.813565,-1.176641,-1.618569,1.209744,0.003221,0.019226
18.300000,-0.026217,0.016727,-0.026653,-0.892565,-1.288013,1.133063,-0.892416,0.014645,-0.040946,-0.818986,-1.181411,-1.665191,1.224123,0.005850,0.025746
18.333333,-0.020953,0.016466,-0.016491,-0.903117,-1.290739,1.233063,-0.896974,0.010511,-0.036028,-0.819378,-1.194231,-1.687949,1.223866,0.006120,0.028439
18.366667,-0.017509,0.016857,-0.014996,-0.887864,-1.279618,1.333063,-0.884343,0.017192,-0.029147,-0.816706,-1.185733,-1.688419,1.216493,-0.000565,0.015413
18.400000,-0.013133,0.026083,-0.015645,-0.889775,-1.276358,1.433063,-0.884433,0.010757,-0.026721,-0.808583,-1.167236,-1.702104,1.216918,-0.004255,0.018530
18.433333,-0.010581,0.024253,-0.007823,-0.904444,-1.264010,1.515579,-0.889878,0.007921,-0.016339,-0.816665,-1.179793,-1.714538,1.230901,0.000184,0.014418
18.466667,-0.006533,0.020692,-0.004640,-0.898972,-1.256220,1.578879,-0.898688,0.005476,-0.019519,-0.823961,-1.174677,-1.713789,1.227777,0.001346,0.007246
18.500000,-0.002710,0.020643,-0.005145,-0.907306,-1.258925,1.634710,-0.913504,0.008066,-0.015282,-0.831645,-1.162023,-1.730766,1.238765,0.001000,0.017428
18.533333,-0.005425,0.019057,-0.002672,-0.922097,-1.275365,1.661277,-0.944954,-0.002662,-0.018094,-0.840296,-1.168881,-1.737681,1.262294,0.005798,0.023452
18.566667,-0.001247,0.014464,-0.000071,-0.930792,-1.269935,1.667205,-0.971546,0.006325,-0.012004,-0.854053,-1.197170,-1.727536,1.300437,0.010098,0.022462
18.600000,-0.000629,0.017013,0.005264,-0.949897,-1.265972,1.673400,-1.009686,0.009015,-0.005746,-0.868989,-1.206741,-1.735584,1.339495,0.007661,0.025059
18.633333,-0.004151,0.013108,0.005486,-0.974846,-1.250386,1.658810,-1.064909,0.008947,-0.003582,-0.860860,-1.200159,-1.724128,1.374697,0.004478,0.024162
18.666667,-0.002878,0.012582,0.007983,-1.004423,-1.216741,1.636230,-1.131720,0.007854,-0.003395,-0.877302,-1.215277,-1.686960,1.430146,0.001895,0.010566
18.700000,0.000166,0.010825,0.007034,-1.050648,-1.182823,1.613333,-1.218574,0.007800,-0.012513,-0.908153,-1.226471,-1.658895,1.482916,0.001836,0.008220
18.733333,-0.009125,0.006957,0.007428,-1.091791,-1.154334,1.578585,-1.307877,0.002036,-0.017347,-0.921248,-1.214285,-1.617964,1.515785,0.002401,0.002835
18.766667,-0.010619,0.008567,0.000797,-1.115468,-1.114064,1.537701,-1.372256,0.000693,-0.016191,-0.924994,-1.195046,-1.560643,1.536939,-0.001560,-0.000598
18.800000,-0.009338,0.013102,0.003119,-1.151701,-1.087716,1.517643,-1.426789,0.000120,-0.009648,-0.943350,-1.204701,-1.516204,1.559514,0.000351,0.007513
18.833333,-0.012624,0.011615,-0.000216,-1.165963,-1.078266,1.485600,-1.469024,-0.001484,-0.015344,-0.944997,-1.201205,-1.483320,1.564573,0.003703,0.010931
18.866667,-0.020492,0.011615,-0.006175,-1.150807,-1.068611,1.453973,-1.487639,0.004569,-0.008678,-0.925314,-1.170807,-1.443472,1.564573,0.007477,0.013584
18.900000,-0.017935,0.017890,-0.008213,-1.118926,-1.055596,1.417640,-1.495225,0.007834,-0.011924,-0.915803,-1.172259,-1.416550,1.545987,0.010164,0.016452
18.933333,-0.020257,0.014316,-0.007996,-1.075853,-1.053265,1.364662,-1.507654,0.002906,-0.022991,-0.887988,-1.166019,-1.384291,1.510343,0.016559,0.012455
18.966667,-0.020915,0.015811,-0.018838,-0.996299,-1.034034,1.290859,-1.491960,0.010206,-0.028969,-0.837433,-1.147834,-1.334651,1.454240,0.019257,0.005333
19.000000,-0.018643,0.020991,-0.019694,-0.904379,-0.999309,1.204499,-1.448605,0.011833,-0.020876,-0.763585,-1.114268,-1.265305,1.375653,0.019200,0.012084
19.033333,-0.014121,0.024294,-0.014131,-0.806975,-0.980181,1.107305,-1.391605,0.009040,-0.019118,-0.680576,-1.093094,-1.186171,1.277067,0.013353,0.006851
19.066667,-0.017566,0.026617,-0.017847,-0.706975,-0.964213,1.007305,-1.311185,0.006871,-0.013177,-0.580576,-1.041851,-1.086471,1.177067,0.008519,0.004558
19.100000,-0.015354,0.030636,-0.013588,-0.606975,-0.948224,0.907305,-1.215993,0.007054,-0.008488,-0.480576,-1.001908,-0.986471,1.100598,0.006054,0.012453
19.133333,-0.016164,0.028311,-0.004267,-0.506975,-0.936453,0.807305,-1.118768,-0.000475,-0.006617,-0.380576,-0.951503,-0.886471,1.024194,0.000257,0.013734
19.166667,-0.018326,0.034650,-0.002429,-0.411695,-0.945112,0.707305,-1.021502,-0.002751,-0.007538,-0.306828,-0.923199,-0.786471,0.947790,-0.005434,0.012890
19.200000,-0.023761,0.035983,0.000365,-0.343040,-0.964242,0.607305,-0.921502,0.000577,-0.007756,-0.262235,-0.919688,-0.686471,0.871387,-0.007121,0.018159
19.233333,-0.017051,0.027294,0.004165,-0.298431,-0.993795,0.507305,-0.821502,0.001060,-0.013039,-0.250273,-0.947796,-0.586471,0.794983,-0.002413,0.016955
19.266667,-0.014788,0.026424,0.000535,-0.293822,-1.039074,0.407305,-0.752215,0.005515,-0.011040,-0.278311,-1.002556,-0.486471,0.719121,-0.011445,0.013064
19.300000,-0.013384,0.024300,-0.002321,-0.329213,-1.105488,0.347305,-0.722929,0.007875,-0.016358,-0.346350,-1.081673,-0.426471,0.683194,-0.011445,0.015683
19.333333,-0.013135,0.013045,0.002159,-0.399885,-1.153231,0.327305,-0.733642,0.008650,-0.015901,-0.428136,-1.173894,-0.406471,0.687267,-0.010463,0.011473
19.366667,-0.003064,0.008409,0.001440,-0.483931,-1.175546,0.347305,-0.784356,0.005775,-0.014249,-0.520767,-1.238772,-0.426471,0.731340,-0.016210,0.004463
19.400000,-0.006197,0.009516,0.001137,-0.583931,-1.184985,0.407305,-0.875069,0.008005,-0.013293,-0.620767,-1.290770,-0.486471,0.815413,-0.018241,0.010428
19.433333,-0.007183,0.007123,0.004536,-0.681250,-1.169479,0.507305,-0.975069,0.006334,-0.017224,-0.710349,-1.302768,-0.586471,0.915413,-0.009074,0.012319
19.466667,0.002062,0.008749,0.007328,-0.755092,-1.137833,0.607305,-1.073372,0.008241,-0.009444,-0.777396,-1.296641,-0.686471,1.015413,-0.011681,0.018207
19.500000,0.004616,0.012771,0.007983,-0.822413,-1.121621,0.707305,-1.162291,0.007299,-0.015248,-0.821959,-1.276263,-0.786471,1.115413,-0.008316,0.020915
19.533333,-0.007892,0.013613,0.000317,-0.871980,-1.122929,0.807305,-1.241181,0.006400,-0.018499,-0.841750,-1.252351,-0.886471,1.206178,-0.002429,0.027171
19.566667,-0.013684,0.019313,-0.004244,-0.921546,-1.109570,0.907305,-1.304010,0.004829,-0.011180,-0.848557,-1.234475,-0.986471,1.292919,-0.000210,0.030238
19.600000,-0.010266,0.022348,-0.005143,-0.948318,-1.108641,1.007305,-1.333554,0.002229,-0.005425,-0.844991,-1.240319,-1.086471,1.356494,0.000903,0.031757
19.633333,-0.019477,0.018796,-0.011311,-0.972810,-1.117168,1.107305,-1.353926,0.003403,-0.013776,-0.847746,-1.232478,-1.186471,1.392935,0.006431,0.026496
19.666667,-0.018099,0.018942,-0.023413,-0.982533,-1.112278,1.207305,-1.358245,0.009673,-0.007424,-0.854710,-1.231107,-1.286471,1.423365,0.014944,0.028866
19.700000,-0.010568,0.019305,-0.014095,-0.990808,-1.097288,1.307305,-1.361588,0.009021,-0.007203,-0.876365,-1.231447,-1.386471,1.436914,0.018275,0.033476
19.733333,-0.004331,0.013091,-0.010430,-0.959084,-1.088710,1.367305,-1.357497,0.010282,-0.013387,-0.891813,-1.217868,-1.486471,1.426584,0.017945,0.026752
19.766667,-0.005700,0.013594,-0.012973,-0.912835,-1.086124,1.392906,-1.357643,0.008194,-0.012008,-0.902725,-1.184133,-1.549914,1.433095,0.018984,0.025115
19.800000,-0.004715,0.013594,-0.008819,-0.852343,-1.072223,1.378506,-1.360884,0.004347,-0.010711,-0.891575,-1.145903,-1.574337,1.433015,0.018447,0.021703
19.833333,-0.006873,0.013884,-0.000396,-0.773140,-1.044332,1.324107,-1.349563,-0.003001,-0.015236,-0.858700,-1.085951,-1.558759,1.408168,0.013052,0.018794
19.866667,-0.012206,0.018800,-0.002798,-0.673140,-1.005551,1.229708,-1.309246,-0.000901,-0.008185,-0.795906,-1.018987,-1.503181,1.391531,0.009277,0.010715
19.900000,-0.015215,0.022731,-0.001434,-0.573140,-0.970323,1.135308,-1.260297,0.000693,-0.012694,-0.712303,-0.952558,-1.407604,1.388639,0.005263,0.008579
19.933333,-0.018410,0.021979,0.001645,-0.473140,-0.922467,1.035308,-1.209547,0.004430,-0.015425,-0.614028,-0.908048,-1.308583,1.374087,0.007009,0.008276
19.966667,-0.018753,0.029577,-0.001505,-0.373941,-0.888048,0.935308,-1.134100,0.006066,-0.010956,-0.514028,-0.878590,-1.208583,1.383128,0.000664,0.011273
20.000000,-0.024290,0.029117,-0.003740,-0.294555,-0.865631,0.835308,-1.058653,0.007524,-0.010581,-0.414028,-0.870040,-1.108583,1.392075,-0.001555,0.009537
20.033333,-0.015254,0.026728,-0.003455,-0.240016,-0.850881,0.735308,-1.005808,0.001195,-0.019043,-0.341047,-0.892059,-1.008583,1.402965,-0.000442,0.003383
20.066667,-0.011132,0.025398,-0.008158,-0.210695,-0.845245,0.635308,-0.983143,0.002123,-0.012001,-0.308067,-0.934306,-0.908583,1.406382,-0.009512,0.006296
20.100000,-0.012441,0.024190,-0.010097,-0.196591,-0.859316,0.535308,-0.981017,0.002719,-0.020776,-0.315086,-0.974806,-0.808583,1.395209,-0.016045,0.009222
20.133333,-0.012586,0.016592,-0.007173,-0.203711,-0.866656,0.435308,-1.002964,-0.002322,-0.026958,-0.362106,-1.018496,-0.709905,1.378035,-0.013804,0.001069
20.166667,-0.004604,0.013450,-0.006125,-0.223510,-0.884143,0.335308,-1.064911,-0.002623,-0.031767,-0.449125,-1.075575,-0.651227,1.385572,-0.020052,-0.001432
20.200000,-0.009423,0.011972,-0.004520,-0.249534,-0.917531,0.254029,-1.138025,0.000965,-0.032085,-0.549125,-1.125916,-0.632549,1.402113,-0.018332,0.006704
20.233333,-0.013605,0.015245,0.002687,-0.259521,-0.942154,0.202143,-1.185202,0.002557,-0.034485,-0.645110,-1.155071,-0.653871,1.415230,-0.007312,0.008573
20.266667,-0.001991,0.022545,0.009346,-0.262095,-0.941900,0.150257,-1.211154,0.007580,-0.017619,-0.701095,-1.191807,-0.712248,1.442382,-0.008949,0.010234
20.300000,-0.003443,0.024852,0.014131,-0.253349,-0.964901,0.098372,-1.245503,0.008489,-0.012119,-0.717080,-1.214008,-0.774388,1.453360,-0.008252,0.018044
20.333333,-0.009399,0.027723,0.009121,-0.226270,-0.974162,0.046486,-1.261644,0.014193,-0.011614,-0.693065,-1.222291,-0.809375,1.456805,-0.002651,0.022323
20.366667,-0.010141,0.034967,0.008974,-0.200665,-0.978182,0.004736,-1.259225,0.010110,-0.006302,-0.629049,-1.221948,-0.804363,1.452206,-0.002161,0.025240
20.400000,-0.008294,0.030336,0.008917,-0.171989,-0.999234,-0.062963,-1.275511,0.003379,-0.008698,-0.529049,-1.222100,-0.759351,1.432661,-0.002351,0.024582
20.433333,-0.016722,0.026513,0.001040,-0.161870,-1.033227,-0.090977,-1.293125,-0.001706,-0.017790,-0.443673,-1.207452,-0.681113,1.391658,0.003466,0.022894
20.466667,-0.017944,0.028574,-0.004759,-0.168098,-1.060420,-0.098682,-1.289828,0.002127,-0.020014,-0.377310,-1.226568,-0.621633,1.342960,-0.001060,0.028553
20.500000,-0.019191,0.027373,0.001983,-0.176834,-1.105857,-0.094279,-1.264740,-0.001163,-0.016421,-0.334104,-1.259602,-0.549304,1.267955,-0.003611,0.026175
20.533333,-0.019422,0.022327,0.001188,-0.177869,-1.156401,-0.078734,-1.229713,0.002759,-0.018983,-0.330898,-1.294669,-0.516975,1.167955,-0.004830,0.026069
20.566667,-0.022088,0.019949,0.000766,-0.212793,-1.208582,-0.026633,-1.181281,0.007713,-0.017377,-0.367692,-1.318728,-0.524647,1.107955,-0.010765,0.028093
20.600000,-0.025267,0.012812,0.003786,-0.261355,-1.252111,0.025783,-1.138668,0.006619,-0.024085,-0.429862,-1.339705,-0.568489,1.087955,-0.013235,0.023602
20.633333,-0.023370,0.008528,0.008426,-0.316975,-1.266838,0.097891,-1.094700,0.004968,-0.023373,-0.513020,-1.329732,-0.628489,1.107955,-0.008908,0.014753
20.666667,-0.024446,0.009997,0.004787,-0.376660,-1.277181,0.197891,-1.056158,0.007259,-0.019431,-0.613020,-1.313092,-0.728489,1.167955,-0.011120,0.012990
20.700000,-0.025128,0.007716,0.003625,-0.423887,-1.290655,0.297891,-1.026208,0.009310,-0.018709,-0.703925,-1.293648,-0.828489,1.257250,-0.010562,0.010003
20.733333,-0.019816,0.006943,-0.002563,-0.443415,-1.284800,0.397891,-0.981018,0.011798,-0.020125,-0.789658,-1.304517,-0.928489,1.342906,-0.007044,0.004120
20.766667,-0.016104,0.009535,-0.011312,-0.444111,-1.299323,0.475995,-0.942130,0.012624,-0.017027,-0.838340,-1.311245,-1.028489,1.390577,-0.008069,0.008717
20.800000,-0.015566,0.012123,-0.014084,-0.427170,-1.326065,0.530665,-0.895090,0.009761,-0.020575,-0.868900,-1.325763,-1.128489,1.414378,-0.006527,0.009711
20.833333,-0.014356,0.008960,-0.011421,-0.411748,-1.332206,0.555950,-0.861817,0.008780,-0.024505,-0.884017,-1.324415,-1.228489,1.421533,-0.005609,0.015936
20.866667,-0.015124,0.013941,-0.010247,-0.412303,-1.326375,0.546595,-0.822981,0.005918,-0.022366,-0.880905,-1.344340,-1.328489,1.428940,-0.010915,0.021343
20.900000,-0.020047,0.016387,-0.006184,-0.405622,-1.333774,0.519361,-0.798173,0.000900,-0.022614,-0.863100,-1.330251,-1.428489,1.400958,-0.009816,0.022395
20.933333,-0.023211,0.015811,0.000648,-0.397774,-1.327384,0.494023,-0.771450,0.001950,-0.022899,-0.862344,-1.326868,-1.520577,1.390961,-0.008174,0.018658
20.966667,-0.021201,0.013292,0.007887,-0.373453,-1.307062,0.452119,-0.735145,0.009782,-0.018723,-0.839712,-1.308462,-1.572665,1.364833,-0.000367,0.017006
21.000000,-0.014677,0.017013,0.013858,-0.326879,-1.281881,0.399600,-0.679648,0.012252,-0.014849,-0.792522,-1.272588,-1.584754,1.315352,0.002297,0.014685
21.033333,-0.013326,0.013758,0.016383,-0.251944,-1.231005,0.341721,-0.615850,0.014583,-0.017027,-0.732656,-1.197187,-1.556842,1.236322,0.013282,0.008130
21.066667,-0.015992,0.016694,0.016928,-0.199738,-1.151005,0.266310,-0.540519,0.012158,-0.015269,-0.652656,-1.117187,-1.488930,1.156322,0.018996,0.004948
21.100000,-0.014176,0.017495,0.016548,-0.167532,-1.051005,0.206530,-0.485189,0.004620,-0.014216,-0.552656,-1.017187,-1.388930,1.056322,0.020967,0.005627
21.133333,-0.020629,0.019359,0.010589,-0.175326,-0.951005,0.170075,-0.469859,-0.003211,-0.017886,-0.452656,-0.930476,-1.288930,0.956322,0.011409,0.007629
21.166667,-0.034456,0.017170,-0.004613,-0.223120,-0.868932,0.173619,-0.494528,-0.005636,-0.028211,-0.381492,-0.883532,-1.188930,0.857370,0.013047,0.002322
21.200000,-0.034249,0.016470,-0.011657,-0.310915,-0.826859,0.217164,-0.559198,-0.003517,-0.033306,-0.350328,-0.876589,-1.096365,0.798417,0.012965,0.009703
21.233333,-0.032043,0.011752,-0.011604,-0.410915,-0.824786,0.296119,-0.659198,-0.003987,-0.036794,-0.359164,-0.906243,-1.028534,0.779464,0.007917,0.012374
21.266667,-0.035777,0.011535,-0.018520,-0.510915,-0.862713,0.379444,-0.759198,0.003374,-0.045674,-0.407679,-0.950977,-1.000703,0.800512,0.002495,0.014354
21.300000,-0.033467,0.017703,-0.021608,-0.610915,-0.940640,0.479444,-0.859198,0.007455,-0.042351,-0.496195,-1.022422,-1.012871,0.861559,0.006789,0.019628
21.333333,-0.025771,0.016861,-0.012442,-0.710915,-1.025673,0.579444,-0.959198,0.003210,-0.037739,-0.575754,-1.073418,-1.065040,0.961559,0.008784,0.019602
21.366667,-0.020848,0.017619,-0.010124,-0.810915,-1.076109,0.679444,-1.059198,0.004974,-0.029472,-0.630897,-1.100700,-1.149773,1.061559,0.001637,0.012839
21.400000,-0.017420,0.026252,-0.011023,-0.910915,-1.126545,0.779444,-1.159198,0.003124,-0.029236,-0.660826,-1.099077,-1.249773,1.161559,-0.001781,0.020884
21.433333,-0.011811,0.023978,-0.004256,-0.989088,-1.153211,0.879444,-1.245052,0.002839,-0.022198,-0.676062,-1.121352,-1.344021,1.261559,0.006174,0.017269
21.466667,-0.007587,0.019728,-0.002150,-1.044839,-1.156815,0.979444,-1.310976,-0.000466,-0.024303,-0.683594,-1.123331,-1.416285,1.348789,0.009185,0.012504
21.500000,-0.001201,0.020210,-0.002462,-1.090276,-1.164980,1.079444,-1.362782,-0.001523,-0.021510,-0.684000,-1.115591,-1.482243,1.415500,0.006515,0.023082
21.533333,-0.005139,0.019398,-0.000895,-1.110728,-1.186255,1.179444,-1.388030,-0.008957,-0.026886,-0.684653,-1.124930,-1.509763,1.465674,0.009916,0.024554
21.566667,-0.001289,0.015557,0.000572,-1.114484,-1.187096,1.279444,-1.397218,-0.002600,-0.022581,-0.686684,-1.155698,-1.512028,1.505941,0.012762,0.020219
21.600000,-0.002606,0.018659,0.004974,-1.121168,-1.195252,1.379444,-1.398099,-0.000183,-0.018182,-0.678539,-1.164493,-1.482642,1.518995,0.009298,0.022012
21.633333,-0.006580,0.014725,0.003348,-1.120949,-1.195464,1.468911,-1.401027,-0.001172,-0.019658,-0.638097,-1.156184,-1.435241,1.504818,0.004697,0.022538
21.666667,-0.008888,0.014305,0.002757,-1.091044,-1.177157,1.531105,-1.378074,0.002822,-0.017768,-0.584903,-1.159390,-1.354145,1.471161,0.007204,0.011942
21.700000,-0.002871,0.011305,0.000382,-1.046125,-1.160132,1.553298,-1.341678,0.003004,-0.023981,-0.515877,-1.147206,-1.271487,1.414040,0.007340,0.005779
21.733333,-0.009715,0.008566,-0.001052,-0.977901,-1.147807,1.535492,-1.285196,-0.000227,-0.026543,-0.430687,-1.106381,-1.174084,1.326828,0.010844,0.003996
21.766667,-0.015961,0.011793,-0.008574,-0.888577,-1.111939,1.477685,-1.211167,0.001125,-0.024046,-0.330687,-1.048550,-1.074084,1.226828,0.006336,0.003664
21.800000,-0.015133,0.019244,-0.005523,-0.788577,-1.067076,1.390411,-1.115021,0.007393,-0.012860,-0.242433,-0.992675,-0.974084,1.149112,0.003695,0.006953
21.833333,-0.021925,0.018570,-0.006494,-0.688577,-1.026710,1.290411,-1.032786,0.006320,-0.019268,-0.182873,-0.933228,-0.874084,1.108926,0.002594,0.006929
21.866667,-0.030464,0.018430,-0.010856,-0.588577,-0.974789,1.190411,-0.990551,0.014564,-0.013901,-0.145870,-0.857908,-0.774084,1.108740,0.007467,0.016138
21.900000,-0.024611,0.024617,-0.009575,-0.490128,-0.916248,1.090411,-0.984462,0.013358,-0.016295,-0.148867,-0.822108,-0.674084,1.148553,0.007615,0.016035
21.933333,-0.023779,0.019062,-0.006356,-0.431679,-0.888044,0.990411,-1.013108,0.008177,-0.025341,-0.191863,-0.810778,-0.574084,1.228367,0.010743,0.012998
21.966667,-0.024527,0.015497,-0.015047,-0.413230,-0.881129,0.890411,-1.081754,0.011315,-0.035145,-0.263113,-0.834894,-0.514084,1.325896,0.019060,0.006698
22.000000,-0.016725,0.017772,-0.014466,-0.434781,-0.895758,0.830411,-1.176489,0.013983,-0.031178,-0.345669,-0.860654,-0.494084,1.411119,0.019947,0.013279
22.033333,-0.012445,0.019033,-0.008724,-0.496332,-0.938603,0.810411,-1.251563,0.008014,-0.028241,-0.445669,-0.908778,-0.514084,1.467286,0.011542,0.008279
22.066667,-0.018207,0.018042,-0.013898,-0.596332,-0.998353,0.830411,-1.308330,0.006184,-0.023796,-0.545669,-0.936476,-0.574084,1.511242,0.010961,0.007141
22.100000,-0.014291,0.019442,-0.011635,-0.696332,-1.055919,0.890411,-1.347008,0.003027,-0.018082,-0.645669,-0.959955,-0.674084,1.536433,0.014238,0.013106
22.133333,-0.014520,0.017709,-0.004116,-0.786865,-1.099537,0.990411,-1.363920,-0.006408,-0.016688,-0.720587,-0.959584,-0.774084,1.531144,0.007993,0.017393
22.166667,-0.020061,0.024354,-0.005389,-0.837397,-1.126208,1.090411,-1.348147,-0.010001,-0.013698,-0.755504,-0.946910,-0.874084,1.515985,0.003510,0.019387
22.200000,-0.024233,0.027006,-0.005479,-0.847930,-1.140475,1.150411,-1.318177,-0.005577,-0.015873,-0.750421,-0.928280,-0.974084,1.489882,0.003199,0.024855
22.233333,-0.019684,0.020417,-0.003183,-0.818463,-1.137544,1.170411,-1.276429,-0.004026,-0.022172,-0.705338,-0.919357,-1.034084,1.443841,0.001802,0.021046
22.266667,-0.017208,0.021657,-0.008416,-0.748996,-1.125677,1.150411,-1.218034,0.004583,-0.023797,-0.620255,-0.912261,-1.054084,1.390894,-0.009165,0.014687
22.300000,-0.013064,0.023125,-0.011136,-0.648996,-1.129082,1.090411,-1.141406,0.006105,-0.025323,-0.520255,-0.899314,-1.034084,1.328426,-0.011353,0.014106
22.333333,-0.008995,0.015897,-0.006360,-0.548996,-1.132278,0.990411,-1.057462,0.007146,-0.023772,-0.425296,-0.917578,-0.974084,1.276276,-0.008654,0.009722
22.366667,-0.001845,0.012542,-0.006304,-0.471931,-1.132777,0.890411,-0.967377,0.005088,-0.017742,-0.370337,-0.927616,-0.877490,1.264126,-0.013446,0.001141
22.400000,-0.005953,0.013569,-0.005042,-0.431586,-1.145422,0.790411,-0.867377,0.006732,-0.012841,-0.355379,-0.930765,-0.820896,1.282709,-0.016195,0.006784
22.433333,-0.005873,0.013726,0.001633,-0.416872,-1.146028,0.690411,-0.767377,0.000274,-0.015437,-0.380420,-0.915407,-0.804302,1.302567,-0.005076,0.005896
22.466667,-0.000066,0.013508,0.005458,-0.442159,-1.132790,0.630411,-0.707377,0.006056,-0.010325,-0.445461,-0.927257,-0.827709,1.347374,-0.006029,0.010664
22.500000,0.004433,0.013251,0.008379,-0.507445,-1.131051,0.610411,-0.687377,0.005182,-0.015894,-0.545461,-0.936737,-0.891115,1.400072,-0.006041,0.010741
22.533333,-0.004600,0.012693,0.003478,-0.589797,-1.140033,0.630411,-0.707377,0.003865,-0.022997,-0.629641,-0.947390,-0.991115,1.438932,0.000383,0.017033
22.566667,-0.008790,0.018021,0.000869,-0.675428,-1.127625,0.690411,-0.767377,0.004017,-0.016116,-0.682622,-0.974923,-1.091115,1.471255,0.003295,0.024660
22.600000,-0.007909,0.018521,-0.000834,-0.775428,-1.136601,0.790411,-0.867377,0.005554,-0.010557,-0.695603,-1.024659,-1.191115,1.496026,0.004413,0.032755
22.633333,-0.017041,0.015118,-0.006135,-0.852140,-1.158900,0.890411,-0.967377,0.002140,-0.016755,-0.668583,-1.047683,-1.251115,1.496614,0.008011,0.025971
22.666667,-0.017122,0.016106,-0.018936,-0.905190,-1.165448,0.990411,-1.067377,0.007231,-0.012444,-0.601564,-1.069752,-1.271115,1.468633,0.011120,0.028595
22.700000,-0.014892,0.017160,-0.011636,-0.940352,-1.165855,1.090411,-1.159485,0.005015,-0.011794,-0.510364,-1.101744,-1.251115,1.414489,0.015310,0.030070
22.733333,-0.008097,0.010305,-0.010441,-0.944938,-1.175831,1.190411,-1.229838,0.002413,-0.020164,-0.410364,-1.118788,-1.191115,1.328299,0.015498,0.020964
22.766667,-0.009109,0.012912,-0.013437,-0.923262,-1.181830,1.286179,-1.269367,0.000921,-0.017818,-0.319152,-1.124267,-1.091115,1.234058,0.012494,0.020336
22.800000,-0.007166,0.012912,-0.009687,-0.901021,-1.182754,1.348140,-1.303244,-0.000772,-0.018078,-0.240340,-1.131359,-0.991115,1.139049,0.013765,0.024356
22.833333,-0.009050,0.012376,-0.000354,-0.875809,-1.179918,1.370102,-1.304851,-0.007971,-0.019080,-0.179608,-1.117954,-0.891115,1.039049,0.014839,0.024095
22.866667,-0.014732,0.016683,-0.001558,-0.840145,-1.171703,1.366571,-1.287907,-0.004765,-0.013135,-0.132479,-1.088758,-0.791115,0.961984,0.010202,0.020094
22.900000,-0.016510,0.018958,0.000654,-0.806833,-1.175129,1.339734,-1.282269,-0.000303,-0.014892,-0.108794,-1.059541,-0.691115,0.919795,0.010460,0.021327
22.933333,-0.020095,0.013844,0.003928,-0.775293,-1.165373,1.277129,-1.285546,-0.000070,-0.019249,-0.103262,-1.032355,-0.591115,0.913226,0.013551,0.020287
22.966667,-0.020284,0.019358,-0.000028,-0.745879,-1.156234,1.225644,-1.286412,0.003250,-0.015239,-0.125329,-0.992759,-0.531115,0.946656,0.008045,0.019301
23.000000,-0.028589,0.020464,-0.002335,-0.722383,-1.147079,1.203767,-1.303060,0.007162,-0.018843,-0.169316,-0.942966,-0.511114,1.020087,0.004858,0.015656
23.033333,-0.016668,0.017917,-0.001811,-0.687226,-1.118165,1.167381,-1.331925,0.002510,-0.025113,-0.210871,-0.891126,-0.525311,1.096183,0.002278,0.010512
23.066667,-0.013882,0.019128,-0.006093,-0.640295,-1.059932,1.114302,-1.354664,0.002832,-0.018413,-0.228982,-0.814985,-0.539507,1.137401,-0.011592,0.009710
23.100000,-0.013361,0.021647,-0.008264,-0.577854,-0.992156,1.061223,-1.364304,0.004868,-0.022401,-0.223683,-0.722602,-0.553704,1.143001,-0.014509,0.012153
23.133333,-0.012369,0.016132,-0.006195,-0.497138,-0.906749,0.990829,-1.342114,0.000724,-0.028578,-0.201510,-0.630220,-0.527900,1.108600,-0.008997,0.005320
23.166667,-0.005083,0.017446,-0.006152,-0.397138,-0.818942,0.890829,-1.296412,-0.006044,-0.034406,-0.156350,-0.533764,-0.462097,1.069475,-0.012567,0.006892
23.200000,-0.005855,0.020020,-0.005331,-0.297481,-0.751885,0.790829,-1.224936,-0.004657,-0.034664,-0.118390,-0.433783,-0.362097,1.043493,-0.007922,0.010605
23.233333,-0.009823,0.027165,0.002572,-0.212899,-0.701218,0.690829,-1.130036,-0.003582,-0.040948,-0.102658,-0.359047,-0.262097,1.040090,0.006776,0.010323
23.266667,0.003581,0.036060,0.009201,-0.158550,-0.666210,0.590829,-1.030142,0.000254,-0.027908,-0.093418,-0.324311,-0.162097,1.069779,0.003987,0.010876
23.300000,0.001437,0.041910,0.015754,-0.122894,-0.671202,0.490829,-0.930142,0.002195,-0.023415,-0.092605,-0.302538,-0.069054,1.114061,0.003726,0.015419
23.333333,-0.001991,0.042720,0.010247,-0.101466,-0.678841,0.390829,-0.842597,0.012491,-0.022307,-0.089147,-0.307885,0.014403,1.152046,0.006929,0.015561
23.366667,-0.007421,0.048167,0.010161,-0.118396,-0.704408,0.290829,-0.780721,0.009411,-0.017216,-0.095767,-0.353214,0.065335,1.191288,0.007237,0.018812
23.400000,-0.005318,0.040997,0.008843,-0.127299,-0.753586,0.190829,-0.758618,0.006226,-0.018210,-0.099212,-0.413298,0.104648,1.208378,0.003586,0.021163
23.433333,-0.016680,0.037040,0.000974,-0.129369,-0.813401,0.101267,-0.767265,0.003282,-0.027272,-0.115894,-0.461509,0.123525,1.211423,0.006777,0.018936
23.466667,-0.019998,0.037064,-0.005215,-0.135687,-0.863929,0.026158,-0.814674,0.004570,-0.027587,-0.117096,-0.532647,0.119619,1.222666,-0.001445,0.027732
23.500000,-0.024172,0.033810,0.001778,-0.139990,-0.931991,-0.044013,-0.864515,-0.000300,-0.024778,-0.124002,-0.615236,0.123805,1.220720,-0.001007,0.026098
23.533333,-0.022705,0.028730,0.000805,-0.121929,-0.994596,-0.081328,-0.915031,0.006800,-0.028524,-0.121153,-0.689710,0.135696,1.185391,-0.003715,0.025000
23.566667,-0.026672,0.027411,0.000341,-0.136821,-1.057201,-0.078643,-0.959583,0.010749,-0.023344,-0.122929,-0.749795,0.134726,1.179155,-0.009768,0.026997
23.600000,-0.029143,0.020860,0.003361,-0.155287,-1.113295,-0.046397,-0.995344,0.010277,-0.029079,-0.116620,-0.811910,0.143965,1.157175,-0.011427,0.024489
23.633333,-0.027112,0.016830,0.007359,-0.190812,-1.142959,0.011397,-1.019138,0.005308,-0.032078,-0.119926,-0.851104,0.154750,1.129908,-0.005295,0.014969
23.666667,-0.025952,0.019171,0.005328,-0.254124,-1.166885,0.104253,-1.068046,0.008052,-0.028887,-0.127777,-0.891727,0.139485,1.098759,-0.011461,0.011790
23.700000,-0.028064,0.015640,0.006779,-0.341098,-1.189847,0.204253,-1.126985,0.005965,-0.029330,-0.126203,-0.933332,0.135863,1.070952,-0.008865,0.011678
23.733333,-0.022445,0.013418,0.001596,-0.428072,-1.188257,0.304253,-1.162691,0.005558,-0.032181,-0.137575,-0.989326,0.131270,1.048753,-0.001754,0.004858
23.766667,-0.020420,0.014653,-0.004182,-0.528072,-1.197724,0.404253,-1.211506,0.005146,-0.030249,-0.139120,-1.034880,0.120270,1.023253,-0.000931,0.008085
23.800000,-0.019517,0.014637,-0.005697,-0.628072,-1.213620,0.504253,-1.254588,0.007030,-0.029759,-0.141984,-1.090728,0.106175,0.981270,0.000572,0.009605
23.833333,-0.019797,0.011501,-0.001689,-0.722210,-1.213753,0.604253,-1.280220,0.007437,-0.031349,-0.141291,-1.124164,0.107861,0.950528,0.002300,0.019619
23.866667,-0.019290,0.015282,0.001034,-0.812129,-1.205562,0.704253,-1.283521,0.005399,-0.025589,-0.151081,-1.164733,0.099961,0.941386,-0.001265,0.023543
23.900000,-0.024724,0.017172,0.006408,-0.871230,-1.211480,0.804253,-1.296671,0.001795,-0.027753,-0.144226,-1.178239,0.089799,0.900708,-0.002032,0.030264
23.933333,-0.028080,0.015346,0.012952,-0.910332,-1.204690,0.884253,-1.294752,0.001057,-0.028798,-0.152025,-1.192029,0.076271,0.880030,-0.003135,0.031089
23.966667,-0.031189,0.016154,0.013785,-0.929434,-1.207190,0.944253,-1.291773,0.001396,-0.028443,-0.152817,-1.202556,0.074034,0.878328,-0.006092,0.033572
