time_sec,joint_pelvisYaw,joint_pelvisPitch,joint_pelvisRoll,joint_lShoulderPitch,joint_lShoulderRoll,joint_lShoulderYaw,joint_lElbow,joint_lWristRoll,joint_lWristPitch,joint_rShoulderPitch,joint_rShoulderRoll,joint_rShoulderYaw,joint_rElbow,joint_rWristRoll,joint_rWristPitch
0.000000,0.026162,0.025203,0.017143,-0.162631,-1.281080,-0.037230,-0.361369,-0.023991,-0.023269,-0.254271,-1.343380,-0.000423,0.356778,-0.003793,-0.005949
0.033333,0.037921,0.015976,0.026010,-0.138554,-1.258991,-0.019987,-0.363819,-0.001403,-0.020753,-0.258555,-1.332356,-0.029333,0.343134,0.002232,-0.008199
0.066667,0.026775,0.017956,0.020347,-0.133931,-1.259701,-0.005063,-0.369758,-0.005047,-0.015554,-0.261423,-1.313947,-0.043328,0.363761,0.009758,-0.016212
0.100000,0.027834,0.017649,0.014467,-0.126961,-1.246491,0.007717,-0.377148,-0.014862,-0.015265,-0.258547,-1.309435,-0.064892,0.372446,0.011794,-0.016357
0.133333,0.020997,0.020772,0.008920,-0.145465,-1.266082,-0.000921,-0.383587,-0.028783,-0.012056,-0.260483,-1.311893,-0.052783,0.385567,0.001114,-0.016459
0.166667,-0.004406,0.025465,-0.015555,-0.131679,-1.262308,0.018285,-0.382187,-0.028329,-0.029634,-0.255955,-1.295565,-0.053894,0.396347,0.011289,-0.029410
0.200000,-0.005480,0.029641,-0.023943,-0.133926,-1.247365,0.038377,-0.372883,-0.022634,-0.031411,-0.246146,-1.293394,-0.074810,0.395670,0.022480,-0.018332
0.233333,0.003762,0.026277,-0.018547,-0.137356,-1.249623,0.028779,-0.371444,-0.018757,-0.038478,-0.244099,-1.310585,-0.064414,0.373126,0.014142,-0.015503
0.266667,-0.004032,0.029180,-0.025365,-0.123133,-1.274699,0.002102,-0.364968,-0.007333,-0.050601,-0.238330,-1.296321,-0.026450,0.354196,-0.002905,-0.011609
0.300000,-0.011066,0.041995,-0.027124,-0.123089,-1.278630,0.005974,-0.364286,-0.006431,-0.040797,-0.240432,-1.299899,-0.024902,0.362531,-0.002419,0.004644
0.333333,0.006441,0.040170,-0.007586,-0.142384,-1.281457,-0.013352,-0.368184,-0.010539,-0.033624,-0.238121,-1.323864,-0.010097,0.349505,-0.005591,0.009079
0.366667,0.014769,0.037907,-0.000605,-0.142353,-1.277542,-0.035000,-0.352560,-0.003719,-0.015059,-0.251596,-1.317570,0.005583,0.334436,-0.031717,-0.002780
0.400000,0.017234,0.054536,-0.001973,-0.141876,-1.273626,-0.032158,-0.340345,-0.009024,-0.011739,-0.233370,-1.290140,-0.009608,0.321085,-0.039194,0.011346
0.433333,0.025433,0.051354,0.009137,-0.163528,-1.263521,-0.017063,-0.335267,-0.010361,0.001350,-0.242606,-1.300268,-0.024800,0.328491,-0.022678,0.003340
0.466667,0.035415,0.043574,0.010538,-0.160594,-1.250716,-0.020138,-0.337176,-0.009982,-0.006547,-0.259852,-1.299649,-0.025193,0.316579,-0.014304,-0.007750
0.500000,0.040711,0.043883,0.007241,-0.170948,-1.262380,-0.020992,-0.341341,-0.011064,-0.001214,-0.262202,-1.278644,-0.041207,0.308534,-0.011975,0.007875
0.533333,0.033798,0.044448,0.009557,-0.173207,-1.288674,-0.019168,-0.357278,-0.023752,-0.016693,-0.255716,-1.287898,-0.024580,0.323103,0.000576,0.009952
0.566667,0.041658,0.034821,0.014949,-0.184456,-1.298415,-0.036430,-0.360128,-0.009984,-0.009416,-0.275742,-1.329871,0.001901,0.354328,0.009347,0.001319
0.600000,0.042202,0.036421,0.021674,-0.191776,-1.308359,-0.040914,-0.346501,-0.002556,-0.000239,-0.289684,-1.351844,0.001394,0.363313,0.002427,0.003851
0.633333,0.037870,0.028262,0.020064,-0.198187,-1.314037,-0.042393,-0.342994,-0.003852,-0.002391,-0.265539,-1.345348,0.005449,0.353981,-0.005767,0.002213
0.666667,0.035084,0.026290,0.024341,-0.180822,-1.298038,-0.022895,-0.319870,0.000782,-0.001179,-0.280389,-1.365507,0.013210,0.375349,-0.011070,-0.022752
0.700000,0.043988,0.021522,0.021677,-0.171917,-1.285336,-0.024965,-0.313389,-0.001789,-0.015586,-0.300988,-1.378145,0.003553,0.377080,-0.009321,-0.026646
0.733333,0.036164,0.013483,0.018372,-0.164821,-1.279904,-0.006453,-0.315962,-0.011812,-0.021488,-0.298705,-1.361450,-0.006123,0.356073,-0.006321,-0.027078
0.766667,0.030643,0.014053,0.005545,-0.143320,-1.260970,0.013508,-0.315228,-0.010377,-0.022099,-0.280461,-1.329656,-0.006138,0.345415,-0.013271,-0.024667
0.800000,0.029678,0.025381,0.010687,-0.147314,-1.253799,0.024149,-0.302306,-0.007506,-0.006746,-0.278470,-1.336905,-0.001168,0.340191,-0.011785,-0.012432
0.833333,0.025478,0.022005,0.006222,-0.151315,-1.259178,0.011200,-0.317330,-0.010581,-0.015647,-0.266987,-1.340948,0.003633,0.330750,-0.004933,-0.001536
0.866667,0.012719,0.020570,-0.005621,-0.139475,-1.263977,0.020606,-0.317680,0.001679,-0.009446,-0.239893,-1.312513,0.003606,0.342437,0.003146,0.010770
0.900000,0.015194,0.033887,-0.008828,-0.135371,-1.265399,0.017758,-0.316572,0.002444,-0.014358,-0.237298,-1.320693,0.000144,0.354514,0.007145,0.012689
0.933333,0.013269,0.032748,-0.003228,-0.149917,-1.270781,0.002441,-0.332987,-0.008193,-0.032450,-0.240759,-1.328271,0.007932,0.346056,0.020414,0.003819
0.966667,0.008981,0.031313,-0.025276,-0.151170,-1.259711,0.011608,-0.347391,0.006225,-0.042304,-0.266071,-1.336022,0.014265,0.369798,0.030179,-0.008862
1.000000,0.015525,0.039379,-0.029071,-0.153495,-1.250692,0.017372,-0.344275,0.003945,-0.036992,-0.260876,-1.327501,0.004363,0.370065,0.034508,-0.004638
1.033333,0.019027,0.046362,-0.020525,-0.164747,-1.257672,0.000780,-0.339147,-0.005170,-0.026612,-0.272612,-1.345342,0.015069,0.344690,0.022758,-0.016699
1.066667,0.011325,0.048655,-0.026141,-0.154762,-1.261709,-0.017680,-0.337168,-0.013822,-0.018699,-0.281323,-1.339440,0.029164,0.335026,0.013637,-0.024398
1.100000,0.012653,0.051565,-0.023771,-0.156943,-1.283814,-0.010926,-0.334242,-0.016842,-0.008899,-0.287952,-1.346078,0.009654,0.353158,0.013636,-0.009833
1.133333,0.016794,0.045254,-0.002662,-0.156178,-1.305920,-0.039268,-0.327434,-0.039021,-0.010011,-0.271298,-1.330115,0.004306,0.332060,-0.000625,-0.008250
1.166667,0.012388,0.059864,0.001805,-0.156973,-1.307690,-0.040617,-0.320106,-0.043190,-0.007207,-0.275152,-1.311805,0.009318,0.331405,-0.015346,-0.004448
1.200000,0.009157,0.059095,0.007360,-0.162863,-1.299480,-0.032918,-0.329256,-0.037240,-0.010016,-0.267570,-1.300500,-0.007898,0.325325,-0.017624,0.007350
1.233333,0.025144,0.043052,0.011813,-0.177350,-1.284863,-0.027321,-0.334867,-0.029428,-0.021132,-0.269382,-1.310985,-0.017304,0.320837,-0.010896,0.010599
1.266667,0.032003,0.042899,0.006509,-0.169526,-1.255819,-0.041884,-0.320132,-0.013786,-0.015805,-0.269433,-1.326247,0.005451,0.315092,-0.026711,-0.000675
1.300000,0.039310,0.043210,0.000612,-0.162947,-1.253897,-0.034437,-0.320226,-0.010218,-0.021233,-0.274075,-1.324109,-0.004047,0.329897,-0.026547,0.002471
1.333333,0.041307,0.022644,0.009741,-0.172402,-1.258529,-0.045953,-0.332038,-0.004357,-0.017974,-0.276561,-1.357139,0.004376,0.347569,-0.014705,-0.009450
1.366667,0.059762,0.016429,0.008881,-0.182329,-1.256518,-0.066517,-0.330131,-0.007279,-0.015335,-0.301630,-1.363567,0.025009,0.402509,-0.023234,-0.031425
1.400000,0.046455,0.019808,0.007582,-0.182771,-1.264703,-0.063868,-0.333995,-0.000305,-0.007836,-0.295304,-1.366005,0.032581,0.425985,-0.027397,-0.032615
1.433333,0.046012,0.018756,0.016991,-0.178242,-1.260970,-0.041057,-0.342873,-0.013294,-0.014464,-0.287067,-1.346828,0.015518,0.431166,-0.014332,-0.037837
1.466667,0.053392,0.021494,0.022285,-0.153289,-1.239203,-0.005162,-0.324805,0.000152,-0.004976,-0.274813,-1.345931,0.012831,0.423012,-0.017718,-0.030846
1.500000,0.062675,0.029041,0.025104,-0.133954,-1.238294,0.009698,-0.319536,-0.002265,-0.015041,-0.260652,-1.333451,0.007502,0.401539,-0.021154,-0.022940
1.533333,0.038340,0.034268,0.015053,-0.113854,-1.253380,0.026120,-0.331658,-0.010675,-0.020340,-0.220544,-1.318083,-0.001223,0.368501,-0.007938,-0.003118
1.566667,0.030236,0.046253,0.010883,-0.120999,-1.240280,0.033179,-0.345074,-0.013281,-0.005586,-0.212016,-1.308656,0.000068,0.373940,-0.010511,0.011475
1.600000,0.029917,0.049130,0.009753,-0.137845,-1.246288,0.022952,-0.353475,-0.013051,0.006243,-0.211113,-1.328054,-0.000126,0.387391,-0.006701,0.020778
1.633333,0.012557,0.042499,-0.001183,-0.159773,-1.261164,-0.013630,-0.379343,-0.013672,-0.003406,-0.215259,-1.330198,0.013495,0.403615,0.004700,0.008533
1.666667,0.015320,0.040824,-0.024180,-0.155689,-1.258605,-0.011794,-0.372230,-0.004554,0.003374,-0.216514,-1.343925,0.007245,0.437147,0.011015,0.007627
1.700000,0.023452,0.040380,-0.009592,-0.166888,-1.248313,-0.000220,-0.363560,0.000567,0.006188,-0.236171,-1.361536,-0.001203,0.443748,0.015098,0.007595
1.733333,0.037393,0.028772,-0.002387,-0.145243,-1.247259,-0.002832,-0.343062,-0.001224,-0.007070,-0.248462,-1.369774,-0.007574,0.420240,0.015701,-0.007731
1.766667,0.031018,0.032983,-0.009437,-0.139612,-1.262006,0.010382,-0.334730,-0.000714,-0.007931,-0.255857,-1.363261,0.006794,0.420478,0.016839,-0.005287
1.800000,0.038028,0.032983,-0.000725,-0.142592,-1.273326,0.012156,-0.336339,-0.009988,-0.008594,-0.253606,-1.367447,0.001544,0.420541,0.012540,-0.003214
1.833333,0.034040,0.034117,0.015663,-0.166800,-1.270525,-0.007821,-0.341663,-0.018865,-0.010814,-0.267193,-1.351735,0.000551,0.388663,0.011240,-0.001912
1.866667,0.024171,0.041336,0.011151,-0.173633,-1.260486,-0.017836,-0.323246,-0.012867,-0.000855,-0.261884,-1.334819,-0.003049,0.379467,0.005129,-0.015966
1.900000,0.015857,0.042641,0.010614,-0.184995,-1.279422,-0.004901,-0.318999,-0.012062,-0.001710,-0.256934,-1.325401,-0.004239,0.385813,0.010266,-0.015775
1.933333,0.016779,0.034235,0.019883,-0.192797,-1.268871,-0.023606,-0.322672,-0.006755,-0.004899,-0.263464,-1.330123,-0.013200,0.377006,0.013511,-0.013697
1.966667,0.015046,0.045570,0.009325,-0.192243,-1.273771,-0.039890,-0.309691,-0.007776,-0.002436,-0.284213,-1.324399,-0.008424,0.384577,0.002530,-0.008334
2.000000,0.000237,0.042136,0.004322,-0.175574,-1.286974,-0.034668,-0.313689,-0.005727,-0.010129,-0.275837,-1.327990,0.002317,0.389698,-0.004078,-0.011927
2.033333,0.021690,0.035218,0.002721,-0.167419,-1.290298,-0.049348,-0.322972,-0.018520,-0.027379,-0.292900,-1.349438,0.013397,0.394938,-0.009560,-0.016122
2.066667,0.032441,0.035627,-0.007580,-0.172615,-1.265065,-0.071123,-0.322818,-0.015539,-0.020702,-0.305967,-1.361538,0.025356,0.405330,-0.036377,-0.009309
2.100000,0.036369,0.035685,-0.013277,-0.160299,-1.269318,-0.075783,-0.319205,-0.019003,-0.031713,-0.288599,-1.351192,0.025664,0.395323,-0.045448,-0.014848
2.133333,0.040166,0.024350,-0.007824,-0.156884,-1.244735,-0.052935,-0.315870,-0.024183,-0.032745,-0.274215,-1.350009,0.013120,0.377504,-0.032978,-0.029313
2.166667,0.057363,0.019872,-0.008184,-0.168617,-1.219122,-0.057913,-0.327415,-0.030091,-0.041617,-0.282737,-1.356588,0.014484,0.365471,-0.037156,-0.036305
2.200000,0.049356,0.017637,-0.005419,-0.172945,-1.222799,-0.045710,-0.336160,-0.021331,-0.037444,-0.275918,-1.359102,0.012121,0.362602,-0.025339,-0.024896
2.233333,0.041348,0.024604,0.010582,-0.160820,-1.228743,-0.020673,-0.326588,-0.018375,-0.044695,-0.266446,-1.358481,-0.001237,0.354207,-0.000249,-0.027783
2.266667,0.059204,0.040739,0.023568,-0.174352,-1.205319,-0.002219,-0.300390,-0.011068,-0.019413,-0.258384,-1.372714,0.000158,0.370491,-0.003980,-0.018014
2.300000,0.057372,0.045555,0.035096,-0.183027,-1.218672,-0.007224,-0.293481,-0.006320,-0.014823,-0.257832,-1.381741,0.004035,0.369513,-0.004039,-0.011894
2.333333,0.045912,0.049694,0.024546,-0.171501,-1.216774,0.000555,-0.279101,0.006734,-0.008721,-0.245903,-1.388352,0.007407,0.385821,0.002295,-0.004410
2.366667,0.041762,0.062663,0.026102,-0.181597,-1.214408,0.027784,-0.260856,-0.002995,0.005157,-0.244126,-1.387869,-0.001304,0.408661,-0.000179,0.001797
2.400000,0.045827,0.052799,0.025526,-0.191441,-1.230793,0.020604,-0.273786,-0.007349,0.001170,-0.244250,-1.375731,-0.000861,0.407963,0.001667,-0.000782
2.433333,0.031532,0.043148,0.007257,-0.184491,-1.252583,0.028244,-0.314762,-0.012126,-0.013393,-0.269674,-1.349388,0.001819,0.396060,0.014202,-0.004663
2.466667,0.029178,0.045344,-0.007884,-0.186153,-1.256923,0.034714,-0.342140,-0.009512,-0.019844,-0.257690,-1.341061,-0.000981,0.391243,0.006230,0.008753
2.500000,0.029879,0.043295,0.006833,-0.196778,-1.284203,0.035218,-0.343448,-0.012637,-0.012365,-0.264442,-1.331395,-0.003488,0.381850,0.007633,0.007884
2.533333,0.030921,0.035889,0.002863,-0.168797,-1.302541,0.015547,-0.365648,-0.002728,-0.015773,-0.263398,-1.334150,0.001734,0.343226,0.007032,0.003397
2.566667,0.025693,0.031791,-0.000384,-0.170717,-1.321524,0.011659,-0.368995,0.003992,-0.004885,-0.263975,-1.340340,0.002777,0.344601,-0.003895,0.014322
2.600000,0.019751,0.023166,0.003997,-0.167787,-1.327524,-0.006017,-0.359639,0.000952,-0.015392,-0.253724,-1.356283,0.005031,0.339062,-0.009235,0.005813
2.633333,0.025710,0.017039,0.015805,-0.170811,-1.313050,-0.008962,-0.343451,-0.003446,-0.013389,-0.274896,-1.348974,-0.002833,0.344326,-0.001697,-0.014742
2.666667,0.025231,0.022303,0.007400,-0.168389,-1.287237,0.010927,-0.337823,-0.001794,-0.007850,-0.290143,-1.348239,-0.013928,0.350941,-0.007081,-0.024671
2.700000,0.024845,0.019557,0.009311,-0.185172,-1.273676,0.013000,-0.331840,-0.003403,-0.016333,-0.289393,-1.338979,-0.007845,0.359980,-0.006665,-0.027619
2.733333,0.036086,0.020543,-0.000469,-0.174466,-1.248185,0.021071,-0.306523,-0.006583,-0.023549,-0.304097,-1.345547,-0.009482,0.369020,-0.000870,-0.041020
2.766667,0.041179,0.024201,-0.010818,-0.172354,-1.256677,0.010681,-0.296621,-0.004864,-0.024295,-0.302894,-1.349434,-0.005211,0.367053,0.002325,-0.036977
2.800000,0.034047,0.028300,-0.013564,-0.170084,-1.273822,0.006223,-0.296390,-0.003119,-0.022981,-0.291671,-1.367880,0.014822,0.364964,-0.000207,-0.031656
2.833333,0.029248,0.020796,-0.003187,-0.176085,-1.278901,-0.027263,-0.303866,-0.006245,-0.029414,-0.280481,-1.360686,0.031607,0.351417,-0.005119,-0.012908
2.866667,0.033234,0.026315,0.000324,-0.201922,-1.274357,-0.050678,-0.297213,-0.007468,-0.017285,-0.283567,-1.373938,0.041967,0.364677,-0.006098,-0.008612
2.900000,0.024611,0.028914,0.010343,-0.217014,-1.278730,-0.061466,-0.315124,-0.013130,-0.019015,-0.264830,-1.360078,0.048040,0.345092,-0.002115,-0.006124
2.933333,0.021212,0.025713,0.021220,-0.225603,-1.266067,-0.052089,-0.322278,-0.013611,-0.015244,-0.266094,-1.352731,0.042330,0.345506,-0.002988,-0.008743
2.966667,0.027081,0.020729,0.028926,-0.245822,-1.271343,-0.030881,-0.340190,0.001623,-0.015369,-0.258534,-1.362090,0.019712,0.356607,0.011336,-0.010253
3.000000,0.035287,0.023541,0.033272,-0.283897,-1.313678,0.019355,-0.376363,0.005520,-0.002816,-0.252284,-1.378238,-0.017316,0.379909,0.016721,-0.014901
3.033333,0.030632,0.017787,0.032009,-0.321971,-1.345636,0.099520,-0.440928,0.007805,-0.013197,-0.239834,-1.378238,-0.051516,0.387826,0.022905,-0.021006
3.066667,0.019855,0.021998,0.029347,-0.400045,-1.369288,0.179685,-0.520928,0.008915,-0.008866,-0.235848,-1.379722,-0.089389,0.428440,0.031001,-0.028113
3.100000,0.021713,0.023839,0.027248,-0.499141,-1.385201,0.279685,-0.620911,0.002149,-0.009621,-0.224945,-1.393582,-0.138114,0.455721,0.034286,-0.027761
3.133333,0.015230,0.028682,0.021696,-0.584611,-1.402261,0.379685,-0.696295,-0.010009,-0.009593,-0.223485,-1.396178,-0.146839,0.464509,0.024123,-0.028238
3.166667,-0.008403,0.034044,-0.003585,-0.630081,-1.402261,0.479685,-0.739854,-0.008694,-0.031838,-0.217761,-1.377624,-0.147636,0.473634,0.032641,-0.042098
3.200000,-0.009812,0.039409,-0.012595,-0.674624,-1.393793,0.579685,-0.759232,-0.003690,-0.034608,-0.209494,-1.377624,-0.166377,0.470519,0.043499,-0.030054
3.233333,-0.002832,0.035530,-0.007933,-0.686728,-1.393793,0.679685,-0.765358,-0.002114,-0.038547,-0.203164,-1.390000,-0.152465,0.443693,0.037173,-0.026112
3.266667,-0.012353,0.039410,-0.016243,-0.659737,-1.401531,0.779685,-0.744965,0.010207,-0.052042,-0.194066,-1.377386,-0.107702,0.423321,0.023495,-0.022856
3.300000,-0.018269,0.052254,-0.017691,-0.646371,-1.401531,0.879685,-0.731718,0.011643,-0.045107,-0.196789,-1.377386,-0.102940,0.431100,0.026164,-0.008225
3.333333,-0.001013,0.049383,0.002754,-0.652762,-1.401531,0.979685,-0.728746,0.007228,-0.035172,-0.192843,-1.397386,-0.087592,0.418058,0.022152,-0.004822
3.366667,0.008269,0.045356,0.011124,-0.636502,-1.390000,1.079685,-0.709954,0.016436,-0.017459,-0.203517,-1.391568,-0.069219,0.402899,-0.000628,-0.015389
3.400000,0.009534,0.062974,0.010523,-0.634653,-1.390000,1.179685,-0.700776,0.010672,-0.016370,-0.187200,-1.367282,-0.087247,0.390815,-0.008610,-0.001695
3.433333,0.016719,0.059290,0.023039,-0.659140,-1.390000,1.277659,-0.706325,0.008331,-0.001682,-0.195566,-1.375610,-0.105276,0.398960,0.004697,-0.009835
3.466667,0.026304,0.052037,0.025687,-0.663697,-1.384024,1.362582,-0.719896,0.009503,-0.007347,-0.210084,-1.375610,-0.105204,0.387533,0.011423,-0.019275
3.500000,0.030697,0.052418,0.021674,-0.686924,-1.384024,1.434971,-0.739252,0.009216,-0.003398,-0.214468,-1.359024,-0.121323,0.383843,0.016776,-0.000238
3.533333,0.023602,0.054488,0.022828,-0.705819,-1.404024,1.488266,-0.771690,-0.005151,-0.016965,-0.208892,-1.364842,-0.111088,0.400130,0.026417,0.000870
3.566667,0.032186,0.045529,0.028464,-0.731235,-1.404024,1.515791,-0.790693,0.009181,-0.011899,-0.227025,-1.389128,-0.083044,0.433341,0.034290,-0.009196
3.600000,0.033077,0.047668,0.035584,-0.749566,-1.404024,1.535474,-0.790446,0.016409,-0.001409,-0.241751,-1.393414,-0.083048,0.445571,0.030007,-0.005977
3.633333,0.028325,0.039153,0.033397,-0.762483,-1.410000,1.547236,-0.799261,0.011738,-0.003350,-0.218613,-1.389834,-0.080190,0.441251,0.022513,-0.007074
3.666667,0.026648,0.038128,0.039030,-0.752345,-1.410000,1.571532,-0.786079,0.013815,-0.001730,-0.230596,-1.406420,-0.073505,0.463874,0.016126,-0.031476
3.700000,0.036194,0.033215,0.036826,-0.756718,-1.409592,1.595029,-0.798490,0.011524,-0.016872,-0.249381,-1.406420,-0.083201,0.469797,0.018627,-0.036210
3.733333,0.028955,0.024368,0.033730,-0.758166,-1.409592,1.621396,-0.814866,0.002132,-0.020863,-0.247590,-1.405594,-0.094410,0.454991,0.022284,-0.036783
3.766667,0.025168,0.024686,0.020575,-0.742809,-1.407248,1.645460,-0.826886,-0.000242,-0.020792,-0.227313,-1.388925,-0.094772,0.450305,0.012371,-0.034738
3.800000,0.023722,0.035694,0.026152,-0.752794,-1.402498,1.671739,-0.831683,0.003917,-0.005620,-0.222636,-1.392505,-0.091283,0.450145,0.013372,-0.023547
3.833333,0.019427,0.031491,0.021285,-0.762457,-1.402498,1.674478,-0.862114,0.003290,-0.012857,-0.209317,-1.392505,-0.086777,0.444265,0.019543,-0.016924
3.866667,0.006381,0.027566,0.009288,-0.749321,-1.402905,1.674562,-0.868860,0.016690,-0.008148,-0.180943,-1.372505,-0.081009,0.459685,0.028393,-0.003837
3.900000,0.007382,0.040346,0.006433,-0.746394,-1.402905,1.680142,-0.876374,0.017080,-0.015034,-0.175391,-1.373332,-0.085798,0.476633,0.031561,-0.002262
3.933333,0.003091,0.038835,0.010499,-0.762484,-1.405249,1.673054,-0.902418,0.010038,-0.034463,-0.178436,-1.378890,-0.076755,0.472486,0.045882,-0.009005
3.966667,-0.000389,0.037638,-0.012608,-0.765732,-1.390000,1.682679,-0.921055,0.025026,-0.044406,-0.203745,-1.378889,-0.069280,0.499933,0.056476,-0.019624
4.000000,0.006892,0.047156,-0.016095,-0.768755,-1.385897,1.689334,-0.924397,0.022926,-0.038135,-0.197696,-1.376251,-0.077769,0.506712,0.059529,-0.011433
4.033333,0.009558,0.056438,-0.007868,-0.783010,-1.385897,1.678539,-0.925686,0.013491,-0.026064,-0.207243,-1.396251,-0.072042,0.485015,0.048073,-0.024718
4.066667,0.003096,0.060269,-0.014406,-0.772909,-1.385897,1.658368,-0.928083,0.003869,-0.017551,-0.216118,-1.396251,-0.058411,0.477252,0.041145,-0.032341
4.100000,0.004998,0.064079,-0.011145,-0.775263,-1.385897,1.663037,-0.926842,0.001026,-0.006728,-0.225502,-1.405771,-0.080370,0.495976,0.043797,-0.020989
4.133333,0.008039,0.058802,0.010228,-0.773227,-1.400064,1.632694,-0.924187,-0.020638,-0.006480,-0.209093,-1.398612,-0.087698,0.474701,0.028285,-0.021431
4.166667,0.001024,0.071681,0.013971,-0.770010,-1.400669,1.622797,-0.913641,-0.027329,-0.004423,-0.216685,-1.380238,-0.084499,0.470470,0.015877,-0.018064
4.200000,-0.002722,0.070840,0.020581,-0.776637,-1.400669,1.641116,-0.924858,-0.020145,-0.007442,-0.211645,-1.375237,-0.100581,0.461296,0.012223,-0.003876
4.233333,0.012775,0.053681,0.025900,-0.789716,-1.399653,1.648162,-0.930631,-0.012505,-0.017487,-0.213376,-1.375237,-0.107526,0.452693,0.016504,0.000328
4.266667,0.020417,0.053446,0.020374,-0.784411,-1.398013,1.644082,-0.916926,0.001726,-0.012774,-0.211120,-1.376827,-0.081709,0.438878,-0.003350,-0.010560
4.300000,0.029562,0.053161,0.014582,-0.783103,-1.403846,1.661473,-0.914896,0.006153,-0.019181,-0.218503,-1.374059,-0.088151,0.444014,-0.001028,-0.007382
4.333333,0.032479,0.033692,0.024129,-0.800870,-1.407344,1.664498,-0.926293,0.016151,-0.016740,-0.219038,-1.395070,-0.074712,0.450141,0.007982,-0.018334
4.366667,0.049096,0.025252,0.022703,-0.813483,-1.407344,1.639308,-0.918071,0.011750,-0.012190,-0.248145,-1.400072,-0.051288,0.494849,-0.000746,-0.040509
4.400000,0.037668,0.029505,0.021349,-0.818548,-1.408360,1.649741,-0.914773,0.019376,-0.005022,-0.246637,-1.400072,-0.037186,0.508117,-0.003280,-0.039345
4.433333,0.035913,0.027808,0.030536,-0.808082,-1.403449,1.664821,-0.913415,0.007535,-0.013049,-0.245182,-1.390472,-0.053930,0.502881,0.013233,-0.040725
4.466667,0.045263,0.030954,0.036499,-0.780432,-1.383429,1.695487,-0.885525,0.018786,-0.002722,-0.237749,-1.390003,-0.055472,0.487556,0.007229,-0.031005
4.500000,0.054627,0.037711,0.039031,-0.756195,-1.383409,1.706579,-0.877761,0.015320,-0.014547,-0.228237,-1.390003,-0.061925,0.460713,0.005804,-0.026532
4.533333,0.032487,0.045511,0.029088,-0.735252,-1.383409,1.721737,-0.885125,0.008446,-0.022039,-0.190786,-1.374097,-0.066940,0.419650,0.017565,-0.011437
4.566667,0.022999,0.058048,0.024665,-0.743983,-1.375678,1.733433,-0.898399,0.006679,-0.007205,-0.184523,-1.374097,-0.066711,0.417355,0.015873,0.000416
4.600000,0.025122,0.062823,0.023687,-0.764293,-1.382229,1.723231,-0.909734,0.009192,0.002822,-0.180294,-1.383697,-0.064042,0.428044,0.018518,0.008613
4.633333,0.006640,0.054114,0.012701,-0.782155,-1.396684,1.678331,-0.937972,0.006606,-0.009267,-0.183964,-1.388429,-0.049300,0.441231,0.028439,-0.003901
4.666667,0.011035,0.052866,-0.009811,-0.774823,-1.394310,1.673430,-0.930299,0.014714,-0.001807,-0.185199,-1.388429,-0.052349,0.474292,0.033394,-0.004459
4.700000,0.019854,0.052419,0.004674,-0.782467,-1.394310,1.681895,-0.923869,0.020076,-0.000478,-0.205229,-1.404335,-0.061940,0.484500,0.039305,-0.001635
4.733333,0.033262,0.039771,0.011122,-0.752800,-1.396432,1.664240,-0.902833,0.016403,-0.015909,-0.216811,-1.404335,-0.070503,0.464649,0.040248,-0.017138
4.766667,0.025931,0.042449,0.004312,-0.742218,-1.396432,1.671124,-0.893467,0.012384,-0.012962,-0.227607,-1.404335,-0.054237,0.467645,0.039689,-0.014956
4.800000,0.031748,0.044337,0.011827,-0.746881,-1.401997,1.682235,-0.897597,0.007195,-0.013504,-0.222624,-1.408431,-0.060141,0.471139,0.038637,-0.015109
4.833333,0.024150,0.045656,0.027630,-0.769109,-1.400156,1.664660,-0.905530,-0.000902,-0.013560,-0.235050,-1.407578,-0.062913,0.442787,0.038745,-0.012345
4.866667,0.013151,0.051661,0.022359,-0.769256,-1.396968,1.652062,-0.886485,0.003975,-0.004197,-0.228381,-1.393393,-0.070073,0.433807,0.032343,-0.026580
4.900000,0.005810,0.052445,0.022322,-0.780967,-1.402578,1.669928,-0.883682,0.007480,-0.002919,-0.222316,-1.393393,-0.071612,0.443167,0.035707,-0.025985
4.933333,0.005274,0.043556,0.030555,-0.790073,-1.402578,1.651634,-0.885129,0.015187,-0.008253,-0.226843,-1.393393,-0.082226,0.438429,0.040511,-0.025815
4.966667,0.004015,0.054029,0.020184,-0.787950,-1.402578,1.636311,-0.871198,0.012579,-0.002354,-0.248592,-1.387780,-0.076663,0.449728,0.030031,-0.021064
5.000000,-0.006398,0.050802,0.014905,-0.770854,-1.406812,1.643418,-0.871158,0.012776,-0.008265,-0.243049,-1.388633,-0.069625,0.455429,0.024797,-0.026317
5.033333,0.014496,0.043714,0.014277,-0.762698,-1.407980,1.632676,-0.878423,0.001613,-0.021825,-0.257916,-1.402818,-0.057696,0.465553,0.020404,-0.029981
5.066667,0.025180,0.044069,0.004303,-0.767398,-1.396468,1.611380,-0.874073,0.002829,-0.013238,-0.269190,-1.402818,-0.049139,0.476003,-0.004586,-0.023646
5.100000,0.029988,0.044426,-0.001063,-0.752070,-1.396468,1.606823,-0.866986,-0.000242,-0.023127,-0.251846,-1.402818,-0.049527,0.465324,-0.013894,-0.025042
5.133333,0.033158,0.031458,0.004384,-0.739897,-1.384437,1.613091,-0.854035,-0.005597,-0.029039,-0.239958,-1.396672,-0.061728,0.445655,-0.003136,-0.038319
5.166667,0.049534,0.027107,0.003812,-0.745690,-1.370704,1.596745,-0.855878,-0.010630,-0.039699,-0.245073,-1.396672,-0.060225,0.435125,-0.008207,-0.042039
5.200000,0.042440,0.026885,0.006592,-0.745872,-1.372724,1.599882,-0.853405,-0.004450,-0.036183,-0.238576,-1.396672,-0.063016,0.428698,-0.000895,-0.031743
5.233333,0.033383,0.033556,0.021428,-0.725368,-1.378003,1.615117,-0.834871,-0.001279,-0.044611,-0.232350,-1.396672,-0.071776,0.420385,0.023147,-0.034101
5.266667,0.049824,0.049988,0.034819,-0.735308,-1.364487,1.629019,-0.803152,0.006499,-0.019296,-0.224628,-1.396672,-0.073130,0.436475,0.018120,-0.029430
5.300000,0.049629,0.056018,0.046732,-0.742275,-1.376518,1.621692,-0.793548,0.010775,-0.012048,-0.218334,-1.410000,-0.071123,0.435986,0.017630,-0.022015
5.333333,0.038078,0.060235,0.036305,-0.729283,-1.374103,1.632291,-0.776328,0.025663,-0.005886,-0.205584,-1.410000,-0.065032,0.451875,0.024345,-0.017313
5.366667,0.032111,0.072186,0.037253,-0.737048,-1.374103,1.655406,-0.756282,0.017079,0.006249,-0.203233,-1.410000,-0.073039,0.476937,0.027204,-0.011692
5.400000,0.038169,0.063404,0.037037,-0.747489,-1.380336,1.641913,-0.766052,0.010695,0.000193,-0.198852,-1.410000,-0.074119,0.476513,0.028680,-0.012078
5.433333,0.024887,0.052753,0.019050,-0.736484,-1.393852,1.635880,-0.803144,0.003416,-0.014631,-0.224447,-1.395979,-0.069061,0.466291,0.042209,-0.012701
5.466667,0.021890,0.056017,0.004251,-0.743225,-1.393852,1.648611,-0.828202,0.008007,-0.021544,-0.215949,-1.386687,-0.071228,0.463459,0.034453,0.001085
5.500000,0.020221,0.054889,0.018984,-0.755238,-1.410000,1.648269,-0.832332,0.002263,-0.014745,-0.220668,-1.386687,-0.074166,0.455579,0.034409,0.000337
5.533333,0.024870,0.046451,0.014086,-0.727525,-1.410000,1.625956,-0.854486,0.013581,-0.021017,-0.219767,-1.386687,-0.071523,0.417051,0.032303,-0.003072
5.566667,0.020771,0.042092,0.010893,-0.730714,-1.410000,1.627130,-0.859996,0.022572,-0.006820,-0.221818,-1.386687,-0.068822,0.418523,0.020196,0.003705
5.600000,0.017381,0.033773,0.015323,-0.730665,-1.410000,1.620701,-0.855071,0.021220,-0.017156,-0.209132,-1.400708,-0.066873,0.413507,0.014998,-0.005786
5.633333,0.021151,0.028231,0.026487,-0.730720,-1.390000,1.610979,-0.839728,0.016591,-0.012598,-0.230558,-1.390504,-0.074518,0.417205,0.023560,-0.026727
5.666667,0.022802,0.031265,0.018226,-0.728719,-1.370925,1.625274,-0.835759,0.019644,-0.007326,-0.249697,-1.390504,-0.089188,0.424031,0.018536,-0.033186
5.700000,0.020737,0.029107,0.020488,-0.745632,-1.370925,1.628844,-0.833510,0.017561,-0.013896,-0.247996,-1.390504,-0.081656,0.435401,0.021039,-0.036195
5.733333,0.031191,0.030795,0.011846,-0.732414,-1.370925,1.636360,-0.809972,0.013247,-0.022669,-0.262324,-1.390504,-0.086357,0.446772,0.029553,-0.049462
5.766667,0.033722,0.035292,0.002525,-0.731543,-1.370925,1.628615,-0.806554,0.012955,-0.022767,-0.261413,-1.390504,-0.083272,0.445250,0.030733,-0.044125
5.800000,0.026783,0.037556,-0.000438,-0.727006,-1.390925,1.630896,-0.810449,0.013272,-0.024409,-0.250756,-1.409627,-0.066610,0.444488,0.029327,-0.040056
5.833333,0.023151,0.032093,0.009807,-0.731396,-1.391521,1.603590,-0.820740,0.010364,-0.031284,-0.236419,-1.404383,-0.048744,0.435371,0.025545,-0.024316
5.866667,0.025401,0.039669,0.014208,-0.756598,-1.386714,1.577823,-0.815703,0.008932,-0.016736,-0.238585,-1.404383,-0.038866,0.452357,0.021283,-0.018387
5.900000,0.016458,0.041554,0.023999,-0.771930,-1.386714,1.561231,-0.835830,0.003037,-0.019666,-0.219908,-1.404383,-0.033014,0.433701,0.022310,-0.015233
5.933333,0.014069,0.037800,0.034458,-0.777387,-1.386714,1.568321,-0.838950,0.003227,-0.017969,-0.221230,-1.404383,-0.039948,0.435045,0.021776,-0.020945
5.966667,0.019446,0.031784,0.040231,-0.797330,-1.366714,1.575369,-0.857209,0.015612,-0.021436,-0.238186,-1.384757,-0.062086,0.457200,0.028026,-0.020688
6.000000,0.022164,0.032129,0.042109,-0.833595,-1.345194,1.598075,-0.891428,0.014317,-0.011288,-0.274588,-1.350000,-0.107732,0.501558,0.024488,-0.024818
6.033333,0.014722,0.022702,0.038765,-0.869860,-1.290441,1.633662,-0.956592,0.012522,-0.026173,-0.333744,-1.301079,-0.177397,0.545916,0.023170,-0.029390
6.066667,0.000753,0.024792,0.033816,-0.925544,-1.231999,1.659047,-1.036592,0.010677,-0.021931,-0.413744,-1.233400,-0.257397,0.625916,0.026052,-0.032421
6.100000,-0.002232,0.023099,0.029568,-0.977752,-1.158960,1.671338,-1.136592,0.002573,-0.022482,-0.513744,-1.181114,-0.357397,0.725916,0.021131,-0.029114
6.133333,-0.011253,0.027660,0.024871,-1.019745,-1.118277,1.674003,-1.236592,-0.011170,-0.023030,-0.613744,-1.149167,-0.457397,0.825916,0.010142,-0.028797
6.166667,-0.034912,0.031018,0.000753,-1.025111,-1.092718,1.689378,-1.316052,-0.008413,-0.043216,-0.713744,-1.117219,-0.557397,0.925916,0.018683,-0.037818
6.200000,-0.034105,0.036071,-0.007542,-1.030476,-1.073270,1.709203,-1.380616,-0.003867,-0.046767,-0.787486,-1.114193,-0.657397,1.025916,0.029339,-0.026399
6.233333,-0.027726,0.031720,-0.002263,-1.033639,-1.071581,1.699229,-1.433937,-0.004165,-0.051463,-0.852166,-1.132817,-0.757397,1.125916,0.023278,-0.024419
6.266667,-0.037537,0.036947,-0.011007,-1.024013,-1.090086,1.678668,-1.463910,0.004880,-0.065951,-0.886996,-1.117784,-0.857397,1.225917,0.009738,-0.020157
6.300000,-0.043370,0.049374,-0.013118,-1.024601,-1.088048,1.678279,-1.475077,0.007860,-0.056541,-0.912257,-1.122412,-0.957397,1.325917,0.011744,-0.007280
6.333333,-0.024947,0.048059,0.007112,-1.042868,-1.086456,1.658165,-1.487178,0.001234,-0.047658,-0.913550,-1.147175,-1.057397,1.396413,0.009528,-0.005509
6.366667,-0.017584,0.044752,0.014257,-1.035306,-1.078313,1.622494,-1.474176,0.008433,-0.028585,-0.921593,-1.143646,-1.157398,1.433762,-0.013037,-0.016408
6.400000,-0.016806,0.062345,0.012538,-1.032431,-1.071294,1.620780,-1.461952,0.003608,-0.027569,-0.901655,-1.117223,-1.257398,1.450123,-0.022016,-0.001104
6.433333,-0.010234,0.057483,0.025334,-1.050892,-1.058835,1.635062,-1.457321,0.001441,-0.015437,-0.908690,-1.129065,-1.357397,1.460204,-0.006870,-0.010813
6.466667,-0.000186,0.050141,0.028208,-1.046028,-1.045478,1.632992,-1.462093,0.001795,-0.022549,-0.925296,-1.131463,-1.457397,1.448569,-0.003248,-0.020082
6.500000,0.003082,0.050101,0.024958,-1.058857,-1.056280,1.634887,-1.469072,0.002178,-0.018411,-0.929122,-1.113726,-1.557397,1.440975,-0.001095,-0.002253
6.533333,-0.002749,0.051263,0.027188,-1.067073,-1.079527,1.647860,-1.484528,-0.011980,-0.034901,-0.924857,-1.124283,-1.651005,1.455914,0.008375,-0.000100
6.566667,0.005719,0.042028,0.033780,-1.081710,-1.086157,1.643152,-1.492829,0.002628,-0.029343,-0.947738,-1.171873,-1.723005,1.488062,0.014103,-0.010776
6.600000,0.008251,0.045317,0.041026,-1.095230,-1.094369,1.648733,-1.488267,0.010351,-0.017109,-0.964124,-1.198513,-1.790877,1.501723,0.007124,-0.005348
6.633333,0.003238,0.037424,0.038599,-1.104706,-1.097634,1.647748,-1.485220,0.005600,-0.018036,-0.940510,-1.194596,-1.829220,1.497100,0.002752,-0.004388
6.666667,0.001071,0.036011,0.042930,-1.086843,-1.081599,1.663745,-1.459571,0.006750,-0.019140,-0.952713,-1.213473,-1.845002,1.511234,-0.002190,-0.027724
6.700000,0.011290,0.029876,0.039788,-1.084172,-1.067032,1.671978,-1.458513,0.006463,-0.033420,-0.979841,-1.225862,-1.862796,1.514869,0.001349,-0.032586
6.733333,0.004117,0.021394,0.035337,-1.075304,-1.062616,1.677651,-1.459612,-0.001231,-0.038999,-0.976867,-1.207619,-1.872897,1.491497,0.007153,-0.034138
6.766667,-0.000555,0.020528,0.020870,-1.047589,-1.045483,1.685210,-1.449329,-0.002514,-0.039466,-0.952408,-1.175205,-1.858326,1.472070,0.000393,-0.034810
6.800000,-0.002118,0.031350,0.026020,-1.047243,-1.038340,1.696313,-1.438699,0.000327,-0.024511,-0.947810,-1.181529,-1.857720,1.464883,0.001848,-0.027247
6.833333,-0.006142,0.026507,0.021186,-1.051358,-1.042564,1.681457,-1.456271,0.000625,-0.029398,-0.935831,-1.184798,-1.858861,1.458369,0.006699,-0.020817
6.866667,-0.020878,0.024183,0.008703,-1.032842,-1.050875,1.673558,-1.449867,0.014680,-0.020805,-0.897579,-1.154556,-1.835828,1.463219,0.011540,-0.011154
6.900000,-0.020714,0.037407,0.005786,-1.028410,-1.053597,1.673188,-1.450241,0.014528,-0.025897,-0.885977,-1.157911,-1.833722,1.480884,0.015799,-0.008694
6.933333,-0.023331,0.036378,0.010457,-1.042647,-1.063597,1.655208,-1.468178,0.006580,-0.043124,-0.892714,-1.161809,-1.827604,1.480683,0.028981,-0.016170
6.966667,-0.027810,0.034813,-0.011681,-1.045142,-1.057639,1.658501,-1.477491,0.020401,-0.051384,-0.919011,-1.166969,-1.809763,1.508243,0.038597,-0.024221
7.000000,-0.022344,0.044783,-0.015091,-1.046806,-1.055442,1.662136,-1.470701,0.019239,-0.045445,-0.913618,-1.157758,-1.812739,1.514493,0.041599,-0.018015
7.033333,-0.018284,0.053032,-0.006173,-1.059295,-1.070109,1.648325,-1.470015,0.009240,-0.035378,-0.927312,-1.177545,-1.812545,1.503274,0.032620,-0.026984
7.066667,-0.023676,0.056948,-0.012708,-1.048267,-1.081915,1.624469,-1.466370,-0.002125,-0.027656,-0.941206,-1.171320,-1.798964,1.499433,0.023540,-0.032419
7.100000,-0.022050,0.059165,-0.008899,-1.050452,-1.109235,1.630053,-1.463827,-0.005048,-0.019959,-0.945477,-1.180171,-1.811072,1.519124,0.025447,-0.015986
7.133333,-0.017177,0.053859,0.011127,-1.046239,-1.136554,1.600037,-1.460455,-0.025476,-0.023505,-0.929748,-1.164386,-1.816358,1.501696,0.010946,-0.016614
7.166667,-0.021726,0.065944,0.014795,-1.041662,-1.144269,1.595636,-1.449212,-0.034870,-0.023157,-0.932132,-1.147025,-1.801665,1.498023,-0.000026,-0.013454
7.200000,-0.027424,0.065422,0.021465,-1.049789,-1.138045,1.613716,-1.461556,-0.027022,-0.026311,-0.931266,-1.135226,-1.818696,1.495995,-0.003204,-0.001812
7.233333,-0.011537,0.047780,0.026880,-1.063256,-1.127461,1.625657,-1.467426,-0.017838,-0.034967,-0.935483,-1.146943,-1.828141,1.489980,0.003576,-0.001327
7.266667,-0.004258,0.049216,0.020789,-1.057904,-1.100161,1.621793,-1.454634,-0.003503,-0.028999,-0.942914,-1.158456,-1.817599,1.487399,-0.013125,-0.013625
7.300000,0.004674,0.049099,0.015867,-1.056783,-1.101150,1.641617,-1.456691,0.002162,-0.033068,-0.953374,-1.154603,-1.834269,1.497604,-0.012873,-0.010496
7.333333,0.008351,0.029460,0.025429,-1.073906,-1.105502,1.640512,-1.472006,0.014095,-0.029645,-0.963683,-1.186959,-1.836621,1.513321,-0.004072,-0.023432
7.366667,0.027406,0.021732,0.024460,-1.085250,-1.106449,1.616926,-1.466553,0.007225,-0.025111,-0.991981,-1.195757,-1.815594,1.534612,-0.013663,-0.045725
7.400000,0.016976,0.025795,0.024085,-1.091542,-1.116361,1.628278,-1.468142,0.014562,-0.019262,-0.996611,-1.200846,-1.816170,1.545346,-0.018810,-0.044174
7.433333,0.016552,0.024348,0.032700,-1.083399,-1.119718,1.647749,-1.469730,0.002486,-0.027865,-0.989698,-1.185642,-1.819443,1.532294,-0.004549,-0.046789
7.466667,0.025761,0.027483,0.037771,-1.059325,-1.101273,1.679132,-1.442840,0.015541,-0.016890,-0.977936,-1.184812,-1.811895,1.517015,-0.009557,-0.037083
7.500000,0.033087,0.034909,0.040286,-1.037751,-1.103511,1.691446,-1.436720,0.014940,-0.029011,-0.966712,-1.173111,-1.820007,1.494131,-0.010106,-0.030242
7.533333,0.009672,0.042381,0.029781,-1.018443,-1.124045,1.708871,-1.446573,0.010231,-0.036184,-0.931514,-1.152852,-1.828772,1.479850,0.002257,-0.012773
7.566667,-0.001124,0.055333,0.024366,-1.026151,-1.114893,1.718840,-1.458568,0.007839,-0.020688,-0.924105,-1.138799,-1.825755,1.484987,0.002593,0.002738
7.600000,-0.002426,0.058801,0.023530,-1.046842,-1.124140,1.711152,-1.470563,0.009619,-0.007203,-0.924751,-1.157111,-1.833889,1.503552,0.004104,0.013118
7.633333,-0.020177,0.050081,0.013217,-1.063472,-1.143587,1.669389,-1.496213,0.005274,-0.021069,-0.931757,-1.162856,-1.819739,1.516206,0.015822,0.000915
7.666667,-0.014667,0.048443,-0.010492,-1.054925,-1.144523,1.667627,-1.488119,0.011075,-0.014279,-0.932931,-1.178405,-1.820063,1.539090,0.019967,0.000519
7.700000,-0.006324,0.047052,0.003854,-1.061353,-1.134692,1.677552,-1.481506,0.015876,-0.013110,-0.952723,-1.200926,-1.831125,1.545078,0.026621,0.002456
7.733333,0.007352,0.033830,0.009559,-1.033906,-1.135851,1.663091,-1.461236,0.012717,-0.028180,-0.960891,-1.211563,-1.832331,1.523830,0.026118,-0.014470
7.766667,0.002024,0.036898,0.003595,-1.020875,-1.150068,1.673974,-1.450377,0.009963,-0.028225,-0.969279,-1.204494,-1.810673,1.524661,0.026446,-0.015203
7.800000,0.007522,0.039337,0.011313,-1.025443,-1.160553,1.688190,-1.457180,0.003945,-0.025980,-0.967869,-1.209893,-1.829015,1.528254,0.025167,-0.016626
7.833333,0.001942,0.040627,0.028015,-1.046773,-1.157633,1.675770,-1.466562,-0.005040,-0.024025,-0.977881,-1.196048,-1.834442,1.501661,0.024464,-0.014865
7.866667,-0.007035,0.048017,0.023211,-1.046176,-1.145472,1.670596,-1.443300,-0.000959,-0.014692,-0.958370,-1.183945,-1.827906,1.472683,0.016663,-0.028733
7.900000,-0.014639,0.048174,0.025320,-1.050692,-1.149990,1.693612,-1.441910,0.001010,-0.015865,-0.914430,-1.183728,-1.810752,1.446690,0.019326,-0.029977
7.933333,-0.012930,0.039041,0.033852,-1.048311,-1.119454,1.676629,-1.444089,0.009188,-0.019225,-0.852684,-1.204242,-1.789724,1.380698,0.023341,-0.030033
7.966667,-0.014246,0.047805,0.023837,-1.028531,-1.100045,1.661169,-1.425724,0.009265,-0.016280,-0.776775,-1.210481,-1.728696,1.329223,0.011701,-0.022079
8.000000,-0.026091,0.045023,0.019324,-0.996307,-1.090509,1.668820,-1.416064,0.011565,-0.023794,-0.676775,-1.222537,-1.644745,1.273382,0.006892,-0.025207
8.033333,-0.004407,0.036510,0.019079,-0.980621,-1.080905,1.665521,-1.412832,0.001525,-0.037007,-0.576775,-1.231381,-1.544745,1.242688,0.002485,-0.028506
8.066667,0.007015,0.036427,0.007567,-0.980917,-1.062287,1.657807,-1.395109,0.006176,-0.028328,-0.476775,-1.210825,-1.444745,1.241961,-0.022183,-0.019053
8.100000,0.012445,0.037490,0.001521,-0.970057,-1.078723,1.670038,-1.374180,0.003022,-0.040060,-0.376775,-1.154879,-1.344745,1.250989,-0.031312,-0.019976
8.133333,0.017337,0.026288,0.006603,-0.966708,-1.084826,1.697196,-1.349941,-0.003074,-0.044595,-0.276775,-1.103988,-1.244745,1.257059,-0.021114,-0.035570
8.166667,0.033968,0.021389,0.005321,-0.979253,-1.092910,1.702245,-1.341648,-0.007688,-0.054500,-0.176775,-1.057178,-1.144745,1.284674,-0.026619,-0.038698
8.200000,0.027837,0.020471,0.006129,-0.979702,-1.120340,1.718463,-1.333798,-0.000357,-0.051126,-0.081960,-1.023134,-1.044745,1.313045,-0.017721,-0.029197
8.233333,0.019587,0.027449,0.021645,-0.956833,-1.144770,1.742747,-1.302590,0.001344,-0.058551,-0.014966,-1.002246,-0.944745,1.321885,0.003165,-0.032330
8.266667,0.034740,0.041737,0.034314,-0.959377,-1.144084,1.773349,-1.261609,0.010540,-0.032722,0.046198,-1.014671,-0.844745,1.358692,-0.002753,-0.026920
8.300000,0.035168,0.045785,0.045470,-0.956867,-1.168998,1.781782,-1.237502,0.016238,-0.025620,0.068443,-1.022041,-0.744745,1.373649,-0.003389,-0.020385
8.333333,0.025839,0.047782,0.034611,-0.936157,-1.173971,1.800996,-1.197037,0.029975,-0.019831,0.079212,-1.019190,-0.644745,1.397025,0.002491,-0.015752
8.366667,0.020554,0.059344,0.036762,-0.934204,-1.181786,1.834043,-1.146874,0.019881,-0.007274,0.062829,-1.008223,-0.544745,1.425180,0.003173,-0.010338
8.400000,0.026120,0.049878,0.035184,-0.936695,-1.205450,1.832770,-1.127348,0.012917,-0.012931,0.049964,-0.988994,-0.444745,1.432865,0.006718,-0.011501
8.433333,0.014616,0.041230,0.017326,-0.921513,-1.230634,1.828007,-1.133074,0.004305,-0.029061,0.010326,-0.944224,-0.344745,1.410839,0.019747,-0.014616
8.466667,0.010411,0.044686,0.002826,-0.926292,-1.236346,1.841720,-1.134879,0.009007,-0.037243,0.009607,-0.918368,-0.244745,1.407032,0.011952,-0.001054
8.500000,0.008264,0.045000,0.017329,-0.935689,-1.263774,1.844026,-1.125952,0.002880,-0.031407,-0.006100,-0.905923,-0.144745,1.394593,0.011229,-0.005162
8.533333,0.011544,0.036819,0.012762,-0.906708,-1.280710,1.822295,-1.140455,0.015441,-0.037611,-0.009662,-0.908027,-0.044745,1.349675,0.007995,-0.008470
8.566667,0.009177,0.032160,0.010303,-0.909380,-1.297355,1.822302,-1.149090,0.024528,-0.023949,-0.016923,-0.910582,0.041600,1.344758,-0.004697,-0.001828
8.600000,0.004507,0.022901,0.014815,-0.909146,-1.299756,1.814236,-1.144696,0.024351,-0.033659,-0.004437,-0.923121,0.116154,1.342137,-0.008549,-0.009753
8.633333,0.009150,0.017261,0.025894,-0.908710,-1.282283,1.802283,-1.129812,0.017543,-0.029377,-0.027440,-0.917903,0.152941,1.336361,-0.002296,-0.028467
8.666667,0.010132,0.020665,0.017917,-0.907341,-1.254519,1.816592,-1.130128,0.022110,-0.022397,-0.047936,-0.919909,0.168780,1.334967,-0.007581,-0.033570
8.700000,0.009155,0.018723,0.019876,-0.923511,-1.239316,1.819850,-1.132342,0.019154,-0.028745,-0.048240,-0.912980,0.181063,1.343811,-0.003798,-0.038452
8.733333,0.017890,0.019118,0.010740,-0.910344,-1.210974,1.826672,-1.108353,0.015132,-0.037034,-0.060541,-0.930106,0.183065,1.352655,0.004434,-0.050562
8.766667,0.021141,0.023755,0.000914,-0.909479,-1.218785,1.818794,-1.109822,0.015294,-0.037267,-0.059988,-0.935898,0.186795,1.355099,0.006696,-0.045777
8.800000,0.015413,0.026377,-0.001331,-0.904656,-1.235153,1.819069,-1.118264,0.015585,-0.036870,-0.044453,-0.955967,0.206059,1.359716,0.005828,-0.043307
8.833333,0.013469,0.019810,0.008865,-0.906916,-1.240098,1.790734,-1.133173,0.012437,-0.042912,-0.029381,-0.953049,0.230527,1.353078,0.001676,-0.028186
8.866667,0.015048,0.026911,0.012725,-0.931637,-1.232885,1.766679,-1.132333,0.012447,-0.029759,-0.033763,-0.971919,0.236103,1.368682,-0.004234,-0.019261
8.900000,0.007539,0.030158,0.022341,-0.945693,-1.238290,1.751642,-1.158067,0.007746,-0.032541,-0.015084,-0.959347,0.246041,1.344408,-0.001778,-0.017115
8.933333,0.004887,0.025872,0.032757,-0.950991,-1.225384,1.759188,-1.166122,0.007644,-0.029534,-0.016406,-0.960354,0.246044,1.336228,-0.003175,-0.021338
8.966667,0.015101,0.021386,0.035248,-0.931734,-1.215287,1.740448,-1.148594,0.019044,-0.029505,-0.037221,-0.985925,0.228278,1.310812,0.005452,-0.019160
9.000000,0.026566,0.024596,0.034275,-0.889457,-1.245190,1.710318,-1.104750,0.017313,-0.016108,-0.073615,-1.034484,0.186257,1.270935,0.004471,-0.017912
9.033333,0.028670,0.016224,0.028137,-0.807181,-1.265098,1.672900,-1.051325,0.010331,-0.022877,-0.128077,-1.083043,0.145489,1.191058,0.005623,-0.021169
9.066667,0.024232,0.020495,0.020110,-0.724905,-1.278098,1.595483,-0.971325,0.004019,-0.015303,-0.190040,-1.158543,0.089599,1.111058,0.008914,-0.021780
9.100000,0.030413,0.022548,0.012537,-0.624905,-1.276391,1.495483,-0.871325,-0.009679,-0.011978,-0.244917,-1.247934,0.024982,1.011058,0.004782,-0.015402
9.133333,0.025454,0.027098,0.006235,-0.524905,-1.295989,1.395483,-0.771325,-0.023158,-0.008078,-0.284411,-1.317326,0.000365,0.911058,-0.007267,-0.012269
9.166667,0.001723,0.030499,-0.018989,-0.424905,-1.293785,1.295483,-0.671325,-0.023531,-0.026606,-0.302635,-1.348137,-0.012036,0.811058,0.002279,-0.022360
9.200000,0.003785,0.036652,-0.028321,-0.338576,-1.283621,1.195483,-0.571325,-0.016633,-0.030478,-0.290541,-1.377528,-0.033701,0.711058,0.013760,-0.007639
9.233333,0.011409,0.032589,-0.023145,-0.260006,-1.289056,1.095483,-0.495371,-0.016608,-0.034227,-0.285064,-1.391419,-0.020673,0.611058,0.005631,-0.003550
9.266667,0.002833,0.036154,-0.031131,-0.181436,-1.319292,0.995483,-0.432838,-0.005413,-0.045172,-0.278871,-1.376812,0.021083,0.511058,-0.008132,0.001145
9.300000,-0.001970,0.049026,-0.031965,-0.142866,-1.330706,0.895483,-0.390608,-0.003917,-0.036283,-0.279462,-1.376812,0.022838,0.451058,-0.006887,0.015781
9.333333,0.016409,0.046261,-0.011452,-0.131405,-1.341259,0.795483,-0.362845,-0.008798,-0.026742,-0.277761,-1.395393,0.035268,0.391058,-0.010394,0.018115
9.366667,0.023503,0.043030,-0.004209,-0.125617,-1.341923,0.695483,-0.335082,-0.000770,-0.009319,-0.291063,-1.387153,0.050284,0.342575,-0.033891,0.006658
9.400000,0.024984,0.059802,-0.005207,-0.131172,-1.343206,0.595483,-0.309130,-0.003660,-0.008503,-0.274597,-1.360556,0.032284,0.311406,-0.041999,0.019313
9.433333,0.032337,0.056595,0.007011,-0.158357,-1.338255,0.495483,-0.292844,-0.003686,0.002112,-0.280214,-1.368566,0.014284,0.311871,-0.024457,0.010578
9.466667,0.040622,0.049195,0.009398,-0.162412,-1.330711,0.395483,-0.283899,-0.002973,-0.006561,-0.294431,-1.368566,0.012006,0.290352,-0.016021,-0.001049
9.500000,0.043883,0.050628,0.005735,-0.176640,-1.342365,0.295483,-0.279418,-0.002839,-0.003002,-0.296928,-1.348914,-0.000993,0.281348,-0.012263,0.016260
9.533333,0.037425,0.052034,0.007442,-0.181761,-1.374020,0.195483,-0.284999,-0.015883,-0.016630,-0.291612,-1.357153,0.009999,0.292592,-0.002663,0.015920
9.566667,0.044767,0.043392,0.012676,-0.193173,-1.385674,0.095483,-0.282767,-0.001634,-0.008726,-0.311437,-1.383750,0.038902,0.322069,0.005335,0.009549
9.600000,0.048570,0.045337,0.019253,-0.202565,-1.393466,0.017576,-0.265575,0.004282,0.002436,-0.329334,-1.390347,0.038717,0.333421,-0.003450,0.014473
9.633333,0.043560,0.036730,0.016333,-0.211730,-1.401591,-0.037065,-0.258638,0.000375,0.001097,-0.307230,-1.384349,0.042990,0.326876,-0.011612,0.014605
9.666667,0.043326,0.035267,0.021737,-0.193441,-1.392403,-0.051706,-0.232769,0.002609,-0.000762,-0.320409,-1.404002,0.051619,0.347816,-0.016537,-0.009981
9.700000,0.053400,0.029176,0.020051,-0.186953,-1.381800,-0.063932,-0.222714,-0.000732,-0.015741,-0.339975,-1.404002,0.047059,0.352348,-0.012101,-0.015378
9.733333,0.046978,0.021114,0.017451,-0.181571,-1.381800,-0.051052,-0.224928,-0.010076,-0.021314,-0.336664,-1.402281,0.034292,0.336092,-0.008999,-0.018906
9.766667,0.040080,0.021215,0.004608,-0.160488,-1.370277,-0.030677,-0.220129,-0.010844,-0.019795,-0.314953,-1.384907,0.033099,0.328518,-0.016773,-0.018174
9.800000,0.037816,0.031688,0.010370,-0.162763,-1.364855,-0.018971,-0.205912,-0.006565,-0.006478,-0.311937,-1.390906,0.037563,0.329065,-0.013062,-0.005761
9.833333,0.033459,0.026837,0.005837,-0.168255,-1.372868,-0.029511,-0.219965,-0.006398,-0.011064,-0.298641,-1.390906,0.041178,0.324590,-0.007430,0.002802
9.866667,0.017772,0.024391,-0.006917,-0.157037,-1.380211,-0.020769,-0.221294,0.008237,-0.005062,-0.271531,-1.370906,0.039080,0.337934,0.000051,0.015785
9.900000,0.017214,0.037623,-0.010349,-0.153434,-1.380211,-0.020390,-0.218619,0.008074,-0.010414,-0.265305,-1.372627,0.036728,0.352817,0.004997,0.019748
9.933333,0.012910,0.035742,-0.005883,-0.166931,-1.388481,-0.037260,-0.235009,-0.000655,-0.028869,-0.268698,-1.380792,0.045670,0.345924,0.019779,0.013647
9.966667,0.009505,0.035329,-0.027810,-0.168752,-1.379059,-0.028727,-0.248481,0.013427,-0.035585,-0.293396,-1.380792,0.053591,0.369037,0.027691,0.001793
10.000000,0.015905,0.045590,-0.031402,-0.171403,-1.369920,-0.023371,-0.241842,0.009754,-0.030032,-0.288373,-1.377686,0.045836,0.369170,0.029209,0.009423
10.033333,0.021538,0.054838,-0.022616,-0.183961,-1.373180,-0.039712,-0.236150,-0.000937,-0.019113,-0.296856,-1.397686,0.059455,0.345229,0.016629,-0.000965
10.066667,0.016508,0.057900,-0.028526,-0.175226,-1.373180,-0.059271,-0.230956,-0.009032,-0.011097,-0.309194,-1.397686,0.076295,0.332056,0.007514,-0.008486
10.100000,0.019843,0.061783,-0.024834,-0.179609,-1.376433,-0.051168,-0.227922,-0.011553,-0.003784,-0.319075,-1.405204,0.059354,0.346450,0.008179,0.001929
10.133333,0.025887,0.056398,-0.004294,-0.179788,-1.388153,-0.079153,-0.220290,-0.031910,-0.005312,-0.304517,-1.399003,0.055912,0.322601,-0.004492,0.002279
10.166667,0.019307,0.069631,-0.000943,-0.181139,-1.388839,-0.081714,-0.212650,-0.037381,-0.002967,-0.312392,-1.377977,0.060457,0.319243,-0.017316,0.005833
10.200000,0.013795,0.067855,0.005649,-0.186567,-1.384878,-0.072796,-0.218104,-0.027953,-0.005844,-0.308280,-1.371165,0.045934,0.307411,-0.020132,0.019555
10.233333,0.027930,0.051336,0.010280,-0.199108,-1.379287,-0.066267,-0.224999,-0.022368,-0.016294,-0.309768,-1.371165,0.038520,0.297991,-0.014711,0.020262
10.266667,0.036394,0.050767,0.004066,-0.192592,-1.372065,-0.081862,-0.209553,-0.007197,-0.009338,-0.311235,-1.372855,0.065037,0.286597,-0.033839,0.010945
10.300000,0.043302,0.049238,-0.001604,-0.186480,-1.383598,-0.072810,-0.206279,-0.002990,-0.015194,-0.317958,-1.367942,0.057071,0.292210,-0.035968,0.014572
10.333333,0.047782,0.029144,0.008201,-0.198892,-1.390612,-0.083909,-0.216215,0.005949,-0.011635,-0.318934,-1.392074,0.071629,0.298287,-0.025773,0.003203
10.366667,0.065673,0.021672,0.006864,-0.211083,-1.389392,-0.106487,-0.214186,0.002440,-0.007776,-0.348604,-1.397757,0.093219,0.343737,-0.033224,-0.020459
10.400000,0.054559,0.025224,0.005391,-0.214515,-1.394983,-0.104997,-0.212188,0.011150,-0.002692,-0.347924,-1.397757,0.105067,0.359710,-0.036123,-0.018867
10.433333,0.052718,0.023510,0.014494,-0.207127,-1.389978,-0.081384,-0.215793,-0.000823,-0.010539,-0.342214,-1.387485,0.086739,0.355696,-0.019259,-0.022500
10.466667,0.061131,0.027658,0.019681,-0.183653,-1.365795,-0.046330,-0.196952,0.008010,-0.000304,-0.332034,-1.387842,0.085736,0.342075,-0.023552,-0.015110
10.500000,0.068003,0.033931,0.022662,-0.162871,-1.364226,-0.031126,-0.194947,0.004812,-0.012550,-0.321798,-1.387256,0.079154,0.315812,-0.022196,-0.011552
10.533333,0.045474,0.040224,0.013206,-0.142350,-1.369408,-0.012656,-0.204109,-0.004525,-0.020646,-0.283146,-1.370924,0.074112,0.277726,-0.010726,0.005542
10.566667,0.035963,0.052072,0.008881,-0.150649,-1.355204,-0.003912,-0.219244,-0.007029,-0.005057,-0.274471,-1.370924,0.075716,0.276897,-0.012925,0.018920
10.600000,0.035267,0.056705,0.008331,-0.170213,-1.362751,-0.012052,-0.228776,-0.005814,0.007229,-0.271682,-1.381195,0.075849,0.287794,-0.012229,0.028086
10.633333,0.017665,0.047995,-0.002601,-0.189797,-1.376489,-0.046660,-0.260102,-0.005241,-0.005323,-0.278595,-1.383824,0.086025,0.303050,0.000962,0.017040
10.666667,0.022315,0.047198,-0.026102,-0.182368,-1.371724,-0.042398,-0.253233,0.005459,0.001236,-0.279575,-1.384409,0.080499,0.337029,0.002880,0.017954
10.700000,0.030433,0.047376,-0.011919,-0.192519,-1.369870,-0.031270,-0.250568,0.011025,0.004837,-0.298271,-1.401871,0.069542,0.345318,0.008682,0.018481
10.733333,0.045797,0.034540,-0.005261,-0.168544,-1.370857,-0.032369,-0.237880,0.007716,-0.008886,-0.311140,-1.401871,0.058689,0.325862,0.010618,0.002002
10.766667,0.038795,0.037350,-0.011586,-0.158280,-1.375536,-0.016584,-0.237336,0.004717,-0.008996,-0.322023,-1.401871,0.072976,0.328656,0.011189,0.004096
10.800000,0.045979,0.039646,-0.002815,-0.160796,-1.385981,-0.013191,-0.241592,-0.001253,-0.006970,-0.317150,-1.408796,0.067984,0.330980,0.010041,0.003675
10.833333,0.039768,0.041163,0.013095,-0.183177,-1.382813,-0.031749,-0.252263,-0.012765,-0.007463,-0.328476,-1.405252,0.065315,0.302854,0.009422,0.004669
10.866667,0.028494,0.047611,0.008107,-0.188094,-1.371775,-0.036834,-0.238828,-0.010275,0.000133,-0.323223,-1.388680,0.058854,0.295689,0.000555,-0.006785
10.900000,0.019010,0.048917,0.008826,-0.197587,-1.384993,-0.022938,-0.236678,-0.006061,-0.000459,-0.316444,-1.388680,0.055358,0.304883,0.003969,-0.004768
10.933333,0.019497,0.040881,0.016716,-0.206767,-1.380606,-0.044721,-0.241433,0.000130,-0.005603,-0.318126,-1.388680,0.046125,0.300526,0.010141,-0.004000
10.966667,0.017360,0.051287,0.005428,-0.203911,-1.380606,-0.058552,-0.228061,-0.003599,-0.001732,-0.337520,-1.380701,0.053430,0.312656,-0.001237,0.000789
11.000000,0.003985,0.048336,0.000716,-0.188282,-1.392722,-0.052321,-0.230283,-0.001146,-0.006940,-0.330632,-1.384234,0.061705,0.318787,-0.004199,-0.003966
11.033333,0.025608,0.041751,0.000206,-0.181335,-1.395488,-0.067471,-0.237498,-0.010993,-0.017870,-0.345251,-1.400806,0.074379,0.330066,-0.008807,-0.009524
11.066667,0.036907,0.043270,-0.009713,-0.187264,-1.375132,-0.088495,-0.232861,-0.010853,-0.007489,-0.355420,-1.400806,0.086837,0.343222,-0.033967,-0.002593
11.100000,0.042975,0.044099,-0.014355,-0.175322,-1.378874,-0.090104,-0.226223,-0.013445,-0.017673,-0.338883,-1.400806,0.088035,0.335193,-0.043912,-0.005301
11.133333,0.046065,0.031396,-0.007863,-0.172082,-1.358231,-0.070828,-0.220947,-0.016070,-0.022327,-0.323672,-1.396339,0.074913,0.320330,-0.034870,-0.017883
11.166667,0.064556,0.027312,-0.007559,-0.183826,-1.332170,-0.080099,-0.227805,-0.022332,-0.031942,-0.328402,-1.396350,0.076468,0.315078,-0.041458,-0.021167
11.200000,0.058350,0.026329,-0.005531,-0.188135,-1.335310,-0.070104,-0.231447,-0.013807,-0.028219,-0.320321,-1.396350,0.072902,0.312331,-0.031066,-0.011456
11.233333,0.047649,0.033155,0.009521,-0.177370,-1.340546,-0.046465,-0.220905,-0.010777,-0.038246,-0.310513,-1.396350,0.061824,0.309468,-0.007837,-0.014366
11.266667,0.061265,0.049010,0.022702,-0.193109,-1.318136,-0.027349,-0.193315,-0.003386,-0.012841,-0.302809,-1.396350,0.059842,0.329898,-0.012551,-0.008691
11.300000,0.060798,0.054941,0.034256,-0.204606,-1.332368,-0.030316,-0.185203,-0.001133,-0.007458,-0.298922,-1.409139,0.062488,0.331169,-0.013705,-0.001359
11.333333,0.048001,0.058503,0.023110,-0.192681,-1.332344,-0.022404,-0.166391,0.013734,-0.001452,-0.288022,-1.409139,0.065246,0.349401,-0.006447,0.005184
11.366667,0.042346,0.069458,0.025053,-0.200046,-1.330018,0.003645,-0.145384,0.002007,0.009104,-0.285263,-1.409139,0.055463,0.376531,-0.005896,0.012430
11.400000,0.048669,0.059379,0.024078,-0.209633,-1.345139,-0.005503,-0.153882,-0.002878,0.003769,-0.282412,-1.409139,0.054646,0.376030,-0.003864,0.010819
11.433333,0.036484,0.049062,0.005223,-0.200673,-1.363975,0.001268,-0.191326,-0.009246,-0.009932,-0.304836,-1.394986,0.058531,0.366722,0.009706,0.009955
11.466667,0.035066,0.051744,-0.009709,-0.202950,-1.367273,0.005806,-0.214582,-0.004530,-0.016515,-0.294110,-1.384962,0.052019,0.366376,0.004422,0.020981
11.500000,0.034547,0.050528,0.005286,-0.215728,-1.392394,0.008267,-0.220465,-0.009514,-0.012247,-0.299046,-1.384962,0.051536,0.360122,0.002778,0.019659
11.533333,0.037635,0.043984,-0.000012,-0.188505,-1.401707,-0.011865,-0.243101,0.002026,-0.016556,-0.296573,-1.384962,0.055087,0.321799,0.002329,0.015713
11.566667,0.034657,0.039571,-0.002256,-0.187158,-1.401707,-0.013542,-0.246155,0.010091,-0.002307,-0.301186,-1.384962,0.053626,0.323477,-0.010567,0.023997
11.600000,0.032024,0.031472,0.003104,-0.183920,-1.405922,-0.033810,-0.240160,0.010085,-0.013566,-0.290689,-1.399115,0.055309,0.318376,-0.017265,0.015450
11.633333,0.033823,0.026249,0.014352,-0.184666,-1.389037,-0.038512,-0.226813,0.005034,-0.009717,-0.310990,-1.390000,0.050569,0.320835,-0.011080,-0.003274
11.666667,0.034912,0.029451,0.006242,-0.180518,-1.363080,-0.020451,-0.223241,0.008150,-0.002835,-0.326773,-1.390000,0.036367,0.323802,-0.014093,-0.011727
11.700000,0.032572,0.026526,0.008141,-0.198463,-1.356159,-0.017601,-0.223530,0.008084,-0.010384,-0.325809,-1.389604,0.045823,0.333851,-0.012071,-0.017536
11.733333,0.041741,0.028404,-0.002050,-0.189489,-1.348698,-0.008364,-0.204420,0.004874,-0.019918,-0.337864,-1.389604,0.047010,0.343900,-0.002563,-0.030672
11.766667,0.044566,0.032250,-0.012486,-0.186933,-1.348698,-0.015665,-0.199445,0.003826,-0.020973,-0.335929,-1.389604,0.052329,0.340976,-0.001317,-0.025215
11.800000,0.039410,0.034794,-0.015593,-0.183610,-1.366459,-0.016622,-0.203709,0.003248,-0.020003,-0.328103,-1.408512,0.072742,0.335018,-0.001132,-0.022034
11.833333,0.036428,0.028759,-0.006484,-0.189072,-1.371140,-0.045403,-0.214628,0.001029,-0.028291,-0.319897,-1.402189,0.092760,0.320785,-0.006465,-0.007134
11.866667,0.038579,0.036656,-0.002101,-0.212441,-1.364132,-0.067719,-0.210118,-0.001075,-0.015632,-0.322686,-1.402586,0.103949,0.331539,-0.011144,0.001591
11.900000,0.030377,0.038923,0.008570,-0.226377,-1.369519,-0.079683,-0.231352,-0.005646,-0.018619,-0.306497,-1.400577,0.111548,0.307229,-0.007815,0.004552
11.933333,0.026681,0.035146,0.019555,-0.234039,-1.367445,-0.071320,-0.238554,-0.003267,-0.016211,-0.310309,-1.398567,0.107644,0.302919,-0.005286,-0.001437
11.966667,0.026771,0.029212,0.026211,-0.253582,-1.347610,-0.050530,-0.258056,0.008934,-0.022982,-0.299165,-1.385001,0.086702,0.300932,0.009675,-0.005532
12.000000,0.026317,0.027818,0.029372,-0.290827,-1.327775,-0.001915,-0.295061,0.006594,-0.011339,-0.287134,-1.375295,0.044256,0.312693,0.018188,-0.011370
12.033333,0.016438,0.016664,0.026459,-0.328073,-1.279628,0.078412,-0.360805,0.004741,-0.024452,-0.273512,-1.367008,0.007580,0.305812,0.027076,-0.022266
12.066667,0.000231,0.017043,0.021221,-0.405319,-1.199628,0.158738,-0.440805,-0.000222,-0.019684,-0.265321,-1.342892,-0.034116,0.333995,0.035552,-0.029707
12.100000,-0.004066,0.015603,0.015960,-0.505319,-1.099628,0.258738,-0.540805,-0.012711,-0.020857,-0.248986,-1.333635,-0.084032,0.353006,0.039296,-0.030053
12.133333,-0.010620,0.018690,0.010733,-0.605319,-1.002217,0.358738,-0.640805,-0.025351,-0.017494,-0.246084,-1.337052,-0.094248,0.365074,0.027873,-0.030768
12.166667,-0.033135,0.023294,-0.013782,-0.705319,-0.926039,0.458738,-0.740805,-0.022618,-0.038699,-0.239056,-1.321839,-0.090353,0.373500,0.035126,-0.042807
12.200000,-0.031359,0.027695,-0.021488,-0.805319,-0.856433,0.558738,-0.840805,-0.019080,-0.042664,-0.229162,-1.318885,-0.106818,0.373120,0.046238,-0.029120
12.233333,-0.024575,0.024752,-0.015824,-0.905319,-0.825956,0.658738,-0.940805,-0.016479,-0.048112,-0.222870,-1.338664,-0.089364,0.348631,0.039167,-0.026472
12.266667,-0.034194,0.028160,-0.022689,-0.965319,-0.822639,0.758738,-1.040805,-0.004112,-0.061401,-0.213756,-1.326491,-0.043691,0.323084,0.024898,-0.023523
12.300000,-0.040850,0.040892,-0.024620,-1.025319,-0.829223,0.858738,-1.140805,-0.001276,-0.054295,-0.214911,-1.334293,-0.037717,0.326888,0.027792,-0.007998
12.333333,-0.023851,0.039120,-0.004457,-1.070381,-0.830582,0.958738,-1.240805,-0.006667,-0.045702,-0.212895,-1.360909,-0.021739,0.311692,0.024080,-0.003740
12.366667,-0.016776,0.035692,0.002596,-1.089870,-0.825370,1.058738,-1.324693,0.001697,-0.026914,-0.224621,-1.357429,-0.004329,0.293323,0.000595,-0.014457
12.400000,-0.015358,0.051885,0.000731,-1.089064,-0.821029,1.158738,-1.406454,-0.005894,-0.025010,-0.207368,-1.330197,-0.022121,0.273256,-0.006884,-0.001261
12.433333,-0.008589,0.048090,0.012340,-1.112105,-0.811109,1.258738,-1.472293,-0.007678,-0.011182,-0.216603,-1.340059,-0.039913,0.277271,0.007595,-0.010901
12.466667,0.001090,0.040506,0.015418,-1.111193,-0.799324,1.347254,-1.518132,-0.006110,-0.017290,-0.232183,-1.340523,-0.039878,0.256506,0.012483,-0.022052
12.500000,0.005381,0.040334,0.011336,-1.122581,-0.810187,1.419128,-1.543971,-0.006797,-0.012690,-0.237314,-1.322173,-0.053673,0.239269,0.016368,-0.005024
12.533333,-0.001554,0.042927,0.012641,-1.131392,-0.836658,1.469286,-1.565922,-0.019838,-0.026798,-0.232398,-1.333919,-0.040132,0.239879,0.025454,-0.005084
12.566667,0.006547,0.033971,0.018859,-1.147381,-0.844200,1.491836,-1.570000,-0.003097,-0.021320,-0.255798,-1.367497,-0.010118,0.260140,0.032160,-0.013862
12.600000,0.007946,0.036392,0.025663,-1.160695,-0.849075,1.505120,-1.567963,0.003746,-0.010870,-0.271942,-1.381074,-0.007257,0.257451,0.025841,-0.010136
12.633333,0.003706,0.028157,0.023083,-1.170836,-0.851919,1.505453,-1.567963,-0.002056,-0.011989,-0.251887,-1.373775,-0.003975,0.242287,0.019632,-0.010975
12.666667,0.001840,0.027229,0.028515,-1.153881,-0.836600,1.522429,-1.552083,0.000737,-0.011172,-0.266161,-1.392290,0.002582,0.257005,0.015496,-0.035723
12.700000,0.011875,0.021699,0.026127,-1.151269,-0.822223,1.536011,-1.552083,-0.000376,-0.026699,-0.287273,-1.395265,-0.008178,0.261506,0.020017,-0.040529
12.733333,0.005023,0.014077,0.023574,-1.143856,-0.819652,1.551889,-1.552083,-0.009903,-0.032813,-0.282756,-1.388127,-0.021410,0.247922,0.025173,-0.043057
12.766667,0.000063,0.014120,0.011119,-1.115947,-0.809060,1.566268,-1.541049,-0.011242,-0.032656,-0.263570,-1.365125,-0.026802,0.247059,0.017248,-0.041174
12.800000,-0.001519,0.024990,0.016863,-1.115163,-0.804319,1.577439,-1.537480,-0.004880,-0.018679,-0.258228,-1.371947,-0.026347,0.252452,0.019166,-0.029515
12.833333,-0.006878,0.021417,0.012303,-1.117204,-0.811808,1.569001,-1.553360,-0.005315,-0.025869,-0.243406,-1.374665,-0.023043,0.251698,0.021942,-0.021271
12.866667,-0.019229,0.019801,0.000478,-1.094431,-0.823094,1.560830,-1.546355,0.007481,-0.019686,-0.214724,-1.352923,-0.019486,0.268809,0.029184,-0.008551
12.900000,-0.019078,0.031781,-0.003248,-1.085417,-0.827650,1.558528,-1.546355,0.007707,-0.024919,-0.209059,-1.358319,-0.023986,0.287298,0.034053,-0.006003
12.933333,-0.021548,0.030521,0.000934,-1.096582,-0.835160,1.539223,-1.559427,-0.000333,-0.043344,-0.212079,-1.363666,-0.014125,0.282164,0.047903,-0.013603
12.966667,-0.025383,0.028692,-0.021509,-1.091510,-0.828223,1.543459,-1.562995,0.012957,-0.052296,-0.237455,-1.367119,-0.005371,0.308029,0.056999,-0.025688
13.000000,-0.017791,0.036927,-0.024989,-1.083698,-0.826427,1.538486,-1.561665,0.009356,-0.046161,-0.232310,-1.358104,-0.015009,0.313800,0.061958,-0.018625
13.033333,-0.015312,0.044212,-0.015877,-1.086492,-0.840320,1.518356,-1.564165,-0.000478,-0.036384,-0.240747,-1.374644,-0.007323,0.294352,0.050099,-0.030602
13.066667,-0.021449,0.048333,-0.021377,-1.053445,-0.863187,1.477671,-1.564165,-0.009906,-0.028894,-0.248708,-1.365431,0.008975,0.290907,0.039873,-0.037879
13.100000,-0.019321,0.051583,-0.017722,-1.029557,-0.905763,1.464752,-1.563573,-0.011567,-0.019818,-0.255447,-1.369924,-0.009776,0.317599,0.042072,-0.025225
13.133333,-0.014222,0.047173,0.003098,-1.000042,-0.948339,1.415934,-1.563573,-0.032950,-0.021562,-0.238172,-1.350852,-0.014926,0.305073,0.027640,-0.024228
13.166667,-0.018393,0.060657,0.007171,-0.975171,-0.971444,1.388271,-1.549693,-0.035656,-0.018626,-0.245699,-1.329546,-0.011871,0.311970,0.015612,-0.019769
13.200000,-0.023750,0.060176,0.012553,-0.959942,-0.977339,1.379390,-1.554197,-0.027730,-0.020910,-0.238932,-1.316200,-0.029786,0.309212,0.012575,-0.007719
13.233333,-0.007592,0.043015,0.017624,-0.962792,-0.968777,1.376461,-1.554198,-0.020565,-0.031143,-0.241124,-1.324395,-0.040431,0.304459,0.018384,-0.003915
13.266667,-0.000418,0.043662,0.011692,-0.952119,-0.937895,1.359634,-1.539515,-0.007136,-0.026841,-0.240154,-1.336140,-0.017499,0.288848,-0.001135,-0.014500
13.300000,0.006574,0.043047,0.005824,-0.952987,-0.934227,1.370282,-1.539515,-0.002187,-0.033407,-0.247283,-1.333794,-0.025091,0.290063,-0.001124,-0.010416
13.333333,0.007891,0.023654,0.014406,-0.974189,-0.929135,1.371987,-1.554725,0.003543,-0.031264,-0.247410,-1.364439,-0.010761,0.289294,0.007942,-0.023312
13.366667,0.026931,0.016850,0.012838,-0.995543,-0.921670,1.354909,-1.553051,0.000246,-0.026793,-0.278031,-1.375557,0.013493,0.328526,-0.001091,-0.043855
13.400000,0.015121,0.021219,0.010408,-1.015057,-0.918054,1.371880,-1.553051,0.007623,-0.018143,-0.277789,-1.378316,0.025158,0.336611,-0.002139,-0.043986
13.433333,0.013360,0.019886,0.018617,-1.018082,-0.910034,1.402749,-1.554406,-0.003836,-0.024896,-0.276702,-1.359889,0.006603,0.329556,0.014278,-0.046351
13.466667,0.022802,0.023397,0.023280,-1.007086,-0.877865,1.446142,-1.531554,0.008893,-0.014414,-0.268352,-1.360128,0.001381,0.317574,0.009411,-0.037558
13.500000,0.031269,0.030023,0.026062,-1.000763,-0.863740,1.466142,-1.527728,0.006696,-0.026277,-0.257831,-1.352000,-0.007534,0.292780,0.009194,-0.031648
13.533333,0.007764,0.034508,0.016371,-1.002529,-0.860046,1.506660,-1.529402,-0.001675,-0.034327,-0.219073,-1.331997,-0.017289,0.252208,0.021090,-0.016816
13.566667,-0.001554,0.047055,0.012287,-1.028056,-0.831841,1.539068,-1.529402,-0.003548,-0.020763,-0.209950,-1.324563,-0.020370,0.249415,0.018266,-0.003880
13.600000,-0.000134,0.050088,0.011637,-1.072165,-0.817972,1.551402,-1.533249,-0.001119,-0.009069,-0.205549,-1.344408,-0.020325,0.260356,0.020596,0.005153
13.633333,-0.017929,0.042560,0.001358,-1.106869,-0.820555,1.532278,-1.556102,-0.006088,-0.018981,-0.210133,-1.349402,-0.006990,0.271327,0.032309,-0.006340
13.666667,-0.013159,0.040605,-0.020908,-1.112941,-0.809406,1.553153,-1.549897,0.004325,-0.011071,-0.211244,-1.358948,-0.011182,0.302482,0.035886,-0.007152
13.700000,-0.004113,0.040457,-0.006213,-1.126638,-0.796088,1.566611,-1.549897,0.010616,-0.009540,-0.231532,-1.377844,-0.020214,0.311830,0.043791,-0.004204
13.733333,0.009964,0.027258,0.000040,-1.100335,-0.793634,1.552916,-1.549897,0.006915,-0.024311,-0.244247,-1.383640,-0.026730,0.291407,0.043761,-0.019412
13.766667,0.002875,0.030636,-0.006657,-1.081649,-0.810012,1.553249,-1.549413,0.004152,-0.024800,-0.255991,-1.378308,-0.010387,0.293112,0.042972,-0.018342
13.800000,0.008696,0.031432,0.001274,-1.066301,-0.831994,1.545041,-1.549413,-0.001039,-0.025155,-0.252951,-1.379861,-0.014628,0.297930,0.042669,-0.018831
13.833333,0.002506,0.033010,0.017013,-1.061350,-0.843788,1.496834,-1.555119,-0.011434,-0.026492,-0.265485,-1.364229,-0.016666,0.276242,0.041382,-0.017310
13.866667,-0.008263,0.039865,0.011195,-1.038825,-0.848009,1.457594,-1.534442,-0.008628,-0.016088,-0.259297,-1.342189,-0.023714,0.278705,0.033054,-0.031526
13.900000,-0.015372,0.040899,0.011525,-1.031633,-0.873822,1.452515,-1.533766,-0.004355,-0.016483,-0.251888,-1.329316,-0.025048,0.304844,0.035003,-0.031215
13.933333,-0.014911,0.032251,0.019994,-1.030256,-0.867077,1.417427,-1.540641,0.001178,-0.019881,-0.252050,-1.325028,-0.035280,0.325091,0.039960,-0.030921
13.966667,-0.016945,0.041368,0.009274,-1.037714,-0.854000,1.403432,-1.540642,-0.000439,-0.016226,-0.267533,-1.310038,-0.030616,0.365354,0.027810,-0.025090
14.000000,-0.029006,0.038996,0.003549,-1.042907,-0.843200,1.425902,-1.544966,-0.000486,-0.023097,-0.255284,-1.302952,-0.025369,0.405244,0.025608,-0.029439
14.033333,-0.008145,0.031335,0.002664,-1.055538,-0.816129,1.433545,-1.565643,-0.010901,-0.036426,-0.260559,-1.308972,-0.017691,0.458568,0.020923,-0.033027
14.066667,0.001022,0.031567,-0.007928,-1.082266,-0.758660,1.431427,-1.566319,-0.009134,-0.027319,-0.260580,-1.305335,-0.017967,0.520208,-0.002483,-0.025200
14.100000,0.005367,0.032290,-0.012996,-1.087360,-0.732954,1.444580,-1.570000,-0.011155,-0.038045,-0.232226,-1.278400,-0.035254,0.580848,-0.010758,-0.025945
14.133333,0.009612,0.022377,-0.007508,-1.090102,-0.690490,1.463359,-1.564938,-0.015943,-0.041844,-0.211426,-1.258684,-0.070082,0.633680,0.000101,-0.041289
14.166667,0.025940,0.018511,-0.008437,-1.104030,-0.645479,1.458515,-1.564938,-0.020570,-0.050572,-0.210608,-1.246933,-0.095647,0.693930,-0.005656,-0.044993
14.200000,0.018423,0.018295,-0.006197,-1.114817,-0.633406,1.470740,-1.564938,-0.011737,-0.047460,-0.199501,-1.239483,-0.122612,0.747118,0.003230,-0.034392
14.233333,0.010440,0.024986,0.008988,-1.100355,-0.634180,1.493829,-1.556590,-0.009384,-0.055293,-0.191307,-1.232043,-0.149962,0.780532,0.027105,-0.037486
14.266667,0.027378,0.038974,0.021064,-1.115513,-0.606439,1.518596,-1.528241,-0.001154,-0.029615,-0.183457,-1.262321,-0.154768,0.806463,0.022585,-0.031513
14.300000,0.025478,0.041683,0.031984,-1.126212,-0.616669,1.518983,-1.524954,0.004013,-0.023781,-0.175131,-1.285379,-0.150885,0.804359,0.021861,-0.022056
14.333333,0.014253,0.043188,0.021109,-1.118206,-0.616078,1.531928,-1.524954,0.018978,-0.018185,-0.160294,-1.296480,-0.134489,0.804504,0.027798,-0.016339
14.366667,0.009720,0.054839,0.022564,-1.123790,-0.621676,1.556524,-1.512002,0.008187,-0.005266,-0.158883,-1.301925,-0.126437,0.811712,0.030724,-0.010203
14.400000,0.014815,0.045149,0.021697,-1.134550,-0.645350,1.547854,-1.520351,0.002503,-0.009324,-0.154725,-1.298175,-0.108876,0.798694,0.033262,-0.011718
14.433333,0.001733,0.036454,0.003885,-1.119646,-0.682598,1.543387,-1.548699,-0.006825,-0.023077,-0.181766,-1.263703,-0.088344,0.760051,0.046363,-0.014025
14.466667,0.000943,0.040285,-0.010614,-1.124342,-0.697822,1.553882,-1.557048,-0.002407,-0.029973,-0.175384,-1.252255,-0.073003,0.721408,0.040471,-0.000548
14.500000,-0.000688,0.040313,0.004917,-1.134544,-0.735466,1.555633,-1.557048,-0.008332,-0.023781,-0.186429,-1.254455,-0.059806,0.675295,0.040954,-0.002035
14.533333,0.003897,0.032138,0.001290,-1.106935,-0.762089,1.536766,-1.570000,0.003512,-0.030233,-0.189594,-1.267563,-0.046954,0.594578,0.037034,-0.006575
14.566667,0.000446,0.028539,-0.000514,-1.109970,-0.789303,1.539757,-1.570000,0.012829,-0.017187,-0.198965,-1.280715,-0.037138,0.549580,0.024251,0.003047
14.600000,-0.003612,0.020320,0.004863,-1.111018,-0.796373,1.530587,-1.570000,0.014019,-0.027819,-0.193042,-1.305521,-0.030760,0.509062,0.019631,-0.005551
14.633333,-0.001123,0.014055,0.016557,-1.107892,-0.785467,1.522933,-1.570000,0.008176,-0.024159,-0.222139,-1.307302,-0.034682,0.487166,0.024812,-0.027491
14.666667,0.001435,0.018219,0.008293,-1.100989,-0.770334,1.538623,-1.567169,0.011605,-0.017448,-0.244967,-1.312525,-0.047062,0.474405,0.019528,-0.035074
14.700000,-0.001201,0.016395,0.010374,-1.116317,-0.766222,1.542392,-1.567169,0.010151,-0.023620,-0.247224,-1.310899,-0.036669,0.466575,0.023475,-0.038107
14.733333,0.008432,0.016571,0.000906,-1.101630,-0.743460,1.550411,-1.552448,0.004794,-0.031319,-0.263123,-1.327085,-0.037143,0.463027,0.032660,-0.051511
14.766667,0.010580,0.020759,-0.008808,-1.102710,-0.754565,1.545494,-1.552448,0.003982,-0.033012,-0.262770,-1.333701,-0.030227,0.454998,0.032749,-0.046703
14.800000,0.005232,0.024466,-0.010964,-1.101402,-0.776071,1.547372,-1.552448,0.004633,-0.033099,-0.251999,-1.354986,-0.014001,0.443867,0.032936,-0.042113
14.833333,0.002159,0.018143,-0.000342,-1.107602,-0.779384,1.521341,-1.555279,0.003444,-0.040411,-0.239606,-1.353662,0.003852,0.426411,0.028725,-0.026153
14.866667,0.003660,0.025945,0.003490,-1.131571,-0.772772,1.500646,-1.554947,0.000863,-0.025517,-0.243514,-1.368742,0.011481,0.438627,0.023381,-0.020233
14.900000,-0.003757,0.028792,0.012594,-1.145555,-0.780083,1.487109,-1.569668,-0.004833,-0.028287,-0.225419,-1.352602,0.012544,0.424921,0.025332,-0.017979
14.933333,-0.004905,0.024508,0.022362,-1.148333,-0.769406,1.496763,-1.569668,-0.005159,-0.023690,-0.227323,-1.345789,0.000711,0.431216,0.026046,-0.022412
14.966667,0.003355,0.020525,0.027166,-1.126459,-0.788327,1.480805,-1.549668,0.006915,-0.025669,-0.242192,-1.335430,-0.020877,0.421993,0.031730,-0.021204
15.000000,0.010841,0.019783,0.027770,-1.083369,-0.847249,1.452756,-1.509668,0.005116,-0.014197,-0.261757,-1.326220,-0.033479,0.396072,0.026677,-0.023039
15.033333,0.011646,0.009444,0.023888,-1.000279,-0.916094,1.415947,-1.450000,0.003712,-0.026063,-0.275596,-1.306538,-0.035950,0.337942,0.024166,-0.025679
15.066667,0.002581,0.012239,0.019304,-0.917190,-0.996094,1.339138,-1.370000,0.001513,-0.022532,-0.298959,-1.284443,-0.043816,0.305733,0.022879,-0.028126
15.100000,0.004953,0.011914,0.013404,-0.817190,-1.087984,1.239138,-1.270000,-0.008680,-0.023027,-0.316654,-1.274813,-0.059808,0.259060,0.015058,-0.023044
15.133333,-0.001043,0.013044,0.007677,-0.717190,-1.173832,1.139138,-1.170000,-0.023354,-0.021976,-0.317505,-1.273403,-0.038013,0.222758,0.004852,-0.022017
15.166667,-0.024945,0.017380,-0.016729,-0.617190,-1.235071,1.039138,-1.070000,-0.022630,-0.041504,-0.309320,-1.253452,-0.034432,0.221174,0.013307,-0.030205
15.200000,-0.025019,0.022474,-0.025441,-0.538426,-1.265406,0.939138,-0.970000,-0.016881,-0.045007,-0.296416,-1.246703,-0.053595,0.232373,0.022534,-0.015021
15.233333,-0.017134,0.018626,-0.020541,-0.470870,-1.294213,0.839138,-0.870000,-0.014032,-0.049300,-0.285547,-1.256047,-0.037002,0.223743,0.013838,-0.009774
15.266667,-0.026604,0.022267,-0.026928,-0.403314,-1.317015,0.739138,-0.774412,-0.002449,-0.062635,-0.265584,-1.232925,0.006904,0.235504,0.000130,-0.005372
15.300000,-0.032741,0.035636,-0.027838,-0.375758,-1.317819,0.664001,-0.701656,0.000593,-0.053695,-0.256668,-1.230465,0.010809,0.276895,0.000573,0.008986
15.333333,-0.014837,0.034254,-0.006877,-0.375683,-1.318078,0.611376,-0.646756,-0.004753,-0.044627,-0.246530,-1.237028,0.024963,0.297798,-0.002525,0.009243
15.366667,-0.007313,0.030165,0.001013,-0.378770,-1.309241,0.584079,-0.593739,0.001927,-0.028288,-0.249975,-1.208432,0.038198,0.325149,-0.023261,-0.003500
15.400000,-0.006988,0.047857,0.000327,-0.397401,-1.301933,0.596782,-0.579143,-0.006047,-0.028158,-0.223866,-1.162297,0.017669,0.372330,-0.028762,0.008210
15.433333,0.000901,0.045535,0.013184,-0.447375,-1.286055,0.649485,-0.588862,-0.007250,-0.014326,-0.222995,-1.143274,-0.002046,0.433584,-0.011746,0.000278
15.466667,0.010175,0.039654,0.017035,-0.487915,-1.265089,0.717324,-0.609262,-0.006457,-0.020680,-0.229158,-1.087603,0.012592,0.494837,-0.007179,-0.009731
15.500000,0.014191,0.041378,0.014053,-0.540974,-1.264942,0.802653,-0.641588,-0.006792,-0.017581,-0.220185,-1.022908,0.018064,0.581860,-0.003266,0.008356
15.533333,0.006672,0.045515,0.017007,-0.591540,-1.276150,0.902653,-0.689432,-0.019401,-0.030858,-0.211355,-0.990195,0.055001,0.681860,0.007614,0.008806
15.566667,0.015711,0.036441,0.022487,-0.643539,-1.266983,1.002653,-0.720250,-0.002935,-0.022796,-0.237665,-0.997261,0.114406,0.781860,0.014357,0.002874
15.600000,0.017628,0.038619,0.029559,-0.682849,-1.262669,1.102653,-0.729173,0.004202,-0.011755,-0.267558,-1.002823,0.150274,0.881860,0.007364,0.006860
15.633333,0.013418,0.030535,0.026566,-0.709361,-1.258240,1.202653,-0.744585,0.001740,-0.012846,-0.274199,-1.013082,0.162228,0.981860,0.001092,0.008310
15.666667,0.011789,0.029556,0.031828,-0.711267,-1.239873,1.302653,-0.736600,0.005881,-0.009698,-0.318535,-1.060458,0.157833,1.081860,-0.003515,-0.013090
15.700000,0.023683,0.024577,0.029164,-0.717384,-1.228343,1.400900,-0.749698,0.005596,-0.024738,-0.383285,-1.107049,0.120255,1.181860,-0.000194,-0.015515
15.733333,0.016210,0.017560,0.026450,-0.717761,-1.228425,1.480593,-0.767029,-0.002958,-0.028841,-0.424155,-1.122026,0.065062,1.281860,0.005512,-0.017796
15.766667,0.012950,0.019080,0.013581,-0.704439,-1.217775,1.554379,-0.785158,-0.005424,-0.029528,-0.459426,-1.121948,-0.006593,1.379488,-0.001356,-0.016314
15.800000,0.009775,0.031089,0.020358,-0.713349,-1.217798,1.609709,-0.795096,-0.002396,-0.014492,-0.508336,-1.153821,-0.088685,1.452268,0.001299,-0.004701
15.833333,0.007120,0.026552,0.016209,-0.721501,-1.227040,1.643869,-0.827228,-0.002916,-0.021216,-0.555937,-1.173597,-0.170778,1.509897,0.006947,0.005070
15.866667,-0.005703,0.023961,0.005231,-0.711514,-1.234678,1.663926,-0.842781,0.010060,-0.012932,-0.587489,-1.157334,-0.259687,1.547525,0.013879,0.017002
15.900000,-0.005291,0.036038,0.003735,-0.714476,-1.239157,1.688825,-0.862602,0.010894,-0.017367,-0.647782,-1.172907,-0.359687,1.565153,0.016944,0.020263
15.933333,-0.011044,0.034718,0.009742,-0.736591,-1.246611,1.698607,-0.897672,0.003950,-0.032906,-0.718420,-1.198809,-0.459687,1.556158,0.030426,0.012825
15.966667,-0.013853,0.032590,-0.011690,-0.747987,-1.236636,1.726845,-0.928811,0.018460,-0.041073,-0.799868,-1.224711,-0.559687,1.561005,0.041463,0.002334
16.000000,-0.009479,0.041341,-0.014618,-0.758060,-1.225969,1.754885,-0.944664,0.017653,-0.034215,-0.854723,-1.241586,-0.659687,1.559372,0.045182,0.007409
16.033333,-0.008037,0.049563,-0.006027,-0.774806,-1.232817,1.758781,-0.950649,0.007158,-0.023030,-0.919383,-1.288491,-0.759687,1.546739,0.035200,-0.003816
16.066667,-0.014501,0.053716,-0.013091,-0.764965,-1.234159,1.747054,-0.952946,-0.004881,-0.015544,-0.979081,-1.312981,-0.859687,1.541112,0.028907,-0.011405
16.100000,-0.011071,0.055691,-0.010205,-0.764600,-1.253570,1.756352,-0.950789,-0.006346,-0.006942,-1.018144,-1.335633,-0.959687,1.546510,0.030063,0.004274
16.133333,-0.007060,0.050305,0.010057,-0.760131,-1.272980,1.733414,-0.945016,-0.027464,-0.007487,-1.042002,-1.335500,-1.053855,1.527665,0.016412,0.004241
16.166667,-0.011367,0.064146,0.014091,-0.754239,-1.273161,1.726560,-0.931181,-0.033654,-0.006039,-1.071981,-1.324345,-1.134835,1.514398,0.002819,0.007311
16.200000,-0.016020,0.063186,0.019950,-0.758314,-1.262265,1.745304,-0.937624,-0.025905,-0.008245,-1.088217,-1.319249,-1.215815,1.509266,-0.000250,0.020590
16.233333,0.000478,0.045067,0.025736,-0.770475,-1.248283,1.758037,-0.941167,-0.019114,-0.019238,-1.100910,-1.332170,-1.266159,1.500141,0.002661,0.025357
16.266667,0.007331,0.045713,0.019547,-0.761260,-1.218496,1.756684,-0.926284,-0.006624,-0.012489,-1.118392,-1.346045,-1.284075,1.500676,-0.016956,0.014453
16.300000,0.016309,0.045516,0.013293,-0.753854,-1.215130,1.771595,-0.919086,-0.002175,-0.017124,-1.131447,-1.342706,-1.302504,1.510097,-0.016404,0.019639
16.333333,0.020236,0.025155,0.021732,-0.769079,-1.218294,1.769530,-0.926144,0.005960,-0.012163,-1.140699,-1.374398,-1.299678,1.524999,-0.005269,0.009178
16.366667,0.038562,0.017892,0.021158,-0.775400,-1.216507,1.741865,-0.916300,0.000863,-0.009058,-1.162133,-1.378837,-1.265690,1.542763,-0.016471,-0.014103
16.400000,0.025745,0.021714,0.019692,-0.775948,-1.226751,1.743522,-0.909288,0.009398,-0.001746,-1.157478,-1.378837,-1.249412,1.551684,-0.016208,-0.014127
16.433333,0.024234,0.020781,0.028722,-0.764289,-1.224771,1.753341,-0.903560,-0.000021,-0.010249,-1.141279,-1.358837,-1.252202,1.536365,0.000970,-0.018607
16.466667,0.033667,0.024562,0.034139,-0.741245,-1.205075,1.779134,-0.880866,0.009976,-0.000749,-1.122229,-1.354400,-1.242682,1.519608,-0.005418,-0.012029
16.500000,0.041468,0.031897,0.036987,-0.716434,-1.207826,1.787187,-0.878679,0.006888,-0.015765,-1.108405,-1.337326,-1.248683,1.499013,-0.005115,-0.007270
16.533333,0.018448,0.038580,0.026046,-0.697710,-1.225423,1.801419,-0.892917,0.000228,-0.023246,-1.074352,-1.311416,-1.261549,1.487674,0.008325,0.009165
16.566667,0.009884,0.051916,0.021496,-0.707865,-1.211502,1.817333,-0.917820,-0.001008,-0.007862,-1.069274,-1.294343,-1.263307,1.493504,0.005401,0.021234
16.600000,0.010894,0.054846,0.020731,-0.736779,-1.217130,1.812188,-0.941439,-0.000258,0.004264,-1.068053,-1.302332,-1.271210,1.511886,0.009378,0.031413
16.633333,-0.007971,0.046233,0.010320,-0.761048,-1.227819,1.775108,-0.990080,0.000268,-0.008545,-1.066925,-1.294758,-1.258013,1.526050,0.019372,0.021566
16.666667,-0.005800,0.045708,-0.011900,-0.768972,-1.218785,1.778026,-1.011000,0.006439,-0.000716,-1.052334,-1.293566,-1.252136,1.546646,0.021652,0.021639
16.700000,0.003444,0.044995,0.002888,-0.795098,-1.198849,1.791711,-1.040086,0.011601,0.001842,-1.038828,-1.292374,-1.239796,1.551812,0.029237,0.023371
16.733333,0.016028,0.032385,0.009471,-0.805598,-1.183377,1.779122,-1.072366,0.008092,-0.013696,-0.998192,-1.273751,-1.211493,1.530652,0.028689,0.006907
16.766667,0.007233,0.036250,0.003577,-0.830679,-1.183905,1.789792,-1.137609,0.005974,-0.013956,-0.956668,-1.245417,-1.154131,1.529493,0.027228,0.006988
16.800000,0.011132,0.038394,0.011774,-0.872833,-1.175381,1.803283,-1.202854,-0.000895,-0.013652,-0.897533,-1.224138,-1.110267,1.534346,0.029135,0.002242
16.833333,0.005981,0.039383,0.028687,-0.930050,-1.154114,1.786786,-1.279626,-0.008838,-0.013134,-0.864464,-1.193029,-1.076256,1.514091,0.030149,0.002430
16.866667,-0.007018,0.045438,0.024941,-0.965943,-1.129920,1.774797,-1.322967,-0.006900,-0.003081,-0.841548,-1.177517,-1.073002,1.500202,0.021536,-0.013197
16.900000,-0.016181,0.046870,0.026002,-0.996801,-1.135309,1.789829,-1.366309,-0.003383,-0.002117,-0.851382,-1.179436,-1.109749,1.503644,0.026229,-0.013059
16.933333,-0.017840,0.037649,0.035120,-1.024765,-1.111830,1.768580,-1.398224,-0.000374,-0.006560,-0.886833,-1.206004,-1.182767,1.483419,0.029923,-0.015641
16.966667,-0.018813,0.046725,0.025617,-1.038324,-1.108238,1.752847,-1.417351,-0.004278,-0.002947,-0.957991,-1.235522,-1.281017,1.479796,0.017664,-0.010134
17.000000,-0.032184,0.043978,0.020903,-1.036053,-1.114956,1.764012,-1.433437,-0.004306,-0.009869,-0.996905,-1.274382,-1.377112,1.471234,0.014449,-0.015539
17.033333,-0.012870,0.037147,0.020150,-1.041813,-1.110128,1.756768,-1.457969,-0.013496,-0.024657,-1.043010,-1.321951,-1.454906,1.469874,0.009890,-0.020872
17.066667,-0.003553,0.037124,0.011283,-1.056247,-1.081344,1.743767,-1.468715,-0.014473,-0.015749,-1.072009,-1.355728,-1.506116,1.473393,-0.018062,-0.014277
17.100000,0.002709,0.038160,0.005956,-1.052091,-1.081427,1.749129,-1.475357,-0.015183,-0.026408,-1.061009,-1.361107,-1.546323,1.462546,-0.027917,-0.015976
17.133333,0.005593,0.026939,0.011583,-1.047491,-1.059660,1.761123,-1.470980,-0.020242,-0.028877,-1.039850,-1.363679,-1.560331,1.434780,-0.018255,-0.030145
17.166667,0.020907,0.022626,0.010642,-1.061715,-1.033408,1.751808,-1.485837,-0.027235,-0.038842,-1.043007,-1.368988,-1.561421,1.420707,-0.024537,-0.035116
17.200000,0.013767,0.021438,0.012496,-1.073084,-1.035695,1.763369,-1.498554,-0.022117,-0.034947,-1.034317,-1.374791,-1.564055,1.413673,-0.015534,-0.023318
17.233333,0.007879,0.027842,0.026233,-1.059253,-1.039975,1.784283,-1.491396,-0.018624,-0.043221,-1.020613,-1.374791,-1.569097,1.399430,0.011361,-0.024934
17.266667,0.025221,0.042516,0.038339,-1.073565,-1.014558,1.807088,-1.467070,-0.011238,-0.017505,-1.011064,-1.383190,-1.574746,1.418732,0.006836,-0.019575
17.300000,0.023230,0.046581,0.048741,-1.090536,-1.024310,1.806860,-1.466550,-0.005086,-0.011576,-1.009459,-1.395288,-1.585924,1.424353,0.006596,-0.011843
17.333333,0.012016,0.047172,0.037676,-1.084976,-1.020703,1.818012,-1.463435,0.011042,-0.004451,-1.000421,-1.400492,-1.587673,1.444046,0.013100,-0.005028
17.366667,0.008367,0.057027,0.038526,-1.094032,-1.015915,1.835775,-1.448434,0.000404,0.007910,-0.998483,-1.396231,-1.598270,1.469304,0.014363,0.002532
17.400000,0.011767,0.047148,0.038027,-1.111369,-1.028721,1.823757,-1.467094,-0.007263,0.001831,-1.000328,-1.387764,-1.611784,1.474547,0.015565,0.001078
17.433333,-0.004428,0.037860,0.020109,-1.103047,-1.050558,1.813951,-1.507755,-0.014650,-0.012946,-1.019036,-1.363829,-1.595818,1.453565,0.031027,0.001300
17.466667,-0.004928,0.040851,0.005913,-1.107885,-1.055434,1.825482,-1.531175,-0.012830,-0.019482,-1.009642,-1.354113,-1.600521,1.454235,0.025584,0.015110
17.500000,-0.005796,0.041820,0.020508,-1.119055,-1.080715,1.826315,-1.535323,-0.018535,-0.013790,-1.013646,-1.347235,-1.608075,1.445921,0.023824,0.012168
17.533333,-0.003701,0.035504,0.016445,-1.091758,-1.098144,1.811674,-1.558923,-0.005614,-0.019393,-1.009236,-1.349491,-1.608462,1.404987,0.021067,0.005763
17.566667,-0.005791,0.031341,0.014024,-1.089089,-1.120582,1.811079,-1.559666,0.006740,-0.004494,-1.008883,-1.350568,-1.607953,1.404053,0.008541,0.012757
17.600000,-0.008730,0.022516,0.018700,-1.087478,-1.126114,1.806185,-1.555014,0.006214,-0.014947,-1.005289,-1.365872,-1.629278,1.409690,0.002311,0.002221
17.633333,-0.006675,0.017109,0.030955,-1.081604,-1.110686,1.797172,-1.542545,0.000294,-0.011612,-1.027632,-1.356060,-1.639293,1.407488,0.006485,-0.016939
17.666667,-0.005781,0.020741,0.023859,-1.068761,-1.092046,1.811879,-1.521843,0.004587,-0.005354,-1.042007,-1.354309,-1.651561,1.412296,0.002257,-0.022337
17.700000,-0.007203,0.018704,0.026854,-1.076851,-1.086353,1.819138,-1.505902,0.004531,-0.010079,-1.044178,-1.342936,-1.659184,1.428456,0.007449,-0.023269
17.733333,0.001760,0.019661,0.017575,-1.056311,-1.066755,1.833569,-1.472816,-0.001002,-0.017920,-1.060627,-1.350326,-1.671235,1.444616,0.016238,-0.036231
17.766667,0.006761,0.025178,0.008997,-1.042493,-1.084729,1.832484,-1.446449,-0.000786,-0.019973,-1.062205,-1.349683,-1.680643,1.451033,0.017825,-0.029896
17.800000,0.002241,0.028940,0.004967,-1.010928,-1.120064,1.848846,-1.405141,0.000724,-0.020080,-1.060691,-1.361983,-1.682754,1.462849,0.019657,-0.025868
17.833333,0.002273,0.024206,0.015081,-0.988355,-1.138204,1.834006,-1.364118,-0.000626,-0.029048,-1.061353,-1.349618,-1.682348,1.463648,0.014795,-0.010605
17.866667,0.007172,0.031866,0.018163,-0.984848,-1.149539,1.819385,-1.298890,-0.000841,-0.016781,-1.072310,-1.362406,-1.675532,1.485713,0.006800,-0.003760
17.900000,0.000186,0.035763,0.027622,-0.974248,-1.173955,1.811146,-1.246549,-0.005022,-0.021543,-1.064126,-1.343265,-1.674045,1.473515,0.008916,-0.000398
17.933333,-0.002395,0.031844,0.037075,-0.949407,-1.178372,1.820256,-1.190618,-0.004194,-0.018043,-1.073036,-1.333398,-1.673244,1.475202,0.009100,-0.004259
17.966667,0.007668,0.026433,0.039943,-0.917581,-1.175404,1.794700,-1.134687,0.012779,-0.020733,-1.053710,-1.317964,-1.651050,1.457679,0.017312,-0.007651
18.000000,0.013966,0.025795,0.036805,-0.865460,-1.212436,1.760346,-1.068569,0.014140,-0.007802,-1.009894,-1.305220,-1.612522,1.450452,0.016559,-0.012720
18.033333,0.011604,0.015590,0.029429,-0.773339,-1.237388,1.718166,-1.001456,0.012106,-0.018467,-0.950752,-1.280957,-1.560124,1.429695,0.020096,-0.021531
18.066667,0.002673,0.017457,0.021063,-0.681218,-1.247993,1.638165,-0.934436,0.012535,-0.011874,-0.870752,-1.255574,-1.481182,1.442597,0.024867,-0.024893
18.100000,0.005172,0.015773,0.012132,-0.581218,-1.242139,1.538166,-0.887285,0.006156,-0.011850,-0.770752,-1.244908,-1.408074,1.440827,0.023376,-0.022509
18.133333,-0.002749,0.018229,0.005726,-0.481218,-1.257902,1.438166,-0.868636,-0.006600,-0.009965,-0.679573,-1.247990,-1.339490,1.456704,0.012335,-0.020980
18.166667,-0.025951,0.021151,-0.018688,-0.381218,-1.250064,1.338166,-0.883008,-0.004220,-0.028153,-0.602903,-1.233049,-1.283994,1.468067,0.020119,-0.030151
18.200000,-0.026024,0.027507,-0.026106,-0.295387,-1.231829,1.238166,-0.937379,0.002892,-0.031213,-0.526645,-1.229627,-1.252431,1.469283,0.029442,-0.014571
18.233333,-0.018582,0.023718,-0.021133,-0.223629,-1.230842,1.138166,-1.018771,0.004176,-0.033995,-0.479961,-1.242070,-1.219810,1.444363,0.021353,-0.012915
18.266667,-0.028070,0.028238,-0.027336,-0.191872,-1.253514,1.038166,-1.100294,0.016342,-0.044904,-0.436651,-1.220467,-1.162927,1.426348,0.006422,-0.009430
18.300000,-0.034056,0.040466,-0.027219,-0.200114,-1.257764,0.978165,-1.193313,0.020624,-0.035796,-0.421883,-1.217739,-1.141519,1.430685,0.008683,0.004677
18.333333,-0.017151,0.039833,-0.004663,-0.248357,-1.262176,0.952972,-1.280383,0.014492,-0.025777,-0.410923,-1.237668,-1.140574,1.417263,0.006332,0.007760
18.366667,-0.010429,0.036195,0.003757,-0.322430,-1.255869,0.952024,-1.327452,0.023890,-0.008294,-0.423679,-1.227317,-1.143220,1.395430,-0.014480,-0.005285
18.400000,-0.010621,0.054305,0.003505,-0.422430,-1.252800,0.986733,-1.369271,0.018977,-0.008830,-0.408145,-1.201022,-1.185866,1.381470,-0.023639,0.008295
18.433333,-0.003685,0.050976,0.016006,-0.509708,-1.243364,1.039649,-1.394706,0.017402,0.006540,-0.428376,-1.214055,-1.226940,1.386932,-0.007588,0.000031
18.466667,0.006573,0.044462,0.019487,-0.575565,-1.229932,1.075671,-1.411700,0.018697,-0.001009,-0.451244,-1.218201,-1.254934,1.374269,-0.002263,-0.009186
18.500000,0.009721,0.044704,0.015947,-0.639355,-1.238903,1.101300,-1.425807,0.019047,0.002878,-0.465185,-1.199689,-1.287956,1.372267,0.001705,0.006924
18.533333,0.003132,0.045935,0.018180,-0.677495,-1.262281,1.122728,-1.449989,0.005954,-0.012125,-0.476762,-1.210346,-1.302546,1.394544,0.011710,0.007396
18.566667,0.009844,0.035371,0.025118,-0.703841,-1.270015,1.119946,-1.465592,0.020058,-0.004133,-0.524297,-1.254693,-1.311224,1.435686,0.018022,-0.001784
18.600000,0.010185,0.037349,0.033043,-0.725502,-1.277679,1.118152,-1.472559,0.025628,0.004273,-0.572693,-1.274590,-1.359903,1.469125,0.010302,-0.000265
18.633333,0.001838,0.029366,0.031124,-0.747754,-1.281556,1.097870,-1.485434,0.018858,0.004095,-0.601873,-1.263375,-1.421662,1.482201,0.003652,-0.002178
18.666667,-0.000628,0.028376,0.035338,-0.749936,-1.269530,1.093174,-1.474128,0.021428,0.005061,-0.661664,-1.272751,-1.484841,1.519394,0.001183,-0.026467
18.700000,0.008714,0.023668,0.032802,-0.765031,-1.258335,1.068662,-1.492746,0.016415,-0.010171,-0.739689,-1.277781,-1.578929,1.544399,0.001652,-0.030920
18.733333,0.000822,0.016402,0.029242,-0.777283,-1.255252,1.051161,-1.508206,0.006011,-0.016844,-0.806998,-1.250250,-1.670055,1.545645,0.007129,-0.033656
18.766667,-0.003907,0.016529,0.014589,-0.770681,-1.239610,1.044789,-1.508686,0.004028,-0.018112,-0.850420,-1.215114,-1.739253,1.542585,-0.000701,-0.031246
18.800000,-0.004547,0.028401,0.019114,-0.784909,-1.235970,1.051821,-1.503392,0.007519,-0.005983,-0.894669,-1.219369,-1.792446,1.550343,0.000525,-0.019629
18.833333,-0.009715,0.023941,0.015126,-0.795772,-1.241455,1.033358,-1.525816,0.006774,-0.013184,-0.932938,-1.224740,-1.828741,1.550343,0.003627,-0.012165
18.866667,-0.022961,0.021735,0.002548,-0.782567,-1.248674,1.033665,-1.516884,0.022947,-0.006447,-0.932810,-1.195569,-1.838989,1.550343,0.011773,0.001323
18.900000,-0.020928,0.034771,-0.000550,-0.776141,-1.250109,1.033462,-1.516655,0.024953,-0.012942,-0.931325,-1.204613,-1.851955,1.554102,0.015388,0.003381
18.933333,-0.026238,0.033935,0.004572,-0.783149,-1.259836,1.017082,-1.535393,0.017309,-0.030479,-0.941517,-1.211167,-1.859417,1.552628,0.029374,-0.003951
18.966667,-0.030856,0.031795,-0.017156,-0.766155,-1.252172,1.013645,-1.542773,0.032651,-0.036962,-0.965943,-1.218330,-1.853066,1.564412,0.039003,-0.015495
19.000000,-0.020944,0.041185,-0.021761,-0.734664,-1.238235,0.995703,-1.525278,0.029867,-0.032191,-0.956350,-1.216716,-1.861398,1.564412,0.041488,-0.007575
19.033333,-0.016492,0.048454,-0.015076,-0.699977,-1.247221,0.958763,-1.499141,0.016952,-0.021719,-0.945153,-1.247181,-1.855776,1.551183,0.030327,-0.020373
19.066667,-0.019086,0.050546,-0.022920,-0.633149,-1.261231,0.903875,-1.441286,0.008110,-0.012161,-0.908788,-1.250268,-1.816310,1.519141,0.023425,-0.027176
19.100000,-0.012716,0.052892,-0.020554,-0.549146,-1.287932,0.834840,-1.364465,0.005231,-0.002039,-0.844635,-1.263334,-1.764277,1.493530,0.025589,-0.012865
19.133333,-0.003689,0.047267,-0.001294,-0.449146,-1.314634,0.734841,-1.267310,-0.016352,-0.003410,-0.744635,-1.246327,-1.702061,1.442331,0.011107,-0.011869
19.166667,-0.006287,0.059164,0.003402,-0.349146,-1.323857,0.634841,-1.167310,-0.021765,-0.002328,-0.644635,-1.216390,-1.602061,1.391778,-0.002709,-0.006184
19.200000,-0.009811,0.057947,0.011060,-0.268067,-1.309572,0.534841,-1.067310,-0.011525,-0.003196,-0.544635,-1.170007,-1.502061,1.345685,-0.004287,0.007093
19.233333,0.006182,0.041190,0.016719,-0.209331,-1.281918,0.434841,-0.967310,-0.005371,-0.014917,-0.444635,-1.139355,-1.402061,1.322909,-0.000670,0.011277
19.266667,0.014952,0.041504,0.012206,-0.159835,-1.239229,0.334841,-0.867310,0.010859,-0.009945,-0.344635,-1.103474,-1.302061,1.307458,-0.021261,-0.000090
19.300000,0.022855,0.041651,0.006802,-0.137490,-1.225263,0.234841,-0.767310,0.014865,-0.015770,-0.244635,-1.057665,-1.202061,1.302427,-0.019118,0.003883
19.333333,0.025881,0.023001,0.015139,-0.147826,-1.223129,0.134841,-0.667310,0.025145,-0.011953,-0.144635,-1.051856,-1.102061,1.307218,-0.008523,-0.010306
19.366667,0.044246,0.016950,0.013577,-0.158166,-1.224932,0.038028,-0.601074,0.019685,-0.010699,-0.084635,-1.040800,-1.002061,1.340779,-0.020017,-0.031327
19.400000,0.032606,0.021513,0.012563,-0.156754,-1.238241,-0.018907,-0.572386,0.028231,-0.002057,-0.029413,-1.036948,-0.902061,1.349835,-0.021791,-0.028872
19.433333,0.029162,0.021155,0.020226,-0.150730,-1.242895,-0.035842,-0.552027,0.015797,-0.009398,0.005092,-1.025071,-0.802061,1.330724,-0.004997,-0.030582
19.466667,0.037398,0.024870,0.024716,-0.124490,-1.230296,-0.012778,-0.553667,0.027014,-0.000078,0.001550,-1.048768,-0.713003,1.313087,-0.012558,-0.020959
19.500000,0.045305,0.031351,0.027732,-0.093012,-1.237434,0.010287,-0.595307,0.023149,-0.011160,-0.041991,-1.072464,-0.663945,1.291326,-0.014721,-0.016532
19.533333,0.022667,0.035896,0.017922,-0.058465,-1.261888,0.043405,-0.643184,0.015965,-0.017544,-0.071737,-1.105051,-0.654887,1.264661,-0.001241,-0.000628
19.566667,0.011427,0.047236,0.012222,-0.053328,-1.256498,0.071793,-0.693512,0.013564,-0.003930,-0.136705,-1.142081,-0.685829,1.277996,-0.003838,0.010506
19.600000,0.013574,0.049374,0.010560,-0.057674,-1.272780,0.089660,-0.735511,0.013581,0.004826,-0.213036,-1.212395,-0.756771,1.309132,-0.002057,0.016769
19.633333,-0.004812,0.041219,-0.000249,-0.070886,-1.292451,0.094629,-0.795511,0.012831,-0.006938,-0.279106,-1.251431,-0.849158,1.332693,0.007843,0.003196
19.666667,-0.002318,0.038861,-0.023963,-0.079226,-1.293416,0.139598,-0.849902,0.020621,-0.000220,-0.319495,-1.290466,-0.940821,1.369909,0.012718,0.003525
19.700000,0.005644,0.039540,-0.009724,-0.111708,-1.281085,0.211326,-0.904293,0.026289,0.002045,-0.359775,-1.320151,-1.016037,1.379449,0.019828,0.004249
19.733333,0.019326,0.027550,-0.002706,-0.128594,-1.277349,0.287906,-0.958684,0.023485,-0.012062,-0.386163,-1.340552,-1.062099,1.352807,0.019788,-0.012690
19.766667,0.012891,0.031629,-0.007747,-0.171369,-1.286445,0.375007,-1.037670,0.023054,-0.010567,-0.400597,-1.341027,-1.078176,1.348363,0.019270,-0.010933
19.800000,0.018011,0.032686,0.000924,-0.233115,-1.292744,0.475007,-1.116655,0.017395,-0.008550,-0.395749,-1.353099,-1.093401,1.348554,0.021542,-0.012314
19.833333,0.011945,0.034180,0.017772,-0.307623,-1.286842,0.575007,-1.184765,0.010592,-0.009606,-0.403399,-1.345556,-1.095009,1.314175,0.022629,-0.009116
19.866667,0.000621,0.040443,0.013796,-0.363320,-1.274967,0.675007,-1.220521,0.016003,0.000231,-0.392268,-1.335572,-1.092092,1.294397,0.013596,-0.023650
19.900000,-0.007643,0.041979,0.015253,-0.410379,-1.289271,0.775007,-1.256277,0.018985,-0.001744,-0.384057,-1.331050,-1.093912,1.298642,0.017500,-0.023578
19.933333,-0.008295,0.033068,0.023716,-0.448942,-1.275683,0.847792,-1.287321,0.025658,-0.004308,-0.384521,-1.340237,-1.098951,1.284091,0.022004,-0.023111
19.966667,-0.010224,0.042888,0.013422,-0.464516,-1.277437,0.894257,-1.304806,0.023955,-0.000607,-0.407083,-1.335903,-1.096359,1.293001,0.009483,-0.017283
20.000000,-0.022212,0.041398,0.008854,-0.463216,-1.287416,0.940723,-1.321049,0.023276,-0.005910,-0.402827,-1.340928,-1.086354,1.296482,0.003781,-0.022554
20.033333,-0.001410,0.034804,0.007462,-0.465151,-1.287684,0.952819,-1.345269,0.010541,-0.020196,-0.422355,-1.363157,-1.078935,1.306120,-0.000350,-0.025739
20.066667,0.008513,0.035031,-0.002756,-0.477171,-1.262585,0.953006,-1.355299,0.011154,-0.011061,-0.434337,-1.374181,-1.069634,1.316661,-0.026157,-0.017407
20.100000,0.012547,0.035668,-0.008045,-0.468699,-1.265378,0.962589,-1.360593,0.008056,-0.021879,-0.417518,-1.367532,-1.069938,1.306000,-0.035034,-0.018612
20.133333,0.017380,0.024790,-0.001393,-0.465938,-1.242086,0.985005,-1.355184,0.000537,-0.028708,-0.404347,-1.364838,-1.068480,1.279369,-0.025943,-0.033549
20.166667,0.033094,0.020385,-0.001808,-0.477144,-1.218431,0.980528,-1.367501,-0.003560,-0.038139,-0.409787,-1.370104,-1.064089,1.266013,-0.030115,-0.039001
20.200000,0.026741,0.019148,0.000575,-0.481052,-1.223169,0.990281,-1.374553,0.004951,-0.034672,-0.398861,-1.373701,-1.061754,1.258796,-0.022090,-0.028035
20.233333,0.019830,0.025937,0.015758,-0.468443,-1.229694,1.011944,-1.359124,0.007956,-0.040949,-0.388346,-1.373701,-1.058896,1.243647,0.002853,-0.031294
20.266667,0.036914,0.041348,0.028663,-0.483615,-1.207579,1.032979,-1.328549,0.015629,-0.014687,-0.377831,-1.382127,-1.058401,1.264284,0.000005,-0.027273
20.300000,0.036024,0.045012,0.039277,-0.493194,-1.223594,1.029812,-1.322237,0.023860,-0.005999,-0.365841,-1.395546,-1.054230,1.268473,-0.000815,-0.018937
20.333333,0.025328,0.047676,0.028095,-0.480645,-1.222654,1.038898,-1.310189,0.038014,-0.001844,-0.348207,-1.399943,-1.047142,1.290771,0.005146,-0.012060
20.366667,0.018779,0.059012,0.029687,-0.490969,-1.220781,1.064249,-1.291475,0.027726,0.011554,-0.342205,-1.397944,-1.048582,1.318753,0.007977,-0.006848
20.400000,0.024117,0.048678,0.029122,-0.505724,-1.236254,1.060554,-1.309431,0.022144,0.005608,-0.333345,-1.390759,-1.050479,1.325922,0.007010,-0.008227
20.433333,0.009814,0.039244,0.010916,-0.501943,-1.257084,1.060196,-1.349657,0.014896,-0.010312,-0.353012,-1.365504,-1.033630,1.309538,0.021477,-0.007944
20.466667,0.007331,0.041937,-0.002912,-0.511844,-1.258638,1.076067,-1.387619,0.016887,-0.018588,-0.339905,-1.353407,-1.035884,1.311966,0.016048,0.005653
20.500000,0.005005,0.040968,0.012164,-0.531572,-1.283952,1.082268,-1.397305,0.010169,-0.011593,-0.342720,-1.345366,-1.034508,1.306741,0.016964,0.002790
20.533333,0.009894,0.033508,0.008331,-0.511577,-1.298778,1.068663,-1.426444,0.021588,-0.017304,-0.336289,-1.346429,-1.025359,1.271466,0.014955,-0.001979
20.566667,0.006093,0.029833,0.004900,-0.517818,-1.318273,1.063947,-1.440897,0.031107,-0.002686,-0.334196,-1.343347,-1.018730,1.276191,0.004544,0.005281
20.600000,0.001485,0.020950,0.010348,-0.523787,-1.325190,1.047342,-1.451854,0.031123,-0.012508,-0.314955,-1.357299,-1.010205,1.284992,-0.002637,-0.004006
20.633333,0.004208,0.015513,0.021331,-0.534176,-1.311935,1.024273,-1.442198,0.025128,-0.006652,-0.328704,-1.346776,-0.998156,1.293140,0.003255,-0.022610
20.666667,0.006118,0.018992,0.013264,-0.538779,-1.296547,0.985512,-1.456128,0.029821,0.001415,-0.331767,-1.340735,-0.977341,1.312410,-0.001057,-0.028943
20.700000,0.002743,0.016241,0.014333,-0.544498,-1.295525,0.930433,-1.483182,0.027731,-0.004355,-0.317710,-1.321628,-0.932100,1.347680,0.002735,-0.033355
20.733333,0.012368,0.016204,0.004125,-0.510217,-1.281228,0.855512,-1.484922,0.021112,-0.012718,-0.320282,-1.330477,-0.872852,1.382949,0.012708,-0.045015
20.766667,0.016678,0.019779,-0.007838,-0.455952,-1.289297,0.767588,-1.507889,0.017609,-0.013823,-0.313624,-1.326989,-0.809044,1.426609,0.014104,-0.042136
20.800000,0.011199,0.022028,-0.015041,-0.371681,-1.297365,0.667588,-1.533731,0.015725,-0.016566,-0.313977,-1.342031,-0.711193,1.479679,0.017808,-0.042103
20.833333,0.009767,0.014750,-0.008216,-0.273076,-1.283805,0.567588,-1.550000,0.012407,-0.026191,-0.336127,-1.335592,-0.632390,1.512080,0.013054,-0.027723
20.866667,0.013281,0.020938,-0.008379,-0.206207,-1.233838,0.467588,-1.546986,0.007401,-0.016634,-0.393800,-1.356489,-0.593587,1.544348,0.006497,-0.019998
20.900000,0.003861,0.022740,-0.001778,-0.139338,-1.198336,0.367588,-1.566986,0.000711,-0.021314,-0.451474,-1.337387,-0.592635,1.556616,0.010155,-0.019403
20.933333,0.000202,0.017997,0.005866,-0.090118,-1.156326,0.267588,-1.566986,-0.000071,-0.018840,-0.533076,-1.331641,-0.631683,1.564184,0.011518,-0.024009
20.966667,0.006147,0.014828,0.017124,-0.080898,-1.122590,0.207588,-1.546986,0.012910,-0.021573,-0.614677,-1.307365,-0.710732,1.544184,0.017232,-0.022317
21.000000,0.008942,0.018324,0.023455,-0.111679,-1.128855,0.187588,-1.528790,0.008885,-0.010559,-0.696279,-1.276814,-0.810732,1.539668,0.016561,-0.023300
21.033333,0.004187,0.012980,0.025603,-0.149328,-1.153624,0.207588,-1.517991,0.007572,-0.021911,-0.761351,-1.236470,-0.910732,1.536371,0.020607,-0.027122
21.066667,-0.006736,0.019345,0.025791,-0.226977,-1.165662,0.267588,-1.501346,0.004457,-0.017404,-0.812669,-1.198738,-1.010732,1.536371,0.024177,-0.026157
21.100000,-0.007803,0.022907,0.026684,-0.326977,-1.160565,0.367588,-1.483875,-0.004351,-0.016539,-0.847696,-1.172402,-1.110732,1.533263,0.023007,-0.021427
21.133333,-0.015035,0.027931,0.021289,-0.426977,-1.182065,0.467588,-1.490619,-0.019479,-0.014349,-0.869745,-1.168483,-1.210732,1.549665,0.013910,-0.019212
21.166667,-0.038889,0.032518,-0.003062,-0.526977,-1.180706,0.567588,-1.482417,-0.018797,-0.033153,-0.870110,-1.155099,-1.310732,1.558730,0.023124,-0.027999
21.200000,-0.038638,0.037582,-0.011302,-0.626977,-1.166451,0.667588,-1.474474,-0.014132,-0.035551,-0.863036,-1.151508,-1.410732,1.560454,0.032234,-0.012880
21.233333,-0.032700,0.034873,-0.006243,-0.726977,-1.167135,0.767588,-1.476207,-0.014017,-0.039276,-0.858012,-1.170510,-1.510450,1.555477,0.025344,-0.010043
21.266667,-0.041233,0.040215,-0.014525,-0.809599,-1.190811,0.867588,-1.476766,-0.004751,-0.053531,-0.853063,-1.159233,-1.570168,1.546221,0.011184,-0.005032
21.300000,-0.048338,0.052187,-0.016062,-0.892220,-1.191539,0.967588,-1.474175,0.000126,-0.045587,-0.853216,-1.165539,-1.629887,1.549819,0.011979,0.009553
21.333333,-0.032614,0.050907,0.003968,-0.957799,-1.191459,1.067588,-1.485480,-0.005774,-0.035498,-0.851100,-1.190629,-1.667688,1.544775,0.007235,0.011935
21.366667,-0.026131,0.046632,0.011329,-1.001201,-1.182178,1.167588,-1.472144,0.002716,-0.017126,-0.856901,-1.186087,-1.686084,1.526993,-0.013051,-0.000389
21.400000,-0.023741,0.063822,0.010707,-1.025239,-1.176293,1.267588,-1.463306,-0.002394,-0.017713,-0.837220,-1.156341,-1.704761,1.515749,-0.023405,0.012168
21.433333,-0.016532,0.059136,0.023270,-1.049355,-1.164026,1.367588,-1.459823,-0.004253,-0.001754,-0.845198,-1.165493,-1.724197,1.525087,-0.010104,0.003609
21.466667,-0.006314,0.050899,0.025854,-1.049346,-1.152046,1.462853,-1.466233,-0.005051,-0.008558,-0.861051,-1.165751,-1.726341,1.520380,-0.004259,-0.005243
21.500000,-0.000039,0.050634,0.022651,-1.065014,-1.163733,1.544351,-1.476119,-0.006154,-0.007014,-0.865078,-1.147225,-1.744170,1.514998,0.000167,0.011212
21.533333,-0.004173,0.053104,0.024979,-1.071617,-1.188765,1.602958,-1.493829,-0.018792,-0.021444,-0.863514,-1.158330,-1.743453,1.532188,0.010444,0.011395
21.566667,0.004636,0.043266,0.031293,-1.088345,-1.197919,1.636297,-1.502319,-0.002599,-0.012400,-0.886206,-1.205417,-1.722589,1.548409,0.018503,0.002899
21.600000,0.006683,0.045593,0.038457,-1.100996,-1.207316,1.657229,-1.499660,0.005252,-0.003531,-0.902799,-1.231464,-1.736805,1.551435,0.010829,0.006373
21.633333,0.000522,0.038486,0.036726,-1.108675,-1.211912,1.658050,-1.498445,-0.001236,-0.003668,-0.879393,-1.226407,-1.738738,1.543661,0.003839,0.005266
21.666667,-0.001003,0.036704,0.041826,-1.088820,-1.197344,1.672639,-1.472999,0.004006,-0.003394,-0.891765,-1.242084,-1.726589,1.555353,-0.000215,-0.017904
21.700000,0.006353,0.030734,0.039152,-1.085240,-1.184080,1.684342,-1.473329,0.001213,-0.017523,-0.913768,-1.251010,-1.741866,1.557519,0.002264,-0.023629
21.733333,-0.002700,0.022318,0.034771,-1.075752,-1.177667,1.694192,-1.476387,-0.010397,-0.023677,-0.909347,-1.228313,-1.750105,1.552811,0.007847,-0.027551
21.766667,-0.008140,0.021941,0.020917,-1.047642,-1.161859,1.703456,-1.467240,-0.012773,-0.024781,-0.885107,-1.190990,-1.737692,1.545347,0.002445,-0.024127
21.800000,-0.009057,0.032303,0.025412,-1.048629,-1.154781,1.717235,-1.457224,-0.006127,-0.011855,-0.879462,-1.193365,-1.733194,1.541933,0.006102,-0.014980
21.833333,-0.014279,0.028115,0.019695,-1.053600,-1.158255,1.705765,-1.474199,-0.007692,-0.018518,-0.865204,-1.194937,-1.731091,1.541426,0.012553,-0.008174
21.866667,-0.027943,0.025202,0.007354,-1.036014,-1.164474,1.697027,-1.469209,0.007830,-0.012195,-0.828919,-1.163261,-1.711622,1.541426,0.018287,0.004253
21.900000,-0.025810,0.037976,0.004224,-1.028832,-1.165594,1.694587,-1.467743,0.009555,-0.019847,-0.818255,-1.167226,-1.712868,1.546134,0.021419,0.006619
21.933333,-0.028878,0.037078,0.009349,-1.043347,-1.172869,1.681638,-1.485896,0.000331,-0.035790,-0.822013,-1.170470,-1.703141,1.542895,0.034336,-0.001561
21.966667,-0.032471,0.035238,-0.012833,-1.045038,-1.164005,1.687292,-1.495799,0.012969,-0.042551,-0.845927,-1.174016,-1.689832,1.558790,0.043046,-0.012016
22.000000,-0.026822,0.045013,-0.016046,-1.046257,-1.156852,1.692146,-1.492331,0.012002,-0.033184,-0.838454,-1.164342,-1.694442,1.559298,0.045418,-0.004831
22.033333,-0.022816,0.053932,-0.007650,-1.059223,-1.165229,1.680044,-1.491636,-0.002108,-0.024030,-0.847563,-1.183131,-1.693151,1.549379,0.034458,-0.015829
22.066667,-0.030296,0.057976,-0.013654,-1.048800,-1.172396,1.660938,-1.491322,-0.011063,-0.015304,-0.855930,-1.175833,-1.677520,1.549295,0.026982,-0.021944
22.100000,-0.027828,0.060739,-0.010489,-1.050591,-1.194340,1.665335,-1.489550,-0.011893,-0.008045,-0.859370,-1.185459,-1.694953,1.559997,0.029158,-0.010075
22.133333,-0.024193,0.057243,0.009968,-1.048626,-1.216285,1.636439,-1.487131,-0.033746,-0.010417,-0.839746,-1.168118,-1.699823,1.546215,0.014365,-0.010234
22.166667,-0.027633,0.069902,0.014851,-1.045049,-1.217729,1.632550,-1.475992,-0.040767,-0.010401,-0.840294,-1.151421,-1.687154,1.537436,0.001118,-0.006528
22.200000,-0.032267,0.069797,0.020858,-1.055168,-1.209360,1.651139,-1.490112,-0.030887,-0.012211,-0.834985,-1.139954,-1.708278,1.531101,-0.001155,0.008279
22.233333,-0.017756,0.052273,0.026887,-1.067682,-1.194531,1.662050,-1.496577,-0.025803,-0.020494,-0.837452,-1.150231,-1.718564,1.522195,0.003794,0.012310
22.266667,-0.010913,0.053356,0.020727,-1.062821,-1.164215,1.658242,-1.484880,-0.011934,-0.013524,-0.837950,-1.160273,-1.702623,1.521786,-0.015624,0.001332
22.300000,-0.001027,0.052911,0.015004,-1.062640,-1.160535,1.676702,-1.487708,-0.005441,-0.020918,-0.846417,-1.157281,-1.718487,1.530653,-0.015984,0.005165
22.333333,0.000177,0.032698,0.023974,-1.081573,-1.164690,1.674971,-1.503353,0.003800,-0.016668,-0.852750,-1.186934,-1.720931,1.539432,-0.006032,-0.007159
22.366667,0.017744,0.023884,0.023787,-1.091417,-1.162603,1.650762,-1.496288,-0.001649,-0.012142,-0.882697,-1.196141,-1.698188,1.555687,-0.016667,-0.031121
22.400000,0.008800,0.027214,0.022254,-1.099521,-1.170434,1.661246,-1.498251,0.007963,-0.006520,-0.883240,-1.201373,-1.694134,1.564375,-0.017808,-0.030974
22.433333,0.008092,0.025321,0.031360,-1.091090,-1.170863,1.679654,-1.500213,-0.003249,-0.016983,-0.879002,-1.186303,-1.700724,1.548402,-0.001432,-0.033502
22.466667,0.015670,0.027801,0.036815,-1.065213,-1.151496,1.710813,-1.474136,0.008040,-0.005105,-0.868934,-1.187428,-1.698899,1.530497,-0.006389,-0.024862
22.500000,0.025930,0.036534,0.039392,-1.043376,-1.151693,1.723207,-1.470342,0.005294,-0.017842,-0.854937,-1.177253,-1.705066,1.510620,-0.007705,-0.018903
22.533333,0.003365,0.044615,0.028887,-1.025326,-1.169173,1.740330,-1.481143,-0.000882,-0.024441,-0.814694,-1.154223,-1.713511,1.500701,0.003966,-0.001733
22.566667,-0.006511,0.058133,0.024431,-1.034752,-1.158529,1.749718,-1.486698,-0.002740,-0.009429,-0.805974,-1.139511,-1.715037,1.501003,-0.000011,0.011914
22.600000,-0.007355,0.062576,0.023520,-1.056662,-1.165637,1.741937,-1.492254,-0.002655,0.003233,-0.800535,-1.156638,-1.721939,1.517384,0.001994,0.019694
22.633333,-0.024158,0.053865,0.013110,-1.073970,-1.181389,1.698468,-1.518624,-0.004279,-0.009220,-0.802039,-1.157569,-1.703256,1.529066,0.013152,0.008849
22.666667,-0.022310,0.052049,-0.010263,-1.067680,-1.179450,1.695000,-1.509075,0.003237,-0.003423,-0.800135,-1.169801,-1.706597,1.548942,0.016431,0.008231
22.700000,-0.011316,0.050672,0.003943,-1.076020,-1.170174,1.702760,-1.503710,0.009739,-0.003262,-0.819853,-1.189260,-1.716273,1.556982,0.023958,0.010186
22.733333,0.002080,0.038277,0.009002,-1.049763,-1.170495,1.687602,-1.491167,0.004945,-0.018246,-0.827374,-1.195140,-1.715621,1.539555,0.023383,-0.005444
22.766667,-0.003642,0.040689,0.002548,-1.038324,-1.184698,1.695282,-1.489421,0.003631,-0.016994,-0.836193,-1.185250,-1.695379,1.539555,0.022855,-0.002333
22.800000,0.000501,0.043012,0.010093,-1.045022,-1.198223,1.706900,-1.497739,-0.002348,-0.015688,-0.833047,-1.186797,-1.710735,1.546572,0.020899,-0.003672
22.833333,-0.004097,0.044147,0.025583,-1.066889,-1.198574,1.692288,-1.509489,-0.010713,-0.014815,-0.844546,-1.168425,-1.712673,1.530529,0.020511,-0.001944
22.866667,-0.017490,0.050960,0.020858,-1.069942,-1.190693,1.682390,-1.488045,-0.007571,-0.003955,-0.832002,-1.147889,-1.710960,1.517845,0.013837,-0.016136
22.900000,-0.025383,0.052242,0.022456,-1.081282,-1.209344,1.702303,-1.488897,-0.003304,-0.004286,-0.824714,-1.137222,-1.718507,1.529540,0.017931,-0.016988
22.933333,-0.026375,0.044370,0.030222,-1.093617,-1.201465,1.683341,-1.495174,0.002287,-0.007464,-0.828269,-1.137468,-1.730556,1.526575,0.021109,-0.018172
22.966667,-0.026690,0.055490,0.020532,-1.093624,-1.204320,1.671915,-1.488046,0.000175,-0.003770,-0.849523,-1.127041,-1.731851,1.530697,0.011975,-0.012388
23.000000,-0.038705,0.053819,0.015601,-1.079493,-1.216665,1.678544,-1.493248,-0.000482,-0.010742,-0.845433,-1.127348,-1.726437,1.535639,0.008302,-0.016138
23.033333,-0.016941,0.047326,0.014919,-1.072539,-1.220451,1.669175,-1.508252,-0.012468,-0.024262,-0.863100,-1.143751,-1.721461,1.549313,0.004200,-0.021358
23.066667,-0.007563,0.047827,0.004945,-1.080666,-1.195414,1.651332,-1.510730,-0.011326,-0.015714,-0.875414,-1.155494,-1.712021,1.555046,-0.020568,-0.013659
23.100000,-0.001447,0.047996,0.000836,-1.068151,-1.196906,1.651730,-1.509283,-0.013593,-0.027012,-0.857960,-1.144388,-1.714830,1.545515,-0.027968,-0.015777
23.133333,0.001591,0.034554,0.006678,-1.057404,-1.178146,1.662583,-1.499489,-0.020074,-0.031361,-0.839814,-1.141451,-1.711724,1.527726,-0.018053,-0.029260
23.166667,0.018335,0.029687,0.006652,-1.066720,-1.157520,1.656206,-1.508518,-0.025009,-0.042551,-0.841573,-1.143328,-1.710364,1.516931,-0.021957,-0.033741
23.200000,0.011527,0.028280,0.008730,-1.072681,-1.160293,1.667306,-1.513616,-0.018672,-0.041259,-0.831497,-1.147063,-1.711624,1.510232,-0.013317,-0.021264
23.233333,0.004622,0.035055,0.022948,-1.055635,-1.170008,1.688534,-1.496441,-0.015309,-0.048036,-0.818653,-1.143164,-1.710897,1.503118,0.010869,-0.023728
23.266667,0.021795,0.050880,0.034763,-1.070937,-1.149262,1.712126,-1.466969,-0.008389,-0.022668,-0.807757,-1.173753,-1.714192,1.515614,0.005877,-0.016253
23.300000,0.022248,0.057485,0.045608,-1.085253,-1.162615,1.712271,-1.459249,-0.002019,-0.015846,-0.801825,-1.195407,-1.719148,1.518962,0.005291,-0.009472
23.333333,0.009284,0.060791,0.034972,-1.077194,-1.159208,1.723046,-1.445080,0.012842,-0.007050,-0.789240,-1.202539,-1.714267,1.538646,0.011678,-0.003424
23.366667,0.002682,0.073908,0.036348,-1.084189,-1.158026,1.746946,-1.425382,0.003802,0.006897,-0.785797,-1.198977,-1.719517,1.546235,0.012431,0.003234
23.400000,0.006530,0.063617,0.035840,-1.097204,-1.171604,1.740929,-1.440485,-0.002020,0.001911,-0.784819,-1.186614,-1.730777,1.546336,0.013263,0.002092
23.433333,-0.007602,0.053335,0.018551,-1.084617,-1.194310,1.735799,-1.474787,-0.007581,-0.012846,-0.805702,-1.143512,-1.715115,1.534368,0.026875,0.000246
23.466667,-0.011399,0.056205,0.004204,-1.089675,-1.197642,1.747868,-1.501175,-0.005495,-0.019355,-0.795159,-1.122477,-1.718866,1.537049,0.020235,0.014925
23.500000,-0.012498,0.054413,0.018543,-1.101515,-1.221204,1.748913,-1.504707,-0.009900,-0.012552,-0.799579,-1.110259,-1.722040,1.527703,0.018541,0.014023
23.533333,-0.007449,0.044870,0.014192,-1.076048,-1.238819,1.732754,-1.525168,0.001803,-0.019382,-0.794565,-1.113643,-1.718696,1.504301,0.016680,0.007993
23.566667,-0.010644,0.040699,0.011110,-1.078626,-1.257409,1.732487,-1.529060,0.010731,-0.006704,-0.795487,-1.116407,-1.715355,1.507912,0.005553,0.015494
23.600000,-0.014701,0.032576,0.015866,-1.081295,-1.261089,1.723290,-1.526828,0.010391,-0.017494,-0.785190,-1.129577,-1.725296,1.509408,-0.000623,0.005153
23.633333,-0.012334,0.027042,0.027191,-1.080248,-1.244756,1.712745,-1.508377,0.006701,-0.013680,-0.805830,-1.120679,-1.724901,1.505205,0.006900,-0.016542
23.666667,-0.010164,0.031161,0.019685,-1.078107,-1.222116,1.728000,-1.498643,0.010319,-0.008660,-0.820806,-1.121860,-1.733533,1.507634,0.002118,-0.024549
23.700000,-0.013332,0.030207,0.021734,-1.095954,-1.209777,1.731213,-1.494816,0.007123,-0.013536,-0.819992,-1.111777,-1.727031,1.518689,0.006702,-0.027628
23.733333,-0.003023,0.030548,0.013541,-1.083411,-1.187092,1.738674,-1.467558,-0.000050,-0.021561,-0.830416,-1.127121,-1.728721,1.522091,0.015978,-0.039054
23.766667,-0.000029,0.035144,0.004281,-1.084310,-1.195566,1.734103,-1.467226,-0.001002,-0.020862,-0.828249,-1.130618,-1.730301,1.523813,0.019016,-0.032060
23.800000,-0.003487,0.038186,0.001711,-1.081339,-1.214949,1.735707,-1.473393,-0.001736,-0.022094,-0.816580,-1.146691,-1.719792,1.527154,0.016342,-0.026593
23.833333,-0.005099,0.033079,0.012350,-1.085338,-1.220409,1.708298,-1.486139,-0.004345,-0.031105,-0.803732,-1.140460,-1.705145,1.518557,0.011082,-0.011532
23.866667,-0.000638,0.039490,0.015873,-1.109348,-1.212107,1.687423,-1.481430,-0.004865,-0.017529,-0.808765,-1.157173,-1.695789,1.530903,0.004711,-0.004994
23.900000,-0.008397,0.043089,0.024993,-1.123916,-1.216094,1.675184,-1.502039,-0.008590,-0.020279,-0.794980,-1.138363,-1.688947,1.519310,0.005580,-0.004220
23.933333,-0.009998,0.039077,0.034664,-1.130553,-1.205167,1.682415,-1.502648,-0.009160,-0.018516,-0.801195,-1.133112,-1.687603,1.516466,0.004132,-0.009874
23.966667,-0.008659,0.038273,0.034178,-1.134487,-1.203331,1.684826,-1.500889,-0.009507,-0.017671,-0.802626,-1.135284,-1.688685,1.517496,0.004264,-0.011006
