time_sec,joint_pelvisYaw,joint_pelvisPitch,joint_pelvisRoll,joint_lShoulderPitch,joint_lShoulderRoll,joint_lShoulderYaw,joint_lElbow,joint_lWristRoll,joint_lWristPitch,joint_rShoulderPitch,joint_rShoulderRoll,joint_rShoulderYaw,joint_rElbow,joint_rWristRoll,joint_rWristPitch
0.000000,-0.010471,0.003576,-0.000390,-0.437371,-1.327979,0.897220,-1.057835,-0.010123,0.003888,-0.235166,-1.376539,-0.901385,0.866347,-0.000388,-0.000567
0.033333,-0.003348,0.004443,0.007923,-0.393070,-1.310065,0.823890,-1.044155,-0.000056,0.007857,-0.256617,-1.363026,-0.873291,0.863662,-0.001053,-0.001190
0.066667,-0.006864,0.007265,0.004993,-0.372461,-1.303542,0.789279,-1.048267,-0.000527,0.009748,-0.265999,-1.350765,-0.856387,0.882192,0.001194,-0.004328
0.100000,-0.006462,0.008949,0.002520,-0.331851,-1.277019,0.734669,-1.072379,-0.005192,0.009486,-0.260129,-1.346428,-0.819483,0.914088,0.000136,-0.004232
0.133333,-0.010323,0.009904,-0.000436,-0.302016,-1.269732,0.676166,-1.116201,-0.012575,0.009876,-0.245647,-1.349919,-0.761742,0.965634,-0.005207,-0.004369
0.166667,-0.022399,0.010699,-0.013319,-0.248686,-1.239648,0.608501,-1.150766,-0.011913,-0.001811,-0.205052,-1.328054,-0.696260,1.022392,-0.000596,-0.010021
0.200000,-0.021063,0.013508,-0.017947,-0.198848,-1.193794,0.524168,-1.181702,-0.008719,-0.006409,-0.157041,-1.300009,-0.616864,1.102635,0.003185,-0.002275
0.233333,-0.017065,0.011161,-0.014866,-0.152116,-1.170138,0.424168,-1.209864,-0.008066,-0.011089,-0.107634,-1.280580,-0.516864,1.174386,-0.001219,-0.000404
0.266667,-0.020459,0.011636,-0.019239,-0.117388,-1.182543,0.324168,-1.198026,-0.001337,-0.020389,-0.065640,-1.233227,-0.416864,1.218139,-0.006029,0.000899
0.300000,-0.020335,0.018618,-0.021617,-0.109957,-1.188059,0.224168,-1.155218,0.001021,-0.019438,-0.043478,-1.197219,-0.316864,1.266047,-0.003901,0.007690
0.333333,-0.011126,0.018029,-0.012513,-0.131807,-1.207331,0.134919,-1.096000,-0.002370,-0.015660,-0.040578,-1.166104,-0.216864,1.274174,-0.005601,0.009465
0.366667,-0.006246,0.015266,-0.009711,-0.152147,-1.221776,0.064541,-1.019204,0.002293,-0.008415,-0.049455,-1.120015,-0.116864,1.250001,-0.015656,0.002858
0.400000,-0.003994,0.023165,-0.010020,-0.186093,-1.242722,0.026505,-0.919204,0.001150,-0.007159,-0.046740,-1.057542,-0.028413,1.217140,-0.020295,0.010724
0.433333,0.002338,0.020896,-0.002203,-0.231491,-1.252080,0.003936,-0.819204,0.001389,-0.000380,-0.057870,-1.021679,0.055893,1.204359,-0.016176,0.007865
0.466667,0.007016,0.016541,0.000679,-0.254781,-1.261373,0.006134,-0.719204,0.002629,-0.002527,-0.060513,-0.970624,0.118493,1.174734,-0.015264,0.003038
0.500000,0.010903,0.015643,0.001492,-0.277085,-1.280470,0.017232,-0.622990,0.003405,0.000120,-0.050845,-0.914862,0.154305,1.163211,-0.015506,0.013033
0.533333,0.007499,0.016793,0.003915,-0.291684,-1.310064,0.026415,-0.537882,-0.001309,-0.005340,-0.038630,-0.885872,0.185850,1.167974,-0.011702,0.013428
0.566667,0.012632,0.012259,0.006741,-0.299846,-1.323032,0.020735,-0.471214,0.005178,0.000022,-0.043204,-0.888294,0.207726,1.189876,-0.007486,0.009325
0.600000,0.012726,0.014738,0.010709,-0.307730,-1.337190,0.024225,-0.415721,0.009379,0.006294,-0.057485,-0.888080,0.203088,1.209529,-0.011419,0.011603
0.633333,0.009788,0.011157,0.010158,-0.312705,-1.352604,0.026236,-0.388296,0.007816,0.005999,-0.084639,-0.892482,0.180157,1.228646,-0.014754,0.013176
0.666667,0.007916,0.011986,0.010715,-0.302225,-1.351829,0.048595,-0.394187,0.009062,0.008684,-0.143943,-0.936699,0.144014,1.269440,-0.014840,0.001970
0.700000,0.012525,0.009319,0.009022,-0.296002,-1.355362,0.075179,-0.428972,0.006682,0.004331,-0.227192,-0.988103,0.072137,1.326249,-0.013568,0.001949
0.733333,0.004799,0.005933,0.007133,-0.287735,-1.358868,0.107271,-0.484912,0.002815,0.001050,-0.322908,-1.020042,-0.018521,1.369477,-0.011665,0.001173
0.766667,-0.000009,0.007589,-0.000105,-0.257691,-1.336713,0.116108,-0.559783,0.001081,0.001498,-0.422908,-1.041206,-0.118521,1.412859,-0.011811,0.000424
0.800000,0.001313,0.013554,0.002763,-0.238749,-1.298658,0.101657,-0.646586,0.001839,0.009398,-0.522908,-1.072469,-0.218521,1.462781,-0.010405,0.003343
0.833333,-0.002332,0.011888,0.000813,-0.219769,-1.271309,0.055691,-0.735686,0.000657,0.004703,-0.622908,-1.082120,-0.318521,1.500871,-0.006981,0.004732
0.866667,-0.010839,0.011876,-0.005487,-0.188863,-1.233654,0.005131,-0.812850,0.006931,0.006674,-0.689277,-1.054932,-0.418521,1.522161,-0.000919,0.007396
0.900000,-0.008061,0.017329,-0.005582,-0.166616,-1.188576,-0.047694,-0.884281,0.006197,0.004391,-0.715647,-1.046900,-0.493243,1.540342,0.002324,0.008165
0.933333,-0.010679,0.014731,-0.004739,-0.162114,-1.165067,-0.086236,-0.953558,0.000337,-0.003817,-0.702016,-1.025669,-0.527965,1.544992,0.009235,0.003920
0.966667,-0.014697,0.014391,-0.015855,-0.152817,-1.143600,-0.093531,-1.006852,0.007093,-0.008928,-0.648386,-1.005924,-0.522687,1.556448,0.014262,-0.002528
1.000000,-0.010278,0.018776,-0.017847,-0.148529,-1.120216,-0.094252,-1.048039,0.006096,-0.006891,-0.554755,-0.979984,-0.477409,1.557733,0.015210,0.000849
1.033333,-0.008234,0.021470,-0.013782,-0.146361,-1.120997,-0.107423,-1.081995,-0.000081,-0.005037,-0.454755,-0.982262,-0.392131,1.545263,0.008954,-0.004460
1.066667,-0.012791,0.023807,-0.019558,-0.133421,-1.129100,-0.121919,-1.111158,-0.003122,-0.001682,-0.357698,-0.986672,-0.292131,1.531940,0.005216,-0.009252
1.100000,-0.006684,0.026624,-0.017186,-0.128277,-1.139163,-0.112078,-1.138399,-0.002792,-0.001174,-0.286882,-1.012705,-0.192131,1.533394,0.004148,-0.001990
1.133333,-0.003622,0.023602,-0.007905,-0.121148,-1.148562,-0.132134,-1.164051,-0.011826,-0.004135,-0.229901,-1.031697,-0.092131,1.511200,-0.002194,0.001212
1.166667,-0.004974,0.029602,-0.005173,-0.113000,-1.152224,-0.132121,-1.176294,-0.014384,-0.002682,-0.192542,-1.054108,-0.001536,1.493791,-0.008094,0.003911
1.200000,-0.007324,0.030539,-0.002039,-0.112680,-1.143719,-0.123126,-1.198606,-0.008181,-0.003063,-0.167960,-1.074351,0.073485,1.485571,-0.009918,0.010449
1.233333,0.001572,0.022589,0.002863,-0.116352,-1.132024,-0.120692,-1.215288,-0.007456,-0.009753,-0.165533,-1.092822,0.129707,1.479545,-0.006135,0.013569
1.266667,0.004508,0.021501,0.000191,-0.106893,-1.114382,-0.140542,-1.211575,-0.001578,-0.006669,-0.153818,-1.111273,0.175956,1.479089,-0.015107,0.008346
1.300000,0.009028,0.020760,-0.001944,-0.103003,-1.115096,-0.135457,-1.224565,0.000926,-0.010143,-0.152614,-1.112945,0.189783,1.490156,-0.014371,0.006971
1.333333,0.009994,0.011905,0.000796,-0.107335,-1.111190,-0.144222,-1.242281,0.006401,-0.009198,-0.150037,-1.132580,0.195859,1.505692,-0.013038,0.001222
1.366667,0.018220,0.008274,0.000567,-0.114955,-1.104593,-0.155226,-1.237251,0.001339,-0.004469,-0.168812,-1.146581,0.195836,1.526471,-0.016065,-0.010020
1.400000,0.012907,0.009717,-0.000532,-0.117036,-1.103773,-0.149790,-1.224620,0.006132,-0.000004,-0.181924,-1.163038,0.186189,1.545415,-0.019950,-0.010762
1.433333,0.011675,0.008914,0.003274,-0.119618,-1.098339,-0.122071,-1.206353,0.000081,-0.001432,-0.211993,-1.164402,0.146513,1.543567,-0.010350,-0.010748
1.466667,0.016519,0.010062,0.004899,-0.127164,-1.106520,-0.080637,-1.148956,0.005258,0.006899,-0.257717,-1.193373,0.099260,1.539034,-0.013469,-0.003816
1.500000,0.020485,0.011989,0.007664,-0.149174,-1.139347,-0.036084,-1.072949,0.002085,0.002302,-0.325191,-1.218529,0.029164,1.529878,-0.010554,0.000940
1.533333,0.010417,0.012946,0.001533,-0.175123,-1.192915,0.028014,-1.007758,-0.000790,-0.002815,-0.398537,-1.232766,-0.059261,1.521763,-0.004972,0.010950
1.566667,0.005125,0.018812,0.000175,-0.225460,-1.234890,0.102835,-0.966730,-0.004377,0.004831,-0.492448,-1.248626,-0.159261,1.522167,-0.004332,0.019263
1.600000,0.005378,0.019213,0.002182,-0.301484,-1.285772,0.177656,-0.965701,-0.005049,0.011957,-0.590888,-1.283737,-0.259261,1.533195,-0.004937,0.024809
1.633333,-0.005732,0.016205,-0.001684,-0.380735,-1.316664,0.252477,-1.004672,-0.008038,0.005768,-0.673799,-1.293068,-0.359261,1.540469,-0.000992,0.018840
1.666667,-0.008075,0.015837,-0.013602,-0.450877,-1.318147,0.342899,-1.081650,-0.003840,0.009965,-0.738529,-1.304166,-0.459261,1.553500,0.000385,0.018282
1.700000,-0.005572,0.016190,-0.004276,-0.525983,-1.304651,0.442899,-1.169909,-0.003205,0.011968,-0.790762,-1.323867,-0.559261,1.557542,0.002901,0.019902
1.733333,-0.001976,0.009804,-0.001909,-0.576975,-1.290701,0.542899,-1.240417,-0.003682,0.004925,-0.824707,-1.331986,-0.659261,1.543731,0.004231,0.011913
1.766667,-0.005735,0.012939,-0.007276,-0.613648,-1.279528,0.642898,-1.286770,-0.006041,0.005587,-0.837665,-1.327741,-0.759261,1.543731,0.002478,0.011288
1.800000,-0.003701,0.012939,-0.003837,-0.644838,-1.269639,0.742899,-1.333124,-0.008076,0.006936,-0.847668,-1.335005,-0.859261,1.540753,0.003528,0.013206
1.833333,-0.003851,0.013541,0.002863,-0.671327,-1.258774,0.842899,-1.353869,-0.015609,0.007476,-0.854877,-1.329648,-0.959261,1.515156,0.003189,0.014417
1.866667,-0.008866,0.018898,-0.000550,-0.688474,-1.243917,0.942899,-1.360938,-0.013873,0.015403,-0.851420,-1.318822,-1.059261,1.487110,-0.001489,0.008195
1.900000,-0.009455,0.020777,0.000232,-0.712126,-1.243704,1.042899,-1.381318,-0.011278,0.014008,-0.849707,-1.314117,-1.159261,1.466831,-0.001498,0.007638
1.933333,-0.010019,0.017619,0.002786,-0.733945,-1.234518,1.141289,-1.402282,-0.008262,0.013740,-0.849835,-1.320246,-1.259261,1.434420,0.001514,0.008223
1.966667,-0.009848,0.023568,-0.002889,-0.750763,-1.236830,1.225928,-1.409787,-0.010631,0.017512,-0.859385,-1.321100,-1.359261,1.425847,-0.004669,0.009041
2.000000,-0.014748,0.023576,-0.004746,-0.761633,-1.249284,1.297111,-1.422053,-0.007757,0.015241,-0.858987,-1.326342,-1.455533,1.421416,-0.007343,0.006217
2.033333,-0.003012,0.019787,-0.005846,-0.769904,-1.256260,1.332817,-1.437869,-0.012881,0.007421,-0.868686,-1.344398,-1.534205,1.435536,-0.008750,0.005168
2.066667,0.000602,0.019054,-0.011033,-0.769967,-1.252773,1.339165,-1.442936,-0.012401,0.014033,-0.878573,-1.360313,-1.591722,1.462072,-0.022137,0.008896
2.100000,0.001673,0.019072,-0.011417,-0.746181,-1.267489,1.307123,-1.446306,-0.012462,0.008388,-0.875598,-1.367353,-1.631574,1.473373,-0.026594,0.008405
2.133333,0.002299,0.013123,-0.007977,-0.699814,-1.259293,1.248831,-1.431375,-0.015625,0.004335,-0.865763,-1.372290,-1.649434,1.465767,-0.022770,0.000094
2.166667,0.010247,0.009688,-0.006902,-0.633726,-1.255980,1.163996,-1.402408,-0.020472,0.000792,-0.859459,-1.385676,-1.655304,1.457620,-0.026502,-0.001990
2.200000,0.008507,0.007698,-0.004212,-0.547908,-1.263743,1.074638,-1.355495,-0.016832,0.001515,-0.843279,-1.393615,-1.662043,1.437016,-0.022908,0.002410
2.233333,0.006948,0.011238,0.003748,-0.447908,-1.263504,0.974638,-1.283772,-0.017214,-0.003006,-0.816421,-1.393615,-1.655951,1.389732,-0.011191,0.000508
2.266667,0.020285,0.019505,0.009185,-0.358800,-1.233113,0.874638,-1.197316,-0.015415,0.010697,-0.783130,-1.398258,-1.627523,1.336003,-0.013961,0.003545
2.300000,0.022253,0.021740,0.015461,-0.281608,-1.227583,0.774638,-1.130431,-0.015624,0.015667,-0.727178,-1.410000,-1.581087,1.268707,-0.013815,0.009155
2.333333,0.015927,0.024510,0.009878,-0.220338,-1.208149,0.674638,-1.076582,-0.010680,0.016892,-0.668278,-1.410000,-1.518815,1.201436,-0.009385,0.013440
2.366667,0.013718,0.031614,0.009873,-0.190191,-1.185151,0.574638,-1.020554,-0.016409,0.022898,-0.592319,-1.410000,-1.433272,1.119888,-0.009454,0.016830
2.400000,0.014468,0.026543,0.008987,-0.169565,-1.181280,0.474638,-0.985587,-0.019620,0.021959,-0.503396,-1.410000,-1.341716,1.034579,-0.008653,0.017456
2.433333,0.004440,0.021476,0.000380,-0.158945,-1.193245,0.374638,-0.964244,-0.020528,0.011544,-0.419052,-1.406504,-1.250160,0.949269,-0.001377,0.015708
2.466667,0.001700,0.022636,-0.007022,-0.163584,-1.199778,0.274638,-0.930334,-0.016183,0.009026,-0.347553,-1.406504,-1.158605,0.865512,-0.003312,0.022695
2.500000,-0.000726,0.020997,-0.000081,-0.171911,-1.218677,0.186320,-0.880264,-0.015255,0.009642,-0.290311,-1.406503,-1.058605,0.782174,-0.003712,0.021948
2.533333,-0.000577,0.015773,-0.002781,-0.159503,-1.243083,0.121704,-0.844118,-0.007640,0.005984,-0.261978,-1.406503,-0.958605,0.719732,-0.006240,0.019393
2.566667,-0.001504,0.014223,-0.005196,-0.172320,-1.269568,0.088429,-0.798169,-0.001541,0.010721,-0.273645,-1.405806,-0.877895,0.697289,-0.014924,0.020871
2.600000,-0.003831,0.008174,-0.003184,-0.184999,-1.291720,0.077662,-0.741927,-0.001290,0.005347,-0.320732,-1.404576,-0.837186,0.714846,-0.017982,0.016667
2.633333,-0.004628,0.004779,0.001731,-0.195019,-1.292273,0.091035,-0.689105,-0.003516,0.007415,-0.393189,-1.386497,-0.836476,0.758883,-0.015717,0.009304
2.666667,-0.000614,0.006992,-0.000506,-0.208862,-1.296393,0.132727,-0.658340,-0.001602,0.011608,-0.481730,-1.379197,-0.875767,0.833107,-0.017048,0.003748
2.700000,0.000060,0.004471,0.002095,-0.234256,-1.308198,0.178171,-0.638213,-0.003068,0.010254,-0.559975,-1.368607,-0.955058,0.921139,-0.013521,0.001137
2.733333,0.005510,0.004471,-0.001268,-0.237698,-1.305037,0.216953,-0.615907,-0.006465,0.005945,-0.631506,-1.369305,-1.055058,1.005288,-0.006195,-0.004518
2.766667,0.006716,0.006297,-0.005207,-0.247707,-1.317671,0.256304,-0.630270,-0.007405,0.006697,-0.671383,-1.371785,-1.155058,1.068579,-0.005925,-0.002490
2.800000,0.006276,0.008269,-0.006027,-0.263826,-1.336116,0.311515,-0.661257,-0.007706,0.003512,-0.693917,-1.380188,-1.255058,1.131299,-0.007204,-0.005181
2.833333,0.003090,0.005675,-0.003578,-0.278066,-1.333325,0.356871,-0.694432,-0.008812,0.001424,-0.698321,-1.376034,-1.346145,1.174185,-0.013221,0.004763
2.866667,0.001874,0.011526,-0.002742,-0.310368,-1.314363,0.409530,-0.728237,-0.011102,0.007971,-0.703412,-1.386623,-1.417940,1.217072,-0.018953,0.008003
2.900000,-0.002583,0.013066,0.001577,-0.350988,-1.306807,0.477511,-0.792963,-0.011665,0.006822,-0.698075,-1.377400,-1.479064,1.237243,-0.019502,0.011697
2.933333,-0.003058,0.012167,0.006742,-0.384282,-1.288220,0.562415,-0.838058,-0.009896,0.007426,-0.704392,-1.370423,-1.520188,1.258272,-0.020152,0.011502
2.966667,-0.001632,0.010195,0.009427,-0.386948,-1.274184,0.607319,-0.847865,-0.003686,0.011142,-0.688419,-1.356946,-1.521311,1.251841,-0.015481,0.012189
3.000000,0.002980,0.010924,0.012164,-0.374064,-1.287861,0.622078,-0.833427,-0.003619,0.018519,-0.650577,-1.352576,-1.491348,1.225242,-0.013813,0.006495
3.033333,0.002294,0.006593,0.010927,-0.343644,-1.304599,0.602078,-0.793796,-0.001788,0.014806,-0.593435,-1.339889,-1.440676,1.158644,-0.010232,0.003386
3.066667,-0.002653,0.008428,0.008058,-0.310246,-1.310998,0.542078,-0.714166,-0.003908,0.020617,-0.513435,-1.325329,-1.360677,1.078644,-0.008364,-0.000310
3.100000,-0.003009,0.008671,0.005794,-0.273722,-1.310975,0.442078,-0.641014,-0.009174,0.024121,-0.419046,-1.320206,-1.260677,0.988729,-0.009289,-0.000436
3.133333,-0.004960,0.009211,0.002768,-0.257807,-1.330157,0.345989,-0.597084,-0.016049,0.024978,-0.349108,-1.330978,-1.160677,0.920545,-0.015154,0.000161
3.166667,-0.017499,0.009759,-0.010545,-0.253069,-1.331400,0.289900,-0.593154,-0.014735,0.015365,-0.319170,-1.316675,-1.060677,0.888032,-0.011473,-0.002714
3.200000,-0.017213,0.012378,-0.015483,-0.265867,-1.320414,0.273812,-0.629225,-0.013273,0.013403,-0.329232,-1.310563,-0.960677,0.895520,-0.007190,0.005922
3.233333,-0.015307,0.010487,-0.013735,-0.289831,-1.324713,0.297723,-0.705295,-0.014238,0.011816,-0.379295,-1.313266,-0.860677,0.939161,-0.009447,0.007636
3.266667,-0.021478,0.011570,-0.020202,-0.336794,-1.338757,0.361634,-0.794517,-0.010086,0.006226,-0.463747,-1.286530,-0.792932,1.012716,-0.011921,0.009176
3.300000,-0.024211,0.020033,-0.023963,-0.403146,-1.328177,0.461634,-0.894517,-0.007545,0.011580,-0.563747,-1.273640,-0.765188,1.104541,-0.009820,0.016367
3.333333,-0.016824,0.020167,-0.014314,-0.492320,-1.324115,0.561634,-0.994517,-0.012068,0.015119,-0.663747,-1.267310,-0.777443,1.200693,-0.009658,0.017708
3.366667,-0.013880,0.018669,-0.011758,-0.581493,-1.311855,0.661634,-1.082495,-0.008615,0.023535,-0.763567,-1.242757,-0.829699,1.280977,-0.018338,0.009317
3.400000,-0.012269,0.026810,-0.012368,-0.674533,-1.307043,0.761634,-1.170473,-0.011156,0.025773,-0.844302,-1.209165,-0.921955,1.347474,-0.022245,0.016653
3.433333,-0.007666,0.024855,-0.004019,-0.751094,-1.298327,0.861634,-1.244559,-0.012482,0.032935,-0.911160,-1.213385,-1.021955,1.400868,-0.017977,0.012979
3.466667,-0.002625,0.020381,-0.000877,-0.805609,-1.296623,0.961634,-1.301008,-0.013702,0.028984,-0.970810,-1.201315,-1.115357,1.431063,-0.014979,0.007602
3.500000,0.000876,0.019948,-0.001643,-0.850239,-1.303846,1.061634,-1.346421,-0.013826,0.034486,-1.006465,-1.188617,-1.208759,1.441107,-0.014063,0.014772
3.533333,-0.002115,0.020584,0.000556,-0.870532,-1.325551,1.161634,-1.377677,-0.020241,0.029676,-1.019199,-1.195014,-1.272466,1.450353,-0.008718,0.014276
3.566667,0.002872,0.017110,0.003443,-0.878571,-1.329383,1.261634,-1.389736,-0.011524,0.034215,-1.034292,-1.223389,-1.320225,1.468334,-0.005622,0.009168
3.600000,0.004814,0.020288,0.007125,-0.879998,-1.338436,1.361634,-1.385656,-0.007152,0.040759,-1.047412,-1.234070,-1.360226,1.481211,-0.009610,0.009665
3.633333,0.002463,0.016886,0.006404,-0.865153,-1.343571,1.434798,-1.369467,-0.008652,0.038301,-1.027742,-1.228405,-1.393558,1.486755,-0.012700,0.009323
3.666667,0.001808,0.017702,0.007320,-0.820193,-1.338276,1.474521,-1.324314,-0.006463,0.036453,-0.992065,-1.240462,-1.386889,1.495057,-0.015191,-0.003280
3.700000,0.006265,0.015050,0.004922,-0.759570,-1.337054,1.474245,-1.265341,-0.007654,0.029188,-0.939490,-1.248356,-1.369915,1.480025,-0.014160,-0.003946
3.733333,0.001889,0.011363,0.002205,-0.678034,-1.331254,1.433969,-1.185564,-0.011630,0.022628,-0.863640,-1.229137,-1.328891,1.433891,-0.011570,-0.005319
3.766667,-0.001998,0.012928,-0.004987,-0.579715,-1.308734,1.353693,-1.095819,-0.009704,0.020553,-0.763640,-1.189799,-1.255623,1.365965,-0.013242,-0.006801
3.800000,-0.001509,0.016555,-0.001616,-0.479715,-1.289216,1.260255,-0.995818,-0.005872,0.027062,-0.663640,-1.164299,-1.155623,1.288572,-0.013917,-0.003368
3.833333,-0.003697,0.013743,-0.003429,-0.385605,-1.276975,1.160254,-0.895819,-0.005955,0.023147,-0.563640,-1.127099,-1.055623,1.208086,-0.009994,0.000920
3.866667,-0.009327,0.012872,-0.009800,-0.302466,-1.249706,1.060254,-0.795819,0.003773,0.023745,-0.463640,-1.061860,-0.955623,1.160015,-0.008420,0.005793
3.900000,-0.007872,0.018495,-0.009566,-0.245577,-1.209008,0.960254,-0.723784,0.004202,0.020010,-0.363640,-1.026431,-0.855623,1.146451,-0.008273,0.006571
3.933333,-0.009751,0.014175,-0.007607,-0.204464,-1.172838,0.860254,-0.688843,0.000332,0.007606,-0.266373,-0.992460,-0.755623,1.149676,-0.004774,0.004184
3.966667,-0.012306,0.014873,-0.019017,-0.184173,-1.126279,0.760254,-0.685263,0.006356,0.002197,-0.199820,-0.981147,-0.655623,1.179758,-0.000528,-0.000667
4.000000,-0.008146,0.019884,-0.020123,-0.178571,-1.076388,0.660254,-0.707538,0.004429,0.004764,-0.156280,-0.974538,-0.555623,1.203800,-0.000993,0.005007
4.033333,-0.008974,0.023128,-0.014616,-0.174546,-1.051525,0.560254,-0.749717,-0.003171,0.006447,-0.150291,-0.998499,-0.455623,1.215116,-0.006276,-0.000215
4.066667,-0.015376,0.024184,-0.020149,-0.168716,-1.039166,0.460254,-0.793028,-0.010349,0.011755,-0.184302,-1.016453,-0.367690,1.231924,-0.009070,-0.002061
4.100000,-0.011118,0.026776,-0.017955,-0.176215,-1.033387,0.360254,-0.826096,-0.015886,0.018057,-0.255580,-1.054420,-0.319757,1.271943,-0.006825,0.005667
4.133333,-0.008767,0.023116,-0.007911,-0.180969,-1.024484,0.260254,-0.854534,-0.027882,0.016572,-0.336144,-1.075817,-0.311824,1.325107,-0.013339,0.006842
4.166667,-0.010818,0.027988,-0.005729,-0.181539,-1.006095,0.179952,-0.872179,-0.031363,0.015814,-0.433694,-1.093818,-0.343891,1.390052,-0.021105,0.008693
4.200000,-0.010226,0.028305,-0.001957,-0.187300,-0.976816,0.107275,-0.879888,-0.028389,0.015962,-0.502929,-1.107692,-0.415958,1.453380,-0.022828,0.015278
4.233333,0.000089,0.019254,0.003545,-0.188187,-0.949556,0.043452,-0.869952,-0.024503,0.009286,-0.532163,-1.118806,-0.475958,1.488365,-0.019688,0.015973
4.266667,0.003847,0.018244,0.000886,-0.174062,-0.918527,-0.005492,-0.833165,-0.018478,0.011641,-0.521398,-1.124701,-0.495958,1.496992,-0.031743,0.011296
4.300000,0.009017,0.018157,-0.001051,-0.165504,-0.905044,-0.028150,-0.809445,-0.012987,0.008769,-0.470633,-1.107496,-0.475958,1.467976,-0.032767,0.011791
4.333333,0.008252,0.009212,0.003398,-0.166515,-0.893044,-0.050570,-0.795123,-0.008638,0.012562,-0.379867,-1.090402,-0.415958,1.441356,-0.025781,0.006012
4.366667,0.017096,0.005651,0.002493,-0.169837,-0.880641,-0.072479,-0.790053,-0.010918,0.014625,-0.298443,-1.060154,-0.315958,1.430179,-0.030705,-0.005418
4.400000,0.011991,0.007708,0.001038,-0.169001,-0.877597,-0.072522,-0.802757,-0.006229,0.015433,-0.222685,-1.028537,-0.215958,1.407679,-0.033870,-0.003832
4.433333,0.008668,0.008104,0.004612,-0.166652,-0.869144,-0.053052,-0.823258,-0.010877,0.009255,-0.165898,-0.980737,-0.115958,1.382411,-0.022527,-0.005235
4.466667,0.016550,0.009370,0.007485,-0.156365,-0.856683,-0.025201,-0.816394,-0.007015,0.014189,-0.133267,-0.956214,-0.036343,1.373298,-0.025089,0.000489
4.500000,0.022827,0.011086,0.009394,-0.148625,-0.861490,-0.017285,-0.813123,-0.005360,0.004671,-0.111179,-0.939213,0.035854,1.360258,-0.026692,0.000327
4.533333,0.010704,0.012761,0.002151,-0.137888,-0.876079,-0.005966,-0.821715,-0.007559,-0.000177,-0.086193,-0.914383,0.090265,1.340376,-0.020220,0.006555
4.566667,0.005159,0.019867,0.000877,-0.151735,-0.867391,-0.000309,-0.827012,-0.009933,0.006276,-0.079727,-0.902719,0.126039,1.357488,-0.024481,0.011571
4.600000,0.009837,0.018865,0.002003,-0.164780,-0.871973,-0.004988,-0.828833,-0.009524,0.012777,-0.079501,-0.914262,0.129828,1.378560,-0.026031,0.017666
4.633333,-0.004318,0.015896,-0.003207,-0.172606,-0.883257,-0.028623,-0.855294,-0.014100,0.005386,-0.075980,-0.905514,0.144084,1.391990,-0.018284,0.007740
4.666667,-0.007267,0.014794,-0.015999,-0.169372,-0.875649,-0.024442,-0.867930,-0.012329,0.008694,-0.078109,-0.901068,0.138459,1.415807,-0.016143,0.011114
4.700000,-0.001339,0.014717,-0.005532,-0.174841,-0.860159,-0.015382,-0.878902,-0.007214,0.010366,-0.088154,-0.905675,0.131076,1.426297,-0.013852,0.016909
4.733333,0.002982,0.005908,-0.002235,-0.152033,-0.855943,-0.018867,-0.883590,-0.007120,0.006234,-0.093964,-0.896510,0.132730,1.410979,-0.008944,0.008826
4.766667,-0.003276,0.010371,-0.005765,-0.142754,-0.860400,-0.010079,-0.900370,-0.006165,0.007298,-0.098378,-0.880875,0.139439,1.420825,-0.010870,0.005037
4.800000,0.001178,0.010371,-0.002980,-0.140443,-0.857304,-0.010445,-0.914655,-0.007361,0.006099,-0.093938,-0.877134,0.136479,1.432389,-0.012514,0.009598
4.833333,0.003050,0.012220,0.005301,-0.144578,-0.851563,-0.022201,-0.921552,-0.013281,0.007047,-0.095263,-0.870051,0.136944,1.420299,-0.012862,0.009308
4.866667,-0.003719,0.014893,0.001534,-0.143304,-0.848663,-0.026241,-0.903677,-0.012781,0.012723,-0.085523,-0.864401,0.137862,1.411436,-0.014671,0.000991
4.900000,-0.002838,0.017318,0.002546,-0.149245,-0.862080,-0.012894,-0.883105,-0.008749,0.011457,-0.076076,-0.869730,0.136779,1.411376,-0.016772,-0.000053
4.933333,0.000153,0.012673,0.004903,-0.156177,-0.868282,-0.022246,-0.849003,-0.005214,0.011150,-0.066233,-0.889157,0.144991,1.383830,-0.013544,0.001288
4.966667,0.001529,0.016772,0.000209,-0.174441,-0.901797,-0.012255,-0.780324,-0.004182,0.017116,-0.069602,-0.922228,0.149712,1.343698,-0.020814,0.004416
5.000000,-0.004864,0.016575,-0.002640,-0.193773,-0.963415,0.021309,-0.704806,-0.000794,0.014854,-0.069028,-0.969316,0.149917,1.293108,-0.022928,0.000798
5.033333,0.007075,0.013709,-0.003028,-0.232763,-1.040311,0.070741,-0.664640,-0.005856,0.011240,-0.091107,-1.037779,0.129215,1.225943,-0.026701,-0.001586
5.066667,0.010120,0.014134,-0.008668,-0.292815,-1.113899,0.130272,-0.647522,-0.005157,0.017301,-0.132943,-1.107999,0.080113,1.167045,-0.037771,0.002364
5.100000,0.008170,0.014880,-0.010434,-0.366569,-1.190733,0.216173,-0.667522,-0.006902,0.012075,-0.183313,-1.156652,0.008647,1.113340,-0.039905,0.001572
5.133333,0.006197,0.010781,-0.007832,-0.451539,-1.230548,0.316173,-0.727522,-0.009066,0.010463,-0.248461,-1.187149,-0.079740,1.099635,-0.031623,-0.008176
5.166667,0.012010,0.008930,-0.007124,-0.551539,-1.251549,0.416173,-0.827522,-0.013531,0.008592,-0.335597,-1.209442,-0.179740,1.125930,-0.035402,-0.007823
5.200000,0.008468,0.008282,-0.006494,-0.651539,-1.260991,0.516173,-0.927522,-0.010124,0.008846,-0.418371,-1.216330,-0.279740,1.192225,-0.031091,-0.002154
5.233333,0.003872,0.010818,0.000581,-0.723691,-1.256275,0.616174,-1.027522,-0.011123,0.006274,-0.478592,-1.204969,-0.379740,1.249771,-0.017432,-0.004518
5.266667,0.015810,0.018805,0.005667,-0.769663,-1.236287,0.716174,-1.094215,-0.007691,0.021687,-0.506859,-1.214764,-0.479740,1.291475,-0.019616,-0.001298
5.300000,0.014133,0.021255,0.010992,-0.779533,-1.250933,0.816174,-1.151891,-0.007036,0.027954,-0.495126,-1.214191,-0.579740,1.293179,-0.020771,0.004637
5.333333,0.008344,0.021457,0.004362,-0.749404,-1.256818,0.916174,-1.175437,-0.000017,0.030346,-0.443394,-1.209017,-0.660551,1.270243,-0.015069,0.006161
5.366667,0.006031,0.027763,0.005488,-0.679274,-1.261255,0.984025,-1.158984,-0.005232,0.036500,-0.360840,-1.194511,-0.701363,1.214308,-0.015041,0.008426
5.400000,0.010427,0.023098,0.005559,-0.596992,-1.275920,1.011877,-1.102531,-0.008452,0.033329,-0.263824,-1.173391,-0.702174,1.138534,-0.016701,0.011818
5.433333,0.001895,0.018053,-0.000887,-0.500890,-1.292361,0.999729,-1.039384,-0.009911,0.022149,-0.193633,-1.132422,-0.662985,1.060896,-0.011315,0.010248
5.466667,0.003819,0.017774,-0.006818,-0.418772,-1.290724,0.947581,-0.945256,-0.006734,0.016395,-0.133099,-1.115665,-0.583796,0.995140,-0.017239,0.018193
5.500000,0.003873,0.016251,0.001918,-0.354153,-1.295514,0.855432,-0.845256,-0.008566,0.016760,-0.093689,-1.103838,-0.483796,0.934438,-0.017243,0.020220
5.533333,0.006615,0.011257,0.000074,-0.296993,-1.297971,0.755432,-0.754121,-0.004292,0.013440,-0.085778,-1.110399,-0.385006,0.904213,-0.018325,0.018630
5.566667,0.003108,0.010089,-0.001693,-0.267311,-1.295034,0.655432,-0.702987,-0.000630,0.018488,-0.114882,-1.127098,-0.326217,0.913987,-0.022122,0.021250
5.600000,-0.000136,0.004314,-0.000359,-0.248157,-1.280141,0.555432,-0.691853,-0.002740,0.013655,-0.157162,-1.158848,-0.307427,0.963762,-0.022337,0.019143
5.633333,-0.001713,0.002144,0.004470,-0.231233,-1.245709,0.461268,-0.720719,-0.006429,0.013766,-0.229784,-1.174786,-0.328638,1.041654,-0.016124,0.008747
5.666667,-0.001493,0.005399,0.001990,-0.207997,-1.205475,0.393711,-0.789585,-0.005174,0.014760,-0.321283,-1.196724,-0.389848,1.139132,-0.020860,0.000796
5.700000,-0.003402,0.003331,0.004108,-0.186990,-1.167041,0.326154,-0.889585,-0.006050,0.008560,-0.421283,-1.207436,-0.489848,1.239133,-0.017032,-0.001120
5.733333,0.001429,0.003331,0.001215,-0.153077,-1.125372,0.262523,-0.989585,-0.008368,0.005045,-0.521283,-1.236623,-0.589848,1.339133,-0.012427,-0.007921
5.766667,0.004411,0.006647,-0.002886,-0.130770,-1.108616,0.198892,-1.089585,-0.008196,0.003070,-0.621283,-1.248799,-0.689848,1.425306,-0.012966,-0.005750
5.800000,0.004600,0.008266,-0.002679,-0.109007,-1.096643,0.139639,-1.186569,-0.008300,0.003654,-0.714720,-1.266703,-0.789848,1.491480,-0.016532,-0.003533
5.833333,0.003603,0.004978,0.001151,-0.096793,-1.074492,0.065965,-1.261917,-0.010701,0.000837,-0.789773,-1.268504,-0.889848,1.537653,-0.018776,0.004534
5.866667,0.005201,0.009036,0.003687,-0.111015,-1.047245,-0.001734,-1.312477,-0.013259,0.012060,-0.837480,-1.288196,-0.989848,1.563827,-0.023118,0.009176
5.900000,0.001196,0.010289,0.007192,-0.120517,-1.032804,-0.049575,-1.343474,-0.013935,0.009587,-0.866138,-1.274386,-1.089848,1.570000,-0.021974,0.009526
5.933333,-0.001090,0.008183,0.012525,-0.127884,-1.011078,-0.077415,-1.354472,-0.013113,0.011090,-0.874795,-1.271892,-1.189848,1.570000,-0.022134,0.006058
5.966667,-0.000358,0.006564,0.013598,-0.154596,-1.021729,-0.075470,-1.366816,-0.006007,0.009742,-0.879223,-1.265581,-1.289848,1.561819,-0.014753,0.002899
6.000000,0.005711,0.009949,0.014811,-0.200572,-1.060776,-0.045710,-1.389465,-0.004312,0.015263,-0.889801,-1.264594,-1.389848,1.561819,-0.013609,0.000443
6.033333,0.002412,0.008507,0.011410,-0.250423,-1.103811,0.018075,-1.420528,-0.002349,0.005851,-0.906455,-1.250078,-1.489848,1.561819,-0.011753,-0.004791
6.066667,-0.002284,0.011629,0.006720,-0.330423,-1.130292,0.098075,-1.450132,-0.004483,0.007719,-0.920067,-1.238121,-1.579619,1.561819,-0.009791,-0.007077
6.100000,-0.001657,0.013689,0.002600,-0.430423,-1.136907,0.198075,-1.481692,-0.010241,0.008688,-0.913680,-1.225365,-1.644520,1.561819,-0.011481,-0.005126
6.133333,-0.004219,0.015608,-0.001127,-0.530423,-1.129398,0.298075,-1.505119,-0.018446,0.007788,-0.878085,-1.217553,-1.669421,1.570000,-0.017501,-0.004662
6.166667,-0.016826,0.014221,-0.015175,-0.590423,-1.090623,0.398075,-1.502306,-0.018891,-0.002846,-0.814724,-1.184268,-1.654322,1.563057,-0.013715,-0.009675
6.200000,-0.015666,0.015992,-0.020677,-0.610423,-1.026494,0.463090,-1.481978,-0.017868,-0.006358,-0.732633,-1.126878,-1.599222,1.558867,-0.010518,-0.002935
6.233333,-0.011476,0.014315,-0.018543,-0.590423,-0.957638,0.488106,-1.465070,-0.016318,-0.009350,-0.632633,-1.062436,-1.514352,1.544221,-0.013992,-0.001676
6.266667,-0.017681,0.014049,-0.022785,-0.530423,-0.912595,0.473121,-1.426204,-0.012559,-0.017084,-0.532633,-0.986651,-1.414352,1.517810,-0.016701,0.001676
6.300000,-0.013279,0.020836,-0.024923,-0.430423,-0.869059,0.418137,-1.357142,-0.008791,-0.014571,-0.432633,-0.935428,-1.314352,1.511399,-0.016047,0.009912
6.333333,-0.002731,0.020996,-0.015051,-0.330423,-0.844732,0.323152,-1.305800,-0.009849,-0.011059,-0.332633,-0.905808,-1.214352,1.504916,-0.015700,0.012226
6.366667,0.004021,0.018914,-0.011253,-0.248516,-0.831607,0.223152,-1.248347,-0.004367,-0.002182,-0.262337,-0.899058,-1.114352,1.484363,-0.024279,0.007729
6.400000,0.005675,0.025696,-0.010180,-0.191153,-0.850509,0.126257,-1.168496,-0.006033,0.000540,-0.229416,-0.911680,-1.014352,1.486865,-0.030472,0.014871
6.433333,0.012525,0.023548,-0.001861,-0.154642,-0.880170,0.039352,-1.088645,-0.004694,0.005942,-0.225064,-0.956445,-0.914352,1.509490,-0.026215,0.008496
6.466667,0.013029,0.018842,0.002604,-0.146329,-0.920249,-0.007552,-1.043915,-0.004655,0.005737,-0.260711,-0.995542,-0.814352,1.515901,-0.021980,0.000699
6.500000,0.013967,0.020542,0.001937,-0.178016,-0.981118,-0.014457,-1.019036,-0.005972,0.012999,-0.336359,-1.020522,-0.754352,1.529327,-0.021542,0.010074
6.533333,0.007830,0.023328,0.003829,-0.231610,-1.062756,0.018639,-1.034157,-0.013067,0.009807,-0.422302,-1.051601,-0.734352,1.554070,-0.016993,0.008190
6.566667,0.012188,0.021429,0.005830,-0.300659,-1.125863,0.088630,-1.089278,-0.008396,0.015429,-0.510872,-1.089432,-0.754352,1.566213,-0.011665,0.003831
6.600000,0.013653,0.025901,0.008762,-0.388857,-1.178438,0.188630,-1.184399,-0.005590,0.023400,-0.610872,-1.106331,-0.814352,1.570000,-0.016204,0.006148
6.633333,0.010268,0.023366,0.006922,-0.488857,-1.205454,0.288630,-1.281750,-0.008272,0.021960,-0.710872,-1.089082,-0.914352,1.567041,-0.020077,0.008472
6.666667,0.009605,0.022164,0.008620,-0.588857,-1.204147,0.388630,-1.346042,-0.007368,0.020868,-0.805031,-1.087469,-1.014352,1.567041,-0.021366,-0.003493
6.700000,0.014964,0.018613,0.006981,-0.688857,-1.186871,0.488630,-1.402358,-0.007836,0.013139,-0.883936,-1.079145,-1.114352,1.567041,-0.020914,-0.003530
6.733333,0.009160,0.013838,0.005428,-0.774749,-1.172055,0.588630,-1.436749,-0.011635,0.007823,-0.928183,-1.051197,-1.203570,1.567041,-0.017762,-0.003587
6.766667,0.002641,0.014087,-0.001600,-0.820641,-1.138311,0.688630,-1.431397,-0.010892,0.006931,-0.932431,-1.007248,-1.252787,1.567041,-0.018814,-0.004782
6.800000,0.001538,0.019297,0.000813,-0.826533,-1.108016,0.788630,-1.413628,-0.007539,0.013879,-0.896679,-0.990835,-1.262005,1.570000,-0.018230,-0.000906
6.833333,-0.002665,0.016690,-0.002113,-0.792425,-1.094209,0.888630,-1.411328,-0.005921,0.009130,-0.826767,-0.969740,-1.231223,1.570000,-0.014456,0.000085
6.866667,-0.009995,0.015149,-0.008692,-0.718317,-1.074614,0.959448,-1.386780,0.001037,0.012331,-0.732110,-0.926387,-1.160441,1.570000,-0.008615,0.003383
6.900000,-0.008085,0.020350,-0.009257,-0.618317,-1.044291,0.990266,-1.361079,0.001148,0.009995,-0.632110,-0.915432,-1.060441,1.570000,-0.007430,0.004980
6.933333,-0.008598,0.017622,-0.008492,-0.518317,-1.035765,0.981084,-1.346438,-0.003290,0.001759,-0.532110,-0.916084,-0.960441,1.552981,-0.001536,0.002861
6.966667,-0.009354,0.018194,-0.019776,-0.418317,-1.028830,0.931902,-1.319051,0.003100,-0.003317,-0.445586,-0.929201,-0.860441,1.542219,0.002356,-0.003519
7.000000,-0.004306,0.023673,-0.020289,-0.318580,-1.033728,0.842719,-1.269253,-0.000002,-0.000789,-0.359062,-0.947578,-0.760441,1.511458,0.002466,0.003276
7.033333,-0.002073,0.027375,-0.014743,-0.235190,-1.068413,0.742719,-1.209680,-0.006971,0.000159,-0.289641,-0.998361,-0.660441,1.460697,-0.004054,-0.001121
7.066667,-0.005189,0.028946,-0.018632,-0.191800,-1.129898,0.642719,-1.133185,-0.012003,0.005683,-0.249148,-1.040437,-0.560441,1.389936,-0.007054,-0.004855
7.100000,-0.001167,0.030790,-0.014777,-0.185721,-1.203050,0.542719,-1.045373,-0.016455,0.008914,-0.233697,-1.092240,-0.460441,1.316194,-0.007762,0.002254
7.133333,0.001325,0.026222,-0.004726,-0.217788,-1.266696,0.446808,-0.971456,-0.027317,0.006874,-0.219490,-1.127823,-0.360441,1.216194,-0.013193,0.004055
7.166667,0.000106,0.032206,-0.002386,-0.289591,-1.307150,0.390898,-0.937540,-0.028910,0.009455,-0.232893,-1.152058,-0.298420,1.118826,-0.021056,0.003956
7.200000,-0.003401,0.034259,-0.000622,-0.385048,-1.326759,0.374987,-0.943624,-0.024767,0.010574,-0.251599,-1.163883,-0.276400,1.046199,-0.022448,0.009947
7.233333,0.003363,0.026658,0.002273,-0.480505,-1.322679,0.399076,-0.989708,-0.023134,0.003534,-0.268909,-1.169259,-0.285835,1.000534,-0.020330,0.009030
7.266667,0.007962,0.029008,-0.001906,-0.578650,-1.295351,0.463165,-1.075792,-0.013794,0.006304,-0.279850,-1.171890,-0.318980,0.977419,-0.030859,0.001459
7.300000,0.010439,0.029514,-0.004477,-0.678650,-1.289787,0.563165,-1.175792,-0.010316,0.006096,-0.291591,-1.154805,-0.370757,0.973220,-0.032019,0.002282
7.333333,0.009614,0.019764,-0.001627,-0.775729,-1.285104,0.663165,-1.251590,-0.005679,0.006990,-0.289640,-1.162635,-0.390550,0.989461,-0.025620,-0.002732
7.366667,0.018581,0.014009,-0.002456,-0.855451,-1.278333,0.763165,-1.298757,-0.006431,0.011921,-0.301235,-1.171639,-0.408176,1.009279,-0.029958,-0.015833
7.400000,0.015654,0.015032,-0.002698,-0.909704,-1.286738,0.863165,-1.324386,0.000497,0.016748,-0.298287,-1.193928,-0.433766,1.002137,-0.033670,-0.014701
7.433333,0.012546,0.011870,0.001094,-0.929962,-1.288016,0.963165,-1.310014,-0.005070,0.014718,-0.296275,-1.198501,-0.469628,0.972443,-0.023183,-0.016678
7.466667,0.019655,0.011322,0.004236,-0.920003,-1.274552,1.063165,-1.255666,-0.000325,0.019793,-0.313302,-1.220430,-0.526857,0.954646,-0.024613,-0.013816
7.500000,0.023374,0.013352,0.007223,-0.901177,-1.278509,1.163165,-1.204246,-0.002504,0.015631,-0.338739,-1.233473,-0.618091,0.936608,-0.024887,-0.012191
7.533333,0.011660,0.015247,0.001443,-0.876134,-1.297858,1.263165,-1.162937,-0.005553,0.010119,-0.346036,-1.235230,-0.711491,0.915914,-0.019362,-0.003364
7.566667,0.004667,0.021062,0.000417,-0.846046,-1.300018,1.363165,-1.103167,-0.010078,0.016822,-0.366599,-1.238063,-0.805472,0.924312,-0.018131,0.002142
7.600000,0.006480,0.020819,0.002792,-0.809954,-1.316974,1.453389,-1.043396,-0.010642,0.022596,-0.384899,-1.261877,-0.905472,0.944399,-0.017912,0.008140
7.633333,-0.003679,0.018184,-0.001492,-0.764079,-1.342782,1.503613,-0.983603,-0.011742,0.017143,-0.379162,-1.273004,-0.965472,0.933674,-0.012935,0.002082
7.666667,-0.002929,0.017440,-0.012977,-0.689992,-1.348185,1.513837,-0.905082,-0.005621,0.020195,-0.357065,-1.285002,-0.988555,0.917697,-0.010448,0.002188
7.700000,0.002575,0.016921,-0.002856,-0.599478,-1.344164,1.484060,-0.812515,-0.002940,0.021359,-0.335915,-1.304720,-0.971637,0.876057,-0.006318,0.004893
7.733333,0.007692,0.010629,0.000105,-0.499478,-1.337821,1.414284,-0.729662,-0.001698,0.015266,-0.304437,-1.309135,-0.914719,0.805324,-0.003850,-0.001175
7.766667,0.005535,0.013508,-0.004576,-0.412118,-1.340808,1.314284,-0.674368,-0.002042,0.014627,-0.276017,-1.302771,-0.817802,0.758159,-0.003690,-0.001233
7.800000,0.007608,0.013508,-0.001566,-0.341507,-1.349138,1.214284,-0.644617,-0.005760,0.014775,-0.250564,-1.309535,-0.720884,0.710993,-0.002921,0.001242
7.833333,0.005461,0.012966,0.005334,-0.298234,-1.354775,1.114284,-0.639029,-0.014644,0.014260,-0.243086,-1.307524,-0.630575,0.666673,-0.002751,0.002650
7.866667,-0.001016,0.016573,0.001743,-0.294070,-1.351143,1.014284,-0.660851,-0.015813,0.020103,-0.245064,-1.295438,-0.580265,0.662354,-0.006952,-0.003761
7.900000,-0.002349,0.017170,0.001624,-0.328199,-1.358649,0.944258,-0.712959,-0.014887,0.017168,-0.266931,-1.284018,-0.569956,0.698034,-0.007489,-0.002725
7.933333,-0.004245,0.014151,0.003871,-0.380909,-1.347182,0.897885,-0.766429,-0.013353,0.015646,-0.298079,-1.280920,-0.599647,0.738458,-0.004953,-0.001493
7.966667,-0.005579,0.019505,-0.001342,-0.450194,-1.335745,0.891512,-0.828280,-0.013856,0.018365,-0.353174,-1.265846,-0.669337,0.818882,-0.011515,0.000216
8.000000,-0.010678,0.020652,-0.003367,-0.529130,-1.330007,0.925139,-0.897949,-0.010741,0.015598,-0.402962,-1.251167,-0.769337,0.905761,-0.014080,-0.002055
8.033333,-0.000011,0.017978,-0.004115,-0.568956,-1.328186,0.958766,-0.932776,-0.014319,0.008886,-0.425849,-1.258466,-0.844024,0.957798,-0.015882,-0.003353
8.066667,0.004863,0.017884,-0.009263,-0.570490,-1.326993,0.962419,-0.927602,-0.013592,0.015050,-0.414251,-1.279958,-0.878712,0.971059,-0.028316,-0.001159
8.100000,0.007269,0.016800,-0.010267,-0.540803,-1.345994,0.942418,-0.899446,-0.014026,0.010781,-0.375699,-1.287462,-0.873399,0.944320,-0.032446,-0.001588
8.133333,0.009447,0.011446,-0.006162,-0.477790,-1.344387,0.882419,-0.845954,-0.017164,0.008004,-0.323097,-1.296274,-0.828086,0.882866,-0.026771,-0.007727
8.166667,0.019262,0.009011,-0.005399,-0.399259,-1.349583,0.782418,-0.763118,-0.021400,0.005092,-0.265647,-1.318902,-0.742773,0.794533,-0.030739,-0.007267
8.200000,0.019303,0.006999,-0.002332,-0.336882,-1.363507,0.682418,-0.683485,-0.018770,0.007625,-0.225403,-1.332309,-0.642773,0.712216,-0.027393,-0.002650
8.233333,0.016898,0.010063,0.006229,-0.287214,-1.365274,0.582419,-0.614063,-0.019494,0.004082,-0.206801,-1.322193,-0.542773,0.647587,-0.013009,-0.002790
8.266667,0.030419,0.018671,0.012758,-0.262921,-1.333953,0.482419,-0.545546,-0.016653,0.018500,-0.190896,-1.329462,-0.442773,0.622959,-0.015659,0.001847
8.300000,0.031415,0.020977,0.017706,-0.253807,-1.328408,0.382419,-0.508439,-0.016219,0.023690,-0.180114,-1.325538,-0.342773,0.615885,-0.015166,0.006704
8.333333,0.026858,0.022047,0.011552,-0.233639,-1.306190,0.282419,-0.500277,-0.011596,0.024896,-0.169482,-1.306792,-0.242773,0.639874,-0.010214,0.009677
8.366667,0.024504,0.030162,0.011340,-0.223018,-1.266231,0.197544,-0.528912,-0.017282,0.027741,-0.166230,-1.273532,-0.170267,0.692689,-0.008133,0.014620
8.400000,0.025837,0.025876,0.010709,-0.203857,-1.233572,0.113585,-0.587336,-0.020866,0.023382,-0.159500,-1.234750,-0.108641,0.766591,-0.009014,0.015469
8.433333,0.015788,0.021120,0.002545,-0.178771,-1.212311,0.055781,-0.678916,-0.024774,0.012271,-0.177968,-1.174631,-0.065380,0.840494,-0.001213,0.013485
8.466667,0.013197,0.021286,-0.004379,-0.163142,-1.173788,0.009394,-0.770496,-0.021739,0.005748,-0.189631,-1.129525,-0.050257,0.931557,-0.004516,0.021837
8.500000,0.010925,0.019995,0.003157,-0.153650,-1.143580,-0.032204,-0.870496,-0.023094,0.006056,-0.217101,-1.090616,-0.037784,1.031557,-0.005381,0.021327
8.533333,0.012509,0.014424,0.000844,-0.130431,-1.128323,-0.066845,-0.970496,-0.017960,0.001978,-0.241599,-1.068004,-0.023253,1.131557,-0.006637,0.018885
8.566667,0.011156,0.012621,-0.001808,-0.136374,-1.116415,-0.078379,-1.070496,-0.011925,0.008520,-0.278416,-1.044277,-0.019336,1.231557,-0.014147,0.022977
8.600000,0.009684,0.006886,-0.000179,-0.144689,-1.099173,-0.101030,-1.170496,-0.010522,0.000607,-0.308716,-1.033639,-0.010522,1.331557,-0.017481,0.019266
8.633333,0.012259,0.004414,0.003733,-0.151591,-1.067847,-0.114448,-1.259727,-0.012156,0.001697,-0.347836,-1.017000,-0.006086,1.408734,-0.014063,0.007949
8.666667,0.013501,0.007195,0.001486,-0.169120,-1.042355,-0.092656,-1.328190,-0.009494,0.005046,-0.395967,-1.010206,-0.028289,1.471052,-0.015852,0.002701
8.700000,0.011684,0.005849,0.003260,-0.195045,-1.024635,-0.086453,-1.383911,-0.007301,0.002294,-0.444189,-0.997050,-0.049452,1.510931,-0.015467,0.000167
8.733333,0.017424,0.005849,-0.000526,-0.202742,-1.000497,-0.078393,-1.407139,-0.008254,-0.002706,-0.500596,-1.015293,-0.083621,1.538620,-0.010808,-0.008884
8.766667,0.017980,0.009325,-0.005648,-0.220036,-1.001594,-0.073775,-1.414883,-0.010906,0.001596,-0.570926,-1.018012,-0.144321,1.546263,-0.011911,-0.006682
8.800000,0.015644,0.012024,-0.004574,-0.241697,-1.015110,-0.052746,-1.409432,-0.011985,0.001324,-0.650729,-1.021029,-0.212507,1.549735,-0.012310,-0.003666
8.833333,0.012676,0.008844,-0.001143,-0.261227,-1.009854,-0.057165,-1.407845,-0.010779,-0.004175,-0.731779,-1.003710,-0.291403,1.548167,-0.015597,0.002573
8.866667,0.014699,0.012929,0.000359,-0.297944,-1.000184,-0.049423,-1.399587,-0.011707,0.005435,-0.825888,-1.006449,-0.385903,1.555976,-0.018547,0.006661
8.900000,0.009326,0.015973,0.005886,-0.335371,-1.007796,-0.028866,-1.419085,-0.015415,0.003644,-0.912873,-0.971277,-0.485903,1.551529,-0.018790,0.008132
8.933333,0.007326,0.014967,0.012836,-0.361379,-1.003511,0.000093,-1.434068,-0.013362,0.001724,-0.981829,-0.954012,-0.585903,1.547128,-0.019197,0.004419
8.966667,0.007060,0.012268,0.013705,-0.399797,-1.006343,0.031992,-1.433014,-0.005913,0.005796,-1.010784,-0.967437,-0.645903,1.529722,-0.014602,0.000266
9.000000,0.010667,0.013909,0.015898,-0.448016,-1.043127,0.089339,-1.408864,-0.005983,0.017090,-0.999740,-1.005291,-0.665903,1.492215,-0.014697,-0.002403
9.033333,0.004861,0.010370,0.013882,-0.481622,-1.077845,0.168032,-1.379730,-0.007092,0.013015,-0.952616,-1.047379,-0.645903,1.427769,-0.011609,-0.008392
9.066667,-0.001460,0.010976,0.009296,-0.511970,-1.098529,0.248032,-1.328260,-0.007218,0.020019,-0.872616,-1.122589,-0.585903,1.347769,-0.005699,-0.010831
9.100000,-0.005072,0.010167,0.005209,-0.533716,-1.117772,0.348032,-1.263408,-0.011907,0.023620,-0.772616,-1.203988,-0.485903,1.247769,-0.006321,-0.009938
9.133333,-0.008535,0.011125,0.002545,-0.535228,-1.148910,0.448032,-1.221421,-0.018825,0.024210,-0.672616,-1.267418,-0.385903,1.147769,-0.010941,-0.009279
9.166667,-0.019683,0.011717,-0.011705,-0.516147,-1.160792,0.548032,-1.190803,-0.020988,0.013761,-0.572616,-1.290950,-0.285903,1.047769,-0.005590,-0.015053
9.200000,-0.018817,0.013864,-0.016189,-0.513504,-1.164157,0.648032,-1.170595,-0.018950,0.010367,-0.472616,-1.309065,-0.204012,0.947769,-0.002170,-0.007624
9.233333,-0.015910,0.011417,-0.013789,-0.513744,-1.181775,0.748032,-1.162011,-0.019606,0.007940,-0.372616,-1.308179,-0.126492,0.847769,-0.006392,-0.007667
9.266667,-0.018771,0.011936,-0.019361,-0.510893,-1.206830,0.848032,-1.169889,-0.013289,0.002242,-0.277874,-1.285779,-0.052148,0.747769,-0.008975,-0.005822
9.300000,-0.018787,0.018739,-0.022325,-0.528276,-1.209545,0.948032,-1.175756,-0.012656,0.005760,-0.215101,-1.281348,-0.015227,0.675919,-0.007409,0.001204
9.333333,-0.011492,0.017308,-0.012097,-0.554020,-1.215706,1.042498,-1.194231,-0.013448,0.012054,-0.170105,-1.290625,0.007935,0.605741,-0.009955,0.004015
9.366667,-0.005870,0.014685,-0.009823,-0.556635,-1.205656,1.107006,-1.194532,-0.008888,0.021228,-0.144039,-1.279477,0.026671,0.547586,-0.018645,-0.002437
9.400000,-0.003695,0.022513,-0.010295,-0.566165,-1.202288,1.160665,-1.205199,-0.010671,0.022130,-0.135332,-1.261698,0.015180,0.505249,-0.024115,0.006318
9.433333,0.001887,0.020985,-0.002518,-0.588176,-1.189750,1.189495,-1.216675,-0.012967,0.029288,-0.147336,-1.276548,0.003492,0.488537,-0.018828,0.001878
9.466667,0.006373,0.017070,0.000348,-0.579670,-1.181759,1.181704,-1.228238,-0.012161,0.025564,-0.161372,-1.271716,0.004815,0.455936,-0.017299,-0.004344
9.500000,0.010117,0.017443,0.000442,-0.565889,-1.182440,1.150550,-1.240473,-0.012417,0.027079,-0.170376,-1.260222,-0.008755,0.431882,-0.017220,0.003435
9.533333,0.005426,0.018795,0.003133,-0.544944,-1.198462,1.115980,-1.259727,-0.017466,0.021935,-0.178432,-1.264899,-0.003463,0.411166,-0.012417,0.004993
9.566667,0.010103,0.014482,0.006106,-0.526435,-1.197474,1.068675,-1.267307,-0.009989,0.026849,-0.192185,-1.291644,0.013257,0.405893,-0.008227,-0.000422
9.600000,0.011282,0.016553,0.010260,-0.506024,-1.203207,1.027280,-1.268557,-0.004953,0.032285,-0.205347,-1.300654,0.009800,0.389439,-0.012425,0.001220
9.633333,0.007926,0.013261,0.009386,-0.494291,-1.206006,0.998839,-1.275654,-0.007235,0.031513,-0.193418,-1.292980,0.006422,0.372748,-0.015137,0.002518
9.666667,0.007861,0.013540,0.009866,-0.498001,-1.200467,0.999298,-1.268002,-0.006587,0.031164,-0.196961,-1.309720,-0.008304,0.385837,-0.015249,-0.008325
9.700000,0.014571,0.011560,0.007748,-0.532623,-1.203006,1.033128,-1.281611,-0.009349,0.025559,-0.207088,-1.327952,-0.059355,0.423564,-0.015573,-0.010850
9.733333,0.009346,0.009232,0.005586,-0.570999,-1.207342,1.083498,-1.297341,-0.014250,0.020704,-0.209938,-1.319062,-0.120745,0.470031,-0.012314,-0.011507
9.766667,0.003863,0.010402,-0.002135,-0.613274,-1.200617,1.136644,-1.312446,-0.015560,0.018812,-0.227411,-1.294412,-0.198582,0.542056,-0.013035,-0.011258
9.800000,0.005100,0.015801,0.000813,-0.677388,-1.209260,1.173454,-1.340761,-0.011713,0.025484,-0.275974,-1.301709,-0.292088,0.642056,-0.014115,-0.007294
9.833333,-0.001049,0.013749,-0.001169,-0.717280,-1.224994,1.171858,-1.399177,-0.010775,0.020234,-0.336320,-1.297482,-0.385594,0.742056,-0.011678,-0.005211
9.866667,-0.010330,0.012812,-0.006887,-0.717173,-1.234966,1.130262,-1.444697,-0.002132,0.020158,-0.384662,-1.261948,-0.469848,0.842056,-0.006671,0.000897
9.900000,-0.009879,0.018164,-0.006429,-0.690037,-1.240629,1.055711,-1.487947,-0.002839,0.015943,-0.421732,-1.261889,-0.533719,0.942056,-0.004573,0.003319
9.933333,-0.010177,0.015645,-0.003602,-0.640117,-1.251084,0.957306,-1.534266,-0.007956,0.008169,-0.429778,-1.266096,-0.559176,1.042056,-0.000056,0.001411
9.966667,-0.013011,0.014658,-0.013725,-0.550197,-1.235467,0.858900,-1.560584,-0.004052,0.002916,-0.407845,-1.263700,-0.549111,1.142056,0.005836,-0.003368
10.000000,-0.006660,0.018446,-0.014485,-0.451714,-1.196429,0.758900,-1.556892,-0.007337,0.006383,-0.345913,-1.252184,-0.519209,1.242056,0.008210,0.001831
10.033333,-0.003631,0.019986,-0.009764,-0.353231,-1.167797,0.658900,-1.535814,-0.016600,0.009217,-0.280126,-1.264335,-0.458560,1.310703,0.002846,-0.005022
10.066667,-0.006364,0.020349,-0.014754,-0.254633,-1.138141,0.558900,-1.500579,-0.021139,0.014295,-0.221861,-1.252664,-0.384787,1.343022,-0.001162,-0.009021
10.100000,-0.003046,0.021467,-0.012945,-0.180688,-1.112649,0.458900,-1.459210,-0.023037,0.016611,-0.178111,-1.250559,-0.323144,1.356863,0.000695,-0.002340
10.133333,-0.000655,0.018122,-0.003176,-0.123691,-1.089677,0.358900,-1.412947,-0.033087,0.013125,-0.135727,-1.237063,-0.257024,1.330704,-0.005791,-0.002001
10.166667,-0.001346,0.023680,-0.000855,-0.083804,-1.082795,0.258900,-1.359550,-0.035398,0.013215,-0.114580,-1.225551,-0.188832,1.268720,-0.012992,0.000812
10.200000,-0.004399,0.025454,0.001912,-0.058902,-1.070744,0.158900,-1.318195,-0.030718,0.013239,-0.097004,-1.220740,-0.135885,1.198089,-0.014140,0.008824
10.233333,0.006006,0.017348,0.006379,-0.053998,-1.061910,0.065401,-1.279880,-0.027901,0.005405,-0.095180,-1.229715,-0.096602,1.123785,-0.011315,0.011817
10.266667,0.009717,0.016741,0.004387,-0.038379,-1.053757,-0.004053,-1.227699,-0.021155,0.008110,-0.086369,-1.245597,-0.056352,1.032360,-0.021617,0.005715
10.300000,0.013504,0.016095,0.001739,-0.034624,-1.071205,-0.037539,-1.161785,-0.019665,0.007355,-0.094842,-1.252308,-0.042971,0.940935,-0.021018,0.008041
10.333333,0.013103,0.007361,0.006123,-0.043747,-1.088338,-0.045627,-1.099545,-0.015454,0.009289,-0.100301,-1.281693,-0.027174,0.855798,-0.014301,0.000803
10.366667,0.025300,0.004046,0.005771,-0.068762,-1.102912,-0.036380,-1.019428,-0.014007,0.013105,-0.121866,-1.295825,-0.019044,0.809888,-0.019691,-0.012264
10.400000,0.020985,0.005568,0.004313,-0.100127,-1.134815,0.006366,-0.932874,-0.010158,0.020267,-0.128651,-1.311783,-0.024414,0.765698,-0.024743,-0.015233
10.433333,0.019809,0.005298,0.007458,-0.135940,-1.154789,0.065067,-0.854445,-0.013903,0.018164,-0.140284,-1.303197,-0.056518,0.739861,-0.016867,-0.015926
10.466667,0.026419,0.005733,0.010574,-0.182941,-1.157976,0.127800,-0.814642,-0.007709,0.024693,-0.163247,-1.303193,-0.101754,0.754024,-0.018833,-0.012534
10.500000,0.028907,0.009334,0.011433,-0.239954,-1.172397,0.205134,-0.808311,-0.008689,0.019143,-0.207987,-1.290511,-0.171313,0.797724,-0.020504,-0.009657
10.533333,0.014376,0.011326,0.004642,-0.306089,-1.196027,0.305134,-0.841980,-0.015079,0.012856,-0.264341,-1.271316,-0.257961,0.842198,-0.015096,-0.000955
10.566667,0.005174,0.018884,0.002951,-0.384476,-1.186206,0.405134,-0.910105,-0.017137,0.017289,-0.347694,-1.254773,-0.357445,0.924951,-0.013866,0.006312
10.600000,0.005376,0.021004,0.004479,-0.484476,-1.197887,0.505134,-1.010105,-0.017926,0.021955,-0.447694,-1.262811,-0.457445,1.024951,-0.013063,0.009564
10.633333,-0.007029,0.019595,-0.000833,-0.584476,-1.220469,0.605134,-1.110105,-0.016069,0.013578,-0.547694,-1.262335,-0.557445,1.124951,-0.011669,0.002548
10.666667,-0.006993,0.018661,-0.012501,-0.684476,-1.227041,0.705134,-1.210105,-0.009595,0.017608,-0.647694,-1.268485,-0.657445,1.224951,-0.009923,0.002154
10.700000,-0.004438,0.019400,-0.002843,-0.784476,-1.229983,0.805134,-1.310105,-0.005740,0.019422,-0.747694,-1.282832,-0.757445,1.324951,-0.006681,0.004564
10.733333,0.000009,0.012584,0.000065,-0.884476,-1.244403,0.905134,-1.402084,-0.005126,0.011740,-0.847694,-1.285643,-0.857445,1.413961,-0.004530,-0.003902
10.766667,-0.003425,0.014884,-0.003619,-0.968041,-1.251648,1.005134,-1.470117,-0.005196,0.011550,-0.931823,-1.278135,-0.957445,1.482971,-0.004880,-0.003612
10.800000,-0.001503,0.014884,0.000779,-1.038750,-1.254414,1.105134,-1.522096,-0.009866,0.013788,-0.992056,-1.281073,-1.057445,1.531981,-0.001770,-0.001031
10.833333,-0.003909,0.015749,0.007937,-1.083353,-1.243525,1.205134,-1.554075,-0.018301,0.013236,-1.012289,-1.268387,-1.117445,1.560990,0.000169,-0.001524
10.866667,-0.008121,0.018892,0.004969,-1.089389,-1.211757,1.293662,-1.560176,-0.017876,0.019543,-0.992522,-1.238392,-1.137445,1.570000,-0.003869,-0.008820
10.900000,-0.010856,0.020335,0.005738,-1.055425,-1.177737,1.346222,-1.560176,-0.014753,0.019041,-0.932755,-1.201620,-1.117445,1.570000,-0.004024,-0.007421
10.933333,-0.010615,0.016990,0.007254,-0.997896,-1.124156,1.358782,-1.552928,-0.011597,0.018292,-0.848860,-1.167856,-1.057445,1.557774,-0.001219,-0.007881
10.966667,-0.009704,0.023000,0.000702,-0.913223,-1.061533,1.331342,-1.521734,-0.011550,0.021766,-0.748860,-1.122267,-0.957445,1.525548,-0.008185,-0.007274
11.000000,-0.011534,0.021789,-0.002391,-0.814655,-1.006781,1.263901,-1.470540,-0.009510,0.018521,-0.648860,-1.086077,-0.857445,1.473322,-0.013226,-0.007685
11.033333,0.000293,0.017931,-0.003600,-0.714655,-0.963546,1.167933,-1.405224,-0.014450,0.011621,-0.548860,-1.078837,-0.757445,1.401096,-0.015192,-0.010536
11.066667,0.010100,0.016726,-0.009463,-0.614655,-0.925590,1.067932,-1.314030,-0.014046,0.018239,-0.448860,-1.094759,-0.657445,1.308869,-0.027945,-0.008306
11.100000,0.013746,0.015507,-0.011127,-0.514655,-0.915398,0.967933,-1.214030,-0.015554,0.013465,-0.357185,-1.101667,-0.557445,1.208869,-0.032113,-0.007929
11.133333,0.018549,0.009497,-0.006812,-0.414655,-0.906778,0.867932,-1.114030,-0.020021,0.011303,-0.297232,-1.120018,-0.457445,1.108869,-0.024893,-0.013601
11.166667,0.027379,0.006564,-0.005431,-0.336895,-0.913187,0.767932,-1.014030,-0.022790,0.009936,-0.255703,-1.155066,-0.357445,1.008869,-0.026590,-0.015745
11.200000,0.027182,0.004549,-0.003050,-0.275510,-0.938057,0.667932,-0.914030,-0.018576,0.012484,-0.230155,-1.189480,-0.261493,0.908869,-0.021732,-0.007490
11.233333,0.022636,0.007881,0.005870,-0.226606,-0.961250,0.567932,-0.814030,-0.020208,0.008098,-0.232041,-1.205862,-0.197519,0.808869,-0.008016,-0.005866
11.266667,0.031962,0.016181,0.012910,-0.208381,-0.974375,0.467932,-0.736876,-0.017527,0.022674,-0.263872,-1.246962,-0.173546,0.748869,-0.009468,-0.002828
11.300000,0.028878,0.018113,0.018216,-0.208027,-1.017211,0.367932,-0.699722,-0.016359,0.025318,-0.303982,-1.269512,-0.189572,0.728869,-0.010361,0.003161
11.333333,0.019604,0.019492,0.012700,-0.200710,-1.047213,0.269122,-0.694195,-0.012028,0.025791,-0.365666,-1.275734,-0.245598,0.748869,-0.005926,0.007889
11.366667,0.014495,0.026298,0.013061,-0.213292,-1.071282,0.210313,-0.707997,-0.020250,0.029112,-0.451371,-1.267472,-0.337577,0.808869,-0.005045,0.010658
11.400000,0.014113,0.021104,0.012717,-0.226201,-1.110360,0.164503,-0.756029,-0.023985,0.025451,-0.549641,-1.256788,-0.437577,0.908869,-0.006285,0.010247
11.433333,0.004346,0.016213,0.004888,-0.229015,-1.144018,0.150490,-0.802835,-0.029163,0.012209,-0.649641,-1.222855,-0.537577,1.008869,0.000575,0.010777
11.466667,0.003686,0.016167,-0.001304,-0.239660,-1.160321,0.152144,-0.832926,-0.026141,0.009223,-0.741103,-1.210200,-0.637577,1.108869,-0.003740,0.019216
11.500000,0.002115,0.014788,0.006990,-0.248968,-1.184536,0.164760,-0.837473,-0.028401,0.008993,-0.813837,-1.203528,-0.737577,1.208869,-0.004012,0.017470
11.533333,0.003492,0.009187,0.004645,-0.229667,-1.206208,0.155494,-0.834586,-0.022232,0.005233,-0.846570,-1.204610,-0.837577,1.308869,-0.005222,0.013099
11.566667,0.003197,0.008546,0.003188,-0.227927,-1.218352,0.156079,-0.805301,-0.016950,0.012095,-0.839304,-1.197431,-0.900366,1.401096,-0.011115,0.013681
11.600000,-0.000090,0.003092,0.004779,-0.221485,-1.223261,0.132611,-0.754395,-0.014399,0.008326,-0.792037,-1.198202,-0.923156,1.473322,-0.013859,0.008829
11.633333,0.000155,0.001206,0.008241,-0.215143,-1.205526,0.115550,-0.694006,-0.017046,0.005337,-0.713308,-1.184217,-0.905946,1.523590,-0.009819,-0.001481
11.666667,0.004034,0.004811,0.004420,-0.212958,-1.186928,0.123536,-0.646594,-0.013645,0.007768,-0.613308,-1.170810,-0.848736,1.555459,-0.012675,-0.007077
11.700000,0.002330,0.003606,0.005617,-0.218280,-1.173742,0.113405,-0.613665,-0.012158,0.002435,-0.513308,-1.147682,-0.751526,1.563547,-0.012271,-0.007313
11.733333,0.008535,0.003606,-0.000494,-0.204469,-1.149158,0.103520,-0.591810,-0.013486,-0.004161,-0.432578,-1.153549,-0.651526,1.563547,-0.006118,-0.012070
11.766667,0.012650,0.006229,-0.006439,-0.189036,-1.141545,0.087199,-0.609954,-0.013558,-0.005449,-0.351848,-1.141739,-0.551526,1.543547,-0.005894,-0.008818
11.800000,0.011690,0.007126,-0.007064,-0.160341,-1.140269,0.077547,-0.654298,-0.011392,-0.003347,-0.271118,-1.129234,-0.451526,1.505505,-0.006818,-0.008698
11.833333,0.007480,0.004325,-0.003617,-0.135660,-1.124906,0.052039,-0.719582,-0.009135,-0.005691,-0.212069,-1.103493,-0.351526,1.445862,-0.009207,-0.001035
11.866667,0.008989,0.009508,-0.002834,-0.135806,-1.106582,0.066532,-0.798487,-0.009353,0.002469,-0.182152,-1.105469,-0.251526,1.370000,-0.012051,0.001489
11.900000,0.003237,0.009548,0.001315,-0.164715,-1.104771,0.097925,-0.898487,-0.009167,0.004292,-0.166700,-1.070772,-0.191526,1.270000,-0.014500,0.002657
11.933333,0.001406,0.006965,0.006334,-0.203265,-1.095997,0.168013,-0.993543,-0.006699,0.007952,-0.171247,-1.056075,-0.159309,1.170000,-0.017296,-0.001654
11.966667,0.004382,0.006068,0.008770,-0.229278,-1.120886,0.209357,-1.048599,-0.000085,0.007611,-0.215795,-1.075556,-0.167093,1.110000,-0.012737,-0.002949
12.000000,0.010653,0.007597,0.011641,-0.248227,-1.176229,0.229357,-1.063655,-0.000742,0.012350,-0.278661,-1.118038,-0.214876,1.090000,-0.013839,-0.002836
12.033333,0.010522,0.004094,0.011339,-0.249631,-1.225329,0.209357,-1.038711,0.000150,0.006568,-0.352394,-1.160939,-0.302659,1.110000,-0.011448,-0.005902
12.066667,0.006464,0.007692,0.009144,-0.228618,-1.262212,0.170899,-0.973767,-0.001401,0.006110,-0.432394,-1.215869,-0.390443,1.170000,-0.007440,-0.007076
12.100000,0.007199,0.009815,0.007735,-0.203633,-1.291810,0.107918,-0.873767,-0.005378,0.004082,-0.532394,-1.279914,-0.490443,1.238124,-0.007479,-0.004529
12.133333,0.005155,0.010345,0.005122,-0.199421,-1.313801,0.059086,-0.773767,-0.011725,0.003188,-0.628128,-1.326797,-0.590443,1.284256,-0.014700,-0.004404
12.166667,-0.004896,0.009913,-0.008272,-0.193045,-1.317455,0.039753,-0.673767,-0.011796,-0.006658,-0.699203,-1.341423,-0.690443,1.290388,-0.010579,-0.010464
12.200000,-0.002576,0.011930,-0.012470,-0.199271,-1.310967,0.033032,-0.575764,-0.010644,-0.007755,-0.738878,-1.353210,-0.790443,1.256520,-0.007397,-0.002553
12.233333,0.002488,0.009280,-0.010275,-0.202175,-1.319385,0.015715,-0.499263,-0.011173,-0.008838,-0.758017,-1.366954,-0.890443,1.182652,-0.012144,-0.001343
12.266667,0.000520,0.010217,-0.015775,-0.193379,-1.338680,-0.010043,-0.432203,-0.007887,-0.014084,-0.737155,-1.357950,-0.990443,1.100659,-0.017049,-0.001414
12.300000,-0.000512,0.017279,-0.019151,-0.203809,-1.332817,-0.018000,-0.384386,-0.005839,-0.009496,-0.693668,-1.364879,-1.090443,1.000660,-0.013858,0.004388
12.333333,0.008178,0.016974,-0.010264,-0.215596,-1.326001,-0.039128,-0.360109,-0.008300,-0.004447,-0.639982,-1.376837,-1.183646,0.900660,-0.015397,0.006152
12.366667,0.012303,0.015799,-0.008476,-0.209471,-1.306402,-0.054650,-0.343588,-0.003387,0.003253,-0.581967,-1.364440,-1.236848,0.800660,-0.024305,-0.001385
12.400000,0.013950,0.024238,-0.008413,-0.210666,-1.294135,-0.051969,-0.340778,-0.004139,0.004726,-0.520354,-1.345563,-1.272127,0.717569,-0.028436,0.006774
12.433333,0.016772,0.022352,-0.001246,-0.223388,-1.272276,-0.041339,-0.351971,-0.004061,0.010988,-0.474748,-1.355936,-1.267406,0.649936,-0.022316,0.004173
12.466667,0.020926,0.018897,0.001907,-0.214185,-1.264112,-0.037609,-0.369196,-0.004349,0.008226,-0.456033,-1.348581,-1.235199,0.622303,-0.021107,0.000285
12.500000,0.022536,0.019152,0.002125,-0.214818,-1.274816,-0.023915,-0.396377,-0.005564,0.012789,-0.456782,-1.335785,-1.205553,0.634670,-0.020450,0.008783
12.533333,0.017236,0.019406,0.004664,-0.216291,-1.301489,0.007588,-0.451137,-0.010842,0.009188,-0.474584,-1.336886,-1.183649,0.687037,-0.016890,0.009306
12.566667,0.019655,0.015773,0.006882,-0.228298,-1.305870,0.049941,-0.510683,-0.003630,0.016054,-0.506589,-1.351223,-1.172998,0.762494,-0.013868,0.003203
12.600000,0.019337,0.019190,0.010363,-0.260550,-1.305311,0.117310,-0.586787,0.001477,0.024625,-0.554188,-1.336950,-1.202347,0.862494,-0.018150,0.003326
12.633333,0.014583,0.016815,0.008247,-0.314727,-1.283822,0.199627,-0.677614,0.000719,0.024884,-0.579708,-1.301633,-1.258914,0.962494,-0.021590,0.001917
12.666667,0.013655,0.018340,0.007806,-0.384830,-1.226560,0.295653,-0.774947,0.003666,0.025414,-0.620623,-1.264479,-1.305781,1.062494,-0.022532,-0.009397
12.700000,0.018402,0.017504,0.005309,-0.476947,-1.162856,0.395653,-0.874947,0.002856,0.018462,-0.680212,-1.222482,-1.371280,1.162494,-0.021846,-0.011537
12.733333,0.012525,0.014151,0.003066,-0.576946,-1.103922,0.495653,-0.974947,-0.000956,0.013861,-0.727541,-1.162526,-1.418504,1.262494,-0.019047,-0.013203
12.766667,0.007252,0.014833,-0.004227,-0.676947,-1.038592,0.595653,-1.074947,-0.001241,0.012625,-0.783268,-1.096405,-1.431418,1.362494,-0.019895,-0.013392
12.800000,0.008451,0.020234,-0.001245,-0.776946,-0.982216,0.695653,-1.174947,0.002776,0.018811,-0.861074,-1.052068,-1.412341,1.443995,-0.017819,-0.008060
12.833333,0.003903,0.016857,-0.002771,-0.846879,-0.947799,0.795653,-1.274947,0.004180,0.014556,-0.929491,-1.018642,-1.381090,1.505497,-0.013289,-0.006847
12.866667,-0.002848,0.014918,-0.008853,-0.876812,-0.903855,0.877436,-1.363073,0.010196,0.015447,-0.957907,-0.963353,-1.323464,1.546998,-0.007754,-0.003275
12.900000,0.000188,0.019850,-0.009137,-0.866745,-0.837433,0.919219,-1.415675,0.010226,0.012272,-0.968517,-0.942382,-1.250785,1.568499,-0.005246,-0.000168
12.933333,0.001231,0.016805,-0.007577,-0.816677,-0.779099,0.921001,-1.441329,0.004784,0.002474,-0.939127,-0.923309,-1.172415,1.569437,-0.000211,-0.002349
12.966667,0.000464,0.015321,-0.017929,-0.726610,-0.711811,0.882784,-1.428245,0.008948,-0.000976,-0.869737,-0.917982,-1.086302,1.569437,0.002606,-0.007922
13.000000,0.006851,0.019326,-0.019519,-0.626610,-0.622565,0.804567,-1.375161,0.006023,0.001260,-0.769737,-0.905109,-0.994514,1.569437,0.000478,-0.001731
13.033333,0.010560,0.022342,-0.015880,-0.526610,-0.555541,0.704567,-1.293952,0.001025,0.005941,-0.669737,-0.915691,-0.902726,1.569437,-0.006083,-0.005476
13.066667,0.006879,0.023810,-0.022005,-0.426610,-0.512667,0.604567,-1.223027,-0.002472,0.010086,-0.569737,-0.905072,-0.810937,1.569437,-0.010455,-0.009160
13.100000,0.010772,0.026128,-0.020320,-0.326610,-0.482358,0.504567,-1.156639,-0.006323,0.014024,-0.481927,-0.907896,-0.719149,1.570000,-0.009955,0.000483
13.133333,0.012764,0.022077,-0.011657,-0.226610,-0.452049,0.404567,-1.107537,-0.016202,0.011661,-0.411958,-0.893504,-0.627360,1.570000,-0.017258,0.001334
13.166667,0.012343,0.028774,-0.009615,-0.126610,-0.456458,0.309757,-1.070215,-0.016213,0.013405,-0.381951,-0.893603,-0.548212,1.570000,-0.025429,0.003597
13.200000,0.008666,0.029344,-0.006600,-0.038622,-0.472244,0.228685,-1.058300,-0.011953,0.013477,-0.391944,-0.910248,-0.509064,1.570000,-0.027224,0.010752
13.233333,0.015557,0.020504,-0.001983,0.013637,-0.501819,0.160127,-1.046891,-0.011918,0.007074,-0.441937,-0.948092,-0.509916,1.566949,-0.024357,0.011495
13.266667,0.018215,0.020279,-0.003686,0.032686,-0.548075,0.106380,-1.017894,-0.003279,0.008665,-0.519740,-1.009755,-0.544374,1.566949,-0.034877,0.003958
13.300000,0.020878,0.019441,-0.004689,0.011736,-0.634331,0.075939,-0.970348,-0.001238,0.006724,-0.619701,-1.076095,-0.618832,1.561274,-0.034179,0.007069
13.333333,0.019090,0.008984,0.000226,-0.049215,-0.725870,0.059666,-0.911022,0.000337,0.008020,-0.695842,-1.159088,-0.697895,1.559747,-0.025550,0.001952
13.366667,0.026121,0.005398,0.001787,-0.125249,-0.823807,0.045736,-0.826289,-0.002578,0.010207,-0.748421,-1.217732,-0.739804,1.559747,-0.028963,-0.009777
13.400000,0.023807,0.007045,0.002696,-0.184984,-0.923807,0.046056,-0.726289,0.002379,0.013444,-0.761000,-1.268538,-0.759248,1.560087,-0.033092,-0.007663
13.433333,0.023021,0.005475,0.006902,-0.224357,-1.010737,0.071563,-0.633604,-0.003016,0.009759,-0.733578,-1.279344,-0.750042,1.542867,-0.022817,-0.007624
13.466667,0.028302,0.007292,0.009023,-0.263731,-1.066045,0.113767,-0.580918,0.002782,0.012990,-0.666157,-1.275398,-0.700836,1.515366,-0.025753,-0.003347
13.500000,0.031171,0.012154,0.010408,-0.303105,-1.119697,0.176610,-0.568233,0.001344,0.007191,-0.582594,-1.252367,-0.626173,1.466681,-0.027037,-0.005339
13.533333,0.019569,0.013683,0.001989,-0.355384,-1.163834,0.263374,-0.595547,-0.000620,0.003145,-0.482594,-1.223708,-0.548664,1.420779,-0.021999,0.002723
13.566667,0.011430,0.022667,-0.001368,-0.428233,-1.174409,0.363374,-0.662862,-0.001620,0.010630,-0.382594,-1.198365,-0.453621,1.397374,-0.021141,0.006396
13.600000,0.009780,0.025081,-0.000799,-0.528233,-1.181186,0.463374,-0.762862,0.000038,0.017320,-0.299081,-1.198981,-0.353621,1.388123,-0.023772,0.009046
13.633333,0.001053,0.022474,-0.005765,-0.628233,-1.202619,0.563374,-0.862862,-0.000947,0.014889,-0.236548,-1.198131,-0.253621,1.398030,-0.017654,0.000860
13.666667,-0.000072,0.022574,-0.018624,-0.728233,-1.203826,0.663374,-0.962862,0.005208,0.017795,-0.189373,-1.205392,-0.153621,1.444972,-0.016314,0.002843
13.700000,0.006402,0.024671,-0.009343,-0.822404,-1.203076,0.763374,-1.062862,0.007566,0.018635,-0.167819,-1.219731,-0.059141,1.485229,-0.014317,0.004299
13.733333,0.010995,0.016908,-0.006665,-0.885472,-1.212187,0.863374,-1.162862,0.007864,0.012284,-0.160583,-1.220468,0.029211,1.495295,-0.012851,-0.004252
13.766667,0.008893,0.020489,-0.011594,-0.924887,-1.224880,0.963374,-1.255403,0.006716,0.014611,-0.156929,-1.206709,0.089302,1.517586,-0.010456,-0.005874
13.800000,0.008552,0.020489,-0.008167,-0.945648,-1.233830,1.063374,-1.343146,0.004869,0.012458,-0.140239,-1.204203,0.129602,1.525799,-0.011758,-0.004655
13.833333,0.006741,0.019986,-0.000195,-0.932822,-1.234466,1.163374,-1.395914,-0.000864,0.015241,-0.123570,-1.191178,0.143086,1.494012,-0.010910,-0.004484
13.866667,-0.001583,0.024011,-0.002296,-0.885825,-1.224077,1.242002,-1.418869,-0.000032,0.022289,-0.096578,-1.175902,0.130985,1.444600,-0.013364,-0.010065
13.900000,-0.003955,0.026931,-0.001282,-0.829930,-1.224768,1.294737,-1.425499,0.000497,0.021728,-0.076930,-1.171955,0.109463,1.385594,-0.010951,-0.009705
13.933333,-0.003172,0.023375,0.001697,-0.767768,-1.212403,1.307472,-1.413106,0.003594,0.019449,-0.061095,-1.184332,0.094005,1.294717,-0.010350,-0.008176
13.966667,-0.001260,0.030145,-0.003296,-0.689679,-1.208188,1.285552,-1.385218,0.002692,0.024597,-0.066481,-1.197432,0.075925,1.194717,-0.016247,-0.007787
14.000000,-0.004789,0.030926,-0.005284,-0.614661,-1.212864,1.239989,-1.363226,0.004704,0.019937,-0.072171,-1.219111,0.063014,1.094717,-0.019478,-0.009594
14.033333,0.008580,0.027464,-0.006463,-0.557071,-1.213523,1.184118,-1.348196,0.000054,0.012538,-0.082851,-1.243493,0.063721,0.994717,-0.022198,-0.011676
14.066667,0.015066,0.027372,-0.011496,-0.526976,-1.199740,1.144946,-1.333020,0.003006,0.019112,-0.090732,-1.257658,0.064082,0.933331,-0.037753,-0.008103
14.100000,0.015220,0.026267,-0.012335,-0.497044,-1.203245,1.117062,-1.322293,0.001271,0.012508,-0.085237,-1.248426,0.060838,0.886937,-0.041273,-0.009216
14.133333,0.014967,0.019498,-0.009959,-0.472510,-1.182052,1.097381,-1.305477,-0.002777,0.009478,-0.078928,-1.230155,0.051671,0.872785,-0.034991,-0.015296
14.166667,0.023665,0.017064,-0.010014,-0.444405,-1.157809,1.061345,-1.303157,-0.008493,0.008174,-0.082287,-1.219859,0.046826,0.869941,-0.039244,-0.014673
14.200000,0.021135,0.015853,-0.007969,-0.404152,-1.144448,1.016987,-1.295965,-0.004605,0.010161,-0.088013,-1.211593,0.037155,0.884550,-0.035149,-0.010879
14.233333,0.018002,0.018133,-0.000409,-0.341149,-1.132119,0.944663,-1.267803,-0.008478,0.005141,-0.104899,-1.200947,0.022083,0.868689,-0.022312,-0.011370
14.266667,0.029869,0.026699,0.005738,-0.285359,-1.095307,0.861050,-1.221675,-0.005031,0.020165,-0.141305,-1.221655,0.000830,0.840327,-0.025263,-0.005954
14.300000,0.031173,0.030794,0.013057,-0.232484,-1.085588,0.763889,-1.170585,-0.003617,0.023706,-0.189359,-1.234053,-0.021101,0.779936,-0.025221,-0.000805
14.333333,0.024387,0.031657,0.007601,-0.186047,-1.071563,0.666727,-1.105112,0.003290,0.024260,-0.229654,-1.236654,-0.045289,0.738744,-0.019642,0.001956
14.366667,0.021861,0.037352,0.008528,-0.168647,-1.055404,0.569566,-1.027362,-0.003159,0.029428,-0.287292,-1.236469,-0.087162,0.720100,-0.019521,0.007865
14.400000,0.023854,0.031936,0.009268,-0.160167,-1.050008,0.469566,-0.947053,-0.004415,0.026089,-0.354909,-1.227115,-0.147739,0.733071,-0.018651,0.009405
14.433333,0.012435,0.025556,0.001581,-0.157915,-1.061361,0.369566,-0.878471,-0.009145,0.016975,-0.426683,-1.191105,-0.216338,0.783325,-0.011092,0.008911
14.466667,0.010774,0.024179,-0.006083,-0.170464,-1.070524,0.269566,-0.812121,-0.007954,0.013176,-0.485873,-1.173535,-0.295918,0.873366,-0.015146,0.017097
14.500000,0.011509,0.020887,0.002623,-0.189010,-1.094815,0.177100,-0.734736,-0.010689,0.014671,-0.560853,-1.159917,-0.395918,0.968620,-0.015720,0.016232
14.533333,0.013257,0.014530,0.000284,-0.182457,-1.124170,0.105814,-0.672543,-0.006684,0.010747,-0.607731,-1.153864,-0.495918,1.035504,-0.015265,0.012459
14.566667,0.009376,0.011972,-0.001267,-0.189543,-1.158300,0.061628,-0.629553,-0.003183,0.015636,-0.632869,-1.150809,-0.595918,1.101321,-0.022509,0.015905
14.600000,0.008988,0.005846,0.001091,-0.193758,-1.177169,0.031189,-0.584192,-0.000658,0.010176,-0.636392,-1.160072,-0.690228,1.136400,-0.025586,0.010975
14.633333,0.010632,0.003128,0.006428,-0.192367,-1.169653,0.022243,-0.546049,-0.001580,0.010605,-0.635555,-1.159258,-0.761808,1.151601,-0.020985,-0.000906
14.666667,0.009689,0.006688,0.003007,-0.196812,-1.161509,0.045762,-0.516155,0.003925,0.013418,-0.615729,-1.162788,-0.793388,1.164018,-0.023062,-0.005910
14.700000,0.006694,0.005027,0.003662,-0.210335,-1.161685,0.050063,-0.484860,0.005644,0.008420,-0.594123,-1.159926,-0.784968,1.190195,-0.020488,-0.006701
14.733333,0.013900,0.005027,-0.001583,-0.211359,-1.151370,0.054359,-0.444821,0.004815,0.004570,-0.594256,-1.182626,-0.776548,1.217677,-0.014971,-0.011739
14.766667,0.016251,0.007738,-0.007285,-0.216655,-1.173105,0.065933,-0.427794,0.002440,0.003496,-0.621819,-1.192397,-0.773818,1.271512,-0.017571,-0.010953
14.800000,0.013651,0.008483,-0.007772,-0.221580,-1.212414,0.096014,-0.426340,0.004380,0.002035,-0.666327,-1.209271,-0.793818,1.343719,-0.018379,-0.007386
14.833333,0.011579,0.005739,-0.003197,-0.225212,-1.231031,0.122520,-0.437756,-0.002312,-0.002414,-0.734235,-1.212001,-0.853818,1.405955,-0.019484,0.001634
14.866667,0.012825,0.011253,-0.000018,-0.246106,-1.238916,0.176427,-0.456513,-0.002373,0.008700,-0.815134,-1.236763,-0.953818,1.471987,-0.026693,0.004034
14.900000,0.008522,0.011778,0.004996,-0.260211,-1.259422,0.243239,-0.489735,-0.003173,0.007148,-0.880055,-1.233406,-1.053818,1.518020,-0.024245,0.005422
14.933333,0.007698,0.009404,0.010883,-0.269233,-1.259928,0.316155,-0.510588,-0.000462,0.007548,-0.924976,-1.241572,-1.153818,1.548665,-0.019922,0.006034
14.966667,0.006507,0.008659,0.013036,-0.270786,-1.255913,0.349072,-0.522730,0.004338,0.009950,-0.929897,-1.256369,-1.253626,1.540815,-0.014282,0.007715
15.000000,0.010251,0.007676,0.014765,-0.281520,-1.280633,0.350699,-0.534430,0.007795,0.016567,-0.897028,-1.277242,-1.337349,1.510000,-0.015256,0.007174
15.033333,0.006948,0.002239,0.012930,-0.280570,-1.306302,0.341689,-0.548515,0.006284,0.009691,-0.841049,-1.282359,-1.395077,1.450000,-0.009497,0.006198
15.066667,-0.000419,0.004443,0.009841,-0.289107,-1.315265,0.318571,-0.558280,0.004086,0.013747,-0.780061,-1.283543,-1.442929,1.370000,-0.007479,0.004862
15.100000,-0.002748,0.005275,0.007700,-0.293952,-1.315018,0.274897,-0.559076,-0.002271,0.016012,-0.723227,-1.292603,-1.485852,1.270000,-0.008954,0.007427
15.133333,-0.004072,0.005577,0.005275,-0.303581,-1.331900,0.242270,-0.554808,-0.010657,0.016027,-0.693971,-1.300325,-1.509479,1.190056,-0.016373,0.007665
15.166667,-0.015244,0.006890,-0.007460,-0.293730,-1.324650,0.234565,-0.548214,-0.011668,0.005293,-0.698476,-1.282553,-1.541997,1.147719,-0.012480,0.003118
15.200000,-0.013313,0.009743,-0.011980,-0.300006,-1.294073,0.228537,-0.558106,-0.010464,0.002424,-0.734759,-1.265354,-1.600510,1.145382,-0.009166,0.011996
15.233333,-0.010018,0.007492,-0.009423,-0.306244,-1.277911,0.208026,-0.578109,-0.010493,-0.000723,-0.781003,-1.254373,-1.644085,1.172541,-0.012568,0.014459
15.266667,-0.014324,0.008149,-0.015942,-0.311322,-1.250959,0.190632,-0.627080,-0.008050,-0.011070,-0.834893,-1.215517,-1.652587,1.237115,-0.018286,0.017259
15.300000,-0.015973,0.014229,-0.019857,-0.336528,-1.192563,0.200628,-0.696147,-0.003205,-0.008580,-0.894102,-1.154502,-1.650379,1.321634,-0.015514,0.024197
15.333333,-0.008276,0.013084,-0.011938,-0.349141,-1.126101,0.187787,-0.786861,-0.004594,-0.005621,-0.919550,-1.093486,-1.615366,1.381404,-0.015165,0.025410
15.366667,-0.005252,0.011090,-0.010282,-0.322822,-1.057132,0.156628,-0.877576,0.000872,0.000179,-0.913220,-1.012272,-1.540353,1.410679,-0.023758,0.015945
15.400000,-0.003231,0.018763,-0.011044,-0.298520,-0.991517,0.136634,-0.977576,-0.000418,0.001125,-0.877917,-0.925060,-1.450155,1.434677,-0.028065,0.020931
15.433333,0.001398,0.016835,-0.003500,-0.274103,-0.936009,0.112235,-1.077576,0.002974,0.008972,-0.810814,-0.872686,-1.359958,1.446334,-0.020533,0.013833
15.466667,0.005601,0.012908,-0.000924,-0.247371,-0.908303,0.087813,-1.177576,0.001504,0.006102,-0.742135,-0.852545,-1.259958,1.440169,-0.017582,0.006846
15.500000,0.008941,0.013888,-0.001314,-0.260639,-0.918913,0.096170,-1.262383,-0.000040,0.010414,-0.713457,-0.848360,-1.172516,1.444307,-0.017689,0.013730
15.533333,0.005783,0.014897,0.000939,-0.312839,-0.951276,0.133429,-1.319405,-0.007287,0.006522,-0.724779,-0.872608,-1.110723,1.464416,-0.013795,0.013827
15.566667,0.010176,0.011746,0.003566,-0.377611,-0.974215,0.179837,-1.357472,-0.000823,0.011316,-0.776100,-0.920567,-1.088929,1.492353,-0.011044,0.008554
15.600000,0.011431,0.015292,0.007725,-0.454482,-1.013336,0.260959,-1.369476,0.001363,0.019621,-0.867422,-0.952472,-1.107136,1.516122,-0.017287,0.010222
15.633333,0.010042,0.013057,0.007448,-0.514939,-1.033752,0.343667,-1.369787,-0.001560,0.019030,-0.943998,-0.958301,-1.165343,1.523076,-0.022538,0.010735
15.666667,0.009600,0.013138,0.009826,-0.544938,-1.029931,0.426376,-1.349512,-0.000563,0.020271,-1.009490,-0.977512,-1.250991,1.539763,-0.024839,0.000102
15.700000,0.015885,0.011660,0.009022,-0.560613,-1.023471,0.518099,-1.350153,-0.002578,0.014435,-1.059253,-0.991713,-1.350991,1.549693,-0.025398,-0.000968
15.733333,0.010448,0.009088,0.007712,-0.562423,-1.018532,0.605507,-1.349977,-0.008512,0.011616,-1.072535,-0.982682,-1.450991,1.538064,-0.022794,-0.000692
15.766667,0.005671,0.010977,0.001276,-0.551162,-0.996036,0.685991,-1.344033,-0.009323,0.011468,-1.057642,-0.970707,-1.528288,1.521089,-0.023156,0.000064
15.800000,0.005777,0.016206,0.004528,-0.558630,-0.984126,0.760085,-1.343814,-0.005552,0.019611,-1.045443,-0.992087,-1.588603,1.519145,-0.022203,0.004109
15.833333,0.002340,0.014519,0.002036,-0.575530,-0.986334,0.814882,-1.366009,-0.004713,0.016098,-1.028453,-1.006291,-1.628012,1.510764,-0.018213,0.005585
15.866667,-0.006442,0.013395,-0.004584,-0.585179,-0.986591,0.850428,-1.373972,0.002007,0.019416,-0.993542,-0.996731,-1.638715,1.506328,-0.012266,0.010802
15.900000,-0.004449,0.018293,-0.005834,-0.616384,-0.984871,0.886237,-1.393595,0.002785,0.016923,-0.965786,-1.018522,-1.625444,1.513983,-0.009539,0.012299
15.933333,-0.006378,0.015064,-0.004895,-0.658582,-0.996872,0.902555,-1.431863,-0.001678,0.008475,-0.935692,-1.040065,-1.595103,1.513211,-0.003117,0.009157
15.966667,-0.010059,0.014790,-0.016518,-0.660781,-0.989829,0.885263,-1.457981,0.003446,0.003418,-0.886328,-1.049403,-1.541743,1.520839,0.002938,0.003934
16.000000,-0.007687,0.018803,-0.018069,-0.644007,-0.975296,0.847268,-1.481878,0.002015,0.005763,-0.812839,-1.047508,-1.469289,1.508849,0.004508,0.009938
16.033333,-0.006208,0.020656,-0.013538,-0.608808,-0.973572,0.788524,-1.503642,-0.002614,0.008482,-0.733000,-1.065941,-1.385542,1.480229,-0.001477,0.004332
16.066667,-0.012293,0.020913,-0.018194,-0.533862,-0.969114,0.702108,-1.507262,-0.005079,0.011875,-0.642487,-1.068863,-1.285768,1.433470,-0.006959,0.000261
16.100000,-0.009798,0.022481,-0.015074,-0.433862,-0.966904,0.602108,-1.502740,-0.004317,0.013642,-0.542487,-1.077761,-1.185768,1.392334,-0.008252,0.007775
16.133333,-0.008065,0.018426,-0.004886,-0.337346,-0.967012,0.502108,-1.493092,-0.012463,0.011449,-0.442487,-1.084081,-1.085768,1.322404,-0.015159,0.009534
16.166667,-0.008344,0.024268,-0.002926,-0.257000,-0.970471,0.402108,-1.460950,-0.013396,0.013143,-0.342487,-1.098036,-0.985768,1.245634,-0.024288,0.011789
16.200000,-0.011602,0.024904,0.000317,-0.193115,-0.970181,0.302108,-1.421972,-0.008296,0.013430,-0.253083,-1.124629,-0.885768,1.162831,-0.026362,0.020492
16.233333,-0.002545,0.017323,0.005341,-0.153423,-0.976009,0.202108,-1.370174,-0.008235,0.008011,-0.192530,-1.162065,-0.785768,1.075586,-0.021802,0.021997
16.266667,0.001408,0.016772,0.002370,-0.133321,-0.983712,0.114516,-1.299705,-0.002363,0.012454,-0.150213,-1.208805,-0.685768,0.975586,-0.031102,0.017111
16.300000,0.006158,0.016921,-0.000251,-0.144771,-1.027437,0.063670,-1.212479,-0.000480,0.010321,-0.138047,-1.248441,-0.585768,0.875586,-0.032097,0.018883
16.333333,0.005635,0.007066,0.004767,-0.169796,-1.068911,0.038116,-1.123333,0.001787,0.013874,-0.146350,-1.307621,-0.485768,0.775586,-0.024718,0.015253
16.366667,0.016644,0.004576,0.004366,-0.203392,-1.103127,0.028095,-1.024259,0.002996,0.017061,-0.174753,-1.347195,-0.385768,0.690031,-0.029635,0.005449
16.400000,0.013753,0.005087,0.003881,-0.230125,-1.146743,0.055923,-0.924259,0.007858,0.022086,-0.188883,-1.373799,-0.285768,0.612567,-0.032506,0.006084
16.433333,0.013111,0.003873,0.008597,-0.248342,-1.173386,0.111316,-0.824259,0.001701,0.019910,-0.208189,-1.377766,-0.222517,0.564332,-0.022795,0.003198
16.466667,0.019432,0.004772,0.012436,-0.258499,-1.171891,0.169962,-0.762950,0.006817,0.027858,-0.237343,-1.379146,-0.199266,0.556096,-0.026327,0.008713
16.500000,0.025219,0.008109,0.013656,-0.278910,-1.176518,0.243316,-0.741641,0.006354,0.020257,-0.286029,-1.361982,-0.216015,0.587860,-0.025768,0.008371
16.533333,0.013264,0.009369,0.007043,-0.310658,-1.185948,0.341137,-0.760331,-0.000273,0.014979,-0.344018,-1.334304,-0.272764,0.645180,-0.018606,0.013226
16.566667,0.006583,0.016890,0.004490,-0.365077,-1.159775,0.441108,-0.819022,-0.001758,0.020239,-0.427431,-1.316311,-0.369513,0.734408,-0.019397,0.019461
16.600000,0.007427,0.018698,0.005087,-0.448420,-1.132485,0.541108,-0.917713,-0.001736,0.025136,-0.527431,-1.314597,-0.469513,0.834408,-0.019077,0.025245
16.633333,-0.003405,0.016530,-0.000263,-0.544789,-1.109621,0.641108,-1.017713,-0.001283,0.017663,-0.627431,-1.306876,-0.569513,0.934408,-0.012901,0.017761
16.666667,-0.004004,0.016594,-0.012593,-0.641158,-1.072987,0.741108,-1.117713,0.003412,0.021669,-0.721627,-1.310454,-0.669513,1.034408,-0.011735,0.017047
16.700000,0.000589,0.016427,-0.003057,-0.741158,-1.036390,0.841109,-1.217713,0.006750,0.023836,-0.809980,-1.323449,-0.769513,1.134408,-0.008384,0.017945
16.733333,0.005074,0.009776,-0.000614,-0.841158,-1.011083,0.941109,-1.317713,0.005790,0.018180,-0.881936,-1.328231,-0.869513,1.234408,-0.005996,0.010185
16.766667,0.001845,0.013077,-0.005584,-0.923723,-0.998391,1.041108,-1.405058,0.004241,0.016612,-0.939441,-1.322374,-0.969513,1.334408,-0.005850,0.009624
16.800000,0.002323,0.013077,-0.002016,-0.968549,-0.974873,1.101109,-1.475515,-0.000755,0.015896,-0.984693,-1.326028,-1.069513,1.421527,-0.003416,0.009969
16.833333,0.001326,0.012460,0.006299,-0.973374,-0.943079,1.121109,-1.525973,-0.009496,0.015037,-1.018549,-1.317630,-1.169513,1.483975,-0.003394,0.012151
16.866667,-0.004423,0.016326,0.003957,-0.938199,-0.908807,1.101109,-1.556430,-0.011059,0.019057,-1.030929,-1.303796,-1.259140,1.524710,-0.007582,0.005736
16.900000,-0.005746,0.017830,0.005615,-0.863024,-0.896089,1.041108,-1.566887,-0.009804,0.015799,-1.027455,-1.292839,-1.308766,1.547913,-0.007861,0.005588
16.933333,-0.004539,0.012600,0.008624,-0.771465,-0.879853,0.941109,-1.570000,-0.005942,0.014512,-1.017752,-1.292636,-1.318393,1.551447,-0.005301,0.006631
16.966667,-0.002011,0.017029,0.002789,-0.677645,-0.887586,0.841109,-1.570000,-0.007127,0.017705,-1.003281,-1.286331,-1.288020,1.551447,-0.012244,0.009149
17.000000,-0.006711,0.017014,0.000130,-0.583826,-0.909501,0.741108,-1.561716,-0.003490,0.013307,-0.968624,-1.282579,-1.217646,1.548220,-0.014638,0.005955
17.033333,0.004803,0.013610,-0.001860,-0.490827,-0.929104,0.641108,-1.533432,-0.007657,0.006959,-0.955393,-1.290445,-1.149415,1.549134,-0.015539,0.006236
17.066667,0.011571,0.013378,-0.006971,-0.419124,-0.942524,0.541108,-1.485147,-0.006303,0.013127,-0.966441,-1.304067,-1.121184,1.535725,-0.027499,0.010887
17.100000,0.015023,0.013273,-0.007709,-0.354515,-0.978357,0.441108,-1.416863,-0.008576,0.009251,-0.962549,-1.298697,-1.131009,1.501986,-0.032082,0.011342
17.133333,0.017798,0.008843,-0.003855,-0.308670,-1.000795,0.361859,-1.328579,-0.010896,0.006492,-0.956498,-1.294252,-1.172312,1.454466,-0.025451,0.004729
17.166667,0.024001,0.006075,-0.002988,-0.300425,-1.041482,0.322609,-1.228579,-0.015432,0.005173,-0.959885,-1.304921,-1.250465,1.406997,-0.029524,0.004080
17.200000,0.021742,0.004521,-0.000865,-0.322633,-1.103153,0.323359,-1.128579,-0.011105,0.008748,-0.942405,-1.317875,-1.334984,1.357187,-0.026714,0.008632
17.233333,0.017387,0.007243,0.006471,-0.342744,-1.153901,0.364110,-1.028579,-0.010560,0.005034,-0.902287,-1.315235,-1.379503,1.304293,-0.013706,0.007028
17.266667,0.027027,0.015535,0.011813,-0.372744,-1.178083,0.444860,-0.928579,-0.005190,0.021209,-0.857788,-1.338768,-1.385966,1.251399,-0.017469,0.008830
17.300000,0.025364,0.017180,0.016529,-0.398565,-1.224344,0.532326,-0.858544,-0.002901,0.026411,-0.792468,-1.351434,-1.360951,1.188702,-0.018481,0.013815
17.333333,0.020373,0.018569,0.009714,-0.398276,-1.242127,0.590720,-0.801866,0.005408,0.029271,-0.715097,-1.353964,-1.299086,1.118529,-0.014272,0.017630
17.366667,0.017916,0.025405,0.009496,-0.383124,-1.233672,0.609114,-0.745188,0.001249,0.033698,-0.632568,-1.342695,-1.199086,1.068269,-0.015808,0.021325
17.400000,0.020546,0.020730,0.009026,-0.351961,-1.220323,0.587508,-0.688510,-0.001248,0.031866,-0.548131,-1.331512,-1.099086,1.029679,-0.018129,0.022406
17.433333,0.011181,0.016198,0.000760,-0.318344,-1.206372,0.525901,-0.648740,-0.005761,0.019874,-0.494322,-1.292614,-0.999086,1.021370,-0.008929,0.021261
17.466667,0.009349,0.016283,-0.005953,-0.299080,-1.174075,0.436830,-0.592091,-0.003970,0.016876,-0.460092,-1.272857,-0.899086,1.044566,-0.012971,0.028245
17.500000,0.008672,0.014893,0.002401,-0.284688,-1.145669,0.336830,-0.522085,-0.005292,0.017930,-0.450861,-1.252871,-0.799086,1.086341,-0.012615,0.030513
17.533333,0.010466,0.009610,0.000525,-0.264424,-1.127375,0.250271,-0.474935,-0.000463,0.014239,-0.455533,-1.243184,-0.699086,1.105210,-0.013056,0.028118
17.566667,0.007670,0.008909,-0.001798,-0.267363,-1.121139,0.183701,-0.454621,0.003321,0.019185,-0.481658,-1.224718,-0.624866,1.147349,-0.018761,0.030892
17.600000,0.005392,0.003282,-0.000060,-0.270275,-1.106038,0.130395,-0.432941,0.004185,0.013655,-0.497862,-1.220812,-0.565146,1.179405,-0.023989,0.028931
17.633333,0.008213,0.001552,0.005105,-0.267228,-1.072196,0.097533,-0.420986,0.001730,0.014872,-0.526714,-1.200359,-0.541514,1.202994,-0.019402,0.018511
17.666667,0.008459,0.003434,0.002562,-0.262348,-1.039787,0.102232,-0.445891,0.003514,0.016928,-0.567160,-1.179149,-0.557453,1.243280,-0.020997,0.010590
17.700000,0.005992,0.001882,0.004623,-0.262618,-1.012695,0.093491,-0.480169,0.001990,0.011092,-0.601335,-1.147941,-0.598082,1.294379,-0.017449,0.008563
17.733333,0.010525,0.001882,0.000341,-0.250972,-0.978013,0.087640,-0.501071,0.000266,0.005845,-0.642808,-1.148551,-0.637457,1.343390,-0.013674,0.002145
17.766667,0.011877,0.004407,-0.005119,-0.237255,-0.970245,0.073278,-0.546430,0.000475,0.007221,-0.671068,-1.134446,-0.682282,1.384696,-0.013749,0.002752
17.800000,0.007432,0.005321,-0.005633,-0.218012,-0.972281,0.062757,-0.608980,0.001322,0.005447,-0.686285,-1.131650,-0.709887,1.423628,-0.015092,0.005683
17.833333,0.004102,0.003691,-0.002276,-0.208064,-0.961729,0.032325,-0.657779,0.002170,0.003256,-0.682345,-1.120266,-0.701169,1.443033,-0.019061,0.014650
17.866667,0.007853,0.008195,-0.000927,-0.213819,-0.951229,0.012717,-0.683831,0.002984,0.010045,-0.668493,-1.137376,-0.667761,1.470235,-0.026698,0.018076
17.900000,0.004076,0.009493,0.003190,-0.213995,-0.961170,0.001555,-0.710424,0.000166,0.009037,-0.629642,-1.134858,-0.609828,1.464974,-0.024414,0.019329
17.933333,0.002566,0.008267,0.008999,-0.215557,-0.960227,0.005642,-0.717018,-0.000991,0.007333,-0.603298,-1.148397,-0.532676,1.467220,-0.023272,0.016759
17.966667,0.002292,0.007353,0.010068,-0.239667,-0.988813,0.025443,-0.723611,0.001286,0.008897,-0.557771,-1.157408,-0.476656,1.448801,-0.016421,0.010916
18.000000,0.006511,0.007982,0.010756,-0.279953,-1.047920,0.067593,-0.747094,-0.002243,0.015984,-0.494806,-1.178107,-0.457388,1.409956,-0.012738,0.005571
18.033333,-0.000958,0.004042,0.007836,-0.314091,-1.102604,0.138920,-0.801096,-0.005470,0.016083,-0.426040,-1.183257,-0.454303,1.335405,-0.003380,-0.000157
18.066667,-0.007984,0.005419,0.003727,-0.362693,-1.135695,0.218920,-0.881096,-0.007911,0.023190,-0.372010,-1.175677,-0.491217,1.255405,0.002356,-0.004775
18.100000,-0.011271,0.004520,0.000217,-0.424499,-1.155949,0.318920,-0.975195,-0.013001,0.028413,-0.329226,-1.170884,-0.567399,1.155405,0.003972,-0.005165
18.133333,-0.012680,0.004910,-0.003104,-0.470344,-1.165234,0.418920,-1.055452,-0.018859,0.029275,-0.314350,-1.173071,-0.643581,1.067886,-0.003772,-0.002806
18.166667,-0.025721,0.005812,-0.016747,-0.498355,-1.150532,0.518920,-1.117892,-0.019658,0.018785,-0.339474,-1.146800,-0.719763,1.020366,-0.000740,-0.008445
18.200000,-0.024514,0.008819,-0.021446,-0.541121,-1.117381,0.618920,-1.173172,-0.018218,0.016381,-0.404598,-1.120104,-0.819763,1.011098,0.002615,-0.001072
18.233333,-0.021949,0.007347,-0.019042,-0.586440,-1.102234,0.718920,-1.215267,-0.018619,0.014070,-0.473885,-1.102219,-0.919763,1.021217,-0.002401,0.000353
18.266667,-0.027143,0.009100,-0.024492,-0.618243,-1.101569,0.818920,-1.248821,-0.014775,0.007056,-0.532488,-1.061574,-1.019763,1.049843,-0.006545,0.000506
18.300000,-0.029618,0.015813,-0.026776,-0.666007,-1.082339,0.918920,-1.279501,-0.014074,0.012578,-0.597575,-1.042080,-1.119763,1.105988,-0.002363,0.005686
18.333333,-0.021328,0.015418,-0.016739,-0.723111,-1.075774,1.018920,-1.314307,-0.017303,0.017780,-0.644949,-1.038902,-1.219763,1.134131,-0.003686,0.006363
18.366667,-0.018172,0.013819,-0.014136,-0.760908,-1.064204,1.118920,-1.324613,-0.012654,0.026019,-0.670044,-1.025609,-1.310784,1.138647,-0.013519,-0.001381
18.400000,-0.017151,0.020955,-0.014615,-0.803034,-1.060471,1.218920,-1.345958,-0.014632,0.027855,-0.681129,-1.005128,-1.393306,1.145376,-0.017554,0.005619
18.433333,-0.011760,0.019504,-0.007037,-0.849440,-1.054803,1.318920,-1.367059,-0.013799,0.034611,-0.699319,-1.021716,-1.440359,1.162309,-0.012263,0.001497
18.466667,-0.008101,0.015641,-0.005022,-0.872566,-1.055539,1.415530,-1.385961,-0.013116,0.031020,-0.710145,-1.019171,-1.458264,1.155942,-0.011454,-0.003536
18.500000,-0.005258,0.015747,-0.005828,-0.893092,-1.062428,1.498287,-1.406947,-0.013257,0.034552,-0.704547,-1.008618,-1.458621,1.156864,-0.010536,0.005179
18.533333,-0.008315,0.016281,-0.003455,-0.905284,-1.084363,1.551167,-1.433336,-0.019349,0.029753,-0.688430,-1.017561,-1.427957,1.166163,-0.006841,0.005103
18.566667,-0.003527,0.012642,-0.000691,-0.909959,-1.088763,1.579878,-1.444302,-0.011106,0.034354,-0.673949,-1.050173,-1.375191,1.188332,-0.004354,-0.000592
18.600000,-0.002225,0.015078,0.002816,-0.899335,-1.096384,1.578156,-1.446773,-0.007661,0.040997,-0.635143,-1.069396,-1.321549,1.202115,-0.009084,0.001368
18.633333,-0.004327,0.011839,0.001682,-0.871990,-1.099367,1.539824,-1.449208,-0.009737,0.039081,-0.569309,-1.075712,-1.257056,1.205741,-0.012662,0.001084
18.666667,-0.004328,0.011552,0.003001,-0.855741,-1.095389,1.515346,-1.434632,-0.008593,0.038946,-0.537612,-1.096183,-1.210110,1.230081,-0.015848,-0.009266
18.700000,0.000583,0.009345,0.001149,-0.866890,-1.100646,1.520744,-1.439018,-0.009290,0.030152,-0.538711,-1.115282,-1.203165,1.271421,-0.017523,-0.009590
18.733333,-0.005277,0.005709,-0.000264,-0.873366,-1.110836,1.520164,-1.440896,-0.014731,0.023627,-0.562052,-1.110731,-1.226820,1.318289,-0.014776,-0.008366
18.766667,-0.011674,0.008134,-0.005456,-0.882106,-1.109076,1.533525,-1.428491,-0.016896,0.021905,-0.622052,-1.096192,-1.286820,1.376413,-0.014337,-0.006814
18.800000,-0.010757,0.014084,-0.000451,-0.923225,-1.119733,1.570490,-1.423184,-0.014261,0.029542,-0.709078,-1.112604,-1.386820,1.450651,-0.014017,-0.001143
18.833333,-0.014737,0.012876,-0.002277,-0.933252,-1.137337,1.582341,-1.430143,-0.013160,0.024811,-0.784158,-1.126191,-1.486820,1.507684,-0.009319,0.002365
18.866667,-0.021100,0.012578,-0.007488,-0.905210,-1.145426,1.557670,-1.411737,-0.006867,0.028835,-0.829627,-1.107743,-1.565333,1.544718,-0.003194,0.008362
18.900000,-0.018617,0.019181,-0.006829,-0.859120,-1.151475,1.523147,-1.373410,-0.007364,0.026426,-0.860857,-1.118610,-1.630967,1.561751,-0.000967,0.010098
18.933333,-0.018701,0.015029,-0.005316,-0.802096,-1.171860,1.465115,-1.332545,-0.011697,0.017478,-0.873261,-1.115762,-1.664165,1.559667,0.000635,0.008944
18.966667,-0.021277,0.013289,-0.015730,-0.712693,-1.174987,1.383480,-1.263537,-0.005832,0.012324,-0.887322,-1.108352,-1.671158,1.562463,0.003490,0.007789
19.000000,-0.015659,0.016208,-0.016087,-0.614382,-1.171397,1.286958,-1.170877,-0.008723,0.013982,-0.886329,-1.092913,-1.671662,1.562463,0.001485,0.016356
19.033333,-0.012896,0.017469,-0.010810,-0.514382,-1.181687,1.186958,-1.070877,-0.016311,0.015202,-0.903783,-1.102963,-1.658748,1.562086,-0.006694,0.014041
19.066667,-0.015238,0.017514,-0.016103,-0.414382,-1.170359,1.086958,-0.996125,-0.021896,0.018393,-0.919991,-1.092078,-1.634650,1.560313,-0.011596,0.012980
19.100000,-0.008696,0.018891,-0.012865,-0.318146,-1.152731,0.986958,-0.961373,-0.025652,0.019877,-0.942137,-1.100704,-1.637386,1.567851,-0.010778,0.020495
19.133333,-0.005914,0.014681,-0.003279,-0.243219,-1.128380,0.886958,-0.966622,-0.036504,0.015027,-0.952581,-1.091618,-1.630970,1.559595,-0.016183,0.020324
19.166667,-0.007396,0.020929,-0.000645,-0.194868,-1.103437,0.786958,-1.011870,-0.039165,0.014064,-0.950025,-1.083274,-1.591044,1.550996,-0.021038,0.018796
19.200000,-0.009901,0.022075,0.002072,-0.178532,-1.073728,0.686958,-1.097118,-0.033985,0.012283,-0.918632,-1.072132,-1.546023,1.532580,-0.019740,0.022478
19.233333,-0.003351,0.014362,0.006545,-0.188903,-1.061241,0.586958,-1.197118,-0.029664,0.005119,-0.862724,-1.069663,-1.485065,1.513994,-0.016724,0.020131
19.266667,-0.001562,0.013728,0.002974,-0.212831,-1.048785,0.486958,-1.297118,-0.018972,0.006892,-0.779706,-1.068136,-1.389708,1.498731,-0.027728,0.011166
19.300000,0.003046,0.014211,0.000052,-0.243666,-1.058774,0.386958,-1.391694,-0.013758,0.003620,-0.679706,-1.054447,-1.289708,1.495029,-0.028598,0.010077
19.333333,0.004110,0.005224,0.003403,-0.281827,-1.062811,0.286958,-1.466271,-0.007783,0.004959,-0.579706,-1.065466,-1.189708,1.500473,-0.024686,0.001973
19.366667,0.013121,0.002818,0.001880,-0.327973,-1.062810,0.201172,-1.520847,-0.008602,0.009480,-0.504893,-1.074674,-1.089708,1.519265,-0.029479,-0.011168
19.400000,0.009428,0.004597,0.001485,-0.387413,-1.075447,0.155387,-1.555424,-0.003740,0.012093,-0.470080,-1.097420,-0.989708,1.539624,-0.033067,-0.009692
19.433333,0.007472,0.004964,0.005351,-0.459828,-1.079173,0.149601,-1.562596,-0.009627,0.008873,-0.472753,-1.102461,-0.889708,1.544142,-0.022249,-0.010867
19.466667,0.014147,0.006352,0.006403,-0.544028,-1.074964,0.183815,-1.546845,-0.002933,0.013857,-0.515426,-1.125989,-0.799179,1.545724,-0.022749,-0.007877
19.500000,0.016239,0.009543,0.007588,-0.634325,-1.088343,0.258030,-1.539100,-0.005256,0.010067,-0.598098,-1.138668,-0.748650,1.543066,-0.020290,-0.003575
19.533333,0.002662,0.009678,0.001735,-0.724623,-1.112195,0.358030,-1.537598,-0.009249,0.003990,-0.695584,-1.139951,-0.738121,1.540374,-0.014148,0.005528
19.566667,-0.004934,0.015400,-0.000151,-0.814920,-1.109513,0.458030,-1.537598,-0.012582,0.013274,-0.786365,-1.137947,-0.767591,1.540374,-0.012543,0.013039
19.600000,-0.004404,0.015767,0.001473,-0.905271,-1.120292,0.558030,-1.526263,-0.013630,0.021797,-0.861371,-1.159925,-0.837062,1.551119,-0.012134,0.019887
19.633333,-0.015749,0.013897,-0.000885,-0.969564,-1.133886,0.658030,-1.535473,-0.016737,0.016913,-0.910900,-1.164094,-0.937062,1.561420,-0.007448,0.014738
19.666667,-0.016056,0.013453,-0.012427,-0.996845,-1.122123,0.758030,-1.541660,-0.010215,0.020406,-0.920428,-1.166680,-1.037062,1.567233,-0.006515,0.015703
19.700000,-0.011653,0.014098,-0.002608,-0.987514,-1.098553,0.858030,-1.543162,-0.006507,0.023602,-0.889957,-1.170592,-1.110141,1.569925,-0.002445,0.016850
19.733333,-0.006782,0.007291,0.000306,-0.938183,-1.076601,0.918030,-1.543162,-0.005326,0.016560,-0.826190,-1.155554,-1.143220,1.557318,-0.000093,0.006033
19.766667,-0.009180,0.009283,-0.004727,-0.858501,-1.056998,0.938030,-1.561345,-0.005736,0.015189,-0.740712,-1.122394,-1.136299,1.556298,0.000292,0.003883
19.800000,-0.006003,0.009283,-0.001799,-0.764876,-1.028200,0.918030,-1.567886,-0.009836,0.017857,-0.640712,-1.090561,-1.089378,1.537580,-0.001240,0.005967
19.833333,-0.004354,0.008894,0.006002,-0.668263,-1.001087,0.858030,-1.562400,-0.016921,0.016152,-0.540712,-1.054938,-1.002457,1.498785,-0.002561,0.004867
19.866667,-0.007051,0.012939,0.003794,-0.568263,-0.977881,0.758030,-1.544944,-0.015857,0.019982,-0.440712,-1.030349,-0.902457,1.439991,-0.007600,-0.001645
19.900000,-0.006624,0.015602,0.004973,-0.468263,-0.979220,0.658030,-1.528945,-0.015263,0.017244,-0.340712,-1.028037,-0.802457,1.373805,-0.008617,-0.000989
19.933333,-0.004755,0.013442,0.008305,-0.379879,-0.975244,0.558030,-1.500933,-0.012236,0.014267,-0.275966,-1.052256,-0.702457,1.276030,-0.006718,0.001215
19.966667,-0.005327,0.018469,0.002704,-0.331496,-1.003142,0.458030,-1.452365,-0.012007,0.015411,-0.251219,-1.098696,-0.602457,1.180737,-0.011426,0.001894
20.000000,-0.011784,0.019777,0.000157,-0.323112,-1.047698,0.398030,-1.407732,-0.011644,0.013110,-0.266473,-1.149984,-0.502457,1.113203,-0.012672,0.000098
20.033333,-0.002446,0.017239,-0.002034,-0.354728,-1.080987,0.378030,-1.393510,-0.017628,0.005114,-0.321727,-1.198519,-0.442457,1.085669,-0.014116,-0.001952
20.066667,0.000330,0.017720,-0.008592,-0.426344,-1.097789,0.398030,-1.396997,-0.017145,0.012435,-0.416981,-1.232269,-0.422457,1.098134,-0.026794,0.002553
20.100000,-0.002390,0.017897,-0.010376,-0.526344,-1.128332,0.458030,-1.407751,-0.019731,0.008409,-0.516981,-1.234238,-0.442457,1.150600,-0.030550,0.001556
20.133333,-0.001597,0.012869,-0.007301,-0.626344,-1.123377,0.558030,-1.433272,-0.021430,0.005909,-0.616981,-1.216392,-0.502457,1.238358,-0.025022,-0.005139
20.166667,0.007475,0.009729,-0.007274,-0.726344,-1.107403,0.658030,-1.470005,-0.025032,0.007233,-0.716981,-1.197412,-0.602457,1.338358,-0.029322,-0.006536
20.200000,0.006223,0.007831,-0.005172,-0.817896,-1.107439,0.758030,-1.482879,-0.021450,0.010431,-0.798275,-1.180576,-0.702457,1.424687,-0.027700,-0.001257
20.233333,0.003245,0.010213,0.002722,-0.882595,-1.099461,0.858030,-1.466786,-0.021640,0.007930,-0.858351,-1.152634,-0.802457,1.491015,-0.014407,-0.001337
20.266667,0.015762,0.018014,0.008382,-0.939687,-1.057109,0.958030,-1.448957,-0.016651,0.024963,-0.888830,-1.139176,-0.902457,1.537343,-0.017574,0.002191
20.300000,0.015126,0.019887,0.013894,-0.977777,-1.032626,1.058030,-1.456361,-0.017132,0.031641,-0.911265,-1.116832,-1.002457,1.563556,-0.019817,0.006517
20.333333,0.005936,0.020488,0.008454,-0.988930,-0.992569,1.158030,-1.462618,-0.010851,0.031531,-0.912431,-1.080503,-1.102457,1.569885,-0.015281,0.010587
20.366667,0.001695,0.026713,0.008851,-0.968531,-0.923988,1.258030,-1.463492,-0.016983,0.038172,-0.920943,-1.022940,-1.202457,1.569885,-0.015095,0.016813
20.400000,0.004738,0.020492,0.007821,-0.934986,-0.852191,1.343858,-1.486684,-0.018681,0.036753,-0.931095,-0.951350,-1.302457,1.563795,-0.017714,0.014445
20.433333,-0.001540,0.014583,-0.000406,-0.869047,-0.787166,1.389687,-1.506999,-0.022090,0.025270,-0.938100,-0.864316,-1.402457,1.551859,-0.011563,0.014084
20.466667,-0.003239,0.013435,-0.007024,-0.782111,-0.699769,1.395516,-1.515023,-0.019556,0.019175,-0.914280,-0.789772,-1.502457,1.541364,-0.014549,0.022487
20.500000,-0.002632,0.012127,0.000876,-0.682111,-0.612616,1.361344,-1.507409,-0.022545,0.019726,-0.886022,-0.728003,-1.583300,1.529767,-0.016483,0.022181
20.533333,0.002461,0.006006,-0.002280,-0.582111,-0.554708,1.287173,-1.507251,-0.018117,0.015994,-0.831711,-0.695320,-1.631333,1.510507,-0.016519,0.017579
20.566667,0.002042,0.006006,-0.003331,-0.482111,-0.521230,1.187173,-1.498576,-0.013372,0.019721,-0.759136,-0.681500,-1.639367,1.512306,-0.021243,0.020948
20.600000,-0.000718,0.001218,-0.001249,-0.382111,-0.489708,1.087173,-1.495041,-0.014484,0.012721,-0.679307,-0.691367,-1.607400,1.509526,-0.025123,0.017070
20.633333,0.005141,0.000493,0.003612,-0.308416,-0.461929,0.987173,-1.481151,-0.018523,0.013973,-0.622819,-0.699869,-1.544204,1.502624,-0.021933,0.006000
20.666667,0.008522,0.003049,0.000238,-0.262875,-0.468684,0.887173,-1.470629,-0.015494,0.012971,-0.564453,-0.725030,-1.460166,1.501158,-0.025432,-0.000231
20.700000,0.006472,0.002555,0.003118,-0.240479,-0.482279,0.787173,-1.465538,-0.015121,0.008845,-0.509992,-0.744508,-1.368936,1.503616,-0.024866,0.000079
20.733333,0.013334,0.002555,-0.001694,-0.238075,-0.486316,0.687173,-1.444145,-0.019380,0.003130,-0.493372,-0.785124,-1.290540,1.507906,-0.023143,-0.004783
20.766667,0.015396,0.004628,-0.007824,-0.275671,-0.521625,0.587173,-1.440399,-0.019189,0.003029,-0.506670,-0.813828,-1.231830,1.517042,-0.024206,-0.005730
20.800000,0.008730,0.005380,-0.009451,-0.326962,-0.593192,0.527173,-1.444565,-0.017301,0.000809,-0.535498,-0.856910,-1.204350,1.526987,-0.025353,-0.003597
20.833333,0.003076,0.003108,-0.005888,-0.390099,-0.642749,0.503963,-1.457367,-0.017299,0.000522,-0.591909,-0.877062,-1.196998,1.534177,-0.024659,0.004783
20.866667,0.004264,0.007051,-0.005101,-0.470091,-0.688526,0.520752,-1.466489,-0.016775,0.007287,-0.670923,-0.913811,-1.228410,1.550978,-0.029475,0.007670
20.900000,-0.003711,0.009020,-0.000447,-0.570091,-0.747518,0.577542,-1.493566,-0.017056,0.009570,-0.734822,-0.920813,-1.286991,1.544438,-0.026395,0.010297
20.933333,-0.007147,0.008916,0.005969,-0.670091,-0.786510,0.674332,-1.507773,-0.015955,0.014136,-0.788801,-0.933640,-1.363466,1.543477,-0.024386,0.010354
20.966667,-0.004020,0.008164,0.008818,-0.730090,-0.825503,0.731122,-1.496714,-0.007925,0.017324,-0.842781,-0.937896,-1.412898,1.535303,-0.020646,0.009654
21.000000,0.003487,0.010752,0.011612,-0.750091,-0.891406,0.751122,-1.462332,-0.006479,0.023886,-0.896761,-0.945825,-1.463008,1.541176,-0.023811,0.007833
21.033333,0.001155,0.009792,0.010286,-0.730091,-0.952255,0.731122,-1.407988,-0.006446,0.020131,-0.961645,-0.936558,-1.487458,1.541176,-0.020670,0.004049
21.066667,-0.001642,0.012452,0.007736,-0.670091,-0.994522,0.671122,-1.344849,-0.005481,0.021494,-1.028432,-0.927350,-1.499346,1.547717,-0.019387,0.001306
21.100000,0.000142,0.013989,0.005675,-0.597112,-1.023327,0.571122,-1.301710,-0.008383,0.021264,-1.089567,-0.926326,-1.504378,1.554257,-0.022162,0.002681
21.133333,-0.001953,0.016169,0.003169,-0.553099,-1.040354,0.496377,-1.288567,-0.015054,0.022603,-1.133881,-0.928340,-1.513090,1.570000,-0.028188,0.002920
21.166667,-0.014388,0.017304,-0.009913,-0.540646,-1.021730,0.461633,-1.303610,-0.013536,0.014128,-1.147253,-0.914812,-1.527477,1.570000,-0.024310,-0.002685
21.200000,-0.014116,0.020441,-0.014262,-0.568193,-0.975855,0.466889,-1.358652,-0.009104,0.014071,-1.135209,-0.909391,-1.568758,1.570000,-0.020654,0.003919
21.233333,-0.011675,0.019391,-0.012124,-0.635740,-0.940326,0.512145,-1.424802,-0.008106,0.013082,-1.119333,-0.912909,-1.594507,1.570000,-0.025325,0.004295
21.266667,-0.016629,0.020884,-0.017330,-0.702227,-0.912839,0.597401,-1.475488,-0.000839,0.010199,-1.101236,-0.889156,-1.589529,1.566660,-0.031297,0.002791
21.300000,-0.018890,0.027609,-0.020529,-0.779751,-0.860639,0.697401,-1.517033,0.001635,0.016569,-1.089611,-0.885430,-1.597373,1.566660,-0.030323,0.011383
21.333333,-0.010464,0.026810,-0.011280,-0.858096,-0.822801,0.797401,-1.550393,-0.000287,0.022220,-1.092584,-0.891318,-1.609164,1.566660,-0.031066,0.013398
21.366667,-0.007553,0.024917,-0.009809,-0.918889,-0.784963,0.897401,-1.555523,0.005333,0.031143,-1.095199,-0.878163,-1.589764,1.563208,-0.041442,0.005186
21.400000,-0.005351,0.031971,-0.010566,-0.961957,-0.756447,0.989275,-1.560914,0.002682,0.033165,-1.078856,-0.845757,-1.572006,1.561797,-0.046697,0.013855
21.433333,-0.000709,0.029322,-0.003777,-1.006941,-0.727224,1.062263,-1.561770,0.001386,0.037035,-1.075897,-0.849495,-1.557060,1.565138,-0.039606,0.012168
21.466667,0.004787,0.025177,-0.001634,-1.011926,-0.696566,1.095250,-1.561770,0.000648,0.032990,-1.043287,-0.824953,-1.512654,1.565138,-0.035711,0.003488
21.500000,0.008247,0.024845,-0.003089,-0.984527,-0.654818,1.088238,-1.561770,-0.002101,0.035189,-0.987021,-0.785598,-1.437822,1.565138,-0.036502,0.010470
21.533333,0.006976,0.024875,-0.001503,-0.934681,-0.617980,1.041225,-1.568172,-0.010660,0.028185,-0.916529,-0.752805,-1.354181,1.565373,-0.032533,0.010423
21.566667,0.012014,0.021477,-0.000130,-0.862560,-0.574055,0.962339,-1.568172,-0.004029,0.031759,-0.842041,-0.750528,-1.256991,1.566783,-0.029996,0.003582
21.600000,0.014394,0.024987,0.002462,-0.762560,-0.550593,0.862339,-1.567156,-0.001811,0.036308,-0.742041,-0.734282,-1.156991,1.566783,-0.036295,0.003218
21.633333,0.012744,0.022259,0.001002,-0.662560,-0.555895,0.762339,-1.566178,-0.004371,0.031323,-0.642041,-0.715169,-1.056991,1.553201,-0.040746,0.003516
21.666667,0.012641,0.022392,0.002061,-0.562560,-0.593576,0.662339,-1.559221,-0.002232,0.030123,-0.542041,-0.736055,-0.956991,1.553201,-0.041559,-0.006606
21.700000,0.018038,0.020066,-0.000637,-0.502560,-0.666347,0.562339,-1.561049,-0.004092,0.023845,-0.455717,-0.778512,-0.856991,1.553149,-0.039499,-0.005932
21.733333,0.011616,0.016036,-0.002849,-0.480705,-0.751520,0.469247,-1.554593,-0.008552,0.019394,-0.409393,-0.830453,-0.756991,1.533765,-0.033585,-0.006462
21.766667,0.005248,0.016311,-0.009550,-0.458849,-0.832614,0.416156,-1.529154,-0.008384,0.019530,-0.403069,-0.873979,-0.656991,1.519214,-0.032016,-0.006074
21.800000,0.003797,0.020873,-0.006436,-0.436994,-0.914682,0.374699,-1.483676,-0.005707,0.028982,-0.436745,-0.945243,-0.596991,1.526659,-0.029899,-0.000468
21.833333,-0.001485,0.018477,-0.008569,-0.415138,-0.985829,0.335982,-1.444777,-0.007933,0.025993,-0.510421,-1.000713,-0.576991,1.526659,-0.025310,0.001212
21.866667,-0.011039,0.016546,-0.012713,-0.353283,-1.036801,0.297266,-1.397171,-0.002231,0.027277,-0.610421,-1.029828,-0.596991,1.529927,-0.018003,0.005141
21.900000,-0.009740,0.021583,-0.011168,-0.253283,-1.079794,0.251640,-1.365484,-0.004875,0.024398,-0.710421,-1.058943,-0.656991,1.549311,-0.015984,0.008571
21.933333,-0.011064,0.017704,-0.007910,-0.157133,-1.122228,0.166015,-1.358730,-0.012559,0.015780,-0.808014,-1.107966,-0.756991,1.563862,-0.010469,0.007568
21.966667,-0.014549,0.016141,-0.016543,-0.083597,-1.137774,0.068756,-1.371907,-0.008467,0.011645,-0.887806,-1.154292,-0.856991,1.570000,-0.006364,0.003066
22.000000,-0.010964,0.019564,-0.016205,-0.028896,-1.158541,-0.027499,-1.385550,-0.010354,0.014125,-0.933284,-1.190055,-0.956991,1.570000,-0.004140,0.010050
22.033333,-0.009078,0.022657,-0.011330,0.015774,-1.191631,-0.123754,-1.399621,-0.018366,0.017429,-0.959224,-1.236936,-1.056991,1.570000,-0.012384,0.005347
22.066667,-0.011370,0.022784,-0.015439,0.026070,-1.196939,-0.202794,-1.416690,-0.019275,0.021441,-0.961611,-1.251176,-1.156991,1.570000,-0.012429,0.002354
22.100000,-0.007263,0.024466,-0.013623,0.006365,-1.190235,-0.241833,-1.429947,-0.021502,0.024405,-0.945046,-1.242553,-1.256991,1.570000,-0.010830,0.008461
22.133333,-0.003539,0.021279,-0.005201,-0.019901,-1.178606,-0.275763,-1.448185,-0.030349,0.021630,-0.918743,-1.212025,-1.356991,1.563442,-0.015768,0.009242
22.166667,-0.004572,0.027709,-0.003459,-0.052805,-1.132678,-0.273438,-1.459364,-0.031825,0.023179,-0.899144,-1.174276,-1.453556,1.557675,-0.024054,0.009359
22.200000,-0.005930,0.028042,0.000469,-0.097768,-1.068906,-0.256674,-1.488128,-0.025541,0.023414,-0.881105,-1.135059,-1.540875,1.552464,-0.023708,0.015877
22.233333,0.000763,0.019673,0.004124,-0.134209,-1.012047,-0.239095,-1.506422,-0.026158,0.016833,-0.867040,-1.113092,-1.588750,1.547323,-0.024305,0.015187
22.266667,0.005235,0.019086,0.001352,-0.154948,-0.945201,-0.236531,-1.512664,-0.018276,0.020828,-0.844660,-1.094756,-1.605300,1.547323,-0.034011,0.009794
22.300000,0.009158,0.018815,-0.000787,-0.178031,-0.894723,-0.203190,-1.527707,-0.015353,0.018489,-0.816590,-1.064430,-1.585923,1.552755,-0.033995,0.010101
22.333333,0.011068,0.009152,0.002208,-0.207254,-0.854263,-0.182460,-1.547245,-0.009982,0.018864,-0.776131,-1.057770,-1.529982,1.558522,-0.027529,0.003864
22.366667,0.021190,0.005726,-0.000342,-0.246431,-0.816070,-0.152680,-1.545045,-0.010724,0.020038,-0.713648,-1.041493,-1.443287,1.563733,-0.032233,-0.009828
22.400000,0.017336,0.008749,-0.001082,-0.291994,-0.795487,-0.100930,-1.545420,-0.004146,0.023657,-0.630746,-1.025346,-1.356036,1.566791,-0.036595,-0.009870
22.433333,0.016079,0.008734,0.001341,-0.336497,-0.774823,-0.034166,-1.537802,-0.006841,0.018137,-0.537517,-0.994105,-1.260110,1.552995,-0.029631,-0.013236
22.466667,0.024425,0.010037,0.003029,-0.389480,-0.752359,0.036712,-1.510083,0.000506,0.023331,-0.437517,-0.983654,-1.160110,1.538474,-0.033080,-0.009821
22.500000,0.029036,0.013179,0.004285,-0.450851,-0.750054,0.120201,-1.499115,0.000941,0.017996,-0.339600,-0.966768,-1.060110,1.529194,-0.034893,-0.006920
22.533333,0.016675,0.015264,-0.001972,-0.520178,-0.757491,0.220201,-1.502428,-0.000143,0.014175,-0.261952,-0.946722,-0.960110,1.525627,-0.030143,0.003222
22.566667,0.012021,0.021623,-0.004970,-0.597267,-0.736166,0.320201,-1.504833,-0.001291,0.021118,-0.218415,-0.940618,-0.860110,1.527710,-0.032045,0.009552
22.600000,0.014007,0.022884,-0.002820,-0.697267,-0.713688,0.420201,-1.512865,0.000555,0.028339,-0.201205,-0.963115,-0.760110,1.541505,-0.032207,0.016605
22.633333,0.003098,0.020009,-0.007664,-0.776690,-0.689723,0.520201,-1.534814,0.000211,0.022726,-0.204831,-0.976049,-0.660110,1.552755,-0.028425,0.010843
22.666667,0.002462,0.019872,-0.019389,-0.836871,-0.643361,0.620201,-1.533858,0.005145,0.028033,-0.239361,-0.999894,-0.588179,1.562035,-0.027609,0.011353
22.700000,0.007907,0.019916,-0.010004,-0.886574,-0.589976,0.720201,-1.532512,0.007230,0.030486,-0.293214,-1.034224,-0.555183,1.565603,-0.025046,0.013490
22.733333,0.013460,0.012783,-0.006909,-0.902909,-0.538716,0.820201,-1.525280,0.005924,0.025290,-0.347003,-1.059270,-0.560168,1.557366,-0.021713,0.005101
22.766667,0.010752,0.015574,-0.011608,-0.892962,-0.505009,0.920201,-1.524449,0.004292,0.025598,-0.414466,-1.075878,-0.605152,1.557366,-0.021056,0.003985
22.800000,0.011869,0.015574,-0.008016,-0.883509,-0.458221,1.020201,-1.530220,0.000441,0.028044,-0.501093,-1.104782,-0.690136,1.561764,-0.019135,0.005945
22.833333,0.010286,0.016037,-0.000281,-0.857628,-0.403652,1.104831,-1.534553,-0.007998,0.028471,-0.589745,-1.120906,-0.787051,1.557661,-0.016376,0.005584
22.866667,0.005602,0.020193,-0.002458,-0.802226,-0.329794,1.149462,-1.520914,-0.008324,0.034692,-0.652160,-1.130836,-0.885031,1.553707,-0.018508,-0.001800
22.900000,0.002829,0.021710,-0.001483,-0.740191,-0.271732,1.154092,-1.515659,-0.006969,0.033692,-0.699748,-1.144787,-0.985031,1.561943,-0.016471,-0.001092
22.933333,0.002220,0.017721,0.000996,-0.664438,-0.195815,1.118722,-1.510849,-0.005932,0.033581,-0.721964,-1.163249,-1.060460,1.561943,-0.013129,-0.000035
22.966667,0.003241,0.023187,-0.004141,-0.568767,-0.128067,1.043352,-1.491685,-0.007844,0.037213,-0.717279,-1.169761,-1.095889,1.561943,-0.018982,0.000690
23.000000,-0.000764,0.022970,-0.006728,-0.468767,-0.073953,0.943352,-1.477563,-0.006374,0.033609,-0.679893,-1.175569,-1.091319,1.566046,-0.020035,-0.002080
23.033333,0.009584,0.019380,-0.008126,-0.368767,-0.038119,0.843352,-1.458854,-0.011663,0.027033,-0.629151,-1.180068,-1.046748,1.570000,-0.020767,-0.004499
23.066667,0.015872,0.019641,-0.014088,-0.269601,-0.013743,0.743352,-1.422345,-0.010808,0.031586,-0.559189,-1.167074,-0.962177,1.570000,-0.033017,-0.001028
23.100000,0.017604,0.019433,-0.016083,-0.181859,-0.023205,0.643352,-1.380072,-0.013341,0.025074,-0.474599,-1.129149,-0.862177,1.562991,-0.036140,-0.001805
23.133333,0.019634,0.013968,-0.013538,-0.111769,-0.045397,0.543352,-1.332801,-0.016977,0.021458,-0.385402,-1.079653,-0.762177,1.550474,-0.032147,-0.010066
23.166667,0.025847,0.010764,-0.014550,-0.069629,-0.080496,0.443352,-1.308313,-0.019692,0.017340,-0.311538,-1.014867,-0.662177,1.540865,-0.039387,-0.008676
23.200000,0.024015,0.009695,-0.014465,-0.043464,-0.132922,0.343352,-1.299865,-0.016426,0.015909,-0.254727,-0.944267,-0.562177,1.534777,-0.037123,-0.001317
23.233333,0.020302,0.012124,-0.007419,-0.029976,-0.176122,0.243352,-1.298472,-0.016403,0.012293,-0.221878,-0.876281,-0.462177,1.525705,-0.025087,-0.002441
23.266667,0.032379,0.020224,-0.001704,-0.033187,-0.197241,0.143352,-1.302195,-0.011734,0.026752,-0.215075,-0.848295,-0.362177,1.532714,-0.030109,0.000465
23.300000,0.031674,0.023163,0.003182,-0.038798,-0.237460,0.049301,-1.331147,-0.009605,0.028423,-0.239779,-0.825808,-0.265112,1.538159,-0.030961,0.006918
23.333333,0.026993,0.024474,-0.002353,-0.029008,-0.264707,-0.023577,-1.350221,-0.004826,0.031272,-0.280499,-0.828401,-0.201152,1.547769,-0.027206,0.010184
23.366667,0.024374,0.031223,-0.001397,-0.040091,-0.295507,-0.061627,-1.362920,-0.010753,0.037648,-0.344165,-0.857064,-0.177192,1.553856,-0.027410,0.013307
23.400000,0.024438,0.027174,-0.001403,-0.045222,-0.346153,-0.089633,-1.398616,-0.015102,0.033223,-0.423870,-0.903664,-0.193233,1.560649,-0.027959,0.013520
23.433333,0.013325,0.022776,-0.008445,-0.043592,-0.408064,-0.089200,-1.436011,-0.019503,0.022904,-0.517528,-0.916219,-0.249273,1.552882,-0.019706,0.011870
23.466667,0.009904,0.022544,-0.014592,-0.046309,-0.456147,-0.081894,-1.463539,-0.019160,0.019041,-0.597730,-0.940752,-0.342378,1.554272,-0.021468,0.019937
23.500000,0.008823,0.021578,-0.005572,-0.049661,-0.516065,-0.087524,-1.470781,-0.021657,0.018715,-0.655944,-0.960800,-0.442378,1.546468,-0.019416,0.018736
23.533333,0.009328,0.016250,-0.007236,-0.028398,-0.561826,-0.107964,-1.480006,-0.015849,0.015918,-0.674158,-0.958586,-0.506067,1.525947,-0.019879,0.016538
23.566667,0.008687,0.013844,-0.008659,-0.034361,-0.593244,-0.112421,-1.473128,-0.010125,0.023985,-0.652372,-0.919896,-0.529756,1.512398,-0.026423,0.020261
23.600000,0.004736,0.007043,-0.007115,-0.038461,-0.606458,-0.129093,-1.466361,-0.008516,0.018139,-0.590587,-0.875252,-0.513446,1.484338,-0.030674,0.015845
23.633333,0.005866,0.004335,-0.003030,-0.042795,-0.593500,-0.135949,-1.446208,-0.009054,0.020398,-0.502257,-0.813131,-0.467082,1.445127,-0.028743,0.004180
23.666667,0.007352,0.007311,-0.006370,-0.055234,-0.555139,-0.111041,-1.422687,-0.005261,0.022444,-0.402257,-0.724624,-0.380719,1.388039,-0.033840,-0.004401
23.700000,0.005170,0.004263,-0.005149,-0.068524,-0.504915,-0.100307,-1.400347,-0.005992,0.020834,-0.302257,-0.624624,-0.290666,1.323669,-0.033033,-0.007963
23.733333,0.010873,0.004263,-0.010173,-0.060102,-0.439742,-0.089239,-1.358265,-0.007053,0.016797,-0.202257,-0.544291,-0.218826,1.258457,-0.030366,-0.016524
23.766667,0.015233,0.006347,-0.015130,-0.053912,-0.371962,-0.087012,-1.322003,-0.007470,0.018178,-0.102257,-0.463958,-0.146986,1.193246,-0.034779,-0.013057
23.800000,0.014748,0.007153,-0.016056,-0.040253,-0.304182,-0.075629,-1.274001,-0.007537,0.019910,-0.002257,-0.383625,-0.078964,1.117099,-0.037844,-0.012719
23.833333,0.013371,0.003528,-0.012453,-0.026934,-0.236402,-0.088135,-1.235465,-0.007144,0.019396,0.097743,-0.303291,-0.026962,1.040952,-0.042709,-0.006424
23.866667,0.016324,0.008240,-0.010800,-0.036422,-0.175340,-0.095681,-1.178830,-0.006515,0.026499,0.197743,-0.244232,0.003158,0.964805,-0.050547,-0.003367
23.900000,0.010771,0.009032,-0.005845,-0.044792,-0.143572,-0.094344,-1.119631,-0.009087,0.027598,0.297743,-0.168481,0.011997,0.864805,-0.051640,-0.000911
23.933333,0.008101,0.007649,-0.000177,-0.051432,-0.123432,-0.080389,-1.059898,-0.008585,0.030832,0.377743,-0.112731,0.000836,0.784805,-0.050348,-0.004529
23.966667,0.008113,0.007635,0.000058,-0.060909,-0.123292,-0.078230,-1.015157,-0.007640,0.032005,0.437743,-0.076980,-0.016560,0.724805,-0.051468,-0.003561
