time_sec,joint_pelvisYaw,joint_pelvisPitch,joint_pelvisRoll,joint_lShoulderPitch,joint_lShoulderRoll,joint_lShoulderYaw,joint_lElbow,joint_lWristRoll,joint_lWristPitch,joint_rShoulderPitch,joint_rShoulderRoll,joint_rShoulderYaw,joint_rElbow,joint_rWristRoll,joint_rWristPitch
0.000000,0.006486,0.002113,-0.003044,-0.278018,-1.382909,0.289555,-0.587573,-0.012507,0.011461,-0.239703,-1.161178,-0.103473,0.482652,0.003932,0.002383
0.033333,0.010993,0.005003,0.003077,-0.378018,-1.346750,0.389555,-0.687573,-0.003638,0.016243,-0.231197,-1.097361,-0.203473,0.582652,0.007420,0.000370
0.066667,0.006674,0.008428,-0.000836,-0.457028,-1.334360,0.489555,-0.787573,-0.004633,0.018859,-0.226668,-1.055651,-0.278817,0.682652,0.011078,-0.002363
0.100000,0.006567,0.010981,-0.003557,-0.551780,-1.312593,0.589555,-0.887573,-0.007477,0.019346,-0.217833,-1.014649,-0.366489,0.782652,0.009862,-0.000762
0.133333,0.004443,0.012567,-0.006978,-0.651780,-1.323624,0.689555,-0.987573,-0.015239,0.019636,-0.213914,-0.988158,-0.441327,0.882652,0.002519,0.000353
0.166667,-0.008412,0.013797,-0.019890,-0.751780,-1.323178,0.789555,-1.087573,-0.015586,0.009457,-0.205749,-0.955414,-0.502895,0.982652,0.007005,-0.001946
0.200000,-0.007422,0.015101,-0.022989,-0.851780,-1.314451,0.889555,-1.187573,-0.013332,0.005370,-0.203990,-0.937160,-0.573084,1.082652,0.010516,0.006306
0.233333,-0.003710,0.011952,-0.019345,-0.938139,-1.326743,0.989555,-1.287573,-0.013284,0.001841,-0.203748,-0.935036,-0.609677,1.182652,0.005876,0.007732
0.266667,-0.008147,0.012530,-0.024503,-0.993096,-1.353927,1.089555,-1.370003,-0.010688,-0.004797,-0.192588,-0.918809,-0.606269,1.253253,0.001252,0.009170
0.300000,-0.010078,0.019295,-0.026529,-1.047885,-1.358572,1.189555,-1.431673,-0.009956,-0.000952,-0.192933,-0.923448,-0.607305,1.319307,0.004044,0.016536
0.333333,-0.000656,0.018761,-0.017611,-1.077869,-1.364586,1.277779,-1.475384,-0.013377,0.003161,-0.188896,-0.945752,-0.587623,1.345360,0.001893,0.016289
0.366667,0.002452,0.018408,-0.016846,-1.080251,-1.352758,1.349417,-1.479875,-0.010298,0.012829,-0.178170,-0.945467,-0.537394,1.334828,-0.008130,0.007750
0.400000,0.003101,0.027200,-0.018827,-1.058399,-1.331767,1.421056,-1.458760,-0.014363,0.016266,-0.149484,-0.928402,-0.489362,1.302479,-0.011957,0.015094
0.433333,0.007562,0.025012,-0.012494,-1.035612,-1.293311,1.490121,-1.427294,-0.015294,0.021705,-0.140636,-0.937835,-0.441330,1.283776,-0.005593,0.009469
0.466667,0.012339,0.020643,-0.011883,-0.972992,-1.258578,1.519187,-1.376589,-0.014524,0.018096,-0.134086,-0.917367,-0.361689,1.242425,-0.002699,0.003584
0.500000,0.014552,0.019570,-0.013969,-0.895178,-1.231416,1.520028,-1.303843,-0.015014,0.021483,-0.122886,-0.876536,-0.279773,1.206566,0.000533,0.012064
0.533333,0.011616,0.019289,-0.012833,-0.804966,-1.218241,1.497455,-1.230316,-0.020507,0.014822,-0.114281,-0.852693,-0.192110,1.180465,0.006356,0.012890
0.566667,0.016090,0.014681,-0.011103,-0.712629,-1.197553,1.434883,-1.142396,-0.011826,0.016801,-0.125035,-0.857590,-0.107970,1.153967,0.009682,0.008687
0.600000,0.016739,0.015961,-0.007392,-0.612629,-1.181825,1.334883,-1.042396,-0.007192,0.022573,-0.137737,-0.843801,-0.049493,1.103947,0.005264,0.013075
0.633333,0.013011,0.011980,-0.006778,-0.512629,-1.152117,1.234883,-0.942396,-0.007689,0.020478,-0.124125,-0.820959,-0.017685,1.041124,0.000777,0.015665
0.666667,0.013618,0.011152,-0.003890,-0.412629,-1.096859,1.134883,-0.842396,-0.005002,0.021038,-0.135572,-0.818661,-0.011503,0.975647,-0.005069,0.005185
0.700000,0.018995,0.008276,-0.004048,-0.338572,-1.031120,1.034883,-0.742396,-0.005372,0.014791,-0.156856,-0.805395,-0.025309,0.896999,-0.006977,0.002968
0.733333,0.015049,0.003393,-0.002431,-0.286079,-0.968965,0.934883,-0.642396,-0.010192,0.011523,-0.165971,-0.769444,-0.050433,0.800566,-0.007519,0.000722
0.766667,0.012129,0.003855,-0.007806,-0.241278,-0.893797,0.834883,-0.542396,-0.010669,0.009698,-0.163739,-0.723123,-0.069846,0.703405,-0.010762,-0.000405
0.800000,0.011152,0.008124,-0.003729,-0.228577,-0.818628,0.734883,-0.451776,-0.006756,0.018381,-0.175577,-0.702003,-0.080326,0.615162,-0.012708,0.003413
0.833333,0.004842,0.007376,-0.005624,-0.226827,-0.764581,0.634883,-0.386679,-0.006295,0.014370,-0.174939,-0.678063,-0.082759,0.547927,-0.010119,0.005774
0.866667,-0.004843,0.007376,-0.010977,-0.209857,-0.716433,0.534883,-0.348286,0.001612,0.016255,-0.159997,-0.633937,-0.087065,0.510116,-0.004603,0.010872
0.900000,-0.003045,0.013643,-0.011877,-0.195325,-0.654742,0.434883,-0.336752,0.003892,0.011650,-0.154470,-0.620233,-0.091169,0.489348,-0.000986,0.013257
0.933333,-0.006622,0.011237,-0.009694,-0.189882,-0.610178,0.334883,-0.349208,0.001369,0.004721,-0.153356,-0.603545,-0.087142,0.476375,0.003611,0.012129
0.966667,-0.006904,0.011573,-0.020915,-0.174123,-0.567387,0.234883,-0.377415,0.007952,-0.000868,-0.154750,-0.595827,-0.085697,0.494485,0.008671,0.005642
1.000000,-0.002052,0.015224,-0.021409,-0.169359,-0.527562,0.141606,-0.400590,0.006002,0.001349,-0.134284,-0.579025,-0.101592,0.511287,0.011627,0.012614
1.033333,0.001384,0.017330,-0.016576,-0.164456,-0.511484,0.050040,-0.414724,0.000763,0.006378,-0.122093,-0.588025,-0.096781,0.510939,0.004664,0.007646
1.066667,-0.005654,0.019851,-0.022828,-0.155642,-0.518926,-0.016671,-0.430893,-0.001769,0.011777,-0.105071,-0.583320,-0.094003,0.530569,-0.000324,0.004933
1.100000,-0.001213,0.022902,-0.020957,-0.156260,-0.535167,-0.043383,-0.443427,-0.004616,0.013769,-0.095799,-0.598814,-0.114800,0.569262,0.000839,0.009293
1.133333,-0.000309,0.020033,-0.010938,-0.157923,-0.553656,-0.068665,-0.450587,-0.015507,0.011793,-0.075133,-0.601090,-0.121449,0.575377,-0.004893,0.012272
1.166667,-0.001878,0.026236,-0.009747,-0.158172,-0.584409,-0.062821,-0.448128,-0.015514,0.014436,-0.074656,-0.622389,-0.126474,0.590907,-0.012363,0.012100
1.200000,-0.006372,0.025647,-0.008064,-0.173811,-0.622012,-0.045301,-0.444523,-0.013868,0.013973,-0.085631,-0.657885,-0.170346,0.623672,-0.012962,0.019976
1.233333,0.003028,0.016860,-0.003309,-0.190333,-0.660571,-0.038245,-0.433118,-0.013911,0.010379,-0.114221,-0.709883,-0.221064,0.655417,-0.009120,0.021110
1.266667,0.004420,0.016192,-0.007744,-0.201717,-0.708304,-0.049862,-0.407329,-0.006530,0.016698,-0.155432,-0.771912,-0.276383,0.700303,-0.019079,0.016108
1.300000,0.007372,0.014456,-0.011801,-0.221763,-0.792014,-0.027164,-0.401781,-0.003134,0.016633,-0.222954,-0.817935,-0.365535,0.777766,-0.020815,0.017230
1.333333,0.004787,0.004602,-0.006417,-0.256914,-0.863165,-0.013110,-0.425364,0.000450,0.017206,-0.307485,-0.868357,-0.457653,0.863275,-0.015130,0.010835
1.366667,0.013047,0.003084,-0.005209,-0.306093,-0.908792,0.025731,-0.472428,-0.000195,0.018221,-0.401961,-0.885711,-0.549770,0.959274,-0.019184,-0.002271
1.400000,0.007694,0.004856,-0.004422,-0.374297,-0.948202,0.090180,-0.538398,0.006534,0.019537,-0.501961,-0.879797,-0.649770,1.059273,-0.021117,-0.001639
1.433333,0.005715,0.004235,0.001878,-0.461426,-0.952513,0.173303,-0.638398,0.001537,0.013154,-0.601961,-0.842587,-0.749770,1.159274,-0.009851,-0.004162
1.466667,0.010472,0.006620,0.006437,-0.557065,-0.917384,0.260682,-0.738398,0.005741,0.014847,-0.692870,-0.801317,-0.849770,1.259274,-0.009792,-0.000443
1.500000,0.015772,0.010847,0.006253,-0.657065,-0.871873,0.358853,-0.838398,0.000656,0.009212,-0.752465,-0.726913,-0.949770,1.336414,-0.008548,0.001195
1.533333,0.003478,0.012943,-0.003290,-0.757065,-0.837598,0.458853,-0.938398,-0.003143,0.005822,-0.772061,-0.645576,-1.049770,1.385266,-0.001319,0.008691
1.566667,-0.003425,0.020044,-0.008409,-0.824034,-0.781296,0.558853,-1.038398,-0.009510,0.012502,-0.751657,-0.572365,-1.118649,1.394118,0.000049,0.013045
1.600000,-0.000118,0.020547,-0.009802,-0.851004,-0.745968,0.648214,-1.098398,-0.009305,0.019042,-0.691252,-0.521909,-1.147528,1.362969,0.001234,0.020587
1.633333,-0.008253,0.018162,-0.015994,-0.837973,-0.735359,0.697575,-1.118398,-0.011976,0.014343,-0.599939,-0.472706,-1.136408,1.291821,0.006293,0.011532
1.666667,-0.007088,0.016243,-0.029323,-0.784942,-0.730400,0.706936,-1.098398,-0.004193,0.018142,-0.499939,-0.449507,-1.085287,1.203532,0.009633,0.013376
1.700000,-0.000636,0.014147,-0.019789,-0.691912,-0.726951,0.676297,-1.038398,-0.000203,0.018345,-0.399939,-0.432919,-0.994166,1.103532,0.011453,0.015590
1.733333,0.005491,0.005274,-0.018111,-0.591912,-0.733331,0.605659,-0.938398,0.002418,0.011935,-0.313802,-0.411402,-0.894166,1.003532,0.012120,0.008052
1.766667,0.003079,0.006287,-0.022812,-0.491912,-0.745336,0.505659,-0.838398,0.003180,0.011887,-0.246532,-0.386384,-0.794166,0.903532,0.010805,0.002847
1.800000,0.003923,0.006287,-0.019920,-0.391912,-0.739799,0.405659,-0.738398,0.001977,0.012918,-0.191011,-0.373412,-0.694166,0.803532,0.010866,0.006246
1.833333,0.002948,0.006081,-0.011185,-0.304339,-0.720858,0.305659,-0.664210,-0.004303,0.012160,-0.147502,-0.362788,-0.594166,0.703532,0.009584,0.006027
1.866667,-0.003025,0.008889,-0.012918,-0.232215,-0.691372,0.205659,-0.617729,-0.003462,0.016367,-0.104671,-0.366011,-0.494166,0.640050,0.005378,0.000403
1.900000,-0.005108,0.010764,-0.010583,-0.169769,-0.669070,0.132353,-0.611248,-0.000636,0.016087,-0.053085,-0.388734,-0.394166,0.616567,0.003686,0.000705
1.933333,-0.007841,0.008982,-0.007395,-0.125578,-0.632114,0.073805,-0.632731,-0.000107,0.013014,0.000733,-0.425426,-0.332279,0.633084,0.006193,0.004924
1.966667,-0.009310,0.013768,-0.013094,-0.097725,-0.610998,0.044369,-0.678126,-0.000349,0.013232,0.026299,-0.467906,-0.310391,0.689602,-0.001269,0.004967
2.000000,-0.017627,0.013514,-0.015310,-0.076341,-0.602586,0.054561,-0.723151,-0.000149,0.008539,0.023877,-0.507485,-0.328504,0.786119,-0.001874,-0.000043
2.033333,-0.009334,0.011265,-0.015931,-0.065669,-0.586653,0.099954,-0.780469,-0.005248,0.002739,-0.017866,-0.541719,-0.386617,0.886119,-0.003781,-0.002971
2.066667,-0.007543,0.011664,-0.020902,-0.080734,-0.553422,0.158652,-0.837788,-0.007634,0.006385,-0.094501,-0.558020,-0.484729,0.986119,-0.014344,-0.001110
2.100000,-0.006492,0.011590,-0.022874,-0.093481,-0.524387,0.242592,-0.907142,-0.008231,0.000451,-0.194501,-0.543884,-0.584729,1.086119,-0.017053,-0.004004
2.133333,-0.005994,0.006804,-0.019784,-0.096585,-0.471775,0.337421,-0.992585,-0.012589,-0.003059,-0.294501,-0.516682,-0.684730,1.186119,-0.009454,-0.011543
2.166667,0.003056,0.005124,-0.021442,-0.080794,-0.400032,0.432622,-1.092585,-0.016246,-0.007117,-0.367077,-0.469314,-0.784730,1.286119,-0.015385,-0.011438
2.200000,0.002770,0.005008,-0.021885,-0.038840,-0.319131,0.532622,-1.192585,-0.015544,-0.006826,-0.399653,-0.414703,-0.884730,1.375904,-0.007558,-0.006799
2.233333,0.001015,0.009253,-0.017076,0.038526,-0.235273,0.632622,-1.292585,-0.016088,-0.011258,-0.392228,-0.348624,-0.984730,1.441624,0.008332,-0.006175
2.266667,0.014310,0.018523,-0.015235,0.131830,-0.135273,0.732622,-1.378229,-0.013393,0.003347,-0.344804,-0.279758,-1.084730,1.494061,0.004618,-0.004327
2.300000,0.017869,0.021262,-0.014346,0.231830,-0.035273,0.832622,-1.453712,-0.012329,0.010233,-0.257379,-0.202937,-1.170341,1.512546,0.005721,-0.000798
2.333333,0.009665,0.024251,-0.024697,0.331830,0.064727,0.932622,-1.509195,-0.006842,0.013903,-0.157379,-0.120834,-1.231888,1.518043,0.015114,0.001005
2.366667,0.007062,0.031474,-0.029448,0.431830,0.164727,1.032622,-1.540633,-0.012303,0.020826,-0.057379,-0.030859,-1.269031,1.525034,0.013666,0.003965
2.400000,0.009776,0.028550,-0.035325,0.531830,0.264727,1.132622,-1.556116,-0.014766,0.020884,0.042621,0.069141,-1.267720,1.522575,0.012970,0.000721
2.433333,0.000135,0.024664,-0.045428,0.631830,0.364727,1.232622,-1.565955,-0.019273,0.014685,0.142621,0.155394,-1.243089,1.510083,0.022219,-0.001712
2.466667,-0.003557,0.027563,-0.055850,0.731830,0.464727,1.332622,-1.565955,-0.015829,0.013248,0.242621,0.212325,-1.228576,1.512575,0.017592,0.004265
2.500000,-0.003873,0.026410,-0.048330,0.831830,0.564727,1.432622,-1.565955,-0.017612,0.015807,0.342621,0.229255,-1.207818,1.503109,0.013112,0.001636
2.533333,-0.004488,0.024808,-0.049678,0.931830,0.656228,1.532622,-1.570000,-0.011471,0.013287,0.437906,0.206186,-1.200813,1.468475,0.013653,-0.001971
2.566667,-0.007340,0.023746,-0.047984,1.031830,0.707730,1.592622,-1.570000,-0.007636,0.016301,0.493191,0.143117,-1.215726,1.452350,0.006997,0.001123
2.600000,-0.010025,0.019991,-0.042244,1.131830,0.719232,1.612622,-1.554782,-0.008718,0.007500,0.508476,0.053795,-1.237804,1.419540,0.002773,-0.004612
2.633333,-0.006924,0.016240,-0.031053,1.220204,0.690733,1.592622,-1.524625,-0.014353,0.005303,0.483761,-0.046205,-1.264153,1.365699,0.008817,-0.013628
2.666667,-0.001896,0.019708,-0.027948,1.268579,0.622235,1.532622,-1.474467,-0.011696,0.007082,0.419046,-0.146205,-1.320812,1.296803,0.004930,-0.017293
2.700000,-0.000611,0.016016,-0.020483,1.276953,0.522235,1.432622,-1.404310,-0.011554,0.003635,0.319046,-0.246205,-1.388120,1.230439,0.004412,-0.018978
2.733333,0.006636,0.013889,-0.020567,1.245327,0.422235,1.332622,-1.314152,-0.012386,0.000388,0.219047,-0.346205,-1.471965,1.179081,0.007627,-0.024795
2.766667,0.010355,0.014976,-0.022710,1.173701,0.322235,1.232622,-1.219213,-0.011126,0.002779,0.119047,-0.446205,-1.571965,1.146236,0.005940,-0.020424
2.800000,0.008294,0.015820,-0.022115,1.073702,0.222235,1.141568,-1.119213,-0.009347,0.004470,0.019047,-0.546205,-1.671965,1.151868,0.003480,-0.018691
2.833333,0.006824,0.013824,-0.019021,0.973701,0.122235,1.086212,-1.035839,-0.008460,0.004131,-0.080953,-0.646205,-1.754226,1.182842,0.005566,-0.010131
2.866667,0.010492,0.018586,-0.018979,0.873701,0.022235,1.070857,-0.989836,-0.006964,0.009937,-0.180953,-0.746205,-1.814662,1.245173,0.002019,-0.005547
2.900000,0.005595,0.022376,-0.015086,0.773701,-0.077765,1.095501,-0.983832,-0.010067,0.010597,-0.280953,-0.846205,-1.864273,1.296180,0.004756,-0.004413
2.933333,0.002539,0.021732,-0.010409,0.673701,-0.177765,1.160146,-1.010056,-0.010449,0.012325,-0.380953,-0.946205,-1.893884,1.348674,0.008317,-0.006714
2.966667,0.005157,0.019002,-0.004569,0.573701,-0.277765,1.215845,-1.036281,-0.000393,0.012570,-0.440953,-1.034871,-1.883495,1.362691,0.013974,-0.002564
3.000000,0.011874,0.015665,0.001558,0.473701,-0.377765,1.235845,-1.045879,0.001797,0.017123,-0.460953,-1.112210,-1.850846,1.351366,0.012321,-0.000702
3.033333,0.009940,0.009305,0.003563,0.373701,-0.477765,1.215845,-1.018106,0.003836,0.014080,-0.440953,-1.171791,-1.800020,1.300042,0.015986,-0.000434
3.066667,0.007024,0.008414,0.003439,0.273701,-0.577765,1.155845,-0.964830,0.008092,0.016311,-0.399094,-1.201862,-1.720020,1.220042,0.017578,0.003303
3.100000,0.008478,0.005574,0.004305,0.173701,-0.677765,1.076629,-0.907126,0.008040,0.016427,-0.332673,-1.228033,-1.620020,1.120042,0.015978,0.010111
3.133333,0.006763,0.006811,0.000525,0.073701,-0.777765,1.018472,-0.877288,0.001673,0.015742,-0.287169,-1.248294,-1.520020,1.020042,0.010573,0.010515
3.166667,-0.007384,0.009217,-0.013913,-0.026299,-0.877765,1.000315,-0.879564,0.001480,0.003843,-0.275448,-1.242543,-1.420020,0.934646,0.014889,0.007150
3.200000,-0.007229,0.012744,-0.018816,-0.126299,-0.977765,1.022158,-0.921840,0.003497,0.000641,-0.303726,-1.246922,-1.320020,0.889249,0.019167,0.015012
3.233333,-0.004383,0.011188,-0.016552,-0.226299,-1.072857,1.084000,-0.981068,0.002553,-0.002049,-0.341533,-1.256063,-1.220020,0.877074,0.014389,0.016399
3.266667,-0.009835,0.013452,-0.022440,-0.326299,-1.156351,1.165058,-1.044203,0.008149,-0.007772,-0.399535,-1.230187,-1.160020,0.901385,0.009417,0.017763
3.300000,-0.010791,0.020608,-0.024396,-0.426299,-1.210130,1.265059,-1.102822,0.010268,-0.002512,-0.476622,-1.221553,-1.140020,0.965697,0.011184,0.023760
3.333333,-0.002529,0.020248,-0.014246,-0.526299,-1.247588,1.364432,-1.151134,0.006710,0.003602,-0.540820,-1.225599,-1.160020,1.027301,0.009631,0.023830
3.366667,0.000365,0.018787,-0.011855,-0.621079,-1.250929,1.437412,-1.160215,0.010754,0.012794,-0.588242,-1.212692,-1.220020,1.065159,-0.000232,0.016662
3.400000,0.002083,0.026465,-0.012731,-0.696236,-1.259178,1.501570,-1.165186,0.008231,0.014524,-0.624805,-1.195708,-1.320020,1.089853,-0.004185,0.024598
3.433333,0.007716,0.023662,-0.005494,-0.750403,-1.257556,1.545913,-1.160220,0.006448,0.019901,-0.652796,-1.217093,-1.420020,1.106595,0.000728,0.020417
3.466667,0.011125,0.018994,-0.003401,-0.774478,-1.264101,1.563268,-1.142941,0.005759,0.014912,-0.670549,-1.221626,-1.499696,1.093930,0.003043,0.015694
3.500000,0.014039,0.017867,-0.003753,-0.776920,-1.279472,1.557148,-1.117671,0.004890,0.017679,-0.675012,-1.223804,-1.569275,1.076900,0.004212,0.024026
3.533333,0.011976,0.017542,-0.000661,-0.747915,-1.307907,1.540009,-1.093169,-0.002387,0.010253,-0.660483,-1.245962,-1.598854,1.056313,0.009178,0.023130
3.566667,0.017304,0.013733,0.003097,-0.698868,-1.323042,1.491692,-1.044317,0.004515,0.013595,-0.629146,-1.293401,-1.588433,1.026075,0.014086,0.017705
3.600000,0.018657,0.016631,0.007848,-0.630810,-1.347617,1.423189,-0.973693,0.008172,0.018373,-0.570746,-1.324481,-1.538012,0.967304,0.011277,0.021026
3.633333,0.014742,0.013296,0.007424,-0.552844,-1.365885,1.341675,-0.892034,0.005890,0.016494,-0.482583,-1.335756,-1.467915,0.897939,0.007027,0.023207
3.666667,0.013450,0.014830,0.008672,-0.456512,-1.369975,1.244262,-0.796558,0.006339,0.015411,-0.391627,-1.359096,-1.367915,0.821043,0.003443,0.013522
3.700000,0.018867,0.012314,0.006781,-0.361726,-1.376509,1.144262,-0.709806,0.005290,0.008702,-0.321514,-1.375703,-1.267915,0.731451,0.001591,0.013903
3.733333,0.011965,0.006938,0.006297,-0.287457,-1.382902,1.044262,-0.645948,0.000544,0.003889,-0.266617,-1.361427,-1.167915,0.631451,0.003150,0.014033
3.766667,0.007546,0.006418,-0.000006,-0.233634,-1.365028,0.944262,-0.613775,0.001242,0.002606,-0.232988,-1.331758,-1.067915,0.537924,0.000293,0.013720
3.800000,0.008138,0.010293,0.003767,-0.219811,-1.341657,0.845156,-0.621602,0.002776,0.011058,-0.224098,-1.332451,-0.967915,0.467919,0.000757,0.015629
3.833333,0.003620,0.007702,0.002014,-0.245988,-1.325211,0.779266,-0.669430,0.003707,0.007871,-0.235206,-1.327321,-0.867915,0.428574,0.005450,0.017873
3.866667,-0.005820,0.007702,-0.004005,-0.301839,-1.297388,0.753376,-0.746995,0.010686,0.009959,-0.234797,-1.293644,-0.767915,0.429230,0.011894,0.022540
3.900000,-0.003114,0.014292,-0.005504,-0.376841,-1.258852,0.767486,-0.838681,0.010115,0.008763,-0.246427,-1.294395,-0.667915,0.469885,0.014823,0.023667
3.933333,-0.004030,0.011937,-0.004579,-0.471396,-1.232663,0.821595,-0.938681,0.003142,0.001812,-0.263227,-1.295396,-0.599399,0.541387,0.019874,0.019747
3.966667,-0.005246,0.013296,-0.016165,-0.555063,-1.204239,0.914811,-1.024837,0.009542,-0.003109,-0.295288,-1.294417,-0.570882,0.629369,0.024003,0.014683
4.000000,-0.000279,0.017589,-0.017182,-0.626772,-1.177691,1.014811,-1.104716,0.008403,0.000581,-0.341994,-1.279248,-0.582366,0.726690,0.023848,0.018593
4.033333,0.003378,0.020072,-0.012800,-0.681062,-1.173231,1.114811,-1.166641,0.001786,0.005562,-0.414846,-1.285343,-0.633850,0.823207,0.018107,0.011143
4.066667,-0.001687,0.021869,-0.017933,-0.730737,-1.176218,1.207231,-1.228566,-0.000852,0.010015,-0.500444,-1.254575,-0.725334,0.919723,0.013619,0.005881
4.100000,0.001615,0.024587,-0.014466,-0.773489,-1.186764,1.299652,-1.278128,-0.001292,0.015172,-0.599601,-1.230845,-0.825334,1.018919,0.015727,0.010640
4.133333,0.003390,0.020432,-0.003316,-0.814210,-1.194113,1.372641,-1.329374,-0.011230,0.014922,-0.698759,-1.185986,-0.925334,1.118115,0.008803,0.009504
4.166667,0.001633,0.025687,-0.001697,-0.842181,-1.191319,1.441016,-1.362137,-0.013744,0.015704,-0.781686,-1.144441,-1.025334,1.217311,0.002243,0.009709
4.200000,-0.003129,0.026310,0.002213,-0.861772,-1.170208,1.497976,-1.408889,-0.010545,0.016242,-0.824908,-1.100202,-1.093936,1.317311,-0.000314,0.018015
4.233333,0.004227,0.017681,0.006368,-0.853174,-1.141902,1.531744,-1.435025,-0.010816,0.009380,-0.828131,-1.078920,-1.122539,1.407849,0.002200,0.018137
4.266667,0.005321,0.017830,0.002579,-0.811498,-1.103588,1.527009,-1.438251,-0.005408,0.011419,-0.791353,-1.063086,-1.111141,1.478387,-0.010043,0.016108
4.300000,0.006373,0.016974,-0.001022,-0.742742,-1.081771,1.501706,-1.445502,-0.003586,0.007346,-0.714576,-1.040153,-1.059744,1.528924,-0.010141,0.020118
4.333333,0.004591,0.007646,0.003517,-0.684878,-1.058805,1.441016,-1.457054,0.000189,0.009390,-0.614576,-1.046947,-0.968346,1.559462,-0.003862,0.017251
4.366667,0.011544,0.004540,0.002709,-0.658257,-1.045126,1.351915,-1.453938,-0.001476,0.010617,-0.529649,-1.061436,-0.868346,1.570000,-0.006866,0.005362
4.400000,0.005624,0.006285,0.002995,-0.664440,-1.055349,1.293586,-1.463162,0.004950,0.013945,-0.473008,-1.089831,-0.768346,1.570000,-0.010628,0.007113
4.433333,0.002768,0.006072,0.007666,-0.710624,-1.064694,1.272615,-1.472525,0.002185,0.009559,-0.444628,-1.106810,-0.668346,1.570000,-0.000764,0.004214
4.466667,0.009116,0.008615,0.010495,-0.780613,-1.070547,1.291643,-1.466506,0.010024,0.015122,-0.456248,-1.143813,-0.568346,1.570000,-0.003366,0.009409
4.500000,0.013559,0.012746,0.011941,-0.864419,-1.097790,1.323214,-1.476950,0.009132,0.009215,-0.507868,-1.166936,-0.484377,1.570000,-0.006064,0.010569
4.533333,0.003202,0.015096,0.005228,-0.931591,-1.134241,1.374689,-1.494833,0.008287,0.005895,-0.584414,-1.171622,-0.438970,1.570000,-0.002643,0.019253
4.566667,-0.002462,0.022715,0.002206,-0.997358,-1.142067,1.414846,-1.503811,0.006487,0.016471,-0.672674,-1.161644,-0.433564,1.570000,-0.003936,0.025103
4.600000,0.000295,0.023992,0.003060,-1.027550,-1.160972,1.435401,-1.513856,0.007209,0.024001,-0.772674,-1.163872,-0.468157,1.550000,-0.002690,0.028480
4.633333,-0.008909,0.020839,-0.001951,-1.040175,-1.187720,1.424731,-1.536006,0.004960,0.017904,-0.871284,-1.151153,-0.542751,1.510000,0.001986,0.018014
4.666667,-0.008518,0.019740,-0.013999,-1.031775,-1.195144,1.429297,-1.534389,0.011053,0.023011,-0.935118,-1.146130,-0.641314,1.461021,0.006007,0.014564
4.700000,-0.002683,0.018321,-0.005273,-1.026999,-1.197167,1.426605,-1.531932,0.011841,0.023891,-0.971666,-1.148941,-0.741314,1.398428,0.008760,0.011982
4.733333,0.003952,0.010217,-0.003223,-0.996594,-1.205012,1.409066,-1.524579,0.011078,0.015397,-0.982036,-1.153766,-0.841314,1.323762,0.012075,0.001765
4.766667,0.001510,0.011029,-0.008104,-0.980912,-1.215762,1.410704,-1.518989,0.009689,0.015073,-0.966243,-1.153276,-0.941314,1.289096,0.011317,-0.001578
4.800000,0.003186,0.011029,-0.005145,-0.983516,-1.220760,1.429171,-1.518529,0.007538,0.015849,-0.929113,-1.163717,-1.041314,1.272438,0.011312,-0.000910
4.833333,0.004300,0.010778,0.002852,-0.982778,-1.217075,1.439050,-1.506990,0.000095,0.015231,-0.901233,-1.164039,-1.141314,1.250057,0.009964,-0.001465
4.866667,-0.000556,0.013574,0.000656,-0.965970,-1.206090,1.469656,-1.472431,0.000709,0.022228,-0.869087,-1.163388,-1.241314,1.227432,0.009031,-0.008553
4.900000,-0.001854,0.013511,0.002068,-0.947262,-1.201986,1.522936,-1.444341,0.000915,0.019984,-0.833138,-1.168138,-1.341314,1.208129,0.008474,-0.009435
4.933333,-0.003779,0.010726,0.003960,-0.924450,-1.186418,1.543009,-1.419446,0.003664,0.016377,-0.791621,-1.184659,-1.435623,1.160837,0.010117,-0.006771
4.966667,-0.004011,0.014690,-0.001490,-0.880388,-1.174172,1.559374,-1.374239,0.002065,0.020720,-0.733671,-1.201569,-1.489931,1.100094,0.005322,-0.004099
5.000000,-0.011762,0.014820,-0.005047,-0.825169,-1.170589,1.576053,-1.336490,0.003107,0.015608,-0.661245,-1.225381,-1.504240,1.034055,0.004755,-0.003865
5.033333,-0.001721,0.012996,-0.006703,-0.759519,-1.159131,1.559184,-1.297718,-0.001181,0.006055,-0.580581,-1.262593,-1.478549,0.967851,0.002049,-0.003899
5.066667,0.002871,0.014951,-0.012585,-0.682803,-1.139162,1.505807,-1.235216,0.001758,0.010534,-0.502704,-1.301983,-1.412858,0.900066,-0.010510,0.001108
5.100000,0.003901,0.014765,-0.013260,-0.591043,-1.135022,1.447207,-1.167775,0.000297,0.002613,-0.420828,-1.321422,-1.312858,0.820270,-0.013885,0.002205
5.133333,0.004518,0.010802,-0.009839,-0.498907,-1.117649,1.366715,-1.097427,-0.003081,-0.002787,-0.364510,-1.332671,-1.212858,0.754760,-0.008903,-0.004002
5.166667,0.014454,0.007671,-0.009254,-0.420283,-1.104591,1.266715,-1.040506,-0.007163,-0.006186,-0.324873,-1.349236,-1.112858,0.710502,-0.014155,-0.005716
5.200000,0.011584,0.006227,-0.007711,-0.363950,-1.108619,1.169671,-0.994181,-0.003236,-0.004627,-0.305156,-1.357344,-1.012858,0.691881,-0.009940,0.000421
5.233333,0.008004,0.009755,-0.000082,-0.320501,-1.111604,1.104272,-0.960132,-0.003629,-0.009037,-0.297041,-1.346329,-0.919586,0.689187,0.005154,0.002105
5.266667,0.021433,0.017422,0.004995,-0.301200,-1.097616,1.038874,-0.920132,-0.000517,0.008019,-0.300695,-1.359884,-0.866314,0.726494,0.000902,0.005678
5.300000,0.021162,0.019658,0.010193,-0.292315,-1.114075,0.973476,-0.907068,0.001272,0.012513,-0.311423,-1.363494,-0.844307,0.759029,-0.000019,0.011342
5.333333,0.012933,0.022494,0.003021,-0.278922,-1.118559,0.916875,-0.892019,0.008547,0.013964,-0.324740,-1.356713,-0.851530,0.804551,0.004789,0.016004
5.366667,0.011568,0.030458,0.003104,-0.272931,-1.119798,0.873226,-0.872344,0.002265,0.020921,-0.357928,-1.342311,-0.898753,0.858457,0.003754,0.020554
5.400000,0.013258,0.025514,0.003724,-0.258736,-1.136570,0.797930,-0.865365,-0.001364,0.019358,-0.406707,-1.327522,-0.979247,0.910778,0.000795,0.017657
5.433333,0.001902,0.021152,-0.003601,-0.243318,-1.154485,0.737062,-0.887436,-0.004012,0.010404,-0.475049,-1.286545,-1.059742,0.953306,0.007762,0.015519
5.466667,0.002659,0.022737,-0.009230,-0.245244,-1.154616,0.698830,-0.905938,-0.001978,0.008725,-0.531839,-1.263805,-1.148972,1.007871,0.005902,0.022532
5.500000,0.003490,0.021723,0.000947,-0.245709,-1.166197,0.661483,-0.915897,-0.002825,0.011139,-0.592646,-1.244551,-1.248972,1.051307,0.002152,0.021732
5.533333,0.005129,0.017710,-0.000318,-0.237281,-1.173892,0.648228,-0.949074,0.006986,0.007433,-0.634180,-1.234135,-1.348972,1.075530,-0.000698,0.017297
5.566667,0.004794,0.015973,-0.001905,-0.264174,-1.173070,0.674974,-0.996616,0.015966,0.014011,-0.664350,-1.218599,-1.448972,1.115743,-0.007506,0.021633
5.600000,0.003928,0.010684,-0.000969,-0.308142,-1.162638,0.727292,-1.047750,0.019060,0.009659,-0.680037,-1.212688,-1.548972,1.148389,-0.008532,0.014877
5.633333,0.003292,0.008629,0.002737,-0.361453,-1.133481,0.796974,-1.089146,0.014116,0.009158,-0.702004,-1.192472,-1.641666,1.178026,-0.005773,0.002584
5.666667,0.004083,0.012500,-0.002394,-0.442742,-1.108590,0.896974,-1.147358,0.015801,0.013836,-0.728857,-1.176464,-1.716388,1.213484,-0.007695,-0.004311
5.700000,0.002371,0.009448,-0.002726,-0.542742,-1.096167,0.996974,-1.200635,0.009603,0.009903,-0.743953,-1.155726,-1.772876,1.248604,-0.004076,-0.006856
5.733333,0.007110,0.009686,-0.008954,-0.625533,-1.078892,1.096974,-1.221036,0.003277,0.005925,-0.767531,-1.164689,-1.813604,1.281435,0.001310,-0.012636
5.766667,0.009698,0.013057,-0.014570,-0.696792,-1.089306,1.196974,-1.241476,-0.002063,0.006075,-0.773669,-1.163204,-1.832818,1.294979,0.002653,-0.009864
5.800000,0.009688,0.014130,-0.017034,-0.749759,-1.111459,1.296974,-1.253809,0.001253,0.006842,-0.772806,-1.170935,-1.839582,1.300548,0.002403,-0.008161
5.833333,0.008604,0.009279,-0.014196,-0.779226,-1.112331,1.396974,-1.256163,0.000923,0.004192,-0.766220,-1.166535,-1.838638,1.295931,0.006084,-0.000613
5.866667,0.011980,0.013808,-0.012873,-0.776567,-1.103372,1.456974,-1.230341,0.002417,0.009662,-0.761078,-1.185897,-1.826279,1.293939,0.001361,0.003330
5.900000,0.006027,0.016240,-0.007390,-0.751117,-1.111698,1.476974,-1.197395,0.001462,0.007081,-0.724208,-1.187383,-1.790262,1.254238,0.004053,0.002156
5.933333,0.003600,0.014907,-0.000766,-0.697199,-1.106704,1.456974,-1.137974,0.003424,0.006266,-0.703661,-1.203579,-1.755758,1.211183,0.003643,-0.000569
5.966667,0.005439,0.012067,0.002789,-0.621572,-1.114390,1.396974,-1.062529,0.010358,0.005981,-0.661917,-1.235715,-1.701010,1.153003,0.007169,-0.001727
6.000000,0.010684,0.011531,0.006465,-0.529445,-1.145237,1.296974,-0.968735,0.008837,0.011038,-0.597721,-1.276163,-1.631943,1.076079,0.003949,-0.002403
6.033333,0.007687,0.006482,0.006141,-0.429445,-1.176491,1.196974,-0.874941,0.006783,0.008091,-0.523112,-1.301098,-1.552524,0.976079,0.007140,-0.006366
6.066667,0.004112,0.006135,0.002698,-0.347222,-1.188701,1.096974,-0.781146,0.003387,0.011735,-0.451404,-1.311174,-1.472524,0.876079,0.007710,-0.007488
6.100000,0.006710,0.003733,0.000094,-0.285538,-1.190645,0.996974,-0.681146,-0.003047,0.014305,-0.371955,-1.331781,-1.372524,0.776079,0.003852,-0.004569
6.133333,0.004778,0.003733,-0.002365,-0.245244,-1.199687,0.896974,-0.581146,-0.012422,0.014303,-0.311472,-1.344287,-1.272524,0.676079,-0.001307,-0.003738
6.166667,-0.008211,0.005075,-0.015805,-0.213236,-1.199681,0.796974,-0.481146,-0.012616,0.002492,-0.269884,-1.334152,-1.172524,0.608474,0.002451,-0.009017
6.200000,-0.007366,0.007571,-0.020093,-0.209418,-1.190904,0.696974,-0.410470,-0.010786,0.001408,-0.249891,-1.337784,-1.072524,0.578815,0.006759,0.000340
6.233333,-0.003350,0.005468,-0.016851,-0.202345,-1.201751,0.596974,-0.368973,-0.009893,-0.000459,-0.244985,-1.351299,-0.972524,0.568960,0.003331,0.003153
6.266667,-0.010183,0.007913,-0.022666,-0.181480,-1.228010,0.496974,-0.367476,-0.005297,-0.007478,-0.256596,-1.334281,-0.872524,0.599106,-0.000623,0.004400
6.300000,-0.012144,0.015850,-0.025588,-0.179224,-1.228679,0.416762,-0.405979,-0.004297,-0.003026,-0.289241,-1.329552,-0.812524,0.669251,0.001389,0.010448
6.333333,-0.004484,0.016062,-0.016215,-0.202931,-1.224876,0.376549,-0.484482,-0.007721,0.003219,-0.339199,-1.320888,-0.792524,0.738747,0.001608,0.010651
6.366667,-0.000915,0.015514,-0.014829,-0.238448,-1.205142,0.376337,-0.573662,-0.002487,0.009156,-0.407563,-1.273970,-0.812524,0.810298,-0.008633,0.000918
6.400000,0.000463,0.024616,-0.017385,-0.299444,-1.170760,0.416125,-0.673662,-0.006092,0.010260,-0.482762,-1.209907,-0.872524,0.902044,-0.013079,0.005520
6.433333,0.005808,0.022009,-0.011021,-0.393691,-1.124820,0.495912,-0.773662,-0.006806,0.015430,-0.558688,-1.177363,-0.972524,0.993790,-0.004610,-0.002217
6.466667,0.011249,0.017651,-0.009805,-0.487939,-1.089456,0.595912,-0.873662,-0.005569,0.011612,-0.623488,-1.127126,-1.072524,1.079491,0.000238,-0.009064
6.500000,0.016546,0.016520,-0.011043,-0.587939,-1.070084,0.695912,-0.973662,-0.006654,0.014551,-0.654815,-1.083630,-1.172524,1.153108,0.001769,-0.002068
6.533333,0.014676,0.016003,-0.008857,-0.684721,-1.067553,0.795912,-1.073662,-0.014577,0.009310,-0.646524,-1.069983,-1.272524,1.210534,0.009079,-0.004276
6.566667,0.019218,0.011879,-0.005968,-0.753829,-1.063866,0.895912,-1.173662,-0.007876,0.012583,-0.608019,-1.084500,-1.358029,1.256612,0.014680,-0.010333
6.600000,0.022113,0.015425,-0.001517,-0.782938,-1.066823,0.995912,-1.241093,-0.004820,0.018187,-0.540011,-1.082883,-1.403534,1.270159,0.010301,-0.008501
6.633333,0.018718,0.013201,-0.002369,-0.772046,-1.069830,1.055912,-1.268524,-0.008537,0.015686,-0.443127,-1.069903,-1.409039,1.249750,0.005664,-0.008590
6.666667,0.015744,0.015659,-0.002104,-0.721155,-1.067256,1.075912,-1.255955,-0.006154,0.013839,-0.343509,-1.070657,-1.374544,1.236864,0.002537,-0.017788
6.700000,0.018055,0.013858,-0.004322,-0.633482,-1.061975,1.055912,-1.203386,-0.006712,0.006007,-0.244884,-1.059323,-1.300049,1.240167,0.000342,-0.016337
6.733333,0.010723,0.010272,-0.004941,-0.533482,-1.058823,0.995912,-1.141695,-0.009827,0.000318,-0.163043,-1.024737,-1.200049,1.254819,0.001354,-0.014453
6.766667,0.003910,0.011335,-0.009599,-0.433482,-1.035439,0.895912,-1.112574,-0.008321,-0.001203,-0.121203,-0.989074,-1.100049,1.302002,-0.002322,-0.010273
6.800000,0.001605,0.016424,-0.003581,-0.364741,-1.020240,0.795912,-1.123453,-0.003043,0.005970,-0.119362,-0.987432,-1.000049,1.385348,-0.004718,-0.001120
6.833333,-0.003711,0.013382,-0.002563,-0.328541,-1.015799,0.695912,-1.174332,-0.002691,0.000592,-0.157521,-0.989527,-0.900049,1.461511,-0.003768,0.001973
6.866667,-0.011489,0.012913,-0.006593,-0.332340,-1.021013,0.595912,-1.261676,0.006148,0.002883,-0.234306,-0.976755,-0.800049,1.517674,-0.000367,0.008014
6.900000,-0.008321,0.020188,-0.005753,-0.376140,-1.041274,0.495912,-1.352262,0.007415,0.000262,-0.334306,-0.999071,-0.740049,1.553837,-0.000641,0.010477
6.933333,-0.007914,0.019045,-0.003941,-0.459940,-1.089432,0.408065,-1.428076,0.002712,-0.007549,-0.434306,-1.018855,-0.720049,1.570000,0.003527,0.008063
6.966667,-0.007488,0.019172,-0.015283,-0.552481,-1.120495,0.360218,-1.478312,0.007302,-0.010889,-0.534306,-1.028715,-0.740049,1.570000,0.009035,0.001148
7.000000,0.001487,0.024155,-0.016869,-0.652481,-1.150730,0.352370,-1.500141,0.005233,-0.004698,-0.634306,-1.020555,-0.800049,1.570000,0.012612,0.006125
7.033333,0.006584,0.027781,-0.012446,-0.752481,-1.192940,0.384523,-1.500462,-0.001755,0.001611,-0.734306,-1.032919,-0.900049,1.570000,0.009838,0.000306
7.066667,0.002752,0.026987,-0.019208,-0.829936,-1.231370,0.456676,-1.488031,-0.006113,0.008430,-0.834306,-1.015571,-1.000049,1.570000,0.010118,-0.005510
7.100000,0.006384,0.026576,-0.018598,-0.886923,-1.267779,0.556676,-1.467119,-0.007950,0.013835,-0.918715,-1.007161,-1.097231,1.570000,0.014795,-0.001632
7.133333,0.008157,0.020750,-0.010996,-0.922346,-1.303713,0.656676,-1.446055,-0.016772,0.012240,-0.963123,-0.985690,-1.154412,1.570000,0.010242,-0.003091
7.166667,0.005715,0.025633,-0.011954,-0.920602,-1.325266,0.756676,-1.413399,-0.018929,0.014709,-0.967532,-0.978110,-1.171593,1.570000,0.003534,-0.003027
7.200000,0.002378,0.023768,-0.010496,-0.892463,-1.334768,0.856676,-1.378276,-0.015264,0.013539,-0.931940,-0.971045,-1.148774,1.570000,0.003405,0.004650
7.233333,0.011021,0.015678,-0.006727,-0.859592,-1.329962,0.956676,-1.335284,-0.014859,0.007566,-0.856349,-0.983800,-1.085956,1.570000,0.006344,0.006960
7.266667,0.014895,0.014612,-0.010452,-0.812766,-1.318997,1.056676,-1.275548,-0.008327,0.010642,-0.756349,-0.999140,-0.985956,1.570000,-0.004155,0.004308
7.300000,0.019543,0.013867,-0.012873,-0.759953,-1.321097,1.156676,-1.206447,-0.006337,0.009010,-0.656349,-1.004764,-0.885956,1.570000,-0.003197,0.008013
7.333333,0.018110,0.003857,-0.007375,-0.721684,-1.318629,1.256676,-1.145546,-0.002003,0.009397,-0.556349,-1.027905,-0.785956,1.570000,0.003622,0.003980
7.366667,0.023809,0.002096,-0.007883,-0.678201,-1.311313,1.316676,-1.074857,-0.002898,0.012996,-0.456349,-1.051700,-0.685956,1.550000,-0.000010,-0.008610
7.400000,0.018838,0.003067,-0.007624,-0.625450,-1.314577,1.336676,-0.999788,0.003179,0.016750,-0.377847,-1.085386,-0.585956,1.510000,-0.003176,-0.009634
7.433333,0.016000,0.003873,-0.002356,-0.572925,-1.303990,1.316676,-0.931517,-0.001863,0.012951,-0.327779,-1.117985,-0.485956,1.450000,0.006259,-0.013980
7.466667,0.020528,0.006422,0.001664,-0.523148,-1.277705,1.275673,-0.888045,0.004823,0.018244,-0.302471,-1.168237,-0.420735,1.370000,0.002355,-0.010573
7.500000,0.025012,0.009716,0.004445,-0.490753,-1.255594,1.199445,-0.876373,0.003166,0.011387,-0.313516,-1.202911,-0.395515,1.270000,-0.000991,-0.009330
7.533333,0.015421,0.011381,-0.001902,-0.464615,-1.244659,1.132443,-0.901999,0.000102,0.005623,-0.345617,-1.220619,-0.410295,1.170000,0.002207,-0.000977
7.566667,0.009828,0.019328,-0.004730,-0.448904,-1.222203,1.065440,-0.922364,-0.002803,0.013134,-0.383812,-1.236053,-0.465075,1.099471,-0.000335,0.006872
7.600000,0.011491,0.020936,-0.003862,-0.427390,-1.226846,0.998438,-0.935932,-0.004196,0.019110,-0.426151,-1.250140,-0.559855,1.065312,-0.001481,0.012314
7.633333,0.003001,0.018387,-0.009034,-0.390680,-1.251430,0.912438,-0.919793,-0.005145,0.010766,-0.452031,-1.251592,-0.659855,1.031153,0.001875,0.002591
7.666667,0.002276,0.017410,-0.022232,-0.326670,-1.274501,0.821664,-0.863654,0.000523,0.016104,-0.441558,-1.268577,-0.759855,0.996994,0.004905,0.002803
7.700000,0.008121,0.016757,-0.013298,-0.272160,-1.290397,0.721664,-0.767515,0.001602,0.016028,-0.410030,-1.300419,-0.819856,0.962835,0.005848,0.003475
7.733333,0.012240,0.008909,-0.011334,-0.217583,-1.301202,0.621664,-0.667515,0.000773,0.008701,-0.361504,-1.321259,-0.839855,0.899205,0.007586,-0.005539
7.766667,0.009293,0.009201,-0.016892,-0.191773,-1.300771,0.521664,-0.567515,0.001483,0.008038,-0.305186,-1.333045,-0.819855,0.799205,0.006253,-0.005169
7.800000,0.008845,0.009201,-0.014224,-0.190989,-1.284792,0.421664,-0.473659,-0.003892,0.011432,-0.261201,-1.351725,-0.759855,0.699205,0.005916,-0.001779
7.833333,0.007128,0.008622,-0.006215,-0.206100,-1.256867,0.321664,-0.392816,-0.012157,0.009649,-0.239729,-1.347303,-0.659855,0.599205,0.005116,-0.000287
7.866667,-0.000237,0.011213,-0.008019,-0.215592,-1.227541,0.223723,-0.326966,-0.009932,0.018081,-0.232272,-1.330219,-0.577766,0.539205,0.002383,-0.006930
7.900000,-0.001933,0.011419,-0.006206,-0.226665,-1.211890,0.152393,-0.294623,-0.007586,0.017750,-0.242261,-1.308443,-0.535676,0.519204,0.000983,-0.005410
7.933333,-0.003191,0.007717,-0.002923,-0.232782,-1.191384,0.089338,-0.285893,-0.003433,0.017946,-0.257525,-1.292090,-0.533587,0.539205,0.002186,-0.005061
7.966667,-0.003813,0.011248,-0.007733,-0.225257,-1.192235,0.043995,-0.298889,-0.002519,0.022994,-0.292156,-1.256690,-0.571498,0.599205,-0.004443,-0.003682
8.000000,-0.009066,0.011187,-0.009454,-0.211773,-1.205487,0.025052,-0.326819,0.000097,0.019711,-0.340098,-1.222203,-0.649408,0.699205,-0.006214,-0.007723
8.033333,0.002006,0.008424,-0.009428,-0.199878,-1.204056,0.012180,-0.359300,-0.004606,0.010322,-0.379785,-1.200643,-0.749408,0.799205,-0.009150,-0.008543
8.066667,0.006910,0.009559,-0.014409,-0.194889,-1.177142,-0.003285,-0.385864,-0.002904,0.014703,-0.391431,-1.194734,-0.809408,0.859205,-0.021454,-0.007534
8.100000,0.006773,0.010738,-0.015925,-0.177599,-1.152096,-0.009967,-0.412623,-0.005166,0.006373,-0.373016,-1.171593,-0.829408,0.879205,-0.025551,-0.008959
8.133333,0.007800,0.007207,-0.012706,-0.165565,-1.096423,-0.001946,-0.442554,-0.007383,-0.001315,-0.333293,-1.148290,-0.809408,0.859205,-0.020556,-0.015462
8.166667,0.016297,0.005530,-0.013022,-0.157753,-1.023466,-0.011068,-0.479999,-0.010417,-0.006482,-0.273027,-1.115161,-0.749408,0.799205,-0.025210,-0.016306
8.200000,0.012901,0.004690,-0.011323,-0.146039,-0.967679,-0.006078,-0.518643,-0.007104,-0.004386,-0.221921,-1.070459,-0.649408,0.729265,-0.021744,-0.010289
8.233333,0.007610,0.007920,-0.002926,-0.123112,-0.923310,0.013362,-0.549543,-0.006140,-0.008988,-0.185046,-0.997054,-0.549408,0.695119,-0.006870,-0.007746
8.266667,0.019806,0.016138,0.003485,-0.112534,-0.864477,0.031066,-0.576028,-0.001994,0.006391,-0.148170,-0.937132,-0.455586,0.700973,-0.008945,-0.001237
8.300000,0.018797,0.017886,0.009217,-0.099433,-0.838143,0.030392,-0.611472,-0.000182,0.010270,-0.101596,-0.877210,-0.379425,0.746827,-0.006758,0.006595
8.333333,0.010988,0.020149,0.002249,-0.076660,-0.820550,0.046349,-0.650169,0.007461,0.013254,-0.039740,-0.815452,-0.343263,0.832682,-0.002702,0.011313
8.366667,0.009118,0.028223,0.000227,-0.077672,-0.802941,0.080062,-0.708123,0.003561,0.019551,0.037036,-0.742527,-0.347101,0.928475,0.000243,0.015180
8.400000,0.013575,0.025851,-0.002721,-0.107596,-0.798219,0.115310,-0.786230,0.000775,0.017803,0.128043,-0.660621,-0.390940,1.028475,-0.000852,0.013139
8.433333,0.005447,0.022558,-0.013147,-0.153659,-0.818219,0.175234,-0.884944,-0.002027,0.009466,0.219050,-0.565231,-0.468600,1.128475,0.006115,0.008324
8.466667,0.006189,0.025369,-0.024273,-0.225608,-0.834345,0.261121,-0.983659,-0.001942,0.005194,0.319050,-0.469842,-0.568600,1.228475,0.000749,0.013137
8.500000,0.007151,0.026347,-0.019001,-0.317179,-0.864948,0.361121,-1.073229,-0.005651,0.005161,0.419050,-0.369842,-0.668600,1.328475,-0.001154,0.010965
8.533333,0.010380,0.024142,-0.024676,-0.370307,-0.904071,0.461121,-1.133951,-0.000380,0.000794,0.519050,-0.271391,-0.768600,1.416780,-0.003116,0.007152
8.566667,0.008378,0.022734,-0.028449,-0.403944,-0.952203,0.561121,-1.169771,0.002876,0.005416,0.619050,-0.207538,-0.868600,1.485085,-0.009805,0.009637
8.600000,0.007119,0.018985,-0.028021,-0.408947,-0.986712,0.651362,-1.172023,0.001003,-0.002297,0.719050,-0.168011,-0.968600,1.533390,-0.012836,0.006551
8.633333,0.009711,0.016754,-0.023877,-0.390894,-0.997209,0.705707,-1.144727,-0.001749,-0.000250,0.785437,-0.148222,-1.068600,1.561695,-0.008116,-0.002748
8.666667,0.011947,0.018815,-0.026778,-0.341269,-1.022964,0.720052,-1.087862,0.002580,0.002876,0.811823,-0.168433,-1.168600,1.570000,-0.009829,-0.006506
8.700000,0.010002,0.015782,-0.023140,-0.293627,-1.056268,0.694397,-1.019844,0.001141,-0.001736,0.813307,-0.227095,-1.268600,1.570000,-0.009125,-0.007223
8.733333,0.015543,0.013920,-0.026597,-0.238497,-1.086349,0.628742,-0.936728,-0.000237,-0.005010,0.774791,-0.291160,-1.368600,1.570000,-0.004563,-0.014328
8.766667,0.015748,0.014091,-0.031058,-0.196132,-1.141054,0.532845,-0.860647,-0.001163,-0.004935,0.718861,-0.366756,-1.468600,1.568777,-0.005504,-0.011751
8.800000,0.013349,0.013444,-0.028729,-0.160680,-1.211663,0.432845,-0.782301,0.000841,-0.005054,0.656544,-0.449920,-1.568600,1.561576,-0.006839,-0.011507
8.833333,0.010454,0.010476,-0.023302,-0.146380,-1.245858,0.332845,-0.721822,-0.000297,-0.007573,0.607853,-0.510742,-1.668600,1.556913,-0.007233,-0.004729
8.866667,0.012362,0.013982,-0.020434,-0.164428,-1.268876,0.233259,-0.670361,-0.000636,-0.000333,0.555687,-0.571564,-1.737560,1.556913,-0.010406,-0.002116
8.900000,0.008050,0.016353,-0.014355,-0.175625,-1.295152,0.161318,-0.632326,-0.002291,-0.003014,0.513689,-0.612579,-1.779073,1.540422,-0.008818,0.000953
8.933333,0.007611,0.015099,-0.007204,-0.182692,-1.301427,0.109378,-0.600825,0.000575,-0.002275,0.469106,-0.637735,-1.800586,1.525153,-0.006926,-0.001508
8.966667,0.010689,0.013419,-0.002241,-0.168287,-1.287185,0.079118,-0.561143,0.010715,-0.001555,0.424523,-0.675586,-1.782100,1.495862,-0.000163,0.002196
9.000000,0.016359,0.011551,0.002380,-0.163614,-1.271455,0.066187,-0.525472,0.012921,0.006068,0.366314,-0.735779,-1.723613,1.444033,-0.000139,0.003633
9.033333,0.014264,0.006555,0.002704,-0.142917,-1.250216,0.068438,-0.503082,0.015229,0.002708,0.296483,-0.795972,-1.656167,1.367542,0.004327,0.001909
9.066667,0.009191,0.007947,0.001443,-0.137458,-1.212972,0.072022,-0.490478,0.016726,0.006670,0.216483,-0.875972,-1.576167,1.287542,0.007718,0.002529
9.100000,0.009956,0.008315,0.000598,-0.140244,-1.173972,0.081419,-0.481901,0.014206,0.008268,0.116483,-0.975972,-1.476167,1.187542,0.008706,0.006680
9.133333,0.006844,0.010357,-0.003010,-0.166764,-1.168292,0.087403,-0.504719,0.006863,0.008834,0.016483,-1.075972,-1.376167,1.087542,0.002990,0.005969
9.166667,-0.006244,0.015353,-0.016938,-0.202400,-1.179553,0.116058,-0.545659,0.007798,-0.003335,-0.083517,-1.138267,-1.276167,1.004868,0.008957,0.000545
9.200000,-0.004841,0.021074,-0.022039,-0.258174,-1.178224,0.169117,-0.604301,0.010651,-0.006608,-0.183517,-1.182284,-1.176167,0.962193,0.014612,0.009744
9.233333,-0.001768,0.021106,-0.019487,-0.332538,-1.193233,0.233198,-0.679730,0.011197,-0.009497,-0.283517,-1.201155,-1.080757,0.959519,0.012281,0.011741
9.266667,-0.006893,0.023782,-0.025104,-0.418656,-1.210841,0.311466,-0.771132,0.017164,-0.015125,-0.383517,-1.182296,-1.025347,0.996845,0.008145,0.013653
9.300000,-0.007412,0.031284,-0.027822,-0.518656,-1.199296,0.411466,-0.871132,0.018287,-0.010425,-0.483517,-1.163438,-1.009937,1.074171,0.011683,0.019337
9.333333,0.002649,0.029317,-0.018166,-0.618656,-1.188148,0.511466,-0.971132,0.014578,-0.003624,-0.583517,-1.160312,-1.034527,1.174171,0.010244,0.019025
9.366667,0.006816,0.026767,-0.015872,-0.703521,-1.166277,0.611466,-1.071132,0.017846,0.005568,-0.667742,-1.157758,-1.099117,1.249566,-0.000771,0.008811
9.400000,0.009570,0.033969,-0.017735,-0.754739,-1.147389,0.711466,-1.166523,0.013527,0.007017,-0.711967,-1.158712,-1.199117,1.284962,-0.005978,0.014109
9.433333,0.015359,0.031396,-0.010849,-0.785662,-1.119506,0.811466,-1.244642,0.010479,0.011713,-0.731265,-1.197395,-1.299117,1.280358,-0.000492,0.005802
9.466667,0.019823,0.027861,-0.009182,-0.776586,-1.110234,0.911466,-1.282760,0.009819,0.005794,-0.710563,-1.225093,-1.359117,1.235754,0.001545,-0.000530
9.500000,0.023199,0.028283,-0.009783,-0.727509,-1.121351,0.975483,-1.280878,0.008674,0.006628,-0.649861,-1.247302,-1.379117,1.151150,0.002597,0.007531
9.533333,0.020235,0.028871,-0.007287,-0.653568,-1.153388,0.999501,-1.238996,0.000941,-0.001149,-0.564934,-1.280708,-1.359117,1.051150,0.008774,0.007752
9.566667,0.025454,0.025278,-0.003314,-0.573273,-1.171473,0.983518,-1.161723,0.009000,0.002246,-0.480007,-1.326460,-1.299117,0.951150,0.012673,0.003006
9.600000,0.025394,0.027336,0.001887,-0.473273,-1.200658,0.927536,-1.061723,0.013124,0.008175,-0.399664,-1.350682,-1.199117,0.851150,0.008294,0.007759
9.633333,0.021023,0.021483,0.002347,-0.373273,-1.215281,0.831554,-0.961723,0.010924,0.008208,-0.330571,-1.347319,-1.099117,0.751150,0.004252,0.009838
9.666667,0.018684,0.019422,0.004599,-0.283658,-1.215728,0.731554,-0.861723,0.012329,0.009506,-0.301478,-1.356801,-0.999117,0.651150,0.001693,0.000249
9.700000,0.023841,0.014317,0.002898,-0.219914,-1.222814,0.631554,-0.774315,0.011765,0.004345,-0.295549,-1.362048,-0.899117,0.551150,0.000128,-0.000646
9.733333,0.017491,0.007341,0.001898,-0.177774,-1.233689,0.531554,-0.716332,0.007430,0.000804,-0.300398,-1.342309,-0.799117,0.452053,0.001040,-0.000787
9.766667,0.011993,0.006266,-0.005078,-0.156959,-1.231843,0.468430,-0.691438,0.007012,0.000127,-0.300111,-1.314140,-0.699117,0.382647,-0.000515,-0.000157
9.800000,0.012152,0.011301,-0.002910,-0.176144,-1.238613,0.445306,-0.706545,0.009618,0.008472,-0.309498,-1.318718,-0.599117,0.353240,0.001789,0.004124
9.833333,0.007598,0.009518,-0.006144,-0.224945,-1.247126,0.462182,-0.761651,0.009319,0.004832,-0.305319,-1.316829,-0.502001,0.363834,0.007313,0.006828
9.866667,-0.001861,0.009518,-0.013182,-0.281316,-1.240588,0.519059,-0.844166,0.017816,0.007031,-0.299934,-1.285685,-0.444885,0.414428,0.013028,0.013355
9.900000,0.000590,0.016853,-0.015345,-0.356082,-1.224098,0.615935,-0.937254,0.017158,0.004103,-0.323769,-1.274187,-0.427769,0.504119,0.016754,0.014985
9.933333,0.000923,0.015224,-0.014411,-0.429392,-1.215260,0.715935,-1.033316,0.014755,-0.003702,-0.373086,-1.252649,-0.450653,0.604119,0.020849,0.011920
9.966667,-0.000037,0.016330,-0.024914,-0.462701,-1.205124,0.777852,-1.089378,0.021062,-0.008159,-0.415131,-1.236932,-0.513537,0.704119,0.023830,0.006550
10.000000,0.005592,0.021609,-0.024830,-0.456011,-1.207388,0.799769,-1.105440,0.021082,-0.004958,-0.430743,-1.224495,-0.613537,0.796726,0.022601,0.011226
10.033333,0.010008,0.025610,-0.018757,-0.415878,-1.230757,0.781685,-1.081502,0.014327,-0.001079,-0.424397,-1.238965,-0.706775,0.854989,0.016004,0.006046
10.066667,0.004409,0.027985,-0.023032,-0.335746,-1.254448,0.723602,-1.017564,0.011214,0.004227,-0.378050,-1.251977,-0.760013,0.873252,0.012709,0.003271
10.100000,0.007824,0.029966,-0.019240,-0.248965,-1.278783,0.625519,-0.933046,0.008497,0.009000,-0.307610,-1.278764,-0.773250,0.862000,0.015405,0.010581
10.133333,0.006626,0.025770,-0.009158,-0.178963,-1.287582,0.525519,-0.878578,-0.002028,0.008073,-0.236754,-1.278411,-0.746488,0.816794,0.008792,0.010953
10.166667,0.004778,0.030935,-0.007076,-0.126987,-1.270322,0.425519,-0.846005,-0.002874,0.009539,-0.187179,-1.266638,-0.679726,0.768187,0.001779,0.013424
10.200000,-0.001536,0.029304,-0.003796,-0.096193,-1.246242,0.325519,-0.843105,0.001239,0.009947,-0.157757,-1.262143,-0.579726,0.728674,0.000549,0.020507
10.233333,0.006891,0.019166,0.000480,-0.088959,-1.227554,0.225519,-0.861662,0.002992,0.002909,-0.155492,-1.267668,-0.479726,0.713959,0.003163,0.021094
10.266667,0.008220,0.019518,-0.004173,-0.089157,-1.218089,0.156015,-0.864737,0.010167,0.006115,-0.174773,-1.287472,-0.414002,0.727635,-0.007875,0.015865
10.300000,0.014017,0.019475,-0.007217,-0.108443,-1.236794,0.126511,-0.868885,0.013359,0.004081,-0.220817,-1.297570,-0.388278,0.768622,-0.008702,0.019604
10.333333,0.011774,0.009789,-0.003799,-0.142487,-1.261103,0.137007,-0.871186,0.015783,0.007439,-0.285580,-1.331850,-0.402554,0.819926,-0.000815,0.014736
10.366667,0.020142,0.007418,-0.005458,-0.179463,-1.275296,0.175768,-0.855815,0.014029,0.009742,-0.370188,-1.348524,-0.456830,0.895998,-0.006480,0.000213
10.400000,0.015198,0.009991,-0.005822,-0.212305,-1.298133,0.254528,-0.840671,0.020030,0.015930,-0.467641,-1.362454,-0.551106,0.956894,-0.010503,-0.000530
10.433333,0.013717,0.009806,-0.000377,-0.233010,-1.302248,0.342793,-0.826378,0.014554,0.010379,-0.558782,-1.351710,-0.651106,0.991839,0.000029,-0.004792
10.466667,0.020945,0.011172,0.003683,-0.230150,-1.291084,0.413091,-0.788288,0.022197,0.015599,-0.625282,-1.361640,-0.751106,1.006445,-0.003222,-0.003216
10.500000,0.026669,0.014607,0.006542,-0.215428,-1.294894,0.443390,-0.744628,0.021327,0.008337,-0.670803,-1.364977,-0.851106,0.995611,-0.005202,-0.002927
10.533333,0.015564,0.016050,0.000379,-0.196131,-1.315008,0.445423,-0.714901,0.018719,0.002883,-0.689195,-1.359981,-0.951106,0.967605,0.000896,0.004785
10.566667,0.008918,0.023743,-0.002404,-0.193447,-1.311071,0.419000,-0.680817,0.015517,0.010086,-0.683470,-1.359981,-1.051106,0.953147,0.000947,0.013938
10.600000,0.012442,0.023544,-0.001833,-0.195704,-1.321696,0.369894,-0.645881,0.015290,0.018214,-0.657710,-1.376600,-1.151106,0.931776,0.001383,0.019495
10.633333,0.000843,0.020124,-0.008379,-0.197108,-1.341128,0.314080,-0.632845,0.013231,0.011386,-0.633260,-1.381110,-1.247717,0.905227,0.008639,0.012770
10.666667,0.000404,0.020153,-0.022235,-0.200957,-1.343047,0.292904,-0.620241,0.017200,0.014698,-0.602124,-1.385537,-1.327295,0.895746,0.011565,0.013552
10.700000,0.006590,0.020102,-0.013826,-0.210726,-1.340017,0.292548,-0.606393,0.020890,0.017631,-0.581190,-1.398914,-1.386252,0.874633,0.016550,0.017232
10.733333,0.012996,0.012610,-0.012519,-0.198046,-1.346244,0.290596,-0.590620,0.020584,0.008915,-0.563496,-1.398914,-1.420904,0.839284,0.019313,0.005891
10.766667,0.007016,0.015560,-0.018432,-0.195518,-1.356977,0.310111,-0.595567,0.019949,0.008028,-0.557271,-1.395092,-1.432585,0.837919,0.016659,0.004501
10.800000,0.008733,0.015560,-0.015291,-0.204436,-1.366145,0.325483,-0.601910,0.015297,0.007949,-0.552756,-1.399653,-1.446404,0.839355,0.015593,0.006195
10.833333,0.007532,0.014656,-0.007092,-0.213759,-1.370906,0.321549,-0.605566,0.009687,0.008397,-0.562232,-1.396420,-1.460514,0.826085,0.015403,0.007241
10.866667,0.001320,0.019100,-0.009266,-0.218639,-1.367561,0.316740,-0.596767,0.011045,0.015434,-0.568526,-1.389740,-1.489316,0.827077,0.010122,-0.000985
10.900000,-0.000618,0.018707,-0.005825,-0.226139,-1.376628,0.331987,-0.605099,0.012356,0.015684,-0.582354,-1.389507,-1.523417,0.845705,0.009763,0.000214
10.933333,0.001366,0.014936,-0.002316,-0.233125,-1.375690,0.315925,-0.611448,0.016072,0.015522,-0.595577,-1.393329,-1.558949,0.850748,0.014458,0.002485
10.966667,-0.000092,0.020544,-0.006159,-0.232156,-1.378868,0.306206,-0.606070,0.017092,0.020402,-0.621838,-1.396904,-1.593463,0.874832,0.010133,0.004540
11.000000,-0.006316,0.020961,-0.008340,-0.225652,-1.385988,0.306890,-0.606838,0.017939,0.017147,-0.634986,-1.400137,-1.626404,0.891824,0.006984,-0.001198
11.033333,0.004648,0.018180,-0.008158,-0.219660,-1.389941,0.295460,-0.608272,0.012976,0.007682,-0.649891,-1.409621,-1.645675,0.910848,0.007020,-0.001636
11.066667,0.008353,0.019506,-0.014511,-0.222556,-1.378524,0.273051,-0.586201,0.015902,0.011832,-0.646446,-1.409854,-1.653538,0.922837,-0.006058,-0.001050
11.100000,0.009163,0.020355,-0.016233,-0.212584,-1.379309,0.257876,-0.557437,0.014271,0.003613,-0.621031,-1.409854,-1.653166,0.914264,-0.012341,-0.001725
11.133333,0.013811,0.014747,-0.014575,-0.203191,-1.359461,0.245216,-0.523518,0.011372,-0.001983,-0.564199,-1.393847,-1.615065,0.897060,-0.008115,-0.008853
11.166667,0.024240,0.011487,-0.015859,-0.195785,-1.339765,0.206823,-0.484865,0.005901,-0.008062,-0.494154,-1.357693,-1.555276,0.910504,-0.012261,-0.006979
11.200000,0.023317,0.008432,-0.016526,-0.183190,-1.329429,0.160597,-0.446421,0.007042,-0.008543,-0.402462,-1.301540,-1.475088,0.936939,-0.008344,0.000255
11.233333,0.022482,0.010814,-0.010942,-0.157458,-1.318144,0.115756,-0.414567,0.003329,-0.015123,-0.302462,-1.225386,-1.385314,0.977263,0.003402,0.003911
11.266667,0.035244,0.018140,-0.007426,-0.146897,-1.283190,0.056205,-0.382818,0.006101,-0.001794,-0.202462,-1.129233,-1.285314,1.051733,0.002552,0.009414
11.300000,0.035168,0.020134,-0.004370,-0.133809,-1.280527,-0.023387,-0.377329,0.008282,-0.002251,-0.102462,-1.029233,-1.185314,1.137487,0.004995,0.014564
11.333333,0.029061,0.021814,-0.012879,-0.114903,-1.271455,-0.088903,-0.383460,0.017927,-0.002523,-0.002462,-0.939104,-1.085314,1.208135,0.010644,0.018465
11.366667,0.026555,0.029854,-0.013525,-0.115822,-1.258255,-0.120136,-0.391815,0.013859,0.000416,0.097538,-0.869658,-0.985314,1.270078,0.011222,0.023250
11.400000,0.028417,0.025107,-0.015063,-0.116001,-1.260252,-0.162031,-0.411887,0.012656,-0.004886,0.197538,-0.814699,-0.885314,1.298600,0.015638,0.022012
11.433333,0.018562,0.019540,-0.022498,-0.114583,-1.271816,-0.163926,-0.446094,0.009881,-0.015430,0.297538,-0.789290,-0.785314,1.287123,0.023202,0.019515
11.466667,0.014869,0.021182,-0.028320,-0.128734,-1.269771,-0.143099,-0.466108,0.011245,-0.016496,0.397538,-0.800656,-0.685314,1.243312,0.016222,0.028427
11.500000,0.013518,0.021455,-0.018846,-0.147522,-1.281324,-0.117313,-0.467510,0.008511,-0.012256,0.497538,-0.842151,-0.585314,1.175980,0.014475,0.026710
11.533333,0.014298,0.017815,-0.020172,-0.142544,-1.301250,-0.089336,-0.482166,0.013909,-0.010910,0.557538,-0.902963,-0.485314,1.077762,0.012980,0.023026
11.566667,0.010163,0.018311,-0.019392,-0.160067,-1.324866,-0.031105,-0.505250,0.019289,-0.001218,0.577538,-0.989288,-0.410124,1.002417,0.003233,0.025232
11.600000,0.005591,0.015402,-0.016418,-0.174588,-1.352121,0.020145,-0.518218,0.019831,-0.003833,0.557538,-1.086063,-0.374934,0.932271,-0.002118,0.020502
11.633333,0.007733,0.014066,-0.011024,-0.187016,-1.359291,0.078153,-0.531309,0.018301,0.000661,0.497538,-1.173522,-0.379744,0.885695,0.003999,0.010187
11.666667,0.009124,0.017309,-0.012149,-0.210632,-1.365833,0.157126,-0.572968,0.020980,0.006806,0.397538,-1.252304,-0.424554,0.861166,0.002113,0.005850
11.700000,0.008785,0.016843,-0.010372,-0.248578,-1.376041,0.239625,-0.616510,0.021557,0.004813,0.297538,-1.308727,-0.509364,0.854301,0.004263,0.002767
11.733333,0.016036,0.016516,-0.015470,-0.266572,-1.369119,0.322124,-0.633384,0.019793,0.002792,0.197538,-1.353514,-0.609364,0.863098,0.010225,-0.000992
11.766667,0.019088,0.018547,-0.021145,-0.298139,-1.369302,0.411604,-0.669061,0.016731,0.002687,0.097538,-1.377566,-0.709364,0.872951,0.008538,0.000925
11.800000,0.018294,0.020687,-0.021309,-0.332586,-1.383857,0.511604,-0.701356,0.016681,0.003370,-0.002462,-1.385324,-0.809364,0.884035,0.007007,0.001131
11.833333,0.015887,0.017781,-0.018937,-0.358571,-1.381013,0.601910,-0.718510,0.016645,-0.000413,-0.102462,-1.378775,-0.909364,0.893713,0.004926,0.008051
11.866667,0.016548,0.022465,-0.016516,-0.391034,-1.369429,0.666291,-0.718192,0.014524,0.006326,-0.202462,-1.387139,-1.009364,0.924217,0.000903,0.009359
11.900000,0.011279,0.024802,-0.010793,-0.414762,-1.372317,0.727247,-0.730315,0.012403,0.004691,-0.302462,-1.378564,-1.109364,0.925385,0.001496,0.006462
11.933333,0.010443,0.023593,-0.003848,-0.424122,-1.368284,0.768202,-0.727464,0.015757,0.006171,-0.402462,-1.370725,-1.209364,0.940299,0.004969,0.001909
11.966667,0.014355,0.019152,0.001016,-0.444135,-1.347661,0.809158,-0.742068,0.019074,0.007455,-0.462462,-1.351721,-1.269364,0.930411,0.010843,0.001063
12.000000,0.021799,0.017772,0.006689,-0.482374,-1.321393,0.859808,-0.776602,0.016653,0.014688,-0.482462,-1.324569,-1.289364,0.898507,0.010267,0.000002
12.033333,0.020292,0.009919,0.007413,-0.527414,-1.269835,0.936383,-0.838136,0.014283,0.011107,-0.462462,-1.289865,-1.269364,0.827707,0.011814,-0.001252
12.066667,0.015791,0.008992,0.006595,-0.607414,-1.189835,1.016383,-0.918136,0.011233,0.014237,-0.422863,-1.251737,-1.209364,0.747707,0.011467,-0.000092
12.100000,0.017982,0.007368,0.006804,-0.695419,-1.089835,1.116383,-1.018136,0.003268,0.017628,-0.359925,-1.221581,-1.109364,0.647707,0.010018,0.004629
12.133333,0.012287,0.008401,0.004407,-0.767270,-1.009845,1.216383,-1.118136,-0.003458,0.017669,-0.318151,-1.213094,-1.009364,0.558612,0.002123,0.005564
12.166667,-0.001575,0.008705,-0.009160,-0.806918,-0.950425,1.316383,-1.218136,-0.004600,0.004343,-0.297720,-1.199832,-0.909364,0.491921,0.005242,0.000042
12.200000,-0.000225,0.011091,-0.013028,-0.842246,-0.906372,1.416383,-1.302056,-0.002544,0.000687,-0.294361,-1.198265,-0.809364,0.446841,0.008170,0.009322
12.233333,0.003019,0.008998,-0.010188,-0.850259,-0.896157,1.515372,-1.368888,-0.004778,-0.000237,-0.292769,-1.205207,-0.709364,0.418224,0.006589,0.010768
12.266667,-0.004939,0.009457,-0.016171,-0.830975,-0.917233,1.583130,-1.406180,0.000700,-0.007305,-0.284444,-1.189495,-0.609364,0.402671,0.001390,0.013797
12.300000,-0.005935,0.015990,-0.019195,-0.824426,-0.933264,1.642188,-1.414248,0.000473,-0.002947,-0.287012,-1.192112,-0.509364,0.416212,0.003340,0.022204
12.333333,0.000406,0.015733,-0.009794,-0.817222,-0.955552,1.672865,-1.394654,-0.003436,0.004018,-0.284401,-1.204711,-0.409364,0.416139,0.002571,0.023409
12.366667,0.002823,0.014694,-0.008657,-0.774338,-0.978551,1.663541,-1.351140,-0.000336,0.014343,-0.284739,-1.196751,-0.320106,0.412866,-0.005247,0.016209
12.400000,0.002599,0.022482,-0.009853,-0.718768,-1.007711,1.615228,-1.284714,-0.004216,0.016719,-0.281086,-1.182755,-0.269105,0.410157,-0.010791,0.024755
12.433333,0.007622,0.020360,-0.002391,-0.662490,-1.045581,1.558147,-1.207827,-0.005810,0.022224,-0.294710,-1.201422,-0.223648,0.418702,-0.005594,0.021911
12.466667,0.011175,0.016072,0.000670,-0.569632,-1.094932,1.469764,-1.120165,-0.003784,0.017662,-0.310694,-1.202640,-0.205443,0.399391,-0.003018,0.016408
12.500000,0.015581,0.015144,0.001150,-0.469632,-1.156489,1.369764,-1.020165,-0.003259,0.021444,-0.326807,-1.199628,-0.217109,0.380290,-0.002206,0.026337
12.533333,0.012865,0.014734,0.005033,-0.380132,-1.223424,1.269764,-0.920165,-0.010333,0.014450,-0.338929,-1.213857,-0.223975,0.362955,0.000399,0.024887
12.566667,0.019242,0.010093,0.009089,-0.311540,-1.273959,1.169764,-0.820165,-0.001273,0.017761,-0.358405,-1.247473,-0.212974,0.357415,0.004320,0.020722
12.600000,0.019952,0.010721,0.013969,-0.267552,-1.310281,1.069764,-0.720165,0.002509,0.025297,-0.378041,-1.260250,-0.220310,0.344075,-0.000846,0.023107
12.633333,0.015875,0.007444,0.014131,-0.246550,-1.329181,0.969764,-0.620165,-0.001971,0.025451,-0.369512,-1.251348,-0.219344,0.331795,-0.006638,0.023448
12.666667,0.015355,0.007162,0.015906,-0.246915,-1.324461,0.869764,-0.536630,-0.001310,0.026916,-0.374156,-1.254462,-0.212596,0.350514,-0.008487,0.013750
12.700000,0.020836,0.005462,0.013122,-0.260107,-1.317223,0.769764,-0.478222,-0.002604,0.022198,-0.382466,-1.250473,-0.217540,0.374003,-0.010074,0.015325
12.733333,0.013335,0.001487,0.011718,-0.273994,-1.311623,0.669764,-0.445533,-0.004590,0.017268,-0.374965,-1.221577,-0.223231,0.387865,-0.008604,0.013644
12.766667,0.007278,0.002523,0.005112,-0.273035,-1.285140,0.569764,-0.421612,-0.005098,0.015624,-0.354300,-1.183323,-0.220336,0.404729,-0.009753,0.012050
12.800000,0.009941,0.006601,0.007236,-0.283732,-1.269701,0.469764,-0.421799,-0.000828,0.022478,-0.351434,-1.179798,-0.216164,0.420209,-0.008961,0.017040
12.833333,0.004902,0.006303,0.004638,-0.284015,-1.270324,0.369764,-0.428782,0.000231,0.017561,-0.341645,-1.173498,-0.207308,0.419974,-0.007316,0.019260
12.866667,-0.004312,0.006303,-0.001362,-0.273490,-1.265681,0.269764,-0.432737,0.007474,0.017891,-0.324885,-1.142194,-0.200030,0.420959,-0.001381,0.022810
12.900000,-0.001343,0.012015,-0.002344,-0.266902,-1.260167,0.185226,-0.422324,0.005836,0.015192,-0.323549,-1.145934,-0.193440,0.409623,0.001277,0.026778
12.933333,0.000564,0.009985,-0.000010,-0.267496,-1.271289,0.115425,-0.422441,0.001553,0.007858,-0.329583,-1.154078,-0.179426,0.380896,0.006797,0.024787
12.966667,-0.002097,0.009884,-0.009752,-0.257958,-1.267778,0.085624,-0.422113,0.007692,0.003824,-0.341960,-1.163055,-0.167881,0.374132,0.010378,0.021145
13.000000,0.003350,0.012865,-0.010634,-0.264473,-1.265113,0.087265,-0.426815,0.005031,0.006553,-0.340459,-1.166005,-0.173376,0.360602,0.014497,0.027947
13.033333,0.007530,0.012919,-0.004533,-0.274992,-1.279710,0.104705,-0.431513,-0.000929,0.010458,-0.348366,-1.192637,-0.166829,0.335011,0.007757,0.025893
13.066667,0.003594,0.016474,-0.010702,-0.299971,-1.269941,0.146683,-0.464859,-0.006238,0.017196,-0.369051,-1.188253,-0.178460,0.342544,0.004516,0.021649
13.100000,0.006281,0.020270,-0.009732,-0.348008,-1.251001,0.213924,-0.518908,-0.009610,0.021753,-0.400961,-1.187723,-0.222218,0.387949,0.007184,0.027399
13.133333,0.006508,0.018023,-0.001506,-0.411536,-1.226626,0.281166,-0.589292,-0.019117,0.021170,-0.422054,-1.163845,-0.282189,0.439571,0.002215,0.026018
13.166667,0.005344,0.023969,-0.000437,-0.488058,-1.179011,0.356965,-0.671387,-0.021614,0.024586,-0.445626,-1.137826,-0.322636,0.493859,-0.006466,0.024276
13.200000,0.001966,0.026000,0.001695,-0.588058,-1.123242,0.456965,-0.771387,-0.017094,0.026051,-0.451342,-1.112547,-0.355913,0.534043,-0.003097,0.027081
13.233333,0.010671,0.016734,0.006954,-0.688058,-1.086846,0.556965,-0.871387,-0.016495,0.020193,-0.438145,-1.106387,-0.349189,0.546537,0.001005,0.026003
13.266667,0.014147,0.014541,0.003811,-0.788058,-1.058030,0.656965,-0.971387,-0.008149,0.024811,-0.408133,-1.104592,-0.308511,0.535179,-0.010040,0.020454
13.300000,0.019486,0.012811,0.001189,-0.886580,-1.054630,0.756965,-1.071387,-0.005435,0.022216,-0.374739,-1.094805,-0.251649,0.495103,-0.009413,0.020027
13.333333,0.019259,0.003884,0.006034,-0.969723,-1.060191,0.856965,-1.171387,-0.000859,0.021020,-0.346782,-1.108644,-0.190490,0.464899,-0.001268,0.014760
13.366667,0.026280,0.001799,0.005361,-1.034008,-1.061590,0.956965,-1.271387,-0.002849,0.023765,-0.342579,-1.113260,-0.143635,0.466815,-0.008429,0.002676
13.400000,0.020463,0.002563,0.004816,-1.073114,-1.073635,1.056965,-1.371110,0.003683,0.026697,-0.329528,-1.119162,-0.116436,0.456421,-0.013979,0.002935
13.433333,0.020466,0.003418,0.008759,-1.072757,-1.076274,1.156965,-1.433781,0.000354,0.021142,-0.317152,-1.105344,-0.113969,0.439626,-0.004495,-0.001456
13.466667,0.027392,0.005118,0.012522,-1.043506,-1.065334,1.256965,-1.469521,0.006390,0.025854,-0.309061,-1.109246,-0.115004,0.430247,-0.006843,0.001961
13.500000,0.031128,0.008161,0.014194,-1.022085,-1.070847,1.356965,-1.496886,0.005058,0.020250,-0.299414,-1.104815,-0.115346,0.402357,-0.008206,0.003342
13.533333,0.021066,0.008161,0.006486,-0.999245,-1.090398,1.456965,-1.512871,0.001996,0.013686,-0.275313,-1.092712,-0.117546,0.363107,-0.000263,0.013588
13.566667,0.017949,0.014688,0.002818,-0.999669,-1.085963,1.556965,-1.512871,0.000021,0.021972,-0.266584,-1.088061,-0.117518,0.354456,0.001889,0.020418
13.600000,0.019727,0.015475,0.003636,-1.002741,-1.094239,1.640275,-1.510848,-0.001913,0.026571,-0.262469,-1.108613,-0.118965,0.351541,0.003469,0.027225
13.633333,0.009227,0.013775,-0.003086,-1.003074,-1.112832,1.696352,-1.522109,-0.006268,0.019120,-0.260571,-1.113004,-0.104864,0.338302,0.009780,0.020290
13.666667,0.011694,0.013023,-0.016683,-0.991926,-1.113593,1.747926,-1.515038,0.000129,0.024812,-0.257892,-1.120623,-0.107584,0.346318,0.011702,0.019502
13.700000,0.019373,0.013023,-0.008219,-0.990230,-1.108315,1.782282,-1.507061,0.002928,0.027466,-0.265184,-1.132888,-0.113035,0.345069,0.014592,0.017671
13.733333,0.023814,0.005955,-0.006563,-0.960039,-1.111644,1.790060,-1.492638,0.002343,0.018181,-0.264905,-1.130683,-0.112527,0.325263,0.016514,0.008051
13.766667,0.018867,0.007345,-0.012747,-0.946030,-1.115255,1.804100,-1.488761,0.001731,0.018304,-0.261888,-1.112898,-0.101305,0.329973,0.015781,0.005854
13.800000,0.020375,0.007345,-0.009404,-0.949523,-1.109430,1.827318,-1.494749,0.000802,0.020754,-0.248967,-1.101059,-0.102457,0.364050,0.016653,0.007941
13.833333,0.015641,0.006564,-0.001960,-0.941923,-1.087777,1.824757,-1.494097,-0.007804,0.020236,-0.240263,-1.070503,-0.094881,0.405327,0.016740,0.010304
13.866667,0.006733,0.009271,-0.003261,-0.911743,-1.048235,1.823346,-1.475180,-0.006100,0.027083,-0.216829,-1.027534,-0.089354,0.475111,0.013101,0.004808
13.900000,0.003339,0.009516,-0.000447,-0.873268,-1.009032,1.837815,-1.467356,-0.004687,0.026514,-0.191120,-0.982611,-0.082295,0.572853,0.012914,0.004830
13.933333,0.000275,0.006257,0.003380,-0.821026,-0.952104,1.823720,-1.462861,-0.001927,0.027126,-0.167881,-0.947496,-0.073258,0.670595,0.017388,0.009089
13.966667,-0.003145,0.009151,-0.000949,-0.744392,-0.890931,1.792623,-1.446801,-0.003848,0.029555,-0.156561,-0.905407,-0.064421,0.770595,0.011585,0.013055
14.000000,-0.009999,0.008807,-0.002035,-0.657879,-0.839710,1.763424,-1.440441,-0.000554,0.025492,-0.136529,-0.872184,-0.058450,0.870595,0.011154,0.011293
14.033333,-0.000481,0.007036,-0.002315,-0.564774,-0.791920,1.717679,-1.446079,-0.004410,0.016760,-0.133710,-0.858756,-0.052628,0.970595,0.009931,0.010392
14.066667,0.003088,0.008857,-0.007437,-0.494582,-0.745926,1.663493,-1.445884,-0.000296,0.021055,-0.142115,-0.856958,-0.059188,1.068148,-0.004058,0.016650
14.100000,0.002878,0.009074,-0.007580,-0.434376,-0.724973,1.622663,-1.448599,-0.000146,0.012721,-0.145559,-0.841409,-0.081377,1.140026,-0.010843,0.017019
14.133333,0.004833,0.006179,-0.004429,-0.394851,-0.701605,1.599580,-1.443720,-0.001049,0.009101,-0.164287,-0.834270,-0.122864,1.197805,-0.005476,0.010436
14.166667,0.014473,0.005694,-0.005420,-0.394179,-0.689522,1.596664,-1.456358,-0.005539,0.006011,-0.213267,-0.836872,-0.181464,1.255584,-0.010971,0.007949
14.200000,0.009754,0.004938,-0.003589,-0.422298,-0.694591,1.614851,-1.462073,-0.004182,0.007942,-0.276217,-0.837521,-0.258973,1.313362,-0.010010,0.013691
14.233333,0.005984,0.009353,0.003983,-0.435511,-0.695889,1.652179,-1.455121,-0.004162,0.005911,-0.352254,-0.823917,-0.354161,1.373588,0.004177,0.012927
14.266667,0.021219,0.017701,0.008829,-0.457155,-0.670380,1.697476,-1.436775,0.000172,0.022140,-0.452254,-0.840176,-0.454161,1.441591,0.001295,0.014416
14.300000,0.022464,0.019551,0.014818,-0.478107,-0.675729,1.741654,-1.441368,0.000489,0.026485,-0.552254,-0.843469,-0.554161,1.499353,-0.002573,0.017712
14.333333,0.015371,0.020977,0.009727,-0.463448,-0.662484,1.775465,-1.438583,0.007098,0.029519,-0.627076,-0.840422,-0.654161,1.536040,0.002686,0.024178
14.366667,0.015698,0.028149,0.008304,-0.427794,-0.635888,1.811792,-1.432469,0.001153,0.036476,-0.661898,-0.847594,-0.740584,1.532727,0.005433,0.028829
14.400000,0.016795,0.023201,0.006181,-0.382838,-0.615802,1.821146,-1.451379,-0.004281,0.034940,-0.656720,-0.863056,-0.787007,1.489415,0.005939,0.029637
14.433333,0.005402,0.019020,-0.003421,-0.313865,-0.602264,1.816163,-1.480346,-0.008433,0.026348,-0.611541,-0.855044,-0.793430,1.424000,0.013612,0.029904
14.466667,0.001435,0.019760,-0.013002,-0.224903,-0.561025,1.802430,-1.502084,-0.005415,0.025328,-0.526363,-0.868700,-0.763898,1.342926,0.011498,0.040044
14.500000,-0.000664,0.018978,-0.007341,-0.132701,-0.529977,1.780031,-1.509801,-0.006357,0.028930,-0.426363,-0.887241,-0.694366,1.242926,0.010189,0.038050
14.533333,-0.002437,0.015379,-0.010824,-0.032701,-0.499507,1.735606,-1.524170,0.001366,0.027188,-0.344619,-0.896718,-0.638411,1.142926,0.008528,0.037086
14.566667,-0.004500,0.013622,-0.013136,0.067299,-0.457511,1.692610,-1.527174,0.006938,0.033589,-0.302876,-0.887497,-0.622456,1.080164,0.001973,0.038816
14.600000,-0.007448,0.008786,-0.011055,0.167299,-0.404917,1.645929,-1.528096,0.005927,0.028964,-0.285704,-0.880341,-0.646502,1.036348,0.001715,0.033307
14.633333,-0.007158,0.006197,-0.005391,0.267299,-0.343109,1.609639,-1.514405,0.004411,0.031583,-0.308533,-0.852425,-0.706502,1.026119,0.007683,0.021844
14.666667,-0.006783,0.009864,-0.006859,0.367299,-0.267633,1.600598,-1.490765,0.007938,0.033605,-0.371362,-0.811825,-0.806502,1.055890,0.005413,0.015698
14.700000,-0.007084,0.008056,-0.003932,0.467299,-0.175617,1.606119,-1.466723,0.006922,0.029720,-0.455934,-0.752726,-0.906502,1.125661,0.007489,0.013501
14.733333,-0.002378,0.008056,-0.007080,0.567299,-0.075617,1.622769,-1.422666,0.003510,0.027909,-0.540507,-0.726241,-1.006502,1.198195,0.011156,0.007892
14.766667,-0.000493,0.011147,-0.011788,0.667299,0.024383,1.654165,-1.387075,0.002300,0.028865,-0.639368,-0.684939,-1.106502,1.272998,0.007090,0.010242
14.800000,-0.000109,0.013053,-0.012262,0.767299,0.124383,1.690287,-1.336070,0.000937,0.027240,-0.718553,-0.658868,-1.206502,1.328523,0.004894,0.012449
14.833333,-0.000297,0.009994,-0.008794,0.867299,0.224383,1.699284,-1.297529,-0.002174,0.024127,-0.773917,-0.638865,-1.306502,1.357438,0.002753,0.020942
14.866667,0.003016,0.013857,-0.007339,0.967299,0.293244,1.684739,-1.241543,-0.000905,0.032446,-0.789280,-0.657329,-1.406502,1.346353,0.000418,0.020951
14.900000,-0.001699,0.015599,-0.002860,1.067299,0.322105,1.644606,-1.182027,0.000076,0.031475,-0.764644,-0.675793,-1.497352,1.295269,0.008200,0.021747
14.933333,-0.003948,0.013130,0.003327,1.167299,0.310966,1.585417,-1.099755,0.003986,0.033356,-0.701146,-0.734257,-1.568202,1.222967,0.015707,0.019056
14.966667,-0.001474,0.011224,0.005602,1.227299,0.259827,1.498291,-1.054737,0.013942,0.030154,-0.627049,-0.815511,-1.599052,1.145443,0.020298,0.017632
15.000000,0.004481,0.009380,0.008158,1.247299,0.168688,1.398291,-1.034737,0.018460,0.032599,-0.558749,-0.915511,-1.589902,1.079380,0.018693,0.015561
15.033333,0.001608,0.004101,0.006821,1.227299,0.068688,1.312506,-1.045486,0.018987,0.023845,-0.504321,-1.002571,-1.540751,1.030058,0.019464,0.012754
15.066667,-0.001193,0.004702,0.003268,1.167299,-0.031312,1.262809,-1.082193,0.017910,0.021741,-0.470600,-1.058538,-1.460751,1.008541,0.015459,0.010717
15.100000,0.001512,0.004778,0.000053,1.067299,-0.131312,1.253113,-1.158899,0.012759,0.017867,-0.444933,-1.106475,-1.360751,0.987024,0.008133,0.011940
15.133333,-0.001381,0.005359,-0.002718,0.967299,-0.231312,1.281179,-1.225436,0.004766,0.018139,-0.428586,-1.137852,-1.260751,0.966107,0.002428,0.012244
15.166667,-0.014769,0.006796,-0.016197,0.867299,-0.331312,1.319328,-1.255904,0.002909,0.006628,-0.404432,-1.135935,-1.160751,0.925764,0.006431,0.007455
15.200000,-0.012388,0.008784,-0.020612,0.767299,-0.431312,1.343262,-1.255622,0.003471,0.003728,-0.376349,-1.143967,-1.060751,0.870682,0.010520,0.017610
15.233333,-0.009727,0.006459,-0.017410,0.667299,-0.531312,1.331107,-1.245921,0.002802,0.001458,-0.348869,-1.159669,-0.960751,0.798339,0.007481,0.020759
15.266667,-0.016452,0.005938,-0.021531,0.567299,-0.631312,1.278952,-1.196221,0.007635,-0.003864,-0.316825,-1.143401,-0.860751,0.725997,0.002126,0.024724
15.300000,-0.018162,0.011481,-0.023178,0.467299,-0.731312,1.189034,-1.116690,0.007928,0.001811,-0.296784,-1.138815,-0.760751,0.678208,0.003811,0.032904
15.333333,-0.010924,0.010176,-0.013129,0.367299,-0.831312,1.089034,-1.033228,0.004951,0.009616,-0.278269,-1.128856,-0.660751,0.636133,0.002363,0.034761
15.366667,-0.009326,0.008432,-0.010136,0.267299,-0.891312,0.989034,-0.949767,0.009349,0.018693,-0.267691,-1.086419,-0.560751,0.613966,-0.007976,0.026502
15.400000,-0.009086,0.016085,-0.010419,0.167299,-0.945099,0.889034,-0.880792,0.006060,0.021987,-0.251579,-1.028614,-0.460751,0.604492,-0.013741,0.034457
15.433333,-0.005307,0.014788,-0.002459,0.082033,-0.969192,0.789034,-0.836194,0.005472,0.028683,-0.258400,-1.004405,-0.360751,0.624668,-0.008302,0.029551
15.466667,-0.001125,0.010969,0.000761,0.012443,-0.971533,0.689034,-0.826046,0.007391,0.024789,-0.270460,-0.972887,-0.270500,0.611851,-0.006313,0.023482
15.500000,0.002356,0.010821,0.000866,-0.046481,-0.962125,0.589034,-0.845879,0.006002,0.028304,-0.285267,-0.955060,-0.212811,0.587895,-0.006054,0.031735
15.533333,-0.000871,0.011545,0.003528,-0.083933,-0.969676,0.489034,-0.884386,-0.000997,0.022330,-0.300039,-0.971932,-0.161240,0.555425,-0.000102,0.031845
15.566667,0.003545,0.007985,0.007436,-0.108917,-0.964532,0.401184,-0.924317,0.008276,0.026048,-0.325671,-1.021673,-0.139360,0.537568,0.002564,0.025495
15.600000,0.006076,0.010410,0.011715,-0.136628,-0.973291,0.349849,-0.960347,0.011412,0.031524,-0.354037,-1.062420,-0.152181,0.512670,-0.000779,0.027795
15.633333,0.003112,0.008106,0.010317,-0.166531,-0.974036,0.332298,-0.998997,0.007829,0.029713,-0.358084,-1.082854,-0.191421,0.515425,-0.004069,0.026570
15.666667,0.001179,0.008907,0.010912,-0.197706,-0.961462,0.354747,-1.040852,0.008073,0.030384,-0.383691,-1.097843,-0.238100,0.558181,-0.004710,0.016306
15.700000,0.006659,0.007691,0.007767,-0.249733,-0.947041,0.417196,-1.104032,0.007332,0.024580,-0.431452,-1.088310,-0.318660,0.627541,-0.005758,0.015129
15.733333,0.001496,0.004964,0.004237,-0.298740,-0.936642,0.507495,-1.173611,0.000548,0.018743,-0.492579,-1.051008,-0.409529,0.699050,-0.001333,0.015575
15.766667,-0.004020,0.007690,-0.004155,-0.334951,-0.905907,0.600621,-1.240791,0.000159,0.016986,-0.564547,-0.989106,-0.505696,0.787952,-0.004144,0.015401
15.800000,-0.003467,0.013926,-0.000506,-0.369169,-0.880925,0.662150,-1.308573,0.002548,0.025775,-0.664547,-0.943921,-0.605696,0.887952,-0.003993,0.020661
15.833333,-0.006089,0.013054,-0.001539,-0.378210,-0.868578,0.686594,-1.368453,0.003841,0.017662,-0.764547,-0.908648,-0.705696,0.987952,-0.001157,0.024369
15.866667,-0.015519,0.012771,-0.004942,-0.347871,-0.852592,0.671038,-1.408304,0.011249,0.017835,-0.849338,-0.858666,-0.805696,1.087952,0.004277,0.029786
15.900000,-0.011962,0.017590,-0.001897,-0.293019,-0.827877,0.615482,-1.440007,0.014691,0.013968,-0.894129,-0.835906,-0.878168,1.187952,0.005757,0.030677
15.933333,-0.012433,0.014521,0.003181,-0.222972,-0.819104,0.520584,-1.474655,0.011366,0.003783,-0.898921,-0.813147,-0.910641,1.287952,0.011787,0.027821
15.966667,-0.014820,0.013796,-0.005984,-0.148322,-0.801797,0.423500,-1.481290,0.018638,-0.002163,-0.863712,-0.797698,-0.903113,1.376754,0.015197,0.025163
16.000000,-0.010034,0.017175,-0.006840,-0.087359,-0.788672,0.323500,-1.468043,0.017170,0.002114,-0.788503,-0.772416,-0.855585,1.425555,0.017913,0.028687
16.033333,-0.007035,0.018744,-0.002213,-0.038089,-0.802695,0.223500,-1.441810,0.013083,0.006885,-0.688503,-0.772749,-0.768057,1.434357,0.010652,0.024255
16.066667,-0.012283,0.020565,-0.009625,-0.019094,-0.839064,0.143612,-1.384879,0.006705,0.014122,-0.588503,-0.776502,-0.668057,1.403159,0.007297,0.021525
16.100000,-0.009463,0.021328,-0.009593,-0.030029,-0.883207,0.103724,-1.306926,0.003560,0.019585,-0.488503,-0.801576,-0.568057,1.351972,0.007940,0.027572
16.133333,-0.009142,0.015817,-0.001900,-0.046896,-0.927776,0.080703,-1.226279,-0.006923,0.018631,-0.388503,-0.816958,-0.468057,1.272863,0.005363,0.026405
16.166667,-0.009715,0.021479,-0.000714,-0.072704,-0.965693,0.097681,-1.149422,-0.010533,0.022509,-0.311690,-0.846100,-0.368057,1.201167,-0.003295,0.027743
16.200000,-0.011045,0.021361,0.000562,-0.126820,-0.988850,0.154660,-1.104208,-0.008270,0.024573,-0.259808,-0.889626,-0.291038,1.129472,-0.002825,0.034021
16.233333,-0.003292,0.013336,0.004829,-0.190660,-0.993690,0.231526,-1.086918,-0.008707,0.018683,-0.238833,-0.936202,-0.237705,1.057777,0.002208,0.033197
16.266667,0.001463,0.014067,0.000898,-0.264571,-0.991191,0.308393,-1.094316,-0.000545,0.023475,-0.257857,-0.993513,-0.224373,0.999900,-0.006313,0.028016
16.300000,0.007073,0.014505,-0.003121,-0.352627,-1.005816,0.408393,-1.134747,0.001456,0.022372,-0.316882,-1.029957,-0.251040,0.981143,-0.007678,0.028047
16.333333,0.005655,0.005464,0.000514,-0.452627,-1.011217,0.508393,-1.205989,0.007688,0.022087,-0.392720,-1.071270,-0.317708,0.994972,-0.000436,0.021577
16.366667,0.012145,0.004012,-0.001103,-0.552627,-1.009506,0.608393,-1.270265,0.004831,0.026464,-0.483626,-1.083956,-0.401395,1.048801,-0.006337,0.006818
16.400000,0.008240,0.004012,-0.002394,-0.645138,-1.013877,0.708393,-1.344892,0.013189,0.030420,-0.583626,-1.077349,-0.501395,1.142630,-0.011115,0.004702
16.433333,0.005790,0.002547,0.001705,-0.701359,-1.007120,0.808393,-1.398179,0.006852,0.025081,-0.675657,-1.039976,-0.601395,1.242630,-0.000828,0.001531
16.466667,0.012561,0.003634,0.005675,-0.728921,-0.986399,0.908393,-1.424310,0.013342,0.030397,-0.742797,-1.024209,-0.701395,1.326339,-0.003469,0.005579
16.500000,0.018630,0.006488,0.006698,-0.745061,-0.980905,1.008393,-1.443625,0.008687,0.025192,-0.787892,-1.007939,-0.801395,1.396365,-0.002535,0.005292
16.533333,0.011101,0.006570,0.000442,-0.732266,-0.989884,1.108393,-1.455510,0.007598,0.017017,-0.794967,-0.989906,-0.901395,1.444686,0.005322,0.014523
16.566667,0.005351,0.014028,-0.002209,-0.688276,-0.984366,1.201280,-1.431993,0.004667,0.023223,-0.762042,-0.991168,-1.001395,1.461113,0.004064,0.024658
16.600000,0.009338,0.014473,-0.000847,-0.640577,-1.007954,1.254167,-1.405128,0.004076,0.029186,-0.697086,-1.031137,-1.101395,1.437540,0.004558,0.031501
16.633333,-0.001230,0.012949,-0.006434,-0.581536,-1.047583,1.267054,-1.365418,0.000599,0.019894,-0.617021,-1.067922,-1.163986,1.390258,0.011524,0.022849
16.666667,-0.000546,0.012341,-0.019387,-0.493917,-1.078158,1.239941,-1.292525,0.010226,0.021885,-0.519001,-1.112539,-1.186577,1.316660,0.012287,0.022900
16.700000,0.003977,0.012798,-0.010431,-0.397187,-1.107594,1.172828,-1.195397,0.010766,0.023192,-0.419001,-1.166628,-1.169168,1.224765,0.015871,0.025290
16.733333,0.010799,0.005814,-0.008870,-0.304526,-1.143720,1.072828,-1.095397,0.010112,0.014905,-0.329425,-1.207594,-1.111759,1.124765,0.020120,0.015174
16.766667,0.005530,0.007717,-0.014415,-0.238430,-1.171560,0.972828,-1.007816,0.008776,0.014549,-0.265194,-1.220728,-1.014350,1.024765,0.018169,0.012874
16.800000,0.007799,0.007717,-0.010631,-0.189666,-1.191233,0.872828,-0.939498,0.006846,0.016019,-0.218191,-1.233723,-0.914350,0.924765,0.016309,0.015764
16.833333,0.003817,0.006991,-0.001974,-0.164416,-1.202235,0.772828,-0.874526,-0.004906,0.017905,-0.191944,-1.228038,-0.814350,0.829398,0.015784,0.019426
16.866667,-0.004963,0.009608,-0.004127,-0.157433,-1.208627,0.672828,-0.820122,-0.004867,0.025817,-0.178885,-1.212314,-0.714350,0.771309,0.010301,0.011860
16.900000,-0.008109,0.009134,-0.001139,-0.162399,-1.224888,0.572828,-0.792156,-0.004264,0.024892,-0.176348,-1.193529,-0.614350,0.749648,0.010407,0.012034
16.933333,-0.008785,0.004821,0.002892,-0.164115,-1.227758,0.472828,-0.770608,-0.000905,0.024199,-0.170938,-1.183804,-0.514350,0.755008,0.013194,0.012243
16.966667,-0.011051,0.008233,-0.002516,-0.162028,-1.237408,0.372828,-0.757474,-0.001343,0.027822,-0.174736,-1.158044,-0.419290,0.785648,0.007398,0.015209
17.000000,-0.014912,0.008232,-0.004472,-0.154393,-1.254342,0.293478,-0.765498,0.003570,0.023824,-0.170663,-1.128322,-0.328923,0.816003,0.006284,0.012567
17.033333,-0.003165,0.005895,-0.004697,-0.143781,-1.256647,0.216070,-0.787503,0.002508,0.014831,-0.177302,-1.097544,-0.242274,0.846804,0.007120,0.010544
17.066667,0.000757,0.007513,-0.010714,-0.136724,-1.241305,0.159944,-0.817761,0.004388,0.021030,-0.184088,-1.051069,-0.159075,0.881176,-0.007758,0.014691
17.100000,0.002249,0.009166,-0.012799,-0.117842,-1.239098,0.116594,-0.852574,0.006437,0.014952,-0.178330,-0.983367,-0.095297,0.921853,-0.011318,0.015326
17.133333,0.004838,0.005754,-0.009200,-0.103458,-1.212556,0.100063,-0.883506,0.003682,0.012123,-0.175131,-0.912445,-0.048279,0.973879,-0.005609,0.008598
17.166667,0.011601,0.004234,-0.010289,-0.095672,-1.185730,0.070937,-0.919944,0.000775,0.008111,-0.175984,-0.842014,-0.005243,1.056203,-0.009337,0.007487
17.200000,0.009028,0.003415,-0.009100,-0.089902,-1.174496,0.061486,-0.946674,0.001731,0.007788,-0.171464,-0.774926,0.021923,1.139755,-0.007091,0.014348
17.233333,0.006463,0.007708,-0.000801,-0.077100,-1.166829,0.068560,-0.948645,0.002195,0.002836,-0.167139,-0.719988,0.031599,1.196810,0.007537,0.012422
17.266667,0.017646,0.016500,0.005387,-0.083868,-1.139651,0.075483,-0.927225,0.004831,0.019054,-0.169061,-0.705051,0.031847,1.229268,0.003489,0.016640
17.300000,0.016159,0.018346,0.010624,-0.089279,-1.144770,0.071195,-0.922009,0.006892,0.022690,-0.173411,-0.704709,0.027715,1.225097,0.004622,0.019582
17.333333,0.010908,0.020396,0.005319,-0.086093,-1.143259,0.077255,-0.902788,0.012708,0.024862,-0.175415,-0.724544,0.017190,1.200366,0.008077,0.022946
17.366667,0.009399,0.028501,0.004977,-0.102582,-1.138082,0.101700,-0.869836,0.007203,0.033195,-0.192994,-0.773045,-0.013745,1.151317,0.006588,0.026954
17.400000,0.011794,0.023619,0.004251,-0.116518,-1.145680,0.109516,-0.853647,0.002413,0.033861,-0.212133,-0.841277,-0.063741,1.090605,0.005461,0.027735
17.433333,0.005533,0.019170,-0.004580,-0.123189,-1.160740,0.132685,-0.845093,-0.001664,0.023855,-0.240111,-0.909297,-0.124888,1.036318,0.011285,0.025684
17.466667,0.006271,0.019951,-0.012689,-0.142011,-1.165801,0.153391,-0.809307,-0.002058,0.020283,-0.249059,-0.991243,-0.199956,0.994362,0.003980,0.032204
17.500000,0.005336,0.018866,-0.005315,-0.159730,-1.181042,0.163526,-0.757515,-0.006044,0.025719,-0.263341,-1.073437,-0.299956,0.947780,0.002525,0.027854
17.533333,0.009283,0.012439,-0.007380,-0.149009,-1.199985,0.152554,-0.711165,-0.000079,0.022862,-0.260152,-1.139921,-0.376038,0.888274,0.003794,0.023030
17.566667,0.007713,0.011411,-0.009838,-0.161880,-1.221190,0.142359,-0.643688,0.005214,0.026508,-0.253749,-1.186909,-0.412120,0.851148,-0.004887,0.026260
17.600000,0.002253,0.005313,-0.008304,-0.173255,-1.238934,0.114326,-0.568574,0.005099,0.019628,-0.238349,-1.216753,-0.408202,0.798869,-0.005194,0.021416
17.633333,0.005593,0.002687,-0.003123,-0.181434,-1.233432,0.093339,-0.493468,0.003315,0.022241,-0.237213,-1.227817,-0.389346,0.745954,0.001127,0.013523
17.666667,0.008269,0.005486,-0.005502,-0.196181,-1.229049,0.104520,-0.430404,0.007704,0.022517,-0.242063,-1.239321,-0.346215,0.698616,-0.003302,0.009910
17.700000,0.003578,0.004181,-0.004499,-0.218833,-1.233300,0.096806,-0.375676,0.006635,0.018840,-0.237753,-1.247234,-0.299523,0.660355,-0.001783,0.010063
17.733333,0.008972,0.004181,-0.009200,-0.219970,-1.222780,0.092634,-0.324727,0.005109,0.017254,-0.250790,-1.274644,-0.284658,0.637873,0.003485,0.003695
17.766667,0.014351,0.005282,-0.014888,-0.223178,-1.232637,0.083053,-0.302647,0.001929,0.019821,-0.251842,-1.285603,-0.296193,0.619580,0.002884,0.005496
17.800000,0.011114,0.006153,-0.016923,-0.225749,-1.253700,0.080502,-0.287289,0.003724,0.020030,-0.254331,-1.298997,-0.322667,0.615000,-0.000716,0.008310
17.833333,0.008175,0.002681,-0.014693,-0.229924,-1.252111,0.054534,-0.279171,0.002173,0.017548,-0.252651,-1.296687,-0.357748,0.617311,0.000003,0.018243
17.866667,0.010572,0.007185,-0.013782,-0.247118,-1.241121,0.040748,-0.267615,0.002555,0.025033,-0.267373,-1.313677,-0.414677,0.645782,-0.005587,0.021138
17.900000,0.006310,0.007185,-0.009642,-0.256919,-1.245274,0.033894,-0.264583,-0.001055,0.023845,-0.268910,-1.291874,-0.479780,0.642126,-0.003874,0.020737
17.933333,0.003257,0.006041,-0.003607,-0.262347,-1.234874,0.042307,-0.252683,0.000167,0.025172,-0.286417,-1.283880,-0.545680,0.654281,-0.004877,0.017018
17.966667,0.005007,0.005170,-0.000084,-0.242788,-1.212860,0.063501,-0.261285,0.007828,0.021592,-0.282337,-1.293123,-0.571580,0.641029,0.002089,0.012034
18.000000,0.012778,0.007326,0.003181,-0.200192,-1.188451,0.091591,-0.290606,0.011160,0.024870,-0.287888,-1.306769,-0.573147,0.605847,0.003094,0.008103
18.033333,0.011514,0.005010,0.002282,-0.138847,-1.151165,0.123774,-0.348480,0.012650,0.016150,-0.285598,-1.303523,-0.540344,0.535671,0.006890,0.002483
18.066667,0.006777,0.009637,-0.000735,-0.086185,-1.096211,0.140370,-0.428480,0.015280,0.013966,-0.281879,-1.306438,-0.467541,0.489650,0.010457,0.000742
18.100000,0.007498,0.013323,-0.002867,-0.031968,-1.027719,0.136966,-0.528480,0.014476,0.009863,-0.276605,-1.320718,-0.367541,0.425044,0.010559,0.002506
18.133333,0.005478,0.015698,-0.005686,0.001098,-0.989225,0.102184,-0.628480,0.008159,0.009363,-0.286642,-1.327751,-0.267541,0.374661,0.004250,0.003492
18.166667,-0.008953,0.016647,-0.018745,0.021508,-0.970785,0.077418,-0.728480,0.007306,-0.002353,-0.286003,-1.317792,-0.167541,0.345121,0.006911,-0.001256
18.200000,-0.008017,0.018117,-0.022901,0.018777,-0.955351,0.053560,-0.828480,0.007924,-0.005475,-0.288117,-1.322945,-0.090105,0.331677,0.010118,0.008479
18.233333,-0.004763,0.015695,-0.019281,0.016226,-0.961090,0.023031,-0.928480,0.007295,-0.008049,-0.290831,-1.337599,-0.019495,0.301804,0.005774,0.010909
18.266667,-0.010335,0.015963,-0.024412,0.024511,-0.994613,0.005744,-1.005170,0.011864,-0.014348,-0.289623,-1.330761,0.041204,0.280328,0.000474,0.013579
18.300000,-0.012878,0.022668,-0.027525,0.013946,-1.010946,0.019520,-1.055223,0.012912,-0.010237,-0.296381,-1.341753,0.064672,0.281840,0.003426,0.021724
18.333333,-0.005299,0.022298,-0.018456,-0.005004,-1.033634,0.013247,-1.079743,0.010397,-0.004908,-0.298989,-1.360174,0.070668,0.267386,0.001531,0.023091
18.366667,-0.001626,0.021113,-0.016526,-0.010536,-1.050154,0.004821,-1.064263,0.014781,0.004162,-0.300686,-1.354420,0.073007,0.249786,-0.007873,0.014950
18.400000,-0.000141,0.028702,-0.018247,-0.026725,-1.073282,0.014428,-1.014569,0.011552,0.006958,-0.290818,-1.338062,0.047940,0.237004,-0.013061,0.022170
18.433333,0.004519,0.026384,-0.011276,-0.055891,-1.087273,0.025374,-0.962460,0.009573,0.013750,-0.290547,-1.348515,0.026307,0.241872,-0.006772,0.017546
18.466667,0.009682,0.020766,-0.008958,-0.066770,-1.111429,0.019431,-0.903134,0.009862,0.011479,-0.284580,-1.334823,0.020350,0.228517,-0.006048,0.010747
18.500000,0.014146,0.019173,-0.009650,-0.083415,-1.148266,0.023528,-0.842289,0.007888,0.014505,-0.262064,-1.310488,0.007267,0.223571,-0.004826,0.018301
18.533333,0.011066,0.018861,-0.007342,-0.093714,-1.197814,0.032403,-0.789063,0.001292,0.008203,-0.221675,-1.296657,0.018974,0.222508,-0.001486,0.016978
18.566667,0.017454,0.013969,-0.004645,-0.101919,-1.228730,0.041346,-0.766647,0.009575,0.012555,-0.169883,-1.282719,0.053219,0.229308,0.001943,0.011192
18.600000,0.019454,0.014214,-0.001770,-0.113416,-1.251806,0.075707,-0.764975,0.014004,0.018971,-0.093971,-1.232095,0.077296,0.220284,-0.002368,0.011168
18.633333,0.017160,0.010752,-0.003982,-0.124783,-1.253254,0.127274,-0.797158,0.012539,0.017434,0.006029,-1.165618,0.111590,0.195764,-0.006772,0.010756
18.666667,0.017838,0.010207,-0.005977,-0.149341,-1.217257,0.195351,-0.856393,0.014782,0.015989,0.106029,-1.096325,0.155168,0.197958,-0.011146,-0.001835
18.700000,0.025888,0.007673,-0.011765,-0.197854,-1.170661,0.283624,-0.948008,0.013767,0.007975,0.206029,-1.002483,0.190355,0.221368,-0.013237,-0.005839
18.733333,0.020592,0.002771,-0.015992,-0.249177,-1.126178,0.383624,-1.043028,0.008764,0.002309,0.306029,-0.902483,0.217203,0.250978,-0.011777,-0.008818
18.766667,0.017367,0.004338,-0.025630,-0.287062,-1.070476,0.483624,-1.143028,0.009341,-0.001121,0.406029,-0.802483,0.244331,0.308352,-0.017068,-0.010207
18.800000,0.018967,0.008052,-0.023629,-0.324151,-1.023467,0.543624,-1.243028,0.013512,0.005786,0.506029,-0.702483,0.270200,0.386472,-0.019717,-0.008420
18.833333,0.013837,0.007161,-0.025826,-0.329212,-1.001058,0.563624,-1.343028,0.017290,0.003104,0.606029,-0.602483,0.284966,0.457518,-0.017534,-0.008177
18.866667,0.004702,0.007161,-0.031082,-0.296239,-0.976058,0.543624,-1.428422,0.027997,0.007843,0.706029,-0.502483,0.292370,0.511901,-0.010743,-0.004184
18.900000,0.006183,0.013928,-0.030228,-0.253209,-0.934645,0.483624,-1.493817,0.032452,0.006012,0.806029,-0.402483,0.293303,0.553826,-0.009973,-0.004106
18.933333,0.003611,0.011274,-0.025440,-0.213112,-0.904233,0.383624,-1.539211,0.029662,-0.000010,0.906029,-0.302483,0.289267,0.568117,-0.003783,-0.009363
18.966667,-0.000586,0.011172,-0.033545,-0.178222,-0.868894,0.283624,-1.564606,0.037344,-0.004877,1.006029,-0.202483,0.271035,0.598173,0.002632,-0.014656
19.000000,0.002373,0.014599,-0.030707,-0.156913,-0.838278,0.183624,-1.564298,0.035883,-0.001359,1.106029,-0.102483,0.239218,0.635303,0.006559,-0.007732
19.033333,0.002000,0.016363,-0.021900,-0.142055,-0.837352,0.083624,-1.538597,0.030813,0.001964,1.166029,-0.034452,0.208885,0.689095,0.001099,-0.010170
19.066667,-0.006304,0.019274,-0.024743,-0.126699,-0.869357,0.009389,-1.492895,0.026404,0.005471,1.186029,-0.006422,0.182057,0.759310,0.002491,-0.010861
19.100000,-0.005368,0.023583,-0.022014,-0.125729,-0.924311,-0.024847,-1.427194,0.024828,0.008283,1.166029,-0.018391,0.136564,0.839972,0.006892,0.000621
19.133333,-0.004789,0.022264,-0.013191,-0.124400,-1.014154,-0.029355,-1.341492,0.011602,0.007820,1.106029,-0.070361,0.090122,0.880633,0.004965,0.005006
19.166667,-0.007623,0.029995,-0.011851,-0.121383,-1.104735,0.006138,-1.241492,0.007307,0.012143,1.006029,-0.162330,0.043681,0.899497,-0.001633,0.009048
19.200000,-0.010986,0.030108,-0.009845,-0.136175,-1.184136,0.081630,-1.141492,0.008448,0.012773,0.906029,-0.262330,-0.027060,0.896010,-0.000724,0.017772
19.233333,-0.001026,0.020430,-0.006347,-0.160006,-1.242471,0.171358,-1.064029,0.006531,0.008337,0.806029,-0.362330,-0.114802,0.880241,0.002618,0.022466
19.266667,0.002280,0.018596,-0.009289,-0.171741,-1.281451,0.261087,-0.990964,0.012503,0.012864,0.706029,-0.462330,-0.202544,0.872820,-0.007380,0.019021
19.300000,0.006496,0.017220,-0.011096,-0.191596,-1.300241,0.361087,-0.957899,0.016703,0.010104,0.606029,-0.562330,-0.302544,0.885021,-0.008185,0.020551
19.333333,0.006636,0.006151,-0.007270,-0.215079,-1.306232,0.452735,-0.941806,0.018564,0.008804,0.506029,-0.662330,-0.400256,0.913282,-0.000429,0.016349
19.366667,0.014983,0.004274,-0.007473,-0.222502,-1.305419,0.504384,-0.925712,0.015452,0.010135,0.406029,-0.762330,-0.479395,0.956152,-0.005921,0.003235
19.400000,0.009415,0.005588,-0.007154,-0.218276,-1.317573,0.516032,-0.891952,0.020043,0.013563,0.306029,-0.862330,-0.551354,0.974699,-0.010432,0.002013
19.433333,0.008612,0.005330,-0.002518,-0.207115,-1.317267,0.487680,-0.853793,0.015440,0.009255,0.206029,-0.962330,-0.619230,0.974744,-0.003146,-0.000536
19.466667,0.017124,0.007143,0.000913,-0.180167,-1.307409,0.436234,-0.775633,0.021253,0.014773,0.106029,-1.062330,-0.661782,0.965476,-0.006078,0.003660
19.500000,0.024101,0.009253,0.003539,-0.161222,-1.313171,0.353140,-0.690232,0.020140,0.009057,0.006029,-1.162330,-0.682235,0.937949,-0.007751,0.003321
19.533333,0.013021,0.010223,-0.003463,-0.153862,-1.329826,0.270045,-0.625316,0.019274,0.005772,-0.084971,-1.237918,-0.699547,0.899937,-0.001275,0.012149
19.566667,0.007131,0.016523,-0.006156,-0.173676,-1.321609,0.204950,-0.577877,0.017316,0.013557,-0.164805,-1.307451,-0.707322,0.897912,-0.002212,0.020529
19.600000,0.007745,0.017388,-0.005089,-0.198224,-1.325349,0.160832,-0.531605,0.013062,0.019240,-0.227154,-1.356985,-0.714299,0.897583,0.000172,0.025750
19.633333,-0.006753,0.014656,-0.010013,-0.215152,-1.340552,0.115749,-0.515275,0.009295,0.011623,-0.274607,-1.380747,-0.724885,0.901754,0.007472,0.020357
19.666667,-0.008404,0.015107,-0.023617,-0.221886,-1.338799,0.104599,-0.502932,0.015270,0.015427,-0.296388,-1.390281,-0.755663,0.925659,0.010159,0.020786
19.700000,-0.002492,0.014850,-0.014704,-0.235969,-1.333637,0.111127,-0.495864,0.015256,0.014265,-0.313764,-1.404061,-0.794068,0.939893,0.013712,0.024063
19.733333,0.003286,0.007657,-0.013104,-0.221774,-1.338913,0.112037,-0.482434,0.015124,0.007181,-0.323356,-1.404061,-0.829985,0.926175,0.017115,0.013655
19.766667,0.001631,0.009480,-0.018535,-0.216225,-1.351113,0.129921,-0.487478,0.017161,0.008549,-0.328557,-1.404061,-0.845464,0.936025,0.015596,0.011504
19.800000,0.005850,0.009480,-0.016204,-0.226568,-1.362847,0.142626,-0.490918,0.014991,0.011978,-0.326862,-1.409834,-0.875907,0.935957,0.013375,0.010414
19.833333,0.004482,0.009616,-0.008092,-0.237515,-1.368318,0.139520,-0.494823,0.007508,0.011847,-0.336673,-1.409834,-0.894973,0.912056,0.011015,0.013377
19.866667,-0.001710,0.012361,-0.009982,-0.241201,-1.368234,0.147056,-0.491848,0.010105,0.021087,-0.341887,-1.404906,-0.927141,0.899718,0.005976,0.004864
19.900000,-0.001688,0.014045,-0.008675,-0.250684,-1.380081,0.176885,-0.508145,0.011606,0.019734,-0.352965,-1.404906,-0.958712,0.901303,0.005680,0.004885
19.933333,-0.003096,0.010933,-0.005669,-0.262721,-1.382627,0.182680,-0.529250,0.013300,0.017813,-0.372393,-1.404906,-1.002861,0.890960,0.009598,0.005961
19.966667,-0.003007,0.015469,-0.010254,-0.264376,-1.386152,0.204850,-0.553418,0.014310,0.019008,-0.407988,-1.404906,-1.053763,0.902730,0.004532,0.009437
20.000000,-0.009283,0.015479,-0.011308,-0.262961,-1.398368,0.246236,-0.591388,0.017496,0.016445,-0.433418,-1.404906,-1.118192,0.910000,0.003807,0.006873
20.033333,-0.000092,0.013907,-0.012522,-0.260919,-1.402816,0.269074,-0.629325,0.012123,0.008284,-0.464734,-1.410000,-1.169436,0.921269,0.001077,0.005557
20.066667,0.004203,0.014596,-0.017612,-0.265426,-1.394532,0.282026,-0.654123,0.015306,0.014506,-0.484529,-1.410000,-1.213305,0.926093,-0.012917,0.009009
20.100000,0.006482,0.014815,-0.018937,-0.256780,-1.396671,0.295178,-0.671779,0.014396,0.008051,-0.480899,-1.410000,-1.243606,0.905515,-0.018250,0.007659
20.133333,0.008369,0.010280,-0.016300,-0.245783,-1.377627,0.300582,-0.670123,0.006965,0.004541,-0.455166,-1.404699,-1.233908,0.865560,-0.014016,0.001563
20.166667,0.019557,0.007788,-0.017831,-0.243009,-1.357644,0.268648,-0.642822,0.001230,-0.002094,-0.413763,-1.404699,-1.186253,0.818200,-0.017262,-0.003294
20.200000,0.020546,0.006099,-0.016648,-0.236516,-1.345428,0.229506,-0.596674,0.004493,-0.001537,-0.356641,-1.404699,-1.112768,0.743175,-0.011838,0.001809
20.233333,0.016553,0.009524,-0.008439,-0.222850,-1.325067,0.202314,-0.534159,0.001515,-0.008599,-0.306047,-1.404699,-1.026462,0.650800,0.000185,0.001905
20.266667,0.028520,0.017288,-0.002911,-0.230490,-1.276516,0.165437,-0.454338,0.004956,0.007368,-0.259941,-1.404699,-0.926462,0.565687,-0.001403,0.006866
20.300000,0.028104,0.018771,0.002274,-0.244183,-1.248458,0.121778,-0.375496,0.009844,0.013341,-0.229088,-1.396149,-0.826462,0.472948,-0.001102,0.011846
20.333333,0.019222,0.020526,-0.003683,-0.246388,-1.215171,0.096778,-0.318009,0.017623,0.017669,-0.213861,-1.393719,-0.726462,0.411155,0.003536,0.018285
20.366667,0.015218,0.028503,-0.003838,-0.261114,-1.184889,0.105899,-0.290722,0.011720,0.023839,-0.210219,-1.392408,-0.626462,0.389362,0.004231,0.022916
20.400000,0.017110,0.024194,-0.005762,-0.267504,-1.172839,0.087068,-0.293754,0.009886,0.023857,-0.202571,-1.390531,-0.526462,0.406414,0.006185,0.022346
20.433333,0.008391,0.020631,-0.013753,-0.255972,-1.186099,0.099849,-0.336785,0.006707,0.013958,-0.224765,-1.379288,-0.466462,0.456205,0.012253,0.022017
20.466667,0.005646,0.023738,-0.020930,-0.247990,-1.206622,0.126882,-0.406746,0.008127,0.010872,-0.253118,-1.385318,-0.446462,0.545995,0.008093,0.028766
20.500000,0.005116,0.024591,-0.012864,-0.238539,-1.238640,0.159104,-0.493016,0.005141,0.012961,-0.305846,-1.387749,-0.466462,0.644840,0.004077,0.028821
20.533333,0.007269,0.021843,-0.015589,-0.210063,-1.270892,0.183006,-0.585150,0.013296,0.007966,-0.362890,-1.389060,-0.526462,0.743685,0.002673,0.027427
20.566667,0.007067,0.021398,-0.016134,-0.203181,-1.305395,0.238122,-0.677859,0.018635,0.013706,-0.439780,-1.390936,-0.626462,0.843685,-0.005107,0.028646
20.600000,0.004645,0.017657,-0.013821,-0.199272,-1.324606,0.283831,-0.751750,0.020937,0.009452,-0.505212,-1.402180,-0.726462,0.938835,-0.007229,0.023857
20.633333,0.006975,0.015845,-0.007445,-0.198079,-1.315009,0.322311,-0.806440,0.018342,0.009223,-0.564876,-1.402903,-0.826462,1.012739,-0.003477,0.012254
20.666667,0.008145,0.019424,-0.008898,-0.201452,-1.301243,0.376940,-0.839924,0.019493,0.011397,-0.609211,-1.402903,-0.926462,1.067615,-0.005244,0.006513
20.700000,0.008766,0.017548,-0.005870,-0.209878,-1.294812,0.406089,-0.862069,0.017719,0.011761,-0.638629,-1.402903,-1.026462,1.102146,-0.006263,0.002172
20.733333,0.013372,0.017618,-0.010574,-0.199920,-1.274116,0.417695,-0.855807,0.014298,0.007918,-0.664594,-1.402903,-1.126462,1.132554,-0.001756,-0.004404
20.766667,0.013605,0.019982,-0.015290,-0.195518,-1.278619,0.407611,-0.856342,0.011022,0.006324,-0.670324,-1.402903,-1.226462,1.131569,-0.005119,-0.003594
20.800000,0.010669,0.020957,-0.016496,-0.188946,-1.292249,0.403237,-0.856523,0.014842,0.007725,-0.673428,-1.410000,-1.326462,1.133855,-0.004725,0.000161
20.833333,0.009952,0.016678,-0.012870,-0.185342,-1.286900,0.375867,-0.858873,0.017749,0.006184,-0.672947,-1.409703,-1.426462,1.136911,-0.003716,0.005217
20.866667,0.011126,0.019796,-0.011343,-0.195641,-1.273920,0.355262,-0.849031,0.015471,0.009169,-0.678814,-1.409703,-1.506562,1.155398,-0.004459,0.008386
20.900000,0.005049,0.021985,-0.006263,-0.199846,-1.274976,0.345216,-0.852518,0.014747,0.007470,-0.670509,-1.409703,-1.577335,1.144336,-0.003198,0.011373
20.933333,0.003800,0.020073,-0.000451,-0.200630,-1.260816,0.350221,-0.848027,0.016850,0.008308,-0.676516,-1.409703,-1.628107,1.149518,-0.000959,0.009901
20.966667,0.012041,0.016320,0.001044,-0.217757,-1.249524,0.369888,-0.863091,0.017238,0.007609,-0.657237,-1.399950,-1.638879,1.132673,0.005714,0.005754
21.000000,0.019508,0.016716,0.002926,-0.253246,-1.264580,0.412552,-0.897191,0.011009,0.013363,-0.616870,-1.396839,-1.609652,1.094087,0.007651,0.003600
21.033333,0.018739,0.013083,0.001359,-0.298793,-1.279039,0.485567,-0.958758,0.007019,0.010247,-0.557007,-1.396449,-1.560324,1.020416,0.012216,-0.001408
21.066667,0.018103,0.014316,-0.002598,-0.378793,-1.277741,0.565567,-1.038758,0.001514,0.013572,-0.477007,-1.383767,-1.480324,0.940416,0.019022,-0.005285
21.100000,0.022802,0.014167,-0.004644,-0.438793,-1.262629,0.665567,-1.116751,-0.008810,0.013900,-0.386537,-1.380250,-1.380324,0.840416,0.020846,-0.006152
21.133333,0.016910,0.015299,-0.005444,-0.458793,-1.266122,0.765567,-1.169088,-0.017184,0.011512,-0.317747,-1.388690,-1.280324,0.740416,0.015680,-0.005418
21.166667,0.002743,0.015458,-0.017897,-0.438793,-1.260892,0.838563,-1.181424,-0.015306,-0.001372,-0.270075,-1.375991,-1.180324,0.640416,0.018761,-0.008495
21.200000,0.003277,0.015600,-0.020777,-0.378793,-1.252118,0.871559,-1.153761,-0.012166,-0.005877,-0.240513,-1.376381,-1.080324,0.540416,0.024460,0.002648
21.233333,0.005661,0.012313,-0.016408,-0.278793,-1.263825,0.864556,-1.088762,-0.012210,-0.009865,-0.233809,-1.389063,-0.980324,0.440416,0.018614,0.007485
21.266667,-0.001963,0.011799,-0.021607,-0.178793,-1.301318,0.817552,-1.005769,-0.006797,-0.017031,-0.229847,-1.382189,-0.880324,0.340416,0.012855,0.013512
21.300000,-0.003482,0.019235,-0.024438,-0.078793,-1.317810,0.730548,-0.911201,-0.005471,-0.010273,-0.236229,-1.383503,-0.780324,0.278007,0.013466,0.022940
21.333333,0.004549,0.018213,-0.014742,0.009647,-1.335716,0.630548,-0.828166,-0.008872,-0.003650,-0.237407,-1.399609,-0.680324,0.221465,0.011557,0.026008
21.366667,0.006679,0.017076,-0.013397,0.071063,-1.335112,0.530548,-0.745132,-0.006300,0.006365,-0.240530,-1.394085,-0.580324,0.184643,0.002337,0.018070
21.400000,0.008395,0.024830,-0.014879,0.101386,-1.339686,0.430548,-0.677371,-0.009096,0.010430,-0.235074,-1.376495,-0.480324,0.170078,-0.001558,0.024727
21.433333,0.013839,0.022596,-0.007934,0.108713,-1.325177,0.330548,-0.621800,-0.009019,0.017820,-0.242812,-1.386886,-0.380324,0.182896,0.004794,0.019729
21.466667,0.018391,0.017806,-0.005794,0.086532,-1.312325,0.242251,-0.581203,-0.007998,0.014052,-0.250188,-1.384191,-0.280324,0.179335,0.005830,0.014840
21.500000,0.021421,0.016866,-0.006750,0.042721,-1.302020,0.170222,-0.543437,-0.010643,0.016422,-0.255503,-1.371185,-0.192445,0.183988,0.006466,0.024481
21.533333,0.017355,0.016558,-0.003533,0.001204,-1.297236,0.105745,-0.505745,-0.015745,0.010620,-0.255321,-1.373327,-0.110839,0.194789,0.007441,0.026425
21.566667,0.021197,0.010344,-0.000154,-0.033891,-1.264671,0.053495,-0.468898,-0.007859,0.015390,-0.262920,-1.390917,-0.046881,0.211418,0.011304,0.020203
21.600000,0.019820,0.011581,0.005179,-0.072824,-1.226600,0.022601,-0.430231,-0.004624,0.023164,-0.270667,-1.390917,-0.002176,0.218407,0.006074,0.021298
21.633333,0.013640,0.007803,0.005275,-0.103699,-1.177274,-0.006158,-0.401748,-0.006358,0.022236,-0.251716,-1.373611,0.025229,0.218183,0.001848,0.021141
21.666667,0.011567,0.007724,0.007156,-0.112776,-1.104181,-0.015986,-0.391318,-0.004073,0.023533,-0.250964,-1.360335,0.041587,0.243877,-0.002694,0.008754
21.700000,0.017789,0.005991,0.005106,-0.113073,-1.022460,-0.031257,-0.420815,-0.007305,0.018184,-0.253302,-1.342687,0.049730,0.265271,-0.002508,0.004240
21.733333,0.011415,0.003093,0.004564,-0.111185,-0.952038,-0.038668,-0.464257,-0.012107,0.012443,-0.245922,-1.304274,0.053008,0.279377,-0.001495,0.006683
21.766667,0.007876,0.005238,-0.001929,-0.088476,-0.879681,-0.041221,-0.515741,-0.011873,0.009100,-0.226866,-1.254463,0.057111,0.301883,-0.002236,0.008326
21.800000,0.008167,0.010756,0.001825,-0.079563,-0.820182,-0.043962,-0.577896,-0.009317,0.016388,-0.226669,-1.238594,0.060320,0.332054,-0.001007,0.012974
21.833333,0.004276,0.010031,0.000881,-0.069672,-0.789643,-0.066033,-0.635668,-0.005356,0.010805,-0.215806,-1.227801,0.064393,0.350453,0.004077,0.014245
21.866667,-0.004800,0.010031,-0.005188,-0.058479,-0.777677,-0.070027,-0.675500,0.004254,0.011492,-0.199817,-1.192042,0.061350,0.378161,0.010902,0.022799
21.900000,-0.003666,0.016645,-0.005886,-0.052196,-0.762881,-0.074271,-0.705356,0.005322,0.009522,-0.194429,-1.193666,0.057608,0.406500,0.011097,0.026111
21.933333,-0.005547,0.013540,-0.003538,-0.059561,-0.766407,-0.089367,-0.738892,-0.000196,0.002053,-0.197006,-1.200190,0.061271,0.417355,0.016795,0.021632
21.966667,-0.007003,0.013455,-0.014961,-0.059208,-0.764465,-0.083243,-0.746699,0.005038,-0.004351,-0.205133,-1.212771,0.061724,0.438624,0.019844,0.018210
22.000000,-0.002109,0.017369,-0.016100,-0.074472,-0.765538,-0.074659,-0.735251,0.000616,-0.001228,-0.199100,-1.219329,0.048178,0.445639,0.021745,0.025315
22.033333,0.000788,0.018889,-0.010932,-0.087207,-0.783795,-0.081393,-0.712687,-0.006001,0.004215,-0.199472,-1.253519,0.052925,0.431282,0.011996,0.019026
22.066667,-0.003564,0.021375,-0.016092,-0.097629,-0.815735,-0.082349,-0.677887,-0.011218,0.008776,-0.198950,-1.269697,0.057265,0.420399,0.011059,0.012162
22.100000,-0.000716,0.024094,-0.015203,-0.115347,-0.852629,-0.058666,-0.638293,-0.012009,0.014950,-0.202936,-1.289782,0.038301,0.426117,0.010729,0.017040
22.133333,0.003018,0.018830,-0.005957,-0.131182,-0.887184,-0.064380,-0.596690,-0.021463,0.014379,-0.192047,-1.289434,0.032850,0.406839,0.005452,0.015932
22.166667,0.001132,0.024552,-0.005520,-0.139269,-0.921815,-0.052785,-0.558558,-0.023834,0.018833,-0.193725,-1.293038,0.030353,0.400432,-0.003802,0.014952
22.200000,-0.001978,0.024089,-0.002215,-0.154628,-0.946073,-0.034138,-0.533639,-0.017929,0.017891,-0.189104,-1.300195,0.010608,0.399475,-0.002243,0.022646
22.233333,0.005285,0.014682,0.001740,-0.164329,-0.962827,-0.025221,-0.524306,-0.015650,0.010607,-0.187644,-1.317102,-0.000350,0.402748,0.000629,0.024015
22.266667,0.009609,0.012406,-0.001199,-0.159183,-0.977130,-0.039575,-0.507086,-0.009024,0.012826,-0.175908,-1.340305,0.001578,0.417056,-0.009465,0.021818
22.300000,0.011483,0.012237,-0.003030,-0.151181,-1.023358,-0.027680,-0.519008,-0.004940,0.012456,-0.171658,-1.352305,-0.028606,0.455414,-0.008319,0.023421
22.333333,0.012048,0.002601,0.001541,-0.150604,-1.060554,-0.033064,-0.551320,-0.000230,0.011634,-0.167543,-1.379219,-0.061092,0.506927,0.000206,0.018445
22.366667,0.018112,0.001544,0.000073,-0.152088,-1.100517,-0.031883,-0.588999,-0.003500,0.013828,-0.190804,-1.393599,-0.113020,0.583485,-0.004060,0.005653
22.400000,0.012931,0.002495,0.000039,-0.153187,-1.153214,-0.006588,-0.640214,0.003787,0.016408,-0.220165,-1.397302,-0.190117,0.670911,-0.009930,0.003843
22.433333,0.008535,0.002466,0.004204,-0.157529,-1.192899,0.041977,-0.701081,0.000883,0.009457,-0.268875,-1.380287,-0.285770,0.752048,0.000974,-0.000229
22.466667,0.015109,0.004833,0.006900,-0.173038,-1.209510,0.098823,-0.754776,0.006877,0.013674,-0.335604,-1.375605,-0.381423,0.836461,-0.002019,0.002564
22.500000,0.018976,0.008770,0.009431,-0.202839,-1.241191,0.177307,-0.815828,0.007499,0.006732,-0.422400,-1.366221,-0.481423,0.920873,-0.003846,0.002956
22.533333,0.009775,0.010416,0.003268,-0.251190,-1.274491,0.277307,-0.887356,0.006475,0.000554,-0.509196,-1.346515,-0.581423,1.005286,0.002455,0.010476
22.566667,0.005583,0.018856,0.000162,-0.320499,-1.276479,0.377307,-0.959247,0.003048,0.008418,-0.596126,-1.345164,-0.681423,1.087230,0.005632,0.018236
22.600000,0.009517,0.022439,-0.000062,-0.414454,-1.290387,0.477307,-1.043533,0.001662,0.015432,-0.669404,-1.362179,-0.781423,1.159383,0.006579,0.022730
22.633333,0.000720,0.020071,-0.006975,-0.509426,-1.312635,0.577307,-1.123721,0.001092,0.008592,-0.722054,-1.368449,-0.881423,1.207312,0.012807,0.015656
22.666667,0.001501,0.018129,-0.021472,-0.568968,-1.316823,0.677307,-1.163909,0.004332,0.012883,-0.742483,-1.377833,-0.981423,1.231787,0.017855,0.015195
22.700000,0.006457,0.018059,-0.014016,-0.607323,-1.318988,0.777307,-1.175485,0.007370,0.015530,-0.741205,-1.395734,-1.081423,1.219743,0.020599,0.013060
22.733333,0.011636,0.009909,-0.012870,-0.605677,-1.333098,0.874483,-1.149683,0.005537,0.007877,-0.711110,-1.397085,-1.181423,1.170168,0.022920,0.002773
22.766667,0.010432,0.010972,-0.017495,-0.564032,-1.351418,0.931660,-1.092423,0.005510,0.008079,-0.659182,-1.394762,-1.270383,1.112680,0.020524,0.001027
22.800000,0.012400,0.010972,-0.014164,-0.491967,-1.368365,0.948837,-1.020239,0.000171,0.007393,-0.587883,-1.404809,-1.319343,1.045010,0.019983,0.004046
22.833333,0.010911,0.011751,-0.005942,-0.429397,-1.376659,0.926014,-0.948056,-0.006903,0.007694,-0.508804,-1.404809,-1.328303,0.960795,0.018424,0.006973
22.866667,0.004870,0.013588,-0.007698,-0.361697,-1.380464,0.863191,-0.868992,-0.009052,0.012730,-0.411431,-1.402145,-1.297262,0.873099,0.014521,0.002801
22.900000,0.003492,0.013403,-0.005632,-0.306667,-1.391608,0.763191,-0.809712,-0.007167,0.011153,-0.326060,-1.402145,-1.226222,0.785402,0.012817,0.004184
22.933333,0.001105,0.009024,-0.002270,-0.274554,-1.389436,0.663190,-0.764707,-0.004870,0.007754,-0.264778,-1.404468,-1.126222,0.692575,0.016559,0.007495
22.966667,-0.001131,0.011986,-0.006122,-0.252373,-1.390319,0.563190,-0.722393,-0.005535,0.011467,-0.237842,-1.404468,-1.026222,0.616320,0.011416,0.007066
23.000000,-0.007854,0.010388,-0.007824,-0.235876,-1.399641,0.463190,-0.694429,-0.003057,0.007744,-0.226996,-1.404468,-0.926222,0.540349,0.010304,0.002530
23.033333,0.001207,0.007730,-0.008287,-0.229248,-1.401161,0.363190,-0.679105,-0.006507,0.000150,-0.243805,-1.410000,-0.826222,0.491561,0.010296,0.001584
23.066667,0.005261,0.008468,-0.013437,-0.236913,-1.393476,0.280867,-0.661962,-0.003576,0.006061,-0.271607,-1.410000,-0.726222,0.467345,-0.001895,0.004573
23.100000,0.005401,0.008189,-0.014329,-0.236342,-1.397400,0.218100,-0.651886,-0.003460,-0.000507,-0.287177,-1.410000,-0.626222,0.443356,-0.006149,0.003062
23.133333,0.007736,0.005227,-0.010757,-0.238403,-1.385790,0.186873,-0.646235,-0.004847,-0.003456,-0.295119,-1.401640,-0.530578,0.427747,-0.001767,-0.003399
23.166667,0.017779,0.004051,-0.011010,-0.247887,-1.376453,0.172251,-0.653958,-0.007564,-0.007379,-0.306939,-1.401640,-0.449132,0.424647,-0.007212,-0.002184
23.200000,0.016304,0.003296,-0.009226,-0.254579,-1.380581,0.177365,-0.661541,-0.004241,-0.005874,-0.309422,-1.401640,-0.389685,0.419198,-0.006614,0.002086
23.233333,0.011850,0.007187,-0.001018,-0.248048,-1.381709,0.204802,-0.662422,-0.004750,-0.010891,-0.308034,-1.401640,-0.345697,0.410521,0.005859,0.003091
23.266667,0.026106,0.015611,0.004214,-0.260068,-1.367933,0.234395,-0.649085,-0.002920,0.006587,-0.302226,-1.401640,-0.326448,0.423878,0.002126,0.005412
23.300000,0.024887,0.017078,0.009306,-0.269819,-1.379544,0.244779,-0.654825,-0.001168,0.009840,-0.297472,-1.410000,-0.321987,0.417672,0.002044,0.010352
23.333333,0.016685,0.018919,0.002792,-0.271115,-1.383122,0.265988,-0.659952,0.004970,0.010518,-0.288042,-1.410000,-0.325584,0.433021,0.007718,0.012680
23.366667,0.015494,0.026459,0.002033,-0.291651,-1.381585,0.307463,-0.672688,-0.001039,0.016225,-0.290498,-1.410000,-0.347182,0.463536,0.010864,0.016850
23.400000,0.019775,0.022652,0.000338,-0.312844,-1.388142,0.348938,-0.706718,-0.003918,0.013754,-0.293468,-1.410000,-0.393321,0.507240,0.010650,0.016721
23.433333,0.010015,0.019803,-0.008498,-0.324944,-1.401918,0.408700,-0.764283,-0.005397,0.002560,-0.326915,-1.402638,-0.454722,0.561509,0.016647,0.016518
23.466667,0.010124,0.022426,-0.016397,-0.353627,-1.401918,0.496132,-0.817476,-0.004554,0.001011,-0.361729,-1.398674,-0.536979,0.650390,0.013732,0.023854
23.500000,0.010073,0.023004,-0.008100,-0.381929,-1.407862,0.596132,-0.857666,-0.005992,0.005229,-0.417991,-1.398673,-0.636979,0.744922,0.011430,0.020498
23.533333,0.011107,0.020035,-0.010802,-0.382368,-1.410000,0.689795,-0.897763,0.002216,0.003243,-0.464884,-1.398673,-0.736979,0.817274,0.009277,0.017459
23.566667,0.011083,0.018572,-0.012331,-0.403140,-1.410000,0.783459,-0.933449,0.006933,0.009584,-0.518607,-1.398673,-0.836979,0.895093,0.003269,0.015480
23.600000,0.009069,0.013448,-0.009688,-0.421363,-1.410000,0.863707,-0.953705,0.008269,0.005582,-0.558082,-1.406035,-0.936979,0.950844,0.002181,0.008333
23.633333,0.011491,0.010872,-0.004666,-0.436918,-1.394972,0.933885,-0.964110,0.006976,0.005321,-0.590468,-1.400456,-1.036979,0.983347,0.006872,-0.002397
23.666667,0.014595,0.014117,-0.008205,-0.474136,-1.373271,1.004063,-1.000408,0.008481,0.006981,-0.586117,-1.400456,-1.115883,0.975849,0.004313,-0.005847
23.700000,0.013798,0.013150,-0.007546,-0.539217,-1.361496,1.080578,-1.052180,0.005071,0.002435,-0.560930,-1.399153,-1.154786,0.950532,0.006282,-0.007909
23.733333,0.018039,0.014057,-0.013783,-0.599302,-1.342078,1.157093,-1.101674,0.003011,-0.002589,-0.506648,-1.399153,-1.153690,0.909079,0.011964,-0.010894
23.766667,0.020921,0.017062,-0.020674,-0.671765,-1.330779,1.247023,-1.173403,-0.000383,-0.002631,-0.428700,-1.399153,-1.112594,0.849692,0.011969,-0.007843
23.800000,0.017997,0.018124,-0.022582,-0.731072,-1.321747,1.341400,-1.232726,-0.001583,-0.003499,-0.344522,-1.397143,-1.031498,0.773555,0.010270,-0.007483
23.833333,0.014035,0.014751,-0.019142,-0.761025,-1.304727,1.399297,-1.263045,0.000086,-0.005828,-0.281632,-1.382229,-0.931498,0.697418,0.012930,-0.000180
23.866667,0.018067,0.017503,-0.016695,-0.750978,-1.296546,1.417195,-1.253365,0.001687,0.001695,-0.239685,-1.383532,-0.831498,0.639621,0.011056,0.002807
23.900000,0.012206,0.017695,-0.010678,-0.711199,-1.315964,1.395092,-1.215197,-0.000609,0.000082,-0.220274,-1.378639,-0.731498,0.565783,0.013382,0.004894
23.933333,0.009502,0.014249,-0.003896,-0.657450,-1.327263,1.352990,-1.159565,0.000735,-0.001285,-0.220863,-1.373745,-0.651498,0.511946,0.015604,0.004990
23.966667,0.010512,0.013185,-0.003677,-0.608096,-1.351323,1.296510,-1.110562,0.001820,-0.002448,-0.225629,-1.380405,-0.591498,0.478109,0.016533,0.006697
