time_sec,joint_pelvisYaw,joint_pelvisPitch,joint_pelvisRoll,joint_lShoulderPitch,joint_lShoulderRoll,joint_lShoulderYaw,joint_lElbow,joint_lWristRoll,joint_lWristPitch,joint_rShoulderPitch,joint_rShoulderRoll,joint_rShoulderYaw,joint_rElbow,joint_rWristRoll,joint_rWristPitch
0.000000,0.000019,0.007915,-0.006903,-1.045311,-1.348143,1.664955,-1.359921,0.005085,-0.014336,-0.621485,-1.249389,-0.615648,1.570000,0.018704,-0.014695
0.033333,0.004559,0.006411,0.002817,-1.013013,-1.324329,1.633062,-1.340588,0.011116,-0.011505,-0.554225,-1.247937,-0.515648,1.556976,0.017093,-0.014144
0.066667,0.002429,0.008689,0.000963,-1.003336,-1.319655,1.625107,-1.334370,0.011255,-0.010005,-0.524687,-1.242138,-0.454812,1.556976,0.018807,-0.014464
0.100000,0.002885,0.009552,-0.001287,-0.977297,-1.306059,1.602347,-1.314488,0.006607,-0.011910,-0.483189,-1.250055,-0.375790,1.556976,0.014310,-0.013243
0.133333,0.001460,0.010599,-0.003544,-0.963651,-1.320663,1.584776,-1.303345,-0.002426,-0.010404,-0.457659,-1.269915,-0.293508,1.570000,0.009693,-0.012374
0.166667,-0.011445,0.010858,-0.017694,-0.918379,-1.319728,1.537505,-1.266124,-0.000064,-0.019235,-0.444304,-1.268940,-0.240538,1.570000,0.014433,-0.018071
0.200000,-0.010460,0.012724,-0.021295,-0.848658,-1.313326,1.469637,-1.205859,0.003378,-0.019550,-0.453768,-1.283845,-0.227568,1.570000,0.020718,-0.007811
0.233333,-0.007913,0.009249,-0.017685,-0.764688,-1.324498,1.382725,-1.131243,0.001161,-0.019252,-0.471032,-1.317722,-0.231960,1.570000,0.017825,-0.008199
0.266667,-0.011788,0.008767,-0.022279,-0.677081,-1.349984,1.290617,-1.050400,0.004369,-0.020503,-0.520254,-1.321475,-0.275108,1.567910,0.017729,-0.007143
0.300000,-0.011288,0.014629,-0.023890,-0.577081,-1.355280,1.190617,-0.969385,0.003516,-0.013935,-0.590413,-1.342792,-0.355038,1.567910,0.019464,0.001145
0.333333,0.000469,0.014668,-0.012094,-0.484250,-1.366018,1.090617,-0.909330,-0.000172,-0.006294,-0.674046,-1.363714,-0.445656,1.567910,0.017757,0.004544
0.366667,0.007263,0.012828,-0.009107,-0.418063,-1.359431,0.990617,-0.855214,0.003061,0.002327,-0.760112,-1.352085,-0.536274,1.567839,0.004904,-0.004066
0.400000,0.011815,0.022717,-0.009176,-0.384306,-1.358605,0.890617,-0.834858,-0.001080,0.003428,-0.855778,-1.318559,-0.636274,1.567839,-0.000848,0.004527
0.433333,0.018654,0.022242,0.000623,-0.374569,-1.347832,0.790617,-0.836842,-0.000486,0.009913,-0.938758,-1.317746,-0.736274,1.569929,0.002921,0.003163
0.466667,0.022914,0.019739,0.002795,-0.390473,-1.341379,0.708258,-0.847129,0.000317,0.005851,-1.010735,-1.295295,-0.836274,1.569929,0.005240,0.000391
0.500000,0.027359,0.020238,0.002406,-0.425494,-1.343359,0.648749,-0.857053,0.001268,0.005896,-1.056257,-1.267095,-0.936274,1.569929,0.005663,0.010179
0.533333,0.022620,0.021398,0.004497,-0.445818,-1.359943,0.595972,-0.869322,-0.004441,-0.000813,-1.075221,-1.262978,-1.036274,1.570000,0.009346,0.012521
0.566667,0.026398,0.016410,0.007476,-0.450452,-1.362986,0.544788,-0.858550,0.005069,0.003978,-1.070926,-1.286005,-1.136274,1.570000,0.014900,0.006462
0.600000,0.027756,0.017078,0.011381,-0.446880,-1.374239,0.503822,-0.831521,0.009359,0.009524,-1.055686,-1.295256,-1.228341,1.570000,0.011480,0.008416
0.633333,0.025286,0.012670,0.011008,-0.427249,-1.384817,0.445215,-0.792779,0.008571,0.007653,-1.011448,-1.291033,-1.295579,1.555217,0.006643,0.006669
0.666667,0.020724,0.012156,0.010830,-0.388741,-1.382194,0.377848,-0.733440,0.009588,0.008718,-0.953665,-1.314021,-1.322816,1.520433,0.003915,-0.007449
0.700000,0.028306,0.009048,0.007748,-0.358714,-1.386858,0.303749,-0.666156,0.008139,0.000938,-0.882441,-1.340896,-1.310053,1.465649,0.003243,-0.010588
0.733333,0.021250,0.004007,0.004334,-0.332764,-1.388229,0.232619,-0.610528,0.003321,-0.003402,-0.798808,-1.343226,-1.257290,1.390866,0.004587,-0.010327
0.766667,0.016673,0.006631,-0.005613,-0.301437,-1.374457,0.167935,-0.548705,0.003874,-0.003062,-0.698808,-1.338532,-1.172461,1.296082,0.000489,-0.009243
0.800000,0.014625,0.012540,-0.005526,-0.294356,-1.370644,0.118224,-0.487288,0.007260,0.006229,-0.598808,-1.365659,-1.072461,1.196082,0.000912,-0.003306
0.833333,0.013468,0.010934,-0.008908,-0.293164,-1.378046,0.066048,-0.444815,0.007910,0.000623,-0.498808,-1.381079,-0.972461,1.096082,0.004033,0.001685
0.866667,0.003118,0.010934,-0.015600,-0.283885,-1.377949,0.034634,-0.418689,0.015458,0.003743,-0.398808,-1.365946,-0.872461,0.996082,0.010893,0.010034
0.900000,0.006601,0.016676,-0.015446,-0.284604,-1.378110,0.018800,-0.386788,0.015681,-0.001912,-0.310889,-1.378158,-0.772461,0.896082,0.011466,0.012469
0.933333,0.005389,0.011897,-0.013053,-0.292891,-1.391461,0.000258,-0.371367,0.008262,-0.014102,-0.246236,-1.391582,-0.672461,0.796082,0.020088,0.007816
0.966667,0.003885,0.009089,-0.023398,-0.291790,-1.381608,0.000812,-0.362560,0.013989,-0.021348,-0.213137,-1.391582,-0.572461,0.700599,0.024993,0.002172
1.000000,0.008623,0.010223,-0.023842,-0.297235,-1.371677,0.006140,-0.350775,0.010218,-0.015951,-0.185940,-1.391582,-0.472461,0.611493,0.027983,0.007015
1.033333,0.009897,0.011092,-0.017174,-0.303302,-1.377226,-0.005031,-0.338373,0.004108,-0.010785,-0.182277,-1.406714,-0.372461,0.534350,0.020829,0.000729
1.066667,0.004630,0.012198,-0.022170,-0.296755,-1.379352,-0.016372,-0.327948,-0.000424,-0.002463,-0.186835,-1.406714,-0.272461,0.476663,0.017974,-0.003862
1.100000,0.005578,0.014842,-0.017875,-0.299572,-1.379772,-0.001669,-0.324014,-0.004208,0.004016,-0.197255,-1.410000,-0.199253,0.441932,0.017180,0.004626
1.133333,0.006382,0.011741,-0.005769,-0.299409,-1.390171,-0.016936,-0.316813,-0.015132,0.003348,-0.190851,-1.408684,-0.129734,0.404678,0.009366,0.005174
1.166667,0.003595,0.020077,-0.003311,-0.297209,-1.391267,-0.012006,-0.309207,-0.016468,0.005017,-0.198964,-1.399422,-0.091090,0.386084,0.000086,0.004972
1.200000,0.002096,0.019695,0.000145,-0.300697,-1.387228,0.002059,-0.306831,-0.013285,0.004832,-0.199872,-1.399422,-0.076371,0.366942,0.000714,0.010407
1.233333,0.009391,0.012600,0.005294,-0.306548,-1.382491,0.010454,-0.309878,-0.014097,-0.002185,-0.207366,-1.399422,-0.074712,0.355271,0.002956,0.012226
1.266667,0.015106,0.011327,0.001696,-0.300419,-1.376552,-0.001539,-0.291447,-0.003595,0.000786,-0.205230,-1.399422,-0.065759,0.350292,-0.008832,0.003889
1.300000,0.020179,0.011327,-0.002199,-0.295852,-1.383273,0.011423,-0.295617,-0.001389,-0.000542,-0.211566,-1.394023,-0.090280,0.367030,-0.005798,0.004032
1.333333,0.019797,0.001858,0.003122,-0.301366,-1.386717,0.006050,-0.309328,0.003435,-0.001900,-0.216226,-1.403285,-0.105291,0.395639,0.002695,-0.000359
1.366667,0.028212,0.001371,0.001572,-0.307656,-1.380163,-0.001916,-0.320237,0.002216,-0.002429,-0.234020,-1.403285,-0.119050,0.451279,-0.002824,-0.013093
1.400000,0.024829,0.001371,-0.000561,-0.309054,-1.382015,0.003649,-0.330002,0.011821,-0.001161,-0.237691,-1.403285,-0.155276,0.490042,-0.006424,-0.011349
1.433333,0.022826,0.002441,0.003189,-0.303485,-1.370810,0.026632,-0.351653,0.005602,-0.007022,-0.242252,-1.388510,-0.207430,0.515508,0.003940,-0.011382
1.466667,0.029075,0.004632,0.006744,-0.289121,-1.348014,0.050229,-0.342603,0.014119,-0.002562,-0.244354,-1.381866,-0.247033,0.534327,-0.001659,-0.003662
1.500000,0.034534,0.008007,0.009335,-0.273617,-1.337747,0.055566,-0.333741,0.010950,-0.006271,-0.240406,-1.372960,-0.280744,0.533193,-0.005183,0.000769
1.533333,0.021286,0.008007,0.001977,-0.255575,-1.341745,0.050098,-0.338976,0.006215,-0.009544,-0.221511,-1.351367,-0.311438,0.517721,0.000681,0.009949
1.566667,0.015998,0.016853,0.000388,-0.256071,-1.318037,0.036033,-0.359536,0.000527,-0.000782,-0.215872,-1.342314,-0.335751,0.532199,0.002199,0.016570
1.600000,0.017229,0.019023,0.001512,-0.251524,-1.299515,0.004167,-0.406719,-0.001378,0.003119,-0.210295,-1.346670,-0.362783,0.545744,0.001915,0.022428
1.633333,0.006361,0.016832,-0.004624,-0.238826,-1.276897,-0.048573,-0.484601,-0.005568,-0.006754,-0.200411,-1.329611,-0.384039,0.571319,0.009344,0.014183
1.666667,0.007505,0.017709,-0.018182,-0.220587,-1.224665,-0.079348,-0.577194,0.000889,-0.004980,-0.177832,-1.288098,-0.429823,0.619940,0.013497,0.013109
1.700000,0.015126,0.020043,-0.005293,-0.222524,-1.148635,-0.099859,-0.677194,0.004556,-0.007957,-0.145449,-1.239273,-0.495951,0.684452,0.018236,0.014643
1.733333,0.021633,0.013216,-0.000711,-0.212895,-1.077964,-0.134563,-0.777194,0.004805,-0.018175,-0.096169,-1.157907,-0.572932,0.748965,0.020003,0.003558
1.766667,0.017404,0.015537,-0.003626,-0.230641,-1.023565,-0.148497,-0.877194,0.005513,-0.017622,-0.038061,-1.057907,-0.651768,0.838061,0.020379,0.001149
1.800000,0.018298,0.015537,0.004178,-0.272331,-0.966180,-0.160672,-0.977194,0.003404,-0.015797,0.036481,-0.957907,-0.751768,0.938061,0.018267,0.000649
1.833333,0.014083,0.016391,0.015091,-0.317431,-0.918058,-0.181040,-1.077194,-0.002741,-0.016944,0.080995,-0.857907,-0.851768,1.038061,0.017499,-0.000073
1.866667,0.007348,0.021084,0.012755,-0.343078,-0.884119,-0.195979,-1.177194,-0.002296,-0.009034,0.104451,-0.757907,-0.951768,1.138061,0.010894,-0.007621
1.900000,0.001865,0.022755,0.015186,-0.359631,-0.871707,-0.193063,-1.277194,0.001345,-0.009309,0.100939,-0.657907,-1.051768,1.238061,0.008109,-0.006296
1.933333,0.001463,0.019208,0.019211,-0.372615,-0.850302,-0.219594,-1.375756,0.006088,-0.011941,0.072764,-0.569711,-1.151768,1.337978,0.012076,-0.003968
1.966667,0.002832,0.024674,0.013209,-0.371553,-0.858268,-0.241737,-1.454317,0.007662,-0.008329,0.004589,-0.488058,-1.251768,1.424366,0.007894,-0.001476
2.000000,-0.000736,0.023267,0.011408,-0.362791,-0.878689,-0.256160,-1.512878,0.009060,-0.009977,-0.073558,-0.431457,-1.351768,1.480340,0.005296,-0.004957
2.033333,0.009819,0.018708,0.011136,-0.368996,-0.904475,-0.265174,-1.551439,0.003860,-0.017347,-0.165938,-0.401639,-1.451768,1.525365,0.004122,-0.005931
2.066667,0.017869,0.018622,0.004513,-0.401649,-0.937135,-0.257085,-1.569444,0.005525,-0.012623,-0.262223,-0.410765,-1.551768,1.551753,-0.010315,-0.003443
2.100000,0.020121,0.018809,0.002989,-0.445545,-0.991586,-0.219551,-1.553468,0.004800,-0.017907,-0.362223,-0.420818,-1.651768,1.546077,-0.014377,-0.007580
2.133333,0.020387,0.013344,0.005182,-0.512717,-1.034186,-0.156955,-1.517493,-0.000101,-0.022649,-0.462223,-0.446516,-1.741207,1.528929,-0.011230,-0.016455
2.166667,0.028606,0.011937,0.002634,-0.602966,-1.095069,-0.075853,-1.461517,-0.005323,-0.029849,-0.560388,-0.479560,-1.806276,1.522396,-0.016631,-0.019530
2.200000,0.026470,0.010811,0.003653,-0.700641,-1.168705,0.024147,-1.385541,-0.000419,-0.028890,-0.637428,-0.513557,-1.850197,1.514373,-0.013365,-0.015717
2.233333,0.018619,0.016205,0.010682,-0.766447,-1.222729,0.124147,-1.290121,0.002504,-0.033151,-0.698406,-0.530430,-1.862547,1.502762,0.002939,-0.015979
2.266667,0.032303,0.025418,0.015647,-0.803230,-1.251872,0.224147,-1.190121,0.007604,-0.016571,-0.729124,-0.573206,-1.852165,1.514909,-0.004504,-0.011104
2.300000,0.031325,0.028644,0.022525,-0.816520,-1.296930,0.324147,-1.101191,0.009893,-0.009997,-0.753159,-0.595974,-1.835075,1.522810,-0.007106,-0.004593
2.333333,0.023476,0.029016,0.016689,-0.809487,-1.313375,0.424147,-1.032217,0.016795,-0.006799,-0.756070,-0.609448,-1.822504,1.539758,-0.001775,0.001268
2.366667,0.020055,0.035806,0.016109,-0.794673,-1.316883,0.524147,-0.973509,0.011801,0.000874,-0.765146,-0.620101,-1.812687,1.549144,-0.003830,0.006076
2.400000,0.025512,0.028119,0.016493,-0.785458,-1.336667,0.624147,-0.942243,0.008476,-0.001556,-0.772863,-0.626961,-1.814894,1.556378,-0.004756,0.007282
2.433333,0.012161,0.023337,0.007527,-0.782106,-1.356798,0.724147,-0.933477,0.002947,-0.010006,-0.788875,-0.607074,-1.802427,1.549594,0.005364,0.006357
2.466667,0.010715,0.024447,-0.000343,-0.793390,-1.360415,0.824147,-0.942151,0.007349,-0.014240,-0.789697,-0.602503,-1.807227,1.557015,0.004409,0.015461
2.500000,0.007727,0.022578,0.008348,-0.803466,-1.375090,0.924147,-0.941100,0.004543,-0.010578,-0.797979,-0.602792,-1.804852,1.553546,0.004027,0.013738
2.533333,0.007620,0.018831,0.006494,-0.788180,-1.388723,1.024147,-0.949886,0.011202,-0.013861,-0.798457,-0.601359,-1.801240,1.544145,0.006514,0.009441
2.566667,0.001299,0.018477,0.004114,-0.789690,-1.391932,1.124147,-0.956805,0.012372,-0.006363,-0.796424,-0.595867,-1.792528,1.548520,-0.000649,0.010963
2.600000,-0.001289,0.012380,0.006292,-0.794977,-1.397864,1.224147,-0.954734,0.014539,-0.015346,-0.792380,-0.591330,-1.796615,1.554136,-0.002926,0.006517
2.633333,0.001728,0.009090,0.011001,-0.794472,-1.382438,1.306690,-0.941798,0.007148,-0.013173,-0.794765,-0.575058,-1.782750,1.550578,0.000009,-0.008256
2.666667,0.002864,0.014299,0.007305,-0.791602,-1.365607,1.386663,-0.936471,0.013288,-0.009674,-0.781813,-0.558333,-1.755914,1.549790,-0.002714,-0.013011
2.700000,0.001344,0.012102,0.007943,-0.800870,-1.360720,1.429005,-0.936728,0.010908,-0.013321,-0.751626,-0.521952,-1.713622,1.555144,-0.001531,-0.014323
2.733333,0.007504,0.011144,0.002284,-0.790471,-1.350631,1.455135,-0.917168,0.011864,-0.017318,-0.737731,-0.511603,-1.679550,1.555144,0.004821,-0.021084
2.766667,0.008217,0.013752,-0.003186,-0.786987,-1.352443,1.450446,-0.915958,0.007121,-0.014027,-0.707811,-0.488414,-1.647897,1.556313,-0.000309,-0.020511
2.800000,0.001252,0.014558,-0.003873,-0.780852,-1.371399,1.444777,-0.916661,0.007289,-0.015615,-0.676957,-0.467934,-1.622093,1.556371,-0.001929,-0.018899
2.833333,0.001044,0.011318,-0.000569,-0.780759,-1.369985,1.419930,-0.921181,0.005088,-0.018124,-0.662251,-0.434445,-1.617135,1.555601,-0.002979,-0.011077
2.866667,0.004007,0.016741,0.000707,-0.794057,-1.360727,1.399625,-0.910201,0.008388,-0.008514,-0.664109,-0.437416,-1.636026,1.559649,-0.007193,-0.006780
2.900000,-0.003677,0.019510,0.007212,-0.798555,-1.368426,1.385816,-0.911336,0.004015,-0.007939,-0.648682,-0.408873,-1.671343,1.545184,-0.004030,-0.006482
2.933333,-0.007265,0.017765,0.014149,-0.797096,-1.366036,1.382825,-0.900611,0.007291,-0.006881,-0.653255,-0.400331,-1.710687,1.530719,0.002760,-0.008773
2.966667,-0.000624,0.015913,0.014759,-0.773689,-1.346501,1.358271,-0.910327,0.018506,-0.003224,-0.674207,-0.423316,-1.722132,1.512973,0.012062,-0.007115
3.000000,0.006438,0.015150,0.016067,-0.728134,-1.326296,1.315466,-0.938387,0.022088,0.005823,-0.709848,-0.471802,-1.712731,1.512411,0.013164,-0.007133
3.033333,0.005333,0.009123,0.013435,-0.653043,-1.278052,1.265748,-0.991411,0.020175,0.000574,-0.762005,-0.520288,-1.678084,1.507941,0.014850,-0.012016
3.066667,0.008464,0.010943,0.008285,-0.584927,-1.219821,1.185748,-1.040352,0.021876,0.004945,-0.824501,-0.600288,-1.643437,1.522406,0.016823,-0.008426
3.100000,0.014787,0.012119,0.003792,-0.504470,-1.156907,1.085748,-1.073269,0.019916,0.008748,-0.883009,-0.700288,-1.625872,1.531096,0.012959,-0.003178
3.133333,0.016547,0.013596,0.000779,-0.452266,-1.118232,0.985748,-1.095749,0.004971,0.010854,-0.918544,-0.797427,-1.627030,1.549502,0.003807,-0.002985
3.166667,0.005881,0.014466,-0.012266,-0.420871,-1.099795,0.904699,-1.091489,0.006854,0.001653,-0.944937,-0.857905,-1.647719,1.550300,0.010084,-0.007830
3.200000,0.009276,0.016890,-0.017043,-0.426627,-1.086805,0.846624,-1.085469,0.012908,0.003528,-0.966115,-0.909933,-1.689651,1.554770,0.017972,0.004259
3.233333,0.008968,0.014399,-0.014407,-0.446735,-1.084281,0.805594,-1.092482,0.017820,0.003058,-0.981929,-0.932795,-1.704731,1.554770,0.012764,0.005349
3.266667,0.008533,0.012701,-0.018778,-0.459185,-1.094790,0.764564,-1.135518,0.017295,-0.008368,-0.981730,-0.928016,-1.680893,1.557782,0.011155,0.006304
3.300000,0.003560,0.020339,-0.022132,-0.443381,-1.089429,0.723534,-1.173668,0.025295,-0.002974,-0.987300,-0.926097,-1.638332,1.562445,0.012564,0.017528
3.333333,0.009839,0.020080,-0.011297,-0.406767,-1.075865,0.663553,-1.222612,0.017815,0.003570,-0.962010,-0.935763,-1.576239,1.567237,0.006422,0.018945
3.366667,0.010265,0.018259,-0.007980,-0.332158,-1.056854,0.580597,-1.238164,0.019764,0.014983,-0.934419,-0.919529,-1.489387,1.561073,-0.006838,0.010948
3.400000,0.012144,0.026570,-0.007845,-0.274163,-1.045608,0.501994,-1.240661,0.005973,0.013975,-0.904700,-0.903464,-1.389387,1.561073,-0.017153,0.020364
3.433333,0.011851,0.027279,-0.002556,-0.256167,-1.036992,0.440503,-1.226766,0.008286,0.024843,-0.898254,-0.913964,-1.289387,1.563836,-0.014023,0.019309
3.466667,0.016229,0.022582,0.000149,-0.274318,-1.045863,0.419011,-1.202349,0.013506,0.021319,-0.909013,-0.910330,-1.215586,1.563836,-0.009447,0.008204
3.500000,0.020460,0.022483,-0.002019,-0.327342,-1.067710,0.437519,-1.180176,0.013522,0.024071,-0.938570,-0.903637,-1.181786,1.560692,-0.006292,0.017841
3.533333,0.017256,0.024611,-0.000185,-0.400529,-1.104190,0.496027,-1.175344,0.007522,0.014736,-0.958414,-0.917756,-1.187985,1.566834,0.001085,0.015974
3.566667,0.023378,0.021385,0.002700,-0.459718,-1.122152,0.573138,-1.177524,0.023674,0.022869,-0.973020,-0.951383,-1.234185,1.566834,0.004991,0.008795
3.600000,0.024472,0.021352,0.007369,-0.497147,-1.127895,0.673138,-1.178399,0.028856,0.028495,-0.991036,-0.975857,-1.320384,1.566834,-0.001431,0.008360
3.633333,0.021521,0.017983,0.007345,-0.513769,-1.120567,0.772100,-1.192785,0.023729,0.022873,-0.969052,-0.979317,-1.420384,1.557490,-0.003905,0.011769
3.666667,0.019446,0.017809,0.008633,-0.524370,-1.103209,0.871061,-1.195238,0.025690,0.020940,-0.942374,-1.000525,-1.502825,1.560634,-0.006223,-0.000771
3.700000,0.027837,0.013968,0.006674,-0.539266,-1.088696,0.958520,-1.213049,0.020884,0.011801,-0.918908,-1.023679,-1.566922,1.557444,-0.008561,-0.001892
3.733333,0.021640,0.009325,0.004268,-0.550574,-1.077177,1.018382,-1.229854,0.009996,0.003445,-0.878858,-1.017344,-1.601750,1.548990,-0.002342,-0.003983
3.766667,0.016452,0.012166,-0.002847,-0.558878,-1.050013,1.075145,-1.240217,0.008638,0.003337,-0.818194,-0.995026,-1.601466,1.533139,-0.002604,-0.005002
3.800000,0.015760,0.018077,-0.000374,-0.591842,-1.023143,1.122656,-1.261906,0.008596,0.013467,-0.776162,-1.000319,-1.578340,1.525634,-0.004172,-0.001026
3.833333,0.011243,0.015913,-0.002752,-0.613615,-1.009474,1.148938,-1.298573,0.007702,0.009187,-0.744358,-0.996243,-1.561515,1.515496,-0.000844,-0.000323
3.866667,-0.000554,0.015441,-0.009852,-0.621223,-0.990480,1.173571,-1.322459,0.016327,0.011170,-0.698244,-0.966711,-1.540876,1.506727,0.007052,0.004446
3.900000,0.001702,0.020753,-0.010446,-0.631937,-0.962446,1.210803,-1.358707,0.018155,0.010418,-0.677530,-0.976158,-1.546914,1.503788,0.010649,0.003640
3.933333,-0.000355,0.016955,-0.008520,-0.642365,-0.948687,1.218710,-1.402594,0.011959,0.002350,-0.678618,-0.978813,-1.572291,1.493970,0.017105,-0.001739
3.966667,-0.000999,0.014772,-0.019997,-0.627254,-0.932132,1.217944,-1.421436,0.020414,-0.004541,-0.690304,-0.986395,-1.602660,1.499918,0.023341,-0.008488
4.000000,0.003468,0.018388,-0.020831,-0.608812,-0.922275,1.206981,-1.422079,0.019549,-0.002275,-0.688204,-0.991146,-1.644287,1.492936,0.024411,-0.001197
4.033333,0.005620,0.020491,-0.014067,-0.585037,-0.936036,1.169172,-1.416816,0.014570,0.001878,-0.704171,-1.022863,-1.686407,1.477474,0.014823,-0.005154
4.066667,0.001969,0.021101,-0.017579,-0.556132,-0.960584,1.117272,-1.398906,0.012678,0.010051,-0.714249,-1.022583,-1.710739,1.470988,0.017737,-0.003178
4.100000,0.005020,0.022738,-0.014411,-0.540110,-0.989266,1.097797,-1.378343,0.011978,0.013250,-0.723105,-1.039036,-1.745461,1.482904,0.020073,0.006374
4.133333,0.003883,0.019400,-0.003160,-0.539282,-1.007667,1.074738,-1.367355,-0.000644,0.013296,-0.720527,-1.032560,-1.770554,1.465984,0.014119,0.007107
4.166667,0.000931,0.026407,-0.000764,-0.556741,-0.999842,1.083104,-1.357529,-0.003238,0.015067,-0.722921,-1.011367,-1.782731,1.459396,0.006712,0.007176
4.200000,-0.000890,0.027796,0.003198,-0.595592,-0.972921,1.131470,-1.370762,-0.000483,0.016407,-0.725357,-0.981354,-1.814819,1.464039,0.009738,0.013075
4.233333,0.003464,0.019332,0.006443,-0.643556,-0.939778,1.208923,-1.386549,-0.002873,0.005336,-0.725628,-0.974302,-1.827287,1.460959,0.006248,0.008132
4.266667,0.008631,0.019174,0.003586,-0.681185,-0.900344,1.281993,-1.393918,-0.001841,0.003099,-0.717947,-0.955045,-1.822886,1.466996,-0.007869,0.000612
4.300000,0.013697,0.018495,0.000446,-0.728924,-0.881748,1.377610,-1.413993,0.001690,-0.001079,-0.709929,-0.929368,-1.828530,1.477985,-0.008935,0.000909
4.333333,0.014457,0.008018,0.004842,-0.776113,-0.873001,1.454448,-1.440403,0.005596,-0.000927,-0.709515,-0.935046,-1.816434,1.496024,-0.001050,-0.006479
4.366667,0.022339,0.004526,0.002655,-0.813891,-0.865855,1.499804,-1.447089,0.003312,-0.000459,-0.717181,-0.932592,-1.785759,1.518824,-0.006426,-0.019780
4.400000,0.018800,0.006062,0.001898,-0.841187,-0.867046,1.543195,-1.457544,0.010977,0.002079,-0.724486,-0.927494,-1.784464,1.532577,-0.007926,-0.018616
4.433333,0.015588,0.006222,0.005736,-0.860448,-0.862332,1.579010,-1.458234,0.012199,0.001416,-0.727565,-0.910872,-1.784081,1.519566,0.005628,-0.020374
4.466667,0.021639,0.007985,0.008967,-0.852692,-0.847171,1.608009,-1.434559,0.018992,0.006816,-0.735618,-0.901961,-1.784887,1.514688,0.003315,-0.013784
4.500000,0.026419,0.012092,0.011514,-0.846282,-0.843708,1.618994,-1.423862,0.018869,-0.000905,-0.738206,-0.874795,-1.794968,1.503613,0.001937,-0.009255
4.533333,0.014989,0.013996,0.004780,-0.841747,-0.851004,1.641239,-1.425045,0.017886,-0.007756,-0.720957,-0.835547,-1.805740,1.492707,0.007226,0.000777
4.566667,0.009327,0.021841,0.002807,-0.858190,-0.834221,1.657544,-1.429059,0.013602,0.003471,-0.709983,-0.794185,-1.802829,1.499913,0.008274,0.006790
4.600000,0.011310,0.023599,0.003404,-0.871687,-0.831945,1.658764,-1.430709,0.014985,0.009200,-0.701401,-0.771508,-1.798028,1.520638,0.008490,0.013891
4.633333,0.000580,0.021076,-0.001454,-0.889077,-0.839365,1.642667,-1.448184,0.012080,0.002069,-0.670387,-0.733080,-1.769506,1.535832,0.014746,0.006367
4.666667,0.000178,0.021769,-0.015464,-0.900914,-0.834788,1.653725,-1.447501,0.016541,0.006796,-0.621715,-0.678857,-1.727238,1.552577,0.017364,0.005427
4.700000,0.004992,0.023396,-0.006098,-0.920738,-0.827034,1.665065,-1.448174,0.017074,0.009135,-0.561939,-0.623747,-1.678033,1.563483,0.022128,0.005719
4.733333,0.009569,0.017503,-0.003243,-0.915446,-0.827699,1.658610,-1.437187,0.016761,-0.002503,-0.478802,-0.542943,-1.613912,1.555230,0.023139,-0.001452
4.766667,0.004494,0.021514,-0.007124,-0.928654,-0.840127,1.670245,-1.439862,0.014129,-0.001313,-0.378802,-0.460624,-1.541518,1.555230,0.023248,-0.003399
4.800000,0.004534,0.022543,-0.003677,-0.955630,-0.845336,1.684430,-1.454847,0.010381,0.000624,-0.278802,-0.379494,-1.485738,1.561747,0.022729,-0.002451
4.833333,0.000161,0.022770,0.004930,-0.977909,-0.844945,1.679228,-1.463037,0.001470,0.001697,-0.178802,-0.317599,-1.429468,1.549357,0.022721,-0.001925
4.866667,-0.007860,0.027622,0.002423,-0.994016,-0.838707,1.679232,-1.451592,0.000723,0.008310,-0.078802,-0.262499,-1.372330,1.533349,0.017506,-0.008907
4.900000,-0.011562,0.030099,0.002658,-1.015117,-0.849029,1.695357,-1.454587,0.001673,0.008140,0.021198,-0.234797,-1.314410,1.525434,0.017266,-0.010273
4.933333,-0.013260,0.026029,0.005018,-1.031387,-0.839518,1.684522,-1.458261,0.002574,0.006452,0.121198,-0.219428,-1.254412,1.505764,0.020011,-0.010808
4.966667,-0.014632,0.032940,-0.001481,-1.037314,-0.841976,1.673525,-1.449475,-0.002186,0.009316,0.221198,-0.209546,-1.188790,1.491475,0.013109,-0.012210
5.000000,-0.021746,0.032892,-0.004574,-1.033429,-0.852395,1.676829,-1.446365,-0.003442,0.003382,0.321198,-0.217895,-1.120748,1.469577,0.010772,-0.017199
5.033333,-0.010811,0.029881,-0.006158,-1.032896,-0.856130,1.673908,-1.456311,-0.011475,-0.005228,0.421198,-0.242368,-1.057950,1.456581,0.010318,-0.019842
5.066667,-0.005262,0.028352,-0.012506,-1.025196,-0.846725,1.661990,-1.455577,-0.009978,0.001656,0.508720,-0.278933,-1.033103,1.453907,-0.001775,-0.018759
5.100000,-0.003505,0.027136,-0.014274,-1.008007,-0.855402,1.661297,-1.455824,-0.009782,-0.003927,0.556243,-0.317914,-1.041519,1.441994,-0.005796,-0.021406
5.133333,-0.001156,0.019195,-0.011275,-0.981041,-0.848764,1.660262,-1.445704,-0.009750,-0.006502,0.563766,-0.382233,-1.078910,1.427680,0.002992,-0.028426
5.166667,0.010894,0.015268,-0.010541,-0.965860,-0.840887,1.654949,-1.454331,-0.009789,-0.008381,0.531288,-0.449084,-1.154338,1.440349,0.000317,-0.031048
5.200000,0.011521,0.011596,-0.007956,-0.939371,-0.847630,1.651255,-1.454202,-0.002012,-0.004736,0.458811,-0.529887,-1.251970,1.455685,0.004225,-0.027111
5.233333,0.010809,0.015739,0.000768,-0.910079,-0.854164,1.656906,-1.440232,-0.000182,-0.010169,0.358811,-0.594429,-1.341495,1.458206,0.017247,-0.027204
5.266667,0.026537,0.024214,0.007252,-0.901021,-0.835810,1.662189,-1.413979,0.004842,0.006347,0.258811,-0.665428,-1.430241,1.485541,0.013059,-0.022258
5.300000,0.029406,0.027214,0.014591,-0.898384,-0.843217,1.664247,-1.410554,0.008624,0.010827,0.158811,-0.710275,-1.507002,1.498180,0.010212,-0.015761
5.333333,0.025350,0.029691,0.009411,-0.890408,-0.840775,1.669887,-1.399766,0.017895,0.014743,0.058811,-0.741504,-1.564390,1.514225,0.012950,-0.011180
5.366667,0.022977,0.036462,0.009391,-0.902911,-0.834277,1.689653,-1.385101,0.012087,0.021441,-0.041189,-0.760271,-1.621048,1.527893,0.012766,-0.005356
5.400000,0.024155,0.030142,0.008759,-0.919899,-0.837576,1.697995,-1.397303,0.008971,0.020438,-0.141189,-0.779076,-1.672744,1.530688,0.012542,-0.003125
5.433333,0.012546,0.024689,-0.000259,-0.915066,-0.847963,1.703924,-1.422880,0.005511,0.011137,-0.241189,-0.770265,-1.692731,1.519033,0.019716,-0.003098
5.466667,0.009866,0.025205,-0.007090,-0.907170,-0.834372,1.706537,-1.438861,0.007680,0.009880,-0.341189,-0.776000,-1.724703,1.521748,0.015938,0.006206
5.500000,0.007403,0.022736,0.001417,-0.879479,-0.823889,1.684568,-1.437799,0.003479,0.013432,-0.441189,-0.789122,-1.747481,1.512983,0.016693,0.006756
5.533333,0.009335,0.017169,-0.000408,-0.816630,-0.816921,1.627815,-1.425772,0.010608,0.012454,-0.513735,-0.809121,-1.739476,1.491373,0.016655,0.004465
5.566667,0.008066,0.014909,-0.001749,-0.739388,-0.812380,1.551717,-1.379981,0.014490,0.021746,-0.555936,-0.831227,-1.706588,1.500696,0.010069,0.008318
5.600000,0.004528,0.010330,0.002374,-0.653035,-0.792557,1.463088,-1.317473,0.014571,0.017955,-0.562480,-0.872639,-1.666508,1.503163,0.007555,0.005125
5.633333,0.007378,0.007749,0.006975,-0.553035,-0.763585,1.363088,-1.224562,0.011828,0.019472,-0.559569,-0.902485,-1.586428,1.498281,0.010451,-0.004041
5.666667,0.009421,0.011254,0.002316,-0.453035,-0.758253,1.263088,-1.124969,0.012307,0.022914,-0.556658,-0.929946,-1.518560,1.501313,0.005831,-0.006347
5.700000,0.006243,0.012123,0.003417,-0.385410,-0.765513,1.163088,-1.028640,0.009552,0.022533,-0.576756,-0.941287,-1.482204,1.500714,0.008388,-0.009435
5.733333,0.011589,0.012123,-0.002072,-0.334820,-0.779906,1.063088,-0.959051,0.006257,0.019980,-0.619677,-0.966745,-1.473751,1.501778,0.013569,-0.016795
5.766667,0.014735,0.013150,-0.009593,-0.324229,-0.829785,0.966448,-0.929463,0.005143,0.018082,-0.658254,-0.962137,-1.495256,1.496169,0.013116,-0.016871
5.800000,0.010207,0.014134,-0.010799,-0.353639,-0.897336,0.909807,-0.939875,0.006398,0.015814,-0.666287,-0.952537,-1.550060,1.486157,0.013352,-0.018239
5.833333,0.004839,0.010839,-0.006899,-0.423048,-0.931155,0.893166,-0.990286,0.009214,0.011117,-0.656430,-0.925574,-1.599383,1.469051,0.012842,-0.011523
5.866667,0.006294,0.013967,-0.004992,-0.500084,-0.956123,0.916525,-1.077027,0.011638,0.014176,-0.631020,-0.923227,-1.625658,1.477142,0.006386,-0.007564
5.900000,-0.001044,0.016504,0.000465,-0.600084,-0.985849,0.979884,-1.177027,0.011559,0.008815,-0.590075,-0.880881,-1.643460,1.446541,0.006457,-0.007963
5.933333,-0.004174,0.015485,0.007002,-0.700084,-1.000863,1.079884,-1.260959,0.012538,0.009448,-0.569129,-0.854183,-1.651304,1.431846,0.007470,-0.011223
5.966667,-0.006092,0.023122,0.008355,-0.760084,-0.999384,1.179884,-1.312277,0.012434,-0.001365,-0.548183,-0.823633,-1.625849,1.426498,0.005985,-0.011872
6.000000,-0.003869,0.031479,0.008998,-0.790566,-1.020513,1.267484,-1.351726,0.006614,-0.007858,-0.505126,-0.779063,-1.611179,1.439842,-0.002144,-0.014434
6.033333,-0.006211,0.034660,0.005731,-0.806092,-1.036906,1.335281,-1.375088,-0.002631,-0.025081,-0.442069,-0.694710,-1.592087,1.439682,-0.003369,-0.020214
6.066667,-0.012956,0.046231,0.001528,-0.794307,-1.026683,1.380344,-1.373607,-0.009915,-0.033120,-0.362069,-0.610358,-1.593480,1.466937,-0.003861,-0.019728
6.100000,-0.014876,0.056031,-0.002639,-0.754128,-0.994915,1.395062,-1.361638,-0.018003,-0.042793,-0.262069,-0.510358,-1.614873,1.480921,-0.011488,-0.013287
6.133333,-0.014140,0.054563,-0.002867,-0.727270,-0.983613,1.371608,-1.363939,-0.019946,-0.037436,-0.162069,-0.410358,-1.659064,1.493216,-0.014873,-0.014162
6.166667,-0.027423,0.056682,-0.015338,-0.689928,-0.956415,1.330827,-1.349272,-0.021363,-0.044625,-0.062069,-0.310358,-1.714305,1.479279,-0.005855,-0.019414
6.200000,-0.028723,0.062826,-0.019060,-0.637180,-0.912129,1.269848,-1.330795,-0.015878,-0.042302,0.037931,-0.210358,-1.790864,1.461572,-0.002656,-0.003222
6.233333,-0.024310,0.059307,-0.013610,-0.578829,-0.890017,1.191604,-1.318471,-0.013630,-0.041813,0.137931,-0.110358,-1.827510,1.430866,-0.010747,0.000543
6.266667,-0.031298,0.055078,-0.016650,-0.508872,-0.907904,1.103705,-1.292703,-0.007111,-0.043532,0.237931,-0.010358,-1.824156,1.431082,-0.013727,-0.001591
6.300000,-0.032217,0.060439,-0.019102,-0.435753,-0.940867,1.013978,-1.245278,-0.008311,-0.038982,0.337931,0.089642,-1.798004,1.452278,-0.014503,0.007178
6.333333,-0.018055,0.055602,-0.007106,-0.376629,-0.990227,0.913978,-1.186691,-0.012227,-0.026531,0.437931,0.189642,-1.731853,1.469133,-0.016581,0.004670
6.366667,-0.012256,0.043427,-0.003387,-0.319515,-1.044699,0.813978,-1.107999,-0.007930,-0.013943,0.537931,0.249642,-1.631853,1.477746,-0.024108,-0.008736
6.400000,-0.009004,0.046148,-0.005232,-0.275535,-1.103614,0.716419,-1.009172,-0.011794,-0.008727,0.614819,0.269642,-1.531852,1.493901,-0.026000,-0.003549
6.433333,0.002288,0.041844,0.001593,-0.248924,-1.159617,0.626940,-0.922548,-0.011830,-0.001020,0.651707,0.249642,-1.431852,1.495887,-0.018176,-0.008209
6.466667,0.010616,0.033788,0.002159,-0.230484,-1.194816,0.558057,-0.855532,-0.011843,-0.002255,0.648595,0.189642,-1.331853,1.475119,-0.008230,-0.012091
6.500000,0.019824,0.029048,-0.000463,-0.219460,-1.236035,0.500486,-0.803055,-0.009024,-0.000658,0.605483,0.089642,-1.231853,1.466100,-0.002361,0.004032
6.533333,0.018989,0.028779,0.000480,-0.210718,-1.274376,0.451231,-0.762377,-0.013731,-0.006503,0.522371,-0.010358,-1.131853,1.473603,0.006118,0.006777
6.566667,0.027916,0.021727,0.001441,-0.201996,-1.295192,0.413074,-0.745537,-0.003312,-0.001068,0.422371,-0.110358,-1.031852,1.490756,0.015507,0.004260
6.600000,0.031204,0.021178,0.004453,-0.196637,-1.297524,0.390739,-0.740053,0.000230,0.007651,0.322371,-0.210358,-0.931852,1.504826,0.014987,0.009085
6.633333,0.027009,0.015787,0.003040,-0.185157,-1.287179,0.357023,-0.746808,-0.001365,0.008231,0.222371,-0.310358,-0.831852,1.502982,0.012314,0.009232
6.666667,0.020881,0.013432,0.002587,-0.167270,-1.260963,0.337161,-0.745160,0.001260,0.008347,0.122371,-0.410358,-0.731852,1.520503,0.010252,-0.004994
6.700000,0.028448,0.009647,-0.000251,-0.156114,-1.242348,0.308983,-0.753925,0.000165,0.000743,0.028854,-0.510358,-0.631852,1.532876,0.012334,-0.005579
6.733333,0.022519,0.004612,-0.002387,-0.146362,-1.224852,0.276854,-0.763643,-0.005055,-0.003487,-0.036514,-0.603042,-0.531852,1.521887,0.014115,-0.006515
6.766667,0.017349,0.006011,-0.010319,-0.128014,-1.196145,0.248223,-0.760174,-0.006781,-0.003407,-0.086663,-0.671919,-0.431852,1.509625,0.012239,-0.004500
6.800000,0.018107,0.012768,-0.009290,-0.136665,-1.183721,0.232585,-0.759204,-0.001862,0.004326,-0.129461,-0.740797,-0.331852,1.518082,0.012611,0.002095
6.833333,0.014419,0.012632,-0.011780,-0.146524,-1.186893,0.213936,-0.783799,-0.000212,0.001385,-0.166618,-0.794073,-0.231852,1.514455,0.015317,0.006489
6.866667,0.004366,0.012632,-0.019501,-0.155390,-1.187163,0.226965,-0.813367,0.009280,0.004033,-0.198569,-0.813597,-0.161095,1.512568,0.022397,0.013125
6.900000,0.006969,0.017744,-0.019849,-0.182610,-1.185371,0.270406,-0.854579,0.012279,0.001148,-0.258669,-0.840436,-0.130338,1.527440,0.024199,0.015832
6.933333,0.006433,0.013800,-0.017843,-0.227939,-1.196929,0.326446,-0.913184,0.008612,-0.009885,-0.333989,-0.869926,-0.139581,1.529517,0.029584,0.011228
6.966667,0.004846,0.011649,-0.028269,-0.266795,-1.188167,0.400280,-0.963765,0.015315,-0.015307,-0.416659,-0.893937,-0.188824,1.543672,0.034702,0.005728
7.000000,0.011377,0.014570,-0.027660,-0.317147,-1.177148,0.491959,-1.006716,0.013661,-0.013240,-0.504971,-0.906554,-0.278067,1.549220,0.038036,0.012140
7.033333,0.014284,0.015803,-0.020289,-0.361124,-1.183440,0.560242,-1.041469,0.006341,-0.008281,-0.604971,-0.940397,-0.378067,1.543931,0.028128,0.006159
7.066667,0.006750,0.016978,-0.024637,-0.387183,-1.180545,0.627568,-1.077203,0.002074,-0.002552,-0.682994,-0.944325,-0.478067,1.540488,0.027702,0.001005
7.100000,0.008032,0.018909,-0.021143,-0.414884,-1.176889,0.694894,-1.113113,0.000322,0.002361,-0.740185,-0.948085,-0.578067,1.554157,0.029409,0.008832
7.133333,0.007518,0.015575,-0.009598,-0.432649,-1.171874,0.745125,-1.150294,-0.011134,0.001612,-0.757376,-0.929853,-0.672452,1.545778,0.022535,0.009053
7.166667,0.001946,0.023433,-0.008152,-0.433096,-1.149583,0.780749,-1.170577,-0.013845,0.003058,-0.734567,-0.899295,-0.726836,1.541347,0.013593,0.008112
7.200000,-0.003084,0.023834,-0.005142,-0.424384,-1.124980,0.808090,-1.188399,-0.009716,0.001771,-0.671758,-0.863403,-0.741220,1.542676,0.013670,0.013517
7.233333,0.004612,0.016325,-0.001040,-0.408581,-1.112763,0.796389,-1.182560,-0.008979,-0.004995,-0.590927,-0.857427,-0.715604,1.530611,0.014399,0.013190
7.266667,0.007438,0.015286,-0.005100,-0.367739,-1.109400,0.744687,-1.148778,-0.001211,-0.002561,-0.490927,-0.864849,-0.649989,1.502115,0.003412,0.006144
7.300000,0.011805,0.014014,-0.009347,-0.322354,-1.141285,0.675610,-1.089167,0.000274,-0.006591,-0.390927,-0.877115,-0.549989,1.461998,0.002624,0.005521
7.333333,0.013587,0.003235,-0.005239,-0.292965,-1.182628,0.593242,-1.034651,0.004313,-0.005661,-0.290927,-0.927693,-0.449989,1.399660,0.010110,0.001940
7.366667,0.021593,0.001601,-0.006962,-0.282203,-1.207115,0.526164,-0.985131,0.001856,-0.006045,-0.216936,-0.967789,-0.349989,1.320506,0.003195,-0.010032
7.400000,0.017175,0.001601,-0.008095,-0.272223,-1.238082,0.492334,-0.943405,0.006528,-0.004142,-0.153349,-0.999762,-0.249989,1.227519,0.000960,-0.007484
7.433333,0.016144,0.001341,-0.002969,-0.263919,-1.245797,0.493155,-0.910037,0.000116,-0.008942,-0.106234,-1.001474,-0.149989,1.127519,0.012278,-0.009471
7.466667,0.021454,0.002655,0.001686,-0.252969,-1.224892,0.528446,-0.896759,0.005281,-0.005126,-0.072328,-1.008943,-0.067183,1.067519,0.009525,-0.001103
7.500000,0.027249,0.004978,0.005447,-0.241996,-1.214336,0.551635,-0.904050,0.003848,-0.010590,-0.047066,-1.004237,0.012874,1.047518,0.007758,0.002583
7.533333,0.015387,0.004978,-0.000986,-0.225981,-1.217998,0.569912,-0.917805,0.000837,-0.014270,-0.007556,-0.994078,0.079240,1.067518,0.015395,0.009855
7.566667,0.010069,0.012578,-0.002708,-0.232532,-1.198448,0.580394,-0.934411,-0.002672,-0.005931,0.014690,-0.986953,0.127221,1.127518,0.014346,0.016769
7.600000,0.012189,0.013515,-0.002701,-0.239060,-1.192852,0.569412,-0.942659,-0.003617,0.001786,0.033303,-1.001198,0.148225,1.218264,0.013771,0.024516
7.633333,0.003543,0.012202,-0.009603,-0.238174,-1.204363,0.522769,-0.952523,-0.003308,-0.002369,0.037316,-0.999699,0.175211,1.276801,0.018425,0.016380
7.666667,0.003523,0.012608,-0.025053,-0.227341,-1.203278,0.492503,-0.930618,0.001719,0.001850,0.036028,-1.002187,0.167692,1.325082,0.021325,0.014185
7.700000,0.009565,0.013627,-0.015042,-0.223329,-1.204203,0.459206,-0.902333,0.004907,0.005153,0.020957,-1.011429,0.156507,1.340550,0.025546,0.016734
7.733333,0.016067,0.007063,-0.013174,-0.190972,-1.216306,0.400457,-0.855894,0.004306,-0.002301,0.009276,-1.012519,0.143623,1.322558,0.028243,0.006457
7.766667,0.013186,0.012141,-0.017879,-0.175231,-1.242502,0.354228,-0.814963,0.003689,-0.002741,-0.009467,-1.004810,0.117715,1.312563,0.028212,0.005347
7.800000,0.013102,0.012141,-0.013676,-0.172562,-1.267151,0.303661,-0.754872,-0.001835,-0.002258,-0.026871,-1.010937,0.063788,1.297445,0.028802,0.008852
7.833333,0.010956,0.012690,-0.004934,-0.180994,-1.285566,0.236716,-0.693712,-0.010988,-0.001052,-0.066145,-1.003876,0.007113,1.274602,0.025923,0.010396
7.866667,0.005659,0.016931,-0.008982,-0.188128,-1.294984,0.178937,-0.613562,-0.012565,0.006154,-0.119876,-0.991108,-0.072203,1.280351,0.020004,0.005845
7.900000,0.003712,0.017100,-0.007125,-0.205619,-1.315915,0.144848,-0.550804,-0.011992,0.008113,-0.187836,-0.974647,-0.171435,1.316047,0.018581,0.008612
7.933333,0.004073,0.011762,-0.003192,-0.230484,-1.314560,0.109392,-0.515739,-0.010183,0.008210,-0.264599,-0.966167,-0.270667,1.336930,0.019186,0.009710
7.966667,0.005645,0.014990,-0.007475,-0.268752,-1.315748,0.113935,-0.516367,-0.010441,0.012875,-0.354894,-0.948738,-0.370667,1.386938,0.012727,0.009720
8.000000,-0.000596,0.014619,-0.007442,-0.319499,-1.308324,0.158478,-0.556994,-0.007778,0.007586,-0.435162,-0.936182,-0.470667,1.421718,0.012272,0.005611
8.033333,0.011092,0.010734,-0.006505,-0.387009,-1.283402,0.226507,-0.635005,-0.010449,-0.001789,-0.503787,-0.943013,-0.570667,1.443869,0.010551,-0.000052
8.066667,0.011542,0.011605,-0.011349,-0.474166,-1.232509,0.310847,-0.728207,-0.007728,0.001119,-0.552781,-0.965685,-0.670667,1.445071,-0.004878,-0.000619
8.100000,0.008386,0.013403,-0.013011,-0.568834,-1.199911,0.410847,-0.828207,-0.006005,-0.008862,-0.568750,-0.978470,-0.770667,1.422342,-0.007829,-0.003045
8.133333,0.007554,0.010176,-0.010170,-0.647676,-1.149193,0.510847,-0.928207,-0.006010,-0.012681,-0.557261,-0.997761,-0.870667,1.367820,-0.000356,-0.012245
8.166667,0.014074,0.007269,-0.011944,-0.686517,-1.132973,0.610847,-1.016823,-0.010479,-0.019990,-0.519983,-1.034559,-0.970667,1.306505,-0.008175,-0.014897
8.200000,0.009240,0.005894,-0.010576,-0.685359,-1.151109,0.706332,-1.065438,-0.008322,-0.018963,-0.454348,-1.079228,-1.030667,1.222042,-0.003651,-0.009111
8.233333,0.009113,0.010936,-0.003252,-0.644200,-1.181004,0.793136,-1.077248,-0.008228,-0.023408,-0.385571,-1.109607,-1.050667,1.122042,0.012237,-0.008214
8.266667,0.023354,0.018110,0.002398,-0.586151,-1.195231,0.847756,-1.050874,-0.006379,-0.005968,-0.315233,-1.167510,-1.030667,1.024811,0.007276,-0.004287
8.300000,0.023941,0.019041,0.008067,-0.520622,-1.242844,0.864541,-1.020365,-0.007540,-0.004611,-0.254620,-1.213903,-0.970667,0.927580,0.004260,0.001163
8.333333,0.017846,0.020197,0.002167,-0.478609,-1.259574,0.873452,-0.993565,-0.001090,-0.000697,-0.209091,-1.245220,-0.879877,0.862684,0.011308,0.005444
8.366667,0.015693,0.027352,0.002607,-0.476596,-1.251793,0.886877,-1.000019,-0.008484,0.006081,-0.198028,-1.252414,-0.829087,0.837789,0.010321,0.010253
8.400000,0.016044,0.020815,0.001966,-0.490240,-1.252567,0.903613,-1.042832,-0.012997,0.003293,-0.193845,-1.250504,-0.818100,0.841000,0.008991,0.009867
8.433333,0.004901,0.016134,-0.006329,-0.516461,-1.242434,0.952532,-1.123830,-0.016282,-0.005599,-0.225915,-1.208595,-0.847113,0.881443,0.017506,0.008362
8.466667,0.001796,0.018710,-0.013418,-0.571321,-1.203437,1.039285,-1.208963,-0.012274,-0.006513,-0.273271,-1.162120,-0.916127,0.961885,0.012976,0.016187
8.500000,0.001603,0.018657,-0.003836,-0.642665,-1.171439,1.133913,-1.296088,-0.013882,-0.002228,-0.345542,-1.113005,-1.015930,1.049993,0.012807,0.012576
8.533333,0.003098,0.015570,-0.005639,-0.696172,-1.150437,1.228541,-1.372380,-0.006336,-0.003137,-0.413993,-1.074410,-1.115733,1.134918,0.013413,0.008670
8.566667,-0.000773,0.015338,-0.006210,-0.774023,-1.129332,1.328541,-1.433403,0.000602,0.005227,-0.496263,-1.033051,-1.215733,1.231735,0.008113,0.013188
8.600000,-0.001156,0.011306,-0.002924,-0.853679,-1.109367,1.428541,-1.472676,-0.001424,-0.000887,-0.576379,-1.008657,-1.315733,1.320116,0.005219,0.006886
8.633333,0.003310,0.009502,0.003261,-0.919865,-1.078266,1.516843,-1.489833,-0.006024,0.000670,-0.643331,-0.988262,-1.415733,1.385115,0.012418,-0.003629
8.666667,0.004914,0.013984,-0.000596,-0.970374,-1.055730,1.593507,-1.494005,-0.000746,0.005232,-0.693715,-0.977060,-1.515733,1.431246,0.009447,-0.006577
8.700000,0.003607,0.012828,0.000463,-1.027037,-1.040929,1.630171,-1.511003,-0.000729,0.002478,-0.713454,-0.958499,-1.580971,1.452921,0.011416,-0.008271
8.733333,0.009845,0.012478,-0.005818,-1.050737,-1.016934,1.626835,-1.515634,-0.003341,-0.001046,-0.707711,-0.967188,-1.606209,1.467137,0.014411,-0.017687
8.766667,0.008782,0.014984,-0.013858,-1.042120,-1.020920,1.583499,-1.530095,-0.001092,0.000287,-0.666485,-0.974933,-1.591447,1.449789,0.012763,-0.015474
8.800000,0.003764,0.014605,-0.016423,-1.006974,-1.033880,1.511861,-1.546673,-0.000573,-0.002465,-0.600871,-0.999794,-1.536685,1.415823,0.010793,-0.017178
8.833333,0.000910,0.010176,-0.013259,-0.956691,-1.025451,1.411861,-1.561919,-0.003285,-0.007231,-0.511824,-1.016937,-1.441923,1.360725,0.010793,-0.008849
8.866667,0.001643,0.013194,-0.013056,-0.886012,-1.005966,1.311861,-1.561919,-0.002882,-0.004407,-0.422778,-1.060536,-1.341923,1.293265,0.007561,-0.007469
8.900000,-0.000600,0.013701,-0.008288,-0.808297,-0.994749,1.211861,-1.570000,-0.007099,-0.008237,-0.339880,-1.078955,-1.241922,1.193265,0.011831,-0.003679
8.933333,0.000565,0.009424,-0.001467,-0.725405,-0.971348,1.111861,-1.570000,-0.008694,-0.009646,-0.276982,-1.101352,-1.141923,1.093265,0.015410,-0.003998
8.966667,0.006734,0.008100,0.003147,-0.642513,-0.938972,1.011861,-1.550000,0.002489,-0.008348,-0.219361,-1.139933,-1.041923,0.993265,0.021519,-0.001714
9.000000,0.014793,0.007114,0.007485,-0.550436,-0.929801,0.911861,-1.510000,0.004940,-0.002724,-0.191759,-1.185306,-0.941923,0.893265,0.020179,-0.004650
9.033333,0.016220,0.001183,0.007982,-0.450436,-0.920770,0.811861,-1.450000,0.002329,-0.006620,-0.175934,-1.217460,-0.841923,0.793265,0.020122,-0.004619
9.066667,0.013045,0.003319,0.007127,-0.353976,-0.907001,0.711861,-1.370000,0.001457,-0.001833,-0.166989,-1.242935,-0.741922,0.705478,0.020951,-0.007334
9.100000,0.016019,0.002812,0.006655,-0.277517,-0.886616,0.611861,-1.270000,-0.002368,0.000673,-0.153063,-1.280962,-0.641922,0.617692,0.016607,-0.006859
9.133333,0.011959,0.002812,0.003106,-0.223508,-0.899660,0.511861,-1.175600,-0.013964,0.003791,-0.155632,-1.301653,-0.541922,0.542490,0.008240,-0.005526
9.166667,-0.001751,0.003124,-0.012423,-0.185192,-0.915850,0.411861,-1.081200,-0.015368,-0.007138,-0.151396,-1.300135,-0.441922,0.491361,0.012015,-0.008060
9.200000,-0.000449,0.005134,-0.017418,-0.186876,-0.934958,0.319731,-0.999908,-0.011683,-0.008118,-0.148724,-1.311837,-0.341922,0.463663,0.019401,0.000131
9.233333,0.002435,0.002492,-0.014918,-0.208450,-0.972059,0.241720,-0.946147,-0.009278,-0.009001,-0.144948,-1.335985,-0.241922,0.441415,0.015111,0.002439
9.266667,-0.003890,0.003177,-0.020569,-0.249645,-1.022717,0.203709,-0.932385,-0.002606,-0.016426,-0.133006,-1.333793,-0.158760,0.446444,0.009482,0.005192
9.300000,-0.004893,0.009555,-0.021852,-0.308389,-1.047156,0.205698,-0.953023,0.000916,-0.013605,-0.129057,-1.348935,-0.115597,0.478889,0.011681,0.009804
9.333333,0.001412,0.009453,-0.009952,-0.391441,-1.063232,0.247687,-1.013662,-0.000419,-0.007583,-0.118257,-1.370188,-0.100399,0.506574,0.009214,0.009395
9.366667,0.005050,0.009102,-0.005715,-0.455314,-1.054592,0.321805,-1.101192,0.005398,0.003172,-0.115117,-1.362283,-0.125201,0.536554,-0.004407,0.000139
9.400000,0.006549,0.018125,-0.005908,-0.511378,-1.043505,0.421805,-1.201192,0.002464,0.003066,-0.108165,-1.341750,-0.190004,0.576516,-0.009208,0.006823
9.433333,0.009185,0.017903,0.002768,-0.543236,-1.019152,0.521805,-1.285787,0.000045,0.011667,-0.124030,-1.353089,-0.268854,0.621014,-0.001603,0.001738
9.466667,0.013778,0.015836,0.004810,-0.549371,-1.003188,0.621805,-1.348977,0.001373,0.007339,-0.148573,-1.341556,-0.347021,0.651614,0.000509,-0.001050
9.500000,0.019514,0.016740,0.004030,-0.537133,-0.999120,0.718505,-1.393064,-0.000444,0.009903,-0.173706,-1.322464,-0.437223,0.686623,0.003354,0.008534
9.533333,0.014863,0.018109,0.006050,-0.515938,-1.016291,0.788940,-1.407951,-0.008008,0.002685,-0.196196,-1.323431,-0.510491,0.727824,0.010109,0.009830
9.566667,0.019806,0.014600,0.008357,-0.494369,-1.025375,0.824317,-1.394490,-0.000032,0.007186,-0.224699,-1.349085,-0.574570,0.778641,0.012726,0.005654
9.600000,0.021838,0.016563,0.011925,-0.469107,-1.052102,0.831237,-1.361312,0.005192,0.014575,-0.249362,-1.356419,-0.633108,0.818341,0.009370,0.007230
9.633333,0.018115,0.012253,0.010069,-0.435724,-1.079718,0.798158,-1.320786,0.001624,0.014634,-0.238452,-1.350722,-0.655613,0.837030,0.008283,0.007276
9.666667,0.017414,0.011856,0.009114,-0.393838,-1.106857,0.745952,-1.259362,0.001879,0.014475,-0.250589,-1.356295,-0.678118,0.871997,0.006125,-0.004339
9.700000,0.023330,0.008828,0.006388,-0.363391,-1.142577,0.684686,-1.195389,0.000233,0.007933,-0.272167,-1.360633,-0.717556,0.906145,0.003972,-0.004286
9.733333,0.016179,0.004110,0.004607,-0.340222,-1.177378,0.638153,-1.140659,-0.004626,0.005529,-0.280181,-1.335081,-0.756615,0.919446,0.007475,-0.002939
9.766667,0.012921,0.006911,-0.003692,-0.318433,-1.197400,0.613452,-1.085803,-0.001570,0.006218,-0.287382,-1.293707,-0.810329,0.948133,0.002222,-0.001310
9.800000,0.013574,0.013463,-0.002082,-0.330489,-1.226392,0.616076,-1.047486,0.002845,0.012955,-0.316897,-1.285169,-0.900759,0.996719,-0.001619,0.002746
9.833333,0.009200,0.012575,-0.003910,-0.342269,-1.257789,0.609657,-1.031758,0.005081,0.009544,-0.330789,-1.278774,-0.972664,1.033876,0.000703,0.006115
9.866667,-0.000515,0.012575,-0.011678,-0.339978,-1.275920,0.612713,-1.019609,0.014501,0.011673,-0.323035,-1.242713,-1.011379,1.059487,0.006565,0.010461
9.900000,0.003611,0.019086,-0.012498,-0.342398,-1.297137,0.609429,-1.001393,0.017015,0.007830,-0.317445,-1.243893,-1.022318,1.076448,0.008460,0.012229
9.933333,0.001975,0.014469,-0.011161,-0.348193,-1.323483,0.576568,-0.992164,0.010108,-0.004896,-0.302459,-1.259622,-0.993258,1.057327,0.014689,0.010540
9.966667,0.001070,0.012160,-0.022228,-0.327979,-1.325521,0.519023,-0.960762,0.016136,-0.009966,-0.288554,-1.274439,-0.924197,1.036443,0.020480,0.004954
10.000000,0.005176,0.014629,-0.023535,-0.306781,-1.322866,0.452947,-0.906770,0.014433,-0.004689,-0.252599,-1.281559,-0.833662,0.986990,0.020871,0.011775
10.033333,0.009152,0.014629,-0.017600,-0.288040,-1.336567,0.372721,-0.845837,0.005927,-0.001679,-0.232580,-1.315582,-0.736316,0.923373,0.013267,0.008133
10.066667,0.003959,0.015261,-0.023459,-0.255177,-1.330898,0.279159,-0.785910,-0.001419,0.003891,-0.212743,-1.317309,-0.636316,0.878437,0.008140,0.001727
10.100000,0.005707,0.017063,-0.021192,-0.228637,-1.322343,0.197608,-0.730892,-0.003986,0.009265,-0.200978,-1.315323,-0.541259,0.858563,0.012730,0.005284
10.133333,0.005441,0.012820,-0.010317,-0.207087,-1.312637,0.113416,-0.692960,-0.013252,0.009438,-0.173895,-1.291983,-0.446202,0.825490,0.006710,0.006322
10.166667,0.001793,0.018775,-0.008182,-0.188009,-1.284975,0.059281,-0.676157,-0.013759,0.011221,-0.163979,-1.265404,-0.369722,0.821158,-0.000815,0.006267
10.200000,-0.000952,0.018775,-0.004633,-0.178232,-1.254225,0.029229,-0.694468,-0.009409,0.010713,-0.156019,-1.240673,-0.327253,0.833921,-0.000504,0.011964
10.233333,0.005850,0.010837,0.000092,-0.180724,-1.236765,0.026067,-0.733832,-0.007859,0.005054,-0.169562,-1.236696,-0.306012,0.853145,0.003908,0.012126
10.266667,0.011431,0.010076,-0.002353,-0.200413,-1.219334,0.047096,-0.791314,0.002330,0.007548,-0.199414,-1.227316,-0.319828,0.887307,-0.010333,0.007135
10.300000,0.015889,0.010076,-0.006014,-0.241121,-1.216024,0.108126,-0.866099,0.005848,0.005238,-0.258318,-1.203268,-0.373645,0.951439,-0.009925,0.006990
10.333333,0.015446,0.001652,-0.000963,-0.307493,-1.212214,0.179099,-0.959753,0.010890,0.002519,-0.337729,-1.187855,-0.448883,1.026831,-0.001718,-0.000087
10.366667,0.023509,0.001652,-0.001779,-0.372387,-1.178585,0.265989,-1.053408,0.010937,0.004927,-0.433094,-1.143691,-0.490111,1.119737,-0.006429,-0.014514
10.400000,0.017753,0.001717,-0.002308,-0.411899,-1.122146,0.365989,-1.148294,0.018158,0.004940,-0.493094,-1.071067,-0.510111,1.219736,-0.011878,-0.014203
10.433333,0.014542,0.002666,0.002858,-0.411411,-1.046895,0.450805,-1.214265,0.012683,-0.002239,-0.513094,-0.989072,-0.490111,1.319736,-0.000407,-0.018590
10.466667,0.018576,0.006103,0.007912,-0.370923,-0.957523,0.501085,-1.246143,0.016063,-0.000123,-0.493094,-0.907077,-0.430111,1.397732,-0.004464,-0.013943
10.500000,0.025181,0.010430,0.011157,-0.290435,-0.857523,0.511365,-1.264671,0.013106,-0.007701,-0.433094,-0.807077,-0.330111,1.458843,-0.006584,-0.011310
10.533333,0.014194,0.011720,0.005939,-0.190435,-0.774863,0.481645,-1.274335,0.008506,-0.012133,-0.335036,-0.707077,-0.230111,1.503439,-0.000619,-0.000767
10.566667,0.011300,0.019447,0.005581,-0.127264,-0.693211,0.411925,-1.272116,0.006717,-0.002956,-0.259827,-0.632381,-0.130111,1.533491,0.003158,0.004051
10.600000,0.010890,0.021884,0.007543,-0.077216,-0.631424,0.317389,-1.262046,0.008294,0.002963,-0.200132,-0.578049,-0.040260,1.536184,0.001787,0.011809
10.633333,0.003454,0.018446,0.002161,-0.043025,-0.592207,0.217389,-1.281838,0.006697,-0.004136,-0.160648,-0.527450,0.040206,1.531366,0.009179,0.005497
10.666667,0.005246,0.016301,-0.010254,-0.031716,-0.567847,0.117389,-1.300579,0.012563,0.003446,-0.133445,-0.503790,0.095353,1.540308,0.013111,0.001715
10.700000,0.012215,0.016634,0.000305,-0.047302,-0.549757,0.024570,-1.326029,0.014439,-0.000361,-0.124087,-0.492337,0.133985,1.536549,0.018006,0.000287
10.733333,0.014671,0.010315,0.002889,-0.039427,-0.547900,-0.059486,-1.346507,0.012107,-0.011584,-0.112228,-0.478654,0.163819,1.520243,0.018618,-0.010123
10.766667,0.011092,0.013273,-0.001323,-0.047006,-0.563307,-0.103541,-1.381654,0.006525,-0.011082,-0.106158,-0.461150,0.176646,1.527603,0.019390,-0.010256
10.800000,0.011328,0.013273,0.003969,-0.059830,-0.569904,-0.144897,-1.421032,0.004983,-0.008607,-0.097666,-0.449941,0.180801,1.538828,0.020593,-0.010959
10.833333,0.006377,0.015319,0.012871,-0.074973,-0.575873,-0.170770,-1.446271,-0.004989,-0.012350,-0.102947,-0.432346,0.184319,1.521858,0.021019,-0.007670
10.866667,-0.001761,0.019877,0.009966,-0.082435,-0.576799,-0.180062,-1.448636,0.000452,-0.000802,-0.102503,-0.407413,0.182134,1.518134,0.014293,-0.016103
10.900000,-0.002632,0.021499,0.011365,-0.095071,-0.590718,-0.170557,-1.462150,0.003405,-0.002793,-0.108374,-0.386094,0.175805,1.526603,0.013131,-0.012618
10.933333,-0.000975,0.014218,0.013929,-0.105806,-0.582732,-0.193651,-1.480764,0.011704,-0.004149,-0.117208,-0.373142,0.177348,1.519100,0.019571,-0.013462
10.966667,-0.001380,0.018382,0.007947,-0.108885,-0.587351,-0.199807,-1.479952,0.011370,-0.000511,-0.135086,-0.350770,0.175175,1.524750,0.012300,-0.011189
11.000000,-0.009495,0.016595,0.004863,-0.109324,-0.594725,-0.192215,-1.483475,0.014503,-0.005319,-0.138934,-0.329025,0.177406,1.527789,0.008765,-0.017117
11.033333,0.000011,0.011996,0.004045,-0.109317,-0.596571,-0.201120,-1.492416,0.007013,-0.014275,-0.155576,-0.320225,0.183242,1.533427,0.007891,-0.017727
11.066667,0.006525,0.011601,-0.001511,-0.115827,-0.581005,-0.212468,-1.489634,0.010328,-0.006399,-0.169924,-0.313694,0.185622,1.540041,-0.005411,-0.015656
11.100000,0.008053,0.012092,-0.002610,-0.107225,-0.584162,-0.213253,-1.481296,0.009474,-0.013494,-0.166482,-0.289023,0.177087,1.531458,-0.014344,-0.015689
11.133333,0.007752,0.007928,0.000991,-0.104971,-0.570425,-0.206411,-1.466596,0.005026,-0.019436,-0.166688,-0.283482,0.161521,1.510456,-0.009870,-0.024775
11.166667,0.018050,0.005578,0.001024,-0.108644,-0.560445,-0.218813,-1.471989,0.001174,-0.020681,-0.172965,-0.291113,0.155226,1.504755,-0.013249,-0.023573
11.200000,0.014851,0.004021,0.001239,-0.109213,-0.567474,-0.220277,-1.472993,0.004193,-0.024198,-0.170097,-0.304554,0.147530,1.496185,-0.009229,-0.016327
11.233333,0.009191,0.009545,0.008899,-0.099537,-0.579970,-0.206855,-1.464339,0.004308,-0.030527,-0.165497,-0.313390,0.134183,1.480689,0.005560,-0.016404
11.266667,0.024012,0.018839,0.015321,-0.110292,-0.573479,-0.201664,-1.446950,0.003509,-0.014380,-0.162100,-0.352108,0.127931,1.489105,0.004140,-0.011180
11.300000,0.025785,0.021192,0.020630,-0.115802,-0.594157,-0.213198,-1.455348,0.006368,-0.009916,-0.158163,-0.375501,0.129914,1.491949,0.004022,-0.005721
11.333333,0.022585,0.023030,0.015328,-0.111176,-0.602657,-0.216916,-1.456628,0.015928,-0.010924,-0.151674,-0.388393,0.128754,1.504215,0.006312,-0.004600
11.366667,0.019670,0.031296,0.016169,-0.127137,-0.614741,-0.201344,-1.452184,0.009983,-0.002600,-0.152498,-0.410828,0.112516,1.520085,0.007146,-0.003774
11.400000,0.020507,0.023071,0.016185,-0.137302,-0.643557,-0.218568,-1.466717,0.005520,-0.003466,-0.149806,-0.430490,0.103132,1.521887,0.004943,-0.003041
11.433333,0.006714,0.018456,0.006545,-0.139425,-0.682953,-0.207277,-1.490646,0.004497,-0.010879,-0.163593,-0.436288,0.090875,1.511174,0.012546,-0.006245
11.466667,0.006073,0.019292,0.000260,-0.153927,-0.708401,-0.192298,-1.509936,0.004688,-0.011091,-0.164464,-0.463761,0.066836,1.514984,0.008535,0.000492
11.500000,0.002760,0.017362,0.008647,-0.170089,-0.750733,-0.184981,-1.509966,0.002143,-0.006663,-0.176222,-0.507383,0.050073,1.508397,0.007218,0.000406
11.533333,0.005132,0.011154,0.007024,-0.171879,-0.795172,-0.185829,-1.520374,0.008940,-0.008095,-0.193607,-0.557836,0.028404,1.488642,0.005828,0.000350
11.566667,0.002824,0.011154,0.004406,-0.204652,-0.844589,-0.153882,-1.523626,0.014875,0.000293,-0.231871,-0.626714,-0.018070,1.503560,-0.001110,0.002103
11.600000,0.001690,0.005270,0.006884,-0.253471,-0.896469,-0.120184,-1.533736,0.011298,-0.006909,-0.285978,-0.712799,-0.078569,1.520636,-0.005338,-0.003486
11.633333,0.003731,0.002081,0.011243,-0.315362,-0.927847,-0.062522,-1.526866,0.014395,-0.009320,-0.363059,-0.789960,-0.146715,1.530872,-0.000730,-0.013415
11.666667,0.004291,0.007994,0.006368,-0.397241,-0.964577,0.024999,-1.531949,0.017852,-0.002626,-0.453710,-0.867121,-0.246715,1.544824,-0.001297,-0.015142
11.700000,0.003909,0.007872,0.007374,-0.497241,-1.002514,0.123189,-1.542527,0.019119,-0.005645,-0.553710,-0.940402,-0.346715,1.563738,-0.001667,-0.015650
11.733333,0.011204,0.007872,0.001981,-0.597241,-1.013466,0.221379,-1.541240,0.015502,-0.007468,-0.653710,-1.012851,-0.446715,1.563738,0.003110,-0.019073
11.766667,0.010745,0.012504,-0.004610,-0.697241,-1.028075,0.319569,-1.547232,0.018762,-0.004854,-0.753710,-1.050595,-0.546715,1.565046,0.003460,-0.016256
11.800000,0.007592,0.014781,-0.004887,-0.797241,-1.045038,0.419569,-1.554843,0.016762,-0.002305,-0.853710,-1.086726,-0.646716,1.569159,0.003524,-0.013437
11.833333,0.006862,0.010536,-0.000892,-0.897241,-1.031199,0.519569,-1.560990,0.013391,-0.004860,-0.942713,-1.095886,-0.746716,1.568357,0.001634,-0.006485
11.866667,0.006819,0.014882,0.000947,-0.987507,-0.997319,0.619569,-1.556714,0.013834,0.004113,-1.000131,-1.105544,-0.846716,1.569198,-0.000276,-0.003994
11.900000,0.000962,0.018028,0.006212,-1.037772,-0.967104,0.719569,-1.565724,0.015228,0.000033,-1.017548,-1.076034,-0.946716,1.569198,0.004940,-0.004407
11.933333,0.000278,0.016542,0.012676,-1.066540,-0.925227,0.819569,-1.565724,0.017141,-0.000702,-1.001450,-1.056385,-1.046716,1.569198,0.007808,-0.006417
11.966667,0.002745,0.014265,0.013027,-1.055308,-0.918810,0.879569,-1.545724,0.025828,0.001919,-0.945352,-1.061189,-1.146716,1.549198,0.010873,-0.006354
12.000000,0.008820,0.013190,0.015145,-1.004076,-0.952392,0.903536,-1.505724,0.030313,0.007561,-0.884314,-1.092963,-1.246716,1.547696,0.009351,-0.004834
12.033333,0.009997,0.007990,0.012591,-0.922578,-1.009073,0.902316,-1.450000,0.029470,0.001457,-0.829861,-1.128119,-1.346716,1.545406,0.010226,-0.006978
12.066667,0.008305,0.008454,0.008719,-0.841080,-1.084240,0.886495,-1.370000,0.026497,0.006212,-0.799133,-1.186949,-1.446716,1.545407,0.009706,-0.004609
12.100000,0.012225,0.006543,0.005035,-0.741080,-1.152552,0.843434,-1.282903,0.021611,0.008341,-0.777398,-1.259922,-1.536658,1.542819,0.003922,0.000902
12.133333,0.012338,0.006844,0.002810,-0.651745,-1.213790,0.813203,-1.218425,0.013385,0.006249,-0.777569,-1.313744,-1.598651,1.562167,-0.003534,0.003527
12.166667,0.001100,0.008115,-0.011948,-0.570361,-1.250905,0.810144,-1.164111,0.012770,-0.005037,-0.774240,-1.329761,-1.635809,1.562125,0.000824,-0.002131
12.200000,0.002281,0.010574,-0.016560,-0.519943,-1.265262,0.805243,-1.128927,0.015730,-0.006467,-0.777786,-1.342451,-1.664340,1.564415,0.006684,0.007366
12.233333,0.005360,0.006964,-0.013341,-0.479443,-1.278276,0.777948,-1.117021,0.017302,-0.009052,-0.781214,-1.349084,-1.657668,1.564415,0.001583,0.007339
12.266667,-0.000345,0.007583,-0.018453,-0.438943,-1.311805,0.737894,-1.092212,0.022194,-0.015314,-0.784642,-1.326418,-1.621053,1.563156,-0.004003,0.006996
12.300000,-0.001552,0.014651,-0.020094,-0.399752,-1.322455,0.685010,-1.044784,0.025126,-0.010504,-0.797814,-1.322903,-1.596165,1.563809,-0.001743,0.013916
12.333333,0.006736,0.015065,-0.008909,-0.367090,-1.329819,0.604432,-0.996654,0.021006,-0.004317,-0.793778,-1.324182,-1.556112,1.566047,-0.003387,0.014757
12.366667,0.009116,0.013906,-0.007387,-0.309254,-1.319941,0.510884,-0.964398,0.026335,0.007576,-0.767868,-1.300120,-1.484686,1.555682,-0.013437,0.004662
12.400000,0.010245,0.024620,-0.008726,-0.256672,-1.276241,0.420947,-0.948864,0.022947,0.008117,-0.718350,-1.258442,-1.408464,1.550596,-0.016876,0.010954
12.433333,0.012576,0.024878,-0.001277,-0.222138,-1.204695,0.332507,-0.973330,0.021704,0.013637,-0.653354,-1.241693,-1.332242,1.554442,-0.007937,0.006349
12.466667,0.014066,0.022190,-0.000151,-0.204169,-1.138971,0.244067,-1.037796,0.020269,0.009030,-0.556708,-1.194635,-1.232242,1.553915,-0.002964,-0.000426
12.500000,0.016453,0.022004,-0.001561,-0.210537,-1.088292,0.152183,-1.132798,0.019958,0.009301,-0.456708,-1.140588,-1.132242,1.552939,-0.000365,0.007856
12.533333,0.012969,0.022119,0.001548,-0.233773,-1.056560,0.060298,-1.232798,0.012096,-0.001401,-0.356708,-1.101910,-1.032242,1.563303,0.006609,0.007673
12.566667,0.017645,0.016455,0.005350,-0.276180,-1.053912,-0.020771,-1.332798,0.021074,0.001752,-0.269840,-1.094098,-0.932242,1.568390,0.012135,0.002452
12.600000,0.020706,0.017004,0.010493,-0.330784,-1.072853,-0.063337,-1.417079,0.025839,0.007452,-0.195391,-1.078775,-0.832242,1.554857,0.009520,0.004450
12.633333,0.018135,0.012324,0.010976,-0.374197,-1.086541,-0.068607,-1.470405,0.023381,0.006254,-0.120942,-1.056299,-0.732242,1.521851,0.006896,0.004487
12.666667,0.017125,0.010231,0.011922,-0.418793,-1.105337,-0.033876,-1.483732,0.024215,0.007495,-0.081398,-1.073824,-0.632242,1.469400,0.006608,-0.007970
12.700000,0.023625,0.007712,0.008899,-0.480729,-1.122627,0.040854,-1.473392,0.021899,0.001130,-0.068168,-1.104647,-0.532242,1.395867,0.005127,-0.009665
12.733333,0.016900,0.002661,0.006304,-0.548322,-1.135743,0.138151,-1.447208,0.014828,-0.001383,-0.059988,-1.124611,-0.432242,1.302334,0.008625,-0.009103
12.766667,0.009927,0.004385,-0.003805,-0.621516,-1.131182,0.235448,-1.402507,0.013487,-0.001258,-0.051385,-1.140887,-0.332242,1.202334,0.004131,-0.008511
12.800000,0.007586,0.008376,-0.004067,-0.717360,-1.137287,0.335448,-1.380967,0.015412,0.006595,-0.054945,-1.188027,-0.245653,1.102334,0.004048,-0.002102
12.833333,0.001337,0.008376,-0.007610,-0.789128,-1.135919,0.435448,-1.386520,0.016686,0.002759,-0.044367,-1.210014,-0.174876,1.002334,0.004553,0.000974
12.866667,-0.013026,0.008376,-0.014939,-0.820896,-1.120993,0.535448,-1.388188,0.026912,0.007739,-0.014380,-1.192001,-0.108486,0.934628,0.009801,0.008200
12.900000,-0.010275,0.014969,-0.016269,-0.812664,-1.083119,0.635448,-1.384493,0.027517,0.006076,0.012155,-1.176166,-0.052120,0.906922,0.010344,0.009861
12.933333,-0.010961,0.011661,-0.012508,-0.768587,-1.051152,0.735448,-1.389716,0.023187,-0.003089,0.027204,-1.146603,-0.003421,0.919216,0.016532,0.005888
12.966667,-0.011989,0.011923,-0.022658,-0.684510,-0.997901,0.817517,-1.367639,0.031475,-0.006794,0.025156,-1.102217,0.035676,0.971510,0.019129,0.000821
13.000000,-0.006096,0.014016,-0.022690,-0.584510,-0.924745,0.859587,-1.325119,0.028122,-0.001912,0.043873,-1.042985,0.063699,1.063804,0.019916,0.007684
13.033333,0.000053,0.014410,-0.015703,-0.484510,-0.872456,0.861656,-1.276938,0.018612,0.001501,0.056077,-0.987135,0.096110,1.148833,0.012671,0.001902
13.066667,-0.006288,0.014786,-0.019425,-0.384510,-0.828956,0.823725,-1.235818,0.012425,0.006877,0.074836,-0.909099,0.131264,1.223743,0.006132,-0.003606
13.100000,-0.003519,0.016573,-0.016275,-0.284510,-0.791007,0.745795,-1.201083,0.007786,0.011383,0.091529,-0.831063,0.141067,1.281999,0.007638,0.004954
13.133333,-0.002964,0.012320,-0.004296,-0.206536,-0.753059,0.645795,-1.190963,-0.005230,0.010739,0.123733,-0.737587,0.168790,1.301280,0.001481,0.005183
13.166667,-0.005309,0.019427,-0.001795,-0.146838,-0.731455,0.545795,-1.189476,-0.006685,0.011374,0.135840,-0.650222,0.186339,1.296893,-0.005348,0.005275
13.200000,-0.008649,0.019697,0.001956,-0.103102,-0.704386,0.445795,-1.215252,-0.002163,0.010271,0.153517,-0.575311,0.184332,1.280830,-0.006351,0.012316
13.233333,-0.000295,0.012729,0.006506,-0.081547,-0.690989,0.345795,-1.238796,0.000108,0.003261,0.157502,-0.534132,0.173030,1.254571,-0.002483,0.013685
13.266667,0.003995,0.010977,0.002586,-0.076250,-0.681760,0.245795,-1.241273,0.008512,0.004649,0.165239,-0.520025,0.184346,1.220609,-0.014729,0.007659
13.300000,0.008335,0.010977,-0.001530,-0.072164,-0.706986,0.145795,-1.225589,0.010992,0.001447,0.154856,-0.526187,0.163278,1.185622,-0.014468,0.007638
13.333333,0.009574,0.001777,0.003453,-0.080196,-0.738720,0.045795,-1.199205,0.014216,0.002256,0.139848,-0.566238,0.164719,1.145043,-0.008266,0.004351
13.366667,0.016528,0.001113,0.000878,-0.098938,-0.787523,-0.044610,-1.138773,0.012617,0.003895,0.093310,-0.630452,0.167070,1.105914,-0.013270,-0.006441
13.400000,0.013152,0.001113,-0.001776,-0.118016,-0.851903,-0.095015,-1.054717,0.016177,0.006830,0.053824,-0.700936,0.159105,1.047099,-0.014044,-0.003733
13.433333,0.011409,0.000895,0.002386,-0.138105,-0.930929,-0.105419,-0.970662,0.010474,0.003738,0.007492,-0.784347,0.123995,0.972642,-0.001932,-0.004715
13.466667,0.019933,0.002456,0.005815,-0.151981,-1.002929,-0.075824,-0.877278,0.018599,0.007507,-0.023791,-0.879371,0.102791,0.909704,-0.004051,0.002706
13.500000,0.025872,0.004098,0.007638,-0.171125,-1.086713,-0.009101,-0.814019,0.016463,0.001649,-0.043670,-0.972295,0.082788,0.864428,-0.006773,0.004251
13.533333,0.014292,0.004098,0.001166,-0.184358,-1.173852,0.073720,-0.785535,0.013096,-0.001671,-0.036357,-1.034068,0.065587,0.837185,-0.000317,0.013480
13.566667,0.007792,0.011777,-0.000684,-0.215075,-1.228558,0.156541,-0.797051,0.013312,0.005558,-0.028833,-1.092177,0.064841,0.849942,-0.001189,0.020284
13.600000,0.009119,0.012490,-0.000064,-0.244195,-1.263188,0.239361,-0.826445,0.012799,0.011742,-0.009997,-1.134113,0.076490,0.902699,-0.001704,0.025573
13.633333,-0.004693,0.010929,-0.006636,-0.273938,-1.289684,0.322182,-0.893810,0.011667,0.003386,0.003086,-1.146553,0.103734,0.965706,0.005192,0.016988
13.666667,-0.004707,0.011624,-0.020030,-0.293768,-1.288843,0.407875,-0.952964,0.019485,0.006816,0.015379,-1.150786,0.115417,1.040311,0.011980,0.014065
13.700000,0.003628,0.012140,-0.010145,-0.323962,-1.273839,0.507875,-1.013875,0.020885,0.006057,0.017509,-1.162206,0.125989,1.097026,0.016866,0.013660
13.733333,0.008766,0.005161,-0.006249,-0.326334,-1.267873,0.593687,-1.055720,0.021214,-0.002647,0.019467,-1.160023,0.137344,1.128709,0.018752,0.003324
13.766667,0.003177,0.009524,-0.010281,-0.336059,-1.271400,0.674075,-1.092783,0.021757,-0.000951,0.018279,-1.145816,0.149291,1.160392,0.018038,0.001384
13.800000,0.007218,0.009524,-0.004901,-0.349285,-1.274047,0.726641,-1.128483,0.016172,0.002537,0.023101,-1.143277,0.148179,1.188713,0.017409,0.003170
13.833333,0.002836,0.010099,0.003127,-0.349376,-1.278474,0.739207,-1.137681,0.006437,0.002708,0.018330,-1.126109,0.154924,1.198215,0.012674,0.006600
13.866667,-0.006842,0.015044,-0.000440,-0.326361,-1.283130,0.711773,-1.110348,0.007301,0.009376,0.021388,-1.098696,0.160365,1.226596,0.008782,-0.000380
13.900000,-0.008806,0.015263,-0.000359,-0.301554,-1.305285,0.658527,-1.062082,0.009019,0.010446,0.022213,-1.072391,0.171068,1.279290,0.009147,0.001876
13.933333,-0.007605,0.010080,0.002173,-0.278050,-1.312955,0.570705,-1.000718,0.012439,0.008639,0.017851,-1.058966,0.193029,1.325238,0.013487,0.003538
13.966667,-0.009278,0.013841,-0.003707,-0.255410,-1.327924,0.470705,-0.900718,0.012694,0.013347,-0.005785,-1.041765,0.219559,1.392777,0.005103,0.004178
14.000000,-0.015875,0.011458,-0.005710,-0.239649,-1.346427,0.371985,-0.800718,0.015223,0.010568,-0.016868,-1.033003,0.252244,1.459275,0.005152,0.000931
14.033333,-0.003122,0.006207,-0.005947,-0.248392,-1.357317,0.312351,-0.740074,0.011489,0.003762,-0.053428,-1.049158,0.276495,1.512825,0.001528,-0.001276
14.066667,0.000458,0.006788,-0.011929,-0.286751,-1.349142,0.292716,-0.719431,0.013230,0.007428,-0.106079,-1.079419,0.269071,1.547095,-0.013161,0.000348
14.100000,0.002050,0.007044,-0.012614,-0.340780,-1.352224,0.313082,-0.738787,0.014448,0.000665,-0.151983,-1.093566,0.234949,1.568109,-0.018307,-0.001870
14.133333,0.002580,0.003284,-0.009991,-0.412798,-1.329592,0.373447,-0.798144,0.012719,-0.005438,-0.202050,-1.109184,0.177290,1.567685,-0.011362,-0.009649
14.166667,0.011642,0.002754,-0.010176,-0.505324,-1.295622,0.472532,-0.897500,0.011565,-0.009341,-0.280968,-1.133071,0.094533,1.568561,-0.013037,-0.013208
14.200000,0.009400,0.002544,-0.008300,-0.605324,-1.267603,0.572532,-0.997500,0.017848,-0.007978,-0.359705,-1.148998,-0.001534,1.568561,-0.010607,-0.006892
14.233333,0.005821,0.008903,0.000436,-0.705324,-1.234351,0.672532,-1.097500,0.019245,-0.011819,-0.438265,-1.142416,-0.101534,1.567494,0.004833,-0.006942
14.266667,0.017666,0.019768,0.005980,-0.805324,-1.174909,0.772532,-1.197500,0.021418,0.004670,-0.537907,-1.155970,-0.201534,1.567494,0.000549,-0.003019
14.300000,0.020115,0.020796,0.012459,-0.899100,-1.146846,0.872532,-1.297500,0.022395,0.011599,-0.637549,-1.154633,-0.301534,1.566567,-0.001310,0.002119
14.333333,0.015090,0.021803,0.006830,-0.971814,-1.120115,0.972532,-1.390285,0.028976,0.013927,-0.734505,-1.148383,-0.401534,1.566567,0.000799,0.007965
14.366667,0.014560,0.029186,0.007982,-1.029083,-1.079993,1.072532,-1.453024,0.021393,0.022158,-0.820801,-1.129674,-0.501534,1.566567,0.002498,0.012371
14.400000,0.018788,0.022770,0.007385,-1.058072,-1.044877,1.172532,-1.507524,0.016310,0.021457,-0.901431,-1.103262,-0.601534,1.567634,0.001729,0.012628
14.433333,0.008065,0.017263,-0.001516,-1.054047,-1.021919,1.265012,-1.541678,0.012599,0.011431,-0.942062,-1.056318,-0.701534,1.566561,0.009889,0.013705
14.466667,0.005238,0.018992,-0.008214,-1.032308,-0.977710,1.323308,-1.556178,0.014920,0.007126,-0.942692,-1.023306,-0.801534,1.568927,0.007629,0.021529
14.500000,0.001463,0.019134,0.000075,-0.997771,-0.940533,1.347269,-1.557893,0.011301,0.011486,-0.906009,-0.990266,-0.861534,1.568927,0.006891,0.019912
14.533333,-0.000069,0.015108,-0.003050,-0.938680,-0.920777,1.331231,-1.569654,0.017651,0.008323,-0.840168,-0.970535,-0.881534,1.564723,0.007244,0.016329
14.566667,-0.005182,0.013667,-0.003614,-0.867868,-0.920376,1.275192,-1.569654,0.022045,0.014416,-0.740168,-0.959848,-0.861534,1.564723,0.000274,0.017741
14.600000,-0.008488,0.008097,-0.000013,-0.790070,-0.924476,1.186674,-1.559552,0.021706,0.005922,-0.640168,-0.962246,-0.801534,1.548151,-0.002626,0.011305
14.633333,-0.006330,0.005443,0.004661,-0.696210,-0.920835,1.092339,-1.540498,0.017374,0.007623,-0.540168,-0.960651,-0.701534,1.523313,-0.000885,0.000461
14.666667,-0.006339,0.009186,-0.000309,-0.596210,-0.940980,0.992339,-1.501445,0.017919,0.008718,-0.440168,-0.972226,-0.601534,1.478475,-0.003252,-0.002449
14.700000,-0.005809,0.005828,0.000732,-0.496210,-0.972984,0.892339,-1.442392,0.014151,0.003604,-0.340168,-0.987806,-0.501534,1.417841,0.000049,-0.005381
14.733333,0.002281,0.005828,-0.006494,-0.396210,-0.991149,0.792339,-1.363339,0.013702,-0.000394,-0.240168,-1.026607,-0.401534,1.364118,0.004828,-0.009942
14.766667,0.003438,0.008080,-0.015874,-0.308748,-1.032654,0.692339,-1.274734,0.012230,0.000310,-0.141507,-1.059321,-0.301534,1.308040,0.005144,-0.006341
14.800000,0.001620,0.007977,-0.018330,-0.247420,-1.102909,0.592339,-1.174734,0.014056,0.000309,-0.069976,-1.103716,-0.201534,1.239156,0.006180,-0.001994
14.833333,0.002146,0.003085,-0.015349,-0.206769,-1.138346,0.492339,-1.074734,0.011174,-0.002915,-0.020864,-1.125895,-0.102771,1.170271,0.003986,0.006686
14.866667,0.002249,0.009398,-0.014620,-0.203135,-1.168638,0.392339,-0.974734,0.013562,0.001692,0.005526,-1.160471,-0.021059,1.101386,-0.001061,0.012825
14.900000,-0.004568,0.009398,-0.009562,-0.206432,-1.218270,0.292339,-0.874734,0.010451,-0.001894,0.006880,-1.167246,0.031985,1.001386,-0.002830,0.016524
14.933333,-0.004417,0.006313,-0.002095,-0.217190,-1.247901,0.206117,-0.779487,0.011735,-0.000507,-0.010426,-1.178850,0.065029,0.901386,-0.005649,0.016139
14.966667,-0.001216,0.006313,0.000799,-0.241813,-1.246397,0.159895,-0.724240,0.012081,-0.003569,-0.040602,-1.168835,0.058073,0.841386,0.007058,0.012850
15.000000,0.004911,0.006770,0.004328,-0.285762,-1.251656,0.153673,-0.708993,0.010158,-0.002755,-0.088360,-1.141722,0.012355,0.821386,0.011300,0.006951
15.033333,0.006216,0.002716,0.002411,-0.332691,-1.247176,0.187451,-0.733746,0.001539,-0.012014,-0.153396,-1.100236,-0.056312,0.841386,0.020321,0.000250
15.066667,0.003635,0.007567,-0.000872,-0.412691,-1.219049,0.261229,-0.798499,-0.007083,-0.014264,-0.233396,-1.052437,-0.136312,0.901386,0.032694,-0.006938
15.100000,0.005181,0.010886,-0.003468,-0.495890,-1.182079,0.361229,-0.898499,-0.020395,-0.016164,-0.333396,-1.013482,-0.236312,1.001386,0.041521,-0.007780
15.133333,0.003260,0.012042,-0.006270,-0.559747,-1.177587,0.461229,-0.998499,-0.028175,-0.018186,-0.433396,-0.995482,-0.336312,1.101386,0.033340,-0.007848
15.166667,-0.008785,0.013257,-0.021118,-0.584990,-1.177878,0.561229,-1.067368,-0.029558,-0.028970,-0.533396,-0.980566,-0.436312,1.201386,0.040475,-0.013832
15.200000,-0.008504,0.014934,-0.024107,-0.603880,-1.167245,0.661229,-1.119294,-0.025608,-0.030656,-0.633396,-0.975428,-0.536312,1.300472,0.043699,-0.005220
15.233333,-0.005241,0.010585,-0.019886,-0.592453,-1.173762,0.752793,-1.155614,-0.023975,-0.031858,-0.733396,-0.981637,-0.636312,1.375461,0.038956,-0.003040
15.266667,-0.008721,0.010328,-0.024330,-0.571881,-1.198943,0.813274,-1.175416,-0.015920,-0.040912,-0.821356,-0.959003,-0.736312,1.426372,0.032430,-0.004364
15.300000,-0.010862,0.017011,-0.025356,-0.570651,-1.197696,0.872058,-1.176451,-0.012664,-0.037386,-0.896455,-0.941257,-0.836312,1.476714,0.036042,0.001175
15.333333,-0.002099,0.017707,-0.013685,-0.590329,-1.204716,0.908925,-1.190870,-0.014780,-0.034486,-0.931554,-0.919739,-0.896313,1.490846,0.033491,0.001481
15.366667,0.000219,0.016774,-0.011343,-0.584395,-1.198314,0.907217,-1.182232,-0.009628,-0.025108,-0.926652,-0.862817,-0.916313,1.478710,0.021196,-0.008507
15.400000,0.000958,0.025904,-0.012463,-0.583132,-1.198740,0.892441,-1.168627,-0.012092,-0.023989,-0.881751,-0.788661,-0.896312,1.475653,0.014625,-0.002502
15.433333,0.005605,0.024963,-0.005362,-0.583814,-1.189553,0.878663,-1.150458,-0.013267,-0.019573,-0.808889,-0.714505,-0.836312,1.482250,0.017918,-0.009286
15.466667,0.010211,0.021989,-0.005149,-0.551719,-1.190221,0.826581,-1.111056,-0.013346,-0.025550,-0.708889,-0.614505,-0.736312,1.463569,0.021121,-0.017835
15.500000,0.014180,0.022219,-0.006788,-0.512751,-1.198432,0.756417,-1.049401,-0.012623,-0.024880,-0.608889,-0.514505,-0.673125,1.456612,0.022017,-0.009274
15.533333,0.010324,0.025055,-0.004184,-0.465746,-1.225829,0.684828,-0.987746,-0.015930,-0.031520,-0.508889,-0.414505,-0.643733,1.447945,0.028010,-0.009622
15.566667,0.015485,0.022362,-0.002847,-0.404389,-1.238179,0.594743,-0.906664,-0.008939,-0.028257,-0.408889,-0.314505,-0.654341,1.435143,0.031987,-0.015977
15.600000,0.017552,0.027489,-0.000662,-0.327031,-1.253947,0.494743,-0.806664,-0.003816,-0.022645,-0.308889,-0.214505,-0.704948,1.396765,0.034449,-0.018292
15.633333,0.011561,0.026376,-0.004244,-0.249497,-1.263539,0.394743,-0.706664,-0.007510,-0.027187,-0.208889,-0.114505,-0.795556,1.344233,0.031970,-0.019166
15.666667,0.008917,0.031541,-0.007226,-0.171358,-1.258459,0.294743,-0.606664,-0.004459,-0.028648,-0.108889,-0.014505,-0.889351,1.316188,0.034570,-0.030915
15.700000,0.013834,0.031798,-0.013557,-0.109766,-1.252720,0.194743,-0.506664,-0.007793,-0.043697,-0.008889,0.085495,-0.989351,1.300506,0.038929,-0.035873
15.733333,0.008161,0.033448,-0.017944,-0.070875,-1.246797,0.094743,-0.407514,-0.008804,-0.052532,0.091111,0.185495,-1.089351,1.274418,0.045685,-0.036826
15.766667,0.000650,0.037054,-0.028565,-0.041868,-1.224483,-0.005257,-0.323202,-0.005757,-0.055834,0.191111,0.285495,-1.189351,1.266700,0.047137,-0.037678
15.800000,0.004383,0.047396,-0.027960,-0.038593,-1.212355,-0.096739,-0.267179,0.002440,-0.047303,0.291111,0.385495,-1.289351,1.279493,0.046987,-0.032226
15.833333,0.001426,0.045368,-0.030356,-0.031642,-1.217270,-0.176448,-0.234380,0.004232,-0.055966,0.391111,0.485495,-1.389351,1.278020,0.050666,-0.033459
15.866667,-0.007216,0.040367,-0.038600,-0.024155,-1.218645,-0.227752,-0.231126,0.013845,-0.053409,0.491111,0.585495,-1.475132,1.271966,0.059972,-0.029427
15.900000,-0.004949,0.044612,-0.039097,-0.021265,-1.217770,-0.257643,-0.258473,0.015565,-0.057605,0.591111,0.660746,-1.527443,1.273684,0.064014,-0.027468
15.933333,-0.005514,0.040241,-0.036692,-0.024572,-1.233842,-0.273893,-0.293248,0.009003,-0.067983,0.691111,0.730300,-1.543106,1.257802,0.065674,-0.027947
15.966667,-0.012965,0.035100,-0.045119,-0.023302,-1.233325,-0.258661,-0.337387,0.018974,-0.078216,0.791111,0.759855,-1.518769,1.246178,0.068158,-0.035539
16.000000,-0.008643,0.036328,-0.045938,-0.037566,-1.232647,-0.220644,-0.396254,0.014732,-0.076576,0.891111,0.749410,-1.454432,1.208820,0.065098,-0.028575
16.033333,-0.003398,0.039002,-0.036846,-0.051082,-1.248687,-0.194984,-0.451191,0.007433,-0.069178,0.991111,0.698964,-1.364314,1.152572,0.055855,-0.035381
16.066667,-0.003245,0.033946,-0.040091,-0.077299,-1.258819,-0.150736,-0.514675,-0.001962,-0.059851,1.051111,0.633269,-1.267667,1.078111,0.046520,-0.041747
16.100000,0.003068,0.028857,-0.034119,-0.127437,-1.266990,-0.080130,-0.595895,-0.007720,-0.049242,1.071111,0.533269,-1.167667,1.002879,0.045202,-0.033664
16.133333,0.010694,0.019903,-0.023106,-0.182326,-1.276383,-0.009523,-0.671168,-0.028678,-0.039643,1.051111,0.433269,-1.067667,0.902879,0.037240,-0.029042
16.166667,0.010888,0.021831,-0.018148,-0.231602,-1.279740,0.066524,-0.716446,-0.034873,-0.025747,0.991111,0.333269,-0.967667,0.802879,0.028192,-0.023108
16.200000,0.010660,0.018370,-0.015270,-0.297529,-1.282502,0.166524,-0.768674,-0.035403,-0.019492,0.891111,0.233269,-0.867667,0.702879,0.022464,-0.007904
16.233333,0.016227,0.010590,-0.010698,-0.353881,-1.289393,0.264684,-0.811432,-0.033673,-0.022792,0.791111,0.133269,-0.767667,0.602879,0.024356,-0.002817
16.266667,0.019978,0.010725,-0.013791,-0.410234,-1.294112,0.362844,-0.834855,-0.026421,-0.017491,0.691111,0.033269,-0.667667,0.521762,0.011723,-0.004771
16.300000,0.022931,0.010725,-0.015720,-0.473632,-1.315111,0.461004,-0.866571,-0.022651,-0.017070,0.591111,-0.066731,-0.567667,0.449277,0.013925,-0.000643
16.333333,0.020324,0.001835,-0.011212,-0.555971,-1.325219,0.559164,-0.930330,-0.016019,-0.015489,0.491111,-0.166731,-0.467667,0.403990,0.019917,-0.008368
16.366667,0.026910,0.001526,-0.010479,-0.646397,-1.321415,0.657324,-0.997100,-0.019431,-0.013106,0.391111,-0.266731,-0.367667,0.391428,0.013265,-0.019044
16.400000,0.019053,0.002613,-0.010590,-0.746375,-1.326492,0.757324,-1.064643,-0.016037,-0.010422,0.291111,-0.366731,-0.267667,0.378865,0.012568,-0.019399
16.433333,0.014704,0.004028,-0.005473,-0.814246,-1.317740,0.857324,-1.120202,-0.024692,-0.016530,0.191111,-0.466731,-0.197009,0.353225,0.025595,-0.022064
16.466667,0.022101,0.006116,-0.001492,-0.852876,-1.293853,0.957324,-1.150901,-0.016278,-0.011708,0.091111,-0.566731,-0.156935,0.358952,0.021554,-0.018349
16.500000,0.027930,0.008714,0.002633,-0.886826,-1.284218,1.057324,-1.176015,-0.019510,-0.019335,-0.008889,-0.666731,-0.130001,0.377482,0.020684,-0.014265
16.533333,0.016187,0.009376,-0.004585,-0.902654,-1.286041,1.157324,-1.198857,-0.023368,-0.024687,-0.098325,-0.763698,-0.121985,0.403286,0.026225,-0.007052
16.566667,0.012036,0.017594,-0.005922,-0.918505,-1.258240,1.251281,-1.230398,-0.025463,-0.016046,-0.159181,-0.820664,-0.125759,0.469091,0.023273,-0.000313
16.600000,0.014360,0.020758,-0.005236,-0.944634,-1.229039,1.311485,-1.277870,-0.021925,-0.008493,-0.185117,-0.837630,-0.109842,0.569091,0.020066,0.004431
16.633333,0.002198,0.018670,-0.009982,-0.963552,-1.211018,1.331689,-1.349295,-0.023898,-0.017854,-0.196504,-0.814596,-0.064822,0.669091,0.021835,-0.003523
16.666667,0.001625,0.019784,-0.023559,-0.959832,-1.179021,1.318019,-1.403027,-0.018459,-0.014815,-0.181436,-0.751562,-0.034592,0.769091,0.024483,-0.004957
16.700000,0.006728,0.022899,-0.012144,-0.956899,-1.145298,1.268323,-1.455609,-0.013677,-0.015019,-0.158992,-0.651562,-0.000683,0.869091,0.031771,-0.005663
16.733333,0.015573,0.017274,-0.009057,-0.929226,-1.129360,1.196725,-1.486556,-0.013327,-0.026693,-0.145891,-0.551562,0.036057,0.969091,0.034013,-0.016862
16.766667,0.010775,0.019625,-0.012082,-0.907953,-1.145589,1.158881,-1.498683,-0.015730,-0.027155,-0.142297,-0.451562,0.059573,1.069091,0.034255,-0.014432
16.800000,0.010536,0.020791,-0.007508,-0.920574,-1.172308,1.161037,-1.508279,-0.020365,-0.025551,-0.126886,-0.351562,0.060700,1.169091,0.035866,-0.011573
16.833333,0.009633,0.023169,0.001739,-0.946064,-1.206855,1.197067,-1.501153,-0.024851,-0.024527,-0.110159,-0.251562,0.068146,1.266061,0.033666,-0.009155
16.866667,-0.000059,0.026399,-0.000558,-0.970785,-1.244840,1.269123,-1.466450,-0.022709,-0.019898,-0.084741,-0.152273,0.066543,1.345306,0.025010,-0.015722
16.900000,-0.006099,0.026850,0.001828,-0.996307,-1.299989,1.369123,-1.443417,-0.017110,-0.018436,-0.058088,-0.080893,0.062300,1.410703,0.023727,-0.011138
16.933333,-0.005025,0.023215,0.004453,-1.019757,-1.337673,1.456318,-1.427875,-0.014085,-0.021173,-0.040348,-0.034671,0.062983,1.457113,0.025073,-0.014122
16.966667,-0.005576,0.028731,-0.002016,-1.025441,-1.368476,1.528190,-1.400116,-0.014435,-0.018973,-0.045543,-0.005403,0.060863,1.495649,0.020825,-0.012592
17.000000,-0.013830,0.026133,-0.004023,-1.020282,-1.394563,1.589344,-1.391159,-0.012813,-0.022968,-0.055809,-0.008777,0.059928,1.500772,0.018684,-0.017308
17.033333,-0.000900,0.023223,-0.004813,-1.021728,-1.409514,1.626526,-1.395196,-0.016639,-0.031228,-0.082796,-0.037221,0.062555,1.515663,0.017321,-0.021499
17.066667,0.004232,0.023476,-0.010615,-1.031574,-1.409514,1.648877,-1.391844,-0.016504,-0.025336,-0.117293,-0.068213,0.057271,1.529535,0.002620,-0.020641
17.100000,0.003772,0.023672,-0.011396,-1.030537,-1.410000,1.661635,-1.388322,-0.014524,-0.032642,-0.138124,-0.086725,0.042946,1.527812,-0.004103,-0.020044
17.133333,0.007756,0.016990,-0.007715,-1.022864,-1.406580,1.668946,-1.375446,-0.016914,-0.037634,-0.150024,-0.106341,0.029734,1.508992,0.000628,-0.029210
17.166667,0.016085,0.016614,-0.008506,-1.031973,-1.405885,1.669415,-1.376043,-0.021508,-0.042239,-0.161990,-0.119933,0.025716,1.509832,-0.002736,-0.030919
17.200000,0.015818,0.013705,-0.008124,-1.029723,-1.405885,1.672067,-1.373170,-0.018960,-0.039634,-0.157075,-0.124773,0.024561,1.502822,0.002534,-0.025383
17.233333,0.011572,0.017967,-0.001178,-1.014271,-1.405885,1.685285,-1.356737,-0.018711,-0.045608,-0.145580,-0.119289,0.025205,1.486881,0.018571,-0.026039
17.266667,0.026973,0.026994,0.004382,-1.017799,-1.399096,1.695612,-1.333377,-0.015976,-0.027175,-0.125609,-0.131281,0.037167,1.497652,0.016429,-0.024690
17.300000,0.026458,0.030570,0.009895,-1.026540,-1.402516,1.700061,-1.335026,-0.011029,-0.023732,-0.106697,-0.125216,0.055086,1.502709,0.013893,-0.017973
17.333333,0.021776,0.030527,0.003247,-1.024256,-1.403211,1.709703,-1.330045,-0.004660,-0.023506,-0.081615,-0.112727,0.072113,1.516642,0.017193,-0.012545
17.366667,0.017335,0.037278,0.004121,-1.034243,-1.403211,1.730542,-1.320276,-0.010906,-0.016762,-0.069410,-0.108875,0.072975,1.529700,0.016122,-0.007022
17.400000,0.017975,0.031833,0.003900,-1.043265,-1.403211,1.727077,-1.335384,-0.016268,-0.020748,-0.055647,-0.101151,0.080239,1.535162,0.016737,-0.003035
17.433333,0.005890,0.025785,-0.005343,-1.032679,-1.410000,1.725693,-1.359788,-0.018708,-0.031458,-0.060950,-0.081575,0.085891,1.522097,0.023540,-0.003149
17.466667,0.002350,0.027402,-0.011699,-1.034908,-1.410000,1.735103,-1.377143,-0.020115,-0.031782,-0.048074,-0.079720,0.080141,1.525251,0.020158,0.005598
17.500000,0.000736,0.026453,-0.002013,-1.034567,-1.410000,1.737017,-1.383769,-0.023517,-0.025611,-0.048484,-0.091638,0.081958,1.516196,0.021886,0.001215
17.533333,-0.000727,0.023153,-0.005064,-1.009721,-1.410000,1.724347,-1.397957,-0.015461,-0.026676,-0.038779,-0.107653,0.090832,1.494357,0.022369,-0.001191
17.566667,-0.003209,0.021026,-0.005940,-1.004077,-1.410000,1.727285,-1.404171,-0.009773,-0.016880,-0.032277,-0.135756,0.092874,1.502371,0.016508,-0.000316
17.600000,-0.004070,0.014998,-0.002941,-1.005421,-1.410000,1.732848,-1.412633,-0.012362,-0.023546,-0.021754,-0.179244,0.103506,1.505985,0.013979,-0.005726
17.633333,-0.001682,0.011414,0.001993,-1.002346,-1.390000,1.732325,-1.404587,-0.014109,-0.023194,-0.028253,-0.217452,0.113163,1.501935,0.018961,-0.018201
17.666667,0.000917,0.014982,-0.003211,-0.991075,-1.366642,1.750833,-1.395468,-0.011070,-0.020231,-0.027216,-0.261692,0.115708,1.491485,0.015658,-0.022727
17.700000,0.000169,0.012668,-0.001504,-0.992466,-1.355371,1.758090,-1.392487,-0.013462,-0.025571,-0.018201,-0.316171,0.135642,1.487677,0.017312,-0.024527
17.733333,0.007382,0.011595,-0.008476,-0.971522,-1.337550,1.760618,-1.368000,-0.015644,-0.028169,-0.022248,-0.382298,0.149609,1.479636,0.019770,-0.033372
17.766667,0.005978,0.012217,-0.015984,-0.940240,-1.327371,1.743729,-1.340824,-0.013660,-0.027293,-0.009894,-0.447913,0.157420,1.462390,0.020435,-0.031536
17.800000,0.004533,0.011273,-0.017978,-0.882309,-1.330078,1.708778,-1.297205,-0.016196,-0.028686,0.010704,-0.533308,0.157664,1.427276,0.019893,-0.028954
17.833333,0.003751,0.006123,-0.015519,-0.814678,-1.325325,1.634661,-1.239742,-0.019274,-0.032135,0.025032,-0.595256,0.154101,1.378677,0.021156,-0.018661
17.866667,0.006273,0.010385,-0.015978,-0.729475,-1.322733,1.556970,-1.159268,-0.019980,-0.023752,0.025428,-0.657205,0.135528,1.322810,0.019066,-0.013953
17.900000,0.004182,0.010385,-0.011751,-0.637113,-1.340554,1.456970,-1.074311,-0.022749,-0.024813,0.042330,-0.679153,0.106747,1.232715,0.020094,-0.011829
17.933333,0.006428,0.007793,-0.006170,-0.554058,-1.350732,1.356970,-0.974311,-0.023006,-0.021885,0.039232,-0.687001,0.072817,1.148648,0.020676,-0.012667
17.966667,0.011529,0.007129,-0.002458,-0.510688,-1.348026,1.259921,-0.895206,-0.010067,-0.017087,0.015431,-0.702628,0.038433,1.064580,0.023996,-0.012569
18.000000,0.017756,0.007610,0.002627,-0.502472,-1.357425,1.190541,-0.836069,-0.002956,-0.006386,-0.025154,-0.741701,-0.020474,0.980512,0.017130,-0.010176
18.033333,0.019854,0.001585,0.002971,-0.515039,-1.356328,1.136628,-0.798311,-0.001535,-0.008415,-0.076911,-0.780774,-0.094791,0.888934,0.015148,-0.009798
18.066667,0.015831,0.004946,0.001615,-0.546922,-1.339561,1.110162,-0.780763,-0.001643,-0.003822,-0.132650,-0.859847,-0.174791,0.828998,0.016035,-0.005580
18.100000,0.016167,0.007211,0.000634,-0.584306,-1.314272,1.107681,-0.782360,-0.004866,-0.001593,-0.179235,-0.959847,-0.274791,0.765638,0.015385,0.001133
18.133333,0.014119,0.007412,-0.002872,-0.603434,-1.321168,1.119531,-0.785326,-0.015031,-0.000838,-0.204654,-1.059847,-0.360191,0.718816,0.008013,0.004201
18.166667,0.000207,0.008497,-0.017559,-0.596068,-1.320245,1.137726,-0.782264,-0.016392,-0.012249,-0.209440,-1.142773,-0.418851,0.690917,0.011539,-0.001587
18.200000,-0.000907,0.010496,-0.021864,-0.606429,-1.308782,1.165718,-0.783432,-0.013494,-0.014112,-0.196253,-1.224979,-0.460942,0.679545,0.014756,0.005558
18.233333,0.000358,0.007439,-0.018544,-0.608638,-1.312103,1.172995,-0.789912,-0.012953,-0.015651,-0.182667,-1.284320,-0.467918,0.651715,0.009943,0.006591
18.266667,-0.005160,0.007718,-0.023594,-0.588401,-1.327663,1.156286,-0.798806,-0.008411,-0.021926,-0.169961,-1.307540,-0.445383,0.638029,0.001594,0.007822
18.300000,-0.007171,0.015414,-0.024861,-0.584579,-1.315642,1.148998,-0.811015,-0.007524,-0.016903,-0.171097,-1.330760,-0.437448,0.647805,0.003795,0.013834
18.333333,0.002140,0.015020,-0.012728,-0.583987,-1.311824,1.123141,-0.830337,-0.012047,-0.011150,-0.174510,-1.343701,-0.446081,0.650381,0.002392,0.014679
18.366667,0.007970,0.014878,-0.009006,-0.555401,-1.294795,1.072204,-0.830635,-0.008924,-0.001328,-0.187610,-1.329855,-0.470207,0.655792,-0.007304,0.007527
18.400000,0.010721,0.024952,-0.009090,-0.533896,-1.281274,1.040630,-0.841985,-0.013205,0.000806,-0.197020,-1.306286,-0.529448,0.671809,-0.010643,0.015026
18.433333,0.014818,0.024684,-0.000520,-0.528924,-1.256497,1.017516,-0.857276,-0.013974,0.008217,-0.222825,-1.315858,-0.597899,0.702124,-0.002501,0.012607
18.466667,0.019356,0.021702,0.001481,-0.509035,-1.242513,0.993543,-0.867868,-0.013186,0.004458,-0.250320,-1.307184,-0.653602,0.712163,0.000478,0.007849
18.500000,0.023715,0.022752,0.000614,-0.507399,-1.238815,0.984025,-0.880414,-0.013319,0.006327,-0.268275,-1.295460,-0.712150,0.725273,0.002447,0.019062
18.533333,0.019929,0.023156,0.002228,-0.515790,-1.251033,0.995938,-0.899668,-0.019919,-0.001255,-0.275880,-1.305081,-0.731775,0.738954,0.009065,0.018297
18.566667,0.025331,0.018860,0.005250,-0.537896,-1.253572,1.013935,-0.901739,-0.009955,0.003398,-0.283444,-1.339339,-0.717461,0.750704,0.012620,0.013018
18.600000,0.028156,0.019562,0.009529,-0.574181,-1.273050,1.063471,-0.891991,-0.005505,0.011277,-0.286171,-1.356577,-0.694571,0.742588,0.007724,0.012850
18.633333,0.023295,0.014647,0.008911,-0.612101,-1.290946,1.115489,-0.888033,-0.006372,0.009786,-0.256838,-1.359517,-0.644429,0.714747,0.003165,0.012554
18.666667,0.018963,0.011912,0.009299,-0.644574,-1.301182,1.177607,-0.866768,-0.003339,0.009977,-0.241609,-1.377864,-0.564455,0.694593,0.002712,0.000106
18.700000,0.025010,0.009088,0.007048,-0.686190,-1.321086,1.257661,-0.861473,-0.003241,0.004916,-0.227289,-1.389914,-0.493368,0.655180,0.000681,-0.002185
18.733333,0.017016,0.004018,0.004898,-0.718578,-1.337302,1.320246,-0.860952,-0.008421,0.001070,-0.205046,-1.380182,-0.431039,0.606876,0.003152,-0.003405
18.766667,0.009228,0.006032,-0.004338,-0.727368,-1.332927,1.365486,-0.850305,-0.008404,0.001427,-0.174032,-1.357516,-0.367513,0.564161,0.001952,-0.004169
18.800000,0.010183,0.010632,-0.002953,-0.745330,-1.336860,1.401352,-0.840404,-0.006288,0.009054,-0.159837,-1.363082,-0.320224,0.535652,0.002413,0.002561
18.833333,0.007878,0.010603,-0.006049,-0.749402,-1.346151,1.410576,-0.851316,-0.005901,0.005663,-0.143707,-1.363608,-0.289028,0.512777,0.004323,0.004002
18.866667,-0.002246,0.010603,-0.012718,-0.728575,-1.342907,1.386647,-0.849251,0.002577,0.008632,-0.124521,-1.336594,-0.265354,0.512722,0.010818,0.011044
18.900000,0.002075,0.016451,-0.013231,-0.703078,-1.336342,1.354835,-0.843778,0.004562,0.006566,-0.117657,-1.339310,-0.246805,0.519922,0.011786,0.013775
18.933333,0.003655,0.012187,-0.010011,-0.683968,-1.340422,1.303069,-0.853601,0.001139,-0.004538,-0.117481,-1.338255,-0.225422,0.516458,0.016004,0.012611
18.966667,0.001189,0.011765,-0.020863,-0.654946,-1.322381,1.260714,-0.855624,0.008437,-0.008373,-0.127548,-1.338505,-0.201995,0.530447,0.022342,0.005234
19.000000,0.005815,0.014310,-0.021557,-0.631727,-1.302106,1.215724,-0.847037,0.006335,-0.002908,-0.117709,-1.330205,-0.189922,0.528956,0.023975,0.011849
19.033333,0.008872,0.015292,-0.015870,-0.613670,-1.302039,1.164335,-0.837245,-0.001780,0.001485,-0.117160,-1.347810,-0.162797,0.511902,0.015748,0.005949
19.066667,0.003259,0.016613,-0.021756,-0.599490,-1.300092,1.134511,-0.836599,-0.008045,0.008149,-0.119390,-1.343525,-0.155252,0.505887,0.014170,0.000442
19.100000,0.005832,0.018698,-0.019296,-0.600322,-1.301494,1.141986,-0.839389,-0.010446,0.013381,-0.125919,-1.355413,-0.175108,0.519227,0.016274,0.007378
19.133333,0.007013,0.015083,-0.008094,-0.600709,-1.302895,1.127165,-0.844878,-0.022063,0.013850,-0.121425,-1.348132,-0.196706,0.510213,0.009700,0.007343
19.166667,0.003294,0.022821,-0.005462,-0.606383,-1.292192,1.140670,-0.849396,-0.022885,0.014039,-0.139054,-1.341192,-0.228019,0.523666,0.001121,0.008370
19.200000,0.000180,0.022926,-0.001972,-0.626427,-1.269557,1.182248,-0.873213,-0.017268,0.013891,-0.160678,-1.336275,-0.297974,0.551353,0.000857,0.015031
19.233333,0.008220,0.014747,0.003134,-0.646513,-1.246776,1.208198,-0.893318,-0.014241,0.007758,-0.189374,-1.340815,-0.368405,0.576514,0.002465,0.016187
19.266667,0.012786,0.013694,-0.000071,-0.657260,-1.217746,1.220269,-0.896098,-0.005991,0.012805,-0.221781,-1.346167,-0.444342,0.608337,-0.009286,0.008020
19.300000,0.018980,0.013132,-0.002789,-0.673927,-1.210083,1.257040,-0.914262,-0.001418,0.010305,-0.269059,-1.337627,-0.544342,0.653446,-0.009498,0.010042
19.333333,0.020606,0.002849,0.001242,-0.695149,-1.203242,1.265555,-0.936565,0.003057,0.009985,-0.307453,-1.351296,-0.644342,0.695505,-0.001117,0.003154
19.366667,0.027726,0.001761,-0.000435,-0.695343,-1.189083,1.245997,-0.926793,0.000416,0.011228,-0.329870,-1.351199,-0.704342,0.734102,-0.005840,-0.007940
19.400000,0.022595,0.002744,-0.001361,-0.673557,-1.180259,1.213678,-0.890831,0.003214,0.012808,-0.319523,-1.347967,-0.724342,0.741964,-0.008360,-0.007652
19.433333,0.018633,0.003592,0.002990,-0.632595,-1.155540,1.155238,-0.849906,-0.003945,0.005466,-0.283328,-1.324458,-0.704342,0.717706,0.000653,-0.006078
19.466667,0.024178,0.006281,0.005643,-0.562338,-1.114126,1.066033,-0.776722,0.002275,0.010948,-0.236539,-1.312469,-0.644342,0.683918,-0.002983,-0.000026
19.500000,0.029444,0.010024,0.008512,-0.465628,-1.072880,0.966033,-0.724465,-0.001329,0.004715,-0.191717,-1.287286,-0.544342,0.643151,-0.005163,0.005472
19.533333,0.019762,0.010275,0.002607,-0.365628,-1.042007,0.866033,-0.709905,-0.006656,-0.000306,-0.153701,-1.255762,-0.444342,0.620970,0.002351,0.013559
19.566667,0.015612,0.018080,0.000324,-0.298274,-0.991390,0.766033,-0.735345,-0.008407,0.007153,-0.148047,-1.234601,-0.344342,0.638789,0.003246,0.021735
19.600000,0.019513,0.019635,0.001716,-0.243638,-0.960626,0.666033,-0.800785,-0.008087,0.014535,-0.174023,-1.237209,-0.257811,0.696607,0.005976,0.026547
19.633333,0.009049,0.016946,-0.003363,-0.204698,-0.953323,0.566033,-0.900785,-0.011598,0.007133,-0.217373,-1.232478,-0.201188,0.781364,0.011611,0.017984
19.666667,0.011030,0.017066,-0.017026,-0.196187,-0.957908,0.466033,-0.968431,-0.005764,0.014060,-0.281154,-1.236812,-0.184565,0.881049,0.015739,0.016681
19.700000,0.020214,0.017946,-0.007574,-0.224937,-0.968476,0.366033,-1.022988,-0.000762,0.016749,-0.368507,-1.245441,-0.207942,0.981049,0.018552,0.017963
19.733333,0.028300,0.011257,-0.005428,-0.244838,-0.996753,0.280856,-1.047946,-0.000486,0.008829,-0.463497,-1.245353,-0.271319,1.076636,0.020708,0.007730
19.766667,0.025586,0.014795,-0.010373,-0.287001,-1.043005,0.235680,-1.041326,-0.000618,0.012430,-0.563497,-1.238118,-0.361227,1.172222,0.020699,0.007424
19.800000,0.028970,0.014795,-0.005990,-0.351158,-1.080269,0.230504,-1.025547,-0.002304,0.013954,-0.660195,-1.246178,-0.461227,1.243886,0.021093,0.010201
19.833333,0.026303,0.013543,0.003708,-0.397484,-1.109106,0.265327,-1.002121,-0.008902,0.013332,-0.716894,-1.249236,-0.561227,1.275550,0.022257,0.010559
19.866667,0.017438,0.018430,0.001406,-0.406547,-1.134901,0.300151,-0.951785,-0.007960,0.017139,-0.733592,-1.259875,-0.661227,1.267214,0.017483,0.004791
19.900000,0.009661,0.018974,0.003158,-0.397809,-1.177064,0.320318,-0.891048,-0.006015,0.016903,-0.710291,-1.283885,-0.750432,1.223291,0.015125,0.007666
19.933333,0.007935,0.012635,0.007046,-0.374206,-1.198664,0.300485,-0.821888,-0.003859,0.011580,-0.646989,-1.317682,-0.799638,1.139369,0.016882,0.010278
19.966667,0.004863,0.016539,0.001379,-0.329746,-1.228512,0.241826,-0.721888,-0.005088,0.013615,-0.546989,-1.341750,-0.808843,1.039369,0.010241,0.013054
20.000000,-0.004513,0.015540,-0.001543,-0.291572,-1.255714,0.162981,-0.621888,-0.004490,0.008431,-0.446989,-1.362738,-0.778048,0.939369,0.007280,0.008520
20.033333,0.005293,0.009522,-0.001869,-0.276044,-1.269901,0.097863,-0.533986,-0.009811,0.003157,-0.352503,-1.385930,-0.707253,0.839369,0.005289,0.007044
20.066667,0.012771,0.008875,-0.007047,-0.282449,-1.261660,0.069516,-0.477703,-0.007990,0.009569,-0.283603,-1.393160,-0.607253,0.766036,-0.008920,0.010018
20.100000,0.013148,0.009377,-0.008808,-0.284053,-1.265552,0.065543,-0.448896,-0.007672,0.003645,-0.228410,-1.381209,-0.518713,0.703410,-0.015817,0.007169
20.133333,0.015338,0.005473,-0.006094,-0.292268,-1.244556,0.100398,-0.460088,-0.009089,-0.000969,-0.213217,-1.360693,-0.470173,0.679935,-0.008915,-0.001865
20.166667,0.025071,0.004355,-0.006573,-0.321598,-1.214147,0.155438,-0.511281,-0.009990,-0.003521,-0.238024,-1.332121,-0.461633,0.696460,-0.017330,-0.004280
20.200000,0.022556,0.004808,-0.004554,-0.368282,-1.187752,0.236751,-0.590375,-0.005648,-0.002218,-0.297317,-1.292437,-0.493093,0.752986,-0.013070,-0.000579
20.233333,0.021810,0.010319,0.004483,-0.415826,-1.151936,0.321126,-0.677850,-0.004734,-0.007437,-0.371024,-1.241868,-0.564553,0.822843,0.001780,-0.002497
20.266667,0.035646,0.019976,0.011736,-0.488053,-1.086060,0.381126,-0.777850,-0.002616,0.010059,-0.471024,-1.210449,-0.664554,0.921994,-0.000435,0.000340
20.300000,0.038019,0.022061,0.020694,-0.561725,-1.037618,0.401126,-0.877850,0.000264,0.015292,-0.571024,-1.173915,-0.764554,1.021994,-0.003164,0.005965
20.333333,0.034974,0.023986,0.017235,-0.610264,-0.985378,0.381126,-0.977850,0.006021,0.019046,-0.671024,-1.147575,-0.864554,1.121994,0.004533,0.010899
20.366667,0.034735,0.031021,0.019391,-0.644206,-0.926193,0.321126,-1.077850,-0.001136,0.026365,-0.765468,-1.126775,-0.964554,1.221994,0.006148,0.015232
20.400000,0.036395,0.025126,0.021087,-0.659420,-0.878215,0.221126,-1.177850,-0.002649,0.024541,-0.846531,-1.106815,-1.064553,1.313238,0.006927,0.017898
20.433333,0.026042,0.020247,0.013380,-0.643219,-0.848105,0.146377,-1.277851,-0.004362,0.016166,-0.898700,-1.073320,-1.164554,1.376744,0.015624,0.017850
20.466667,0.022566,0.021995,0.006710,-0.622147,-0.813481,0.081144,-1.376280,-0.004696,0.015645,-0.918825,-1.061354,-1.264554,1.417655,0.013690,0.024978
20.500000,0.019007,0.020612,0.015068,-0.595135,-0.789546,0.018750,-1.454710,-0.007519,0.018192,-0.915894,-1.056318,-1.335037,1.433305,0.014324,0.026469
20.533333,0.020074,0.016736,0.012037,-0.543852,-0.784802,-0.028002,-1.513140,-0.000124,0.016077,-0.878519,-1.062208,-1.365829,1.409445,0.013572,0.022032
20.566667,0.015130,0.015581,0.008569,-0.501374,-0.798052,-0.054141,-1.551570,0.004265,0.022616,-0.814527,-1.072699,-1.356621,1.368688,0.007891,0.023759
20.600000,0.010716,0.009975,0.009400,-0.456693,-0.806443,-0.104376,-1.570000,0.002579,0.015127,-0.739426,-1.094064,-1.307413,1.315668,0.006171,0.016563
20.633333,0.012026,0.007757,0.012826,-0.415418,-0.802351,-0.144036,-1.570000,-0.000015,0.014567,-0.656371,-1.101935,-1.218204,1.245242,0.007356,0.004174
20.666667,0.013523,0.012975,0.007342,-0.379189,-0.817179,-0.146535,-1.562404,0.002342,0.014405,-0.556371,-1.118912,-1.118513,1.160078,0.003271,-0.002180
20.700000,0.010401,0.010884,0.007470,-0.352222,-0.841187,-0.164675,-1.558952,0.000344,0.009068,-0.456371,-1.128911,-1.018513,1.074424,0.001331,-0.001331
20.733333,0.014953,0.010427,0.001782,-0.318657,-0.847710,-0.184782,-1.541580,-0.004066,0.005504,-0.383781,-1.160869,-0.918513,0.988531,0.005937,-0.008592
20.766667,0.018526,0.013711,-0.004285,-0.297111,-0.881224,-0.202248,-1.522032,-0.003690,0.003847,-0.311190,-1.187359,-0.818513,0.902638,0.004409,-0.006255
20.800000,0.014859,0.013182,-0.005523,-0.275167,-0.941379,-0.200691,-1.482790,-0.005980,0.001640,-0.259570,-1.229055,-0.718513,0.816745,0.008433,-0.000773
20.833333,0.010761,0.007886,-0.001077,-0.263367,-0.969328,-0.218808,-1.451463,-0.005029,-0.002211,-0.230494,-1.247668,-0.618513,0.730852,0.007980,0.007159
20.866667,0.010178,0.013027,-0.000090,-0.281173,-0.993025,-0.198390,-1.399781,-0.000416,0.006394,-0.216633,-1.286001,-0.518513,0.644959,0.004455,0.009212
20.900000,0.004008,0.013882,0.004002,-0.312470,-1.032765,-0.156619,-1.365446,-0.002411,0.003626,-0.192741,-1.292966,-0.418513,0.544959,0.005616,0.011557
20.933333,-0.000173,0.010415,0.009351,-0.345365,-1.052505,-0.078643,-1.333287,-0.002295,0.005398,-0.188850,-1.301682,-0.318513,0.461208,0.007608,0.011855
20.966667,0.002190,0.009328,0.010186,-0.395240,-1.082666,0.000218,-1.300824,0.009361,0.004014,-0.202807,-1.287157,-0.258513,0.417458,0.010060,0.006615
21.000000,0.008648,0.010283,0.010226,-0.460995,-1.151508,0.098753,-1.248040,0.011005,0.009737,-0.220879,-1.283694,-0.238513,0.413707,0.008394,0.001999
21.033333,0.009168,0.004853,0.008008,-0.526750,-1.211816,0.198753,-1.191468,0.009224,-0.001546,-0.236687,-1.264205,-0.258512,0.449957,0.012006,-0.002887
21.066667,0.006189,0.007925,0.003962,-0.606750,-1.256937,0.298753,-1.111467,0.010382,-0.003112,-0.260426,-1.245301,-0.318512,0.526207,0.013242,-0.007811
21.100000,0.007869,0.009971,0.000879,-0.704332,-1.292434,0.398753,-1.017809,0.008022,-0.007071,-0.280299,-1.237341,-0.418512,0.601465,0.009710,-0.007465
21.133333,0.005929,0.010460,-0.002542,-0.784353,-1.319091,0.498753,-0.947083,0.000117,-0.007659,-0.281607,-1.251446,-0.518512,0.654476,0.002677,-0.007320
21.166667,-0.006605,0.011014,-0.016566,-0.830934,-1.320608,0.598753,-0.891776,-0.000521,-0.020231,-0.281886,-1.240402,-0.613919,0.694454,0.006002,-0.012512
21.200000,-0.006058,0.013256,-0.020965,-0.874155,-1.307085,0.698753,-0.862788,0.001146,-0.022156,-0.285840,-1.245302,-0.707824,0.720376,0.010824,-0.004336
21.233333,-0.003092,0.010557,-0.017015,-0.890774,-1.308499,0.798753,-0.860157,0.001898,-0.024402,-0.287157,-1.257566,-0.769562,0.724041,0.006193,-0.003128
21.266667,-0.009138,0.010387,-0.022056,-0.877116,-1.325893,0.898753,-0.868896,0.008851,-0.031802,-0.284236,-1.241255,-0.795025,0.729694,-0.001120,-0.004727
21.300000,-0.011592,0.017789,-0.022704,-0.881020,-1.320492,0.998753,-0.878543,0.010402,-0.027929,-0.291174,-1.242879,-0.817941,0.757592,-0.000416,0.000753
21.333333,-0.003597,0.017667,-0.010834,-0.897694,-1.320342,1.098753,-0.892649,0.007252,-0.021567,-0.286333,-1.261161,-0.815990,0.758872,-0.001812,0.001842
21.366667,-0.000774,0.016739,-0.007371,-0.892842,-1.308274,1.198753,-0.885294,0.011774,-0.011646,-0.282944,-1.252640,-0.791323,0.746081,-0.011932,-0.007578
21.400000,0.000924,0.026058,-0.007835,-0.897933,-1.303107,1.298753,-0.888227,0.008001,-0.009350,-0.267448,-1.237068,-0.781252,0.728405,-0.016407,-0.000453
21.433333,0.007041,0.025377,0.000146,-0.917446,-1.287912,1.398753,-0.898746,0.005986,-0.001959,-0.261477,-1.258581,-0.767456,0.719357,-0.007889,-0.004000
21.466667,0.011912,0.022616,0.001533,-0.913904,-1.279167,1.490164,-0.912151,0.006048,-0.006403,-0.250241,-1.262448,-0.721511,0.680261,-0.003033,-0.008465
21.500000,0.015066,0.021903,0.000405,-0.917550,-1.278068,1.564280,-0.934358,0.006018,-0.004690,-0.227527,-1.257183,-0.679519,0.646603,-0.002206,0.002523
21.533333,0.009998,0.022678,0.002081,-0.919833,-1.290079,1.608575,-0.972966,-0.000182,-0.012767,-0.194622,-1.274849,-0.621742,0.611503,0.003612,0.005120
21.566667,0.014929,0.018053,0.004691,-0.923757,-1.283601,1.627246,-1.005942,0.007535,-0.009239,-0.166111,-1.313773,-0.541538,0.592007,0.009439,0.000313
21.600000,0.014653,0.018302,0.009031,-0.926287,-1.281655,1.626002,-1.039907,0.010519,-0.002415,-0.136545,-1.330348,-0.461334,0.565349,0.005945,0.000976
21.633333,0.012254,0.013172,0.007729,-0.927312,-1.271912,1.597694,-1.087145,0.009512,-0.002498,-0.082574,-1.324569,-0.375824,0.548648,0.001766,0.001715
21.666667,0.010282,0.012392,0.008209,-0.930796,-1.261917,1.581001,-1.141842,0.011918,-0.001838,-0.059535,-1.315005,-0.275824,0.566163,0.001007,-0.012782
21.700000,0.018276,0.009071,0.006323,-0.950191,-1.265866,1.561653,-1.214647,0.011906,-0.008935,-0.050843,-1.296311,-0.175824,0.613244,0.000254,-0.017625
21.733333,0.011974,0.003194,0.004198,-0.965163,-1.274976,1.538186,-1.279389,0.009373,-0.014988,-0.041195,-1.253648,-0.075824,0.671866,-0.000294,-0.019233
21.766667,0.009419,0.006058,-0.003316,-0.970912,-1.276417,1.518226,-1.326018,0.010314,-0.014362,-0.038741,-1.203230,0.022368,0.751774,-0.003705,-0.017371
21.800000,0.010490,0.012857,-0.000230,-0.999113,-1.293742,1.515526,-1.362271,0.011726,-0.007885,-0.062901,-1.190623,0.103331,0.851774,-0.001152,-0.011772
21.833333,0.009463,0.012005,-0.001985,-1.010221,-1.312780,1.497207,-1.389174,0.012579,-0.011740,-0.080720,-1.190119,0.162409,0.951774,0.000901,-0.008521
21.866667,-0.001507,0.012005,-0.009546,-1.002434,-1.319817,1.490907,-1.390510,0.019153,-0.007350,-0.097114,-1.164179,0.190217,1.051774,0.006788,-0.000816
21.900000,0.001573,0.020111,-0.010520,-1.002912,-1.322030,1.506396,-1.392756,0.021417,-0.009144,-0.129536,-1.171419,0.187530,1.151774,0.008616,0.002106
21.933333,-0.000169,0.016121,-0.009336,-1.007939,-1.329166,1.514973,-1.403691,0.016364,-0.019776,-0.156305,-1.178922,0.174813,1.251774,0.015658,-0.000863
21.966667,-0.002533,0.014255,-0.021410,-0.996720,-1.313552,1.539640,-1.403633,0.025923,-0.022841,-0.196017,-1.188613,0.139327,1.351774,0.018307,-0.007130
22.000000,0.001793,0.017942,-0.023092,-0.991744,-1.297902,1.570180,-1.391073,0.023654,-0.018144,-0.248765,-1.190827,0.085724,1.435419,0.021754,-0.000025
22.033333,0.007013,0.020319,-0.017165,-0.988461,-1.302680,1.587702,-1.380637,0.016633,-0.012997,-0.320705,-1.216688,0.023393,1.497404,0.013591,-0.003499
22.066667,0.002321,0.021613,-0.022441,-0.972919,-1.306930,1.598891,-1.363666,0.008688,-0.003665,-0.402611,-1.211327,-0.048445,1.541049,0.010635,-0.006806
22.100000,0.006532,0.025500,-0.019264,-0.966519,-1.314525,1.633400,-1.348848,0.005673,0.004061,-0.502611,-1.213675,-0.148445,1.564694,0.012498,0.001990
22.133333,0.006609,0.022446,-0.007222,-0.960867,-1.321970,1.637400,-1.336191,-0.006420,0.004603,-0.602611,-1.188320,-0.248445,1.554551,0.003790,0.003092
22.166667,0.004344,0.030099,-0.003860,-0.951193,-1.313182,1.647892,-1.318884,-0.010678,0.005839,-0.681705,-1.158120,-0.348445,1.535136,-0.006129,0.006432
22.200000,0.000497,0.031313,0.000441,-0.951611,-1.290794,1.680507,-1.320766,-0.006569,0.004962,-0.734896,-1.123194,-0.448445,1.509258,-0.005835,0.012786
22.233333,0.007286,0.021923,0.006065,-0.953043,-1.262041,1.693930,-1.327493,-0.003899,-0.004268,-0.762489,-1.105996,-0.548445,1.478376,-0.004509,0.013554
22.266667,0.009680,0.021279,0.002876,-0.940094,-1.222081,1.692265,-1.324471,0.004694,-0.005388,-0.750082,-1.071479,-0.648445,1.452332,-0.017802,0.004535
22.300000,0.010015,0.020895,-0.002840,-0.926190,-1.197864,1.707502,-1.339123,0.008550,-0.012666,-0.697674,-1.024665,-0.748445,1.420077,-0.016949,0.006287
22.333333,0.006862,0.011725,-0.001340,-0.920482,-1.170079,1.700687,-1.367500,0.015583,-0.012785,-0.626173,-0.971573,-0.808445,1.399375,-0.010064,-0.003313
22.366667,0.011885,0.008134,-0.004157,-0.895211,-1.126018,1.665223,-1.385707,0.015182,-0.011385,-0.540575,-0.901817,-0.828445,1.406796,-0.015320,-0.018344
22.400000,0.005731,0.010745,-0.006568,-0.852361,-1.074346,1.623238,-1.416033,0.019263,-0.008497,-0.440575,-0.818833,-0.808445,1.403818,-0.017589,-0.016282
22.433333,0.001956,0.011008,-0.003322,-0.799092,-1.012420,1.556341,-1.440889,0.014885,-0.014193,-0.340575,-0.735848,-0.748445,1.385583,-0.007187,-0.017377
22.466667,0.011105,0.013830,0.001837,-0.724383,-0.938658,1.465355,-1.439052,0.020046,-0.008319,-0.240575,-0.674860,-0.648445,1.389798,-0.009775,-0.012656
22.500000,0.020513,0.015600,0.007012,-0.627373,-0.868065,1.365355,-1.448724,0.013901,-0.015228,-0.145426,-0.626653,-0.548445,1.390626,-0.011116,-0.006074
22.533333,0.013217,0.017200,0.001881,-0.532685,-0.816010,1.265355,-1.464577,0.008715,-0.021435,-0.062161,-0.583975,-0.448445,1.377433,-0.005087,0.004948
22.566667,0.012885,0.024514,0.001888,-0.477996,-0.766780,1.165354,-1.475936,0.005591,-0.014754,-0.011082,-0.568020,-0.348445,1.397981,-0.003434,0.011989
22.600000,0.018761,0.024766,0.004971,-0.451066,-0.744469,1.065354,-1.498069,0.003811,-0.007222,0.015267,-0.592066,-0.248445,1.433599,-0.001428,0.021058
22.633333,0.010275,0.020448,0.000664,-0.444264,-0.746478,0.965354,-1.533859,0.000283,-0.013936,0.017329,-0.611406,-0.148445,1.459003,0.006314,0.015397
22.666667,0.011362,0.020001,-0.011693,-0.477462,-0.764979,0.865354,-1.549180,0.008699,-0.011033,0.008255,-0.657547,-0.056864,1.498292,0.009560,0.014234
22.700000,0.016934,0.020585,-0.001732,-0.545348,-0.792459,0.765354,-1.558974,0.011010,-0.012460,-0.014275,-0.715121,0.019013,1.526427,0.014917,0.015138
22.733333,0.021741,0.012589,0.000828,-0.613234,-0.835035,0.669514,-1.554246,0.010558,-0.019681,-0.026320,-0.770808,0.084940,1.523850,0.016750,0.004459
22.766667,0.017565,0.014909,-0.003701,-0.693363,-0.890691,0.613674,-1.540745,0.011162,-0.018001,-0.034934,-0.814053,0.127611,1.530494,0.017053,0.001521
22.800000,0.019179,0.014909,-0.000129,-0.793363,-0.950949,0.597834,-1.530940,0.011194,-0.017196,-0.036008,-0.877177,0.158716,1.524901,0.015852,0.001369
22.833333,0.013923,0.015053,0.007175,-0.893363,-1.007423,0.621993,-1.506732,0.002851,-0.016852,-0.046572,-0.940712,0.173405,1.482883,0.016180,0.001268
22.866667,0.007030,0.018560,0.004466,-0.959994,-1.058969,0.686153,-1.459471,0.004767,-0.006608,-0.045660,-1.008138,0.172637,1.426040,0.011085,-0.006374
22.900000,0.001933,0.019491,0.005453,-0.996200,-1.121125,0.786153,-1.422556,0.008509,-0.006651,-0.043700,-1.077132,0.163371,1.359910,0.011454,-0.004739
22.933333,0.001270,0.014014,0.008329,-1.011382,-1.159814,0.886153,-1.389837,0.010161,-0.006459,-0.044797,-1.149102,0.150973,1.259910,0.013921,-0.004290
22.966667,-0.000136,0.018437,0.003124,-1.001494,-1.195322,0.986153,-1.344634,0.007427,-0.000919,-0.063084,-1.205871,0.115614,1.159910,0.006606,-0.002498
23.000000,-0.007515,0.017125,0.000760,-0.968829,-1.224480,1.086153,-1.314985,0.008234,-0.003338,-0.071501,-1.252910,0.084438,1.059910,0.005397,-0.004815
23.033333,0.002813,0.012174,-0.000049,-0.952944,-1.242778,1.186153,-1.299766,0.001280,-0.010786,-0.091171,-1.301410,0.059171,0.959910,0.004363,-0.006189
23.066667,0.006963,0.011750,-0.006163,-0.954050,-1.244630,1.286153,-1.275889,0.002791,-0.004859,-0.113242,-1.338054,0.017197,0.859910,-0.011725,-0.004479
23.100000,0.005302,0.013444,-0.008399,-0.947116,-1.262692,1.386153,-1.258165,0.002593,-0.013500,-0.126261,-1.354358,-0.038388,0.759910,-0.017402,-0.004433
23.133333,0.005826,0.009020,-0.006278,-0.942063,-1.257946,1.483667,-1.241527,-0.000384,-0.017982,-0.145342,-1.355692,-0.099446,0.688737,-0.010015,-0.012737
23.166667,0.015157,0.008034,-0.006918,-0.954249,-1.258247,1.561073,-1.241225,-0.001633,-0.023236,-0.188816,-1.349805,-0.179852,0.657564,-0.016422,-0.014269
23.200000,0.014669,0.008043,-0.005017,-0.963374,-1.269628,1.620200,-1.237716,0.004023,-0.021860,-0.247174,-1.336612,-0.275006,0.666391,-0.014301,-0.007265
23.233333,0.013071,0.012729,0.003379,-0.959551,-1.272810,1.674406,-1.233430,0.003423,-0.025301,-0.322478,-1.312154,-0.375006,0.715219,0.000146,-0.006287
23.266667,0.028762,0.021403,0.009383,-0.981353,-1.248245,1.702766,-1.230586,0.006992,-0.008037,-0.422478,-1.312165,-0.475006,0.804046,-0.005303,-0.003279
23.300000,0.029902,0.023027,0.015101,-1.007107,-1.251435,1.707288,-1.250017,0.007808,-0.002555,-0.522478,-1.306185,-0.575006,0.904046,-0.008465,0.004412
23.333333,0.026851,0.023076,0.009184,-1.017751,-1.239378,1.714648,-1.266390,0.014791,0.001450,-0.622478,-1.303810,-0.675006,1.004046,-0.004590,0.007663
23.366667,0.024594,0.030362,0.009375,-1.045013,-1.220074,1.725404,-1.287870,0.008359,0.008885,-0.709922,-1.300779,-0.775006,1.104046,-0.003164,0.012317
23.400000,0.027590,0.025232,0.008908,-1.075648,-1.215371,1.710568,-1.331169,0.007409,0.006876,-0.773565,-1.299081,-0.875006,1.204046,-0.002459,0.012396
23.433333,0.015499,0.020644,-0.000874,-1.081543,-1.221402,1.698890,-1.375760,0.002714,-0.003558,-0.812583,-1.269789,-0.975006,1.304046,0.006853,0.011767
23.466667,0.013823,0.023212,-0.006585,-1.098624,-1.210710,1.699481,-1.413818,0.006901,-0.006409,-0.826277,-1.259566,-1.075006,1.395878,0.000734,0.020571
23.500000,0.012343,0.023212,0.003283,-1.114148,-1.213556,1.692173,-1.434869,0.004282,-0.002228,-0.822437,-1.252295,-1.175007,1.468293,0.000980,0.018875
23.533333,0.012845,0.018990,0.000371,-1.099280,-1.220918,1.676158,-1.454437,0.010543,-0.004263,-0.806998,-1.249628,-1.275007,1.511755,-0.002238,0.013244
23.566667,0.007285,0.016945,-0.000992,-1.099120,-1.230203,1.679984,-1.461320,0.012294,0.001916,-0.799239,-1.244980,-1.375007,1.544945,-0.009070,0.017647
23.600000,0.007012,0.011532,0.003941,-1.104694,-1.230394,1.678961,-1.462889,0.012610,-0.004806,-0.794766,-1.251952,-1.475006,1.553324,-0.013748,0.014211
23.633333,0.008902,0.009145,0.009101,-1.101298,-1.212715,1.670486,-1.447866,0.009202,-0.003509,-0.801607,-1.245536,-1.575006,1.547696,-0.007135,-0.000750
23.666667,0.009911,0.014145,0.005262,-1.097919,-1.195019,1.686263,-1.438245,0.012276,-0.003294,-0.808766,-1.245927,-1.665208,1.540433,-0.010269,-0.004225
23.700000,0.007604,0.012996,0.006637,-1.106097,-1.184934,1.688537,-1.437859,0.011226,-0.009328,-0.808345,-1.238109,-1.734212,1.542318,-0.007461,-0.004672
23.733333,0.013894,0.012996,0.000402,-1.097374,-1.162442,1.685838,-1.419534,0.011099,-0.012380,-0.823382,-1.254381,-1.785108,1.542318,-0.004618,-0.011367
23.766667,0.013025,0.014442,-0.006631,-1.097084,-1.168252,1.679482,-1.421344,0.012760,-0.010697,-0.821106,-1.256737,-1.817067,1.546131,-0.005766,-0.011998
23.800000,0.012922,0.015181,-0.008593,-1.094013,-1.182884,1.676387,-1.426048,0.014061,-0.010316,-0.816764,-1.269250,-1.824824,1.547892,-0.006171,-0.010268
23.833333,0.009833,0.011366,-0.005956,-1.099535,-1.180202,1.651373,-1.434991,0.012609,-0.014333,-0.814361,-1.262418,-1.818308,1.551531,-0.007154,-0.001614
23.866667,0.009784,0.015700,-0.004312,-1.120680,-1.170169,1.634343,-1.433860,0.012110,-0.004856,-0.820611,-1.281100,-1.792992,1.559374,-0.010948,0.002804
23.900000,0.006751,0.018016,0.000389,-1.130241,-1.175636,1.621213,-1.449726,0.009271,-0.008351,-0.794328,-1.277288,-1.745782,1.553780,-0.007537,0.001109
23.933333,0.006870,0.016748,0.005339,-1.133814,-1.166164,1.619279,-1.451888,0.008795,-0.007981,-0.786696,-1.288702,-1.697509,1.549186,-0.003776,-0.001047
23.966667,0.005975,0.016519,0.004033,-1.137188,-1.167868,1.615590,-1.454281,0.008851,-0.009137,-0.775141,-1.303270,-1.653440,1.548817,-0.003134,-0.001141
