time_sec,joint_pelvisYaw,joint_pelvisPitch,joint_pelvisRoll,joint_lShoulderPitch,joint_lShoulderRoll,joint_lShoulderYaw,joint_lElbow,joint_lWristRoll,joint_lWristPitch,joint_rShoulderPitch,joint_rShoulderRoll,joint_rShoulderYaw,joint_rElbow,joint_rWristRoll,joint_rWristPitch
0.000000,0.027330,0.040934,0.033204,-1.004508,-0.220439,0.465007,-1.570000,-0.016366,-0.022389,-1.063540,-0.131255,-1.696870,1.570000,-0.013863,-0.026213
0.033333,0.032679,0.032627,0.035943,-0.952808,-0.211311,0.485700,-1.570000,-0.001629,-0.013555,-1.057442,-0.151181,-1.714019,1.550695,-0.007813,-0.023995
0.066667,0.023410,0.035376,0.029025,-0.935066,-0.212699,0.496162,-1.570000,-0.003661,-0.007832,-1.054567,-0.147055,-1.721339,1.550695,-0.001352,-0.028020
0.100000,0.023021,0.036153,0.021138,-0.907238,-0.200323,0.505122,-1.570000,-0.012685,-0.006584,-1.043456,-0.162929,-1.733934,1.550695,-0.000193,-0.025037
0.133333,0.016722,0.041793,0.015080,-0.907673,-0.208163,0.487986,-1.570000,-0.025536,-0.005296,-1.044398,-0.166254,-1.737375,1.570000,-0.009354,-0.022973
0.166667,-0.005000,0.044211,-0.006840,-0.888601,-0.202113,0.493799,-1.570000,-0.024510,-0.021794,-1.032082,-0.161612,-1.730579,1.570000,-0.001319,-0.034317
0.200000,-0.003706,0.048602,-0.014559,-0.880243,-0.186849,0.509180,-1.570000,-0.019881,-0.025549,-1.024748,-0.174926,-1.748729,1.570000,0.006072,-0.020908
0.233333,0.004020,0.044643,-0.009870,-0.873313,-0.185177,0.497783,-1.570000,-0.019436,-0.030640,-1.024400,-0.199391,-1.742127,1.570000,-0.001531,-0.018150
0.266667,-0.000507,0.046279,-0.014451,-0.856470,-0.212961,0.472660,-1.570000,-0.008785,-0.041815,-1.017807,-0.194343,-1.710250,1.560341,-0.017416,-0.019329
0.300000,-0.002432,0.055771,-0.014221,-0.851363,-0.218915,0.481976,-1.570000,-0.004296,-0.032752,-1.022713,-0.211684,-1.704836,1.560341,-0.015417,-0.007369
0.333333,0.013418,0.054165,0.004509,-0.868845,-0.224003,0.491293,-1.570000,-0.008278,-0.025546,-1.027155,-0.245164,-1.701599,1.560341,-0.019319,-0.005878
0.366667,0.019024,0.049152,0.010930,-0.861280,-0.220573,0.519418,-1.553432,-0.000943,-0.007671,-1.033388,-0.259382,-1.679269,1.547776,-0.039965,-0.017597
0.400000,0.018008,0.063600,0.010385,-0.871877,-0.220878,0.584190,-1.553432,-0.004932,-0.005648,-1.019591,-0.252480,-1.696940,1.541637,-0.047139,-0.006203
0.433333,0.020120,0.060336,0.020349,-0.892089,-0.206718,0.684190,-1.550409,-0.005246,0.006125,-1.032756,-0.275092,-1.721809,1.551296,-0.031181,-0.012050
0.466667,0.025059,0.054510,0.021861,-0.883938,-0.197257,0.784190,-1.550409,-0.003958,-0.001191,-1.048350,-0.284823,-1.732013,1.551296,-0.024697,-0.020947
0.500000,0.025013,0.054925,0.018476,-0.860263,-0.195770,0.884190,-1.550410,-0.002686,0.004097,-1.051866,-0.272681,-1.755593,1.551121,-0.019789,-0.004450
0.533333,0.016149,0.058090,0.020511,-0.821636,-0.194283,0.984190,-1.555177,-0.011438,-0.006061,-1.051472,-0.279801,-1.764868,1.563685,-0.008855,-0.004926
0.566667,0.020321,0.049705,0.026545,-0.749954,-0.152796,1.079149,-1.547708,0.006718,0.003934,-1.068597,-0.315201,-1.756536,1.569824,-0.001877,-0.013212
0.600000,0.020001,0.052724,0.033750,-0.668656,-0.095825,1.157840,-1.537069,0.017650,0.017279,-1.080111,-0.327593,-1.771510,1.569824,-0.008178,-0.010022
0.633333,0.012158,0.048301,0.032126,-0.575722,-0.024597,1.231061,-1.535688,0.017532,0.019393,-1.051624,-0.312864,-1.770836,1.566887,-0.017016,-0.009426
0.666667,0.009574,0.049461,0.035326,-0.475722,0.069661,1.304282,-1.514307,0.022559,0.022037,-1.054656,-0.325469,-1.755659,1.567063,-0.023999,-0.029918
0.700000,0.016353,0.046458,0.031000,-0.375722,0.163919,1.359729,-1.522056,0.023422,0.008897,-1.067103,-0.321131,-1.768393,1.567063,-0.022629,-0.030170
0.733333,0.007589,0.041746,0.025603,-0.275722,0.252532,1.398446,-1.529525,0.016087,0.003069,-1.054015,-0.295936,-1.771817,1.567063,-0.018550,-0.028183
0.766667,0.000697,0.042486,0.011504,-0.175722,0.339431,1.444175,-1.525193,0.015285,0.002809,-1.027518,-0.263894,-1.760501,1.567063,-0.024288,-0.022570
0.800000,-0.003436,0.051109,0.014591,-0.075722,0.417748,1.471952,-1.518394,0.021675,0.015609,-1.019716,-0.265223,-1.758586,1.568348,-0.021836,-0.010556
0.833333,-0.009147,0.046320,0.010012,0.024278,0.467851,1.473943,-1.537690,0.023700,0.010259,-1.005234,-0.260774,-1.757526,1.568348,-0.015793,-0.003738
0.866667,-0.022888,0.038886,-0.001804,0.124278,0.488763,1.469830,-1.528730,0.036983,0.015798,-0.969871,-0.234939,-1.741809,1.568348,-0.006024,0.006022
0.900000,-0.020622,0.048488,-0.004354,0.224278,0.502385,1.467014,-1.527472,0.038531,0.011780,-0.963076,-0.241680,-1.745492,1.568348,-0.001856,0.008753
0.933333,-0.024394,0.046660,-0.001101,0.310722,0.506859,1.443580,-1.542988,0.031681,-0.005078,-0.964584,-0.247185,-1.738262,1.566435,0.009382,0.000692
0.966667,-0.027783,0.045131,-0.021010,0.369571,0.519916,1.440248,-1.551169,0.043511,-0.012826,-0.984454,-0.259320,-1.727602,1.568087,0.019918,-0.010112
1.000000,-0.021633,0.055069,-0.024309,0.421707,0.532827,1.434064,-1.549772,0.039896,-0.008395,-0.974016,-0.260257,-1.736079,1.568087,0.023628,-0.001261
1.033333,-0.018950,0.067001,-0.015221,0.458593,0.536631,1.411756,-1.553370,0.029511,0.000440,-0.980416,-0.288530,-1.734799,1.568087,0.009151,-0.011191
1.066667,-0.026448,0.070683,-0.021502,0.495479,0.539017,1.389777,-1.549961,0.020288,0.007889,-0.984351,-0.285030,-1.720935,1.568087,0.000738,-0.018990
1.100000,-0.025849,0.074134,-0.018367,0.505920,0.518008,1.397670,-1.546048,0.017184,0.016915,-0.988955,-0.299089,-1.740195,1.570000,0.003548,-0.004349
1.133333,-0.021149,0.070459,0.000688,0.530203,0.496999,1.372342,-1.544140,-0.002759,0.016235,-0.974023,-0.286237,-1.746795,1.567492,-0.012763,-0.002961
1.166667,-0.025587,0.080042,0.006433,0.540619,0.489223,1.374864,-1.530512,-0.008027,0.018790,-0.979498,-0.274038,-1.740232,1.567492,-0.027491,0.000698
1.200000,-0.029665,0.077809,0.012211,0.562087,0.517688,1.395601,-1.539927,-0.000175,0.017204,-0.983588,-0.253534,-1.764178,1.563501,-0.030217,0.012827
1.233333,-0.014899,0.062232,0.017165,0.555114,0.527236,1.407630,-1.544594,0.004640,0.007079,-0.991025,-0.264802,-1.775469,1.563501,-0.026704,0.016226
1.266667,-0.004449,0.060813,0.013206,0.588140,0.570846,1.403585,-1.530983,0.019185,0.009724,-0.993895,-0.267141,-1.761912,1.563501,-0.047934,0.004996
1.300000,0.002178,0.059314,0.007606,0.602391,0.583587,1.422479,-1.532891,0.023463,0.005216,-1.006172,-0.258911,-1.780663,1.566009,-0.045890,0.009193
1.333333,0.004441,0.041472,0.013722,0.604341,0.592380,1.422997,-1.548579,0.032199,0.007233,-1.016859,-0.279669,-1.780660,1.566009,-0.034899,-0.002719
1.366667,0.020214,0.032999,0.011518,0.586544,0.583699,1.411237,-1.546514,0.027600,0.011017,-1.047477,-0.294124,-1.762746,1.570000,-0.042676,-0.021321
1.400000,0.008609,0.036369,0.009626,0.587104,0.588910,1.428330,-1.546514,0.034651,0.017980,-1.054951,-0.295020,-1.765064,1.570000,-0.044252,-0.019465
1.433333,0.004050,0.035732,0.017211,0.586642,0.589906,1.461499,-1.553475,0.022806,0.013252,-1.058965,-0.281343,-1.771861,1.567026,-0.026337,-0.021653
1.466667,0.010969,0.039365,0.019289,0.599826,0.612346,1.508270,-1.534112,0.031747,0.021089,-1.054496,-0.281433,-1.767949,1.560319,-0.030895,-0.012586
1.500000,0.016664,0.046450,0.021728,0.616849,0.624433,1.534205,-1.535533,0.028481,0.009973,-1.050946,-0.262120,-1.771568,1.556367,-0.031336,-0.007648
1.533333,-0.005964,0.055518,0.011308,0.642203,0.631656,1.574295,-1.537599,0.023296,0.002384,-1.023128,-0.228410,-1.773324,1.556367,-0.019007,0.007077
1.566667,-0.013837,0.067396,0.007919,0.637642,0.658256,1.606415,-1.537599,0.022673,0.016090,-1.023123,-0.207929,-1.764103,1.556367,-0.018890,0.019028
1.600000,-0.010869,0.071419,0.006120,0.614090,0.662070,1.621115,-1.543164,0.023167,0.026125,-1.026507,-0.214159,-1.764281,1.559341,-0.015515,0.027913
1.633333,-0.026217,0.062509,0.000688,0.596681,0.649179,1.605792,-1.562527,0.022072,0.015757,-1.035435,-0.209944,-1.741029,1.566048,-0.005616,0.016195
1.666667,-0.020539,0.060046,-0.019898,0.598241,0.650781,1.630469,-1.553868,0.030525,0.023737,-1.038245,-0.220717,-1.737340,1.570000,-0.001840,0.015677
1.700000,-0.008939,0.059022,-0.005715,0.585612,0.656514,1.652346,-1.553868,0.033953,0.026983,-1.057051,-0.233839,-1.740020,1.570000,0.004171,0.017075
1.733333,0.003724,0.047125,-0.000083,0.610157,0.649881,1.653914,-1.553868,0.031328,0.013673,-1.060246,-0.235920,-1.732925,1.563534,0.003846,0.000809
1.766667,-0.002572,0.049521,-0.004977,0.616379,0.636187,1.668095,-1.554038,0.030877,0.015064,-1.066055,-0.228846,-1.715574,1.563534,0.002240,0.000783
1.800000,0.002879,0.051992,0.000419,0.622285,0.636285,1.685956,-1.554038,0.026903,0.016257,-1.062828,-0.223413,-1.729244,1.563534,0.003143,0.000939
1.833333,-0.001663,0.053928,0.014524,0.603160,0.633137,1.673131,-1.562697,0.017680,0.016074,-1.070940,-0.207999,-1.732604,1.562295,0.002413,0.003982
1.866667,-0.011037,0.059942,0.010537,0.590125,0.623473,1.657305,-1.548860,0.021587,0.024445,-1.056627,-0.201416,-1.734670,1.560172,-0.005391,-0.008315
1.900000,-0.016768,0.062767,0.011145,0.568480,0.589942,1.659421,-1.548860,0.023840,0.022626,-1.050857,-0.200575,-1.750368,1.566638,-0.003044,-0.006971
1.933333,-0.015467,0.055289,0.018304,0.557919,0.581272,1.627227,-1.555740,0.028060,0.018571,-1.047304,-0.208818,-1.761433,1.566638,0.001502,-0.006064
1.966667,-0.014685,0.064805,0.007680,0.555486,0.561926,1.586809,-1.555740,0.023934,0.023203,-1.061346,-0.209575,-1.767133,1.566638,-0.010128,-0.002191
2.000000,-0.026624,0.062071,0.002912,0.570279,0.535254,1.561663,-1.555740,0.024588,0.018225,-1.050431,-0.219626,-1.770027,1.567877,-0.014047,-0.008300
2.033333,-0.007763,0.055369,0.002062,0.586498,0.520630,1.522464,-1.569577,0.013297,0.006251,-1.062227,-0.243365,-1.772866,1.570000,-0.019197,-0.011722
2.066667,-0.000383,0.054373,-0.007513,0.582450,0.528098,1.474733,-1.569577,0.014469,0.015389,-1.067311,-0.266180,-1.774118,1.570000,-0.044020,-0.004674
2.100000,0.002135,0.055823,-0.012766,0.591839,0.510705,1.439642,-1.570000,0.011752,0.004651,-1.049766,-0.266076,-1.787515,1.570000,-0.053957,-0.007770
2.133333,0.004016,0.040873,-0.007549,0.580024,0.489249,1.422723,-1.567370,0.005398,-0.001360,-1.026462,-0.285720,-1.791930,1.570000,-0.045595,-0.022385
2.166667,0.019946,0.037919,-0.009173,0.551636,0.475238,1.394355,-1.567370,-0.001237,-0.011333,-1.025121,-0.303800,-1.795724,1.567147,-0.050550,-0.024402
2.200000,0.016010,0.037194,-0.007175,0.529759,0.447398,1.381636,-1.567370,0.005033,-0.009474,-1.011613,-0.316413,-1.802855,1.567146,-0.043608,-0.016430
2.233333,0.010328,0.044049,0.005745,0.525578,0.413297,1.387785,-1.560827,0.006651,-0.017075,-0.994631,-0.320810,-1.802939,1.567147,-0.021709,-0.019186
2.266667,0.028664,0.056514,0.016928,0.501379,0.410428,1.402976,-1.534285,0.013599,0.008472,-0.979582,-0.352553,-1.806787,1.567147,-0.028739,-0.014913
2.300000,0.030102,0.065817,0.027615,0.482494,0.394636,1.399318,-1.530374,0.018795,0.015157,-0.972751,-0.364549,-1.813239,1.567147,-0.031399,-0.007273
2.333333,0.021909,0.068875,0.018516,0.498059,0.396906,1.413362,-1.530374,0.033622,0.021040,-0.957507,-0.359901,-1.805236,1.570000,-0.027101,-0.004038
2.366667,0.016380,0.080375,0.018649,0.490289,0.402958,1.451520,-1.516492,0.025754,0.033616,-0.954831,-0.351205,-1.803535,1.570000,-0.026158,0.002270
2.400000,0.021064,0.070333,0.017358,0.492760,0.397952,1.470725,-1.523034,0.020288,0.029023,-0.954351,-0.330929,-1.806455,1.570000,-0.024077,0.001329
2.433333,0.007113,0.061345,0.000757,0.509097,0.380932,1.497085,-1.549576,0.013392,0.014131,-0.978477,-0.287199,-1.787520,1.570000,-0.009829,0.002513
2.466667,0.003354,0.063104,-0.013699,0.532450,0.397505,1.540510,-1.556118,0.018030,0.009309,-0.971973,-0.255262,-1.788135,1.570000,-0.013276,0.015346
2.500000,0.000070,0.061313,-0.000863,0.549534,0.400648,1.574188,-1.556118,0.012603,0.016397,-0.980790,-0.235038,-1.789639,1.570000,-0.014375,0.013940
2.533333,0.002223,0.053348,-0.003789,0.602421,0.399625,1.585707,-1.570000,0.023646,0.011979,-0.977047,-0.227205,-1.786857,1.566837,-0.015424,0.008411
2.566667,-0.001498,0.050845,-0.006294,0.619357,0.397578,1.596689,-1.570000,0.033377,0.025076,-0.980802,-0.218690,-1.785763,1.566837,-0.026250,0.014448
2.600000,-0.003424,0.044761,-0.000924,0.647118,0.415499,1.601968,-1.570000,0.034158,0.016718,-0.972586,-0.218588,-1.794766,1.566837,-0.030099,0.004654
2.633333,0.001320,0.039789,0.011069,0.656028,0.439828,1.603089,-1.568198,0.028685,0.019463,-0.990195,-0.210431,-1.790189,1.566214,-0.025027,-0.014861
2.666667,0.003931,0.043715,0.004962,0.646618,0.453797,1.623120,-1.563065,0.032547,0.023911,-1.001916,-0.213870,-1.798478,1.566214,-0.028017,-0.023582
2.700000,0.003232,0.041189,0.006941,0.636679,0.460844,1.625310,-1.563065,0.029768,0.017555,-0.997696,-0.206526,-1.792068,1.569377,-0.026429,-0.027300
2.733333,0.014529,0.040369,0.000013,0.650306,0.481717,1.628944,-1.546166,0.024720,0.009796,-1.005446,-0.226212,-1.790462,1.569377,-0.020800,-0.039665
2.766667,0.017248,0.043722,-0.010171,0.651464,0.470107,1.608563,-1.546166,0.023435,0.008510,-0.998630,-0.233848,-1.792676,1.569377,-0.021133,-0.035980
2.800000,0.011688,0.046575,-0.012693,0.665187,0.444126,1.588595,-1.547968,0.024740,0.009039,-0.974529,-0.256925,-1.786235,1.570000,-0.022900,-0.033232
2.833333,0.007717,0.041797,-0.003415,0.682996,0.441932,1.537838,-1.553101,0.022684,0.003352,-0.950490,-0.254884,-1.774614,1.569051,-0.027393,-0.018297
2.866667,0.009585,0.050014,0.000847,0.664643,0.437916,1.487081,-1.552110,0.022446,0.014384,-0.935836,-0.275883,-1.769468,1.569051,-0.032038,-0.012931
2.900000,-0.000257,0.054787,0.010545,0.662442,0.426483,1.448161,-1.569009,0.018357,0.011919,-0.894422,-0.266868,-1.767060,1.567537,-0.030065,-0.012041
2.933333,-0.004681,0.052462,0.022209,0.669039,0.428346,1.429242,-1.569009,0.019434,0.014734,-0.873008,-0.270915,-1.764565,1.566023,-0.030895,-0.017030
2.966667,0.006740,0.043520,0.028315,0.655726,0.404582,1.432246,-1.549009,0.030734,0.010291,-0.869272,-0.295782,-1.784304,1.544509,-0.017348,-0.008790
3.000000,0.018535,0.040358,0.030479,0.622916,0.340818,1.466039,-1.521569,0.029555,0.017224,-0.874986,-0.345769,-1.825407,1.523558,-0.012334,-0.001317
3.033333,0.021988,0.028375,0.026967,0.590106,0.274746,1.539831,-1.499138,0.027915,0.007596,-0.880660,-0.395755,-1.859269,1.504934,-0.005126,0.005636
3.066667,0.019618,0.026721,0.020736,0.517296,0.194746,1.616609,-1.473594,0.024980,0.010788,-0.897971,-0.475755,-1.891813,1.501843,0.004537,0.014588
3.100000,0.026311,0.022987,0.015102,0.417296,0.094746,1.688581,-1.447680,0.015892,0.008545,-0.907685,-0.575755,-1.930580,1.486796,0.008695,0.029431
3.133333,0.021296,0.027179,0.008573,0.317296,-0.005254,1.737713,-1.444187,0.003897,0.010625,-0.911496,-0.675755,-1.938956,1.490798,-0.002185,0.033875
3.166667,0.000931,0.029855,-0.014659,0.217296,-0.105254,1.784140,-1.437531,0.005828,-0.006761,-0.901329,-0.775755,-1.928679,1.496881,0.003041,0.027816
3.200000,0.001759,0.034366,-0.022138,0.117296,-0.205254,1.811547,-1.430785,0.010979,-0.011088,-0.893973,-0.875755,-1.947029,1.499617,0.011801,0.041669
3.233333,0.009143,0.030970,-0.017334,0.017296,-0.305254,1.804689,-1.431520,0.012164,-0.015313,-0.890034,-0.957941,-1.941127,1.484744,0.003539,0.044849
3.266667,0.006130,0.032453,-0.025901,-0.082704,-0.405254,1.785842,-1.431121,0.023740,-0.026344,-0.881653,-1.000127,-1.909001,1.471852,-0.011350,0.050829
3.300000,0.003451,0.042476,-0.027181,-0.182704,-0.505254,1.787171,-1.431374,0.028398,-0.017428,-0.882204,-1.042313,-1.907268,1.479911,-0.011757,0.064803
3.333333,0.020929,0.040804,-0.008223,-0.282704,-0.605254,1.770915,-1.442409,0.022677,-0.008208,-0.882548,-1.065193,-1.907774,1.472882,-0.013408,0.065626
3.366667,0.028678,0.036307,-0.001697,-0.382704,-0.705254,1.742273,-1.429514,0.027820,0.009947,-0.889243,-1.061077,-1.882792,1.453285,-0.035641,0.054720
3.400000,0.030741,0.051591,-0.001549,-0.482704,-0.805254,1.745120,-1.423799,0.021267,0.011314,-0.873281,-1.034775,-1.897811,1.441668,-0.044395,0.068160
3.433333,0.035507,0.048701,0.011487,-0.582704,-0.905254,1.758995,-1.422050,0.016860,0.023662,-0.881289,-1.048473,-1.914564,1.453864,-0.031022,0.057930
3.466667,0.043179,0.042074,0.015464,-0.682704,-0.997285,1.759955,-1.426568,0.014659,0.015054,-0.895674,-1.048861,-1.915866,1.443016,-0.023896,0.046433
3.500000,0.045295,0.041300,0.013737,-0.782704,-1.086184,1.765657,-1.435179,0.013944,0.018867,-0.897165,-1.029340,-1.931877,1.442352,-0.020464,0.061664
3.533333,0.039540,0.043252,0.016927,-0.881914,-1.148982,1.780026,-1.453712,0.002732,0.005916,-0.895782,-1.036815,-1.935004,1.462432,-0.008486,0.060950
3.566667,0.047677,0.034009,0.023115,-0.969438,-1.196448,1.777056,-1.461766,0.017739,0.013798,-0.913996,-1.079050,-1.920402,1.493528,0.000581,0.050580
3.600000,0.050485,0.036157,0.030948,-1.036971,-1.225862,1.785806,-1.459898,0.025936,0.026361,-0.932181,-1.100489,-1.938594,1.510682,-0.004560,0.055489
3.633333,0.046760,0.030307,0.029440,-1.076273,-1.229304,1.783326,-1.460346,0.022877,0.027302,-0.911463,-1.095238,-1.940742,1.510880,-0.011052,0.055229
3.666667,0.045023,0.030418,0.033354,-1.085924,-1.214499,1.796394,-1.436524,0.025455,0.028058,-0.925330,-1.115883,-1.928773,1.529669,-0.015498,0.033332
3.700000,0.052191,0.025672,0.030466,-1.081501,-1.200440,1.803763,-1.438637,0.023840,0.013264,-0.947541,-1.124641,-1.945484,1.538122,-0.013404,0.029371
3.733333,0.043312,0.018612,0.026854,-1.072312,-1.193488,1.808220,-1.440335,0.015642,0.007227,-0.945869,-1.105597,-1.950107,1.520707,-0.009653,0.029244
3.766667,0.034373,0.019841,0.014665,-1.045072,-1.172780,1.812680,-1.429493,0.014137,0.004798,-0.927156,-1.074982,-1.933410,1.501275,-0.014585,0.028833
3.800000,0.029513,0.030255,0.019307,-1.046063,-1.162492,1.822322,-1.418799,0.019034,0.016893,-0.924017,-1.079429,-1.929423,1.495160,-0.011599,0.037258
3.833333,0.026582,0.026294,0.014453,-1.050080,-1.166276,1.805873,-1.434683,0.020431,0.010950,-0.913467,-1.077755,-1.924609,1.483194,-0.007508,0.045366
3.866667,0.012923,0.023974,0.002630,-1.034507,-1.173253,1.792977,-1.424601,0.034359,0.016596,-0.881897,-1.047968,-1.902855,1.482740,0.000758,0.055649
3.900000,0.014689,0.035180,-0.000918,-1.030878,-1.173906,1.790364,-1.422801,0.035340,0.010451,-0.877107,-1.051222,-1.906040,1.494759,0.005118,0.056686
3.933333,0.014024,0.032627,0.001481,-1.045755,-1.182416,1.773416,-1.438710,0.028008,-0.005396,-0.880114,-1.052739,-1.899117,1.488972,0.016004,0.051509
3.966667,0.012711,0.030062,-0.019706,-1.047042,-1.174446,1.776681,-1.446604,0.040489,-0.013116,-0.904228,-1.059193,-1.886884,1.508759,0.025726,0.043449
4.000000,0.018334,0.038680,-0.022589,-1.050896,-1.164049,1.781227,-1.442710,0.037677,-0.008283,-0.895753,-1.053929,-1.894377,1.513350,0.029559,0.050855
4.033333,0.023536,0.046133,-0.014431,-1.064333,-1.170866,1.771836,-1.441002,0.027497,0.001292,-0.905424,-1.074675,-1.895509,1.497820,0.016624,0.042912
4.066667,0.018664,0.049645,-0.020226,-1.054570,-1.177747,1.755754,-1.436814,0.019260,0.011372,-0.913099,-1.069570,-1.883074,1.486378,0.006815,0.039587
4.100000,0.018632,0.053316,-0.016008,-1.055784,-1.196739,1.768050,-1.434273,0.016651,0.018527,-0.918014,-1.079913,-1.902578,1.503923,0.009991,0.050460
4.133333,0.022168,0.048726,0.003176,-1.053951,-1.215732,1.743319,-1.429732,-0.002076,0.017073,-0.901627,-1.065199,-1.908328,1.483467,-0.004036,0.050299
4.166667,0.016940,0.059448,0.008074,-1.050349,-1.217767,1.741492,-1.415518,-0.008036,0.018146,-0.905210,-1.049531,-1.899758,1.474750,-0.016546,0.050975
4.200000,0.013825,0.057374,0.014206,-1.056264,-1.206862,1.761130,-1.428240,-0.000798,0.016445,-0.904707,-1.038579,-1.923046,1.468696,-0.020085,0.063305
4.233333,0.027060,0.040483,0.020125,-1.068507,-1.189837,1.770495,-1.434208,0.003902,0.003972,-0.906456,-1.051208,-1.929250,1.463458,-0.014233,0.062496
4.266667,0.037097,0.039058,0.013839,-1.061384,-1.161437,1.763169,-1.420819,0.017839,0.010494,-0.909126,-1.061742,-1.914800,1.454413,-0.034993,0.053793
4.300000,0.043733,0.037911,0.008671,-1.057110,-1.159507,1.779954,-1.424002,0.021986,0.005040,-0.919655,-1.058119,-1.933366,1.463756,-0.035298,0.057438
4.333333,0.046099,0.020050,0.015401,-1.072001,-1.162998,1.776421,-1.437557,0.030547,0.008262,-0.928496,-1.086608,-1.932880,1.480299,-0.026166,0.047621
4.366667,0.058198,0.014671,0.014597,-1.081130,-1.162092,1.751192,-1.431697,0.025269,0.010368,-0.955499,-1.098377,-1.912411,1.509287,-0.031672,0.024957
4.400000,0.046218,0.018277,0.013031,-1.085978,-1.171776,1.758893,-1.434620,0.032458,0.016986,-0.958576,-1.103951,-1.917101,1.519808,-0.033255,0.026529
4.433333,0.040837,0.017313,0.022824,-1.078752,-1.170059,1.774997,-1.437542,0.020755,0.008025,-0.955959,-1.090978,-1.922992,1.510633,-0.015972,0.022511
4.466667,0.046202,0.020341,0.027873,-1.056293,-1.149611,1.805433,-1.411544,0.029625,0.016329,-0.946628,-1.094986,-1.918020,1.497488,-0.019262,0.029448
4.500000,0.052995,0.027461,0.030905,-1.036163,-1.149968,1.818091,-1.407882,0.026972,0.004227,-0.934154,-1.084950,-1.924927,1.473889,-0.020398,0.035902
4.533333,0.032857,0.033459,0.019649,-1.019321,-1.165895,1.833179,-1.414164,0.021466,-0.002417,-0.895923,-1.063679,-1.928701,1.451948,-0.010751,0.053002
4.566667,0.025542,0.046180,0.015505,-1.028137,-1.151838,1.842433,-1.425882,0.020505,0.011693,-0.888270,-1.050873,-1.925505,1.461563,-0.013247,0.067920
4.600000,0.029099,0.050346,0.014093,-1.049749,-1.159757,1.833899,-1.437600,0.020414,0.022355,-0.883078,-1.068254,-1.930649,1.479998,-0.011099,0.077513
4.633333,0.014376,0.043468,0.005025,-1.065280,-1.177331,1.789275,-1.460925,0.017623,0.011529,-0.883752,-1.071673,-1.911489,1.488925,-0.002212,0.067795
4.666667,0.018967,0.041814,-0.016502,-1.059762,-1.176347,1.784650,-1.451685,0.024940,0.019021,-0.882655,-1.086604,-1.911638,1.515033,0.002170,0.066961
4.700000,0.028700,0.041325,-0.002179,-1.065852,-1.166860,1.792772,-1.446509,0.029392,0.020405,-0.899148,-1.106223,-1.918702,1.525546,0.009287,0.067907
4.733333,0.042253,0.029153,0.002191,-1.037125,-1.169910,1.775201,-1.422971,0.026347,0.007176,-0.903293,-1.113283,-1.909703,1.497915,0.010257,0.052884
4.766667,0.033555,0.031795,-0.004586,-1.023925,-1.185596,1.780109,-1.410651,0.024662,0.007241,-0.910597,-1.106385,-1.888622,1.495908,0.010698,0.052261
4.800000,0.039811,0.032732,0.001694,-1.029922,-1.196605,1.792663,-1.417281,0.020378,0.008604,-0.909028,-1.107528,-1.903233,1.503247,0.010249,0.052850
4.833333,0.035738,0.034275,0.016104,-1.049120,-1.196127,1.778926,-1.426405,0.010375,0.008624,-0.920616,-1.092959,-1.904725,1.478725,0.009735,0.055195
4.866667,0.027200,0.040954,0.011339,-1.051133,-1.189110,1.769089,-1.406455,0.012933,0.018014,-0.915029,-1.077660,-1.904324,1.465440,0.001507,0.043612
4.900000,0.019815,0.044027,0.013245,-1.061615,-1.203723,1.787871,-1.408904,0.014486,0.016523,-0.915810,-1.068670,-1.916458,1.479046,0.004661,0.041312
4.933333,0.023429,0.036782,0.020096,-1.073987,-1.191086,1.772717,-1.415646,0.020882,0.014506,-0.919876,-1.071615,-1.925085,1.476633,0.007733,0.043988
4.966667,0.022316,0.046433,0.009382,-1.073923,-1.192982,1.760362,-1.411181,0.018186,0.020256,-0.941370,-1.064056,-1.926717,1.490577,-0.002411,0.048154
5.000000,0.010967,0.043378,0.004295,-1.059890,-1.201285,1.768519,-1.416454,0.020362,0.015490,-0.936599,-1.064232,-1.921981,1.497425,-0.006267,0.042839
5.033333,0.028869,0.035354,0.002938,-1.054920,-1.203941,1.760742,-1.432111,0.010971,0.004034,-0.954088,-1.081633,-1.916263,1.511711,-0.009163,0.039633
5.066667,0.035534,0.033940,-0.007096,-1.061958,-1.180210,1.744965,-1.433858,0.013116,0.014218,-0.964452,-1.096596,-1.908864,1.524528,-0.032617,0.046986
5.100000,0.037617,0.035038,-0.011592,-1.048201,-1.183264,1.746472,-1.434559,0.011163,0.004681,-0.950784,-1.087531,-1.911964,1.515542,-0.041085,0.044948
5.133333,0.037961,0.024450,-0.005666,-1.037745,-1.161401,1.754883,-1.423976,0.005414,-0.001927,-0.934595,-1.088345,-1.905206,1.493126,-0.031022,0.029024
5.166667,0.051335,0.022605,-0.006107,-1.047198,-1.140071,1.748104,-1.435639,-0.000451,-0.011889,-0.941177,-1.092747,-1.904078,1.486891,-0.034308,0.024445
5.200000,0.046066,0.022647,-0.003725,-1.050225,-1.140307,1.753662,-1.439375,0.005822,-0.009442,-0.931907,-1.095931,-1.905532,1.481607,-0.026384,0.032131
5.233333,0.040652,0.030194,0.009684,-1.033729,-1.146750,1.770126,-1.423770,0.007840,-0.018324,-0.920548,-1.091284,-1.900555,1.469147,-0.003405,0.029853
5.266667,0.058410,0.043543,0.019786,-1.047814,-1.126740,1.788677,-1.393700,0.013691,0.005379,-0.912023,-1.120370,-1.906627,1.490117,-0.009742,0.035428
5.300000,0.061126,0.049460,0.029303,-1.058537,-1.140883,1.788544,-1.386121,0.018353,0.012902,-0.908959,-1.138233,-1.913565,1.493895,-0.012993,0.045532
5.333333,0.054862,0.051396,0.017852,-1.048278,-1.141585,1.792857,-1.370770,0.032608,0.019448,-0.898185,-1.143303,-1.907673,1.510122,-0.010378,0.054063
5.366667,0.049668,0.062090,0.018623,-1.056100,-1.138837,1.815175,-1.353936,0.023648,0.031972,-0.898743,-1.139298,-1.912386,1.525832,-0.011085,0.062621
5.400000,0.053680,0.051770,0.017265,-1.067147,-1.153690,1.805333,-1.370493,0.018029,0.028940,-0.898807,-1.126062,-1.923447,1.527834,-0.011512,0.062219
5.433333,0.036895,0.042574,0.002213,-1.055367,-1.173092,1.796021,-1.407119,0.011573,0.015492,-0.921326,-1.085311,-1.906673,1.513587,0.002254,0.059250
5.466667,0.032815,0.043881,-0.011410,-1.060618,-1.176031,1.804870,-1.437813,0.015674,0.009977,-0.914059,-1.062825,-1.910192,1.518636,-0.002557,0.071694
5.500000,0.028844,0.041530,0.002766,-1.069627,-1.197483,1.803499,-1.442549,0.009916,0.017047,-0.919060,-1.050786,-1.916912,1.514926,-0.003858,0.069121
5.533333,0.030899,0.034438,-0.001391,-1.041429,-1.216523,1.786392,-1.462340,0.020914,0.012227,-0.914280,-1.052327,-1.914194,1.488176,-0.005862,0.062997
5.566667,0.026788,0.030820,-0.003415,-1.041811,-1.233643,1.784801,-1.465806,0.030298,0.024217,-0.918451,-1.054696,-1.913791,1.495033,-0.016716,0.067983
5.600000,0.025874,0.022950,0.000869,-1.040764,-1.236010,1.776246,-1.462359,0.029822,0.014674,-0.912514,-1.063396,-1.925552,1.494477,-0.021541,0.059873
5.633333,0.030447,0.017485,0.012086,-1.037511,-1.218354,1.764666,-1.442674,0.024464,0.018302,-0.931908,-1.056445,-1.926970,1.487967,-0.014991,0.041735
5.666667,0.030949,0.021652,0.006690,-1.032935,-1.194055,1.779827,-1.435009,0.027485,0.021598,-0.949284,-1.058764,-1.933927,1.487949,-0.017505,0.032925
5.700000,0.030702,0.018122,0.009059,-1.046527,-1.181457,1.781064,-1.432332,0.024605,0.015623,-0.950906,-1.050813,-1.927631,1.496881,-0.015585,0.029400
5.733333,0.041570,0.017467,0.000431,-1.034809,-1.156582,1.791036,-1.407103,0.018669,0.008821,-0.964228,-1.067784,-1.927814,1.503631,-0.009423,0.020116
5.766667,0.044828,0.020972,-0.009266,-1.034912,-1.165845,1.786577,-1.408700,0.018232,0.008373,-0.962369,-1.073707,-1.930194,1.504539,-0.009456,0.025293
5.800000,0.039845,0.023511,-0.011894,-1.031454,-1.183820,1.789643,-1.413547,0.019320,0.007802,-0.951270,-1.091822,-1.920529,1.509847,-0.011747,0.029246
5.833333,0.037459,0.018025,-0.003343,-1.034629,-1.186937,1.764148,-1.425163,0.018901,0.002178,-0.941227,-1.085418,-1.906432,1.503700,-0.014175,0.044938
5.866667,0.037408,0.025798,0.000297,-1.059533,-1.177246,1.743119,-1.421153,0.019132,0.013306,-0.943932,-1.102043,-1.897664,1.521518,-0.017485,0.049868
5.900000,0.028031,0.030311,0.009866,-1.071806,-1.182331,1.728133,-1.440684,0.015437,0.009650,-0.925041,-1.082728,-1.889972,1.505058,-0.014713,0.051546
5.933333,0.023864,0.027934,0.020833,-1.072740,-1.170402,1.732174,-1.440232,0.016202,0.011587,-0.926150,-1.077076,-1.885876,1.502492,-0.014537,0.047388
5.966667,0.024601,0.023638,0.025808,-1.050815,-1.149759,1.710980,-1.443765,0.026361,0.007312,-0.905971,-1.082974,-1.864166,1.481301,-0.006564,0.038937
6.000000,0.028000,0.025942,0.026169,-1.007043,-1.129117,1.678347,-1.455235,0.024005,0.015867,-0.859165,-1.092169,-1.827024,1.444160,-0.010064,0.029967
6.033333,0.022963,0.018754,0.023623,-0.923271,-1.081282,1.636479,-1.483046,0.020237,0.004882,-0.797569,-1.089443,-1.774267,1.367700,-0.008675,0.019835
6.066667,0.011112,0.021731,0.017857,-0.839498,-1.001282,1.556479,-1.503400,0.016276,0.007928,-0.717569,-1.083376,-1.694267,1.287700,-0.006321,0.010331
6.100000,0.009053,0.023415,0.012160,-0.739498,-0.901282,1.456479,-1.527271,0.006964,0.005458,-0.617569,-1.086330,-1.594267,1.187700,-0.008531,0.007444
6.133333,0.004639,0.027378,0.006974,-0.639498,-0.806149,1.356479,-1.548982,-0.004267,0.007443,-0.517569,-1.081795,-1.494267,1.109830,-0.019845,0.008340
6.166667,-0.017560,0.028709,-0.015056,-0.539498,-0.715222,1.256479,-1.553465,-0.002309,-0.010961,-0.417569,-1.058483,-1.394267,1.071961,-0.013049,-0.000143
6.200000,-0.018516,0.033332,-0.023976,-0.439498,-0.624296,1.156479,-1.556178,0.002123,-0.013561,-0.322748,-1.020857,-1.294267,1.074091,-0.006283,0.014414
6.233333,-0.012183,0.029515,-0.019474,-0.343285,-0.563170,1.056479,-1.562599,0.002838,-0.018438,-0.257945,-0.997464,-1.194267,1.116221,-0.012960,0.016843
6.266667,-0.020880,0.029273,-0.025670,-0.247071,-0.524614,0.956479,-1.565504,0.012709,-0.029929,-0.201160,-0.945049,-1.094267,1.198351,-0.026855,0.020769
6.300000,-0.026576,0.038993,-0.026268,-0.190858,-0.495535,0.856479,-1.565504,0.013637,-0.021727,-0.181472,-0.913768,-0.994267,1.298351,-0.023934,0.036062
6.333333,-0.011983,0.037494,-0.007034,-0.159948,-0.481575,0.756479,-1.570000,0.007305,-0.011369,-0.179308,-0.901054,-0.894267,1.373992,-0.026938,0.038067
6.366667,-0.002590,0.032083,0.000601,-0.148416,-0.467615,0.656479,-1.554468,0.014034,0.005541,-0.194456,-0.887050,-0.794267,1.415542,-0.045301,0.025509
6.400000,-0.002863,0.046463,0.002014,-0.149513,-0.463854,0.556479,-1.554468,0.008151,0.009527,-0.183841,-0.858094,-0.694267,1.442855,-0.052233,0.039252
6.433333,0.004636,0.043287,0.013345,-0.171835,-0.462924,0.456479,-1.554469,0.005519,0.022452,-0.197890,-0.869139,-0.594267,1.462891,-0.038632,0.030056
6.466667,0.012549,0.036113,0.015787,-0.170912,-0.458325,0.356479,-1.554469,0.004257,0.014301,-0.214841,-0.867427,-0.494267,1.460523,-0.032916,0.017679
6.500000,0.015957,0.036082,0.013031,-0.175045,-0.468929,0.256479,-1.554469,0.002064,0.017340,-0.218659,-0.847148,-0.394267,1.458351,-0.029503,0.033835
6.533333,0.008301,0.038783,0.016150,-0.172637,-0.493126,0.156479,-1.570000,-0.010251,0.005319,-0.215720,-0.854015,-0.294267,1.480707,-0.020066,0.034727
6.566667,0.016444,0.030606,0.021575,-0.177072,-0.498590,0.056479,-1.570000,0.004744,0.010669,-0.234308,-0.893690,-0.194267,1.507723,-0.012340,0.024705
6.600000,0.016950,0.034035,0.029646,-0.179572,-0.497102,-0.043521,-1.570000,0.010904,0.023350,-0.248694,-0.911210,-0.094267,1.522017,-0.018660,0.028475
6.633333,0.012903,0.028405,0.029206,-0.179314,-0.497544,-0.139571,-1.570000,0.010086,0.025525,-0.225514,-0.902278,-0.003219,1.522089,-0.025178,0.030803
6.666667,0.012863,0.028914,0.033153,-0.161282,-0.484998,-0.195621,-1.562356,0.013431,0.026033,-0.237944,-0.920313,0.064696,1.542949,-0.029630,0.009307
6.700000,0.020843,0.025173,0.029873,-0.153758,-0.470976,-0.249403,-1.562356,0.013428,0.012277,-0.255657,-0.927828,0.117214,1.553374,-0.027902,0.006027
6.733333,0.013303,0.017730,0.025687,-0.148093,-0.470976,-0.279762,-1.562356,0.005992,0.007509,-0.251721,-0.909001,0.147308,1.541673,-0.024507,0.007231
6.766667,0.007420,0.018808,0.012539,-0.129870,-0.463325,-0.279021,-1.556181,0.005152,0.006752,-0.235177,-0.881131,0.159649,1.529088,-0.030264,0.009869
6.800000,0.004958,0.028984,0.016397,-0.137649,-0.458677,-0.269013,-1.556181,0.009008,0.018800,-0.232631,-0.889027,0.167230,1.526722,-0.027590,0.019060
6.833333,-0.000717,0.023807,0.013382,-0.145962,-0.468118,-0.283645,-1.563825,0.010271,0.014358,-0.219875,-0.893437,0.174146,1.518965,-0.021197,0.026017
6.866667,-0.013611,0.020772,0.002599,-0.140195,-0.488467,-0.275958,-1.563825,0.023477,0.018993,-0.193082,-0.868745,0.174110,1.517798,-0.012680,0.037748
6.900000,-0.012013,0.032540,0.000643,-0.144243,-0.498333,-0.275819,-1.563825,0.023059,0.012647,-0.188562,-0.877587,0.169741,1.529498,-0.007831,0.038826
6.933333,-0.015280,0.029579,0.004441,-0.165178,-0.516263,-0.291910,-1.570000,0.016443,-0.005821,-0.190528,-0.889575,0.177031,1.523055,0.005653,0.033389
6.966667,-0.019173,0.027340,-0.016565,-0.174072,-0.520963,-0.281218,-1.570000,0.029449,-0.015231,-0.214361,-0.905005,0.175703,1.536234,0.013722,0.022966
7.000000,-0.012572,0.036818,-0.019676,-0.188155,-0.530036,-0.267354,-1.570000,0.025698,-0.012023,-0.208403,-0.917902,0.158173,1.528449,0.015485,0.031571
7.033333,-0.009840,0.043353,-0.010679,-0.206790,-0.556083,-0.278077,-1.570000,0.014183,-0.002348,-0.215138,-0.966681,0.159951,1.500004,0.002834,0.021923
7.066667,-0.017299,0.045658,-0.014839,-0.208913,-0.597324,-0.282173,-1.570000,0.006232,0.004501,-0.221506,-1.012070,0.159871,1.450393,-0.006508,0.017368
7.100000,-0.014896,0.050536,-0.010243,-0.224134,-0.659705,-0.261139,-1.565961,0.002428,0.011728,-0.229834,-1.067394,0.125885,1.414957,-0.005721,0.029543
7.133333,-0.010733,0.046474,0.010943,-0.236329,-0.735943,-0.268016,-1.564130,-0.018238,0.009763,-0.216719,-1.104671,0.102777,1.346306,-0.019023,0.030228
7.166667,-0.016925,0.057147,0.016425,-0.247344,-0.798685,-0.253424,-1.542299,-0.022545,0.012146,-0.225054,-1.127148,0.082462,1.283233,-0.030280,0.030239
7.200000,-0.021273,0.055920,0.023635,-0.265835,-0.842045,-0.225813,-1.540468,-0.014323,0.007176,-0.226353,-1.148248,0.044851,1.224594,-0.034265,0.040710
7.233333,-0.005104,0.040209,0.029293,-0.285900,-0.869304,-0.205102,-1.540468,-0.010099,-0.002441,-0.233379,-1.170607,0.022590,1.193506,-0.028642,0.041203
7.266667,0.002852,0.038250,0.025873,-0.278785,-0.869890,-0.211722,-1.528525,0.003613,0.002944,-0.232757,-1.192432,0.032790,1.179258,-0.047335,0.031364
7.300000,0.011083,0.037356,0.021233,-0.273674,-0.879987,-0.199693,-1.530356,0.007220,-0.000517,-0.239520,-1.192302,0.019824,1.179860,-0.046822,0.035257
7.333333,0.013925,0.019708,0.028315,-0.283789,-0.877486,-0.208904,-1.549755,0.014428,0.000754,-0.244237,-1.226023,0.034124,1.198530,-0.037600,0.026949
7.366667,0.030412,0.014401,0.025711,-0.289826,-0.868269,-0.231135,-1.546666,0.008348,0.005674,-0.272502,-1.233260,0.054853,1.246837,-0.043419,0.005660
7.400000,0.017622,0.018922,0.022789,-0.287467,-0.857765,-0.236642,-1.546666,0.015107,0.012189,-0.271435,-1.235461,0.066988,1.267591,-0.045971,0.006331
7.433333,0.014199,0.018636,0.029670,-0.280711,-0.841887,-0.214820,-1.544637,0.004078,0.004846,-0.272540,-1.216313,0.053607,1.258231,-0.031049,0.002184
7.466667,0.020215,0.022811,0.032233,-0.257154,-0.802571,-0.183734,-1.520166,0.014045,0.012016,-0.268043,-1.210456,0.055665,1.248709,-0.035383,0.011811
7.500000,0.026403,0.030060,0.035535,-0.233678,-0.783380,-0.171408,-1.518127,0.012112,-0.000669,-0.258249,-1.193076,0.054831,1.230752,-0.036981,0.016038
7.533333,0.004188,0.035933,0.025230,-0.212497,-0.777430,-0.159082,-1.523047,0.007338,-0.008154,-0.218838,-1.169868,0.053628,1.202883,-0.025206,0.032484
7.566667,-0.004690,0.047273,0.022541,-0.219721,-0.748868,-0.156651,-1.523047,0.006150,0.006180,-0.211482,-1.153827,0.057248,1.215014,-0.027124,0.046715
7.600000,-0.002382,0.051083,0.021645,-0.235584,-0.734567,-0.171250,-1.531482,0.007187,0.017248,-0.206604,-1.162537,0.061944,1.241615,-0.023131,0.056930
7.633333,-0.018123,0.043048,0.013816,-0.251940,-0.738880,-0.210079,-1.555954,0.005319,0.005533,-0.208495,-1.160860,0.077326,1.261631,-0.014752,0.044036
7.666667,-0.012360,0.039898,-0.008388,-0.248369,-0.725143,-0.211345,-1.549533,0.013487,0.013652,-0.207803,-1.165095,0.073920,1.296167,-0.009766,0.043174
7.700000,-0.002440,0.038079,0.004851,-0.257472,-0.706140,-0.205312,-1.549533,0.017625,0.015376,-0.226802,-1.172260,0.068792,1.318169,-0.004310,0.043717
7.733333,0.011742,0.026010,0.007985,-0.233198,-0.697752,-0.208835,-1.549533,0.015395,0.001450,-0.233366,-1.165846,0.071956,1.309900,-0.002696,0.027473
7.766667,0.004771,0.028014,0.000706,-0.224065,-0.707150,-0.195327,-1.545789,0.013210,0.000476,-0.239573,-1.144474,0.089947,1.325290,-0.002775,0.026544
7.800000,0.010101,0.028585,0.007111,-0.225232,-0.702746,-0.192185,-1.545789,0.009872,0.003625,-0.228266,-1.124570,0.097949,1.362073,-0.001154,0.026514
7.833333,0.005742,0.030216,0.020769,-0.244684,-0.690592,-0.209083,-1.556612,-0.001850,0.004759,-0.231619,-1.082501,0.112891,1.377121,-0.001396,0.029471
7.866667,-0.004515,0.038243,0.016122,-0.250025,-0.668623,-0.211837,-1.542500,0.000604,0.014297,-0.217420,-1.035384,0.126476,1.401641,-0.009291,0.019132
7.900000,-0.011928,0.041350,0.017904,-0.260324,-0.666544,-0.194982,-1.542500,0.002635,0.014481,-0.205501,-0.989297,0.139620,1.448603,-0.006648,0.019120
7.933333,-0.012209,0.034392,0.025260,-0.272751,-0.631181,-0.211335,-1.555819,0.008824,0.014172,-0.198108,-0.955680,0.155672,1.480865,-0.002573,0.020343
7.966667,-0.013477,0.044940,0.013433,-0.272336,-0.611133,-0.223519,-1.555819,0.005649,0.018849,-0.210516,-0.917692,0.175284,1.507449,-0.014447,0.025548
8.000000,-0.027345,0.042877,0.009307,-0.260608,-0.594239,-0.218638,-1.555888,0.008470,0.014553,-0.196905,-0.888450,0.199256,1.528980,-0.019169,0.020617
8.033333,-0.008379,0.035685,0.008514,-0.253999,-0.571432,-0.232264,-1.570000,0.000082,0.003596,-0.204968,-0.879584,0.225756,1.550271,-0.023519,0.016345
8.066667,-0.001698,0.035236,-0.001529,-0.262090,-0.525153,-0.248610,-1.570000,0.002586,0.012434,-0.210546,-0.872844,0.246876,1.559392,-0.048399,0.024837
8.100000,0.000094,0.036604,-0.005906,-0.251650,-0.512157,-0.250998,-1.570000,0.000086,0.003172,-0.191302,-0.844001,0.253947,1.557072,-0.057558,0.023327
8.133333,0.002680,0.025485,-0.000412,-0.249049,-0.486245,-0.230270,-1.566478,-0.004767,-0.001505,-0.178254,-0.829313,0.246691,1.544418,-0.048974,0.010150
8.166667,0.017812,0.023040,-0.002504,-0.256134,-0.466488,-0.236193,-1.566478,-0.010523,-0.010587,-0.186352,-0.830277,0.245660,1.538996,-0.053481,0.007696
8.200000,0.012535,0.021928,-0.001287,-0.257655,-0.473009,-0.229017,-1.566478,-0.005092,-0.008056,-0.177901,-0.833096,0.238279,1.537179,-0.044734,0.017001
8.233333,0.006000,0.028807,0.011457,-0.241507,-0.493381,-0.211607,-1.554008,-0.003504,-0.016013,-0.170200,-0.833068,0.222717,1.534226,-0.020806,0.013677
8.266667,0.024483,0.041647,0.021200,-0.245678,-0.490664,-0.196214,-1.521537,0.002824,0.007385,-0.163914,-0.872880,0.215359,1.540367,-0.025978,0.018668
8.300000,0.023636,0.046685,0.031289,-0.244919,-0.518427,-0.207536,-1.512588,0.005674,0.014725,-0.159278,-0.898537,0.213845,1.543680,-0.026450,0.025753
8.333333,0.015234,0.048996,0.021612,-0.223093,-0.530284,-0.206253,-1.503240,0.019817,0.020285,-0.145212,-0.919505,0.218085,1.555890,-0.022388,0.030639
8.366667,0.008308,0.059998,0.023950,-0.206172,-0.549720,-0.181004,-1.473892,0.012267,0.031991,-0.147831,-0.950376,0.203506,1.557707,-0.019877,0.036323
8.400000,0.011630,0.050650,0.023585,-0.191819,-0.588270,-0.157985,-1.437014,0.009529,0.028492,-0.145503,-0.981596,0.196979,1.540659,-0.017536,0.034831
8.433333,-0.004143,0.042293,0.006913,-0.175327,-0.649909,-0.113698,-1.400137,0.006376,0.013467,-0.174073,-0.987877,0.186879,1.500659,-0.002406,0.031306
8.466667,-0.008935,0.044095,-0.006652,-0.179189,-0.711547,-0.061077,-1.323259,0.015223,0.006289,-0.167996,-1.019457,0.163372,1.450000,-0.005741,0.041493
8.500000,-0.015709,0.042065,0.006992,-0.200509,-0.802752,-0.011812,-1.223260,0.013802,0.011806,-0.181459,-1.054731,0.137165,1.370000,-0.002908,0.037411
8.533333,-0.015389,0.034806,0.002452,-0.204121,-0.885561,0.018521,-1.123260,0.028624,0.007601,-0.186540,-1.085846,0.115780,1.270000,-0.003631,0.032020
8.566667,-0.020417,0.031330,0.001117,-0.236554,-0.962139,0.031348,-1.023260,0.038597,0.019509,-0.207363,-1.109758,0.083984,1.170000,-0.013678,0.035405
8.600000,-0.023155,0.022864,0.008784,-0.261359,-1.005842,0.024618,-0.923259,0.039787,0.010854,-0.215308,-1.145219,0.056283,1.070000,-0.016784,0.024781
8.633333,-0.019083,0.018140,0.021521,-0.282067,-1.009544,0.025271,-0.823259,0.035675,0.014151,-0.252870,-1.155381,0.030335,0.970000,-0.008838,0.007018
8.666667,-0.014489,0.021891,0.016543,-0.292425,-0.998579,0.048737,-0.723259,0.040252,0.018847,-0.286829,-1.169915,-0.002014,0.870000,-0.011750,-0.002567
8.700000,-0.013612,0.019156,0.020390,-0.316875,-0.996009,0.051133,-0.623259,0.040045,0.011960,-0.300755,-1.180997,-0.006261,0.770000,-0.009313,-0.008276
8.733333,-0.002540,0.018658,0.011861,-0.312053,-0.979797,0.062869,-0.523259,0.036236,0.003753,-0.321286,-1.212204,-0.010433,0.679811,-0.003170,-0.018812
8.766667,0.000455,0.022135,0.000815,-0.308943,-0.993699,0.054161,-0.423259,0.034911,0.001839,-0.321716,-1.223830,-0.002758,0.593113,-0.003536,-0.013029
8.800000,-0.004412,0.025028,-0.002197,-0.301424,-1.023015,0.052516,-0.323259,0.036692,0.001106,-0.309075,-1.247641,0.014297,0.538784,-0.005667,-0.011355
8.833333,-0.007878,0.020011,0.006464,-0.300898,-1.035794,0.023980,-0.245887,0.035624,-0.003726,-0.292312,-1.247989,0.036394,0.506607,-0.009342,0.004215
8.866667,-0.008901,0.027712,0.008113,-0.321194,-1.040752,0.002726,-0.185403,0.033292,0.007827,-0.286775,-1.263739,0.050617,0.514430,-0.014726,0.010507
8.900000,-0.018684,0.031132,0.017162,-0.330761,-1.060063,-0.008131,-0.155502,0.027255,0.004786,-0.257462,-1.241290,0.065587,0.543274,-0.012137,0.011343
8.933333,-0.023584,0.028682,0.028208,-0.325838,-1.062136,0.003167,-0.145602,0.027303,0.007541,-0.248148,-1.231811,0.068279,0.588626,-0.012514,0.005591
8.966667,-0.014680,0.023672,0.031316,-0.298071,-1.088794,0.025714,-0.175701,0.034305,0.006596,-0.242513,-1.210148,0.056651,0.601610,-0.004285,0.006127
9.000000,-0.004967,0.025487,0.030587,-0.274351,-1.155453,0.075151,-0.223173,0.028330,0.016394,-0.243221,-1.171948,0.026708,0.592441,-0.006821,0.004195
9.033333,-0.001464,0.018544,0.027362,-0.235703,-1.212646,0.143371,-0.293756,0.021954,0.007826,-0.241412,-1.093748,0.002314,0.543272,-0.003119,0.000195
9.066667,-0.004681,0.023173,0.020085,-0.215746,-1.252293,0.211591,-0.373756,0.016055,0.013187,-0.247439,-1.013748,-0.030400,0.482381,0.001138,-0.000550
9.100000,0.002557,0.024831,0.012027,-0.209582,-1.271939,0.297655,-0.473756,0.004205,0.014020,-0.245924,-0.939127,-0.069669,0.411971,-0.002159,0.003934
9.133333,-0.003402,0.029881,0.006979,-0.232055,-1.276129,0.378437,-0.573756,-0.008986,0.015894,-0.246385,-0.879977,-0.069573,0.355768,-0.012766,0.006130
9.166667,-0.024806,0.032962,-0.015384,-0.235761,-1.249851,0.459219,-0.673756,-0.005444,-0.004041,-0.235925,-0.820826,-0.067274,0.333419,-0.006417,-0.001181
9.200000,-0.025488,0.037445,-0.023586,-0.254649,-1.205349,0.551765,-0.773756,-0.001466,-0.008267,-0.220451,-0.798223,-0.087035,0.330081,0.000619,0.013514
9.233333,-0.019104,0.033476,-0.018552,-0.269665,-1.181308,0.604311,-0.873079,0.000413,-0.012064,-0.211778,-0.790152,-0.074200,0.324021,-0.008770,0.016071
9.266667,-0.025106,0.036842,-0.023499,-0.260598,-1.186617,0.616857,-0.941578,0.011539,-0.023700,-0.199361,-0.756702,-0.034811,0.317724,-0.024629,0.020767
9.300000,-0.029503,0.047289,-0.024275,-0.262894,-1.180593,0.608845,-0.983815,0.014567,-0.015461,-0.200041,-0.747782,-0.034785,0.337220,-0.023971,0.036000
9.333333,-0.013899,0.045766,-0.004317,-0.264356,-1.186183,0.560832,-0.992738,0.008270,-0.007451,-0.197140,-0.765462,-0.023152,0.328332,-0.026299,0.035790
9.366667,-0.004079,0.040737,0.002872,-0.240336,-1.187282,0.474993,-0.961661,0.016164,0.010858,-0.211106,-0.765073,-0.005377,0.308676,-0.045540,0.021324
9.400000,-0.003207,0.054776,0.003485,-0.220029,-1.190989,0.389153,-0.891262,0.011358,0.012544,-0.199014,-0.752353,-0.022936,0.290249,-0.052093,0.034457
9.433333,0.001337,0.049890,0.014400,-0.221513,-1.201085,0.308833,-0.811686,0.008008,0.022736,-0.211641,-0.779633,-0.040496,0.293410,-0.034792,0.024124
9.466667,0.011016,0.042537,0.017715,-0.202818,-1.212595,0.235335,-0.724176,0.007967,0.014299,-0.226841,-0.800498,-0.040498,0.272818,-0.027605,0.011667
9.500000,0.014391,0.040477,0.014405,-0.210756,-1.242033,0.173187,-0.640681,0.006316,0.019682,-0.232110,-0.798288,-0.056147,0.258134,-0.023513,0.027442
9.533333,0.007930,0.042372,0.017732,-0.218684,-1.288997,0.130963,-0.561174,-0.004746,0.004957,-0.230023,-0.817600,-0.050008,0.264388,-0.014977,0.029453
9.566667,0.016153,0.034167,0.023794,-0.232878,-1.322709,0.102109,-0.500812,0.010643,0.011059,-0.245887,-0.874710,-0.026108,0.287864,-0.008023,0.019836
9.600000,0.018970,0.036976,0.032874,-0.245637,-1.344983,0.094307,-0.449946,0.018897,0.023843,-0.259978,-0.923037,-0.033319,0.296208,-0.013763,0.024767
9.633333,0.014372,0.030716,0.031647,-0.254441,-1.365353,0.088422,-0.433276,0.015713,0.023341,-0.235923,-0.948883,-0.036563,0.295204,-0.020749,0.024104
9.666667,0.012293,0.031560,0.036402,-0.240043,-1.369552,0.111190,-0.421672,0.020272,0.024135,-0.246264,-1.010935,-0.031900,0.322823,-0.024619,0.003638
9.700000,0.020298,0.026948,0.033013,-0.235227,-1.376545,0.140898,-0.446079,0.017545,0.009931,-0.257425,-1.068445,-0.045672,0.346063,-0.021264,0.000263
9.733333,0.012600,0.019785,0.028879,-0.232426,-1.383535,0.183153,-0.484934,0.007469,0.003131,-0.250909,-1.094563,-0.062942,0.350133,-0.016161,-0.000225
9.766667,0.005177,0.019966,0.014590,-0.215861,-1.378870,0.237782,-0.525402,0.007690,0.001132,-0.229003,-1.101028,-0.068483,0.362976,-0.022164,0.001873
9.800000,0.001267,0.029986,0.018471,-0.223430,-1.379262,0.294260,-0.561971,0.013237,0.014453,-0.222890,-1.134744,-0.071413,0.377321,-0.020829,0.010834
9.833333,-0.001718,0.026252,0.014917,-0.235761,-1.386326,0.326653,-0.607694,0.012562,0.009450,-0.207404,-1.152503,-0.070824,0.382643,-0.014865,0.016834
9.866667,-0.015695,0.023975,0.003158,-0.231302,-1.392791,0.353455,-0.628228,0.024780,0.014691,-0.181522,-1.134807,-0.071648,0.397261,-0.006125,0.026898
9.900000,-0.015297,0.035044,0.000230,-0.233650,-1.392791,0.374894,-0.642344,0.024963,0.009481,-0.178588,-1.148501,-0.080393,0.411774,-0.001095,0.028032
9.933333,-0.017331,0.032521,0.003754,-0.250297,-1.400144,0.369744,-0.663929,0.016685,-0.006983,-0.182100,-1.158636,-0.070418,0.400814,0.012652,0.022461
9.966667,-0.020207,0.030423,-0.016983,-0.252077,-1.389719,0.374398,-0.671901,0.028111,-0.017281,-0.205425,-1.170416,-0.063227,0.419541,0.023962,0.014056
10.000000,-0.014216,0.038609,-0.020394,-0.252278,-1.382065,0.369715,-0.659158,0.025211,-0.014913,-0.198124,-1.166356,-0.074916,0.414604,0.026407,0.022896
10.033333,-0.011411,0.045740,-0.011245,-0.257890,-1.382346,0.343758,-0.639947,0.017321,-0.005265,-0.208887,-1.190141,-0.063995,0.383214,0.014688,0.014416
10.066667,-0.017054,0.049150,-0.015363,-0.242637,-1.382346,0.297246,-0.608448,0.011508,0.003975,-0.218743,-1.187484,-0.046612,0.359927,0.007171,0.010526
10.100000,-0.016005,0.053271,-0.011418,-0.238265,-1.382346,0.278379,-0.575643,0.007503,0.012593,-0.227362,-1.194334,-0.068568,0.367117,0.008015,0.021201
10.133333,-0.011411,0.048422,0.008423,-0.230863,-1.386355,0.224958,-0.537458,-0.010110,0.012909,-0.214869,-1.175699,-0.071873,0.336219,-0.005609,0.021195
10.166667,-0.016821,0.058823,0.011610,-0.226896,-1.379851,0.202233,-0.501992,-0.016353,0.015240,-0.223906,-1.154836,-0.067104,0.328972,-0.017099,0.022441
10.200000,-0.019724,0.057205,0.017905,-0.228917,-1.368288,0.186849,-0.483301,-0.009851,0.013105,-0.221192,-1.132991,-0.082394,0.314553,-0.021090,0.034135
10.233333,-0.005982,0.040116,0.021674,-0.238957,-1.356772,0.181523,-0.475820,-0.006574,0.001385,-0.223741,-1.133646,-0.087518,0.307158,-0.019354,0.034525
10.266667,0.001488,0.039298,0.017890,-0.227959,-1.341799,0.153968,-0.451067,0.008219,0.007609,-0.223382,-1.131306,-0.061457,0.293755,-0.040723,0.027033
10.300000,0.007827,0.038146,0.012707,-0.222447,-1.346094,0.151166,-0.443245,0.011478,0.002665,-0.230068,-1.114450,-0.068494,0.301253,-0.041636,0.030833
10.333333,0.010206,0.020952,0.021016,-0.232568,-1.343314,0.128344,-0.447632,0.021117,0.006339,-0.234490,-1.122925,-0.052346,0.314280,-0.033847,0.019788
10.366667,0.024656,0.015439,0.017996,-0.241115,-1.335482,0.098179,-0.449108,0.016710,0.009518,-0.258773,-1.106251,-0.030393,0.366833,-0.041854,-0.002009
10.400000,0.014171,0.019681,0.016025,-0.241248,-1.331861,0.092192,-0.453495,0.023984,0.016794,-0.253906,-1.076814,-0.018965,0.388695,-0.043068,-0.000988
10.433333,0.011081,0.018288,0.023147,-0.236030,-1.314233,0.108433,-0.462634,0.012413,0.008732,-0.250140,-1.032861,-0.031937,0.397348,-0.024208,-0.006569
10.466667,0.019384,0.021816,0.026247,-0.210237,-1.277270,0.139235,-0.454680,0.021789,0.017176,-0.237277,-0.998088,-0.028625,0.405779,-0.029133,0.001284
10.500000,0.026779,0.029065,0.029753,-0.186638,-1.261307,0.152782,-0.467592,0.018271,0.005295,-0.217629,-0.947195,-0.031185,0.408880,-0.030938,0.008837
10.533333,0.004814,0.035974,0.020316,-0.163336,-1.256910,0.166329,-0.495009,0.011894,-0.001262,-0.170452,-0.894588,-0.031407,0.411981,-0.020416,0.025826
10.566667,-0.002821,0.049390,0.017713,-0.167672,-1.228256,0.162270,-0.533417,0.008474,0.013130,-0.151378,-0.851497,-0.026362,0.455082,-0.023160,0.041053
10.600000,-0.000353,0.054626,0.017020,-0.175654,-1.215677,0.135023,-0.571219,0.008046,0.023448,-0.125249,-0.829780,-0.015630,0.526924,-0.023414,0.051768
10.633333,-0.016030,0.047290,0.009341,-0.182269,-1.214189,0.074638,-0.632076,0.004513,0.012703,-0.107303,-0.801991,0.004930,0.618087,-0.015701,0.040718
10.666667,-0.011914,0.045224,-0.012229,-0.160475,-1.195369,0.045862,-0.689250,0.011921,0.019942,-0.085500,-0.795029,0.010650,0.718087,-0.010252,0.038136
10.700000,-0.000576,0.043054,0.001365,-0.149715,-1.168643,0.022891,-0.749712,0.016003,0.021874,-0.081120,-0.793396,0.014484,0.818087,-0.004805,0.039038
10.733333,0.011582,0.029785,0.005140,-0.102511,-1.152358,-0.009786,-0.807381,0.015281,0.009068,-0.069054,-0.790158,0.024483,0.910570,-0.003933,0.022584
10.766667,0.006084,0.030800,-0.002211,-0.075732,-1.157461,-0.019276,-0.877487,0.013318,0.009302,-0.065313,-0.784637,0.042935,1.003054,-0.002936,0.022077
10.800000,0.012174,0.032217,0.004194,-0.057586,-1.158537,-0.034941,-0.947593,0.008120,0.010541,-0.049163,-0.788066,0.043034,1.071622,-0.002225,0.022409
10.833333,0.008796,0.033728,0.017521,-0.064358,-1.152073,-0.065357,-1.002898,-0.003105,0.010822,-0.053057,-0.785182,0.042784,1.103485,-0.003944,0.025250
10.866667,-0.000294,0.041823,0.013043,-0.061493,-1.146257,-0.079026,-1.018204,-0.000782,0.020288,-0.047635,-0.789100,0.031764,1.107374,-0.010571,0.012230
10.900000,-0.005879,0.045273,0.014268,-0.067277,-1.168739,-0.066770,-1.022450,0.000656,0.018775,-0.041632,-0.801812,0.018099,1.091363,-0.007677,0.010571
10.933333,-0.005930,0.038372,0.022249,-0.077944,-1.169444,-0.082970,-1.012017,0.006090,0.016163,-0.041987,-0.835434,0.000185,1.042950,-0.002852,0.010921
10.966667,-0.007565,0.047457,0.011531,-0.092216,-1.199144,-0.081525,-0.961585,0.004276,0.020803,-0.061761,-0.889690,-0.016035,0.981059,-0.012504,0.015748
11.000000,-0.020174,0.044379,0.007015,-0.098752,-1.245506,-0.056938,-0.889636,0.007975,0.015121,-0.058365,-0.954514,-0.029532,0.915875,-0.014976,0.012069
11.033333,-0.002777,0.036451,0.005991,-0.111467,-1.285380,-0.044424,-0.817688,0.000184,0.001798,-0.074419,-1.047206,-0.038564,0.841825,-0.017874,0.010117
11.066667,0.004169,0.034964,-0.003603,-0.140489,-1.296649,-0.032414,-0.744119,0.001436,0.008911,-0.093150,-1.135083,-0.049590,0.775315,-0.040418,0.018326
11.100000,0.006165,0.035636,-0.008305,-0.146736,-1.329695,-0.008496,-0.686703,-0.000100,-0.001966,-0.089102,-1.189658,-0.066895,0.701205,-0.049993,0.017253
11.133333,0.008753,0.025133,-0.003635,-0.153113,-1.323446,0.028719,-0.653787,-0.004280,-0.008577,-0.091488,-1.221316,-0.085121,0.640051,-0.039751,0.002765
11.166667,0.022956,0.021966,-0.004984,-0.163483,-1.305829,0.039359,-0.660871,-0.010698,-0.018270,-0.110047,-1.249991,-0.091557,0.592882,-0.045451,-0.001259
11.200000,0.018163,0.020248,-0.003376,-0.166892,-1.307410,0.057027,-0.696838,-0.005594,-0.014352,-0.110407,-1.259439,-0.099129,0.569799,-0.037689,0.007061
11.233333,0.013070,0.027151,0.009601,-0.151795,-1.310024,0.082353,-0.733161,-0.003205,-0.021394,-0.108729,-1.255138,-0.108923,0.555103,-0.014964,0.006006
11.266667,0.032952,0.041012,0.018908,-0.161130,-1.285106,0.093221,-0.787793,0.002276,0.003333,-0.102530,-1.280205,-0.106313,0.578064,-0.020043,0.010634
11.300000,0.036159,0.047227,0.029481,-0.164287,-1.294701,0.076358,-0.857924,0.005472,0.011143,-0.093490,-1.295499,-0.101854,0.586301,-0.023764,0.018889
11.333333,0.029774,0.050878,0.020295,-0.152204,-1.289760,0.062002,-0.928056,0.018998,0.017333,-0.072784,-1.295232,-0.090077,0.620553,-0.018080,0.024341
11.366667,0.026208,0.063281,0.021916,-0.162086,-1.280636,0.057395,-1.009305,0.009044,0.028860,-0.057969,-1.286962,-0.088256,0.667557,-0.018086,0.030072
11.400000,0.031822,0.053885,0.021368,-0.178017,-1.289557,0.012789,-1.105668,0.002761,0.025426,-0.035011,-1.272172,-0.077783,0.726053,-0.018694,0.027036
11.433333,0.018766,0.044087,0.005480,-0.184273,-1.299702,-0.008310,-1.205668,-0.004356,0.010900,-0.039195,-1.229050,-0.062990,0.786891,-0.006247,0.024260
11.466667,0.015023,0.045417,-0.008686,-0.204494,-1.294411,-0.023661,-1.305668,-0.001068,0.004995,-0.011533,-1.204862,-0.056884,0.886891,-0.009945,0.036284
11.500000,0.013255,0.043492,0.004342,-0.232644,-1.307459,-0.040400,-1.398535,-0.006936,0.012220,0.007151,-1.190820,-0.047575,0.986891,-0.011602,0.032613
11.533333,0.014934,0.036250,-0.001276,-0.224080,-1.317052,-0.058113,-1.471401,0.003983,0.008370,0.026879,-1.191474,-0.031672,1.086891,-0.014455,0.027499
11.566667,0.011732,0.033244,-0.004613,-0.239461,-1.327308,-0.048314,-1.524267,0.011310,0.019182,0.035503,-1.191860,-0.020148,1.186891,-0.025495,0.033917
11.600000,0.007936,0.026797,0.000366,-0.249306,-1.326170,-0.050800,-1.557134,0.008663,0.010271,0.056640,-1.206429,-0.005311,1.286891,-0.030452,0.026415
11.633333,0.010985,0.020925,0.010866,-0.260930,-1.305251,-0.040706,-1.570000,0.001681,0.012996,0.045103,-1.202064,0.003723,1.363613,-0.025144,0.009047
11.666667,0.010944,0.025024,0.003913,-0.275028,-1.279420,-0.005155,-1.567059,0.002282,0.016622,0.025730,-1.206095,0.002689,1.423524,-0.028885,0.002593
11.700000,0.010988,0.021640,0.006741,-0.307703,-1.266668,0.025208,-1.567059,-0.002289,0.008851,0.024310,-1.201362,0.020486,1.463572,-0.027380,-0.000362
11.733333,0.020151,0.021186,-0.001728,-0.313724,-1.242923,0.063747,-1.557525,-0.008121,0.001969,0.009557,-1.221979,0.025396,1.500194,-0.021528,-0.011040
11.766667,0.023950,0.023860,-0.010656,-0.335656,-1.256880,0.097126,-1.557525,-0.008229,0.001185,0.009431,-1.228331,0.023042,1.496815,-0.021641,-0.005344
11.800000,0.020192,0.027143,-0.011960,-0.367403,-1.291802,0.148966,-1.557525,-0.006340,0.001850,0.002797,-1.250033,0.017893,1.476715,-0.022474,-0.002028
11.833333,0.019483,0.021421,-0.002083,-0.400546,-1.311653,0.190064,-1.560465,-0.004668,-0.005066,-0.005407,-1.247668,0.010025,1.433426,-0.026343,0.012823
11.866667,0.020995,0.029411,0.001189,-0.451827,-1.321173,0.223708,-1.559539,-0.003034,0.007469,-0.032926,-1.266602,-0.011101,1.370000,-0.029253,0.017045
11.900000,0.012821,0.033250,0.011717,-0.490073,-1.345599,0.261664,-1.569074,-0.003011,0.005274,-0.042280,-1.249896,-0.040604,1.270000,-0.026623,0.017869
11.933333,0.009274,0.031384,0.022507,-0.511625,-1.350025,0.312694,-1.569074,0.002112,0.007796,-0.071633,-1.245539,-0.073276,1.170000,-0.026950,0.011725
11.966667,0.010479,0.026428,0.027419,-0.495782,-1.339327,0.323723,-1.549074,0.018912,0.004354,-0.101804,-1.265831,-0.105947,1.070000,-0.013423,0.007740
12.000000,0.012613,0.027356,0.027946,-0.456094,-1.366640,0.305495,-1.509074,0.021036,0.015558,-0.133736,-1.295284,-0.148409,0.970000,-0.007554,0.002676
12.033333,0.007006,0.019351,0.025519,-0.388058,-1.384283,0.285717,-1.450000,0.025251,0.004797,-0.153879,-1.311499,-0.180459,0.870000,0.002074,-0.000571
12.066667,-0.004528,0.022163,0.018606,-0.337692,-1.388136,0.255966,-1.370000,0.023772,0.009547,-0.178587,-1.326067,-0.209771,0.772355,0.015012,-0.003802
12.100000,-0.005779,0.022535,0.011774,-0.285316,-1.383194,0.213851,-1.270000,0.016539,0.009339,-0.197117,-1.352559,-0.244372,0.680658,0.020827,-0.000103
12.133333,-0.010808,0.026924,0.006071,-0.258117,-1.401204,0.182197,-1.170000,0.005687,0.012601,-0.197346,-1.363562,-0.242420,0.604458,0.010565,0.002501
12.166667,-0.032888,0.030713,-0.015539,-0.235500,-1.399886,0.190543,-1.070000,0.008926,-0.004131,-0.188649,-1.349471,-0.237956,0.555038,0.017804,-0.002794
12.200000,-0.031963,0.034846,-0.022974,-0.241232,-1.389027,0.205135,-0.970000,0.013350,-0.007579,-0.181832,-1.348619,-0.260955,0.521836,0.025106,0.010699
12.233333,-0.025399,0.030601,-0.016966,-0.242945,-1.389027,0.189701,-0.870000,0.016392,-0.011850,-0.177083,-1.364420,-0.251386,0.502036,0.016497,0.014610
12.266667,-0.034663,0.032339,-0.022063,-0.226669,-1.397822,0.159572,-0.770000,0.028425,-0.022865,-0.166427,-1.350210,-0.216529,0.489211,0.002861,0.019931
12.300000,-0.037766,0.043268,-0.021780,-0.225215,-1.397822,0.158559,-0.670000,0.030138,-0.014662,-0.168258,-1.351491,-0.218226,0.500890,0.006074,0.033239
12.333333,-0.021480,0.040970,-0.002837,-0.240269,-1.399140,0.133761,-0.570000,0.026386,-0.008531,-0.166365,-1.373247,-0.212110,0.491482,0.003664,0.031453
12.366667,-0.011839,0.037579,0.004293,-0.234352,-1.390000,0.107293,-0.470000,0.033992,0.009265,-0.177462,-1.363577,-0.195582,0.474051,-0.015669,0.018484
12.400000,-0.010490,0.052666,0.004336,-0.232280,-1.390000,0.105943,-0.398573,0.028164,0.010890,-0.161379,-1.336001,-0.213910,0.462401,-0.022372,0.030982
12.433333,-0.002365,0.048631,0.015541,-0.250935,-1.390000,0.120155,-0.350749,0.025811,0.022871,-0.169915,-1.346512,-0.232238,0.473030,-0.008394,0.019513
12.466667,0.005060,0.040821,0.018177,-0.248108,-1.383964,0.120792,-0.330427,0.025631,0.015758,-0.184264,-1.344136,-0.235613,0.461592,-0.003035,0.010314
12.500000,0.008596,0.039373,0.015296,-0.257013,-1.383964,0.122101,-0.331524,0.022484,0.021058,-0.185096,-1.322392,-0.253761,0.457929,0.001450,0.028102
12.533333,0.000451,0.040597,0.017886,-0.258892,-1.403964,0.125532,-0.342828,0.009262,0.009483,-0.177997,-1.332075,-0.245462,0.477150,0.011836,0.029032
12.566667,0.008975,0.032306,0.023914,-0.265725,-1.403964,0.115165,-0.346244,0.025522,0.015237,-0.193351,-1.364372,-0.222942,0.507550,0.019677,0.018936
12.600000,0.011167,0.036308,0.032100,-0.273486,-1.403964,0.114113,-0.335307,0.033544,0.026600,-0.207354,-1.376668,-0.228483,0.519858,0.014270,0.025996
12.633333,0.006488,0.029836,0.030366,-0.276913,-1.408125,0.103651,-0.333229,0.030725,0.025060,-0.184413,-1.371642,-0.227829,0.514233,0.004781,0.025491
12.666667,0.005421,0.030504,0.034416,-0.259493,-1.402415,0.116305,-0.309732,0.033531,0.025753,-0.197489,-1.391171,-0.218884,0.535140,-0.001726,0.004303
12.700000,0.013176,0.025664,0.030873,-0.251412,-1.395052,0.112924,-0.303331,0.032090,0.009493,-0.216025,-1.395245,-0.231864,0.537269,-0.000648,-0.000799
12.733333,0.004180,0.018755,0.026695,-0.247224,-1.395052,0.121851,-0.304596,0.022666,0.004688,-0.215556,-1.386811,-0.239924,0.520880,0.002441,-0.000102
12.766667,-0.002483,0.018876,0.012288,-0.225689,-1.384869,0.133426,-0.298658,0.020652,0.002981,-0.201287,-1.365695,-0.235334,0.508190,-0.004025,-0.001327
12.800000,-0.006273,0.029400,0.016154,-0.229969,-1.374391,0.144399,-0.284796,0.025307,0.015727,-0.199002,-1.372598,-0.229934,0.504814,0.001420,0.007143
12.833333,-0.011664,0.025296,0.012676,-0.235001,-1.379331,0.129885,-0.296398,0.026530,0.009203,-0.188538,-1.375607,-0.223939,0.492786,0.007246,0.012762
12.866667,-0.025353,0.023218,0.000962,-0.226425,-1.383279,0.132403,-0.296021,0.039841,0.015685,-0.163499,-1.354072,-0.217540,0.500110,0.015522,0.024216
12.900000,-0.023225,0.033291,-0.002404,-0.223498,-1.383278,0.130862,-0.294025,0.040959,0.010159,-0.160989,-1.360972,-0.221382,0.512425,0.019527,0.026035
12.933333,-0.024701,0.030976,0.001339,-0.237232,-1.392704,0.112645,-0.308775,0.034326,-0.006710,-0.161425,-1.364987,-0.213618,0.503929,0.032554,0.020533
12.966667,-0.026247,0.029168,-0.019411,-0.238534,-1.384300,0.118434,-0.320915,0.047014,-0.014205,-0.186822,-1.368293,-0.205838,0.526019,0.042077,0.009897
13.000000,-0.017344,0.038015,-0.022963,-0.242420,-1.375217,0.122430,-0.318582,0.044782,-0.008358,-0.180397,-1.360752,-0.215145,0.528528,0.045602,0.017917
13.033333,-0.014430,0.045485,-0.013069,-0.252660,-1.378633,0.106635,-0.313518,0.035140,0.002268,-0.186771,-1.380956,-0.203823,0.506042,0.033928,0.010372
13.066667,-0.021580,0.050646,-0.016378,-0.245013,-1.378633,0.090516,-0.309135,0.027108,0.010794,-0.191608,-1.377335,-0.189004,0.493547,0.026778,0.005923
13.100000,-0.021625,0.054497,-0.012508,-0.247062,-1.379390,0.102480,-0.308116,0.023247,0.018981,-0.198830,-1.385942,-0.210381,0.510093,0.028008,0.017933
13.133333,-0.018507,0.050429,0.007333,-0.246706,-1.385989,0.077596,-0.302249,0.004075,0.017010,-0.182561,-1.373914,-0.214240,0.486739,0.013848,0.021110
13.166667,-0.024101,0.061405,0.010859,-0.245387,-1.384421,0.079993,-0.292877,-0.002980,0.017934,-0.186146,-1.355652,-0.211367,0.480456,0.001517,0.022298
13.200000,-0.025394,0.059833,0.016886,-0.249114,-1.377583,0.093053,-0.297396,0.003677,0.014797,-0.183971,-1.344812,-0.230182,0.473006,-0.001713,0.032763
13.233333,-0.009478,0.042800,0.020272,-0.260291,-1.370137,0.100723,-0.302485,0.006650,0.003075,-0.187018,-1.349968,-0.236057,0.465097,0.001887,0.031553
13.266667,-0.000845,0.042093,0.016418,-0.251724,-1.360765,0.085728,-0.285416,0.022400,0.008979,-0.185202,-1.358463,-0.214690,0.456481,-0.017646,0.021084
13.300000,0.006455,0.040642,0.011747,-0.244781,-1.371973,0.094723,-0.280943,0.026133,0.004797,-0.192360,-1.355223,-0.227131,0.462821,-0.017121,0.024205
13.333333,0.007441,0.022810,0.019404,-0.255279,-1.379427,0.083381,-0.287336,0.035094,0.007948,-0.197565,-1.382562,-0.215425,0.474755,-0.007763,0.015504
13.366667,0.021106,0.016912,0.016294,-0.267086,-1.381160,0.061375,-0.285261,0.029922,0.009743,-0.223817,-1.391794,-0.196956,0.521198,-0.015095,-0.006342
13.400000,0.008291,0.019955,0.014010,-0.267952,-1.388606,0.060617,-0.281698,0.037892,0.017101,-0.222632,-1.391794,-0.192905,0.538920,-0.017560,-0.003807
13.433333,0.004347,0.018290,0.021576,-0.264050,-1.383918,0.082525,-0.282544,0.024953,0.009906,-0.222904,-1.379192,-0.206037,0.532076,0.000463,-0.006884
13.466667,0.011630,0.021100,0.024894,-0.242589,-1.360969,0.117289,-0.260767,0.033810,0.017743,-0.214538,-1.380219,-0.205271,0.520980,-0.004367,0.000267
13.500000,0.020102,0.027987,0.027939,-0.226013,-1.359036,0.132392,-0.257053,0.031400,0.005922,-0.201622,-1.373913,-0.209477,0.497845,-0.004796,0.006251
13.533333,-0.000897,0.034278,0.017614,-0.209530,-1.364141,0.147494,-0.263692,0.026209,-0.000179,-0.163789,-1.354458,-0.211437,0.460609,0.006432,0.023502
13.566667,-0.009138,0.046767,0.014795,-0.222121,-1.351093,0.158760,-0.278531,0.025431,0.012731,-0.155226,-1.352064,-0.209480,0.463372,0.003961,0.036840
13.600000,-0.005828,0.050483,0.014102,-0.242176,-1.359222,0.150265,-0.288959,0.024478,0.021282,-0.148590,-1.364667,-0.207917,0.477475,0.005502,0.046117
13.633333,-0.021149,0.043439,0.005359,-0.261927,-1.377121,0.113414,-0.318899,0.022767,0.010437,-0.150317,-1.367980,-0.194263,0.489902,0.015224,0.035451
13.666667,-0.017211,0.040780,-0.015558,-0.256386,-1.374516,0.116462,-0.315152,0.031764,0.016833,-0.151098,-1.374285,-0.199350,0.519934,0.019077,0.033736
13.700000,-0.006257,0.039053,-0.001274,-0.263781,-1.373231,0.128830,-0.314001,0.036422,0.018897,-0.167757,-1.392522,-0.209211,0.530386,0.024352,0.034471
13.733333,0.007306,0.027425,0.003179,-0.237924,-1.373897,0.121930,-0.295697,0.033703,0.008682,-0.175512,-1.394916,-0.209243,0.506999,0.025400,0.017792
13.766667,0.000224,0.030196,-0.004798,-0.228157,-1.379828,0.133097,-0.291398,0.032696,0.009800,-0.182827,-1.394460,-0.195728,0.508503,0.024477,0.017775
13.800000,0.004624,0.030881,0.002353,-0.229274,-1.387828,0.138058,-0.292366,0.028245,0.010645,-0.175893,-1.398217,-0.203254,0.512048,0.023514,0.018338
13.833333,-0.000701,0.033603,0.016198,-0.249944,-1.387378,0.119657,-0.299675,0.017051,0.011606,-0.185080,-1.390761,-0.204405,0.486289,0.022061,0.021586
13.866667,-0.011400,0.041399,0.011934,-0.253425,-1.377628,0.112981,-0.279941,0.019618,0.021005,-0.181407,-1.374780,-0.208401,0.477224,0.013813,0.010473
13.900000,-0.018015,0.043930,0.013330,-0.261333,-1.390010,0.125742,-0.278657,0.020838,0.017482,-0.177977,-1.368695,-0.214492,0.487354,0.017524,0.011048
13.933333,-0.016379,0.037698,0.021405,-0.270250,-1.386244,0.106732,-0.283447,0.027253,0.014793,-0.180561,-1.369151,-0.218727,0.484396,0.022148,0.012802
13.966667,-0.017647,0.047543,0.010836,-0.269900,-1.386244,0.091485,-0.273696,0.023716,0.020570,-0.200135,-1.361997,-0.214033,0.498607,0.012494,0.016954
14.000000,-0.030002,0.044367,0.005883,-0.253998,-1.395199,0.094448,-0.277076,0.024641,0.015868,-0.193982,-1.364206,-0.203790,0.504751,0.009816,0.011308
14.033333,-0.010941,0.036556,0.004985,-0.247155,-1.399474,0.078247,-0.285433,0.015247,0.005275,-0.205641,-1.384344,-0.192041,0.517343,0.008756,0.006803
14.066667,-0.004925,0.035347,-0.004550,-0.253487,-1.380912,0.061616,-0.284650,0.018539,0.015423,-0.216160,-1.390429,-0.185119,0.530434,-0.013944,0.014795
14.100000,-0.002646,0.035666,-0.008951,-0.243044,-1.384678,0.060246,-0.281888,0.016054,0.007058,-0.202353,-1.384636,-0.188815,0.522028,-0.023103,0.012749
14.133333,-0.000040,0.025137,-0.004159,-0.238724,-1.365566,0.077945,-0.277324,0.011146,0.000704,-0.192183,-1.379717,-0.196264,0.505003,-0.013854,-0.001715
14.166667,0.015731,0.022231,-0.005415,-0.249090,-1.343393,0.073941,-0.287443,0.006948,-0.009136,-0.199195,-1.382550,-0.200081,0.500611,-0.019399,-0.005766
14.200000,0.010867,0.021928,-0.004041,-0.253339,-1.343350,0.085294,-0.294538,0.012904,-0.007527,-0.191579,-1.382550,-0.204818,0.497925,-0.013141,0.003095
14.233333,0.007452,0.029730,0.008532,-0.242685,-1.347517,0.105642,-0.286066,0.013235,-0.014281,-0.183830,-1.382550,-0.212595,0.492793,0.009125,0.001010
14.266667,0.026294,0.043191,0.018935,-0.254612,-1.326560,0.121401,-0.259493,0.020213,0.010919,-0.176100,-1.388343,-0.215637,0.513468,0.004236,0.007134
14.300000,0.028228,0.049493,0.029029,-0.263983,-1.342300,0.117513,-0.253534,0.024699,0.019301,-0.170071,-1.399143,-0.217373,0.515516,0.002962,0.016611
14.333333,0.020485,0.053147,0.020233,-0.253428,-1.344117,0.120087,-0.235395,0.038556,0.025031,-0.158585,-1.401556,-0.213107,0.532548,0.007185,0.024644
14.366667,0.014917,0.064776,0.021920,-0.262928,-1.342488,0.144847,-0.219337,0.029351,0.037714,-0.158711,-1.400005,-0.223755,0.558414,0.008108,0.032142
14.400000,0.018636,0.054122,0.020986,-0.271639,-1.356883,0.134195,-0.229218,0.023782,0.031803,-0.155832,-1.394701,-0.228820,0.560871,0.007666,0.030138
14.433333,0.003100,0.045300,0.004145,-0.263138,-1.374420,0.139396,-0.265564,0.016433,0.016075,-0.178802,-1.376187,-0.224200,0.549767,0.019794,0.027489
14.466667,-0.000543,0.046370,-0.009565,-0.264636,-1.376918,0.144741,-0.288547,0.021134,0.010346,-0.169197,-1.368401,-0.231373,0.551814,0.014239,0.038314
14.500000,-0.005380,0.044186,0.003610,-0.274431,-1.397274,0.142388,-0.291745,0.014439,0.019167,-0.174016,-1.363437,-0.234710,0.544284,0.014595,0.034617
14.533333,-0.004645,0.036656,-0.000829,-0.246549,-1.405707,0.121766,-0.309260,0.027172,0.016135,-0.171980,-1.364988,-0.228841,0.505622,0.012295,0.029593
14.566667,-0.007989,0.033286,-0.002616,-0.245162,-1.405707,0.118371,-0.310498,0.035865,0.029951,-0.175602,-1.366467,-0.229041,0.506960,0.001103,0.036178
14.600000,-0.010950,0.024901,0.003323,-0.242111,-1.409127,0.099428,-0.300006,0.037120,0.021365,-0.165516,-1.379465,-0.230658,0.500949,-0.002541,0.028441
14.633333,-0.006704,0.019296,0.014521,-0.241331,-1.390000,0.092233,-0.282209,0.031471,0.023663,-0.185920,-1.370181,-0.233297,0.498472,0.003471,0.011073
14.666667,-0.003777,0.022036,0.007827,-0.236905,-1.365172,0.113229,-0.277542,0.034689,0.026098,-0.204159,-1.369631,-0.244107,0.500279,-0.000844,0.002773
14.700000,-0.002919,0.017844,0.010956,-0.249643,-1.360343,0.113235,-0.273399,0.031306,0.017704,-0.204262,-1.362226,-0.237105,0.508245,0.000167,-0.000585
14.733333,0.007217,0.017929,0.002774,-0.238525,-1.354411,0.121805,-0.249602,0.026889,0.010249,-0.218865,-1.366052,-0.234916,0.516211,0.006330,-0.009952
14.766667,0.009539,0.021138,-0.007064,-0.235545,-1.354411,0.112864,-0.245492,0.025115,0.009874,-0.218827,-1.371566,-0.230536,0.514978,0.005640,-0.005790
14.800000,0.003424,0.024129,-0.008734,-0.232753,-1.373186,0.112979,-0.248541,0.026443,0.010805,-0.208694,-1.388930,-0.215091,0.517875,0.004184,-0.002700
14.833333,-0.000472,0.018839,0.000099,-0.236943,-1.376790,0.084417,-0.258418,0.026864,0.006424,-0.198221,-1.383737,-0.198548,0.513188,0.002018,0.014033
14.866667,0.000207,0.026813,0.002606,-0.262364,-1.369241,0.064396,-0.256584,0.025837,0.017680,-0.202411,-1.391142,-0.187745,0.533475,-0.000848,0.019343
14.900000,-0.010542,0.030414,0.012271,-0.276490,-1.373640,0.053996,-0.279152,0.021219,0.013265,-0.185949,-1.382750,-0.181368,0.515357,0.003304,0.018561
14.933333,-0.014605,0.028361,0.023470,-0.280236,-1.372107,0.063977,-0.287298,0.021402,0.013988,-0.189487,-1.374358,-0.184636,0.516127,0.004364,0.013392
14.966667,-0.007032,0.023603,0.027255,-0.257416,-1.351798,0.044384,-0.308954,0.031000,0.010215,-0.210778,-1.354117,-0.163267,0.535091,0.009167,0.014227
15.000000,0.002498,0.025094,0.027536,-0.212823,-1.349566,0.013468,-0.345734,0.024791,0.018739,-0.233169,-1.332880,-0.127384,0.576685,0.004487,0.014276
15.033333,0.001766,0.016754,0.024580,-0.146095,-1.337433,-0.026152,-0.411426,0.019367,0.009076,-0.245002,-1.308320,-0.077265,0.618279,0.004453,0.013681
15.066667,-0.004550,0.018477,0.017863,-0.101582,-1.317210,-0.075708,-0.491426,0.013693,0.014337,-0.266981,-1.276402,-0.021547,0.698279,0.004703,0.017465
15.100000,-0.001465,0.018996,0.010628,-0.061313,-1.282269,-0.125599,-0.591426,0.001772,0.013728,-0.282478,-1.257200,0.028805,0.798279,-0.000205,0.025086
15.133333,-0.007475,0.021561,0.004627,-0.041853,-1.282168,-0.170448,-0.691426,-0.013061,0.015977,-0.280113,-1.261645,0.079156,0.898279,-0.009381,0.027908
15.166667,-0.031328,0.022807,-0.017291,-0.029787,-1.279414,-0.175298,-0.791426,-0.011147,-0.002518,-0.272485,-1.251027,0.102728,0.998279,-0.003218,0.021218
15.200000,-0.031015,0.027182,-0.025392,-0.039857,-1.268420,-0.152441,-0.891426,-0.005840,-0.006951,-0.270721,-1.253026,0.089082,1.098279,0.005382,0.035389
15.233333,-0.025082,0.023644,-0.021208,-0.041092,-1.271387,-0.158695,-0.991426,-0.005734,-0.011920,-0.271416,-1.275540,0.099717,1.198280,-0.000919,0.037526
15.266667,-0.031912,0.023779,-0.027659,-0.022677,-1.300534,-0.177219,-1.091426,0.005962,-0.022130,-0.270185,-1.272266,0.134662,1.298280,-0.015029,0.043219
15.300000,-0.035449,0.033805,-0.027933,-0.023454,-1.308804,-0.160783,-1.191426,0.009592,-0.013527,-0.287956,-1.285343,0.129606,1.392624,-0.012867,0.058949
15.333333,-0.018962,0.032264,-0.009001,-0.047586,-1.322768,-0.149672,-1.272574,0.003725,-0.005587,-0.307144,-1.322975,0.116047,1.466968,-0.013948,0.058296
15.366667,-0.012662,0.026820,-0.002038,-0.053520,-1.326026,-0.132849,-1.313721,0.010717,0.010722,-0.354385,-1.340087,0.099706,1.511536,-0.032084,0.044392
15.400000,-0.011782,0.040404,-0.001048,-0.067746,-1.332567,-0.076978,-1.317145,0.005621,0.010863,-0.397586,-1.336231,0.043365,1.543763,-0.039873,0.056471
15.433333,-0.007337,0.036091,0.011398,-0.108992,-1.339894,0.008576,-1.294289,0.002166,0.021643,-0.469195,-1.365450,-0.051918,1.558107,-0.023308,0.047312
15.466667,-0.001385,0.028404,0.014570,-0.132239,-1.349017,0.094130,-1.251626,0.001564,0.011512,-0.540803,-1.376319,-0.147202,1.558107,-0.016157,0.035908
15.500000,0.000137,0.027317,0.012526,-0.164599,-1.361264,0.185008,-1.205125,0.001781,0.015570,-0.612640,-1.363620,-0.247202,1.552748,-0.011727,0.052023
15.533333,-0.006280,0.029318,0.015420,-0.194813,-1.393512,0.282468,-1.167409,-0.008948,0.003416,-0.659320,-1.367119,-0.347202,1.558970,-0.003784,0.054526
15.566667,0.002243,0.021571,0.021117,-0.231464,-1.405759,0.379927,-1.149156,0.005634,0.010318,-0.698611,-1.388770,-0.447202,1.561087,0.004093,0.044054
15.600000,0.006386,0.025174,0.028812,-0.265362,-1.405759,0.476649,-1.129734,0.013322,0.022034,-0.712417,-1.388437,-0.547202,1.555234,-0.003174,0.048503
15.633333,0.004896,0.020270,0.028021,-0.296608,-1.404993,0.560329,-1.122761,0.011088,0.023089,-0.689586,-1.366452,-0.647202,1.529382,-0.013341,0.048134
15.666667,0.004868,0.020592,0.031892,-0.297987,-1.398589,0.644009,-1.098479,0.013595,0.023760,-0.682830,-1.360040,-0.747202,1.521719,-0.018454,0.025828
15.700000,0.014467,0.016306,0.028910,-0.302463,-1.389813,0.690187,-1.096270,0.010659,0.009829,-0.688842,-1.348293,-0.847202,1.511297,-0.016217,0.021401
15.733333,0.006021,0.009294,0.025307,-0.306068,-1.389633,0.717511,-1.096865,0.003213,0.005731,-0.675958,-1.318467,-0.947202,1.483652,-0.012467,0.021825
15.766667,-0.000971,0.010099,0.012260,-0.287557,-1.377059,0.735953,-1.084911,0.002667,0.004284,-0.665863,-1.277599,-1.047202,1.460595,-0.019523,0.022594
15.800000,-0.004883,0.020104,0.016933,-0.289698,-1.368805,0.743361,-1.069640,0.007715,0.017836,-0.667073,-1.273802,-1.147202,1.451527,-0.016076,0.031905
15.833333,-0.007752,0.017250,0.013171,-0.292323,-1.373268,0.722226,-1.078932,0.009569,0.011993,-0.660531,-1.273538,-1.247202,1.439804,-0.012928,0.040322
15.866667,-0.020997,0.016817,0.001730,-0.280994,-1.378324,0.716238,-1.068097,0.025083,0.018043,-0.631007,-1.242930,-1.324104,1.436257,-0.005328,0.051190
15.900000,-0.017604,0.027617,-0.001206,-0.274741,-1.378504,0.707576,-1.059676,0.026978,0.011960,-0.624625,-1.248449,-1.391045,1.446211,-0.002416,0.051989
15.933333,-0.018948,0.024722,0.001968,-0.287021,-1.389435,0.681036,-1.068000,0.019375,-0.005881,-0.624537,-1.252787,-1.422546,1.438304,0.009847,0.044972
15.966667,-0.021137,0.021729,-0.019167,-0.284539,-1.381053,0.676174,-1.068798,0.031340,-0.013987,-0.644870,-1.260054,-1.424932,1.453784,0.020365,0.035656
16.000000,-0.014437,0.029058,-0.022092,-0.285948,-1.373390,0.665758,-1.052025,0.029293,-0.009071,-0.632955,-1.256510,-1.427225,1.450360,0.024844,0.041503
16.033333,-0.010939,0.034177,-0.013608,-0.290158,-1.377110,0.637696,-1.034303,0.017859,0.001519,-0.634682,-1.281675,-1.413789,1.425059,0.013093,0.032350
16.066667,-0.018291,0.036881,-0.019159,-0.273986,-1.377110,0.601385,-1.014062,0.009744,0.009744,-0.635654,-1.282884,-1.389329,1.407583,0.006409,0.029383
16.100000,-0.017475,0.041182,-0.015577,-0.271990,-1.378753,0.595112,-0.995871,0.006345,0.018649,-0.633442,-1.296340,-1.389910,1.414258,0.009089,0.041844
16.133333,-0.013547,0.036804,0.003441,-0.266978,-1.389417,0.552464,-0.975486,-0.011954,0.016690,-0.612365,-1.286003,-1.383768,1.383901,-0.004898,0.043139
16.166667,-0.019044,0.047526,0.007351,-0.263572,-1.390396,0.543914,-0.952656,-0.019480,0.018810,-0.610268,-1.271749,-1.360790,1.368650,-0.017732,0.045434
16.200000,-0.022815,0.045496,0.013578,-0.268106,-1.387225,0.548624,-0.953099,-0.012459,0.014433,-0.603319,-1.263124,-1.367730,1.360888,-0.021221,0.057041
16.233333,-0.007454,0.030456,0.019323,-0.282094,-1.384437,0.553621,-0.953455,-0.007977,0.004029,-0.599244,-1.273824,-1.356629,1.349010,-0.017046,0.056355
16.266667,0.001008,0.028378,0.015391,-0.269147,-1.380134,0.535784,-0.935019,0.004965,0.010656,-0.590493,-1.290775,-1.320087,1.342646,-0.037023,0.046185
16.300000,0.005859,0.027927,0.010444,-0.261827,-1.391113,0.542779,-0.928913,0.008044,0.006557,-0.585665,-1.291534,-1.293043,1.354044,-0.036646,0.048652
16.333333,0.007087,0.010614,0.017795,-0.271782,-1.399738,0.528608,-0.932158,0.017212,0.009253,-0.574394,-1.325546,-1.242927,1.374008,-0.027093,0.038662
16.366667,0.021076,0.007525,0.015625,-0.278681,-1.402909,0.501178,-0.917175,0.012657,0.012392,-0.577141,-1.339607,-1.161719,1.421141,-0.033047,0.017547
16.400000,0.007828,0.011151,0.013275,-0.275749,-1.405697,0.489767,-0.904030,0.018349,0.019131,-0.553001,-1.352002,-1.079537,1.448569,-0.034876,0.019693
16.433333,0.003087,0.011578,0.020783,-0.270312,-1.406858,0.500357,-0.890886,0.006844,0.010811,-0.524077,-1.340110,-0.993196,1.455911,-0.016088,0.015851
16.466667,0.010035,0.015971,0.024868,-0.247271,-1.391426,0.520789,-0.852639,0.015695,0.018249,-0.489197,-1.345809,-0.893196,1.461132,-0.020553,0.023965
16.500000,0.016165,0.023065,0.028229,-0.221521,-1.391426,0.522387,-0.831161,0.012369,0.004730,-0.449353,-1.343291,-0.793196,1.459256,-0.019593,0.029733
16.533333,-0.007370,0.027470,0.018223,-0.197782,-1.391426,0.523985,-0.823047,0.006476,-0.002569,-0.390218,-1.331074,-0.693196,1.444906,-0.010127,0.046085
16.566667,-0.016619,0.039176,0.015452,-0.202485,-1.388492,0.516828,-0.823134,0.004558,0.009624,-0.371084,-1.325151,-0.593196,1.464523,-0.009991,0.060056
16.600000,-0.014380,0.042910,0.015212,-0.220383,-1.391634,0.490085,-0.823220,0.006138,0.017701,-0.369041,-1.345151,-0.524098,1.477647,-0.007592,0.070871
16.633333,-0.030618,0.036335,0.006291,-0.238996,-1.407067,0.443270,-0.842053,0.005310,0.006173,-0.388670,-1.353348,-0.494999,1.474788,0.002416,0.059660
16.666667,-0.026053,0.033690,-0.015678,-0.241234,-1.407067,0.436455,-0.837172,0.015008,0.013646,-0.422855,-1.363958,-0.505901,1.472779,0.005873,0.059182
16.700000,-0.014256,0.032479,-0.001329,-0.259108,-1.407067,0.445702,-0.837173,0.019738,0.017049,-0.479072,-1.376642,-0.556802,1.445128,0.012857,0.060086
16.733333,-0.000519,0.020190,0.002292,-0.243297,-1.405479,0.449101,-0.820165,0.018616,0.005466,-0.523515,-1.374845,-0.647704,1.384387,0.011718,0.044387
16.766667,-0.006147,0.022542,-0.005017,-0.239216,-1.405479,0.472920,-0.815921,0.016754,0.007621,-0.559015,-1.358054,-0.747704,1.359683,0.009054,0.043649
16.800000,0.001648,0.022542,0.001963,-0.242935,-1.405479,0.485800,-0.823485,0.012404,0.009292,-0.573197,-1.342187,-0.847704,1.353681,0.008251,0.044385
16.833333,-0.001200,0.024146,0.016391,-0.262456,-1.404301,0.474528,-0.832237,0.001143,0.011182,-0.596406,-1.312131,-0.947704,1.329533,0.006267,0.046145
16.866667,-0.009010,0.030260,0.012279,-0.264956,-1.400118,0.468335,-0.811240,0.003931,0.019482,-0.600914,-1.282643,-1.047704,1.327329,-0.002662,0.035175
16.900000,-0.013576,0.032896,0.014112,-0.272533,-1.404639,0.483652,-0.811204,0.005901,0.018508,-0.606500,-1.261062,-1.147704,1.349292,-0.000098,0.034509
16.933333,-0.011477,0.025697,0.021249,-0.281804,-1.404639,0.461992,-0.817114,0.013067,0.017248,-0.619951,-1.254422,-1.241248,1.354659,0.003502,0.035851
16.966667,-0.013946,0.034164,0.010096,-0.279800,-1.404639,0.444865,-0.811125,0.008475,0.022084,-0.650648,-1.244357,-1.319946,1.375239,-0.008355,0.040403
17.000000,-0.025695,0.031276,0.005783,-0.264843,-1.405816,0.447450,-0.816446,0.010529,0.016875,-0.651478,-1.243207,-1.382465,1.385580,-0.011296,0.037432
17.033333,-0.007618,0.024684,0.004398,-0.257492,-1.410000,0.433995,-0.832493,0.000970,0.005152,-0.673557,-1.260670,-1.426279,1.402205,-0.012827,0.033357
17.066667,0.000072,0.023762,-0.005599,-0.263786,-1.400315,0.415823,-0.833064,0.003481,0.013556,-0.688384,-1.276523,-1.446510,1.416764,-0.037287,0.041734
17.100000,0.002458,0.025123,-0.010055,-0.250220,-1.400315,0.415433,-0.833094,-0.001345,0.002190,-0.678034,-1.267489,-1.458492,1.410278,-0.045922,0.038827
17.133333,0.005647,0.016657,-0.004468,-0.246211,-1.388452,0.434234,-0.827106,-0.005828,-0.002568,-0.666986,-1.265410,-1.463016,1.385984,-0.035731,0.023835
17.166667,0.020000,0.014460,-0.005401,-0.255841,-1.374974,0.431885,-0.839873,-0.011523,-0.012508,-0.676591,-1.270282,-1.464337,1.379659,-0.041353,0.018356
17.200000,0.015772,0.013494,-0.003732,-0.259397,-1.374974,0.439775,-0.845890,-0.004595,-0.008853,-0.669203,-1.271013,-1.470090,1.374379,-0.035330,0.028252
17.233333,0.010026,0.021146,0.009668,-0.248832,-1.376806,0.458944,-0.837638,-0.005255,-0.015519,-0.660378,-1.263205,-1.472551,1.361207,-0.011542,0.024953
17.266667,0.028484,0.033780,0.019678,-0.261039,-1.363729,0.478410,-0.811215,0.001411,0.010362,-0.652918,-1.292806,-1.476460,1.381925,-0.017013,0.031573
17.300000,0.029649,0.037742,0.029979,-0.269167,-1.375592,0.474732,-0.805320,0.005011,0.016936,-0.647756,-1.312146,-1.485355,1.386539,-0.020060,0.040505
17.333333,0.020990,0.040114,0.019553,-0.255981,-1.376637,0.476461,-0.790802,0.018511,0.023575,-0.636088,-1.318217,-1.488471,1.407701,-0.014089,0.047884
17.366667,0.015399,0.050732,0.020736,-0.264156,-1.374994,0.502363,-0.776308,0.007248,0.035066,-0.635957,-1.315346,-1.494413,1.437711,-0.013632,0.055513
17.400000,0.019074,0.040560,0.019205,-0.269695,-1.382847,0.494470,-0.791645,0.003355,0.030168,-0.636197,-1.304664,-1.505612,1.448797,-0.015492,0.055147
17.433333,0.003435,0.032385,0.002972,-0.262460,-1.395924,0.497045,-0.832380,-0.001930,0.015397,-0.659025,-1.262631,-1.491970,1.433912,-0.002809,0.053095
17.466667,0.000317,0.033865,-0.010872,-0.265846,-1.395924,0.506818,-0.863833,0.002866,0.011012,-0.651415,-1.242307,-1.495643,1.441819,-0.007906,0.066563
17.500000,-0.001969,0.032016,0.002949,-0.277641,-1.408356,0.509149,-0.872419,-0.001651,0.017753,-0.658328,-1.230638,-1.500780,1.433913,-0.009139,0.064864
17.533333,-0.000276,0.025780,-0.001375,-0.250576,-1.410000,0.493180,-0.896282,0.010530,0.013794,-0.656641,-1.232541,-1.501227,1.394587,-0.011049,0.058410
17.566667,-0.002861,0.023540,-0.002957,-0.251659,-1.410000,0.493295,-0.904132,0.019467,0.027443,-0.660186,-1.233260,-1.501034,1.395261,-0.021933,0.063737
17.600000,-0.005722,0.015287,0.002712,-0.247164,-1.410000,0.480139,-0.902012,0.019109,0.018801,-0.654947,-1.245287,-1.516998,1.395873,-0.025948,0.055729
17.633333,-0.001663,0.009846,0.013570,-0.246826,-1.391336,0.474285,-0.889528,0.013836,0.021618,-0.678354,-1.236641,-1.524254,1.390446,-0.018202,0.036339
17.666667,0.000179,0.013459,0.007050,-0.245249,-1.371806,0.496057,-0.886673,0.016060,0.025665,-0.696847,-1.236740,-1.531094,1.391114,-0.022366,0.027507
17.700000,-0.000435,0.009355,0.009697,-0.259117,-1.371806,0.498458,-0.887226,0.013817,0.019448,-0.699742,-1.228315,-1.530473,1.401372,-0.022096,0.023539
17.733333,0.008814,0.009355,0.000587,-0.247198,-1.371806,0.509881,-0.865726,0.007941,0.012152,-0.716420,-1.245609,-1.536009,1.411631,-0.014179,0.013285
17.766667,0.012380,0.012602,-0.009531,-0.243917,-1.371806,0.503004,-0.867865,0.007458,0.011950,-0.716162,-1.251868,-1.541013,1.416881,-0.013991,0.018103
17.800000,0.007495,0.014852,-0.011642,-0.238655,-1.390470,0.505465,-0.874130,0.008763,0.011378,-0.710064,-1.268962,-1.537003,1.425160,-0.016381,0.022126
17.833333,0.004175,0.009696,-0.003133,-0.240489,-1.390714,0.481719,-0.889435,0.008465,0.005171,-0.705330,-1.261889,-1.534286,1.425746,-0.018890,0.037767
17.866667,0.004997,0.017855,-0.000544,-0.265736,-1.383510,0.464328,-0.889109,0.008620,0.016914,-0.711566,-1.276904,-1.527893,1.448162,-0.020851,0.042817
17.900000,-0.003923,0.020199,0.009602,-0.280343,-1.383510,0.454899,-0.912843,0.005673,0.013104,-0.700032,-1.255364,-1.529224,1.432581,-0.017798,0.044322
17.933333,-0.007569,0.017812,0.020870,-0.286118,-1.383510,0.465471,-0.917512,0.006608,0.014363,-0.708475,-1.246514,-1.533029,1.431791,-0.017384,0.039770
17.966667,-0.001906,0.017424,0.024580,-0.306127,-1.363510,0.486735,-0.937699,0.015865,0.007806,-0.691158,-1.225793,-1.514557,1.411219,-0.001972,0.029626
18.000000,0.005510,0.023271,0.025861,-0.342529,-1.351117,0.534205,-0.972503,0.011754,0.015063,-0.647432,-1.189239,-1.478907,1.373223,0.000044,0.019429
18.033333,0.005665,0.021325,0.022881,-0.378931,-1.326010,0.613479,-1.036930,0.008572,0.000465,-0.589663,-1.112684,-1.430532,1.295227,0.008785,0.008982
18.066667,-0.002218,0.030328,0.016601,-0.455333,-1.294043,0.693480,-1.116259,0.001211,-0.000408,-0.509663,-1.033271,-1.350531,1.215227,0.017133,-0.000577
18.100000,0.001030,0.037287,0.009961,-0.555333,-1.246712,0.793480,-1.190437,-0.008599,-0.005827,-0.409663,-0.969151,-1.250531,1.115227,0.021281,-0.002626
18.133333,-0.004667,0.044523,0.006226,-0.655333,-1.234501,0.893480,-1.246785,-0.020498,-0.006864,-0.318075,-0.924919,-1.150531,1.015227,0.009947,0.001617
18.166667,-0.027072,0.050042,-0.016511,-0.715333,-1.228465,0.993480,-1.263132,-0.016700,-0.026434,-0.251968,-0.883755,-1.050531,0.915227,0.020371,-0.006067
18.200000,-0.027410,0.055355,-0.024047,-0.764972,-1.213415,1.093480,-1.247616,-0.011422,-0.029183,-0.194953,-0.882591,-0.950531,0.815227,0.029296,0.009514
18.233333,-0.021466,0.052865,-0.018190,-0.781555,-1.214380,1.187961,-1.215950,-0.008119,-0.032657,-0.167410,-0.905343,-0.850531,0.715227,0.021932,0.013527
18.266667,-0.029330,0.056455,-0.023893,-0.758138,-1.239211,1.243061,-1.184169,0.001339,-0.043414,-0.148170,-0.892802,-0.750531,0.615227,0.007316,0.020174
18.300000,-0.032871,0.067050,-0.025252,-0.734721,-1.239855,1.295800,-1.153490,0.004216,-0.033153,-0.151788,-0.900374,-0.650531,0.543532,0.008316,0.033428
18.333333,-0.016531,0.063709,-0.004674,-0.725089,-1.240124,1.318131,-1.146641,-0.001000,-0.025851,-0.143858,-0.922728,-0.550531,0.480380,0.004842,0.035552
18.366667,-0.008401,0.058731,0.001633,-0.691127,-1.230039,1.300462,-1.131655,0.005434,-0.010221,-0.142137,-0.920408,-0.450531,0.457227,-0.016211,0.021697
18.400000,-0.007079,0.073142,-0.000280,-0.650221,-1.223595,1.248312,-1.132461,-0.000388,-0.009331,-0.110946,-0.893584,-0.350531,0.474075,-0.023355,0.032759
18.433333,-0.003075,0.066719,0.009721,-0.614650,-1.200572,1.195543,-1.138325,-0.002523,0.001097,-0.089148,-0.906760,-0.250531,0.530922,-0.009826,0.018661
18.466667,0.002829,0.057341,0.012059,-0.540620,-1.178607,1.105135,-1.136696,-0.004481,-0.006783,-0.069690,-0.898812,-0.176411,0.599464,-0.002503,0.006047
18.500000,0.005681,0.055487,0.007657,-0.476502,-1.179495,1.005827,-1.128925,-0.006584,-0.001443,-0.037134,-0.873014,-0.142291,0.699464,0.000160,0.022016
18.533333,-0.002992,0.056806,0.011173,-0.416686,-1.193014,0.924109,-1.132167,-0.019836,-0.013829,-0.004893,-0.868637,-0.111757,0.799464,0.006859,0.021976
18.566667,0.003790,0.046669,0.016776,-0.384543,-1.186748,0.857545,-1.127398,-0.006301,-0.007597,0.003977,-0.896012,-0.090905,0.899464,0.016448,0.012896
18.600000,0.004973,0.049144,0.024679,-0.371833,-1.185429,0.825980,-1.125607,0.000421,0.005939,0.001529,-0.898665,-0.084048,0.999464,0.009730,0.018361
18.633333,0.000868,0.043575,0.022572,-0.378283,-1.174816,0.818870,-1.148037,-0.000889,0.006621,0.030013,-0.882442,-0.054221,1.099464,0.003021,0.019098
18.666667,-0.001920,0.044366,0.025786,-0.381910,-1.145138,0.851070,-1.160257,0.001708,0.006144,0.019330,-0.897056,-0.004269,1.199464,-0.001629,-0.003470
18.700000,0.006634,0.039641,0.021630,-0.401155,-1.117598,0.884561,-1.201463,0.000045,-0.007496,-0.000998,-0.908492,0.032729,1.262850,0.003486,-0.004956
18.733333,-0.000470,0.032055,0.018695,-0.419714,-1.100168,0.918214,-1.238992,-0.006919,-0.011349,-0.007191,-0.896215,0.055927,1.286945,0.007252,-0.005226
18.766667,-0.003064,0.032922,0.006030,-0.419792,-1.074623,0.943834,-1.260345,-0.006398,-0.013183,-0.007200,-0.883244,0.066229,1.271039,0.000327,-0.006299
18.800000,-0.003469,0.042213,0.010718,-0.439171,-1.061645,0.960647,-1.272228,-0.001956,0.000796,-0.024910,-0.910273,0.060076,1.215133,-0.000327,0.003626
18.833333,-0.005910,0.037825,0.007833,-0.450422,-1.064009,0.951288,-1.305500,-0.002750,-0.004271,-0.036323,-0.932833,0.050352,1.119228,0.003615,0.011960
18.866667,-0.016618,0.032655,-0.003249,-0.445768,-1.070292,0.941067,-1.310358,0.010935,0.002505,-0.032243,-0.921825,0.034035,1.019936,0.010034,0.021398
18.900000,-0.012826,0.044207,-0.006677,-0.451304,-1.070807,0.935170,-1.319786,0.011510,-0.003926,-0.047741,-0.942777,0.009763,0.919936,0.013136,0.024790
18.933333,-0.015986,0.042801,-0.002749,-0.469672,-1.081579,0.914312,-1.342337,0.004181,-0.019282,-0.063171,-0.959829,0.007211,0.819936,0.028081,0.021413
18.966667,-0.018204,0.041395,-0.023940,-0.479049,-1.077085,0.917805,-1.359039,0.016181,-0.028428,-0.097389,-0.976882,0.004537,0.751631,0.037832,0.013671
19.000000,-0.009421,0.049805,-0.026784,-0.493841,-1.072986,0.923264,-1.361598,0.015407,-0.021999,-0.097904,-0.977980,-0.014690,0.688953,0.041390,0.020545
19.033333,-0.005223,0.060741,-0.018262,-0.515016,-1.084855,0.911394,-1.368789,0.005617,-0.014171,-0.109788,-1.006752,-0.011145,0.629183,0.031123,0.011001
19.066667,-0.009923,0.065174,-0.022007,-0.521465,-1.102302,0.904901,-1.373232,-0.001841,-0.005233,-0.120173,-1.010633,0.001054,0.596240,0.021784,0.003443
19.100000,-0.006305,0.068300,-0.018242,-0.542344,-1.129193,0.926405,-1.376497,-0.005593,0.001046,-0.129606,-1.024997,-0.021533,0.592999,0.022725,0.013299
19.133333,-0.000376,0.064567,0.002573,-0.560528,-1.156084,0.919214,-1.377890,-0.024472,-0.001978,-0.116439,-1.014202,-0.024922,0.558063,0.009802,0.013188
19.166667,-0.005206,0.075584,0.005661,-0.578732,-1.165710,0.936229,-1.367421,-0.031694,-0.000463,-0.124761,-0.999307,-0.020863,0.548805,-0.003887,0.015550
19.200000,-0.009176,0.072956,0.012095,-0.610556,-1.163301,0.978629,-1.380733,-0.026769,-0.002760,-0.122826,-0.985534,-0.036235,0.543171,-0.007207,0.027434
19.233333,0.003784,0.054886,0.016600,-0.641397,-1.152031,1.010036,-1.387733,-0.020623,-0.013508,-0.124331,-0.992081,-0.040292,0.546153,-0.003098,0.028248
19.266667,0.010607,0.055118,0.011690,-0.653301,-1.131677,1.025963,-1.376194,-0.008572,-0.008873,-0.121182,-0.995629,-0.012236,0.542577,-0.023331,0.019535
19.300000,0.015807,0.052604,0.005899,-0.667980,-1.139601,1.060769,-1.380058,-0.003807,-0.013492,-0.127258,-0.984337,-0.018902,0.556811,-0.023259,0.020650
19.333333,0.016619,0.034831,0.013846,-0.698151,-1.150813,1.073533,-1.399645,0.005300,-0.013157,-0.130772,-1.006732,-0.004364,0.569890,-0.012062,0.009191
19.366667,0.029864,0.026523,0.012210,-0.714236,-1.158912,1.060221,-1.397671,0.002232,-0.009845,-0.159445,-1.010248,0.014601,0.613807,-0.020498,-0.011578
19.400000,0.018903,0.031796,0.009666,-0.724640,-1.173294,1.063852,-1.404281,0.007130,-0.004299,-0.162114,-1.008550,0.021165,0.622283,-0.020962,-0.009497
19.433333,0.017193,0.030457,0.018314,-0.720748,-1.175633,1.079900,-1.410891,-0.004742,-0.009932,-0.168863,-0.988682,0.003063,0.607614,-0.002172,-0.011265
19.466667,0.023648,0.033554,0.022641,-0.693843,-1.155931,1.104594,-1.386109,0.005181,-0.000224,-0.166489,-0.986893,-0.000064,0.576934,-0.006369,-0.002690
19.500000,0.032274,0.041646,0.026746,-0.666856,-1.156560,1.111330,-1.382746,-0.000272,-0.011128,-0.161178,-0.970552,-0.006873,0.526078,-0.006311,0.003657
19.533333,0.013672,0.051860,0.016679,-0.644472,-1.170657,1.118065,-1.394535,-0.003598,-0.019119,-0.127072,-0.944519,-0.011701,0.461202,0.002340,0.020113
19.566667,0.006629,0.064903,0.014249,-0.646306,-1.157197,1.114717,-1.409582,-0.004430,-0.003800,-0.121444,-0.928273,-0.012400,0.436325,-0.000136,0.034727
19.600000,0.008097,0.069215,0.013138,-0.659978,-1.163897,1.087595,-1.424630,-0.001123,0.006414,-0.115794,-0.940600,-0.013631,0.429027,0.000854,0.041966
19.633333,-0.005459,0.061363,0.004675,-0.672090,-1.186366,1.029738,-1.453265,-0.002782,-0.005094,-0.118381,-0.938859,0.000298,0.430127,0.009154,0.032238
19.666667,-0.001860,0.060139,-0.016991,-0.670065,-1.188283,1.011881,-1.447858,0.008040,0.001177,-0.116960,-0.942881,-0.004270,0.461251,0.011876,0.032351
19.700000,0.008067,0.058642,-0.002138,-0.682199,-1.184922,1.016242,-1.440626,0.011382,0.005673,-0.132544,-0.952629,-0.011048,0.485957,0.020418,0.032824
19.733333,0.021706,0.046690,0.002643,-0.664713,-1.193892,1.014995,-1.416059,0.008879,-0.008291,-0.134162,-0.946480,-0.009678,0.488808,0.020728,0.016249
19.766667,0.015398,0.048063,-0.004515,-0.668008,-1.215377,1.040584,-1.399463,0.008342,-0.008105,-0.134117,-0.925201,0.011048,0.514080,0.019098,0.018356
19.800000,0.021067,0.051608,0.002416,-0.695823,-1.229914,1.088690,-1.402457,0.003747,-0.007344,-0.117301,-0.902669,0.013802,0.569155,0.018754,0.019689
19.833333,0.016264,0.053128,0.016757,-0.739946,-1.234291,1.125546,-1.405295,-0.008050,-0.006113,-0.115394,-0.857238,0.029608,0.624231,0.017707,0.019546
19.866667,0.004851,0.061015,0.011269,-0.771458,-1.230610,1.166984,-1.380368,-0.004904,0.002673,-0.097541,-0.805855,0.044034,0.702375,0.009456,0.008045
19.900000,-0.004996,0.062228,0.011797,-0.807171,-1.247686,1.232123,-1.377772,-0.004848,0.000922,-0.085177,-0.757601,0.070052,0.802375,0.013419,0.007754
19.933333,-0.009515,0.055605,0.018399,-0.837444,-1.235148,1.257262,-1.384866,-0.003365,-0.000523,-0.081932,-0.722682,0.100950,0.902375,0.019453,0.009685
19.966667,-0.016245,0.063677,0.006520,-0.839512,-1.234660,1.251788,-1.381431,-0.007462,0.003755,-0.100390,-0.688500,0.142057,1.002375,0.010842,0.012699
20.000000,-0.033176,0.059362,0.001324,-0.816354,-1.241333,1.228960,-1.394747,-0.004120,-0.002405,-0.094691,-0.676606,0.184179,1.102375,0.006016,0.011449
20.033333,-0.017961,0.050466,0.000226,-0.790846,-1.239450,1.179332,-1.417993,-0.015743,-0.013839,-0.112938,-0.689579,0.227469,1.202375,0.003825,0.006932
20.066667,-0.012883,0.049504,-0.009218,-0.772437,-1.210978,1.100946,-1.431486,-0.012031,-0.003554,-0.127741,-0.706323,0.250445,1.302375,-0.020263,0.015157
20.100000,-0.008545,0.049678,-0.013402,-0.730005,-1.212120,1.029320,-1.438339,-0.013403,-0.013936,-0.116956,-0.699266,0.254029,1.387413,-0.031193,0.011893
20.133333,-0.005700,0.036431,-0.007237,-0.695687,-1.186154,0.976640,-1.431320,-0.017834,-0.017437,-0.109909,-0.704902,0.242013,1.442870,-0.022003,-0.001889
20.166667,0.009272,0.032969,-0.009094,-0.674613,-1.159529,0.912564,-1.441621,-0.026603,-0.026161,-0.119167,-0.711529,0.233170,1.479543,-0.026273,-0.007710
20.200000,0.005199,0.031753,-0.008150,-0.651862,-1.153954,0.856159,-1.448658,-0.019946,-0.023237,-0.110016,-0.713643,0.222552,1.507066,-0.018493,0.001617
20.233333,0.001102,0.038586,0.004192,-0.612736,-1.153890,0.829536,-1.430364,-0.018371,-0.030171,-0.104513,-0.708161,0.210102,1.515748,0.000395,-0.000109
20.266667,0.020460,0.052060,0.014020,-0.601122,-1.126715,0.796153,-1.402953,-0.012052,-0.005442,-0.095931,-0.735780,0.208466,1.524236,-0.005135,0.006482
20.300000,0.021259,0.060490,0.023191,-0.586619,-1.134213,0.743823,-1.399943,-0.010403,0.001127,-0.087950,-0.747213,0.212843,1.532454,-0.006812,0.015369
20.333333,0.015061,0.064277,0.012815,-0.561616,-1.128959,0.712906,-1.389125,0.004351,0.007452,-0.072744,-0.747341,0.226574,1.549306,-0.000378,0.022731
20.366667,0.009873,0.075755,0.015323,-0.559247,-1.123256,0.714317,-1.373014,-0.007506,0.018584,-0.074685,-0.746584,0.217884,1.555309,-0.000545,0.030168
20.400000,0.012212,0.065783,0.014863,-0.557998,-1.137327,0.677660,-1.392161,-0.013850,0.012651,-0.069561,-0.734692,0.220230,1.556087,0.002482,0.027740
20.433333,-0.005892,0.056097,-0.001132,-0.557671,-1.156704,0.681002,-1.424699,-0.020195,-0.002115,-0.095690,-0.701955,0.220866,1.543909,0.017877,0.023342
20.466667,-0.007638,0.057627,-0.014383,-0.582631,-1.162306,0.724345,-1.453202,-0.013115,-0.006707,-0.087638,-0.686451,0.211710,1.546641,0.011842,0.036987
20.500000,-0.011224,0.055625,0.000420,-0.625572,-1.188068,0.786276,-1.453921,-0.017145,0.002638,-0.095301,-0.681656,0.201767,1.543718,0.009501,0.034852
20.533333,-0.007745,0.048645,-0.005045,-0.636911,-1.212588,0.847989,-1.467868,-0.004596,-0.003534,-0.090021,-0.686603,0.202648,1.528395,0.008445,0.029265
20.566667,-0.011284,0.045252,-0.006965,-0.681825,-1.235726,0.946838,-1.462525,0.004683,0.011493,-0.095627,-0.696284,0.195601,1.532460,-0.002245,0.035623
20.600000,-0.011960,0.037604,-0.001627,-0.723860,-1.244484,1.037470,-1.456274,0.005034,0.000659,-0.082733,-0.707905,0.195411,1.541644,-0.008558,0.029734
20.633333,-0.010259,0.031472,0.009627,-0.758064,-1.232343,1.105620,-1.428452,-0.002718,0.001753,-0.103132,-0.703598,0.188996,1.536803,-0.000968,0.011503
20.666667,-0.008588,0.034066,0.003356,-0.778508,-1.210110,1.173769,-1.414016,0.001566,0.003686,-0.122899,-0.708295,0.171687,1.532305,-0.004689,0.001448
20.700000,-0.012049,0.030395,0.005867,-0.809207,-1.197437,1.211421,-1.409006,0.000410,-0.000574,-0.124619,-0.703758,0.180274,1.541959,-0.003545,-0.000794
20.733333,-0.000834,0.029871,-0.003253,-0.810513,-1.171178,1.239453,-1.386090,-0.005923,-0.007926,-0.137559,-0.722214,0.179599,1.541960,0.001551,-0.010750
20.766667,0.001284,0.033079,-0.012360,-0.807289,-1.176427,1.235703,-1.387736,-0.007503,-0.008764,-0.137746,-0.732003,0.183778,1.541845,0.002733,-0.006587
20.800000,-0.003602,0.036095,-0.014436,-0.795336,-1.192048,1.227707,-1.395957,-0.004775,-0.007664,-0.129972,-0.758000,0.200039,1.548616,-0.000308,-0.002611
20.833333,-0.006958,0.031817,-0.006185,-0.786181,-1.194561,1.185314,-1.412062,-0.005540,-0.013617,-0.120777,-0.760154,0.222182,1.547346,-0.003030,0.014356
20.866667,-0.005524,0.038513,-0.002627,-0.788640,-1.182723,1.133638,-1.411084,-0.004785,-0.001518,-0.127320,-0.782332,0.232324,1.553015,-0.007102,0.020141
20.900000,-0.016297,0.043027,0.006974,-0.780494,-1.178934,1.052513,-1.437694,-0.008095,-0.005544,-0.112724,-0.778560,0.261277,1.553015,-0.002123,0.021213
20.933333,-0.020393,0.041549,0.017437,-0.747845,-1.159826,0.971388,-1.445352,-0.007426,-0.001389,-0.118128,-0.786280,0.277616,1.556122,-0.001565,0.016033
20.966667,-0.007879,0.034704,0.022226,-0.738418,-1.130345,0.916991,-1.463092,0.005727,-0.004382,-0.138201,-0.791878,0.280112,1.546627,0.005945,0.012577
21.000000,0.005194,0.034427,0.024858,-0.748688,-1.112374,0.896991,-1.485558,0.006799,0.007121,-0.172800,-0.795762,0.255341,1.555319,0.004016,0.008883
21.033333,0.008946,0.026285,0.022822,-0.768688,-1.087072,0.916991,-1.517076,0.007107,-0.003603,-0.231662,-0.783268,0.205850,1.555319,0.005502,0.003105
21.066667,0.007217,0.027651,0.016740,-0.828688,-1.058270,0.976991,-1.538401,0.010135,0.001881,-0.311662,-0.763355,0.125850,1.555319,0.007133,0.002278
21.100000,0.013697,0.026919,0.011194,-0.926174,-1.016895,1.076990,-1.559725,0.006991,-0.000002,-0.411662,-0.755588,0.025850,1.555319,0.004187,0.007295
21.133333,0.006500,0.032673,0.005571,-1.012029,-1.008679,1.176991,-1.570000,-0.005474,0.000636,-0.511662,-0.751376,-0.074150,1.570000,-0.007069,0.010030
21.166667,-0.014066,0.035595,-0.017750,-1.058406,-1.004365,1.276991,-1.562485,-0.002797,-0.018433,-0.611662,-0.734253,-0.174150,1.570000,0.001169,0.004586
21.200000,-0.011884,0.040730,-0.025689,-1.104784,-0.990856,1.376991,-1.558744,0.002916,-0.021519,-0.711662,-0.733509,-0.274150,1.570000,0.009231,0.019813
21.233333,-0.005369,0.036853,-0.020019,-1.128256,-0.990846,1.472475,-1.558744,0.001209,-0.026309,-0.809703,-0.746767,-0.374150,1.570000,0.001947,0.022835
21.266667,-0.009928,0.038911,-0.027366,-1.114241,-1.012069,1.530671,-1.558708,0.009457,-0.037495,-0.876198,-0.727879,-0.474150,1.568206,-0.012911,0.028169
21.300000,-0.010848,0.049991,-0.028378,-1.111858,-1.012122,1.586073,-1.558622,0.012223,-0.028098,-0.936021,-0.730045,-0.574150,1.568206,-0.011817,0.043263
21.333333,0.004042,0.048584,-0.009497,-1.125961,-1.013287,1.622332,-1.565248,0.005542,-0.018784,-0.971950,-0.753231,-0.674150,1.568206,-0.015697,0.042449
21.366667,0.012380,0.044038,-0.003680,-1.113108,-1.005330,1.625944,-1.548100,0.010949,-0.002671,-0.986266,-0.752707,-0.774150,1.558456,-0.035670,0.030174
21.400000,0.013857,0.059627,-0.004603,-1.102306,-1.002503,1.626576,-1.533770,0.006192,-0.002269,-0.967770,-0.731550,-0.874150,1.552947,-0.043381,0.042641
21.433333,0.019653,0.055445,0.007846,-1.109482,-0.993664,1.640822,-1.519947,0.004332,0.009482,-0.972712,-0.750393,-0.974150,1.554740,-0.030210,0.032346
21.466667,0.025135,0.047549,0.011626,-1.091359,-0.981993,1.639267,-1.510172,0.003112,0.001125,-0.984325,-0.761904,-1.074150,1.554740,-0.022930,0.020057
21.500000,0.028011,0.045795,0.009292,-1.089084,-0.990661,1.639117,-1.500322,0.002270,0.004581,-0.985195,-0.753554,-1.174150,1.552916,-0.018712,0.037041
21.533333,0.021275,0.047180,0.012669,-1.080351,-1.014302,1.646800,-1.497674,-0.007836,-0.006901,-0.982872,-0.768914,-1.274150,1.562667,-0.007959,0.036961
21.566667,0.029138,0.037424,0.019401,-1.078907,-1.021598,1.638071,-1.489634,0.006536,-0.000479,-1.001572,-0.821413,-1.374150,1.568176,-0.000203,0.026170
21.600000,0.031615,0.039921,0.027140,-1.077341,-1.026242,1.637299,-1.470023,0.015142,0.013782,-1.021568,-0.852767,-1.474150,1.568176,-0.004125,0.031347
21.633333,0.027957,0.033867,0.025594,-1.072465,-1.030390,1.629264,-1.454783,0.016360,0.015841,-1.003068,-0.853226,-1.574150,1.561959,-0.011596,0.033449
21.666667,0.026466,0.034579,0.028955,-1.045930,-1.016873,1.638967,-1.420422,0.018254,0.016656,-1.016789,-0.874531,-1.674150,1.563783,-0.016765,0.011868
21.700000,0.032214,0.030231,0.025991,-1.033936,-1.003950,1.648215,-1.406379,0.016417,0.003071,-1.029306,-0.878448,-1.757918,1.563783,-0.015924,0.010430
21.733333,0.023906,0.024355,0.022237,-1.019591,-1.002083,1.657262,-1.394505,0.008435,-0.000625,-1.015572,-0.851629,-1.805080,1.563783,-0.012312,0.012583
21.766667,0.016334,0.027042,0.009102,-0.987390,-0.987363,1.670789,-1.373731,0.006118,-0.003069,-0.968650,-0.805954,-1.812241,1.563783,-0.019458,0.012946
21.800000,0.013328,0.038870,0.013551,-0.982669,-0.983564,1.691139,-1.345691,0.009248,0.009688,-0.920223,-0.787624,-1.779402,1.563662,-0.017102,0.020164
21.833333,0.010015,0.036562,0.010467,-0.977171,-0.992671,1.687642,-1.344468,0.011901,0.003975,-0.834214,-0.766436,-1.706563,1.563662,-0.013368,0.029017
21.866667,-0.002115,0.033063,-0.000418,-0.958437,-1.006894,1.687301,-1.328595,0.024779,0.009311,-0.734214,-0.722636,-1.609956,1.563662,-0.006122,0.039213
21.900000,-0.000894,0.046302,-0.002571,-0.955622,-1.015260,1.700197,-1.327766,0.027089,0.004664,-0.634214,-0.712433,-1.509956,1.563662,-0.001074,0.042241
21.933333,-0.004634,0.044686,0.001429,-0.985260,-1.036779,1.698240,-1.350797,0.020489,-0.013539,-0.534214,-0.702230,-1.409956,1.551448,0.011620,0.037003
21.966667,-0.008897,0.042712,-0.018669,-1.011452,-1.038718,1.711236,-1.386608,0.032639,-0.022600,-0.456724,-0.702909,-1.309956,1.557786,0.022203,0.030259
22.000000,-0.004211,0.052508,-0.020782,-1.055535,-1.035445,1.725228,-1.419025,0.029021,-0.017179,-0.379234,-0.686967,-1.209956,1.557786,0.024523,0.037133
22.033333,-0.001295,0.062752,-0.012094,-1.107066,-1.047328,1.722862,-1.454134,0.019567,-0.008327,-0.319991,-0.700043,-1.109956,1.552456,0.011581,0.028487
22.066667,-0.006174,0.065368,-0.018409,-1.134044,-1.053239,1.705535,-1.479540,0.009430,-0.001446,-0.295742,-0.691966,-1.009956,1.552456,-0.000464,0.024035
22.100000,-0.003957,0.069271,-0.013693,-1.161422,-1.066204,1.714297,-1.498567,0.005407,0.008849,-0.294780,-0.708581,-0.909956,1.564670,0.000727,0.035569
22.133333,0.000890,0.064872,0.006309,-1.177545,-1.079169,1.688757,-1.507267,-0.013823,0.009773,-0.289587,-0.702820,-0.809956,1.556226,-0.014284,0.033948
22.166667,-0.003489,0.073877,0.010219,-1.177210,-1.077014,1.682156,-1.495708,-0.018950,0.010763,-0.310934,-0.705426,-0.709956,1.551862,-0.026967,0.036512
22.200000,-0.006148,0.071860,0.015639,-1.191006,-1.056851,1.696804,-1.508588,-0.012266,0.007498,-0.329408,-0.711473,-0.625482,1.548399,-0.029337,0.047226
22.233333,0.006271,0.054306,0.021788,-1.206345,-1.035169,1.703629,-1.518041,-0.006285,-0.003994,-0.348868,-0.738673,-0.561262,1.546675,-0.021675,0.044321
22.266667,0.016187,0.051597,0.015750,-1.203156,-1.000040,1.692228,-1.510013,0.007370,0.001441,-0.365154,-0.766378,-0.517102,1.546675,-0.041193,0.035562
22.300000,0.022791,0.049699,0.009815,-1.201573,-0.989813,1.704693,-1.517827,0.011370,-0.005275,-0.397019,-0.783222,-0.512942,1.555120,-0.040770,0.039636
22.333333,0.026133,0.031352,0.016821,-1.220944,-0.986244,1.699624,-1.537652,0.019646,-0.001603,-0.422708,-0.827642,-0.541980,1.559483,-0.030342,0.028300
22.366667,0.041789,0.023124,0.016286,-1.229311,-0.982927,1.671824,-1.537552,0.014522,0.003016,-0.470856,-0.857048,-0.579121,1.568276,-0.037959,0.007778
22.400000,0.030635,0.027297,0.014518,-1.236231,-0.987935,1.677681,-1.537766,0.020746,0.011140,-0.483026,-0.877442,-0.620148,1.570000,-0.040566,0.010635
22.433333,0.025683,0.026034,0.022967,-1.228826,-0.985856,1.692930,-1.537981,0.008995,0.003455,-0.492761,-0.873611,-0.668647,1.562907,-0.024410,0.005551
22.466667,0.032977,0.028597,0.027132,-1.205431,-0.965680,1.722698,-1.510311,0.017866,0.011918,-0.485444,-0.882083,-0.699443,1.548527,-0.027838,0.013064
22.500000,0.039022,0.036244,0.029761,-1.184326,-0.967076,1.733913,-1.506270,0.012560,-0.001154,-0.469387,-0.874600,-0.708351,1.539323,-0.028805,0.017405
22.533333,0.016870,0.043852,0.018090,-1.167239,-0.984443,1.749448,-1.511835,0.006727,-0.007835,-0.419334,-0.852303,-0.703664,1.538225,-0.016825,0.033946
22.566667,0.010265,0.056674,0.014201,-1.174609,-0.972122,1.757334,-1.511835,0.005896,0.005323,-0.403820,-0.839018,-0.693936,1.538225,-0.019180,0.048287
22.600000,0.014604,0.061686,0.013422,-1.195655,-0.981510,1.749207,-1.515414,0.007082,0.016348,-0.387783,-0.855251,-0.686126,1.545319,-0.016713,0.059060
22.633333,-0.000146,0.053060,0.004468,-1.212055,-1.003061,1.706431,-1.540391,0.006147,0.005535,-0.379242,-0.859921,-0.659247,1.554521,-0.008005,0.048679
22.666667,0.004067,0.051584,-0.016904,-1.206894,-1.004444,1.703655,-1.533533,0.016824,0.013670,-0.370272,-0.876528,-0.655172,1.563725,-0.003402,0.049543
22.700000,0.014083,0.051430,-0.001848,-1.214463,-0.995350,1.713699,-1.529799,0.020933,0.014677,-0.381811,-0.896867,-0.659268,1.564823,0.003096,0.050239
22.733333,0.027612,0.039165,0.002151,-1.186422,-0.998610,1.696981,-1.522754,0.016849,0.002289,-0.381437,-0.905967,-0.649886,1.555219,0.003282,0.032856
22.766667,0.019153,0.041472,-0.004684,-1.171314,-1.013344,1.702903,-1.522429,0.015357,0.002423,-0.386635,-0.902729,-0.629932,1.555219,0.002498,0.032692
22.800000,0.024280,0.043665,0.002025,-1.177149,-1.020579,1.714162,-1.525938,0.009867,0.004202,-0.375711,-0.903180,-0.636359,1.560396,0.001172,0.032233
22.833333,0.020759,0.044706,0.016461,-1.194809,-1.019195,1.699265,-1.535691,-0.001335,0.004311,-0.383927,-0.889624,-0.635897,1.553674,0.001035,0.033241
22.866667,0.011045,0.050986,0.011447,-1.195480,-1.010524,1.687768,-1.516136,0.001684,0.012974,-0.377266,-0.875904,-0.638370,1.549510,-0.007625,0.022097
22.900000,0.002626,0.053736,0.013003,-1.204835,-1.022910,1.706953,-1.519890,0.003979,0.011401,-0.374750,-0.867927,-0.650746,1.559114,-0.002853,0.022428
22.933333,0.005115,0.046364,0.019706,-1.216424,-1.005006,1.689283,-1.530784,0.009118,0.008755,-0.377169,-0.870004,-0.659611,1.559114,0.001400,0.024269
22.966667,0.004576,0.056514,0.008758,-1.215566,-1.000474,1.675885,-1.530784,0.005755,0.012668,-0.405067,-0.862190,-0.666274,1.559114,-0.007990,0.030483
23.000000,-0.008413,0.053653,0.003524,-1.204508,-0.999633,1.681977,-1.537567,0.008306,0.008076,-0.403085,-0.863177,-0.664310,1.565837,-0.011697,0.025753
23.033333,0.010502,0.046015,0.001523,-1.200843,-0.990714,1.669809,-1.557618,-0.001620,-0.001755,-0.428217,-0.882622,-0.665975,1.570000,-0.016774,0.021734
23.066667,0.018334,0.044492,-0.007782,-1.210246,-0.954018,1.651469,-1.560908,0.001481,0.008137,-0.453220,-0.898956,-0.673319,1.570000,-0.041611,0.029817
23.100000,0.019178,0.045742,-0.012860,-1.203540,-0.943902,1.649455,-1.564640,-0.001513,-0.001857,-0.456417,-0.891632,-0.694682,1.570000,-0.050407,0.026331
23.133333,0.019418,0.033022,-0.007376,-1.197230,-0.908941,1.654950,-1.557698,-0.007685,-0.006644,-0.463554,-0.896998,-0.720454,1.564522,-0.040941,0.010765
23.166667,0.032229,0.029878,-0.008067,-1.215759,-0.862294,1.641284,-1.557698,-0.014775,-0.016934,-0.500992,-0.904799,-0.751695,1.559517,-0.045317,0.005930
23.200000,0.026147,0.029084,-0.005873,-1.229335,-0.835655,1.642594,-1.560939,-0.008072,-0.016710,-0.518029,-0.909496,-0.780084,1.559517,-0.034896,0.012816
23.233333,0.020063,0.035225,0.007072,-1.225577,-0.811645,1.653805,-1.549785,-0.008125,-0.025291,-0.536318,-0.909670,-0.806258,1.559517,-0.010157,0.008457
23.266667,0.038466,0.047077,0.017410,-1.249086,-0.751347,1.665909,-1.523709,-0.001467,-0.000948,-0.564350,-0.942423,-0.837048,1.559517,-0.014184,0.013271
23.300000,0.040656,0.053619,0.026864,-1.279832,-0.721268,1.658090,-1.522454,0.002269,0.005885,-0.594304,-0.961183,-0.859458,1.564995,-0.015842,0.021010
23.333333,0.035554,0.055114,0.015799,-1.286237,-0.687971,1.659006,-1.522454,0.015656,0.011103,-0.610886,-0.969603,-0.866942,1.570000,-0.012503,0.028457
23.366667,0.031024,0.065947,0.017508,-1.311676,-0.644757,1.675489,-1.512270,0.005509,0.024139,-0.650880,-0.976426,-0.892506,1.570000,-0.013718,0.037427
23.400000,0.035073,0.054452,0.015584,-1.341436,-0.619098,1.660383,-1.523424,-0.000444,0.019769,-0.686608,-0.973322,-0.923629,1.570000,-0.012406,0.037343
23.433333,0.018882,0.044833,-0.000515,-1.347335,-0.612811,1.650882,-1.551621,-0.007222,0.005613,-0.735756,-0.947580,-0.933263,1.570000,0.000663,0.035784
23.466667,0.014894,0.045640,-0.014405,-1.362695,-0.589324,1.658223,-1.559817,-0.000988,-0.000776,-0.750140,-0.939717,-0.959011,1.570000,-0.004301,0.048256
23.500000,0.010191,0.043649,-0.001382,-1.382398,-0.576514,1.655080,-1.559817,-0.006090,0.005896,-0.781450,-0.943180,-0.983815,1.570000,-0.003409,0.046713
23.533333,0.011502,0.035770,-0.006989,-1.363750,-0.573101,1.636691,-1.570000,0.005831,0.001303,-0.791968,-0.956633,-0.994294,1.563507,-0.002425,0.040143
23.566667,0.006710,0.033273,-0.009248,-1.370621,-0.572512,1.635320,-1.570000,0.016569,0.013195,-0.809190,-0.970806,-1.002907,1.563507,-0.014743,0.045053
23.600000,0.003850,0.025390,-0.004748,-1.380189,-0.552551,1.623089,-1.570000,0.016487,0.003777,-0.815864,-0.992154,-1.011011,1.563507,-0.018276,0.035009
23.633333,0.007480,0.019753,0.005909,-1.380189,-0.519570,1.608278,-1.570000,0.009565,0.006369,-0.848527,-0.997062,-1.013327,1.562140,-0.010133,0.016836
23.666667,0.008691,0.023348,-0.000278,-1.379889,-0.482937,1.621045,-1.570000,0.013102,0.010719,-0.872561,-1.007774,-1.025991,1.562140,-0.014505,0.006249
23.700000,0.008039,0.019461,0.002012,-1.398536,-0.446829,1.618386,-1.570000,0.010322,0.003174,-0.882663,-1.014200,-1.015741,1.568633,-0.013772,0.001877
23.733333,0.019502,0.018457,-0.006763,-1.392967,-0.393374,1.621938,-1.562691,0.004456,-0.004237,-0.902435,-1.042964,-1.010917,1.568633,-0.007123,-0.007642
23.766667,0.022442,0.022365,-0.016243,-1.394132,-0.374003,1.612591,-1.562691,0.003458,-0.006152,-0.903733,-1.057312,-1.001885,1.568633,-0.007129,-0.000455
23.800000,0.015973,0.025216,-0.018429,-1.394132,-0.354632,1.612168,-1.562691,0.002957,-0.006412,-0.897991,-1.088630,-0.977370,1.570000,-0.008624,0.004208
23.833333,0.013277,0.020364,-0.009876,-1.394431,-0.328237,1.578377,-1.562691,0.003188,-0.012772,-0.892158,-1.095441,-0.947588,1.567419,-0.011192,0.020574
23.866667,0.013703,0.029672,-0.006131,-1.394431,-0.308237,1.552641,-1.562691,0.002860,-0.000243,-0.893955,-1.116589,-0.932956,1.567419,-0.015999,0.028500
23.900000,0.002988,0.034591,0.003532,-1.400000,-0.304071,1.535266,-1.570000,0.000197,-0.003620,-0.873734,-1.102198,-0.914485,1.567419,-0.012450,0.028670
23.933333,-0.000893,0.032256,0.014544,-1.400000,-0.285821,1.537890,-1.570000,0.002766,-0.001397,-0.873514,-1.100561,-0.908214,1.567419,-0.012160,0.022299
23.966667,-0.000139,0.032989,0.014911,-1.400000,-0.287572,1.534781,-1.570000,0.006214,-0.001336,-0.869587,-1.100515,-0.903665,1.567419,-0.013240,0.019491
