time_sec,joint_pelvisYaw,joint_pelvisPitch,joint_pelvisRoll,joint_lShoulderPitch,joint_lShoulderRoll,joint_lShoulderYaw,joint_lElbow,joint_lWristRoll,joint_lWristPitch,joint_rShoulderPitch,joint_rShoulderRoll,joint_rShoulderYaw,joint_rElbow,joint_rWristRoll,joint_rWristPitch
0.000000,0.027609,0.009134,0.044389,-1.151559,-1.130484,1.683546,-1.570000,0.021184,-0.010222,-1.103851,-0.933506,-1.764867,1.481658,0.015478,-0.010922
0.033333,0.042704,0.011739,0.049109,-1.098457,-1.114628,1.665430,-1.570000,0.042175,-0.001077,-1.104476,-0.913309,-1.782847,1.444997,0.035792,-0.012777
0.066667,0.022585,0.020649,0.038893,-1.065053,-1.122722,1.653670,-1.570000,0.029084,0.010634,-1.097428,-0.892835,-1.779401,1.462665,0.052314,-0.018426
0.100000,0.021088,0.024185,0.028204,-1.051649,-1.110815,1.655138,-1.570000,0.007765,0.008195,-1.096268,-0.888811,-1.795956,1.472684,0.055833,-0.016123
0.133333,0.006132,0.024820,0.022851,-1.059586,-1.135194,1.626554,-1.570000,-0.014298,0.012351,-1.097000,-0.885875,-1.778532,1.487938,0.038898,-0.007355
0.166667,-0.026828,0.026367,-0.000658,-1.057500,-1.134068,1.637970,-1.570000,-0.009075,-0.012282,-1.094566,-0.876327,-1.768692,1.513479,0.050130,-0.021891
0.200000,-0.027625,0.032455,-0.018100,-1.069119,-1.119336,1.664497,-1.559666,0.000282,-0.019106,-1.082792,-0.865676,-1.793714,1.510999,0.071639,-0.010323
0.233333,-0.014056,0.022758,-0.008708,-1.092080,-1.120653,1.664563,-1.559666,0.011100,-0.029807,-1.092122,-0.885877,-1.795293,1.488802,0.057069,-0.007056
0.266667,-0.032021,0.022320,-0.016061,-1.075042,-1.154574,1.631402,-1.559667,0.035431,-0.046357,-1.086244,-0.869628,-1.756873,1.467748,0.037984,-0.000312
0.300000,-0.047076,0.040574,-0.016676,-1.076663,-1.168708,1.638240,-1.559667,0.043222,-0.042497,-1.100832,-0.875457,-1.758453,1.481457,0.039353,0.027644
0.333333,-0.028104,0.037328,0.003459,-1.086817,-1.175726,1.615620,-1.559667,0.033418,-0.033134,-1.097009,-0.902580,-1.751654,1.464090,0.028564,0.041502
0.366667,-0.012191,0.027327,0.021247,-1.078217,-1.172207,1.567069,-1.550000,0.043540,-0.011745,-1.116478,-0.902743,-1.738544,1.439630,-0.012816,0.037380
0.400000,-0.010173,0.046287,0.020307,-1.076804,-1.168689,1.558518,-1.545745,0.043756,-0.009288,-1.098053,-0.872053,-1.765360,1.419166,-0.027151,0.061159
0.433333,0.010203,0.041362,0.038828,-1.103967,-1.155148,1.574703,-1.545745,0.040113,0.009431,-1.108949,-0.881363,-1.792176,1.425210,-0.005945,0.053509
0.466667,0.037250,0.029855,0.042257,-1.111106,-1.134348,1.585183,-1.545745,0.038647,0.009100,-1.119844,-0.890673,-1.807431,1.421757,0.004471,0.030586
0.500000,0.042976,0.030496,0.033594,-1.139435,-1.146169,1.590932,-1.545745,0.041814,0.016238,-1.132017,-0.878690,-1.841995,1.422585,0.014092,0.045369
0.533333,0.032410,0.036350,0.039213,-1.146516,-1.173422,1.611958,-1.565745,0.022867,0.002498,-1.125587,-0.898690,-1.845933,1.458011,0.032814,0.038131
0.566667,0.049410,0.028165,0.054321,-1.147725,-1.187583,1.596581,-1.570000,0.039890,0.010182,-1.150963,-0.958690,-1.821683,1.500672,0.045551,0.020813
0.600000,0.054312,0.034011,0.065099,-1.128493,-1.207616,1.568987,-1.556042,0.055752,0.029709,-1.167272,-1.003862,-1.837434,1.523332,0.029229,0.014792
0.633333,0.042308,0.026629,0.058117,-1.089284,-1.220098,1.507099,-1.535930,0.048759,0.028731,-1.143580,-1.012911,-1.824746,1.515490,0.019861,0.012390
0.666667,0.036187,0.030886,0.064821,-1.010076,-1.224523,1.439399,-1.495819,0.045669,0.034816,-1.111008,-1.060622,-1.796577,1.520624,0.000849,-0.027718
0.700000,0.050678,0.025310,0.054228,-0.930867,-1.218875,1.355516,-1.435708,0.040675,0.021778,-1.100026,-1.108332,-1.797417,1.524636,0.003254,-0.030784
0.733333,0.033192,0.017617,0.035492,-0.839002,-1.226319,1.268035,-1.355597,0.017115,0.021573,-1.057238,-1.118857,-1.799606,1.498847,0.001366,-0.026026
0.766667,0.022947,0.020797,0.002285,-0.739002,-1.215138,1.168035,-1.269444,0.008173,0.028757,-0.983518,-1.106201,-1.779812,1.474930,-0.009485,-0.015708
0.800000,0.008889,0.040130,0.005426,-0.639001,-1.217564,1.068035,-1.169443,0.014999,0.054420,-0.909797,-1.127991,-1.781960,1.451014,-0.016502,0.008773
0.833333,0.002061,0.032758,-0.002371,-0.539001,-1.220307,0.968035,-1.069443,0.017690,0.048839,-0.870613,-1.138523,-1.788442,1.446672,-0.008952,0.033253
0.866667,-0.022634,0.032480,-0.024658,-0.439001,-1.237194,0.868035,-0.969443,0.042943,0.052045,-0.805150,-1.109055,-1.787008,1.448545,0.001726,0.054635
0.900000,-0.026344,0.048358,-0.032271,-0.339001,-1.247344,0.768035,-0.869444,0.050792,0.036930,-0.768456,-1.116772,-1.798696,1.472827,0.010087,0.050837
0.933333,-0.037712,0.047505,-0.022323,-0.239001,-1.251566,0.668035,-0.774239,0.036723,-0.000334,-0.759558,-1.122497,-1.795119,1.475238,0.027816,0.039932
0.966667,-0.041997,0.036231,-0.052374,-0.147756,-1.240492,0.568035,-0.719035,0.044849,-0.016522,-0.790660,-1.129900,-1.778813,1.517648,0.045545,0.021946
1.000000,-0.032100,0.054876,-0.063161,-0.061599,-1.229145,0.468035,-0.672900,0.036358,-0.018127,-0.787226,-1.111118,-1.778156,1.530610,0.046972,0.020676
1.033333,-0.024816,0.067720,-0.049519,0.002564,-1.236384,0.368035,-0.642172,0.014504,-0.005201,-0.811387,-1.124846,-1.767300,1.512262,0.023970,0.001939
1.066667,-0.029325,0.076946,-0.053929,0.066728,-1.242353,0.268035,-0.649707,-0.007350,-0.000126,-0.845544,-1.111781,-1.745826,1.505548,0.009129,-0.006534
1.100000,-0.023502,0.084710,-0.047206,0.090891,-1.276708,0.208035,-0.681380,-0.011376,0.016429,-0.875298,-1.113497,-1.761599,1.527054,0.011104,0.015242
1.133333,-0.007525,0.085361,-0.013988,0.087091,-1.311064,0.148035,-0.697682,-0.034028,0.011535,-0.878478,-1.091004,-1.774540,1.508560,-0.016145,0.012510
1.166667,-0.015146,0.095426,-0.000521,0.069039,-1.317955,0.128035,-0.704913,-0.045458,0.016578,-0.904814,-1.067293,-1.777886,1.515219,-0.034481,0.025780
1.200000,-0.025287,0.091293,0.008231,0.054442,-1.307268,0.127458,-0.736739,-0.042069,0.006450,-0.910503,-1.044561,-1.810337,1.513209,-0.040416,0.047354
1.233333,-0.005146,0.063198,0.014041,0.017645,-1.280299,0.136576,-0.768943,-0.030230,-0.006507,-0.917427,-1.048622,-1.828285,1.509209,-0.033767,0.054012
1.266667,0.002535,0.059258,0.006118,0.015880,-1.234327,0.105693,-0.772214,-0.009185,-0.004289,-0.925172,-1.062462,-1.820695,1.509209,-0.053302,0.040336
1.300000,0.016822,0.054212,-0.005041,0.014499,-1.223179,0.114810,-0.783858,-0.002644,-0.016127,-0.941666,-1.060511,-1.846724,1.526060,-0.045960,0.054431
1.333333,0.022533,0.029038,0.009430,0.007275,-1.226056,0.107913,-0.806295,0.015715,-0.014876,-0.953500,-1.098561,-1.846627,1.530355,-0.025265,0.035808
1.366667,0.051242,0.020327,0.011793,-0.006032,-1.232656,0.081592,-0.819380,0.011513,-0.007923,-0.998384,-1.112263,-1.823526,1.554631,-0.026188,0.001301
1.400000,0.039952,0.026457,0.014589,-0.007083,-1.243752,0.082640,-0.818535,0.026411,0.005635,-1.003269,-1.117380,-1.825986,1.566851,-0.028253,0.003068
1.433333,0.037042,0.022868,0.035636,-0.003167,-1.248509,0.123688,-0.817689,0.012448,-0.001939,-0.993712,-1.097937,-1.844453,1.557113,-0.012821,-0.002580
1.466667,0.044049,0.033114,0.041547,0.031412,-1.226645,0.164736,-0.783842,0.031615,0.015894,-0.976237,-1.079356,-1.849794,1.545773,-0.020203,-0.004409
1.500000,0.058367,0.045296,0.047874,0.059898,-1.226234,0.181798,-0.775532,0.028969,-0.003882,-0.955081,-1.058431,-1.857228,1.525435,-0.024705,0.003957
1.533333,0.032686,0.051428,0.045250,0.095981,-1.241590,0.198860,-0.769782,0.021404,-0.014905,-0.893924,-1.028365,-1.853158,1.524293,-0.015113,0.033747
1.566667,0.007429,0.067891,0.031137,0.102009,-1.236738,0.190472,-0.779320,0.021722,-0.003535,-0.872767,-1.001485,-1.834521,1.524293,-0.017917,0.053966
1.600000,0.002991,0.076119,0.020371,0.079014,-1.251793,0.171433,-0.788857,0.018050,0.012870,-0.865000,-1.006484,-1.824499,1.534031,-0.012598,0.064769
1.633333,-0.021736,0.062209,0.006120,0.053716,-1.271324,0.117837,-0.819536,0.014379,0.002037,-0.866924,-1.010622,-1.787604,1.538070,0.001307,0.055313
1.666667,-0.021602,0.055413,-0.039261,0.059692,-1.281416,0.104242,-0.813885,0.027069,0.012479,-0.854033,-1.017104,-1.777213,1.558408,0.008254,0.049105
1.700000,-0.016284,0.054931,-0.044642,0.042694,-1.264186,0.101365,-0.799734,0.039787,0.019488,-0.872132,-1.024617,-1.773049,1.545897,0.018436,0.044359
1.733333,0.016756,0.037251,-0.033514,0.065697,-1.258573,0.086876,-0.753732,0.034625,0.011658,-0.866501,-1.034764,-1.756728,1.512245,0.020125,0.017717
1.766667,0.009796,0.036793,-0.034201,0.087422,-1.266108,0.077307,-0.717088,0.035371,0.016785,-0.857974,-1.026349,-1.701321,1.498593,0.020219,0.026894
1.800000,0.019154,0.036793,-0.022624,0.098067,-1.277198,0.062294,-0.688438,0.026962,0.019247,-0.825499,-1.017934,-1.645914,1.475391,0.023552,0.026143
1.833333,0.024121,0.038765,0.004534,0.068713,-1.276744,0.015531,-0.659788,0.008559,0.023817,-0.793025,-0.969519,-1.557631,1.421739,0.028062,0.033218
1.866667,0.023904,0.044102,0.002596,0.051541,-1.275548,-0.034684,-0.606429,0.011007,0.034221,-0.729561,-0.920072,-1.457631,1.361739,0.022450,0.008509
1.900000,0.007714,0.048372,-0.000595,0.033641,-1.302733,-0.044898,-0.544922,0.005192,0.027600,-0.649827,-0.854475,-1.357631,1.301739,0.034259,0.002817
1.933333,0.008376,0.038395,0.003471,0.006041,-1.296679,-0.089380,-0.474058,0.010500,0.019208,-0.554515,-0.796465,-1.257631,1.202007,0.054367,-0.004342
1.966667,0.007532,0.055651,-0.009367,-0.004231,-1.308000,-0.133862,-0.388072,-0.003852,0.012032,-0.493912,-0.738455,-1.157631,1.133678,0.047808,-0.000458
2.000000,-0.024480,0.051607,-0.018710,0.013303,-1.311255,-0.154660,-0.333381,-0.004681,-0.002050,-0.433309,-0.703049,-1.057631,1.065349,0.042347,-0.011000
2.033333,-0.016492,0.044330,-0.015958,0.033870,-1.303999,-0.182725,-0.284513,-0.027374,-0.026959,-0.399794,-0.692062,-0.957631,1.018373,0.035281,-0.016974
2.066667,-0.004280,0.045204,-0.032608,0.019812,-1.256743,-0.224143,-0.262660,-0.022494,-0.020005,-0.388469,-0.682676,-0.857631,1.008219,-0.002502,-0.007522
2.100000,0.006388,0.048895,-0.044700,0.041531,-1.242727,-0.242656,-0.250371,-0.028932,-0.038832,-0.372455,-0.653468,-0.757631,0.997796,-0.032605,-0.010139
2.133333,0.010055,0.031639,-0.043618,0.050741,-1.211463,-0.232049,-0.232490,-0.035729,-0.040247,-0.336087,-0.626598,-0.681125,0.971041,-0.026066,-0.033613
2.166667,0.032616,0.024790,-0.041476,0.034238,-1.184979,-0.253309,-0.215880,-0.043117,-0.055212,-0.330637,-0.611354,-0.604620,0.951677,-0.033803,-0.036112
2.200000,0.026748,0.025572,-0.040360,0.028022,-1.197071,-0.259790,-0.195925,-0.027584,-0.044350,-0.298100,-0.597714,-0.554524,0.943028,-0.021794,-0.016769
2.233333,0.012917,0.037253,-0.013574,0.044006,-1.221777,-0.252918,-0.157080,-0.021138,-0.036132,-0.268770,-0.591670,-0.527349,0.936125,0.012786,-0.010861
2.266667,0.023775,0.055972,0.013211,0.024214,-1.234393,-0.228952,-0.108673,-0.007961,0.002780,-0.244306,-0.624543,-0.540174,0.969223,0.010300,-0.001664
2.300000,0.020564,0.064584,0.034085,0.012695,-1.252643,-0.234106,-0.091842,0.007965,0.023063,-0.245488,-0.666968,-0.569505,1.012143,0.002795,0.015936
2.333333,0.009540,0.065746,0.028989,0.034242,-1.255161,-0.217107,-0.082446,0.038760,0.040418,-0.255751,-0.715162,-0.638835,1.087672,0.005111,0.026359
2.366667,0.000008,0.081103,0.035408,0.030288,-1.250670,-0.174887,-0.099848,0.035100,0.057773,-0.306014,-0.770744,-0.721755,1.171134,0.002208,0.036344
2.400000,0.010327,0.062003,0.037574,0.027376,-1.266824,-0.142586,-0.149122,0.026445,0.043669,-0.370879,-0.819305,-0.821755,1.245923,-0.002603,0.031394
2.433333,0.005590,0.047831,0.009209,0.036047,-1.278741,-0.110285,-0.238396,0.019316,0.029566,-0.470879,-0.837287,-0.921755,1.305285,0.007873,0.028778
2.466667,0.003017,0.046653,-0.020854,0.034582,-1.273212,-0.064290,-0.327671,0.028537,0.015462,-0.534616,-0.867191,-1.021755,1.353865,-0.008308,0.046621
2.500000,-0.002460,0.047317,-0.012277,0.015172,-1.295465,-0.027327,-0.396015,0.017044,0.025364,-0.598353,-0.895558,-1.121755,1.393636,-0.010799,0.043823
2.533333,-0.000493,0.036305,-0.023901,0.035762,-1.317173,-0.010178,-0.452320,0.028950,0.029161,-0.640409,-0.928132,-1.221755,1.393407,-0.015005,0.037542
2.566667,-0.008198,0.032537,-0.030918,0.030910,-1.335008,-0.013192,-0.491773,0.049474,0.055872,-0.682465,-0.949302,-1.321755,1.403282,-0.037548,0.051215
2.600000,-0.016805,0.021155,-0.025656,0.042080,-1.331861,-0.021690,-0.510919,0.048880,0.042583,-0.701426,-0.983624,-1.415036,1.403551,-0.039535,0.035098
2.633333,-0.004523,0.013721,-0.000160,0.038303,-1.324166,-0.029537,-0.507670,0.034439,0.049981,-0.750649,-0.994135,-1.506201,1.394421,-0.021472,0.001919
2.666667,0.000588,0.020300,-0.011435,0.035379,-1.290589,-0.010573,-0.504573,0.039497,0.055953,-0.790053,-1.006185,-1.575615,1.385666,-0.029890,-0.014555
2.700000,0.000104,0.014754,-0.004222,0.022344,-1.264566,-0.010041,-0.505557,0.030778,0.043955,-0.811136,-1.001772,-1.611612,1.387855,-0.027889,-0.020801
2.733333,0.021009,0.014754,-0.020047,0.036338,-1.242571,0.020572,-0.483394,0.017196,0.027973,-0.832219,-1.025499,-1.642143,1.390043,-0.013692,-0.037929
2.766667,0.030365,0.020579,-0.035497,0.037057,-1.251320,0.016670,-0.460635,0.016026,0.017752,-0.836399,-1.028143,-1.639393,1.377265,-0.013451,-0.026299
2.800000,0.012418,0.024984,-0.042051,0.045283,-1.272188,-0.001577,-0.443074,0.018306,0.016569,-0.823195,-1.042483,-1.615682,1.367183,-0.014798,-0.016711
2.833333,0.002357,0.017017,-0.022815,0.045830,-1.291156,-0.059824,-0.433712,0.018096,0.007856,-0.806307,-1.029160,-1.580410,1.331470,-0.017736,0.010952
2.866667,0.002013,0.034164,-0.014305,0.016489,-1.305531,-0.114005,-0.405025,0.020350,0.023217,-0.799381,-1.034683,-1.561637,1.324815,-0.024306,0.023749
2.900000,-0.015350,0.038447,0.002853,-0.002330,-1.313429,-0.168187,-0.397684,0.012532,0.017118,-0.772423,-1.004561,-1.534542,1.282536,-0.016724,0.024863
2.933333,-0.025206,0.033846,0.017886,-0.008323,-1.307892,-0.197610,-0.391247,0.012302,0.025257,-0.765464,-0.992949,-1.527447,1.260257,-0.013965,0.016268
2.966667,-0.004260,0.029441,0.025495,-0.030775,-1.290236,-0.187033,-0.402005,0.032546,0.013243,-0.741889,-1.009642,-1.503427,1.248120,0.002437,0.002125
3.000000,0.019237,0.035740,0.023093,-0.063619,-1.308299,-0.136456,-0.425343,0.025640,0.026178,-0.720698,-1.053997,-1.484100,1.260652,0.013385,-0.008959
3.033333,0.028657,0.021678,0.014080,-0.096462,-1.297897,-0.051698,-0.486689,0.023047,0.009749,-0.697911,-1.098352,-1.447537,1.269861,0.018094,-0.024336
3.066667,0.021277,0.027850,0.006482,-0.169306,-1.285255,0.033061,-0.566689,0.014794,0.016991,-0.676364,-1.138352,-1.412653,1.314693,0.026655,-0.037925
3.100000,0.032352,0.031781,-0.002528,-0.269306,-1.252613,0.133061,-0.666689,-0.004924,0.009725,-0.651984,-1.198352,-1.390142,1.348493,0.026176,-0.041751
3.133333,0.019621,0.036671,-0.008900,-0.369306,-1.254884,0.233061,-0.766689,-0.025010,0.015066,-0.654114,-1.238685,-1.375247,1.379188,0.007382,-0.033460
3.166667,-0.008995,0.039510,-0.032922,-0.469306,-1.237162,0.333061,-0.866689,-0.021194,-0.009707,-0.641890,-1.239018,-1.379554,1.412671,0.012870,-0.048979
3.200000,-0.010331,0.047648,-0.048638,-0.569306,-1.217512,0.433061,-0.947716,-0.012512,-0.016829,-0.621836,-1.239351,-1.418015,1.423243,0.032536,-0.038056
3.233333,0.001692,0.042253,-0.039761,-0.669306,-1.213166,0.533061,-1.028743,-0.004565,-0.026314,-0.620574,-1.265863,-1.428587,1.410480,0.021092,-0.032581
3.266667,-0.012462,0.044542,-0.047410,-0.740990,-1.238568,0.633061,-1.094981,0.021193,-0.041289,-0.609740,-1.252375,-1.406785,1.406310,-0.000528,-0.027442
3.300000,-0.024236,0.065762,-0.046764,-0.812675,-1.247363,0.733061,-1.144668,0.028246,-0.038443,-0.612397,-1.258554,-1.417367,1.427695,-0.000906,-0.004392
3.333333,-0.005382,0.064281,-0.025607,-0.884359,-1.245308,0.833061,-1.168423,0.020569,-0.030805,-0.620696,-1.287125,-1.412341,1.422101,-0.007368,0.004630
3.366667,0.011060,0.053221,-0.007598,-0.938719,-1.238240,0.933061,-1.171151,0.031632,-0.011453,-0.656795,-1.281611,-1.401464,1.406170,-0.046374,-0.001076
3.400000,0.011745,0.071617,-0.007817,-0.962202,-1.231171,1.033061,-1.153496,0.032623,-0.013252,-0.652895,-1.249918,-1.430587,1.400787,-0.059202,0.019914
3.433333,0.026453,0.066248,0.011025,-1.001372,-1.218493,1.133061,-1.145450,0.028341,0.003925,-0.681399,-1.258225,-1.459711,1.417842,-0.036201,0.011477
3.466667,0.049303,0.053060,0.015109,-1.013384,-1.199819,1.233061,-1.140842,0.027601,0.002251,-0.709902,-1.261658,-1.478482,1.416230,-0.023987,-0.007639
3.500000,0.054225,0.052293,0.007213,-1.025396,-1.216266,1.333061,-1.142345,0.030204,0.011029,-0.727697,-1.242700,-1.515576,1.412598,-0.016608,0.012357
3.533333,0.043271,0.060628,0.010277,-1.014732,-1.252097,1.433061,-1.143848,0.009867,-0.002654,-0.723050,-1.257827,-1.518520,1.434572,0.002046,0.007082
3.566667,0.062732,0.055656,0.022023,-1.013980,-1.277850,1.525834,-1.139506,0.023425,0.009510,-0.743334,-1.309337,-1.481464,1.466283,0.016942,-0.005908
3.600000,0.067809,0.063689,0.032257,-1.005649,-1.305122,1.601842,-1.103608,0.036256,0.030606,-0.760093,-1.340142,-1.484408,1.473787,0.002270,-0.008936
3.633333,0.058586,0.051010,0.024366,-0.993327,-1.320798,1.659235,-1.080824,0.028728,0.031009,-0.736852,-1.335820,-1.461618,1.459959,-0.006463,-0.010663
3.666667,0.055214,0.054740,0.035114,-0.944000,-1.325409,1.716628,-1.037861,0.026388,0.036747,-0.737731,-1.357716,-1.416357,1.456251,-0.018434,-0.051502
3.700000,0.072296,0.047318,0.028373,-0.914872,-1.317949,1.739053,-1.020442,0.021561,0.024945,-0.754101,-1.374100,-1.403095,1.452011,-0.013490,-0.057681
3.733333,0.057660,0.033323,0.018066,-0.891504,-1.317867,1.743215,-1.013987,0.002734,0.022514,-0.745539,-1.356910,-1.396552,1.416100,-0.012186,-0.061367
3.766667,0.052048,0.030815,-0.008618,-0.848344,-1.303236,1.754893,-1.004268,-0.002652,0.023815,-0.700502,-1.321147,-1.350008,1.377894,-0.017927,-0.056951
3.800000,0.040603,0.050744,-0.000618,-0.836332,-1.303332,1.756616,-0.967132,0.005385,0.047329,-0.659102,-1.322679,-1.316169,1.340217,-0.018820,-0.037432
3.833333,0.036642,0.041039,-0.008142,-0.833649,-1.305845,1.734320,-0.961364,0.006851,0.040379,-0.609800,-1.323290,-1.272255,1.317889,-0.006882,-0.017913
3.866667,0.015914,0.036670,-0.026679,-0.810767,-1.320992,1.739535,-0.930052,0.031603,0.040912,-0.539113,-1.289412,-1.196340,1.306486,0.009656,0.000488
3.900000,0.014584,0.052183,-0.034628,-0.800236,-1.332928,1.735989,-0.909691,0.036460,0.025035,-0.482049,-1.292725,-1.123652,1.295351,0.021269,-0.001631
3.933333,0.003442,0.054709,-0.024809,-0.819853,-1.336648,1.724044,-0.915443,0.019906,-0.006711,-0.453054,-1.297249,-1.057128,1.270717,0.044095,-0.010942
3.966667,-0.002857,0.045336,-0.054991,-0.837368,-1.324927,1.740669,-0.948611,0.025818,-0.021125,-0.460423,-1.304479,-1.013987,1.285555,0.066922,-0.027552
4.000000,0.004812,0.064108,-0.067775,-0.845613,-1.311739,1.760325,-0.959380,0.016310,-0.019316,-0.442127,-1.290407,-1.010096,1.297427,0.067144,-0.025794
4.033333,0.008181,0.080004,-0.055406,-0.872261,-1.313738,1.747437,-0.986652,-0.002794,-0.003360,-0.463831,-1.307299,-1.046205,1.286695,0.044406,-0.041790
4.066667,-0.000869,0.093332,-0.061046,-0.868122,-1.309171,1.728801,-1.016312,-0.021898,0.005288,-0.511911,-1.300100,-1.112369,1.310417,0.029336,-0.052047
4.100000,0.000486,0.098950,-0.056119,-0.873836,-1.326827,1.727812,-1.041311,-0.021800,0.021676,-0.561280,-1.306063,-1.212369,1.364942,0.029090,-0.033174
4.133333,0.017188,0.097865,-0.024896,-0.873071,-1.344482,1.706878,-1.053528,-0.040632,0.019789,-0.588391,-1.285090,-1.302750,1.379468,-0.002436,-0.035440
4.166667,0.008706,0.107453,-0.012099,-0.884762,-1.340151,1.706932,-1.056777,-0.048614,0.024071,-0.639632,-1.260122,-1.390056,1.402040,-0.020110,-0.023210
4.200000,-0.001272,0.101270,-0.004084,-0.903830,-1.320332,1.734081,-1.083523,-0.044858,0.014295,-0.654890,-1.241932,-1.477363,1.407788,-0.028836,-0.001295
4.233333,0.019290,0.071842,0.002681,-0.938743,-1.288136,1.770837,-1.104875,-0.032161,0.000313,-0.670148,-1.247833,-1.525228,1.407921,-0.023788,0.008566
4.266667,0.030779,0.067665,-0.006297,-0.948305,-1.244298,1.781319,-1.104776,-0.011045,0.002819,-0.682116,-1.259332,-1.556285,1.409866,-0.044777,-0.002629
4.300000,0.043181,0.064917,-0.016959,-0.952623,-1.236656,1.811746,-1.106963,-0.005413,-0.010974,-0.700459,-1.257766,-1.591035,1.426587,-0.038252,0.011542
4.333333,0.049424,0.040966,-0.002410,-0.973421,-1.241457,1.824378,-1.122816,0.011270,-0.009505,-0.714693,-1.296201,-1.589338,1.443693,-0.020477,-0.007151
4.366667,0.078230,0.031253,0.001524,-0.987723,-1.247717,1.809915,-1.124439,0.008676,-0.003815,-0.764910,-1.316929,-1.564842,1.489009,-0.022078,-0.045339
4.400000,0.067035,0.036093,0.004652,-0.989076,-1.263628,1.816043,-1.116968,0.023731,0.009772,-0.775128,-1.330354,-1.565180,1.499939,-0.024191,-0.044071
4.433333,0.064496,0.032528,0.027023,-0.975779,-1.274601,1.848445,-1.109496,0.006957,0.001773,-0.766817,-1.323086,-1.568412,1.478418,-0.008975,-0.048820
4.466667,0.074268,0.041727,0.033877,-0.946606,-1.256880,1.880848,-1.072520,0.024598,0.019986,-0.748304,-1.321352,-1.561307,1.456638,-0.016700,-0.050458
4.500000,0.090492,0.053982,0.041137,-0.916945,-1.258816,1.891047,-1.061879,0.023549,0.000545,-0.725518,-1.316621,-1.555752,1.410024,-0.020058,-0.041903
4.533333,0.066716,0.063131,0.036586,-0.885180,-1.278747,1.901245,-1.060897,0.013078,-0.008571,-0.662731,-1.291855,-1.534340,1.371730,-0.008272,-0.008836
4.566667,0.045941,0.079737,0.022609,-0.884160,-1.273882,1.911659,-1.076326,0.012486,0.003601,-0.639945,-1.274392,-1.498433,1.373436,-0.011548,0.010667
4.600000,0.044050,0.088121,0.013229,-0.911422,-1.285581,1.904911,-1.091756,0.011584,0.020082,-0.635497,-1.291644,-1.476439,1.389254,-0.006989,0.023031
4.633333,0.019025,0.071958,-0.001480,-0.934186,-1.302531,1.858163,-1.123722,0.010681,0.006459,-0.643357,-1.303360,-1.431755,1.390556,0.007386,0.015507
4.666667,0.018892,0.066351,-0.047132,-0.925450,-1.308458,1.851416,-1.115688,0.019476,0.014034,-0.635456,-1.318075,-1.425044,1.421363,0.013686,0.010988
4.700000,0.023535,0.066058,-0.052784,-0.939533,-1.288718,1.865691,-1.100562,0.032762,0.017577,-0.659855,-1.337490,-1.422862,1.415642,0.022294,0.006964
4.733333,0.056199,0.050201,-0.043559,-0.913617,-1.276557,1.849849,-1.063263,0.025237,0.006414,-0.671370,-1.356149,-1.411168,1.369920,0.024365,-0.019324
4.766667,0.048864,0.050212,-0.047064,-0.899371,-1.279297,1.851168,-1.038134,0.023512,0.011229,-0.676137,-1.360649,-1.359545,1.349920,0.026285,-0.012536
4.800000,0.060072,0.050212,-0.035789,-0.894483,-1.285892,1.862170,-1.036184,0.013126,0.014512,-0.654685,-1.365148,-1.324438,1.338208,0.026519,-0.016487
4.833333,0.064271,0.053322,-0.004385,-0.921827,-1.277056,1.844123,-1.034234,-0.000584,0.025287,-0.645194,-1.349742,-1.268267,1.286496,0.028431,-0.008896
4.866667,0.063693,0.061101,-0.002939,-0.927120,-1.268963,1.820456,-1.003946,0.007156,0.039494,-0.603403,-1.330542,-1.219059,1.248542,0.018585,-0.032290
4.900000,0.045786,0.065651,-0.003518,-0.932414,-1.293291,1.836493,-0.994407,0.007189,0.040976,-0.560711,-1.312098,-1.175233,1.241466,0.024686,-0.032469
4.933333,0.046852,0.057956,0.005407,-0.932868,-1.291507,1.812530,-0.977507,0.018281,0.039090,-0.529583,-1.307982,-1.133708,1.216162,0.036814,-0.035017
4.966667,0.044941,0.077284,-0.004212,-0.918163,-1.312659,1.778884,-0.946610,0.009910,0.039206,-0.536621,-1.303866,-1.089210,1.212323,0.027519,-0.025289
5.000000,0.014629,0.073196,-0.014989,-0.877592,-1.336994,1.759946,-0.932261,0.010551,0.025312,-0.531697,-1.313177,-1.038128,1.208484,0.022013,-0.036732
5.033333,0.024317,0.064217,-0.012168,-0.838693,-1.349365,1.725606,-0.924072,-0.015370,0.003803,-0.543721,-1.341169,-0.987519,1.210897,0.014647,-0.042157
5.066667,0.035880,0.067352,-0.027822,-0.835253,-1.324552,1.672073,-0.904462,-0.012350,0.009726,-0.551550,-1.360167,-0.946000,1.219909,-0.023266,-0.034425
5.100000,0.043259,0.069674,-0.039919,-0.796700,-1.325850,1.636230,-0.881879,-0.021097,-0.011011,-0.528683,-1.354001,-0.902108,1.207147,-0.052217,-0.040306
5.133333,0.046836,0.050346,-0.039388,-0.777506,-1.303548,1.639050,-0.855684,-0.031690,-0.016695,-0.484608,-1.353728,-0.859042,1.168073,-0.044568,-0.067835
5.166667,0.072491,0.042922,-0.034711,-0.788591,-1.276762,1.629330,-0.850711,-0.043048,-0.034648,-0.464248,-1.359933,-0.803624,1.128999,-0.053501,-0.073142
5.200000,0.067928,0.046408,-0.034005,-0.803734,-1.287765,1.640853,-0.844016,-0.028197,-0.026504,-0.431925,-1.370939,-0.751386,1.107992,-0.039649,-0.055300
5.233333,0.058458,0.060364,-0.006492,-0.792066,-1.313863,1.671568,-0.810166,-0.025791,-0.022775,-0.391790,-1.370939,-0.683292,1.065944,-0.001837,-0.055905
5.266667,0.074199,0.087521,0.021021,-0.820397,-1.323622,1.724594,-0.774481,-0.020855,0.012279,-0.351654,-1.381221,-0.615198,1.046035,0.000597,-0.048120
5.300000,0.074954,0.108761,0.041431,-0.839014,-1.346589,1.738956,-0.756688,-0.013699,0.030277,-0.316926,-1.399971,-0.531688,1.022684,-0.000295,-0.035223
5.333333,0.065358,0.117731,0.033433,-0.831665,-1.357313,1.765106,-0.714815,0.009000,0.045863,-0.263578,-1.404361,-0.448179,1.014294,0.007994,-0.029076
5.366667,0.056538,0.139109,0.040675,-0.840637,-1.365599,1.810015,-0.672226,-0.005189,0.061448,-0.237704,-1.403273,-0.348179,1.007827,0.012561,-0.026198
5.400000,0.066541,0.124074,0.040039,-0.851162,-1.378411,1.820027,-0.669637,-0.019368,0.049060,-0.217508,-1.396672,-0.248179,0.984924,0.013583,-0.030663
5.433333,0.059398,0.108228,0.009531,-0.847946,-1.387563,1.822304,-0.704077,-0.029789,0.036671,-0.231736,-1.374630,-0.148179,0.940994,0.029063,-0.036126
5.466667,0.055874,0.106551,-0.020397,-0.854260,-1.384073,1.834614,-0.723686,-0.021412,0.024283,-0.223598,-1.360419,-0.073885,0.902942,0.017771,-0.018357
5.500000,0.048918,0.110677,-0.012199,-0.871139,-1.404073,1.832879,-0.730726,-0.033186,0.040826,-0.232752,-1.355392,0.000409,0.873963,0.020604,-0.019630
5.533333,0.053128,0.102849,-0.025122,-0.848019,-1.406510,1.810968,-0.748448,-0.021899,0.047476,-0.225900,-1.356480,0.052928,0.805769,0.018696,-0.026514
5.566667,0.046684,0.100360,-0.030075,-0.854697,-1.406510,1.811672,-0.751601,-0.002424,0.075516,-0.239162,-1.363081,0.096312,0.773671,-0.003628,-0.015396
5.600000,0.043150,0.093611,-0.024420,-0.857162,-1.406510,1.804257,-0.732375,-0.002188,0.063556,-0.224635,-1.380968,0.129341,0.749778,-0.005030,-0.034554
5.633333,0.055479,0.086293,0.002565,-0.874970,-1.390000,1.809677,-0.704809,-0.013033,0.070151,-0.247151,-1.376662,0.148077,0.720676,0.009123,-0.069164
5.666667,0.063610,0.096674,-0.007918,-0.896013,-1.361201,1.844232,-0.691100,-0.008218,0.075845,-0.277859,-1.377534,0.144190,0.695915,-0.001706,-0.090786
5.700000,0.069750,0.097251,0.001726,-0.951511,-1.352402,1.898964,-0.685842,-0.018396,0.066137,-0.292114,-1.373775,0.162078,0.670370,-0.000970,-0.101888
5.733333,0.096503,0.102240,-0.012022,-0.967009,-1.349444,1.939020,-0.656342,-0.034408,0.051054,-0.306369,-1.373775,0.149102,0.648729,0.014045,-0.126001
5.766667,0.107556,0.115008,-0.023004,-0.996631,-1.349444,1.954930,-0.646044,-0.038102,0.042636,-0.315051,-1.377930,0.140946,0.617772,0.015298,-0.119145
5.800000,0.098621,0.130528,-0.027598,-1.031734,-1.369444,1.987973,-0.658648,-0.038784,0.045910,-0.319254,-1.402085,0.153820,0.590441,0.013025,-0.119421
5.833333,0.091994,0.124157,-0.006193,-1.068444,-1.378243,2.003881,-0.685771,-0.039823,0.036724,-0.324366,-1.398111,0.173441,0.546111,0.008689,-0.093307
5.866667,0.087827,0.140002,0.004153,-1.110698,-1.382145,1.992352,-0.690037,-0.034445,0.052834,-0.348415,-1.401870,0.174051,0.541782,0.001214,-0.086388
5.900000,0.070520,0.148797,0.022906,-1.152952,-1.381050,2.007782,-0.733044,-0.043754,0.050528,-0.350777,-1.400697,0.174660,0.517930,0.005725,-0.089576
5.933333,0.063150,0.144778,0.038156,-1.171286,-1.376996,2.055383,-0.762198,-0.045381,0.061556,-0.372078,-1.399524,0.148761,0.514078,0.003996,-0.103734
5.966667,0.058363,0.124405,0.040853,-1.149620,-1.352943,2.062985,-0.791622,-0.029987,0.042338,-0.400813,-1.378352,0.101832,0.545933,0.022158,-0.087791
6.000000,0.061150,0.113450,0.033099,-1.101868,-1.364748,2.047721,-0.831551,-0.031577,0.045982,-0.438064,-1.345309,0.030778,0.606410,0.033424,-0.074147
6.033333,0.048665,0.084843,0.017142,-1.014116,-1.352804,2.019894,-0.911480,-0.032049,0.016528,-0.496375,-1.319890,-0.061264,0.666888,0.039181,-0.057906
6.066667,0.015734,0.072805,0.002027,-0.926363,-1.341630,1.952066,-0.991480,-0.033341,0.008782,-0.576375,-1.275644,-0.153306,0.746888,0.049081,-0.039227
6.100000,0.001449,0.057928,-0.014299,-0.826363,-1.310457,1.852066,-1.067256,-0.046222,-0.011350,-0.673846,-1.249935,-0.253306,0.846888,0.050868,-0.011345
6.133333,-0.012326,0.058146,-0.022296,-0.736360,-1.310446,1.752066,-1.119453,-0.059103,-0.010472,-0.753789,-1.244942,-0.353306,0.946888,0.032876,-0.002210
6.166667,-0.044670,0.060875,-0.046499,-0.648625,-1.289027,1.652066,-1.142227,-0.055952,-0.037322,-0.810450,-1.239950,-0.453306,1.046888,0.040056,-0.015706
6.200000,-0.045470,0.065193,-0.063184,-0.600891,-1.256797,1.552066,-1.137482,-0.047257,-0.042894,-0.827112,-1.239012,-0.553306,1.128947,0.058014,-0.003412
6.233333,-0.032768,0.058186,-0.054252,-0.565436,-1.242951,1.452066,-1.129389,-0.039619,-0.049931,-0.841968,-1.264002,-0.653306,1.188320,0.047382,0.002826
6.266667,-0.052437,0.059933,-0.064063,-0.529981,-1.259467,1.352066,-1.125011,-0.016912,-0.064583,-0.823692,-1.250455,-0.753306,1.223520,0.026902,0.011670
6.300000,-0.064120,0.079773,-0.065943,-0.524529,-1.261250,1.252066,-1.131105,-0.011665,-0.060244,-0.822943,-1.256191,-0.853306,1.258719,0.027778,0.036950
6.333333,-0.045136,0.077420,-0.046071,-0.540651,-1.250180,1.152066,-1.146220,-0.019857,-0.050386,-0.817881,-1.284337,-0.953306,1.253919,0.019354,0.047784
6.366667,-0.028210,0.067182,-0.028300,-0.545223,-1.238569,1.052066,-1.148854,-0.009195,-0.028709,-0.837032,-1.278900,-1.053306,1.228104,-0.018890,0.042419
6.400000,-0.028266,0.085422,-0.029954,-0.549504,-1.226959,0.985822,-1.144108,-0.008782,-0.029512,-0.817989,-1.247536,-1.153306,1.205341,-0.032870,0.064972
6.433333,-0.007057,0.079375,-0.010365,-0.586872,-1.208501,0.938627,-1.158308,-0.011340,-0.011231,-0.834122,-1.256172,-1.253306,1.206752,-0.011976,0.055717
6.466667,0.017023,0.068060,-0.004253,-0.602513,-1.184290,0.922900,-1.181443,-0.010421,-0.012142,-0.850255,-1.263768,-1.353306,1.192782,-0.001940,0.035992
6.500000,0.022413,0.067692,-0.011617,-0.634312,-1.198481,0.918493,-1.210616,-0.006862,-0.004071,-0.860472,-1.248954,-1.453306,1.186737,0.005479,0.053470
6.533333,0.011334,0.075684,-0.008216,-0.648497,-1.227408,0.944511,-1.246950,-0.027420,-0.018831,-0.858015,-1.266133,-1.553306,1.214092,0.023264,0.047147
6.566667,0.030815,0.069654,0.006667,-0.675924,-1.243384,0.946847,-1.277009,-0.010281,-0.008614,-0.883888,-1.317926,-1.653306,1.260439,0.037959,0.031292
6.600000,0.035366,0.077339,0.017118,-0.693380,-1.259268,0.955391,-1.276976,0.004708,0.010674,-0.905687,-1.349400,-1.753306,1.280490,0.024748,0.026697
6.633333,0.024997,0.064631,0.010335,-0.705104,-1.264476,0.958662,-1.281117,-0.001631,0.009237,-0.887486,-1.341914,-1.827307,1.275923,0.016397,0.022681
6.666667,0.021907,0.067094,0.022798,-0.684680,-1.250678,0.990611,-1.259619,-0.001527,0.010518,-0.902796,-1.356564,-1.883178,1.291977,0.005662,-0.018539
6.700000,0.038878,0.059178,0.017244,-0.676366,-1.230347,1.006942,-1.266153,-0.001952,-0.005370,-0.930095,-1.371178,-1.929319,1.300151,0.010229,-0.026068
6.733333,0.025274,0.046265,0.006526,-0.673504,-1.219916,1.037650,-1.276856,-0.022120,-0.009207,-0.929064,-1.351178,-1.940915,1.277218,0.012186,-0.029955
6.766667,0.018096,0.044556,-0.018096,-0.648098,-1.194306,1.072549,-1.286263,-0.026255,-0.007762,-0.894069,-1.311498,-1.922795,1.261999,0.005138,-0.026814
6.800000,0.007337,0.063717,-0.009538,-0.650150,-1.181505,1.099244,-1.272810,-0.015967,0.014081,-0.869286,-1.305298,-1.904121,1.246780,0.004087,-0.007333
6.833333,0.002247,0.057330,-0.017110,-0.663283,-1.179700,1.097549,-1.295394,-0.015466,0.007998,-0.841142,-1.299941,-1.885449,1.240672,0.014944,0.012149
6.866667,-0.019917,0.050667,-0.034537,-0.653470,-1.186529,1.105916,-1.286729,0.009683,0.010071,-0.789469,-1.256401,-1.861207,1.248000,0.028942,0.032785
6.900000,-0.022303,0.063023,-0.041714,-0.643443,-1.192151,1.089831,-1.286566,0.016877,-0.006832,-0.765974,-1.252861,-1.854571,1.271666,0.036773,0.030736
6.933333,-0.033602,0.062578,-0.032471,-0.660364,-1.196196,1.057330,-1.301244,0.002753,-0.040786,-0.765271,-1.249321,-1.838273,1.273912,0.056305,0.022036
6.966667,-0.042031,0.055820,-0.063228,-0.669928,-1.187432,1.046840,-1.330950,0.009516,-0.055221,-0.794356,-1.252300,-1.820522,1.316158,0.075837,0.006454
7.000000,-0.035383,0.074012,-0.076017,-0.660559,-1.183266,1.038957,-1.324619,0.002588,-0.054793,-0.786803,-1.237034,-1.820900,1.332380,0.075722,0.007895
7.033333,-0.032677,0.094099,-0.064881,-0.663706,-1.202023,1.006207,-1.315424,-0.018969,-0.038649,-0.803508,-1.255671,-1.820878,1.318818,0.055025,-0.008876
7.066667,-0.044255,0.111649,-0.073603,-0.638122,-1.218646,0.973457,-1.297916,-0.040526,-0.030009,-0.829207,-1.249466,-1.827581,1.316303,0.043179,-0.016146
7.100000,-0.041985,0.119674,-0.068618,-0.625018,-1.261495,0.967675,-1.276435,-0.043928,-0.011602,-0.849746,-1.260901,-1.873661,1.342637,0.044526,0.004945
7.133333,-0.025031,0.118018,-0.037723,-0.605750,-1.304343,0.924788,-1.245263,-0.066778,-0.012845,-0.847456,-1.247799,-1.914607,1.328971,0.016314,0.000682
7.166667,-0.032675,0.127758,-0.025802,-0.602007,-1.313430,0.907684,-1.214092,-0.076368,-0.005952,-0.867438,-1.229964,-1.950284,1.335951,-0.001187,0.013687
7.200000,-0.043413,0.121845,-0.018223,-0.607508,-1.302678,0.909671,-1.218503,-0.071330,-0.014871,-0.867911,-1.217647,-2.001660,1.332717,-0.008800,0.034049
7.233333,-0.022008,0.092044,-0.010766,-0.633980,-1.275324,0.923572,-1.223085,-0.059433,-0.026284,-0.871214,-1.230173,-2.030208,1.326474,-0.002710,0.041273
7.266667,-0.009494,0.090765,-0.019645,-0.635407,-1.227767,0.907907,-1.209749,-0.038763,-0.023849,-0.871954,-1.251452,-2.030775,1.315459,-0.021512,0.025092
7.300000,0.004114,0.086352,-0.030988,-0.634417,-1.215380,0.929348,-1.198310,-0.031923,-0.036984,-0.883984,-1.257267,-2.060853,1.324415,-0.014201,0.040158
7.333333,0.009913,0.060385,-0.015899,-0.650033,-1.219154,0.935072,-1.200227,-0.015862,-0.035396,-0.894999,-1.303083,-2.059185,1.336708,0.004283,0.020932
7.366667,0.039820,0.046211,-0.011851,-0.662463,-1.225250,0.921705,-1.192611,-0.019348,-0.030565,-0.941264,-1.327701,-2.041600,1.389001,0.002620,-0.017014
7.400000,0.029728,0.051254,-0.008723,-0.661064,-1.239133,0.928862,-1.179775,-0.002944,-0.018791,-0.947528,-1.344920,-2.037275,1.408666,0.000498,-0.016141
7.433333,0.025115,0.045344,0.013447,-0.644784,-1.248553,0.965584,-1.166940,-0.018576,-0.027601,-0.945923,-1.335746,-2.051100,1.404253,0.014727,-0.018911
7.466667,0.033264,0.054339,0.021397,-0.613394,-1.230047,1.002306,-1.129730,-0.000930,-0.009314,-0.930694,-1.332127,-2.056194,1.384770,0.006821,-0.020689
7.500000,0.050298,0.067215,0.027780,-0.582238,-1.232554,1.014744,-1.119164,-0.003315,-0.028748,-0.908407,-1.326615,-2.063790,1.343574,0.004297,-0.012884
7.533333,0.027332,0.080333,0.022653,-0.549092,-1.252820,1.027182,-1.121470,-0.014509,-0.039214,-0.846554,-1.302877,-2.060778,1.302379,0.014462,0.021182
7.566667,0.004665,0.097596,0.007608,-0.547066,-1.248291,1.030693,-1.141470,-0.016175,-0.027647,-0.824701,-1.286538,-2.050997,1.301183,0.011867,0.041814
7.600000,0.001442,0.105918,-0.003224,-0.572307,-1.259618,1.018732,-1.161470,-0.018377,-0.012130,-0.822387,-1.301197,-2.051046,1.320700,0.018048,0.054978
7.633333,-0.021932,0.090064,-0.018930,-0.596603,-1.277380,0.968538,-1.211168,-0.020578,-0.026330,-0.833498,-1.310301,-2.023457,1.338191,0.031552,0.047083
7.666667,-0.021784,0.084679,-0.064226,-0.588536,-1.282288,0.958343,-1.220866,-0.008595,-0.019979,-0.831499,-1.321298,-2.030380,1.381776,0.036955,0.044337
7.700000,-0.017646,0.083984,-0.069522,-0.603884,-1.260809,0.972875,-1.224588,0.005091,-0.015793,-0.865110,-1.332924,-2.038102,1.393185,0.045704,0.039938
7.733333,0.016615,0.068015,-0.059375,-0.583798,-1.248169,0.967796,-1.210677,-0.002908,-0.025170,-0.885818,-1.341067,-2.037985,1.367139,0.046654,0.014153
7.766667,0.010876,0.067617,-0.061504,-0.576370,-1.251448,0.978189,-1.207863,-0.002667,-0.021658,-0.907545,-1.336307,-2.007966,1.360381,0.046191,0.021082
7.800000,0.021667,0.067220,-0.048746,-0.582296,-1.259555,1.001040,-1.215352,-0.011019,-0.020306,-0.901009,-1.331547,-2.008139,1.373829,0.046787,0.019315
7.833333,0.024989,0.069864,-0.017307,-0.627147,-1.255752,1.001855,-1.228170,-0.025641,-0.010919,-0.920847,-1.301648,-2.001213,1.348076,0.049381,0.028920
7.866667,0.024322,0.078201,-0.014475,-0.654782,-1.250333,0.997897,-1.206964,-0.017825,0.002669,-0.906203,-1.271121,-1.997779,1.337428,0.040273,0.008647
7.900000,0.006566,0.081580,-0.011723,-0.677851,-1.276075,1.030038,-1.203392,-0.014844,0.002744,-0.898438,-1.244077,-2.005798,1.358375,0.045683,0.009192
7.933333,0.006271,0.072177,-0.002002,-0.700920,-1.274077,1.025943,-1.201255,-0.002899,0.000347,-0.895970,-1.232492,-2.013579,1.362191,0.057687,0.007953
7.966667,0.002894,0.092120,-0.011519,-0.702629,-1.293073,1.007624,-1.188348,-0.010574,0.002406,-0.933190,-1.220906,-2.012763,1.374683,0.046888,0.018040
8.000000,-0.029048,0.088329,-0.020635,-0.677548,-1.309442,1.011340,-1.190674,-0.010544,-0.010620,-0.942950,-1.225331,-1.996996,1.386376,0.038955,0.007161
8.033333,-0.020990,0.077306,-0.017438,-0.649749,-1.313898,0.995103,-1.200231,-0.033637,-0.033616,-0.972434,-1.247517,-1.984784,1.394899,0.032468,0.001011
8.066667,-0.008805,0.078770,-0.034296,-0.657505,-1.279624,0.965464,-1.200137,-0.029878,-0.029535,-0.992759,-1.265137,-1.976445,1.408926,-0.004287,0.008864
8.100000,-0.000580,0.080257,-0.045848,-0.626710,-1.273089,0.949388,-1.199250,-0.037571,-0.050412,-0.978552,-1.252039,-1.971940,1.400083,-0.031348,0.003962
8.133333,0.004070,0.057808,-0.045792,-0.613163,-1.240760,0.969804,-1.191813,-0.044617,-0.057138,-0.947901,-1.244635,-1.966223,1.373240,-0.022273,-0.022510
8.166667,0.029165,0.046662,-0.041063,-0.625453,-1.204338,0.957733,-1.203813,-0.051791,-0.077367,-0.952795,-1.246360,-1.951097,1.355964,-0.031902,-0.029213
8.200000,0.024385,0.046202,-0.040289,-0.638166,-1.207831,0.964579,-1.219601,-0.035630,-0.069934,-0.941104,-1.254153,-1.951170,1.358393,-0.020942,-0.010690
8.233333,0.012102,0.056367,-0.013158,-0.621298,-1.226742,0.984828,-1.210737,-0.029107,-0.065520,-0.928566,-1.257950,-1.939040,1.350288,0.015272,-0.006774
8.266667,0.026320,0.077389,0.013973,-0.642981,-1.227795,1.012825,-1.190132,-0.018246,-0.029932,-0.916029,-1.292734,-1.943438,1.382182,0.013685,0.002506
8.300000,0.024427,0.093001,0.035116,-0.652324,-1.244246,1.004330,-1.186846,-0.009227,-0.012950,-0.911483,-1.321824,-1.935663,1.400323,0.008886,0.018002
8.333333,0.013055,0.098079,0.026844,-0.630859,-1.252184,1.000930,-1.165807,0.016722,0.004033,-0.882081,-1.340055,-1.921748,1.428130,0.016055,0.028529
8.366667,0.001851,0.115844,0.031582,-0.628906,-1.255581,1.018612,-1.133749,0.006673,0.021015,-0.883817,-1.339548,-1.911313,1.456473,0.019257,0.036527
8.400000,0.011272,0.096813,0.030401,-0.629704,-1.273700,1.003970,-1.135995,-0.006363,0.007193,-0.880318,-1.320887,-1.910336,1.455707,0.018251,0.031809
8.433333,0.005314,0.080876,-0.000908,-0.612541,-1.292064,0.996613,-1.172120,-0.016478,-0.006629,-0.909358,-1.272804,-1.879138,1.423795,0.033953,0.030043
8.466667,0.000715,0.078733,-0.031276,-0.609138,-1.289058,0.994140,-1.198054,-0.007648,-0.020451,-0.907163,-1.247085,-1.879730,1.403508,0.023218,0.050295
8.500000,-0.007137,0.079489,-0.023985,-0.620473,-1.312042,0.993446,-1.205063,-0.019825,-0.007644,-0.920586,-1.226671,-1.898647,1.393227,0.024008,0.050609
8.533333,-0.004282,0.069084,-0.036033,-0.591808,-1.331381,0.967368,-1.223632,-0.006367,-0.004953,-0.908758,-1.234374,-1.902594,1.342945,0.021700,0.047023
8.566667,-0.013027,0.062178,-0.043228,-0.590473,-1.346416,0.948327,-1.228726,0.015316,0.022403,-0.918194,-1.244016,-1.913836,1.332662,-0.001405,0.061912
8.600000,-0.022984,0.051180,-0.039077,-0.578336,-1.345039,0.922306,-1.211426,0.016564,0.009758,-0.905622,-1.265859,-1.939461,1.331939,-0.003573,0.044824
8.633333,-0.013773,0.040128,-0.013900,-0.576424,-1.335925,0.905421,-1.178767,0.005479,0.016569,-0.926545,-1.265337,-1.961998,1.324620,0.011563,0.011209
8.666667,-0.008854,0.045896,-0.024910,-0.570156,-1.303056,0.914150,-1.156085,0.011525,0.022760,-0.948709,-1.270370,-1.983705,1.325103,0.003114,-0.006023
8.700000,-0.009655,0.038804,-0.019257,-0.578545,-1.278373,0.912967,-1.149828,0.002627,0.012694,-0.960284,-1.262048,-1.988316,1.340344,0.004395,-0.012259
8.733333,0.010560,0.039981,-0.033753,-0.560621,-1.259411,0.930757,-1.117046,-0.014021,-0.001871,-0.971858,-1.278502,-2.000610,1.355586,0.019083,-0.030377
8.766667,0.018830,0.046105,-0.047076,-0.556966,-1.265193,0.923168,-1.096554,-0.016929,-0.011849,-0.972902,-1.284538,-1.998518,1.352415,0.018253,-0.019155
8.800000,0.002604,0.054855,-0.054842,-0.553064,-1.280397,0.919907,-1.096830,-0.018169,-0.011858,-0.959000,-1.307145,-1.986945,1.364676,0.015134,-0.009820
8.833333,-0.005481,0.046264,-0.036828,-0.557970,-1.293366,0.880157,-1.112639,-0.018818,-0.024371,-0.945069,-1.300253,-1.960519,1.347995,0.011128,0.020069
8.866667,-0.005996,0.061565,-0.026589,-0.588218,-1.298542,0.838733,-1.100462,-0.014596,-0.010511,-0.941363,-1.313509,-1.952438,1.356556,-0.000519,0.030461
8.900000,-0.022934,0.067137,-0.009745,-0.608725,-1.294342,0.803623,-1.118940,-0.021845,-0.018103,-0.915661,-1.294074,-1.938582,1.335076,0.004578,0.028894
8.933333,-0.031336,0.062242,0.004709,-0.618551,-1.279422,0.803573,-1.133643,-0.022835,-0.010282,-0.909959,-1.288455,-1.944726,1.333597,0.005348,0.017988
8.966667,-0.009381,0.051075,0.017866,-0.609258,-1.262246,0.825175,-1.113128,-0.002703,-0.018254,-0.885708,-1.274742,-1.923441,1.311656,0.023141,0.009725
9.000000,0.015017,0.052523,0.021006,-0.613611,-1.285070,0.883266,-1.063812,-0.008428,0.000268,-0.853387,-1.260792,-1.897113,1.282881,0.033458,0.000574
9.033333,0.025367,0.037186,0.016356,-0.612541,-1.311129,0.978327,-1.042991,-0.012900,-0.010758,-0.820537,-1.243315,-1.844505,1.250972,0.042553,-0.008810
9.066667,0.018159,0.040997,0.012621,-0.620152,-1.334292,1.073387,-1.020667,-0.021017,-0.000348,-0.790233,-1.218530,-1.768107,1.249104,0.053799,-0.014289
9.100000,0.028980,0.040014,0.007803,-0.628333,-1.337455,1.173387,-0.988377,-0.039657,-0.003168,-0.755942,-1.211750,-1.704447,1.232924,0.056084,-0.010319
9.133333,0.016436,0.046821,0.001416,-0.661791,-1.371811,1.252510,-0.974160,-0.058954,0.002024,-0.747413,-1.216284,-1.642641,1.225983,0.038307,-0.001157
9.166667,-0.014080,0.051017,-0.022205,-0.655490,-1.382305,1.331632,-0.973224,-0.056025,-0.022896,-0.741558,-1.210554,-1.609511,1.248184,0.046403,-0.013510
9.200000,-0.015157,0.056442,-0.038097,-0.654613,-1.358023,1.398358,-0.957326,-0.048007,-0.029421,-0.726007,-1.205168,-1.616381,1.240149,0.066791,-0.000653
9.233333,-0.002616,0.049182,-0.028909,-0.653103,-1.353189,1.425083,-0.947870,-0.039865,-0.037967,-0.728874,-1.225989,-1.619649,1.208888,0.056536,0.005465
9.266667,-0.016587,0.051548,-0.037423,-0.636199,-1.373189,1.411809,-0.947316,-0.018181,-0.053284,-0.723619,-1.208805,-1.590180,1.189393,0.035435,0.014515
9.300000,-0.030509,0.073528,-0.037566,-0.624488,-1.374829,1.392640,-0.950817,-0.012503,-0.050243,-0.732601,-1.211830,-1.598856,1.200660,0.035869,0.038904
9.333333,-0.012293,0.070847,-0.017680,-0.626530,-1.367437,1.350660,-0.959073,-0.020529,-0.039847,-0.729371,-1.236051,-1.590337,1.181745,0.029057,0.048757
9.366667,0.003750,0.061534,-0.000665,-0.610167,-1.359377,1.282909,-0.953796,-0.010457,-0.018298,-0.747145,-1.229821,-1.574869,1.159793,-0.008981,0.042994
9.400000,0.003391,0.080698,-0.002339,-0.592257,-1.351318,1.250583,-0.934749,-0.009853,-0.017264,-0.725952,-1.197385,-1.599402,1.139246,-0.023797,0.066278
9.433333,0.018331,0.075043,0.016271,-0.604816,-1.338053,1.232831,-0.933476,-0.011426,0.003200,-0.731423,-1.204949,-1.623934,1.141244,-0.001794,0.057181
9.466667,0.042621,0.059533,0.019101,-0.592535,-1.314443,1.230989,-0.943822,-0.010639,0.004253,-0.736894,-1.210824,-1.625862,1.125946,0.008956,0.037689
9.500000,0.047106,0.057287,0.010682,-0.606261,-1.323727,1.220647,-0.960322,-0.007125,0.011291,-0.735733,-1.195505,-1.649348,1.116456,0.016173,0.054934
9.533333,0.035941,0.063881,0.013377,-0.605862,-1.346040,1.232822,-0.981620,-0.025980,-0.001639,-0.723206,-1.213399,-1.639783,1.137212,0.032604,0.048429
9.566667,0.055713,0.056377,0.026741,-0.622243,-1.353524,1.215375,-1.001603,-0.009728,0.008946,-0.740027,-1.271294,-1.602257,1.179790,0.046479,0.034019
9.600000,0.060466,0.063287,0.036211,-0.629730,-1.365350,1.208940,-0.991450,0.005674,0.028277,-0.756018,-1.302130,-1.604732,1.197013,0.032083,0.030746
9.633333,0.050306,0.050778,0.029532,-0.633616,-1.367520,1.193438,-0.987551,-0.000430,0.027020,-0.732008,-1.294655,-1.592876,1.191532,0.023828,0.028696
9.666667,0.048136,0.052453,0.041339,-0.602355,-1.351931,1.209249,-0.959431,0.000903,0.031383,-0.744718,-1.307897,-1.572120,1.212562,0.009780,-0.010091
9.700000,0.065547,0.042734,0.035716,-0.583536,-1.331837,1.206095,-0.955790,-0.001325,0.015714,-0.773607,-1.321555,-1.583083,1.227860,0.015469,-0.017002
9.733333,0.049445,0.028819,0.025166,-0.569143,-1.323081,1.216026,-0.957103,-0.019723,0.011297,-0.773148,-1.295214,-1.593336,1.214847,0.017269,-0.020285
9.766667,0.040348,0.027364,0.000321,-0.533173,-1.301063,1.224240,-0.952959,-0.023380,0.011237,-0.744794,-1.255931,-1.578644,1.210238,0.010328,-0.017034
9.800000,0.029442,0.045596,0.008754,-0.525645,-1.293519,1.227633,-0.924967,-0.012284,0.032940,-0.729092,-1.249607,-1.578949,1.205641,0.008499,0.002392
9.833333,0.022760,0.036786,0.001750,-0.521145,-1.296236,1.198113,-0.929969,-0.009577,0.025794,-0.712890,-1.247690,-1.582603,1.208499,0.018618,0.021819
9.866667,-0.002072,0.034290,-0.016832,-0.496732,-1.309728,1.186685,-0.910682,0.017062,0.025322,-0.670870,-1.205774,-1.581003,1.223249,0.032122,0.044634
9.900000,-0.004017,0.050087,-0.024056,-0.478956,-1.322016,1.158097,-0.902118,0.024765,0.008431,-0.657651,-1.203857,-1.590286,1.251010,0.041402,0.043186
9.933333,-0.014126,0.048234,-0.014574,-0.489527,-1.329887,1.121103,-0.915057,0.010688,-0.025661,-0.665719,-1.201941,-1.587819,1.255721,0.061730,0.035934
9.966667,-0.021366,0.038837,-0.045092,-0.494336,-1.323284,1.108858,-0.949865,0.017666,-0.041517,-0.701135,-1.207066,-1.580099,1.300422,0.082058,0.020915
10.000000,-0.013153,0.058859,-0.057676,-0.493251,-1.316705,1.107880,-0.951679,0.008621,-0.041002,-0.697051,-1.191321,-1.584888,1.316621,0.085376,0.023081
10.033333,-0.008720,0.075230,-0.045436,-0.509265,-1.330532,1.083426,-0.955320,-0.013755,-0.024769,-0.720169,-1.206920,-1.582700,1.305600,0.065553,0.006849
10.066667,-0.019127,0.089187,-0.051808,-0.492321,-1.332411,1.057243,-0.955795,-0.036131,-0.015259,-0.742112,-1.198265,-1.566484,1.295513,0.055225,0.002489
10.100000,-0.016773,0.098336,-0.047306,-0.487029,-1.347997,1.055599,-0.954774,-0.039693,0.003615,-0.757045,-1.205186,-1.586964,1.317255,0.056985,0.024763
10.133333,-0.000440,0.099744,-0.016375,-0.477045,-1.363582,1.025369,-0.939409,-0.062446,0.002166,-0.746752,-1.186021,-1.599574,1.298996,0.029159,0.022670
10.166667,-0.009909,0.110732,-0.004816,-0.479514,-1.365822,1.016785,-0.924044,-0.074197,0.008125,-0.757159,-1.162601,-1.604540,1.299148,0.011104,0.034144
10.200000,-0.020015,0.105372,0.002721,-0.484844,-1.348993,1.023196,-0.937619,-0.070622,0.000090,-0.741224,-1.146056,-1.626277,1.286521,0.003053,0.055362
10.233333,0.001174,0.074248,0.008098,-0.508497,-1.324009,1.035919,-0.947117,-0.058179,-0.013461,-0.737664,-1.153765,-1.639826,1.277710,0.007126,0.060198
10.266667,0.011662,0.070965,-0.000596,-0.504592,-1.293536,1.017688,-0.935489,-0.037501,-0.011707,-0.727566,-1.172079,-1.624937,1.263499,-0.011937,0.044018
10.300000,0.023551,0.066172,-0.011780,-0.497977,-1.296232,1.025478,-0.926907,-0.031947,-0.023312,-0.725492,-1.176479,-1.642165,1.265466,-0.006008,0.056266
10.333333,0.030138,0.039978,0.002160,-0.504741,-1.298447,1.010995,-0.930678,-0.014318,-0.021489,-0.719783,-1.220880,-1.628408,1.273513,0.012152,0.038320
10.366667,0.059295,0.028967,0.005253,-0.513140,-1.302281,0.981516,-0.927046,-0.014805,-0.017851,-0.753214,-1.249724,-1.601674,1.321559,0.009878,0.000184
10.400000,0.048451,0.035494,0.008110,-0.509509,-1.314203,0.975388,-0.920017,-0.000714,-0.004388,-0.746645,-1.271740,-1.595633,1.340155,0.007388,-0.000942
10.433333,0.044513,0.031829,0.030058,-0.494125,-1.319968,1.000214,-0.912988,-0.016622,-0.010769,-0.731802,-1.267575,-1.608613,1.332322,0.020484,-0.006025
10.466667,0.053013,0.040990,0.037566,-0.461143,-1.298496,1.027605,-0.879239,0.001786,0.005096,-0.708625,-1.269861,-1.612294,1.309502,0.013251,-0.007400
10.500000,0.068699,0.055052,0.044402,-0.435184,-1.298327,1.037268,-0.873135,-0.000234,-0.016247,-0.682512,-1.271976,-1.621964,1.263813,0.009457,-0.000043
10.533333,0.044384,0.063356,0.039801,-0.405686,-1.314678,1.050959,-0.878679,-0.013472,-0.024663,-0.616398,-1.251429,-1.619115,1.216605,0.019652,0.032401
10.566667,0.020916,0.080391,0.025828,-0.408508,-1.307741,1.065429,-0.898679,-0.013240,-0.012804,-0.590285,-1.237710,-1.610506,1.209397,0.016559,0.053372
10.600000,0.017844,0.088673,0.015944,-0.441433,-1.319789,1.067638,-0.918679,-0.015526,0.001820,-0.587600,-1.258996,-1.611314,1.217106,0.021778,0.065367
10.633333,-0.007323,0.073295,-0.000062,-0.473589,-1.338286,1.030252,-0.964671,-0.017812,-0.009176,-0.598642,-1.273832,-1.589030,1.224377,0.035520,0.057079
10.666667,-0.008572,0.066516,-0.045200,-0.470902,-1.345924,1.032865,-0.970664,-0.005772,0.000439,-0.595632,-1.288838,-1.599385,1.258527,0.042705,0.054177
10.700000,-0.004469,0.067631,-0.050338,-0.490163,-1.329352,1.055272,-0.965998,0.008976,0.004494,-0.630356,-1.308046,-1.616752,1.259023,0.050458,0.048174
10.733333,0.028218,0.049923,-0.040326,-0.471145,-1.319533,1.048280,-0.941011,0.003280,-0.005061,-0.652461,-1.326535,-1.623080,1.219520,0.050955,0.022625
10.766667,0.021374,0.049571,-0.043834,-0.461338,-1.322375,1.053548,-0.928307,0.003617,0.000642,-0.672457,-1.328025,-1.597917,1.205099,0.052329,0.030524
10.800000,0.032262,0.049571,-0.031831,-0.463356,-1.330898,1.069796,-0.929609,-0.004059,0.003402,-0.664261,-1.329516,-1.598580,1.208631,0.053600,0.029126
10.833333,0.036543,0.051167,-0.000526,-0.502903,-1.324559,1.061916,-0.933782,-0.018746,0.012525,-0.681448,-1.309253,-1.593064,1.172163,0.054021,0.037905
10.866667,0.035473,0.057333,0.001652,-0.522526,-1.315583,1.047014,-0.908613,-0.010387,0.026401,-0.662726,-1.285107,-1.583115,1.152271,0.045163,0.017649
10.900000,0.018626,0.062891,0.002031,-0.542007,-1.339853,1.071070,-0.903766,-0.009193,0.026261,-0.650395,-1.261681,-1.586578,1.167525,0.051326,0.017908
10.933333,0.018294,0.054084,0.011496,-0.561488,-1.338576,1.057913,-0.900907,0.003014,0.022555,-0.644538,-1.257194,-1.590147,1.167359,0.063858,0.017777
10.966667,0.018238,0.072541,0.002075,-0.560672,-1.350331,1.033371,-0.887066,-0.006145,0.023456,-0.677397,-1.252707,-1.581856,1.178482,0.052894,0.027050
11.000000,-0.012551,0.068802,-0.007527,-0.534864,-1.366734,1.032959,-0.893571,-0.004804,0.008870,-0.684795,-1.262362,-1.556826,1.189605,0.046524,0.016832
11.033333,-0.003340,0.059901,-0.004526,-0.508692,-1.372360,1.015745,-0.905729,-0.029091,-0.013742,-0.709014,-1.290502,-1.537722,1.201385,0.039168,0.011091
11.066667,0.009146,0.060287,-0.020646,-0.516468,-1.338996,0.981754,-0.907796,-0.026253,-0.008727,-0.724125,-1.314641,-1.522134,1.216089,0.001472,0.018367
11.100000,0.019183,0.060759,-0.032334,-0.484561,-1.331179,0.960127,-0.904009,-0.033529,-0.029671,-0.706150,-1.305567,-1.511130,1.206212,-0.027369,0.013115
11.133333,0.022386,0.042302,-0.031279,-0.468958,-1.307003,0.973473,-0.890370,-0.042312,-0.037479,-0.668917,-1.302182,-1.501878,1.176931,-0.020774,-0.011962
11.166667,0.048803,0.032751,-0.026980,-0.475770,-1.274004,0.947365,-0.893212,-0.051180,-0.056344,-0.661162,-1.306409,-1.483590,1.150433,-0.031424,-0.016817
11.200000,0.043919,0.033657,-0.026055,-0.483306,-1.279853,0.938425,-0.890401,-0.035174,-0.049517,-0.639842,-1.317893,-1.479674,1.141128,-0.020374,0.002706
11.233333,0.032323,0.045890,0.000638,-0.460931,-1.302749,0.946262,-0.857907,-0.028479,-0.044491,-0.614126,-1.323839,-1.463683,1.118932,0.017120,0.008692
11.266667,0.046194,0.068329,0.027330,-0.478237,-1.304624,0.957016,-0.816996,-0.018964,-0.008119,-0.588410,-1.346140,-1.456444,1.128669,0.015581,0.019351
11.300000,0.044523,0.081800,0.046866,-0.484067,-1.322024,0.932796,-0.796910,-0.008522,0.010509,-0.567066,-1.362751,-1.440032,1.127814,0.012144,0.036043
11.333333,0.032061,0.088718,0.038320,-0.464685,-1.329321,0.923659,-0.749938,0.016674,0.028710,-0.523239,-1.378148,-1.415710,1.141619,0.020549,0.048488
11.366667,0.021824,0.106296,0.042945,-0.464867,-1.330145,0.937353,-0.702966,0.006203,0.046910,-0.509440,-1.370453,-1.397750,1.156170,0.024839,0.058236
11.400000,0.031289,0.087853,0.041734,-0.471536,-1.343639,0.924784,-0.695766,-0.008044,0.032745,-0.490757,-1.344879,-1.386075,1.145543,0.024106,0.054672
11.433333,0.025101,0.072148,0.010480,-0.463217,-1.359910,0.934148,-0.726738,-0.017170,0.018581,-0.507097,-1.301629,-1.352448,1.107774,0.041584,0.051895
11.466667,0.021373,0.070295,-0.020049,-0.470190,-1.352757,0.952845,-0.747907,-0.008159,0.004417,-0.499606,-1.279846,-1.347614,1.081385,0.030839,0.072055
11.500000,0.014442,0.070886,-0.012608,-0.493872,-1.372712,0.977449,-0.759739,-0.021378,0.017691,-0.508542,-1.253522,-1.361501,1.063630,0.031814,0.070874
11.533333,0.017700,0.060987,-0.024844,-0.477554,-1.385961,0.983040,-0.788050,-0.009662,0.020769,-0.497291,-1.254570,-1.363219,1.005875,0.030199,0.067337
11.566667,0.010140,0.055378,-0.031092,-0.489134,-1.388483,0.996140,-0.805379,0.010585,0.048649,-0.510657,-1.257721,-1.373299,0.988119,0.008204,0.081621
11.600000,0.002632,0.046697,-0.026151,-0.494716,-1.387428,1.006493,-0.802790,0.008477,0.036529,-0.502099,-1.272415,-1.400066,0.983971,0.006825,0.065363
11.633333,0.013553,0.036907,0.000297,-0.509442,-1.379538,1.024703,-0.786895,-0.002879,0.044679,-0.530927,-1.265642,-1.426834,0.976748,0.023475,0.033204
11.666667,0.019133,0.043141,-0.010639,-0.518280,-1.348879,1.061379,-0.786896,0.002665,0.049520,-0.572802,-1.264624,-1.466454,0.983450,0.014181,0.016433
11.700000,0.020096,0.037921,-0.003019,-0.546490,-1.331398,1.092260,-0.799277,-0.005351,0.039238,-0.599754,-1.249088,-1.487898,1.007064,0.016303,0.009072
11.733333,0.041956,0.039052,-0.016566,-0.543356,-1.328444,1.135995,-0.782640,-0.020255,0.024312,-0.626707,-1.258865,-1.521666,1.030679,0.031435,-0.010018
11.766667,0.050007,0.044080,-0.029489,-0.546358,-1.330264,1.142478,-0.773057,-0.020198,0.014371,-0.642491,-1.260542,-1.538746,1.035897,0.030225,0.000825
11.800000,0.033927,0.052118,-0.035964,-0.547716,-1.352085,1.145839,-0.780043,-0.020396,0.012745,-0.647942,-1.279152,-1.546599,1.057993,0.028520,0.007688
11.833333,0.026078,0.043680,-0.015483,-0.556300,-1.369565,1.109200,-0.796658,-0.020222,0.001661,-0.646593,-1.268324,-1.529924,1.050495,0.024081,0.036788
11.866667,0.022820,0.057629,-0.006058,-0.585511,-1.378721,1.058646,-0.784817,-0.015152,0.015897,-0.654948,-1.281675,-1.529964,1.066085,0.012682,0.045326
11.900000,0.006074,0.061810,0.010957,-0.606067,-1.378227,1.013992,-0.805990,-0.020631,0.007340,-0.645648,-1.263619,-1.523524,1.055483,0.016577,0.044609
11.933333,-0.001262,0.055820,0.026203,-0.613136,-1.374777,1.006999,-0.821854,-0.021070,0.013797,-0.654417,-1.259708,-1.537084,1.064880,0.017020,0.033959
11.966667,0.014755,0.045954,0.033787,-0.632584,-1.351327,1.025938,-0.844267,-0.000186,0.004538,-0.676134,-1.252060,-1.559871,1.089094,0.024990,0.022737
12.000000,0.032501,0.046360,0.031145,-0.664247,-1.349638,1.084877,-0.877683,0.003877,0.020608,-0.708183,-1.243522,-1.608821,1.142902,0.028455,0.010423
12.033333,0.038196,0.027342,0.023039,-0.695910,-1.325065,1.182539,-0.950697,0.007773,0.007302,-0.755171,-1.230308,-1.631422,1.196709,0.028006,-0.002194
12.066667,0.023219,0.028592,0.014547,-0.767573,-1.300554,1.280200,-1.030697,0.009059,0.018584,-0.803974,-1.208499,-1.659281,1.276709,0.030208,-0.013139
12.100000,0.024616,0.026383,0.005425,-0.861069,-1.256042,1.380200,-1.130697,-0.001153,0.015837,-0.850056,-1.204052,-1.702434,1.371173,0.022890,-0.012819
12.133333,0.010276,0.028598,0.000127,-0.948134,-1.245795,1.474519,-1.230697,-0.012774,0.022221,-0.881455,-1.205508,-1.705968,1.434233,0.004465,-0.005252
12.166667,-0.020564,0.028983,-0.022486,-0.997181,-1.229810,1.568839,-1.310522,-0.008738,-0.001512,-0.892600,-1.197291,-1.704081,1.488650,0.011757,-0.019886
12.200000,-0.021161,0.035763,-0.037883,-1.046228,-1.208798,1.653971,-1.366240,0.001581,-0.006293,-0.883269,-1.190322,-1.742172,1.519586,0.031624,-0.006869
12.233333,-0.009697,0.029881,-0.027710,-1.068923,-1.202849,1.699103,-1.418703,0.008918,-0.014639,-0.888839,-1.208516,-1.745770,1.525097,0.020689,0.000152
12.266667,-0.025737,0.031192,-0.035456,-1.058122,-1.230380,1.704235,-1.449238,0.034346,-0.028956,-0.887124,-1.189349,-1.714074,1.516296,0.000543,0.007357
12.300000,-0.036301,0.051606,-0.035517,-1.053753,-1.238882,1.692779,-1.469129,0.041808,-0.025274,-0.898078,-1.191084,-1.721996,1.531894,0.001127,0.030705
12.333333,-0.017665,0.051471,-0.014506,-1.072420,-1.236284,1.666462,-1.486987,0.033692,-0.014281,-0.901639,-1.214046,-1.718684,1.523605,-0.005792,0.039722
12.366667,-0.001921,0.040858,0.003549,-1.072987,-1.229922,1.616792,-1.488951,0.043189,0.007135,-0.918324,-1.207986,-1.699873,1.498796,-0.045046,0.034522
12.400000,-0.001780,0.058514,0.003432,-1.068881,-1.223560,1.607123,-1.473354,0.043840,0.008168,-0.895948,-1.176762,-1.721061,1.472188,-0.059207,0.056606
12.433333,0.016683,0.053909,0.022849,-1.093152,-1.207434,1.620050,-1.474771,0.036541,0.027093,-0.887786,-1.185538,-1.742250,1.462454,-0.037942,0.047240
12.466667,0.038943,0.041562,0.028046,-1.093671,-1.186061,1.647944,-1.479639,0.034250,0.028323,-0.880510,-1.194315,-1.723438,1.429953,-0.026576,0.027845
12.500000,0.045255,0.040135,0.019763,-1.109171,-1.199764,1.662658,-1.487168,0.034609,0.035712,-0.860881,-1.181864,-1.701519,1.389983,-0.020941,0.047141
12.533333,0.035311,0.049239,0.020293,-1.102772,-1.231856,1.702835,-1.494697,0.010013,0.026423,-0.823961,-1.201864,-1.655100,1.350013,-0.002266,0.040654
12.566667,0.056711,0.044213,0.030799,-1.096560,-1.250446,1.707583,-1.497659,0.019708,0.041205,-0.787042,-1.261864,-1.568681,1.300404,0.013306,0.023994
12.600000,0.061895,0.053577,0.037453,-1.078677,-1.270198,1.719577,-1.471287,0.032496,0.069537,-0.727248,-1.307491,-1.482262,1.213769,0.000045,0.017542
12.633333,0.056850,0.043912,0.024007,-1.050551,-1.285271,1.714079,-1.446238,0.023450,0.077018,-0.628582,-1.327507,-1.395843,1.116906,-0.006969,0.008385
12.666667,0.057553,0.050769,0.031323,-0.987847,-1.286684,1.736621,-1.400735,0.019359,0.090515,-0.556891,-1.373134,-1.295843,1.020043,-0.016486,-0.039463
12.700000,0.078125,0.047545,0.023185,-0.939395,-1.277328,1.733032,-1.365795,0.014219,0.080690,-0.507492,-1.398761,-1.195843,0.941257,-0.009249,-0.054221
12.733333,0.065284,0.037628,0.010878,-0.921781,-1.278890,1.756990,-1.350981,-0.006183,0.079287,-0.458402,-1.401297,-1.101141,0.878756,-0.004644,-0.062457
12.766667,0.062069,0.037070,-0.014767,-0.887462,-1.263467,1.781558,-1.332106,-0.012687,0.080443,-0.423013,-1.378205,-1.020628,0.840932,-0.007903,-0.062957
12.800000,0.052709,0.057353,-0.004210,-0.887137,-1.252344,1.807857,-1.289547,-0.006561,0.102236,-0.390231,-1.380423,-0.940115,0.803108,-0.007509,-0.042883
12.833333,0.048430,0.047312,-0.009975,-0.896791,-1.249082,1.814929,-1.286988,-0.005209,0.094661,-0.370476,-1.378467,-0.892804,0.801151,0.003065,-0.022809
12.866667,0.024989,0.040285,-0.026288,-0.898884,-1.250924,1.852365,-1.284309,0.022147,0.090925,-0.335524,-1.356511,-0.885494,0.821118,0.015857,0.000566
12.900000,0.021280,0.054082,-0.033052,-0.900976,-1.250249,1.859921,-1.286774,0.030474,0.073514,-0.340263,-1.357647,-0.912885,0.861663,0.024903,0.000882
12.933333,0.009512,0.051237,-0.023083,-0.936986,-1.244303,1.864721,-1.312258,0.015777,0.037077,-0.355310,-1.358782,-0.935855,0.877530,0.042317,-0.004753
12.966667,-0.000546,0.038424,-0.053115,-0.972995,-1.228747,1.892586,-1.367296,0.024650,0.018548,-0.407750,-1.360220,-0.998494,0.933398,0.059732,-0.017168
13.000000,0.005315,0.054465,-0.064499,-1.003601,-1.211327,1.929925,-1.383367,0.017261,0.013099,-0.420191,-1.340220,-1.067930,0.989576,0.059644,-0.010512
13.033333,0.004751,0.067621,-0.050863,-1.048319,-1.221185,1.930110,-1.402161,-0.003676,0.026693,-0.465534,-1.345377,-1.137365,1.027696,0.037422,-0.023108
13.066667,-0.004511,0.077228,-0.055636,-1.053914,-1.227309,1.928058,-1.407757,-0.024612,0.028799,-0.510878,-1.318077,-1.206801,1.065817,0.024327,-0.031479
13.100000,-0.004472,0.084492,-0.048334,-1.065592,-1.265051,1.938307,-1.411554,-0.026490,0.041552,-0.566271,-1.311040,-1.306470,1.140924,0.026248,-0.011842
13.133333,0.009160,0.084443,-0.015597,-1.068150,-1.302793,1.908556,-1.398645,-0.046926,0.034325,-0.605573,-1.275814,-1.393403,1.176136,-0.002745,-0.013498
13.166667,-0.002053,0.094684,-0.003092,-1.074913,-1.309398,1.888556,-1.384704,-0.053274,0.036241,-0.671919,-1.240588,-1.477443,1.215171,-0.019791,-0.000674
13.200000,-0.009967,0.089565,0.004142,-1.084217,-1.295634,1.888747,-1.397597,-0.046076,0.023931,-0.699279,-1.217902,-1.559338,1.236105,-0.028372,0.019171
13.233333,0.010857,0.061086,0.011916,-1.112599,-1.265325,1.891280,-1.412483,-0.031180,0.011462,-0.726640,-1.227673,-1.605997,1.257039,-0.025940,0.029668
13.266667,0.022324,0.056964,0.002998,-1.113263,-1.211353,1.870844,-1.404460,-0.007954,0.013368,-0.736723,-1.239115,-1.623348,1.266891,-0.046894,0.018673
13.300000,0.035298,0.053632,-0.007299,-1.106529,-1.194890,1.885362,-1.399452,-0.001230,0.000152,-0.750406,-1.238747,-1.653767,1.298497,-0.040517,0.032780
13.333333,0.040050,0.029230,0.007559,-1.119793,-1.196772,1.882001,-1.409871,0.014218,0.001946,-0.757496,-1.278378,-1.649852,1.326574,-0.022903,0.014354
13.366667,0.067089,0.021193,0.011851,-1.128250,-1.200378,1.858449,-1.407452,0.010242,0.004877,-0.803572,-1.298773,-1.626921,1.390809,-0.023702,-0.022633
13.400000,0.054128,0.027935,0.014484,-1.123678,-1.213376,1.864094,-1.399016,0.024266,0.017824,-0.809647,-1.312044,-1.618313,1.415044,-0.026022,-0.020734
13.433333,0.050204,0.025226,0.036060,-1.110498,-1.222811,1.892708,-1.390581,0.007023,0.009303,-0.803645,-1.303381,-1.632032,1.413375,-0.011224,-0.024734
13.466667,0.058663,0.035010,0.042710,-1.080186,-1.199910,1.926368,-1.355836,0.024842,0.027211,-0.779584,-1.297492,-1.624952,1.394612,-0.018761,-0.025510
13.500000,0.077483,0.047571,0.048882,-1.047951,-1.197463,1.937906,-1.345664,0.022127,0.007882,-0.749673,-1.288342,-1.619719,1.351752,-0.021583,-0.017896
13.533333,0.056303,0.056041,0.043171,-1.022517,-1.213662,1.962211,-1.346408,0.011130,0.000501,-0.679762,-1.260732,-1.609552,1.305968,-0.010774,0.015321
13.566667,0.036532,0.071400,0.028741,-1.030156,-1.205847,1.982851,-1.364486,0.012033,0.012095,-0.649851,-1.240245,-1.596235,1.300183,-0.013843,0.034454
13.600000,0.035234,0.079916,0.019017,-1.062033,-1.216844,1.987178,-1.382564,0.011720,0.027117,-0.648851,-1.253887,-1.589897,1.315572,-0.009098,0.046689
13.633333,0.009889,0.065428,0.003988,-1.096333,-1.235347,1.951626,-1.423174,0.011406,0.012572,-0.668789,-1.264755,-1.572927,1.327299,0.004957,0.039047
13.666667,0.007252,0.059462,-0.041334,-1.098355,-1.241166,1.956073,-1.423784,0.024128,0.019408,-0.677303,-1.278884,-1.591336,1.366653,0.009930,0.034932
13.700000,0.010760,0.058289,-0.046655,-1.115039,-1.221056,1.967325,-1.420727,0.039442,0.021792,-0.724871,-1.298218,-1.613382,1.379626,0.019326,0.030571
13.733333,0.042674,0.041623,-0.036588,-1.092137,-1.207616,1.950705,-1.401938,0.034178,0.010026,-0.770424,-1.315678,-1.635413,1.364678,0.019160,0.004502
13.766667,0.034588,0.041145,-0.039767,-1.081324,-1.208351,1.950396,-1.397974,0.035241,0.014666,-0.810261,-1.319640,-1.629249,1.368556,0.020506,0.011469
13.800000,0.046646,0.041145,-0.027417,-1.084408,-1.213461,1.952974,-1.411477,0.030823,0.017549,-0.822737,-1.323603,-1.651788,1.399203,0.019615,0.009811
13.833333,0.050075,0.042647,0.005093,-1.123537,-1.204086,1.925122,-1.432711,0.020246,0.026476,-0.864616,-1.306362,-1.665856,1.392815,0.020882,0.019491
13.866667,0.047357,0.049262,0.008043,-1.142694,-1.192364,1.894298,-1.419532,0.031593,0.038540,-0.871171,-1.283916,-1.684204,1.400410,0.008441,-0.001786
13.900000,0.030255,0.054060,0.008770,-1.164885,-1.213974,1.903473,-1.422086,0.035245,0.038046,-0.876044,-1.263344,-1.706151,1.432552,0.014828,-0.000755
13.933333,0.029871,0.044295,0.018931,-1.187075,-1.207166,1.872649,-1.427661,0.049869,0.034429,-0.889999,-1.256730,-1.727991,1.451316,0.025289,-0.000567
13.966667,0.028178,0.061473,0.009737,-1.188964,-1.222575,1.838818,-1.425232,0.041182,0.033189,-0.940930,-1.250116,-1.734777,1.472207,0.014599,0.008930
14.000000,-0.001443,0.057937,0.000606,-1.168596,-1.237599,1.835418,-1.436996,0.042974,0.020572,-0.959281,-1.256220,-1.731250,1.491422,0.007973,-0.000849
14.033333,0.008937,0.048015,0.004221,-1.151967,-1.241146,1.815418,-1.457878,0.019883,-0.000460,-1.002525,-1.280234,-1.730919,1.513918,0.001600,-0.005859
14.066667,0.018897,0.051154,-0.011800,-1.164635,-1.204962,1.783313,-1.467915,0.023278,0.005217,-1.030698,-1.299378,-1.727305,1.530539,-0.035582,0.002615
14.100000,0.027570,0.052724,-0.023561,-1.142963,-1.197195,1.770344,-1.472058,0.016512,-0.014934,-1.020552,-1.286246,-1.736792,1.523428,-0.063285,-0.003291
14.133333,0.029180,0.035545,-0.022573,-1.136607,-1.166356,1.792027,-1.464406,0.007519,-0.018483,-0.999669,-1.277718,-1.744507,1.503670,-0.054693,-0.030003
14.166667,0.052885,0.027348,-0.018630,-1.152979,-1.130842,1.779242,-1.474831,-0.002306,-0.038079,-1.015557,-1.277675,-1.746505,1.491934,-0.064037,-0.035087
14.200000,0.046887,0.028526,-0.017866,-1.167090,-1.135081,1.788698,-1.486203,0.013727,-0.029686,-1.006678,-1.281702,-1.757637,1.490204,-0.052112,-0.016636
14.233333,0.036492,0.037129,0.010056,-1.158694,-1.156006,1.810259,-1.475929,0.022689,-0.023417,-1.006216,-1.281891,-1.770251,1.489793,-0.013719,-0.013185
14.266667,0.050666,0.057968,0.037977,-1.184638,-1.155373,1.838684,-1.453704,0.034317,0.013437,-1.005754,-1.310247,-1.794412,1.506905,-0.014547,-0.002955
14.300000,0.050260,0.067664,0.058611,-1.196211,-1.168852,1.832458,-1.451279,0.047735,0.031313,-1.011114,-1.333998,-1.807749,1.508951,-0.017988,0.013513
14.333333,0.038445,0.071302,0.051237,-1.180722,-1.174562,1.834163,-1.432556,0.076995,0.049188,-0.990874,-1.345477,-1.807660,1.539397,-0.011316,0.022908
14.366667,0.027760,0.088695,0.057709,-1.183727,-1.171803,1.853628,-1.403769,0.068470,0.067064,-0.997847,-1.336241,-1.812157,1.551878,-0.007127,0.030817
14.400000,0.035885,0.071280,0.056007,-1.189383,-1.182586,1.843381,-1.407472,0.054809,0.052710,-1.001787,-1.311585,-1.824792,1.548895,-0.008782,0.028300
14.433333,0.028071,0.056728,0.024411,-1.174374,-1.198880,1.837506,-1.446477,0.041759,0.038355,-1.033146,-1.262524,-1.801081,1.540285,0.009255,0.025756
14.466667,0.023116,0.056236,-0.006011,-1.176956,-1.190513,1.839169,-1.473205,0.049939,0.024001,-1.029421,-1.234637,-1.804421,1.543437,-0.003098,0.045514
14.500000,0.016186,0.056058,0.001898,-1.193236,-1.206041,1.845045,-1.483803,0.037985,0.034767,-1.041304,-1.211149,-1.823010,1.541178,-0.001693,0.045721
14.533333,0.019400,0.044265,-0.010611,-1.169517,-1.222027,1.826116,-1.506902,0.050612,0.035963,-1.032298,-1.218917,-1.826084,1.519692,-0.006395,0.041821
14.566667,0.012986,0.038577,-0.017378,-1.172175,-1.247514,1.814242,-1.516856,0.070865,0.061463,-1.036680,-1.227654,-1.819519,1.521600,-0.030089,0.055177
14.600000,0.005364,0.026302,-0.011892,-1.165079,-1.249048,1.795919,-1.502659,0.073186,0.046962,-1.017645,-1.244494,-1.824371,1.526288,-0.034456,0.038580
14.633333,0.016150,0.017097,0.013284,-1.165378,-1.244934,1.784091,-1.475201,0.061925,0.051899,-1.032299,-1.240160,-1.828892,1.520344,-0.017822,0.006489
14.666667,0.021196,0.024442,0.001679,-1.157101,-1.216924,1.794585,-1.452230,0.065251,0.056813,-1.039617,-1.243699,-1.824970,1.513180,-0.025534,-0.008781
14.700000,0.021189,0.017775,0.008395,-1.164592,-1.196924,1.795431,-1.448023,0.055361,0.045926,-1.036752,-1.232443,-1.805892,1.523476,-0.023960,-0.014153
14.733333,0.041385,0.017775,-0.005595,-1.142397,-1.164907,1.813806,-1.416960,0.039438,0.031563,-1.033887,-1.244346,-1.800652,1.524962,-0.009911,-0.032742
14.766667,0.048851,0.024405,-0.019668,-1.135491,-1.165874,1.808258,-1.401007,0.036327,0.021892,-1.027018,-1.246595,-1.783995,1.510715,-0.012324,-0.019772
14.800000,0.032133,0.029669,-0.026492,-1.131019,-1.175570,1.812949,-1.405793,0.034069,0.022030,-0.997733,-1.265640,-1.752798,1.516483,-0.016577,-0.012298
14.833333,0.024083,0.019615,-0.008093,-1.135435,-1.185267,1.777639,-1.425745,0.034325,0.012285,-0.977021,-1.254202,-1.721752,1.497959,-0.023094,0.015111
14.866667,0.022904,0.036201,-0.000168,-1.164084,-1.188319,1.738566,-1.414432,0.037476,0.027913,-0.966738,-1.265038,-1.712409,1.501202,-0.033310,0.026148
14.900000,0.005589,0.040945,0.016527,-1.183154,-1.186863,1.704619,-1.434779,0.029170,0.020179,-0.932982,-1.243908,-1.694988,1.485379,-0.029064,0.026118
14.933333,-0.001850,0.036189,0.030944,-1.190294,-1.172423,1.708206,-1.448865,0.028052,0.027753,-0.919226,-1.238255,-1.697567,1.487725,-0.028156,0.014204
14.966667,0.009185,0.030925,0.036157,-1.166700,-1.175918,1.687522,-1.427750,0.047661,0.013681,-0.894197,-1.227875,-1.718344,1.466639,-0.009699,0.014900
15.000000,0.023121,0.038783,0.032049,-1.119641,-1.219413,1.666838,-1.379409,0.037075,0.024393,-0.875009,-1.216589,-1.770095,1.438762,0.001736,0.014815
15.033333,0.021809,0.027154,0.020941,-1.032582,-1.261750,1.644373,-1.331068,0.028408,0.005520,-0.852858,-1.200150,-1.798825,1.370886,0.012564,0.012878
15.066667,0.002546,0.035522,0.010125,-0.945523,-1.303089,1.581907,-1.251068,0.016331,0.009688,-0.833648,-1.175676,-1.833206,1.296552,0.026579,0.014751
15.100000,0.001152,0.041188,-0.002827,-0.845523,-1.324428,1.481907,-1.151068,-0.006864,0.001125,-0.808336,-1.168507,-1.875147,1.203682,0.031466,0.026798
15.133333,-0.012139,0.048047,-0.010039,-0.774996,-1.351175,1.383131,-1.067530,-0.030705,0.006348,-0.805000,-1.169377,-1.878287,1.115322,0.015053,0.036223
15.166667,-0.043415,0.050287,-0.034701,-0.707030,-1.351226,1.324355,-0.999944,-0.028282,-0.018038,-0.784890,-1.161637,-1.861571,1.055003,0.022538,0.024659
15.200000,-0.044084,0.056355,-0.050976,-0.679063,-1.320629,1.305580,-0.947831,-0.020200,-0.025047,-0.757314,-1.158023,-1.875935,1.002913,0.041200,0.038710
15.233333,-0.031745,0.049961,-0.041761,-0.676618,-1.307557,1.286804,-0.934425,-0.012390,-0.033109,-0.749882,-1.181593,-1.862668,0.962368,0.030132,0.045162
15.266667,-0.048259,0.053096,-0.050135,-0.674173,-1.324191,1.268028,-0.937347,0.008774,-0.048438,-0.734693,-1.167860,-1.821843,0.939537,0.008566,0.055483
15.300000,-0.063509,0.073273,-0.049680,-0.682254,-1.324741,1.288028,-0.955272,0.015422,-0.045154,-0.737529,-1.174017,-1.819817,0.952195,0.008300,0.081155
15.333333,-0.044697,0.071232,-0.028199,-0.724171,-1.312976,1.300838,-0.983510,0.008923,-0.035044,-0.738444,-1.200206,-1.816000,0.937822,0.000994,0.091840
15.366667,-0.030092,0.061768,-0.010216,-0.751901,-1.299659,1.289794,-0.996276,0.020586,-0.012724,-0.764435,-1.192809,-1.808019,0.921384,-0.038024,0.085550
15.400000,-0.029802,0.080714,-0.012517,-0.772765,-1.286343,1.314958,-1.003907,0.022194,-0.010696,-0.750815,-1.158229,-1.840039,0.907691,-0.053289,0.107933
15.433333,-0.010854,0.072831,0.007707,-0.827367,-1.260385,1.365984,-1.033734,0.022712,0.008681,-0.771053,-1.163648,-1.872058,0.914821,-0.032408,0.096273
15.466667,0.017637,0.059588,0.012299,-0.868180,-1.228656,1.417009,-1.071654,0.023472,0.009162,-0.791291,-1.160174,-1.894709,0.904159,-0.021448,0.074194
15.500000,0.023645,0.058330,0.004508,-0.912597,-1.235939,1.449180,-1.107443,0.026700,0.017333,-0.803992,-1.136666,-1.933261,0.899796,-0.014179,0.089356
15.533333,0.014676,0.064923,0.008726,-0.940854,-1.258345,1.491042,-1.149542,0.007644,0.003527,-0.802386,-1.145260,-1.938144,0.922448,0.003416,0.081494
15.566667,0.034410,0.057431,0.024565,-0.969718,-1.267503,1.496697,-1.176904,0.023882,0.013659,-0.828500,-1.193854,-1.910690,0.965142,0.018188,0.066031
15.600000,0.038578,0.064884,0.034925,-0.989054,-1.285567,1.509609,-1.172328,0.040437,0.033821,-0.848480,-1.218536,-1.923234,0.983008,0.003990,0.063526
15.633333,0.027865,0.052150,0.028442,-0.986878,-1.293415,1.496659,-1.166200,0.033709,0.033481,-0.828459,-1.212114,-1.908540,0.978665,-0.005358,0.059934
15.666667,0.025034,0.054266,0.040297,-0.946708,-1.287993,1.509755,-1.135934,0.033780,0.035001,-0.840813,-1.227381,-1.878794,0.992225,-0.016943,0.019101
15.700000,0.042640,0.046321,0.034711,-0.913886,-1.275632,1.498111,-1.115746,0.030560,0.018500,-0.863060,-1.245160,-1.875541,1.000254,-0.012570,0.013034
15.733333,0.028226,0.032505,0.023778,-0.890363,-1.275845,1.508391,-1.103258,0.010753,0.013251,-0.857586,-1.222939,-1.874157,0.977097,-0.011857,0.009794
15.766667,0.022264,0.029934,-0.000907,-0.842632,-1.260996,1.511145,-1.086268,0.003398,0.014305,-0.818248,-1.184629,-1.842593,0.958189,-0.018690,0.010540
15.800000,0.011753,0.048736,0.007944,-0.830201,-1.261243,1.517085,-1.046630,0.012578,0.036159,-0.789482,-1.184165,-1.821487,0.939281,-0.020455,0.029906
15.833333,0.005940,0.040572,0.001314,-0.829263,-1.268664,1.490752,-1.040202,0.013663,0.031242,-0.759622,-1.187168,-1.807179,0.933758,-0.012295,0.049272
15.866667,-0.017657,0.036260,-0.017047,-0.811324,-1.285649,1.481367,-1.017410,0.039668,0.033087,-0.709100,-1.150171,-1.783547,0.940588,0.002131,0.070397
15.900000,-0.019572,0.051906,-0.024402,-0.789171,-1.300915,1.450056,-1.000894,0.046968,0.015333,-0.680880,-1.153174,-1.770046,0.960509,0.011591,0.069310
15.933333,-0.030813,0.053104,-0.016224,-0.789664,-1.310566,1.393153,-1.001097,0.031006,-0.018740,-0.671938,-1.156888,-1.746726,0.961010,0.031534,0.064833
15.966667,-0.037388,0.043510,-0.048046,-0.778301,-1.305120,1.358926,-1.015753,0.036710,-0.034213,-0.692424,-1.162756,-1.712164,1.000200,0.051477,0.050913
16.000000,-0.028121,0.062870,-0.061911,-0.753440,-1.300718,1.316972,-0.997199,0.026710,-0.034987,-0.674003,-1.151013,-1.691604,1.009329,0.053029,0.053124
16.033333,-0.023723,0.079380,-0.051753,-0.731757,-1.318567,1.256972,-0.978621,0.004233,-0.018624,-0.673360,-1.171004,-1.655861,0.987312,0.031246,0.036616
16.066667,-0.034650,0.091231,-0.060243,-0.685728,-1.323070,1.196972,-0.939667,-0.018244,-0.007587,-0.680783,-1.164114,-1.601284,0.973895,0.017294,0.029870
16.100000,-0.033114,0.097203,-0.056128,-0.650792,-1.342276,1.155162,-0.900736,-0.019707,0.009796,-0.684119,-1.172663,-1.586708,0.991778,0.018544,0.049570
16.133333,-0.018839,0.097339,-0.026780,-0.608189,-1.361483,1.073352,-0.850714,-0.039590,0.008086,-0.661244,-1.155592,-1.569522,0.970972,-0.009642,0.046569
16.166667,-0.029068,0.106880,-0.015287,-0.580367,-1.365482,1.016665,-0.800693,-0.045130,0.015910,-0.661241,-1.130974,-1.536980,0.973589,-0.025918,0.059639
16.200000,-0.040468,0.100772,-0.008632,-0.567117,-1.349236,0.961670,-0.783868,-0.037541,0.008428,-0.644646,-1.110626,-1.533966,0.967352,-0.034022,0.080836
16.233333,-0.019512,0.072733,-0.003599,-0.573064,-1.325423,0.910292,-0.780760,-0.023927,-0.003763,-0.637683,-1.117158,-1.530123,0.960487,-0.026733,0.087473
16.266667,-0.014824,0.068541,-0.014443,-0.551509,-1.296547,0.846877,-0.758826,-0.001980,0.000335,-0.638534,-1.130037,-1.496920,0.951308,-0.045128,0.075298
16.300000,-0.003075,0.063655,-0.025250,-0.534026,-1.300080,0.822108,-0.741473,0.005247,-0.011879,-0.649485,-1.128534,-1.502393,0.959956,-0.037620,0.089101
16.333333,0.001647,0.037410,-0.011840,-0.532224,-1.304278,0.786042,-0.734276,0.020342,-0.010589,-0.657786,-1.167031,-1.483534,0.973764,-0.021069,0.070702
16.366667,0.030192,0.027008,-0.007476,-0.530839,-1.312105,0.748284,-0.717378,0.017812,-0.008761,-0.704901,-1.192839,-1.462347,1.027572,-0.023630,0.031774
16.400000,0.018737,0.031922,-0.005032,-0.518248,-1.327455,0.738011,-0.699370,0.033235,0.002513,-0.712185,-1.210864,-1.461771,1.051504,-0.025522,0.030859
16.433333,0.019911,0.029822,0.017510,-0.499420,-1.336374,0.761584,-0.681361,0.017686,-0.006484,-0.710709,-1.206394,-1.475787,1.046449,-0.011710,0.024290
16.466667,0.028441,0.038814,0.025643,-0.463607,-1.318647,0.786512,-0.640054,0.035278,0.010645,-0.703368,-1.207052,-1.491126,1.026483,-0.020917,0.023890
16.500000,0.045368,0.052798,0.032865,-0.433069,-1.320513,0.797613,-0.623741,0.032972,-0.009963,-0.697465,-1.206362,-1.528727,0.983067,-0.022467,0.031420
16.533333,0.022296,0.061348,0.027935,-0.402707,-1.333190,0.813724,-0.613396,0.020152,-0.019452,-0.652328,-1.182359,-1.554041,0.936814,-0.010144,0.064552
16.566667,-0.000777,0.078443,0.013324,-0.404355,-1.321653,0.830880,-0.618010,0.019819,-0.008754,-0.647022,-1.165142,-1.573715,0.930561,-0.013581,0.086355
16.600000,-0.003909,0.086470,0.002781,-0.436159,-1.337495,0.833532,-0.622625,0.017837,0.005966,-0.661144,-1.178612,-1.608160,0.940701,-0.007283,0.097281
16.633333,-0.029706,0.071962,-0.013421,-0.467335,-1.359764,0.797141,-0.651545,0.015856,-0.007558,-0.684325,-1.186954,-1.614443,0.949566,0.009546,0.087647
16.666667,-0.032371,0.065102,-0.059335,-0.462777,-1.371398,0.800750,-0.645312,0.026670,-0.000456,-0.688299,-1.196644,-1.638152,0.984760,0.017278,0.084264
16.700000,-0.029000,0.064766,-0.065249,-0.479872,-1.360742,0.813583,-0.637410,0.040249,0.005069,-0.727015,-1.208863,-1.665073,0.987368,0.026780,0.079971
16.733333,0.003842,0.048462,-0.054593,-0.456968,-1.359264,0.794269,-0.604501,0.033189,-0.004331,-0.754044,-1.220816,-1.683294,0.951227,0.028307,0.054643
16.766667,-0.003317,0.047705,-0.055665,-0.433452,-1.361901,0.781233,-0.581526,0.033301,-0.001340,-0.773465,-1.221548,-1.668545,0.938691,0.028427,0.063781
16.800000,0.007750,0.047705,-0.043514,-0.418532,-1.367399,0.767240,-0.574092,0.024775,-0.000825,-0.765805,-1.222281,-1.672792,0.946481,0.028420,0.062920
16.833333,0.012401,0.049430,-0.012543,-0.438044,-1.358474,0.715837,-0.566657,0.012120,0.006537,-0.781815,-1.201183,-1.669434,0.915818,0.028949,0.073083
16.866667,0.011017,0.055591,-0.010396,-0.434974,-1.349817,0.662462,-0.531430,0.021759,0.018468,-0.764318,-1.178348,-1.659687,0.905797,0.019075,0.053150
16.900000,-0.008895,0.057855,-0.008878,-0.431909,-1.371295,0.648344,-0.516904,0.024985,0.016628,-0.751555,-1.156775,-1.662637,0.928845,0.024591,0.054161
16.933333,-0.010515,0.046810,-0.000231,-0.438930,-1.366413,0.602452,-0.500257,0.037872,0.013201,-0.747575,-1.155737,-1.667432,0.940306,0.037566,0.053861
16.966667,-0.012539,0.063847,-0.010008,-0.430415,-1.372842,0.556560,-0.470685,0.030578,0.012610,-0.782096,-1.154699,-1.663094,0.959803,0.026688,0.062550
17.000000,-0.044522,0.060425,-0.019918,-0.400855,-1.384328,0.548078,-0.466539,0.033112,-0.000082,-0.790494,-1.165939,-1.644206,0.977755,0.021023,0.052089
17.033333,-0.036505,0.050773,-0.016105,-0.376810,-1.387882,0.527335,-0.469199,0.008467,-0.022512,-0.820122,-1.199447,-1.633347,0.995891,0.013599,0.045962
17.066667,-0.022002,0.053440,-0.031925,-0.390232,-1.352596,0.498598,-0.469129,0.012321,-0.016245,-0.841710,-1.226425,-1.628133,1.019709,-0.023704,0.052597
17.100000,-0.011648,0.056555,-0.043146,-0.365691,-1.343670,0.487469,-0.470838,0.004793,-0.037090,-0.828447,-1.217227,-1.631906,1.015114,-0.052497,0.046173
17.133333,-0.008975,0.039517,-0.041894,-0.358201,-1.321491,0.509838,-0.465243,-0.002841,-0.043400,-0.801897,-1.214181,-1.636924,0.996329,-0.043941,0.021317
17.166667,0.016401,0.029934,-0.036279,-0.374262,-1.288423,0.492840,-0.474222,-0.012243,-0.064016,-0.811888,-1.220686,-1.635175,0.988123,-0.055180,0.015148
17.200000,0.011635,0.030029,-0.035462,-0.385528,-1.291113,0.492552,-0.479272,0.005366,-0.058136,-0.803645,-1.231726,-1.649320,0.993646,-0.041210,0.033534
17.233333,-0.001625,0.040398,-0.009427,-0.363416,-1.310917,0.501001,-0.451358,0.013060,-0.054928,-0.794508,-1.240750,-1.650648,0.990785,-0.003932,0.038661
17.266667,0.010973,0.061538,0.016609,-0.379636,-1.312364,0.503085,-0.413851,0.025359,-0.019164,-0.785372,-1.280850,-1.660578,1.027910,-0.004599,0.049537
17.300000,0.009055,0.073442,0.036443,-0.383790,-1.330778,0.471670,-0.395336,0.035828,-0.000771,-0.780961,-1.314798,-1.662213,1.049226,-0.008804,0.064163
17.333333,-0.003730,0.078254,0.028032,-0.358885,-1.340081,0.450685,-0.346941,0.063748,0.016557,-0.748361,-1.341719,-1.654712,1.081096,0.000423,0.076315
17.366667,-0.015162,0.095326,0.031110,-0.355840,-1.343000,0.452989,-0.295670,0.054919,0.033884,-0.744351,-1.346609,-1.649571,1.113834,0.003465,0.084814
17.400000,-0.005444,0.076599,0.029107,-0.360123,-1.358481,0.420960,-0.284398,0.041029,0.018896,-0.736058,-1.334435,-1.649698,1.114956,0.004070,0.082342
17.433333,-0.010814,0.060890,-0.001794,-0.347215,-1.372320,0.414817,-0.307341,0.029209,0.003908,-0.758285,-1.293192,-1.623361,1.089547,0.022479,0.078997
17.466667,-0.013863,0.058149,-0.033285,-0.348103,-1.367126,0.412539,-0.315970,0.038736,-0.011081,-0.750575,-1.273457,-1.622374,1.075450,0.011203,0.098859
17.500000,-0.021836,0.057994,-0.026808,-0.364270,-1.389356,0.410097,-0.314478,0.026153,-0.000739,-0.756139,-1.257074,-1.627441,1.069940,0.012396,0.096528
17.533333,-0.019336,0.047686,-0.039024,-0.340436,-1.399506,0.382908,-0.324255,0.038213,0.000355,-0.738000,-1.268784,-1.613552,1.024431,0.010250,0.094511
17.566667,-0.029627,0.041923,-0.045921,-0.342775,-1.399506,0.364767,-0.318463,0.058967,0.026786,-0.740032,-1.280337,-1.604010,1.018921,-0.010795,0.110314
17.600000,-0.040059,0.030681,-0.041904,-0.334814,-1.399506,0.336690,-0.292848,0.060216,0.013217,-0.716739,-1.303454,-1.601806,1.018159,-0.014322,0.096487
17.633333,-0.030139,0.021519,-0.017136,-0.335290,-1.388464,0.321644,-0.261529,0.048776,0.018967,-0.727189,-1.305063,-1.596772,1.010508,0.002639,0.067562
17.666667,-0.024655,0.027446,-0.029035,-0.331655,-1.355958,0.335701,-0.252821,0.054281,0.022522,-0.745195,-1.310346,-1.602000,1.009341,-0.006975,0.052469
17.700000,-0.024410,0.021343,-0.022509,-0.343912,-1.341915,0.341418,-0.256982,0.046815,0.011264,-0.753316,-1.298651,-1.589067,1.022455,-0.006462,0.046813
17.733333,-0.001459,0.021431,-0.037431,-0.327453,-1.340986,0.367662,-0.236712,0.031252,-0.005012,-0.761437,-1.312722,-1.590310,1.035570,0.005348,0.027518
17.766667,0.008847,0.027100,-0.052294,-0.325159,-1.340986,0.366716,-0.235540,0.029067,-0.013984,-0.764363,-1.310688,-1.584215,1.030479,0.004840,0.039354
17.800000,-0.008541,0.033660,-0.059166,-0.323780,-1.360986,0.373856,-0.251493,0.029962,-0.014220,-0.751139,-1.323333,-1.566525,1.036481,-0.000355,0.046977
17.833333,-0.015658,0.025209,-0.039113,-0.328698,-1.375028,0.346294,-0.277197,0.029681,-0.022536,-0.735427,-1.307825,-1.537531,1.015015,-0.004481,0.077652
17.866667,-0.016232,0.041622,-0.029096,-0.357723,-1.383369,0.318711,-0.282803,0.031505,-0.006792,-0.731956,-1.315640,-1.531481,1.019269,-0.016788,0.087269
17.900000,-0.033227,0.046721,-0.010797,-0.377870,-1.382167,0.295885,-0.321733,0.025240,-0.012463,-0.706989,-1.287878,-1.517208,0.989172,-0.012718,0.084305
17.933333,-0.042348,0.041614,0.005426,-0.386282,-1.380035,0.309779,-0.347175,0.025596,-0.005437,-0.702022,-1.278827,-1.522936,0.979075,-0.013705,0.070211
17.966667,-0.019409,0.035054,0.016178,-0.376445,-1.357904,0.338689,-0.376900,0.044968,-0.016433,-0.686605,-1.255096,-1.503087,0.993464,0.005378,0.051524
18.000000,0.003930,0.037027,0.016103,-0.381266,-1.375772,0.402302,-0.414266,0.035217,-0.002484,-0.684492,-1.219518,-1.476284,1.039114,0.016136,0.032744
18.033333,0.014731,0.018801,0.010137,-0.386088,-1.372201,0.499023,-0.487591,0.028887,-0.018494,-0.682391,-1.163005,-1.423653,1.084764,0.025751,0.012498
18.066667,0.008186,0.021947,0.005630,-0.423776,-1.367874,0.595743,-0.567591,0.018071,-0.011633,-0.691475,-1.102070,-1.354330,1.164764,0.037857,-0.002600
18.100000,0.019430,0.021059,0.001000,-0.476564,-1.343548,0.695743,-0.667591,-0.003642,-0.018438,-0.704584,-1.057706,-1.300373,1.264764,0.039873,-0.008091
18.133333,0.007824,0.022291,-0.002220,-0.559468,-1.352339,0.795743,-0.767591,-0.026531,-0.014124,-0.743729,-1.030063,-1.246415,1.364764,0.019868,-0.000002
18.166667,-0.020555,0.023313,-0.022840,-0.617091,-1.333852,0.895743,-0.867591,-0.021861,-0.039500,-0.762717,-1.002420,-1.208375,1.445811,0.024668,-0.015408
18.200000,-0.020227,0.029893,-0.036128,-0.674715,-1.304301,0.995743,-0.967591,-0.012435,-0.046791,-0.770359,-0.992773,-1.207458,1.506858,0.042944,-0.003278
18.233333,-0.007701,0.022648,-0.025768,-0.726197,-1.291935,1.095743,-1.067591,-0.005431,-0.054319,-0.788310,-1.009482,-1.195866,1.547906,0.031311,0.000250
18.266667,-0.024060,0.023737,-0.032272,-0.747641,-1.312790,1.172577,-1.167591,0.018695,-0.068181,-0.792127,-0.989619,-1.148907,1.568953,0.009768,0.006027
18.300000,-0.035318,0.044151,-0.031457,-0.769084,-1.320385,1.249411,-1.267591,0.027432,-0.063197,-0.801848,-0.993036,-1.135018,1.570000,0.010245,0.028962
18.333333,-0.017303,0.043025,-0.011038,-0.798388,-1.319076,1.324477,-1.349357,0.020179,-0.054562,-0.801993,-1.015796,-1.114629,1.570000,0.003666,0.038527
18.366667,-0.002303,0.032780,0.006016,-0.803541,-1.315973,1.359543,-1.391124,0.030971,-0.034053,-0.822556,-1.006809,-1.089638,1.555586,-0.035859,0.032687
18.400000,-0.001731,0.051363,0.004850,-0.786437,-1.312870,1.386630,-1.405286,0.033228,-0.034715,-0.803118,-0.971467,-1.101858,1.542399,-0.052001,0.057238
18.433333,0.016556,0.046054,0.021815,-0.795156,-1.298340,1.406544,-1.414223,0.030116,-0.016416,-0.806017,-0.976124,-1.114078,1.542399,-0.029459,0.049934
18.466667,0.038965,0.032790,0.024095,-0.775958,-1.273948,1.410000,-1.415863,0.029433,-0.017639,-0.809835,-0.978321,-1.099246,1.542399,-0.018193,0.030530
18.500000,0.044371,0.033197,0.014391,-0.774181,-1.285737,1.379671,-1.416358,0.031642,-0.008278,-0.806305,-0.961175,-1.103720,1.538402,-0.011449,0.049213
18.533333,0.034011,0.039695,0.016832,-0.756554,-1.312873,1.368739,-1.419171,0.011962,-0.019547,-0.786917,-0.978713,-1.075671,1.552816,0.006642,0.043300
18.566667,0.052347,0.033368,0.028704,-0.754182,-1.325497,1.326498,-1.430092,0.027866,-0.009370,-0.796490,-1.036252,-1.013696,1.566003,0.021251,0.027875
18.600000,0.056182,0.040607,0.038732,-0.744006,-1.342516,1.295307,-1.411503,0.043013,0.008750,-0.806074,-1.071499,-0.989330,1.566003,0.006184,0.023652
18.633333,0.045637,0.032224,0.031220,-0.732710,-1.350322,1.260362,-1.400212,0.035034,0.006432,-0.775659,-1.069206,-0.958947,1.563686,-0.002423,0.021943
18.666667,0.042284,0.034311,0.043357,-0.687706,-1.342861,1.260969,-1.368300,0.034495,0.009938,-0.781236,-1.088848,-0.918753,1.567683,-0.015291,-0.017852
18.700000,0.058558,0.029271,0.035297,-0.664807,-1.327317,1.252966,-1.364931,0.031666,-0.005925,-0.799959,-1.108490,-0.902476,1.567683,-0.009992,-0.023217
18.733333,0.043723,0.016666,0.024495,-0.650977,-1.323993,1.265784,-1.365130,0.011739,-0.009728,-0.789723,-1.088132,-0.893031,1.567683,-0.007656,-0.027492
18.766667,0.037304,0.015107,-0.001954,-0.621154,-1.304308,1.293422,-1.363293,0.005532,-0.007681,-0.747248,-1.050067,-0.851110,1.567683,-0.014329,-0.022612
18.800000,0.026063,0.030563,0.006144,-0.620368,-1.297959,1.322615,-1.337293,0.014150,0.014795,-0.712466,-1.043823,-0.817493,1.563308,-0.016186,-0.001940
18.833333,0.021175,0.024067,-0.001347,-0.633361,-1.298739,1.328055,-1.346727,0.017139,0.006903,-0.675125,-1.041668,-0.795031,1.563308,-0.006770,0.018732
18.866667,-0.002123,0.022610,-0.017803,-0.624248,-1.308257,1.358038,-1.330194,0.042151,0.008484,-0.619171,-0.999514,-0.784655,1.563309,0.007727,0.038316
18.900000,-0.003836,0.041541,-0.023972,-0.622723,-1.312476,1.372459,-1.325883,0.048676,-0.007884,-0.589893,-0.997359,-0.802999,1.563309,0.018541,0.036950
18.933333,-0.016066,0.040792,-0.013432,-0.645332,-1.314062,1.367119,-1.341271,0.033828,-0.041367,-0.596024,-0.998978,-0.843755,1.553586,0.041226,0.026277
18.966667,-0.022463,0.031737,-0.042893,-0.655427,-1.301529,1.380436,-1.374513,0.041418,-0.055321,-0.634462,-1.008776,-0.903231,1.560277,0.063911,0.007739
19.000000,-0.014677,0.047865,-0.055132,-0.645452,-1.289616,1.386861,-1.372322,0.031707,-0.054293,-0.636547,-0.999735,-0.972641,1.560278,0.069230,0.008682
19.033333,-0.010195,0.060415,-0.043098,-0.641454,-1.301702,1.357956,-1.366527,0.009154,-0.037804,-0.664102,-1.022794,-1.046046,1.549544,0.053259,-0.008065
19.066667,-0.018339,0.067070,-0.050967,-0.601079,-1.308389,1.323078,-1.347525,-0.013398,-0.027489,-0.697409,-1.017526,-1.117122,1.538447,0.044232,-0.014463
19.100000,-0.015709,0.076173,-0.046694,-0.563173,-1.329603,1.312433,-1.319151,-0.014967,-0.007634,-0.718450,-1.028902,-1.200651,1.543351,0.047491,0.007538
19.133333,0.000107,0.076431,-0.017529,-0.515821,-1.350816,1.261787,-1.276898,-0.035944,-0.007516,-0.716704,-1.014008,-1.288135,1.518533,0.021688,0.004533
19.166667,-0.008361,0.086962,-0.006505,-0.481476,-1.356840,1.232618,-1.234646,-0.044464,0.001440,-0.740403,-0.991929,-1.375620,1.504293,0.006262,0.014127
19.200000,-0.018321,0.081070,0.000636,-0.459806,-1.344647,1.211354,-1.229865,-0.037983,-0.006608,-0.744762,-0.974864,-1.463104,1.480786,-0.001592,0.033301
19.233333,0.001167,0.054415,0.006712,-0.458173,-1.323705,1.195832,-1.231740,-0.022053,-0.019046,-0.756693,-0.986126,-1.531438,1.472034,0.003651,0.037853
19.266667,0.011490,0.048625,-0.001774,-0.444895,-1.297703,1.156073,-1.220058,0.000445,-0.016661,-0.769489,-0.998760,-1.559771,1.470419,-0.015263,0.026326
19.300000,0.026023,0.044295,-0.011700,-0.437598,-1.303005,1.153031,-1.219056,0.008774,-0.030448,-0.790373,-0.997664,-1.597126,1.482649,-0.007902,0.040097
19.333333,0.032243,0.017636,0.003319,-0.449192,-1.308860,1.140088,-1.234073,0.027811,-0.029213,-0.805040,-1.036568,-1.619389,1.496888,0.010892,0.021786
19.366667,0.061669,0.010977,0.006105,-0.462751,-1.319409,1.119242,-1.242004,0.026608,-0.024597,-0.853577,-1.062886,-1.626572,1.531128,0.008308,-0.015725
19.400000,0.051094,0.015966,0.009527,-0.470142,-1.333129,1.127843,-1.246336,0.042525,-0.012640,-0.862113,-1.083650,-1.644610,1.544935,0.006428,-0.014421
19.433333,0.049351,0.012745,0.031327,-0.460548,-1.337995,1.160681,-1.250667,0.027621,-0.021470,-0.856293,-1.082626,-1.694644,1.532485,0.021813,-0.024341
19.466667,0.057209,0.022261,0.037746,-0.434062,-1.320399,1.196804,-1.224506,0.046294,-0.003877,-0.836767,-1.086733,-1.728255,1.523821,0.013798,-0.026688
19.500000,0.073998,0.035255,0.044985,-0.409689,-1.324957,1.211994,-1.222326,0.045410,-0.025125,-0.814339,-1.088089,-1.744353,1.497631,0.011194,-0.019875
19.533333,0.050786,0.039863,0.041728,-0.380065,-1.335332,1.227185,-1.226683,0.036582,-0.035436,-0.751910,-1.064917,-1.742043,1.491442,0.022322,0.011788
19.566667,0.027659,0.055382,0.028049,-0.376573,-1.324275,1.228260,-1.244897,0.036620,-0.023462,-0.728794,-1.046912,-1.711524,1.497484,0.018250,0.030834
19.600000,0.024077,0.065039,0.017635,-0.400776,-1.334833,1.209239,-1.263112,0.033792,-0.007501,-0.711034,-1.061541,-1.682943,1.516368,0.023003,0.042653
19.633333,-0.001354,0.053194,0.003488,-0.425671,-1.348288,1.150218,-1.294684,0.030963,-0.021383,-0.703350,-1.071037,-1.630786,1.521308,0.035520,0.034875
19.666667,-0.003118,0.048175,-0.042724,-0.416556,-1.351065,1.131196,-1.286257,0.039120,-0.011913,-0.679341,-1.083285,-1.590734,1.547498,0.040571,0.031786
19.700000,-0.000435,0.048576,-0.048936,-0.432074,-1.333244,1.127560,-1.265797,0.050232,-0.006870,-0.678114,-1.095986,-1.544169,1.536999,0.047419,0.029119
19.733333,0.030326,0.032065,-0.040466,-0.407591,-1.325779,1.102850,-1.220202,0.041076,-0.015906,-0.653454,-1.108018,-1.497604,1.500311,0.049316,0.005051
19.766667,0.021087,0.032068,-0.044092,-0.386316,-1.328893,1.097110,-1.184576,0.038490,-0.009488,-0.634345,-1.104516,-1.417105,1.483622,0.048472,0.013059
19.800000,0.028405,0.032068,-0.034767,-0.370601,-1.336389,1.091370,-1.173262,0.028600,-0.003739,-0.593565,-1.101014,-1.336605,1.472492,0.050955,0.013305
19.833333,0.030016,0.034402,-0.005976,-0.385422,-1.326975,1.045630,-1.161949,0.013827,0.006439,-0.561310,-1.075345,-1.255741,1.425050,0.052232,0.024464
19.866667,0.027181,0.039793,-0.005677,-0.374425,-1.317720,0.991026,-1.124455,0.019790,0.021978,-0.506935,-1.049223,-1.185448,1.385418,0.042853,0.005432
19.900000,0.008295,0.045255,-0.006981,-0.363428,-1.338108,0.974818,-1.106813,0.018263,0.024923,-0.463158,-1.024155,-1.123940,1.378047,0.049326,0.006636
19.933333,0.007054,0.035307,-0.000142,-0.358701,-1.329967,0.919736,-1.086693,0.029452,0.022436,-0.429703,-1.021988,-1.071736,1.353163,0.062043,0.006537
19.966667,0.004887,0.050171,-0.010590,-0.340590,-1.341311,0.864654,-1.061057,0.019134,0.022048,-0.436248,-1.019821,-1.038469,1.351358,0.049858,0.016844
20.000000,-0.026197,0.044737,-0.019863,-0.304695,-1.356109,0.846077,-1.060574,0.019822,0.008762,-0.434268,-1.033995,-1.011821,1.349553,0.043492,0.005512
20.033333,-0.017280,0.036261,-0.017281,-0.277073,-1.359052,0.820978,-1.070717,-0.002760,-0.014826,-0.460065,-1.069850,-1.000508,1.362114,0.036997,-0.001676
20.066667,-0.003629,0.038508,-0.033178,-0.289450,-1.324237,0.794808,-1.080981,0.002097,-0.011743,-0.487724,-1.099884,-1.008219,1.382414,-0.001425,0.005443
20.100000,0.006891,0.040568,-0.044709,-0.268856,-1.317951,0.794400,-1.098984,-0.004718,-0.032956,-0.484502,-1.095712,-1.034883,1.380226,-0.029442,0.000373
20.133333,0.012007,0.025704,-0.042742,-0.269696,-1.289221,0.833992,-1.111097,-0.011733,-0.038727,-0.474488,-1.099254,-1.075780,1.370453,-0.020146,-0.027743
20.166667,0.037589,0.020830,-0.036849,-0.297331,-1.254553,0.859457,-1.138058,-0.017712,-0.057483,-0.504474,-1.108621,-1.128162,1.377474,-0.027575,-0.034380
20.200000,0.033144,0.021262,-0.033807,-0.323252,-1.259885,0.907292,-1.176711,-0.000894,-0.049114,-0.516509,-1.122814,-1.193887,1.399006,-0.012943,-0.018373
20.233333,0.021431,0.030656,-0.004315,-0.316842,-1.276762,0.957802,-1.187205,0.009670,-0.045364,-0.526893,-1.132981,-1.248747,1.412020,0.026195,-0.016896
20.266667,0.035206,0.049738,0.025176,-0.346233,-1.275810,1.011916,-1.182469,0.023763,-0.010541,-0.537276,-1.174131,-1.314720,1.455779,0.027443,-0.009816
20.300000,0.034253,0.056019,0.046755,-0.362536,-1.291195,1.026030,-1.191468,0.037711,0.006741,-0.552036,-1.207567,-1.362338,1.474800,0.024884,0.003514
20.333333,0.023193,0.056316,0.039301,-0.345194,-1.296650,1.030926,-1.182816,0.064852,0.022123,-0.534418,-1.233261,-1.372717,1.502621,0.032774,0.011541
20.366667,0.013301,0.073513,0.044741,-0.347110,-1.297600,1.053453,-1.151846,0.056958,0.037505,-0.537832,-1.236956,-1.381553,1.524849,0.035341,0.019212
20.400000,0.022933,0.055823,0.043968,-0.355009,-1.316914,1.047428,-1.154196,0.042174,0.021811,-0.533867,-1.224571,-1.389089,1.515594,0.035009,0.015255
20.433333,0.014828,0.042051,0.013241,-0.349227,-1.337494,1.046743,-1.189711,0.028035,0.006116,-0.556760,-1.181367,-1.357254,1.481876,0.049811,0.013698
20.466667,0.008831,0.043429,-0.017703,-0.355527,-1.333877,1.053343,-1.214165,0.034918,-0.009578,-0.542068,-1.159267,-1.334259,1.457941,0.036448,0.035779
20.500000,0.001009,0.044956,-0.010335,-0.379166,-1.358568,1.062861,-1.220555,0.020506,0.001151,-0.531296,-1.141707,-1.314286,1.432444,0.035766,0.038558
20.533333,0.002621,0.034219,-0.023353,-0.362805,-1.376419,1.048761,-1.242527,0.029062,0.002198,-0.492401,-1.155044,-1.268869,1.372543,0.032042,0.036490
20.566667,-0.005508,0.030809,-0.030869,-0.372792,-1.382120,1.039562,-1.253315,0.046801,0.029526,-0.474199,-1.168644,-1.219872,1.352641,0.008531,0.052309
20.600000,-0.012627,0.021044,-0.027232,-0.375401,-1.384384,1.025015,-1.249204,0.046442,0.016854,-0.429141,-1.197895,-1.171005,1.332335,0.007777,0.037375
20.633333,0.000228,0.013384,-0.001854,-0.386596,-1.381346,1.017207,-1.229815,0.030929,0.025612,-0.414459,-1.206044,-1.136876,1.309519,0.023901,0.005739
20.666667,0.004929,0.020389,-0.013405,-0.396591,-1.359092,1.033321,-1.225150,0.032259,0.032893,-0.415307,-1.217394,-1.107901,1.296258,0.014261,-0.008032
20.700000,0.004725,0.014510,-0.006021,-0.420867,-1.348184,1.042750,-1.236815,0.023386,0.024808,-0.412756,-1.217033,-1.066664,1.295287,0.014836,-0.012252
20.733333,0.025157,0.014510,-0.020620,-0.414826,-1.348184,1.071943,-1.219665,0.007372,0.011536,-0.410204,-1.242335,-1.038486,1.294316,0.027213,-0.028595
20.766667,0.032880,0.020754,-0.033908,-0.416523,-1.348184,1.071777,-1.212816,0.005981,0.004704,-0.407653,-1.251960,-1.010177,1.287468,0.023542,-0.015455
20.800000,0.015566,0.026664,-0.040662,-0.413079,-1.368184,1.077074,-1.231131,0.006047,0.006665,-0.374723,-1.282821,-0.944990,1.292517,0.020739,-0.006157
20.833333,0.007184,0.017835,-0.022012,-0.415161,-1.379092,1.044644,-1.258543,0.007207,-0.002367,-0.341963,-1.284988,-0.883335,1.272096,0.018200,0.023411
20.866667,0.005254,0.034897,-0.014233,-0.442964,-1.390000,1.004503,-1.254042,0.010025,0.013649,-0.318374,-1.303463,-0.841839,1.279385,0.009218,0.035458
20.900000,-0.012474,0.038508,0.003035,-0.461083,-1.390000,0.968250,-1.281206,0.001602,0.008862,-0.270542,-1.290934,-0.794966,1.252656,0.014311,0.036781
20.933333,-0.020765,0.033131,0.017794,-0.462185,-1.390000,0.968273,-1.299804,-0.001444,0.017635,-0.242709,-1.292473,-0.768093,1.245926,0.015452,0.027866
20.966667,-0.003458,0.027222,0.027483,-0.479412,-1.370000,0.988807,-1.282536,0.017339,0.002602,-0.254877,-1.272775,-0.779704,1.251020,0.026332,0.022903
21.000000,0.016946,0.036037,0.027593,-0.509073,-1.357990,1.047070,-1.264831,0.012559,0.013616,-0.279806,-1.249926,-0.819606,1.279008,0.029069,0.015012
21.033333,0.022597,0.024204,0.021846,-0.538733,-1.314165,1.143345,-1.277607,0.010163,-0.004889,-0.335562,-1.222932,-0.879350,1.303037,0.029587,0.008009
21.066667,0.010502,0.034224,0.014820,-0.608394,-1.274083,1.239620,-1.288387,0.005781,-0.001251,-0.415562,-1.186942,-0.959350,1.361085,0.034953,0.004931
21.100000,0.016122,0.040391,0.006565,-0.696382,-1.214002,1.339620,-1.287787,-0.010247,-0.010267,-0.515562,-1.170454,-1.059350,1.408681,0.032406,0.011038
21.133333,0.001362,0.046151,0.000097,-0.774904,-1.188474,1.417719,-1.302996,-0.026764,-0.004678,-0.615562,-1.174361,-1.159350,1.431692,0.014482,0.020281
21.166667,-0.031185,0.047693,-0.023581,-0.813426,-1.169676,1.495819,-1.301757,-0.023696,-0.028895,-0.715562,-1.170115,-1.259350,1.454269,0.021141,0.009506
21.200000,-0.032153,0.054730,-0.040588,-0.851947,-1.148206,1.561581,-1.279453,-0.015323,-0.034385,-0.781997,-1.170013,-1.359350,1.450722,0.040662,0.023115
21.233333,-0.021487,0.047291,-0.032095,-0.856703,-1.142994,1.587344,-1.263439,-0.008268,-0.042846,-0.846177,-1.197801,-1.459350,1.424901,0.029632,0.027695
21.266667,-0.040127,0.048623,-0.042039,-0.833471,-1.169320,1.573106,-1.256921,0.015536,-0.058653,-0.871900,-1.186085,-1.522910,1.406267,0.006615,0.033766
21.300000,-0.055836,0.070954,-0.045010,-0.819705,-1.181888,1.543923,-1.249964,0.022576,-0.055483,-0.897622,-1.193976,-1.586470,1.421224,0.006148,0.057701
21.333333,-0.038477,0.069921,-0.026314,-0.812392,-1.186101,1.492575,-1.250071,0.014550,-0.045517,-0.896030,-1.222217,-1.634082,1.411331,-0.000936,0.066446
21.366667,-0.024026,0.059019,-0.010274,-0.785961,-1.184800,1.413595,-1.240762,0.024407,-0.024761,-0.910540,-1.215969,-1.672313,1.394342,-0.039255,0.060703
21.400000,-0.024711,0.077129,-0.012190,-0.756402,-1.183498,1.366161,-1.214308,0.024796,-0.024542,-0.887305,-1.181831,-1.707787,1.381298,-0.054229,0.083691
21.433333,-0.006354,0.071248,0.007139,-0.752725,-1.178059,1.329495,-1.203952,0.021105,-0.003840,-0.896065,-1.187693,-1.739702,1.391516,-0.032897,0.076003
21.466667,0.020112,0.056956,0.012008,-0.724786,-1.162384,1.315832,-1.208768,0.019913,-0.003342,-0.904826,-1.191057,-1.743962,1.385674,-0.021555,0.057411
21.500000,0.026491,0.055650,0.003893,-0.730394,-1.180346,1.292869,-1.217731,0.023291,0.005825,-0.906186,-1.174069,-1.757184,1.380592,-0.014731,0.075026
21.533333,0.015389,0.062354,0.007566,-0.717741,-1.214522,1.295314,-1.230303,0.002390,-0.007136,-0.894694,-1.191571,-1.739787,1.406370,0.002058,0.067452
21.566667,0.035067,0.056120,0.020423,-0.726255,-1.236221,1.275502,-1.244943,0.019277,0.003349,-0.915982,-1.249073,-1.699533,1.450477,0.016116,0.053098
21.600000,0.039722,0.063223,0.030106,-0.727940,-1.255567,1.266715,-1.231423,0.033898,0.023044,-0.937891,-1.282363,-1.699279,1.468124,0.003149,0.049428
21.633333,0.029265,0.050599,0.023079,-0.724999,-1.264351,1.255875,-1.224399,0.027039,0.022994,-0.919800,-1.278152,-1.693299,1.461831,-0.004732,0.046624
21.666667,0.026559,0.052589,0.035060,-0.697340,-1.257432,1.276500,-1.194943,0.026771,0.024284,-0.936422,-1.296485,-1.687560,1.477289,-0.014339,0.007614
21.700000,0.045293,0.045997,0.029798,-0.690843,-1.243414,1.302306,-1.196466,0.025951,0.007701,-0.980790,-1.314818,-1.717364,1.488957,-0.009363,0.001413
21.733333,0.032707,0.033095,0.020599,-0.692977,-1.239418,1.344784,-1.203624,0.006359,0.004441,-0.992377,-1.293151,-1.746341,1.468215,-0.006195,-0.002769
21.766667,0.025256,0.031762,-0.002977,-0.676859,-1.219934,1.400036,-1.210523,0.001066,0.003852,-0.981114,-1.255695,-1.752024,1.455918,-0.012410,0.001801
21.800000,0.015484,0.050971,0.007285,-0.689630,-1.213254,1.451928,-1.194549,0.011538,0.024891,-0.983724,-1.252753,-1.770118,1.443621,-0.013721,0.022115
21.833333,0.009155,0.041876,0.001835,-0.705269,-1.215447,1.474949,-1.213334,0.015419,0.018932,-0.986334,-1.251351,-1.783160,1.443088,-0.006076,0.042430
21.866667,-0.014959,0.037461,-0.015959,-0.697125,-1.226471,1.495927,-1.203610,0.043542,0.018765,-0.951516,-1.209949,-1.784307,1.452661,0.009439,0.063882
21.900000,-0.017828,0.052294,-0.022973,-0.694959,-1.233344,1.494237,-1.202398,0.052650,0.001621,-0.947384,-1.208548,-1.796171,1.477559,0.019054,0.064156
21.933333,-0.028146,0.052264,-0.013944,-0.721304,-1.237221,1.477359,-1.217347,0.039494,-0.032687,-0.959728,-1.207146,-1.791329,1.480471,0.039722,0.056672
21.966667,-0.034322,0.043177,-0.044915,-0.742387,-1.228295,1.479737,-1.250964,0.046807,-0.048674,-0.998200,-1.211230,-1.777661,1.523383,0.060390,0.040557
22.000000,-0.024671,0.063843,-0.058337,-0.745320,-1.218227,1.488705,-1.249822,0.037012,-0.047643,-0.996671,-1.192182,-1.775790,1.535755,0.063899,0.042256
22.033333,-0.019809,0.081191,-0.046320,-0.764985,-1.228662,1.469096,-1.247948,0.012996,-0.029770,-1.012129,-1.204374,-1.764788,1.520055,0.043483,0.027131
22.066667,-0.029718,0.094579,-0.053139,-0.745767,-1.235250,1.446193,-1.239372,-0.011020,-0.019922,-1.025412,-1.189988,-1.738729,1.512407,0.030763,0.021281
22.100000,-0.028905,0.104744,-0.048648,-0.737237,-1.270705,1.443912,-1.227745,-0.015422,-0.001004,-1.028787,-1.194129,-1.752670,1.532566,0.032774,0.043752
22.133333,-0.013066,0.105450,-0.017938,-0.720828,-1.306162,1.405670,-1.203765,-0.037919,0.000344,-1.005305,-1.171777,-1.761369,1.512724,0.005372,0.041093
22.166667,-0.021664,0.115877,-0.006751,-0.718821,-1.310613,1.389709,-1.179785,-0.046795,0.008161,-1.003677,-1.148472,-1.762385,1.513504,-0.011877,0.052948
22.200000,-0.032513,0.110534,0.000080,-0.721905,-1.297662,1.392673,-1.189582,-0.040862,0.000417,-0.986330,-1.133659,-1.788882,1.502357,-0.018802,0.074022
22.233333,-0.012252,0.082904,0.005651,-0.745743,-1.270634,1.402053,-1.200447,-0.028869,-0.011588,-0.980470,-1.145424,-1.806160,1.492781,-0.012356,0.080098
22.266667,-0.000601,0.078612,-0.003211,-0.741557,-1.221986,1.382264,-1.192408,-0.007284,-0.007861,-0.972050,-1.163313,-1.795734,1.480711,-0.031693,0.065615
22.300000,0.011860,0.074299,-0.014608,-0.737098,-1.206098,1.395213,-1.191700,-0.000733,-0.020024,-0.974969,-1.167696,-1.819239,1.482362,-0.026092,0.079590
22.333333,0.016310,0.048063,0.000699,-0.748734,-1.206321,1.387447,-1.205476,0.015719,-0.020386,-0.975326,-1.212078,-1.812242,1.489878,-0.008326,0.061236
22.366667,0.045586,0.036058,0.003938,-0.761123,-1.207465,1.360757,-1.210790,0.011405,-0.015661,-1.014414,-1.235308,-1.789284,1.519796,-0.010996,0.022356
22.400000,0.034862,0.039855,0.007966,-0.761187,-1.218297,1.358149,-1.212040,0.028031,-0.002859,-1.013503,-1.252482,-1.786944,1.517179,-0.014291,0.022634
22.433333,0.034093,0.034175,0.030248,-0.749844,-1.222003,1.384710,-1.213290,0.012058,-0.010174,-1.007149,-1.245005,-1.803463,1.495714,-0.000687,0.015609
22.466667,0.043823,0.042731,0.037738,-0.723584,-1.200187,1.414495,-1.183769,0.029215,0.006386,-0.993051,-1.240399,-1.809211,1.476516,-0.007916,0.013888
22.500000,0.061575,0.055133,0.044696,-0.703014,-1.201236,1.424994,-1.179763,0.027045,-0.012341,-0.977040,-1.234488,-1.821705,1.435428,-0.011833,0.022103
22.533333,0.039326,0.064979,0.041203,-0.679687,-1.220318,1.443913,-1.185094,0.018501,-0.022617,-0.923817,-1.209998,-1.821631,1.411939,-0.001259,0.054369
22.566667,0.019271,0.080770,0.027600,-0.687931,-1.214240,1.462781,-1.205094,0.018325,-0.011707,-0.910594,-1.191563,-1.815284,1.428450,-0.004371,0.074372
22.600000,0.017039,0.089485,0.018797,-0.727776,-1.227175,1.468159,-1.225094,0.018462,0.002456,-0.921767,-1.205369,-1.817783,1.455869,0.000943,0.086388
22.633333,-0.007638,0.073239,0.004664,-0.762897,-1.246327,1.434296,-1.275345,0.018599,-0.012470,-0.945096,-1.216304,-1.797093,1.468763,0.013732,0.077592
22.666667,-0.007889,0.067967,-0.040302,-0.761837,-1.252699,1.440433,-1.285596,0.030247,-0.007230,-0.955416,-1.228544,-1.807845,1.507600,0.019294,0.074338
22.700000,-0.003631,0.067397,-0.045268,-0.780957,-1.232213,1.466689,-1.290094,0.042239,-0.002981,-0.999813,-1.246685,-1.831018,1.513615,0.027078,0.069935
22.733333,0.030223,0.050647,-0.034318,-0.768914,-1.219108,1.467884,-1.275249,0.036444,-0.014806,-1.035314,-1.263405,-1.850464,1.481652,0.027258,0.043534
22.766667,0.024076,0.050588,-0.037213,-0.764700,-1.220306,1.482569,-1.274882,0.035444,-0.011668,-1.064556,-1.266986,-1.842273,1.472318,0.027923,0.052745
22.800000,0.035553,0.050588,-0.024410,-0.777705,-1.223945,1.513229,-1.284263,0.028446,-0.009856,-1.064903,-1.270568,-1.864733,1.484827,0.028649,0.051239
22.833333,0.040911,0.052979,0.007564,-0.827894,-1.213611,1.519354,-1.297972,0.014767,-0.000880,-1.088506,-1.251473,-1.881030,1.458516,0.031064,0.060553
22.866667,0.041760,0.060364,0.010816,-0.858255,-1.201434,1.511915,-1.277435,0.024670,0.010183,-1.075245,-1.226478,-1.890377,1.447335,0.021559,0.040824
22.900000,0.024239,0.066308,0.010810,-0.880366,-1.221875,1.539090,-1.276240,0.025898,0.009271,-1.063332,-1.202903,-1.906751,1.468129,0.028689,0.040885
22.933333,0.024212,0.057145,0.020101,-0.901461,-1.213109,1.526264,-1.271032,0.039610,0.006934,-1.055945,-1.194159,-1.917890,1.472231,0.038725,0.039423
22.966667,0.022403,0.076067,0.010130,-0.898396,-1.225769,1.496705,-1.256014,0.029185,0.008238,-1.086942,-1.185415,-1.913274,1.482968,0.026534,0.050709
23.000000,-0.007671,0.071237,0.000832,-0.868859,-1.237786,1.491681,-1.258184,0.030044,-0.004483,-1.090314,-1.190766,-1.893790,1.492527,0.019961,0.039456
23.033333,0.002256,0.060126,0.004060,-0.841917,-1.238504,1.471681,-1.268155,0.005668,-0.026578,-1.114768,-1.216228,-1.881459,1.500719,0.012464,0.033176
23.066667,0.013786,0.062243,-0.011496,-0.849950,-1.199222,1.440383,-1.267509,0.009691,-0.020626,-1.132885,-1.235879,-1.873794,1.514864,-0.025718,0.041368
23.100000,0.022915,0.063219,-0.022504,-0.822349,-1.189149,1.429285,-1.268796,0.003660,-0.042115,-1.118465,-1.224914,-1.879356,1.505702,-0.052617,0.034402
23.133333,0.026636,0.044297,-0.021776,-0.814063,-1.154404,1.454704,-1.261510,-0.002804,-0.047880,-1.091652,-1.219812,-1.888627,1.480047,-0.042684,0.006218
23.166667,0.050265,0.034412,-0.017397,-0.833771,-1.114537,1.450009,-1.272708,-0.012133,-0.066951,-1.103381,-1.223292,-1.897133,1.463736,-0.051973,0.001133
23.200000,0.045014,0.035933,-0.017302,-0.851501,-1.114669,1.466125,-1.286079,0.004172,-0.058353,-1.100549,-1.229783,-1.919038,1.466481,-0.040161,0.019327
23.233333,0.034725,0.045615,0.009681,-0.839170,-1.131126,1.493540,-1.274098,0.011561,-0.053484,-1.096526,-1.232266,-1.930372,1.457176,-0.001998,0.023588
23.266667,0.049343,0.066360,0.036418,-0.863488,-1.127309,1.532634,-1.249718,0.021642,-0.017848,-1.092504,-1.264755,-1.959099,1.477689,-0.002966,0.034753
23.300000,0.047343,0.078736,0.056545,-0.875190,-1.142355,1.535211,-1.243724,0.032318,-0.001577,-1.096953,-1.291380,-1.973967,1.484749,-0.008436,0.051539
23.333333,0.036502,0.083838,0.047833,-0.854523,-1.149921,1.538929,-1.220941,0.060492,0.014693,-1.071464,-1.305246,-1.970998,1.511573,-0.002780,0.061403
23.366667,0.024775,0.101716,0.052676,-0.853067,-1.151090,1.561835,-1.188183,0.051479,0.030964,-1.072824,-1.299621,-1.970534,1.529289,0.001039,0.070519
23.400000,0.032715,0.083200,0.050743,-0.854099,-1.167753,1.554894,-1.191395,0.037149,0.017475,-1.068935,-1.277262,-1.978584,1.519107,-0.000754,0.065735
23.433333,0.024497,0.067964,0.019151,-0.836555,-1.189320,1.545846,-1.227147,0.024865,0.003987,-1.095217,-1.227019,-1.948884,1.494552,0.015612,0.061450
23.466667,0.019824,0.067495,-0.011793,-0.831127,-1.185970,1.542373,-1.255121,0.034069,-0.009501,-1.087036,-1.198628,-1.949505,1.484251,0.004324,0.080966
23.500000,0.012095,0.068470,-0.004433,-0.840635,-1.209090,1.546659,-1.263094,0.021401,0.002508,-1.094211,-1.176755,-1.967726,1.472876,0.006216,0.080544
23.533333,0.014977,0.057554,-0.017116,-0.810142,-1.230731,1.525405,-1.285461,0.034963,0.003905,-1.076778,-1.183599,-1.969446,1.430608,0.003855,0.076142
23.566667,0.007638,0.050111,-0.024928,-0.810304,-1.260554,1.509156,-1.294601,0.055956,0.030144,-1.079671,-1.193570,-1.971603,1.428340,-0.018889,0.089832
23.600000,-0.000893,0.039614,-0.020693,-0.798203,-1.265746,1.487926,-1.285793,0.057272,0.016383,-1.058313,-1.214693,-1.984899,1.428678,-0.022063,0.074784
23.633333,0.009519,0.028300,0.004666,-0.796407,-1.264340,1.475532,-1.258665,0.045123,0.023668,-1.070223,-1.213963,-1.992289,1.417664,-0.005405,0.042063
23.666667,0.013722,0.035050,-0.006675,-0.789971,-1.236464,1.484353,-1.245018,0.049497,0.030035,-1.081351,-1.219473,-1.996922,1.413658,-0.015422,0.025201
23.700000,0.013372,0.027917,-0.000324,-0.800279,-1.216464,1.484288,-1.249631,0.040061,0.020292,-1.083717,-1.214832,-1.983891,1.426048,-0.015001,0.017858
23.733333,0.033593,0.028590,-0.013994,-0.782660,-1.185119,1.503299,-1.227471,0.024788,0.005844,-1.086083,-1.233614,-1.982329,1.438438,-0.002049,0.000551
23.766667,0.042509,0.034467,-0.027937,-0.783224,-1.185706,1.497519,-1.217999,0.024493,-0.002093,-1.082528,-1.241703,-1.969629,1.432778,-0.002914,0.010844
23.800000,0.027782,0.041830,-0.034106,-0.785603,-1.195577,1.502131,-1.230723,0.023876,-0.002258,-1.060007,-1.269628,-1.944295,1.440173,-0.006279,0.019812
23.833333,0.020342,0.032203,-0.014640,-0.797011,-1.205448,1.468071,-1.254679,0.025126,-0.014171,-1.041949,-1.267018,-1.909134,1.421071,-0.010095,0.049598
23.866667,0.018073,0.047946,-0.004098,-0.831675,-1.209740,1.430204,-1.245981,0.029021,0.000639,-1.031190,-1.282212,-1.892394,1.425573,-0.023087,0.058485
23.900000,0.002381,0.053274,0.012932,-0.855626,-1.208051,1.398105,-1.266962,0.021387,-0.005985,-0.998265,-1.266224,-1.863646,1.398533,-0.017658,0.056987
23.933333,-0.004658,0.047134,0.028093,-0.872231,-1.194429,1.386006,-1.280661,0.018774,0.000880,-0.985341,-1.264344,-1.854898,1.391494,-0.017010,0.046141
23.966667,-0.001911,0.045558,0.028582,-0.877901,-1.191524,1.369102,-1.278264,0.018433,-0.001073,-0.978115,-1.262627,-1.844690,1.388496,-0.018370,0.044871
