time_sec,joint_pelvisYaw,joint_pelvisPitch,joint_pelvisRoll,joint_lShoulderPitch,joint_lShoulderRoll,joint_lShoulderYaw,joint_lElbow,joint_lWristRoll,joint_lWristPitch,joint_rShoulderPitch,joint_rShoulderRoll,joint_rShoulderYaw,joint_rElbow,joint_rWristRoll,joint_rWristPitch
0.000000,0.036752,0.041689,-0.002336,-1.065268,-1.121981,1.265611,-1.570000,-0.046996,-0.037187,-1.035499,-1.087920,-1.555780,1.569267,-0.041790,-0.035180
0.033333,0.050442,0.033228,0.008664,-1.053998,-1.106891,1.306468,-1.568717,-0.024192,-0.029923,-1.053327,-1.081343,-1.589889,1.535569,-0.019588,-0.040941
0.066667,0.035370,0.038031,0.001168,-1.059470,-1.117964,1.339803,-1.568717,-0.031087,-0.023191,-1.060654,-1.064267,-1.602697,1.535716,-0.005388,-0.050790
0.100000,0.035806,0.039402,-0.006805,-1.060736,-1.109036,1.367122,-1.568717,-0.047964,-0.026593,-1.063241,-1.066946,-1.626559,1.535862,-0.000542,-0.048796
0.133333,0.023318,0.045969,-0.012255,-1.095174,-1.132777,1.361822,-1.570000,-0.068239,-0.022381,-1.074247,-1.068688,-1.616501,1.554476,-0.017715,-0.042015
0.166667,-0.005083,0.047490,-0.035564,-1.089612,-1.132947,1.382450,-1.570000,-0.063526,-0.049917,-1.060635,-1.058748,-1.602555,1.568468,-0.012529,-0.056199
0.200000,-0.007444,0.054945,-0.051544,-1.095319,-1.115037,1.411671,-1.570000,-0.056079,-0.055909,-1.042449,-1.056975,-1.625106,1.566911,0.005559,-0.042507
0.233333,0.002262,0.049436,-0.042946,-1.084455,-1.110271,1.400891,-1.570000,-0.050119,-0.062913,-1.039090,-1.079232,-1.616696,1.563931,-0.006388,-0.034161
0.266667,-0.014994,0.049738,-0.052968,-1.057797,-1.134057,1.376127,-1.570000,-0.026594,-0.079785,-1.029200,-1.061745,-1.577231,1.559654,-0.028979,-0.027857
0.300000,-0.028286,0.068509,-0.054146,-1.036740,-1.141394,1.347256,-1.570000,-0.018773,-0.077599,-1.033147,-1.065786,-1.577766,1.561187,-0.029551,-0.004900
0.333333,-0.011808,0.068382,-0.033033,-1.015682,-1.135822,1.293249,-1.570000,-0.026350,-0.069607,-1.033536,-1.094527,-1.569922,1.556808,-0.035328,0.003251
0.366667,0.002107,0.058608,-0.016131,-0.969887,-1.123418,1.208111,-1.552778,-0.015373,-0.050440,-1.059054,-1.089228,-1.554024,1.538552,-0.071826,-0.001241
0.400000,0.000780,0.076480,-0.016868,-0.923922,-1.111709,1.148354,-1.548388,-0.015256,-0.053249,-1.045587,-1.059899,-1.578126,1.524571,-0.087085,0.021820
0.433333,0.017102,0.075827,0.003440,-0.896352,-1.083595,1.096377,-1.548388,-0.025681,-0.036629,-1.057839,-1.070558,-1.602229,1.528848,-0.064634,0.015079
0.466667,0.037890,0.064826,0.009776,-0.836133,-1.049143,1.054745,-1.548388,-0.032108,-0.041502,-1.070092,-1.074381,-1.608557,1.528848,-0.051342,-0.001367
0.500000,0.042359,0.065148,0.003833,-0.815915,-1.051170,1.009634,-1.548388,-0.033904,-0.032389,-1.075771,-1.053506,-1.636138,1.525565,-0.042810,0.019460
0.533333,0.031310,0.073647,0.005875,-0.780435,-1.064942,0.980542,-1.565610,-0.056766,-0.045655,-1.066272,-1.065099,-1.631773,1.545377,-0.026648,0.014475
0.566667,0.048767,0.067495,0.017573,-0.772437,-1.067855,0.941689,-1.570000,-0.044678,-0.032050,-1.089429,-1.116693,-1.601753,1.562338,-0.010101,-0.003158
0.600000,0.051415,0.070312,0.026688,-0.762339,-1.080314,0.910277,-1.562630,-0.030108,-0.013284,-1.113388,-1.139485,-1.611733,1.562338,-0.021232,-0.006261
0.633333,0.042368,0.059176,0.019029,-0.767088,-1.085785,0.907828,-1.562630,-0.031041,-0.013025,-1.097347,-1.129113,-1.600816,1.551813,-0.030437,-0.007740
0.666667,0.042591,0.060189,0.028791,-0.741438,-1.075006,0.933994,-1.542630,-0.027680,-0.008169,-1.116885,-1.142216,-1.577832,1.559475,-0.038857,-0.046493
0.700000,0.059500,0.053868,0.025355,-0.739122,-1.061384,0.958120,-1.542630,-0.028274,-0.020934,-1.152503,-1.156889,-1.592980,1.559475,-0.031601,-0.053114
0.733333,0.047198,0.041470,0.017503,-0.735764,-1.056091,0.989849,-1.542630,-0.044131,-0.027085,-1.155466,-1.134251,-1.603044,1.558758,-0.027897,-0.055086
0.766667,0.041831,0.041155,-0.005779,-0.725217,-1.039288,1.046358,-1.548225,-0.044457,-0.025907,-1.130286,-1.106244,-1.589508,1.558758,-0.034226,-0.050535
0.800000,0.031491,0.057095,0.004035,-0.733700,-1.033245,1.082833,-1.548124,-0.037184,-0.002254,-1.119454,-1.117991,-1.589116,1.550189,-0.033323,-0.029982
0.833333,0.021771,0.046332,-0.004222,-0.759144,-1.037317,1.102487,-1.568124,-0.031920,-0.011240,-1.104790,-1.134518,-1.588180,1.550189,-0.026277,-0.009429
0.866667,0.001513,0.038649,-0.022345,-0.761851,-1.048770,1.146996,-1.563093,-0.004336,-0.009121,-1.062416,-1.111045,-1.570772,1.550189,-0.014430,0.010599
0.900000,-0.000103,0.051695,-0.030371,-0.778116,-1.058484,1.181786,-1.563093,0.003561,-0.021946,-1.045748,-1.124881,-1.569685,1.550906,-0.006034,0.012130
0.933333,-0.011559,0.049543,-0.021651,-0.825275,-1.068548,1.216575,-1.564869,-0.009266,-0.047458,-1.044376,-1.135624,-1.552197,1.544850,0.012855,0.002160
0.966667,-0.017589,0.043121,-0.052932,-0.872434,-1.064957,1.272091,-1.564969,0.000915,-0.055793,-1.068656,-1.146613,-1.520236,1.563944,0.031744,-0.017161
1.000000,-0.006962,0.062493,-0.064541,-0.933030,-1.066828,1.344428,-1.564969,-0.007456,-0.049032,-1.056767,-1.141078,-1.507479,1.563944,0.034806,-0.016528
1.033333,-0.009104,0.076857,-0.055781,-1.019233,-1.087113,1.393674,-1.570000,-0.029403,-0.033207,-1.060464,-1.166233,-1.480334,1.563944,0.013904,-0.033901
1.066667,-0.023253,0.088237,-0.064365,-1.088645,-1.106509,1.445688,-1.570000,-0.051350,-0.024795,-1.065144,-1.169840,-1.427608,1.563944,-0.006780,-0.042668
1.100000,-0.021158,0.099221,-0.059086,-1.154227,-1.149833,1.497703,-1.570000,-0.056356,-0.009111,-1.065551,-1.188702,-1.414882,1.570000,-0.006542,-0.021211
1.133333,-0.008858,0.099952,-0.029276,-1.216947,-1.193157,1.534017,-1.570000,-0.080129,-0.011824,-1.040605,-1.186885,-1.402156,1.561575,-0.036376,-0.023850
1.166667,-0.017813,0.113334,-0.018255,-1.248515,-1.201463,1.570332,-1.562174,-0.090561,-0.006192,-1.035543,-1.173338,-1.372418,1.561575,-0.054500,-0.013013
1.200000,-0.022342,0.112420,-0.007932,-1.289757,-1.200552,1.626249,-1.562174,-0.084717,-0.012080,-1.021448,-1.169101,-1.372844,1.550800,-0.065338,0.005915
1.233333,0.002764,0.089350,0.000445,-1.326558,-1.187038,1.668721,-1.562174,-0.071807,-0.023386,-1.020662,-1.186412,-1.373271,1.550800,-0.055077,0.009299
1.266667,0.012193,0.084515,-0.008176,-1.354369,-1.162070,1.711192,-1.548562,-0.050167,-0.021194,-1.022328,-1.217638,-1.333697,1.550800,-0.076230,-0.011230
1.300000,0.023597,0.084197,-0.019244,-1.365043,-1.170316,1.769364,-1.548563,-0.042510,-0.033152,-1.029285,-1.229543,-1.334123,1.559225,-0.073431,-0.000215
1.333333,0.024662,0.063267,-0.006833,-1.386869,-1.199214,1.826386,-1.556389,-0.026302,-0.029485,-1.037449,-1.281449,-1.312071,1.559225,-0.061082,-0.021443
1.366667,0.048783,0.049923,-0.007300,-1.392818,-1.226922,1.848061,-1.556389,-0.030800,-0.024316,-1.079061,-1.314880,-1.277549,1.570000,-0.064545,-0.059820
1.400000,0.032905,0.058571,-0.008476,-1.400000,-1.256844,1.906911,-1.556389,-0.017723,-0.008921,-1.080673,-1.339734,-1.263917,1.570000,-0.068614,-0.059934
1.433333,0.028736,0.059229,0.006829,-1.400000,-1.275131,1.965761,-1.570000,-0.034762,-0.016689,-1.075112,-1.333901,-1.273185,1.570000,-0.057665,-0.063313
1.466667,0.037550,0.067395,0.010001,-1.400000,-1.266197,2.024611,-1.554919,-0.019049,-0.000140,-1.066098,-1.338673,-1.271029,1.570000,-0.065642,-0.064338
1.500000,0.051056,0.078173,0.013804,-1.400000,-1.272305,2.045314,-1.554919,-0.022617,-0.022657,-1.056934,-1.337521,-1.284348,1.568623,-0.069655,-0.057481
1.533333,0.024563,0.095207,0.006346,-1.400000,-1.294122,2.098835,-1.554919,-0.029378,-0.034253,-1.007770,-1.315953,-1.282029,1.568623,-0.062210,-0.027557
1.566667,0.007753,0.107656,-0.006752,-1.400000,-1.291483,2.124272,-1.554919,-0.026601,-0.024924,-0.998606,-1.302526,-1.275372,1.568623,-0.070116,-0.014124
1.600000,0.010190,0.115773,-0.014131,-1.400000,-1.294006,2.118122,-1.551827,-0.027240,-0.012194,-1.000563,-1.309204,-1.285815,1.568623,-0.065512,-0.001619
1.633333,-0.011917,0.099109,-0.027732,-1.400000,-1.304949,2.071972,-1.566908,-0.029650,-0.026440,-1.013030,-1.305276,-1.270109,1.568623,-0.051798,-0.008185
1.666667,-0.007122,0.094339,-0.069704,-1.384688,-1.301963,2.060133,-1.560084,-0.019552,-0.016852,-1.007454,-1.307272,-1.278418,1.570000,-0.044567,-0.009253
1.700000,0.004221,0.091008,-0.071677,-1.384688,-1.269192,2.015476,-1.560084,-0.011890,-0.011269,-1.040582,-1.308158,-1.308961,1.570000,-0.032813,-0.009407
1.733333,0.034255,0.076181,-0.059415,-1.374766,-1.251762,1.958902,-1.560084,-0.022100,-0.024907,-1.065985,-1.298818,-1.332161,1.560227,-0.030789,-0.029186
1.766667,0.024289,0.078198,-0.063049,-1.374766,-1.257802,1.933915,-1.563176,-0.024498,-0.018783,-1.089471,-1.289977,-1.320904,1.560227,-0.028658,-0.022022
1.800000,0.035069,0.080216,-0.049414,-1.374766,-1.258534,1.909740,-1.563176,-0.033023,-0.017104,-1.088971,-1.281136,-1.344072,1.560227,-0.028123,-0.022646
1.833333,0.037560,0.081196,-0.018062,-1.390077,-1.244850,1.857932,-1.570000,-0.047064,-0.012065,-1.113064,-1.249005,-1.358997,1.550923,-0.027793,-0.012705
1.866667,0.033503,0.089042,-0.014431,-1.390077,-1.231943,1.834960,-1.551675,-0.037291,-0.002172,-1.101163,-1.217195,-1.355626,1.546973,-0.039732,-0.030029
1.900000,0.016553,0.093488,-0.014565,-1.395317,-1.243696,1.850583,-1.551675,-0.035989,-0.000678,-1.088937,-1.196049,-1.358434,1.556746,-0.030972,-0.026106
1.933333,0.019959,0.082614,-0.004186,-1.395317,-1.224488,1.826205,-1.551675,-0.024525,-0.005733,-1.088161,-1.191418,-1.365691,1.556746,-0.024234,-0.026709
1.966667,0.017815,0.102763,-0.014806,-1.387009,-1.232337,1.801017,-1.551675,-0.034301,-0.004958,-1.121255,-1.186787,-1.356386,1.556746,-0.039962,-0.020486
2.000000,-0.008796,0.100929,-0.023699,-1.378060,-1.244704,1.808447,-1.551675,-0.033299,-0.015999,-1.126859,-1.199110,-1.333958,1.566050,-0.047353,-0.032718
2.033333,0.004594,0.091822,-0.021842,-1.366052,-1.246903,1.787042,-1.570000,-0.056035,-0.033970,-1.152472,-1.229255,-1.320739,1.570000,-0.053002,-0.040620
2.066667,0.016450,0.092588,-0.038383,-1.363456,-1.209755,1.755936,-1.570000,-0.051219,-0.024321,-1.167669,-1.253542,-1.314982,1.570000,-0.091565,-0.032757
2.100000,0.021109,0.092354,-0.049289,-1.345421,-1.203568,1.755488,-1.570000,-0.057372,-0.043170,-1.148800,-1.242099,-1.317783,1.570000,-0.115744,-0.037559
2.133333,0.025248,0.065554,-0.048558,-1.318526,-1.169985,1.774202,-1.570000,-0.063544,-0.046946,-1.118361,-1.233853,-1.327617,1.569211,-0.101743,-0.060923
2.166667,0.047054,0.053395,-0.046454,-1.288643,-1.128417,1.752917,-1.570000,-0.071033,-0.064771,-1.123541,-1.227702,-1.343120,1.559131,-0.107798,-0.065643
2.200000,0.038983,0.051083,-0.045034,-1.265550,-1.124396,1.743076,-1.570000,-0.056569,-0.057585,-1.112554,-1.228154,-1.368800,1.559131,-0.096972,-0.048445
2.233333,0.027719,0.057373,-0.018122,-1.217730,-1.128145,1.744341,-1.567804,-0.049273,-0.062739,-1.103402,-1.222125,-1.384713,1.559131,-0.062418,-0.046689
2.266667,0.043295,0.074607,0.005512,-1.189299,-1.102597,1.714950,-1.545609,-0.036435,-0.032846,-1.094249,-1.239422,-1.422079,1.559131,-0.063540,-0.035194
2.300000,0.040760,0.087384,0.024487,-1.158035,-1.098027,1.666395,-1.543413,-0.025356,-0.023856,-1.090848,-1.253521,-1.445771,1.553490,-0.067569,-0.018053
2.333333,0.029831,0.089249,0.016663,-1.110402,-1.085268,1.617840,-1.543413,0.000926,-0.015203,-1.065385,-1.253454,-1.453425,1.563570,-0.062045,-0.005578
2.366667,0.023187,0.104763,0.020315,-1.040938,-1.074138,1.557840,-1.523413,-0.008486,-0.006550,-1.065467,-1.228642,-1.468425,1.563570,-0.055287,0.005515
2.400000,0.035138,0.088361,0.018979,-0.971474,-1.082858,1.457840,-1.525609,-0.021728,-0.016946,-1.063823,-1.187474,-1.500759,1.563570,-0.051460,0.005633
2.433333,0.029156,0.076640,-0.007357,-0.883644,-1.104698,1.364798,-1.547804,-0.036971,-0.027341,-1.088501,-1.121991,-1.495586,1.563570,-0.029413,0.006574
2.466667,0.027560,0.077548,-0.033521,-0.811056,-1.105813,1.277489,-1.550000,-0.033172,-0.037691,-1.082120,-1.077702,-1.516762,1.567079,-0.037427,0.028065
2.500000,0.024076,0.076240,-0.022185,-0.741127,-1.133860,1.190181,-1.550000,-0.046442,-0.025022,-1.087770,-1.037296,-1.553541,1.560988,-0.035183,0.028901
2.533333,0.027677,0.064054,-0.029188,-0.669296,-1.153158,1.102872,-1.570000,-0.035085,-0.023721,-1.071683,-1.029719,-1.580555,1.538403,-0.039652,0.026431
2.566667,0.020597,0.058488,-0.033451,-0.632299,-1.184184,1.028584,-1.570000,-0.017434,0.000117,-1.071372,-1.026443,-1.592097,1.535817,-0.060820,0.039386
2.600000,0.017611,0.045169,-0.027899,-0.585036,-1.191388,0.947550,-1.570000,-0.016433,-0.016045,-1.051358,-1.029390,-1.624273,1.523021,-0.068412,0.022379
2.633333,0.029908,0.035707,-0.002154,-0.552868,-1.189572,0.879960,-1.566907,-0.024616,-0.011687,-1.065582,-1.011144,-1.650724,1.499366,-0.055451,-0.010419
2.666667,0.036338,0.044478,-0.011123,-0.539122,-1.160824,0.852369,-1.557643,-0.018183,-0.005056,-1.075290,-1.007422,-1.671227,1.485690,-0.061393,-0.024656
2.700000,0.039385,0.038146,-0.005629,-0.530744,-1.140824,0.824779,-1.557643,-0.024173,-0.015440,-1.074637,-0.986361,-1.671829,1.479812,-0.059518,-0.030628
2.733333,0.062852,0.036118,-0.018441,-0.498911,-1.102515,0.804046,-1.537643,-0.034653,-0.032991,-1.076566,-0.989694,-1.696397,1.473934,-0.047210,-0.045735
2.766667,0.072248,0.041402,-0.029795,-0.494914,-1.096305,0.783101,-1.532679,-0.032009,-0.041906,-1.071876,-0.989726,-1.697836,1.458265,-0.045416,-0.033907
2.800000,0.062005,0.046267,-0.036823,-0.485076,-1.095318,0.753983,-1.535772,-0.026735,-0.045776,-1.050744,-1.004657,-1.692046,1.447991,-0.050037,-0.022815
2.833333,0.058703,0.035984,-0.022329,-0.480328,-1.094331,0.684864,-1.545036,-0.023555,-0.056982,-1.033934,-0.995379,-1.676499,1.417444,-0.057623,0.004181
2.866667,0.059837,0.053308,-0.014266,-0.510210,-1.087562,0.615745,-1.543870,-0.020386,-0.039803,-1.027186,-1.010611,-1.678612,1.415596,-0.065369,0.014758
2.900000,0.046697,0.061111,0.000774,-0.528713,-1.084525,0.566748,-1.563870,-0.025571,-0.044640,-0.995073,-0.987418,-1.661220,1.377464,-0.061705,0.014100
2.933333,0.041467,0.057979,0.012821,-0.535050,-1.069388,0.542340,-1.568834,-0.024246,-0.038114,-0.982960,-0.979684,-1.663828,1.359332,-0.063647,0.004484
2.966667,0.053604,0.048889,0.018318,-0.556888,-1.089029,0.546929,-1.548834,-0.005373,-0.037332,-0.953051,-0.997050,-1.639389,1.329587,-0.044938,0.001847
3.000000,0.066438,0.052983,0.016326,-0.592558,-1.148669,0.591518,-1.508834,-0.016222,-0.015501,-0.897749,-1.038625,-1.611226,1.293303,-0.034483,-0.000871
3.033333,0.066186,0.037216,0.006250,-0.628228,-1.214091,0.676106,-1.450000,-0.020305,-0.024788,-0.832384,-1.080200,-1.559095,1.217018,-0.018275,-0.006190
3.066667,0.049328,0.040090,-0.003299,-0.692240,-1.277273,0.760695,-1.370000,-0.030994,-0.010454,-0.775867,-1.133469,-1.522038,1.156795,0.002468,-0.007261
3.100000,0.049070,0.039915,-0.013774,-0.755774,-1.323342,0.860695,-1.270000,-0.051075,-0.008205,-0.715331,-1.205782,-1.500877,1.080163,0.015388,0.002208
3.133333,0.035397,0.047373,-0.020755,-0.812339,-1.364765,0.960695,-1.170000,-0.072892,-0.003578,-0.680634,-1.257450,-1.479715,1.013737,0.006237,0.009847
3.166667,0.005327,0.050260,-0.044555,-0.830213,-1.382942,1.060695,-1.070000,-0.067870,-0.031079,-0.665744,-1.269118,-1.480675,0.978861,0.019766,-0.001543
3.200000,0.003115,0.056733,-0.060645,-0.848088,-1.368273,1.160695,-0.975198,-0.060456,-0.037779,-0.654348,-1.280787,-1.517607,0.952431,0.037813,0.013458
3.233333,0.012737,0.052317,-0.052573,-0.854813,-1.368273,1.260695,-0.914011,-0.053563,-0.044965,-0.658864,-1.300759,-1.520061,0.923819,0.027174,0.021570
3.266667,-0.007629,0.052998,-0.062268,-0.846347,-1.385385,1.332392,-0.874875,-0.028984,-0.060066,-0.656966,-1.283458,-1.486620,0.908403,0.004358,0.028960
3.300000,-0.020329,0.071241,-0.061635,-0.844849,-1.387145,1.404089,-0.854891,-0.021791,-0.057410,-0.669227,-1.286802,-1.493179,0.922781,0.003612,0.054916
3.333333,-0.003540,0.070760,-0.040544,-0.862891,-1.388588,1.473948,-0.852759,-0.027816,-0.047066,-0.674153,-1.311603,-1.496642,0.905847,-0.001739,0.065516
3.366667,0.010268,0.062445,-0.022195,-0.861002,-1.382879,1.503807,-0.845428,-0.015193,-0.026405,-0.700754,-1.299710,-1.490361,0.887972,-0.037285,0.061332
3.400000,0.009836,0.081046,-0.022533,-0.850735,-1.379318,1.533667,-0.830688,-0.013283,-0.025010,-0.687958,-1.266244,-1.519465,0.870699,-0.051529,0.084787
3.433333,0.028473,0.080406,-0.002408,-0.872113,-1.374255,1.575355,-0.824375,-0.021994,-0.003861,-0.699214,-1.271007,-1.548568,0.876638,-0.027997,0.078424
3.466667,0.050276,0.071222,0.002794,-0.873571,-1.360799,1.605869,-0.831030,-0.025154,-0.003147,-0.710469,-1.270993,-1.553038,0.860918,-0.014029,0.058705
3.500000,0.056856,0.072063,-0.002677,-0.894181,-1.364360,1.616092,-0.843171,-0.025037,0.007155,-0.712274,-1.249523,-1.566328,0.852347,-0.005924,0.075567
3.533333,0.047182,0.080374,-0.001205,-0.901358,-1.386794,1.647873,-0.865428,-0.046711,-0.003034,-0.699063,-1.264746,-1.549363,0.874347,0.009369,0.069210
3.566667,0.064751,0.074887,0.011107,-0.927373,-1.390354,1.651537,-0.886138,-0.034503,0.010419,-0.717816,-1.314931,-1.513653,0.918151,0.023739,0.050336
3.600000,0.069086,0.080206,0.020810,-0.941310,-1.395417,1.657196,-0.879557,-0.019512,0.028831,-0.737100,-1.345116,-1.516460,0.934784,0.010924,0.047398
3.633333,0.060280,0.068403,0.013205,-0.945371,-1.397233,1.653138,-0.880857,-0.022620,0.027677,-0.716384,-1.340077,-1.508126,0.933075,0.000069,0.042950
3.666667,0.058839,0.069417,0.021944,-0.918254,-1.390735,1.671208,-0.858819,-0.020591,0.032124,-0.732649,-1.353378,-1.490362,0.958515,-0.009050,0.001922
3.700000,0.078355,0.062538,0.018479,-0.909271,-1.375978,1.685517,-0.865332,-0.023180,0.017062,-0.767476,-1.366680,-1.512254,0.971790,-0.004013,-0.005941
3.733333,0.066049,0.050021,0.009527,-0.897703,-1.375883,1.706385,-0.875987,-0.039163,0.009760,-0.770341,-1.345019,-1.526506,0.956796,-0.001231,-0.009343
3.766667,0.060185,0.049353,-0.014444,-0.871439,-1.364842,1.738525,-0.887304,-0.041922,0.009910,-0.744774,-1.306708,-1.519202,0.951217,-0.009040,-0.009487
3.800000,0.050980,0.065937,-0.005125,-0.874970,-1.359157,1.766849,-0.879865,-0.034090,0.034452,-0.731294,-1.307099,-1.521079,0.945639,-0.009246,0.010446
3.833333,0.044884,0.056585,-0.012287,-0.882517,-1.363139,1.766435,-0.903927,-0.030003,0.028246,-0.714928,-1.313263,-1.524893,0.941847,-0.004624,0.030380
3.866667,0.023073,0.048206,-0.030163,-0.865295,-1.367111,1.773584,-0.895762,-0.003113,0.027921,-0.669846,-1.279426,-1.510214,0.952144,0.006450,0.049762
3.900000,0.023591,0.059263,-0.037737,-0.858887,-1.367207,1.770990,-0.892116,0.003289,0.013322,-0.651536,-1.285590,-1.511708,0.964148,0.015829,0.051289
3.933333,0.015197,0.055863,-0.030018,-0.873776,-1.366838,1.749837,-0.905897,-0.009327,-0.015465,-0.648846,-1.288405,-1.496242,0.953908,0.035893,0.044159
3.966667,0.010529,0.047073,-0.062299,-0.885626,-1.352755,1.753392,-0.932878,0.000017,-0.028900,-0.674069,-1.292518,-1.476328,0.982237,0.055957,0.029097
4.000000,0.021124,0.062418,-0.073978,-0.888979,-1.338439,1.765554,-0.928386,-0.008929,-0.028536,-0.662178,-1.278008,-1.471622,0.974344,0.063350,0.032844
4.033333,0.023689,0.077463,-0.065524,-0.909029,-1.350351,1.752356,-0.925784,-0.030538,-0.012607,-0.665811,-1.295805,-1.451812,0.934373,0.044522,0.017807
4.066667,0.014118,0.087136,-0.074013,-0.893196,-1.350351,1.730458,-0.921000,-0.052147,-0.004738,-0.670552,-1.284905,-1.417178,0.905342,0.029662,0.010532
4.100000,0.016561,0.095821,-0.068371,-0.891195,-1.361759,1.730326,-0.920361,-0.056788,0.009478,-0.672681,-1.295595,-1.422544,0.906698,0.030879,0.031748
4.133333,0.030414,0.095608,-0.037588,-0.880168,-1.374792,1.701244,-0.908334,-0.080336,0.005245,-0.648302,-1.280664,-1.418953,0.869484,0.003600,0.028327
4.166667,0.022221,0.108997,-0.026071,-0.882474,-1.378376,1.692295,-0.896281,-0.090790,0.010922,-0.645737,-1.260243,-1.404984,0.862790,-0.013719,0.038949
4.200000,0.015745,0.106247,-0.015788,-0.892238,-1.366540,1.707404,-0.913918,-0.084975,0.004114,-0.632966,-1.246448,-1.424175,0.848175,-0.020689,0.058981
4.233333,0.037856,0.083188,-0.007051,-0.920856,-1.350212,1.729993,-0.927637,-0.071457,-0.007110,-0.632316,-1.261350,-1.435458,0.838908,-0.013124,0.063529
4.266667,0.047784,0.079739,-0.014688,-0.921129,-1.331504,1.730314,-0.915933,-0.049568,-0.002659,-0.630243,-1.273305,-1.416851,0.824114,-0.032322,0.046501
4.300000,0.059889,0.078359,-0.024074,-0.918382,-1.339663,1.751879,-0.915542,-0.043404,-0.014934,-0.636009,-1.270879,-1.436008,0.834676,-0.028112,0.057339
4.333333,0.063839,0.056071,-0.009934,-0.933205,-1.343860,1.750734,-0.928827,-0.028667,-0.011734,-0.638945,-1.308454,-1.425543,0.851551,-0.014892,0.037683
4.366667,0.090772,0.043775,-0.005838,-0.940874,-1.345335,1.725530,-0.930026,-0.035180,-0.005679,-0.676562,-1.322532,-1.401009,0.908427,-0.018189,-0.000747
4.400000,0.077705,0.050570,-0.003690,-0.940168,-1.358621,1.725802,-0.929623,-0.024016,0.007729,-0.674179,-1.328362,-1.396721,0.935575,-0.021375,-0.000706
4.433333,0.076429,0.047569,0.016803,-0.927806,-1.358940,1.748342,-0.929219,-0.042618,-0.003121,-0.664376,-1.315550,-1.409241,0.937863,-0.008328,-0.005627
4.466667,0.087826,0.053030,0.024775,-0.899857,-1.337065,1.778587,-0.894444,-0.026589,0.014145,-0.647063,-1.309730,-1.413746,0.922140,-0.016130,-0.005845
4.500000,0.103209,0.062874,0.031403,-0.868171,-1.334025,1.791542,-0.885994,-0.029643,-0.007775,-0.630694,-1.303003,-1.424775,0.886628,-0.020212,0.001788
4.533333,0.078593,0.076020,0.024753,-0.837923,-1.344386,1.804497,-0.891609,-0.036680,-0.020258,-0.574326,-1.280840,-1.419698,0.844745,-0.011018,0.032232
4.566667,0.060094,0.090414,0.012730,-0.837198,-1.327428,1.808186,-0.911609,-0.035638,-0.010581,-0.557957,-1.266925,-1.410012,0.842862,-0.017115,0.051534
4.600000,0.059996,0.099602,0.002694,-0.859272,-1.340574,1.793541,-0.931608,-0.036066,0.005108,-0.556536,-1.285693,-1.413409,0.858271,-0.013283,0.064164
4.633333,0.033665,0.085654,-0.014454,-0.877092,-1.359636,1.738896,-0.970102,-0.037482,-0.009424,-0.568938,-1.297468,-1.387058,0.870625,-0.001339,0.056880
4.666667,0.033547,0.080760,-0.057353,-0.863404,-1.366363,1.724251,-0.968597,-0.027112,-0.000240,-0.566153,-1.310150,-1.394182,0.905836,0.005697,0.054222
4.700000,0.039614,0.079333,-0.060251,-0.871276,-1.357092,1.729024,-0.955163,-0.016465,0.005183,-0.599163,-1.327896,-1.413080,0.914974,0.014186,0.051266
4.733333,0.067779,0.063120,-0.051189,-0.839183,-1.357934,1.710108,-0.922902,-0.023740,-0.007160,-0.622845,-1.339116,-1.423386,0.888954,0.015132,0.025807
4.766667,0.056532,0.065381,-0.055459,-0.824290,-1.363177,1.709526,-0.901618,-0.026188,-0.002584,-0.645733,-1.337139,-1.403111,0.885643,0.016163,0.032284
4.800000,0.067305,0.067642,-0.042996,-0.824123,-1.372346,1.715714,-0.901839,-0.034154,-0.000468,-0.644564,-1.336175,-1.420316,0.896757,0.016671,0.031480
4.833333,0.069396,0.070035,-0.013511,-0.857788,-1.368158,1.694007,-0.906678,-0.047514,0.002964,-0.668101,-1.313337,-1.430886,0.870736,0.017409,0.041366
4.866667,0.065303,0.077471,-0.012694,-0.869312,-1.358295,1.670915,-0.883445,-0.038318,0.011459,-0.655843,-1.285436,-1.435422,0.859358,0.006811,0.024301
4.900000,0.048402,0.082381,-0.013213,-0.884685,-1.377453,1.687824,-0.879039,-0.036122,0.010270,-0.644500,-1.264061,-1.445230,0.873796,0.014632,0.026444
4.933333,0.051099,0.071138,-0.002394,-0.898475,-1.370132,1.664982,-0.878644,-0.023996,0.003561,-0.641639,-1.259952,-1.455274,0.875277,0.023660,0.025487
4.966667,0.047857,0.089794,-0.012063,-0.895839,-1.373993,1.635370,-0.865974,-0.034414,0.003346,-0.671573,-1.254831,-1.448931,0.890061,0.011035,0.032501
5.000000,0.021528,0.086912,-0.021221,-0.870797,-1.383545,1.633654,-0.869665,-0.033105,-0.007059,-0.672060,-1.262505,-1.429906,0.901980,0.005162,0.020136
5.033333,0.035198,0.077779,-0.018606,-0.851885,-1.386875,1.613903,-0.883609,-0.056789,-0.024301,-0.698171,-1.290813,-1.417455,0.915135,0.000027,0.011490
5.066667,0.048049,0.078751,-0.034477,-0.859661,-1.354264,1.583630,-0.884958,-0.054064,-0.014091,-0.716899,-1.311861,-1.416116,0.935072,-0.037525,0.018809
5.100000,0.054166,0.077919,-0.045878,-0.831216,-1.348974,1.572420,-0.883864,-0.060148,-0.031987,-0.703110,-1.296156,-1.419604,0.928218,-0.062529,0.014707
5.133333,0.059530,0.054575,-0.045173,-0.817793,-1.326113,1.595965,-0.877281,-0.066358,-0.036398,-0.678100,-1.287633,-1.425275,0.909044,-0.049658,-0.010171
5.166667,0.084123,0.044506,-0.042693,-0.823204,-1.293560,1.584331,-0.889719,-0.074241,-0.051611,-0.684131,-1.286852,-1.424429,0.902296,-0.057415,-0.015252
5.200000,0.077287,0.043625,-0.041656,-0.830090,-1.296811,1.593225,-0.898842,-0.059551,-0.042607,-0.673163,-1.289681,-1.436324,0.910937,-0.045498,0.002944
5.233333,0.065821,0.052028,-0.015211,-0.814870,-1.312693,1.612641,-0.886670,-0.052018,-0.044776,-0.661400,-1.290707,-1.436022,0.906747,-0.010516,0.005714
5.266667,0.080902,0.072760,0.009049,-0.837454,-1.307456,1.649295,-0.861953,-0.041265,-0.011995,-0.649638,-1.319395,-1.448957,0.942306,-0.011506,0.015732
5.300000,0.078659,0.086105,0.027776,-0.848312,-1.323708,1.651193,-0.855002,-0.031422,0.000808,-0.641501,-1.340901,-1.452790,0.958166,-0.017680,0.031818
5.333333,0.064316,0.091603,0.019775,-0.839466,-1.329652,1.666348,-0.836851,-0.007409,0.011046,-0.612420,-1.356449,-1.444227,0.981505,-0.014095,0.042081
5.366667,0.055027,0.110780,0.024688,-0.845153,-1.333894,1.700976,-0.811760,-0.018578,0.021346,-0.605119,-1.350875,-1.441564,1.006023,-0.011604,0.050918
5.400000,0.065463,0.097041,0.023309,-0.857918,-1.350623,1.711989,-0.820561,-0.030973,0.010781,-0.596227,-1.331602,-1.441446,1.005930,-0.011551,0.047768
5.433333,0.058583,0.086263,-0.004323,-0.853126,-1.368471,1.717508,-0.867375,-0.044992,0.000216,-0.619166,-1.288844,-1.413607,0.972269,0.007540,0.044065
5.466667,0.054588,0.087949,-0.031977,-0.864626,-1.367098,1.739859,-0.903811,-0.040165,-0.009816,-0.613316,-1.270600,-1.411597,0.946649,0.000307,0.064401
5.500000,0.048055,0.087049,-0.022028,-0.885347,-1.391884,1.758434,-0.913346,-0.052191,0.004261,-0.621296,-1.252912,-1.414831,0.921172,0.002848,0.064617
5.533333,0.049350,0.074924,-0.031867,-0.866069,-1.400195,1.751004,-0.940614,-0.038410,0.007024,-0.612203,-1.265345,-1.406184,0.859455,0.000160,0.059636
5.566667,0.040024,0.067924,-0.035628,-0.870548,-1.400195,1.745012,-0.952926,-0.020681,0.031619,-0.621289,-1.274970,-1.396737,0.837738,-0.019725,0.072706
5.600000,0.033449,0.056240,-0.030477,-0.863355,-1.399922,1.732110,-0.940795,-0.019261,0.016214,-0.605488,-1.294931,-1.400152,0.824663,-0.025817,0.057249
5.633333,0.044525,0.046674,-0.004231,-0.864207,-1.387631,1.722224,-0.915426,-0.026343,0.021717,-0.625204,-1.290377,-1.402576,0.812694,-0.013660,0.023503
5.666667,0.050403,0.055082,-0.014648,-0.861850,-1.355452,1.738037,-0.903957,-0.019925,0.027996,-0.647492,-1.292562,-1.416900,0.814762,-0.019826,0.007992
5.700000,0.052507,0.049192,-0.008086,-0.875877,-1.341449,1.745137,-0.904324,-0.027731,0.018748,-0.656448,-1.281229,-1.406169,0.828730,-0.017861,0.001911
5.733333,0.074758,0.049310,-0.020907,-0.862377,-1.335909,1.774066,-0.879646,-0.039951,0.003489,-0.665405,-1.295468,-1.420018,0.842699,-0.003961,-0.015662
5.766667,0.081948,0.054705,-0.032369,-0.864594,-1.336182,1.778852,-0.871812,-0.039497,-0.003209,-0.667420,-1.300213,-1.421005,0.841594,-0.002210,-0.004441
5.800000,0.069290,0.062348,-0.038347,-0.864502,-1.354067,1.791569,-0.879612,-0.038170,-0.003223,-0.654248,-1.322839,-1.406379,0.851201,-0.004862,0.004492
5.833333,0.064834,0.053094,-0.021418,-0.873388,-1.365681,1.764287,-0.901238,-0.037978,-0.011958,-0.642947,-1.319476,-1.381721,0.838896,-0.011728,0.030609
5.866667,0.062515,0.069567,-0.013038,-0.905891,-1.369230,1.731723,-0.894039,-0.034418,0.006147,-0.644344,-1.336387,-1.382006,0.850929,-0.020463,0.042034
5.900000,0.047368,0.077082,0.001881,-0.926622,-1.370916,1.699505,-0.916916,-0.042120,0.002087,-0.622542,-1.318337,-1.364249,0.834124,-0.018642,0.041805
5.933333,0.041847,0.073573,0.014968,-0.935946,-1.367062,1.703602,-0.929378,-0.042496,0.009465,-0.620740,-1.315269,-1.366491,0.837320,-0.021532,0.031382
5.966667,0.047483,0.060465,0.020540,-0.935387,-1.345597,1.719917,-0.949822,-0.024002,-0.002640,-0.638607,-1.311915,-1.385339,0.860654,-0.007128,0.020790
6.000000,0.053924,0.062817,0.019943,-0.949282,-1.342618,1.773166,-0.980639,-0.026353,0.007616,-0.668106,-1.308424,-1.435302,0.911816,0.000043,0.009105
6.033333,0.049803,0.045477,0.012112,-0.957418,-1.315541,1.847163,-1.050714,-0.024513,-0.015041,-0.694159,-1.299004,-1.495414,0.962979,0.004600,-0.006766
6.066667,0.027752,0.046034,0.003963,-0.978792,-1.285114,1.921159,-1.130714,-0.025908,-0.012425,-0.725717,-1.284545,-1.564006,1.042979,0.014416,-0.017113
6.100000,0.021808,0.043420,-0.005051,-0.999499,-1.234687,1.965896,-1.208160,-0.036337,-0.022214,-0.752125,-1.287638,-1.644471,1.133720,0.015607,-0.016936
6.133333,0.008370,0.050487,-0.010944,-1.035645,-1.215185,1.979677,-1.268190,-0.049778,-0.019516,-0.765253,-1.294178,-1.684937,1.194860,-0.002689,-0.010598
6.166667,-0.021699,0.050595,-0.034514,-1.034642,-1.191092,1.996525,-1.301857,-0.044811,-0.049077,-0.753194,-1.286844,-1.704776,1.243033,0.001095,-0.023387
6.200000,-0.023270,0.056822,-0.051017,-1.039399,-1.164644,2.032625,-1.311835,-0.036831,-0.055304,-0.731883,-1.284683,-1.719362,1.259982,0.018988,-0.009125
6.233333,-0.013631,0.052379,-0.043488,-1.052703,-1.154947,2.028724,-1.316751,-0.029150,-0.063056,-0.723420,-1.303772,-1.703511,1.255330,0.007274,-0.001520
6.266667,-0.029503,0.054316,-0.053148,-1.051592,-1.170408,2.017770,-1.323269,-0.008060,-0.078403,-0.701503,-1.285309,-1.655787,1.235394,-0.015001,0.006555
6.300000,-0.040515,0.074268,-0.054037,-1.056228,-1.171903,2.034527,-1.329799,-0.001826,-0.074879,-0.689922,-1.285804,-1.639334,1.245059,-0.015299,0.031249
6.333333,-0.023247,0.074656,-0.034349,-1.080616,-1.169660,2.036586,-1.339813,-0.006714,-0.062767,-0.671401,-1.306260,-1.609645,1.227691,-0.021001,0.040746
6.366667,-0.009364,0.065540,-0.017674,-1.084620,-1.161934,1.998645,-1.333517,0.006243,-0.041076,-0.675754,-1.290912,-1.574993,1.207113,-0.058026,0.037484
6.400000,-0.010160,0.083201,-0.019302,-1.072613,-1.154208,2.000704,-1.317587,0.007900,-0.038987,-0.644953,-1.254314,-1.577288,1.190024,-0.073230,0.062014
6.433333,0.004731,0.081038,-0.000618,-1.094275,-1.141815,2.026301,-1.314312,0.004107,-0.016748,-0.645702,-1.257715,-1.579583,1.197478,-0.051719,0.055548
6.466667,0.025741,0.069933,0.004539,-1.094871,-1.124400,2.041391,-1.321637,0.003780,-0.014463,-0.649395,-1.252256,-1.567256,1.186236,-0.040226,0.037761
6.500000,0.032559,0.070867,-0.001295,-1.112866,-1.136828,2.045868,-1.335242,0.005002,-0.003100,-0.646874,-1.226836,-1.579245,1.181804,-0.032045,0.057855
6.533333,0.023068,0.079615,0.000856,-1.113864,-1.161612,2.070444,-1.355216,-0.015505,-0.012620,-0.632526,-1.237976,-1.563293,1.208089,-0.017285,0.052254
6.566667,0.042017,0.074532,0.013350,-1.136879,-1.175235,2.062950,-1.374386,-0.001897,0.001249,-0.648782,-1.289116,-1.525234,1.251183,-0.002945,0.034641
6.600000,0.044257,0.079055,0.022252,-1.147908,-1.192531,2.064325,-1.365174,0.014975,0.018753,-0.665324,-1.319516,-1.527175,1.265758,-0.019152,0.029535
6.633333,0.036279,0.067104,0.014819,-1.144353,-1.197892,2.044685,-1.362765,0.011544,0.016469,-0.641867,-1.318777,-1.515271,1.259029,-0.030263,0.026804
6.666667,0.034563,0.069376,0.024421,-1.111700,-1.186402,2.050356,-1.336954,0.012068,0.020092,-0.656751,-1.339363,-1.496232,1.270158,-0.040788,-0.013809
6.700000,0.052957,0.063488,0.020985,-1.099278,-1.173335,2.049173,-1.340313,0.008216,0.004598,-0.693946,-1.359949,-1.512796,1.269781,-0.035420,-0.021495
6.733333,0.040177,0.050502,0.013217,-1.083500,-1.167958,2.055040,-1.343850,-0.009123,-0.003816,-0.700536,-1.344271,-1.524601,1.239321,-0.032372,-0.025547
6.766667,0.036845,0.050399,-0.009115,-1.047779,-1.148839,2.058480,-1.348289,-0.015110,-0.004130,-0.681058,-1.314228,-1.512756,1.218253,-0.036303,-0.022686
6.800000,0.026479,0.067460,0.000905,-1.047708,-1.144382,2.066714,-1.330993,-0.007882,0.019119,-0.674830,-1.324184,-1.509315,1.197184,-0.035311,-0.003267
6.833333,0.019292,0.056365,-0.005440,-1.047528,-1.150903,2.042693,-1.345453,-0.002745,0.011053,-0.667925,-1.338077,-1.507792,1.186997,-0.030708,0.016151
6.866667,-0.001532,0.046961,-0.022224,-1.024496,-1.160565,2.027714,-1.329172,0.024352,0.010882,-0.627661,-1.311970,-1.496396,1.192032,-0.017451,0.035055
6.900000,-0.000966,0.058484,-0.029406,-1.010652,-1.170099,2.004541,-1.320069,0.030820,-0.003933,-0.620855,-1.322127,-1.504614,1.205635,-0.008823,0.035703
6.933333,-0.010916,0.055721,-0.020356,-1.019386,-1.177289,1.967833,-1.326695,0.018762,-0.033806,-0.633504,-1.327390,-1.504554,1.198367,0.011568,0.027513
6.966667,-0.016511,0.047630,-0.051306,-1.022351,-1.169818,1.961095,-1.351958,0.028194,-0.047499,-0.672903,-1.332653,-1.512831,1.231098,0.031959,0.011751
7.000000,-0.005638,0.064384,-0.062729,-1.017827,-1.160146,1.963702,-1.345616,0.019062,-0.047281,-0.672979,-1.317767,-1.535875,1.241238,0.040378,0.014727
7.033333,-0.005052,0.079476,-0.053208,-1.027089,-1.174240,1.944022,-1.346532,-0.000648,-0.035592,-0.702996,-1.333358,-1.557066,1.225418,0.020334,0.001220
7.066667,-0.021771,0.089090,-0.059521,-1.007536,-1.182787,1.917556,-1.347669,-0.020358,-0.031572,-0.736029,-1.325974,-1.571766,1.219783,0.004496,-0.004988
7.100000,-0.020076,0.097792,-0.053849,-1.003664,-1.213985,1.914646,-1.351869,-0.025186,-0.016510,-0.761802,-1.338861,-1.618393,1.245770,0.006725,0.017414
7.133333,-0.007776,0.097783,-0.022725,-0.989579,-1.245183,1.883212,-1.342608,-0.048929,-0.020478,-0.762470,-1.324695,-1.651399,1.231757,-0.019884,0.015098
7.166667,-0.016592,0.110841,-0.011286,-0.989926,-1.247845,1.874689,-1.333193,-0.059663,-0.015255,-0.784698,-1.306903,-1.677535,1.235559,-0.037244,0.026401
7.200000,-0.025689,0.108671,-0.002309,-1.000631,-1.235929,1.895883,-1.349425,-0.055675,-0.022171,-0.783810,-1.298633,-1.719792,1.225323,-0.044189,0.047424
7.233333,-0.001118,0.086255,0.004360,-1.027130,-1.207411,1.917077,-1.359064,-0.044545,-0.029993,-0.786447,-1.313339,-1.738849,1.218187,-0.034772,0.053632
7.266667,0.007892,0.083510,-0.003763,-1.021929,-1.159855,1.910285,-1.345687,-0.023310,-0.025684,-0.784694,-1.327920,-1.726405,1.201144,-0.055187,0.041474
7.300000,0.021021,0.081919,-0.014225,-1.021212,-1.145164,1.931248,-1.343158,-0.017789,-0.037756,-0.789153,-1.329556,-1.745342,1.212120,-0.051147,0.052722
7.333333,0.025021,0.059429,0.000001,-1.040701,-1.148866,1.933166,-1.355324,-0.003018,-0.033708,-0.792232,-1.369704,-1.735333,1.228160,-0.037414,0.032743
7.366667,0.055060,0.046506,0.003593,-1.054795,-1.148425,1.905368,-1.358821,-0.009764,-0.023553,-0.828486,-1.383032,-1.709138,1.284199,-0.040676,-0.006845
7.400000,0.045099,0.054343,0.006052,-1.059430,-1.160539,1.917570,-1.361890,0.001039,-0.009281,-0.824741,-1.383180,-1.709208,1.309772,-0.042704,-0.008794
7.433333,0.044497,0.050348,0.026452,-1.055766,-1.167707,1.957757,-1.364958,-0.017102,-0.020257,-0.814373,-1.367924,-1.727481,1.313627,-0.028604,-0.018568
7.466667,0.054970,0.057289,0.034266,-1.034279,-1.149827,1.998713,-1.333740,-0.000616,-0.003407,-0.798907,-1.362678,-1.739155,1.298156,-0.035654,-0.019209
7.500000,0.069085,0.067694,0.040130,-1.007056,-1.150163,2.018712,-1.327827,-0.004719,-0.025779,-0.780285,-1.353895,-1.753557,1.264771,-0.038670,-0.011472
7.533333,0.043200,0.082041,0.033599,-0.980579,-1.171535,2.048568,-1.332882,-0.011833,-0.041358,-0.724323,-1.331931,-1.760214,1.228510,-0.027868,0.019099
7.566667,0.022476,0.095388,0.021513,-0.982958,-1.166100,2.065138,-1.352882,-0.009786,-0.034065,-0.708361,-1.323148,-1.750693,1.232249,-0.033711,0.039992
7.600000,0.021035,0.104960,0.010925,-1.008705,-1.181393,2.062193,-1.372882,-0.010076,-0.019810,-0.708780,-1.338404,-1.754468,1.251348,-0.028863,0.052146
7.633333,-0.004140,0.089809,-0.006690,-1.028013,-1.201133,2.019248,-1.408890,-0.012260,-0.034509,-0.722026,-1.345283,-1.727535,1.263785,-0.015730,0.044710
7.666667,-0.002712,0.084881,-0.049335,-1.015113,-1.206453,2.016302,-1.404898,-0.000623,-0.026275,-0.720149,-1.354067,-1.733691,1.298300,-0.008587,0.041907
7.700000,0.004809,0.082735,-0.051980,-1.022719,-1.188656,2.012967,-1.391399,0.009889,-0.020149,-0.751264,-1.369665,-1.736366,1.298884,0.000211,0.037654
7.733333,0.033049,0.065673,-0.042534,-0.990325,-1.182842,1.983217,-1.359453,0.007567,-0.031815,-0.772321,-1.378448,-1.739874,1.260832,0.000320,0.010543
7.766667,0.023601,0.067961,-0.046697,-0.974565,-1.189553,1.972984,-1.339092,0.006552,-0.025982,-0.791074,-1.378448,-1.710754,1.247419,0.001665,0.016595
7.800000,0.032516,0.070250,-0.033965,-0.973005,-1.197509,1.974488,-1.342722,0.000919,-0.023610,-0.784281,-1.384048,-1.716995,1.248741,0.002044,0.014312
7.833333,0.033816,0.072077,-0.004498,-1.005657,-1.194084,1.949771,-1.350286,-0.011354,-0.019379,-0.801462,-1.369931,-1.709989,1.211456,0.003470,0.023788
7.866667,0.029023,0.078890,-0.003634,-1.015063,-1.184486,1.934005,-1.327358,0.000588,-0.013784,-0.782990,-1.349000,-1.699936,1.190934,-0.008125,0.007071
7.900000,0.014106,0.084812,-0.005590,-1.031859,-1.202904,1.957940,-1.322876,-0.001797,-0.015090,-0.763378,-1.334882,-1.692883,1.199098,0.001132,0.008893
7.933333,0.017008,0.073576,0.004736,-1.048549,-1.192550,1.944948,-1.322033,0.010328,-0.023100,-0.753113,-1.334882,-1.686254,1.194113,0.009713,0.008289
7.966667,0.016309,0.091995,-0.005334,-1.051071,-1.201903,1.920219,-1.313065,-0.000643,-0.024114,-0.775995,-1.327648,-1.664521,1.203704,-0.003493,0.015960
8.000000,-0.010273,0.088760,-0.015117,-1.029918,-1.212003,1.921712,-1.320197,0.000224,-0.035202,-0.773005,-1.332922,-1.634626,1.211902,-0.010548,0.004528
8.033333,0.003144,0.079984,-0.013016,-1.019631,-1.213913,1.904786,-1.338105,-0.025709,-0.048754,-0.792998,-1.357477,-1.616742,1.221467,-0.014559,-0.003440
8.066667,0.016962,0.080851,-0.028289,-1.033641,-1.177712,1.880580,-1.343691,-0.022916,-0.037610,-0.807341,-1.371594,-1.608937,1.236865,-0.051914,0.004950
8.100000,0.023657,0.080150,-0.039202,-1.012983,-1.170284,1.875590,-1.344556,-0.030485,-0.054591,-0.789913,-1.357045,-1.606003,1.225413,-0.076646,0.001159
8.133333,0.030044,0.056321,-0.038373,-1.007123,-1.140675,1.905566,-1.334758,-0.037716,-0.057024,-0.756657,-1.348859,-1.603662,1.198964,-0.064131,-0.022983
8.166667,0.055962,0.046724,-0.035670,-1.023621,-1.105780,1.900433,-1.344927,-0.047535,-0.071160,-0.754646,-1.349516,-1.596597,1.183949,-0.071488,-0.027524
8.200000,0.050989,0.045731,-0.034224,-1.038399,-1.108365,1.918026,-1.352786,-0.032849,-0.062215,-0.737457,-1.355383,-1.603124,1.185326,-0.060789,-0.009979
8.233333,0.040055,0.053120,-0.008110,-1.028353,-1.122240,1.942900,-1.339901,-0.025086,-0.065405,-0.719559,-1.355383,-1.597533,1.176924,-0.027312,-0.007861
8.266667,0.056115,0.072810,0.015888,-1.053082,-1.112734,1.984283,-1.316514,-0.013073,-0.032979,-0.701662,-1.369932,-1.610029,1.208522,-0.030024,0.002391
8.300000,0.053489,0.085974,0.034996,-1.067096,-1.125053,1.990701,-1.311914,-0.002859,-0.022098,-0.693427,-1.383870,-1.613528,1.223774,-0.036517,0.018031
8.333333,0.039339,0.090195,0.027404,-1.058176,-1.127712,2.005884,-1.293813,0.024243,-0.013213,-0.666856,-1.392057,-1.606985,1.253393,-0.033501,0.027995
8.366667,0.030406,0.109716,0.032648,-1.063358,-1.128814,2.038341,-1.267245,0.015078,-0.004328,-0.660981,-1.386535,-1.605299,1.285296,-0.030595,0.036869
8.400000,0.040610,0.096715,0.031609,-1.077995,-1.145024,2.046877,-1.273744,0.001617,-0.013995,-0.653737,-1.373901,-1.607652,1.291097,-0.029577,0.034314
8.433333,0.033641,0.087211,0.003368,-1.076062,-1.168163,2.044567,-1.317702,-0.012547,-0.023663,-0.674444,-1.344058,-1.579252,1.269025,-0.009473,0.030908
8.466667,0.029405,0.090547,-0.023757,-1.088386,-1.167389,2.061034,-1.356573,-0.007965,-0.033162,-0.664879,-1.332475,-1.579000,1.260048,-0.017011,0.051648
8.500000,0.023295,0.090997,-0.014414,-1.110234,-1.191329,2.078434,-1.370087,-0.022373,-0.018546,-0.665455,-1.318447,-1.576741,1.249236,-0.013206,0.051668
8.533333,0.024844,0.078879,-0.024902,-1.092083,-1.209540,2.072125,-1.401271,-0.010804,-0.014629,-0.648677,-1.326254,-1.560306,1.203504,-0.016119,0.047549
8.566667,0.015656,0.072307,-0.029095,-1.097612,-1.239463,2.068556,-1.419654,0.007114,0.010405,-0.649645,-1.332800,-1.543145,1.197772,-0.035855,0.060103
8.600000,0.008721,0.059914,-0.023496,-1.089480,-1.245839,2.062379,-1.413034,0.007619,-0.004560,-0.625862,-1.349138,-1.532177,1.197145,-0.041622,0.044312
8.633333,0.018956,0.050103,0.000933,-1.089012,-1.243265,2.055280,-1.386871,0.000393,0.001080,-0.637720,-1.341464,-1.520041,1.189502,-0.027649,0.012213
8.666667,0.024131,0.058363,-0.009326,-1.083091,-1.215978,2.073592,-1.372254,0.006105,0.008112,-0.650614,-1.341987,-1.516878,1.190090,-0.035611,-0.001998
8.700000,0.024755,0.052511,-0.003193,-1.090901,-1.195978,2.081104,-1.371371,-0.000954,-0.002238,-0.652361,-1.328614,-1.488075,1.202451,-0.033572,-0.006542
8.733333,0.043562,0.051963,-0.016490,-1.068618,-1.159436,2.109800,-1.343289,-0.012912,-0.020793,-0.655290,-1.334702,-1.476002,1.214813,-0.022028,-0.020107
8.766667,0.050250,0.057667,-0.028484,-1.061666,-1.158955,2.113148,-1.330531,-0.012396,-0.029280,-0.655018,-1.336406,-1.459675,1.209941,-0.021730,-0.006874
8.800000,0.037027,0.064325,-0.033970,-1.049309,-1.170667,2.112581,-1.332354,-0.010898,-0.030841,-0.639901,-1.357714,-1.428791,1.212182,-0.026597,0.003101
8.833333,0.030877,0.055343,-0.017402,-1.046649,-1.182378,2.072013,-1.348153,-0.009978,-0.040586,-0.630084,-1.352057,-1.397427,1.192229,-0.032639,0.031144
8.866667,0.029348,0.072669,-0.009005,-1.070258,-1.188522,2.025953,-1.332548,-0.008824,-0.022250,-0.635578,-1.366840,-1.396703,1.195423,-0.041798,0.042153
8.900000,0.016221,0.080127,0.005754,-1.083961,-1.197765,1.979893,-1.342338,-0.017188,-0.025429,-0.617384,-1.353929,-1.384921,1.163841,-0.038402,0.040552
8.933333,0.010133,0.075987,0.018735,-1.082847,-1.190946,1.959077,-1.344348,-0.018333,-0.018676,-0.619189,-1.352819,-1.391202,1.152258,-0.040627,0.030394
8.966667,0.017715,0.062641,0.020334,-1.056864,-1.208189,1.924320,-1.316407,-0.000408,-0.024489,-0.600197,-1.351989,-1.373207,1.127485,-0.023251,0.017551
9.000000,0.026597,0.055809,0.015278,-1.007149,-1.265433,1.889565,-1.261801,-0.005567,-0.008643,-0.551820,-1.351186,-1.344898,1.092707,-0.013516,0.002434
9.033333,0.023419,0.031783,0.001856,-0.917435,-1.310094,1.854809,-1.207195,-0.004500,-0.025120,-0.488131,-1.345097,-1.285766,1.017930,-0.003602,-0.015423
9.066667,0.003160,0.028075,-0.009846,-0.827720,-1.348197,1.780053,-1.127195,-0.010425,-0.018953,-0.414627,-1.331919,-1.205766,0.937930,0.010878,-0.028363
9.100000,-0.000781,0.020790,-0.023843,-0.727720,-1.375736,1.680053,-1.027195,-0.025276,-0.023825,-0.339761,-1.333409,-1.105766,0.837930,0.017108,-0.031050
9.133333,-0.014436,0.023606,-0.030814,-0.627720,-1.397586,1.580052,-0.927195,-0.041052,-0.020995,-0.288277,-1.334381,-1.005766,0.737930,0.001912,-0.025352
9.166667,-0.044040,0.028448,-0.054965,-0.527719,-1.399436,1.480052,-0.827195,-0.034769,-0.049966,-0.254828,-1.322290,-0.905766,0.637930,0.009140,-0.039580
9.200000,-0.047204,0.034881,-0.072533,-0.447716,-1.385836,1.380052,-0.727195,-0.027610,-0.055782,-0.221379,-1.315082,-0.805766,0.537930,0.026903,-0.026807
9.233333,-0.036893,0.028899,-0.065928,-0.370568,-1.385836,1.280052,-0.627195,-0.018602,-0.060097,-0.216774,-1.331609,-0.705766,0.437930,0.015759,-0.021110
9.266667,-0.051396,0.027834,-0.073841,-0.293421,-1.396401,1.180052,-0.527195,0.012028,-0.070802,-0.203669,-1.313468,-0.605766,0.337930,-0.007046,-0.016432
9.300000,-0.064581,0.047465,-0.073499,-0.256274,-1.396401,1.080052,-0.427195,0.021810,-0.064344,-0.202002,-1.315962,-0.505766,0.277930,-0.008427,0.004571
9.333333,-0.047955,0.046764,-0.052333,-0.239735,-1.396401,0.980052,-0.337259,0.015662,-0.052304,-0.194818,-1.340932,-0.405766,0.217930,-0.014093,0.011820
9.366667,-0.032646,0.041227,-0.032855,-0.229995,-1.390000,0.880052,-0.247323,0.028972,-0.031096,-0.217552,-1.332287,-0.339684,0.159694,-0.048014,0.008548
9.400000,-0.032910,0.063076,-0.033271,-0.221861,-1.390000,0.780052,-0.184569,0.031297,-0.030371,-0.204947,-1.299908,-0.301544,0.115261,-0.060969,0.029936
9.433333,-0.020776,0.063994,-0.014891,-0.243861,-1.390000,0.680052,-0.149107,0.020306,-0.012164,-0.212607,-1.307528,-0.263405,0.106473,-0.037271,0.022091
9.466667,-0.000233,0.052674,-0.009806,-0.239359,-1.385567,0.580052,-0.143942,0.015488,-0.013694,-0.225447,-1.311205,-0.236089,0.069985,-0.023567,0.006543
9.500000,0.003145,0.052943,-0.015788,-0.254250,-1.385567,0.480052,-0.150763,0.015463,-0.004174,-0.228629,-1.292406,-0.235135,0.037450,-0.016341,0.026759
9.533333,-0.009494,0.058650,-0.014816,-0.246483,-1.405567,0.380052,-0.173516,-0.005479,-0.014708,-0.213695,-1.308462,-0.200263,0.043151,-0.001789,0.019290
9.566667,0.005079,0.047984,-0.002952,-0.261135,-1.405567,0.280052,-0.187308,0.006539,-0.000888,-0.232788,-1.350403,-0.162336,0.075050,0.013529,0.003070
9.600000,0.010633,0.052945,0.006390,-0.260918,-1.405567,0.180052,-0.180473,0.021949,0.015551,-0.253926,-1.372345,-0.159105,0.091465,-0.001975,0.002051
9.633333,0.002097,0.041819,-0.001607,-0.263443,-1.409578,0.086035,-0.183341,0.019239,0.014189,-0.235065,-1.361479,-0.152574,0.095581,-0.012822,-0.002367
9.666667,0.001337,0.042122,0.007155,-0.233135,-1.409578,0.032018,-0.164159,0.021206,0.017397,-0.253343,-1.373526,-0.146630,0.135743,-0.023368,-0.042549
9.700000,0.021479,0.033165,0.003725,-0.222796,-1.406437,-0.011857,-0.162047,0.017868,0.000660,-0.282119,-1.379411,-0.173114,0.156407,-0.021093,-0.051053
9.733333,0.010003,0.021146,-0.004794,-0.214660,-1.406437,-0.026915,-0.174644,0.002451,-0.006782,-0.276869,-1.363233,-0.194589,0.157137,-0.021131,-0.054731
9.766667,0.004165,0.018705,-0.029458,-0.195785,-1.406436,-0.008500,-0.188979,-0.002099,-0.004943,-0.252342,-1.330463,-0.202947,0.166465,-0.027089,-0.054182
9.800000,-0.005426,0.032394,-0.020690,-0.200669,-1.400723,0.019501,-0.184120,0.003988,0.018755,-0.240587,-1.331918,-0.218106,0.175793,-0.027710,-0.034524
9.833333,-0.010121,0.025659,-0.026832,-0.209368,-1.400723,0.013805,-0.213489,0.007102,0.013052,-0.223334,-1.336037,-0.231853,0.182214,-0.021272,-0.014866
9.866667,-0.032670,0.023916,-0.042351,-0.194013,-1.403865,0.030975,-0.217878,0.030887,0.016337,-0.183781,-1.306318,-0.245365,0.208132,-0.006610,0.006921
9.900000,-0.033227,0.041611,-0.048707,-0.185706,-1.403865,0.027846,-0.227152,0.033791,0.003799,-0.176578,-1.312777,-0.270312,0.242756,0.003387,0.009413
9.933333,-0.043327,0.040137,-0.038836,-0.203056,-1.403227,0.012309,-0.251984,0.019606,-0.023074,-0.178068,-1.315828,-0.273682,0.248621,0.022884,0.002250
9.966667,-0.046772,0.034263,-0.068965,-0.209933,-1.388723,0.021204,-0.296010,0.028506,-0.036114,-0.206786,-1.321404,-0.271091,0.294487,0.042381,-0.012622
10.000000,-0.035535,0.047113,-0.081276,-0.211703,-1.378951,0.044665,-0.306835,0.019504,-0.035399,-0.201002,-1.304222,-0.282962,0.310464,0.049361,-0.009527
10.033333,-0.030965,0.056319,-0.073406,-0.230596,-1.378951,0.035117,-0.320003,0.001728,-0.020936,-0.214554,-1.317799,-0.285333,0.299750,0.027329,-0.027276
10.066667,-0.040579,0.058753,-0.082223,-0.214768,-1.378951,0.017053,-0.331484,-0.016049,-0.011839,-0.220466,-1.308415,-0.257553,0.286164,0.013221,-0.035793
10.100000,-0.036685,0.065201,-0.077144,-0.208758,-1.379589,0.017923,-0.342660,-0.021504,0.003217,-0.225858,-1.318508,-0.269773,0.304716,0.014762,-0.014131
10.133333,-0.023119,0.062779,-0.046487,-0.198567,-1.389947,-0.005214,-0.335753,-0.045585,0.000316,-0.205338,-1.303635,-0.273669,0.283268,-0.011461,-0.016163
10.166667,-0.030977,0.075323,-0.034728,-0.201068,-1.396197,-0.009222,-0.327818,-0.056177,0.007486,-0.210242,-1.285944,-0.272324,0.288692,-0.028315,-0.004871
10.200000,-0.038733,0.071509,-0.024733,-0.205225,-1.391472,-0.001407,-0.337999,-0.052442,0.000418,-0.196030,-1.273789,-0.273732,0.280809,-0.033992,0.016141
10.233333,-0.015898,0.050213,-0.016287,-0.228189,-1.387414,0.016314,-0.338867,-0.040178,-0.012361,-0.197108,-1.284596,-0.276511,0.263378,-0.026969,0.020693
10.266667,-0.006230,0.045804,-0.021783,-0.219523,-1.375008,0.004735,-0.316076,-0.016787,-0.008719,-0.200019,-1.297757,-0.251157,0.241285,-0.045096,0.000422
10.300000,0.005392,0.044902,-0.030802,-0.216617,-1.385288,0.015025,-0.298868,-0.009861,-0.022064,-0.206199,-1.295884,-0.258786,0.236481,-0.039631,0.011235
10.333333,0.007436,0.023302,-0.016034,-0.228741,-1.388811,-0.000745,-0.290488,0.006561,-0.020138,-0.207405,-1.334011,-0.231656,0.230964,-0.026200,-0.006904
10.366667,0.033899,0.017909,-0.013898,-0.241668,-1.393536,-0.028339,-0.275541,0.000541,-0.016769,-0.248391,-1.351068,-0.196969,0.265447,-0.029373,-0.042754
10.400000,0.020362,0.025315,-0.013788,-0.244281,-1.397594,-0.038456,-0.251906,0.010803,-0.004905,-0.249378,-1.359365,-0.178614,0.283576,-0.032263,-0.041282
10.433333,0.017879,0.025090,0.004701,-0.241274,-1.403266,-0.019274,-0.230824,-0.007859,-0.016967,-0.238745,-1.345830,-0.185521,0.274230,-0.019141,-0.042596
10.466667,0.029245,0.031431,0.011679,-0.215653,-1.381855,0.002048,-0.182244,0.008571,-0.000252,-0.224511,-1.340035,-0.188224,0.250765,-0.029310,-0.043592
10.500000,0.045629,0.042054,0.017123,-0.191756,-1.380443,0.009429,-0.164836,0.003168,-0.022634,-0.213013,-1.329837,-0.205012,0.215234,-0.032899,-0.036956
10.533333,0.022013,0.048678,0.011616,-0.167657,-1.380443,0.028245,-0.165515,-0.006181,-0.032153,-0.161514,-1.304413,-0.208304,0.172817,-0.024056,-0.008050
10.566667,0.003030,0.061660,0.000080,-0.173653,-1.361352,0.040481,-0.188068,-0.004256,-0.021286,-0.150016,-1.285140,-0.211712,0.170399,-0.028519,0.010173
10.600000,0.001680,0.070326,-0.010641,-0.200132,-1.368086,0.043025,-0.208068,-0.005660,-0.004836,-0.154874,-1.295211,-0.217991,0.189623,-0.025112,0.022769
10.633333,-0.023238,0.059495,-0.027427,-0.225945,-1.387500,0.010887,-0.258174,-0.007191,-0.017504,-0.173946,-1.298826,-0.206643,0.212701,-0.011564,0.014856
10.666667,-0.022172,0.053299,-0.069694,-0.216440,-1.388911,0.018749,-0.268280,0.004496,-0.007298,-0.173025,-1.306843,-0.221209,0.254481,-0.003758,0.010681
10.700000,-0.013955,0.051179,-0.071960,-0.227499,-1.388911,0.030466,-0.265784,0.016441,-0.002205,-0.206926,-1.320994,-0.249044,0.265854,0.005007,0.007400
10.733333,0.017445,0.035181,-0.061679,-0.199547,-1.402035,0.026730,-0.244401,0.009035,-0.014279,-0.228696,-1.332801,-0.274280,0.241192,0.001500,-0.019339
10.766667,0.009591,0.034619,-0.063932,-0.185903,-1.402035,0.032685,-0.232961,0.007528,-0.009830,-0.249462,-1.333239,-0.268399,0.234890,0.001711,-0.015529
10.800000,0.019775,0.034619,-0.050717,-0.185773,-1.404032,0.036533,-0.231416,-0.000935,-0.008248,-0.245037,-1.333761,-0.287051,0.235155,0.003446,-0.016780
10.833333,0.021857,0.038221,-0.021081,-0.221304,-1.404032,0.014669,-0.229870,-0.013834,-0.003951,-0.268721,-1.311896,-0.300224,0.196544,0.002978,-0.006396
10.866667,0.016789,0.047154,-0.019071,-0.234431,-1.398913,-0.002204,-0.200927,-0.001323,0.006220,-0.260343,-1.283897,-0.308346,0.176127,-0.004867,-0.024145
10.900000,-0.001434,0.051347,-0.017707,-0.247916,-1.404881,0.013512,-0.190871,0.000366,0.003198,-0.254912,-1.260852,-0.312827,0.181183,0.005799,-0.019565
10.933333,-0.001868,0.043054,-0.007228,-0.263862,-1.404881,-0.006104,-0.188429,0.011710,-0.003428,-0.256272,-1.257640,-0.324199,0.176261,0.016928,-0.016824
10.966667,-0.003928,0.060819,-0.016696,-0.261092,-1.404881,-0.028931,-0.168245,0.000459,-0.004612,-0.285875,-1.253062,-0.311856,0.185297,0.003857,-0.008844
11.000000,-0.030548,0.057474,-0.025177,-0.238319,-1.404881,-0.026046,-0.170540,0.001064,-0.016080,-0.284176,-1.261122,-0.292971,0.193210,-0.001846,-0.020033
11.033333,-0.017168,0.048601,-0.023901,-0.224470,-1.409644,-0.043441,-0.184865,-0.025292,-0.033526,-0.308814,-1.294422,-0.288864,0.214120,-0.008688,-0.026800
11.066667,-0.000355,0.049986,-0.041301,-0.239106,-1.394099,-0.067778,-0.185358,-0.023011,-0.020611,-0.325772,-1.320926,-0.302953,0.245590,-0.045910,-0.019315
11.100000,0.008878,0.050036,-0.053974,-0.218665,-1.394099,-0.069624,-0.187365,-0.029806,-0.037323,-0.309027,-1.309621,-0.328893,0.258608,-0.071193,-0.023857
11.133333,0.015382,0.032270,-0.053668,-0.211530,-1.388624,-0.031469,-0.191654,-0.034047,-0.040409,-0.290810,-1.303320,-0.382823,0.280333,-0.059892,-0.048066
11.166667,0.041519,0.023794,-0.052067,-0.223897,-1.374102,-0.025377,-0.213464,-0.042645,-0.053812,-0.312594,-1.303001,-0.448774,0.339372,-0.069047,-0.053243
11.200000,0.036980,0.023410,-0.049386,-0.231186,-1.374458,-0.001421,-0.236320,-0.028275,-0.044803,-0.316649,-1.299449,-0.527339,0.404515,-0.058821,-0.037867
11.233333,0.023784,0.030349,-0.020146,-0.213456,-1.388952,0.031541,-0.242103,-0.020822,-0.046517,-0.337567,-1.281651,-0.614965,0.469658,-0.028949,-0.037249
11.266667,0.039633,0.046925,0.008228,-0.230804,-1.385077,0.067371,-0.228814,-0.009378,-0.013181,-0.398486,-1.288707,-0.714965,0.563232,-0.037905,-0.037040
11.300000,0.039250,0.051625,0.029205,-0.241913,-1.390551,0.063202,-0.230985,-0.001723,0.001086,-0.469854,-1.290758,-0.814965,0.660546,-0.049933,-0.028265
11.333333,0.028444,0.051625,0.024181,-0.223679,-1.385073,0.074657,-0.233156,0.023621,0.012215,-0.534930,-1.284791,-0.914965,0.760547,-0.052259,-0.027626
11.366667,0.020391,0.065385,0.030611,-0.224004,-1.381740,0.108247,-0.233628,0.013675,0.023343,-0.626645,-1.256819,-1.014965,0.860546,-0.055801,-0.025066
11.400000,0.032545,0.048940,0.030737,-0.238433,-1.382792,0.125857,-0.265005,0.001142,0.011865,-0.714841,-1.220874,-1.114965,0.960546,-0.059636,-0.035610
11.433333,0.028017,0.037134,0.002418,-0.237126,-1.386667,0.152035,-0.336383,-0.014013,0.000387,-0.792765,-1.161366,-1.214965,1.060547,-0.039635,-0.037672
11.466667,0.024154,0.037590,-0.023473,-0.246801,-1.381774,0.189701,-0.406485,-0.009597,-0.010681,-0.830689,-1.124255,-1.314965,1.152809,-0.049431,-0.021064
11.500000,0.016842,0.037590,-0.010711,-0.272610,-1.401774,0.220678,-0.442486,-0.022290,0.001723,-0.862444,-1.087974,-1.414965,1.235865,-0.046494,-0.021530
11.533333,0.019037,0.026070,-0.017866,-0.258419,-1.405108,0.231746,-0.488903,-0.011206,0.004387,-0.856447,-1.086402,-1.505902,1.278921,-0.047271,-0.027494
11.566667,0.011753,0.024469,-0.019227,-0.262717,-1.405108,0.231308,-0.521603,0.006029,0.030303,-0.842479,-1.079747,-1.556839,1.321976,-0.064821,-0.013782
11.600000,0.007682,0.013324,-0.011355,-0.247372,-1.405108,0.227183,-0.543617,0.009553,0.016219,-0.798785,-1.073722,-1.567776,1.356715,-0.068082,-0.025926
11.633333,0.019322,0.008169,0.015210,-0.240896,-1.390000,0.228414,-0.541967,0.002666,0.023186,-0.764060,-1.045301,-1.538713,1.359954,-0.051310,-0.052196
11.666667,0.025748,0.016954,0.005837,-0.214246,-1.362132,0.252772,-0.551391,0.009506,0.029957,-0.708931,-1.025917,-1.469650,1.371389,-0.054838,-0.057762
11.700000,0.029092,0.014794,0.013565,-0.190860,-1.354265,0.257038,-0.570861,0.004917,0.020788,-0.653547,-0.971825,-1.369650,1.421414,-0.051852,-0.052866
11.733333,0.049577,0.014794,0.000108,-0.141248,-1.354265,0.270170,-0.564048,-0.004465,0.005394,-0.609652,-0.951832,-1.269650,1.460249,-0.036319,-0.060372
11.766667,0.054051,0.021918,-0.012162,-0.108768,-1.354265,0.248394,-0.557422,-0.004149,-0.000631,-0.565757,-0.930639,-1.169650,1.467552,-0.036282,-0.043565
11.800000,0.041544,0.028609,-0.017321,-0.064646,-1.374265,0.222092,-0.575734,0.001519,0.000003,-0.512892,-0.921383,-1.069650,1.505100,-0.039388,-0.029215
11.833333,0.034664,0.020764,-0.001342,-0.047106,-1.382132,0.158677,-0.607315,0.003775,-0.006149,-0.475226,-0.891584,-0.969650,1.510291,-0.046294,0.000495
11.866667,0.031361,0.037441,0.005997,-0.066301,-1.386293,0.095262,-0.608246,0.006331,0.013380,-0.452127,-0.901785,-0.869650,1.516892,-0.053209,0.012153
11.900000,0.016272,0.044728,0.021441,-0.074317,-1.386293,0.050467,-0.643311,0.001366,0.010766,-0.399695,-0.881662,-0.769650,1.496010,-0.050970,0.011949
11.933333,0.010665,0.043144,0.035775,-0.068060,-1.386293,0.037839,-0.668876,0.004822,0.018782,-0.367262,-0.880818,-0.669650,1.494976,-0.052532,0.001819
11.966667,0.027089,0.036453,0.039761,-0.083899,-1.366293,0.052892,-0.654441,0.019708,0.003507,-0.374830,-0.908037,-0.609650,1.462936,-0.034697,-0.004011
12.000000,0.047168,0.039087,0.036337,-0.111380,-1.386293,0.105058,-0.609764,0.007025,0.009892,-0.400064,-0.957713,-0.589650,1.424262,-0.024587,-0.011709
12.033333,0.055364,0.022376,0.025514,-0.132836,-1.390000,0.197224,-0.585635,-0.000369,-0.015984,-0.448211,-1.007389,-0.609650,1.345589,-0.015815,-0.023194
12.066667,0.045442,0.024443,0.014535,-0.166023,-1.390000,0.289391,-0.552792,-0.016059,-0.017053,-0.508487,-1.071515,-0.669650,1.265589,-0.000066,-0.029719
12.100000,0.051581,0.022881,0.002276,-0.209513,-1.377637,0.363129,-0.512111,-0.041293,-0.030237,-0.564080,-1.155642,-0.769650,1.165589,0.006065,-0.024616
12.133333,0.039105,0.025861,-0.004311,-0.243271,-1.397637,0.398096,-0.491445,-0.063279,-0.026142,-0.604238,-1.218593,-0.869650,1.065589,-0.008718,-0.019332
12.166667,0.009465,0.028652,-0.027341,-0.238913,-1.397637,0.433064,-0.484339,-0.057509,-0.053465,-0.625286,-1.241544,-0.969650,0.983687,-0.000137,-0.034412
12.200000,0.006762,0.035106,-0.043186,-0.240580,-1.384892,0.466733,-0.469952,-0.050808,-0.058467,-0.608853,-1.264495,-1.069650,0.907962,0.018075,-0.021304
12.233333,0.016647,0.028851,-0.034701,-0.246385,-1.384892,0.460401,-0.462892,-0.043713,-0.065585,-0.608429,-1.285418,-1.169650,0.850511,0.006739,-0.013799
12.266667,0.001046,0.029495,-0.042955,-0.234405,-1.397255,0.440333,-0.466764,-0.021735,-0.080407,-0.599573,-1.267313,-1.236770,0.812244,-0.014978,-0.007385
12.300000,-0.010520,0.048097,-0.041649,-0.232157,-1.397255,0.443380,-0.477050,-0.013287,-0.077338,-0.606151,-1.270384,-1.303891,0.813977,-0.015781,0.016630
12.333333,0.005280,0.049089,-0.020785,-0.248483,-1.397255,0.433880,-0.488750,-0.021951,-0.066397,-0.600675,-1.297059,-1.354100,0.797611,-0.023981,0.026812
12.366667,0.020025,0.042674,-0.002502,-0.250067,-1.390000,0.389778,-0.485995,-0.009482,-0.045516,-0.621605,-1.288341,-1.396975,0.779911,-0.060805,0.023021
12.400000,0.020605,0.063842,-0.003683,-0.242619,-1.390000,0.382304,-0.474869,-0.007995,-0.043862,-0.603732,-1.257524,-1.430760,0.760134,-0.075000,0.045764
12.433333,0.035505,0.063291,0.015452,-0.263752,-1.389453,0.387864,-0.469105,-0.013683,-0.022854,-0.611090,-1.265735,-1.457425,0.760027,-0.052110,0.037971
12.466667,0.055944,0.053754,0.019461,-0.261169,-1.381430,0.389564,-0.466588,-0.019024,-0.022213,-0.618448,-1.267842,-1.456296,0.735351,-0.039328,0.020286
12.500000,0.062356,0.053670,0.013584,-0.278129,-1.381430,0.376140,-0.470178,-0.019569,-0.012360,-0.618508,-1.246345,-1.461850,0.715489,-0.029629,0.038607
12.533333,0.052331,0.060283,0.014238,-0.276016,-1.401430,0.382053,-0.483025,-0.041371,-0.023472,-0.602216,-1.260242,-1.434739,0.727684,-0.014052,0.031664
12.566667,0.069134,0.052503,0.026222,-0.296428,-1.401430,0.364274,-0.493550,-0.029208,-0.010403,-0.619290,-1.310531,-1.391607,0.762197,0.001159,0.014385
12.600000,0.074706,0.057580,0.033980,-0.309111,-1.401978,0.356309,-0.478979,-0.014263,0.007730,-0.636369,-1.340433,-1.385035,0.764663,-0.012387,0.010056
12.633333,0.066236,0.045721,0.025834,-0.321345,-1.406030,0.355260,-0.474730,-0.016769,0.006830,-0.613449,-1.336438,-1.371586,0.751698,-0.023143,0.005318
12.666667,0.064255,0.045798,0.034228,-0.302858,-1.406030,0.381882,-0.449401,-0.014223,0.010152,-0.628991,-1.354780,-1.356369,0.773788,-0.032797,-0.035427
12.700000,0.082631,0.038449,0.030285,-0.303635,-1.399387,0.405023,-0.454329,-0.016759,-0.005560,-0.667357,-1.371174,-1.381152,0.780410,-0.026229,-0.041467
12.733333,0.070190,0.026331,0.021461,-0.304429,-1.399387,0.444242,-0.467591,-0.031815,-0.011684,-0.672356,-1.352339,-1.404708,0.762847,-0.024303,-0.045241
12.766667,0.063926,0.024675,-0.001009,-0.289107,-1.397274,0.495994,-0.484435,-0.034125,-0.009579,-0.658088,-1.319450,-1.415011,0.765995,-0.030703,-0.042423
12.800000,0.054757,0.040649,0.008855,-0.297949,-1.392641,0.540441,-0.485280,-0.026481,0.014814,-0.659060,-1.322936,-1.438454,0.769144,-0.029787,-0.022037
12.833333,0.050108,0.033300,0.003149,-0.311732,-1.392641,0.552191,-0.518924,-0.021317,0.009320,-0.656182,-1.330638,-1.461653,0.772253,-0.024298,-0.001650
12.866667,0.027497,0.029768,-0.013278,-0.300065,-1.396962,0.574442,-0.521298,0.005436,0.012978,-0.620426,-1.300288,-1.472185,0.793932,-0.012289,0.017971
12.900000,0.027103,0.045399,-0.019828,-0.295341,-1.396962,0.575767,-0.527990,0.010745,-0.000926,-0.615887,-1.308773,-1.494756,0.821588,-0.003057,0.019530
12.933333,0.017668,0.043348,-0.010855,-0.315210,-1.395208,0.562765,-0.550992,-0.002783,-0.029320,-0.621100,-1.311700,-1.494779,0.821726,0.017090,0.012427
12.966667,0.011664,0.035926,-0.041883,-0.325001,-1.379943,0.569666,-0.583934,0.006091,-0.041234,-0.651073,-1.318252,-1.486093,0.861864,0.037238,-0.002985
13.000000,0.021312,0.051267,-0.054650,-0.323505,-1.369984,0.578158,-0.584078,-0.003805,-0.040611,-0.644897,-1.305372,-1.489647,0.869879,0.044557,0.000473
13.033333,0.023951,0.062451,-0.045670,-0.336913,-1.372307,0.556193,-0.582211,-0.025688,-0.025458,-0.653387,-1.325790,-1.469801,0.846117,0.024380,-0.015493
13.066667,0.011159,0.067208,-0.053944,-0.313998,-1.372307,0.526139,-0.570090,-0.047571,-0.017505,-0.651422,-1.318851,-1.428375,0.831544,0.010884,-0.022787
13.100000,0.011720,0.075461,-0.049651,-0.301756,-1.376174,0.515031,-0.557180,-0.052211,-0.003142,-0.648387,-1.331099,-1.426190,0.848208,0.011879,-0.002125
13.133333,0.023455,0.074251,-0.019789,-0.280424,-1.391170,0.463923,-0.529422,-0.075886,-0.008214,-0.616345,-1.318328,-1.414245,0.824873,-0.014383,-0.004495
13.166667,0.014648,0.086439,-0.007084,-0.272169,-1.397875,0.441847,-0.501664,-0.085675,-0.001765,-0.605857,-1.298437,-1.389701,0.825368,-0.031623,0.005991
13.200000,0.006386,0.082785,0.003000,-0.268180,-1.396747,0.419771,-0.495031,-0.078727,-0.010781,-0.585571,-1.284575,-1.398486,0.817639,-0.038060,0.024654
13.233333,0.029499,0.059872,0.011263,-0.283280,-1.391496,0.402197,-0.493771,-0.064450,-0.022987,-0.584524,-1.298069,-1.406684,0.806566,-0.031564,0.027333
13.266667,0.036542,0.057524,0.004878,-0.265037,-1.376916,0.352346,-0.470051,-0.042269,-0.019940,-0.577361,-1.316170,-1.374881,0.792539,-0.050476,0.012467
13.300000,0.049890,0.055593,-0.003790,-0.256119,-1.385787,0.342496,-0.457638,-0.035678,-0.032588,-0.582435,-1.319291,-1.383078,0.800416,-0.046596,0.022578
13.333333,0.053351,0.033482,0.009865,-0.264911,-1.389040,0.312495,-0.458271,-0.020707,-0.030716,-0.584563,-1.362411,-1.369859,0.815008,-0.033207,0.002481
13.366667,0.081238,0.025952,0.012086,-0.273888,-1.389307,0.282495,-0.459511,-0.026507,-0.024519,-0.621823,-1.374631,-1.346277,0.869600,-0.037238,-0.034066
13.400000,0.069125,0.033670,0.013108,-0.273877,-1.394558,0.286875,-0.457917,-0.016392,-0.012390,-0.619084,-1.377833,-1.341822,0.898042,-0.040406,-0.031646
13.433333,0.069702,0.029941,0.032765,-0.268806,-1.399818,0.323532,-0.456323,-0.034367,-0.023440,-0.613884,-1.357240,-1.368965,0.898198,-0.027130,-0.037976
13.466667,0.080047,0.036963,0.039554,-0.243966,-1.376367,0.360189,-0.424327,-0.017719,-0.008012,-0.603034,-1.343255,-1.389241,0.885427,-0.036065,-0.037941
13.500000,0.095335,0.047311,0.045227,-0.220130,-1.372917,0.379072,-0.419284,-0.022515,-0.031164,-0.595856,-1.326438,-1.418922,0.854980,-0.039519,-0.030055
13.533333,0.070623,0.056512,0.039322,-0.195462,-1.373779,0.418001,-0.426276,-0.032136,-0.043968,-0.549777,-1.301197,-1.437332,0.822944,-0.029608,0.000873
13.566667,0.050893,0.071053,0.026744,-0.200695,-1.354246,0.439132,-0.446276,-0.031749,-0.033541,-0.543697,-1.284973,-1.450373,0.830909,-0.035860,0.019515
13.600000,0.050389,0.080112,0.016334,-0.228322,-1.363567,0.445994,-0.466276,-0.034281,-0.018279,-0.552689,-1.300147,-1.471815,0.852365,-0.032510,0.032309
13.633333,0.025329,0.067493,-0.000956,-0.252205,-1.382733,0.413316,-0.512435,-0.036835,-0.030565,-0.569914,-1.310308,-1.460123,0.868737,-0.019066,0.024527
13.666667,0.025755,0.061453,-0.043513,-0.241364,-1.386184,0.420637,-0.518595,-0.025212,-0.020921,-0.569490,-1.323301,-1.473042,0.904532,-0.011595,0.021851
13.700000,0.032748,0.058759,-0.046069,-0.251999,-1.385814,0.415210,-0.506427,-0.014141,-0.016047,-0.601887,-1.343431,-1.484924,0.902439,-0.002914,0.018994
13.733333,0.062736,0.041930,-0.035653,-0.222633,-1.393223,0.388699,-0.471861,-0.019334,-0.028892,-0.620100,-1.360248,-1.486855,0.860540,-0.001755,-0.006813
13.766667,0.053645,0.042780,-0.038807,-0.204820,-1.393223,0.376456,-0.447182,-0.020821,-0.025514,-0.633920,-1.364765,-1.455665,0.845150,-0.000628,-0.001198
13.800000,0.063539,0.042780,-0.024807,-0.200975,-1.397507,0.364579,-0.436342,-0.028848,-0.025303,-0.622189,-1.369504,-1.458780,0.842467,-0.000117,-0.002028
13.833333,0.065728,0.045297,0.004869,-0.232826,-1.397096,0.326379,-0.425813,-0.042255,-0.020747,-0.634220,-1.353406,-1.454423,0.802007,-0.000083,0.008088
13.866667,0.061349,0.054083,0.008006,-0.242452,-1.388559,0.300410,-0.393611,-0.032633,-0.011686,-0.612331,-1.330170,-1.446219,0.786210,-0.011839,-0.010923
13.900000,0.043587,0.058436,0.008743,-0.254119,-1.400683,0.314441,-0.383806,-0.031416,-0.013990,-0.596773,-1.310249,-1.449597,0.800407,-0.003560,-0.007991
13.933333,0.044559,0.047845,0.019667,-0.270240,-1.400683,0.293841,-0.386241,-0.019504,-0.020530,-0.590006,-1.307251,-1.459086,0.802595,0.006262,-0.008731
13.966667,0.042119,0.067100,0.009901,-0.267878,-1.400683,0.272416,-0.373752,-0.030393,-0.020406,-0.619716,-1.302438,-1.457667,0.819457,-0.006717,-0.001698
14.000000,0.015528,0.065085,0.001535,-0.243618,-1.401093,0.277314,-0.383757,-0.029435,-0.031968,-0.621033,-1.307397,-1.449134,0.834097,-0.012412,-0.013893
14.033333,0.028938,0.055762,0.002242,-0.227435,-1.407133,0.262683,-0.405961,-0.053529,-0.049710,-0.651873,-1.334942,-1.454901,0.847483,-0.015952,-0.021169
14.066667,0.044856,0.057063,-0.015038,-0.242447,-1.388198,0.247734,-0.417138,-0.051194,-0.038368,-0.676333,-1.354864,-1.469130,0.867683,-0.052875,-0.014117
14.100000,0.053023,0.057216,-0.027604,-0.221321,-1.388198,0.252970,-0.422810,-0.058105,-0.055300,-0.668361,-1.339785,-1.486431,0.859891,-0.077356,-0.017339
14.133333,0.059217,0.037961,-0.027855,-0.216788,-1.377065,0.298206,-0.428104,-0.062347,-0.059264,-0.649038,-1.331977,-1.505744,0.838792,-0.065938,-0.041313
14.166667,0.084619,0.027732,-0.027052,-0.236618,-1.356005,0.321295,-0.450596,-0.069784,-0.073691,-0.662832,-1.334467,-1.512684,0.829421,-0.072272,-0.044917
14.200000,0.079169,0.027144,-0.026139,-0.253748,-1.357812,0.365312,-0.473067,-0.056245,-0.064561,-0.655343,-1.337130,-1.531902,0.836092,-0.061409,-0.026578
14.233333,0.065738,0.036406,0.000231,-0.247182,-1.368454,0.409647,-0.475792,-0.048559,-0.066105,-0.646782,-1.336838,-1.539791,0.835126,-0.027695,-0.022841
14.266667,0.080404,0.057075,0.024855,-0.276753,-1.357618,0.468427,-0.461897,-0.037128,-0.033018,-0.638221,-1.355815,-1.566157,0.874161,-0.029356,-0.014107
14.300000,0.078206,0.066580,0.043046,-0.300162,-1.368752,0.497428,-0.463303,-0.029793,-0.019564,-0.640395,-1.367521,-1.582938,0.895230,-0.034291,0.002179
14.333333,0.064730,0.072214,0.035421,-0.294324,-1.369812,0.533665,-0.458843,-0.007074,-0.008405,-0.621867,-1.379994,-1.594296,0.931004,-0.031384,0.010843
14.366667,0.054203,0.091124,0.039321,-0.305333,-1.367071,0.588976,-0.442203,-0.017159,0.002755,-0.630041,-1.372192,-1.608331,0.966802,-0.028380,0.020451
14.400000,0.064509,0.076490,0.038407,-0.329114,-1.375363,0.632364,-0.456336,-0.030048,-0.006952,-0.638488,-1.352370,-1.631028,0.973234,-0.026980,0.017768
14.433333,0.057688,0.064352,0.009501,-0.333624,-1.386199,0.667245,-0.510470,-0.043023,-0.016659,-0.679900,-1.315413,-1.619186,0.954326,-0.009146,0.018005
14.466667,0.052489,0.064608,-0.017244,-0.344864,-1.379941,0.701586,-0.555963,-0.037027,-0.026365,-0.685189,-1.304732,-1.631521,0.944420,-0.017778,0.037764
14.500000,0.045144,0.063627,-0.005877,-0.367435,-1.399941,0.724135,-0.567392,-0.048593,-0.013881,-0.705140,-1.286864,-1.648947,0.931373,-0.015514,0.038582
14.533333,0.047114,0.051034,-0.014031,-0.350005,-1.403742,0.717048,-0.595792,-0.035300,-0.011411,-0.701157,-1.301237,-1.652678,0.883190,-0.017118,0.034492
14.566667,0.036742,0.043595,-0.017374,-0.340006,-1.403742,0.688936,-0.603511,-0.018110,0.012178,-0.710981,-1.309770,-1.647739,0.875006,-0.037559,0.047171
14.600000,0.030235,0.031994,-0.010801,-0.320521,-1.403742,0.645038,-0.584047,-0.017862,-0.004234,-0.691517,-1.332139,-1.653250,0.866534,-0.041184,0.028560
14.633333,0.040859,0.022942,0.014783,-0.311492,-1.390000,0.609473,-0.548975,-0.027086,0.001221,-0.704973,-1.328234,-1.654736,0.857212,-0.028162,-0.005036
14.666667,0.044243,0.029465,0.003996,-0.292561,-1.362441,0.600610,-0.521798,-0.020961,0.007053,-0.712825,-1.331514,-1.652363,0.852122,-0.033502,-0.020643
14.700000,0.045432,0.022655,0.010166,-0.284347,-1.354882,0.581382,-0.498177,-0.027952,-0.003160,-0.709671,-1.319194,-1.625098,0.856573,-0.031722,-0.028535
14.733333,0.067605,0.022711,-0.003390,-0.255449,-1.354882,0.559989,-0.455237,-0.038890,-0.018787,-0.707740,-1.330774,-1.621059,0.861024,-0.017116,-0.046841
14.766667,0.074373,0.027769,-0.015941,-0.236705,-1.354882,0.522889,-0.416984,-0.037800,-0.025931,-0.702133,-1.333034,-1.606571,0.851105,-0.015866,-0.036181
14.800000,0.062090,0.034344,-0.021921,-0.211423,-1.374882,0.467777,-0.387681,-0.034107,-0.026899,-0.677922,-1.351400,-1.568488,0.844231,-0.017415,-0.027376
14.833333,0.059398,0.025607,-0.005874,-0.204234,-1.382441,0.372664,-0.378719,-0.032709,-0.034101,-0.658710,-1.344254,-1.528908,0.820378,-0.023267,-0.000945
14.866667,0.057926,0.041970,0.001624,-0.226329,-1.390000,0.277552,-0.351423,-0.030431,-0.015243,-0.653620,-1.357984,-1.513436,0.822120,-0.029572,0.010150
14.900000,0.043391,0.049022,0.016431,-0.239365,-1.390000,0.217552,-0.351479,-0.036576,-0.019765,-0.627625,-1.338744,-1.487105,0.795632,-0.027369,0.010367
14.933333,0.037523,0.045424,0.030057,-0.245531,-1.390000,0.187472,-0.354031,-0.035613,-0.012770,-0.621630,-1.331832,-1.480773,0.789145,-0.029685,0.000820
14.966667,0.049148,0.038140,0.033267,-0.268492,-1.370000,0.197393,-0.371880,-0.015961,-0.020794,-0.641319,-1.308813,-1.462060,0.811460,-0.018441,-0.006932
15.000000,0.059346,0.042448,0.029596,-0.303017,-1.390000,0.247313,-0.401426,-0.017430,-0.006984,-0.674536,-1.271307,-1.444759,0.863230,-0.016094,-0.012924
15.033333,0.059818,0.027028,0.019926,-0.337542,-1.388262,0.337233,-0.468777,-0.011954,-0.025556,-0.714121,-1.199224,-1.403397,0.915001,-0.018635,-0.023374
15.066667,0.043301,0.030820,0.010102,-0.412067,-1.388262,0.427154,-0.548777,-0.013262,-0.018638,-0.756110,-1.124646,-1.365931,0.995001,-0.013921,-0.029980
15.100000,0.043042,0.030488,-0.000369,-0.511817,-1.369783,0.527154,-0.648777,-0.023769,-0.023251,-0.793576,-1.068214,-1.340333,1.095001,-0.017741,-0.025060
15.133333,0.029436,0.034543,-0.006037,-0.606144,-1.387188,0.627154,-0.748777,-0.037321,-0.019971,-0.815248,-1.030819,-1.314735,1.195001,-0.037767,-0.017050
15.166667,0.000981,0.035666,-0.028593,-0.662597,-1.379851,0.727154,-0.848777,-0.031492,-0.047266,-0.812324,-0.993424,-1.302452,1.295000,-0.034272,-0.031719
15.200000,-0.001347,0.042978,-0.045005,-0.719050,-1.362414,0.827154,-0.948777,-0.025148,-0.052734,-0.788908,-0.989543,-1.326635,1.374750,-0.017829,-0.017947
15.233333,0.007838,0.037440,-0.038044,-0.759374,-1.362414,0.927154,-1.048777,-0.018791,-0.059452,-0.773958,-1.007607,-1.318510,1.431045,-0.029996,-0.010733
15.266667,-0.007373,0.038523,-0.048978,-0.759950,-1.380893,1.025610,-1.138713,-0.001499,-0.074639,-0.746675,-0.987525,-1.278517,1.466086,-0.053629,-0.008671
15.300000,-0.018293,0.058143,-0.049442,-0.765946,-1.383488,1.124066,-1.209658,0.008060,-0.070744,-0.735185,-0.988406,-1.278525,1.501086,-0.054824,0.013942
15.333333,-0.001449,0.058179,-0.028101,-0.790984,-1.389570,1.205736,-1.252234,0.001896,-0.060773,-0.725647,-1.011179,-1.271593,1.496289,-0.063259,0.021859
15.366667,0.012825,0.048828,-0.009751,-0.794870,-1.387492,1.247549,-1.254809,0.015645,-0.040247,-0.742125,-1.000439,-1.259898,1.478388,-0.102168,0.017335
15.400000,0.012274,0.067144,-0.009151,-0.782029,-1.386238,1.286813,-1.240876,0.018284,-0.039126,-0.728639,-0.967755,-1.288203,1.466946,-0.116922,0.039646
15.433333,0.026372,0.066172,0.012093,-0.800924,-1.384203,1.307437,-1.229127,0.017186,-0.016985,-0.749952,-0.975071,-1.316508,1.476757,-0.094323,0.035584
15.466667,0.046340,0.054997,0.018173,-0.797226,-1.374378,1.313297,-1.230168,0.011996,-0.016671,-0.771265,-0.971799,-1.324859,1.468479,-0.082128,0.016501
15.500000,0.052483,0.056180,0.013005,-0.812362,-1.375632,1.313390,-1.242410,0.011278,-0.005017,-0.779243,-0.946634,-1.350367,1.467336,-0.072985,0.035752
15.533333,0.043070,0.064410,0.014780,-0.814477,-1.396123,1.337322,-1.263297,-0.009780,-0.015285,-0.768586,-0.956046,-1.342712,1.495464,-0.056924,0.027443
15.566667,0.061748,0.058441,0.026351,-0.838983,-1.397377,1.338245,-1.285982,0.003345,-0.001433,-0.789560,-1.005457,-1.308596,1.525611,-0.042835,0.009573
15.600000,0.066381,0.062425,0.035368,-0.848336,-1.399412,1.347203,-1.282819,0.022228,0.015961,-0.804929,-1.025337,-1.312338,1.535758,-0.056178,0.006663
15.633333,0.058017,0.050770,0.028339,-0.852503,-1.401108,1.349555,-1.285857,0.021422,0.015565,-0.780299,-1.015805,-1.301395,1.527177,-0.066060,0.004369
15.666667,0.054866,0.051721,0.037049,-0.828816,-1.398440,1.374460,-1.266063,0.023574,0.018211,-0.791647,-1.027377,-1.278920,1.546808,-0.074543,-0.036259
15.700000,0.072952,0.044602,0.032713,-0.823433,-1.389191,1.394078,-1.271985,0.020723,0.002781,-0.825835,-1.038950,-1.293660,1.551831,-0.066599,-0.042016
15.733333,0.060269,0.032090,0.024555,-0.810833,-1.389191,1.418393,-1.277553,0.004719,-0.004794,-0.828392,-1.011402,-1.306679,1.545202,-0.063497,-0.045386
15.766667,0.053685,0.031528,0.001645,-0.784293,-1.384439,1.442814,-1.281245,-0.002055,-0.004553,-0.805054,-0.978169,-1.297749,1.541875,-0.070316,-0.042808
15.800000,0.043644,0.047509,0.011466,-0.785532,-1.381413,1.459287,-1.263892,0.003632,0.018764,-0.794853,-0.983913,-1.295683,1.535408,-0.069993,-0.021837
15.833333,0.038573,0.037470,0.005521,-0.785065,-1.384081,1.441782,-1.278885,0.009343,0.012196,-0.784652,-0.993495,-1.298839,1.532486,-0.067492,-0.000866
15.866667,0.017575,0.032565,-0.010160,-0.760466,-1.388951,1.430201,-1.264023,0.035305,0.014092,-0.744232,-0.963077,-1.289135,1.532486,-0.054475,0.018160
15.900000,0.017088,0.047253,-0.016816,-0.748737,-1.388951,1.407749,-1.257340,0.040237,-0.000267,-0.732580,-0.971780,-1.295465,1.539116,-0.044674,0.019991
15.933333,0.007732,0.043967,-0.008412,-0.761006,-1.388519,1.376706,-1.267992,0.028266,-0.029276,-0.740001,-0.975700,-1.287849,1.531975,-0.023661,0.011016
15.966667,0.002803,0.036119,-0.040009,-0.770162,-1.374490,1.374980,-1.296929,0.038393,-0.042324,-0.774284,-0.980642,-1.284133,1.555302,-0.002649,-0.006302
16.000000,0.013754,0.052002,-0.052994,-0.772778,-1.362699,1.383032,-1.293520,0.029387,-0.040320,-0.768567,-0.964480,-1.294425,1.559532,0.008211,-0.004132
16.033333,0.016688,0.062710,-0.044811,-0.788650,-1.367840,1.366467,-1.297378,0.007104,-0.025407,-0.789652,-0.979483,-1.296806,1.556473,-0.008908,-0.020120
16.066667,0.007575,0.067059,-0.052900,-0.770553,-1.367840,1.341632,-1.301699,-0.014201,-0.012856,-0.811927,-0.967003,-1.275858,1.556473,-0.026739,-0.027135
16.100000,0.009672,0.076103,-0.047768,-0.765815,-1.373024,1.337432,-1.305562,-0.021010,0.002935,-0.823500,-0.977146,-1.292947,1.566941,-0.023203,-0.004669
16.133333,0.022032,0.075366,-0.017207,-0.751005,-1.379607,1.297976,-1.295426,-0.047218,0.000555,-0.811177,-0.961204,-1.296989,1.552904,-0.047807,-0.005447
16.166667,0.013593,0.087725,-0.005202,-0.747999,-1.377417,1.282719,-1.285289,-0.061320,0.006748,-0.821723,-0.942092,-1.295738,1.552904,-0.064292,0.005955
16.200000,0.005308,0.085260,0.004477,-0.757921,-1.366265,1.286553,-1.300420,-0.057056,-0.000230,-0.812450,-0.931816,-1.317817,1.539699,-0.074532,0.028711
16.233333,0.026005,0.063854,0.013275,-0.781821,-1.355720,1.290498,-1.310127,-0.045104,-0.016135,-0.813221,-0.949024,-1.350148,1.534904,-0.062117,0.034155
16.266667,0.036165,0.057102,0.005446,-0.779147,-1.336846,1.268380,-1.298564,-0.023733,-0.013010,-0.825549,-0.965013,-1.351891,1.534904,-0.082280,0.018810
16.300000,0.050589,0.056522,-0.004347,-0.775559,-1.352058,1.278175,-1.299221,-0.016909,-0.026820,-0.842614,-0.967089,-1.390557,1.548648,-0.079336,0.028822
16.333333,0.055007,0.035459,0.009448,-0.792307,-1.365259,1.266183,-1.312788,-0.001199,-0.024256,-0.854590,-1.008496,-1.397994,1.548648,-0.067785,0.007525
16.366667,0.083264,0.027217,0.012754,-0.801769,-1.372620,1.235102,-1.316188,-0.006112,-0.017988,-0.899583,-1.034670,-1.386528,1.564913,-0.070985,-0.032023
16.400000,0.071521,0.035159,0.014130,-0.802592,-1.383166,1.232621,-1.315603,0.003554,-0.003405,-0.904575,-1.050203,-1.385714,1.566805,-0.074534,-0.032748
16.433333,0.070420,0.036230,0.034882,-0.789989,-1.392120,1.256202,-1.315018,-0.016110,-0.012342,-0.896075,-1.044329,-1.407032,1.555935,-0.062037,-0.039844
16.466667,0.080628,0.043146,0.042212,-0.759905,-1.371747,1.283127,-1.278971,-0.001830,0.006049,-0.880629,-1.044683,-1.415965,1.539086,-0.070634,-0.040372
16.500000,0.094880,0.052853,0.048970,-0.722137,-1.368764,1.291838,-1.270015,-0.007076,-0.015560,-0.873455,-1.041890,-1.435609,1.520120,-0.075179,-0.032438
16.533333,0.069133,0.063005,0.043001,-0.682188,-1.372555,1.300550,-1.274185,-0.015749,-0.027675,-0.826300,-1.014328,-1.443356,1.516265,-0.065105,-0.002998
16.566667,0.051284,0.076592,0.032025,-0.675678,-1.354686,1.299715,-1.294185,-0.015140,-0.018158,-0.819144,-0.992100,-1.441742,1.519168,-0.073159,0.015953
16.600000,0.052423,0.085287,0.022467,-0.697988,-1.364605,1.284943,-1.314185,-0.015045,-0.003448,-0.826353,-1.003063,-1.448582,1.530038,-0.069977,0.027072
16.633333,0.027589,0.070708,0.006342,-0.716820,-1.382967,1.230172,-1.351192,-0.016395,-0.017344,-0.847729,-1.008749,-1.427808,1.538663,-0.056717,0.018507
16.666667,0.029515,0.066226,-0.036294,-0.707295,-1.386730,1.215400,-1.348199,-0.004110,-0.008552,-0.846513,-1.017582,-1.432847,1.557628,-0.047905,0.014917
16.700000,0.036970,0.065011,-0.038931,-0.721055,-1.383116,1.221637,-1.335271,0.006354,-0.002781,-0.877726,-1.033302,-1.444613,1.558609,-0.038718,0.012779
16.733333,0.063355,0.047736,-0.030295,-0.694814,-1.388443,1.208709,-1.305483,0.000748,-0.014640,-0.900319,-1.050503,-1.447029,1.539580,-0.036448,-0.014177
16.766667,0.050972,0.049064,-0.034914,-0.678408,-1.388443,1.209718,-1.286709,-0.000085,-0.010318,-0.917757,-1.052580,-1.421520,1.539580,-0.034390,-0.006894
16.800000,0.060155,0.050632,-0.022575,-0.677119,-1.393844,1.215245,-1.290928,-0.007301,-0.009029,-0.912403,-1.054568,-1.433415,1.548097,-0.034176,-0.007382
16.833333,0.060670,0.052533,0.005987,-0.707919,-1.387889,1.190224,-1.303946,-0.021277,-0.003631,-0.935517,-1.033441,-1.440924,1.533059,-0.033466,0.003464
16.866667,0.055655,0.061155,0.007530,-0.719533,-1.382180,1.153772,-1.286898,-0.009664,0.004488,-0.935919,-1.005428,-1.454982,1.524903,-0.045138,-0.014587
16.900000,0.038631,0.067006,0.006977,-0.731147,-1.394722,1.155551,-1.286712,-0.008752,0.002782,-0.935499,-0.978548,-1.477109,1.543933,-0.036907,-0.011342
16.933333,0.041221,0.056062,0.016153,-0.741345,-1.394722,1.117330,-1.300426,0.000924,-0.003948,-0.951088,-0.963416,-1.500736,1.543933,-0.029018,-0.014234
16.966667,0.038788,0.075775,0.004895,-0.731490,-1.394722,1.074591,-1.304330,-0.012208,-0.004203,-0.999381,-0.947424,-1.510602,1.543933,-0.043235,-0.008710
17.000000,0.012854,0.072712,-0.003580,-0.700549,-1.400676,1.053680,-1.317548,-0.012419,-0.016301,-1.015746,-0.943108,-1.508735,1.556398,-0.050431,-0.021693
17.033333,0.026919,0.062368,-0.001782,-0.668115,-1.402390,1.023191,-1.341872,-0.039270,-0.033591,-1.055781,-0.958969,-1.509883,1.567427,-0.054720,-0.030473
17.066667,0.041221,0.062852,-0.018512,-0.665116,-1.376984,0.958485,-1.352348,-0.036769,-0.023425,-1.089368,-0.969799,-1.519760,1.567427,-0.091973,-0.024063
17.100000,0.049481,0.063188,-0.028961,-0.624879,-1.371577,0.893778,-1.348244,-0.044357,-0.041058,-1.084856,-0.950812,-1.540895,1.567427,-0.115954,-0.028718
17.133333,0.055401,0.041906,-0.027921,-0.595961,-1.359666,0.853951,-1.334151,-0.050565,-0.044798,-1.076131,-0.939602,-1.562394,1.567427,-0.102933,-0.054331
17.166667,0.080426,0.032058,-0.026063,-0.588846,-1.337692,0.785323,-1.341945,-0.059981,-0.060283,-1.102760,-0.939831,-1.574885,1.560149,-0.109192,-0.060127
17.200000,0.075308,0.030570,-0.025232,-0.583929,-1.343328,0.732902,-1.342961,-0.046806,-0.051676,-1.106162,-0.943754,-1.597201,1.560149,-0.100681,-0.044249
17.233333,0.064742,0.040627,0.001570,-0.559791,-1.360438,0.716469,-1.323906,-0.040353,-0.053511,-1.102074,-0.947312,-1.605994,1.560149,-0.067224,-0.042598
17.266667,0.079371,0.060940,0.025337,-0.575654,-1.360178,0.740036,-1.294517,-0.027979,-0.020378,-1.097986,-0.987648,-1.620913,1.560149,-0.072754,-0.035145
17.300000,0.077478,0.071171,0.043989,-0.592765,-1.372089,0.745537,-1.284925,-0.018069,-0.007614,-1.090349,-1.020207,-1.620275,1.557604,-0.079213,-0.018785
17.333333,0.065915,0.076245,0.035727,-0.588979,-1.374063,0.777200,-1.258492,0.008891,0.003753,-1.058807,-1.042227,-1.607064,1.567454,-0.079733,-0.011911
17.366667,0.053833,0.096505,0.039644,-0.603674,-1.376036,0.832655,-1.227731,0.000182,0.015120,-1.026247,-1.050632,-1.577090,1.567455,-0.075146,-0.001285
17.400000,0.062809,0.082363,0.038212,-0.639644,-1.384333,0.888110,-1.230889,-0.011643,0.005880,-0.993416,-1.044458,-1.548895,1.566360,-0.073686,-0.002230
17.433333,0.055761,0.072168,0.010223,-0.662679,-1.390000,0.943566,-1.268017,-0.025625,-0.003359,-0.975712,-1.005728,-1.489741,1.563562,-0.048091,-0.001050
17.466667,0.050541,0.074776,-0.016728,-0.699293,-1.385919,1.032208,-1.299097,-0.020764,-0.012273,-0.927795,-0.990082,-1.441535,1.558680,-0.054936,0.021892
17.500000,0.040181,0.074233,-0.006270,-0.747418,-1.405919,1.131094,-1.308591,-0.032771,0.002043,-0.868430,-0.978821,-1.391028,1.551851,-0.048407,0.027880
17.533333,0.041836,0.060574,-0.015521,-0.755543,-1.405919,1.211913,-1.336295,-0.019260,0.005740,-0.804825,-0.991486,-1.325602,1.527512,-0.050247,0.026310
17.566667,0.031776,0.053272,-0.020435,-0.772179,-1.405919,1.274136,-1.351262,-0.000157,0.029646,-0.757220,-0.999891,-1.256932,1.524268,-0.070966,0.040768
17.600000,0.023291,0.040467,-0.015634,-0.778853,-1.405919,1.334009,-1.344923,0.002255,0.013551,-0.694488,-1.016396,-1.188261,1.517346,-0.080490,0.028173
17.633333,0.032498,0.030876,0.008747,-0.790606,-1.390000,1.369619,-1.320157,-0.003690,0.018679,-0.665931,-1.009817,-1.137652,1.502964,-0.067346,-0.002789
17.666667,0.037121,0.038253,-0.001684,-0.796438,-1.361884,1.406343,-1.307736,0.003519,0.025540,-0.661898,-1.009392,-1.104597,1.498787,-0.073520,-0.015738
17.700000,0.039105,0.032234,0.004392,-0.815861,-1.353769,1.428375,-1.306626,-0.002838,0.015299,-0.652944,-0.991896,-1.071041,1.512051,-0.072177,-0.020479
17.733333,0.060354,0.031457,-0.008856,-0.807994,-1.353769,1.469002,-1.278254,-0.014644,0.000132,-0.651643,-1.001331,-1.065994,1.516390,-0.059047,-0.036433
17.766667,0.066420,0.036040,-0.021072,-0.809593,-1.353769,1.471979,-1.264280,-0.013977,-0.006157,-0.650341,-1.004742,-1.064964,1.512880,-0.056951,-0.025458
17.800000,0.053971,0.041717,-0.026523,-0.806678,-1.373769,1.486606,-1.264242,-0.011043,-0.005869,-0.631823,-1.028260,-1.053170,1.523426,-0.060803,-0.016924
17.833333,0.048789,0.032343,-0.011227,-0.811176,-1.381884,1.461232,-1.277550,-0.011081,-0.014105,-0.617957,-1.029143,-1.037446,1.509325,-0.068669,0.009736
17.866667,0.046269,0.049960,-0.003369,-0.842083,-1.388316,1.428618,-1.261337,-0.010561,0.005379,-0.618951,-1.052914,-1.053632,1.515291,-0.075806,0.020222
17.900000,0.031649,0.057776,0.011374,-0.860281,-1.388316,1.396004,-1.266435,-0.018947,0.000933,-0.597802,-1.047339,-1.058989,1.497201,-0.073445,0.019073
17.933333,0.026660,0.055147,0.024961,-0.862954,-1.388316,1.388021,-1.264472,-0.020486,0.007608,-0.596653,-1.055464,-1.080327,1.492341,-0.076394,0.008493
17.966667,0.048959,0.046222,0.030690,-0.876180,-1.368316,1.352652,-1.273045,-0.003057,-0.005449,-0.618545,-1.083482,-1.114974,1.465513,-0.059695,-0.001142
18.000000,0.074065,0.050050,0.030360,-0.904496,-1.354396,1.317284,-1.294356,-0.007478,0.003245,-0.651262,-1.128031,-1.175995,1.456183,-0.050199,-0.011309
18.033333,0.088315,0.032549,0.023846,-0.925449,-1.306946,1.298943,-1.353334,-0.005466,-0.020831,-0.709119,-1.165857,-1.242200,1.440990,-0.032785,-0.024637
18.066667,0.083223,0.035124,0.016238,-0.963301,-1.266838,1.280602,-1.413178,-0.007939,-0.018330,-0.785105,-1.193029,-1.322200,1.458780,-0.008106,-0.032728
18.100000,0.093552,0.034603,0.006434,-1.005780,-1.207036,1.277631,-1.456828,-0.019982,-0.027589,-0.854829,-1.240202,-1.422200,1.461586,0.007280,-0.028360
18.133333,0.081680,0.040027,-0.000132,-1.045605,-1.183233,1.289337,-1.482175,-0.035197,-0.023202,-0.912185,-1.271144,-1.509592,1.474796,0.000932,-0.019565
18.166667,0.052194,0.041748,-0.023985,-1.048958,-1.177482,1.341044,-1.469717,-0.030467,-0.050614,-0.944882,-1.268189,-1.585470,1.493614,0.016517,-0.029942
18.200000,0.047351,0.049716,-0.042413,-1.059674,-1.181670,1.415722,-1.426959,-0.023143,-0.054790,-0.939071,-1.271959,-1.661348,1.487838,0.034293,-0.013195
18.233333,0.054858,0.044915,-0.036099,-1.067316,-1.196831,1.478053,-1.394371,-0.017140,-0.061336,-0.936418,-1.306376,-1.697226,1.460391,0.022439,-0.003593
18.266667,0.040617,0.045111,-0.045287,-1.059286,-1.240361,1.500384,-1.375515,0.004256,-0.076124,-0.925187,-1.303428,-1.693104,1.443240,0.004458,0.003807
18.300000,0.025249,0.063111,-0.045983,-1.056639,-1.271296,1.548036,-1.353912,0.013802,-0.072951,-0.926324,-1.316711,-1.701591,1.455686,0.008212,0.027518
18.333333,0.039343,0.063235,-0.026406,-1.074195,-1.286643,1.583265,-1.347433,0.007559,-0.061877,-0.922531,-1.351667,-1.700747,1.440998,0.003489,0.034792
18.366667,0.051669,0.053552,-0.009655,-1.070939,-1.287266,1.578494,-1.333587,0.019779,-0.041272,-0.941644,-1.350502,-1.691753,1.422756,-0.032429,0.030091
18.400000,0.050896,0.071304,-0.010100,-1.061356,-1.287890,1.586071,-1.312618,0.021302,-0.039635,-0.921612,-1.318689,-1.722760,1.407703,-0.046308,0.052895
18.433333,0.061438,0.071136,0.008854,-1.082941,-1.279399,1.616685,-1.305160,0.015261,-0.018457,-0.933316,-1.324242,-1.753766,1.417336,-0.027697,0.045443
18.466667,0.082585,0.062471,0.014336,-1.082919,-1.257444,1.631509,-1.313285,0.009474,-0.018001,-0.945019,-1.325928,-1.765337,1.407988,-0.019149,0.028332
18.500000,0.087387,0.064047,0.009566,-1.099167,-1.266944,1.635496,-1.326739,0.009160,-0.007790,-0.951539,-1.305940,-1.792376,1.403196,-0.010358,0.048291
18.533333,0.078388,0.073340,0.012121,-1.097792,-1.289117,1.658206,-1.347320,-0.012338,-0.019154,-0.944248,-1.321914,-1.787564,1.428982,0.005419,0.041907
18.566667,0.095474,0.068843,0.024299,-1.116900,-1.301236,1.652200,-1.365432,0.000188,-0.005943,-0.967951,-1.361179,-1.759487,1.471783,0.020359,0.024318
18.600000,0.100777,0.073499,0.034450,-1.123851,-1.317705,1.647671,-1.357271,0.015420,0.011403,-0.988307,-1.380445,-1.770772,1.487158,0.007468,0.020952
18.633333,0.091960,0.061892,0.027109,-1.122140,-1.324234,1.636648,-1.354577,0.012731,0.010595,-0.968664,-1.367624,-1.764752,1.481515,-0.001751,0.017470
18.666667,0.090250,0.063532,0.036569,-1.090461,-1.314000,1.648885,-1.329235,0.014277,0.015105,-0.983793,-1.380051,-1.746655,1.501561,-0.010144,-0.023081
18.700000,0.106681,0.057331,0.032854,-1.081125,-1.302254,1.661335,-1.328766,0.011794,0.001190,-1.015029,-1.383343,-1.766813,1.511510,-0.003823,-0.029209
18.733333,0.094657,0.044525,0.024079,-1.067978,-1.296248,1.681056,-1.329625,-0.004183,-0.005722,-1.015271,-1.374228,-1.779580,1.492337,0.000296,-0.032526
18.766667,0.087945,0.044425,-0.000138,-1.038878,-1.276086,1.709868,-1.330483,-0.006674,-0.004474,-0.985431,-1.349704,-1.768995,1.483058,-0.004823,-0.029569
18.800000,0.078283,0.061096,0.008980,-1.040046,-1.269838,1.734952,-1.311867,0.001020,0.019444,-0.969543,-1.359719,-1.770038,1.473779,-0.003552,-0.009050
18.833333,0.072462,0.049787,0.001192,-1.045635,-1.274820,1.731388,-1.325870,0.007493,0.012188,-0.952244,-1.369388,-1.775334,1.470677,0.003076,0.011469
18.866667,0.052918,0.041985,-0.016732,-1.027314,-1.281199,1.731618,-1.313862,0.034607,0.013624,-0.908252,-1.348353,-1.763921,1.479261,0.017062,0.028905
18.900000,0.053605,0.054577,-0.024248,-1.020937,-1.286417,1.719235,-1.311291,0.041190,-0.001084,-0.890965,-1.356433,-1.766320,1.493480,0.026070,0.029850
18.933333,0.045985,0.050529,-0.016095,-1.041079,-1.287522,1.693125,-1.325250,0.028880,-0.031008,-0.893197,-1.359922,-1.752709,1.485229,0.046316,0.018583
18.966667,0.041357,0.041645,-0.047943,-1.056883,-1.274711,1.693027,-1.352989,0.039075,-0.044725,-0.921477,-1.364825,-1.742622,1.516979,0.066562,0.000901
19.000000,0.052665,0.057877,-0.059640,-1.064333,-1.264349,1.701759,-1.348470,0.030061,-0.042691,-0.911167,-1.345979,-1.745735,1.521333,0.072735,0.002890
19.033333,0.056890,0.070244,-0.050630,-1.087257,-1.277863,1.687761,-1.349473,0.010519,-0.028522,-0.924569,-1.356595,-1.743279,1.498545,0.053672,-0.013173
19.066667,0.043300,0.077363,-0.059496,-1.077766,-1.284176,1.667820,-1.351228,-0.009023,-0.016736,-0.944198,-1.342260,-1.733792,1.485028,0.039016,-0.021881
19.100000,0.044715,0.086343,-0.053576,-1.078700,-1.311528,1.668001,-1.350903,-0.015530,0.001053,-0.958540,-1.346637,-1.764305,1.504513,0.041632,0.001125
19.133333,0.057427,0.085681,-0.022518,-1.068256,-1.338880,1.637397,-1.340333,-0.040662,-0.000371,-0.946998,-1.324648,-1.778791,1.483997,0.015417,-0.000886
19.166667,0.048432,0.098220,-0.010958,-1.067678,-1.339952,1.626613,-1.329400,-0.053034,0.006070,-0.955134,-1.301505,-1.783346,1.481827,-0.001982,0.010106
19.200000,0.040228,0.096130,-0.000938,-1.078036,-1.326681,1.640860,-1.345508,-0.050304,0.000470,-0.946596,-1.288536,-1.811923,1.468642,-0.010791,0.031408
19.233333,0.065959,0.073485,0.008666,-1.101463,-1.301867,1.659368,-1.352334,-0.039899,-0.013142,-0.945126,-1.300518,-1.828492,1.462846,-0.002551,0.037258
19.266667,0.076861,0.067387,0.001641,-1.095896,-1.267948,1.652506,-1.339934,-0.018088,-0.009379,-0.943296,-1.317177,-1.812986,1.455928,-0.022821,0.019709
19.300000,0.089946,0.065729,-0.009307,-1.092669,-1.264295,1.671033,-1.332362,-0.012089,-0.021782,-0.947226,-1.320200,-1.831712,1.466620,-0.020273,0.031777
19.333333,0.093826,0.043920,0.004901,-1.108820,-1.271108,1.669719,-1.338796,0.002273,-0.018620,-0.952066,-1.363223,-1.822456,1.482593,-0.006723,0.012094
19.366667,0.119983,0.033643,0.007253,-1.117257,-1.275389,1.643373,-1.333472,-0.003134,-0.013002,-0.989870,-1.378662,-1.796804,1.518566,-0.009772,-0.025792
19.400000,0.106140,0.042332,0.009044,-1.118311,-1.290716,1.646595,-1.328128,0.007455,0.000565,-0.987674,-1.382050,-1.794038,1.530292,-0.013320,-0.024936
19.433333,0.103645,0.041879,0.027178,-1.108360,-1.295856,1.675189,-1.322784,-0.010232,-0.009960,-0.979929,-1.362810,-1.811267,1.522304,-0.000207,-0.027043
19.466667,0.114472,0.049751,0.035172,-1.082386,-1.276036,1.709177,-1.288553,0.006518,0.006878,-0.967570,-1.353293,-1.819912,1.508600,-0.006459,-0.026666
19.500000,0.130361,0.059485,0.040663,-1.054321,-1.275114,1.723007,-1.280316,0.004123,-0.015463,-0.954301,-1.341026,-1.836097,1.478696,-0.009190,-0.018330
19.533333,0.106250,0.071376,0.034651,-1.026710,-1.294634,1.741712,-1.284135,-0.001546,-0.028759,-0.901033,-1.316708,-1.841200,1.466587,0.003467,0.011277
19.566667,0.090221,0.084281,0.021376,-1.029711,-1.287326,1.755023,-1.302985,0.003686,-0.020577,-0.887764,-1.304441,-1.833714,1.479128,0.001116,0.030198
19.600000,0.092456,0.092735,0.011789,-1.055086,-1.300366,1.745106,-1.321835,0.004495,-0.007002,-0.890743,-1.323237,-1.838222,1.498364,0.005852,0.041641
19.633333,0.067044,0.076324,-0.005338,-1.075506,-1.321446,1.696556,-1.359649,0.002865,-0.021897,-0.905449,-1.333574,-1.814699,1.509025,0.018925,0.033144
19.666667,0.067480,0.072231,-0.048389,-1.062674,-1.328227,1.688007,-1.357463,0.014523,-0.013826,-0.903406,-1.345841,-1.821546,1.538930,0.024883,0.029902
19.700000,0.074160,0.070633,-0.051441,-1.070693,-1.311981,1.692339,-1.350435,0.023485,-0.008717,-0.937271,-1.366544,-1.830688,1.538495,0.031142,0.028046
19.733333,0.102460,0.053955,-0.042136,-1.040850,-1.307912,1.672120,-1.324914,0.016151,-0.023360,-0.957482,-1.378811,-1.833735,1.510202,0.028945,0.003142
19.766667,0.090759,0.057105,-0.045673,-1.028633,-1.316107,1.675128,-1.312937,0.012585,-0.019304,-0.976962,-1.379255,-1.806713,1.503049,0.030248,0.009513
19.800000,0.101195,0.060256,-0.032269,-1.029749,-1.321559,1.680138,-1.321997,0.005247,-0.018762,-0.972068,-1.384166,-1.814339,1.509444,0.029701,0.008466
19.833333,0.103362,0.061700,-0.002586,-1.065835,-1.315124,1.659083,-1.339848,-0.008220,-0.014288,-0.993259,-1.369539,-1.815387,1.481631,0.030470,0.018307
19.866667,0.099284,0.068940,-0.000946,-1.084293,-1.303784,1.636564,-1.323691,0.003597,-0.007690,-0.982475,-1.346476,-1.819632,1.471382,0.023211,0.001857
19.900000,0.080742,0.074481,-0.000567,-1.102111,-1.319870,1.650161,-1.326026,0.002322,-0.007066,-0.975180,-1.331848,-1.827733,1.486903,0.031151,0.004178
19.933333,0.082866,0.063479,0.009041,-1.119928,-1.305876,1.627589,-1.330417,0.014196,-0.013738,-0.973839,-1.331518,-1.835086,1.488597,0.039347,0.003283
19.966667,0.080949,0.082530,-0.001825,-1.123403,-1.314783,1.601648,-1.324850,0.002447,-0.012942,-1.006676,-1.325457,-1.830705,1.500023,0.026435,0.009986
20.000000,0.054620,0.080340,-0.010558,-1.103620,-1.322347,1.601772,-1.329364,0.000942,-0.023167,-1.010495,-1.328968,-1.811150,1.508094,0.020054,-0.000967
20.033333,0.068291,0.071770,-0.008488,-1.086446,-1.322779,1.590760,-1.342967,-0.026234,-0.037933,-1.033543,-1.353279,-1.796758,1.517587,0.011403,-0.009259
20.066667,0.081684,0.073231,-0.025044,-1.098400,-1.286520,1.573591,-1.342352,-0.023631,-0.026974,-1.050026,-1.367906,-1.791764,1.530359,-0.025824,-0.001329
20.100000,0.088678,0.072423,-0.036073,-1.073717,-1.280340,1.575043,-1.336729,-0.030493,-0.044375,-1.033247,-1.351132,-1.792202,1.516958,-0.050554,-0.005225
20.133333,0.093307,0.050140,-0.035269,-1.061884,-1.252602,1.612492,-1.323358,-0.038278,-0.047928,-1.001523,-1.341379,-1.792393,1.492698,-0.038578,-0.029325
20.166667,0.116974,0.040165,-0.032567,-1.069800,-1.221461,1.615991,-1.331115,-0.045818,-0.063663,-1.000540,-1.342336,-1.787602,1.479169,-0.045555,-0.034922
20.200000,0.110939,0.038761,-0.031674,-1.077848,-1.225385,1.634481,-1.336240,-0.031703,-0.054641,-0.984995,-1.347563,-1.794700,1.477659,-0.035207,-0.017510
20.233333,0.100489,0.046471,-0.004921,-1.062511,-1.241124,1.659128,-1.321410,-0.024014,-0.057212,-0.968970,-1.347563,-1.795135,1.468777,-0.001333,-0.015285
20.266667,0.115772,0.066043,0.018776,-1.083812,-1.234435,1.697269,-1.295989,-0.012281,-0.024127,-0.952944,-1.364667,-1.811501,1.488777,-0.003718,-0.005108
20.300000,0.113853,0.077036,0.037841,-1.093910,-1.248984,1.699412,-1.288273,-0.000364,-0.012358,-0.944516,-1.377682,-1.818611,1.493038,-0.009798,0.010697
20.333333,0.100606,0.081202,0.029297,-1.081650,-1.254462,1.711258,-1.267391,0.025854,-0.002790,-0.916485,-1.387843,-1.816236,1.520898,-0.005657,0.021358
20.366667,0.091459,0.099893,0.034784,-1.084279,-1.256551,1.742956,-1.240053,0.016545,0.007112,-0.910900,-1.383596,-1.818794,1.535707,-0.002179,0.030204
20.400000,0.100524,0.085590,0.033246,-1.095516,-1.274202,1.749159,-1.246887,0.004836,-0.003299,-0.904843,-1.371381,-1.828450,1.528340,-0.001306,0.027539
20.433333,0.090205,0.076322,0.005712,-1.088209,-1.294402,1.748512,-1.291953,-0.010890,-0.013710,-0.926466,-1.344251,-1.807644,1.509921,0.020590,0.025305
20.466667,0.085106,0.079876,-0.020872,-1.097838,-1.290387,1.764726,-1.331535,-0.006577,-0.022880,-0.918646,-1.337681,-1.813427,1.506024,0.012275,0.045633
20.500000,0.078631,0.079234,-0.011121,-1.118212,-1.311322,1.781578,-1.346392,-0.018494,-0.008590,-0.925102,-1.329997,-1.823133,1.488846,0.014456,0.045233
20.533333,0.079657,0.067451,-0.021218,-1.098585,-1.325404,1.775139,-1.377967,-0.005156,-0.005852,-0.910764,-1.339332,-1.820065,1.448761,0.011931,0.040472
20.566667,0.069827,0.061184,-0.024847,-1.101196,-1.339731,1.767967,-1.395006,0.011926,0.019303,-0.912359,-1.349821,-1.809291,1.444925,-0.008220,0.052138
20.600000,0.065179,0.047849,-0.018426,-1.092181,-1.333937,1.756627,-1.384665,0.015170,0.004457,-0.887388,-1.369000,-1.807404,1.433070,-0.016610,0.034225
20.633333,0.075500,0.037746,0.006449,-1.089969,-1.319177,1.746154,-1.355025,0.007140,0.009563,-0.898502,-1.364688,-1.800685,1.414223,-0.003142,0.001091
20.666667,0.079303,0.046749,-0.001829,-1.084709,-1.279467,1.759290,-1.337720,0.010588,0.016142,-0.906649,-1.364423,-1.801846,1.404506,-0.010222,-0.014384
20.700000,0.080627,0.040460,0.004784,-1.094506,-1.250000,1.760312,-1.333916,0.002510,0.005844,-0.904547,-1.354596,-1.777785,1.409424,-0.009093,-0.020596
20.733333,0.102920,0.039295,-0.007713,-1.078360,-1.215003,1.784692,-1.304649,-0.009290,-0.010742,-0.904192,-1.356323,-1.779425,1.414341,0.004189,-0.036757
20.766667,0.110916,0.044740,-0.019664,-1.078536,-1.213451,1.784143,-1.295009,-0.008582,-0.019543,-0.902724,-1.357387,-1.775902,1.410616,0.006126,-0.025428
20.800000,0.099899,0.050396,-0.024809,-1.077077,-1.220462,1.790477,-1.303152,-0.005448,-0.021088,-0.889114,-1.374640,-1.761788,1.422086,0.003342,-0.016731
20.833333,0.095981,0.040692,-0.009238,-1.082709,-1.227473,1.758247,-1.325039,-0.003398,-0.030924,-0.880944,-1.364397,-1.741877,1.412023,-0.003511,0.009951
20.866667,0.093503,0.057999,-0.001182,-1.113285,-1.227330,1.721664,-1.316705,-0.002444,-0.012332,-0.886054,-1.374223,-1.747883,1.424820,-0.011800,0.021467
20.900000,0.078437,0.066222,0.013412,-1.131717,-1.229856,1.687953,-1.337478,-0.010460,-0.016305,-0.868199,-1.360035,-1.734506,1.409214,-0.009610,0.020684
20.933333,0.071870,0.062978,0.026463,-1.135098,-1.218938,1.684032,-1.347773,-0.011923,-0.008063,-0.870343,-1.352733,-1.737405,1.412441,-0.012596,0.011211
20.966667,0.073394,0.052878,0.029181,-1.110090,-1.229379,1.655501,-1.325068,0.003071,-0.014489,-0.868525,-1.329242,-1.742082,1.392941,-0.006605,0.002842
21.000000,0.077180,0.055309,0.024378,-1.061188,-1.279820,1.625533,-1.274176,-0.010026,0.000949,-0.877254,-1.293247,-1.762171,1.370098,-0.007638,-0.005251
21.033333,0.070034,0.039107,0.013385,-0.972286,-1.319963,1.595323,-1.223284,-0.016967,-0.015373,-0.878712,-1.250002,-1.756723,1.342528,-0.012064,-0.018672
21.066667,0.044204,0.042711,0.001965,-0.883384,-1.352434,1.554565,-1.143284,-0.029241,-0.007694,-0.887716,-1.200945,-1.765828,1.343361,-0.010743,-0.026193
21.100000,0.034918,0.042222,-0.010364,-0.785882,-1.375105,1.491142,-1.046469,-0.050728,-0.011681,-0.893086,-1.168716,-1.787027,1.333963,-0.018506,-0.023077
21.133333,0.021529,0.050354,-0.017263,-0.717994,-1.397652,1.430691,-0.969173,-0.072918,-0.008363,-0.903953,-1.155276,-1.781872,1.337494,-0.036963,-0.015264
21.166667,-0.008359,0.054163,-0.040537,-0.652092,-1.400199,1.410240,-0.905477,-0.067767,-0.035468,-0.895501,-1.141836,-1.775226,1.367623,-0.034127,-0.030202
21.200000,-0.010224,0.061577,-0.056449,-0.626190,-1.391039,1.424260,-0.853405,-0.060462,-0.041770,-0.881360,-1.137052,-1.806197,1.372472,-0.016793,-0.016846
21.233333,0.000018,0.055975,-0.048560,-0.617457,-1.391039,1.408826,-0.835092,-0.054326,-0.049347,-0.880983,-1.153414,-1.801998,1.355742,-0.029124,-0.009909
21.266667,-0.017257,0.059174,-0.058858,-0.606226,-1.400839,1.386269,-0.832692,-0.036709,-0.065258,-0.869762,-1.132948,-1.765705,1.348774,-0.052371,-0.004871
21.300000,-0.028957,0.076899,-0.058406,-0.605381,-1.400839,1.382255,-0.835497,-0.029706,-0.062253,-0.873066,-1.133692,-1.769413,1.368875,-0.053843,0.018229
21.333333,-0.012447,0.076285,-0.036787,-0.622729,-1.400839,1.365344,-0.840929,-0.036400,-0.052893,-0.869105,-1.160015,-1.762029,1.356821,-0.060475,0.028163
21.366667,0.001171,0.067794,-0.019010,-0.620533,-1.390000,1.313962,-0.834736,-0.024039,-0.032578,-0.887830,-1.152143,-1.742393,1.334772,-0.097741,0.025064
21.400000,0.001172,0.087408,-0.018795,-0.609592,-1.390000,1.302581,-0.826711,-0.022368,-0.030458,-0.868210,-1.123127,-1.759365,1.310640,-0.116050,0.048071
21.433333,0.017677,0.084815,0.002214,-0.629272,-1.390000,1.312886,-0.829243,-0.025516,-0.009597,-0.877104,-1.134111,-1.776338,1.306978,-0.094359,0.042342
21.466667,0.038467,0.076160,0.007698,-0.627301,-1.384113,1.325740,-0.840213,-0.028544,-0.008909,-0.885997,-1.141638,-1.761203,1.280455,-0.080824,0.023806
21.500000,0.044819,0.076794,0.002203,-0.645152,-1.384113,1.327455,-0.858612,-0.028444,0.002118,-0.883040,-1.123587,-1.762451,1.259609,-0.070784,0.042292
21.533333,0.034968,0.084657,0.004015,-0.648159,-1.404113,1.350857,-0.885811,-0.049743,-0.008000,-0.865813,-1.140129,-1.735953,1.275129,-0.053523,0.035179
21.566667,0.051692,0.078085,0.015811,-0.671022,-1.404113,1.345848,-0.904871,-0.036564,0.005254,-0.879076,-1.196672,-1.686163,1.313176,-0.034474,0.017074
21.600000,0.053447,0.084357,0.024530,-0.681292,-1.404113,1.340542,-0.901664,-0.020851,0.026007,-0.890829,-1.230214,-1.674357,1.320312,-0.051195,0.011314
21.633333,0.043487,0.073074,0.017013,-0.684909,-1.410000,1.333403,-0.905295,-0.023456,0.026934,-0.862582,-1.227214,-1.654660,1.310309,-0.061200,0.008100
21.666667,0.041217,0.074480,0.025826,-0.660999,-1.410000,1.350301,-0.885271,-0.021262,0.029604,-0.874336,-1.243600,-1.628763,1.326890,-0.068295,-0.032134
21.700000,0.060008,0.067580,0.021633,-0.654823,-1.408264,1.361093,-0.886271,-0.023537,0.013419,-0.903035,-1.259984,-1.640480,1.331136,-0.062098,-0.039631
21.733333,0.047629,0.055478,0.012696,-0.646803,-1.408264,1.380289,-0.892055,-0.039693,0.007044,-0.901246,-1.237315,-1.644889,1.305031,-0.059381,-0.042788
21.766667,0.044284,0.053435,-0.010059,-0.624543,-1.408264,1.411750,-0.892495,-0.042988,0.006741,-0.871138,-1.202439,-1.629273,1.293347,-0.060895,-0.038506
21.800000,0.036510,0.068986,-0.000311,-0.630586,-1.407540,1.436504,-0.873069,-0.035340,0.029594,-0.855138,-1.205904,-1.627936,1.281663,-0.060968,-0.018200
21.833333,0.031063,0.058860,-0.007416,-0.636721,-1.407540,1.429188,-0.885786,-0.031178,0.024433,-0.836364,-1.214705,-1.627782,1.274901,-0.059105,0.002105
21.866667,0.009086,0.049690,-0.024057,-0.619510,-1.409276,1.429056,-0.873366,-0.004593,0.027047,-0.791907,-1.183505,-1.616508,1.284107,-0.046103,0.022162
21.900000,0.008255,0.060157,-0.030784,-0.610951,-1.409276,1.414978,-0.865943,0.001395,0.012707,-0.778494,-1.191360,-1.626099,1.300153,-0.037352,0.023179
21.933333,-0.001364,0.056579,-0.022243,-0.625345,-1.409276,1.385324,-0.876975,-0.011198,-0.015439,-0.785400,-1.194422,-1.620305,1.292687,-0.016698,0.015428
21.966667,-0.008242,0.048643,-0.053703,-0.634975,-1.390000,1.380144,-0.900924,-0.002295,-0.029110,-0.818198,-1.199142,-1.612800,1.325221,0.003957,-0.001365
22.000000,0.001090,0.064163,-0.066172,-0.638576,-1.388872,1.388538,-0.893060,-0.011477,-0.028199,-0.813769,-1.181533,-1.621312,1.326293,0.012852,0.001300
22.033333,0.002712,0.078383,-0.057679,-0.659526,-1.388872,1.374165,-0.890915,-0.031233,-0.012962,-0.829370,-1.194711,-1.619931,1.296469,-0.009280,-0.014987
22.066667,-0.003938,0.088105,-0.065437,-0.645388,-1.388872,1.353747,-0.889142,-0.050990,-0.007554,-0.837806,-1.183416,-1.601850,1.277846,-0.026414,-0.021894
22.100000,-0.002355,0.096457,-0.060994,-0.644509,-1.388872,1.355249,-0.888168,-0.054936,0.005501,-0.843788,-1.190666,-1.621195,1.288858,-0.024395,-0.000654
22.133333,0.012308,0.095137,-0.031183,-0.638586,-1.406633,1.331279,-0.875369,-0.077979,0.001709,-0.824179,-1.170949,-1.630910,1.259870,-0.049955,-0.001962
22.166667,0.005769,0.108079,-0.018599,-0.642139,-1.407761,1.325806,-0.862242,-0.088688,0.007835,-0.825634,-1.149218,-1.633242,1.258341,-0.066622,0.009025
22.200000,-0.000326,0.106073,-0.008685,-0.652483,-1.407760,1.340606,-0.874690,-0.085377,0.000633,-0.815362,-1.134249,-1.658972,1.247707,-0.071482,0.030556
22.233333,0.019209,0.082964,-0.000728,-0.680790,-1.407760,1.361000,-0.882682,-0.073850,-0.008744,-0.821214,-1.143753,-1.680307,1.242178,-0.059321,0.035329
22.266667,0.026731,0.077067,-0.005846,-0.680461,-1.407284,1.356311,-0.869379,-0.052395,-0.004277,-0.825046,-1.155921,-1.672389,1.232701,-0.078217,0.013523
22.300000,0.039720,0.075618,-0.015281,-0.676997,-1.409524,1.375629,-0.868783,-0.046006,-0.015206,-0.833682,-1.155056,-1.695092,1.247251,-0.073969,0.023307
22.333333,0.043008,0.053908,-0.002123,-0.692098,-1.409524,1.369939,-0.882816,-0.028826,-0.012428,-0.839515,-1.193813,-1.685178,1.266702,-0.061622,0.003052
22.366667,0.070180,0.041695,0.000974,-0.700372,-1.409524,1.343977,-0.886960,-0.034064,-0.004864,-0.877044,-1.209605,-1.659735,1.326152,-0.066297,-0.034675
22.400000,0.057351,0.048927,0.002693,-0.701409,-1.409524,1.349564,-0.887924,-0.022467,0.008586,-0.874573,-1.214864,-1.650654,1.353946,-0.068770,-0.034358
22.433333,0.058753,0.048786,0.020445,-0.691082,-1.405862,1.380232,-0.888888,-0.040068,-0.001460,-0.863396,-1.198915,-1.657224,1.356052,-0.055375,-0.033266
22.466667,0.069105,0.055574,0.027548,-0.662565,-1.388300,1.412368,-0.855916,-0.023555,0.014569,-0.849587,-1.189694,-1.662236,1.343583,-0.063580,-0.032174
22.500000,0.084921,0.064914,0.034210,-0.632075,-1.388300,1.429510,-0.848315,-0.028286,-0.007610,-0.839234,-1.178127,-1.678469,1.310477,-0.065810,-0.023749
22.533333,0.060737,0.078250,0.028033,-0.602425,-1.388300,1.446653,-0.851735,-0.036133,-0.022084,-0.788882,-1.151976,-1.680970,1.273339,-0.054177,0.006352
22.566667,0.042051,0.092548,0.015529,-0.602048,-1.375767,1.453803,-0.868848,-0.035542,-0.012853,-0.778530,-1.136358,-1.677801,1.276200,-0.062718,0.024618
22.600000,0.042109,0.101404,0.006122,-0.624678,-1.379906,1.444557,-0.885961,-0.036888,0.002071,-0.784759,-1.152611,-1.688236,1.292710,-0.059569,0.036074
22.633333,0.017243,0.086379,-0.009909,-0.644406,-1.397467,1.395552,-0.921286,-0.039165,-0.012161,-0.799998,-1.163505,-1.666667,1.302525,-0.047134,0.028108
22.666667,0.017815,0.081792,-0.052553,-0.631532,-1.397467,1.386548,-0.916612,-0.028704,-0.003807,-0.796711,-1.176746,-1.673877,1.334897,-0.040250,0.025147
22.700000,0.024612,0.080116,-0.055198,-0.640505,-1.397467,1.398830,-0.905256,-0.018468,0.001052,-0.827746,-1.197961,-1.684888,1.334205,-0.032207,0.021849
22.733333,0.054982,0.064021,-0.045168,-0.610660,-1.405522,1.388659,-0.875342,-0.024239,-0.011491,-0.845389,-1.217154,-1.685346,1.294303,-0.030191,-0.002908
22.766667,0.045353,0.065616,-0.049268,-0.597809,-1.405522,1.394883,-0.856837,-0.025702,-0.008484,-0.860592,-1.223856,-1.655814,1.280753,-0.029870,0.003488
22.800000,0.055752,0.067434,-0.036982,-0.599864,-1.405522,1.411363,-0.860121,-0.033218,-0.007784,-0.854731,-1.230833,-1.663991,1.283095,-0.029926,0.003065
22.833333,0.057452,0.069944,-0.007786,-0.636721,-1.405522,1.402458,-0.866308,-0.046518,-0.003686,-0.875134,-1.216780,-1.667528,1.248357,-0.029541,0.013564
22.866667,0.052929,0.077935,-0.005875,-0.653806,-1.398595,1.393060,-0.842062,-0.035677,0.005390,-0.862439,-1.194753,-1.671843,1.232576,-0.041065,-0.004518
22.900000,0.034399,0.082358,-0.006505,-0.672319,-1.403073,1.418967,-0.836374,-0.035186,0.003973,-0.854842,-1.174748,-1.687415,1.248439,-0.032482,-0.001721
22.933333,0.036485,0.071971,0.003695,-0.689954,-1.403073,1.405252,-0.833089,-0.024244,-0.002443,-0.855081,-1.171318,-1.704444,1.251183,-0.023033,-0.002472
22.966667,0.033799,0.091445,-0.006269,-0.690288,-1.403073,1.381039,-0.819063,-0.035894,-0.001903,-0.886697,-1.166243,-1.704712,1.267593,-0.036456,0.004064
23.000000,0.007628,0.088619,-0.015179,-0.666888,-1.403073,1.382212,-0.822699,-0.035665,-0.012783,-0.888857,-1.172340,-1.689083,1.281083,-0.043232,-0.008110
23.033333,0.021457,0.079616,-0.013791,-0.646779,-1.409188,1.362591,-0.836053,-0.060964,-0.030626,-0.913925,-1.199401,-1.679836,1.292874,-0.047896,-0.015084
23.066667,0.035401,0.081242,-0.030699,-0.655369,-1.394667,1.330304,-0.833612,-0.058455,-0.020572,-0.931482,-1.218605,-1.680070,1.308509,-0.085711,-0.007686
23.100000,0.041970,0.080666,-0.042634,-0.628157,-1.394667,1.318343,-0.829466,-0.065368,-0.038572,-0.915712,-1.201854,-1.682630,1.297264,-0.110257,-0.011290
23.133333,0.047382,0.056847,-0.042439,-0.615863,-1.388480,1.340117,-0.818563,-0.071266,-0.042905,-0.887293,-1.193215,-1.686426,1.267113,-0.097590,-0.035852
23.166667,0.072486,0.046147,-0.040689,-0.624625,-1.373876,1.328164,-0.827096,-0.079551,-0.058267,-0.889947,-1.193320,-1.683162,1.246544,-0.104369,-0.040329
23.200000,0.066506,0.044671,-0.039394,-0.633870,-1.374688,1.336092,-0.831386,-0.065483,-0.049415,-0.876565,-1.195978,-1.692964,1.243684,-0.093697,-0.022654
23.233333,0.055187,0.052841,-0.012338,-0.617641,-1.389209,1.356687,-0.816826,-0.058143,-0.051668,-0.863150,-1.195864,-1.689613,1.231427,-0.060465,-0.019635
23.266667,0.070629,0.073178,0.012504,-0.638092,-1.388819,1.385121,-0.790162,-0.046480,-0.018616,-0.849734,-1.231547,-1.704644,1.259170,-0.063851,-0.010193
23.300000,0.069097,0.086674,0.031572,-0.646672,-1.395006,1.379819,-0.780993,-0.036489,-0.006188,-0.843564,-1.259119,-1.709691,1.273504,-0.070519,0.005664
23.333333,0.055610,0.092107,0.024153,-0.628230,-1.389609,1.379462,-0.757749,-0.012314,0.002972,-0.817077,-1.275476,-1.702931,1.301201,-0.067695,0.015334
23.366667,0.045784,0.111208,0.028868,-0.625785,-1.389609,1.398051,-0.729030,-0.023344,0.012131,-0.813872,-1.271464,-1.701406,1.331028,-0.064251,0.025108
23.400000,0.055784,0.096818,0.027589,-0.628210,-1.389609,1.379816,-0.734954,-0.036317,0.001403,-0.810924,-1.254409,-1.707742,1.333973,-0.062554,0.022615
23.433333,0.047893,0.085599,-0.000940,-0.610807,-1.390000,1.355607,-0.772209,-0.050648,-0.009325,-0.833621,-1.206897,-1.681904,1.308778,-0.039158,0.021875
23.466667,0.043231,0.087708,-0.027720,-0.606177,-1.390000,1.343069,-0.800094,-0.047029,-0.020053,-0.825819,-1.182873,-1.680318,1.295960,-0.046402,0.041874
23.500000,0.034872,0.087035,-0.017695,-0.613036,-1.410000,1.322330,-0.802055,-0.059948,-0.005960,-0.828321,-1.166746,-1.678137,1.280090,-0.043253,0.041711
23.533333,0.036034,0.074411,-0.027160,-0.579894,-1.410000,1.277386,-0.821074,-0.047555,-0.002202,-0.809765,-1.182219,-1.654354,1.228230,-0.044874,0.037222
23.566667,0.025243,0.067936,-0.031211,-0.574566,-1.410000,1.243274,-0.825382,-0.030468,0.022124,-0.806435,-1.194628,-1.624532,1.216371,-0.065139,0.050119
23.600000,0.018713,0.056350,-0.025060,-0.559232,-1.410000,1.209379,-0.811997,-0.030240,0.006449,-0.781374,-1.218118,-1.601267,1.208981,-0.072693,0.032514
23.633333,0.028460,0.046795,0.000137,-0.555519,-1.391557,1.186252,-0.784691,-0.038251,0.012441,-0.792686,-1.218120,-1.580330,1.197747,-0.058417,0.001079
23.666667,0.033725,0.055144,-0.010092,-0.553909,-1.370506,1.200110,-0.775136,-0.031039,0.019265,-0.806629,-1.222554,-1.574647,1.198285,-0.064233,-0.012905
23.700000,0.034766,0.049805,-0.003754,-0.564157,-1.369454,1.203090,-0.778319,-0.038125,0.009865,-0.810252,-1.213980,-1.550565,1.213299,-0.063195,-0.019380
23.733333,0.057084,0.049836,-0.016705,-0.546769,-1.369454,1.230036,-0.756214,-0.050193,-0.004338,-0.814229,-1.232144,-1.551157,1.228314,-0.049270,-0.036766
23.766667,0.064235,0.055381,-0.028887,-0.546548,-1.369454,1.234194,-0.750957,-0.049407,-0.010305,-0.814292,-1.237774,-1.545193,1.226998,-0.048655,-0.025111
23.800000,0.051749,0.062534,-0.034791,-0.542082,-1.387898,1.244200,-0.762581,-0.047652,-0.009399,-0.798351,-1.260990,-1.524572,1.240671,-0.053875,-0.016674
23.833333,0.046403,0.053317,-0.018303,-0.546160,-1.388949,1.216637,-0.786349,-0.047702,-0.016869,-0.784475,-1.259119,-1.495163,1.232191,-0.061336,0.010588
23.866667,0.045200,0.070359,-0.010183,-0.578379,-1.390000,1.190688,-0.782595,-0.045813,0.002220,-0.786171,-1.275508,-1.497804,1.245224,-0.068693,0.022444
23.900000,0.030495,0.077557,0.005038,-0.599718,-1.390000,1.166766,-0.808605,-0.052427,-0.001852,-0.768148,-1.255517,-1.488711,1.229040,-0.066298,0.022927
23.933333,0.024587,0.073955,0.018753,-0.613723,-1.390000,1.162843,-0.824129,-0.052198,0.005840,-0.770124,-1.251636,-1.499618,1.232856,-0.068385,0.013542
23.966667,0.026609,0.073388,0.019040,-0.620959,-1.390000,1.150635,-0.826062,-0.052369,0.004991,-0.771732,-1.250171,-1.506400,1.233151,-0.069757,0.013964
