time_sec,joint_pelvisYaw,joint_pelvisPitch,joint_pelvisRoll,joint_lShoulderPitch,joint_lShoulderRoll,joint_lShoulderYaw,joint_lElbow,joint_lWristRoll,joint_lWristPitch,joint_rShoulderPitch,joint_rShoulderRoll,joint_rShoulderYaw,joint_rElbow,joint_rWristRoll,joint_rWristPitch
0.000000,-0.021922,0.022102,0.000542,-0.270086,-1.410000,-0.034408,-0.044433,0.010415,-0.015710,-0.250186,-1.410000,-0.693926,0.803982,-0.002692,-0.011437
0.033333,-0.013932,0.016929,0.009604,-0.247820,-1.396325,-0.024188,-0.041584,0.024476,-0.010129,-0.268365,-1.404291,-0.760553,0.812036,-0.002688,-0.013927
0.066667,-0.021073,0.019528,0.004773,-0.246247,-1.396325,-0.014243,-0.042733,0.022660,-0.006939,-0.283993,-1.395469,-0.799070,0.842153,0.000959,-0.017422
0.100000,-0.020726,0.020476,0.001504,-0.243924,-1.390197,-0.006012,-0.041079,0.015658,-0.006769,-0.302584,-1.393686,-0.857587,0.878506,0.000152,-0.016102
0.133333,-0.027254,0.024272,-0.003198,-0.262947,-1.403872,-0.014154,-0.035884,0.005520,-0.005278,-0.325068,-1.396780,-0.915627,0.932792,-0.007914,-0.014935
0.166667,-0.046961,0.025650,-0.021562,-0.254351,-1.403872,0.001012,-0.030803,0.005907,-0.019424,-0.352928,-1.376855,-0.984514,0.987078,-0.000898,-0.021138
0.200000,-0.046124,0.028838,-0.025690,-0.261007,-1.394572,0.018187,-0.024021,0.006894,-0.020331,-0.399943,-1.371447,-1.083517,1.060215,0.006618,-0.011065
0.233333,-0.040847,0.025439,-0.019530,-0.259694,-1.394572,0.008997,-0.018292,0.006681,-0.022326,-0.441320,-1.370985,-1.182520,1.125580,0.002054,-0.010266
0.266667,-0.048750,0.025696,-0.025759,-0.240200,-1.400701,-0.017429,-0.009600,0.014305,-0.031113,-0.473112,-1.344710,-1.270267,1.192445,-0.006194,-0.009435
0.300000,-0.052084,0.034694,-0.026395,-0.237455,-1.400701,-0.014558,-0.010003,0.013735,-0.024264,-0.515563,-1.337921,-1.359011,1.272409,-0.002910,-0.000069
0.333333,-0.039241,0.033524,-0.011233,-0.247884,-1.400701,-0.032295,-0.011572,0.008352,-0.016068,-0.539472,-1.348672,-1.426870,1.321188,-0.005164,0.001263
0.366667,-0.035014,0.032073,-0.007121,-0.236401,-1.390000,-0.055451,0.005998,0.013565,-0.003871,-0.556693,-1.337396,-1.476783,1.342160,-0.020756,-0.008304
0.400000,-0.034464,0.044460,-0.007506,-0.238267,-1.390000,-0.052743,0.013033,0.009052,-0.001337,-0.555516,-1.313439,-1.525320,1.352781,-0.025676,0.003002
0.433333,-0.028292,0.043020,0.002109,-0.258512,-1.390000,-0.036359,0.010107,0.007147,0.009203,-0.570762,-1.328254,-1.545113,1.362070,-0.014933,-0.003460
0.466667,-0.021572,0.037713,0.004537,-0.257711,-1.386719,-0.034266,0.007510,0.009795,0.004382,-0.578725,-1.329049,-1.538378,1.335476,-0.011694,-0.010978
0.500000,-0.019766,0.038429,0.003907,-0.266714,-1.386719,-0.032205,0.000516,0.010174,0.008726,-0.570148,-1.316766,-1.537266,1.304413,-0.008905,0.000659
0.533333,-0.024422,0.039676,0.006408,-0.273791,-1.406719,-0.024841,-0.020779,0.002327,0.000542,-0.543498,-1.328441,-1.514099,1.269689,-0.002679,0.000071
0.566667,-0.017529,0.033981,0.010688,-0.280880,-1.406719,-0.031675,-0.028181,0.016437,0.005244,-0.523122,-1.361684,-1.452307,1.232999,-0.000240,-0.008591
0.600000,-0.016223,0.037164,0.016700,-0.290574,-1.406719,-0.031766,-0.024620,0.023626,0.013591,-0.489492,-1.374927,-1.390516,1.169906,-0.007029,-0.005891
0.633333,-0.019652,0.032189,0.016056,-0.296315,-1.410000,-0.035802,-0.031259,0.021367,0.013789,-0.426855,-1.378143,-1.315253,1.102696,-0.013302,-0.006563
0.666667,-0.019977,0.032347,0.017831,-0.284661,-1.409631,-0.019196,-0.018584,0.024248,0.014291,-0.397812,-1.400238,-1.215253,1.047791,-0.017761,-0.023918
0.700000,-0.012696,0.027733,0.015592,-0.279452,-1.409181,-0.016142,-0.016826,0.022963,0.002462,-0.382333,-1.405245,-1.134713,0.995424,-0.016923,-0.025813
0.733333,-0.019188,0.021959,0.012658,-0.273657,-1.409181,-0.009217,-0.025999,0.014115,-0.002290,-0.360095,-1.402703,-1.066609,0.937285,-0.013431,-0.026156
0.766667,-0.023423,0.022728,0.003303,-0.253066,-1.402908,0.005059,-0.023288,0.012239,-0.002467,-0.343786,-1.384969,-1.034769,0.913100,-0.018173,-0.024456
0.800000,-0.023998,0.031140,0.006855,-0.256014,-1.397447,0.014346,-0.009952,0.015571,0.007308,-0.356770,-1.386644,-1.042930,0.916235,-0.015879,-0.016309
0.833333,-0.028617,0.027225,0.004189,-0.258725,-1.397816,-0.001173,-0.017695,0.015917,0.002595,-0.365827,-1.385228,-1.086937,0.938553,-0.010419,-0.010504
0.866667,-0.040114,0.024764,-0.003989,-0.247546,-1.398266,-0.000770,-0.017979,0.023894,0.009399,-0.375112,-1.363105,-1.149479,0.986142,-0.002639,-0.001750
0.900000,-0.038327,0.032761,-0.004771,-0.244164,-1.398266,0.002739,-0.007467,0.024963,0.006585,-0.414535,-1.363525,-1.239586,1.059592,0.002447,0.000794
0.933333,-0.040004,0.029274,-0.001422,-0.253723,-1.404539,-0.011773,-0.014931,0.017609,-0.005921,-0.465723,-1.359135,-1.333428,1.130080,0.014232,-0.003642
0.966667,-0.042035,0.026624,-0.015764,-0.248548,-1.392324,-0.003835,-0.020334,0.025151,-0.011058,-0.527164,-1.354806,-1.426283,1.213248,0.023126,-0.010831
1.000000,-0.034233,0.032461,-0.016194,-0.250740,-1.386209,0.004062,-0.019103,0.021097,-0.006309,-0.563637,-1.337406,-1.523291,1.284772,0.026924,-0.003267
1.033333,-0.030455,0.038316,-0.009036,-0.258738,-1.386209,-0.007911,-0.010724,0.013190,-0.001279,-0.605939,-1.346668,-1.598742,1.331408,0.019522,-0.011218
1.066667,-0.036856,0.041236,-0.015108,-0.253455,-1.386209,-0.023417,-0.010893,0.008349,0.004815,-0.611862,-1.333999,-1.634193,1.338563,0.014692,-0.015678
1.100000,-0.033416,0.045061,-0.010865,-0.256044,-1.386209,-0.009723,-0.018938,0.006365,0.011425,-0.603691,-1.337355,-1.645804,1.331966,0.015987,-0.006633
1.133333,-0.031016,0.042100,0.002545,-0.259422,-1.397320,-0.032176,-0.022217,-0.007243,0.008777,-0.561976,-1.324803,-1.618403,1.285369,0.006255,-0.006858
1.166667,-0.034633,0.052467,0.004513,-0.260148,-1.399989,-0.029783,-0.025581,-0.010588,0.010142,-0.522273,-1.316847,-1.551001,1.214581,-0.004938,-0.005863
1.200000,-0.038212,0.052348,0.008216,-0.267768,-1.399989,-0.016384,-0.040943,-0.003449,0.009033,-0.458855,-1.320673,-1.467162,1.132340,-0.008020,0.003848
1.233333,-0.024307,0.039336,0.013102,-0.276534,-1.399989,-0.010984,-0.054015,-0.001988,-0.000694,-0.414922,-1.335465,-1.383322,1.049581,-0.006342,0.004021
1.266667,-0.019640,0.037950,0.005557,-0.273048,-1.399989,-0.027474,-0.039889,0.009948,0.002301,-0.369197,-1.354232,-1.283322,0.964083,-0.022454,-0.004418
1.300000,-0.014638,0.037024,0.001020,-0.269062,-1.406555,-0.018522,-0.041786,0.013018,-0.002130,-0.340462,-1.364217,-1.183322,0.890266,-0.024120,-0.002352
1.333333,-0.013569,0.022634,0.005735,-0.278346,-1.410000,-0.031419,-0.046110,0.019674,-0.001101,-0.326097,-1.391695,-1.104758,0.856449,-0.015491,-0.010849
1.366667,-0.000949,0.016898,0.004919,-0.287387,-1.410000,-0.050578,-0.041698,0.015453,0.001639,-0.351731,-1.397353,-1.066193,0.862633,-0.021730,-0.027900
1.400000,-0.010196,0.018966,0.003989,-0.291437,-1.410000,-0.049509,-0.032295,0.021133,0.007665,-0.386883,-1.397353,-1.067629,0.908816,-0.023099,-0.026202
1.433333,-0.011608,0.019048,0.011565,-0.285859,-1.406639,-0.027247,-0.030892,0.011603,0.003056,-0.428182,-1.378085,-1.109065,0.962900,-0.009817,-0.027508
1.466667,-0.002724,0.020856,0.015890,-0.267228,-1.393375,0.003934,-0.005336,0.018326,0.012284,-0.477008,-1.367103,-1.190501,1.029127,-0.013032,-0.019742
1.500000,0.003791,0.026090,0.018538,-0.250099,-1.393375,0.016965,0.010461,0.014641,0.004217,-0.538199,-1.355255,-1.290501,1.095355,-0.013537,-0.014954
1.533333,-0.012958,0.030712,0.007379,-0.233979,-1.393375,0.025253,0.014760,0.010256,-0.001019,-0.577562,-1.333716,-1.390501,1.160725,-0.003516,-0.001763
1.566667,-0.019201,0.041152,0.003467,-0.243511,-1.393375,0.029478,0.016314,0.008005,0.010205,-0.614907,-1.328799,-1.490501,1.225289,-0.004494,0.009843
1.600000,-0.016917,0.043414,0.004257,-0.258181,-1.396736,0.018305,0.022778,0.008438,0.018531,-0.645970,-1.348067,-1.589052,1.275873,-0.002648,0.017537
1.633333,-0.029949,0.037560,-0.003821,-0.270774,-1.410000,-0.017915,0.002457,0.006433,0.008157,-0.655923,-1.351071,-1.647603,1.302630,0.005992,0.008593
1.666667,-0.028541,0.037609,-0.021160,-0.268925,-1.409224,-0.016485,0.000418,0.015392,0.012915,-0.630501,-1.362919,-1.666155,1.299804,0.009571,0.008873
1.700000,-0.019149,0.038915,-0.007898,-0.277209,-1.409224,-0.001325,-0.004863,0.020183,0.013164,-0.586909,-1.384257,-1.644706,1.257836,0.013584,0.010636
1.733333,-0.011443,0.030193,-0.005041,-0.255711,-1.408624,-0.004260,-0.003875,0.021423,0.001174,-0.521977,-1.389174,-1.583257,1.176674,0.017098,-0.003021
1.766667,-0.015700,0.033563,-0.011313,-0.247224,-1.408624,0.008900,-0.021233,0.020526,-0.000551,-0.455357,-1.389174,-1.483257,1.100117,0.015917,-0.002785
1.800000,-0.013391,0.035765,-0.005540,-0.252515,-1.408624,0.016156,-0.030903,0.018795,-0.000509,-0.385994,-1.406421,-1.383257,1.023560,0.015247,-0.001795
1.833333,-0.016102,0.036172,0.005084,-0.265967,-1.406209,0.003179,-0.043837,0.010562,-0.000994,-0.340027,-1.406421,-1.283257,0.936587,0.014244,0.000330
1.866667,-0.024038,0.040431,0.002079,-0.268085,-1.402860,-0.003022,-0.036622,0.012063,0.004101,-0.307654,-1.404339,-1.183257,0.849613,0.007474,-0.008263
1.900000,-0.025325,0.041495,0.004176,-0.274223,-1.403460,0.010352,-0.043822,0.012448,0.002018,-0.291318,-1.404339,-1.083257,0.772399,0.006029,-0.007629
1.933333,-0.024102,0.035138,0.008376,-0.282507,-1.403460,-0.007977,-0.051418,0.017103,-0.001284,-0.282943,-1.404339,-0.983257,0.705981,0.010169,-0.006200
1.966667,-0.022518,0.042416,0.000731,-0.282653,-1.403460,-0.017229,-0.049802,0.014620,0.001101,-0.299249,-1.403480,-0.890329,0.675202,0.001408,-0.002788
2.000000,-0.030152,0.040706,-0.002959,-0.272965,-1.406651,-0.013624,-0.056328,0.015473,-0.003799,-0.303390,-1.403480,-0.829389,0.654872,-0.002428,-0.006137
2.033333,-0.016002,0.035722,-0.004412,-0.266194,-1.410000,-0.024583,-0.066730,0.008007,-0.011293,-0.330598,-1.409141,-0.808450,0.674543,-0.005542,-0.008452
2.066667,-0.010605,0.034942,-0.011317,-0.272804,-1.404622,-0.036902,-0.068066,0.008180,-0.003534,-0.368183,-1.409141,-0.827510,0.723976,-0.022730,-0.003188
2.100000,-0.008972,0.035442,-0.012997,-0.264582,-1.404622,-0.037519,-0.068312,0.006342,-0.010206,-0.393572,-1.407996,-0.886571,0.763377,-0.029400,-0.003535
2.133333,-0.007435,0.025620,-0.007247,-0.258166,-1.396261,-0.024110,-0.068736,0.001100,-0.012539,-0.426149,-1.395191,-0.978559,0.798298,-0.021314,-0.013826
2.166667,0.004715,0.022839,-0.005593,-0.265129,-1.389143,-0.028758,-0.075851,-0.005222,-0.018873,-0.474602,-1.395191,-1.078559,0.854102,-0.024684,-0.016641
2.200000,0.001544,0.021592,-0.002382,-0.268584,-1.389143,-0.022034,-0.080493,-0.000850,-0.016685,-0.507285,-1.395191,-1.178559,0.905079,-0.017465,-0.009946
2.233333,-0.003384,0.027629,0.008437,-0.255944,-1.391527,-0.002911,-0.076155,-0.000283,-0.021731,-0.528973,-1.395191,-1.274416,0.945804,0.000884,-0.010599
2.266667,0.012148,0.038955,0.017038,-0.265378,-1.379810,0.012766,-0.051074,0.004317,0.000099,-0.554994,-1.396336,-1.370274,1.012739,-0.002858,-0.007746
2.300000,0.011543,0.045247,0.024265,-0.271990,-1.388170,0.008470,-0.044666,0.007903,0.005270,-0.577123,-1.402624,-1.461492,1.076461,-0.004453,-0.001277
2.333333,0.000361,0.047516,0.014889,-0.262945,-1.389216,0.007896,-0.028498,0.020198,0.010373,-0.589004,-1.402624,-1.534933,1.144866,0.001264,0.003430
2.366667,-0.003990,0.057246,0.014418,-0.271416,-1.389216,0.030007,-0.015868,0.011782,0.018972,-0.608461,-1.402624,-1.596107,1.218098,0.002145,0.009279
2.400000,-0.001281,0.049618,0.012621,-0.278064,-1.392211,0.018904,-0.019109,0.008114,0.016391,-0.625068,-1.398794,-1.642369,1.262060,0.002834,0.007685
2.433333,-0.014298,0.042600,-0.000287,-0.268411,-1.403928,0.023753,-0.052252,0.002410,0.003805,-0.641535,-1.380657,-1.648631,1.266022,0.012901,0.005898
2.466667,-0.016357,0.043001,-0.010260,-0.272087,-1.403928,0.030292,-0.069707,0.005232,-0.000143,-0.623360,-1.376228,-1.629352,1.242038,0.008534,0.015336
2.500000,-0.015907,0.041619,0.001162,-0.280377,-1.410000,0.033475,-0.074453,-0.000235,0.003518,-0.593256,-1.376228,-1.587849,1.182038,0.007611,0.012333
2.533333,-0.013908,0.036220,-0.001735,-0.259290,-1.410000,0.017025,-0.088727,0.009712,0.000232,-0.537956,-1.376228,-1.518614,1.082038,0.005234,0.007427
2.566667,-0.015988,0.034281,-0.002410,-0.260305,-1.410000,0.017006,-0.095430,0.016397,0.009203,-0.473461,-1.380058,-1.428433,0.990375,-0.004522,0.011493
2.600000,-0.018445,0.028016,0.000755,-0.261779,-1.410000,0.001199,-0.089485,0.018078,0.000460,-0.396215,-1.398195,-1.338252,0.898712,-0.007823,0.005480
2.633333,-0.014502,0.024953,0.006689,-0.263537,-1.390463,-0.003542,-0.079146,0.014897,0.001482,-0.347630,-1.400211,-1.238252,0.812211,-0.003041,-0.008504
2.666667,-0.010995,0.029154,0.000899,-0.262796,-1.374517,0.019134,-0.085760,0.019675,0.005506,-0.312221,-1.400211,-1.138252,0.727331,-0.008777,-0.013311
2.700000,-0.009720,0.025781,0.000923,-0.272098,-1.374517,0.021443,-0.092442,0.019997,0.000963,-0.275308,-1.400211,-1.038252,0.642450,-0.008489,-0.015172
2.733333,-0.000442,0.024785,-0.008750,-0.260752,-1.374358,0.028379,-0.081496,0.018502,-0.005376,-0.267583,-1.400211,-0.938252,0.585176,-0.003744,-0.023637
2.766667,0.004169,0.027504,-0.017663,-0.255621,-1.374358,0.019211,-0.087304,0.018063,-0.005231,-0.257621,-1.400211,-0.838252,0.527902,-0.006297,-0.020099
2.800000,0.002338,0.030301,-0.020612,-0.247489,-1.393895,0.019712,-0.102009,0.020079,-0.006300,-0.247187,-1.408542,-0.738252,0.465465,-0.008019,-0.018063
2.833333,0.000720,0.025458,-0.015564,-0.246521,-1.395908,-0.004123,-0.117197,0.019248,-0.012615,-0.241236,-1.400674,-0.638252,0.401409,-0.010327,-0.006928
2.866667,0.004433,0.031643,-0.012582,-0.263714,-1.391252,-0.020366,-0.124250,0.018261,-0.004911,-0.253129,-1.400674,-0.538252,0.363936,-0.014258,-0.003067
2.900000,-0.000651,0.034486,-0.005130,-0.270000,-1.391411,-0.026614,-0.150836,0.013882,-0.009104,-0.247534,-1.396482,-0.438252,0.290520,-0.012999,-0.000338
2.933333,-0.002313,0.031610,0.003148,-0.272188,-1.391411,-0.013477,-0.163414,0.013641,-0.009988,-0.260434,-1.392290,-0.338252,0.229926,-0.012170,-0.003400
2.966667,-0.001727,0.025183,0.009005,-0.260415,-1.371411,-0.009327,-0.165903,0.024900,-0.011702,-0.257739,-1.370701,-0.271824,0.205689,-0.004873,-0.002704
3.000000,-0.001423,0.022428,0.013322,-0.254432,-1.376161,-0.005490,-0.171450,0.024821,-0.004901,-0.260229,-1.354993,-0.215528,0.210741,-0.008179,-0.002123
3.033333,-0.010737,0.012091,0.011758,-0.236412,-1.372131,0.002240,-0.176576,0.026447,-0.014143,-0.253596,-1.340063,-0.169177,0.203893,-0.007157,-0.004472
3.066667,-0.022807,0.010909,0.007990,-0.234469,-1.360560,-0.001509,-0.186117,0.026681,-0.009866,-0.249939,-1.311413,-0.154556,0.237045,-0.005908,-0.005620
3.100000,-0.026493,0.008469,0.005263,-0.222788,-1.339612,-0.010867,-0.215659,0.021832,-0.008982,-0.232467,-1.281756,-0.164939,0.283987,-0.005872,0.000060
3.133333,-0.033680,0.008999,0.000418,-0.220007,-1.351498,-0.035357,-0.263950,0.009923,-0.007598,-0.222546,-1.266592,-0.144703,0.318054,-0.017249,0.001231
3.166667,-0.049765,0.010290,-0.018151,-0.188966,-1.338180,-0.035769,-0.325295,0.009129,-0.020297,-0.199474,-1.231956,-0.140412,0.362832,-0.009509,-0.010381
3.200000,-0.048812,0.014544,-0.023684,-0.167036,-1.311169,-0.035664,-0.412198,0.008650,-0.018936,-0.174108,-1.192693,-0.156886,0.432926,-0.003221,-0.001399
3.233333,-0.044718,0.011677,-0.018425,-0.140060,-1.302601,-0.055896,-0.509673,0.008185,-0.020568,-0.147493,-1.167149,-0.146310,0.487611,-0.008163,0.000846
3.266667,-0.052539,0.012770,-0.024235,-0.103008,-1.312238,-0.088006,-0.607147,0.014760,-0.030138,-0.121386,-1.127120,-0.113767,0.531125,-0.021254,0.000646
3.300000,-0.055104,0.022548,-0.025719,-0.086816,-1.299346,-0.088041,-0.692664,0.015301,-0.022348,-0.108822,-1.111454,-0.118273,0.591156,-0.019774,0.008633
3.333333,-0.044352,0.022141,-0.011630,-0.092798,-1.303856,-0.108510,-0.744063,0.010576,-0.017537,-0.101043,-1.120706,-0.108958,0.611188,-0.023773,0.011713
3.366667,-0.038514,0.020136,-0.007497,-0.087985,-1.301563,-0.126232,-0.755461,0.017079,-0.006059,-0.110284,-1.125204,-0.093602,0.591219,-0.039537,0.003491
3.400000,-0.037399,0.032551,-0.007854,-0.101260,-1.303710,-0.118902,-0.726859,0.013126,-0.005062,-0.110272,-1.122286,-0.108114,0.546658,-0.046014,0.014400
3.433333,-0.030997,0.030833,0.001649,-0.138546,-1.299857,-0.098223,-0.658257,0.012474,0.006492,-0.135105,-1.154861,-0.122854,0.501869,-0.032518,0.008126
3.466667,-0.023743,0.025679,0.004309,-0.163296,-1.295964,-0.086253,-0.564138,0.015172,-0.000609,-0.166251,-1.177794,-0.125406,0.418614,-0.028462,0.002268
3.500000,-0.021205,0.024885,0.004282,-0.203080,-1.299116,-0.071712,-0.464138,0.017806,0.004266,-0.196119,-1.184565,-0.148132,0.336179,-0.026232,0.015347
3.533333,-0.027658,0.025673,0.008480,-0.237423,-1.311995,-0.051014,-0.364138,0.009404,-0.005181,-0.219006,-1.211685,-0.151858,0.270642,-0.018277,0.015078
3.566667,-0.020717,0.019782,0.013821,-0.265424,-1.308844,-0.036547,-0.285804,0.020529,0.002229,-0.251206,-1.268313,-0.145119,0.242995,-0.012572,0.006505
3.600000,-0.020700,0.022720,0.020552,-0.290320,-1.302591,-0.012143,-0.225105,0.025610,0.012107,-0.278082,-1.308853,-0.159726,0.215230,-0.020949,0.009724
3.633333,-0.024574,0.018063,0.021885,-0.304326,-1.295053,0.020970,-0.204407,0.021768,0.014340,-0.266918,-1.323543,-0.172728,0.204029,-0.026813,0.008113
3.666667,-0.024459,0.018829,0.025500,-0.321122,-1.277152,0.072519,-0.223708,0.022141,0.017002,-0.277622,-1.358874,-0.193301,0.232008,-0.028866,-0.009732
3.700000,-0.016067,0.016382,0.025016,-0.361814,-1.265773,0.143162,-0.283010,0.018674,0.007994,-0.309937,-1.381448,-0.248203,0.283090,-0.027925,-0.013469
3.733333,-0.022248,0.012761,0.023980,-0.419479,-1.255569,0.228959,-0.360646,0.011141,0.004441,-0.338652,-1.374193,-0.319022,0.336280,-0.026875,-0.014711
3.766667,-0.027002,0.015795,0.016733,-0.496052,-1.225640,0.328959,-0.460646,0.009146,0.004394,-0.381154,-1.343026,-0.405229,0.414379,-0.028128,-0.014455
3.800000,-0.026662,0.025657,0.022195,-0.596052,-1.200508,0.428959,-0.560646,0.010499,0.015674,-0.461697,-1.320890,-0.505229,0.514379,-0.023680,-0.004564
3.833333,-0.028256,0.024166,0.020609,-0.690539,-1.184706,0.528959,-0.660646,0.009440,0.012406,-0.542239,-1.289255,-0.605229,0.614379,-0.018655,0.002204
3.866667,-0.037416,0.022815,0.012196,-0.751386,-1.168756,0.628959,-0.760646,0.018482,0.018248,-0.604696,-1.230760,-0.705229,0.714379,-0.007157,0.013395
3.900000,-0.033694,0.030325,0.011908,-0.804634,-1.141304,0.728959,-0.860646,0.016801,0.013444,-0.646917,-1.177669,-0.805229,0.814379,0.001247,0.016665
3.933333,-0.033224,0.027033,0.015432,-0.833741,-1.130521,0.828959,-0.960646,0.009552,0.000532,-0.658468,-1.124579,-0.905229,0.914379,0.009771,0.014215
3.966667,-0.034669,0.024204,0.000957,-0.832504,-1.105963,0.928959,-1.060397,0.016945,-0.004199,-0.652093,-1.071983,-1.005229,1.014379,0.019128,0.004331
4.000000,-0.030215,0.029682,0.000307,-0.796781,-1.087752,1.028959,-1.123882,0.013597,0.000074,-0.605718,-0.999492,-1.093682,1.114379,0.023724,0.008299
4.033333,-0.026520,0.034157,0.008007,-0.754697,-1.090692,1.088959,-1.155103,0.005918,0.007743,-0.537586,-0.947192,-1.142136,1.214379,0.014190,-0.000310
4.066667,-0.033365,0.036014,0.001558,-0.680212,-1.104379,1.108959,-1.156775,0.001873,0.014938,-0.468990,-0.907110,-1.150589,1.302353,0.006439,-0.006362
4.100000,-0.030578,0.038486,0.003835,-0.592144,-1.131920,1.088959,-1.129295,-0.000625,0.022618,-0.408354,-0.894730,-1.119043,1.374622,0.009656,-0.001170
4.133333,-0.028355,0.034457,0.013848,-0.518576,-1.159461,1.028959,-1.086108,-0.012675,0.020572,-0.365645,-0.890841,-1.047496,1.427249,-0.000903,-0.000781
4.166667,-0.028611,0.044818,0.012920,-0.469766,-1.165622,0.952955,-1.050107,-0.014842,0.022220,-0.362935,-0.900775,-0.947496,1.465535,-0.011351,0.001950
4.200000,-0.032856,0.044677,0.015232,-0.452638,-1.156354,0.914516,-1.040812,-0.007586,0.020197,-0.400225,-0.917156,-0.870607,1.487733,-0.016960,0.008772
4.233333,-0.020069,0.033489,0.019208,-0.458656,-1.146164,0.894628,-1.042533,-0.006342,0.011866,-0.477516,-0.943279,-0.833718,1.501577,-0.013287,0.010993
4.266667,-0.014013,0.032589,0.014369,-0.491650,-1.120179,0.914740,-1.038569,0.004555,0.015757,-0.577515,-0.953816,-0.836828,1.520432,-0.029387,0.005496
4.300000,-0.008969,0.032640,0.013393,-0.540487,-1.120018,0.974852,-1.050562,0.007401,0.011566,-0.677516,-0.941827,-0.879939,1.528340,-0.029759,0.008945
4.333333,-0.008434,0.017951,0.022215,-0.604566,-1.120348,1.050968,-1.091636,0.011783,0.015274,-0.769870,-0.953950,-0.963050,1.540238,-0.018372,0.001362
4.366667,0.003079,0.013617,0.022642,-0.676962,-1.113467,1.129519,-1.138266,0.008021,0.017750,-0.854755,-0.951206,-1.063050,1.549164,-0.020258,-0.011912
4.400000,-0.005175,0.016050,0.022703,-0.766213,-1.110667,1.229519,-1.203430,0.014696,0.024395,-0.914955,-0.943075,-1.163050,1.556998,-0.020541,-0.008444
4.433333,-0.007628,0.016186,0.029191,-0.844203,-1.100799,1.329519,-1.272391,0.007530,0.019585,-0.949996,-0.925543,-1.263050,1.542068,-0.005585,-0.010365
4.466667,0.001700,0.019008,0.032761,-0.895480,-1.074126,1.429519,-1.319712,0.013961,0.028653,-0.964329,-0.927943,-1.363050,1.532005,-0.006782,-0.001697
4.500000,0.008104,0.024941,0.033560,-0.946757,-1.069902,1.518539,-1.366374,0.013339,0.017808,-0.964014,-0.917900,-1.463050,1.520196,-0.009252,0.005686
4.533333,-0.004633,0.029805,0.023165,-0.984718,-1.082200,1.585646,-1.403331,0.007667,0.013556,-0.947209,-0.899543,-1.553119,1.514994,-0.002226,0.017406
4.566667,-0.010938,0.039751,0.020418,-1.022679,-1.066952,1.643309,-1.431028,0.005799,0.023874,-0.946392,-0.887460,-1.625976,1.516466,-0.002472,0.027712
4.600000,-0.007631,0.043010,0.020768,-1.051882,-1.069394,1.675523,-1.449765,0.004055,0.029879,-0.950033,-0.901995,-1.681703,1.531396,-0.000875,0.039478
4.633333,-0.020663,0.036697,0.014137,-1.074694,-1.081530,1.677085,-1.477169,0.002055,0.020264,-0.954650,-0.901258,-1.702388,1.544483,0.006483,0.029449
4.666667,-0.020542,0.036269,-0.001620,-1.072763,-1.071860,1.686345,-1.473202,0.008179,0.027482,-0.956837,-0.908917,-1.715866,1.557232,0.009695,0.030352
4.700000,-0.013192,0.037344,0.011858,-1.075832,-1.057713,1.693551,-1.468752,0.011809,0.027277,-0.969026,-0.923026,-1.724818,1.562113,0.018764,0.033444
4.733333,-0.002355,0.029101,0.014750,-1.048614,-1.057201,1.681841,-1.454146,0.010564,0.016535,-0.973370,-0.924666,-1.723473,1.550400,0.020353,0.020708
4.766667,-0.007663,0.031851,0.009811,-1.031067,-1.068280,1.686372,-1.445737,0.009114,0.017304,-0.974148,-0.911282,-1.706646,1.550400,0.020880,0.018916
4.800000,-0.007092,0.033810,0.014915,-1.030162,-1.069629,1.697644,-1.450301,0.004394,0.017699,-0.971438,-0.905636,-1.721543,1.555406,0.020123,0.022087
4.833333,-0.007798,0.034352,0.026941,-1.034060,-1.065413,1.683730,-1.452897,-0.006550,0.016330,-0.972437,-0.883254,-1.716416,1.542125,0.018540,0.023210
4.866667,-0.015283,0.038292,0.024508,-1.022135,-1.051063,1.675516,-1.434551,-0.002855,0.025214,-0.947395,-0.851135,-1.694455,1.528636,0.010022,0.013809
4.900000,-0.019115,0.038816,0.027664,-1.011251,-1.051288,1.689186,-1.428907,-0.002395,0.022972,-0.898894,-0.818650,-1.660002,1.529499,0.009162,0.012738
4.933333,-0.016880,0.032799,0.033719,-0.999161,-1.022665,1.672062,-1.434651,0.003038,0.022731,-0.834661,-0.793912,-1.618162,1.514781,0.011960,0.010731
4.966667,-0.016049,0.040391,0.025908,-0.967680,-1.003677,1.646176,-1.424225,0.002811,0.026965,-0.753647,-0.756778,-1.539640,1.503191,0.002650,0.012825
5.000000,-0.026143,0.038075,0.021343,-0.921279,-0.988386,1.627819,-1.428801,0.006254,0.022960,-0.653647,-0.725777,-1.448349,1.484644,-0.000166,0.008183
5.033333,-0.013265,0.033763,0.018568,-0.871133,-0.967133,1.587731,-1.438724,-0.001930,0.012119,-0.553647,-0.719476,-1.348349,1.473248,-0.006584,0.005224
5.066667,-0.007923,0.034313,0.010929,-0.821769,-0.927976,1.519793,-1.433936,0.000147,0.020864,-0.473461,-0.727479,-1.248349,1.461727,-0.023552,0.010237
5.100000,-0.007138,0.034996,0.007072,-0.759749,-0.920723,1.457938,-1.423114,-0.000926,0.011692,-0.404868,-0.724275,-1.148349,1.437022,-0.030326,0.012234
5.133333,-0.004031,0.025384,0.012288,-0.706110,-0.901237,1.407400,-1.400850,-0.005904,0.007314,-0.376274,-0.738288,-1.086469,1.412219,-0.022586,0.001100
5.166667,0.008175,0.022702,0.013320,-0.687330,-0.894023,1.372106,-1.390792,-0.011245,0.000956,-0.387681,-0.763908,-1.064588,1.418686,-0.025363,-0.003942
5.200000,0.005531,0.021238,0.016838,-0.682892,-0.909404,1.363360,-1.378073,-0.007956,0.002401,-0.439087,-0.788883,-1.082708,1.431818,-0.016588,0.002866
5.233333,0.001071,0.026588,0.027242,-0.685865,-0.930632,1.388943,-1.355616,-0.007351,-0.005590,-0.510680,-0.803840,-1.140828,1.441702,0.002859,0.002175
5.266667,0.016503,0.037181,0.036026,-0.723797,-0.925325,1.448442,-1.327129,-0.002911,0.016463,-0.610680,-0.847949,-1.238947,1.481125,-0.001034,0.005873
5.300000,0.017429,0.044228,0.044507,-0.782016,-0.953634,1.519675,-1.326256,0.002531,0.022005,-0.707897,-0.878236,-1.338947,1.511071,-0.000874,0.013384
5.333333,0.007344,0.048062,0.035962,-0.816862,-0.959488,1.582312,-1.325045,0.013476,0.026659,-0.781756,-0.898879,-1.438947,1.536433,0.003141,0.020950
5.366667,0.003686,0.058241,0.036026,-0.863043,-0.965423,1.653125,-1.317923,0.007490,0.038043,-0.839857,-0.916747,-1.538947,1.548505,0.004058,0.026352
5.400000,0.006312,0.050453,0.034469,-0.904678,-0.984809,1.701125,-1.339590,0.003895,0.034893,-0.876637,-0.920679,-1.636258,1.556448,0.005643,0.026750
5.433333,-0.007075,0.043898,0.022297,-0.920690,-1.008922,1.726274,-1.372152,-0.002781,0.020507,-0.893903,-0.896847,-1.695185,1.546333,0.017621,0.022664
5.466667,-0.009881,0.043851,0.011507,-0.933689,-1.012058,1.745928,-1.401275,-0.001877,0.015868,-0.886144,-0.885971,-1.754113,1.548362,0.014140,0.031618
5.500000,-0.008104,0.041822,0.022247,-0.949291,-1.031534,1.757851,-1.408176,-0.005134,0.019562,-0.887456,-0.878527,-1.790623,1.543053,0.014514,0.029848
5.533333,-0.006524,0.035873,0.020494,-0.932746,-1.046425,1.750968,-1.427927,0.002348,0.013419,-0.880593,-0.874914,-1.808951,1.526607,0.013598,0.025026
5.566667,-0.009203,0.034100,0.019834,-0.934329,-1.059534,1.750414,-1.433144,0.009139,0.023841,-0.877509,-0.868812,-1.804473,1.531151,0.004279,0.027720
5.600000,-0.010741,0.028603,0.024092,-0.938297,-1.057335,1.750139,-1.439510,0.009556,0.015582,-0.869643,-0.867153,-1.814634,1.533539,-0.000000,0.023184
5.633333,-0.005941,0.024975,0.031528,-0.940237,-1.036113,1.742247,-1.424172,0.005975,0.015429,-0.879990,-0.853890,-1.810897,1.528083,0.006872,0.008886
5.666667,-0.003715,0.029152,0.027324,-0.939350,-1.016512,1.756376,-1.416753,0.007811,0.019086,-0.882641,-0.847972,-1.805610,1.524607,0.003808,0.001954
5.700000,-0.003685,0.025102,0.028525,-0.952716,-1.006063,1.756651,-1.418886,0.005918,0.017490,-0.871724,-0.828093,-1.792491,1.532233,0.004178,0.000164
5.733333,0.005865,0.023459,0.021119,-0.943555,-0.980924,1.758916,-1.399328,0.002816,0.013698,-0.878351,-0.836865,-1.786438,1.532233,0.008852,-0.006779
5.766667,0.007365,0.025213,0.012323,-0.947047,-0.991823,1.751429,-1.401454,0.001734,0.014825,-0.869273,-0.829824,-1.780085,1.535483,0.007262,-0.003640
5.800000,0.003113,0.028135,0.010275,-0.945343,-1.014924,1.748235,-1.408063,0.002577,0.016698,-0.834697,-0.832951,-1.749058,1.541142,0.002714,0.000202
5.833333,-0.000321,0.022270,0.015240,-0.952142,-1.016989,1.721089,-1.421626,0.001188,0.011067,-0.796798,-0.813858,-1.703103,1.541729,0.001606,0.011906
5.866667,0.004823,0.028644,0.016525,-0.976451,-1.015142,1.692941,-1.421400,0.002497,0.018316,-0.756400,-0.823447,-1.643163,1.550547,-0.002097,0.016970
5.900000,-0.001827,0.030814,0.020167,-1.009734,-1.040164,1.660542,-1.451434,0.001299,0.012336,-0.684178,-0.827277,-1.561652,1.550547,-0.001013,0.018828
5.933333,-0.002130,0.027081,0.025407,-1.033603,-1.062776,1.640469,-1.462221,0.005416,0.011686,-0.631956,-0.850239,-1.464186,1.555025,-0.001172,0.016568
5.966667,0.004123,0.020786,0.027720,-1.034894,-1.073185,1.598837,-1.462974,0.012037,0.006108,-0.614751,-0.898286,-1.405294,1.541801,0.004125,0.012660
6.000000,0.013902,0.019702,0.028253,-1.011279,-1.094496,1.541157,-1.470359,0.010287,0.011499,-0.610260,-0.955446,-1.385293,1.542684,-0.000651,0.008910
6.033333,0.009729,0.011558,0.024221,-0.950259,-1.103349,1.488519,-1.487894,0.005518,0.000014,-0.620305,-0.998729,-1.386007,1.537231,0.001886,0.004010
6.066667,0.002851,0.013225,0.020642,-0.880852,-1.090359,1.436555,-1.490896,-0.001057,0.001758,-0.646195,-1.014046,-1.410097,1.537231,0.004011,0.002643
6.100000,0.002734,0.013541,0.017736,-0.802914,-1.045419,1.372181,-1.492830,-0.012687,-0.000335,-0.652085,-1.038240,-1.441259,1.527591,0.001586,0.005249
6.133333,-0.003266,0.015709,0.012769,-0.745422,-1.031660,1.317512,-1.511183,-0.021807,0.000190,-0.634865,-1.041478,-1.435091,1.539836,-0.006410,0.008071
6.166667,-0.023192,0.017818,-0.006425,-0.687931,-1.008881,1.264930,-1.508243,-0.021777,-0.014911,-0.590236,-1.021794,-1.388923,1.534708,-0.003220,-0.000291
6.200000,-0.022310,0.020959,-0.012924,-0.630439,-0.964660,1.206244,-1.506225,-0.019863,-0.018080,-0.531070,-1.014085,-1.322042,1.522139,0.001993,0.010144
6.233333,-0.017734,0.018079,-0.008994,-0.562355,-0.931367,1.125627,-1.512924,-0.019011,-0.022025,-0.447883,-1.017865,-1.231784,1.499938,-0.005664,0.008985
6.266667,-0.022708,0.019116,-0.016275,-0.482801,-0.902229,1.037419,-1.515506,-0.012292,-0.030528,-0.364696,-0.992767,-1.134455,1.478040,-0.017485,0.008977
6.300000,-0.026154,0.028006,-0.018897,-0.382801,-0.841908,0.939507,-1.507961,-0.011894,-0.022030,-0.265479,-0.988626,-1.034455,1.474257,-0.016233,0.015814
6.333333,-0.013859,0.027314,-0.004598,-0.282801,-0.790018,0.839507,-1.511176,-0.016993,-0.014803,-0.178453,-1.000650,-0.934455,1.457143,-0.018744,0.018057
6.366667,-0.007440,0.026240,-0.000522,-0.182801,-0.738128,0.739507,-1.492650,-0.010854,-0.002561,-0.111324,-0.985669,-0.834455,1.433608,-0.035233,0.006334
6.400000,-0.005497,0.039024,-0.002278,-0.102681,-0.696542,0.639507,-1.488279,-0.016181,0.000402,-0.052081,-0.953858,-0.734455,1.421767,-0.041434,0.015268
6.433333,-0.000955,0.037313,0.005639,-0.042742,-0.661148,0.539507,-1.491580,-0.017116,0.009228,-0.021837,-0.962046,-0.634455,1.426826,-0.030031,0.007308
6.466667,0.005634,0.032218,0.007467,0.002257,-0.641339,0.439507,-1.499018,-0.015827,0.002195,-0.025759,-0.956052,-0.534455,1.408209,-0.028622,-0.001232
6.500000,0.008623,0.032366,0.005010,0.020681,-0.641962,0.339507,-1.511474,-0.014675,0.006503,-0.023599,-0.936601,-0.434455,1.408274,-0.024353,0.010819
6.533333,0.003123,0.033171,0.006871,0.026905,-0.659375,0.239507,-1.527162,-0.023095,-0.001769,-0.014770,-0.946057,-0.334455,1.424636,-0.016465,0.010205
6.566667,0.010439,0.026885,0.011855,0.029806,-0.660608,0.139507,-1.520615,-0.011332,0.004380,-0.024278,-0.988173,-0.234455,1.447794,-0.011501,0.003398
6.600000,0.012534,0.029949,0.018539,0.031914,-0.667308,0.046181,-1.498609,-0.006251,0.015548,-0.031282,-1.011458,-0.142474,1.461554,-0.018481,0.006495
6.633333,0.009631,0.025703,0.019159,0.028569,-0.680662,-0.009361,-1.456868,-0.008138,0.016352,-0.005344,-1.018544,-0.067798,1.458989,-0.022657,0.006869
6.666667,0.008247,0.025155,0.022688,0.015904,-0.703273,-0.024904,-1.395667,-0.006400,0.015541,-0.013298,-1.061042,-0.033122,1.458786,-0.026818,-0.010549
6.700000,0.014359,0.022012,0.021544,-0.013525,-0.733853,-0.000447,-1.367645,-0.006931,0.005558,-0.048024,-1.092054,-0.038447,1.444543,-0.026450,-0.010155
6.733333,0.006483,0.016549,0.019860,-0.046641,-0.772319,0.064011,-1.361093,-0.014481,-0.001410,-0.096526,-1.097260,-0.083771,1.405541,-0.023124,-0.010117
6.766667,0.000864,0.017938,0.012414,-0.059649,-0.797254,0.161794,-1.347871,-0.015585,-0.004308,-0.158535,-1.089398,-0.161077,1.364447,-0.026589,-0.007482
6.800000,-0.001457,0.026108,0.017428,-0.085506,-0.820432,0.261303,-1.363547,-0.013042,0.005263,-0.258535,-1.109097,-0.261077,1.340000,-0.024583,0.001280
6.833333,-0.004185,0.023713,0.016304,-0.083479,-0.834227,0.331142,-1.393189,-0.011298,0.000960,-0.353861,-1.113728,-0.361077,1.321557,-0.020296,0.008060
6.866667,-0.015561,0.021472,0.008949,-0.058347,-0.843855,0.367973,-1.386448,-0.003182,0.004693,-0.422985,-1.089845,-0.461077,1.319775,-0.012146,0.016036
6.900000,-0.014552,0.030594,0.009137,-0.029284,-0.846386,0.364804,-1.340471,-0.001655,0.002943,-0.489657,-1.098176,-0.561077,1.340752,-0.006753,0.019010
6.933333,-0.015557,0.025557,0.012428,-0.028724,-0.854516,0.321635,-1.294135,-0.007942,-0.010845,-0.553827,-1.108150,-0.661077,1.363378,0.005608,0.013593
6.966667,-0.015969,0.022208,-0.002396,-0.029446,-0.842164,0.253321,-1.218901,0.001449,-0.018106,-0.613791,-1.120945,-0.761077,1.409358,0.015125,0.007866
7.000000,-0.012568,0.026277,-0.003379,-0.053556,-0.826977,0.185149,-1.122518,-0.000563,-0.014036,-0.639014,-1.123385,-0.861077,1.442220,0.019806,0.014069
7.033333,-0.009955,0.029342,0.003955,-0.086552,-0.825822,0.109984,-1.022518,-0.007603,-0.008932,-0.675212,-1.152965,-0.961077,1.457929,0.013765,0.006112
7.066667,-0.016890,0.029022,-0.003057,-0.117819,-0.824855,0.056241,-0.922518,-0.012946,-0.005460,-0.691028,-1.160925,-1.061077,1.466891,0.008538,0.000393
7.100000,-0.015997,0.032186,-0.000144,-0.151805,-0.842925,0.042498,-0.822518,-0.014666,0.001122,-0.690691,-1.176233,-1.161077,1.479758,0.010145,0.007859
7.133333,-0.015037,0.028619,0.012518,-0.175542,-0.860995,0.019958,-0.722518,-0.028910,-0.001829,-0.670177,-1.169274,-1.261077,1.458359,0.000535,0.005832
7.166667,-0.017206,0.038669,0.013901,-0.184419,-0.867712,0.026948,-0.622518,-0.035460,-0.001452,-0.662672,-1.158738,-1.344120,1.438041,-0.009989,0.005425
7.200000,-0.021995,0.039062,0.017330,-0.190942,-0.853760,0.045225,-0.541767,-0.030128,-0.002263,-0.633954,-1.153130,-1.408222,1.414778,-0.012730,0.013831
7.233333,-0.007936,0.027297,0.022554,-0.193164,-0.839459,0.055132,-0.497650,-0.030060,-0.010107,-0.608271,-1.166332,-1.432324,1.377849,-0.008778,0.013490
7.266667,-0.001608,0.027249,0.016078,-0.169934,-0.801290,0.043774,-0.478174,-0.019242,-0.006808,-0.561242,-1.189910,-1.416426,1.327827,-0.024940,0.006161
7.300000,0.003854,0.027605,0.011422,-0.143025,-0.788529,0.058397,-0.498698,-0.017038,-0.010943,-0.504155,-1.202342,-1.360528,1.272072,-0.025969,0.007814
7.333333,0.005120,0.014145,0.016505,-0.127890,-0.774934,0.049585,-0.559222,-0.011184,-0.008771,-0.447926,-1.245655,-1.281587,1.205709,-0.019571,-0.000646
7.366667,0.019161,0.010688,0.015433,-0.119944,-0.764502,0.037086,-0.640498,-0.014236,-0.006649,-0.420873,-1.269801,-1.181587,1.167090,-0.027802,-0.017037
7.400000,0.011363,0.014581,0.013231,-0.106715,-0.753413,0.038917,-0.715193,-0.007256,-0.002510,-0.378892,-1.291133,-1.092705,1.116575,-0.032088,-0.016219
7.433333,0.008678,0.015698,0.019657,-0.095748,-0.743255,0.061669,-0.765248,-0.015126,-0.007368,-0.355748,-1.284995,-1.027566,1.057525,-0.020113,-0.017080
7.466667,0.017259,0.018857,0.023873,-0.078986,-0.722335,0.089874,-0.775303,-0.007548,0.001570,-0.349068,-1.290540,-0.986940,1.008408,-0.023484,-0.008586
7.500000,0.023997,0.024252,0.025595,-0.073910,-0.725822,0.101514,-0.745358,-0.008141,-0.008332,-0.344466,-1.284249,-0.965310,0.973515,-0.024400,-0.001447
7.533333,0.007542,0.027222,0.014294,-0.071428,-0.749207,0.105554,-0.680053,-0.012035,-0.013399,-0.322188,-1.271183,-0.963892,0.934730,-0.014137,0.010927
7.566667,0.001157,0.037255,0.010692,-0.096054,-0.762993,0.116715,-0.624693,-0.013401,-0.001550,-0.328187,-1.261224,-0.978905,0.935945,-0.014325,0.023706
7.600000,0.006115,0.038792,0.011384,-0.114659,-0.808236,0.128220,-0.609333,-0.012745,0.006089,-0.341134,-1.272261,-1.004494,0.954653,-0.012695,0.032119
7.633333,-0.005101,0.032305,0.003211,-0.136472,-0.860688,0.142724,-0.633973,-0.014646,-0.003900,-0.348901,-1.269250,-1.005569,0.971235,-0.005802,0.023998
7.666667,-0.002971,0.033386,-0.012939,-0.158284,-0.884729,0.197227,-0.698614,-0.008841,0.001757,-0.347693,-1.275901,-0.991665,0.995818,-0.002687,0.022051
7.700000,0.007065,0.035043,0.000092,-0.197922,-0.895486,0.291730,-0.798613,-0.005729,0.002840,-0.351176,-1.290766,-0.965197,0.989727,0.001265,0.024349
7.733333,0.017622,0.025275,0.003686,-0.238809,-0.907186,0.391730,-0.898614,-0.005767,-0.008581,-0.341848,-1.296582,-0.916560,0.943635,0.002900,0.011751
7.766667,0.013080,0.028601,-0.002060,-0.316815,-0.917654,0.491730,-0.998614,-0.008004,-0.008901,-0.331990,-1.297085,-0.845205,0.920051,0.003388,0.011483
7.800000,0.014199,0.029783,0.004283,-0.416815,-0.919839,0.591730,-1.098614,-0.010252,-0.007572,-0.323885,-1.311125,-0.806742,0.895991,0.003260,0.013554
7.833333,0.013067,0.029269,0.015833,-0.516815,-0.924077,0.691730,-1.198614,-0.019475,-0.007176,-0.348225,-1.299794,-0.804263,0.883323,0.005473,0.018108
7.866667,0.004691,0.032998,0.013717,-0.616815,-0.919716,0.791730,-1.284672,-0.017593,0.000033,-0.392814,-1.274125,-0.834135,0.910656,-0.000992,0.011514
7.900000,0.001838,0.033792,0.017421,-0.689359,-0.929890,0.891730,-1.365018,-0.017403,-0.001065,-0.456664,-1.237592,-0.898627,0.977989,0.000383,0.014892
7.933333,0.002748,0.026621,0.024588,-0.721902,-0.914355,0.991730,-1.423580,-0.014370,-0.001925,-0.526857,-1.206558,-0.991521,1.045321,0.003924,0.017859
7.966667,0.003465,0.032591,0.018584,-0.714445,-0.906974,1.051730,-1.467987,-0.020611,0.000435,-0.601066,-1.162290,-1.091521,1.145321,-0.002480,0.021027
8.000000,-0.005254,0.030134,0.016149,-0.666988,-0.902479,1.071730,-1.487029,-0.017363,-0.002344,-0.635275,-1.134609,-1.191521,1.220020,-0.006592,0.017573
8.033333,0.009678,0.025628,0.015668,-0.579531,-0.896131,1.051730,-1.494806,-0.026300,-0.010236,-0.654763,-1.131049,-1.276957,1.282696,-0.008554,0.014701
8.066667,0.014450,0.025311,0.008567,-0.483968,-0.873418,0.991730,-1.490884,-0.025475,-0.001843,-0.655291,-1.142457,-1.336253,1.329728,-0.025219,0.017357
8.100000,0.015391,0.026802,0.005497,-0.398714,-0.877645,0.891730,-1.479254,-0.026076,-0.009917,-0.627000,-1.140926,-1.379031,1.336759,-0.030529,0.016628
8.133333,0.018410,0.019650,0.009633,-0.328934,-0.867273,0.813614,-1.453858,-0.027765,-0.012790,-0.602832,-1.144765,-1.392581,1.320218,-0.023012,0.004811
8.166667,0.030425,0.017685,0.008926,-0.286606,-0.862653,0.749403,-1.446904,-0.032943,-0.020847,-0.593160,-1.155969,-1.377058,1.300327,-0.026807,0.002043
8.200000,0.026971,0.017113,0.011193,-0.260679,-0.876158,0.699046,-1.436918,-0.027931,-0.020782,-0.574357,-1.165165,-1.356932,1.278168,-0.020628,0.008652
8.233333,0.023067,0.022932,0.020766,-0.240505,-0.894371,0.688690,-1.406518,-0.027998,-0.028326,-0.548783,-1.164001,-1.326963,1.247195,-0.003496,0.006845
8.266667,0.038728,0.033663,0.027901,-0.238760,-0.887258,0.684739,-1.365607,-0.023685,-0.007890,-0.520432,-1.194540,-1.277128,1.238344,-0.009096,0.009076
8.300000,0.037751,0.038984,0.034677,-0.236224,-0.913017,0.664818,-1.352619,-0.018431,-0.002467,-0.484504,-1.215185,-1.226644,1.213065,-0.013220,0.015853
8.333333,0.029259,0.041906,0.024944,-0.216013,-0.922395,0.649297,-1.332741,-0.008088,0.002020,-0.446872,-1.224177,-1.178879,1.208354,-0.008180,0.020990
8.366667,0.025483,0.051325,0.024045,-0.212750,-0.940360,0.643759,-1.301101,-0.014637,0.011961,-0.406408,-1.227455,-1.113323,1.214171,-0.007818,0.024574
8.400000,0.026984,0.043869,0.021634,-0.206894,-0.976207,0.600573,-1.283587,-0.015834,0.009430,-0.361635,-1.223098,-1.043979,1.204446,-0.007306,0.022873
8.433333,0.014071,0.036917,0.008584,-0.189977,-1.020195,0.571526,-1.271731,-0.019748,-0.003155,-0.337047,-1.184781,-0.971020,1.180305,0.003174,0.019779
8.466667,0.011004,0.037234,-0.002151,-0.177697,-1.048876,0.540529,-1.241305,-0.016977,-0.007901,-0.293302,-1.165431,-0.911266,1.175133,0.000975,0.029089
8.500000,0.009132,0.034808,0.009307,-0.169921,-1.098438,0.495897,-1.184691,-0.021943,-0.003302,-0.257081,-1.152985,-0.837865,1.158230,-0.000477,0.023727
8.533333,0.010756,0.028390,0.005471,-0.133233,-1.142201,0.434618,-1.128078,-0.012870,-0.007562,-0.221520,-1.150511,-0.776267,1.114985,-0.003437,0.018870
8.566667,0.008633,0.026518,0.003596,-0.122334,-1.186648,0.379100,-1.055167,-0.006875,0.002095,-0.198307,-1.149140,-0.725013,1.111056,-0.011489,0.023460
8.600000,0.005877,0.019368,0.006612,-0.113865,-1.222586,0.303038,-0.976597,-0.005490,-0.006058,-0.164452,-1.165750,-0.673759,1.104944,-0.013253,0.018265
8.633333,0.009485,0.015182,0.012760,-0.116136,-1.233830,0.242068,-0.876597,-0.009124,-0.004361,-0.161925,-1.168439,-0.626657,1.098200,-0.006948,0.003720
8.666667,0.010978,0.018285,0.006283,-0.128396,-1.243323,0.211927,-0.776597,-0.002109,-0.001395,-0.160210,-1.179466,-0.584834,1.093376,-0.010184,-0.000393
8.700000,0.009504,0.014396,0.006527,-0.158467,-1.258624,0.174595,-0.676597,-0.000555,-0.006873,-0.145185,-1.188116,-0.528166,1.095008,-0.007806,-0.000110
8.733333,0.017625,0.013020,-0.002698,-0.164869,-1.256686,0.145466,-0.576597,-0.000536,-0.014803,-0.147852,-1.221120,-0.476843,1.097323,-0.002150,-0.009219
8.766667,0.020999,0.014696,-0.012637,-0.177798,-1.277991,0.116879,-0.476597,-0.000554,-0.015815,-0.140974,-1.238005,-0.425520,1.108076,-0.003711,-0.006132
8.800000,0.017028,0.016578,-0.017545,-0.183884,-1.316348,0.101200,-0.385837,0.003673,-0.018603,-0.123825,-1.265162,-0.346718,1.140493,-0.004967,-0.003725
8.833333,0.014378,0.010265,-0.013784,-0.186617,-1.329679,0.067338,-0.323557,0.003000,-0.025748,-0.113642,-1.268129,-0.262637,1.190806,-0.006658,0.005714
8.866667,0.016516,0.015587,-0.013436,-0.201561,-1.337819,0.042131,-0.283722,0.003338,-0.018001,-0.136861,-1.287104,-0.178556,1.264766,-0.009332,0.008902
8.900000,0.010051,0.017496,-0.010783,-0.206789,-1.359487,0.026997,-0.283887,-0.000274,-0.022258,-0.160080,-1.300120,-0.088100,1.338727,-0.007632,0.013446
8.933333,0.007600,0.015236,-0.006707,-0.202141,-1.363607,0.031322,-0.316327,0.001181,-0.023985,-0.218066,-1.325287,-0.017643,1.424981,-0.006539,0.011908
8.966667,0.007975,0.012768,0.004329,-0.174276,-1.350674,0.043680,-0.379527,0.008261,-0.016514,-0.254996,-1.335139,0.012813,1.471236,0.001005,0.009489
9.000000,0.010001,0.016990,0.012888,-0.133043,-1.337742,0.078726,-0.454247,0.007614,-0.000106,-0.263830,-1.329180,0.003270,1.499327,0.000673,0.007538
9.033333,0.002929,0.015471,0.017596,-0.077682,-1.290000,0.145116,-0.546522,0.004669,0.001526,-0.238597,-1.283221,-0.046274,1.511304,0.004365,0.002659
9.066667,-0.008788,0.022496,0.023673,-0.044977,-1.212206,0.225116,-0.638798,0.001838,0.016993,-0.173365,-1.203221,-0.126274,1.517559,0.009269,-0.000649
9.100000,-0.014944,0.026755,0.029860,-0.019317,-1.123575,0.316277,-0.738798,-0.006116,0.028610,-0.073365,-1.103221,-0.226274,1.502768,0.008717,0.000260
9.133333,-0.020584,0.031603,0.026015,-0.017064,-1.067943,0.378691,-0.838798,-0.016212,0.031845,0.026635,-1.003221,-0.326274,1.510852,-0.000364,0.001952
9.166667,-0.040040,0.032969,0.009248,-0.019616,-1.028424,0.441106,-0.923727,-0.016126,0.018682,0.126635,-0.903221,-0.426274,1.516258,0.005524,-0.004865
9.200000,-0.040228,0.035434,0.004251,-0.041837,-1.000948,0.501860,-0.996698,-0.012457,0.015967,0.226635,-0.803221,-0.526274,1.519243,0.012109,0.006153
9.233333,-0.036916,0.032731,0.009011,-0.056675,-1.008465,0.532051,-1.054698,-0.011760,0.012237,0.326635,-0.703220,-0.626274,1.502577,0.005017,0.008057
9.266667,-0.045375,0.036597,0.004325,-0.047709,-1.033186,0.533997,-1.086869,-0.005445,0.004035,0.426635,-0.603221,-0.726274,1.491492,-0.005740,0.010769
9.300000,-0.049466,0.044669,0.003796,-0.055336,-1.033799,0.564689,-1.102419,-0.001974,0.011199,0.526635,-0.503220,-0.826274,1.497534,-0.002855,0.020555
9.333333,-0.037691,0.045626,0.018290,-0.074326,-1.037852,0.575442,-1.114628,-0.006662,0.017743,0.626635,-0.403221,-0.926274,1.491145,-0.005291,0.023462
9.366667,-0.033256,0.044209,0.023224,-0.067850,-1.029861,0.554029,-1.098793,-0.002515,0.031601,0.726635,-0.303221,-1.026274,1.472640,-0.022335,0.014082
9.400000,-0.033542,0.056223,0.023011,-0.067675,-1.024672,0.554743,-1.090152,-0.008238,0.035086,0.826635,-0.203221,-1.126274,1.466553,-0.028385,0.024405
9.433333,-0.025862,0.052485,0.031667,-0.090828,-1.015791,0.568586,-1.090520,-0.008633,0.044678,0.926635,-0.103221,-1.226274,1.476703,-0.017088,0.017193
9.466667,-0.019506,0.047901,0.034735,-0.090061,-1.011795,0.560238,-1.087867,-0.010866,0.039146,1.026635,-0.003221,-1.326274,1.465240,-0.014286,0.011169
9.500000,-0.016566,0.047740,0.033665,-0.092401,-1.018546,0.552173,-1.089728,-0.011842,0.044436,1.126635,0.096779,-1.426274,1.469147,-0.011212,0.023195
9.533333,-0.020586,0.050075,0.036059,-0.095460,-1.039194,0.555086,-1.102218,-0.021142,0.035349,1.226635,0.196779,-1.526274,1.490097,-0.003372,0.022653
9.566667,-0.012110,0.044610,0.041079,-0.101610,-1.044423,0.544125,-1.104867,-0.008764,0.041958,1.326635,0.296779,-1.626274,1.512851,0.000871,0.014906
9.600000,-0.010914,0.047443,0.047795,-0.102850,-1.050480,0.535463,-1.098339,-0.002872,0.052605,1.403023,0.396779,-1.726274,1.528576,-0.005935,0.018113
9.633333,-0.014729,0.042562,0.046673,-0.104796,-1.055074,0.529074,-1.099763,-0.005577,0.052878,1.458684,0.496779,-1.826274,1.526593,-0.011041,0.017051
9.666667,-0.014689,0.042384,0.048705,-0.099245,-1.047028,0.542341,-1.076034,-0.002909,0.052983,1.474345,0.580241,-1.926274,1.539109,-0.015047,-0.000658
9.700000,-0.008211,0.036475,0.046443,-0.097407,-1.046083,0.552279,-1.074187,-0.003914,0.042933,1.459415,0.660919,-2.026274,1.541004,-0.014010,-0.002293
9.733333,-0.015664,0.030198,0.043921,-0.096503,-1.050118,0.562047,-1.074824,-0.010630,0.037387,1.429425,0.728940,-2.101398,1.527074,-0.010081,-0.002403
9.766667,-0.021375,0.030413,0.033686,-0.079117,-1.039190,0.580893,-1.062860,-0.011628,0.036224,1.411596,0.789924,-2.137240,1.507469,-0.012730,-0.002050
9.800000,-0.021237,0.037559,0.037080,-0.083856,-1.038178,0.600188,-1.051706,-0.006267,0.045872,1.399525,0.826061,-2.157300,1.503186,-0.012747,0.005297
9.833333,-0.026116,0.033757,0.034116,-0.082821,-1.051374,0.594819,-1.065759,-0.004346,0.042109,1.400312,0.861449,-2.158126,1.492022,-0.008479,0.010607
9.866667,-0.036188,0.030092,0.025984,-0.071956,-1.058044,0.596377,-1.063063,0.007735,0.047548,1.413951,0.898734,-2.129613,1.487659,0.001250,0.017640
9.900000,-0.033582,0.037397,0.024917,-0.069664,-1.060602,0.604477,-1.062734,0.009967,0.042615,1.430651,0.914325,-2.113745,1.495879,0.006283,0.019705
9.933333,-0.034096,0.033542,0.028979,-0.085544,-1.072804,0.596701,-1.080066,0.003838,0.028578,1.449773,0.936955,-2.097159,1.493309,0.016824,0.015035
9.966667,-0.036880,0.031363,0.015541,-0.090523,-1.062775,0.608395,-1.091825,0.012309,0.021408,1.443862,0.959090,-2.072721,1.514737,0.026708,0.007903
10.000000,-0.029116,0.037275,0.015633,-0.102041,-1.050280,0.624502,-1.096336,0.009923,0.025830,1.465095,0.998514,-2.065408,1.520729,0.029596,0.015376
10.033333,-0.024758,0.045239,0.023337,-0.116832,-1.060247,0.619859,-1.100115,0.000644,0.031757,1.487112,1.018614,-2.056315,1.516255,0.019378,0.008163
10.066667,-0.029538,0.048897,0.017356,-0.119088,-1.067299,0.622193,-1.103104,-0.008378,0.040251,1.521127,1.073063,-2.044480,1.516800,0.014579,0.004159
10.100000,-0.024293,0.052691,0.020753,-0.135886,-1.081045,0.652982,-1.112300,-0.009804,0.046118,1.524172,1.087512,-2.054370,1.536815,0.016998,0.014605
10.133333,-0.020061,0.051066,0.034034,-0.150901,-1.094790,0.658743,-1.120017,-0.024085,0.045762,1.567217,1.118218,-2.052898,1.519952,0.006013,0.015464
10.166667,-0.022897,0.060789,0.035914,-0.165731,-1.095527,0.684392,-1.117222,-0.029670,0.046491,1.577346,1.126848,-2.034364,1.512777,-0.004379,0.018831
10.200000,-0.027014,0.061099,0.039247,-0.185826,-1.077169,0.730191,-1.139399,-0.024760,0.045437,1.604431,1.140836,-2.046948,1.513225,-0.007415,0.029515
10.233333,-0.013606,0.047660,0.044665,-0.206173,-1.060480,0.755758,-1.156305,-0.020506,0.035460,1.613255,1.114825,-2.038807,1.502932,-0.005514,0.030031
10.266667,-0.009116,0.048303,0.038900,-0.201207,-1.034300,0.762438,-1.151515,-0.008978,0.039886,1.662079,1.108032,-2.031096,1.499535,-0.021371,0.023433
10.300000,-0.003041,0.046111,0.033871,-0.202565,-1.029934,0.778918,-1.162042,-0.006196,0.035759,1.693124,1.070323,-2.047280,1.506186,-0.020342,0.026508
10.333333,-0.000159,0.032215,0.039240,-0.216468,-1.027910,0.777389,-1.184748,-0.000514,0.037340,1.736492,1.014691,-2.054126,1.519264,-0.010861,0.016158
10.366667,0.012739,0.024256,0.036556,-0.237292,-1.025148,0.764295,-1.189088,-0.005327,0.039453,1.739859,0.933910,-2.032260,1.534605,-0.016383,0.000090
10.400000,0.003842,0.026026,0.033668,-0.257639,-1.028200,0.780393,-1.206784,-0.000908,0.043840,1.730431,0.853128,-2.032701,1.544596,-0.017817,0.001395
10.433333,0.002060,0.024575,0.038836,-0.282143,-1.022729,0.815377,-1.223074,-0.012437,0.038193,1.681002,0.753128,-2.019598,1.531491,-0.005064,-0.001503
10.466667,0.009031,0.025514,0.040644,-0.297577,-1.010415,0.865591,-1.217716,-0.006524,0.043784,1.609353,0.653128,-1.991505,1.520373,-0.009902,0.004378
10.500000,0.016342,0.029273,0.040781,-0.320557,-1.019366,0.934174,-1.229983,-0.008969,0.033145,1.518296,0.553128,-1.962148,1.495856,-0.011508,0.010562
10.533333,0.001774,0.034676,0.030885,-0.358946,-1.051219,1.034174,-1.248749,-0.012470,0.024391,1.427240,0.453128,-1.927596,1.469014,-0.003837,0.022154
10.566667,-0.003494,0.045139,0.026775,-0.415919,-1.069490,1.134174,-1.249721,-0.014281,0.032501,1.327240,0.353128,-1.876298,1.451108,-0.007497,0.034032
10.600000,0.001267,0.045609,0.026653,-0.499398,-1.111585,1.234174,-1.248528,-0.012825,0.037169,1.227240,0.253128,-1.848027,1.427182,-0.007479,0.042535
10.633333,-0.009260,0.039200,0.020046,-0.595261,-1.157422,1.334174,-1.248437,-0.014970,0.023964,1.127240,0.153128,-1.808057,1.395993,-0.001837,0.036179
10.666667,-0.007612,0.038199,0.002751,-0.667313,-1.175723,1.434174,-1.223830,-0.008683,0.025761,1.027240,0.053128,-1.774210,1.387448,0.000821,0.034132
10.700000,0.003245,0.037104,0.014720,-0.732995,-1.179172,1.530977,-1.203146,-0.004965,0.025526,0.927240,-0.046872,-1.739496,1.363439,0.006988,0.036517
10.733333,0.012964,0.026482,0.017227,-0.764739,-1.175444,1.589635,-1.185120,-0.005039,0.011098,0.827240,-0.146872,-1.694922,1.315960,0.008922,0.023825
10.766667,0.007624,0.028788,0.011110,-0.763132,-1.165988,1.612073,-1.175142,-0.006851,0.008739,0.727240,-0.246872,-1.618711,1.296530,0.009141,0.023286
10.800000,0.010738,0.029947,0.014583,-0.725662,-1.137816,1.594511,-1.172177,-0.008931,0.007926,0.627240,-0.346872,-1.540287,1.269206,0.011686,0.021262
10.833333,0.009609,0.029954,0.025013,-0.672004,-1.097182,1.536949,-1.155528,-0.018034,0.005986,0.527240,-0.429770,-1.445516,1.202243,0.010808,0.022408
10.866667,0.001607,0.034114,0.020156,-0.584714,-1.039839,1.442583,-1.106823,-0.016362,0.009987,0.427240,-0.472668,-1.345515,1.131076,0.003622,0.011979
10.900000,0.001598,0.035030,0.019746,-0.491363,-0.988995,1.346363,-1.041023,-0.015583,0.006376,0.327240,-0.486473,-1.245515,1.059909,0.005566,0.008288
10.933333,0.006869,0.030418,0.022188,-0.391363,-0.916572,1.246363,-0.971069,-0.012839,0.000465,0.227240,-0.472127,-1.145515,0.959908,0.007957,0.006199
10.966667,0.010045,0.039485,0.012625,-0.291363,-0.859988,1.146363,-0.883234,-0.014891,0.000564,0.127240,-0.417780,-1.045515,0.859908,-0.001601,0.008026
11.000000,0.004015,0.040211,0.005746,-0.197140,-0.807262,1.046363,-0.795875,-0.011570,-0.006151,0.041681,-0.344808,-0.945515,0.759908,-0.004784,0.004155
11.033333,0.021749,0.037811,0.002302,-0.124821,-0.753828,0.946363,-0.717235,-0.017980,-0.017839,-0.020649,-0.283499,-0.845515,0.659908,-0.008548,0.000891
11.066667,0.028372,0.038122,-0.006809,-0.074911,-0.697546,0.846363,-0.671178,-0.015366,-0.011768,-0.056531,-0.233397,-0.745515,0.595127,-0.026326,0.007934
11.100000,0.030868,0.039960,-0.011029,-0.034310,-0.677337,0.746363,-0.646366,-0.014053,-0.019595,-0.052413,-0.171447,-0.645515,0.549831,-0.031408,0.007935
11.133333,0.033939,0.029735,-0.006825,-0.007227,-0.651887,0.646363,-0.655581,-0.017443,-0.021554,-0.008295,-0.109840,-0.545515,0.544535,-0.022076,-0.002151
11.166667,0.043897,0.026700,-0.004121,0.005203,-0.654850,0.546363,-0.704321,-0.024022,-0.026617,0.061381,-0.043962,-0.484830,0.579239,-0.027573,-0.003288
11.200000,0.038000,0.027337,0.000679,0.022805,-0.684843,0.446363,-0.784341,-0.021794,-0.021743,0.147830,0.031216,-0.464145,0.653943,-0.022972,0.004726
11.233333,0.032102,0.035919,0.014022,0.048778,-0.719172,0.346363,-0.869480,-0.024047,-0.023813,0.247830,0.101208,-0.483460,0.733429,-0.007515,0.002951
11.266667,0.045955,0.049434,0.024833,0.052177,-0.729425,0.246363,-0.969480,-0.023679,0.000817,0.347830,0.139350,-0.542775,0.833429,-0.017103,0.008432
11.300000,0.043607,0.059490,0.034353,0.051259,-0.769080,0.146363,-1.069480,-0.025257,0.009329,0.447830,0.177836,-0.642090,0.933429,-0.023656,0.016244
11.333333,0.033709,0.066663,0.025261,0.063320,-0.779619,0.062743,-1.163075,-0.017736,0.016202,0.547830,0.209501,-0.742090,1.033429,-0.020762,0.019753
11.366667,0.029322,0.077427,0.025455,0.052230,-0.781705,0.019123,-1.216669,-0.026127,0.026145,0.647830,0.225989,-0.842090,1.133429,-0.020879,0.024805
11.400000,0.030873,0.071016,0.023986,0.038430,-0.801253,0.009599,-1.256836,-0.030117,0.023679,0.747830,0.259940,-0.942090,1.216631,-0.020847,0.023422
11.433333,0.016649,0.061172,0.011611,0.041100,-0.821666,0.023939,-1.257004,-0.032518,0.009313,0.847830,0.291537,-1.042090,1.267487,-0.007685,0.020119
11.466667,0.012050,0.059195,0.001095,0.041457,-0.806670,0.044484,-1.217171,-0.027437,0.002843,0.947830,0.303669,-1.142090,1.288200,-0.008959,0.027461
11.500000,0.010810,0.054076,0.012658,0.033252,-0.794941,0.055062,-1.143744,-0.029851,0.005344,1.047830,0.283101,-1.221339,1.279369,-0.006195,0.023870
11.533333,0.011462,0.046587,0.009974,0.064128,-0.756903,0.039249,-1.070316,-0.020390,0.001128,1.147830,0.252919,-1.287423,1.252244,-0.004881,0.017493
11.566667,0.007530,0.041906,0.008437,0.081838,-0.689109,0.006121,-0.983486,-0.013516,0.009048,1.209307,0.213337,-1.339514,1.241918,-0.009897,0.021036
11.600000,0.002875,0.037269,0.012090,0.104631,-0.605075,-0.044029,-0.913203,-0.015613,0.002017,1.254607,0.183250,-1.375657,1.257817,-0.011114,0.013697
11.633333,0.006440,0.034924,0.019241,0.119398,-0.516449,-0.078201,-0.870772,-0.021069,0.005043,1.274181,0.165069,-1.409864,1.284556,-0.004782,0.000952
11.666667,0.006609,0.038699,0.014034,0.137940,-0.421402,-0.078787,-0.858767,-0.018253,0.009468,1.271526,0.146410,-1.452879,1.330432,-0.008369,-0.003082
11.700000,0.004569,0.037009,0.014862,0.148005,-0.344961,-0.092982,-0.872881,-0.020925,0.005106,1.268872,0.139057,-1.489396,1.374644,-0.006449,-0.004243
11.733333,0.012038,0.036381,0.007147,0.175711,-0.285576,-0.094997,-0.877211,-0.024748,-0.000196,1.264740,0.110942,-1.520722,1.418857,-0.001992,-0.012294
11.766667,0.014297,0.039071,-0.001848,0.192828,-0.256653,-0.103854,-0.896862,-0.026026,-0.000797,1.276785,0.101491,-1.544029,1.430829,-0.002460,-0.008518
11.800000,0.010817,0.041617,-0.003509,0.214885,-0.238884,-0.105449,-0.915386,-0.025022,-0.001928,1.308695,0.086006,-1.566418,1.444340,-0.003282,-0.007614
11.833333,0.009128,0.037613,0.003179,0.225440,-0.225386,-0.129021,-0.926254,-0.025316,-0.006498,1.338661,0.094457,-1.576729,1.445776,-0.005240,0.003105
11.866667,0.012459,0.042719,0.006775,0.205844,-0.230157,-0.142301,-0.921823,-0.025223,0.001560,1.349535,0.078754,-1.585461,1.467168,-0.009624,0.007717
11.900000,0.007746,0.046356,0.014468,0.198521,-0.252478,-0.146033,-0.937397,-0.028817,-0.000039,1.394561,0.097937,-1.604801,1.448602,-0.008290,0.010206
11.933333,0.007549,0.043518,0.023689,0.193679,-0.264337,-0.129764,-0.941103,-0.028002,0.002536,1.419587,0.103166,-1.628108,1.448396,-0.008772,0.007770
11.966667,0.010305,0.035237,0.026060,0.172070,-0.305042,-0.102940,-0.958084,-0.013171,-0.001115,1.410475,0.081989,-1.614269,1.425954,-0.001525,0.006096
12.000000,0.016055,0.029826,0.025687,0.134201,-0.381476,-0.054139,-0.992295,-0.007085,0.003607,1.385535,0.036874,-1.584450,1.385995,-0.001708,0.002934
12.033333,0.011275,0.018133,0.019631,0.095763,-0.461035,0.024371,-1.055686,-0.000392,-0.007236,1.339687,-0.008240,-1.535874,1.308246,0.004548,-0.001275
12.066667,0.000733,0.016074,0.012434,0.017324,-0.541035,0.104371,-1.135686,0.005410,-0.006501,1.259687,-0.088240,-1.455874,1.270455,0.010474,-0.003914
12.100000,-0.001584,0.012587,0.005408,-0.082676,-0.641035,0.204371,-1.235686,0.004311,-0.009913,1.159687,-0.188240,-1.355874,1.213281,0.011239,-0.003564
12.133333,-0.008459,0.014917,-0.000322,-0.182676,-0.741035,0.304371,-1.333365,-0.004046,-0.007767,1.059687,-0.288240,-1.255874,1.180170,0.004172,-0.001130
12.166667,-0.028957,0.018666,-0.016482,-0.242676,-0.830522,0.404371,-1.391045,-0.005225,-0.020651,0.959687,-0.388240,-1.155874,1.187059,0.009511,-0.010965
12.200000,-0.030464,0.022461,-0.018098,-0.262676,-0.893198,0.464371,-1.408724,-0.004934,-0.020369,0.859687,-0.488240,-1.095874,1.231739,0.012110,-0.003132
12.233333,-0.025842,0.019780,-0.009721,-0.242676,-0.952325,0.484371,-1.386404,-0.006719,-0.023936,0.759687,-0.588240,-1.075874,1.276419,0.004291,-0.001447
12.266667,-0.035727,0.021226,-0.011336,-0.184410,-0.998906,0.464371,-1.324083,0.003103,-0.031375,0.659687,-0.684128,-1.095874,1.320482,-0.006206,0.002014
12.300000,-0.039234,0.029748,-0.008125,-0.126144,-1.015158,0.404371,-1.224084,0.003822,-0.024832,0.559687,-0.780017,-1.155874,1.352525,-0.006269,0.010743
12.333333,-0.027009,0.028744,0.007521,-0.096652,-1.022220,0.304371,-1.124084,0.001594,-0.019338,0.459687,-0.875905,-1.247285,1.344567,-0.009109,0.015987
12.366667,-0.022554,0.028217,0.011265,-0.092128,-1.016095,0.204371,-1.024083,0.009392,-0.008655,0.359687,-0.967114,-1.298696,1.296609,-0.024346,0.006087
12.400000,-0.022939,0.040886,0.009471,-0.112511,-1.013517,0.122481,-0.941013,0.008055,-0.007429,0.259687,-1.034926,-1.310107,1.208651,-0.032023,0.014449
12.433333,-0.016088,0.039251,0.016896,-0.152793,-1.011331,0.055443,-0.888104,0.005826,0.000429,0.159687,-1.106850,-1.281517,1.120694,-0.022295,0.005978
12.466667,-0.008117,0.035455,0.016816,-0.172606,-1.022079,0.017154,-0.868777,0.007295,-0.006263,0.059687,-1.153770,-1.212928,1.020694,-0.018758,-0.003431
12.500000,-0.004671,0.035773,0.013144,-0.192794,-1.052529,0.002498,-0.879919,0.006160,-0.003269,-0.040313,-1.160734,-1.112928,0.920694,-0.016831,0.006120
12.533333,-0.008025,0.036695,0.013704,-0.204134,-1.102926,0.008897,-0.903183,-0.003163,-0.013229,-0.133789,-1.170833,-1.012928,0.820694,-0.009578,0.006680
12.566667,0.000071,0.030261,0.016389,-0.216173,-1.140759,0.017191,-0.930202,0.007972,-0.007657,-0.210926,-1.196698,-0.912928,0.720694,-0.004116,0.000247
12.600000,0.001466,0.032845,0.020790,-0.231975,-1.177258,0.040199,-0.936592,0.014220,0.001306,-0.277541,-1.203932,-0.812928,0.620694,-0.011146,0.002943
12.633333,-0.002116,0.027454,0.018911,-0.248480,-1.206215,0.068195,-0.936838,0.012172,0.000141,-0.308483,-1.199894,-0.712928,0.520694,-0.017030,0.003223
12.666667,-0.001996,0.027052,0.020482,-0.249318,-1.211461,0.112557,-0.906616,0.013555,0.000761,-0.334828,-1.218047,-0.612928,0.420694,-0.021112,-0.013130
12.700000,0.006317,0.022046,0.017424,-0.251138,-1.213518,0.141664,-0.890229,0.012986,-0.010149,-0.342325,-1.221614,-0.512928,0.320694,-0.021220,-0.014694
12.733333,-0.000164,0.015854,0.014448,-0.249696,-1.215713,0.169684,-0.876611,0.005528,-0.015450,-0.334324,-1.198204,-0.412928,0.224174,-0.017509,-0.015804
12.766667,-0.004618,0.016084,0.004868,-0.222858,-1.191397,0.183128,-0.854197,0.004225,-0.016861,-0.300135,-1.153425,-0.312928,0.167655,-0.020793,-0.014643
12.800000,-0.005061,0.023010,0.008928,-0.196151,-1.152019,0.162836,-0.833502,0.007637,-0.005731,-0.273095,-1.104921,-0.224780,0.151135,-0.018344,-0.007090
12.833333,-0.010630,0.019061,0.006403,-0.167080,-1.117119,0.115966,-0.836810,0.008823,-0.009663,-0.237368,-1.052387,-0.158583,0.174616,-0.013539,-0.001456
12.866667,-0.022036,0.017860,-0.001580,-0.130047,-1.078773,0.083180,-0.832548,0.017665,-0.003682,-0.195269,-0.975982,-0.115358,0.238096,-0.004918,0.006126
12.900000,-0.019553,0.026268,-0.001722,-0.100724,-1.029142,0.044695,-0.828665,0.017534,-0.005596,-0.165587,-0.932649,-0.095226,0.338096,0.001182,0.007953
12.933333,-0.021817,0.023293,0.001616,-0.092923,-0.996740,0.003382,-0.842450,0.011144,-0.018041,-0.153193,-0.889315,-0.080883,0.438096,0.012702,0.003711
12.966667,-0.024960,0.022069,-0.013450,-0.093455,-0.964338,0.002069,-0.854522,0.019025,-0.023629,-0.162348,-0.876212,-0.074940,0.538096,0.020405,-0.003595
13.000000,-0.017952,0.028312,-0.014431,-0.103468,-0.949617,0.011823,-0.860510,0.015157,-0.018714,-0.144789,-0.848376,-0.083651,0.627902,0.025329,0.001903
13.033333,-0.013753,0.033394,-0.007535,-0.118306,-0.960286,0.008664,-0.867043,0.007408,-0.012672,-0.135972,-0.846341,-0.070111,0.693469,0.018101,-0.005393
13.066667,-0.020559,0.034845,-0.014402,-0.140153,-0.988303,0.032284,-0.889742,0.000276,-0.007077,-0.121754,-0.819268,-0.047823,0.759036,0.012331,-0.011793
13.100000,-0.015447,0.038053,-0.010864,-0.175098,-1.028762,0.083742,-0.934038,-0.004403,0.001096,-0.108138,-0.813772,-0.055112,0.824604,0.013807,-0.004714
13.133333,-0.012492,0.034014,0.002458,-0.219020,-1.069221,0.135200,-0.990888,-0.018254,0.001400,-0.075459,-0.791651,-0.042802,0.867902,0.004025,-0.004861
13.166667,-0.014791,0.043595,0.003921,-0.281937,-1.083293,0.202169,-1.060539,-0.021300,0.003824,-0.069797,-0.780182,-0.024954,0.898189,-0.007549,-0.003227
13.200000,-0.018049,0.042477,0.007105,-0.370889,-1.077564,0.302169,-1.151259,-0.017912,0.003709,-0.068679,-0.770181,-0.026308,0.912715,-0.011240,0.005958
13.233333,-0.005603,0.029951,0.011586,-0.462778,-1.059552,0.402169,-1.241978,-0.017437,-0.003565,-0.089050,-0.786757,-0.027158,0.887241,-0.007538,0.007791
13.266667,-0.000498,0.027518,0.005629,-0.560049,-1.030437,0.502169,-1.301847,-0.005184,-0.001307,-0.114263,-0.799026,-0.004172,0.821767,-0.023881,0.002454
13.300000,0.005884,0.025537,0.001029,-0.659644,-1.033222,0.602169,-1.359890,-0.004540,-0.007791,-0.153532,-0.809569,-0.018100,0.738563,-0.022236,0.005986
13.333333,0.006147,0.010003,0.007183,-0.759644,-1.042708,0.702169,-1.405080,0.001477,-0.008563,-0.186991,-0.845988,-0.016638,0.638563,-0.012136,-0.001051
13.366667,0.018103,0.006039,0.006471,-0.849927,-1.049932,0.802169,-1.426043,-0.000971,-0.006101,-0.230796,-0.871571,-0.012298,0.573775,-0.017286,-0.016746
13.400000,0.010427,0.008431,0.005370,-0.914130,-1.065871,0.902169,-1.435381,0.008964,-0.003768,-0.245360,-0.892086,-0.016653,0.508987,-0.020786,-0.015053
13.433333,0.007855,0.009490,0.011617,-0.938333,-1.069389,1.002169,-1.435570,-0.002055,-0.007613,-0.255299,-0.898318,-0.044053,0.456682,-0.005714,-0.015957
13.466667,0.014531,0.012969,0.016809,-0.922535,-1.047608,1.102169,-1.405420,0.005830,0.001020,-0.261317,-0.922305,-0.070786,0.437268,-0.009684,-0.008806
13.500000,0.021576,0.019747,0.019353,-0.866738,-1.035932,1.179169,-1.385965,0.000181,-0.006193,-0.286129,-0.946293,-0.121842,0.457854,-0.010686,-0.006043
13.533333,0.006131,0.023207,0.009853,-0.780657,-1.034629,1.216168,-1.377616,-0.006470,-0.013297,-0.301782,-0.974817,-0.195852,0.483228,-0.000404,0.005537
13.566667,0.000944,0.034439,0.007831,-0.680657,-1.003258,1.213168,-1.360332,-0.011943,-0.001428,-0.328661,-1.008409,-0.283029,0.548602,-0.002239,0.016970
13.600000,0.004180,0.037347,0.009586,-0.580657,-0.995201,1.170167,-1.343048,-0.011517,0.004758,-0.343769,-1.069721,-0.357179,0.608055,-0.002777,0.024355
13.633333,-0.006319,0.032518,0.002274,-0.480657,-1.001525,1.087167,-1.317931,-0.014642,-0.006249,-0.347166,-1.104207,-0.394430,0.634616,0.004325,0.013582
13.666667,-0.004526,0.031950,-0.014018,-0.380657,-0.995222,0.987167,-1.264249,-0.005204,-0.001485,-0.320161,-1.124899,-0.391681,0.629941,0.005437,0.015085
13.700000,0.004533,0.032754,-0.001281,-0.304795,-0.988043,0.887167,-1.204324,0.000470,-0.000281,-0.292946,-1.131199,-0.348932,0.585267,0.009313,0.015950
13.733333,0.013288,0.024309,0.001131,-0.237033,-0.993192,0.787167,-1.138688,0.001103,-0.013016,-0.268545,-1.120014,-0.276507,0.500592,0.010971,0.001267
13.766667,0.008996,0.027384,-0.004472,-0.199961,-1.008098,0.696075,-1.082797,-0.000325,-0.012138,-0.254565,-1.093692,-0.199096,0.449356,0.011440,-0.000603
13.800000,0.011292,0.028594,0.001560,-0.178515,-1.013978,0.604983,-1.060365,-0.000779,-0.010603,-0.241165,-1.076708,-0.144453,0.400092,0.012079,0.002797
13.833333,0.008771,0.029269,0.013612,-0.184444,-1.014768,0.528775,-1.046329,-0.010091,-0.011468,-0.242382,-1.055260,-0.112471,0.361713,0.012064,0.003111
13.866667,0.000457,0.034285,0.011485,-0.191058,-1.006571,0.486756,-1.030420,-0.008814,-0.003060,-0.232571,-1.037021,-0.110251,0.363333,0.005501,-0.006043
13.900000,-0.004417,0.035497,0.015140,-0.207677,-1.019690,0.479057,-1.034980,-0.008833,-0.000577,-0.220524,-1.030163,-0.121628,0.404953,0.008282,-0.004828
13.933333,-0.004182,0.029885,0.020844,-0.233606,-1.006948,0.493483,-1.058812,-0.005145,-0.002063,-0.216940,-1.033309,-0.156443,0.446574,0.012246,-0.001612
13.966667,-0.005360,0.038447,0.014026,-0.283909,-1.004011,0.547909,-1.089185,-0.010641,0.003846,-0.240387,-1.024308,-0.208489,0.526222,0.002007,0.002798
14.000000,-0.013207,0.038764,0.011466,-0.346837,-1.005006,0.627452,-1.151162,-0.009977,0.002043,-0.279620,-1.003730,-0.277874,0.626222,0.001146,0.001995
14.033333,-0.000344,0.034759,0.011749,-0.424942,-1.000783,0.712805,-1.219819,-0.019147,-0.005072,-0.347359,-0.991846,-0.357497,0.726222,-0.000528,0.002143
14.066667,0.005475,0.034556,0.006140,-0.524942,-0.973768,0.803839,-1.284637,-0.016590,0.001823,-0.435870,-0.977779,-0.457497,0.826222,-0.016989,0.010777
14.100000,0.007159,0.036381,0.005105,-0.624942,-0.972934,0.903839,-1.338134,-0.016329,-0.004993,-0.535870,-0.946482,-0.557497,0.926222,-0.020844,0.012226
14.133333,0.010178,0.026609,0.010872,-0.722162,-0.951592,1.003839,-1.370668,-0.019659,-0.008219,-0.635870,-0.928726,-0.657497,1.026222,-0.010293,0.001914
14.166667,0.021874,0.022886,0.012125,-0.812097,-0.932039,1.103839,-1.399333,-0.022885,-0.015847,-0.735870,-0.932633,-0.757497,1.126222,-0.012351,0.000959
14.200000,0.019933,0.022437,0.015808,-0.882656,-0.928108,1.203839,-1.415182,-0.016755,-0.015117,-0.821270,-0.939240,-0.857497,1.226222,-0.004081,0.010202
14.233333,0.015628,0.029419,0.026208,-0.921698,-0.926639,1.303839,-1.407582,-0.018111,-0.019707,-0.884804,-0.936482,-0.957497,1.326222,0.014827,0.011035
14.266667,0.032742,0.040366,0.034006,-0.957125,-0.892841,1.403839,-1.387074,-0.016218,0.001762,-0.915712,-0.960361,-1.057497,1.414978,0.010877,0.014169
14.300000,0.031363,0.047782,0.043017,-0.970524,-0.896757,1.503839,-1.387529,-0.012975,0.007355,-0.939549,-0.970700,-1.157497,1.475949,0.008226,0.021548
14.333333,0.022460,0.051569,0.034059,-0.968217,-0.885221,1.603839,-1.382259,-0.002618,0.012541,-0.941497,-0.971978,-1.257497,1.524705,0.011712,0.027855
14.366667,0.015996,0.061598,0.034216,-0.977881,-0.878104,1.698456,-1.368289,-0.010625,0.022474,-0.941099,-0.969980,-1.357497,1.553460,0.011861,0.033279
14.400000,0.020252,0.053658,0.033381,-0.991104,-0.884361,1.766605,-1.384796,-0.012933,0.018138,-0.943584,-0.960050,-1.457497,1.559026,0.011669,0.031311
14.433333,0.006033,0.047453,0.021202,-0.980176,-0.903961,1.809653,-1.413534,-0.016585,0.004804,-0.956849,-0.927894,-1.557497,1.550157,0.022705,0.029403
14.466667,0.005488,0.047733,0.010205,-0.984389,-0.900502,1.836903,-1.437593,-0.013767,-0.000125,-0.950409,-0.912559,-1.657497,1.552696,0.020553,0.039459
14.500000,0.004079,0.045014,0.021993,-0.988344,-0.915598,1.840115,-1.441242,-0.020165,0.003463,-0.954287,-0.904874,-1.736708,1.549631,0.020864,0.036170
14.533333,0.007733,0.039645,0.019328,-0.965099,-0.926950,1.826047,-1.461209,-0.012838,0.000467,-0.952168,-0.903952,-1.798009,1.534877,0.019177,0.030377
14.566667,0.004095,0.037487,0.018460,-0.963258,-0.939700,1.823887,-1.465716,-0.006662,0.010451,-0.952609,-0.903004,-1.838263,1.538067,0.010402,0.034311
14.600000,0.001049,0.031694,0.023413,-0.965823,-0.935369,1.822738,-1.470631,-0.007145,0.002802,-0.954383,-0.908465,-1.855542,1.542983,0.006184,0.028293
14.633333,0.003581,0.028894,0.031411,-0.963794,-0.915130,1.812639,-1.455530,-0.012630,0.003502,-0.971620,-0.902796,-1.860502,1.538656,0.011540,0.014782
14.666667,0.005383,0.034423,0.027065,-0.961020,-0.894523,1.826578,-1.448938,-0.009844,0.009026,-0.983713,-0.905529,-1.861706,1.535147,0.008319,0.008705
14.700000,0.003905,0.031020,0.028591,-0.974155,-0.881780,1.826815,-1.449114,-0.010594,0.002644,-0.986959,-0.897057,-1.859297,1.544666,0.009608,0.007219
14.733333,0.012468,0.030355,0.020931,-0.962872,-0.855377,1.828554,-1.431149,-0.014899,-0.001281,-1.006628,-0.914193,-1.856403,1.544666,0.014475,-0.000577
14.766667,0.015775,0.032037,0.012766,-0.961435,-0.861602,1.823046,-1.432975,-0.015682,-0.001669,-1.006811,-0.917278,-1.857393,1.546068,0.013179,0.004577
14.800000,0.012466,0.033810,0.010451,-0.959142,-0.877722,1.824953,-1.441447,-0.011841,-0.001105,-1.000859,-0.927597,-1.851744,1.551768,0.011558,0.007087
14.833333,0.010693,0.027770,0.015446,-0.961213,-0.874235,1.802720,-1.452103,-0.012465,-0.007405,-0.993943,-0.912123,-1.843704,1.552399,0.007381,0.016988
14.866667,0.014793,0.033793,0.018446,-0.978803,-0.862638,1.782642,-1.447794,-0.012038,0.002749,-0.995521,-0.923186,-1.831096,1.557634,0.003537,0.021415
14.900000,0.009038,0.037357,0.025461,-0.987364,-0.867975,1.772379,-1.465420,-0.014766,-0.003032,-0.978079,-0.897415,-1.829812,1.553736,0.006628,0.022246
14.933333,0.007440,0.035138,0.033416,-0.989378,-0.857210,1.773452,-1.465830,-0.013610,-0.003323,-0.980637,-0.886533,-1.827621,1.552389,0.007787,0.017161
14.966667,0.009899,0.028470,0.034067,-0.966512,-0.876550,1.751858,-1.444290,-0.002166,-0.006678,-0.960641,-0.862726,-1.804386,1.532365,0.014466,0.012843
15.000000,0.012353,0.025710,0.033154,-0.923273,-0.935890,1.714405,-1.402060,0.003384,0.000914,-0.918326,-0.825893,-1.768089,1.494409,0.013179,0.009326
15.033333,0.003258,0.016299,0.025816,-0.843213,-1.007247,1.671160,-1.347783,0.005683,-0.008176,-0.859306,-0.767369,-1.717881,1.430512,0.013385,0.004599
15.066667,-0.008333,0.015782,0.017274,-0.763154,-1.064319,1.591160,-1.282105,0.008626,-0.002692,-0.779305,-0.713879,-1.637881,1.350512,0.014797,0.002584
15.100000,-0.011287,0.014252,0.009537,-0.663154,-1.105935,1.491160,-1.209430,0.005546,-0.002852,-0.679305,-0.679125,-1.537881,1.250512,0.011493,0.005723
15.133333,-0.016529,0.017240,0.004559,-0.563154,-1.138891,1.391160,-1.159262,-0.004305,-0.001461,-0.579305,-0.662841,-1.437881,1.150512,0.002758,0.006591
15.166667,-0.033447,0.020313,-0.014912,-0.463154,-1.138064,1.291160,-1.120041,-0.005122,-0.016324,-0.479305,-0.652383,-1.337881,1.050511,0.007563,-0.001683
15.200000,-0.031191,0.023845,-0.020883,-0.365555,-1.102925,1.191160,-1.101041,-0.001877,-0.019528,-0.379305,-0.663617,-1.237881,0.950512,0.015206,0.008168
15.233333,-0.024941,0.020842,-0.016756,-0.277554,-1.084380,1.091160,-1.089920,-0.002325,-0.023727,-0.279305,-0.684015,-1.137881,0.850512,0.008161,0.009008
15.266667,-0.032938,0.021612,-0.023456,-0.189553,-1.084893,0.991160,-1.075578,0.005970,-0.032533,-0.185284,-0.665678,-1.037881,0.761313,-0.002228,0.009716
15.300000,-0.038155,0.030209,-0.024977,-0.141553,-1.062225,0.891160,-1.055854,0.009168,-0.024501,-0.122434,-0.668870,-0.937881,0.712115,-0.002558,0.019680
15.333333,-0.025862,0.029712,-0.009932,-0.107185,-1.051280,0.791160,-1.037221,0.005304,-0.019259,-0.076864,-0.681507,-0.837881,0.671538,-0.005018,0.023449
15.366667,-0.022234,0.028619,-0.005449,-0.086120,-1.034645,0.691160,-0.998368,0.010565,-0.005429,-0.052542,-0.668172,-0.737881,0.647235,-0.019999,0.013044
15.400000,-0.022267,0.041716,-0.005898,-0.074496,-1.024345,0.591160,-0.962396,0.007513,-0.003503,-0.034614,-0.637470,-0.637881,0.648304,-0.025995,0.023787
15.433333,-0.016426,0.040083,0.003299,-0.083674,-1.002443,0.491160,-0.938246,0.005109,0.005078,-0.040050,-0.646768,-0.537881,0.668667,-0.014501,0.018127
15.466667,-0.010283,0.034687,0.005406,-0.069340,-0.985515,0.391555,-0.916345,0.003432,-0.000355,-0.050471,-0.639527,-0.437881,0.673415,-0.009354,0.010797
15.500000,-0.009637,0.033901,0.003653,-0.070744,-0.983957,0.307773,-0.905928,0.000942,0.005954,-0.050878,-0.618172,-0.337881,0.689290,-0.005214,0.022051
15.533333,-0.012407,0.034787,0.006337,-0.070373,-0.996253,0.239722,-0.902882,-0.008330,-0.003943,-0.044185,-0.620793,-0.237881,0.718805,0.000374,0.022484
15.566667,-0.006783,0.027846,0.010920,-0.073586,-0.993233,0.183295,-0.894939,0.003331,0.001168,-0.053860,-0.654140,-0.142201,0.759784,0.005925,0.015049
15.600000,-0.006026,0.030181,0.017732,-0.077955,-1.002928,0.147565,-0.872438,0.010580,0.013063,-0.063901,-0.664048,-0.074132,0.787901,-0.000880,0.019087
15.633333,-0.008583,0.026114,0.017912,-0.082126,-1.012224,0.131340,-0.852399,0.009098,0.013995,-0.042287,-0.652976,-0.026395,0.792316,-0.006113,0.019225
15.666667,-0.006789,0.026208,0.020964,-0.073534,-1.013269,0.139292,-0.808838,0.012788,0.014635,-0.053058,-0.668055,0.000618,0.812401,-0.010714,0.002656
15.700000,0.000160,0.021604,0.018914,-0.072092,-1.020979,0.131513,-0.778460,0.012912,0.004211,-0.065741,-0.669537,0.008076,0.812454,-0.009748,0.001394
15.733333,-0.005137,0.016327,0.016821,-0.073541,-1.035745,0.132614,-0.752550,0.005646,0.000072,-0.065090,-0.651836,-0.001245,0.789088,-0.006097,0.002068
15.766667,-0.009633,0.017565,0.006671,-0.059674,-1.035476,0.143207,-0.722638,0.005815,-0.000739,-0.049706,-0.625080,0.000300,0.766308,-0.009555,0.001492
15.800000,-0.010821,0.025135,0.009641,-0.067738,-1.042068,0.151099,-0.700932,0.009698,0.007318,-0.049257,-0.630289,0.004872,0.755005,-0.008340,0.010128
15.833333,-0.014697,0.021976,0.006276,-0.070857,-1.055859,0.133990,-0.703927,0.012759,0.002273,-0.038254,-0.628223,0.007474,0.737376,-0.003576,0.015833
15.866667,-0.025646,0.020561,-0.002380,-0.062243,-1.065624,0.140411,-0.709113,0.022013,0.008076,-0.021087,-0.602122,0.007036,0.738091,0.005620,0.024408
15.900000,-0.024271,0.029199,-0.004222,-0.057051,-1.064920,0.146378,-0.718659,0.022607,0.003468,-0.018655,-0.604478,0.004711,0.746022,0.010060,0.025848
15.933333,-0.024628,0.026086,-0.001138,-0.064042,-1.071402,0.135237,-0.751327,0.015257,-0.010183,-0.022741,-0.606615,0.013511,0.744146,0.022022,0.021089
15.966667,-0.027283,0.023696,-0.016160,-0.058538,-1.058287,0.146896,-0.785374,0.024340,-0.014922,-0.043149,-0.614305,0.019967,0.762946,0.031580,0.012224
16.000000,-0.023556,0.030451,-0.016731,-0.059946,-1.044574,0.172971,-0.819915,0.021067,-0.009525,-0.035847,-0.616161,0.011132,0.756016,0.034683,0.020837
16.033333,-0.018274,0.036653,-0.009510,-0.064404,-1.049526,0.177252,-0.852589,0.012014,-0.004077,-0.042912,-0.646335,0.023742,0.723650,0.024120,0.011894
16.066667,-0.025218,0.039416,-0.014582,-0.062472,-1.058662,0.201482,-0.896249,0.005694,0.001731,-0.054370,-0.655462,0.035513,0.680747,0.017210,0.005162
16.100000,-0.023088,0.043246,-0.009922,-0.076940,-1.080255,0.252632,-0.953071,0.001544,0.009236,-0.068117,-0.682194,0.015284,0.652248,0.017770,0.014879
16.133333,-0.018339,0.041217,0.004112,-0.089034,-1.101847,0.299792,-1.005328,-0.013986,0.005044,-0.064588,-0.685519,0.011397,0.590914,0.006084,0.014981
16.166667,-0.019672,0.051365,0.006714,-0.102238,-1.110318,0.357538,-1.043878,-0.019310,0.006803,-0.078519,-0.687771,0.013860,0.550911,-0.005131,0.014498
16.200000,-0.024588,0.050439,0.010784,-0.119336,-1.104215,0.432240,-1.099236,-0.013656,0.006797,-0.083101,-0.684929,-0.004149,0.513283,-0.007123,0.026000
16.233333,-0.010706,0.037621,0.015884,-0.135354,-1.096683,0.478398,-1.135386,-0.011763,-0.000542,-0.088765,-0.701004,-0.009951,0.491875,-0.002071,0.026524
16.266667,-0.006020,0.035307,0.009307,-0.128530,-1.077463,0.505303,-1.132208,0.000386,0.002583,-0.090398,-0.708170,0.009506,0.471504,-0.019971,0.018214
16.300000,-0.002390,0.032752,0.005417,-0.126047,-1.088102,0.522234,-1.135319,0.002926,0.000118,-0.098549,-0.702863,-0.000914,0.461468,-0.019254,0.020539
16.333333,-0.001390,0.016946,0.011010,-0.133399,-1.100926,0.516282,-1.147147,0.009158,0.001231,-0.105531,-0.724433,0.008734,0.458286,-0.010486,0.012183
16.366667,0.010623,0.011671,0.009830,-0.146429,-1.111474,0.493407,-1.133489,0.006754,0.004567,-0.130068,-0.734199,0.022338,0.488780,-0.015475,-0.006367
16.400000,0.003443,0.013668,0.007800,-0.151128,-1.129286,0.493294,-1.126697,0.013795,0.009250,-0.134066,-0.735371,0.025388,0.492957,-0.018459,-0.003487
16.433333,0.001112,0.014038,0.013654,-0.151600,-1.139290,0.511619,-1.119905,0.004175,0.002987,-0.137914,-0.723537,0.008865,0.480746,-0.004289,-0.006159
16.466667,0.009574,0.016721,0.017551,-0.137712,-1.131317,0.541718,-1.089836,0.012586,0.011117,-0.135524,-0.730958,0.002908,0.476182,-0.009033,0.001484
16.500000,0.014862,0.022408,0.018482,-0.125049,-1.142622,0.554701,-1.069328,0.011263,0.002073,-0.130353,-0.721948,-0.003920,0.458730,-0.009069,0.005921
16.533333,-0.002092,0.026254,0.007137,-0.110062,-1.168973,0.565913,-1.068143,0.008879,-0.005744,-0.104353,-0.705130,-0.008533,0.428802,0.000014,0.018762
16.566667,-0.009698,0.037021,0.003434,-0.121940,-1.166602,0.575678,-1.068448,0.007964,0.004628,-0.100155,-0.697197,-0.010793,0.431351,-0.001228,0.031718
16.600000,-0.006227,0.039201,0.004323,-0.141080,-1.182987,0.566963,-1.068752,0.008574,0.011669,-0.099580,-0.718578,-0.013097,0.437804,0.003029,0.039969
16.633333,-0.018981,0.033800,-0.003484,-0.156590,-1.207051,0.535763,-1.085326,0.006955,0.001610,-0.105346,-0.722807,-0.002469,0.435939,0.012043,0.031824
16.666667,-0.016055,0.034184,-0.019953,-0.160082,-1.207608,0.543019,-1.081977,0.013054,0.006523,-0.111029,-0.738055,-0.009731,0.450224,0.015709,0.032485
16.700000,-0.006311,0.035081,-0.006549,-0.174876,-1.201840,0.569039,-1.077343,0.016030,0.008380,-0.129130,-0.757532,-0.019463,0.443847,0.020869,0.036134
16.733333,0.003703,0.025598,-0.002889,-0.158953,-1.206817,0.572591,-1.064192,0.013344,-0.003664,-0.140366,-0.766245,-0.023818,0.410957,0.024569,0.019625
16.766667,-0.000221,0.029017,-0.007952,-0.157043,-1.217530,0.595437,-1.064541,0.013270,-0.002201,-0.145324,-0.761262,-0.012914,0.407098,0.021913,0.019863
16.800000,0.002269,0.030257,-0.001763,-0.163822,-1.219328,0.613363,-1.078750,0.007975,-0.001958,-0.138807,-0.760483,-0.016904,0.408535,0.019957,0.020109
16.833333,-0.000098,0.029863,0.010282,-0.179934,-1.211116,0.609567,-1.096522,-0.002582,-0.001780,-0.141769,-0.749804,-0.013094,0.396105,0.017688,0.022859
16.866667,-0.009862,0.034079,0.008541,-0.185321,-1.191909,0.611489,-1.103213,-0.003809,0.005291,-0.130482,-0.740455,-0.013640,0.411200,0.013691,0.011055
16.900000,-0.014345,0.035230,0.011547,-0.198860,-1.185673,0.638204,-1.128823,-0.002878,0.006590,-0.115056,-0.739776,-0.012481,0.459160,0.013452,0.014593
16.933333,-0.014474,0.027861,0.017477,-0.213441,-1.152621,0.640795,-1.165525,0.001186,0.004136,-0.102570,-0.755965,-0.019586,0.507119,0.017072,0.016365
16.966667,-0.014996,0.035295,0.010810,-0.234132,-1.124801,0.667398,-1.197380,0.000331,0.008820,-0.096494,-0.782993,-0.042107,0.580115,0.010550,0.019958
17.000000,-0.025803,0.033971,0.008213,-0.256998,-1.101052,0.717269,-1.242936,0.002978,0.005184,-0.071673,-0.818875,-0.082102,0.672169,0.010181,0.016588
17.033333,-0.009126,0.029269,0.007701,-0.291046,-1.070550,0.777171,-1.290154,-0.005154,-0.003700,-0.067225,-0.873695,-0.135923,0.770997,0.004330,0.016260
17.066667,-0.002268,0.029527,0.001603,-0.340819,-1.023429,0.841890,-1.323832,-0.003811,0.004159,-0.069922,-0.928832,-0.201790,0.870997,-0.014481,0.021492
17.100000,0.000892,0.032235,-0.000129,-0.375956,-1.006152,0.912791,-1.346450,-0.007299,-0.002867,-0.062369,-0.960633,-0.276143,0.947838,-0.020584,0.019604
17.133333,0.004089,0.023561,0.005393,-0.403119,-0.975825,0.971971,-1.349151,-0.011667,-0.005223,-0.067350,-0.989415,-0.332578,0.989758,-0.014328,0.008806
17.166667,0.017724,0.020918,0.006516,-0.422503,-0.955487,0.992726,-1.355318,-0.016822,-0.014492,-0.094590,-1.024657,-0.358428,0.991678,-0.020011,0.005746
17.200000,0.013729,0.019251,0.010256,-0.425727,-0.958513,0.991904,-1.353428,-0.011906,-0.013226,-0.109982,-1.067568,-0.366361,0.953597,-0.013281,0.009935
17.233333,0.008232,0.024377,0.020588,-0.407877,-0.963780,0.991171,-1.331976,-0.010881,-0.020168,-0.122143,-1.097775,-0.368856,0.878156,0.005801,0.007114
17.266667,0.023196,0.034948,0.029128,-0.404422,-0.942230,0.984285,-1.299072,-0.005339,-0.000782,-0.129356,-1.155859,-0.368516,0.817945,0.002382,0.012147
17.300000,0.024075,0.040745,0.036517,-0.399650,-0.956582,0.961199,-1.290933,-0.003735,0.001717,-0.135915,-1.195692,-0.366554,0.754165,0.000708,0.018226
17.333333,0.016397,0.042849,0.026773,-0.385571,-0.952230,0.960099,-1.283484,0.007537,0.005040,-0.129421,-1.224561,-0.372096,0.724493,0.007597,0.020962
17.366667,0.012318,0.052801,0.026011,-0.391594,-0.947714,0.977163,-1.266510,-0.000307,0.014503,-0.135288,-1.233367,-0.399451,0.734821,0.007530,0.028674
17.400000,0.015653,0.045519,0.024412,-0.395179,-0.959634,0.962624,-1.277183,-0.005565,0.012473,-0.133747,-1.236316,-0.427323,0.746223,0.007508,0.026340
17.433333,0.002544,0.038566,0.012341,-0.384041,-0.979969,0.955851,-1.300937,-0.011855,-0.000189,-0.156020,-1.206495,-0.445758,0.753857,0.017150,0.022281
17.466667,-0.001161,0.038987,0.003046,-0.380634,-0.981388,0.957805,-1.320065,-0.007905,-0.004124,-0.152224,-1.196057,-0.483732,0.783888,0.014476,0.032141
17.500000,-0.003049,0.037923,0.015821,-0.380719,-1.000147,0.950941,-1.316185,-0.014331,0.000963,-0.163555,-1.189377,-0.525855,0.804757,0.011903,0.030174
17.533333,-0.001138,0.033071,0.014151,-0.352188,-1.014260,0.930782,-1.328757,-0.006804,-0.003041,-0.163133,-1.191235,-0.555291,0.800977,0.011480,0.025913
17.566667,-0.002723,0.030909,0.014048,-0.346172,-1.030817,0.928498,-1.330116,-0.001040,0.004328,-0.171334,-1.187921,-0.584560,0.833485,0.003427,0.031106
17.600000,-0.004161,0.025157,0.017912,-0.340370,-1.033929,0.919409,-1.330992,-0.000073,-0.002596,-0.168474,-1.198597,-0.612680,0.853488,-0.000872,0.024289
17.633333,0.000177,0.021984,0.025626,-0.338784,-1.017229,0.912722,-1.314486,-0.005648,-0.001774,-0.191033,-1.192575,-0.634020,0.868819,0.005444,0.010127
17.666667,0.001439,0.026379,0.021146,-0.337748,-1.001353,0.931291,-1.303947,-0.001651,0.004209,-0.207810,-1.189810,-0.648606,0.886503,0.001349,0.006097
17.700000,-0.000623,0.023294,0.022953,-0.344616,-0.996048,0.932055,-1.299561,-0.000434,0.000245,-0.209342,-1.176904,-0.653465,0.914044,0.002475,0.002779
17.733333,0.006839,0.022012,0.014952,-0.327896,-0.976351,0.928145,-1.274155,-0.003745,-0.004331,-0.225850,-1.191346,-0.663740,0.941585,0.008591,-0.005000
17.766667,0.008364,0.024452,0.007219,-0.317372,-0.988812,0.907368,-1.267935,-0.004866,-0.003924,-0.224916,-1.187593,-0.669274,0.961992,0.008505,0.000417
17.800000,0.003505,0.026242,0.005542,-0.301873,-1.015451,0.889697,-1.260168,-0.001597,-0.002988,-0.213729,-1.191429,-0.667363,0.992973,0.006264,0.003687
17.833333,0.001145,0.021214,0.011535,-0.291449,-1.022086,0.844526,-1.260943,-0.001554,-0.008225,-0.201588,-1.173037,-0.668332,1.017181,0.004710,0.013847
17.866667,0.006009,0.027145,0.014400,-0.300250,-1.024658,0.802244,-1.239231,-0.002569,0.001531,-0.200237,-1.180160,-0.665578,1.056183,-0.001136,0.017067
17.900000,-0.002043,0.029121,0.022569,-0.300474,-1.050838,0.766358,-1.228111,-0.003435,-0.000844,-0.178585,-1.147768,-0.666162,1.069107,-0.000714,0.018602
17.933333,-0.005306,0.024929,0.030948,-0.296027,-1.061084,0.750472,-1.203126,-0.001830,0.000168,-0.176933,-1.132352,-0.671443,1.093366,0.000120,0.014960
17.966667,-0.001736,0.020094,0.032986,-0.283580,-1.057154,0.713856,-1.161698,0.011185,-0.003515,-0.154263,-1.106660,-0.650947,1.087818,0.005733,0.008824
18.000000,0.003138,0.019885,0.033220,-0.288863,-1.061822,0.692125,-1.105097,0.015039,0.002770,-0.128470,-1.087748,-0.613260,1.084169,0.004800,0.002610
18.033333,-0.004583,0.013328,0.027916,-0.285309,-1.053840,0.684914,-1.067634,0.019577,-0.007519,-0.099941,-1.056447,-0.561708,1.061237,0.009222,-0.002826
18.066667,-0.012895,0.017035,0.021044,-0.304314,-1.027151,0.688978,-1.045740,0.021287,-0.006940,-0.079706,-1.032680,-0.481708,1.063278,0.012700,-0.007099
18.100000,-0.013622,0.019414,0.014476,-0.335037,-0.994245,0.713042,-1.040623,0.016588,-0.009540,-0.051767,-1.024973,-0.384950,1.055989,0.010453,-0.007888
18.133333,-0.020495,0.022926,0.008882,-0.376619,-0.991725,0.761351,-1.063044,0.006210,-0.007270,-0.046243,-1.037730,-0.293855,1.070271,-0.000037,-0.006237
18.166667,-0.038481,0.025397,-0.009875,-0.392128,-0.995794,0.822275,-1.102160,0.007215,-0.022257,-0.043084,-1.031960,-0.232907,1.090024,0.003792,-0.013568
18.200000,-0.036629,0.027721,-0.015572,-0.422622,-0.991881,0.905790,-1.151890,0.008861,-0.024154,-0.042077,-1.038579,-0.210486,1.116875,0.010043,-0.002206
18.233333,-0.032977,0.023906,-0.010749,-0.453901,-1.003057,0.967742,-1.200280,0.009289,-0.025734,-0.037631,-1.056938,-0.191228,1.120640,0.002195,0.000491
18.266667,-0.041476,0.023248,-0.016629,-0.459098,-1.026527,1.001878,-1.232902,0.020164,-0.035527,-0.027736,-1.042169,-0.171908,1.131530,-0.009627,0.004342
18.300000,-0.045588,0.031898,-0.018429,-0.479255,-1.029147,1.051768,-1.257313,0.022448,-0.028115,-0.029211,-1.046938,-0.186924,1.160848,-0.004064,0.014603
18.333333,-0.034880,0.030431,-0.003582,-0.508544,-1.038540,1.081705,-1.277936,0.017299,-0.021874,-0.025765,-1.069236,-0.187033,1.162269,-0.004715,0.019066
18.366667,-0.030695,0.029681,0.001578,-0.513059,-1.034220,1.079470,-1.265453,0.023423,-0.010189,-0.030253,-1.067741,-0.170634,1.140895,-0.020181,0.009096
18.400000,-0.030115,0.042699,0.000350,-0.512654,-1.033520,1.084214,-1.252832,0.018775,-0.007047,-0.018930,-1.050968,-0.179030,1.118959,-0.025585,0.018067
18.433333,-0.023855,0.042151,0.009620,-0.530690,-1.025874,1.090689,-1.239484,0.014970,0.004946,-0.031012,-1.071263,-0.184246,1.105606,-0.011903,0.011209
18.466667,-0.016403,0.037605,0.012670,-0.518466,-1.023527,1.064791,-1.218140,0.016615,-0.001838,-0.047394,-1.076535,-0.171743,1.063904,-0.008762,0.002382
18.500000,-0.014047,0.037268,0.010901,-0.506112,-1.033177,1.026889,-1.187960,0.016023,0.002715,-0.053303,-1.066046,-0.168640,1.036958,-0.007692,0.012839
18.533333,-0.019026,0.038317,0.013331,-0.480237,-1.058950,0.981160,-1.157779,0.006994,-0.005953,-0.052858,-1.074924,-0.143517,1.026461,-0.000920,0.011572
18.566667,-0.010676,0.031820,0.018004,-0.448192,-1.065630,0.910743,-1.101056,0.019711,-0.001117,-0.068237,-1.107868,-0.104570,1.029842,0.004256,0.002785
18.600000,-0.008808,0.033758,0.023994,-0.406904,-1.068409,0.826414,-1.024048,0.027318,0.007766,-0.083908,-1.115478,-0.089767,1.018133,-0.001253,0.004543
18.633333,-0.011319,0.028086,0.023931,-0.366101,-1.056353,0.734457,-0.935712,0.024279,0.007654,-0.070069,-1.098109,-0.069281,0.994772,-0.005847,0.005436
18.666667,-0.011268,0.028089,0.026969,-0.311642,-1.010340,0.634457,-0.835712,0.027166,0.007338,-0.089240,-1.083902,-0.045757,0.956655,-0.007830,-0.011710
18.700000,-0.003461,0.023746,0.025092,-0.266232,-0.948204,0.534457,-0.748886,0.025454,-0.006686,-0.124931,-1.048583,-0.038898,0.897069,-0.006953,-0.013584
18.733333,-0.010951,0.018674,0.023861,-0.227696,-0.872354,0.434457,-0.702061,0.016423,-0.013628,-0.148394,-0.987650,-0.038036,0.808356,-0.002641,-0.013980
18.766667,-0.014891,0.020963,0.015059,-0.177076,-0.779546,0.334457,-0.695236,0.012646,-0.017441,-0.154966,-0.912051,-0.028687,0.708356,-0.007960,-0.013084
18.800000,-0.016052,0.030281,0.018670,-0.147001,-0.686739,0.234457,-0.728411,0.013557,-0.007525,-0.172209,-0.858747,-0.019415,0.620385,-0.008691,-0.005210
18.833333,-0.018910,0.028307,0.015586,-0.118357,-0.618942,0.134457,-0.801585,0.011309,-0.012582,-0.177698,-0.820032,-0.010392,0.560519,-0.006677,0.000507
18.866667,-0.028726,0.026045,0.006237,-0.088980,-0.571549,0.044974,-0.901585,0.018804,-0.005785,-0.160988,-0.766855,-0.007133,0.530606,0.000122,0.008490
18.900000,-0.025343,0.035478,0.004014,-0.073815,-0.545190,-0.022607,-1.001585,0.018947,-0.009444,-0.155835,-0.750744,-0.008194,0.517353,0.003140,0.011424
18.933333,-0.026001,0.032576,0.006883,-0.085714,-0.554817,-0.069868,-1.080455,0.012666,-0.022374,-0.161205,-0.751340,0.000257,0.504508,0.013341,0.007603
18.966667,-0.027777,0.030285,-0.008384,-0.106843,-0.604445,-0.077129,-1.119324,0.023100,-0.029683,-0.180547,-0.769640,0.005845,0.519634,0.022713,-0.000378
19.000000,-0.020571,0.034732,-0.010192,-0.157268,-0.669062,-0.044391,-1.118193,0.023301,-0.024602,-0.171643,-0.803293,-0.006280,0.525909,0.028704,0.005184
19.033333,-0.016923,0.040619,-0.003391,-0.237670,-0.753275,0.017831,-1.077062,0.017699,-0.017919,-0.175878,-0.866492,0.002081,0.509121,0.021382,-0.003578
19.066667,-0.022943,0.040922,-0.009188,-0.309148,-0.849262,0.098151,-1.028056,0.014827,-0.012649,-0.187058,-0.905221,0.010314,0.487462,0.017836,-0.008997
19.100000,-0.020624,0.042814,-0.006383,-0.383893,-0.949262,0.198151,-0.981722,0.012298,-0.005298,-0.198506,-0.947491,-0.013479,0.491736,0.020876,-0.000215
19.133333,-0.019092,0.038241,0.007000,-0.444513,-1.017001,0.298151,-0.959195,-0.003309,-0.006619,-0.194271,-0.965582,-0.020732,0.456009,0.010029,-0.000867
19.166667,-0.023430,0.048034,0.008937,-0.483574,-1.065760,0.398151,-0.947698,-0.008524,-0.005768,-0.208314,-0.957439,-0.018974,0.431620,-0.000893,0.001438
19.200000,-0.027089,0.046161,0.013096,-0.509593,-1.096148,0.498151,-0.976200,-0.003849,-0.007599,-0.208938,-0.946137,-0.036924,0.418922,-0.001756,0.012673
19.233333,-0.015255,0.032621,0.018260,-0.531995,-1.107072,0.591980,-0.998469,-0.004113,-0.015915,-0.208047,-0.955559,-0.041300,0.425844,0.001042,0.012995
19.266667,-0.010606,0.030609,0.012752,-0.544573,-1.092888,0.669137,-1.009545,0.007391,-0.012286,-0.195232,-0.962151,-0.016502,0.446426,-0.015992,0.004895
19.300000,-0.003723,0.029807,0.008466,-0.564451,-1.097285,0.733670,-1.036812,0.011051,-0.014971,-0.176149,-0.961910,-0.015193,0.507008,-0.014503,0.010713
19.333333,-0.001779,0.014923,0.014093,-0.594862,-1.097938,0.769731,-1.093051,0.016432,-0.012520,-0.150679,-0.990956,0.006700,0.576998,-0.005473,0.002114
19.366667,0.010345,0.010909,0.012232,-0.612385,-1.096319,0.765793,-1.140241,0.013425,-0.009416,-0.139348,-1.017975,0.042024,0.668409,-0.012282,-0.014777
19.400000,0.004112,0.014618,0.008927,-0.617114,-1.107097,0.728025,-1.201538,0.020632,-0.003083,-0.098823,-1.048740,0.075802,0.768409,-0.015650,-0.012262
19.433333,0.002470,0.016123,0.013900,-0.601338,-1.111725,0.679554,-1.254578,0.013339,-0.006799,-0.066244,-1.070282,0.089972,0.868409,0.000221,-0.013528
19.466667,0.009475,0.018979,0.017592,-0.552385,-1.096550,0.609432,-1.267617,0.021118,0.001287,-0.041299,-1.107488,0.108183,0.968409,-0.003877,-0.007854
19.500000,0.015940,0.025460,0.018983,-0.474457,-1.092464,0.527781,-1.250052,0.020750,-0.008114,-0.017424,-1.137006,0.120459,1.068409,-0.004843,-0.000139
19.533333,-0.000727,0.030110,0.009427,-0.382461,-1.091014,0.446131,-1.232801,0.016132,-0.014804,0.020162,-1.145971,0.121355,1.168409,0.004491,0.014467
19.566667,-0.007372,0.041580,0.007452,-0.300578,-1.056630,0.364480,-1.215442,0.013109,-0.004527,0.029836,-1.150758,0.111873,1.265263,0.003829,0.026392
19.600000,-0.004969,0.044746,0.009715,-0.220708,-1.023778,0.270205,-1.195995,0.012802,0.002802,0.037101,-1.167894,0.091958,1.322118,0.004150,0.034305
19.633333,-0.015548,0.039559,0.003943,-0.150206,-0.999138,0.170205,-1.209771,0.009605,-0.008227,0.039635,-1.160819,0.084370,1.340843,0.011659,0.025047
19.666667,-0.012682,0.039952,-0.010377,-0.095896,-0.953699,0.079221,-1.218862,0.015789,-0.001525,0.041299,-1.150724,0.058811,1.354741,0.014280,0.021508
19.700000,-0.003061,0.041807,0.003490,-0.068913,-0.905321,0.001714,-1.226604,0.019298,0.000495,0.028815,-1.145391,0.033548,1.333935,0.017237,0.022119
19.733333,0.006320,0.032788,0.007750,-0.034391,-0.862929,-0.064937,-1.206438,0.017946,-0.012532,0.023048,-1.127763,0.016272,1.277633,0.018085,0.008619
19.766667,0.002735,0.034941,0.003521,-0.026316,-0.841344,-0.091589,-1.189675,0.014425,-0.012065,0.015095,-1.099939,0.017688,1.260588,0.017015,0.007780
19.800000,0.004811,0.036223,0.010527,-0.028006,-0.805031,-0.102284,-1.167742,0.009959,-0.009942,0.018601,-1.081821,0.002190,1.241673,0.017340,0.008998
19.833333,0.001124,0.036329,0.022930,-0.045526,-0.761153,-0.097580,-1.141100,-0.000088,-0.012732,0.004364,-1.053497,-0.009324,1.187586,0.016692,0.012068
19.866667,-0.008205,0.041503,0.021153,-0.061966,-0.698220,-0.078313,-1.084542,0.001329,-0.005466,-0.001278,-1.024313,-0.028123,1.133221,0.010514,0.002865
19.900000,-0.013162,0.042167,0.024359,-0.091121,-0.648855,-0.032329,-1.015999,0.003055,-0.005217,-0.013428,-1.004851,-0.052781,1.094912,0.012745,0.003766
19.933333,-0.014133,0.036524,0.029894,-0.121948,-0.574932,-0.016162,-0.944054,0.007971,-0.008644,-0.025172,-1.001056,-0.080371,1.048168,0.017082,0.006316
19.966667,-0.015410,0.043853,0.021572,-0.151435,-0.516230,-0.000124,-0.844054,0.007875,-0.007710,-0.051525,-0.989372,-0.117810,1.041424,0.010323,0.010041
20.000000,-0.026140,0.042980,0.016943,-0.167167,-0.468209,0.023245,-0.744054,0.008129,-0.010744,-0.052930,-0.983126,-0.152789,1.062207,0.008361,0.006465
20.033333,-0.012389,0.038191,0.015131,-0.172303,-0.426269,0.018572,-0.668209,-0.000077,-0.019995,-0.066893,-0.989632,-0.201179,1.117972,0.006064,0.004529
20.066667,-0.006509,0.039752,0.006966,-0.173296,-0.375387,0.000888,-0.632364,-0.001312,-0.011384,-0.076991,-0.995971,-0.264260,1.196322,-0.011681,0.010607
20.100000,-0.005269,0.041719,0.003776,-0.152299,-0.357103,-0.013189,-0.636519,-0.002643,-0.017869,-0.070021,-0.981000,-0.340114,1.271360,-0.018324,0.009571
20.133333,-0.002367,0.031842,0.008426,-0.129021,-0.335473,-0.016294,-0.680674,-0.009508,-0.018185,-0.068757,-0.976675,-0.405553,1.325070,-0.012199,-0.001149
20.166667,0.012524,0.029683,0.008930,-0.113507,-0.330617,-0.049608,-0.764829,-0.015059,-0.023547,-0.079574,-0.986473,-0.456472,1.368178,-0.016974,-0.002135
20.200000,0.009391,0.027822,0.012377,-0.099632,-0.351834,-0.067846,-0.864829,-0.010513,-0.020948,-0.078021,-1.000279,-0.486491,1.398399,-0.009873,0.003343
20.233333,0.004941,0.033001,0.023854,-0.078483,-0.382418,-0.070642,-0.959634,-0.008045,-0.026201,-0.074921,-1.004034,-0.498957,1.404732,0.007175,0.001924
20.266667,0.022859,0.044419,0.032480,-0.084605,-0.392582,-0.069581,-1.014439,-0.003983,-0.006328,-0.068224,-1.043086,-0.491387,1.407512,0.002021,0.006743
20.300000,0.021998,0.052486,0.041132,-0.092880,-0.430870,-0.081963,-1.063049,0.001640,-0.001932,-0.062862,-1.074513,-0.474804,1.391620,-0.001082,0.013818
20.333333,0.010912,0.056002,0.032698,-0.086835,-0.451613,-0.078606,-1.088844,0.015362,0.002472,-0.053310,-1.094667,-0.464321,1.390674,0.003869,0.017236
20.366667,0.007703,0.065936,0.032186,-0.103498,-0.480200,-0.050324,-1.074638,0.009625,0.011037,-0.063262,-1.113320,-0.474737,1.399820,0.003236,0.024217
20.400000,0.010367,0.056937,0.030681,-0.124424,-0.528810,-0.040174,-1.031988,0.007015,0.007874,-0.074886,-1.124795,-0.507216,1.392855,0.005086,0.022211
20.433333,-0.003017,0.048597,0.017928,-0.132035,-0.598719,-0.008582,-0.998814,0.003415,-0.004594,-0.112803,-1.104722,-0.541175,1.361932,0.016261,0.018274
20.466667,-0.005077,0.048135,0.006627,-0.149433,-0.668627,0.023453,-0.954490,0.006969,-0.009440,-0.121689,-1.102699,-0.593547,1.344807,0.013754,0.026589
20.500000,-0.006512,0.043904,0.017173,-0.174735,-0.768627,0.050574,-0.892982,0.003070,-0.006186,-0.144893,-1.108838,-0.637585,1.305159,0.013295,0.023452
20.533333,-0.003024,0.036957,0.013433,-0.168536,-0.868627,0.060114,-0.841549,0.014044,-0.010329,-0.147518,-1.125585,-0.644937,1.228305,0.012881,0.016982
20.566667,-0.004697,0.034803,0.011374,-0.184015,-0.968627,0.072635,-0.791660,0.021864,-0.002545,-0.152517,-1.149634,-0.612288,1.151452,0.004400,0.021660
20.600000,-0.007981,0.028229,0.014091,-0.195634,-1.068627,0.060367,-0.732296,0.022796,-0.011683,-0.151240,-1.189861,-0.562147,1.074598,0.000115,0.016081
20.633333,-0.002728,0.024774,0.020175,-0.207190,-1.128627,0.053950,-0.664034,0.019897,-0.011446,-0.176348,-1.207332,-0.476138,0.983947,0.005347,0.000720
20.666667,0.000467,0.029448,0.014968,-0.213406,-1.162483,0.075171,-0.600746,0.023994,-0.008183,-0.197956,-1.209700,-0.379451,0.883947,0.002103,-0.003970
20.700000,-0.001272,0.025907,0.015765,-0.226739,-1.184387,0.073972,-0.547238,0.022296,-0.012462,-0.209399,-1.178496,-0.279451,0.783947,0.003029,-0.004710
20.733333,0.007268,0.024347,0.007095,-0.211127,-1.172681,0.080872,-0.500022,0.018491,-0.017604,-0.234372,-1.160540,-0.196788,0.708300,0.009125,-0.013182
20.766667,0.012109,0.027609,-0.000500,-0.195451,-1.120974,0.084728,-0.492807,0.016706,-0.016469,-0.235337,-1.117953,-0.118363,0.640237,0.009069,-0.011840
20.800000,0.007474,0.029466,-0.002777,-0.169671,-1.069267,0.108934,-0.511832,0.015136,-0.016729,-0.220647,-1.074791,-0.059011,0.595916,0.008152,-0.008736
20.833333,0.006992,0.025073,0.003262,-0.151246,-1.003704,0.112280,-0.565884,0.011246,-0.022417,-0.203939,-1.011197,-0.014830,0.569610,0.005364,0.001177
20.866667,0.009920,0.032275,0.006748,-0.152765,-0.910094,0.122301,-0.640081,0.008960,-0.014526,-0.198512,-0.947604,0.013018,0.582938,-0.000225,0.005282
20.900000,0.004650,0.035337,0.013844,-0.145414,-0.819221,0.130450,-0.740081,0.003593,-0.018110,-0.173937,-0.847604,0.031507,0.571914,-0.000650,0.006944
20.933333,0.003050,0.031495,0.020993,-0.137144,-0.748349,0.147339,-0.840082,0.002642,-0.017983,-0.169363,-0.757787,0.034234,0.566407,-0.000759,0.005670
20.966667,0.006358,0.025646,0.027296,-0.132465,-0.682781,0.164228,-0.928970,0.010970,-0.017246,-0.189270,-0.707971,0.016034,0.577158,0.003234,0.004283
21.000000,0.010242,0.025932,0.031370,-0.142208,-0.645665,0.201978,-1.010812,0.008892,-0.006041,-0.225856,-0.698154,-0.026994,0.609894,-0.000486,0.003098
21.033333,0.005671,0.019307,0.029895,-0.136882,-0.627193,0.273052,-1.077141,0.006443,-0.009690,-0.286708,-0.728338,-0.093690,0.642996,0.002093,-0.000618
21.066667,-0.003758,0.022762,0.027341,-0.150468,-0.618259,0.353052,-1.122954,0.003888,-0.003591,-0.366708,-0.798522,-0.173690,0.716098,0.004364,-0.002457
21.100000,-0.008071,0.025117,0.024760,-0.168939,-0.602734,0.451561,-1.145774,-0.004830,-0.001506,-0.466708,-0.898522,-0.273690,0.816098,0.002971,0.000495
21.133333,-0.014419,0.030323,0.020374,-0.189062,-0.611000,0.518871,-1.159745,-0.016226,0.001449,-0.566708,-0.998522,-0.373690,0.916098,-0.004636,0.004439
21.166667,-0.031784,0.030886,0.001012,-0.175562,-0.612236,0.560931,-1.140761,-0.014761,-0.016443,-0.666708,-1.063565,-0.473690,1.016098,0.003008,-0.002664
21.200000,-0.030699,0.034239,-0.005268,-0.167442,-0.610525,0.562991,-1.097291,-0.013362,-0.020273,-0.747407,-1.101897,-0.573690,1.116098,0.009307,0.005036
21.233333,-0.026932,0.029976,-0.001193,-0.149982,-0.626700,0.525051,-1.054702,-0.011946,-0.023628,-0.809855,-1.114925,-0.673690,1.216098,0.002705,0.007341
21.266667,-0.032222,0.029583,-0.007287,-0.110382,-0.669466,0.448602,-1.035105,-0.002139,-0.033589,-0.832303,-1.087954,-0.773690,1.276098,-0.008247,0.008075
21.300000,-0.034960,0.036503,-0.010060,-0.088251,-0.723137,0.363352,-1.035469,0.002804,-0.029110,-0.814751,-1.060982,-0.841883,1.296098,-0.007499,0.014424
21.333333,-0.024903,0.035828,0.003654,-0.091386,-0.792990,0.263352,-1.074908,0.001097,-0.021093,-0.757199,-1.045129,-0.870076,1.276098,-0.011233,0.013608
21.366667,-0.019033,0.032982,0.007182,-0.089821,-0.853340,0.163352,-1.116630,0.010973,-0.010721,-0.678948,-1.033435,-0.858268,1.216098,-0.027109,0.003667
21.400000,-0.017242,0.044852,0.005665,-0.095014,-0.917139,0.063352,-1.168159,0.007648,-0.009879,-0.578948,-1.009432,-0.806461,1.116098,-0.034337,0.011641
21.433333,-0.011261,0.042935,0.013604,-0.118569,-0.968615,-0.025895,-1.200096,0.007104,-0.001404,-0.478948,-1.025430,-0.714654,1.016098,-0.025250,0.002423
21.466667,-0.003189,0.037988,0.015015,-0.114486,-0.989947,-0.086220,-1.205731,0.008316,-0.009151,-0.379705,-1.021570,-0.614654,0.916098,-0.022602,-0.006961
21.500000,0.001475,0.037834,0.013198,-0.108076,-1.004808,-0.124570,-1.191634,0.006594,-0.006927,-0.289840,-1.001549,-0.514654,0.816098,-0.021297,0.005326
21.533333,-0.004575,0.039095,0.015880,-0.092440,-1.026204,-0.143204,-1.182087,-0.003436,-0.014669,-0.212768,-0.998235,-0.414654,0.716098,-0.013134,0.005168
21.566667,0.002139,0.032240,0.020053,-0.084344,-1.028738,-0.135327,-1.158797,0.009455,-0.009106,-0.154326,-1.020305,-0.314654,0.656098,-0.008629,-0.001821
21.600000,0.003017,0.034185,0.025951,-0.083287,-1.027738,-0.099248,-1.115099,0.016590,0.001770,-0.120616,-1.015664,-0.214654,0.636098,-0.013402,0.002198
21.633333,-0.002695,0.028474,0.024112,-0.107044,-1.036369,-0.052091,-1.073687,0.015314,0.005032,-0.098741,-0.990881,-0.120362,0.656098,-0.017857,0.005225
21.666667,-0.005738,0.027804,0.023669,-0.145440,-1.036431,0.013092,-1.052933,0.020231,0.009775,-0.107488,-0.988923,-0.040751,0.716098,-0.021295,-0.010580
21.700000,0.001353,0.022648,0.018656,-0.211884,-1.041907,0.098558,-1.065347,0.020830,-0.000947,-0.130848,-0.982438,0.030985,0.816098,-0.020847,-0.009357
21.733333,-0.007168,0.016730,0.013554,-0.294461,-1.056517,0.197513,-1.101331,0.015287,-0.004757,-0.143972,-0.961459,0.078297,0.916098,-0.015545,-0.008626
21.766667,-0.013691,0.017238,0.002917,-0.391638,-1.056009,0.297513,-1.177315,0.014152,-0.004388,-0.152686,-0.934462,0.110110,1.016098,-0.018788,-0.005897
21.800000,-0.014549,0.024402,0.006123,-0.491638,-1.055964,0.397513,-1.272712,0.017329,0.005289,-0.171515,-0.945350,0.127503,1.116098,-0.014733,0.003946
21.833333,-0.017287,0.020663,0.003404,-0.591638,-1.060853,0.497513,-1.354486,0.017167,-0.002029,-0.176012,-0.953782,0.141461,1.216098,-0.010634,0.012651
21.866667,-0.026911,0.019000,-0.004431,-0.691638,-1.064003,0.597513,-1.407970,0.024413,0.003652,-0.164136,-0.932584,0.139471,1.316098,-0.003812,0.019296
21.900000,-0.024319,0.028113,-0.004639,-0.751638,-1.043771,0.697513,-1.444733,0.022489,-0.001009,-0.165246,-0.936511,0.143688,1.406878,-0.000581,0.019830
21.933333,-0.024780,0.024697,-0.001372,-0.771638,-1.014513,0.757513,-1.441495,0.016188,-0.014677,-0.168637,-0.933168,0.153348,1.463984,0.009158,0.015397
21.966667,-0.025195,0.022367,-0.016330,-0.751638,-0.965307,0.777513,-1.402860,0.024731,-0.022322,-0.179617,-0.924801,0.158188,1.514288,0.014282,0.006220
22.000000,-0.018945,0.028230,-0.015802,-0.691638,-0.902505,0.757513,-1.337848,0.022064,-0.016312,-0.164930,-0.906364,0.141150,1.535871,0.018804,0.012110
22.033333,-0.016453,0.033337,-0.008063,-0.591638,-0.859724,0.697513,-1.282889,0.013928,-0.010399,-0.150762,-0.916019,0.146466,1.527108,0.010126,0.003814
22.066667,-0.022406,0.035192,-0.013406,-0.491638,-0.850053,0.597513,-1.244651,0.009120,-0.003230,-0.140729,-0.899863,0.143463,1.512772,0.005089,0.000307
22.100000,-0.019013,0.039192,-0.008916,-0.391638,-0.874663,0.497513,-1.230865,0.005627,0.004187,-0.132165,-0.903198,0.110518,1.512797,0.007198,0.009664
22.133333,-0.018241,0.037694,0.005643,-0.329403,-0.908631,0.415514,-1.254721,-0.010056,0.002527,-0.106919,-0.884474,0.101848,1.484343,-0.002406,0.008588
22.166667,-0.020824,0.047193,0.006390,-0.307168,-0.961328,0.373514,-1.298555,-0.012196,0.004109,-0.099096,-0.863019,0.108233,1.464160,-0.012389,0.007690
22.200000,-0.024089,0.047010,0.007615,-0.324934,-0.998133,0.371515,-1.360627,-0.005872,0.003728,-0.088538,-0.846091,0.105196,1.455937,-0.014297,0.018302
22.233333,-0.011113,0.035076,0.010910,-0.382699,-1.018248,0.409515,-1.410742,-0.001821,-0.005907,-0.084549,-0.856572,0.116113,1.442644,-0.010642,0.020608
22.266667,-0.005367,0.033181,0.002410,-0.480464,-1.017316,0.487515,-1.439173,0.010316,-0.004869,-0.076203,-0.868005,0.158494,1.446124,-0.028025,0.015187
22.300000,0.000200,0.031027,-0.002396,-0.580464,-1.025288,0.587515,-1.463355,0.014444,-0.007032,-0.082051,-0.869208,0.167462,1.459782,-0.028831,0.018650
22.333333,0.000769,0.016044,0.004505,-0.640464,-1.010369,0.687515,-1.478632,0.017064,-0.007786,-0.089379,-0.901514,0.185523,1.485955,-0.020802,0.010841
22.366667,0.011287,0.011119,0.006225,-0.660464,-0.981871,0.747515,-1.457088,0.013187,-0.006285,-0.124717,-0.913801,0.189284,1.513722,-0.026040,-0.007227
22.400000,0.003138,0.012282,0.006491,-0.640464,-0.942747,0.767515,-1.435849,0.015385,0.000553,-0.135755,-0.923824,0.179335,1.536851,-0.030786,-0.008013
22.433333,0.001111,0.012742,0.015743,-0.580464,-0.895786,0.747515,-1.414965,0.006872,-0.003792,-0.148362,-0.916704,0.143569,1.534783,-0.016597,-0.012119
22.466667,0.010994,0.015711,0.020711,-0.480464,-0.840104,0.687515,-1.371498,0.013161,0.003577,-0.150847,-0.931149,0.123450,1.531432,-0.019395,-0.005466
22.500000,0.017550,0.023080,0.022863,-0.380464,-0.809309,0.587515,-1.333638,0.013330,-0.004032,-0.144112,-0.935414,0.108878,1.517233,-0.023094,-0.001826
22.533333,0.003320,0.027369,0.012017,-0.280465,-0.799522,0.487515,-1.310124,0.009968,-0.010794,-0.109604,-0.931802,0.103370,1.506634,-0.016600,0.012380
22.566667,-0.003953,0.039942,0.008720,-0.202780,-0.777049,0.387515,-1.264561,0.010551,-0.001182,-0.094207,-0.930453,0.108550,1.511134,-0.016093,0.024794
22.600000,-0.000732,0.042921,0.008983,-0.137715,-0.775351,0.287515,-1.215876,0.009346,0.006373,-0.076438,-0.952879,0.115189,1.512931,-0.015538,0.034504
22.633333,-0.014482,0.037191,0.001271,-0.086280,-0.785882,0.187515,-1.156381,0.007538,-0.004463,-0.063810,-0.958943,0.129289,1.505984,-0.008534,0.025610
22.666667,-0.013616,0.036055,-0.015472,-0.051134,-0.778368,0.101064,-1.080205,0.013576,0.002237,-0.055061,-0.969631,0.120920,1.514578,-0.003435,0.026124
22.700000,-0.006910,0.036756,-0.002373,-0.045845,-0.768684,0.027729,-0.986506,0.017561,0.002670,-0.060684,-0.987057,0.112294,1.502948,0.003520,0.027493
22.733333,0.002596,0.026035,0.001291,-0.028703,-0.771215,-0.036301,-0.888662,0.015697,-0.010076,-0.062230,-0.989148,0.107446,1.467348,0.005438,0.014264
22.766667,-0.002914,0.028492,-0.003958,-0.024043,-0.787575,-0.060332,-0.820970,0.015509,-0.010445,-0.067016,-0.976988,0.113105,1.462190,0.006587,0.011654
22.800000,-0.001107,0.029338,0.002119,-0.019265,-0.792442,-0.084362,-0.793278,0.012557,-0.009910,-0.060833,-0.968139,0.111283,1.467033,0.008699,0.012962
22.833333,-0.002458,0.028874,0.014219,-0.021290,-0.798049,-0.111228,-0.805586,0.002143,-0.010987,-0.069906,-0.943061,0.118378,1.452598,0.008445,0.016473
22.866667,-0.009983,0.033525,0.013235,-0.016392,-0.808520,-0.124168,-0.857893,0.001611,-0.002000,-0.072363,-0.910238,0.122475,1.465340,0.001644,0.007341
22.900000,-0.013906,0.034696,0.015833,-0.033605,-0.846778,-0.106412,-0.948045,0.002781,-0.001316,-0.078402,-0.879251,0.125473,1.497459,0.003628,0.007137
22.933333,-0.013250,0.026898,0.020562,-0.065717,-0.885035,-0.088655,-1.048045,0.005587,-0.003421,-0.101354,-0.859329,0.125738,1.513059,0.006682,0.010451
22.966667,-0.013833,0.034832,0.011535,-0.124317,-0.953014,-0.030899,-1.148045,0.003550,-0.000024,-0.152444,-0.841758,0.108428,1.533785,-0.001243,0.014930
23.000000,-0.022367,0.033621,0.006225,-0.199824,-1.040885,0.056143,-1.246095,0.004992,-0.003798,-0.214718,-0.846661,0.074969,1.549256,-0.002247,0.011922
23.033333,-0.007649,0.028226,0.003026,-0.292398,-1.114871,0.156143,-1.315541,0.001633,-0.013336,-0.300180,-0.877789,0.020892,1.555858,-0.003648,0.013014
23.066667,-0.003746,0.028198,-0.004397,-0.392398,-1.158415,0.256143,-1.368130,0.004030,-0.005697,-0.399241,-0.917618,-0.060262,1.559339,-0.021705,0.021122
23.100000,-0.002996,0.031203,-0.005781,-0.492398,-1.196429,0.356143,-1.399362,0.002615,-0.011592,-0.499241,-0.940765,-0.156294,1.543658,-0.025493,0.019048
23.133333,0.001347,0.022376,0.002205,-0.592398,-1.194443,0.456143,-1.414591,-0.002833,-0.012775,-0.563760,-0.959954,-0.256294,1.525129,-0.016984,0.008181
23.166667,0.014274,0.020126,0.005760,-0.692398,-1.170943,0.556143,-1.431113,-0.008345,-0.019156,-0.590045,-0.973230,-0.356294,1.513914,-0.020449,0.004492
23.200000,0.011365,0.018506,0.010990,-0.792398,-1.159510,0.656143,-1.450250,-0.005925,-0.016314,-0.586731,-0.978260,-0.456294,1.506540,-0.013766,0.010198
23.233333,0.010165,0.023915,0.023302,-0.871719,-1.153127,0.756143,-1.453564,-0.006365,-0.022228,-0.564700,-0.971887,-0.556294,1.491608,0.005227,0.008180
23.266667,0.027829,0.033964,0.032336,-0.925939,-1.130102,0.856143,-1.452517,-0.001904,-0.002519,-0.514530,-0.998309,-0.656294,1.507111,-0.001325,0.014183
23.300000,0.027965,0.038836,0.039882,-0.945363,-1.147077,0.931320,-1.467473,0.000167,0.001129,-0.491637,-1.017249,-0.756294,1.508397,-0.002992,0.019273
23.333333,0.015442,0.040767,0.031252,-0.942480,-1.157064,0.990367,-1.477292,0.012669,0.003742,-0.479504,-1.028719,-0.856294,1.525955,0.002538,0.024825
23.366667,0.010315,0.049688,0.030427,-0.915122,-1.175531,1.009414,-1.476650,0.003914,0.013158,-0.469562,-1.035043,-0.944070,1.536215,0.002306,0.030897
23.400000,0.011391,0.042001,0.027929,-0.868979,-1.214212,0.988461,-1.505137,-0.000452,0.010980,-0.449893,-1.032699,-0.998108,1.534153,0.001488,0.028607
23.433333,-0.002768,0.034955,0.014291,-0.815786,-1.251542,0.927508,-1.534137,-0.004499,-0.001252,-0.420794,-0.994154,-1.012145,1.505319,0.013255,0.025077
23.466667,-0.007166,0.035842,0.003226,-0.780674,-1.272692,0.851377,-1.548344,0.000582,-0.004792,-0.359899,-0.966180,-0.986183,1.489786,0.010063,0.035160
23.500000,-0.005260,0.034336,0.013101,-0.741324,-1.307945,0.751377,-1.548344,-0.004445,0.000252,-0.286478,-0.936414,-0.920221,1.453078,0.008074,0.030625
23.533333,-0.001186,0.029501,0.008936,-0.686448,-1.334205,0.651377,-1.564794,0.004143,-0.004851,-0.214999,-0.900063,-0.826482,1.406890,0.007587,0.025166
23.566667,-0.001944,0.027421,0.006822,-0.654440,-1.351630,0.555906,-1.564794,0.010059,0.002355,-0.160029,-0.848580,-0.726483,1.397696,0.001224,0.029871
23.600000,-0.002329,0.021310,0.009091,-0.624628,-1.363008,0.460435,-1.570000,0.010369,-0.005577,-0.120889,-0.797939,-0.626483,1.405958,-0.002434,0.024071
23.633333,0.003485,0.017324,0.014289,-0.597757,-1.350566,0.381028,-1.570000,0.004066,-0.005432,-0.116143,-0.740707,-0.526483,1.419109,0.001368,0.011156
23.666667,0.006976,0.020592,0.007249,-0.572999,-1.333458,0.341621,-1.569942,0.006753,-0.002676,-0.140625,-0.693827,-0.426483,1.445235,-0.002628,0.007747
23.700000,0.007887,0.017724,0.007090,-0.566872,-1.328025,0.302214,-1.569942,0.006002,-0.006933,-0.158837,-0.647652,-0.326483,1.483870,-0.001182,0.007153
23.733333,0.015475,0.016345,-0.002825,-0.548175,-1.312499,0.287988,-1.561869,0.003208,-0.011718,-0.188982,-0.641476,-0.226483,1.510058,0.003469,-0.000220
23.766667,0.017068,0.018853,-0.011212,-0.553275,-1.322067,0.293488,-1.561869,0.001331,-0.011883,-0.201751,-0.636711,-0.126483,1.528375,0.004633,0.003422
23.800000,0.013170,0.022319,-0.013600,-0.563179,-1.343586,0.322924,-1.561869,0.003910,-0.010582,-0.207594,-0.642166,-0.050575,1.543850,0.003755,0.005335
23.833333,0.010967,0.017895,-0.006175,-0.584704,-1.346954,0.346297,-1.561927,0.004043,-0.016076,-0.209326,-0.626485,0.009291,1.549798,0.001763,0.017626
23.866667,0.012051,0.022943,-0.001633,-0.627598,-1.336219,0.389725,-1.561927,0.005142,-0.008348,-0.221183,-0.640136,0.048750,1.557350,-0.000804,0.020858
23.900000,0.007761,0.026550,0.006662,-0.666405,-1.341013,0.443443,-1.570000,0.003301,-0.011422,-0.212296,-0.616693,0.066290,1.553316,0.000371,0.022224
23.933333,0.006968,0.024207,0.014697,-0.691369,-1.330280,0.497435,-1.570000,0.005244,-0.010780,-0.222523,-0.607200,0.063830,1.551714,-0.001360,0.019165
23.966667,0.009271,0.022745,0.014821,-0.705304,-1.327598,0.531427,-1.570000,0.006420,-0.011722,-0.225283,-0.603505,0.065462,1.551830,-0.002885,0.019359
