time_sec,joint_pelvisYaw,joint_pelvisPitch,joint_pelvisRoll,joint_lShoulderPitch,joint_lShoulderRoll,joint_lShoulderYaw,joint_lElbow,joint_lWristRoll,joint_lWristPitch,joint_rShoulderPitch,joint_rShoulderRoll,joint_rShoulderYaw,joint_rElbow,joint_rWristRoll,joint_rWristPitch
0.000000,-0.002613,0.037001,0.028412,-0.223746,-1.356148,-0.044675,-0.289719,-0.021343,-0.012305,-0.369326,-1.410000,-0.125961,0.108767,-0.009874,-0.014185
0.033333,0.009274,0.031702,0.035136,-0.203035,-1.333701,-0.036379,-0.278046,-0.007303,-0.002917,-0.363101,-1.409308,-0.153315,0.108630,-0.006326,-0.011872
0.066667,0.001768,0.035498,0.029001,-0.203031,-1.330961,-0.023523,-0.275986,-0.011223,0.001932,-0.364642,-1.402660,-0.166014,0.129163,-0.000194,-0.014712
0.100000,0.002922,0.036690,0.022617,-0.198937,-1.315029,-0.017553,-0.273181,-0.020065,0.001672,-0.359006,-1.402660,-0.184018,0.139678,0.001571,-0.011021
0.133333,-0.004808,0.042993,0.017260,-0.221163,-1.332919,-0.022922,-0.274131,-0.031913,0.004199,-0.360259,-1.403352,-0.169777,0.147907,-0.008032,-0.008193
0.166667,-0.028043,0.045773,-0.004046,-0.212897,-1.326455,-0.006607,-0.269938,-0.030850,-0.012357,-0.352632,-1.392353,-0.165305,0.156480,-0.000877,-0.018043
0.200000,-0.026915,0.048497,-0.012325,-0.218539,-1.308637,0.011975,-0.262627,-0.027297,-0.015851,-0.341663,-1.392353,-0.185649,0.164488,0.007047,-0.006310
0.233333,-0.020671,0.043603,-0.008191,-0.218218,-1.310361,0.000217,-0.260450,-0.025301,-0.019176,-0.336063,-1.399001,-0.175014,0.146019,0.001223,-0.004521
0.266667,-0.027977,0.044741,-0.014258,-0.203731,-1.334409,-0.024654,-0.256363,-0.015944,-0.029888,-0.333182,-1.392790,-0.139074,0.125926,-0.012259,-0.002902
0.300000,-0.031823,0.053804,-0.015093,-0.201654,-1.333021,-0.023249,-0.254921,-0.015032,-0.021809,-0.339097,-1.392790,-0.139396,0.132145,-0.009949,0.006007
0.333333,-0.015644,0.050868,0.002980,-0.217078,-1.337024,-0.041900,-0.256367,-0.021256,-0.014262,-0.340696,-1.403789,-0.132759,0.114548,-0.012064,0.009777
0.366667,-0.008506,0.046754,0.010910,-0.212402,-1.332760,-0.065945,-0.238249,-0.014601,0.000281,-0.354986,-1.403789,-0.116052,0.093277,-0.028911,-0.001129
0.400000,-0.005698,0.061731,0.012776,-0.214923,-1.330281,-0.065685,-0.221441,-0.020270,0.001185,-0.343357,-1.387478,-0.132072,0.078957,-0.038147,0.010182
0.433333,0.001045,0.058535,0.024625,-0.239028,-1.316921,-0.050156,-0.209937,-0.022047,0.013878,-0.346264,-1.393688,-0.148092,0.092516,-0.025677,0.002007
0.466667,0.009458,0.053951,0.026968,-0.240311,-1.305579,-0.049928,-0.194568,-0.021506,0.004875,-0.352913,-1.393688,-0.148691,0.101659,-0.020562,-0.003840
0.500000,0.012475,0.055971,0.023872,-0.253900,-1.311895,-0.051402,-0.175500,-0.020858,0.007844,-0.343579,-1.379553,-0.158544,0.137902,-0.016023,0.011375
0.533333,0.005274,0.060390,0.023487,-0.264093,-1.327801,-0.045042,-0.156432,-0.030852,-0.002774,-0.310768,-1.377540,-0.141579,0.201206,-0.008453,0.012055
0.566667,0.010715,0.054494,0.023857,-0.280679,-1.324578,-0.052040,-0.121162,-0.014932,0.002923,-0.274036,-1.382325,-0.099192,0.284037,-0.002868,0.004889
0.600000,0.010398,0.061988,0.025320,-0.297398,-1.322611,-0.048860,-0.070621,-0.008466,0.011265,-0.207227,-1.353460,-0.090490,0.370631,-0.010111,0.011106
0.633333,0.004462,0.057478,0.017572,-0.313042,-1.314202,-0.054405,-0.039815,-0.010409,0.010541,-0.107227,-1.304594,-0.090860,0.461642,-0.019805,0.012117
0.666667,0.000294,0.060936,0.011654,-0.312255,-1.285451,-0.038193,-0.008963,-0.007637,0.011636,-0.007227,-1.249864,-0.105499,0.561642,-0.026632,-0.006420
0.700000,0.004333,0.059066,-0.000271,-0.320662,-1.261627,-0.042332,-0.011900,-0.010742,-0.001684,0.092773,-1.163011,-0.160138,0.661642,-0.027262,-0.006146
0.733333,-0.005991,0.056101,-0.010188,-0.329566,-1.244680,-0.039000,-0.033303,-0.019393,-0.006438,0.192773,-1.067384,-0.246006,0.761642,-0.022019,-0.004599
0.766667,-0.013374,0.058004,-0.029664,-0.321591,-1.213540,-0.034629,-0.047333,-0.017090,-0.006670,0.292773,-0.972605,-0.325035,0.861642,-0.028015,-0.000856
0.800000,-0.020762,0.071704,-0.031855,-0.337512,-1.194074,-0.034089,-0.045451,-0.012289,0.007505,0.392773,-0.909498,-0.399392,0.961642,-0.026003,0.009502
0.833333,-0.030125,0.070300,-0.037464,-0.351324,-1.191503,-0.056951,-0.058726,-0.011817,0.002426,0.492773,-0.863823,-0.459260,1.061642,-0.022754,0.017691
0.866667,-0.044659,0.064608,-0.048094,-0.345897,-1.187809,-0.057953,-0.057991,0.001716,0.008791,0.592773,-0.818196,-0.500951,1.161642,-0.015838,0.028718
0.900000,-0.044798,0.075661,-0.051876,-0.344519,-1.182344,-0.059497,-0.057325,0.003934,0.002390,0.692773,-0.810859,-0.529236,1.261642,-0.012927,0.030987
0.933333,-0.049755,0.074233,-0.048160,-0.361491,-1.190303,-0.073969,-0.069504,-0.004027,-0.012511,0.792773,-0.811856,-0.547439,1.361642,-0.003370,0.024056
0.966667,-0.052157,0.070991,-0.064254,-0.359726,-1.182627,-0.060584,-0.089076,0.008272,-0.022585,0.892773,-0.821182,-0.556148,1.443313,0.006601,0.014855
1.000000,-0.041183,0.076702,-0.064757,-0.354421,-1.177192,-0.043734,-0.100882,0.006087,-0.016905,0.992773,-0.833098,-0.579345,1.496093,0.009324,0.019829
1.033333,-0.035170,0.088413,-0.055669,-0.356700,-1.194248,-0.049578,-0.104277,-0.003378,-0.010166,1.092773,-0.875794,-0.599325,1.518630,-0.002510,0.008602
1.066667,-0.040965,0.090966,-0.059031,-0.339538,-1.214578,-0.052861,-0.106868,-0.013130,-0.001628,1.192773,-0.900369,-0.634178,1.525656,-0.012366,0.002122
1.100000,-0.035122,0.093333,-0.051161,-0.327161,-1.247155,-0.029701,-0.125425,-0.016839,0.008612,1.253980,-0.936431,-0.692266,1.513288,-0.010972,0.011554
1.133333,-0.029553,0.088955,-0.032467,-0.315603,-1.279731,-0.037458,-0.129967,-0.034977,0.008877,1.281625,-0.951569,-0.770871,1.484987,-0.026666,0.008555
1.166667,-0.034475,0.099907,-0.028005,-0.308989,-1.293178,-0.025278,-0.121940,-0.041346,0.011731,1.279980,-0.955061,-0.849476,1.469424,-0.039615,0.010446
1.200000,-0.039770,0.098761,-0.021669,-0.309708,-1.290903,-0.004696,-0.123115,-0.033758,0.011581,1.278335,-0.956470,-0.941479,1.456424,-0.040778,0.019981
1.233333,-0.027307,0.082821,-0.016075,-0.321822,-1.281025,0.004394,-0.121131,-0.028510,0.001580,1.272861,-0.975693,-0.993482,1.440936,-0.035164,0.020657
1.266667,-0.021516,0.082772,-0.022962,-0.321293,-1.252112,-0.009628,-0.090335,-0.016610,0.001741,1.306180,-0.988971,-1.005485,1.435194,-0.053062,0.013246
1.300000,-0.014923,0.079665,-0.028309,-0.328617,-1.245083,-0.007052,-0.067375,-0.013788,-0.004329,1.373061,-0.983172,-0.977488,1.433001,-0.050465,0.017242
1.333333,-0.012729,0.062090,-0.021690,-0.350843,-1.236782,-0.025580,-0.056183,-0.003048,-0.005652,1.469233,-0.999138,-0.909491,1.443947,-0.039237,0.007847
1.366667,0.002250,0.051736,-0.023515,-0.372846,-1.223562,-0.052509,-0.046171,-0.007512,-0.004542,1.565404,-0.987362,-0.809491,1.476081,-0.044906,-0.008843
1.400000,-0.005439,0.054669,-0.024730,-0.385172,-1.215587,-0.059552,-0.034095,-0.000201,0.001125,1.665404,-0.955130,-0.709491,1.500147,-0.046685,-0.006181
1.433333,-0.007823,0.052199,-0.016795,-0.386909,-1.203019,-0.043484,-0.028653,-0.009671,-0.006373,1.752905,-0.905513,-0.609491,1.504862,-0.028350,-0.010140
1.466667,0.000825,0.053807,-0.011866,-0.363017,-1.175915,-0.013098,-0.016635,-0.000864,0.001210,1.800407,-0.867474,-0.521106,1.515461,-0.030766,0.000304
1.500000,0.010120,0.058589,-0.008445,-0.343009,-1.171808,-0.001607,-0.022521,-0.003057,-0.011121,1.827625,-0.819061,-0.436335,1.521532,-0.030200,0.006229
1.533333,-0.008293,0.065327,-0.019004,-0.320339,-1.184668,0.010916,-0.035172,-0.008778,-0.020743,1.839233,-0.769645,-0.362619,1.521532,-0.020578,0.019749
1.566667,-0.014306,0.076891,-0.022969,-0.325280,-1.170635,0.018597,-0.060252,-0.011031,-0.009616,1.814792,-0.740991,-0.307298,1.527600,-0.020968,0.035504
1.600000,-0.009920,0.079373,-0.023217,-0.336897,-1.176529,0.011025,-0.078700,-0.008014,0.000242,1.762850,-0.739801,-0.272230,1.542666,-0.017521,0.045714
1.633333,-0.021789,0.072374,-0.031435,-0.351450,-1.194306,-0.024674,-0.116601,-0.008806,-0.010689,1.710907,-0.728844,-0.229823,1.560278,-0.007995,0.034372
1.666667,-0.019198,0.071163,-0.052082,-0.343036,-1.192669,-0.020571,-0.124583,-0.001547,-0.002963,1.660904,-0.735578,-0.212538,1.567717,-0.005179,0.033591
1.700000,-0.008490,0.071073,-0.037268,-0.348115,-1.185528,-0.005949,-0.135531,0.005932,-0.000649,1.603976,-0.747227,-0.200294,1.567717,0.001720,0.035299
1.733333,0.003382,0.058424,-0.032965,-0.320101,-1.191031,-0.005015,-0.128908,0.004221,-0.011952,1.554294,-0.745987,-0.180954,1.562281,0.002130,0.016813
1.766667,-0.002025,0.059544,-0.037933,-0.304851,-1.209250,0.011107,-0.142952,0.002590,-0.010085,1.504612,-0.733649,-0.157252,1.562281,0.000844,0.018335
1.800000,0.000862,0.060883,-0.031932,-0.305578,-1.221307,0.021660,-0.154021,-0.001411,-0.006731,1.486583,-0.727967,-0.150194,1.564564,0.000518,0.019254
1.833333,-0.002112,0.060415,-0.017731,-0.318227,-1.223197,0.012327,-0.172270,-0.012696,-0.005489,1.446900,-0.707309,-0.135563,1.559024,0.001303,0.021340
1.866667,-0.012441,0.065067,-0.020864,-0.316148,-1.218497,0.010609,-0.166901,-0.012322,0.004586,1.389751,-0.684274,-0.113636,1.559024,-0.005771,0.010100
1.900000,-0.019794,0.063924,-0.016977,-0.314462,-1.235857,0.029724,-0.181485,-0.010313,0.003326,1.321404,-0.662841,-0.080410,1.564460,-0.000580,0.008621
1.933333,-0.021007,0.055654,-0.008679,-0.313608,-1.229984,0.016199,-0.194914,-0.006962,0.000477,1.253058,-0.647170,-0.036242,1.564460,0.005995,0.006210
1.966667,-0.023658,0.062121,-0.014083,-0.299460,-1.238543,0.009635,-0.198967,-0.010368,0.002479,1.153058,-0.626498,0.012220,1.564460,-0.002366,0.008528
2.000000,-0.035661,0.058281,-0.015023,-0.278196,-1.253085,0.016492,-0.211913,-0.007378,-0.002336,1.053058,-0.609141,0.063285,1.570000,-0.004325,0.002605
2.033333,-0.017857,0.051070,-0.013408,-0.261729,-1.261979,0.009933,-0.231583,-0.016346,-0.013885,0.953058,-0.614298,0.102736,1.570000,-0.006130,-0.001651
2.066667,-0.009781,0.050103,-0.020651,-0.263913,-1.245095,-0.000195,-0.240303,-0.013813,-0.005022,0.853058,-0.623059,0.128275,1.570000,-0.027660,0.004669
2.100000,-0.005943,0.049424,-0.023563,-0.253330,-1.250845,0.004204,-0.247295,-0.014925,-0.012413,0.753058,-0.614580,0.130018,1.570000,-0.035994,0.000622
2.133333,-0.000956,0.036316,-0.017106,-0.248463,-1.230339,0.024059,-0.251603,-0.018398,-0.015214,0.653058,-0.618981,0.120368,1.565221,-0.025579,-0.013599
2.166667,0.012723,0.033016,-0.016353,-0.256625,-1.212402,0.021002,-0.266416,-0.023601,-0.023398,0.553058,-0.627262,0.116647,1.560643,-0.028991,-0.018467
2.200000,0.008590,0.031468,-0.013433,-0.260974,-1.214653,0.033199,-0.275106,-0.016710,-0.020321,0.453058,-0.633039,0.109656,1.560643,-0.020594,-0.012279
2.233333,0.004252,0.038021,0.000312,-0.249674,-1.220170,0.055171,-0.270053,-0.014683,-0.026903,0.353058,-0.628659,0.096693,1.560643,0.000389,-0.013362
2.266667,0.022606,0.052740,0.010244,-0.258191,-1.197748,0.074312,-0.247215,-0.009525,-0.004527,0.253058,-0.653729,0.092058,1.560643,-0.004090,-0.006680
2.300000,0.023517,0.061705,0.018354,-0.265863,-1.213901,0.070949,-0.242158,-0.007579,0.002629,0.153058,-0.662452,0.093722,1.565422,-0.005385,0.001560
2.333333,0.012633,0.066788,0.007559,-0.252784,-1.214010,0.078812,-0.226350,0.004706,0.007909,0.053058,-0.658606,0.096029,1.570000,-0.001604,0.009683
2.366667,0.006826,0.081143,0.007913,-0.260700,-1.210729,0.105671,-0.215337,-0.006318,0.020221,-0.046942,-0.646348,0.083177,1.570000,-0.002569,0.018727
2.400000,0.010552,0.073186,0.005984,-0.267598,-1.228651,0.096062,-0.224415,-0.011286,0.016161,-0.134099,-0.625038,0.076948,1.570000,-0.000984,0.017322
2.433333,-0.004391,0.064319,-0.008116,-0.258039,-1.247895,0.100164,-0.262625,-0.016799,0.002737,-0.207976,-0.580230,0.074406,1.570000,0.012250,0.014435
2.466667,-0.007568,0.065996,-0.019763,-0.259894,-1.248793,0.105128,-0.285327,-0.011742,-0.002613,-0.244730,-0.546536,0.060448,1.570000,0.005998,0.025698
2.500000,-0.007722,0.062455,-0.006341,-0.269323,-1.269466,0.105556,-0.294322,-0.017142,0.004386,-0.274445,-0.523205,0.052738,1.570000,0.006017,0.022045
2.533333,-0.006274,0.052847,-0.009748,-0.242962,-1.287794,0.086526,-0.312655,-0.005375,-0.000052,-0.279813,-0.509462,0.054768,1.568097,0.004906,0.015615
2.566667,-0.010624,0.048628,-0.010657,-0.241785,-1.301949,0.087722,-0.321770,0.001558,0.011589,-0.283866,-0.497853,0.047758,1.568097,-0.005161,0.022181
2.600000,-0.015106,0.040727,-0.005602,-0.241360,-1.306238,0.073089,-0.319018,0.002093,0.001409,-0.276946,-0.485268,0.047026,1.568097,-0.010979,0.014816
2.633333,-0.011849,0.034956,0.004884,-0.242310,-1.289055,0.071887,-0.310275,-0.003584,0.002543,-0.294643,-0.465710,0.043605,1.566913,-0.004968,-0.000149
2.666667,-0.009316,0.037354,0.000229,-0.241748,-1.263521,0.093571,-0.313448,0.000825,0.006163,-0.295515,-0.458680,0.028287,1.566913,-0.008063,-0.006076
2.700000,-0.008592,0.032783,0.002664,-0.254741,-1.249065,0.095761,-0.320378,-0.001377,0.000229,-0.282486,-0.435062,0.033596,1.568816,-0.003963,-0.007502
2.733333,0.000755,0.033152,-0.006150,-0.245879,-1.222506,0.105379,-0.306251,-0.005381,-0.007521,-0.283616,-0.436200,0.033968,1.568816,0.002383,-0.017047
2.766667,0.003743,0.034646,-0.016348,-0.242748,-1.228893,0.098127,-0.308300,-0.006251,-0.007815,-0.268999,-0.429966,0.033612,1.568816,0.002571,-0.012590
2.800000,-0.001996,0.036124,-0.020290,-0.238627,-1.245401,0.097901,-0.322072,-0.003653,-0.006795,-0.226886,-0.433361,0.039738,1.570000,0.002605,-0.010126
2.833333,-0.005035,0.030135,-0.014407,-0.241642,-1.248505,0.070740,-0.339299,-0.002883,-0.013611,-0.189348,-0.411956,0.048169,1.570000,-0.000594,0.002054
2.866667,-0.002634,0.036920,-0.011106,-0.265502,-1.236913,0.048510,-0.343958,-0.001324,-0.002278,-0.174231,-0.423416,0.048230,1.570000,-0.006383,0.006486
2.900000,-0.010400,0.038890,-0.001649,-0.276751,-1.241389,0.035091,-0.366802,-0.005002,-0.002915,-0.150755,-0.404230,0.051990,1.570000,-0.006106,0.006169
2.933333,-0.012402,0.036980,0.009559,-0.283915,-1.230000,0.041853,-0.376205,-0.004611,0.000503,-0.147280,-0.402554,0.046932,1.570000,-0.006942,0.001879
2.966667,-0.003377,0.030633,0.016365,-0.304484,-1.208490,0.061073,-0.395383,0.005740,-0.003142,-0.183805,-0.427108,0.031216,1.550000,-0.004910,-0.000345
3.000000,0.007748,0.029394,0.021477,-0.342082,-1.192037,0.107230,-0.430877,0.005305,0.006075,-0.239622,-0.476461,-0.009167,1.510000,-0.009453,-0.003623
3.033333,0.008707,0.018737,0.019856,-0.381835,-1.169949,0.187410,-0.492586,0.002212,-0.005694,-0.284567,-0.525814,-0.072705,1.461791,-0.007862,-0.008987
3.066667,0.005386,0.017310,0.014826,-0.461587,-1.133005,0.267591,-0.572586,0.000625,-0.003401,-0.337869,-0.605814,-0.152705,1.423519,-0.004253,-0.008506
3.100000,0.009896,0.014531,0.011371,-0.561587,-1.080873,0.367591,-0.672586,-0.006328,-0.006197,-0.411172,-0.705814,-0.252705,1.382572,-0.005630,-0.004004
3.133333,0.003282,0.016675,0.005974,-0.661587,-1.060044,0.467591,-0.772586,-0.016451,-0.001892,-0.484475,-0.805814,-0.352705,1.362566,-0.012925,-0.005099
3.166667,-0.017210,0.017333,-0.015951,-0.761587,-1.048814,0.567591,-0.872586,-0.017725,-0.017878,-0.557253,-0.874517,-0.452705,1.367456,-0.002930,-0.013654
3.200000,-0.017350,0.019533,-0.022672,-0.861587,-1.023586,0.667591,-0.972586,-0.009574,-0.017536,-0.637665,-0.943220,-0.552705,1.385506,0.004147,-0.003281
3.233333,-0.013443,0.014420,-0.017117,-0.943796,-1.019421,0.767591,-1.072586,-0.005446,-0.019089,-0.707776,-0.990758,-0.652705,1.390283,-0.003262,-0.002426
3.266667,-0.022732,0.013091,-0.024677,-0.986624,-1.035815,0.867591,-1.172586,0.003921,-0.028309,-0.751002,-0.998537,-0.752705,1.392542,-0.014885,-0.002768
3.300000,-0.024959,0.019279,-0.026177,-1.029451,-1.033350,0.967591,-1.272586,0.005457,-0.022005,-0.786888,-1.006316,-0.852705,1.413860,-0.013318,0.011678
3.333333,-0.010130,0.016485,-0.009065,-1.053484,-1.031593,1.067591,-1.365323,0.001393,-0.016341,-0.800167,-1.030473,-0.952705,1.412493,-0.018546,0.014789
3.366667,-0.000955,0.012437,-0.002480,-1.051622,-1.024165,1.167591,-1.418060,0.005317,-0.001659,-0.814963,-1.029390,-1.052705,1.396191,-0.036078,0.005203
3.400000,0.000250,0.026573,-0.001836,-1.049160,-1.017343,1.267591,-1.462501,-0.002941,0.000086,-0.806398,-1.010275,-1.152705,1.383944,-0.043458,0.014339
3.433333,0.008168,0.024748,0.011096,-1.069729,-1.006920,1.367591,-1.491900,-0.004617,0.013416,-0.817962,-1.030919,-1.251265,1.387730,-0.034847,0.008853
3.466667,0.016860,0.021979,0.016144,-1.065566,-0.995232,1.457111,-1.506034,-0.003698,0.005419,-0.836864,-1.041662,-1.337384,1.370435,-0.028615,-0.001188
3.500000,0.020229,0.023032,0.016315,-1.075005,-1.003407,1.534150,-1.512534,-0.002800,0.010814,-0.843511,-1.027326,-1.419644,1.367115,-0.023769,0.013331
3.533333,0.012562,0.024614,0.018523,-1.081347,-1.026366,1.588447,-1.529312,-0.014470,-0.001008,-0.842936,-1.037597,-1.461903,1.381213,-0.014825,0.011800
3.566667,0.019612,0.017819,0.023685,-1.096810,-1.034822,1.619145,-1.541433,-0.000147,0.004456,-0.862475,-1.079836,-1.484915,1.412429,-0.009469,0.004189
3.600000,0.023005,0.019801,0.029450,-1.110235,-1.040158,1.638246,-1.542661,0.006107,0.014826,-0.877789,-1.097897,-1.502485,1.427539,-0.012572,0.006161
3.633333,0.018250,0.014236,0.026817,-1.118621,-1.042510,1.638042,-1.547557,0.003281,0.017533,-0.855323,-1.086369,-1.502964,1.423730,-0.017252,0.005470
3.666667,0.016301,0.014458,0.027554,-1.103427,-1.026346,1.650320,-1.527350,0.003587,0.019737,-0.866466,-1.101206,-1.485750,1.435500,-0.023060,-0.016242
3.700000,0.024552,0.011725,0.023736,-1.108027,-1.011326,1.658222,-1.533538,0.002094,0.008041,-0.883779,-1.103820,-1.500230,1.440107,-0.021136,-0.017216
3.733333,0.021221,0.005109,0.018400,-1.102286,-1.000074,1.660490,-1.532949,-0.005463,0.001904,-0.875454,-1.081993,-1.505891,1.413023,-0.013611,-0.017490
3.766667,0.014311,0.007669,0.005101,-1.080645,-0.977176,1.659447,-1.518294,-0.005780,-0.000633,-0.854695,-1.052837,-1.492396,1.388280,-0.019446,-0.015361
3.800000,0.011323,0.016163,0.008321,-1.088776,-0.966183,1.668719,-1.507333,-0.000739,0.008523,-0.848312,-1.056805,-1.488010,1.378696,-0.020381,-0.006143
3.833333,0.007033,0.014368,0.004410,-1.099892,-0.970175,1.652860,-1.523236,0.000439,0.001503,-0.834510,-1.058400,-1.488597,1.369466,-0.015123,-0.000919
3.866667,-0.004753,0.014368,-0.005798,-1.084726,-0.974104,1.637680,-1.515568,0.014012,0.005656,-0.806365,-1.032851,-1.471792,1.366588,-0.008953,0.008702
3.900000,-0.007011,0.024399,-0.006845,-1.085247,-0.972504,1.634539,-1.515750,0.017519,0.000809,-0.801906,-1.038972,-1.474328,1.378967,-0.009235,0.008397
3.933333,-0.010529,0.020092,-0.003257,-1.104025,-0.979677,1.619203,-1.535980,0.008723,-0.012664,-0.806846,-1.042713,-1.467958,1.376135,0.002670,0.005214
3.966667,-0.012939,0.017158,-0.021066,-1.110226,-0.966752,1.617752,-1.547394,0.018370,-0.018791,-0.832850,-1.052820,-1.461001,1.397612,0.011856,-0.003826
4.000000,-0.009404,0.021134,-0.021817,-1.126050,-0.944670,1.611646,-1.550860,0.017824,-0.013026,-0.828050,-1.051638,-1.470623,1.399407,0.014375,0.005923
4.033333,-0.005690,0.024553,-0.012473,-1.156169,-0.938583,1.591981,-1.558931,0.007258,-0.004131,-0.838913,-1.075682,-1.473654,1.386114,0.002495,-0.001525
4.066667,-0.013140,0.028315,-0.017498,-1.172643,-0.915940,1.549506,-1.562259,-0.003502,0.005891,-0.850451,-1.080764,-1.463829,1.375440,-0.003248,-0.006083
4.100000,-0.011371,0.034543,-0.011402,-1.192583,-0.903947,1.531490,-1.565540,-0.002841,0.011804,-0.853796,-1.101311,-1.482438,1.383453,-0.002155,0.002240
4.133333,-0.006874,0.031191,0.007243,-1.213137,-0.891953,1.479057,-1.565540,-0.019123,0.010931,-0.835554,-1.102996,-1.484584,1.353694,-0.015601,0.006012
4.166667,-0.009518,0.044372,0.011555,-1.218153,-0.857421,1.426697,-1.556187,-0.024830,0.013487,-0.833111,-1.101888,-1.468621,1.330072,-0.029605,0.011274
4.200000,-0.015198,0.043269,0.016677,-1.224269,-0.791028,1.374338,-1.559563,-0.017926,0.012878,-0.818219,-1.111393,-1.479569,1.305324,-0.031788,0.023697
4.233333,-0.001253,0.028751,0.022032,-1.216039,-0.733980,1.321978,-1.559563,-0.014891,0.002285,-0.803510,-1.137987,-1.472098,1.279513,-0.025970,0.027314
4.266667,0.004878,0.024903,0.016194,-1.180374,-0.650506,1.232265,-1.550896,-0.001017,0.006176,-0.779435,-1.167795,-1.437857,1.253075,-0.044145,0.020622
4.300000,0.009714,0.022695,0.011375,-1.116671,-0.578296,1.142553,-1.550896,0.006316,0.002532,-0.749757,-1.184950,-1.422020,1.228982,-0.045561,0.024195
4.333333,0.008846,0.005538,0.017786,-1.044670,-0.519919,1.042553,-1.561332,0.014274,0.003706,-0.714205,-1.232195,-1.384402,1.213687,-0.038752,0.014904
4.366667,0.022114,0.003221,0.016839,-0.952755,-0.473556,0.942553,-1.561332,0.013655,0.006706,-0.696908,-1.263259,-1.320157,1.227073,-0.044468,-0.005463
4.400000,0.011978,0.003778,0.015474,-0.852814,-0.426061,0.842553,-1.561332,0.022546,0.014440,-0.654253,-1.290554,-1.267280,1.217500,-0.050481,-0.002493
4.433333,0.009241,0.001880,0.022043,-0.752873,-0.386275,0.742553,-1.565652,0.010536,0.009047,-0.615136,-1.296105,-1.225775,1.188001,-0.035079,-0.003646
4.466667,0.017782,0.004504,0.025481,-0.656842,-0.341678,0.642553,-1.553620,0.014857,0.015443,-0.579005,-1.312123,-1.175292,1.154463,-0.038476,0.004497
4.500000,0.026631,0.008809,0.026982,-0.581313,-0.312932,0.542553,-1.553620,0.014273,0.004905,-0.538302,-1.319506,-1.124698,1.100827,-0.038025,0.008496
4.533333,0.006290,0.008809,0.014689,-0.520582,-0.295379,0.442553,-1.553620,0.006690,-0.004027,-0.472915,-1.313745,-1.066111,1.025870,-0.030491,0.024408
4.566667,-0.001625,0.019716,0.010355,-0.499792,-0.262432,0.342553,-1.553620,0.005275,0.006280,-0.430277,-1.313627,-0.996155,0.973876,-0.032060,0.037667
4.600000,0.002155,0.023936,0.009436,-0.479003,-0.242814,0.242553,-1.555375,0.007076,0.016377,-0.385289,-1.337489,-0.908105,0.921882,-0.032897,0.046425
4.633333,-0.013776,0.021313,0.000608,-0.454303,-0.235678,0.142553,-1.567408,0.007686,0.008192,-0.346441,-1.352135,-0.808105,0.869888,-0.026230,0.034286
4.666667,-0.009792,0.021311,-0.018240,-0.420447,-0.209661,0.042553,-1.564393,0.015403,0.015624,-0.312076,-1.365679,-0.708105,0.810619,-0.022622,0.036298
4.700000,0.001293,0.022938,-0.002694,-0.404690,-0.173773,-0.050857,-1.564393,0.021394,0.020041,-0.298495,-1.384205,-0.608105,0.733582,-0.016850,0.040838
4.733333,0.013404,0.013488,0.001264,-0.365369,-0.149029,-0.125734,-1.564393,0.019373,0.008224,-0.285391,-1.388850,-0.508105,0.633582,-0.014788,0.027024
4.766667,0.006908,0.018481,-0.002973,-0.366047,-0.143246,-0.160612,-1.558767,0.017183,0.010430,-0.284537,-1.378131,-0.408105,0.561585,-0.012369,0.028227
4.800000,0.010168,0.018481,0.004999,-0.406725,-0.135453,-0.155489,-1.558767,0.012812,0.010686,-0.272148,-1.363073,-0.308105,0.489588,-0.009679,0.031297
4.833333,0.003693,0.020227,0.019685,-0.476059,-0.156858,-0.110366,-1.544343,0.001173,0.011004,-0.272767,-1.334136,-0.225870,0.427170,-0.006315,0.033816
4.866667,-0.006935,0.027219,0.015554,-0.552495,-0.204925,-0.031834,-1.506904,0.003161,0.017930,-0.254869,-1.304127,-0.180051,0.404751,-0.011947,0.019171
4.900000,-0.014484,0.030625,0.018275,-0.652495,-0.281849,0.068166,-1.479070,0.005491,0.016082,-0.242451,-1.285074,-0.172114,0.422332,-0.008089,0.016979
4.933333,-0.013792,0.023543,0.024184,-0.752495,-0.358774,0.168166,-1.447612,0.008666,0.010942,-0.239591,-1.287292,-0.204177,0.451910,-0.003238,0.014665
4.966667,-0.015084,0.030394,0.013317,-0.817798,-0.458774,0.268166,-1.395047,0.005495,0.015530,-0.268673,-1.296339,-0.276240,0.521487,-0.010896,0.015568
5.000000,-0.025009,0.027699,0.006578,-0.843102,-0.558774,0.368166,-1.339921,0.006735,0.009407,-0.289346,-1.319911,-0.370539,0.621487,-0.015882,0.006107
5.033333,-0.009043,0.021316,0.004568,-0.828406,-0.658774,0.468166,-1.284796,-0.002000,-0.004226,-0.334356,-1.358027,-0.468420,0.713698,-0.018162,-0.000768
5.066667,-0.000401,0.020164,-0.006450,-0.773710,-0.758774,0.568166,-1.208650,-0.001094,0.005166,-0.371485,-1.379464,-0.565027,0.796517,-0.039934,0.002878
5.100000,0.000994,0.020882,-0.012193,-0.679014,-0.858774,0.668166,-1.126598,-0.002458,-0.004203,-0.378150,-1.383466,-0.645911,0.846249,-0.047435,0.000793
5.133333,0.003421,0.014031,-0.006613,-0.579014,-0.958774,0.732479,-1.052333,-0.007587,-0.010444,-0.374971,-1.383462,-0.703530,0.871208,-0.041570,-0.012926
5.166667,0.018294,0.010676,-0.007024,-0.493644,-1.044654,0.756792,-1.004376,-0.010963,-0.019526,-0.368879,-1.388827,-0.722482,0.861942,-0.047033,-0.013134
5.200000,0.014301,0.008584,-0.004520,-0.425404,-1.125384,0.741105,-0.963022,-0.004619,-0.016223,-0.346296,-1.389223,-0.717456,0.845408,-0.042008,-0.004026
5.233333,0.010300,0.015060,0.008037,-0.367568,-1.180629,0.725418,-0.920621,-0.003198,-0.025329,-0.320582,-1.389223,-0.683069,0.818358,-0.022158,-0.003064
5.266667,0.030562,0.027549,0.018014,-0.342406,-1.210407,0.676489,-0.875968,0.003119,-0.002147,-0.293910,-1.393723,-0.633470,0.806695,-0.029404,0.001867
5.300000,0.030542,0.031034,0.025989,-0.328851,-1.237855,0.625153,-0.856416,0.005445,0.003310,-0.265838,-1.407053,-0.584086,0.779804,-0.030017,0.010643
5.333333,0.020999,0.035216,0.016029,-0.314223,-1.244295,0.603079,-0.828784,0.015842,0.009724,-0.239554,-1.407053,-0.544871,0.771640,-0.024505,0.014620
5.366667,0.016262,0.048909,0.014973,-0.322466,-1.254693,0.621006,-0.797287,0.005069,0.020680,-0.224154,-1.407053,-0.510854,0.775844,-0.022186,0.021152
5.400000,0.018999,0.041937,0.013779,-0.353450,-1.288305,0.638932,-0.784959,0.001111,0.017131,-0.208980,-1.407053,-0.469589,0.759955,-0.021647,0.019723
5.433333,0.003386,0.037057,-0.000206,-0.388749,-1.321343,0.690101,-0.812176,-0.005321,0.001580,-0.223532,-1.401119,-0.428182,0.721766,-0.007592,0.017496
5.466667,0.001846,0.040205,-0.011078,-0.451882,-1.335693,0.779364,-0.839393,-0.000007,-0.002563,-0.215835,-1.401896,-0.402850,0.683578,-0.011423,0.028217
5.500000,-0.000015,0.038954,0.002023,-0.535617,-1.366427,0.879364,-0.870082,-0.006202,0.002297,-0.222596,-1.401896,-0.372274,0.636325,-0.011510,0.026723
5.533333,0.003246,0.031304,0.000220,-0.592324,-1.379100,0.979364,-0.935661,0.003707,-0.002346,-0.231543,-1.401896,-0.360477,0.573769,-0.013184,0.024071
5.566667,-0.001555,0.027532,-0.000232,-0.655884,-1.374807,1.079364,-1.014532,0.011002,0.009270,-0.262570,-1.398633,-0.388680,0.551213,-0.022863,0.028224
5.600000,-0.004755,0.017234,0.004765,-0.722456,-1.356555,1.179364,-1.093858,0.011421,0.000557,-0.303871,-1.386503,-0.447964,0.568657,-0.027521,0.020627
5.633333,-0.001544,0.010602,0.013941,-0.781305,-1.319321,1.279364,-1.153482,0.005858,0.001591,-0.378666,-1.350610,-0.514219,0.620307,-0.021939,0.003061
5.666667,0.001231,0.013678,0.009001,-0.835206,-1.261709,1.379364,-1.229538,0.010041,0.005669,-0.465690,-1.300540,-0.614219,0.696521,-0.025461,-0.005847
5.700000,0.001842,0.008995,0.010790,-0.903067,-1.223352,1.479364,-1.302818,0.006952,0.000504,-0.565690,-1.230845,-0.714219,0.790727,-0.022503,-0.010801
5.733333,0.013118,0.008995,0.002952,-0.944183,-1.178930,1.575444,-1.339389,0.000240,-0.004588,-0.665690,-1.184414,-0.814219,0.884933,-0.017031,-0.020535
5.766667,0.014794,0.010784,-0.006547,-0.977967,-1.168287,1.631523,-1.375959,-0.002506,-0.005077,-0.761466,-1.132784,-0.914219,0.979139,-0.017350,-0.015177
5.800000,0.010794,0.011813,-0.009437,-1.006550,-1.168339,1.666394,-1.430255,-0.002934,-0.005886,-0.839607,-1.087736,-1.014219,1.079139,-0.017575,-0.010744
5.833333,0.007368,0.005805,-0.001651,-1.031479,-1.167513,1.674060,-1.471666,-0.003016,-0.010062,-0.904000,-1.048571,-1.114219,1.179139,-0.020976,0.002220
5.866667,0.008965,0.012753,0.001365,-1.069478,-1.153740,1.649357,-1.486160,-0.002175,0.003622,-0.942980,-1.049030,-1.214219,1.279139,-0.025081,0.006378
5.900000,0.001300,0.012761,0.009042,-1.094221,-1.157516,1.626627,-1.525528,-0.004755,0.001770,-0.961229,-1.014151,-1.314219,1.365941,-0.023292,0.007216
5.933333,-0.000016,0.009498,0.018735,-1.104738,-1.147513,1.623896,-1.544896,-0.003156,0.007646,-0.963703,-0.999271,-1.414219,1.432742,-0.024921,0.001120
5.966667,0.006105,0.008468,0.023265,-1.101011,-1.145996,1.602374,-1.545894,0.013310,0.008090,-0.943811,-1.017808,-1.474219,1.465523,-0.015360,-0.001527
6.000000,0.014280,0.013474,0.023842,-1.110882,-1.181975,1.568448,-1.545894,0.014684,0.017073,-0.899206,-1.062469,-1.494219,1.495149,-0.013553,-0.000645
6.033333,0.011133,0.011828,0.019910,-1.108651,-1.213233,1.546556,-1.557956,0.016941,0.005393,-0.849769,-1.107130,-1.474219,1.508766,-0.009329,-0.001239
6.066667,0.003391,0.020554,0.012943,-1.121574,-1.230774,1.512483,-1.561855,0.017303,0.006289,-0.806821,-1.185838,-1.414219,1.520137,-0.001464,-0.000504
6.100000,0.004265,0.027232,0.006666,-1.129193,-1.234043,1.469876,-1.565755,0.012362,0.002336,-0.752446,-1.270411,-1.314219,1.529522,0.002338,0.007915
6.133333,-0.003226,0.033470,0.000527,-1.151306,-1.248620,1.443341,-1.570000,0.000855,0.003178,-0.716470,-1.334986,-1.214219,1.550758,-0.004524,0.010659
6.166667,-0.026178,0.036783,-0.021697,-1.134261,-1.238575,1.450028,-1.569621,0.001571,-0.014380,-0.693064,-1.365703,-1.114219,1.555870,0.003203,0.001313
6.200000,-0.025314,0.039346,-0.029923,-1.129317,-1.212123,1.455018,-1.569621,0.006206,-0.017002,-0.667741,-1.390277,-1.014219,1.558505,0.009552,0.011696
6.233333,-0.019156,0.035632,-0.025225,-1.121772,-1.202188,1.435209,-1.569621,0.010435,-0.020534,-0.642136,-1.396143,-0.914219,1.552014,0.002983,0.013970
6.266667,-0.027404,0.036894,-0.033516,-1.101089,-1.213463,1.403934,-1.569621,0.022250,-0.030693,-0.612323,-1.384750,-0.814219,1.542263,-0.009106,0.014943
6.300000,-0.029042,0.045546,-0.034636,-1.093640,-1.204204,1.392636,-1.569621,0.024507,-0.023462,-0.596177,-1.384750,-0.714219,1.546418,-0.009926,0.026827
6.333333,-0.011363,0.042402,-0.016898,-1.103795,-1.199840,1.364972,-1.570000,0.021711,-0.016735,-0.581720,-1.398607,-0.614219,1.541880,-0.013227,0.027739
6.366667,-0.003219,0.037857,-0.009939,-1.087568,-1.189549,1.328740,-1.556806,0.028043,-0.000766,-0.581641,-1.398175,-0.539321,1.526170,-0.032439,0.016840
6.400000,-0.001682,0.050926,-0.008920,-1.079927,-1.184211,1.322297,-1.556806,0.019417,0.001984,-0.562233,-1.380893,-0.502164,1.517678,-0.040305,0.027653
6.433333,0.007700,0.048179,0.004147,-1.094460,-1.174215,1.331564,-1.556806,0.017533,0.014274,-0.573529,-1.392286,-0.468423,1.524071,-0.027362,0.019612
6.466667,0.015554,0.042299,0.007525,-1.084486,-1.167475,1.328815,-1.556806,0.017700,0.007014,-0.592760,-1.392286,-0.474682,1.517129,-0.021298,0.009407
6.500000,0.016973,0.043825,0.006194,-1.092642,-1.180788,1.333459,-1.556806,0.016487,0.011254,-0.611857,-1.379445,-0.520941,1.516656,-0.017308,0.023970
6.533333,0.008511,0.046895,0.008763,-1.100786,-1.208306,1.349846,-1.570000,0.004430,-0.000637,-0.634231,-1.379877,-0.577591,1.533481,-0.004425,0.024080
6.566667,0.016046,0.040276,0.013956,-1.116508,-1.224104,1.354299,-1.570000,0.019283,0.005228,-0.690459,-1.397159,-0.636499,1.548465,0.003731,0.015465
6.600000,0.015583,0.042654,0.021443,-1.134531,-1.243431,1.371757,-1.570000,0.023565,0.018401,-0.751616,-1.397159,-0.731992,1.553808,-0.004306,0.018065
6.633333,0.010091,0.035362,0.020333,-1.152949,-1.260993,1.384056,-1.570000,0.018734,0.019225,-0.812773,-1.379958,-0.827485,1.547305,-0.010850,0.017889
6.666667,0.010988,0.032156,0.023271,-1.150623,-1.261478,1.411716,-1.559629,0.020695,0.022828,-0.898267,-1.381913,-0.922978,1.555751,-0.014690,-0.001114
6.700000,0.021592,0.026143,0.020042,-1.164358,-1.265394,1.434055,-1.559629,0.019248,0.011260,-0.998267,-1.381638,-1.022978,1.556555,-0.014507,-0.003239
6.733333,0.014105,0.018222,0.015795,-1.171463,-1.271250,1.449988,-1.559629,0.010765,0.009440,-1.074842,-1.366818,-1.122978,1.546055,-0.010900,-0.003750
6.766667,0.009268,0.017743,0.002884,-1.158246,-1.259759,1.464200,-1.550034,0.009502,0.007617,-1.125775,-1.339604,-1.222978,1.533684,-0.014631,-0.002742
6.800000,0.007357,0.026942,0.006827,-1.169140,-1.254474,1.478181,-1.550034,0.014329,0.020724,-1.156243,-1.346961,-1.322978,1.530889,-0.011298,0.006223
6.833333,0.000801,0.023449,0.002422,-1.177052,-1.262157,1.469076,-1.560405,0.013851,0.014490,-1.177846,-1.348126,-1.422978,1.523572,-0.007565,0.012062
6.866667,-0.013809,0.021568,-0.008018,-1.161571,-1.269190,1.459373,-1.560405,0.026752,0.019620,-1.164375,-1.318682,-1.516537,1.523352,-0.001583,0.021088
6.900000,-0.012505,0.032298,-0.010287,-1.159062,-1.271024,1.462117,-1.560405,0.028738,0.012898,-1.160575,-1.323782,-1.599701,1.533852,0.003179,0.022122
6.933333,-0.015475,0.028839,-0.007071,-1.171817,-1.281847,1.449717,-1.570000,0.021603,-0.002809,-1.165945,-1.327564,-1.649565,1.529784,0.015088,0.017517
6.966667,-0.018732,0.025948,-0.025861,-1.171014,-1.275015,1.458271,-1.570000,0.032900,-0.010430,-1.189698,-1.333977,-1.677685,1.546024,0.021635,0.008615
7.000000,-0.012455,0.033828,-0.027332,-1.176771,-1.263534,1.462392,-1.570000,0.031706,-0.004493,-1.182316,-1.329372,-1.705804,1.550265,0.025831,0.016169
7.033333,-0.008452,0.039957,-0.017778,-1.189475,-1.269105,1.452541,-1.570000,0.023953,0.004328,-1.191444,-1.351680,-1.704719,1.538907,0.015167,0.008236
7.066667,-0.017674,0.043900,-0.021823,-1.180958,-1.275556,1.435690,-1.570000,0.014711,0.011302,-1.199547,-1.350779,-1.696727,1.536847,0.007817,0.004875
7.100000,-0.015808,0.049704,-0.016706,-1.181780,-1.292907,1.446989,-1.570000,0.013311,0.017917,-1.200664,-1.360135,-1.713923,1.553286,0.009995,0.014695
7.133333,-0.012963,0.047419,0.001259,-1.179133,-1.310258,1.420684,-1.570000,-0.004233,0.017684,-1.184498,-1.346645,-1.715181,1.534991,-0.002471,0.016481
7.166667,-0.017055,0.058518,0.004373,-1.170814,-1.312742,1.418710,-1.560570,-0.009866,0.019062,-1.183151,-1.330665,-1.700021,1.525566,-0.017315,0.017403
7.200000,-0.022326,0.057245,0.008912,-1.176797,-1.302831,1.438526,-1.560570,-0.004214,0.018049,-1.181906,-1.322420,-1.720508,1.521323,-0.020503,0.027936
7.233333,-0.006858,0.040770,0.013686,-1.184950,-1.288120,1.445757,-1.560570,0.001751,0.008467,-1.180706,-1.330840,-1.723511,1.511241,-0.018127,0.027551
7.266667,-0.000677,0.038705,0.008077,-1.183628,-1.262228,1.437365,-1.554236,0.013641,0.014965,-1.187783,-1.344917,-1.710107,1.508181,-0.037673,0.018358
7.300000,0.005150,0.036432,0.002845,-1.181783,-1.262731,1.454149,-1.554236,0.018068,0.008555,-1.194189,-1.341839,-1.728543,1.518991,-0.037830,0.022106
7.333333,0.006592,0.019178,0.010265,-1.197220,-1.266226,1.455163,-1.563665,0.025030,0.008886,-1.202866,-1.372143,-1.732261,1.531492,-0.026071,0.013345
7.366667,0.021815,0.014323,0.009985,-1.203901,-1.265902,1.433131,-1.563665,0.019289,0.011326,-1.225773,-1.379722,-1.713241,1.547313,-0.031258,-0.006413
7.400000,0.012135,0.018104,0.009013,-1.211648,-1.273617,1.443969,-1.563665,0.024809,0.018996,-1.229037,-1.381922,-1.716313,1.559455,-0.032019,-0.005458
7.433333,0.010919,0.017633,0.016486,-1.200114,-1.270675,1.463912,-1.561679,0.013676,0.011553,-1.221628,-1.363370,-1.722995,1.546436,-0.015304,-0.009768
7.466667,0.020940,0.021048,0.020548,-1.178835,-1.250214,1.496686,-1.546393,0.021483,0.020209,-1.212680,-1.362981,-1.720016,1.532985,-0.017412,-0.003730
7.500000,0.029239,0.028555,0.023140,-1.162603,-1.251231,1.508419,-1.546393,0.019109,0.009848,-1.204443,-1.350944,-1.725483,1.515091,-0.018320,0.000647
7.533333,0.009852,0.033976,0.010839,-1.151631,-1.265855,1.523272,-1.546393,0.014244,0.002473,-1.171625,-1.332461,-1.730565,1.505283,-0.009478,0.015553
7.566667,0.002224,0.045798,0.006083,-1.163584,-1.251336,1.533198,-1.546393,0.012480,0.014650,-1.170061,-1.325900,-1.729436,1.505283,-0.011375,0.029020
7.600000,0.003830,0.049046,0.005052,-1.188312,-1.258012,1.526021,-1.550957,0.012780,0.022719,-1.170367,-1.344453,-1.734483,1.521194,-0.010443,0.038046
7.633333,-0.010504,0.042162,-0.003628,-1.206061,-1.274422,1.485528,-1.566243,0.009570,0.012484,-1.171856,-1.348287,-1.718080,1.531430,-0.002353,0.027258
7.666667,-0.006474,0.041291,-0.024171,-1.202749,-1.271163,1.485034,-1.563807,0.017557,0.021444,-1.169415,-1.360324,-1.720517,1.549324,0.001872,0.026273
7.700000,0.003849,0.040818,-0.009502,-1.209614,-1.262715,1.497393,-1.563807,0.021094,0.023930,-1.185118,-1.376945,-1.727542,1.557066,0.009753,0.027045
7.733333,0.015043,0.028553,-0.005503,-1.183449,-1.264438,1.486286,-1.563807,0.020130,0.011157,-1.188597,-1.380464,-1.724380,1.542818,0.011885,0.012238
7.766667,0.009248,0.030697,-0.012215,-1.170981,-1.278455,1.493282,-1.562606,0.019181,0.014155,-1.193537,-1.370646,-1.707947,1.542985,0.011497,0.014446
7.800000,0.012587,0.031172,-0.005970,-1.176870,-1.287875,1.504854,-1.562606,0.016474,0.016916,-1.194861,-1.370928,-1.721392,1.550514,0.010790,0.015736
7.833333,0.006228,0.030928,0.007169,-1.193734,-1.286877,1.492086,-1.565041,0.006732,0.015208,-1.207340,-1.355198,-1.723745,1.536752,0.011143,0.018794
7.866667,-0.005124,0.036488,0.002898,-1.195233,-1.278903,1.481291,-1.555946,0.009477,0.022941,-1.203544,-1.337328,-1.725191,1.526922,0.003169,0.008250
7.900000,-0.011720,0.038314,0.004647,-1.204547,-1.292705,1.498289,-1.555946,0.011352,0.021998,-1.201168,-1.326969,-1.732639,1.537091,0.004890,0.007866
7.933333,-0.012752,0.031786,0.012237,-1.216071,-1.278878,1.483083,-1.560905,0.017573,0.018297,-1.207735,-1.331337,-1.738418,1.536412,0.007741,0.008824
7.966667,-0.014854,0.041589,0.003666,-1.217160,-1.278022,1.472132,-1.560905,0.016275,0.022519,-1.229859,-1.326633,-1.736589,1.539584,-0.000392,0.013741
8.000000,-0.026283,0.039480,0.000413,-1.206691,-1.287341,1.477412,-1.560905,0.017875,0.018779,-1.227880,-1.327946,-1.728877,1.548385,-0.005473,0.009407
8.033333,-0.010753,0.033523,0.000429,-1.203066,-1.288653,1.471755,-1.570000,0.010711,0.008738,-1.243808,-1.345090,-1.721022,1.560281,-0.007671,0.006138
8.066667,-0.005035,0.033436,-0.008183,-1.212963,-1.268625,1.457317,-1.570000,0.012040,0.016611,-1.256361,-1.358491,-1.713570,1.564360,-0.031250,0.012093
8.100000,-0.002781,0.033694,-0.011833,-1.202233,-1.275629,1.456955,-1.570000,0.009735,0.006649,-1.244979,-1.348892,-1.719139,1.557578,-0.036374,0.009131
8.133333,0.000512,0.023416,-0.006058,-1.191447,-1.256559,1.464658,-1.570000,0.004354,0.001203,-1.228013,-1.345095,-1.712880,1.544728,-0.028536,-0.003955
8.166667,0.016079,0.020780,-0.005577,-1.199906,-1.235274,1.455119,-1.570000,-0.001425,-0.007381,-1.232901,-1.347779,-1.710534,1.536843,-0.033395,-0.006928
8.200000,0.014205,0.019554,-0.004120,-1.202490,-1.236746,1.460907,-1.570000,0.003368,-0.004664,-1.224922,-1.352374,-1.712167,1.532819,-0.027338,0.002783
8.233333,0.010811,0.025598,0.008067,-1.185231,-1.241323,1.477824,-1.565375,0.004016,-0.011945,-1.213357,-1.346264,-1.707529,1.527961,-0.005479,0.001900
8.266667,0.030372,0.038762,0.016484,-1.199918,-1.217845,1.496288,-1.542867,0.010789,0.012712,-1.204330,-1.361312,-1.705531,1.535423,-0.011634,0.007936
8.300000,0.031181,0.044285,0.024800,-1.212468,-1.231497,1.496169,-1.540359,0.014056,0.018722,-1.203325,-1.371570,-1.712152,1.540494,-0.012827,0.015800
8.333333,0.020575,0.046962,0.013581,-1.206911,-1.232464,1.504161,-1.540359,0.028498,0.025493,-1.198433,-1.378970,-1.712292,1.553338,-0.006943,0.021396
8.366667,0.013670,0.059647,0.013650,-1.216581,-1.231131,1.524880,-1.533997,0.019539,0.037908,-1.196647,-1.374168,-1.715721,1.557363,-0.005759,0.028475
8.400000,0.016334,0.051990,0.012266,-1.228140,-1.246619,1.514924,-1.538622,0.014068,0.035055,-1.196544,-1.366272,-1.726677,1.561113,-0.004151,0.027988
8.433333,0.001053,0.045227,-0.001799,-1.211930,-1.266401,1.509959,-1.561130,0.007005,0.020423,-1.211719,-1.340145,-1.716487,1.555388,0.008276,0.026570
8.466667,-0.002931,0.048574,-0.014009,-1.216232,-1.269992,1.517563,-1.563638,0.011315,0.016084,-1.204356,-1.330895,-1.724195,1.559697,0.003165,0.037863
8.500000,-0.006405,0.047840,-0.001541,-1.222831,-1.290067,1.519595,-1.563638,0.005211,0.021334,-1.204936,-1.320684,-1.725732,1.555738,0.003244,0.035164
8.533333,-0.003911,0.039958,-0.005053,-1.195304,-1.305637,1.503446,-1.570000,0.015546,0.014014,-1.200251,-1.324252,-1.724292,1.541605,0.000403,0.028958
8.566667,-0.006850,0.036599,-0.006069,-1.194451,-1.320106,1.501913,-1.570000,0.025158,0.024319,-1.201311,-1.325779,-1.722175,1.542713,-0.009577,0.034101
8.600000,-0.010198,0.028399,-0.001210,-1.196166,-1.324055,1.492807,-1.570000,0.025252,0.015083,-1.197886,-1.338497,-1.729205,1.542436,-0.012948,0.025855
8.633333,-0.006247,0.021813,0.009249,-1.192358,-1.306156,1.486516,-1.570000,0.020752,0.016464,-1.212910,-1.329637,-1.726327,1.535951,-0.007556,0.009608
8.666667,-0.001838,0.024536,0.004673,-1.187707,-1.282734,1.503036,-1.570000,0.024295,0.019064,-1.223567,-1.331550,-1.731202,1.535502,-0.012225,0.003778
8.700000,-0.001753,0.020782,0.007100,-1.202612,-1.272103,1.504690,-1.570000,0.022740,0.014960,-1.222747,-1.322821,-1.722061,1.542682,-0.009043,0.002450
8.733333,0.007697,0.019789,-0.000784,-1.192611,-1.248196,1.513114,-1.562100,0.018025,0.009917,-1.235384,-1.335301,-1.719779,1.542682,-0.003378,-0.006340
8.766667,0.010866,0.023047,-0.009602,-1.194543,-1.257185,1.506218,-1.562100,0.017552,0.010670,-1.233805,-1.338422,-1.721676,1.547639,-0.005115,0.000152
8.800000,0.004635,0.025130,-0.012712,-1.191256,-1.275557,1.504551,-1.562100,0.018445,0.012048,-1.224255,-1.358003,-1.712295,1.550666,-0.005529,0.003527
8.833333,0.001056,0.019550,-0.005557,-1.195644,-1.279114,1.477158,-1.562100,0.017465,0.007041,-1.217949,-1.352225,-1.699463,1.545977,-0.009255,0.017827
8.866667,0.002699,0.026618,-0.002150,-1.218735,-1.270673,1.457196,-1.562100,0.016321,0.017281,-1.219915,-1.368260,-1.694021,1.552930,-0.014266,0.021565
8.900000,-0.004732,0.029569,0.005752,-1.229707,-1.276827,1.445595,-1.570000,0.013125,0.013687,-1.202152,-1.354830,-1.690604,1.547260,-0.011954,0.022492
8.933333,-0.007530,0.025880,0.015258,-1.231739,-1.264964,1.453994,-1.570000,0.014214,0.015616,-1.202792,-1.351688,-1.689015,1.542635,-0.011476,0.016806
8.966667,-0.000919,0.032697,0.017017,-1.212545,-1.278085,1.436784,-1.550000,0.026828,0.006670,-1.181504,-1.331304,-1.708610,1.523893,-0.005280,0.021610
9.000000,0.006195,0.045867,0.015496,-1.169505,-1.320194,1.405300,-1.510000,0.026674,0.010611,-1.134505,-1.296280,-1.753466,1.488901,-0.007033,0.027427
9.033333,0.003587,0.051999,0.009960,-1.087298,-1.354301,1.364372,-1.450000,0.024498,-0.007013,-1.074776,-1.222850,-1.820241,1.449956,-0.005781,0.032094
9.066667,-0.004635,0.068872,0.002051,-1.005090,-1.377657,1.284372,-1.370000,0.022223,-0.009494,-0.994776,-1.142850,-1.900241,1.430728,-0.002871,0.040334
9.100000,-0.005347,0.083256,-0.007039,-0.905090,-1.401012,1.184373,-1.270000,0.014489,-0.017317,-0.894776,-1.042850,-2.000241,1.402743,-0.005944,0.054315
9.133333,-0.012874,0.090102,-0.012462,-0.805090,-1.410000,1.084373,-1.170000,0.001778,-0.016174,-0.794776,-0.942850,-2.100241,1.395082,-0.014474,0.058320
9.166667,-0.036416,0.091793,-0.033453,-0.705090,-1.410000,0.984372,-1.070000,0.004668,-0.036369,-0.694776,-0.842850,-2.200241,1.411119,-0.007096,0.047946
9.200000,-0.035285,0.093521,-0.040768,-0.614534,-1.403906,0.884372,-0.970000,0.010770,-0.036418,-0.594776,-0.742850,-2.277441,1.426896,0.002849,0.057030
9.233333,-0.028642,0.087086,-0.036898,-0.531851,-1.403906,0.784372,-0.870000,0.011750,-0.040599,-0.494776,-0.642850,-2.314641,1.422409,-0.001161,0.054883
9.266667,-0.034254,0.083659,-0.042640,-0.449168,-1.403906,0.684372,-0.770000,0.020434,-0.048496,-0.394776,-0.542850,-2.311841,1.429837,-0.010712,0.049826
9.300000,-0.034723,0.084345,-0.042240,-0.406485,-1.403906,0.584372,-0.670000,0.022641,-0.039159,-0.294776,-0.482850,-2.269042,1.456940,-0.008162,0.053094
9.333333,-0.014460,0.075409,-0.022269,-0.374539,-1.403906,0.484372,-0.570000,0.013114,-0.027515,-0.234776,-0.435470,-2.186242,1.482609,-0.008091,0.047784
9.366667,-0.006019,0.064436,-0.014018,-0.348569,-1.390000,0.384372,-0.470000,0.016511,-0.010237,-0.214776,-0.409528,-2.086242,1.499851,-0.022512,0.031953
9.400000,-0.002722,0.070692,-0.009503,-0.332265,-1.390000,0.284429,-0.370000,0.009093,-0.004819,-0.234776,-0.388997,-1.986243,1.528203,-0.029882,0.038970
9.433333,0.007352,0.061999,0.006070,-0.338253,-1.390000,0.200086,-0.278138,0.004760,0.007471,-0.294776,-0.408465,-1.886243,1.554431,-0.016188,0.028273
9.466667,0.016923,0.053372,0.011021,-0.320008,-1.386437,0.139480,-0.217736,0.001495,0.002923,-0.394776,-0.420959,-1.786242,1.560659,-0.008544,0.017554
9.500000,0.020253,0.052583,0.010742,-0.323150,-1.386437,0.096300,-0.178875,0.001162,0.008788,-0.494776,-0.420844,-1.686242,1.563041,-0.001238,0.031849
9.533333,0.015754,0.052911,0.014660,-0.322768,-1.406437,0.074887,-0.153660,-0.009668,-0.002902,-0.594776,-0.439292,-1.586242,1.568967,0.004800,0.031878
9.566667,0.021915,0.044773,0.019391,-0.329469,-1.406437,0.065454,-0.151233,0.005546,0.003309,-0.694776,-0.490766,-1.486242,1.570000,0.013716,0.021101
9.600000,0.021476,0.047890,0.026285,-0.335147,-1.406437,0.065617,-0.151112,0.011849,0.015362,-0.794776,-0.519266,-1.386242,1.570000,0.010192,0.026040
9.633333,0.015782,0.040548,0.025173,-0.338248,-1.410000,0.061590,-0.158106,0.010509,0.014752,-0.859261,-0.521103,-1.286242,1.566237,0.004211,0.026309
9.666667,0.014316,0.038673,0.026632,-0.320808,-1.410000,0.080138,-0.146488,0.014175,0.016174,-0.917771,-0.558133,-1.186242,1.566238,-0.002516,0.005058
9.700000,0.022114,0.033596,0.021946,-0.315050,-1.408403,0.081872,-0.151712,0.012048,0.005866,-0.955806,-0.582778,-1.086242,1.566238,0.001856,0.000817
9.733333,0.016068,0.027522,0.017540,-0.307281,-1.408403,0.092169,-0.161222,0.002912,0.001743,-0.954122,-0.579213,-0.986242,1.566238,0.004796,0.000510
9.766667,0.012555,0.027143,0.003739,-0.283249,-1.403603,0.108015,-0.166214,0.002830,0.000055,-0.924646,-0.570508,-0.886242,1.565436,-0.001899,0.000827
9.800000,0.010198,0.036560,0.006366,-0.286027,-1.399953,0.117669,-0.161904,0.005815,0.012087,-0.906573,-0.593045,-0.786242,1.563010,0.000096,0.009481
9.833333,0.004990,0.033203,0.003071,-0.286096,-1.399953,0.104626,-0.180929,0.004537,0.006047,-0.884501,-0.602926,-0.700227,1.563010,0.004791,0.014997
9.866667,-0.009168,0.029624,-0.006560,-0.270997,-1.401550,0.104188,-0.190166,0.017551,0.009950,-0.848263,-0.585411,-0.631174,1.563010,0.010811,0.024495
9.900000,-0.008989,0.039563,-0.008678,-0.265990,-1.401550,0.106438,-0.197536,0.018560,0.003882,-0.834165,-0.597670,-0.585537,1.563010,0.016120,0.025508
9.933333,-0.012708,0.037155,-0.005412,-0.275215,-1.406350,0.089509,-0.220337,0.010083,-0.012253,-0.831565,-0.612319,-0.541860,1.560222,0.027789,0.020402
9.966667,-0.014802,0.036309,-0.023437,-0.271827,-1.391690,0.099225,-0.243770,0.022093,-0.019463,-0.847757,-0.629363,-0.518933,1.566410,0.035694,0.011616
10.000000,-0.008789,0.044102,-0.026015,-0.274053,-1.387450,0.105777,-0.252700,0.019950,-0.016185,-0.833923,-0.634973,-0.517850,1.566410,0.037382,0.020218
10.033333,-0.003888,0.053306,-0.016912,-0.280052,-1.387450,0.094771,-0.252556,0.011025,-0.008683,-0.834190,-0.667266,-0.499806,1.566410,0.025760,0.011135
10.066667,-0.009476,0.056933,-0.021064,-0.267372,-1.387450,0.077855,-0.256080,0.001461,-0.001677,-0.836069,-0.671423,-0.479903,1.566410,0.018623,0.006930
10.100000,-0.007538,0.062307,-0.016252,-0.267783,-1.387450,0.089371,-0.266023,0.000523,0.006333,-0.835096,-0.683834,-0.498039,1.570000,0.020255,0.015890
10.133333,-0.004130,0.057712,0.000816,-0.264274,-1.400759,0.064802,-0.264445,-0.017768,0.002813,-0.817367,-0.669773,-0.495426,1.564301,0.007483,0.016209
10.166667,-0.008011,0.067954,0.004817,-0.260814,-1.402381,0.066093,-0.260732,-0.021627,0.005335,-0.814131,-0.656167,-0.485302,1.563237,-0.004374,0.018054
10.200000,-0.012850,0.066274,0.009630,-0.265688,-1.402381,0.078669,-0.271439,-0.016031,0.004705,-0.809732,-0.638612,-0.498723,1.562621,-0.004428,0.028374
10.233333,-0.000342,0.049348,0.013207,-0.275891,-1.402381,0.087908,-0.283571,-0.011374,-0.004932,-0.808246,-0.649192,-0.499757,1.562621,-0.000455,0.029185
10.266667,0.006191,0.047829,0.009086,-0.266529,-1.402381,0.076018,-0.267929,-0.000311,-0.000766,-0.806108,-0.655196,-0.466777,1.562621,-0.019075,0.021538
10.300000,0.012201,0.047419,0.004376,-0.257674,-1.407382,0.087148,-0.271729,0.003368,-0.004181,-0.804776,-0.650709,-0.469237,1.568320,-0.018109,0.024099
10.333333,0.012819,0.031107,0.010809,-0.264893,-1.410000,0.079107,-0.290088,0.009859,-0.002874,-0.804642,-0.674652,-0.451188,1.569384,-0.006131,0.014078
10.366667,0.025834,0.024608,0.009207,-0.270445,-1.410000,0.062005,-0.302533,0.005687,-0.000951,-0.820333,-0.693700,-0.425090,1.570000,-0.013428,-0.003516
10.400000,0.016472,0.029157,0.008565,-0.268884,-1.410000,0.064725,-0.310862,0.012374,0.005145,-0.810598,-0.703900,-0.403460,1.570000,-0.014846,-0.002563
10.433333,0.013806,0.027801,0.014799,-0.258702,-1.404459,0.088576,-0.324058,0.002084,-0.000280,-0.796003,-0.699617,-0.403433,1.567526,0.002425,-0.005532
10.466667,0.023490,0.030397,0.018300,-0.235061,-1.386693,0.125490,-0.314222,0.010912,0.009038,-0.780555,-0.713060,-0.388433,1.556752,-0.001290,0.003370
10.500000,0.032959,0.037998,0.021735,-0.214061,-1.386693,0.141576,-0.315103,0.007414,-0.000499,-0.761900,-0.718702,-0.373533,1.551250,-0.003924,0.008420
10.533333,0.015174,0.044843,0.010447,-0.194546,-1.386693,0.156714,-0.325636,0.002268,-0.008042,-0.719995,-0.708537,-0.355707,1.551250,0.005790,0.021734
10.566667,0.008921,0.056918,0.007292,-0.202795,-1.378008,0.169719,-0.342878,0.000109,0.005150,-0.707884,-0.707220,-0.342893,1.551250,0.001962,0.035414
10.600000,0.012803,0.060460,0.006955,-0.220572,-1.382213,0.165085,-0.355254,0.000028,0.012930,-0.695680,-0.738185,-0.329334,1.553725,0.002744,0.043808
10.633333,-0.003015,0.053857,-0.000732,-0.237657,-1.396213,0.132258,-0.386122,-0.001391,0.000876,-0.685963,-0.754946,-0.299451,1.563058,0.009570,0.031254
10.666667,-0.000424,0.052763,-0.021601,-0.233833,-1.390810,0.138212,-0.387538,0.007655,0.009191,-0.676183,-0.775357,-0.296665,1.568560,0.012789,0.031440
10.700000,0.009388,0.052103,-0.007665,-0.242771,-1.390810,0.155668,-0.386572,0.012726,0.011973,-0.680234,-0.800643,-0.295782,1.568560,0.018515,0.033755
10.733333,0.020499,0.040227,-0.003729,-0.219013,-1.394131,0.152142,-0.369293,0.010879,-0.000963,-0.678677,-0.810636,-0.287882,1.564309,0.021551,0.018184
10.766667,0.012145,0.042716,-0.010646,-0.209871,-1.395468,0.164990,-0.367436,0.010415,0.001299,-0.681813,-0.800178,-0.278359,1.564309,0.021067,0.018778
10.800000,0.016918,0.042477,-0.004275,-0.213700,-1.399232,0.169537,-0.364032,0.005353,0.004471,-0.680697,-0.790757,-0.288251,1.565749,0.023062,0.022223
10.833333,0.012481,0.041546,0.008986,-0.233089,-1.400396,0.151460,-0.359305,-0.005676,0.003325,-0.694711,-0.762075,-0.299984,1.561621,0.024804,0.024670
10.866667,0.000927,0.045832,0.005722,-0.238909,-1.395034,0.139718,-0.327179,-0.005620,0.012597,-0.702084,-0.726268,-0.326793,1.561621,0.018142,0.014881
10.900000,-0.006514,0.046663,0.006193,-0.250968,-1.400398,0.145382,-0.307896,-0.001850,0.012051,-0.715074,-0.694451,-0.367743,1.565872,0.019644,0.014474
10.933333,-0.007647,0.038656,0.013214,-0.266022,-1.400398,0.119613,-0.285003,0.004162,0.008295,-0.744375,-0.666295,-0.417136,1.565872,0.023348,0.015413
10.966667,-0.011517,0.048085,0.004378,-0.272804,-1.400398,0.099356,-0.244610,0.001141,0.011626,-0.797565,-0.630544,-0.482973,1.565872,0.013430,0.017848
11.000000,-0.024304,0.045626,0.001007,-0.269006,-1.404638,0.097409,-0.211857,0.004246,0.007186,-0.846335,-0.589623,-0.551961,1.570000,0.008903,0.012056
11.033333,-0.007308,0.040716,0.000156,-0.269772,-1.410000,0.081615,-0.189864,-0.001829,-0.005137,-0.917045,-0.568988,-0.631399,1.570000,0.005453,0.007530
11.066667,-0.002372,0.040003,-0.008036,-0.284397,-1.399797,0.067235,-0.159994,-0.000843,0.005172,-0.987009,-0.547535,-0.725066,1.570000,-0.017426,0.014163
11.100000,0.001807,0.041410,-0.011827,-0.281377,-1.399797,0.064481,-0.132513,-0.002420,-0.003501,-1.029084,-0.509234,-0.825066,1.570000,-0.024649,0.012503
11.133333,0.006156,0.029915,-0.006940,-0.280555,-1.388804,0.080926,-0.115226,-0.004272,-0.007602,-1.057253,-0.486390,-0.907599,1.565076,-0.016227,-0.002079
11.166667,0.021251,0.026754,-0.006754,-0.293275,-1.375209,0.072878,-0.114391,-0.008373,-0.015920,-1.077573,-0.482260,-0.951690,1.559369,-0.022184,-0.006127
11.200000,0.017673,0.024923,-0.004856,-0.300355,-1.375209,0.077349,-0.108418,-0.001817,-0.012605,-1.072550,-0.480665,-0.972609,1.559369,-0.014644,0.001847
11.233333,0.014386,0.032243,0.008055,-0.291206,-1.377698,0.092253,-0.094131,-0.000393,-0.020165,-1.049521,-0.476363,-0.956220,1.559369,0.006641,-0.000469
11.266667,0.032563,0.046060,0.017850,-0.303301,-1.361975,0.105033,-0.065642,0.004467,0.004522,-1.018127,-0.505022,-0.903851,1.559369,0.001455,0.004030
11.300000,0.032208,0.052894,0.026845,-0.311334,-1.372968,0.096747,-0.052720,0.006103,0.009749,-0.985732,-0.518222,-0.843709,1.562858,0.000723,0.014879
11.333333,0.022698,0.058492,0.016431,-0.301211,-1.372770,0.099271,-0.028828,0.017453,0.015787,-0.952921,-0.521006,-0.793517,1.568564,0.006613,0.022814
11.366667,0.016577,0.073326,0.017692,-0.312634,-1.367713,0.124009,-0.012385,0.006414,0.027578,-0.920437,-0.521377,-0.750728,1.568564,0.005202,0.031586
11.400000,0.019335,0.065948,0.015971,-0.321912,-1.375428,0.111393,-0.013659,0.001304,0.022818,-0.889137,-0.509783,-0.705247,1.568564,0.007108,0.032311
11.433333,0.003365,0.058597,0.000272,-0.313573,-1.391150,0.112868,-0.048014,-0.003252,0.007794,-0.871564,-0.478252,-0.657623,1.568564,0.020183,0.029978
11.466667,-0.000272,0.061883,-0.011633,-0.318928,-1.391150,0.117071,-0.066232,0.001391,0.003259,-0.832405,-0.462470,-0.620035,1.570000,0.012520,0.040402
11.500000,-0.001734,0.059367,0.000752,-0.329592,-1.404943,0.116698,-0.072838,-0.003871,0.007710,-0.799635,-0.457280,-0.570939,1.570000,0.012865,0.038465
11.533333,0.000083,0.050252,-0.003444,-0.304169,-1.410000,0.097213,-0.090222,0.006724,0.002587,-0.764454,-0.460739,-0.514747,1.566775,0.012418,0.032960
11.566667,-0.003087,0.047115,-0.005305,-0.304454,-1.410000,0.097875,-0.101433,0.015325,0.012869,-0.739777,-0.468450,-0.476052,1.566775,0.001193,0.039389
11.600000,-0.006127,0.038701,0.000980,-0.305473,-1.410000,0.085516,-0.094489,0.014756,0.003587,-0.711626,-0.480355,-0.435890,1.566775,-0.005075,0.032644
11.633333,-0.001739,0.033274,0.011520,-0.306179,-1.390000,0.085400,-0.084722,0.009727,0.004786,-0.710083,-0.481508,-0.406580,1.565778,0.003605,0.016906
11.666667,-0.000157,0.035864,0.006084,-0.304789,-1.369141,0.109078,-0.090685,0.012610,0.009540,-0.705156,-0.492354,-0.390130,1.565778,-0.000322,0.009764
11.700000,-0.000230,0.033217,0.008522,-0.318703,-1.368282,0.111867,-0.095219,0.011983,0.003367,-0.691997,-0.490025,-0.356546,1.569002,0.002033,0.007420
11.733333,0.009559,0.033531,0.000426,-0.308892,-1.366216,0.123550,-0.076983,0.006650,-0.003357,-0.694582,-0.510237,-0.334236,1.569002,0.009267,-0.002382
11.766667,0.012398,0.037087,-0.010202,-0.304990,-1.366216,0.117361,-0.077940,0.005298,-0.004519,-0.686912,-0.516125,-0.317291,1.569002,0.010881,0.004081
11.800000,0.006765,0.039651,-0.013496,-0.300350,-1.386216,0.116817,-0.086937,0.005967,-0.003916,-0.672015,-0.533683,-0.287206,1.570000,0.009199,0.006575
11.833333,0.002597,0.035113,-0.006190,-0.303003,-1.387340,0.089834,-0.098695,0.006265,-0.009721,-0.664173,-0.526156,-0.259566,1.570000,0.005714,0.020051
11.866667,0.003761,0.041205,-0.002774,-0.325978,-1.380936,0.070320,-0.103057,0.007290,0.002294,-0.668438,-0.542745,-0.254958,1.570000,-0.000111,0.023958
11.900000,-0.002977,0.043222,0.005969,-0.337941,-1.383002,0.057222,-0.127337,0.002873,-0.000095,-0.657342,-0.527039,-0.255379,1.570000,0.000976,0.024767
11.933333,-0.004166,0.040219,0.016717,-0.343546,-1.383002,0.064124,-0.137497,0.002469,0.002628,-0.666245,-0.526327,-0.270024,1.570000,0.000389,0.018673
11.966667,0.005093,0.032962,0.022696,-0.355835,-1.363002,0.072353,-0.158577,0.013903,-0.000328,-0.652262,-0.548947,-0.262162,1.550000,0.006255,0.011954
12.000000,0.016378,0.030479,0.025069,-0.378732,-1.354479,0.078157,-0.195529,0.013222,0.006416,-0.613351,-0.596651,-0.238994,1.543197,0.003746,0.004125
12.033333,0.015983,0.021156,0.021973,-0.386539,-1.332343,0.091672,-0.257458,0.009009,-0.004594,-0.557990,-0.644356,-0.192794,1.541359,0.007008,-0.003315
12.066667,0.010116,0.021926,0.017148,-0.412321,-1.305024,0.099452,-0.337458,0.007835,-0.000498,-0.477990,-0.691286,-0.117275,1.541359,0.010149,-0.010789
12.100000,0.012353,0.019841,0.011876,-0.436300,-1.265074,0.100304,-0.437458,0.000712,0.000418,-0.377990,-0.751371,-0.045692,1.540018,0.005871,-0.010822
12.133333,0.006250,0.022708,0.005957,-0.450149,-1.257434,0.081162,-0.537458,-0.011084,0.003611,-0.297001,-0.788895,0.025890,1.558085,-0.003373,-0.006388
12.166667,-0.017297,0.025480,-0.015427,-0.434176,-1.253160,0.090887,-0.637458,-0.011781,-0.012279,-0.235776,-0.788531,0.072310,1.563995,0.002459,-0.015416
12.200000,-0.016093,0.027543,-0.023831,-0.433755,-1.238034,0.105822,-0.737458,-0.008148,-0.014666,-0.185846,-0.788166,0.083436,1.565833,0.011094,-0.005639
12.233333,-0.010153,0.022068,-0.020788,-0.429853,-1.238237,0.089471,-0.837458,-0.006923,-0.019031,-0.162551,-0.800764,0.099043,1.560612,0.004004,-0.002429
12.266667,-0.017032,0.022924,-0.027905,-0.410206,-1.259495,0.060049,-0.937458,0.003540,-0.033709,-0.151761,-0.780205,0.138586,1.553749,-0.008823,0.000603
12.300000,-0.020503,0.031975,-0.029616,-0.408702,-1.258656,0.061523,-1.037458,0.007395,-0.028065,-0.153033,-0.782209,0.138130,1.555683,-0.008175,0.010079
12.333333,-0.003556,0.028815,-0.011415,-0.423417,-1.259456,0.040684,-1.137458,0.003633,-0.020162,-0.151856,-0.806779,0.144792,1.549540,-0.010496,0.014860
12.366667,0.005939,0.024481,-0.004947,-0.413660,-1.252248,0.013752,-1.236646,0.011251,-0.004882,-0.164502,-0.806231,0.160341,1.530583,-0.030385,0.006358
12.400000,0.007600,0.037701,-0.003550,-0.409648,-1.247632,0.012288,-1.333322,0.004446,-0.001561,-0.154074,-0.786633,0.140483,1.524373,-0.036485,0.019071
12.433333,0.016721,0.034992,0.009345,-0.428671,-1.237712,0.026018,-1.413804,0.001027,0.010534,-0.163708,-0.807036,0.120625,1.529009,-0.023573,0.011008
12.466667,0.022742,0.030114,0.013636,-0.422504,-1.227753,0.024122,-1.480312,-0.000967,0.006037,-0.181044,-0.818085,0.114387,1.526947,-0.018978,0.001889
12.500000,0.025101,0.032140,0.012173,-0.429712,-1.239088,0.021447,-1.526821,-0.003112,0.009388,-0.186370,-0.804456,0.097101,1.527875,-0.013650,0.014182
12.533333,0.016976,0.034875,0.016498,-0.432857,-1.265853,0.025758,-1.549181,-0.013567,-0.003099,-0.181850,-0.815945,0.104538,1.546832,-0.006202,0.013481
12.566667,0.023748,0.029014,0.021259,-0.441263,-1.275285,0.015414,-1.559013,0.001592,0.001671,-0.200342,-0.862999,0.128487,1.558263,-0.001905,0.002737
12.600000,0.021800,0.032058,0.027843,-0.446268,-1.285892,0.011871,-1.560189,0.008712,0.014255,-0.215795,-0.886628,0.126235,1.561831,-0.006454,0.005851
12.633333,0.019248,0.025018,0.025624,-0.451525,-1.293921,0.005035,-1.560189,0.006629,0.012956,-0.197429,-0.881606,0.129704,1.555808,-0.009656,0.006036
12.666667,0.020474,0.023582,0.026572,-0.435452,-1.284457,0.021292,-1.540188,0.011295,0.014955,-0.211648,-0.903528,0.136245,1.561915,-0.016435,-0.012789
12.700000,0.029193,0.020011,0.020611,-0.430459,-1.277342,0.021713,-1.543002,0.009296,0.003956,-0.228605,-0.912650,0.129372,1.561915,-0.013381,-0.017674
12.733333,0.022726,0.013071,0.016825,-0.426559,-1.277321,0.033176,-1.539222,-0.000906,-0.001034,-0.224772,-0.893450,0.118107,1.558541,-0.007871,-0.018567
12.766667,0.019331,0.013528,0.002774,-0.407128,-1.261556,0.051526,-1.520294,0.000598,-0.002570,-0.208202,-0.863129,0.116048,1.552590,-0.011325,-0.017790
12.800000,0.016432,0.023359,0.005338,-0.412634,-1.258022,0.063727,-1.507573,0.003283,0.008789,-0.201517,-0.864720,0.119477,1.550754,-0.009088,-0.009988
12.833333,0.010134,0.020462,0.002124,-0.416992,-1.265773,0.053463,-1.520466,0.004217,0.002254,-0.186176,-0.861240,0.126400,1.550754,-0.003654,-0.005297
12.866667,-0.002088,0.018973,-0.005956,-0.406221,-1.273031,0.058556,-1.505564,0.016973,0.006108,-0.162273,-0.830559,0.126265,1.550754,0.003210,0.006251
12.900000,-0.001627,0.029734,-0.008662,-0.402357,-1.276824,0.058750,-1.499777,0.022194,0.000520,-0.154922,-0.831794,0.126335,1.554128,0.007609,0.010511
12.933333,-0.004680,0.026240,-0.004157,-0.415398,-1.290532,0.045420,-1.514992,0.013974,-0.015195,-0.154875,-0.829627,0.137571,1.550937,0.018024,0.004104
12.966667,-0.007222,0.024075,-0.023208,-0.412054,-1.284410,0.057157,-1.521166,0.025409,-0.022812,-0.177196,-0.833554,0.142170,1.560858,0.025159,-0.002770
13.000000,-0.000679,0.030936,-0.025703,-0.414547,-1.278131,0.062870,-1.512599,0.023321,-0.016677,-0.170283,-0.822166,0.131663,1.560858,0.027215,0.006006
13.033333,0.002554,0.036542,-0.018611,-0.420681,-1.288981,0.047778,-1.509609,0.012446,-0.006494,-0.173604,-0.837538,0.143312,1.556479,0.013264,-0.001711
13.066667,-0.004241,0.039218,-0.023136,-0.403623,-1.302280,0.035209,-1.496149,0.000965,0.001866,-0.180898,-0.828911,0.158053,1.556479,0.003730,-0.007870
13.100000,-0.003252,0.044994,-0.019356,-0.397297,-1.322344,0.047284,-1.475032,-0.003093,0.009773,-0.185810,-0.837953,0.138623,1.565621,0.005000,0.005430
13.133333,0.000079,0.041359,-0.001562,-0.384584,-1.342408,0.032742,-1.442170,-0.018029,0.007387,-0.171553,-0.824745,0.139427,1.552566,-0.007091,0.005057
13.166667,-0.003752,0.052633,0.001210,-0.371779,-1.351017,0.046689,-1.398436,-0.024743,0.006757,-0.174862,-0.811204,0.141171,1.539278,-0.019113,0.008003
13.200000,-0.009962,0.052985,0.005975,-0.362810,-1.356343,0.086123,-1.339065,-0.017852,0.003177,-0.158489,-0.791041,0.113767,1.510369,-0.020584,0.016095
13.233333,0.003425,0.040229,0.009189,-0.364635,-1.354996,0.121215,-1.262683,-0.012997,-0.007898,-0.127316,-0.790898,0.085601,1.463855,-0.014598,0.018619
13.266667,0.008884,0.041593,0.002796,-0.349982,-1.352957,0.140416,-1.172954,-0.001921,-0.005489,-0.074426,-0.780640,0.083156,1.419709,-0.033478,0.009963
13.300000,0.011749,0.044134,-0.003443,-0.350026,-1.372957,0.183870,-1.072954,-0.001500,-0.011276,-0.003498,-0.752631,0.042284,1.374559,-0.036844,0.014066
13.333333,0.009086,0.031649,0.001422,-0.365860,-1.392737,0.212554,-0.972954,0.004270,-0.009142,0.084994,-0.751187,0.005731,1.346871,-0.028548,0.005306
13.366667,0.021843,0.026996,-0.002705,-0.388581,-1.401386,0.216897,-0.872954,-0.001453,-0.008083,0.173487,-0.735281,-0.019198,1.359183,-0.035978,-0.012343
13.400000,0.010615,0.034507,-0.006309,-0.405209,-1.407961,0.242783,-0.785949,0.002957,-0.004992,0.273487,-0.703865,-0.049051,1.364721,-0.042242,-0.010992
13.433333,0.004937,0.036651,-0.000890,-0.413491,-1.410000,0.284561,-0.700573,-0.006539,-0.011383,0.373487,-0.665377,-0.096131,1.353567,-0.027373,-0.015444
13.466667,0.013654,0.040537,0.002199,-0.395039,-1.395531,0.328565,-0.638633,0.002835,-0.002704,0.473487,-0.649596,-0.119499,1.351844,-0.030572,-0.007313
13.500000,0.023670,0.047445,0.005436,-0.378968,-1.395531,0.347340,-0.616693,0.001949,-0.014125,0.573487,-0.627507,-0.122252,1.336529,-0.032188,-0.001149
13.533333,0.004338,0.054225,-0.005207,-0.357133,-1.395531,0.364969,-0.634753,-0.002241,-0.021002,0.673487,-0.602801,-0.120306,1.307385,-0.022647,0.012886
13.566667,-0.002568,0.062620,-0.007260,-0.360289,-1.387797,0.366896,-0.679819,-0.002749,-0.007082,0.733487,-0.597582,-0.100396,1.312371,-0.024153,0.024155
13.600000,0.003999,0.062683,-0.005596,-0.360619,-1.381766,0.346048,-0.738458,-0.001581,0.004166,0.753487,-0.629830,-0.072529,1.311682,-0.023475,0.033093
13.633333,-0.008123,0.052992,-0.010807,-0.362207,-1.383975,0.297225,-0.813662,-0.002242,-0.004305,0.733487,-0.648724,-0.036600,1.295620,-0.014071,0.022320
13.666667,-0.004553,0.048371,-0.028722,-0.337063,-1.367139,0.286631,-0.878206,0.006139,0.005283,0.673487,-0.680235,-0.021419,1.273527,-0.008666,0.021328
13.700000,0.008610,0.045223,-0.010721,-0.327329,-1.352708,0.289457,-0.942749,0.013168,0.009584,0.573487,-0.719384,-0.012280,1.225262,-0.001704,0.022676
13.733333,0.018779,0.031941,-0.004075,-0.282737,-1.334430,0.283822,-0.996621,0.011483,-0.001066,0.473487,-0.746354,-0.013832,1.142867,0.002476,0.007846
13.766667,0.013691,0.032053,-0.009067,-0.263827,-1.334450,0.300956,-1.052452,0.012697,0.001318,0.373487,-0.754522,-0.010159,1.062354,0.004945,0.007868
13.800000,0.018434,0.031959,-0.001323,-0.257169,-1.329370,0.313469,-1.108282,0.008981,0.004041,0.273487,-0.767501,-0.028812,0.981841,0.004625,0.006515
13.833333,0.015142,0.031380,0.013773,-0.270214,-1.316281,0.303978,-1.151055,-0.000341,0.004738,0.173487,-0.763071,-0.044211,0.883724,0.003920,0.008619
13.866667,0.004192,0.036202,0.009913,-0.268493,-1.303387,0.299165,-1.157551,-0.000828,0.014745,0.073487,-0.753404,-0.063151,0.785607,-0.000666,-0.001292
13.900000,-0.000566,0.035965,0.011250,-0.274869,-1.314077,0.311882,-1.170270,0.003982,0.014930,-0.017002,-0.750165,-0.073581,0.692734,0.000438,-0.000436
13.933333,-0.001113,0.028851,0.018890,-0.281003,-1.299134,0.286557,-1.179321,0.005392,0.012664,-0.087653,-0.751474,-0.081717,0.637979,0.003935,0.001791
13.966667,-0.004706,0.038480,0.008335,-0.280066,-1.304203,0.258672,-1.165306,0.002041,0.015263,-0.137133,-0.738620,-0.073776,0.623223,-0.004322,0.006723
14.000000,-0.019513,0.036962,0.002508,-0.268641,-1.321570,0.247797,-1.147943,0.002640,0.009477,-0.146613,-0.732800,-0.054913,0.648468,-0.005763,-0.001383
14.033333,-0.002928,0.032411,0.001020,-0.264444,-1.330502,0.218825,-1.135428,-0.004216,-0.001859,-0.133296,-0.749802,-0.025850,0.713712,-0.010093,-0.004602
14.066667,0.005174,0.033335,-0.009400,-0.276137,-1.317552,0.183070,-1.110223,-0.003544,0.006264,-0.110357,-0.768548,0.006461,0.813712,-0.031890,-0.000371
14.100000,0.007174,0.034676,-0.015652,-0.268945,-1.330235,0.162558,-1.079157,-0.002970,-0.006541,-0.078607,-0.771767,0.033004,0.913712,-0.041130,-0.004797
14.133333,0.010365,0.024371,-0.010957,-0.269209,-1.314924,0.164722,-1.049647,-0.008021,-0.010427,-0.068028,-0.791675,0.049992,1.013712,-0.032389,-0.017525
14.166667,0.027578,0.021335,-0.011440,-0.282674,-1.298099,0.143556,-1.043708,-0.014464,-0.018273,-0.087366,-0.818194,0.075442,1.113712,-0.040556,-0.019653
14.200000,0.022180,0.020041,-0.010643,-0.289952,-1.301409,0.144347,-1.040245,-0.008027,-0.015721,-0.109965,-0.840095,0.092681,1.213712,-0.032847,-0.011759
14.233333,0.015828,0.026903,0.002831,-0.280014,-1.306707,0.160788,-1.024645,-0.007506,-0.023481,-0.133942,-0.849438,0.096517,1.313712,-0.012820,-0.010277
14.266667,0.034159,0.040376,0.011911,-0.293547,-1.283724,0.179611,-1.003364,-0.003612,0.001803,-0.150202,-0.884396,0.104476,1.404970,-0.017751,-0.004838
14.300000,0.033069,0.045344,0.020519,-0.300493,-1.296641,0.177013,-1.003594,-0.000826,0.007074,-0.162981,-0.902665,0.112146,1.469943,-0.019370,0.003319
14.333333,0.022073,0.048693,0.010130,-0.289216,-1.294827,0.184813,-1.003367,0.011069,0.010783,-0.158940,-0.905913,0.118482,1.521200,-0.011493,0.011496
14.366667,0.017135,0.060974,0.011203,-0.297948,-1.290648,0.210656,-0.998318,-0.000795,0.020265,-0.159720,-0.902444,0.107457,1.552458,-0.012333,0.017993
14.400000,0.020231,0.053041,0.008857,-0.302969,-1.304092,0.201108,-1.020193,-0.005237,0.018143,-0.158963,-0.892998,0.106720,1.563612,-0.009853,0.015457
14.433333,0.005520,0.045102,-0.005067,-0.294139,-1.320853,0.203359,-1.057464,-0.010374,0.003053,-0.180237,-0.859728,0.104522,1.555675,0.005372,0.013788
14.466667,0.004877,0.048321,-0.016872,-0.297629,-1.323989,0.205801,-1.081763,-0.006605,-0.003226,-0.165923,-0.842287,0.096230,1.558653,-0.000241,0.025575
14.500000,0.002502,0.047433,-0.003628,-0.305535,-1.345706,0.202306,-1.070014,-0.010384,0.004034,-0.166351,-0.836828,0.095424,1.555384,0.001036,0.022649
14.533333,0.004283,0.039339,-0.007882,-0.279941,-1.364969,0.179436,-1.062439,0.000158,0.001410,-0.155303,-0.840895,0.100615,1.537822,-0.000867,0.018093
14.566667,0.001328,0.036232,-0.009117,-0.283453,-1.374497,0.172966,-1.024231,0.009045,0.011311,-0.143514,-0.839713,0.094545,1.534307,-0.012429,0.023690
14.600000,-0.003091,0.029617,-0.004567,-0.284877,-1.386888,0.150613,-0.970078,0.006558,0.002325,-0.113174,-0.843176,0.092945,1.519040,-0.019498,0.018604
14.633333,0.000113,0.023946,0.005180,-0.288497,-1.376313,0.143627,-0.909662,0.003694,0.003236,-0.112662,-0.834675,0.082531,1.491529,-0.012816,0.001722
14.666667,0.003393,0.027035,-0.000060,-0.290176,-1.359266,0.162270,-0.874602,0.006679,0.005901,-0.101387,-0.829915,0.054980,1.450320,-0.019112,-0.004442
14.700000,0.003009,0.024604,0.002386,-0.302894,-1.352738,0.165049,-0.857978,0.006177,-0.001545,-0.076305,-0.810650,0.044651,1.408453,-0.018103,-0.005613
14.733333,0.011350,0.024156,-0.005928,-0.291738,-1.341551,0.178440,-0.841149,0.000594,-0.008659,-0.071254,-0.819176,0.031764,1.369104,-0.010327,-0.014608
14.766667,0.014110,0.026276,-0.015457,-0.284474,-1.343654,0.177798,-0.862915,0.001635,-0.009620,-0.059088,-0.811045,0.013984,1.329341,-0.010934,-0.011754
14.800000,0.009637,0.028961,-0.017283,-0.275681,-1.358330,0.195640,-0.903917,0.001388,-0.007343,-0.044281,-0.802535,-0.001181,1.277192,-0.012157,-0.007136
14.833333,0.004923,0.023096,-0.009697,-0.276968,-1.357432,0.193660,-0.954247,0.003126,-0.011866,-0.039536,-0.770486,-0.009023,1.218704,-0.017795,0.002787
14.866667,0.007344,0.028716,-0.004795,-0.299898,-1.340553,0.199213,-0.995058,0.002936,0.001217,-0.051900,-0.766472,-0.020162,1.155166,-0.020008,0.005985
14.900000,0.000730,0.031229,0.005723,-0.309394,-1.336864,0.213147,-1.064488,0.000832,0.000802,-0.047071,-0.726537,-0.036251,1.055166,-0.018443,0.006766
14.933333,-0.001033,0.028030,0.017713,-0.316348,-1.321988,0.249956,-1.113919,0.003086,0.006090,-0.062242,-0.706601,-0.052781,0.962740,-0.017331,0.002497
14.966667,0.004143,0.023756,0.022898,-0.297817,-1.294539,0.246765,-1.123350,0.017224,0.003350,-0.067193,-0.702565,-0.062595,0.910315,-0.006487,0.002911
15.000000,0.013631,0.027808,0.025818,-0.278689,-1.267089,0.223396,-1.098095,0.016810,0.011573,-0.073360,-0.700889,-0.062189,0.897889,-0.002008,0.007322
15.033333,0.011237,0.024916,0.023069,-0.248420,-1.215620,0.187733,-1.053522,0.016916,-0.000821,-0.074520,-0.682726,-0.051554,0.925463,0.006042,0.010633
15.066667,0.003656,0.031241,0.017400,-0.238498,-1.135620,0.141738,-0.973523,0.014810,-0.000258,-0.081539,-0.669710,-0.049346,0.993037,0.014605,0.015492
15.100000,0.003597,0.035532,0.012187,-0.227096,-1.035620,0.086282,-0.873523,0.007257,-0.003104,-0.084090,-0.671929,-0.045433,1.083989,0.017746,0.024874
15.133333,-0.003899,0.042161,0.007196,-0.239246,-0.955768,0.043042,-0.773523,-0.005020,-0.000788,-0.087967,-0.672703,-0.013669,1.154005,0.008840,0.028988
15.166667,-0.026345,0.045338,-0.014644,-0.232380,-0.895277,0.039802,-0.673523,-0.002934,-0.016595,-0.086053,-0.662309,-0.004658,1.204034,0.014202,0.021446
15.200000,-0.026234,0.048419,-0.021921,-0.239757,-0.849601,0.057936,-0.573523,0.003457,-0.019357,-0.082171,-0.668402,-0.028018,1.239842,0.019622,0.032357
15.233333,-0.021917,0.044294,-0.017124,-0.241764,-0.840033,0.047780,-0.473523,0.006453,-0.022644,-0.076919,-0.682172,-0.025747,1.252699,0.013896,0.032153
15.266667,-0.030844,0.045356,-0.024173,-0.225725,-0.868704,0.023833,-0.382182,0.016224,-0.034142,-0.065065,-0.660708,-0.045180,1.267224,0.000232,0.033746
15.300000,-0.036536,0.053491,-0.026264,-0.226134,-0.895571,0.027670,-0.314737,0.020078,-0.027553,-0.062261,-0.660321,-0.102566,1.302686,0.001228,0.044073
15.333333,-0.022958,0.050946,-0.007873,-0.244751,-0.935819,0.016522,-0.268382,0.013636,-0.019323,-0.036894,-0.656241,-0.173892,1.345107,0.000363,0.043305
15.366667,-0.018029,0.046440,-0.002744,-0.242600,-0.964060,-0.000099,-0.222027,0.018574,-0.001896,-0.001391,-0.612161,-0.245217,1.376911,-0.018361,0.031427
15.400000,-0.017337,0.061026,-0.002647,-0.242258,-0.996194,0.004702,-0.204077,0.011960,-0.000492,0.061406,-0.551177,-0.345217,1.415957,-0.027428,0.045548
15.433333,-0.010187,0.058799,0.007895,-0.263743,-1.026594,0.022914,-0.202377,0.010435,0.012332,0.133134,-0.530193,-0.445217,1.451914,-0.013692,0.037912
15.466667,-0.000868,0.054456,0.010889,-0.260954,-1.049445,0.017881,-0.189300,0.008728,0.005307,0.233134,-0.508487,-0.521698,1.453050,-0.010055,0.029614
15.500000,0.003308,0.055155,0.006967,-0.266194,-1.076543,0.001082,-0.168751,0.010078,0.006194,0.333134,-0.489064,-0.563866,1.441322,-0.006956,0.047843
15.533333,-0.000890,0.058278,0.008913,-0.265859,-1.114726,-0.008306,-0.157053,-0.000814,-0.008272,0.433134,-0.509641,-0.566034,1.438492,0.001516,0.049732
15.566667,0.008648,0.051140,0.011605,-0.273994,-1.140090,-0.027870,-0.137815,0.011678,-0.002836,0.533134,-0.570217,-0.554301,1.449386,0.004937,0.041762
15.600000,0.011178,0.055049,0.017350,-0.281019,-1.157115,-0.038797,-0.101687,0.019299,0.005924,0.633134,-0.609722,-0.542569,1.453655,-0.003865,0.047437
15.633333,0.007216,0.049992,0.014117,-0.286718,-1.177379,-0.046977,-0.089535,0.016849,0.004910,0.733134,-0.617337,-0.554355,1.455542,-0.010758,0.047612
15.666667,0.004980,0.051654,0.014619,-0.276141,-1.186570,-0.028407,-0.066987,0.018957,0.007324,0.824520,-0.656607,-0.600455,1.483319,-0.017223,0.026548
15.700000,0.011898,0.049659,0.007646,-0.275737,-1.204867,-0.027065,-0.066142,0.015786,-0.005716,0.915908,-0.683760,-0.686555,1.513930,-0.017089,0.022683
15.733333,0.001084,0.046054,0.001844,-0.275155,-1.228814,-0.016067,-0.072766,0.009144,-0.009094,1.007294,-0.680333,-0.786555,1.521891,-0.010913,0.021107
15.766667,-0.007012,0.048194,-0.013818,-0.256044,-1.238610,0.000209,-0.078791,0.007086,-0.009123,1.098681,-0.669480,-0.886555,1.522738,-0.015530,0.021732
15.800000,-0.010813,0.059828,-0.012294,-0.262533,-1.255944,0.012463,-0.081682,0.011034,0.004427,1.190068,-0.688547,-0.986555,1.537358,-0.014457,0.030990
15.833333,-0.017058,0.057468,-0.015862,-0.264592,-1.284510,0.001597,-0.110513,0.009564,-0.001309,1.290068,-0.694246,-1.086555,1.544251,-0.009126,0.038572
15.866667,-0.031504,0.049367,-0.024666,-0.249415,-1.304380,0.005592,-0.130339,0.023111,0.006172,1.390068,-0.672263,-1.186555,1.544251,-0.001139,0.048867
15.900000,-0.031606,0.058798,-0.028157,-0.242160,-1.319267,0.009269,-0.152047,0.025625,-0.000477,1.490068,-0.680861,-1.286555,1.548886,0.002405,0.051859
15.933333,-0.035388,0.057166,-0.024197,-0.253669,-1.341061,0.000638,-0.183950,0.020136,-0.015274,1.590068,-0.682737,-1.386555,1.553884,0.012939,0.047627
15.966667,-0.037793,0.055883,-0.042548,-0.250797,-1.341284,0.016527,-0.217684,0.030991,-0.024292,1.669751,-0.688289,-1.486555,1.566156,0.021820,0.039249
16.000000,-0.030401,0.064187,-0.045951,-0.250867,-1.334749,0.033000,-0.242305,0.030667,-0.018456,1.749434,-0.680109,-1.586555,1.566156,0.023853,0.046499
16.033333,-0.026360,0.078376,-0.038873,-0.255356,-1.348642,0.028529,-0.261869,0.020535,-0.011561,1.827547,-0.698716,-1.667214,1.566156,0.011516,0.038183
16.066667,-0.031988,0.082445,-0.043095,-0.237189,-1.356754,0.025041,-0.287700,0.011202,-0.001902,1.878428,-0.688904,-1.726784,1.566156,0.003136,0.032675
16.100000,-0.027853,0.085995,-0.038893,-0.230567,-1.363944,0.045450,-0.325144,0.007510,0.005713,1.889308,-0.696116,-1.771221,1.570000,0.005543,0.043684
16.133333,-0.024603,0.079937,-0.021338,-0.217699,-1.372332,0.033780,-0.350665,-0.007987,0.005579,1.897858,-0.678257,-1.777177,1.565572,-0.005270,0.043989
16.166667,-0.028049,0.088777,-0.017388,-0.207580,-1.373654,0.044647,-0.366232,-0.014994,0.007684,1.866408,-0.663838,-1.760378,1.565501,-0.017691,0.046746
16.200000,-0.033619,0.085538,-0.011210,-0.206027,-1.361217,0.069811,-0.396530,-0.006775,0.006645,1.833454,-0.646748,-1.761835,1.562310,-0.018236,0.058655
16.233333,-0.020564,0.069135,-0.005698,-0.213961,-1.349468,0.084027,-0.419130,-0.001945,-0.004761,1.787732,-0.658078,-1.744380,1.561780,-0.013346,0.058679
16.266667,-0.012542,0.067193,-0.010688,-0.203920,-1.333000,0.077797,-0.412499,0.010630,0.000200,1.752106,-0.666500,-1.716341,1.561780,-0.032660,0.048142
16.300000,-0.007193,0.064990,-0.015838,-0.198185,-1.341883,0.091761,-0.422588,0.012000,-0.005425,1.699128,-0.663849,-1.710025,1.565485,-0.032211,0.051867
16.333333,-0.005890,0.047503,-0.007891,-0.207584,-1.343446,0.086306,-0.441796,0.020278,-0.005370,1.646151,-0.690921,-1.691141,1.565556,-0.020038,0.041293
16.366667,0.009421,0.038924,-0.008871,-0.217957,-1.339583,0.067683,-0.447911,0.014224,-0.001950,1.556248,-0.709172,-1.645781,1.568747,-0.027091,0.020429
16.400000,0.000932,0.041565,-0.008691,-0.224067,-1.342721,0.071924,-0.449711,0.019267,0.004695,1.488828,-0.715420,-1.628293,1.569278,-0.028861,0.022904
16.433333,-0.001914,0.039843,-0.000320,-0.221303,-1.337216,0.096612,-0.453878,0.008831,-0.002856,1.420298,-0.706620,-1.615833,1.557354,-0.009786,0.019515
16.466667,0.007936,0.042299,0.005423,-0.205387,-1.312860,0.133185,-0.429034,0.017579,0.007663,1.376342,-0.715840,-1.599844,1.536309,-0.015025,0.026139
16.500000,0.015583,0.049488,0.009009,-0.194386,-1.312500,0.149177,-0.414720,0.013480,-0.002216,1.372385,-0.710543,-1.604993,1.519519,-0.017207,0.031914
16.533333,-0.003034,0.057664,-0.001609,-0.181913,-1.330781,0.164039,-0.410731,0.008113,-0.008846,1.408428,-0.691110,-1.619599,1.512538,-0.007487,0.047200
16.566667,-0.009492,0.069271,-0.006466,-0.193871,-1.319305,0.168897,-0.411668,0.007303,0.002854,1.461985,-0.683680,-1.632159,1.512538,-0.011660,0.060102
16.600000,-0.007663,0.072460,-0.007398,-0.218234,-1.327340,0.156912,-0.410238,0.007409,0.012736,1.522227,-0.705331,-1.648614,1.524462,-0.012913,0.071113
16.633333,-0.022854,0.066123,-0.016129,-0.239779,-1.347466,0.116380,-0.428478,0.005791,0.000644,1.560023,-0.713309,-1.648244,1.536011,-0.004483,0.060579
16.666667,-0.018284,0.064723,-0.037005,-0.237671,-1.344966,0.115848,-0.425135,0.015888,0.007550,1.581156,-0.733474,-1.653728,1.552801,-0.001344,0.057898
16.700000,-0.007273,0.064444,-0.023744,-0.250103,-1.335830,0.127803,-0.423355,0.021617,0.007747,1.579500,-0.761031,-1.659201,1.557143,0.004751,0.058090
16.733333,0.004871,0.054386,-0.020825,-0.229950,-1.341096,0.128651,-0.410986,0.019728,-0.003904,1.549514,-0.775809,-1.651745,1.540395,0.007960,0.041554
16.766667,-0.000662,0.057375,-0.027057,-0.220886,-1.355034,0.146342,-0.416386,0.018432,-0.002151,1.503858,-0.775268,-1.624634,1.540396,0.008145,0.040250
16.800000,0.003365,0.059741,-0.020442,-0.226596,-1.365184,0.161359,-0.428306,0.015074,0.000183,1.477841,-0.779929,-1.632749,1.545408,0.007864,0.041021
16.833333,-0.000301,0.060254,-0.007351,-0.246574,-1.367587,0.153754,-0.442940,0.005134,0.001265,1.428487,-0.769807,-1.628516,1.528436,0.006432,0.043770
16.866667,-0.010710,0.065217,-0.010237,-0.251278,-1.359032,0.153512,-0.429904,0.007205,0.010819,1.372353,-0.764760,-1.624424,1.516116,-0.002951,0.033304
16.900000,-0.016537,0.065114,-0.007252,-0.262320,-1.371120,0.173002,-0.435826,0.009440,0.009947,1.304552,-0.767608,-1.617378,1.525427,-0.000465,0.032772
16.933333,-0.014807,0.057504,0.000381,-0.273293,-1.362382,0.158326,-0.443686,0.014710,0.007090,1.236752,-0.787539,-1.611153,1.517347,0.003821,0.032674
16.966667,-0.015739,0.064578,-0.008213,-0.271490,-1.362615,0.146857,-0.435022,0.012575,0.011032,1.147184,-0.805509,-1.582616,1.515580,-0.004448,0.035150
17.000000,-0.028561,0.061294,-0.009311,-0.258398,-1.370407,0.154176,-0.437215,0.013128,0.006778,1.057616,-0.840592,-1.539060,1.505581,-0.005668,0.029275
17.033333,-0.010034,0.054509,-0.006792,-0.250166,-1.378343,0.141644,-0.439769,0.004543,-0.004881,0.957615,-0.901846,-1.473478,1.473568,-0.006135,0.023780
17.066667,-0.003423,0.051757,-0.012625,-0.252719,-1.362890,0.103654,-0.410325,0.005989,0.004380,0.857615,-0.967985,-1.397955,1.414034,-0.026176,0.028768
17.100000,-0.001236,0.050853,-0.013409,-0.238918,-1.370695,0.071266,-0.367467,0.002572,-0.005331,0.757615,-1.039429,-1.318060,1.335142,-0.029574,0.025989
17.133333,0.003582,0.036912,-0.004016,-0.232735,-1.353657,0.051854,-0.320456,-0.002727,-0.009119,0.657615,-1.134394,-1.222364,1.235142,-0.018185,0.011460
17.166667,0.021552,0.031789,-0.001625,-0.241932,-1.335469,0.001469,-0.276162,-0.007727,-0.018240,0.557615,-1.222788,-1.122364,1.135142,-0.020941,0.008713
17.200000,0.016732,0.029469,0.001679,-0.248454,-1.335160,-0.029091,-0.234754,-0.002668,-0.014168,0.457615,-1.292171,-1.022364,1.035142,-0.010405,0.016253
17.233333,0.012103,0.035932,0.015725,-0.242120,-1.333636,-0.027676,-0.200585,-0.002040,-0.020874,0.357615,-1.341884,-0.922364,0.935142,0.012055,0.015151
17.266667,0.030587,0.048507,0.026928,-0.260032,-1.306322,-0.020050,-0.160122,0.003490,0.002802,0.257615,-1.375998,-0.822364,0.835142,0.006581,0.021533
17.300000,0.032080,0.055897,0.036331,-0.273554,-1.316066,-0.029540,-0.143171,0.006929,0.008606,0.157615,-1.377171,-0.722364,0.735142,0.004923,0.031871
17.333333,0.021060,0.059934,0.026163,-0.267221,-1.313395,-0.023837,-0.119379,0.019762,0.012553,0.057615,-1.375994,-0.622364,0.635142,0.011397,0.039689
17.366667,0.016955,0.071450,0.026178,-0.279916,-1.308441,0.002040,-0.098410,0.010770,0.021379,-0.042385,-1.368364,-0.522364,0.548244,0.011055,0.048340
17.400000,0.020833,0.063869,0.025388,-0.290017,-1.322745,-0.009854,-0.096311,0.006090,0.017553,-0.138396,-1.355492,-0.422364,0.461345,0.010500,0.048394
17.433333,0.006552,0.056702,0.010439,-0.280722,-1.340187,-0.005061,-0.125494,0.001920,0.002745,-0.218773,-1.325507,-0.322364,0.386470,0.023110,0.045553
17.466667,0.003537,0.059433,-0.001875,-0.283005,-1.342131,-0.002637,-0.139584,0.006717,-0.003367,-0.262209,-1.314764,-0.227371,0.331131,0.017551,0.056273
17.500000,0.000294,0.058151,0.010902,-0.290121,-1.362126,-0.002925,-0.143508,0.001528,0.003077,-0.294208,-1.308185,-0.143603,0.300012,0.016699,0.051822
17.533333,0.001725,0.051601,0.007641,-0.258724,-1.377231,-0.022030,-0.169965,0.012113,-0.000266,-0.304106,-1.314954,-0.099836,0.286849,0.014245,0.047056
17.566667,-0.001371,0.048034,0.005866,-0.249652,-1.382638,-0.022834,-0.191748,0.020717,0.011129,-0.309306,-1.318253,-0.096068,0.313687,0.004100,0.051300
17.600000,-0.006390,0.040547,0.010031,-0.237835,-1.393442,-0.028239,-0.214597,0.020896,0.001236,-0.317598,-1.324107,-0.132301,0.368501,-0.001965,0.044166
17.633333,-0.004010,0.035616,0.020017,-0.228120,-1.382556,-0.011678,-0.239034,0.014853,0.004019,-0.357109,-1.308696,-0.203526,0.443779,0.003104,0.027143
17.666667,-0.001138,0.037097,0.014010,-0.229040,-1.360188,0.027212,-0.296028,0.017492,0.008291,-0.408057,-1.269128,-0.303526,0.534838,-0.003418,0.018115
17.700000,-0.000326,0.030240,0.016077,-0.264965,-1.346628,0.084920,-0.362073,0.014176,0.002697,-0.481106,-1.206506,-0.403526,0.634838,-0.001958,0.012188
17.733333,0.009187,0.026049,0.008140,-0.285393,-1.324450,0.162098,-0.440918,0.008223,-0.003858,-0.562840,-1.172264,-0.503526,0.734838,0.003320,-0.000482
17.766667,0.014530,0.023805,0.000015,-0.330996,-1.301550,0.249542,-0.527413,0.005590,-0.002475,-0.657118,-1.128179,-0.603526,0.834838,0.002894,0.000898
17.800000,0.012974,0.020666,-0.002574,-0.389984,-1.278649,0.349542,-0.627413,0.007560,-0.002540,-0.750517,-1.084095,-0.703526,0.934838,0.002994,0.000850
17.833333,0.012870,0.011707,0.005670,-0.461947,-1.245561,0.449542,-0.727413,0.008472,-0.009448,-0.831452,-1.029879,-0.803526,1.034838,0.001853,0.012945
17.866667,0.017775,0.016600,0.010479,-0.537862,-1.192922,0.549542,-0.827413,0.009688,0.002598,-0.891421,-1.010057,-0.903526,1.134838,-0.001139,0.016890
17.900000,0.011680,0.017411,0.019906,-0.637862,-1.157558,0.649542,-0.927413,0.006010,0.000646,-0.936950,-0.950236,-1.003526,1.234838,0.004227,0.019372
17.933333,0.009836,0.013051,0.030302,-0.737862,-1.122917,0.749542,-1.027413,0.006308,0.003562,-0.962479,-0.897802,-1.103526,1.334838,0.006798,0.015314
17.966667,0.016929,0.011000,0.034558,-0.797862,-1.088276,0.809542,-1.127413,0.015959,0.003920,-0.954609,-0.845369,-1.163526,1.403532,0.015140,0.010847
18.000000,0.027821,0.013227,0.035170,-0.817862,-1.053635,0.829543,-1.227413,0.013425,0.015375,-0.919203,-0.791980,-1.183526,1.470564,0.012623,0.007144
18.033333,0.024708,0.007520,0.030098,-0.797862,-1.009176,0.809542,-1.327413,0.009584,0.005360,-0.864762,-0.699367,-1.163526,1.517596,0.016899,0.003675
18.066667,0.019328,0.013510,0.023924,-0.737862,-0.958968,0.749542,-1.415931,0.006816,0.009419,-0.784762,-0.606755,-1.103526,1.544629,0.020414,0.001598
18.100000,0.021976,0.016561,0.016650,-0.637862,-0.895546,0.649542,-1.484448,-0.002277,0.007693,-0.684762,-0.506755,-1.003526,1.551661,0.016775,0.004911
18.133333,0.015292,0.019392,0.010770,-0.537862,-0.862737,0.549542,-1.532965,-0.015276,0.008833,-0.584848,-0.417653,-0.903526,1.570000,0.007184,0.010197
18.166667,-0.007712,0.021790,-0.010644,-0.437862,-0.843639,0.449542,-1.561483,-0.014956,-0.006925,-0.501883,-0.342839,-0.803526,1.570000,0.015160,0.001921
18.200000,-0.007350,0.024416,-0.019008,-0.363924,-0.826845,0.349542,-1.570000,-0.009389,-0.009637,-0.429264,-0.308025,-0.703526,1.570000,0.022243,0.012783
18.233333,-0.002365,0.018697,-0.016110,-0.300743,-0.824681,0.249542,-1.570000,-0.008059,-0.013309,-0.387536,-0.299960,-0.603526,1.570000,0.015600,0.011902
18.266667,-0.009179,0.018873,-0.022489,-0.237561,-0.843777,0.149542,-1.570000,0.001672,-0.026035,-0.356948,-0.291895,-0.503526,1.570000,0.004055,0.013971
18.300000,-0.011942,0.027956,-0.023917,-0.214380,-0.843319,0.049542,-1.570000,0.003676,-0.020226,-0.355579,-0.312931,-0.403526,1.570000,0.004584,0.023981
18.333333,0.003114,0.024207,-0.005825,-0.211434,-0.846900,-0.050458,-1.570000,-0.000732,-0.014537,-0.354102,-0.345424,-0.303526,1.570000,0.004300,0.025477
18.366667,0.011609,0.019956,0.001083,-0.199737,-0.841294,-0.135211,-1.560026,0.004588,0.000047,-0.362682,-0.355646,-0.203526,1.565373,-0.012653,0.013512
18.400000,0.014279,0.033900,0.002174,-0.192448,-0.838149,-0.198940,-1.560026,-0.002277,0.000972,-0.341100,-0.342758,-0.119207,1.565373,-0.021245,0.025933
18.433333,0.021697,0.031362,0.014083,-0.207361,-0.830413,-0.247971,-1.560026,-0.003397,0.015148,-0.338333,-0.369870,-0.034889,1.565373,-0.009093,0.017834
18.466667,0.028059,0.024906,0.016824,-0.198017,-0.826539,-0.274814,-1.560026,-0.003387,0.008673,-0.335911,-0.396901,0.027088,1.565373,-0.002308,0.009224
18.500000,0.032124,0.026330,0.014567,-0.199038,-0.842664,-0.281642,-1.560026,-0.005097,0.012973,-0.316648,-0.403737,0.062845,1.565373,-0.000739,0.025614
18.533333,0.024495,0.029692,0.018539,-0.205828,-0.878061,-0.270252,-1.570000,-0.016538,0.001682,-0.284011,-0.432845,0.098602,1.570000,0.007373,0.027441
18.566667,0.032598,0.023627,0.023119,-0.234264,-0.901756,-0.243431,-1.570000,-0.000241,0.007590,-0.273761,-0.497323,0.135966,1.570000,0.011939,0.020902
18.600000,0.032580,0.027937,0.030382,-0.280497,-0.937214,-0.191310,-1.570000,0.004418,0.017582,-0.256748,-0.534891,0.148652,1.570000,0.008749,0.024276
18.633333,0.028380,0.022591,0.030510,-0.350987,-0.984451,-0.121375,-1.570000,0.002731,0.017733,-0.210158,-0.532540,0.165348,1.554526,0.003232,0.023043
18.666667,0.026285,0.023994,0.032859,-0.430877,-1.015263,-0.031456,-1.557451,0.006717,0.019430,-0.203567,-0.541248,0.182004,1.554329,0.001160,0.001849
18.700000,0.037044,0.020111,0.028333,-0.527687,-1.041458,0.064998,-1.557451,0.006749,0.007841,-0.213053,-0.529928,0.185159,1.554329,0.004677,-0.002220
18.733333,0.028824,0.013349,0.024939,-0.627687,-1.071824,0.164998,-1.557451,-0.003273,0.002212,-0.207009,-0.488564,0.175713,1.543940,0.014206,-0.003914
18.766667,0.024201,0.012146,0.011950,-0.687687,-1.066972,0.264998,-1.551070,-0.002471,0.001981,-0.194764,-0.442036,0.173333,1.538232,0.007146,-0.002792
18.800000,0.022208,0.021101,0.014295,-0.707687,-1.035420,0.324998,-1.551070,0.000997,0.015230,-0.203036,-0.430937,0.168223,1.548536,0.007804,0.006670
18.833333,0.017527,0.017400,0.011473,-0.687687,-1.005783,0.344998,-1.563619,-0.001011,0.007753,-0.201334,-0.427544,0.167449,1.548733,0.012190,0.013070
18.866667,0.003382,0.016123,0.002015,-0.627687,-0.974201,0.324998,-1.563619,0.009693,0.012069,-0.185840,-0.404247,0.159838,1.548733,0.015906,0.024435
18.900000,0.005063,0.026854,-0.000256,-0.527687,-0.928072,0.264998,-1.563619,0.010451,0.007133,-0.193312,-0.411984,0.154303,1.559122,0.018067,0.026226
18.933333,0.002784,0.024586,0.002557,-0.427687,-0.895980,0.164998,-1.570000,0.003325,-0.009846,-0.209868,-0.430198,0.161142,1.561576,0.029017,0.019101
18.966667,0.002062,0.022162,-0.016577,-0.350564,-0.863888,0.069463,-1.570000,0.015020,-0.020187,-0.241681,-0.452985,0.167497,1.566746,0.036304,0.009886
19.000000,0.009318,0.027939,-0.019720,-0.289251,-0.833962,-0.017614,-1.570000,0.015076,-0.015220,-0.243468,-0.475942,0.157321,1.566746,0.039281,0.018540
19.033333,0.011904,0.031941,-0.012384,-0.239970,-0.825561,-0.104691,-1.570000,0.006247,-0.007004,-0.258754,-0.529087,0.167483,1.566746,0.031238,0.007334
19.066667,0.005364,0.034839,-0.017995,-0.204023,-0.824479,-0.176140,-1.570000,-0.002592,0.000174,-0.264167,-0.566466,0.184387,1.566746,0.022457,0.003426
19.100000,0.005819,0.039839,-0.013409,-0.200521,-0.839395,-0.207589,-1.570000,-0.006281,0.008507,-0.264720,-0.610846,0.166528,1.570000,0.024871,0.016504
19.133333,0.008168,0.036444,0.004019,-0.195711,-0.854311,-0.240612,-1.570000,-0.024139,0.007545,-0.246945,-0.635425,0.170216,1.570000,0.013790,0.017857
19.166667,0.002746,0.047168,0.006753,-0.194664,-0.859777,-0.242093,-1.559313,-0.029237,0.008903,-0.247995,-0.645703,0.177626,1.570000,-0.002063,0.018897
19.200000,-0.001118,0.046514,0.011474,-0.196709,-0.851141,-0.234113,-1.559313,-0.021011,0.007675,-0.236174,-0.652684,0.165986,1.570000,-0.007527,0.033066
19.233333,0.011233,0.030562,0.016067,-0.205290,-0.842790,-0.227183,-1.559313,-0.016638,-0.001553,-0.235485,-0.675431,0.159534,1.570000,-0.001920,0.034423
19.266667,0.018839,0.028514,0.010400,-0.193774,-0.818199,-0.245888,-1.553311,-0.004539,0.001916,-0.232810,-0.693676,0.188831,1.570000,-0.020642,0.025964
19.300000,0.023576,0.027461,0.006421,-0.189561,-0.823210,-0.236081,-1.553311,-0.000125,-0.003769,-0.238800,-0.700170,0.182625,1.570000,-0.019658,0.030474
19.333333,0.024789,0.010960,0.014521,-0.196949,-0.831415,-0.246047,-1.563998,0.007482,-0.000697,-0.245942,-0.736479,0.196205,1.570000,-0.009201,0.020735
19.366667,0.039342,0.007612,0.013976,-0.209570,-0.837232,-0.262451,-1.563998,0.002597,0.001726,-0.281010,-0.764451,0.214486,1.570000,-0.014859,0.000219
19.400000,0.028224,0.010564,0.013558,-0.217298,-0.845771,-0.260086,-1.563998,0.009302,0.008340,-0.291704,-0.783219,0.223003,1.570000,-0.018583,0.001645
19.433333,0.026781,0.010686,0.021664,-0.220331,-0.848220,-0.232085,-1.561864,-0.000787,0.002981,-0.301935,-0.783694,0.204493,1.570000,-0.000006,-0.003425
19.466667,0.036386,0.014301,0.025108,-0.205236,-0.828641,-0.195489,-1.547166,0.007353,0.012865,-0.298909,-0.788122,0.199486,1.566736,-0.004315,0.003220
19.500000,0.045411,0.021497,0.028377,-0.194407,-0.827592,-0.179119,-1.547166,0.003879,0.000947,-0.287707,-0.774023,0.197981,1.566736,-0.004408,0.007958
19.533333,0.025664,0.024682,0.017496,-0.183204,-0.838344,-0.159827,-1.547166,-0.002797,-0.006794,-0.242451,-0.741303,0.196362,1.566736,0.005475,0.022093
19.566667,0.022743,0.039491,0.011721,-0.197025,-0.822247,-0.133882,-1.529184,-0.004214,0.000964,-0.189754,-0.694485,0.196342,1.566736,0.000082,0.035159
19.600000,0.026648,0.047184,0.005668,-0.204418,-0.817151,-0.116176,-1.499337,-0.002650,0.007229,-0.118294,-0.645056,0.187599,1.566736,-0.006441,0.047715
19.633333,0.013601,0.045238,-0.006861,-0.212843,-0.819581,-0.129400,-1.456052,-0.003006,-0.007102,-0.033906,-0.583228,0.160856,1.569774,-0.003937,0.038781
19.666667,0.018091,0.048714,-0.031446,-0.199569,-0.799189,-0.110820,-1.381796,0.006328,-0.000949,0.062282,-0.499926,0.105558,1.569774,-0.006328,0.043369
19.700000,0.031247,0.055341,-0.022005,-0.200057,-0.771233,-0.088684,-1.325773,0.013499,-0.000891,0.162282,-0.416624,0.024720,1.569774,-0.007255,0.047775
19.733333,0.043470,0.047591,-0.022309,-0.170243,-0.753570,-0.102560,-1.298222,0.013210,-0.010309,0.262282,-0.316624,-0.075280,1.567785,-0.008545,0.034313
19.766667,0.038344,0.051848,-0.028304,-0.169059,-0.757201,-0.108196,-1.287719,0.015143,-0.007866,0.362282,-0.216624,-0.175280,1.567785,-0.008978,0.036339
19.800000,0.044739,0.054851,-0.022094,-0.181080,-0.757398,-0.122902,-1.317215,0.011741,-0.001515,0.462282,-0.116624,-0.275280,1.568012,-0.009235,0.038451
19.833333,0.042032,0.056493,-0.009279,-0.208688,-0.752682,-0.162957,-1.382985,0.001395,0.000160,0.562282,-0.016624,-0.375280,1.568012,-0.011551,0.042652
19.866667,0.030839,0.061974,-0.014451,-0.222223,-0.741976,-0.196345,-1.423425,0.002930,0.011680,0.662282,0.083376,-0.475280,1.568012,-0.020077,0.034852
19.900000,0.023743,0.063481,-0.011722,-0.239642,-0.751140,-0.203390,-1.468959,0.007678,0.010543,0.762282,0.152246,-0.575280,1.570000,-0.018808,0.036713
19.933333,0.024808,0.057131,-0.005576,-0.257212,-0.733856,-0.241791,-1.517445,0.011591,0.006939,0.862283,0.187430,-0.658594,1.570000,-0.016287,0.037612
19.966667,0.022352,0.064704,-0.014989,-0.262101,-0.733921,-0.261358,-1.545932,0.008236,0.008576,0.962283,0.207803,-0.709554,1.570000,-0.025378,0.041857
20.000000,0.010587,0.062511,-0.019496,-0.255426,-0.745150,-0.247380,-1.552027,0.011259,0.002206,1.062283,0.188177,-0.729673,1.570000,-0.027517,0.035195
20.033333,0.027048,0.056726,-0.018730,-0.250170,-0.755113,-0.232753,-1.551215,0.003418,-0.010765,1.162283,0.128551,-0.709792,1.570000,-0.028685,0.029422
20.066667,0.034375,0.055656,-0.028589,-0.253877,-0.749601,-0.209546,-1.526980,0.004609,-0.004523,1.262283,0.060055,-0.649912,1.570000,-0.050436,0.034502
20.100000,0.034113,0.054686,-0.033142,-0.240481,-0.770537,-0.176293,-1.496370,0.003112,-0.015293,1.362283,-0.007195,-0.566778,1.570000,-0.056706,0.031594
20.133333,0.036666,0.040246,-0.027231,-0.232534,-0.780326,-0.128415,-1.460302,-0.000119,-0.020837,1.462283,-0.093327,-0.484784,1.570000,-0.048928,0.017619
20.166667,0.047645,0.034845,-0.026943,-0.227282,-0.799152,-0.113232,-1.446625,-0.005825,-0.030163,1.562283,-0.179460,-0.393631,1.570000,-0.052644,0.014169
20.200000,0.041511,0.030252,-0.023909,-0.213826,-0.843254,-0.094590,-1.446569,-0.000382,-0.027951,1.622283,-0.265592,-0.302478,1.570000,-0.044008,0.020905
20.233333,0.034503,0.034114,-0.007706,-0.177827,-0.888815,-0.075724,-1.446570,0.000640,-0.035307,1.642283,-0.351725,-0.211325,1.570000,-0.020375,0.016966
20.266667,0.053031,0.043158,0.005994,-0.132492,-0.899753,-0.075548,-1.432945,0.003389,-0.011283,1.622283,-0.445418,-0.120110,1.570000,-0.023907,0.020258
20.300000,0.050601,0.048123,0.019215,-0.075669,-0.928322,-0.108830,-1.444778,0.003311,-0.004219,1.562283,-0.518944,-0.022442,1.550000,-0.022493,0.024867
20.333333,0.041106,0.050184,0.012256,-0.014995,-0.927792,-0.146019,-1.449559,0.013587,0.000752,1.462283,-0.569816,0.062152,1.543205,-0.013445,0.028562
20.366667,0.037862,0.060533,0.016412,0.018573,-0.915696,-0.163482,-1.452754,0.001227,0.014346,1.362283,-0.580687,0.111318,1.543205,-0.009876,0.033870
20.400000,0.041665,0.051365,0.017862,0.012140,-0.915691,-0.209897,-1.476988,-0.005205,0.015260,1.262283,-0.551558,0.143680,1.543205,-0.003963,0.031599
20.433333,0.024646,0.043616,0.005790,-0.030724,-0.936778,-0.216313,-1.521223,-0.010973,0.004914,1.162283,-0.482430,0.152529,1.543205,0.014647,0.028010
20.466667,0.022035,0.046004,-0.003985,-0.107328,-0.949257,-0.182728,-1.545458,-0.004617,0.001690,1.062283,-0.399775,0.129382,1.563205,0.014486,0.042641
20.500000,0.020646,0.043331,0.011323,-0.207328,-0.992250,-0.112543,-1.556744,-0.008776,0.012850,0.962283,-0.299775,0.112298,1.570000,0.017096,0.038670
20.533333,0.022295,0.036118,0.009136,-0.307328,-1.046809,-0.042358,-1.558789,0.002714,0.009960,0.862283,-0.220680,0.098986,1.568355,0.017074,0.033156
20.566667,0.017281,0.031981,0.008133,-0.407328,-1.111730,0.057642,-1.527577,0.010158,0.021753,0.762283,-0.166907,0.081765,1.568355,0.007173,0.038781
20.600000,0.013588,0.024545,0.012265,-0.507328,-1.183111,0.157642,-1.480861,0.013416,0.011782,0.662283,-0.137222,0.076527,1.568355,-0.000468,0.031368
20.633333,0.018381,0.019285,0.021528,-0.593281,-1.227600,0.257642,-1.428962,0.007920,0.011787,0.562283,-0.118536,0.068665,1.567321,0.004067,0.012909
20.666667,0.021132,0.022329,0.016053,-0.659840,-1.258901,0.357642,-1.376830,0.011786,0.014112,0.462283,-0.139850,0.052105,1.567321,-0.000414,0.004956
20.700000,0.020793,0.019188,0.016707,-0.705646,-1.290203,0.457642,-1.344951,0.009129,0.008505,0.362283,-0.172693,0.062455,1.568966,0.002981,0.001849
20.733333,0.030386,0.019957,0.007706,-0.722915,-1.300229,0.557642,-1.316256,0.004295,0.000398,0.262283,-0.220214,0.067240,1.568966,0.008787,-0.005759
20.766667,0.034581,0.022875,-0.001078,-0.728947,-1.312952,0.657642,-1.323064,0.002343,0.000551,0.162283,-0.255212,0.076349,1.568966,0.011236,0.000384
20.800000,0.028891,0.024678,-0.005090,-0.733425,-1.338740,0.757642,-1.341762,0.005466,0.002372,0.062283,-0.304251,0.096805,1.570000,0.009342,0.001474
20.833333,0.024822,0.018695,0.002294,-0.741412,-1.346155,0.857642,-1.366276,0.003760,-0.004625,-0.037717,-0.328629,0.118746,1.568213,0.005693,0.016846
20.866667,0.026629,0.024383,0.006485,-0.770153,-1.338528,0.942796,-1.374685,0.007633,0.005871,-0.133491,-0.360572,0.127370,1.568213,-0.001542,0.022353
20.900000,0.018792,0.024943,0.015683,-0.788269,-1.342564,1.027950,-1.408597,0.005622,0.002253,-0.204844,-0.363585,0.139176,1.568213,0.002353,0.019688
20.933333,0.015856,0.020332,0.025727,-0.797623,-1.330974,1.096959,-1.422508,0.005635,0.003398,-0.256197,-0.375031,0.138188,1.568213,0.003049,0.012056
20.966667,0.017813,0.017029,0.030720,-0.785186,-1.323718,1.165969,-1.409714,0.018131,-0.003133,-0.275488,-0.401438,0.122805,1.548213,0.007170,0.007712
21.000000,0.020610,0.021175,0.032276,-0.784461,-1.350653,1.234978,-1.371337,0.019574,0.003669,-0.281383,-0.452507,0.081646,1.510000,0.002854,0.000277
21.033333,0.011674,0.017518,0.028440,-0.771688,-1.372629,1.318833,-1.320023,0.018941,-0.011411,-0.262872,-0.503576,0.036952,1.450000,0.004915,-0.008784
21.066667,-0.001422,0.024769,0.021572,-0.774774,-1.384219,1.402688,-1.240023,0.018392,-0.010857,-0.255445,-0.583576,-0.016698,1.370000,0.005346,-0.012294
21.100000,-0.005444,0.029807,0.015053,-0.773741,-1.388775,1.484375,-1.140023,0.012767,-0.015228,-0.240066,-0.683576,-0.076069,1.270000,-0.001316,-0.011058
21.133333,-0.013607,0.034879,0.009309,-0.795342,-1.402967,1.542799,-1.048053,-0.000247,-0.013527,-0.239489,-0.783576,-0.095439,1.170000,-0.009027,-0.007397
21.166667,-0.034826,0.038277,-0.013749,-0.783995,-1.402967,1.599768,-0.969013,0.003259,-0.032190,-0.234597,-0.883576,-0.101590,1.070000,-0.002105,-0.014678
21.200000,-0.033789,0.040968,-0.021736,-0.784697,-1.392075,1.637708,-0.911329,0.007531,-0.035829,-0.229419,-0.983576,-0.119656,0.970000,0.003502,-0.002994
21.233333,-0.027313,0.036050,-0.016830,-0.783395,-1.392075,1.637755,-0.878267,0.009711,-0.039368,-0.222220,-1.083576,-0.105670,0.870000,-0.003459,-0.000258
21.266667,-0.035463,0.036713,-0.024402,-0.766212,-1.399108,1.616115,-0.864490,0.018831,-0.050314,-0.216265,-1.173669,-0.067727,0.770000,-0.015455,0.001876
21.300000,-0.038762,0.045598,-0.025973,-0.763787,-1.399108,1.615670,-0.863540,0.022129,-0.042019,-0.218163,-1.258954,-0.069783,0.676305,-0.013994,0.011535
21.333333,-0.023093,0.042422,-0.007584,-0.781187,-1.399108,1.592373,-0.865875,0.016495,-0.034714,-0.214094,-1.324239,-0.061601,0.582611,-0.016493,0.012192
21.366667,-0.014502,0.039075,-0.000258,-0.770376,-1.390000,1.555093,-0.846853,0.022784,-0.019087,-0.221642,-1.364514,-0.045376,0.494059,-0.034387,0.002106
21.400000,-0.011370,0.053543,0.000713,-0.763070,-1.390000,1.547041,-0.835023,0.016791,-0.018641,-0.210736,-1.368205,-0.068056,0.424985,-0.042322,0.013039
21.433333,-0.003085,0.050100,0.014150,-0.779926,-1.390000,1.551853,-0.827956,0.015482,-0.005314,-0.216151,-1.381804,-0.088974,0.388767,-0.030092,0.005470
21.466667,0.004738,0.044906,0.018837,-0.771686,-1.384879,1.541407,-0.825874,0.014628,-0.013448,-0.230972,-1.381803,-0.094367,0.364837,-0.025280,-0.002933
21.500000,0.006548,0.045665,0.017356,-0.774459,-1.384879,1.535728,-0.829256,0.012810,-0.006866,-0.234743,-1.366206,-0.114475,0.355277,-0.020064,0.012982
21.533333,0.000180,0.047478,0.020040,-0.777300,-1.404879,1.541610,-0.843578,0.002066,-0.016276,-0.231354,-1.371216,-0.112166,0.371239,-0.008681,0.013212
21.566667,0.005994,0.039701,0.024354,-0.789358,-1.404879,1.531041,-0.848585,0.017033,-0.008625,-0.244937,-1.392809,-0.089261,0.399540,-0.000271,0.003709
21.600000,0.007153,0.043357,0.030487,-0.796709,-1.404879,1.537323,-0.840599,0.024024,0.000766,-0.259666,-1.394402,-0.093626,0.410451,-0.005723,0.008439
21.633333,0.002658,0.036125,0.027920,-0.801071,-1.410000,1.532427,-0.839771,0.021715,0.000708,-0.241004,-1.390610,-0.094981,0.407217,-0.009064,0.006821
21.666667,0.002576,0.035408,0.029685,-0.783912,-1.410000,1.547069,-0.817266,0.023694,0.000304,-0.255946,-1.406207,-0.088569,0.429582,-0.016483,-0.013768
21.700000,0.010377,0.030791,0.025286,-0.781058,-1.408526,1.554141,-0.813266,0.021743,-0.013012,-0.272404,-1.406207,-0.098314,0.431574,-0.016477,-0.018490
21.733333,0.002845,0.024701,0.021410,-0.773309,-1.408526,1.558400,-0.811077,0.011257,-0.017191,-0.272611,-1.403248,-0.109937,0.416318,-0.013222,-0.018103
21.766667,-0.002435,0.024635,0.008164,-0.749432,-1.403793,1.560681,-0.801081,0.009856,-0.017038,-0.257657,-1.387480,-0.109872,0.405182,-0.017787,-0.017081
21.800000,-0.003488,0.034160,0.011567,-0.753642,-1.396709,1.569870,-0.786605,0.013429,-0.004175,-0.251897,-1.391273,-0.107081,0.402016,-0.017791,-0.007751
21.833333,-0.010304,0.030073,0.007644,-0.759966,-1.396709,1.558594,-0.798419,0.014472,-0.009944,-0.236926,-1.391273,-0.103107,0.388136,-0.011617,-0.002784
21.866667,-0.023588,0.026591,-0.003069,-0.745036,-1.398183,1.549686,-0.796414,0.025642,-0.006031,-0.212854,-1.371273,-0.099398,0.397101,-0.004751,0.008512
21.900000,-0.022131,0.036308,-0.006205,-0.740946,-1.398183,1.554630,-0.794237,0.027914,-0.012735,-0.206704,-1.374232,-0.101209,0.408268,-0.001088,0.010210
21.933333,-0.025258,0.032840,-0.002693,-0.755633,-1.402916,1.544594,-0.810493,0.020945,-0.030069,-0.208567,-1.379563,-0.092572,0.403209,0.008882,0.004613
21.966667,-0.027149,0.031538,-0.021537,-0.755851,-1.390000,1.556153,-0.825214,0.033278,-0.040016,-0.233621,-1.379563,-0.088026,0.425731,0.016280,-0.003942
22.000000,-0.018540,0.039293,-0.023271,-0.759934,-1.384410,1.562900,-0.824778,0.030242,-0.034596,-0.229008,-1.379017,-0.098362,0.433510,0.018445,0.002594
22.033333,-0.015528,0.047554,-0.014485,-0.773243,-1.384410,1.556306,-0.823341,0.022204,-0.025998,-0.235788,-1.399017,-0.089220,0.417277,0.008988,-0.005367
22.066667,-0.022246,0.052033,-0.019060,-0.766606,-1.384410,1.543413,-0.827513,0.015377,-0.018600,-0.243103,-1.399017,-0.080249,0.415392,-0.000309,-0.011137
22.100000,-0.020218,0.057363,-0.014396,-0.768873,-1.384410,1.557765,-0.830467,0.012452,-0.009724,-0.247445,-1.408162,-0.105341,0.437672,0.002714,-0.000853
22.133333,-0.018309,0.054029,0.003688,-0.768752,-1.398850,1.532756,-0.826172,-0.002998,-0.010553,-0.230170,-1.402643,-0.107603,0.421788,-0.010079,-0.000380
22.166667,-0.023767,0.065799,0.007211,-0.764171,-1.401517,1.528056,-0.817866,-0.007344,-0.008786,-0.234071,-1.385282,-0.105297,0.422350,-0.021687,0.003116
22.200000,-0.027182,0.064764,0.011861,-0.770291,-1.401517,1.548747,-0.826045,0.000621,-0.010585,-0.230333,-1.381274,-0.124232,0.418243,-0.026886,0.014352
22.233333,-0.014122,0.048246,0.016615,-0.779377,-1.401329,1.552460,-0.830727,0.003710,-0.018554,-0.231275,-1.381274,-0.128942,0.411777,-0.020070,0.017458
22.266667,-0.007779,0.046110,0.011348,-0.774141,-1.400175,1.545611,-0.814949,0.019109,-0.016106,-0.230899,-1.382566,-0.104696,0.400785,-0.038235,0.008911
22.300000,-0.002043,0.044385,0.006519,-0.770065,-1.405735,1.561291,-0.814393,0.019705,-0.019291,-0.235776,-1.380051,-0.114094,0.406468,-0.037297,0.012877
22.333333,-0.000921,0.026719,0.014219,-0.786031,-1.408659,1.560575,-0.827938,0.027202,-0.018029,-0.237296,-1.397959,-0.102841,0.414591,-0.027119,0.003257
22.366667,0.014163,0.019493,0.013639,-0.794111,-1.408502,1.534812,-0.826736,0.020796,-0.014954,-0.261279,-1.401966,-0.084641,0.457197,-0.031466,-0.018515
22.400000,0.006120,0.023421,0.013132,-0.801385,-1.408690,1.545084,-0.828662,0.026502,-0.010745,-0.260457,-1.401966,-0.077591,0.471045,-0.034802,-0.019689
22.433333,0.004594,0.023610,0.020690,-0.794662,-1.404221,1.562076,-0.831477,0.011248,-0.015386,-0.259967,-1.394688,-0.092249,0.467837,-0.017657,-0.022536
22.466667,0.014547,0.026223,0.025490,-0.773954,-1.386549,1.594180,-0.811220,0.019622,-0.006957,-0.252841,-1.395098,-0.093491,0.457260,-0.020976,-0.014506
22.500000,0.023304,0.033558,0.027959,-0.755060,-1.386549,1.607648,-0.805714,0.016456,-0.017968,-0.244007,-1.395098,-0.096556,0.432240,-0.020605,-0.010633
22.533333,0.003641,0.040083,0.016576,-0.741551,-1.386705,1.626540,-0.814016,0.013058,-0.025665,-0.210765,-1.381711,-0.098810,0.392226,-0.010693,0.006245
22.566667,-0.004328,0.051177,0.012313,-0.752466,-1.380337,1.639403,-0.823353,0.012898,-0.013371,-0.206365,-1.381711,-0.097672,0.390434,-0.013135,0.019113
22.600000,-0.001812,0.054682,0.010763,-0.774208,-1.385959,1.629451,-0.831802,0.014282,-0.004013,-0.201835,-1.388990,-0.096333,0.398934,-0.014777,0.028374
22.633333,-0.018882,0.047513,0.000717,-0.790582,-1.401347,1.585768,-0.856715,0.013033,-0.015695,-0.203973,-1.392696,-0.082572,0.407722,-0.007567,0.017047
22.666667,-0.015175,0.046210,-0.020268,-0.785042,-1.398877,1.582084,-0.852757,0.020943,-0.007522,-0.203503,-1.392696,-0.090002,0.437554,-0.006753,0.016985
22.700000,-0.005909,0.045623,-0.005961,-0.791543,-1.398877,1.589948,-0.847816,0.023696,-0.003769,-0.217753,-1.406083,-0.099053,0.447573,-0.000718,0.017283
22.733333,0.005231,0.034273,-0.001934,-0.764388,-1.400615,1.573093,-0.830761,0.022266,-0.013968,-0.225182,-1.406083,-0.103881,0.427472,0.001182,0.003957
22.766667,-0.000228,0.036295,-0.009097,-0.750135,-1.400615,1.574132,-0.827129,0.021787,-0.012420,-0.231834,-1.406083,-0.093731,0.431135,0.002036,0.003383
22.800000,0.006160,0.036860,-0.002381,-0.755681,-1.402900,1.585123,-0.832797,0.018919,-0.010048,-0.228598,-1.408279,-0.100683,0.434869,0.003386,0.004566
22.833333,-0.000274,0.036874,0.011206,-0.772086,-1.401323,1.568509,-0.839419,0.011109,-0.011015,-0.237906,-1.405959,-0.099642,0.409637,0.004448,0.008833
22.866667,-0.010652,0.042869,0.006212,-0.771414,-1.398161,1.556122,-0.822510,0.014034,-0.004787,-0.235740,-1.392962,-0.103925,0.402858,-0.002370,-0.001804
22.900000,-0.016840,0.044299,0.007136,-0.780861,-1.402792,1.571321,-0.822907,0.015365,-0.007052,-0.230344,-1.392962,-0.104261,0.411539,-0.001091,-0.001796
22.933333,-0.018806,0.037547,0.014780,-0.791804,-1.402792,1.557357,-0.827543,0.019726,-0.011650,-0.232120,-1.392962,-0.104572,0.408993,0.002508,0.000337
22.966667,-0.021080,0.047373,0.005994,-0.789458,-1.402792,1.544166,-0.817839,0.017011,-0.007078,-0.251480,-1.387335,-0.096843,0.420917,-0.007590,0.004238
23.000000,-0.031060,0.045051,0.002177,-0.778455,-1.406838,1.551724,-0.822515,0.018274,-0.012022,-0.247142,-1.389655,-0.085992,0.428507,-0.011035,-0.001431
23.033333,-0.014953,0.038659,0.001631,-0.774147,-1.410000,1.543354,-0.834424,0.010585,-0.022061,-0.258214,-1.402651,-0.072807,0.439692,-0.015496,-0.005012
23.066667,-0.008434,0.038305,-0.006614,-0.779414,-1.399123,1.530154,-0.835874,0.013987,-0.013739,-0.265450,-1.402651,-0.062786,0.452436,-0.037529,-0.000936
23.100000,-0.005416,0.039192,-0.010634,-0.769263,-1.399123,1.530960,-0.837535,0.014719,-0.023068,-0.250778,-1.402651,-0.065315,0.444275,-0.042832,-0.004862
23.133333,-0.002959,0.028069,-0.004986,-0.762304,-1.386701,1.539261,-0.836580,0.009845,-0.028468,-0.237366,-1.398288,-0.075123,0.432323,-0.033588,-0.019015
23.166667,0.011316,0.025336,-0.004948,-0.769741,-1.370894,1.529461,-0.844234,0.004356,-0.036918,-0.240839,-1.398288,-0.075971,0.425944,-0.037741,-0.022148
23.200000,0.007192,0.024720,-0.001721,-0.772606,-1.370894,1.536802,-0.851726,0.009304,-0.033484,-0.233948,-1.398288,-0.079808,0.421602,-0.030516,-0.012526
23.233333,0.002572,0.030819,0.010773,-0.758792,-1.373464,1.553449,-0.841671,0.007787,-0.041280,-0.230093,-1.398288,-0.091358,0.418469,-0.008218,-0.011944
23.266667,0.022184,0.044665,0.021395,-0.769551,-1.357982,1.569754,-0.813745,0.014088,-0.016943,-0.223595,-1.398288,-0.090931,0.436791,-0.015622,-0.005949
23.300000,0.021438,0.051520,0.030361,-0.778676,-1.370405,1.570497,-0.805122,0.017491,-0.009579,-0.217554,-1.407132,-0.089063,0.436041,-0.017529,0.001880
23.333333,0.011162,0.055262,0.019536,-0.771633,-1.373236,1.580540,-0.792853,0.028689,-0.004138,-0.208002,-1.407132,-0.083589,0.451768,-0.013625,0.006622
23.366667,0.007103,0.066697,0.019219,-0.780814,-1.371216,1.603474,-0.774186,0.019945,0.007476,-0.206207,-1.407132,-0.095427,0.479276,-0.013838,0.011017
23.400000,0.009705,0.060019,0.018224,-0.788652,-1.379523,1.590755,-0.785684,0.016222,0.005515,-0.201342,-1.407132,-0.095091,0.480453,-0.012832,0.010153
23.433333,-0.006324,0.052442,0.003344,-0.776227,-1.395004,1.582700,-0.821212,0.007991,-0.008286,-0.222885,-1.394229,-0.095948,0.472119,0.000973,0.009294
23.466667,-0.008192,0.054634,-0.009105,-0.779379,-1.395004,1.587845,-0.845564,0.010709,-0.013850,-0.213908,-1.388530,-0.104849,0.471873,-0.004631,0.022022
23.500000,-0.011117,0.053197,0.004122,-0.785720,-1.407979,1.583226,-0.846751,0.008019,-0.008426,-0.217803,-1.388530,-0.108808,0.464971,-0.004963,0.021330
23.533333,-0.010697,0.046535,0.000852,-0.758755,-1.410000,1.558934,-0.862635,0.018130,-0.013859,-0.213499,-1.388530,-0.104300,0.428737,-0.005215,0.018094
23.566667,-0.012942,0.042703,-0.000721,-0.760391,-1.410000,1.553457,-0.862314,0.026582,-0.002506,-0.215817,-1.388530,-0.107961,0.431929,-0.015184,0.023459
23.600000,-0.017924,0.034843,0.004323,-0.760290,-1.410000,1.542407,-0.853577,0.027149,-0.011519,-0.204415,-1.401434,-0.104900,0.425379,-0.019104,0.014794
23.633333,-0.015182,0.029817,0.014183,-0.755833,-1.390484,1.527946,-0.832971,0.022572,-0.009910,-0.224461,-1.392248,-0.109271,0.426189,-0.012774,-0.001334
23.666667,-0.010665,0.033149,0.008907,-0.749225,-1.373098,1.538907,-0.826116,0.024603,-0.005633,-0.239292,-1.392248,-0.124030,0.430395,-0.016015,-0.008119
23.700000,-0.010402,0.030187,0.011243,-0.760724,-1.373098,1.533895,-0.821827,0.022145,-0.012071,-0.239675,-1.390573,-0.116396,0.439439,-0.014933,-0.009414
23.733333,-0.002429,0.029724,0.003237,-0.747898,-1.371157,1.535351,-0.796515,0.018240,-0.020388,-0.253272,-1.390573,-0.117750,0.449058,-0.010021,-0.019702
23.766667,0.001668,0.032308,-0.006415,-0.742459,-1.371157,1.521981,-0.789829,0.017641,-0.019547,-0.252811,-1.390573,-0.117596,0.448608,-0.010486,-0.014011
23.800000,-0.003763,0.033911,-0.009579,-0.735748,-1.390673,1.511396,-0.787681,0.019428,-0.018103,-0.241541,-1.406527,-0.106956,0.452081,-0.011818,-0.011926
23.833333,-0.007775,0.027745,-0.002966,-0.735814,-1.390971,1.472779,-0.791561,0.019104,-0.022756,-0.231406,-1.399283,-0.094183,0.448037,-0.014837,0.000663
23.866667,-0.005383,0.033923,0.000091,-0.752988,-1.384702,1.436045,-0.780939,0.020059,-0.011059,-0.233991,-1.400959,-0.092955,0.468486,-0.019640,0.004709
23.900000,-0.013548,0.036680,0.008295,-0.757870,-1.386643,1.402812,-0.792539,0.015445,-0.011332,-0.216302,-1.398894,-0.092473,0.453353,-0.017938,0.005119
23.933333,-0.016470,0.033506,0.018102,-0.760295,-1.386643,1.389578,-0.789898,0.015577,-0.008554,-0.218613,-1.396829,-0.101711,0.458221,-0.019288,-0.001042
23.966667,-0.015236,0.033462,0.018655,-0.759754,-1.386643,1.376560,-0.785764,0.015190,-0.007705,-0.218738,-1.396561,-0.103252,0.460612,-0.020808,-0.002858
