time_sec,joint_pelvisYaw,joint_pelvisPitch,joint_pelvisRoll,joint_lShoulderPitch,joint_lShoulderRoll,joint_lShoulderYaw,joint_lElbow,joint_lWristRoll,joint_lWristPitch,joint_rShoulderPitch,joint_rShoulderRoll,joint_rShoulderYaw,joint_rElbow,joint_rWristRoll,joint_rWristPitch
0.000000,0.018082,0.014158,0.019147,-0.790942,-1.332193,1.603337,-0.711186,0.021851,-0.040562,-0.802395,-1.361719,-1.873844,0.914771,-0.023402,0.009320
0.033333,0.025751,0.008693,0.028530,-0.763347,-1.314493,1.580673,-0.696087,0.043620,-0.030434,-0.800769,-1.346252,-1.870915,0.881073,-0.014103,0.008255
0.066667,0.012029,0.010609,0.021334,-0.758110,-1.319452,1.586715,-0.698279,0.039856,-0.025333,-0.801388,-1.327063,-1.870362,0.898587,-0.006933,0.002327
0.100000,0.012283,0.009455,0.014444,-0.745855,-1.308019,1.581143,-0.698044,0.028117,-0.025333,-0.793137,-1.323685,-1.873630,0.901387,-0.007278,0.003541
0.133333,0.002184,0.010336,0.007153,-0.763845,-1.330301,1.576371,-0.706894,0.010673,-0.023595,-0.796845,-1.327228,-1.864813,0.919100,-0.021589,0.007282
0.166667,-0.024992,0.014451,-0.018575,-0.747595,-1.329761,1.594421,-0.701473,0.011490,-0.047520,-0.781094,-1.314647,-1.850929,0.935928,-0.014708,-0.003067
0.200000,-0.025031,0.019810,-0.028565,-0.747418,-1.316148,1.610159,-0.687882,0.018934,-0.050768,-0.767900,-1.311178,-1.864712,0.938282,-0.001987,0.012619
0.233333,-0.015515,0.016558,-0.021391,-0.746650,-1.318355,1.591998,-0.681613,0.021548,-0.056282,-0.762439,-1.329069,-1.852997,0.917723,-0.010583,0.017373
0.266667,-0.024863,0.021558,-0.029401,-0.732898,-1.344557,1.565453,-0.677420,0.034810,-0.071817,-0.752728,-1.311478,-1.817461,0.903165,-0.025845,0.024266
0.300000,-0.030627,0.036158,-0.029006,-0.728903,-1.350800,1.549115,-0.674690,0.038658,-0.066475,-0.755790,-1.313167,-1.814192,0.913694,-0.023354,0.041609
0.333333,-0.010196,0.033941,-0.007159,-0.744241,-1.353188,1.512621,-0.679343,0.032605,-0.056493,-0.754294,-1.334719,-1.806269,0.899589,-0.027183,0.042343
0.366667,0.001010,0.028517,0.003400,-0.736901,-1.346351,1.463000,-0.665727,0.041358,-0.035386,-0.767181,-1.325673,-1.786646,0.879222,-0.055828,0.029930
0.400000,0.003782,0.046806,0.002573,-0.729458,-1.341033,1.449555,-0.653227,0.038568,-0.033467,-0.747516,-1.295267,-1.807022,0.862260,-0.066206,0.045729
0.433333,0.013665,0.041333,0.018218,-0.745431,-1.327553,1.448402,-0.645871,0.036069,-0.016692,-0.758689,-1.304532,-1.827399,0.869936,-0.050391,0.033516
0.466667,0.028666,0.032549,0.022227,-0.737479,-1.310311,1.442742,-0.645332,0.036656,-0.020777,-0.771714,-1.302081,-1.831118,0.854277,-0.043630,0.021289
0.500000,0.033325,0.031026,0.018840,-0.747882,-1.319745,1.432855,-0.650160,0.037758,-0.014629,-0.775941,-1.279767,-1.853200,0.848606,-0.038815,0.041849
0.533333,0.025421,0.033899,0.022301,-0.743319,-1.344180,1.426188,-0.663059,0.022217,-0.030068,-0.771122,-1.288052,-1.848762,0.866258,-0.024710,0.041037
0.566667,0.034132,0.022613,0.031706,-0.747725,-1.355713,1.388216,-0.665733,0.036453,-0.021677,-0.791358,-1.329412,-1.823046,0.899137,-0.014330,0.028910
0.600000,0.036306,0.026411,0.041037,-0.746500,-1.369985,1.359269,-0.647729,0.046402,-0.008769,-0.806547,-1.350773,-1.835483,0.908897,-0.021157,0.033876
0.633333,0.028593,0.019714,0.037923,-0.737395,-1.378319,1.314301,-0.640893,0.041559,-0.009353,-0.781735,-1.343848,-1.828450,0.901992,-0.029210,0.033465
0.666667,0.025240,0.020348,0.044161,-0.698521,-1.369928,1.293718,-0.613547,0.041950,-0.007236,-0.793996,-1.361048,-1.809130,0.915901,-0.034215,0.005086
0.700000,0.037816,0.015381,0.039553,-0.678055,-1.358829,1.264392,-0.606310,0.039727,-0.023533,-0.816566,-1.374124,-1.823863,0.916268,-0.032391,0.000532
0.733333,0.030962,0.007181,0.032627,-0.656195,-1.354055,1.241111,-0.606376,0.027720,-0.029202,-0.814081,-1.354305,-1.829270,0.893999,-0.028248,0.001172
0.766667,0.024054,0.007730,0.014347,-0.616550,-1.336561,1.220131,-0.602326,0.025458,-0.030150,-0.785180,-1.321049,-1.810159,0.877107,-0.037350,0.004693
0.800000,0.018533,0.019017,0.019472,-0.608710,-1.331840,1.208682,-0.587667,0.032111,-0.012951,-0.774622,-1.325359,-1.806782,0.867844,-0.037231,0.017365
0.833333,0.013810,0.017137,0.012490,-0.604863,-1.336422,1.170383,-0.599540,0.033642,-0.022551,-0.758409,-1.326884,-1.807288,0.858999,-0.033099,0.029072
0.866667,-0.005845,0.017137,-0.001712,-0.583385,-1.345830,1.148714,-0.596174,0.049808,-0.018160,-0.719499,-1.292533,-1.787395,0.868654,-0.023235,0.044539
0.900000,-0.006743,0.032486,-0.005090,-0.574557,-1.351905,1.137959,-0.594825,0.051481,-0.026339,-0.708018,-1.298001,-1.790328,0.883551,-0.018434,0.046448
0.933333,-0.013031,0.030703,0.000528,-0.589121,-1.360516,1.117153,-0.614983,0.042603,-0.047517,-0.713606,-1.299783,-1.782956,0.880263,-0.002486,0.038558
0.966667,-0.017919,0.027498,-0.026360,-0.598933,-1.352297,1.122329,-0.634483,0.054976,-0.058185,-0.740852,-1.303999,-1.771827,0.909347,0.011367,0.025311
1.000000,-0.007508,0.035666,-0.031433,-0.610736,-1.344002,1.144749,-0.634121,0.049834,-0.052448,-0.733751,-1.295924,-1.776793,0.913613,0.015019,0.030338
1.033333,-0.002743,0.042656,-0.020501,-0.636334,-1.351630,1.150542,-0.632280,0.035230,-0.040648,-0.743946,-1.316996,-1.776730,0.890624,0.000154,0.016897
1.066667,-0.009873,0.046576,-0.026293,-0.638834,-1.352509,1.157492,-0.630045,0.021179,-0.034952,-0.752986,-1.311778,-1.764415,0.876874,-0.009484,0.009474
1.100000,-0.004861,0.049911,-0.021196,-0.654530,-1.361392,1.190876,-0.627419,0.017374,-0.025091,-0.759943,-1.322350,-1.783401,0.894271,-0.006720,0.021905
1.133333,0.003303,0.045074,0.005261,-0.661166,-1.370276,1.198584,-0.619091,-0.004691,-0.028191,-0.743762,-1.305836,-1.788551,0.871669,-0.025000,0.020837
1.166667,-0.005757,0.060121,0.012938,-0.671711,-1.368035,1.215897,-0.607255,-0.011536,-0.026059,-0.744116,-1.286951,-1.777845,0.869685,-0.039988,0.026934
1.200000,-0.009921,0.056347,0.019369,-0.682835,-1.357084,1.251125,-0.617674,-0.000343,-0.029060,-0.738422,-1.273664,-1.798517,0.860040,-0.045004,0.042203
1.233333,0.010632,0.036779,0.025565,-0.702347,-1.342440,1.269505,-0.625323,0.010092,-0.036851,-0.742387,-1.285699,-1.805115,0.853502,-0.038852,0.043547
1.266667,0.020049,0.036455,0.018899,-0.694311,-1.323762,1.268775,-0.611857,0.027645,-0.030495,-0.743475,-1.297582,-1.790162,0.838569,-0.057805,0.031490
1.300000,0.030194,0.034797,0.011634,-0.686983,-1.333243,1.284008,-0.607656,0.032040,-0.037439,-0.751017,-1.296549,-1.808208,0.847158,-0.055877,0.038869
1.333333,0.035629,0.012015,0.020611,-0.695281,-1.340445,1.275140,-0.618984,0.043992,-0.033698,-0.760938,-1.328840,-1.806540,0.860227,-0.042848,0.023964
1.366667,0.056067,0.008800,0.020541,-0.705341,-1.343619,1.248357,-0.613411,0.037152,-0.029147,-0.797466,-1.338835,-1.784672,0.911940,-0.050043,-0.004489
1.400000,0.040299,0.011293,0.019093,-0.706759,-1.355703,1.252249,-0.613973,0.045740,-0.021050,-0.798060,-1.344475,-1.784761,0.932985,-0.054307,-0.004141
1.433333,0.037351,0.009476,0.030223,-0.699137,-1.355847,1.275250,-0.614534,0.030385,-0.029114,-0.789465,-1.331602,-1.790702,0.931277,-0.039830,-0.006527
1.466667,0.045943,0.013358,0.035081,-0.674476,-1.333218,1.307964,-0.589353,0.044106,-0.016168,-0.774744,-1.330425,-1.787367,0.917014,-0.045634,-0.000515
1.500000,0.054999,0.021897,0.039266,-0.651641,-1.331492,1.324778,-0.585482,0.039934,-0.031720,-0.757991,-1.322246,-1.792721,0.889993,-0.048431,0.006023
1.533333,0.030592,0.025752,0.030056,-0.627841,-1.342611,1.341593,-0.597190,0.031001,-0.041820,-0.706215,-1.301616,-1.794214,0.852608,-0.035397,0.028268
1.566667,0.019911,0.040433,0.023280,-0.631266,-1.325170,1.349595,-0.614283,0.028875,-0.029633,-0.694439,-1.286310,-1.791195,0.855223,-0.037313,0.044154
1.600000,0.022568,0.045001,0.019878,-0.650565,-1.331849,1.332563,-0.631376,0.029805,-0.018874,-0.696132,-1.301752,-1.799284,0.872589,-0.034332,0.053507
1.633333,0.003226,0.039532,0.008218,-0.666311,-1.346587,1.276947,-0.667430,0.026276,-0.032796,-0.704903,-1.305498,-1.781723,0.887276,-0.023320,0.042438
1.666667,0.009045,0.035422,-0.020793,-0.651568,-1.344985,1.261332,-0.663485,0.036289,-0.024511,-0.708525,-1.316247,-1.791045,0.919953,-0.018114,0.042043
1.700000,0.018199,0.034186,-0.009804,-0.656554,-1.333463,1.258067,-0.658810,0.044773,-0.021759,-0.734158,-1.331464,-1.804150,0.927689,-0.010155,0.042262
1.733333,0.037110,0.021346,-0.003466,-0.623912,-1.330360,1.230842,-0.638500,0.040685,-0.034167,-0.746684,-1.338550,-1.800580,0.901641,-0.008927,0.024209
1.766667,0.025357,0.023992,-0.009023,-0.609372,-1.339113,1.227455,-0.626346,0.040768,-0.031597,-0.758613,-1.333141,-1.775154,0.900843,-0.006994,0.028505
1.800000,0.031579,0.023992,0.000000,-0.606935,-1.350886,1.223795,-0.628678,0.034447,-0.030777,-0.751995,-1.334611,-1.784811,0.905891,-0.007133,0.028628
1.833333,0.025869,0.027082,0.019439,-0.630098,-1.349702,1.192842,-0.636667,0.023470,-0.027795,-0.763224,-1.316511,-1.784774,0.877742,-0.006716,0.033176
1.866667,0.016822,0.034595,0.013784,-0.628030,-1.341953,1.163561,-0.612993,0.028448,-0.017052,-0.750331,-1.295445,-1.781500,0.866786,-0.015914,0.020134
1.900000,0.005896,0.037260,0.013662,-0.632145,-1.362956,1.166466,-0.606807,0.032854,-0.016652,-0.742028,-1.281533,-1.788356,0.876156,-0.011248,0.021339
1.933333,0.010413,0.030131,0.020364,-0.635798,-1.355548,1.130568,-0.610839,0.038809,-0.020773,-0.739332,-1.279418,-1.795224,0.873036,-0.004736,0.023150
1.966667,0.009918,0.041224,0.005842,-0.630055,-1.362184,1.098232,-0.595433,0.035470,-0.017029,-0.764561,-1.270425,-1.790354,0.887165,-0.015473,0.030254
2.000000,-0.005773,0.039101,-0.001340,-0.606497,-1.374272,1.089557,-0.598775,0.036858,-0.024923,-0.760207,-1.272774,-1.778019,0.894491,-0.020207,0.023782
2.033333,0.013349,0.032137,-0.002240,-0.594105,-1.377670,1.066859,-0.613044,0.021844,-0.039298,-0.781148,-1.297214,-1.769312,0.904570,-0.023669,0.018199
2.066667,0.021702,0.031434,-0.014638,-0.602365,-1.349538,1.038347,-0.613342,0.023374,-0.028193,-0.797669,-1.314067,-1.765617,0.919236,-0.054195,0.029126
2.100000,0.023590,0.031646,-0.020128,-0.586535,-1.349818,1.030383,-0.611671,0.020998,-0.041496,-0.786534,-1.302785,-1.771132,0.907906,-0.070908,0.024004
2.133333,0.026544,0.020554,-0.011170,-0.577825,-1.322837,1.050218,-0.610314,0.014395,-0.045975,-0.766950,-1.299769,-1.771379,0.884205,-0.060429,0.006684
2.166667,0.045663,0.015153,-0.008524,-0.592375,-1.295524,1.050768,-0.624553,0.008290,-0.058630,-0.770884,-1.304470,-1.766625,0.872097,-0.067872,0.003477
2.200000,0.040041,0.013908,-0.005169,-0.603779,-1.296994,1.071733,-0.633767,0.018335,-0.054067,-0.764121,-1.308913,-1.769607,0.869094,-0.058913,0.015137
2.233333,0.033925,0.022959,0.013990,-0.595359,-1.303108,1.102284,-0.627044,0.020776,-0.062588,-0.748856,-1.308497,-1.763653,0.858284,-0.030548,0.011564
2.266667,0.052085,0.039547,0.029207,-0.617513,-1.288180,1.143636,-0.603915,0.027532,-0.033859,-0.733899,-1.333753,-1.771598,0.880891,-0.033344,0.020130
2.300000,0.050745,0.043470,0.041267,-0.636830,-1.301906,1.155379,-0.599909,0.033368,-0.024438,-0.730126,-1.350744,-1.779321,0.884483,-0.035913,0.030873
2.333333,0.037468,0.047996,0.029329,-0.627803,-1.299810,1.171654,-0.581936,0.048638,-0.017316,-0.715920,-1.359604,-1.779975,0.904270,-0.028154,0.038356
2.366667,0.028244,0.061656,0.030412,-0.637952,-1.298500,1.207514,-0.558059,0.035418,-0.004344,-0.712040,-1.354542,-1.792422,0.930308,-0.026682,0.047598
2.400000,0.032761,0.049539,0.029374,-0.651846,-1.316417,1.214832,-0.564092,0.028359,-0.010499,-0.710538,-1.338625,-1.804288,0.933023,-0.024598,0.044775
2.433333,0.019179,0.039195,0.008453,-0.644932,-1.331154,1.218205,-0.603815,0.023333,-0.023545,-0.737677,-1.297789,-1.785340,0.917443,-0.008086,0.042233
2.466667,0.014964,0.039778,-0.010017,-0.650100,-1.334930,1.230509,-0.630744,0.030242,-0.032161,-0.728437,-1.282189,-1.788539,0.915023,-0.015428,0.055961
2.500000,0.010585,0.036409,0.003674,-0.665775,-1.358933,1.235704,-0.635060,0.023851,-0.021911,-0.734356,-1.267361,-1.793648,0.906228,-0.015850,0.053530
2.533333,0.015264,0.027820,-0.001430,-0.641449,-1.374254,1.212785,-0.661454,0.038587,-0.026038,-0.728329,-1.271602,-1.784644,0.863912,-0.017377,0.049616
2.566667,0.010946,0.024591,-0.005229,-0.640853,-1.380455,1.199870,-0.666868,0.051884,-0.008843,-0.734223,-1.275671,-1.781500,0.861595,-0.031321,0.059163
2.600000,0.006492,0.015621,0.000247,-0.632187,-1.386326,1.172431,-0.654122,0.048826,-0.021554,-0.721836,-1.293352,-1.792711,0.853947,-0.038134,0.048445
2.633333,0.013500,0.011116,0.016233,-0.627084,-1.371252,1.152625,-0.633585,0.040837,-0.016578,-0.739041,-1.285798,-1.795511,0.848194,-0.028490,0.026122
2.666667,0.017683,0.016694,0.007807,-0.616428,-1.346969,1.158313,-0.622975,0.047233,-0.012067,-0.756857,-1.286111,-1.806612,0.850017,-0.035213,0.016684
2.700000,0.015582,0.012552,0.009287,-0.619812,-1.333827,1.152115,-0.617689,0.043081,-0.019249,-0.758829,-1.275404,-1.801567,0.857826,-0.036558,0.012322
2.733333,0.029281,0.012552,-0.001440,-0.596584,-1.323723,1.146223,-0.593384,0.034946,-0.031990,-0.767942,-1.289149,-1.808127,0.865634,-0.028014,0.000849
2.766667,0.035630,0.016747,-0.012532,-0.587398,-1.328275,1.127451,-0.587250,0.035705,-0.034645,-0.766389,-1.297155,-1.812106,0.864235,-0.028579,0.008331
2.800000,0.027858,0.019957,-0.016430,-0.572728,-1.348172,1.108286,-0.586442,0.039011,-0.035633,-0.757882,-1.316002,-1.807202,0.868403,-0.031332,0.014217
2.833333,0.022340,0.014037,-0.004984,-0.570072,-1.357050,1.056114,-0.601316,0.038329,-0.042840,-0.746823,-1.310005,-1.792504,0.858651,-0.036279,0.032306
2.866667,0.022862,0.024784,0.001403,-0.593376,-1.356225,1.006289,-0.595738,0.040691,-0.026994,-0.751626,-1.326548,-1.786444,0.876436,-0.041264,0.036843
2.900000,0.011436,0.027524,0.012781,-0.606436,-1.361972,0.974696,-0.615851,0.036648,-0.031102,-0.734317,-1.307240,-1.781356,0.860569,-0.038979,0.036193
2.933333,0.005595,0.023535,0.024097,-0.609062,-1.357616,0.969474,-0.622261,0.037558,-0.028500,-0.737008,-1.297387,-1.784004,0.862608,-0.037982,0.028898
2.966667,0.011812,0.020325,0.027246,-0.628236,-1.337915,0.985186,-0.643930,0.048178,-0.029752,-0.748884,-1.276694,-1.763945,0.884025,-0.022539,0.024572
3.000000,0.018593,0.020316,0.025940,-0.662967,-1.318214,1.033904,-0.676572,0.040459,-0.012616,-0.770740,-1.247143,-1.750296,0.930374,-0.015798,0.021990
3.033333,0.015299,0.009785,0.018134,-0.697697,-1.268216,1.120276,-0.742262,0.033569,-0.024610,-0.784319,-1.207126,-1.732046,0.976724,-0.005815,0.017853
3.066667,0.000616,0.012801,0.009203,-0.751428,-1.201860,1.206648,-0.822262,0.025254,-0.014773,-0.805560,-1.164641,-1.707394,1.056724,0.004870,0.014996
3.100000,-0.002455,0.012287,0.000655,-0.805222,-1.120482,1.306648,-0.922262,0.008395,-0.012380,-0.817813,-1.138720,-1.689547,1.156724,0.008239,0.019901
3.133333,-0.012513,0.014023,-0.006316,-0.850205,-1.072013,1.406648,-1.022262,-0.008955,-0.009883,-0.824309,-1.134188,-1.680104,1.256724,-0.003780,0.024721
3.166667,-0.039503,0.018333,-0.031925,-0.856029,-1.040410,1.506648,-1.112161,-0.007318,-0.034767,-0.811136,-1.123357,-1.673663,1.356724,0.005064,0.015201
3.200000,-0.039576,0.023919,-0.041810,-0.861853,-1.017445,1.606648,-1.184832,-0.001533,-0.039743,-0.798941,-1.122992,-1.693542,1.439379,0.016383,0.030725
3.233333,-0.031138,0.020127,-0.034810,-0.867441,-1.018390,1.666648,-1.247469,0.000741,-0.046333,-0.795967,-1.145298,-1.689091,1.501798,0.007267,0.035437
3.266667,-0.040206,0.026455,-0.043068,-0.858236,-1.041174,1.686648,-1.288538,0.013556,-0.062071,-0.788861,-1.131460,-1.657836,1.535221,-0.007510,0.042689
3.300000,-0.046478,0.040893,-0.042746,-0.857841,-1.044009,1.705042,-1.311770,0.018284,-0.057842,-0.791836,-1.136232,-1.658176,1.557876,-0.004714,0.060116
3.333333,-0.026821,0.039005,-0.021138,-0.879089,-1.044301,1.706252,-1.323328,0.012643,-0.047932,-0.789230,-1.163756,-1.655425,1.556055,-0.008972,0.060940
3.366667,-0.016759,0.033163,-0.010746,-0.876701,-1.035953,1.672684,-1.312113,0.022704,-0.025782,-0.800855,-1.159769,-1.637510,1.537738,-0.036175,0.048578
3.400000,-0.016128,0.052858,-0.011792,-0.871664,-1.030053,1.677586,-1.299532,0.020040,-0.024339,-0.777707,-1.131430,-1.659595,1.523889,-0.045536,0.063984
3.433333,-0.005778,0.046606,0.003630,-0.891403,-1.020102,1.694358,-1.292741,0.018134,-0.006707,-0.784088,-1.142670,-1.681680,1.532630,-0.030856,0.050128
3.466667,0.008666,0.037703,0.007575,-0.888992,-1.006077,1.699678,-1.293206,0.017590,-0.010219,-0.794322,-1.145585,-1.688902,1.531717,-0.024748,0.036702
3.500000,0.013333,0.035985,0.005019,-0.904098,-1.017730,1.703459,-1.297113,0.018618,-0.004295,-0.799111,-1.125747,-1.712495,1.526966,-0.019460,0.056323
3.533333,0.005892,0.038821,0.008740,-0.907665,-1.043491,1.719014,-1.306650,0.002121,-0.019523,-0.795780,-1.137422,-1.712127,1.545283,-0.006053,0.054667
3.566667,0.016868,0.027242,0.018436,-0.923258,-1.054309,1.709135,-1.312602,0.015830,-0.010453,-0.820630,-1.189096,-1.689949,1.559369,0.003354,0.042343
3.600000,0.018989,0.031025,0.027996,-0.935058,-1.062897,1.717704,-1.298631,0.026751,0.002396,-0.841249,-1.221794,-1.707427,1.559860,-0.004185,0.047003
3.633333,0.012115,0.023755,0.024904,-0.940884,-1.067476,1.714947,-1.295242,0.022319,0.002710,-0.821868,-1.222818,-1.705450,1.553604,-0.011670,0.045969
3.666667,0.010119,0.024387,0.031084,-0.915859,-1.052419,1.730914,-1.270186,0.023143,0.003934,-0.836900,-1.242547,-1.684126,1.562831,-0.018464,0.016042
3.700000,0.022323,0.018861,0.027192,-0.911134,-1.035483,1.741981,-1.273675,0.021378,-0.013690,-0.867961,-1.257650,-1.696165,1.562831,-0.015717,0.011821
3.733333,0.013699,0.010219,0.021059,-0.901853,-1.025521,1.754415,-1.276968,0.009923,-0.021277,-0.870843,-1.233654,-1.700874,1.562831,-0.011236,0.011226
3.766667,0.007758,0.010279,0.002782,-0.871590,-1.005628,1.759874,-1.277613,0.006868,-0.022509,-0.849024,-1.191843,-1.676171,1.562291,-0.019811,0.014059
3.800000,0.001743,0.022401,0.008384,-0.869450,-0.995121,1.765123,-1.271008,0.012914,-0.005768,-0.846314,-1.187640,-1.663899,1.558749,-0.018437,0.026371
3.833333,-0.004784,0.019830,0.001883,-0.872624,-0.995428,1.745376,-1.292264,0.014844,-0.014326,-0.837804,-1.186066,-1.659831,1.558749,-0.011932,0.039206
3.866667,-0.021517,0.019706,-0.011517,-0.852317,-1.001318,1.726112,-1.290494,0.032102,-0.008382,-0.799494,-1.149118,-1.631738,1.558749,-0.001850,0.052311
3.900000,-0.021873,0.033545,-0.015179,-0.843656,-1.006209,1.713416,-1.295429,0.033534,-0.015301,-0.790144,-1.151269,-1.624759,1.558749,0.002687,0.053007
3.933333,-0.028486,0.030956,-0.009190,-0.860439,-1.012718,1.693063,-1.320024,0.024053,-0.036098,-0.798103,-1.153499,-1.611962,1.555089,0.019593,0.044147
3.966667,-0.032385,0.026156,-0.035832,-0.868504,-1.004963,1.697302,-1.340500,0.036427,-0.047159,-0.826953,-1.158121,-1.591697,1.565800,0.032724,0.030545
4.000000,-0.021285,0.034720,-0.041949,-0.873580,-0.995333,1.701955,-1.342125,0.030235,-0.042549,-0.821603,-1.150531,-1.588691,1.565800,0.034741,0.034421
4.033333,-0.018232,0.041388,-0.033091,-0.893188,-1.002409,1.694029,-1.344550,0.015419,-0.032046,-0.834248,-1.172487,-1.584965,1.564566,0.020378,0.021809
4.066667,-0.025225,0.045186,-0.041016,-0.884993,-1.001886,1.675777,-1.347847,-0.002470,-0.028249,-0.853598,-1.168289,-1.564744,1.564566,0.011614,0.014250
4.100000,-0.021445,0.049060,-0.035703,-0.889050,-1.021852,1.681839,-1.348637,-0.006635,-0.017605,-0.864879,-1.181789,-1.574872,1.568765,0.013190,0.028226
4.133333,-0.013399,0.044728,-0.009841,-0.887181,-1.041819,1.649734,-1.346063,-0.029391,-0.021030,-0.855428,-1.169202,-1.574358,1.563681,-0.005737,0.027332
4.166667,-0.020365,0.058738,-0.002761,-0.890655,-1.039305,1.636022,-1.336848,-0.037483,-0.016710,-0.871056,-1.152467,-1.545156,1.563681,-0.019678,0.031941
4.200000,-0.023150,0.054932,0.002454,-0.904275,-1.019249,1.630188,-1.355683,-0.028833,-0.019226,-0.887424,-1.144561,-1.523522,1.564036,-0.023840,0.045487
4.233333,0.000381,0.035856,0.007442,-0.924332,-0.993504,1.613712,-1.382124,-0.015413,-0.026344,-0.901966,-1.160911,-1.486407,1.564036,-0.018412,0.045841
4.266667,0.011400,0.034562,-0.002885,-0.906695,-0.944958,1.557235,-1.398810,0.003176,-0.023172,-0.908150,-1.175929,-1.414516,1.564036,-0.036757,0.029852
4.300000,0.023256,0.034089,-0.013373,-0.863700,-0.927984,1.498926,-1.430228,0.010736,-0.031190,-0.902261,-1.178602,-1.342626,1.569121,-0.033884,0.033851
4.333333,0.028359,0.012790,-0.007027,-0.819599,-0.925129,1.406805,-1.485802,0.024961,-0.030468,-0.875997,-1.216300,-1.259423,1.569121,-0.020367,0.019189
4.366667,0.049461,0.009927,-0.010253,-0.759676,-0.926737,1.306805,-1.521376,0.021164,-0.027894,-0.864063,-1.232897,-1.159423,1.570000,-0.028851,-0.009469
4.400000,0.033228,0.015071,-0.012619,-0.685887,-0.943005,1.206805,-1.536951,0.031669,-0.020866,-0.818289,-1.246975,-1.059423,1.570000,-0.031614,-0.008317
4.433333,0.031873,0.015810,-0.002430,-0.612099,-0.957663,1.106805,-1.553794,0.018186,-0.029342,-0.764155,-1.241396,-0.959423,1.561349,-0.016932,-0.009824
4.466667,0.040827,0.022549,0.001700,-0.538310,-0.948573,1.006805,-1.539658,0.028267,-0.017438,-0.706336,-1.244308,-0.859423,1.545256,-0.025064,-0.002729
4.500000,0.050290,0.032182,0.003871,-0.462393,-0.958541,0.906805,-1.538059,0.024356,-0.033932,-0.650280,-1.239457,-0.759423,1.529211,-0.027294,0.003748
4.533333,0.025552,0.037596,-0.005779,-0.388898,-0.985383,0.806805,-1.538059,0.016036,-0.043804,-0.560256,-1.217332,-0.659423,1.521361,-0.013580,0.026163
4.566667,0.016890,0.051400,-0.015094,-0.355403,-0.979818,0.706805,-1.538059,0.013749,-0.031376,-0.504801,-1.199626,-0.559423,1.521361,-0.015224,0.042252
4.600000,0.020037,0.056747,-0.019293,-0.336352,-0.992960,0.606805,-1.528724,0.012996,-0.019355,-0.467295,-1.203394,-0.459423,1.530012,-0.010358,0.052684
4.633333,0.000017,0.047490,-0.030633,-0.325370,-1.014626,0.506805,-1.549384,0.011885,-0.032982,-0.449178,-1.197106,-0.359423,1.530480,0.002404,0.041712
4.666667,0.005738,0.043808,-0.057549,-0.307390,-1.019137,0.419401,-1.530983,0.021718,-0.023675,-0.430638,-1.187465,-0.259423,1.546525,0.007768,0.039626
4.700000,0.016678,0.043125,-0.044534,-0.314575,-1.007175,0.341310,-1.527005,0.029819,-0.019018,-0.435545,-1.177823,-0.159423,1.542453,0.014719,0.039605
4.733333,0.033592,0.028644,-0.036799,-0.286175,-1.006567,0.276989,-1.523694,0.028233,-0.030949,-0.430271,-1.149872,-0.062964,1.514745,0.014990,0.021084
4.766667,0.022817,0.030204,-0.040155,-0.279886,-1.018953,0.252667,-1.526843,0.029293,-0.028004,-0.428079,-1.110398,0.022063,1.507038,0.014158,0.023739
4.800000,0.029513,0.030204,-0.031115,-0.284434,-1.029579,0.246667,-1.526844,0.025107,-0.026085,-0.403649,-1.070924,0.087954,1.500501,0.014072,0.024198
4.833333,0.024163,0.031779,-0.012168,-0.317110,-1.027095,0.257459,-1.538605,0.015854,-0.023301,-0.402361,-1.012526,0.122779,1.461014,0.012889,0.029657
4.866667,0.013593,0.038064,-0.018479,-0.329312,-1.020659,0.280899,-1.514344,0.022353,-0.012301,-0.382927,-0.954127,0.143118,1.434432,0.003799,0.015917
4.900000,0.003331,0.041939,-0.017337,-0.348060,-1.038485,0.330569,-1.509416,0.025498,-0.012804,-0.365117,-0.907589,0.154605,1.430592,0.008251,0.016865
4.933333,0.005926,0.033731,-0.011206,-0.368997,-1.025142,0.357434,-1.519071,0.033297,-0.016689,-0.356911,-0.876695,0.161435,1.413779,0.014510,0.017862
4.966667,0.005664,0.046527,-0.025644,-0.385159,-1.028555,0.391265,-1.516430,0.029836,-0.013226,-0.381163,-0.845801,0.168773,1.422325,0.001864,0.025234
5.000000,-0.010879,0.043421,-0.032722,-0.385822,-1.037305,0.435708,-1.522319,0.030591,-0.020142,-0.376229,-0.828365,0.183255,1.428198,-0.001871,0.019403
5.033333,0.008895,0.035739,-0.033166,-0.406147,-1.036262,0.496044,-1.538905,0.016357,-0.035874,-0.397667,-0.830723,0.182327,1.442327,-0.005306,0.015845
5.066667,0.018239,0.034792,-0.044513,-0.455510,-1.003904,0.556380,-1.541319,0.018500,-0.023515,-0.423220,-0.827069,0.163727,1.469500,-0.036184,0.027291
5.100000,0.021715,0.036375,-0.049962,-0.503181,-1.002715,0.639521,-1.524339,0.013604,-0.036364,-0.419234,-0.797819,0.121216,1.480043,-0.051720,0.026320
5.133333,0.024350,0.023579,-0.039888,-0.571537,-0.981841,0.737375,-1.487782,0.004697,-0.039107,-0.422132,-0.773816,0.057334,1.484895,-0.040352,0.011093
5.166667,0.042259,0.019044,-0.037394,-0.660681,-0.962578,0.835228,-1.469064,-0.003859,-0.051736,-0.465029,-0.755945,-0.022627,1.511186,-0.048889,0.009057
5.200000,0.034838,0.018209,-0.032741,-0.742023,-0.970417,0.935228,-1.443759,0.002127,-0.046778,-0.501961,-0.738002,-0.112690,1.535562,-0.042517,0.022549
5.233333,0.026538,0.026299,-0.013093,-0.788821,-0.985284,1.035228,-1.398557,0.002547,-0.056337,-0.531062,-0.718322,-0.212690,1.539938,-0.015731,0.021647
5.266667,0.042597,0.042221,0.001993,-0.838570,-0.974472,1.135228,-1.350722,0.009189,-0.029260,-0.562324,-0.733879,-0.312690,1.553916,-0.020723,0.030608
5.300000,0.041098,0.046983,0.013974,-0.862419,-0.986101,1.235228,-1.338893,0.014111,-0.022115,-0.591008,-0.744191,-0.412690,1.561270,-0.024035,0.042098
5.333333,0.029102,0.049849,0.003271,-0.850920,-0.981045,1.335228,-1.315637,0.031846,-0.013663,-0.589490,-0.747292,-0.496698,1.568592,-0.015791,0.050930
5.366667,0.021322,0.064591,0.004205,-0.840277,-0.971128,1.435228,-1.288270,0.018670,0.000416,-0.584687,-0.743097,-0.575004,1.568592,-0.012933,0.060188
5.400000,0.026339,0.053121,0.002349,-0.832252,-0.979530,1.499604,-1.294972,0.009839,-0.005611,-0.575924,-0.728273,-0.624988,1.568592,-0.010081,0.058237
5.433333,0.012806,0.042043,-0.017264,-0.790238,-0.987402,1.526068,-1.320917,0.001567,-0.018416,-0.583590,-0.683628,-0.634972,1.568592,0.006588,0.055796
5.466667,0.008824,0.043650,-0.035379,-0.756303,-0.975378,1.512830,-1.335949,0.007031,-0.026039,-0.553835,-0.654229,-0.619271,1.570000,0.000705,0.070206
5.500000,0.005822,0.041758,-0.021204,-0.721194,-0.979074,1.459591,-1.324279,-0.002210,-0.018201,-0.523263,-0.631227,-0.579563,1.570000,0.000229,0.067198
5.533333,0.010334,0.031352,-0.025837,-0.655755,-0.978481,1.366353,-1.327596,0.013095,-0.023185,-0.479607,-0.624524,-0.511916,1.559530,-0.001557,0.062022
5.566667,0.006472,0.027336,-0.028794,-0.613155,-0.983863,1.284386,-1.311804,0.026544,-0.006425,-0.449658,-0.618572,-0.449137,1.559530,-0.015748,0.069684
5.600000,0.003655,0.018180,-0.023602,-0.570284,-0.975453,1.206073,-1.289066,0.025713,-0.019372,-0.405785,-0.625327,-0.389492,1.559530,-0.021120,0.058139
5.633333,0.010918,0.011811,-0.007592,-0.541728,-0.952837,1.149494,-1.256358,0.018509,-0.015509,-0.399134,-0.617075,-0.355532,1.551887,-0.013601,0.034534
5.666667,0.014270,0.017222,-0.015467,-0.537873,-0.925730,1.132915,-1.242291,0.025054,-0.009823,-0.419883,-0.620084,-0.361571,1.551887,-0.019990,0.025379
5.700000,0.012710,0.013495,-0.013355,-0.553708,-0.912578,1.145166,-1.247152,0.020629,-0.017170,-0.436492,-0.631088,-0.393518,1.561630,-0.020286,0.021230
5.733333,0.025589,0.013495,-0.023872,-0.551385,-0.882125,1.181317,-1.231121,0.013061,-0.028847,-0.461056,-0.666170,-0.447748,1.561630,-0.013671,0.009519
5.766667,0.029471,0.017298,-0.034029,-0.582630,-0.891671,1.224844,-1.242795,0.014512,-0.031222,-0.501354,-0.710698,-0.538842,1.561630,-0.014966,0.017935
5.800000,0.021056,0.020632,-0.036935,-0.612629,-0.911667,1.286340,-1.271986,0.018081,-0.031326,-0.541057,-0.782983,-0.629936,1.569272,-0.018650,0.023205
5.833333,0.014640,0.013668,-0.024376,-0.643084,-0.920435,1.329204,-1.310739,0.017306,-0.038933,-0.574211,-0.834684,-0.721030,1.561817,-0.024619,0.042123
5.866667,0.013650,0.023696,-0.016836,-0.693848,-0.921705,1.353968,-1.319454,0.020610,-0.022685,-0.618833,-0.889667,-0.817164,1.562545,-0.031610,0.046786
5.900000,0.002104,0.026837,-0.003950,-0.731857,-0.934034,1.379185,-1.352529,0.017529,-0.024885,-0.640936,-0.924030,-0.912596,1.556168,-0.028556,0.045733
5.933333,-0.002941,0.023330,0.008392,-0.748682,-0.926363,1.429909,-1.365605,0.018769,-0.019904,-0.661543,-0.950823,-0.988027,1.549792,-0.028449,0.036810
5.966667,0.006802,0.019996,0.013132,-0.775439,-0.911300,1.480633,-1.349732,0.034301,-0.022425,-0.665936,-0.984378,-1.063459,1.524085,-0.011510,0.030856
6.000000,0.017207,0.021491,0.012952,-0.813562,-0.936238,1.542577,-1.333218,0.031935,-0.006858,-0.675462,-1.012653,-1.138891,1.518854,-0.005078,0.026133
6.033333,0.017393,0.012923,0.005929,-0.851587,-0.948797,1.610356,-1.338937,0.028037,-0.020182,-0.674824,-1.031753,-1.192694,1.517088,0.005163,0.020162
6.066667,0.006121,0.016311,-0.002093,-0.905439,-0.955041,1.672427,-1.342546,0.023667,-0.013188,-0.685475,-1.033078,-1.238998,1.523465,0.015481,0.015445
6.100000,0.006744,0.017090,-0.009096,-0.954812,-0.946594,1.704281,-1.342005,0.011026,-0.012349,-0.691204,-1.050904,-1.293771,1.529841,0.019084,0.019818
6.133333,-0.003436,0.019953,-0.016078,-0.995252,-0.965275,1.711414,-1.358033,-0.006048,-0.009345,-0.702104,-1.052600,-1.311071,1.554939,0.005926,0.024416
6.166667,-0.029791,0.024736,-0.042014,-0.997006,-0.960823,1.725958,-1.353140,-0.004476,-0.032952,-0.698651,-1.040159,-1.311122,1.567625,0.014336,0.013901
6.200000,-0.030051,0.029705,-0.051751,-0.998857,-0.945212,1.752159,-1.344438,0.001271,-0.037981,-0.699128,-1.036894,-1.335494,1.569391,0.025362,0.029052
6.233333,-0.020945,0.026210,-0.044898,-1.004498,-0.943646,1.744067,-1.344104,0.002715,-0.043588,-0.704862,-1.054196,-1.329241,1.568578,0.016778,0.034407
6.266667,-0.028702,0.030587,-0.055037,-0.996494,-0.965778,1.727566,-1.349962,0.016092,-0.059823,-0.698730,-1.034998,-1.294518,1.560364,0.000492,0.038654
6.300000,-0.035018,0.044411,-0.055197,-0.997423,-0.970310,1.730166,-1.351210,0.019416,-0.054981,-0.705922,-1.037172,-1.296677,1.560973,0.003240,0.054709
6.333333,-0.014767,0.042014,-0.033628,-1.018548,-0.971312,1.714637,-1.363627,0.012914,-0.045310,-0.704056,-1.059766,-1.289817,1.556148,-0.001349,0.055343
6.366667,-0.003516,0.035311,-0.023568,-1.015565,-0.963351,1.677047,-1.353746,0.023470,-0.023324,-0.715807,-1.051295,-1.270732,1.537946,-0.028707,0.042597
6.400000,-0.001739,0.054223,-0.024475,-1.009088,-0.958282,1.676394,-1.343763,0.021353,-0.021796,-0.693531,-1.020651,-1.291648,1.524741,-0.038924,0.057090
6.433333,0.007949,0.048702,-0.007714,-1.027113,-0.945850,1.690141,-1.338006,0.018140,-0.004063,-0.699244,-1.030006,-1.312563,1.532955,-0.023415,0.045524
6.466667,0.022096,0.039569,-0.003410,-1.022032,-0.929640,1.693933,-1.344092,0.018255,-0.007477,-0.706051,-1.028159,-1.312946,1.532403,-0.016972,0.033220
6.500000,0.026141,0.038256,-0.006260,-1.035441,-0.940092,1.698498,-1.354298,0.019913,-0.001902,-0.702208,-1.005893,-1.332808,1.528704,-0.010712,0.053975
6.533333,0.017956,0.041874,-0.002406,-1.038483,-0.965554,1.714288,-1.372156,0.002923,-0.016005,-0.689458,-1.014691,-1.325425,1.546907,0.002374,0.052519
6.566667,0.027914,0.031045,0.007158,-1.053581,-0.975514,1.704870,-1.382687,0.016383,-0.007538,-0.705042,-1.063489,-1.295756,1.560924,0.012713,0.041171
6.600000,0.029391,0.034736,0.016387,-1.064774,-0.985899,1.710275,-1.372945,0.026360,0.006000,-0.722547,-1.093616,-1.303564,1.560924,0.006176,0.045283
6.633333,0.022752,0.027181,0.013516,-1.070700,-0.992661,1.706753,-1.371064,0.021397,0.006154,-0.700052,-1.094946,-1.301844,1.553859,-0.001743,0.044589
6.666667,0.019811,0.027500,0.020590,-1.047962,-0.979747,1.720585,-1.347252,0.022017,0.009096,-0.716652,-1.119726,-1.289910,1.562382,-0.009874,0.014799
6.700000,0.032376,0.022216,0.016599,-1.044980,-0.964440,1.732442,-1.346424,0.019501,-0.008283,-0.751842,-1.141163,-1.309132,1.562382,-0.007457,0.011229
6.733333,0.023064,0.013342,0.010632,-1.037311,-0.957653,1.746613,-1.345964,0.007034,-0.015592,-0.758698,-1.124991,-1.324521,1.562382,-0.003581,0.011298
6.766667,0.017258,0.014088,-0.007197,-1.009045,-0.939433,1.758008,-1.339510,0.003957,-0.017408,-0.743263,-1.092856,-1.318888,1.560874,-0.013773,0.015533
6.800000,0.011545,0.027368,-0.001518,-1.009152,-0.930792,1.770261,-1.323205,0.010211,-0.001293,-0.747385,-1.099658,-1.321822,1.557207,-0.012645,0.029076
6.833333,0.006541,0.023903,-0.008509,-1.011601,-0.932682,1.756688,-1.333554,0.011030,-0.011437,-0.745643,-1.104010,-1.324276,1.557207,-0.006282,0.041843
6.866667,-0.010104,0.022735,-0.021418,-0.991269,-0.940273,1.742049,-1.323495,0.028509,-0.005753,-0.712581,-1.071705,-1.311206,1.557207,0.003727,0.056819
6.900000,-0.010383,0.037227,-0.025414,-0.981534,-0.945724,1.734767,-1.320693,0.029414,-0.012608,-0.709093,-1.077008,-1.316254,1.557207,0.008284,0.057786
6.933333,-0.016212,0.034853,-0.019831,-0.996653,-0.952486,1.712769,-1.338805,0.020253,-0.033582,-0.717732,-1.079235,-1.306975,1.552211,0.025794,0.049362
6.966667,-0.019638,0.030819,-0.047006,-1.003402,-0.944486,1.714416,-1.355614,0.032739,-0.044049,-0.746814,-1.082526,-1.294880,1.563496,0.039171,0.036017
7.000000,-0.009596,0.040863,-0.052650,-1.007446,-0.936581,1.718137,-1.353870,0.027496,-0.038913,-0.741760,-1.072174,-1.300268,1.563496,0.042297,0.040289
7.033333,-0.006180,0.049151,-0.044563,-1.024203,-0.944914,1.707515,-1.355323,0.012810,-0.029131,-0.755066,-1.090500,-1.298143,1.559530,0.028682,0.026834
7.066667,-0.010669,0.052871,-0.052158,-1.014624,-0.945844,1.680881,-1.354688,-0.001755,-0.023377,-0.769474,-1.081440,-1.284840,1.559530,0.019091,0.021046
7.100000,-0.008321,0.056550,-0.046203,-1.015682,-0.969167,1.682513,-1.350579,-0.005653,-0.013397,-0.781245,-1.090200,-1.309409,1.566034,0.020917,0.035334
7.133333,-0.000960,0.052236,-0.019554,-1.011130,-0.992490,1.652835,-1.342800,-0.028367,-0.016356,-0.771963,-1.071295,-1.321862,1.555522,0.001946,0.034544
7.166667,-0.009290,0.067125,-0.011843,-1.009561,-0.993821,1.646910,-1.326920,-0.034719,-0.012890,-0.783425,-1.050287,-1.322462,1.554639,-0.013146,0.039133
7.200000,-0.013932,0.063768,-0.004557,-1.017170,-0.978860,1.664636,-1.337615,-0.023860,-0.015636,-0.783423,-1.035873,-1.350385,1.547895,-0.018032,0.054003
7.233333,0.006248,0.043460,0.002487,-1.035324,-0.961595,1.679718,-1.344610,-0.012245,-0.024509,-0.790556,-1.048844,-1.361691,1.544954,-0.012187,0.054730
7.266667,0.016710,0.043066,-0.006390,-1.028919,-0.923150,1.680218,-1.334165,0.006595,-0.018326,-0.794323,-1.060836,-1.342062,1.544954,-0.031078,0.042391
7.300000,0.026713,0.041633,-0.014132,-1.026175,-0.913408,1.703687,-1.332849,0.012917,-0.025186,-0.803691,-1.060492,-1.358191,1.555465,-0.028728,0.049399
7.333333,0.032395,0.018365,-0.005479,-1.042361,-0.914124,1.704438,-1.349518,0.024173,-0.022641,-0.810144,-1.094894,-1.350730,1.556349,-0.015276,0.037330
7.366667,0.053663,0.013432,-0.006673,-1.054360,-0.915618,1.681537,-1.345484,0.016789,-0.018254,-0.847287,-1.109821,-1.326419,1.567059,-0.023174,0.010366
7.400000,0.037695,0.017570,-0.006517,-1.061904,-0.923757,1.695895,-1.346915,0.024756,-0.009272,-0.846620,-1.118470,-1.325788,1.570000,-0.025368,0.011803
7.433333,0.034529,0.015557,0.006168,-1.058517,-0.926483,1.722243,-1.348345,0.008944,-0.017724,-0.840116,-1.107989,-1.339155,1.561662,-0.011089,0.008799
7.466667,0.043428,0.020118,0.012098,-1.033187,-0.907159,1.756934,-1.318599,0.020070,-0.006394,-0.825647,-1.109477,-1.338411,1.545870,-0.016476,0.014986
7.500000,0.052133,0.028810,0.015770,-1.010518,-0.908418,1.774343,-1.310868,0.016310,-0.021408,-0.809201,-1.102618,-1.347250,1.534530,-0.018958,0.020741
7.533333,0.026442,0.034019,0.007154,-0.988485,-0.925301,1.793233,-1.318576,0.008749,-0.030481,-0.756683,-1.079962,-1.349052,1.534193,-0.005683,0.041979
7.566667,0.015861,0.047802,-0.000172,-0.992612,-0.914365,1.801419,-1.335792,0.008236,-0.017719,-0.744166,-1.063584,-1.342991,1.534193,-0.007990,0.057416
7.600000,0.020506,0.052232,-0.003857,-1.013178,-0.921168,1.790253,-1.353008,0.008668,-0.006397,-0.742682,-1.079328,-1.349311,1.542531,-0.003186,0.066842
7.633333,-0.000138,0.044172,-0.015563,-1.032431,-0.936633,1.740474,-1.384691,0.005988,-0.018570,-0.750741,-1.083104,-1.331433,1.554098,0.006844,0.055062
7.666667,0.005086,0.040703,-0.043321,-1.022780,-0.934746,1.730695,-1.376375,0.015702,-0.010008,-0.754028,-1.095226,-1.339416,1.565439,0.011727,0.053880
7.700000,0.015664,0.039821,-0.031079,-1.031917,-0.921587,1.739560,-1.369402,0.023759,-0.007530,-0.780279,-1.112986,-1.353600,1.565776,0.018997,0.053695
7.733333,0.033770,0.026375,-0.025123,-1.003081,-0.916293,1.725863,-1.344131,0.019367,-0.020700,-0.794840,-1.121233,-1.357599,1.556994,0.019730,0.035586
7.766667,0.022421,0.029130,-0.030525,-0.992624,-0.925512,1.734110,-1.329024,0.017531,-0.017592,-0.810303,-1.114725,-1.336783,1.556994,0.018373,0.038535
7.800000,0.030423,0.029130,-0.021930,-0.996284,-0.932538,1.748046,-1.336972,0.013823,-0.017182,-0.806265,-1.115429,-1.348271,1.561219,0.017954,0.038947
7.833333,0.025136,0.031332,-0.002292,-1.023738,-0.926453,1.740062,-1.353807,0.003070,-0.014908,-0.822043,-1.095097,-1.351764,1.553553,0.018151,0.043576
7.866667,0.014495,0.038682,-0.008370,-1.026501,-0.914341,1.727629,-1.334562,0.007522,-0.004079,-0.815411,-1.071877,-1.355376,1.549224,0.009774,0.031222
7.900000,0.004765,0.042053,-0.008010,-1.038929,-0.930050,1.748461,-1.333615,0.011547,-0.003948,-0.810651,-1.058172,-1.364417,1.558006,0.013687,0.032117
7.933333,0.007758,0.034755,-0.000497,-1.049974,-0.916194,1.729294,-1.341428,0.020349,-0.008250,-0.812334,-1.055647,-1.372330,1.558006,0.021663,0.034129
7.966667,0.006604,0.047308,-0.014604,-1.051227,-0.918826,1.718031,-1.335338,0.015669,-0.003008,-0.841772,-1.045908,-1.368175,1.558006,0.009945,0.041655
8.000000,-0.009191,0.045229,-0.021848,-1.035123,-0.928549,1.725457,-1.339587,0.017048,-0.009611,-0.840314,-1.048974,-1.353858,1.565671,0.006069,0.035540
8.033333,0.010810,0.036948,-0.022452,-1.027856,-0.929043,1.717208,-1.356678,0.001986,-0.023927,-0.861268,-1.072655,-1.340939,1.570000,0.001821,0.030293
8.066667,0.018414,0.036823,-0.034043,-1.036884,-0.899827,1.697286,-1.358902,0.003602,-0.011897,-0.876813,-1.088148,-1.330500,1.570000,-0.028363,0.040805
8.100000,0.021662,0.037292,-0.039928,-1.020913,-0.900175,1.696651,-1.356526,0.000081,-0.025422,-0.862861,-1.077594,-1.330908,1.568572,-0.044101,0.036819
8.133333,0.024279,0.024738,-0.030673,-1.010687,-0.880749,1.706826,-1.345611,-0.007006,-0.029949,-0.838771,-1.074233,-1.330152,1.561141,-0.032061,0.017756
8.166667,0.041847,0.019398,-0.028155,-1.019859,-0.859961,1.694743,-1.355470,-0.013196,-0.043847,-0.841138,-1.078783,-1.326612,1.550628,-0.038498,0.013332
8.200000,0.036347,0.018878,-0.024558,-1.026386,-0.866851,1.704464,-1.361002,-0.003468,-0.039074,-0.830462,-1.082593,-1.327226,1.550628,-0.029999,0.024704
8.233333,0.030664,0.027088,-0.005970,-1.011568,-0.880904,1.725856,-1.347905,-0.000785,-0.048835,-0.814839,-1.081056,-1.323078,1.550628,-0.001137,0.021775
8.266667,0.048505,0.044187,0.008260,-1.028314,-0.871264,1.752276,-1.320484,0.006837,-0.021163,-0.799216,-1.113404,-1.326959,1.552057,-0.003687,0.029257
8.300000,0.048888,0.049493,0.019426,-1.039428,-0.886906,1.752905,-1.315503,0.012142,-0.013545,-0.794524,-1.138559,-1.329496,1.557131,-0.006209,0.041339
8.333333,0.038079,0.052996,0.006891,-1.028222,-0.887278,1.759639,-1.299583,0.027587,-0.004903,-0.776068,-1.145439,-1.319516,1.567644,-0.000213,0.050257
8.366667,0.030357,0.068401,0.007058,-1.035891,-0.888451,1.784323,-1.275146,0.013583,0.008265,-0.772120,-1.140800,-1.325576,1.567644,0.001919,0.059005
8.400000,0.034354,0.056778,0.005493,-1.048040,-0.906853,1.776854,-1.284206,0.005585,0.001595,-0.767008,-1.125150,-1.333436,1.567644,0.003224,0.056655
8.433333,0.018498,0.046361,-0.013603,-1.037448,-0.928347,1.768540,-1.322466,-0.001861,-0.011232,-0.792347,-1.078049,-1.315873,1.567644,0.017236,0.054048
8.466667,0.013113,0.048166,-0.031294,-1.044982,-0.930809,1.776605,-1.352825,0.005296,-0.018477,-0.782511,-1.051977,-1.320150,1.570000,0.010307,0.068896
8.500000,0.009389,0.046899,-0.017680,-1.059801,-0.955376,1.779858,-1.359307,-0.001217,-0.010062,-0.787679,-1.038435,-1.327355,1.570000,0.010407,0.066132
8.533333,0.012789,0.036689,-0.022096,-1.034619,-0.972553,1.757849,-1.386860,0.014860,-0.013908,-0.779806,-1.043082,-1.320729,1.558980,0.008656,0.061546
8.566667,0.008212,0.032237,-0.025067,-1.036215,-0.995037,1.751924,-1.395975,0.028399,0.004203,-0.785711,-1.046974,-1.317206,1.558980,-0.006650,0.070075
8.600000,0.006365,0.023123,-0.020966,-1.034618,-0.998121,1.739915,-1.391463,0.027199,-0.008156,-0.772866,-1.064132,-1.325764,1.558980,-0.011632,0.059725
8.633333,0.013837,0.016011,-0.005001,-1.032604,-0.985122,1.730213,-1.371531,0.020355,-0.004553,-0.793139,-1.060261,-1.329850,1.553411,-0.003665,0.036191
8.666667,0.016535,0.020784,-0.012202,-1.029650,-0.959807,1.744705,-1.360810,0.026898,0.001087,-0.810977,-1.062458,-1.345257,1.553412,-0.011383,0.026397
8.700000,0.014769,0.017023,-0.010206,-1.042355,-0.945269,1.746787,-1.359819,0.022806,-0.006564,-0.813499,-1.052627,-1.338680,1.564432,-0.011424,0.022301
8.733333,0.028798,0.017023,-0.021574,-1.029735,-0.914354,1.761189,-1.337266,0.014397,-0.018182,-0.823580,-1.068097,-1.344819,1.564432,-0.002972,0.010452
8.766667,0.032977,0.021321,-0.032051,-1.031150,-0.921447,1.758206,-1.337281,0.015559,-0.021288,-0.821961,-1.073489,-1.343879,1.564432,-0.002873,0.018784
8.800000,0.024637,0.025576,-0.036164,-1.026317,-0.936625,1.759234,-1.341430,0.017318,-0.021701,-0.810764,-1.091765,-1.329934,1.570000,-0.005917,0.024555
8.833333,0.020062,0.018686,-0.025091,-1.030064,-0.942013,1.728642,-1.360066,0.016022,-0.029314,-0.801752,-1.085205,-1.308010,1.565622,-0.010056,0.043823
8.866667,0.019698,0.029947,-0.018526,-1.058151,-0.938116,1.697845,-1.353105,0.019167,-0.014916,-0.807707,-1.101375,-1.302329,1.565622,-0.016505,0.049806
8.900000,0.008405,0.034210,-0.006464,-1.073662,-0.943715,1.670795,-1.372836,0.015890,-0.019103,-0.791135,-1.079901,-1.292744,1.565622,-0.012534,0.050108
8.933333,0.004083,0.030142,0.005145,-1.076072,-0.931306,1.671894,-1.374424,0.016632,-0.015175,-0.794564,-1.070305,-1.295201,1.565622,-0.011826,0.042566
8.966667,0.015775,0.025886,0.015286,-1.056161,-0.950813,1.650295,-1.355202,0.031889,-0.020773,-0.774451,-1.087826,-1.275135,1.545622,-0.001066,0.033793
9.000000,0.026489,0.024640,0.020906,-1.011162,-1.010320,1.620317,-1.307097,0.029567,-0.008792,-0.726891,-1.130182,-1.242258,1.510000,-0.000608,0.025000
9.033333,0.027626,0.010940,0.017933,-0.926164,-1.079113,1.588464,-1.253788,0.025794,-0.024834,-0.664365,-1.172539,-1.188954,1.450000,0.002372,0.013679
9.066667,0.015618,0.011419,0.014849,-0.841166,-1.159113,1.516612,-1.173788,0.021399,-0.020541,-0.584365,-1.214417,-1.108954,1.370000,0.006933,0.003699
9.100000,0.017885,0.009596,0.011331,-0.741166,-1.228192,1.416612,-1.073788,0.008390,-0.023681,-0.484365,-1.273186,-1.008954,1.270000,0.003242,0.001498
9.133333,0.006275,0.010334,0.003749,-0.670962,-1.290911,1.316612,-0.973788,-0.007433,-0.021212,-0.384365,-1.311970,-0.908954,1.170000,-0.009425,0.004512
9.166667,-0.020842,0.014478,-0.022636,-0.600758,-1.328872,1.246029,-0.873788,-0.005461,-0.045971,-0.302886,-1.310754,-0.808954,1.070000,-0.001384,-0.006376
9.200000,-0.021102,0.019898,-0.032464,-0.570555,-1.335791,1.191509,-0.773788,0.000305,-0.050750,-0.227702,-1.309538,-0.708954,0.970000,0.011675,0.008191
9.233333,-0.011134,0.016563,-0.025710,-0.554372,-1.340926,1.136989,-0.691530,0.003152,-0.056540,-0.185742,-1.328638,-0.608954,0.870000,0.002720,0.012974
9.266667,-0.021125,0.020007,-0.034255,-0.538189,-1.362025,1.082469,-0.629553,0.016144,-0.071781,-0.153614,-1.310847,-0.508954,0.770000,-0.013090,0.019198
9.300000,-0.027121,0.034151,-0.034958,-0.532210,-1.366092,1.050796,-0.590838,0.018557,-0.067342,-0.159628,-1.313042,-0.408954,0.670000,-0.010425,0.035984
9.333333,-0.006661,0.032059,-0.012928,-0.544311,-1.367259,1.007396,-0.566730,0.012406,-0.056446,-0.156785,-1.334125,-0.308954,0.570000,-0.014508,0.037425
9.366667,0.004003,0.026954,-0.001017,-0.534169,-1.359468,0.953153,-0.542622,0.023346,-0.033968,-0.176611,-1.323830,-0.208954,0.470000,-0.041491,0.025614
9.400000,0.006057,0.045046,-0.001912,-0.526541,-1.353460,0.934657,-0.530408,0.021139,-0.032229,-0.163215,-1.291341,-0.144751,0.381227,-0.051527,0.040530
9.433333,0.016695,0.040500,0.014526,-0.541908,-1.343524,0.927520,-0.523334,0.019933,-0.014982,-0.173144,-1.298852,-0.080549,0.328927,-0.034976,0.028200
9.466667,0.030685,0.031861,0.019345,-0.533883,-1.325055,0.922480,-0.520322,0.020716,-0.017454,-0.184932,-1.295866,-0.036001,0.293394,-0.028457,0.016098
9.500000,0.035055,0.030479,0.016384,-0.547072,-1.334245,0.917794,-0.525721,0.022301,-0.012015,-0.190484,-1.273991,-0.022983,0.269479,-0.022876,0.034664
9.533333,0.027023,0.032421,0.019436,-0.547759,-1.359297,0.925828,-0.541030,0.005425,-0.026929,-0.182752,-1.283493,-0.011835,0.279024,-0.010715,0.033786
9.566667,0.036367,0.021467,0.029281,-0.557992,-1.368921,0.905964,-0.546971,0.017496,-0.018331,-0.201868,-1.326496,0.017286,0.314950,-0.001079,0.023374
9.600000,0.036716,0.024621,0.038201,-0.563855,-1.378857,0.901318,-0.532445,0.026782,-0.004422,-0.219334,-1.349499,0.014086,0.325684,-0.008218,0.028010
9.633333,0.030322,0.018378,0.035152,-0.565773,-1.384360,0.887399,-0.530596,0.021903,-0.005430,-0.196799,-1.346164,0.015082,0.321718,-0.016434,0.026746
9.666667,0.028032,0.019912,0.041644,-0.539546,-1.370078,0.895436,-0.505729,0.022372,-0.003733,-0.210836,-1.369713,0.025741,0.344790,-0.023088,-0.001390
9.700000,0.039151,0.015782,0.038247,-0.531266,-1.354816,0.894049,-0.499119,0.020587,-0.021682,-0.233890,-1.383213,0.016447,0.348634,-0.021469,-0.006459
9.733333,0.030766,0.007237,0.032019,-0.520751,-1.346405,0.902083,-0.502094,0.009697,-0.028375,-0.230710,-1.369282,0.002770,0.331609,-0.017883,-0.007046
9.766667,0.026338,0.007804,0.015002,-0.492448,-1.327053,0.910744,-0.500112,0.007681,-0.028526,-0.208975,-1.340457,0.004660,0.320533,-0.028003,-0.004467
9.800000,0.019591,0.018692,0.020601,-0.491481,-1.319051,0.917444,-0.486392,0.015316,-0.011530,-0.204793,-1.348281,0.007840,0.315729,-0.026122,0.008941
9.833333,0.012497,0.015947,0.013384,-0.490846,-1.324518,0.895799,-0.498626,0.016328,-0.020157,-0.192891,-1.350280,0.008175,0.306806,-0.020556,0.021344
9.866667,-0.005050,0.015947,0.000196,-0.469533,-1.332492,0.880894,-0.495379,0.032012,-0.014320,-0.159995,-1.322328,0.008771,0.320367,-0.010074,0.037119
9.900000,-0.005966,0.031093,-0.003773,-0.454453,-1.338852,0.857677,-0.488927,0.033136,-0.022134,-0.156297,-1.328307,0.005779,0.333123,-0.003910,0.038345
9.933333,-0.013647,0.029431,0.001830,-0.456496,-1.345553,0.808225,-0.503359,0.023686,-0.044127,-0.164608,-1.330085,0.015928,0.328650,0.013080,0.030598
9.966667,-0.016669,0.026481,-0.025251,-0.443982,-1.337261,0.770986,-0.515476,0.034826,-0.055230,-0.195367,-1.332051,0.028107,0.354081,0.025759,0.016513
10.000000,-0.005877,0.035490,-0.030379,-0.423365,-1.326579,0.722093,-0.501638,0.029077,-0.050010,-0.193844,-1.318468,0.024999,0.348509,0.028590,0.020589
10.033333,-0.001532,0.043271,-0.022097,-0.411868,-1.333589,0.657943,-0.481548,0.014314,-0.038998,-0.215211,-1.332034,0.040987,0.311482,0.013904,0.005873
10.066667,-0.005404,0.047839,-0.029410,-0.378213,-1.335324,0.584836,-0.460232,-0.001629,-0.032897,-0.237185,-1.318065,0.060894,0.287749,0.004780,-0.002906
10.100000,-0.000323,0.053782,-0.024375,-0.364734,-1.347975,0.549241,-0.439545,-0.005035,-0.022416,-0.252744,-1.324713,0.044416,0.294115,0.007019,0.009965
10.133333,0.006810,0.049989,0.002347,-0.349954,-1.360627,0.487724,-0.413280,-0.027946,-0.025256,-0.244306,-1.303105,0.038374,0.262236,-0.011244,0.008952
10.166667,-0.000324,0.065126,0.009940,-0.353060,-1.362391,0.466206,-0.393416,-0.034844,-0.022141,-0.256041,-1.281970,0.039797,0.262187,-0.024639,0.014589
10.200000,-0.004663,0.061490,0.016623,-0.368638,-1.352150,0.479691,-0.404927,-0.023731,-0.024708,-0.243220,-1.271224,0.021833,0.256877,-0.028647,0.029641
10.233333,0.013901,0.041776,0.023857,-0.402931,-1.336243,0.518439,-0.423380,-0.011529,-0.034300,-0.235531,-1.288013,0.014636,0.257076,-0.025077,0.031890
10.266667,0.020997,0.037728,0.015643,-0.416788,-1.315363,0.558705,-0.420319,0.004448,-0.028383,-0.223055,-1.304060,0.038233,0.254344,-0.044693,0.019769
10.300000,0.030585,0.035122,0.008459,-0.446505,-1.323513,0.638971,-0.436891,0.010177,-0.035432,-0.213847,-1.310710,0.023599,0.275911,-0.042831,0.027064
10.333333,0.033480,0.011773,0.017158,-0.493656,-1.330150,0.719236,-0.468090,0.021929,-0.032754,-0.201893,-1.351376,0.034384,0.298291,-0.031179,0.015952
10.366667,0.054878,0.007628,0.017194,-0.538905,-1.333742,0.776553,-0.481885,0.015433,-0.029232,-0.226171,-1.370753,0.051618,0.360671,-0.039595,-0.010614
10.400000,0.038469,0.011353,0.016086,-0.572401,-1.346724,0.848607,-0.493710,0.025381,-0.019913,-0.214896,-1.375885,0.053042,0.388313,-0.042956,-0.008263
10.433333,0.036679,0.010500,0.028573,-0.590620,-1.346187,0.920662,-0.506682,0.012411,-0.028588,-0.204974,-1.364021,0.027278,0.395899,-0.028176,-0.010212
10.466667,0.046553,0.015960,0.033859,-0.579487,-1.324519,0.992716,-0.486545,0.024938,-0.016090,-0.190071,-1.367286,0.022930,0.387338,-0.034263,-0.004070
10.500000,0.056245,0.024028,0.037532,-0.565661,-1.323958,1.026784,-0.485381,0.021470,-0.031340,-0.175388,-1.362736,0.008522,0.367496,-0.037830,0.001472
10.533333,0.030362,0.027254,0.028008,-0.549289,-1.336882,1.070046,-0.498250,0.012839,-0.040175,-0.124914,-1.341936,0.000525,0.336771,-0.025414,0.023827
10.566667,0.019569,0.039529,0.020128,-0.558037,-1.321549,1.101050,-0.519692,0.009324,-0.027606,-0.114379,-1.335381,-0.000425,0.346047,-0.028447,0.040253
10.600000,0.022975,0.044354,0.016089,-0.580488,-1.330372,1.110441,-0.539988,0.008732,-0.017175,-0.112095,-1.351597,-0.002828,0.364557,-0.024713,0.051001
10.633333,0.002472,0.037355,0.004691,-0.600062,-1.346232,1.083922,-0.576272,0.005717,-0.031166,-0.123734,-1.355721,0.005656,0.386161,-0.015025,0.041140
10.666667,0.008706,0.033833,-0.022661,-0.588456,-1.346070,1.095388,-0.572556,0.014743,-0.022700,-0.126678,-1.362276,-0.005442,0.422871,-0.007791,0.039238
10.700000,0.019350,0.032942,-0.010014,-0.597180,-1.334653,1.102865,-0.566176,0.024026,-0.019090,-0.152580,-1.381420,-0.019872,0.430464,0.001491,0.038134
10.733333,0.037420,0.019445,-0.002808,-0.569019,-1.331632,1.091306,-0.542754,0.021051,-0.031926,-0.168752,-1.387975,-0.031124,0.406650,0.003313,0.019145
10.766667,0.027629,0.022612,-0.007236,-0.561725,-1.341203,1.101361,-0.529801,0.021183,-0.027806,-0.183541,-1.387975,-0.014046,0.406490,0.003130,0.020849
10.800000,0.034304,0.022612,0.001625,-0.566558,-1.351687,1.119375,-0.533966,0.016411,-0.025747,-0.173867,-1.392298,-0.019251,0.408883,0.003123,0.020772
10.833333,0.027321,0.025580,0.021174,-0.599866,-1.347652,1.117687,-0.545474,0.006809,-0.023889,-0.185646,-1.381289,-0.019358,0.379225,0.001720,0.026431
10.866667,0.015927,0.032562,0.013860,-0.610119,-1.339513,1.123716,-0.525208,0.010712,-0.014488,-0.178347,-1.361621,-0.029614,0.373947,-0.008460,0.014501
10.900000,0.006038,0.036333,0.015140,-0.629226,-1.359995,1.161040,-0.523019,0.015033,-0.015609,-0.166762,-1.354541,-0.029864,0.384534,-0.004613,0.016663
10.933333,0.007871,0.028580,0.022263,-0.646596,-1.349638,1.164193,-0.531433,0.022477,-0.020886,-0.164865,-1.354541,-0.037653,0.385430,0.002506,0.020752
10.966667,0.007157,0.039818,0.007794,-0.654730,-1.356667,1.169132,-0.521644,0.018465,-0.017475,-0.188318,-1.345389,-0.024556,0.397707,-0.009074,0.027669
11.000000,-0.008262,0.036496,0.000202,-0.643893,-1.369488,1.193773,-0.529394,0.018512,-0.024077,-0.181366,-1.350618,-0.010049,0.404428,-0.013623,0.021163
11.033333,0.012460,0.029390,0.000164,-0.641911,-1.371978,1.196279,-0.549782,0.004608,-0.038813,-0.197520,-1.376343,0.008106,0.412736,-0.016940,0.016318
11.066667,0.021111,0.029800,-0.012657,-0.656225,-1.342356,1.189270,-0.555977,0.005896,-0.026580,-0.213293,-1.383422,0.015777,0.425703,-0.047198,0.026265
11.100000,0.024581,0.029733,-0.018344,-0.644945,-1.343573,1.198533,-0.558298,0.002479,-0.040116,-0.197398,-1.376159,0.015414,0.411220,-0.063630,0.022056
11.133333,0.027724,0.018495,-0.008429,-0.638622,-1.316227,1.223187,-0.557865,-0.003029,-0.044846,-0.181987,-1.374501,-0.000562,0.391637,-0.051767,0.004279
11.166667,0.046825,0.013571,-0.005586,-0.650276,-1.289271,1.216372,-0.572551,-0.007752,-0.058375,-0.193076,-1.377860,-0.000532,0.380015,-0.057597,-0.000146
11.200000,0.040461,0.013268,-0.001519,-0.656773,-1.291948,1.228493,-0.579992,0.001577,-0.053279,-0.186138,-1.379215,-0.002313,0.372677,-0.049555,0.011253
11.233333,0.034179,0.020912,0.017565,-0.641982,-1.299104,1.250130,-0.571160,0.004227,-0.062216,-0.176332,-1.379215,-0.008929,0.363458,-0.020393,0.008308
11.266667,0.051815,0.037985,0.032369,-0.657528,-1.285957,1.268332,-0.545131,0.012014,-0.034239,-0.166525,-1.386478,-0.008099,0.382665,-0.022527,0.016047
11.300000,0.050647,0.041655,0.043947,-0.665134,-1.302056,1.257309,-0.540058,0.016699,-0.025444,-0.161643,-1.399159,-0.005799,0.381791,-0.025782,0.027320
11.333333,0.038415,0.044511,0.032212,-0.649141,-1.302512,1.259615,-0.520473,0.031939,-0.017015,-0.142720,-1.401580,0.004691,0.396893,-0.019801,0.036174
11.366667,0.030059,0.058074,0.032676,-0.651601,-1.302900,1.277180,-0.495493,0.018056,-0.003598,-0.139971,-1.397911,-0.004181,0.421744,-0.017188,0.044847
11.400000,0.035013,0.046976,0.031743,-0.654997,-1.323103,1.254745,-0.500980,0.011257,-0.009774,-0.134109,-1.389858,-0.000398,0.419360,-0.015204,0.042721
11.433333,0.021917,0.037712,0.012439,-0.636439,-1.336691,1.237957,-0.539995,0.004237,-0.021888,-0.162923,-1.366139,0.010561,0.402569,0.001077,0.039660
11.466667,0.018307,0.039225,-0.006481,-0.633978,-1.337998,1.231532,-0.565530,0.010555,-0.028602,-0.157231,-1.353135,0.013221,0.393087,-0.005291,0.052852
11.500000,0.014429,0.037751,0.006261,-0.640763,-1.359923,1.216971,-0.569272,0.003824,-0.019799,-0.162677,-1.345055,0.013041,0.381584,-0.005748,0.049667
11.533333,0.018908,0.028903,0.000556,-0.608451,-1.372904,1.180513,-0.595513,0.019200,-0.024009,-0.158363,-1.348710,0.021084,0.338123,-0.008627,0.045603
11.566667,0.013940,0.025672,-0.002387,-0.607109,-1.377705,1.167930,-0.600532,0.031409,-0.007310,-0.164201,-1.353202,0.025403,0.334662,-0.023217,0.054161
11.600000,0.009601,0.016169,0.001570,-0.601337,-1.384236,1.149718,-0.590090,0.029893,-0.021010,-0.147663,-1.370180,0.022289,0.327231,-0.030114,0.043140
11.633333,0.016578,0.010985,0.017524,-0.601154,-1.369130,1.141943,-0.571659,0.023106,-0.018407,-0.165184,-1.364863,0.011238,0.328864,-0.021055,0.020346
11.666667,0.020529,0.016554,0.009937,-0.598654,-1.342671,1.160444,-0.563223,0.029295,-0.012478,-0.183879,-1.366202,-0.007686,0.334046,-0.026557,0.010574
11.700000,0.018977,0.012770,0.012874,-0.615276,-1.327767,1.171160,-0.562717,0.025299,-0.019834,-0.184722,-1.355589,0.000603,0.344320,-0.025472,0.006634
11.733333,0.032493,0.012770,0.000504,-0.605047,-1.312671,1.192529,-0.543433,0.017204,-0.031080,-0.195855,-1.359149,-0.006374,0.354594,-0.018290,-0.005563
11.766667,0.037214,0.015966,-0.009823,-0.608822,-1.317862,1.195210,-0.541605,0.017086,-0.033049,-0.194686,-1.365061,-0.001032,0.351957,-0.018792,0.003218
11.800000,0.029880,0.018997,-0.013520,-0.607748,-1.333428,1.207566,-0.547658,0.018782,-0.033258,-0.181292,-1.381871,0.014488,0.356147,-0.022696,0.009506
11.833333,0.024777,0.012215,-0.001855,-0.616961,-1.339728,1.188815,-0.568381,0.017862,-0.040463,-0.170730,-1.374830,0.032366,0.348183,-0.028186,0.029668
11.866667,0.025015,0.023227,0.005077,-0.647053,-1.336614,1.164529,-0.565126,0.020468,-0.026266,-0.176227,-1.385457,0.036085,0.367087,-0.033744,0.034516
11.900000,0.014419,0.025764,0.017847,-0.665112,-1.341151,1.145715,-0.588267,0.017775,-0.029885,-0.157814,-1.376370,0.038602,0.350406,-0.030441,0.033963
11.933333,0.010042,0.022191,0.029187,-0.672126,-1.330593,1.157204,-0.595884,0.020024,-0.026444,-0.159401,-1.368114,0.026700,0.353725,-0.030145,0.025286
11.966667,0.016732,0.019159,0.027792,-0.654623,-1.309659,1.138218,-0.617090,0.036203,-0.029568,-0.179152,-1.348958,0.004024,0.373846,-0.018613,0.021706
12.000000,0.025091,0.022754,0.020789,-0.616129,-1.315578,1.110340,-0.649937,0.035433,-0.016379,-0.210992,-1.313653,-0.044244,0.418262,-0.017166,0.017148
12.033333,0.023216,0.015154,0.006400,-0.560249,-1.306664,1.080643,-0.716332,0.033487,-0.029729,-0.233610,-1.244566,-0.113789,0.462677,-0.014157,0.011909
12.066667,0.009759,0.021851,-0.006834,-0.520849,-1.292505,1.035640,-0.796332,0.030313,-0.022989,-0.267768,-1.164566,-0.193789,0.542677,-0.008096,0.009140
12.100000,0.008559,0.025081,-0.021083,-0.481104,-1.263587,0.971955,-0.896333,0.018529,-0.023075,-0.293983,-1.093039,-0.293789,0.642677,-0.009892,0.015398
12.133333,-0.001328,0.029771,-0.029085,-0.467730,-1.267449,0.917814,-0.996333,0.002679,-0.020954,-0.303754,-1.040228,-0.393789,0.742677,-0.023160,0.019423
12.166667,-0.028351,0.034954,-0.054962,-0.451678,-1.261807,0.903672,-1.096333,0.004827,-0.043857,-0.292933,-0.987417,-0.493789,0.842677,-0.015982,0.009775
12.200000,-0.028611,0.039960,-0.064284,-0.453011,-1.250072,0.917954,-1.182781,0.010544,-0.047251,-0.287525,-0.974606,-0.593789,0.942677,-0.004500,0.024928
12.233333,-0.020134,0.035861,-0.059020,-0.454524,-1.252495,0.907541,-1.258127,0.013172,-0.053480,-0.289700,-0.985190,-0.693789,1.042677,-0.014874,0.029490
12.266667,-0.026984,0.041738,-0.068905,-0.439809,-1.276181,0.885508,-1.311993,0.028799,-0.069202,-0.291281,-0.967301,-0.783044,1.142677,-0.033057,0.034559
12.300000,-0.032528,0.057792,-0.070124,-0.438724,-1.283317,0.891350,-1.349294,0.032213,-0.064146,-0.304543,-0.970695,-0.872298,1.242677,-0.031193,0.050894
12.333333,-0.012145,0.055640,-0.048282,-0.459017,-1.284786,0.876237,-1.364115,0.025840,-0.054890,-0.307590,-0.994101,-0.940361,1.341504,-0.035376,0.052224
12.366667,0.000001,0.050434,-0.038686,-0.455681,-1.276595,0.839428,-1.352488,0.036639,-0.033708,-0.321713,-0.986804,-0.992190,1.406879,-0.063007,0.040329
12.400000,0.002980,0.069321,-0.039840,-0.450452,-1.271011,0.835661,-1.341656,0.033814,-0.032084,-0.300623,-0.956113,-1.037836,1.453410,-0.073064,0.055430
12.433333,0.011258,0.062930,-0.022762,-0.468691,-1.260402,0.844317,-1.338234,0.029226,-0.014731,-0.292985,-0.965421,-1.054228,1.492085,-0.055284,0.042613
12.466667,0.025428,0.052204,-0.016943,-0.461245,-1.243275,0.837550,-1.340404,0.029052,-0.018310,-0.289493,-0.966323,-1.037813,1.509315,-0.047622,0.030369
12.500000,0.029140,0.050858,-0.020035,-0.469854,-1.254466,0.829473,-1.346900,0.029281,-0.012893,-0.277117,-0.947214,-1.032304,1.499023,-0.041901,0.049867
12.533333,0.020964,0.053378,-0.015910,-0.466760,-1.280346,0.833442,-1.361076,0.012678,-0.028066,-0.254265,-0.958807,-1.003028,1.512379,-0.028740,0.047911
12.566667,0.030187,0.042577,-0.006187,-0.477518,-1.291958,0.816878,-1.368293,0.025259,-0.019008,-0.260676,-1.010400,-0.959600,1.531312,-0.018458,0.036726
12.600000,0.031890,0.046354,0.002391,-0.483583,-1.303877,0.813266,-1.356802,0.035830,-0.005496,-0.278019,-1.041103,-0.956173,1.538103,-0.026138,0.040883
12.633333,0.024594,0.038155,-0.001073,-0.489970,-1.309798,0.809244,-1.356089,0.031709,-0.005957,-0.256225,-1.040212,-0.963095,1.533350,-0.034779,0.040421
12.666667,0.022936,0.038314,0.006186,-0.468890,-1.295973,0.827486,-1.333530,0.032954,-0.004608,-0.274431,-1.061363,-0.965653,1.550279,-0.041440,0.011695
12.700000,0.033195,0.032518,0.002641,-0.466653,-1.282176,0.837811,-1.333230,0.030090,-0.022667,-0.312354,-1.078889,-0.997670,1.557013,-0.039396,0.008790
12.733333,0.024516,0.023360,-0.003111,-0.460437,-1.273379,0.854707,-1.335005,0.019304,-0.029936,-0.321015,-1.057793,-1.025376,1.552903,-0.035332,0.008421
12.766667,0.017983,0.023058,-0.020031,-0.438085,-1.253830,0.875688,-1.329560,0.016289,-0.030708,-0.301188,-1.023405,-1.025255,1.543682,-0.045187,0.011941
12.800000,0.011323,0.035239,-0.013813,-0.441096,-1.246102,0.892845,-1.313839,0.022031,-0.013511,-0.295441,-1.028183,-1.021692,1.536846,-0.044306,0.025155
12.833333,0.004784,0.030598,-0.021155,-0.446602,-1.249715,0.884192,-1.325755,0.023130,-0.021721,-0.282815,-1.032874,-1.015432,1.530882,-0.038609,0.037183
12.866667,-0.011733,0.027824,-0.033742,-0.432731,-1.257219,0.883722,-1.317882,0.040951,-0.014832,-0.239084,-1.001190,-0.994641,1.530882,-0.028466,0.051411
12.900000,-0.012490,0.042787,-0.037844,-0.428350,-1.264668,0.883061,-1.317156,0.042285,-0.021973,-0.221149,-1.008128,-0.985846,1.534992,-0.023024,0.052155
12.933333,-0.018577,0.041040,-0.032519,-0.445701,-1.272436,0.867166,-1.337953,0.032910,-0.043006,-0.215863,-1.012957,-0.966246,1.526333,-0.004986,0.043996
12.966667,-0.021737,0.037887,-0.060073,-0.456132,-1.264671,0.873508,-1.357803,0.045755,-0.054274,-0.236253,-1.018621,-0.945891,1.546156,0.008977,0.030529
13.000000,-0.011396,0.048888,-0.065921,-0.462230,-1.256350,0.884267,-1.358379,0.040595,-0.049147,-0.223520,-1.010120,-0.942881,1.545032,0.012221,0.034808
13.033333,-0.007702,0.059477,-0.059064,-0.478774,-1.264174,0.875989,-1.361966,0.025887,-0.038056,-0.229596,-1.031366,-0.930153,1.526953,-0.002044,0.020947
13.066667,-0.012400,0.063071,-0.067852,-0.469801,-1.265400,0.856583,-1.361577,0.011956,-0.031720,-0.239489,-1.026156,-0.913136,1.516503,-0.012502,0.013394
13.100000,-0.008802,0.067468,-0.062528,-0.475893,-1.288080,0.862953,-1.358544,0.008104,-0.022071,-0.249924,-1.036800,-0.932857,1.531651,-0.009703,0.027459
13.133333,-0.001662,0.063437,-0.035983,-0.472426,-1.310760,0.841295,-1.350353,-0.014285,-0.025137,-0.237057,-1.020689,-0.939233,1.508919,-0.028785,0.026187
13.166667,-0.008534,0.077860,-0.027440,-0.475893,-1.309740,0.841031,-1.333797,-0.021461,-0.021413,-0.245456,-0.999751,-0.934257,1.501737,-0.043022,0.030883
13.200000,-0.012750,0.073726,-0.020221,-0.483611,-1.296136,0.859672,-1.344082,-0.011132,-0.023656,-0.238834,-0.984531,-0.957600,1.494174,-0.047521,0.045522
13.233333,0.006708,0.053193,-0.011845,-0.504751,-1.278533,0.878283,-1.352682,-0.001104,-0.033016,-0.242598,-0.995767,-0.963159,1.486836,-0.041252,0.047741
13.266667,0.016784,0.052637,-0.019896,-0.495797,-1.241951,0.876634,-1.342405,0.016557,-0.026751,-0.238429,-1.005667,-0.938721,1.481192,-0.061126,0.034362
13.300000,0.027168,0.050709,-0.027533,-0.494257,-1.235835,0.900093,-1.342692,0.022154,-0.032821,-0.243902,-1.003494,-0.951010,1.490066,-0.058233,0.041395
13.333333,0.030819,0.027997,-0.019778,-0.508563,-1.240518,0.902150,-1.359934,0.033972,-0.029428,-0.245208,-1.038356,-0.937023,1.503066,-0.045406,0.029670
13.366667,0.050913,0.021542,-0.019662,-0.522867,-1.243639,0.885302,-1.357414,0.026637,-0.025389,-0.281266,-1.054786,-0.905766,1.528708,-0.052900,0.002346
13.400000,0.034014,0.025630,-0.019319,-0.528736,-1.253568,0.898192,-1.359247,0.035117,-0.016868,-0.277323,-1.064886,-0.894347,1.536971,-0.055705,0.003471
13.433333,0.030673,0.022556,-0.006416,-0.525595,-1.253263,0.931342,-1.361081,0.021756,-0.024865,-0.272010,-1.056759,-0.900246,1.519617,-0.040160,0.001553
13.466667,0.039225,0.026910,0.000438,-0.503518,-1.230036,0.967412,-1.332208,0.033102,-0.012168,-0.255864,-1.060096,-0.892481,1.500836,-0.046462,0.007702
13.500000,0.047870,0.035089,0.004543,-0.482197,-1.228672,0.984884,-1.326381,0.029667,-0.027724,-0.239594,-1.056953,-0.895502,1.471925,-0.048910,0.013292
13.533333,0.022973,0.041538,-0.004644,-0.461053,-1.241202,1.003867,-1.336350,0.022340,-0.037364,-0.185687,-1.036779,-0.894179,1.452266,-0.036105,0.035351
13.566667,0.012961,0.055137,-0.012727,-0.466313,-1.226843,1.014016,-1.355666,0.021862,-0.023880,-0.171174,-1.022935,-0.886663,1.461792,-0.040075,0.052243
13.600000,0.016111,0.060238,-0.017205,-0.489490,-1.234257,1.006317,-1.374982,0.020954,-0.013405,-0.169096,-1.041343,-0.888515,1.482319,-0.037270,0.062049
13.633333,-0.003812,0.050998,-0.029021,-0.510137,-1.248305,0.964976,-1.408598,0.018934,-0.027793,-0.178808,-1.049173,-0.869310,1.494009,-0.026613,0.051311
13.666667,0.002186,0.046875,-0.056079,-0.502455,-1.246973,0.963636,-1.402215,0.027786,-0.020234,-0.181929,-1.063482,-0.876948,1.523240,-0.021909,0.049061
13.700000,0.013031,0.046619,-0.043137,-0.513745,-1.233435,0.976719,-1.395608,0.035399,-0.017865,-0.208561,-1.081724,-0.889027,1.530050,-0.013820,0.048109
13.733333,0.031408,0.033842,-0.037332,-0.486540,-1.228670,0.966695,-1.369925,0.031067,-0.031255,-0.222436,-1.093142,-0.891504,1.503829,-0.012118,0.029004
13.766667,0.020345,0.035447,-0.040631,-0.475308,-1.238537,0.974517,-1.351541,0.030153,-0.027735,-0.234379,-1.088539,-0.867227,1.502811,-0.011016,0.032533
13.800000,0.027316,0.036638,-0.032834,-0.473084,-1.249848,0.979823,-1.355573,0.025136,-0.025897,-0.222116,-1.090181,-0.869529,1.510813,-0.010189,0.031925
13.833333,0.021261,0.039799,-0.014386,-0.496642,-1.246850,0.961168,-1.368279,0.015334,-0.023228,-0.229583,-1.071751,-0.861135,1.484905,-0.009790,0.037773
13.866667,0.010360,0.047061,-0.021445,-0.497928,-1.238000,0.945102,-1.345175,0.020400,-0.011919,-0.214039,-1.052857,-0.854025,1.471859,-0.019125,0.025702
13.900000,-0.000611,0.049682,-0.019867,-0.506102,-1.256543,0.963312,-1.341147,0.023898,-0.011493,-0.200412,-1.039712,-0.848971,1.480476,-0.012977,0.026295
13.933333,0.002025,0.042946,-0.014216,-0.514236,-1.245046,0.941522,-1.349054,0.032011,-0.015829,-0.196312,-1.039687,-0.847952,1.475431,-0.006938,0.026971
13.966667,-0.000031,0.055559,-0.028651,-0.512482,-1.248945,0.924516,-1.343139,0.026771,-0.011274,-0.221522,-1.031360,-0.836434,1.488379,-0.019927,0.034457
14.000000,-0.016887,0.052817,-0.036150,-0.494580,-1.257520,0.931473,-1.349159,0.027580,-0.018592,-0.216616,-1.034701,-0.818312,1.495628,-0.024755,0.028461
14.033333,0.002808,0.045145,-0.037232,-0.484398,-1.256625,0.919904,-1.368572,0.014115,-0.033727,-0.238171,-1.058396,-0.804233,1.507280,-0.027925,0.023208
14.066667,0.012150,0.044795,-0.049306,-0.494054,-1.224579,0.896702,-1.374675,0.016144,-0.022220,-0.258589,-1.074939,-0.800696,1.524885,-0.059641,0.033879
14.100000,0.015214,0.045001,-0.055216,-0.477564,-1.222572,0.892033,-1.375314,0.012567,-0.035513,-0.247730,-1.065663,-0.809707,1.516150,-0.075772,0.030655
14.133333,0.018505,0.031196,-0.045178,-0.470126,-1.195706,0.907843,-1.365730,0.006590,-0.040744,-0.238885,-1.065855,-0.828611,1.491979,-0.064243,0.011337
14.166667,0.036958,0.025026,-0.041548,-0.477696,-1.169215,0.892820,-1.375538,0.000137,-0.053117,-0.257593,-1.072712,-0.846260,1.482459,-0.069474,0.006036
14.200000,0.029970,0.024020,-0.037507,-0.481394,-1.171412,0.896055,-1.380814,0.008228,-0.047642,-0.261615,-1.078712,-0.867786,1.480615,-0.061939,0.017709
14.233333,0.023280,0.032690,-0.019174,-0.464325,-1.179751,0.911118,-1.365572,0.011439,-0.056924,-0.259857,-1.079648,-0.885507,1.468023,-0.033228,0.014831
14.266667,0.041542,0.050033,-0.004559,-0.479130,-1.165899,0.925541,-1.336561,0.019953,-0.029436,-0.258099,-1.112739,-0.908061,1.488023,-0.036834,0.021831
14.300000,0.041258,0.056937,0.006478,-0.482599,-1.181620,0.910938,-1.331595,0.026492,-0.020827,-0.259916,-1.136360,-0.923415,1.492193,-0.039885,0.034144
14.333333,0.030267,0.062382,-0.006079,-0.463062,-1.181979,0.908123,-1.315050,0.044360,-0.013250,-0.246532,-1.143753,-0.926934,1.516423,-0.034930,0.042931
14.366667,0.022889,0.077218,-0.005249,-0.463970,-1.183583,0.927050,-1.289644,0.031497,-0.000812,-0.248873,-1.139431,-0.944892,1.532508,-0.033542,0.051954
14.400000,0.027123,0.065334,-0.006038,-0.468878,-1.204794,0.910606,-1.298065,0.023049,-0.007144,-0.248940,-1.123420,-0.959405,1.533419,-0.031841,0.049985
14.433333,0.011996,0.054497,-0.024234,-0.455872,-1.223862,0.905943,-1.334095,0.014548,-0.020429,-0.281483,-1.075880,-0.949354,1.519487,-0.014430,0.048429
14.466667,0.007749,0.056194,-0.041427,-0.458595,-1.227551,0.911553,-1.362199,0.020355,-0.027829,-0.276037,-1.049003,-0.958522,1.524912,-0.021408,0.062603
14.500000,0.003355,0.054161,-0.027208,-0.472389,-1.252391,0.910859,-1.366552,0.012642,-0.018857,-0.285424,-1.033485,-0.970470,1.519066,-0.021996,0.060356
14.533333,0.006842,0.044699,-0.032110,-0.446184,-1.268502,0.886874,-1.391214,0.028494,-0.022148,-0.280977,-1.036224,-0.969435,1.493200,-0.024110,0.055350
14.566667,0.002098,0.039743,-0.035353,-0.447227,-1.289944,0.881052,-1.398215,0.041624,-0.005041,-0.288767,-1.037020,-0.972025,1.499015,-0.038528,0.063757
14.600000,-0.000741,0.031445,-0.031789,-0.440168,-1.296215,0.863325,-1.393327,0.040724,-0.017671,-0.276215,-1.052939,-0.985254,1.500929,-0.045928,0.052953
14.633333,0.005179,0.024405,-0.016454,-0.441256,-1.282135,0.854895,-1.373692,0.033999,-0.014448,-0.296277,-1.048194,-0.993124,1.494838,-0.036979,0.030481
14.666667,0.007730,0.028383,-0.023800,-0.441119,-1.257007,0.871813,-1.361411,0.039642,-0.009510,-0.312183,-1.050058,-1.001464,1.492151,-0.043322,0.021538
14.700000,0.006797,0.024269,-0.021300,-0.454766,-1.243703,0.873951,-1.360548,0.034439,-0.017526,-0.311561,-1.040368,-0.984800,1.499465,-0.042280,0.017509
14.733333,0.020311,0.024349,-0.032272,-0.440397,-1.214548,0.888026,-1.337346,0.026545,-0.028917,-0.319337,-1.057599,-0.978352,1.505331,-0.034778,0.005443
14.766667,0.024785,0.027316,-0.042880,-0.439149,-1.223649,0.884333,-1.336861,0.027558,-0.032242,-0.314981,-1.064300,-0.956657,1.501118,-0.035393,0.013043
14.800000,0.018292,0.031802,-0.047674,-0.430736,-1.239951,0.886852,-1.342921,0.029370,-0.032343,-0.286515,-1.084313,-0.916644,1.502041,-0.038433,0.018109
14.833333,0.015096,0.025695,-0.037598,-0.430937,-1.246149,0.858781,-1.363722,0.028513,-0.039928,-0.261273,-1.080321,-0.875858,1.488378,-0.042584,0.036717
14.866667,0.013993,0.035949,-0.031647,-0.457354,-1.241210,0.832143,-1.358396,0.031434,-0.026081,-0.253890,-1.098376,-0.849678,1.499835,-0.049247,0.042745
14.900000,0.002752,0.040292,-0.020636,-0.473075,-1.245088,0.810773,-1.379755,0.027808,-0.029970,-0.221889,-1.081378,-0.822203,1.475482,-0.045630,0.042730
14.933333,-0.001995,0.036713,-0.009835,-0.478604,-1.230212,0.818165,-1.382678,0.028503,-0.025232,-0.209887,-1.075633,-0.814444,1.467361,-0.044308,0.035310
14.966667,0.008658,0.030667,0.001103,-0.461113,-1.221099,0.799697,-1.361728,0.042326,-0.026465,-0.214135,-1.096575,-0.790363,1.442752,-0.027630,0.026697
15.000000,0.020473,0.030141,0.007071,-0.417935,-1.251985,0.771819,-1.314012,0.037547,-0.009094,-0.221405,-1.141523,-0.754195,1.405495,-0.021135,0.017374
15.033333,0.023432,0.018733,0.004795,-0.343765,-1.278367,0.740580,-1.260697,0.032652,-0.019150,-0.220474,-1.184380,-0.701409,1.328238,-0.010205,0.006519
15.066667,0.013767,0.020995,0.002569,-0.287550,-1.299285,0.669341,-1.180697,0.026125,-0.011620,-0.228976,-1.222570,-0.621409,1.248238,0.000826,-0.002830
15.100000,0.017468,0.020611,-0.000598,-0.229869,-1.304052,0.569341,-1.080697,0.011650,-0.010547,-0.233067,-1.277071,-0.521409,1.148238,0.005280,-0.003697
15.133333,0.008080,0.024221,-0.008287,-0.200280,-1.329125,0.469341,-0.980697,-0.004337,-0.007349,-0.234151,-1.312990,-0.421409,1.048238,-0.007156,0.000275
15.166667,-0.018881,0.029722,-0.034606,-0.173345,-1.329813,0.369341,-0.880697,-0.001438,-0.031016,-0.225762,-1.308909,-0.321409,0.948238,0.001893,-0.009574
15.200000,-0.019215,0.034679,-0.044234,-0.177400,-1.314417,0.271035,-0.780697,0.004243,-0.035613,-0.213275,-1.306920,-0.250771,0.848238,0.013492,0.005187
15.233333,-0.009391,0.030886,-0.038182,-0.179486,-1.313566,0.172730,-0.680697,0.007803,-0.040788,-0.209199,-1.326856,-0.180134,0.748238,0.004597,0.009926
15.266667,-0.017739,0.035187,-0.046755,-0.166217,-1.335230,0.074424,-0.599928,0.020613,-0.054044,-0.199477,-1.310647,-0.109496,0.648238,-0.011686,0.015077
15.300000,-0.024502,0.050595,-0.048899,-0.164854,-1.338418,0.015735,-0.541877,0.022291,-0.048417,-0.206220,-1.313020,-0.078858,0.579916,-0.009042,0.031770
15.333333,-0.004710,0.047612,-0.027611,-0.184545,-1.338593,-0.023845,-0.499357,0.015817,-0.038799,-0.203233,-1.335160,-0.064772,0.511594,-0.013943,0.032932
15.366667,0.007756,0.043408,-0.017237,-0.185403,-1.330492,-0.052764,-0.456837,0.026547,-0.017040,-0.223216,-1.325814,-0.055068,0.443272,-0.040762,0.020757
15.400000,0.010186,0.061771,-0.018508,-0.185090,-1.324251,-0.050356,-0.443996,0.023562,-0.014466,-0.209972,-1.294262,-0.080499,0.391340,-0.050816,0.035605
15.433333,0.019044,0.056484,-0.001581,-0.206858,-1.312955,-0.035438,-0.437415,0.022226,0.001694,-0.219522,-1.302544,-0.105929,0.376187,-0.035620,0.023843
15.466667,0.033463,0.046325,0.004390,-0.204703,-1.296695,-0.035716,-0.436914,0.024048,-0.002289,-0.230860,-1.300023,-0.113778,0.348913,-0.029639,0.011946
15.500000,0.037812,0.045527,0.002462,-0.218033,-1.307834,-0.038546,-0.441045,0.025419,0.002895,-0.233440,-1.277735,-0.136472,0.333484,-0.024488,0.031126
15.533333,0.028903,0.046841,0.006370,-0.216921,-1.334404,-0.032976,-0.455564,0.009427,-0.011943,-0.223985,-1.286933,-0.128585,0.352748,-0.012417,0.030013
15.566667,0.038278,0.035495,0.017053,-0.227216,-1.346319,-0.049590,-0.460423,0.022934,-0.003223,-0.241389,-1.329065,-0.102466,0.393631,-0.001827,0.018859
15.600000,0.040121,0.039160,0.024881,-0.234371,-1.359253,-0.052233,-0.445366,0.033775,0.010616,-0.255781,-1.351197,-0.109859,0.411277,-0.008655,0.022567
15.633333,0.033711,0.030757,0.021858,-0.240742,-1.365411,-0.055827,-0.441509,0.029840,0.009458,-0.230173,-1.347494,-0.109464,0.411300,-0.016757,0.021105
15.666667,0.031817,0.031032,0.027443,-0.216819,-1.352698,-0.035978,-0.417491,0.031617,0.010732,-0.243251,-1.369729,-0.099800,0.438978,-0.023382,-0.007334
15.700000,0.043679,0.025905,0.023285,-0.209758,-1.340475,-0.033108,-0.412751,0.030095,-0.007972,-0.264861,-1.382663,-0.110137,0.444481,-0.021374,-0.011206
15.733333,0.034451,0.017338,0.016956,-0.203739,-1.332273,-0.015362,-0.417844,0.019592,-0.015515,-0.259700,-1.369379,-0.123463,0.428676,-0.018315,-0.011027
15.766667,0.029152,0.017035,0.000527,-0.180110,-1.313321,0.005037,-0.418003,0.017167,-0.016386,-0.239157,-1.341563,-0.119877,0.417251,-0.029124,-0.007322
15.800000,0.022288,0.030058,0.006275,-0.181188,-1.305915,0.015526,-0.408407,0.024106,-0.000387,-0.235767,-1.349980,-0.117251,0.410580,-0.027756,0.005706
15.833333,0.015402,0.025448,-0.000691,-0.185772,-1.311297,0.000936,-0.425706,0.024857,-0.008763,-0.224857,-1.354361,-0.118051,0.398913,-0.021605,0.018117
15.866667,-0.002207,0.023623,-0.013183,-0.171823,-1.317113,0.004411,-0.426615,0.041442,-0.001520,-0.192693,-1.328042,-0.116507,0.412435,-0.010551,0.033554
15.900000,-0.003349,0.039488,-0.017236,-0.162835,-1.325373,-0.001090,-0.428003,0.041636,-0.009336,-0.187263,-1.335008,-0.121365,0.425090,-0.005126,0.034594
15.933333,-0.010546,0.038406,-0.011511,-0.176925,-1.331707,-0.020417,-0.452488,0.032120,-0.031308,-0.192237,-1.338860,-0.114934,0.419825,0.012692,0.027310
15.966667,-0.013442,0.035567,-0.038762,-0.180378,-1.323441,-0.013304,-0.476366,0.043930,-0.041416,-0.220059,-1.343117,-0.106494,0.447869,0.025792,0.014205
16.000000,-0.002183,0.046471,-0.044288,-0.182413,-1.314518,-0.008571,-0.480157,0.038372,-0.035622,-0.215400,-1.334334,-0.112499,0.452067,0.028719,0.018829
16.033333,0.001109,0.057596,-0.036846,-0.194538,-1.323491,-0.025681,-0.482005,0.023419,-0.024942,-0.225064,-1.354877,-0.102496,0.425585,0.013172,0.004850
16.066667,-0.002729,0.061832,-0.044761,-0.183765,-1.327315,-0.048828,-0.483361,0.009376,-0.018518,-0.237817,-1.350736,-0.087637,0.412096,0.002434,-0.000855
16.100000,0.001558,0.066967,-0.040284,-0.184945,-1.342841,-0.047285,-0.482907,0.005405,-0.008557,-0.244635,-1.362407,-0.107466,0.430484,0.004117,0.012168
16.133333,0.009286,0.063127,-0.013876,-0.182306,-1.358366,-0.074132,-0.473910,-0.017567,-0.011875,-0.226916,-1.346700,-0.115216,0.408871,-0.014277,0.011795
16.166667,0.001385,0.078833,-0.005807,-0.186104,-1.358527,-0.073518,-0.459665,-0.024155,-0.008438,-0.230812,-1.324908,-0.115419,0.408486,-0.029717,0.016584
16.200000,-0.002441,0.074507,0.001280,-0.191921,-1.347048,-0.060631,-0.467719,-0.013207,-0.011275,-0.223139,-1.311827,-0.134599,0.401074,-0.033686,0.031098
16.233333,0.016905,0.054602,0.007973,-0.209986,-1.329159,-0.045524,-0.473916,-0.002121,-0.020425,-0.224203,-1.322287,-0.142392,0.393404,-0.027744,0.031315
16.266667,0.026338,0.054150,-0.001165,-0.200399,-1.305390,-0.052314,-0.458184,0.015251,-0.013662,-0.224521,-1.334580,-0.118315,0.380478,-0.046616,0.019421
16.300000,0.035843,0.052073,-0.008005,-0.195874,-1.312006,-0.035331,-0.452499,0.021179,-0.019812,-0.231231,-1.334250,-0.131091,0.383219,-0.043537,0.025413
16.333333,0.039174,0.028801,0.000531,-0.206314,-1.318714,-0.041220,-0.462441,0.032037,-0.017857,-0.234957,-1.371145,-0.116114,0.387887,-0.030067,0.013253
16.366667,0.060678,0.022001,0.001256,-0.218283,-1.323415,-0.059382,-0.458132,0.025373,-0.013698,-0.271380,-1.382348,-0.091030,0.432555,-0.038227,-0.014900
16.400000,0.044578,0.025372,0.001559,-0.221240,-1.335553,-0.055087,-0.453459,0.034384,-0.005366,-0.269158,-1.382348,-0.082395,0.448651,-0.040667,-0.012643
16.433333,0.041394,0.021771,0.015543,-0.220258,-1.335489,-0.028895,-0.451254,0.020245,-0.014079,-0.264499,-1.365698,-0.099475,0.438179,-0.025181,-0.015529
16.466667,0.050671,0.025361,0.020530,-0.196208,-1.312110,0.001914,-0.424269,0.031418,-0.001687,-0.254859,-1.364097,-0.098061,0.419732,-0.033236,-0.009166
16.500000,0.060353,0.033093,0.023859,-0.176709,-1.310743,0.015596,-0.420096,0.027287,-0.016110,-0.242572,-1.355611,-0.105692,0.389493,-0.036054,-0.003004
16.533333,0.034319,0.038426,0.013607,-0.156263,-1.324680,0.032946,-0.431379,0.018628,-0.025242,-0.194731,-1.334778,-0.110912,0.347084,-0.022700,0.019652
16.566667,0.022509,0.052026,0.004221,-0.163258,-1.310930,0.038581,-0.453782,0.014616,-0.011224,-0.186705,-1.326292,-0.107261,0.344111,-0.025400,0.033984
16.600000,0.025699,0.056650,0.000022,-0.183421,-1.319334,0.031241,-0.473718,0.014108,-0.000544,-0.187146,-1.342942,-0.106757,0.355448,-0.021827,0.043620
16.633333,0.004581,0.048337,-0.010963,-0.206166,-1.335215,-0.006234,-0.511245,0.011815,-0.013559,-0.197784,-1.348053,-0.094379,0.368058,-0.009748,0.032115
16.666667,0.009727,0.044315,-0.037433,-0.197429,-1.335182,-0.003709,-0.508772,0.021465,-0.005509,-0.202088,-1.356539,-0.105796,0.398649,-0.002979,0.029183
16.700000,0.020778,0.043505,-0.024030,-0.208833,-1.322026,0.007549,-0.501166,0.029790,-0.002377,-0.228788,-1.375890,-0.119117,0.402520,0.004666,0.028318
16.733333,0.040275,0.029547,-0.016463,-0.184995,-1.316717,0.008961,-0.478700,0.028601,-0.013949,-0.245839,-1.384376,-0.129017,0.374376,0.006128,0.010783
16.766667,0.030940,0.030997,-0.020408,-0.176686,-1.325981,0.023347,-0.466295,0.028998,-0.010390,-0.258468,-1.383932,-0.112180,0.371871,0.006184,0.012548
16.800000,0.038517,0.030997,-0.012032,-0.178022,-1.337700,0.032192,-0.469939,0.024627,-0.009657,-0.249793,-1.387253,-0.118097,0.373210,0.005871,0.013106
16.833333,0.032750,0.034274,0.006382,-0.206330,-1.333482,0.020426,-0.479978,0.015093,-0.006592,-0.262309,-1.372796,-0.117633,0.343667,0.004011,0.019878
16.866667,0.021078,0.043043,-0.002077,-0.212131,-1.324350,0.015296,-0.460316,0.019322,0.004034,-0.254955,-1.350619,-0.123891,0.337633,-0.004205,0.008202
16.900000,0.010588,0.046457,-0.000251,-0.221364,-1.344791,0.034275,-0.456774,0.022218,0.001856,-0.243204,-1.339308,-0.124889,0.349556,0.000360,0.009592
16.933333,0.011172,0.040074,0.006088,-0.232754,-1.335124,0.015141,-0.462725,0.028769,-0.002480,-0.242092,-1.337634,-0.131568,0.352431,0.007228,0.013737
16.966667,0.010126,0.053554,-0.008393,-0.231338,-1.341270,-0.002061,-0.449663,0.022750,0.001668,-0.263805,-1.328686,-0.118061,0.368971,-0.003900,0.020836
17.000000,-0.004748,0.050639,-0.015840,-0.212329,-1.353793,0.001349,-0.453089,0.023416,-0.006509,-0.254677,-1.331902,-0.100685,0.379173,-0.007127,0.014416
17.033333,0.015390,0.042450,-0.014980,-0.203107,-1.357304,-0.014280,-0.467673,0.009746,-0.021911,-0.269107,-1.356912,-0.082787,0.392178,-0.012144,0.008915
17.066667,0.024717,0.042245,-0.027543,-0.213793,-1.329310,-0.038377,-0.466279,0.011450,-0.009805,-0.283785,-1.368223,-0.072986,0.408900,-0.043223,0.019219
17.100000,0.028142,0.042562,-0.032875,-0.200440,-1.331426,-0.041038,-0.461677,0.008368,-0.023262,-0.268151,-1.358207,-0.071504,0.398101,-0.059401,0.015194
17.133333,0.031957,0.029083,-0.022019,-0.196979,-1.306963,-0.017127,-0.453150,0.003298,-0.027705,-0.250750,-1.353578,-0.084866,0.380557,-0.049177,-0.002318
17.166667,0.049605,0.023241,-0.018679,-0.212593,-1.279986,-0.024290,-0.461739,-0.002821,-0.041268,-0.260628,-1.357318,-0.084022,0.371007,-0.056823,-0.006306
17.200000,0.043435,0.022457,-0.014858,-0.221627,-1.282832,-0.014112,-0.463567,0.006139,-0.035739,-0.252801,-1.359484,-0.085310,0.365923,-0.048173,0.005238
17.233333,0.035668,0.030848,0.003550,-0.210796,-1.289727,0.008307,-0.450930,0.008684,-0.043868,-0.240851,-1.359484,-0.089161,0.357977,-0.019072,0.002776
17.266667,0.053470,0.047583,0.018271,-0.228376,-1.276110,0.028230,-0.421946,0.015985,-0.015157,-0.228901,-1.371617,-0.088960,0.378076,-0.021169,0.009847
17.300000,0.052132,0.053670,0.028607,-0.238477,-1.290949,0.019879,-0.415899,0.022062,-0.005930,-0.224146,-1.384929,-0.086454,0.378446,-0.023773,0.020717
17.333333,0.040080,0.058757,0.016340,-0.223135,-1.293776,0.024064,-0.396473,0.037906,0.004649,-0.205770,-1.392430,-0.078994,0.396703,-0.016338,0.028665
17.366667,0.032134,0.072284,0.016052,-0.229206,-1.293879,0.050907,-0.372650,0.023817,0.018995,-0.201189,-1.389337,-0.090028,0.423075,-0.013404,0.037157
17.400000,0.036463,0.060739,0.015528,-0.236735,-1.313043,0.042525,-0.379270,0.016613,0.011491,-0.195567,-1.377487,-0.091174,0.423210,-0.012395,0.033943
17.433333,0.023563,0.050630,-0.003684,-0.225611,-1.327601,0.048201,-0.421551,0.009945,-0.000807,-0.220721,-1.348898,-0.080910,0.410464,0.002664,0.031199
17.466667,0.019924,0.051978,-0.021875,-0.226245,-1.328602,0.054289,-0.450754,0.014456,-0.008469,-0.211853,-1.336855,-0.082535,0.405870,-0.004703,0.044296
17.500000,0.016518,0.049839,-0.008651,-0.237426,-1.348368,0.054660,-0.459190,0.007699,-0.001206,-0.215239,-1.325965,-0.084588,0.397134,-0.005474,0.041172
17.533333,0.020161,0.041757,-0.013360,-0.208608,-1.360411,0.034057,-0.488811,0.022450,-0.006402,-0.210500,-1.330495,-0.077508,0.355925,-0.008237,0.036764
17.566667,0.016366,0.037054,-0.015924,-0.207451,-1.368068,0.028711,-0.497790,0.034302,0.010505,-0.214782,-1.334811,-0.075474,0.354715,-0.022334,0.045023
17.600000,0.012767,0.028560,-0.012484,-0.200352,-1.371856,0.009238,-0.488976,0.032295,-0.004304,-0.200981,-1.353387,-0.081477,0.349398,-0.028447,0.034593
17.633333,0.018395,0.022681,0.003269,-0.201021,-1.354507,0.007506,-0.472130,0.026585,-0.001294,-0.220306,-1.348851,-0.090481,0.353007,-0.019752,0.012390
17.666667,0.021087,0.027269,-0.003866,-0.197924,-1.328180,0.030031,-0.459993,0.032670,0.003806,-0.238224,-1.349728,-0.106518,0.357568,-0.025792,0.002965
17.700000,0.020375,0.023372,-0.001744,-0.211874,-1.313620,0.033530,-0.457073,0.029646,-0.004124,-0.238420,-1.339059,-0.098386,0.370047,-0.025456,-0.000683
17.733333,0.033720,0.024595,-0.014352,-0.199482,-1.295244,0.047889,-0.434796,0.022140,-0.015034,-0.248742,-1.346593,-0.103056,0.382526,-0.017992,-0.012173
17.766667,0.038228,0.027418,-0.024726,-0.198134,-1.304233,0.041490,-0.429233,0.022181,-0.017251,-0.246370,-1.352780,-0.097751,0.380518,-0.019082,-0.003597
17.800000,0.031807,0.032011,-0.028958,-0.191169,-1.321043,0.037737,-0.432149,0.023487,-0.017022,-0.234653,-1.370696,-0.082023,0.384553,-0.021670,0.002090
17.833333,0.028912,0.025725,-0.017918,-0.195075,-1.328066,0.004897,-0.451569,0.022316,-0.024755,-0.225110,-1.364462,-0.064588,0.377002,-0.026149,0.021078
17.866667,0.028350,0.036014,-0.010403,-0.221934,-1.324941,-0.024566,-0.448939,0.024922,-0.011330,-0.231959,-1.377830,-0.059217,0.394008,-0.032148,0.025642
17.900000,0.017476,0.038806,0.002253,-0.237779,-1.331107,-0.044922,-0.472516,0.021493,-0.015236,-0.215592,-1.365275,-0.056136,0.376091,-0.029255,0.025688
17.933333,0.012474,0.035346,0.013929,-0.243015,-1.318898,-0.037420,-0.481511,0.023259,-0.011323,-0.219225,-1.356546,-0.066201,0.378173,-0.028643,0.017505
17.966667,0.020111,0.029199,0.020182,-0.239769,-1.306974,-0.015271,-0.463136,0.040044,-0.016330,-0.239077,-1.362154,-0.088705,0.397134,-0.017538,0.011776
18.000000,0.027201,0.027769,0.021483,-0.248112,-1.335049,0.035963,-0.434471,0.037183,-0.003514,-0.272253,-1.371232,-0.137328,0.442211,-0.017393,0.003456
18.033333,0.027324,0.016395,0.013961,-0.237816,-1.357375,0.123822,-0.421338,0.034003,-0.016501,-0.324141,-1.371232,-0.207187,0.487287,-0.012667,-0.004674
18.066667,0.014029,0.018184,0.007391,-0.245590,-1.369584,0.210522,-0.405565,0.029477,-0.011166,-0.384790,-1.365047,-0.287187,0.567287,-0.006880,-0.011538
18.100000,0.013341,0.017438,-0.000210,-0.252883,-1.370352,0.282807,-0.389232,0.016772,-0.012926,-0.437588,-1.376285,-0.387187,0.643560,-0.008289,-0.010568
18.133333,0.003665,0.020268,-0.007698,-0.271577,-1.394456,0.321021,-0.389165,-0.000319,-0.009993,-0.473849,-1.382774,-0.487187,0.693817,-0.020655,-0.007470
18.166667,-0.022233,0.025950,-0.034034,-0.255873,-1.397063,0.359235,-0.382410,0.002850,-0.032408,-0.488039,-1.369943,-0.587187,0.732540,-0.011623,-0.016174
18.200000,-0.023844,0.030550,-0.043163,-0.258807,-1.383916,0.387963,-0.372214,0.008838,-0.036105,-0.474632,-1.369943,-0.687187,0.744955,-0.000026,-0.001335
18.233333,-0.014013,0.027050,-0.037254,-0.260680,-1.383916,0.377848,-0.364607,0.012331,-0.042165,-0.467999,-1.388683,-0.776453,0.732263,-0.008832,0.003530
18.266667,-0.021904,0.032023,-0.045327,-0.247195,-1.395357,0.354290,-0.359520,0.024931,-0.056159,-0.456521,-1.374212,-0.825719,0.718741,-0.024995,0.010417
18.300000,-0.028939,0.048059,-0.047078,-0.247510,-1.395357,0.362359,-0.361174,0.027330,-0.050827,-0.461248,-1.374212,-0.874986,0.731234,-0.022654,0.026163
18.333333,-0.009237,0.045764,-0.025839,-0.267560,-1.395204,0.346257,-0.366474,0.020627,-0.040821,-0.458685,-1.394212,-0.904454,0.719168,-0.027370,0.027598
18.366667,0.003181,0.041600,-0.015346,-0.266926,-1.386703,0.308614,-0.351330,0.030827,-0.019400,-0.476294,-1.383699,-0.924681,0.703524,-0.054450,0.016031
18.400000,0.005651,0.060387,-0.016123,-0.264845,-1.385054,0.303589,-0.341446,0.027793,-0.016870,-0.461583,-1.353185,-0.955502,0.693321,-0.064360,0.031021
18.433333,0.015219,0.054535,0.000002,-0.284842,-1.384550,0.309263,-0.334400,0.026415,-0.000524,-0.474175,-1.358459,-0.986323,0.702313,-0.048195,0.018138
18.466667,0.030255,0.044377,0.005760,-0.281280,-1.373561,0.301094,-0.333512,0.027417,-0.004525,-0.487098,-1.357214,-0.999465,0.689978,-0.040956,0.007355
18.500000,0.034603,0.042911,0.003442,-0.294468,-1.375210,0.293655,-0.339713,0.028625,0.000780,-0.494315,-1.335968,-1.025764,0.685874,-0.034893,0.026151
18.533333,0.025866,0.044351,0.006897,-0.294693,-1.396858,0.298551,-0.356494,0.011565,-0.014673,-0.489461,-1.345236,-1.021304,0.704978,-0.022843,0.024757
18.566667,0.035168,0.034043,0.016557,-0.305092,-1.398507,0.282348,-0.362324,0.024255,-0.006206,-0.511804,-1.375749,-0.995573,0.741229,-0.012691,0.013055
18.600000,0.035920,0.038737,0.025109,-0.314189,-1.399011,0.280973,-0.347666,0.033723,0.007949,-0.531607,-1.386263,-1.007949,0.754171,-0.019308,0.017083
18.633333,0.028848,0.030029,0.022440,-0.323252,-1.404706,0.279591,-0.343841,0.029003,0.007130,-0.511409,-1.381420,-1.005878,0.750200,-0.028151,0.015778
18.666667,0.026098,0.030495,0.028552,-0.303804,-1.400356,0.301650,-0.319194,0.030961,0.008083,-0.526280,-1.402666,-0.991452,0.773141,-0.034767,-0.012708
18.700000,0.038044,0.025097,0.024952,-0.301275,-1.389935,0.312605,-0.315001,0.030159,-0.010204,-0.550234,-1.403912,-1.004276,0.778816,-0.031454,-0.016764
18.733333,0.029261,0.015419,0.018602,-0.298883,-1.389935,0.333248,-0.320815,0.019202,-0.017016,-0.546990,-1.402719,-1.012602,0.760004,-0.028245,-0.016101
18.766667,0.024988,0.014610,0.000770,-0.277377,-1.381027,0.358808,-0.323802,0.018012,-0.018561,-0.520784,-1.387554,-0.995032,0.747869,-0.038932,-0.012610
18.800000,0.018850,0.027891,0.006374,-0.279464,-1.373975,0.375639,-0.316760,0.024756,-0.001662,-0.511740,-1.393643,-0.985371,0.740403,-0.037295,0.000656
18.833333,0.013255,0.023923,-0.000641,-0.283001,-1.377915,0.365761,-0.335823,0.024652,-0.009957,-0.495198,-1.393643,-0.978994,0.728453,-0.032106,0.013847
18.866667,-0.004651,0.022665,-0.013755,-0.268596,-1.383446,0.367501,-0.338904,0.040090,-0.003594,-0.455416,-1.373643,-0.959982,0.737051,-0.023222,0.028583
18.900000,-0.005396,0.038634,-0.017766,-0.260314,-1.383445,0.364565,-0.341212,0.041156,-0.011760,-0.443564,-1.374835,-0.955238,0.747878,-0.017926,0.029018
18.933333,-0.012310,0.037996,-0.011652,-0.273167,-1.390524,0.342947,-0.362307,0.031378,-0.032717,-0.445913,-1.381119,-0.941518,0.740699,-0.000750,0.021372
18.966667,-0.015608,0.034756,-0.039088,-0.277918,-1.381039,0.346354,-0.383493,0.043772,-0.043338,-0.471100,-1.381119,-0.926670,0.767090,0.011981,0.007976
19.000000,-0.005184,0.046074,-0.044681,-0.280534,-1.372009,0.351148,-0.382246,0.038373,-0.037424,-0.463785,-1.381119,-0.927534,0.766487,0.014104,0.012681
19.033333,-0.001285,0.055738,-0.036414,-0.291596,-1.376899,0.334121,-0.375333,0.025011,-0.025290,-0.473720,-1.401119,-0.918648,0.736719,-0.000693,-0.000722
19.066667,-0.006136,0.059914,-0.042871,-0.281747,-1.376899,0.308058,-0.365174,0.013200,-0.020263,-0.485894,-1.401119,-0.905061,0.722741,-0.011489,-0.006652
19.100000,-0.002097,0.064089,-0.038112,-0.286458,-1.378729,0.310234,-0.357297,0.009714,-0.010572,-0.494130,-1.410000,-0.926359,0.739056,-0.010349,0.006400
19.133333,0.005331,0.059688,-0.011606,-0.284316,-1.386524,0.284742,-0.341915,-0.012551,-0.013636,-0.477917,-1.403846,-0.933003,0.715371,-0.029120,0.006039
19.166667,-0.001365,0.074010,-0.003687,-0.290345,-1.387577,0.284571,-0.325422,-0.019237,-0.010528,-0.482477,-1.380662,-0.929136,0.718501,-0.042938,0.010541
19.200000,-0.005416,0.070048,0.002662,-0.298414,-1.382909,0.297282,-0.330059,-0.009053,-0.013662,-0.478053,-1.375331,-0.955270,0.714823,-0.047728,0.025583
19.233333,0.014307,0.049234,0.009132,-0.317210,-1.378147,0.312004,-0.334743,-0.000029,-0.021167,-0.481327,-1.375331,-0.965373,0.711812,-0.041568,0.026054
19.266667,0.022818,0.047849,0.001298,-0.307993,-1.369271,0.304448,-0.316877,0.016481,-0.012890,-0.482633,-1.375331,-0.948299,0.706013,-0.060082,0.012892
19.300000,0.032881,0.046286,-0.005709,-0.303331,-1.383305,0.316464,-0.303525,0.022166,-0.018802,-0.493181,-1.370982,-0.970551,0.719678,-0.057050,0.018478
19.333333,0.036266,0.023988,0.002956,-0.312037,-1.391124,0.304386,-0.305465,0.033678,-0.015506,-0.500003,-1.394166,-0.965965,0.733504,-0.044545,0.006080
19.366667,0.058407,0.018286,0.004171,-0.325440,-1.395303,0.279427,-0.295907,0.028333,-0.011486,-0.536330,-1.399497,-0.939927,0.786701,-0.052102,-0.021543
19.400000,0.041507,0.022955,0.003929,-0.328080,-1.400065,0.278894,-0.287101,0.036790,-0.003422,-0.534790,-1.399497,-0.930197,0.808216,-0.056083,-0.019553
19.433333,0.039170,0.021256,0.017073,-0.324279,-1.398787,0.300640,-0.280786,0.023946,-0.014050,-0.526762,-1.393896,-0.933478,0.802228,-0.040527,-0.021984
19.466667,0.049209,0.025875,0.022142,-0.303680,-1.375087,0.330481,-0.259667,0.035954,-0.003303,-0.508041,-1.394700,-0.911134,0.778433,-0.048674,-0.016079
19.500000,0.059090,0.034111,0.026134,-0.287279,-1.371956,0.345897,-0.260694,0.032180,-0.018782,-0.485693,-1.394700,-0.886138,0.737422,-0.051494,-0.010833
19.533333,0.033484,0.039880,0.016125,-0.271310,-1.372444,0.394743,-0.282703,0.022594,-0.028741,-0.424733,-1.382577,-0.847728,0.679387,-0.039147,0.010688
19.566667,0.025949,0.052992,0.006998,-0.284293,-1.352444,0.449655,-0.317461,0.019698,-0.015487,-0.395190,-1.382577,-0.785381,0.651513,-0.042133,0.025170
19.600000,0.030787,0.057522,0.001915,-0.328387,-1.344547,0.504568,-0.369925,0.019125,-0.006955,-0.370039,-1.388179,-0.699081,0.624985,-0.039768,0.036321
19.633333,0.010547,0.048827,-0.010207,-0.374987,-1.342409,0.559480,-0.450123,0.015413,-0.021917,-0.352542,-1.395277,-0.599081,0.598285,-0.028254,0.026185
19.666667,0.016629,0.044596,-0.038559,-0.395023,-1.323558,0.652911,-0.506738,0.024647,-0.016651,-0.330963,-1.395277,-0.499081,0.594255,-0.022773,0.025573
19.700000,0.027876,0.043409,-0.026912,-0.434112,-1.302995,0.752911,-0.562437,0.032362,-0.014972,-0.334570,-1.407400,-0.399081,0.567353,-0.014665,0.025858
19.733333,0.046688,0.030678,-0.020740,-0.440721,-1.288387,0.834113,-0.604560,0.029225,-0.028827,-0.336767,-1.407400,-0.304157,0.519506,-0.010797,0.009224
19.766667,0.037014,0.032802,-0.025384,-0.451840,-1.291830,0.915315,-0.640529,0.027736,-0.024928,-0.345873,-1.407400,-0.229844,0.510314,-0.010134,0.011483
19.800000,0.044335,0.032802,-0.016720,-0.471536,-1.299919,0.978839,-0.676498,0.023301,-0.023116,-0.337573,-1.410000,-0.192158,0.518805,-0.009991,0.012007
19.833333,0.038598,0.036863,0.002161,-0.516437,-1.293996,1.024578,-0.708844,0.013202,-0.019348,-0.353130,-1.410000,-0.194472,0.500836,-0.011190,0.018120
19.866667,0.027695,0.045598,-0.004976,-0.540842,-1.284816,1.058390,-0.702104,0.018351,-0.007422,-0.349618,-1.400448,-0.235037,0.509846,-0.021106,0.006172
19.900000,0.016288,0.049125,-0.003165,-0.570080,-1.307100,1.110999,-0.708941,0.021991,-0.007272,-0.343995,-1.400448,-0.285661,0.539650,-0.018308,0.007707
19.933333,0.018342,0.043948,0.003284,-0.596217,-1.299669,1.126858,-0.726032,0.029391,-0.009962,-0.345863,-1.400448,-0.331900,0.566748,-0.012423,0.011365
19.966667,0.017606,0.058512,-0.011970,-0.605320,-1.308873,1.126429,-0.724135,0.023981,-0.004726,-0.375298,-1.388827,-0.354304,0.614126,-0.024838,0.018442
20.000000,0.001994,0.055379,-0.020033,-0.584236,-1.329958,1.128805,-0.723932,0.024424,-0.011363,-0.371540,-1.375261,-0.340348,0.676126,-0.028413,0.010456
20.033333,0.021777,0.047136,-0.021907,-0.567055,-1.343085,1.103110,-0.748664,0.011378,-0.026925,-0.373255,-1.351247,-0.288140,0.751044,-0.029485,0.002448
20.066667,0.030355,0.046237,-0.035530,-0.567667,-1.319884,1.037414,-0.773396,0.015200,-0.015177,-0.369861,-1.320066,-0.220798,0.835951,-0.057275,0.009327
20.100000,0.033110,0.045897,-0.042761,-0.546791,-1.326398,0.969572,-0.813830,0.014166,-0.028847,-0.336766,-1.268885,-0.137228,0.923563,-0.069833,0.002039
20.133333,0.035863,0.031334,-0.034815,-0.543610,-1.299418,0.908995,-0.873253,0.010665,-0.033168,-0.295976,-1.209325,-0.064482,1.011727,-0.056076,-0.016495
20.166667,0.052411,0.028344,-0.035109,-0.567752,-1.257519,0.823398,-0.958188,0.006108,-0.045674,-0.282251,-1.156866,-0.004328,1.111727,-0.060166,-0.019294
20.200000,0.045735,0.030877,-0.034104,-0.590208,-1.240251,0.737800,-1.058188,0.015415,-0.039534,-0.270403,-1.125314,0.036055,1.211727,-0.050717,-0.004835
20.233333,0.037868,0.042066,-0.018614,-0.590583,-1.230319,0.692203,-1.158188,0.018753,-0.047361,-0.262496,-1.096703,0.045194,1.311727,-0.021983,-0.004599
20.266667,0.054463,0.061582,-0.007672,-0.617022,-1.195040,0.653590,-1.244516,0.028177,-0.018667,-0.261073,-1.102139,0.022137,1.403382,-0.025231,0.005471
20.300000,0.052986,0.070586,0.001279,-0.627915,-1.194384,0.601680,-1.330845,0.033844,-0.009558,-0.274447,-1.107575,0.000383,1.462084,-0.026780,0.016873
20.333333,0.043097,0.074253,-0.011632,-0.622674,-1.187490,0.579932,-1.413207,0.050157,-0.001716,-0.282829,-1.107079,-0.032261,1.513739,-0.019857,0.023316
20.366667,0.035380,0.087566,-0.010014,-0.635713,-1.179428,0.598184,-1.455570,0.036720,0.010950,-0.317132,-1.093711,-0.085133,1.545393,-0.018951,0.030790
20.400000,0.040454,0.075463,-0.010386,-0.666977,-1.193576,0.608438,-1.497932,0.028641,0.004569,-0.364707,-1.068734,-0.146762,1.557048,-0.017999,0.026767
20.433333,0.026609,0.062804,-0.027877,-0.688258,-1.207583,0.650602,-1.533966,0.019082,-0.008858,-0.445797,-1.013649,-0.216194,1.554741,-0.003047,0.022705
20.466667,0.023295,0.064060,-0.045373,-0.737544,-1.206634,0.732624,-1.550000,0.025611,-0.016207,-0.512674,-0.976520,-0.303315,1.567562,-0.010990,0.035445
20.500000,0.018954,0.062441,-0.029922,-0.805253,-1.224502,0.824484,-1.550000,0.020186,-0.007134,-0.597477,-0.947020,-0.403315,1.567562,-0.013480,0.031316
20.533333,0.022879,0.054174,-0.034525,-0.837617,-1.234221,0.916344,-1.570000,0.035764,-0.010907,-0.682281,-0.936654,-0.503315,1.564085,-0.016931,0.025057
20.566667,0.019214,0.049402,-0.036461,-0.883690,-1.249050,1.016202,-1.570000,0.048128,0.004988,-0.767084,-0.928733,-0.603315,1.564085,-0.033187,0.032266
20.600000,0.018238,0.041251,-0.030836,-0.936695,-1.249368,1.116060,-1.570000,0.047629,-0.008607,-0.851888,-0.934312,-0.703315,1.566392,-0.040776,0.019234
20.633333,0.025872,0.034987,-0.013235,-0.979699,-1.230019,1.209311,-1.570000,0.040881,-0.005605,-0.951888,-0.921932,-0.803315,1.566523,-0.034563,-0.005250
20.666667,0.030744,0.038950,-0.019381,-1.003599,-1.200553,1.302562,-1.557843,0.046053,-0.000020,-1.049539,-0.922701,-0.903315,1.566523,-0.041385,-0.014318
20.700000,0.031709,0.033896,-0.015433,-1.043833,-1.185001,1.388014,-1.557843,0.041502,-0.007165,-1.115597,-0.923947,-1.003315,1.570000,-0.041271,-0.019749
20.733333,0.047043,0.034718,-0.026040,-1.052598,-1.152292,1.471769,-1.537843,0.034026,-0.016931,-1.181654,-0.949031,-1.103315,1.570000,-0.033483,-0.030573
20.766667,0.052271,0.037920,-0.034335,-1.051592,-1.157018,1.522300,-1.523596,0.034433,-0.018236,-1.210085,-0.974588,-1.203315,1.570000,-0.033835,-0.021132
20.800000,0.046383,0.041369,-0.035964,-1.044214,-1.168431,1.579580,-1.502211,0.034432,-0.017313,-1.222937,-1.023358,-1.303315,1.570000,-0.036522,-0.014266
20.833333,0.043037,0.035131,-0.023295,-1.046667,-1.171144,1.609967,-1.499528,0.031348,-0.024787,-1.225427,-1.049679,-1.382012,1.570000,-0.041188,0.005828
20.866667,0.043486,0.046681,-0.016122,-1.068132,-1.162232,1.608423,-1.464687,0.031279,-0.010006,-1.227429,-1.088354,-1.441054,1.570000,-0.048343,0.013235
20.900000,0.032939,0.050037,-0.002236,-1.081065,-1.165057,1.608575,-1.457878,0.024841,-0.013144,-1.210964,-1.100550,-1.499046,1.570000,-0.045399,0.012816
20.933333,0.028727,0.046870,0.009462,-1.085016,-1.150446,1.641952,-1.445317,0.023110,-0.008208,-1.212126,-1.114837,-1.537037,1.570000,-0.044998,0.005670
20.966667,0.036418,0.039424,0.014821,-1.068339,-1.131014,1.635328,-1.419892,0.035868,-0.014741,-1.188867,-1.135784,-1.544883,1.550000,-0.028463,0.004181
21.000000,0.042914,0.035562,0.014633,-1.026533,-1.151583,1.615597,-1.367922,0.029132,-0.003915,-1.138319,-1.152601,-1.554718,1.510000,-0.022544,0.001988
21.033333,0.041694,0.020574,0.008342,-0.944728,-1.164627,1.595597,-1.315953,0.023415,-0.021609,-1.079852,-1.159753,-1.554564,1.450000,-0.012176,-0.002010
21.066667,0.027441,0.019851,0.001551,-0.862922,-1.171022,1.535597,-1.235953,0.016170,-0.019347,-0.999852,-1.155072,-1.544400,1.389461,-0.001364,-0.003529
21.100000,0.025732,0.016090,-0.006390,-0.762922,-1.161808,1.435597,-1.135954,0.001330,-0.024965,-0.899852,-1.166262,-1.538317,1.311955,0.000618,0.002173
21.133333,0.015435,0.018612,-0.013657,-0.662922,-1.183570,1.335597,-1.044439,-0.016530,-0.023115,-0.807264,-1.167853,-1.525100,1.251811,-0.012254,0.005439
21.166667,-0.009872,0.023737,-0.038875,-0.562922,-1.182576,1.235597,-0.961090,-0.014124,-0.046526,-0.732238,-1.156022,-1.513417,1.216331,-0.004650,-0.004374
21.200000,-0.010612,0.027997,-0.048183,-0.493273,-1.170185,1.135597,-0.895328,-0.008770,-0.049356,-0.665966,-1.153858,-1.530413,1.198432,0.006645,0.011429
21.233333,-0.000251,0.023678,-0.042433,-0.428053,-1.171143,1.035597,-0.859023,-0.005389,-0.056295,-0.632945,-1.173163,-1.518470,1.177189,-0.003061,0.015571
21.266667,-0.008101,0.028212,-0.050474,-0.362833,-1.196534,0.935597,-0.839963,0.006372,-0.072182,-0.606245,-1.156599,-1.482446,1.167980,-0.018558,0.022852
21.300000,-0.013184,0.043217,-0.050877,-0.337612,-1.203247,0.855433,-0.834893,0.009683,-0.068972,-0.610557,-1.159759,-1.483552,1.181411,-0.017267,0.040284
21.333333,0.007313,0.041328,-0.029093,-0.333857,-1.206195,0.795438,-0.837161,0.003977,-0.059362,-0.608744,-1.182313,-1.474837,1.174931,-0.020881,0.040998
21.366667,0.019582,0.036978,-0.018661,-0.320068,-1.199688,0.746263,-0.821843,0.015486,-0.038494,-0.622719,-1.174760,-1.451283,1.157641,-0.048421,0.028751
21.400000,0.021766,0.056275,-0.019245,-0.318396,-1.196155,0.732230,-0.808453,0.013002,-0.036837,-0.603443,-1.144047,-1.464784,1.145376,-0.059148,0.044426
21.433333,0.032357,0.050933,-0.003475,-0.341831,-1.185261,0.733423,-0.803969,0.011566,-0.018314,-0.608383,-1.153334,-1.478286,1.152119,-0.042773,0.030789
21.466667,0.046440,0.041401,0.001257,-0.342768,-1.169387,0.738437,-0.805514,0.011534,-0.019736,-0.614900,-1.153135,-1.460425,1.136324,-0.034879,0.018734
21.500000,0.050098,0.039524,-0.001732,-0.362240,-1.180036,0.745801,-0.813757,0.012119,-0.013782,-0.609978,-1.133542,-1.460106,1.128177,-0.028926,0.038752
21.533333,0.041362,0.041349,0.001239,-0.372845,-1.204379,0.771053,-0.833954,-0.005987,-0.029362,-0.589499,-1.144056,-1.435589,1.140774,-0.016180,0.036952
21.566667,0.050929,0.030105,0.010788,-0.399298,-1.212384,0.784990,-0.848168,0.005546,-0.020780,-0.592596,-1.194570,-1.377211,1.168077,-0.004596,0.025047
21.600000,0.051945,0.033456,0.019603,-0.422357,-1.218601,0.814618,-0.843572,0.015199,-0.007676,-0.595296,-1.228452,-1.354530,1.173368,-0.010929,0.029667
21.633333,0.044427,0.025461,0.016408,-0.450142,-1.218030,0.856936,-0.850472,0.010159,-0.008959,-0.557996,-1.231821,-1.324270,1.161196,-0.018733,0.028327
21.666667,0.042255,0.026745,0.023183,-0.455158,-1.196002,0.916734,-0.837539,0.012452,-0.006448,-0.558973,-1.263213,-1.276533,1.163806,-0.025540,-0.000752
21.700000,0.054462,0.021806,0.019285,-0.474732,-1.169960,0.983018,-0.852652,0.011095,-0.022401,-0.568318,-1.291276,-1.248019,1.154856,-0.021741,-0.004112
21.733333,0.045552,0.012670,0.013226,-0.491188,-1.151257,1.048725,-0.876160,-0.000395,-0.028432,-0.554087,-1.282098,-1.227416,1.119588,-0.018115,-0.004008
21.766667,0.040135,0.013334,-0.003825,-0.492986,-1.122508,1.123514,-0.897047,-0.002761,-0.029812,-0.515248,-1.256685,-1.179834,1.084991,-0.028437,-0.000737
21.800000,0.034743,0.026418,0.002038,-0.512556,-1.103938,1.191068,-0.912265,0.002830,-0.012405,-0.492153,-1.271272,-1.143185,1.056420,-0.027797,0.013198
21.833333,0.029743,0.022579,-0.005057,-0.536071,-1.098696,1.242380,-0.954683,0.001312,-0.021906,-0.465366,-1.282702,-1.118040,1.033215,-0.022430,0.025705
21.866667,0.011702,0.021623,-0.017582,-0.545981,-1.101011,1.292024,-0.973673,0.018029,-0.015334,-0.424697,-1.257462,-1.089392,1.024318,-0.012984,0.040373
21.900000,0.010571,0.036413,-0.021274,-0.565948,-1.104572,1.350441,-0.990446,0.019152,-0.022133,-0.414480,-1.269462,-1.081609,1.018212,-0.008470,0.040563
21.933333,0.004391,0.034038,-0.014839,-0.612162,-1.110801,1.401074,-1.028662,0.008976,-0.041740,-0.424444,-1.284982,-1.070543,0.999373,0.008365,0.032340
21.966667,0.000619,0.029633,-0.041249,-0.658376,-1.104454,1.462595,-1.068252,0.021551,-0.052925,-0.458665,-1.300503,-1.076320,1.007977,0.021357,0.017364
22.000000,0.010566,0.039064,-0.045809,-0.707628,-1.098359,1.540358,-1.093131,0.016999,-0.046957,-0.458301,-1.303446,-1.098130,0.988355,0.023254,0.021382
22.033333,0.014962,0.046840,-0.036021,-0.762586,-1.109274,1.605265,-1.117387,0.001729,-0.037615,-0.483809,-1.335671,-1.125695,0.945732,0.008317,0.006341
22.066667,0.011907,0.052068,-0.041802,-0.791498,-1.113019,1.657622,-1.145313,-0.012382,-0.032657,-0.510494,-1.342948,-1.154867,0.920854,-0.001690,-0.002047
22.100000,0.015002,0.056025,-0.035843,-0.823551,-1.138188,1.717764,-1.165712,-0.014092,-0.023423,-0.532788,-1.356515,-1.218604,0.927073,0.000016,0.010899
22.133333,0.021695,0.051476,-0.008420,-0.843649,-1.163357,1.751731,-1.175925,-0.035893,-0.025666,-0.534781,-1.343323,-1.258819,0.899822,-0.018731,0.009865
22.166667,0.012949,0.066175,-0.000252,-0.854913,-1.163066,1.785699,-1.171906,-0.042446,-0.022563,-0.560004,-1.320024,-1.292340,0.902130,-0.032762,0.014525
22.200000,0.008844,0.062528,0.006736,-0.869278,-1.148223,1.824313,-1.191938,-0.031339,-0.024519,-0.567546,-1.304751,-1.344385,0.904169,-0.037884,0.029480
22.233333,0.027800,0.041065,0.013396,-0.889977,-1.128102,1.845710,-1.204570,-0.020165,-0.033113,-0.581984,-1.312217,-1.374240,0.909077,-0.032233,0.031201
22.266667,0.038784,0.040575,0.005401,-0.884801,-1.085921,1.855740,-1.198565,-0.004271,-0.026875,-0.597720,-1.320220,-1.386285,0.910272,-0.051232,0.018804
22.300000,0.050026,0.039705,-0.002748,-0.880463,-1.071300,1.882208,-1.206747,0.001347,-0.033940,-0.623085,-1.314982,-1.433166,0.939721,-0.049028,0.025511
22.333333,0.054911,0.017702,0.006106,-0.895345,-1.068249,1.885946,-1.234933,0.011816,-0.030552,-0.647298,-1.347562,-1.465788,0.971487,-0.036653,0.013414
22.366667,0.075144,0.013572,0.005539,-0.905922,-1.063687,1.864371,-1.242513,0.005875,-0.026526,-0.699850,-1.358176,-1.482652,1.036259,-0.044637,-0.014361
22.400000,0.058804,0.019175,0.005460,-0.909917,-1.065591,1.880539,-1.257046,0.015836,-0.017739,-0.718136,-1.361595,-1.522065,1.068096,-0.048184,-0.011940
22.433333,0.054980,0.017582,0.018112,-0.903344,-1.062505,1.908073,-1.271578,0.001554,-0.026099,-0.726545,-1.347676,-1.562667,1.076289,-0.033936,-0.014731
22.466667,0.063982,0.023290,0.024313,-0.879051,-1.037689,1.945344,-1.250010,0.013794,-0.012445,-0.722139,-1.349447,-1.586713,1.067667,-0.040299,-0.008814
22.500000,0.073653,0.032388,0.028173,-0.854647,-1.034643,1.965344,-1.247809,0.010576,-0.029388,-0.713669,-1.344441,-1.609254,1.045426,-0.042442,-0.003682
22.533333,0.048824,0.038155,0.019426,-0.834320,-1.047099,1.989251,-1.263295,0.001089,-0.038791,-0.669749,-1.324354,-1.622356,1.012370,-0.029458,0.018403
22.566667,0.039150,0.051289,0.011835,-0.840954,-1.033292,2.001172,-1.282892,-0.002833,-0.025394,-0.661570,-1.313674,-1.622165,1.019314,-0.031641,0.032709
22.600000,0.042974,0.056564,0.007257,-0.862341,-1.038059,1.990350,-1.302488,-0.003211,-0.014683,-0.662067,-1.333530,-1.631017,1.037027,-0.027340,0.042807
22.633333,0.021306,0.047597,-0.004682,-0.881361,-1.051665,1.940703,-1.334970,-0.005540,-0.028748,-0.670495,-1.339889,-1.616427,1.049224,-0.015820,0.032362
22.666667,0.026150,0.044046,-0.032523,-0.870359,-1.049812,1.931056,-1.327453,0.004103,-0.019484,-0.669975,-1.350832,-1.618051,1.078840,-0.010752,0.030320
22.700000,0.036605,0.042999,-0.020364,-0.877256,-1.038870,1.932260,-1.315036,0.011871,-0.016209,-0.690361,-1.370091,-1.617260,1.082213,-0.003414,0.030024
22.733333,0.053906,0.029429,-0.014031,-0.845972,-1.036228,1.913021,-1.281185,0.007763,-0.029574,-0.695185,-1.379952,-1.598799,1.048781,-0.001925,0.012472
22.766667,0.042171,0.031480,-0.018726,-0.834562,-1.048339,1.915814,-1.256083,0.007554,-0.025035,-0.700968,-1.377088,-1.553272,1.040841,-0.002417,0.015417
22.800000,0.049216,0.031480,-0.010099,-0.833524,-1.062160,1.920205,-1.254465,0.001263,-0.024003,-0.683845,-1.380345,-1.534470,1.034796,-0.004288,0.015363
22.833333,0.044440,0.032691,0.009064,-0.858067,-1.062207,1.900013,-1.255227,-0.008752,-0.023006,-0.683744,-1.365950,-1.504020,0.991706,-0.004219,0.021149
22.866667,0.034052,0.038686,0.002539,-0.858482,-1.055164,1.882357,-1.223806,-0.003729,-0.013361,-0.659714,-1.346697,-1.473784,0.963719,-0.012356,0.008273
22.900000,0.023466,0.040823,0.002792,-0.867492,-1.077012,1.897129,-1.214908,0.000945,-0.013377,-0.637860,-1.336485,-1.447741,0.957028,-0.007815,0.010718
22.933333,0.026538,0.032489,0.009857,-0.874515,-1.070648,1.872613,-1.211254,0.008300,-0.018460,-0.620283,-1.336514,-1.420773,0.935179,-0.000317,0.012301
22.966667,0.025318,0.043783,-0.004715,-0.872159,-1.078353,1.853694,-1.191151,0.003595,-0.014785,-0.634947,-1.328231,-1.385739,0.936145,-0.010331,0.019447
23.000000,0.009526,0.041804,-0.012191,-0.852874,-1.093504,1.858854,-1.189642,0.004635,-0.020562,-0.623523,-1.333050,-1.348092,0.934157,-0.014590,0.013756
23.033333,0.029119,0.034497,-0.013272,-0.843206,-1.099406,1.846721,-1.198159,-0.009484,-0.035439,-0.635225,-1.358108,-1.316958,0.939075,-0.017939,0.008636
23.066667,0.037407,0.035603,-0.025744,-0.851935,-1.073936,1.823717,-1.192110,-0.007148,-0.024017,-0.647227,-1.369140,-1.296962,0.951025,-0.049011,0.018172
23.100000,0.039997,0.036442,-0.031687,-0.836888,-1.076678,1.820517,-1.185799,-0.009955,-0.037989,-0.632573,-1.359899,-1.290920,0.938219,-0.065337,0.014857
23.133333,0.043130,0.025148,-0.022261,-0.828239,-1.059153,1.834019,-1.171954,-0.015598,-0.042708,-0.608930,-1.357669,-1.285494,0.915289,-0.054891,-0.004001
23.166667,0.061436,0.019886,-0.020039,-0.837254,-1.039977,1.817178,-1.177137,-0.021037,-0.056262,-0.610677,-1.361904,-1.277882,0.903757,-0.060767,-0.008580
23.200000,0.053852,0.019052,-0.016271,-0.841637,-1.048188,1.824178,-1.177587,-0.011744,-0.050506,-0.602599,-1.365978,-1.274118,0.899457,-0.052316,0.003805
23.233333,0.047455,0.026255,0.002635,-0.822416,-1.063485,1.842049,-1.157311,-0.009799,-0.058906,-0.587164,-1.365978,-1.263240,0.886678,-0.022509,0.000991
23.266667,0.065309,0.042597,0.017544,-0.834331,-1.057137,1.854177,-1.123305,-0.003182,-0.030425,-0.571729,-1.378053,-1.259362,0.909070,-0.024987,0.008210
23.300000,0.065672,0.047083,0.028827,-0.835557,-1.075858,1.841233,-1.113308,0.003070,-0.021781,-0.565776,-1.391249,-1.253200,0.910952,-0.027050,0.021084
23.333333,0.053121,0.050482,0.016852,-0.813976,-1.078018,1.836695,-1.085302,0.017691,-0.014151,-0.546800,-1.396588,-1.235540,0.925199,-0.021941,0.029823
23.366667,0.046190,0.064283,0.017560,-0.809018,-1.084526,1.835988,-1.052002,0.004125,-0.001956,-0.538400,-1.390567,-1.227465,0.947262,-0.021162,0.038225
23.400000,0.051004,0.052308,0.015985,-0.802828,-1.109538,1.795282,-1.047761,-0.002546,-0.007798,-0.526921,-1.378625,-1.213000,0.946282,-0.020045,0.036031
23.433333,0.036717,0.042239,-0.004121,-0.775694,-1.133944,1.755754,-1.066154,-0.009277,-0.018780,-0.543873,-1.351135,-1.173151,0.925313,-0.003754,0.034219
23.466667,0.032336,0.043948,-0.022169,-0.763893,-1.143389,1.727917,-1.072393,-0.003678,-0.025611,-0.526554,-1.337955,-1.149900,0.916022,-0.010138,0.047584
23.500000,0.028883,0.041526,-0.008833,-0.760732,-1.175893,1.692377,-1.057061,-0.010463,-0.015894,-0.519119,-1.325022,-1.122747,0.905289,-0.010023,0.043842
23.533333,0.032504,0.032732,-0.014271,-0.721209,-1.197353,1.643960,-1.063162,0.004565,-0.019335,-0.500952,-1.327048,-1.087869,0.860131,-0.011470,0.039636
23.566667,0.027863,0.029057,-0.017433,-0.716342,-1.223069,1.616888,-1.054299,0.016530,-0.003566,-0.497655,-1.329746,-1.064549,0.854974,-0.026269,0.047906
23.600000,0.025308,0.020217,-0.013632,-0.705832,-1.233603,1.591974,-1.037693,0.015001,-0.018568,-0.475703,-1.344529,-1.050563,0.848533,-0.032709,0.036504
23.633333,0.031580,0.014021,0.001287,-0.703453,-1.223849,1.573795,-1.010135,0.009029,-0.016334,-0.485893,-1.336871,-1.038767,0.845312,-0.024969,0.013236
23.666667,0.034133,0.019935,-0.007019,-0.696782,-1.201304,1.585759,-0.994876,0.015889,-0.009451,-0.495438,-1.337098,-1.032872,0.846038,-0.031123,0.005371
23.700000,0.033698,0.015848,-0.006221,-0.704538,-1.189803,1.582928,-0.985266,0.011297,-0.017037,-0.490309,-1.327825,-1.002153,0.851307,-0.029848,0.000464
23.733333,0.047380,0.015848,-0.018090,-0.682732,-1.165218,1.582555,-0.956852,0.002428,-0.028346,-0.493835,-1.337068,-0.972750,0.856577,-0.022285,-0.011827
23.766667,0.051984,0.019450,-0.029262,-0.672036,-1.176605,1.564784,-0.947589,0.003205,-0.030484,-0.487583,-1.343526,-0.934012,0.848006,-0.023370,-0.003649
23.800000,0.045436,0.022888,-0.033479,-0.653942,-1.197490,1.544667,-0.944870,0.002221,-0.029895,-0.452513,-1.362403,-0.866134,0.842206,-0.026063,0.001728
23.833333,0.043122,0.015668,-0.022318,-0.648437,-1.208106,1.490130,-0.956068,0.000314,-0.039359,-0.420422,-1.357045,-0.799890,0.826123,-0.030502,0.020110
23.866667,0.041877,0.026225,-0.015421,-0.668507,-1.209186,1.436066,-0.947390,0.004507,-0.025652,-0.407183,-1.371858,-0.751833,0.839923,-0.037143,0.026148
23.900000,0.031272,0.030101,-0.003895,-0.679507,-1.217219,1.398199,-0.963855,0.000997,-0.028929,-0.367041,-1.355433,-0.712644,0.820378,-0.032819,0.026436
23.933333,0.026761,0.026556,0.007543,-0.685983,-1.206712,1.380332,-0.966278,0.001084,-0.025467,-0.346899,-1.345258,-0.693454,0.820687,-0.031094,0.018611
23.966667,0.027649,0.026993,0.007107,-0.690900,-1.206708,1.366385,-0.965261,0.002187,-0.026119,-0.343433,-1.342664,-0.687623,0.823328,-0.030312,0.018141
