time_sec,joint_pelvisYaw,joint_pelvisPitch,joint_pelvisRoll,joint_lShoulderPitch,joint_lShoulderRoll,joint_lShoulderYaw,joint_lElbow,joint_lWristRoll,joint_lWristPitch,joint_rShoulderPitch,joint_rShoulderRoll,joint_rShoulderYaw,joint_rElbow,joint_rWristRoll,joint_rWristPitch
0.000000,0.005916,0.024458,-0.004664,-0.172662,-1.200202,-0.030007,-0.316063,-0.012481,0.001937,-0.192538,-1.266910,-0.010118,0.275480,-0.011721,-0.019771
0.033333,0.014441,0.021824,0.002385,-0.157083,-1.197741,-0.013336,-0.329698,-0.002675,0.004384,-0.202640,-1.269669,-0.039304,0.287573,-0.009592,-0.013440
0.066667,0.010575,0.024186,-0.000530,-0.154425,-1.206449,-0.000429,-0.341615,-0.004127,0.006571,-0.209953,-1.268691,-0.057118,0.309348,-0.007421,-0.016150
0.100000,0.010475,0.025039,-0.002738,-0.149368,-1.215175,0.017525,-0.368746,-0.008134,0.007470,-0.216991,-1.279961,-0.085188,0.323579,-0.007493,-0.015617
0.133333,0.007109,0.029127,-0.006978,-0.157374,-1.250865,0.027947,-0.402460,-0.015726,0.007524,-0.228735,-1.303767,-0.089717,0.340148,-0.013585,-0.016848
0.166667,-0.008198,0.031972,-0.020379,-0.147858,-1.269584,0.057774,-0.455331,-0.016006,-0.002621,-0.233182,-1.306553,-0.111089,0.350469,-0.009498,-0.023224
0.200000,-0.007603,0.035783,-0.024837,-0.155969,-1.278702,0.113524,-0.526851,-0.012453,-0.004871,-0.244764,-1.322375,-0.156040,0.364336,-0.005371,-0.013690
0.233333,-0.004737,0.033348,-0.021840,-0.167070,-1.300529,0.178174,-0.612182,-0.011876,-0.008488,-0.254273,-1.347716,-0.176539,0.359246,-0.008959,-0.011698
0.266667,-0.008211,0.036217,-0.026363,-0.196551,-1.326531,0.257778,-0.702297,-0.005996,-0.018201,-0.258670,-1.348430,-0.185237,0.356627,-0.013270,-0.008624
0.300000,-0.008421,0.044106,-0.027172,-0.246339,-1.326926,0.357778,-0.802297,-0.003843,-0.015708,-0.272500,-1.361093,-0.222034,0.374999,-0.009270,-0.002236
0.333333,0.003302,0.043436,-0.015649,-0.322570,-1.330817,0.457778,-0.893789,-0.005294,-0.011855,-0.284665,-1.382171,-0.256770,0.376889,-0.009714,0.001950
0.366667,0.007551,0.042723,-0.011715,-0.398800,-1.320494,0.557778,-0.965594,-0.000488,-0.005542,-0.301895,-1.374902,-0.293220,0.386421,-0.020331,-0.008238
0.400000,0.009995,0.053713,-0.011228,-0.494781,-1.316196,0.657778,-1.037399,-0.002013,-0.005173,-0.322881,-1.357808,-0.360533,0.409256,-0.021880,-0.000510
0.433333,0.014776,0.051552,-0.002496,-0.594781,-1.310058,0.757778,-1.100578,-0.001138,-0.000268,-0.358089,-1.370111,-0.449391,0.449124,-0.015982,-0.004150
0.466667,0.018572,0.048416,0.001509,-0.693943,-1.313357,0.857778,-1.148415,-0.000520,-0.003674,-0.399828,-1.365684,-0.538248,0.475212,-0.014757,-0.009032
0.500000,0.022754,0.049827,0.001731,-0.787318,-1.325212,0.957778,-1.193160,-0.001677,-0.001741,-0.441911,-1.354512,-0.638248,0.512894,-0.011930,-0.000939
0.533333,0.020151,0.050575,0.005285,-0.858697,-1.354458,1.057778,-1.234006,-0.008507,-0.006214,-0.476231,-1.365197,-0.738248,0.551388,-0.004341,-0.000992
0.566667,0.024681,0.045568,0.009093,-0.907306,-1.365647,1.157778,-1.249661,0.000372,-0.001927,-0.509032,-1.386546,-0.838248,0.593718,-0.001790,-0.006607
0.600000,0.027887,0.048257,0.013884,-0.921377,-1.379016,1.257778,-1.242907,0.002104,0.006603,-0.539623,-1.390877,-0.938248,0.623681,-0.005423,-0.005758
0.633333,0.023933,0.043157,0.012154,-0.896284,-1.385353,1.317778,-1.223389,-0.000056,0.005209,-0.537360,-1.384986,-1.033507,0.639059,-0.006174,-0.006223
0.666667,0.020755,0.040922,0.012510,-0.836979,-1.378475,1.337778,-1.175470,0.002827,0.007597,-0.540095,-1.393838,-1.102912,0.666867,-0.009774,-0.017199
0.700000,0.024381,0.037277,0.009265,-0.759670,-1.378496,1.317778,-1.118464,0.003311,0.000882,-0.541151,-1.394430,-1.148123,0.671466,-0.010544,-0.019709
0.733333,0.017701,0.033091,0.007257,-0.665131,-1.379445,1.257778,-1.064294,-0.002043,-0.001220,-0.524340,-1.387130,-1.162063,0.659033,-0.007473,-0.017610
0.766667,0.010242,0.033061,-0.001278,-0.565131,-1.359757,1.157778,-1.001157,-0.001724,-0.001079,-0.481988,-1.367996,-1.136004,0.633475,-0.009514,-0.015962
0.800000,0.012012,0.037830,0.000777,-0.465878,-1.340361,1.057778,-0.942458,0.001069,0.009165,-0.437042,-1.372818,-1.074685,0.596283,-0.013057,-0.011156
0.833333,0.007945,0.035217,-0.002820,-0.373586,-1.325095,0.957778,-0.907487,-0.004038,0.004949,-0.387650,-1.368516,-0.999220,0.541763,-0.010185,-0.009681
0.866667,-0.000920,0.030452,-0.010496,-0.286188,-1.285401,0.857778,-0.886729,0.002943,0.007810,-0.322735,-1.338961,-0.907950,0.495625,-0.005310,-0.002987
0.900000,0.004046,0.035688,-0.012956,-0.216706,-1.222837,0.757778,-0.884052,0.002954,0.005605,-0.262159,-1.318184,-0.807950,0.437653,-0.005155,-0.001176
0.933333,0.001001,0.033436,-0.012853,-0.163406,-1.156376,0.657778,-0.910731,-0.000504,-0.003832,-0.218283,-1.289243,-0.707950,0.396046,-0.000927,-0.003584
0.966667,-0.003516,0.033603,-0.025211,-0.133068,-1.079255,0.557778,-0.937734,0.006031,-0.010792,-0.193144,-1.239434,-0.607950,0.394438,0.005579,-0.009167
1.000000,0.001590,0.038704,-0.027598,-0.116418,-0.994164,0.457778,-0.957696,0.008694,-0.005448,-0.149617,-1.177822,-0.507950,0.415848,0.006499,-0.005462
1.033333,0.004733,0.045265,-0.023804,-0.102827,-0.941752,0.357778,-0.974245,0.003067,-0.001528,-0.125135,-1.139006,-0.407950,0.464040,-0.000136,-0.011960
1.066667,-0.003673,0.048011,-0.030075,-0.089794,-0.921008,0.257778,-0.965647,-0.001211,0.004508,-0.110754,-1.094342,-0.307950,0.546874,-0.001202,-0.014798
1.100000,-0.000704,0.049711,-0.029340,-0.088498,-0.927569,0.161936,-0.944141,-0.001872,0.010774,-0.101506,-1.067519,-0.207950,0.646874,-0.000627,-0.008346
1.133333,0.000017,0.044824,-0.020056,-0.085365,-0.936782,0.066937,-0.923522,-0.008742,0.010930,-0.082714,-1.045501,-0.107950,0.729900,-0.006149,-0.005058
1.166667,-0.004154,0.050952,-0.017699,-0.078921,-0.959518,0.008510,-0.892313,-0.011038,0.014449,-0.082823,-1.031900,-0.035680,0.791818,-0.011085,-0.002785
1.200000,-0.008032,0.051653,-0.014829,-0.083579,-0.974883,-0.036427,-0.862113,-0.009538,0.016184,-0.076377,-1.023469,0.015309,0.816791,-0.013291,0.008060
1.233333,-0.000595,0.041450,-0.010151,-0.088187,-0.983298,-0.064617,-0.842565,-0.006487,0.011829,-0.074705,-1.026331,0.049950,0.821994,-0.012324,0.005037
1.266667,0.002443,0.040728,-0.012992,-0.081810,-0.987956,-0.079007,-0.806570,-0.002161,0.015991,-0.068462,-1.032680,0.065316,0.802213,-0.024055,-0.000832
1.300000,0.008575,0.040770,-0.015652,-0.082489,-1.018014,-0.063798,-0.763492,-0.001570,0.015700,-0.073435,-1.024907,0.044240,0.759406,-0.027965,-0.002107
1.333333,0.007938,0.030604,-0.010917,-0.094165,-1.041258,-0.064323,-0.726871,0.002682,0.013570,-0.079752,-1.039582,0.031844,0.713822,-0.025477,-0.005760
1.366667,0.016596,0.023604,-0.011238,-0.111481,-1.059920,-0.068723,-0.678721,0.004014,0.018875,-0.100578,-1.041896,0.023908,0.688663,-0.029120,-0.020779
1.400000,0.010761,0.023430,-0.011948,-0.129630,-1.087184,-0.055967,-0.615062,0.009148,0.019273,-0.112201,-1.045845,0.002208,0.643274,-0.032034,-0.018030
1.433333,0.010660,0.023157,-0.007022,-0.140921,-1.099954,-0.029215,-0.554957,0.005316,0.014330,-0.127557,-1.028739,-0.030495,0.582869,-0.020684,-0.019312
1.466667,0.012530,0.023493,-0.003314,-0.139337,-1.097342,0.002554,-0.498506,0.011247,0.020005,-0.137584,-1.034992,-0.053281,0.535105,-0.023256,-0.010825
1.500000,0.017070,0.026538,-0.002200,-0.138935,-1.113112,0.013483,-0.454914,0.011960,0.015956,-0.141863,-1.033051,-0.074292,0.491203,-0.025358,-0.009632
1.533333,0.005516,0.029822,-0.009928,-0.134190,-1.142524,0.027735,-0.432279,0.008925,0.010156,-0.134150,-1.027675,-0.100582,0.450037,-0.019692,-0.001013
1.566667,0.001053,0.040104,-0.013518,-0.147892,-1.147619,0.033743,-0.424981,0.004325,0.018328,-0.135296,-1.028450,-0.116224,0.446176,-0.019946,0.007994
1.600000,0.002660,0.042060,-0.013842,-0.165491,-1.167650,0.034139,-0.415877,0.004499,0.025148,-0.138314,-1.056853,-0.141588,0.469993,-0.016895,0.012963
1.633333,-0.005155,0.038207,-0.019402,-0.177585,-1.190144,0.012366,-0.419934,-0.000361,0.018624,-0.142367,-1.061795,-0.147095,0.492540,-0.013188,0.003418
1.666667,-0.005459,0.037157,-0.031754,-0.179644,-1.176530,0.015968,-0.411466,0.000949,0.024367,-0.142154,-1.064317,-0.153610,0.518832,-0.008754,0.004290
1.700000,-0.002431,0.038893,-0.020845,-0.184316,-1.150846,0.025580,-0.405011,0.000936,0.024937,-0.150047,-1.068570,-0.153802,0.529249,-0.003464,0.006822
1.733333,0.003744,0.030759,-0.017749,-0.162289,-1.125298,0.015207,-0.402957,0.001696,0.019249,-0.147613,-1.055335,-0.142927,0.512938,-0.002344,-0.002863
1.766667,-0.001350,0.031397,-0.021424,-0.144361,-1.100533,0.017231,-0.437341,0.001350,0.019504,-0.142625,-1.028549,-0.110775,0.508949,-0.002983,-0.003537
1.800000,-0.002125,0.030388,-0.018262,-0.128722,-1.070349,0.010303,-0.484451,0.000848,0.019885,-0.128933,-1.012264,-0.091623,0.515306,0.000368,-0.000660
1.833333,-0.003767,0.031450,-0.009540,-0.112847,-1.044984,-0.008561,-0.558176,-0.004934,0.019328,-0.122138,-0.989821,-0.073870,0.518409,-0.000047,-0.001245
1.866667,-0.009233,0.034852,-0.013350,-0.085564,-1.016395,-0.027203,-0.630067,-0.003913,0.024385,-0.104156,-0.965184,-0.061305,0.537261,-0.004054,-0.007432
1.900000,-0.013140,0.034190,-0.011212,-0.060680,-1.005844,-0.026058,-0.716500,-0.000814,0.021684,-0.091124,-0.950634,-0.049173,0.572770,-0.003162,-0.006581
1.933333,-0.013455,0.029309,-0.007244,-0.040035,-0.984039,-0.051708,-0.793287,0.001566,0.020119,-0.079468,-0.945294,-0.034647,0.595648,-0.000957,-0.005890
1.966667,-0.014455,0.035972,-0.011047,-0.017549,-0.979127,-0.065348,-0.858848,0.003513,0.023293,-0.078206,-0.937477,-0.019985,0.621552,-0.008503,-0.003278
2.000000,-0.022542,0.034113,-0.013162,0.008282,-0.981285,-0.068116,-0.908511,0.007036,0.017319,-0.065751,-0.933605,-0.004277,0.632503,-0.009310,-0.005493
2.033333,-0.011410,0.030952,-0.013154,0.024925,-0.979428,-0.079523,-0.956113,0.005269,0.009615,-0.064723,-0.941108,0.014665,0.650209,-0.010054,-0.006044
2.066667,-0.007056,0.033013,-0.020052,0.034182,-0.964351,-0.092853,-0.992257,0.005418,0.012800,-0.063102,-0.953537,0.024195,0.668413,-0.022374,-0.005508
2.100000,-0.004910,0.034517,-0.022608,0.052628,-0.969771,-0.095316,-1.026199,0.004874,0.005437,-0.047186,-0.948841,0.027281,0.670881,-0.028939,-0.006188
2.133333,-0.003062,0.026598,-0.018743,0.064231,-0.951688,-0.077212,-1.057966,-0.000269,0.001273,-0.036970,-0.943983,0.026110,0.679170,-0.021478,-0.013455
2.166667,0.004736,0.026004,-0.018010,0.064919,-0.940053,-0.050034,-1.106129,-0.005077,-0.001970,-0.032121,-0.952117,0.035414,0.721943,-0.024423,-0.013368
2.200000,0.001747,0.026483,-0.015675,0.068781,-0.942902,0.006615,-1.167293,-0.000480,0.000412,-0.023006,-0.962695,0.043065,0.771872,-0.025412,-0.011003
2.233333,-0.002984,0.030030,-0.005260,0.065558,-0.947077,0.079726,-1.222574,0.000098,-0.003283,-0.016509,-0.960327,0.052661,0.834067,-0.012204,-0.007911
2.266667,0.005737,0.039793,0.002015,0.035455,-0.926692,0.170027,-1.279097,0.006409,0.012389,-0.022946,-0.991522,0.068323,0.924630,-0.012085,-0.003183
2.300000,0.005897,0.048047,0.007143,-0.016808,-0.943201,0.263413,-1.349021,0.008933,0.013078,-0.041324,-1.024142,0.089887,1.024629,-0.011664,-0.001577
2.333333,0.002294,0.050743,0.000586,-0.082257,-0.950560,0.363413,-1.414994,0.018670,0.013316,-0.066938,-1.048009,0.100015,1.124629,-0.009650,0.002116
2.366667,0.000548,0.056990,0.002174,-0.170133,-0.958246,0.463413,-1.455090,0.014523,0.018576,-0.112206,-1.072561,0.089524,1.224629,-0.006458,0.009642
2.400000,0.002852,0.050511,0.002409,-0.270133,-0.986514,0.563413,-1.501318,0.015088,0.017570,-0.174746,-1.106176,0.062213,1.324629,-0.009197,0.009445
2.433333,-0.006489,0.043080,-0.004541,-0.370133,-1.020242,0.663413,-1.539965,0.010219,0.007934,-0.255878,-1.112424,0.011610,1.413704,-0.005061,0.007820
2.466667,-0.005650,0.041662,-0.010956,-0.470133,-1.033167,0.763413,-1.558612,0.017471,0.006738,-0.333088,-1.131417,-0.061107,1.482778,-0.008679,0.017209
2.500000,-0.006600,0.037429,-0.000447,-0.570133,-1.050764,0.863413,-1.561210,0.017024,0.010770,-0.422247,-1.154803,-0.154225,1.531852,-0.009412,0.014902
2.533333,-0.007912,0.031239,-0.003463,-0.670133,-1.054118,0.962727,-1.570000,0.023076,0.006016,-0.497360,-1.172342,-0.247342,1.560926,-0.009999,0.008647
2.566667,-0.009779,0.029227,-0.005708,-0.758283,-1.033008,1.039213,-1.570000,0.028009,0.014182,-0.562237,-1.171537,-0.347342,1.570000,-0.012542,0.008336
2.600000,-0.007952,0.025590,-0.003574,-0.806432,-0.996986,1.083504,-1.570000,0.031100,0.008244,-0.610571,-1.172215,-0.447342,1.570000,-0.014858,0.001507
2.633333,-0.008427,0.025055,0.002028,-0.814582,-0.941768,1.087795,-1.568500,0.026424,0.011239,-0.631245,-1.148592,-0.547342,1.564296,-0.010884,-0.012306
2.666667,-0.003551,0.031390,-0.003645,-0.782731,-0.868798,1.052086,-1.547001,0.027076,0.015818,-0.618837,-1.094157,-0.607342,1.538593,-0.012575,-0.017998
2.700000,0.000459,0.030026,-0.003713,-0.710880,-0.785232,0.977063,-1.505501,0.022037,0.012403,-0.580475,-1.019362,-0.627342,1.492889,-0.014499,-0.018543
2.733333,0.007702,0.031255,-0.009947,-0.610880,-0.707518,0.884869,-1.444002,0.019748,0.008856,-0.512350,-0.957075,-0.607342,1.427186,-0.009773,-0.021327
2.766667,0.009164,0.032670,-0.017456,-0.510880,-0.652104,0.784869,-1.362502,0.018156,0.009673,-0.420767,-0.880673,-0.547342,1.341482,-0.011894,-0.015734
2.800000,0.007321,0.031659,-0.022335,-0.410880,-0.601204,0.684869,-1.262502,0.014389,0.005912,-0.320767,-0.803191,-0.447342,1.241482,-0.012856,-0.009956
2.833333,-0.001119,0.025774,-0.020611,-0.310880,-0.550691,0.584869,-1.162502,0.010819,0.000238,-0.225654,-0.725709,-0.347342,1.141482,-0.014160,-0.001174
2.866667,-0.002005,0.029804,-0.019526,-0.235279,-0.521072,0.484869,-1.062502,0.012582,0.006630,-0.146490,-0.673027,-0.247342,1.041482,-0.018558,0.002000
2.900000,-0.006327,0.030091,-0.015019,-0.161912,-0.506828,0.384869,-0.962502,0.008128,0.001965,-0.083129,-0.600583,-0.147342,0.949388,-0.021564,-0.001258
2.933333,-0.008913,0.027535,-0.009533,-0.108545,-0.490282,0.284869,-0.882415,0.006131,0.001310,-0.039768,-0.548138,-0.056599,0.877294,-0.020812,-0.007337
2.966667,-0.000266,0.025042,-0.004464,-0.093280,-0.509222,0.224869,-0.811340,0.013561,0.002222,-0.036408,-0.535693,-0.005856,0.811727,-0.018507,-0.010254
3.000000,0.014335,0.025494,0.000348,-0.101846,-0.567777,0.204869,-0.780264,0.012606,0.007422,-0.068160,-0.563248,0.004887,0.786160,-0.019311,-0.013925
3.033333,0.016837,0.021678,0.000424,-0.105266,-0.640410,0.206552,-0.781546,0.009622,0.003044,-0.115861,-0.606003,-0.024370,0.800592,-0.013591,-0.020072
3.066667,0.017673,0.025585,-0.002134,-0.132414,-0.720410,0.246887,-0.807648,0.007210,0.005228,-0.180414,-0.686003,-0.093626,0.847119,-0.009381,-0.022336
3.100000,0.021190,0.028106,-0.004282,-0.179066,-0.820410,0.327223,-0.844604,0.000664,0.006025,-0.255286,-0.786003,-0.193626,0.913647,-0.008086,-0.023228
3.133333,0.017556,0.031505,-0.007535,-0.215086,-0.920410,0.407558,-0.899638,-0.007119,0.008027,-0.315125,-0.876250,-0.293626,1.000945,-0.013249,-0.024143
3.166667,0.002518,0.033969,-0.020984,-0.248033,-1.020410,0.487893,-0.934700,-0.005950,-0.001992,-0.355498,-0.935987,-0.393626,1.069429,-0.009197,-0.030862
3.200000,0.003527,0.036765,-0.025268,-0.301729,-1.101135,0.586545,-0.964272,-0.003116,-0.003755,-0.375074,-0.995723,-0.493626,1.114870,-0.004520,-0.022202
3.233333,0.005294,0.033859,-0.021387,-0.345785,-1.175560,0.666971,-0.994033,-0.001263,-0.005196,-0.386189,-1.036048,-0.593626,1.137650,-0.009061,-0.021027
3.266667,0.002271,0.034771,-0.026127,-0.350338,-1.237985,0.707397,-1.008363,0.004989,-0.011446,-0.366985,-1.041586,-0.680606,1.121629,-0.013523,-0.018186
3.300000,0.002949,0.041813,-0.028128,-0.365197,-1.270100,0.730424,-1.009323,0.007122,-0.008542,-0.335948,-1.056876,-0.748454,1.108011,-0.010490,-0.012249
3.333333,0.011402,0.039616,-0.018124,-0.364455,-1.282219,0.719248,-1.006497,0.002960,-0.001715,-0.292985,-1.076679,-0.776301,1.073207,-0.011974,-0.009658
3.366667,0.015198,0.038587,-0.015122,-0.332240,-1.273613,0.668071,-0.976804,0.007751,0.006651,-0.250558,-1.062490,-0.764148,1.042181,-0.021383,-0.017029
3.400000,0.019196,0.047859,-0.016352,-0.307451,-1.271133,0.628449,-0.957191,0.003198,0.008824,-0.199145,-1.027931,-0.727777,1.033814,-0.024108,-0.010245
3.433333,0.025378,0.045080,-0.008445,-0.300903,-1.257129,0.598854,-0.940726,0.002454,0.013489,-0.171837,-1.023267,-0.664425,1.053048,-0.018083,-0.013702
3.466667,0.028284,0.040710,-0.006109,-0.279693,-1.244887,0.582235,-0.947173,0.001918,0.010015,-0.168396,-0.990778,-0.611591,1.078948,-0.016077,-0.017162
3.500000,0.033590,0.042852,-0.006846,-0.286019,-1.239569,0.595740,-0.973754,0.002476,0.010188,-0.171854,-0.944287,-0.598757,1.137451,-0.014555,-0.007457
3.533333,0.030636,0.043288,-0.004723,-0.306001,-1.249367,0.638478,-1.025495,-0.003661,0.003111,-0.188846,-0.921664,-0.614660,1.209178,-0.009936,-0.005486
3.566667,0.033704,0.039056,-0.001640,-0.334355,-1.241001,0.682813,-1.074760,0.004472,0.007308,-0.230628,-0.930221,-0.654782,1.280905,-0.004906,-0.009174
3.600000,0.033233,0.042471,0.002216,-0.379119,-1.238891,0.757121,-1.135888,0.009270,0.015298,-0.288305,-0.927540,-0.734904,1.355040,-0.009215,-0.008887
3.633333,0.030785,0.038771,0.001587,-0.429592,-1.235538,0.835851,-1.196695,0.009973,0.015063,-0.348981,-0.924009,-0.823642,1.404485,-0.010632,-0.010123
3.666667,0.029582,0.037777,0.002531,-0.464617,-1.225181,0.918661,-1.227420,0.013368,0.018612,-0.434150,-0.950879,-0.912380,1.453302,-0.010077,-0.023129
3.700000,0.033236,0.033703,0.000938,-0.499696,-1.221434,0.997928,-1.261413,0.012715,0.013483,-0.534150,-0.973775,-1.012380,1.479994,-0.008070,-0.028068
3.733333,0.028212,0.030330,-0.000230,-0.521578,-1.222032,1.056597,-1.285601,0.010707,0.007640,-0.601731,-0.974983,-1.112380,1.476223,-0.006491,-0.031466
3.766667,0.024058,0.030982,-0.007980,-0.509992,-1.212061,1.084100,-1.279440,0.011226,0.006953,-0.631860,-0.965564,-1.212380,1.445767,-0.009534,-0.028107
3.800000,0.023572,0.036387,-0.005513,-0.492377,-1.216248,1.073024,-1.247478,0.011667,0.013524,-0.621989,-0.984821,-1.272380,1.403631,-0.011188,-0.022163
3.833333,0.019118,0.034585,-0.007686,-0.467490,-1.234631,1.025899,-1.226017,0.011372,0.008002,-0.584512,-0.999193,-1.297722,1.341313,-0.009057,-0.017589
3.866667,0.009763,0.031024,-0.014431,-0.427380,-1.250975,0.956014,-1.181867,0.016442,0.009285,-0.507036,-0.996440,-1.283064,1.275742,-0.005751,-0.009306
3.900000,0.014091,0.035532,-0.015877,-0.387008,-1.274289,0.873151,-1.114910,0.015047,0.008927,-0.421978,-1.023979,-1.228405,1.200633,-0.006209,-0.004221
3.933333,0.011942,0.032266,-0.013453,-0.357393,-1.312432,0.781456,-1.048458,0.006122,0.002999,-0.342000,-1.069825,-1.133747,1.121006,-0.000301,-0.006436
3.966667,0.010327,0.031408,-0.024026,-0.326319,-1.330649,0.699000,-0.980235,0.011250,0.001201,-0.286034,-1.115671,-1.039088,1.041378,0.005241,-0.010922
4.000000,0.015130,0.035164,-0.024831,-0.302666,-1.348402,0.612593,-0.895216,0.007525,0.007918,-0.222509,-1.160908,-0.939088,0.949959,0.004009,-0.002889
4.033333,0.019676,0.042180,-0.019292,-0.279666,-1.371805,0.523255,-0.807430,0.001054,0.016105,-0.181050,-1.225716,-0.839088,0.849959,-0.001880,-0.005646
4.066667,0.012481,0.045434,-0.024128,-0.254826,-1.382233,0.433917,-0.724741,-0.006402,0.025818,-0.164755,-1.268876,-0.739088,0.749959,-0.004617,-0.006862
4.100000,0.014655,0.048199,-0.022179,-0.244875,-1.385668,0.355695,-0.658779,-0.008452,0.031040,-0.168805,-1.298183,-0.639088,0.649959,-0.003651,0.000645
4.133333,0.013249,0.043959,-0.013164,-0.234653,-1.398443,0.266812,-0.594614,-0.020315,0.032661,-0.163746,-1.306152,-0.539088,0.549959,-0.011254,0.001393
4.166667,0.010039,0.050268,-0.012163,-0.223117,-1.398435,0.203037,-0.540772,-0.024457,0.034407,-0.173882,-1.301192,-0.439088,0.464989,-0.019242,0.002316
4.200000,0.007572,0.050451,-0.010258,-0.224360,-1.397409,0.152467,-0.505500,-0.022342,0.035831,-0.177938,-1.296836,-0.339088,0.391387,-0.021585,0.008708
4.233333,0.014855,0.039401,-0.006307,-0.227751,-1.396393,0.114793,-0.486842,-0.021090,0.029401,-0.179920,-1.303165,-0.241842,0.345228,-0.018553,0.008000
4.266667,0.020569,0.039317,-0.009015,-0.219737,-1.395813,0.081306,-0.450954,-0.014993,0.034878,-0.173032,-1.315473,-0.158605,0.323949,-0.030394,0.002447
4.300000,0.026350,0.039235,-0.010419,-0.214791,-1.402033,0.075060,-0.437982,-0.013007,0.032354,-0.173433,-1.312997,-0.104819,0.317589,-0.029726,0.004958
4.333333,0.024718,0.029317,-0.005313,-0.220687,-1.405975,0.065333,-0.434951,-0.010438,0.036525,-0.171378,-1.334182,-0.066619,0.327335,-0.022371,-0.001841
4.366667,0.032379,0.022911,-0.005495,-0.226193,-1.401366,0.050345,-0.429068,-0.011222,0.038956,-0.184068,-1.341636,-0.044211,0.359468,-0.025181,-0.014861
4.400000,0.025208,0.024435,-0.005127,-0.227727,-1.402382,0.052647,-0.428376,-0.006453,0.040792,-0.184248,-1.349188,-0.040664,0.364157,-0.032029,-0.012780
4.433333,0.022416,0.023720,-0.001089,-0.224621,-1.393821,0.073964,-0.437882,-0.011528,0.034859,-0.183568,-1.333063,-0.054372,0.357519,-0.022359,-0.013433
4.466667,0.028305,0.024752,0.002153,-0.212119,-1.376056,0.108039,-0.435998,-0.003331,0.038657,-0.178364,-1.328863,-0.071243,0.365232,-0.026806,-0.008044
4.500000,0.034134,0.028427,0.004056,-0.200204,-1.373059,0.120489,-0.451595,-0.000489,0.031327,-0.170570,-1.311772,-0.091607,0.372084,-0.026395,-0.004124
4.533333,0.022389,0.032328,-0.002804,-0.186126,-1.378694,0.145834,-0.482444,-0.004680,0.027640,-0.145393,-1.284415,-0.121291,0.381170,-0.021013,0.006356
4.566667,0.021017,0.041934,-0.006714,-0.197050,-1.375006,0.180175,-0.520286,-0.006452,0.034747,-0.133637,-1.252978,-0.169359,0.430257,-0.017905,0.013205
4.600000,0.022335,0.043909,-0.006168,-0.214444,-1.380592,0.219867,-0.564439,-0.004647,0.038967,-0.126506,-1.225876,-0.226164,0.505791,-0.015967,0.018851
4.633333,0.009441,0.039409,-0.012058,-0.233227,-1.397225,0.247540,-0.624661,-0.004568,0.030069,-0.129676,-1.182969,-0.290355,0.592056,-0.008879,0.010391
4.666667,0.009370,0.038588,-0.024724,-0.256413,-1.396123,0.315213,-0.673319,0.000217,0.030698,-0.140644,-1.126023,-0.375466,0.688045,-0.006715,0.007756
4.700000,0.015702,0.039787,-0.014802,-0.298732,-1.396123,0.402045,-0.727632,0.006506,0.028905,-0.170596,-1.069780,-0.475466,0.788045,-0.003636,0.005182
4.733333,0.019966,0.031610,-0.011476,-0.325912,-1.396899,0.489695,-0.775015,0.010661,0.019156,-0.192861,-1.007094,-0.575466,0.888028,0.000167,-0.004879
4.766667,0.014393,0.031293,-0.015908,-0.375840,-1.400455,0.577677,-0.837009,0.011734,0.018718,-0.204783,-0.957095,-0.641329,0.969996,0.000804,-0.007716
4.800000,0.018322,0.031986,-0.012311,-0.449642,-1.401586,0.677677,-0.900875,0.012067,0.021317,-0.195435,-0.919149,-0.667192,1.011963,-0.000869,-0.004252
4.833333,0.016402,0.031840,-0.003270,-0.531530,-1.393799,0.777677,-0.978559,0.005683,0.019644,-0.184248,-0.894417,-0.653056,1.013930,-0.001033,-0.002044
4.866667,0.009467,0.034972,-0.005906,-0.616392,-1.380616,0.877677,-1.050306,0.006703,0.025748,-0.154570,-0.880252,-0.598919,0.975898,-0.004520,-0.004947
4.900000,0.007236,0.033487,-0.002529,-0.716392,-1.374910,0.977677,-1.134179,0.005042,0.026538,-0.133929,-0.877048,-0.504782,0.897882,-0.005650,-0.003203
4.933333,0.010844,0.030800,0.002803,-0.791471,-1.360763,1.077677,-1.198236,0.007670,0.024060,-0.124469,-0.885091,-0.404782,0.797882,-0.004988,-0.001107
4.966667,0.011395,0.036816,-0.000416,-0.826550,-1.347234,1.177677,-1.222293,0.002507,0.024253,-0.136912,-0.903753,-0.304782,0.697882,-0.007122,0.000931
5.000000,0.005998,0.036506,-0.002993,-0.821629,-1.344909,1.255046,-1.206349,0.002558,0.019585,-0.143522,-0.935464,-0.204782,0.597882,-0.009475,0.000058
5.033333,0.016097,0.033708,-0.003495,-0.776708,-1.341483,1.292415,-1.156745,-0.002155,0.011759,-0.162729,-0.983052,-0.111498,0.497882,-0.014596,0.000175
5.066667,0.019513,0.034165,-0.010403,-0.691787,-1.331142,1.289783,-1.068050,0.000157,0.016777,-0.179475,-1.041067,-0.043680,0.401735,-0.027915,0.003283
5.100000,0.018790,0.032505,-0.012998,-0.591787,-1.339217,1.247152,-0.968050,-0.001839,0.013738,-0.181682,-1.089467,-0.006693,0.324615,-0.031014,0.004428
5.133333,0.020625,0.023871,-0.010759,-0.491787,-1.332938,1.164521,-0.870329,-0.006706,0.011966,-0.175534,-1.129792,-0.009245,0.287495,-0.028071,-0.002925
5.166667,0.030275,0.021469,-0.010305,-0.398078,-1.336520,1.064521,-0.796596,-0.009688,0.011823,-0.168270,-1.165794,-0.048970,0.290375,-0.029581,-0.004551
5.200000,0.027851,0.020217,-0.008721,-0.325186,-1.352586,0.964521,-0.744213,-0.006000,0.012934,-0.152193,-1.181318,-0.121978,0.333255,-0.022944,-0.002217
5.233333,0.024480,0.025582,-0.000915,-0.268526,-1.368075,0.864521,-0.703837,-0.003241,0.007480,-0.135918,-1.172047,-0.205293,0.412282,-0.008434,-0.003159
5.266667,0.035938,0.036324,0.003521,-0.243737,-1.358079,0.764521,-0.674776,0.001590,0.021701,-0.129538,-1.173701,-0.297777,0.512282,-0.010997,-0.003301
5.300000,0.034734,0.041559,0.008120,-0.239586,-1.377887,0.664521,-0.683437,0.007020,0.025307,-0.141142,-1.161579,-0.390722,0.612282,-0.010544,0.001903
5.333333,0.029001,0.043885,0.000241,-0.245682,-1.384479,0.579689,-0.696130,0.014769,0.025621,-0.158378,-1.138883,-0.473298,0.712282,-0.007802,0.003450
5.366667,0.028030,0.050932,-0.000304,-0.270961,-1.380721,0.534856,-0.711474,0.008866,0.030828,-0.197990,-1.111215,-0.555874,0.812282,-0.006570,0.006705
5.400000,0.028585,0.045513,-0.001215,-0.304175,-1.384191,0.530024,-0.754812,0.006169,0.029044,-0.254908,-1.074400,-0.642679,0.912282,-0.006085,0.006291
5.433333,0.017995,0.038216,-0.009291,-0.330538,-1.397550,0.565192,-0.818165,0.004803,0.018428,-0.332765,-1.016145,-0.729483,1.012282,0.000246,0.005748
5.466667,0.016945,0.039341,-0.016099,-0.369071,-1.397550,0.632226,-0.874661,0.008513,0.016726,-0.412392,-0.972334,-0.816288,1.112282,-0.002388,0.009281
5.500000,0.013602,0.036663,-0.006793,-0.408996,-1.402991,0.702761,-0.913932,0.011115,0.022244,-0.512392,-0.934790,-0.916288,1.212282,-0.001467,0.006127
5.533333,0.011519,0.029211,-0.009653,-0.408921,-1.407292,0.733295,-0.934352,0.019962,0.021886,-0.572392,-0.909328,-0.984391,1.312282,-0.003364,0.003075
5.566667,0.011113,0.024313,-0.011931,-0.390720,-1.407292,0.723829,-0.916175,0.024631,0.029215,-0.592392,-0.888281,-1.012494,1.403825,-0.008360,0.005470
5.600000,0.007780,0.019057,-0.010375,-0.357897,-1.410000,0.674363,-0.866668,0.024323,0.024374,-0.572392,-0.872345,-1.000597,1.475369,-0.007627,-0.000714
5.633333,0.007313,0.015301,-0.005853,-0.314378,-1.398769,0.593031,-0.787282,0.023453,0.023541,-0.512392,-0.843687,-0.948701,1.526913,-0.004206,-0.008853
5.666667,0.008853,0.017816,-0.010898,-0.265624,-1.392570,0.493031,-0.697101,0.025646,0.026807,-0.417065,-0.800675,-0.856804,1.558456,-0.007643,-0.009455
5.700000,0.008577,0.017504,-0.010792,-0.231186,-1.392570,0.393031,-0.611500,0.022904,0.023705,-0.334796,-0.741821,-0.756804,1.570000,-0.002685,-0.008990
5.733333,0.014783,0.018736,-0.017404,-0.207676,-1.392570,0.294141,-0.538043,0.019940,0.018919,-0.291414,-0.712492,-0.656804,1.570000,0.001651,-0.013353
5.766667,0.018271,0.021666,-0.024139,-0.198218,-1.392570,0.209436,-0.497277,0.022715,0.019599,-0.251870,-0.669916,-0.556804,1.570000,-0.000512,-0.008938
5.800000,0.018046,0.023812,-0.027649,-0.190788,-1.403801,0.158663,-0.485678,0.019719,0.022761,-0.236786,-0.628568,-0.456804,1.570000,-0.000252,-0.006498
5.833333,0.012708,0.020968,-0.025786,-0.189942,-1.400577,0.128535,-0.494857,0.015382,0.017913,-0.238578,-0.590926,-0.356804,1.570000,0.000448,0.002467
5.866667,0.015619,0.025668,-0.024764,-0.208920,-1.397148,0.117890,-0.515476,0.016213,0.021817,-0.243987,-0.590387,-0.256804,1.570000,-0.006852,0.005960
5.900000,0.006396,0.028391,-0.019155,-0.220355,-1.397148,0.146134,-0.556306,0.012852,0.018492,-0.229125,-0.550088,-0.156804,1.570000,-0.007088,0.007001
5.933333,0.001474,0.026849,-0.012470,-0.227339,-1.397148,0.182585,-0.584446,0.008711,0.016605,-0.230426,-0.529788,-0.056804,1.570000,-0.006672,0.005390
5.966667,0.005206,0.025788,-0.005971,-0.250184,-1.377148,0.225103,-0.620153,0.015892,0.011277,-0.222327,-0.545719,0.003196,1.550000,-0.002017,0.003305
6.000000,0.015899,0.028758,0.000789,-0.293749,-1.362543,0.286977,-0.675083,0.017909,0.013036,-0.215384,-0.585959,0.023196,1.510000,-0.005881,-0.002682
6.033333,0.017444,0.026484,0.003049,-0.343174,-1.344476,0.369367,-0.748842,0.016515,0.006222,-0.205744,-0.626199,0.003196,1.450000,-0.001602,-0.009735
6.066667,0.018257,0.030908,0.002199,-0.423174,-1.319392,0.451758,-0.828842,0.016167,0.007312,-0.202119,-0.706199,-0.056804,1.370000,0.002365,-0.014929
6.100000,0.024039,0.033421,0.002896,-0.517021,-1.288658,0.551758,-0.906823,0.009206,0.006544,-0.191443,-0.806199,-0.156804,1.270000,0.000671,-0.016914
6.133333,0.022845,0.036543,-0.000341,-0.592204,-1.288961,0.651758,-0.967495,0.002796,0.007790,-0.183757,-0.906199,-0.249875,1.170000,-0.005662,-0.017327
6.166667,0.009882,0.036595,-0.013580,-0.637661,-1.293746,0.751758,-0.999405,0.000261,-0.003532,-0.173769,-1.006199,-0.305159,1.070000,-0.000815,-0.023320
6.200000,0.010537,0.039097,-0.018185,-0.680057,-1.290435,0.851758,-1.009410,0.003724,-0.005500,-0.169467,-1.106199,-0.323689,0.970000,0.003459,-0.013688
6.233333,0.013112,0.035197,-0.014296,-0.696742,-1.302826,0.951758,-1.003605,0.003332,-0.007305,-0.163608,-1.202449,-0.304821,0.870000,-0.002323,-0.007582
6.266667,0.008289,0.036900,-0.020288,-0.685295,-1.328368,1.051758,-0.994335,0.010751,-0.014236,-0.154923,-1.267702,-0.245954,0.770000,-0.004623,-0.003951
6.300000,0.006579,0.043524,-0.021847,-0.692511,-1.333261,1.151758,-0.982936,0.010391,-0.009416,-0.160463,-1.328462,-0.172408,0.677284,-0.003256,0.003652
6.333333,0.017297,0.043702,-0.011731,-0.706957,-1.340480,1.251758,-0.982425,0.006299,-0.001917,-0.162937,-1.367650,-0.107993,0.588424,-0.003018,0.005653
6.366667,0.019034,0.043464,-0.008747,-0.698852,-1.333261,1.329221,-0.966517,0.009505,0.007835,-0.165675,-1.378897,-0.059582,0.510628,-0.010700,-0.002551
6.400000,0.021573,0.053882,-0.009578,-0.700938,-1.333930,1.404940,-0.960113,0.005731,0.010946,-0.162056,-1.363048,-0.038990,0.448980,-0.014191,0.003504
6.433333,0.027449,0.051710,-0.001352,-0.719841,-1.323922,1.453871,-0.964174,0.005026,0.018247,-0.173206,-1.377065,-0.019858,0.415737,-0.012125,-0.000597
6.466667,0.032411,0.046816,0.001094,-0.717586,-1.318643,1.488408,-0.968556,0.005629,0.013648,-0.185217,-1.375401,-0.005083,0.387464,-0.010355,-0.005188
6.500000,0.034970,0.046318,0.001541,-0.728919,-1.320792,1.512934,-0.978105,0.006549,0.016307,-0.194299,-1.363172,-0.005394,0.367340,-0.010518,0.005181
6.533333,0.031227,0.045908,0.005050,-0.741278,-1.335841,1.535783,-1.001104,-0.002453,0.008048,-0.199216,-1.372589,0.005802,0.362416,-0.009324,0.011017
6.566667,0.035812,0.041687,0.007886,-0.756824,-1.332325,1.541773,-1.018581,0.004882,0.011557,-0.209845,-1.392947,0.019910,0.379094,-0.007111,0.007323
6.600000,0.037238,0.042921,0.012555,-0.771467,-1.333184,1.561231,-1.035239,0.007509,0.017001,-0.219263,-1.394438,0.005948,0.392656,-0.009173,0.008691
6.633333,0.032237,0.038881,0.011492,-0.787098,-1.322244,1.568677,-1.067362,0.006643,0.014816,-0.203050,-1.383820,-0.020079,0.417963,-0.013765,0.008503
6.666667,0.032326,0.039773,0.012290,-0.796139,-1.286595,1.575663,-1.107099,0.009221,0.014101,-0.206555,-1.375317,-0.059679,0.471267,-0.016802,-0.001745
6.700000,0.038300,0.037004,0.009712,-0.827169,-1.248078,1.580168,-1.170688,0.010321,0.008041,-0.224035,-1.344414,-0.131535,0.538307,-0.015561,-0.009516
6.733333,0.031445,0.033407,0.007732,-0.853033,-1.212071,1.574933,-1.243303,0.009107,0.005127,-0.235341,-1.296309,-0.215881,0.607596,-0.012472,-0.014908
6.766667,0.025043,0.034585,0.000023,-0.875012,-1.158148,1.543017,-1.316476,0.011351,0.003707,-0.260190,-1.228204,-0.310697,0.691597,-0.014498,-0.014062
6.800000,0.023645,0.041518,0.002081,-0.908482,-1.118678,1.497508,-1.393303,0.017912,0.012786,-0.317531,-1.166366,-0.410697,0.791597,-0.011343,-0.011557
6.833333,0.016297,0.038648,-0.002628,-0.925139,-1.104255,1.422470,-1.460849,0.017871,0.008546,-0.378160,-1.113804,-0.510697,0.891597,-0.008010,-0.011207
6.866667,0.007723,0.033416,-0.011308,-0.904393,-1.100234,1.334126,-1.508395,0.026526,0.008621,-0.412220,-1.051772,-0.610697,0.991597,-0.003892,-0.006553
6.900000,0.012242,0.037696,-0.012291,-0.864352,-1.099321,1.234126,-1.534903,0.026276,0.003722,-0.443104,-1.026844,-0.682191,1.091597,0.001074,-0.003364
6.933333,0.010751,0.035566,-0.011709,-0.816098,-1.125630,1.134126,-1.536757,0.022051,-0.003104,-0.451474,-1.013888,-0.717466,1.188939,0.008877,-0.008192
6.966667,0.010452,0.035427,-0.023481,-0.776524,-1.140496,1.034126,-1.506418,0.024990,-0.008139,-0.425468,-1.026947,-0.712742,1.246282,0.012331,-0.013818
7.000000,0.015100,0.039266,-0.023316,-0.758251,-1.161962,0.970813,-1.450451,0.024423,-0.004660,-0.362052,-1.058825,-0.669223,1.263624,0.012954,-0.006127
7.033333,0.020094,0.046671,-0.017209,-0.750673,-1.198173,0.921132,-1.384282,0.018322,0.002298,-0.305495,-1.118578,-0.585705,1.240967,0.006793,-0.010853
7.066667,0.012387,0.048891,-0.022440,-0.756955,-1.235219,0.911452,-1.304876,0.013600,0.009941,-0.249203,-1.163283,-0.490691,1.178309,0.001556,-0.012140
7.100000,0.014707,0.049672,-0.020145,-0.781426,-1.266964,0.941771,-1.244157,0.007877,0.017216,-0.203655,-1.215779,-0.391897,1.082001,0.001991,-0.001482
7.133333,0.014350,0.045350,-0.008954,-0.791554,-1.297503,1.012091,-1.191345,-0.002957,0.018331,-0.166581,-1.250753,-0.293103,0.995190,-0.000445,0.000584
7.166667,0.013189,0.052458,-0.007013,-0.788306,-1.313398,1.085724,-1.148816,-0.006329,0.020840,-0.151724,-1.258736,-0.206875,0.938399,-0.006456,0.002618
7.200000,0.008418,0.051502,-0.004109,-0.800603,-1.318193,1.185723,-1.127987,-0.004113,0.022165,-0.139853,-1.268898,-0.138997,0.904103,-0.004906,0.011158
7.233333,0.016318,0.041885,0.001044,-0.817899,-1.314020,1.285723,-1.129674,-0.002731,0.013060,-0.141926,-1.281215,-0.082994,0.899174,-0.003672,0.009005
7.266667,0.020332,0.043314,-0.001844,-0.821632,-1.304524,1.385723,-1.116278,0.005319,0.015150,-0.134988,-1.295944,-0.037902,0.925534,-0.015675,0.002980
7.300000,0.025613,0.042849,-0.003981,-0.822178,-1.312508,1.481483,-1.120155,0.007086,0.014492,-0.139914,-1.291839,-0.022142,0.964913,-0.018465,0.009474
7.333333,0.022145,0.031226,0.001271,-0.836962,-1.314479,1.551904,-1.134770,0.011197,0.016825,-0.142857,-1.314235,-0.009839,1.014106,-0.012159,0.003690
7.366667,0.029360,0.027211,0.000606,-0.840229,-1.311261,1.582726,-1.131959,0.011958,0.017468,-0.160153,-1.315562,0.009458,1.080804,-0.018000,-0.006622
7.400000,0.023328,0.029276,-0.001468,-0.830439,-1.317931,1.596271,-1.123498,0.017070,0.022496,-0.161497,-1.316487,0.021341,1.137373,-0.018843,-0.002701
7.433333,0.017780,0.028660,0.002201,-0.808605,-1.310999,1.588949,-1.112274,0.011215,0.019985,-0.169118,-1.295237,0.010907,1.180554,-0.007475,-0.004357
7.466667,0.022297,0.027950,0.003933,-0.764302,-1.294354,1.553707,-1.069947,0.017429,0.024802,-0.172983,-1.284785,0.008716,1.233870,-0.012095,-0.001233
7.500000,0.029276,0.030820,0.004601,-0.690144,-1.294756,1.503803,-1.012319,0.017738,0.022465,-0.177328,-1.256927,0.019411,1.287350,-0.012510,0.000850
7.533333,0.014719,0.032615,-0.002118,-0.604287,-1.308612,1.453498,-0.962695,0.010349,0.019376,-0.171564,-1.223829,0.026014,1.340831,-0.007283,0.011279
7.566667,0.009421,0.040880,-0.005222,-0.543980,-1.299918,1.380470,-0.918596,0.007227,0.028074,-0.179806,-1.197744,0.035928,1.407530,-0.008237,0.017279
7.600000,0.011773,0.041885,-0.003961,-0.484867,-1.304482,1.288309,-0.873588,0.009666,0.031950,-0.188262,-1.191209,0.049129,1.472634,-0.009640,0.023521
7.633333,-0.000057,0.038795,-0.009431,-0.454654,-1.311955,1.200050,-0.866698,0.007943,0.021646,-0.195883,-1.172957,0.068443,1.516869,-0.002266,0.014731
7.666667,-0.001393,0.039737,-0.023261,-0.464442,-1.297747,1.151789,-0.894086,0.010741,0.024126,-0.188781,-1.160551,0.055035,1.546498,0.001325,0.014235
7.700000,0.002082,0.041822,-0.015141,-0.511205,-1.273226,1.143530,-0.939399,0.015358,0.025613,-0.186103,-1.154494,0.038592,1.548126,0.003790,0.011956
7.733333,0.005573,0.033329,-0.011536,-0.563412,-1.256972,1.162492,-0.999399,0.016477,0.017025,-0.175540,-1.133383,0.025545,1.528147,0.004935,0.006097
7.766667,0.002345,0.034897,-0.016733,-0.642342,-1.245685,1.196586,-1.099399,0.016006,0.019664,-0.166319,-1.104859,0.015693,1.527269,0.004573,0.005080
7.800000,0.002567,0.035251,-0.014112,-0.692372,-1.225005,1.218939,-1.199399,0.013063,0.023157,-0.151509,-1.080272,0.009151,1.528759,0.004029,0.006347
7.833333,0.001610,0.035795,-0.005640,-0.702401,-1.195324,1.201293,-1.299399,0.007132,0.020156,-0.170708,-1.049242,0.018768,1.521585,0.001772,0.007033
7.866667,-0.002526,0.039250,-0.008016,-0.691054,-1.160274,1.143646,-1.386773,0.006229,0.023466,-0.208223,-1.024559,0.009855,1.528767,0.002292,0.001715
7.900000,-0.004013,0.039510,-0.006460,-0.662946,-1.135973,1.058778,-1.460894,0.007863,0.022972,-0.268280,-1.015478,-0.022059,1.548745,0.002934,0.000817
7.933333,-0.002335,0.033921,-0.002409,-0.639957,-1.105996,0.958778,-1.515014,0.011236,0.015497,-0.344062,-1.026895,-0.067227,1.549624,0.003051,0.001087
7.966667,0.000251,0.040828,-0.005340,-0.656968,-1.102520,0.882757,-1.549134,0.011162,0.018631,-0.444062,-1.050923,-0.140729,1.556354,-0.003490,0.001454
8.000000,-0.009334,0.038840,-0.006675,-0.713979,-1.121218,0.846736,-1.563254,0.013439,0.012556,-0.544062,-1.084717,-0.233325,1.565597,-0.003059,-0.001818
8.033333,0.001662,0.034440,-0.006741,-0.792366,-1.143617,0.850715,-1.570000,0.012056,0.006729,-0.644062,-1.128181,-0.328909,1.569242,-0.008072,-0.004755
8.066667,0.007418,0.035630,-0.011457,-0.887513,-1.162367,0.894695,-1.569218,0.016840,0.011332,-0.744062,-1.172261,-0.428909,1.569242,-0.022074,-0.002993
8.100000,0.004454,0.037572,-0.013233,-0.974094,-1.196764,0.978674,-1.561110,0.018764,0.007961,-0.837972,-1.194776,-0.528909,1.569242,-0.022820,-0.005451
8.133333,0.004000,0.027606,-0.010173,-1.033652,-1.206792,1.078674,-1.547859,0.019172,0.002371,-0.916056,-1.211005,-0.628909,1.569242,-0.018783,-0.014159
8.166667,0.014182,0.026966,-0.008458,-1.088617,-1.210354,1.178674,-1.542529,0.017112,0.000305,-0.978567,-1.230428,-0.728909,1.570000,-0.024826,-0.016933
8.200000,0.013007,0.026680,-0.004940,-1.119516,-1.223749,1.275116,-1.530335,0.020986,-0.000395,-1.020622,-1.245147,-0.828909,1.570000,-0.020905,-0.013830
8.233333,0.011146,0.029441,0.002968,-1.117367,-1.233270,1.360259,-1.505892,0.018595,-0.004475,-1.036978,-1.243466,-0.928909,1.570000,-0.005047,-0.016217
8.266667,0.027163,0.037993,0.009599,-1.115948,-1.217807,1.405402,-1.474431,0.021333,0.011760,-1.024849,-1.265056,-1.028909,1.570000,-0.011424,-0.015057
8.300000,0.026583,0.044435,0.015249,-1.114062,-1.231196,1.410546,-1.468114,0.021376,0.015884,-1.015888,-1.276340,-1.128909,1.570000,-0.011679,-0.010731
8.333333,0.020554,0.045922,0.008327,-1.088645,-1.237936,1.384965,-1.454675,0.027799,0.017336,-0.993926,-1.281457,-1.228909,1.570000,-0.007027,-0.007834
8.366667,0.018625,0.052498,0.008059,-1.047293,-1.241606,1.322942,-1.431598,0.020520,0.023826,-0.952421,-1.284040,-1.288909,1.570000,-0.006986,-0.002772
8.400000,0.016843,0.047239,0.006468,-0.998989,-1.256613,1.232219,-1.431678,0.015541,0.022623,-0.896615,-1.290062,-1.308909,1.550000,-0.009733,-0.000838
8.433333,0.007453,0.040671,-0.002300,-0.923375,-1.281579,1.141495,-1.433892,0.009580,0.013381,-0.835382,-1.275135,-1.288909,1.510000,-0.000361,-0.002000
8.466667,0.006260,0.042306,-0.009272,-0.836547,-1.294563,1.050771,-1.417211,0.008719,0.012074,-0.746809,-1.287511,-1.228909,1.452011,-0.004599,0.007792
8.500000,0.005668,0.039860,-0.001421,-0.744664,-1.319880,0.950771,-1.381583,0.005521,0.014021,-0.649695,-1.305997,-1.128909,1.377455,-0.008086,0.006178
8.533333,0.006597,0.035543,-0.004092,-0.657081,-1.342548,0.850771,-1.361570,0.011400,0.010994,-0.569726,-1.327738,-1.028909,1.292385,-0.007670,0.001679
8.566667,0.005711,0.033286,-0.004812,-0.598028,-1.361438,0.764709,-1.338090,0.016381,0.014721,-0.513484,-1.344313,-0.928909,1.243153,-0.015763,0.004272
8.600000,0.001572,0.027687,-0.002034,-0.552194,-1.372314,0.683544,-1.322511,0.016872,0.007569,-0.471040,-1.371104,-0.828909,1.198067,-0.020208,0.001672
8.633333,0.002971,0.023599,0.002646,-0.527485,-1.357785,0.623791,-1.302582,0.015325,0.005939,-0.461636,-1.373689,-0.753034,1.174998,-0.014177,-0.008628
8.666667,0.004311,0.028230,-0.001049,-0.509390,-1.341162,0.604038,-1.290911,0.017509,0.008503,-0.480715,-1.376835,-0.711990,1.173640,-0.016506,-0.011478
8.700000,0.004037,0.027630,-0.000311,-0.495475,-1.337679,0.584286,-1.275561,0.018475,0.005304,-0.493559,-1.374373,-0.700739,1.182521,-0.015185,-0.009891
8.733333,0.012022,0.029528,-0.005929,-0.459729,-1.324482,0.565271,-1.233553,0.017009,0.004772,-0.517085,-1.380739,-0.719462,1.189096,-0.009522,-0.020302
8.766667,0.014343,0.033344,-0.012827,-0.421513,-1.333042,0.541361,-1.184553,0.014703,0.005701,-0.526812,-1.383499,-0.774245,1.191929,-0.009716,-0.018508
8.800000,0.013574,0.036461,-0.013988,-0.368645,-1.361602,0.496038,-1.119188,0.016800,0.006678,-0.515944,-1.395132,-0.844902,1.184464,-0.011335,-0.016023
8.833333,0.010060,0.032473,-0.010957,-0.323456,-1.378641,0.424038,-1.061984,0.015262,0.007672,-0.495722,-1.390338,-0.906393,1.175930,-0.009056,-0.010111
8.866667,0.008457,0.036264,-0.008900,-0.297531,-1.383626,0.356493,-0.998106,0.012958,0.014749,-0.476813,-1.395923,-0.959516,1.178818,-0.015882,-0.010780
8.900000,0.001317,0.037225,-0.002069,-0.264907,-1.396823,0.298607,-0.948746,0.008658,0.013888,-0.441398,-1.386871,-1.016760,1.153427,-0.015300,-0.010325
8.933333,-0.001374,0.035577,0.006381,-0.240935,-1.396823,0.260720,-0.910686,0.008949,0.016721,-0.425983,-1.377818,-1.057944,1.147633,-0.014634,-0.015722
8.966667,0.003225,0.030722,0.007914,-0.240900,-1.376823,0.262833,-0.873751,0.009452,0.013955,-0.398126,-1.354113,-1.059128,1.128109,-0.004846,-0.020474
9.000000,0.012660,0.031686,0.009734,-0.246617,-1.375887,0.291623,-0.835820,0.008009,0.015916,-0.348251,-1.336073,-1.034648,1.084510,-0.005746,-0.022456
9.033333,0.013670,0.026850,0.007628,-0.245798,-1.373677,0.355959,-0.810365,0.004615,0.010373,-0.293093,-1.315667,-0.988743,1.009764,-0.000210,-0.026819
9.066667,0.011793,0.028753,0.001858,-0.263268,-1.362219,0.432358,-0.788539,0.000894,0.008438,-0.242231,-1.293031,-0.908744,0.933828,0.004186,-0.025933
9.100000,0.012848,0.028488,-0.002910,-0.274393,-1.343866,0.491785,-0.758836,-0.006233,0.003756,-0.188648,-1.278756,-0.808743,0.838655,0.006388,-0.024252
9.133333,0.011155,0.032693,-0.005862,-0.273990,-1.357504,0.522870,-0.749703,-0.013842,0.004402,-0.153962,-1.287625,-0.708743,0.759979,-0.003856,-0.021757
9.166667,-0.004081,0.034211,-0.018725,-0.255129,-1.356872,0.539077,-0.735378,-0.014859,-0.006319,-0.140747,-1.279349,-0.608743,0.702248,-0.000303,-0.027907
9.200000,-0.004901,0.036654,-0.023731,-0.247707,-1.344695,0.528314,-0.720662,-0.014020,-0.008303,-0.135323,-1.283049,-0.522337,0.664178,0.003485,-0.019478
9.233333,-0.002083,0.033497,-0.019967,-0.235452,-1.350775,0.489161,-0.711240,-0.013503,-0.009457,-0.129935,-1.295948,-0.443845,0.637374,0.000018,-0.018421
9.266667,-0.005028,0.035030,-0.025776,-0.216564,-1.369128,0.452835,-0.711312,-0.008221,-0.013790,-0.118854,-1.286385,-0.378243,0.630163,-0.006072,-0.016161
9.300000,-0.006267,0.042418,-0.028348,-0.217502,-1.367161,0.443834,-0.709367,-0.004949,-0.009241,-0.119600,-1.293679,-0.352642,0.646455,-0.001193,-0.011460
9.333333,0.003741,0.039962,-0.018700,-0.226090,-1.371552,0.431861,-0.719398,-0.008622,-0.002691,-0.121822,-1.309096,-0.359937,0.656070,-0.002511,-0.009527
9.366667,0.009886,0.039495,-0.015343,-0.221952,-1.364105,0.426057,-0.720178,-0.004454,0.005697,-0.132321,-1.296812,-0.393639,0.669880,-0.010343,-0.016921
9.400000,0.012187,0.049517,-0.016395,-0.232719,-1.363842,0.452243,-0.736260,-0.006751,0.007108,-0.140624,-1.275595,-0.459426,0.696728,-0.015746,-0.010193
9.433333,0.015551,0.047252,-0.008601,-0.256532,-1.354554,0.491333,-0.752603,-0.008509,0.012785,-0.165091,-1.286331,-0.531631,0.732269,-0.009535,-0.014254
9.466667,0.018873,0.042198,-0.005329,-0.260434,-1.349266,0.517896,-0.771761,-0.008325,0.009391,-0.192084,-1.278639,-0.580934,0.742241,-0.008158,-0.020602
9.500000,0.022666,0.043826,-0.006050,-0.277836,-1.350918,0.551004,-0.790006,-0.009329,0.010807,-0.204844,-1.266544,-0.623020,0.751627,-0.009397,-0.012518
9.533333,0.017056,0.043010,-0.004404,-0.291297,-1.369334,0.580535,-0.813378,-0.015049,0.003197,-0.209228,-1.277940,-0.625107,0.756257,-0.007091,-0.009657
9.566667,0.021390,0.038781,-0.001277,-0.299592,-1.371048,0.590828,-0.820045,-0.006740,0.008379,-0.213947,-1.312721,-0.589337,0.757820,-0.002206,-0.014303
9.600000,0.023832,0.041394,0.003885,-0.310577,-1.377901,0.606821,-0.821621,-0.002608,0.015401,-0.212358,-1.331234,-0.543995,0.735289,-0.006737,-0.011165
9.633333,0.019629,0.037274,0.002872,-0.319449,-1.376762,0.614933,-0.828634,-0.005553,0.016010,-0.185454,-1.330632,-0.482439,0.698328,-0.010006,-0.008758
9.666667,0.018554,0.037048,0.004956,-0.311114,-1.364344,0.625965,-0.817860,-0.002396,0.018546,-0.180388,-1.345471,-0.399161,0.664478,-0.011013,-0.019167
9.700000,0.026106,0.034614,0.003528,-0.307792,-1.355696,0.626782,-0.815065,-0.004939,0.014143,-0.181758,-1.357677,-0.324481,0.611529,-0.008864,-0.020304
9.733333,0.018580,0.029902,0.002060,-0.304270,-1.347770,0.621820,-0.814821,-0.010616,0.008414,-0.174554,-1.341306,-0.262350,0.544582,-0.007543,-0.019162
9.766667,0.012685,0.032094,-0.005453,-0.283836,-1.326845,0.610651,-0.798564,-0.011039,0.008793,-0.160938,-1.312236,-0.205864,0.486086,-0.009783,-0.017362
9.800000,0.014202,0.036682,-0.002698,-0.275493,-1.318285,0.592576,-0.783661,-0.007660,0.016687,-0.163321,-1.315079,-0.166832,0.445146,-0.009831,-0.012362
9.833333,0.012304,0.034730,-0.005722,-0.269366,-1.323041,0.552916,-0.785062,-0.008085,0.009833,-0.158911,-1.312496,-0.140113,0.413672,-0.006212,-0.008231
9.866667,0.001864,0.029834,-0.012572,-0.249914,-1.319040,0.515940,-0.778160,-0.000827,0.013375,-0.148694,-1.279146,-0.123169,0.407389,-0.004438,-0.000939
9.900000,0.005339,0.035782,-0.014214,-0.231531,-1.313060,0.467189,-0.760328,-0.001832,0.014074,-0.147891,-1.282005,-0.113558,0.406631,-0.000619,0.000305
9.933333,0.006705,0.033355,-0.013009,-0.223960,-1.317717,0.402447,-0.754127,-0.004807,0.004337,-0.155355,-1.286531,-0.097566,0.396422,0.004617,-0.001533
9.966667,0.003281,0.034861,-0.024609,-0.209800,-1.302331,0.346432,-0.728867,-0.000174,0.001176,-0.169525,-1.289696,-0.076908,0.396247,0.008081,-0.005912
10.000000,0.006597,0.037792,-0.025547,-0.203630,-1.282657,0.280388,-0.683972,-0.002469,0.008588,-0.169157,-1.285663,-0.071547,0.376967,0.009429,0.001803
10.033333,0.009065,0.044494,-0.020801,-0.202523,-1.278960,0.206252,-0.630721,-0.008019,0.013035,-0.175168,-1.305569,-0.051082,0.341296,0.002932,-0.005709
10.066667,0.004287,0.047031,-0.026014,-0.199731,-1.271577,0.141527,-0.570653,-0.012063,0.018607,-0.180742,-1.302333,-0.027290,0.312118,-0.000618,-0.008337
10.100000,0.006832,0.048141,-0.024853,-0.209962,-1.265885,0.112969,-0.513954,-0.014033,0.024859,-0.187201,-1.304943,-0.027004,0.302994,-0.000582,-0.002425
10.133333,0.006192,0.043771,-0.015570,-0.222733,-1.260192,0.064014,-0.460885,-0.023120,0.025248,-0.180307,-1.294270,-0.019111,0.271476,-0.008999,-0.001871
10.166667,0.002296,0.050042,-0.015072,-0.230773,-1.244609,0.050714,-0.414535,-0.026516,0.025419,-0.184614,-1.282999,-0.010398,0.262644,-0.016675,-0.001475
10.200000,0.001341,0.050419,-0.012464,-0.249561,-1.219398,0.051677,-0.380509,-0.024122,0.027016,-0.181850,-1.271644,-0.016310,0.255873,-0.015782,0.006835
10.233333,0.006808,0.039505,-0.008200,-0.267603,-1.190163,0.054878,-0.363694,-0.020491,0.020272,-0.181706,-1.272175,-0.015208,0.256801,-0.017121,0.006858
10.266667,0.009580,0.037866,-0.010608,-0.272371,-1.151756,0.036531,-0.332225,-0.014656,0.024704,-0.173663,-1.271771,0.003700,0.262465,-0.028116,0.001086
10.300000,0.014393,0.036559,-0.013235,-0.274026,-1.122504,0.047269,-0.322203,-0.011230,0.021750,-0.171339,-1.251637,0.000495,0.285221,-0.028701,0.005730
10.333333,0.012298,0.026782,-0.007607,-0.284560,-1.088693,0.037895,-0.326081,-0.006399,0.024473,-0.165417,-1.246732,0.014045,0.310106,-0.020350,-0.000075
10.366667,0.018077,0.021206,-0.008449,-0.288272,-1.047130,0.020356,-0.325560,-0.005503,0.026082,-0.173195,-1.227532,0.029584,0.353755,-0.026926,-0.010927
10.400000,0.013828,0.022271,-0.008693,-0.284248,-1.006762,0.012546,-0.325114,-0.000400,0.031370,-0.171237,-1.201718,0.038441,0.366382,-0.027496,-0.010010
10.433333,0.009600,0.022816,-0.005221,-0.271580,-0.960252,0.022397,-0.332058,-0.007176,0.025169,-0.171646,-1.160443,0.029351,0.359766,-0.017768,-0.009482
10.466667,0.016147,0.024008,-0.000934,-0.251727,-0.921336,0.037416,-0.316916,-0.002822,0.029805,-0.170631,-1.146822,0.023740,0.345474,-0.020987,-0.003938
10.500000,0.022121,0.027667,0.000719,-0.232807,-0.910399,0.036890,-0.307002,-0.002974,0.024401,-0.171803,-1.144235,0.019164,0.303322,-0.026241,0.001649
10.533333,0.010348,0.030695,-0.004911,-0.215646,-0.926650,0.041883,-0.310113,-0.006018,0.019653,-0.159375,-1.148740,0.008088,0.259683,-0.019291,0.008897
10.566667,0.005759,0.039618,-0.007150,-0.217318,-0.953969,0.049059,-0.324491,-0.011396,0.024829,-0.153727,-1.171116,-0.022707,0.256045,-0.021329,0.017109
10.600000,0.009560,0.041886,-0.005735,-0.216907,-1.015782,0.051796,-0.351832,-0.012558,0.031992,-0.149180,-1.227020,-0.060858,0.282903,-0.021092,0.023256
10.633333,-0.002990,0.037098,-0.010649,-0.213090,-1.092427,0.045145,-0.405565,-0.013068,0.022962,-0.158293,-1.255270,-0.114308,0.335149,-0.014665,0.016485
10.666667,-0.003391,0.038338,-0.022620,-0.220416,-1.151832,0.078495,-0.471423,-0.006494,0.024498,-0.188396,-1.263266,-0.194797,0.423284,-0.008118,0.012525
10.700000,0.003257,0.040806,-0.011711,-0.249326,-1.203853,0.140231,-0.548291,-0.004396,0.025023,-0.243831,-1.267736,-0.292886,0.523284,-0.001745,0.012066
10.733333,0.008422,0.034802,-0.008019,-0.285509,-1.241701,0.215195,-0.629762,-0.000381,0.015460,-0.318825,-1.257033,-0.392886,0.623284,0.002414,0.000337
10.766667,0.000058,0.036541,-0.011869,-0.356604,-1.262910,0.300060,-0.729762,0.002981,0.013669,-0.414066,-1.228760,-0.492886,0.723284,0.003654,-0.004082
10.800000,0.001133,0.038338,-0.008366,-0.455387,-1.268356,0.400060,-0.829762,0.002042,0.016247,-0.514066,-1.226767,-0.592886,0.823285,0.005796,-0.008330
10.833333,-0.000519,0.037159,0.000597,-0.555387,-1.259788,0.500060,-0.929762,-0.002668,0.014953,-0.614066,-1.225625,-0.692886,0.923285,0.003479,-0.008705
10.866667,-0.008222,0.039696,-0.002774,-0.635593,-1.237231,0.600060,-1.029763,-0.001076,0.020513,-0.687701,-1.214280,-0.792886,1.023285,-0.002759,-0.016552
10.900000,-0.011631,0.038829,-0.001444,-0.678519,-1.230135,0.700060,-1.124221,0.001306,0.018738,-0.730441,-1.204343,-0.892886,1.123285,-0.000941,-0.017181
10.933333,-0.009820,0.034254,0.002382,-0.681444,-1.215618,0.800060,-1.178679,0.005551,0.017581,-0.733181,-1.197798,-0.992886,1.223285,0.004916,-0.016021
10.966667,-0.006041,0.038027,-0.001204,-0.644370,-1.207618,0.881148,-1.193137,0.003482,0.022702,-0.695921,-1.172749,-1.073514,1.292884,-0.000944,-0.010707
11.000000,-0.012299,0.037516,-0.004637,-0.567295,-1.206191,0.922235,-1.167595,-0.000686,0.019329,-0.618660,-1.153592,-1.114142,1.322484,-0.002320,-0.010580
11.033333,-0.002130,0.034133,-0.005326,-0.470015,-1.198976,0.923322,-1.102053,-0.006094,0.012787,-0.527765,-1.150521,-1.114770,1.312084,-0.002112,-0.009779
11.066667,0.005136,0.034810,-0.011794,-0.370015,-1.163882,0.884410,-1.002053,-0.006454,0.017776,-0.427765,-1.138638,-1.075397,1.261684,-0.017725,-0.003734
11.100000,0.006779,0.033481,-0.015372,-0.270015,-1.129664,0.805497,-0.902053,-0.008117,0.011025,-0.327765,-1.107405,-0.996025,1.171283,-0.025441,-0.001164
11.133333,0.002240,0.026422,-0.014385,-0.183548,-1.073108,0.705497,-0.828308,-0.009896,0.005443,-0.231982,-1.068395,-0.896025,1.073332,-0.021279,-0.007747
11.166667,0.008706,0.025149,-0.015342,-0.118818,-1.001233,0.605497,-0.794563,-0.011409,0.004428,-0.158251,-1.014966,-0.796025,1.015381,-0.024760,-0.005658
11.200000,0.004704,0.024907,-0.015053,-0.071353,-0.932826,0.505497,-0.798217,-0.007068,0.004064,-0.103960,-0.962751,-0.696025,0.997429,-0.021577,0.001794
11.233333,-0.004222,0.028488,-0.007983,-0.038250,-0.879165,0.405497,-0.809169,-0.008792,0.000680,-0.073910,-0.916493,-0.596025,1.019478,-0.008421,0.004806
11.266667,0.009110,0.039048,-0.002284,-0.038212,-0.822063,0.305497,-0.820120,-0.005171,0.015235,-0.051526,-0.910003,-0.496025,1.072690,-0.009389,0.006794
11.300000,0.011196,0.045474,0.002800,-0.045683,-0.804961,0.205497,-0.811717,-0.006507,0.017086,-0.055553,-0.912763,-0.396025,1.130697,-0.009097,0.012709
11.333333,0.007238,0.046387,-0.002951,-0.050732,-0.801127,0.108456,-0.773322,0.000371,0.017583,-0.051697,-0.932592,-0.296025,1.167099,-0.006780,0.014359
11.366667,0.007863,0.052616,-0.003046,-0.078515,-0.822516,0.051414,-0.697527,-0.005294,0.023517,-0.062716,-0.967647,-0.196025,1.163501,-0.008906,0.017432
11.400000,0.013273,0.047414,-0.003153,-0.119725,-0.869159,0.014806,-0.614436,-0.007595,0.024805,-0.079968,-1.017609,-0.096025,1.119902,-0.010525,0.015934
11.433333,0.003812,0.040975,-0.009676,-0.149208,-0.942427,0.018197,-0.557780,-0.013458,0.017608,-0.125741,-1.058814,-0.028300,1.045140,-0.007902,0.015318
11.466667,0.004544,0.042080,-0.015888,-0.192923,-1.015696,0.061589,-0.534223,-0.010634,0.016545,-0.163685,-1.128786,-0.000575,0.963535,-0.010658,0.022359
11.500000,0.002024,0.039425,-0.007166,-0.242881,-1.115421,0.142022,-0.540658,-0.010808,0.018611,-0.220667,-1.204504,-0.010589,0.863536,-0.011456,0.018695
11.533333,0.000405,0.033115,-0.007915,-0.279913,-1.202338,0.222455,-0.587093,-0.004838,0.013349,-0.283335,-1.262857,-0.060603,0.796317,-0.012861,0.014845
11.566667,-0.001832,0.029515,-0.009002,-0.329156,-1.277768,0.322455,-0.673529,0.001717,0.015235,-0.355528,-1.293565,-0.150617,0.769099,-0.017014,0.016177
11.600000,-0.008424,0.023592,-0.005087,-0.397063,-1.324995,0.422455,-0.767618,0.003587,0.008269,-0.431535,-1.315634,-0.248357,0.781880,-0.018098,0.008246
11.633333,-0.008810,0.020172,0.001247,-0.459606,-1.332221,0.522455,-0.840322,0.002832,0.006929,-0.524741,-1.305628,-0.346096,0.834662,-0.011925,-0.004187
11.666667,-0.005213,0.025061,0.000176,-0.515753,-1.321836,0.622455,-0.894400,0.006191,0.010332,-0.603302,-1.290003,-0.446096,0.927443,-0.012951,-0.010890
11.700000,-0.001191,0.025758,0.003061,-0.562720,-1.318509,0.722455,-0.933796,0.007462,0.011722,-0.656762,-1.271710,-0.546096,1.027443,-0.009588,-0.014630
11.733333,0.004159,0.027571,0.000291,-0.580355,-1.300286,0.822455,-0.940219,0.007638,0.008432,-0.705371,-1.282686,-0.646096,1.125649,-0.006085,-0.022700
11.766667,0.008480,0.033109,-0.006276,-0.577572,-1.308836,0.912628,-0.941848,0.006995,0.006172,-0.713979,-1.278546,-0.746096,1.183856,-0.003395,-0.021660
11.800000,0.006773,0.036894,-0.006922,-0.560971,-1.330398,0.974564,-0.944612,0.009098,0.006203,-0.695601,-1.288748,-0.846096,1.205632,-0.004148,-0.022196
11.833333,0.002368,0.034315,-0.004785,-0.543111,-1.336876,1.004434,-0.943799,0.004744,0.001889,-0.671820,-1.290243,-0.946096,1.199698,-0.005081,-0.016406
11.866667,0.002221,0.038449,-0.004431,-0.522737,-1.339152,0.994304,-0.917668,0.005314,0.006445,-0.633140,-1.315589,-1.046096,1.153765,-0.011610,-0.012427
11.900000,-0.003637,0.040049,0.000485,-0.491694,-1.360806,0.944174,-0.884510,-0.001912,0.006456,-0.559312,-1.327605,-1.106097,1.069625,-0.011507,-0.010876
11.933333,-0.006467,0.036200,0.007957,-0.447434,-1.363890,0.863871,-0.829443,-0.002941,0.009976,-0.485484,-1.352364,-1.126096,0.985485,-0.014535,-0.011509
11.966667,0.000474,0.030996,0.008292,-0.387081,-1.353961,0.771805,-0.754627,0.003823,0.010486,-0.408640,-1.358217,-1.106097,0.897776,-0.012001,-0.012252
12.000000,0.012445,0.030849,0.009571,-0.324614,-1.365961,0.671805,-0.672490,0.006733,0.016241,-0.348974,-1.370594,-1.046096,0.812787,-0.011350,-0.013098
12.033333,0.012490,0.026601,0.006604,-0.270982,-1.371265,0.571805,-0.611988,0.004652,0.010676,-0.304963,-1.367065,-0.946096,0.749202,-0.004873,-0.018023
12.066667,0.012160,0.029548,0.000402,-0.236282,-1.360544,0.483109,-0.572220,0.005203,0.011874,-0.285608,-1.344012,-0.850142,0.720513,0.000842,-0.020728
12.100000,0.017354,0.031337,-0.005273,-0.210868,-1.339604,0.405203,-0.540896,0.001961,0.012468,-0.280546,-1.329841,-0.774015,0.699173,0.003638,-0.020430
12.133333,0.014447,0.035660,-0.008504,-0.206629,-1.349855,0.337884,-0.529813,-0.006582,0.013030,-0.285911,-1.335223,-0.706140,0.697602,-0.002346,-0.020521
12.166667,-0.000101,0.036597,-0.022312,-0.196519,-1.347265,0.292745,-0.516096,-0.007353,0.001965,-0.283427,-1.320127,-0.668278,0.715099,0.001483,-0.024592
12.200000,0.000885,0.039347,-0.026946,-0.195851,-1.332196,0.253096,-0.489662,-0.004457,0.000392,-0.296400,-1.309618,-0.670417,0.751193,0.006285,-0.017380
12.233333,0.005037,0.037073,-0.023964,-0.190366,-1.333172,0.208921,-0.463949,-0.002028,-0.001142,-0.312335,-1.308200,-0.692641,0.790849,0.001111,-0.016071
12.266667,0.000209,0.037620,-0.029856,-0.178074,-1.347404,0.153956,-0.427865,0.007111,-0.007269,-0.353977,-1.277898,-0.730862,0.863155,-0.003189,-0.015527
12.300000,-0.001180,0.043681,-0.031808,-0.184605,-1.338390,0.111728,-0.386130,0.011312,-0.001766,-0.415195,-1.266384,-0.800832,0.955694,0.002620,-0.010295
12.333333,0.007888,0.042045,-0.021689,-0.198502,-1.334542,0.064639,-0.356867,0.010604,0.004566,-0.493924,-1.261120,-0.874071,1.054151,0.002429,-0.010749
12.366667,0.012419,0.040262,-0.019290,-0.193255,-1.319859,0.023854,-0.324320,0.015838,0.012503,-0.581541,-1.239727,-0.939107,1.152609,-0.006548,-0.019340
12.400000,0.014733,0.048237,-0.020457,-0.196737,-1.312161,0.007223,-0.301738,0.013723,0.014022,-0.666674,-1.211063,-1.019536,1.252609,-0.008336,-0.012483
12.433333,0.019562,0.045699,-0.012297,-0.211190,-1.301410,0.004354,-0.293088,0.012176,0.018832,-0.741168,-1.219967,-1.072422,1.349515,-0.002452,-0.015313
12.466667,0.024240,0.041105,-0.010389,-0.204017,-1.298578,0.002492,-0.294321,0.011641,0.014770,-0.801097,-1.209505,-1.102423,1.420503,-0.001400,-0.019375
12.500000,0.028315,0.041227,-0.011046,-0.205220,-1.306324,0.005445,-0.295599,0.010776,0.017417,-0.833324,-1.197060,-1.134029,1.468490,-0.000552,-0.009017
12.533333,0.024309,0.040782,-0.008621,-0.209533,-1.330409,0.012266,-0.301998,0.004447,0.012935,-0.839540,-1.205126,-1.140772,1.496417,0.002647,-0.006193
12.566667,0.028444,0.036845,-0.005440,-0.213474,-1.338367,0.002258,-0.294969,0.011741,0.018799,-0.829713,-1.238989,-1.127875,1.488912,0.005647,-0.011584
12.600000,0.030349,0.040281,-0.000906,-0.220907,-1.351526,0.000353,-0.282332,0.015491,0.027703,-0.791757,-1.259728,-1.124843,1.444501,0.001185,-0.010221
12.633333,0.026652,0.036659,-0.001625,-0.227270,-1.357109,-0.009709,-0.275275,0.013787,0.027717,-0.728366,-1.265898,-1.107440,1.386008,-0.004349,-0.010011
12.666667,0.024020,0.037224,0.000068,-0.221684,-1.344514,-0.002390,-0.257776,0.013778,0.029468,-0.652677,-1.300583,-1.055150,1.310516,-0.007705,-0.020097
12.700000,0.030337,0.036263,-0.001871,-0.219107,-1.335180,-0.002129,-0.255063,0.012497,0.022565,-0.562999,-1.334527,-0.995925,1.215084,-0.009665,-0.021021
12.733333,0.025159,0.032594,-0.002367,-0.216235,-1.325783,0.006763,-0.264203,0.006625,0.018076,-0.464232,-1.342540,-0.916816,1.115084,-0.009130,-0.017808
12.766667,0.019835,0.034229,-0.010137,-0.200143,-1.303267,0.029605,-0.279652,0.004791,0.016566,-0.369135,-1.331130,-0.819560,1.015084,-0.012439,-0.014247
12.800000,0.019398,0.040770,-0.007709,-0.203729,-1.295895,0.076275,-0.305048,0.006931,0.022623,-0.314037,-1.342662,-0.736134,0.915084,-0.012173,-0.007403
12.833333,0.014834,0.038174,-0.010241,-0.211153,-1.305881,0.121405,-0.360528,0.005732,0.017550,-0.297040,-1.335596,-0.677479,0.829047,-0.009462,-0.006552
12.866667,0.002747,0.033150,-0.016387,-0.219504,-1.308994,0.197934,-0.430466,0.012735,0.020037,-0.309938,-1.296207,-0.646574,0.783009,-0.003245,0.000372
12.900000,0.003101,0.038430,-0.018782,-0.245677,-1.301301,0.291728,-0.510560,0.014623,0.015391,-0.362836,-1.285535,-0.655258,0.776972,-0.001305,-0.000485
12.933333,0.001208,0.036560,-0.017286,-0.301766,-1.298663,0.389705,-0.610560,0.011145,0.005094,-0.450831,-1.271126,-0.674367,0.810934,0.004834,-0.006429
12.966667,-0.000142,0.037054,-0.027951,-0.342250,-1.272594,0.487683,-0.710560,0.017373,-0.000160,-0.510614,-1.258689,-0.676902,0.884897,0.010714,-0.012055
13.000000,0.004576,0.042648,-0.028869,-0.366039,-1.234437,0.547683,-0.810560,0.019941,0.000986,-0.532297,-1.233597,-0.654667,0.984897,0.014818,-0.005290
13.033333,0.009029,0.049406,-0.022158,-0.375270,-1.214540,0.567683,-0.910560,0.014731,0.001682,-0.531984,-1.232679,-0.604681,1.084897,0.010641,-0.010133
13.066667,0.005124,0.052309,-0.026126,-0.359331,-1.212142,0.549335,-1.010560,0.012021,0.005082,-0.517244,-1.209907,-0.526562,1.184897,0.010512,-0.010526
13.100000,0.007993,0.053456,-0.022569,-0.327618,-1.214184,0.521590,-1.110560,0.009983,0.008419,-0.482923,-1.201453,-0.462143,1.284897,0.012724,-0.001898
13.133333,0.007295,0.049419,-0.012293,-0.298008,-1.225643,0.468071,-1.197219,0.000039,0.006612,-0.454640,-1.183647,-0.416939,1.360175,0.006061,-0.000618
13.166667,0.006184,0.056149,-0.010614,-0.300538,-1.253863,0.454552,-1.243877,-0.004363,0.011404,-0.463243,-1.187348,-0.411735,1.395454,-0.002263,-0.000148
13.200000,0.003132,0.057406,-0.008998,-0.311567,-1.289785,0.481032,-1.250536,-0.002506,0.014303,-0.471019,-1.204661,-0.446531,1.390732,-0.002648,0.003405
13.233333,0.010672,0.047605,-0.004143,-0.324213,-1.318758,0.513118,-1.217194,-0.002530,0.011708,-0.465631,-1.239152,-0.509872,1.346011,-0.003486,0.002978
13.266667,0.014818,0.048151,-0.007125,-0.321341,-1.346170,0.516571,-1.143853,0.003693,0.017747,-0.439823,-1.288254,-0.570681,1.261289,-0.014628,-0.003115
13.300000,0.019086,0.046683,-0.008686,-0.314732,-1.384165,0.513694,-1.043853,0.002964,0.017821,-0.405641,-1.326697,-0.618684,1.161289,-0.014908,-0.001047
13.333333,0.015206,0.036625,-0.003362,-0.301718,-1.406447,0.482067,-0.943853,0.004879,0.019263,-0.350314,-1.367479,-0.627368,1.061289,-0.010143,-0.004853
13.366667,0.020782,0.030407,-0.003092,-0.291679,-1.410000,0.416245,-0.843853,0.003030,0.021797,-0.314073,-1.390472,-0.607047,0.961289,-0.016219,-0.013152
13.400000,0.015350,0.033197,-0.003479,-0.281931,-1.410000,0.369395,-0.743853,0.007556,0.025395,-0.277165,-1.400686,-0.555017,0.861289,-0.020035,-0.013639
13.433333,0.012109,0.031810,0.000797,-0.274069,-1.406758,0.350814,-0.647799,0.001424,0.020279,-0.258491,-1.393658,-0.504948,0.761289,-0.013052,-0.014153
13.466667,0.016503,0.033125,0.003752,-0.260942,-1.392990,0.363551,-0.570794,0.009037,0.024939,-0.252073,-1.398007,-0.480776,0.661289,-0.018943,-0.008481
13.500000,0.022243,0.036184,0.005794,-0.252438,-1.392990,0.369073,-0.528896,0.008455,0.018060,-0.246435,-1.398007,-0.475737,0.580612,-0.018193,-0.006591
13.533333,0.010562,0.040385,-0.000596,-0.245162,-1.392990,0.389705,-0.517065,0.003798,0.014693,-0.231804,-1.389253,-0.485929,0.529769,-0.013764,-0.000619
13.566667,0.004447,0.048654,-0.003668,-0.261149,-1.392013,0.415849,-0.530956,-0.000149,0.021960,-0.231428,-1.389253,-0.516920,0.518452,-0.012878,0.007511
13.600000,0.005078,0.050218,-0.002799,-0.282920,-1.392358,0.450386,-0.556349,-0.000330,0.027555,-0.241101,-1.396281,-0.564355,0.534968,-0.011358,0.013156
13.633333,-0.005619,0.046529,-0.008536,-0.299153,-1.401469,0.452357,-0.591899,-0.002668,0.021168,-0.253291,-1.393413,-0.600735,0.567668,-0.006303,0.005006
13.666667,-0.005450,0.046579,-0.021302,-0.296967,-1.394718,0.460496,-0.597800,0.003650,0.024636,-0.260617,-1.393413,-0.636207,0.610640,-0.005582,0.004225
13.700000,-0.000470,0.046228,-0.012959,-0.297223,-1.394718,0.457417,-0.599803,0.006598,0.024486,-0.278795,-1.400031,-0.665985,0.637299,0.000750,0.007175
13.733333,0.004800,0.038233,-0.010230,-0.268388,-1.391718,0.422599,-0.584144,0.007009,0.016729,-0.284788,-1.400031,-0.666673,0.630374,0.002575,-0.001755
13.766667,-0.001121,0.038514,-0.015230,-0.242730,-1.394614,0.365382,-0.563852,0.006919,0.019639,-0.281912,-1.396054,-0.628502,0.631471,0.000511,-0.002763
13.800000,0.000922,0.037337,-0.011983,-0.229028,-1.399272,0.301517,-0.531003,0.003684,0.023461,-0.266457,-1.403071,-0.573226,0.616385,0.001800,0.000325
13.833333,-0.002819,0.035438,-0.004053,-0.223141,-1.399238,0.227450,-0.492696,-0.002798,0.024096,-0.258704,-1.401261,-0.499044,0.571703,0.002056,0.002955
13.866667,-0.006546,0.038731,-0.006353,-0.217305,-1.390023,0.150226,-0.428221,-0.002700,0.031268,-0.238056,-1.395684,-0.404841,0.514556,-0.005554,-0.001624
13.900000,-0.009565,0.036471,-0.005166,-0.219661,-1.389618,0.096230,-0.372993,-0.002092,0.031761,-0.225036,-1.395269,-0.310638,0.461041,-0.006263,-0.001185
13.933333,-0.008765,0.032975,-0.001419,-0.226728,-1.379307,0.033093,-0.321692,-0.002208,0.029464,-0.215062,-1.399246,-0.221614,0.390646,-0.004122,-0.000168
13.966667,-0.007557,0.039342,-0.005457,-0.228464,-1.369556,-0.017015,-0.271177,-0.002543,0.031309,-0.220214,-1.397162,-0.143337,0.340412,-0.009211,0.000724
14.000000,-0.012404,0.038818,-0.007925,-0.226829,-1.360877,-0.037482,-0.240096,-0.002414,0.027215,-0.215748,-1.394457,-0.078741,0.292696,-0.012937,-0.002600
14.033333,-0.003866,0.035906,-0.009369,-0.225028,-1.347480,-0.053526,-0.230599,-0.004232,0.020396,-0.219754,-1.402084,-0.033872,0.277965,-0.015734,-0.005583
14.066667,0.001851,0.036978,-0.014904,-0.227258,-1.323589,-0.067629,-0.231847,-0.001489,0.024176,-0.224968,-1.402498,-0.008526,0.287356,-0.030227,-0.001943
14.100000,0.004282,0.037000,-0.017193,-0.219035,-1.315530,-0.065668,-0.245810,-0.000544,0.017016,-0.217575,-1.399649,-0.002562,0.288075,-0.033897,-0.002619
14.133333,0.004624,0.027792,-0.014623,-0.209883,-1.293686,-0.042557,-0.273883,-0.002010,0.012301,-0.209826,-1.389498,-0.015369,0.301975,-0.030372,-0.009676
14.166667,0.013323,0.027473,-0.013464,-0.210263,-1.285465,-0.019459,-0.322521,-0.003596,0.009100,-0.211280,-1.393893,-0.042874,0.349752,-0.034042,-0.009069
14.200000,0.010549,0.027035,-0.009768,-0.211147,-1.296906,0.030293,-0.389575,-0.001056,0.009024,-0.210912,-1.393980,-0.090141,0.403488,-0.029693,-0.004605
14.233333,0.004662,0.032715,-0.001612,-0.213011,-1.307229,0.094877,-0.457586,-0.000026,0.004906,-0.215888,-1.389308,-0.155195,0.460734,-0.011558,-0.005528
14.266667,0.016730,0.042962,0.005060,-0.241063,-1.294475,0.176303,-0.538138,0.007124,0.020022,-0.240898,-1.388410,-0.234547,0.547678,-0.013516,-0.002419
14.300000,0.015336,0.051443,0.011442,-0.294477,-1.309897,0.263550,-0.627148,0.012048,0.021933,-0.279489,-1.377716,-0.320236,0.641280,-0.014683,-0.000021
14.333333,0.010146,0.053802,0.005861,-0.361123,-1.308414,0.361168,-0.716157,0.019782,0.021800,-0.319884,-1.352656,-0.417547,0.738488,-0.009539,-0.001138
14.366667,0.010250,0.060927,0.006553,-0.445236,-1.297134,0.461168,-0.805166,0.016919,0.026657,-0.371156,-1.320463,-0.514857,0.835695,-0.008230,0.001033
14.400000,0.013265,0.056821,0.006833,-0.545236,-1.297079,0.561168,-0.905166,0.014608,0.022043,-0.420823,-1.287386,-0.614857,0.929740,-0.008816,-0.002335
14.433333,0.003317,0.050771,-0.000294,-0.645236,-1.305488,0.661168,-1.005166,0.009723,0.010708,-0.460307,-1.242826,-0.714857,1.001608,-0.001866,-0.006266
14.466667,0.004761,0.051144,-0.006229,-0.742273,-1.301251,0.761168,-1.105166,0.011078,0.009817,-0.478055,-1.220062,-0.814857,1.057803,-0.003634,0.002553
14.500000,0.004374,0.049354,0.001670,-0.816723,-1.306511,0.861168,-1.183779,0.009813,0.013292,-0.497262,-1.204454,-0.914857,1.093504,-0.005720,-0.000336
14.533333,0.006472,0.044550,-0.001630,-0.851172,-1.314702,0.961168,-1.222393,0.015223,0.010495,-0.494267,-1.198761,-1.014857,1.096805,-0.004955,-0.005245
14.566667,0.003899,0.039342,-0.003096,-0.845622,-1.327369,1.061168,-1.221006,0.021350,0.018965,-0.478835,-1.191162,-1.109590,1.099627,-0.012349,-0.001198
14.600000,-0.000342,0.034113,-0.000353,-0.800072,-1.335901,1.161168,-1.179619,0.022624,0.014047,-0.455632,-1.194738,-1.173343,1.094335,-0.013014,-0.005618
14.633333,0.000282,0.031530,0.003957,-0.726437,-1.322163,1.234177,-1.098232,0.019078,0.016158,-0.437543,-1.182882,-1.216112,1.082507,-0.008980,-0.019359
14.666667,0.000993,0.034616,0.001479,-0.635389,-1.310096,1.267186,-1.001088,0.019369,0.020244,-0.403147,-1.184846,-1.218882,1.061153,-0.011357,-0.020148
14.700000,-0.001375,0.032153,0.003507,-0.544342,-1.307719,1.260195,-0.919177,0.017878,0.017529,-0.359377,-1.186478,-1.181651,1.038865,-0.011229,-0.018774
14.733333,0.005310,0.033574,-0.001297,-0.453295,-1.291802,1.213204,-0.838772,0.015500,0.012804,-0.334009,-1.215572,-1.109687,1.010100,-0.009277,-0.024781
14.766667,0.006169,0.036306,-0.008899,-0.372738,-1.304732,1.126213,-0.771243,0.014814,0.013004,-0.296710,-1.247779,-1.028704,0.971626,-0.012946,-0.020812
14.800000,0.002038,0.036941,-0.010358,-0.303116,-1.331326,1.026213,-0.712666,0.010437,0.011207,-0.252008,-1.295446,-0.928704,0.915360,-0.012860,-0.016875
14.833333,-0.002890,0.033829,-0.008245,-0.256647,-1.339782,0.926213,-0.672034,0.008239,0.006634,-0.221120,-1.321645,-0.828704,0.849115,-0.014712,-0.006703
14.866667,-0.002208,0.037730,-0.007673,-0.242360,-1.337468,0.826213,-0.629104,0.007820,0.013240,-0.208498,-1.357899,-0.728704,0.788874,-0.020423,-0.002381
14.900000,-0.008347,0.040735,-0.002011,-0.237381,-1.352561,0.726213,-0.611631,-0.000892,0.011948,-0.186554,-1.368159,-0.628704,0.702238,-0.018462,0.000755
14.933333,-0.008071,0.039448,0.005814,-0.241912,-1.347653,0.626213,-0.601283,-0.005607,0.013023,-0.184609,-1.374688,-0.528704,0.635601,-0.016826,-0.000685
14.966667,-0.002998,0.034388,0.009789,-0.266555,-1.329046,0.566213,-0.621982,0.006631,0.006203,-0.206691,-1.359392,-0.468704,0.608965,-0.009275,-0.003762
15.000000,0.005037,0.031504,0.012127,-0.308045,-1.332839,0.546213,-0.661880,0.010666,0.006915,-0.249060,-1.326020,-0.448704,0.622328,-0.005526,-0.009656
15.033333,0.001008,0.024890,0.011794,-0.341380,-1.335195,0.566213,-0.728843,0.008842,-0.001565,-0.294917,-1.273356,-0.468704,0.663019,0.000533,-0.018921
15.066667,-0.000656,0.023920,0.007937,-0.380535,-1.324428,0.626213,-0.806731,0.013772,-0.004535,-0.330323,-1.213206,-0.528704,0.743019,0.005599,-0.025886
15.100000,-0.000852,0.020659,0.004051,-0.412030,-1.308763,0.720524,-0.865674,0.011794,-0.007456,-0.345729,-1.166432,-0.628704,0.840057,0.004865,-0.027243
15.133333,-0.005985,0.023028,-0.000671,-0.420302,-1.327756,0.781629,-0.902019,-0.000432,-0.003840,-0.336326,-1.141276,-0.694703,0.912232,-0.004494,-0.028467
15.166667,-0.021150,0.024332,-0.014589,-0.391723,-1.337329,0.812089,-0.898662,-0.005205,-0.013102,-0.299358,-1.125192,-0.720703,0.954905,-0.001805,-0.034834
15.200000,-0.017965,0.027263,-0.020412,-0.360837,-1.340556,0.802549,-0.855306,-0.002542,-0.013363,-0.249519,-1.135775,-0.706702,0.960232,0.002385,-0.021866
15.233333,-0.016035,0.024508,-0.017757,-0.326172,-1.355929,0.753009,-0.788585,-0.003669,-0.014707,-0.210054,-1.157067,-0.652702,0.935160,-0.001206,-0.015725
15.266667,-0.018396,0.024755,-0.023628,-0.279165,-1.377755,0.669157,-0.720809,0.002851,-0.019956,-0.178145,-1.154451,-0.558701,0.873051,-0.008610,-0.011738
15.300000,-0.016982,0.032077,-0.025772,-0.250364,-1.378499,0.578512,-0.635631,0.006959,-0.015022,-0.161000,-1.170218,-0.458701,0.822125,-0.007633,-0.002945
15.333333,-0.007158,0.030903,-0.015771,-0.231663,-1.382750,0.478512,-0.550986,0.004723,-0.006677,-0.149604,-1.194215,-0.359485,0.760699,-0.008327,-0.000011
15.366667,-0.004731,0.029669,-0.013756,-0.204534,-1.370215,0.378512,-0.466340,0.009611,0.002682,-0.145476,-1.193874,-0.274170,0.696621,-0.017198,-0.009961
15.400000,-0.002181,0.038067,-0.015038,-0.189703,-1.359171,0.278512,-0.393655,0.005770,0.008371,-0.134281,-1.184887,-0.210089,0.631978,-0.022750,-0.005197
15.433333,-0.000101,0.037117,-0.007982,-0.193271,-1.341341,0.188341,-0.339076,0.002627,0.015578,-0.139937,-1.203835,-0.146007,0.590400,-0.012541,-0.009572
15.466667,0.003939,0.032232,-0.006409,-0.176303,-1.321126,0.119258,-0.319197,0.002445,0.012871,-0.147942,-1.202042,-0.103135,0.537502,-0.008785,-0.014359
15.500000,0.008304,0.031634,-0.006748,-0.171582,-1.305626,0.069623,-0.329098,0.000604,0.013192,-0.148819,-1.188350,-0.082878,0.502328,-0.011104,-0.003073
15.533333,0.007697,0.031416,-0.004657,-0.166839,-1.303633,0.035926,-0.362806,-0.007817,0.006184,-0.146474,-1.189687,-0.050871,0.498482,-0.007605,-0.001163
15.566667,0.012712,0.027048,-0.002960,-0.157013,-1.287877,0.017443,-0.400670,-0.001895,0.008607,-0.149124,-1.208113,-0.015722,0.525599,-0.003378,-0.005060
15.600000,0.015986,0.029867,0.000824,-0.148696,-1.275237,0.013632,-0.446945,0.002113,0.013842,-0.146452,-1.200735,0.000817,0.569650,-0.010010,-0.002188
15.633333,0.012816,0.026286,0.000235,-0.140540,-1.257624,0.007212,-0.498520,0.001906,0.012064,-0.115892,-1.174098,0.020494,0.633905,-0.012769,-0.002148
15.666667,0.011166,0.026734,-0.000085,-0.120471,-1.231849,0.019724,-0.531667,0.004761,0.014847,-0.103501,-1.156134,0.044940,0.720436,-0.014252,-0.015022
15.700000,0.015476,0.024583,-0.002829,-0.109110,-1.210446,0.023550,-0.564177,0.004407,0.009107,-0.093690,-1.132300,0.057853,0.815640,-0.013961,-0.017454
15.733333,0.008621,0.020992,-0.004173,-0.101233,-1.195464,0.031148,-0.594034,0.000855,0.006686,-0.073180,-1.087159,0.069256,0.909481,-0.012605,-0.017685
15.766667,0.002389,0.021889,-0.011927,-0.082099,-1.170986,0.040630,-0.599604,0.002190,0.008330,-0.048836,-1.036948,0.082771,1.003322,-0.011021,-0.019312
15.800000,0.000944,0.026626,-0.011092,-0.084475,-1.162888,0.047341,-0.580188,0.004023,0.017952,-0.041545,-1.015622,0.101137,1.101960,-0.011839,-0.013531
15.833333,-0.003006,0.024302,-0.013681,-0.086263,-1.168359,0.034343,-0.575817,0.006323,0.014261,-0.033680,-0.999863,0.117565,1.194210,-0.008132,-0.011944
15.866667,-0.012675,0.021224,-0.019494,-0.078712,-1.171530,0.034517,-0.570282,0.012489,0.015583,-0.024083,-0.960243,0.126666,1.274027,-0.002890,-0.006259
15.900000,-0.009706,0.026994,-0.021043,-0.078057,-1.172715,0.038751,-0.556276,0.017032,0.011806,-0.025482,-0.956263,0.131631,1.345404,-0.000365,-0.004582
15.933333,-0.008384,0.024405,-0.019453,-0.085310,-1.189183,0.032515,-0.566621,0.011559,0.001800,-0.037372,-0.951100,0.142211,1.383378,0.003025,-0.008289
15.966667,-0.009531,0.025822,-0.029304,-0.083490,-1.187211,0.050571,-0.601097,0.016845,-0.003604,-0.062839,-0.954847,0.134868,1.409598,0.010763,-0.012777
16.000000,-0.007123,0.030733,-0.030338,-0.089726,-1.188946,0.088965,-0.648349,0.015740,0.001157,-0.079972,-0.955923,0.108094,1.419736,0.014242,-0.006086
16.033333,-0.005012,0.036401,-0.024548,-0.100015,-1.206899,0.118706,-0.700690,0.012381,0.003280,-0.116107,-0.986764,0.075166,1.410794,0.010132,-0.007983
16.066667,-0.011795,0.039044,-0.027986,-0.121361,-1.222855,0.165400,-0.773516,0.004007,0.008077,-0.171064,-1.014778,0.025976,1.400372,0.009896,-0.011379
16.100000,-0.011733,0.041370,-0.023647,-0.164182,-1.237795,0.236179,-0.859761,0.006330,0.012149,-0.240279,-1.059477,-0.052330,1.410081,0.014483,-0.001807
16.133333,-0.011767,0.037474,-0.013065,-0.205434,-1.250153,0.306958,-0.946858,-0.000731,0.009308,-0.314447,-1.092884,-0.139494,1.393806,0.009831,-0.004182
16.166667,-0.011729,0.043387,-0.009610,-0.242531,-1.248358,0.378726,-1.012660,-0.004228,0.007068,-0.368574,-1.132200,-0.226657,1.360000,0.002803,-0.005759
16.200000,-0.011209,0.045031,-0.005489,-0.275638,-1.239521,0.478726,-1.079382,-0.000715,0.005277,-0.388848,-1.179446,-0.326657,1.317706,-0.001170,-0.002467
16.233333,-0.000854,0.034910,-0.001177,-0.288613,-1.228295,0.558022,-1.127017,0.003220,-0.001465,-0.372857,-1.223106,-0.389525,1.246695,-0.000551,0.000356
16.266667,0.002264,0.035578,-0.003670,-0.273020,-1.215413,0.619007,-1.140096,0.004892,0.001655,-0.330214,-1.267548,-0.419532,1.148956,-0.013520,-0.007281
16.300000,0.006241,0.035381,-0.004389,-0.259361,-1.223959,0.669063,-1.146568,0.003307,-0.001586,-0.264772,-1.290424,-0.420888,1.048956,-0.015516,-0.003132
16.333333,0.004627,0.026687,0.001401,-0.260684,-1.228731,0.699320,-1.151106,0.005619,0.000735,-0.219204,-1.327079,-0.390212,0.948956,-0.010615,-0.004987
16.366667,0.007413,0.021338,0.001317,-0.271640,-1.228270,0.700973,-1.144265,0.002753,0.003550,-0.199318,-1.340132,-0.338557,0.872802,-0.017010,-0.015350
16.400000,-0.002147,0.024110,0.001463,-0.283091,-1.239322,0.721849,-1.139788,0.003038,0.006647,-0.189631,-1.350440,-0.309541,0.801109,-0.021500,-0.017183
16.433333,-0.002689,0.023447,0.005285,-0.297897,-1.234938,0.754535,-1.135970,0.000271,0.000743,-0.185554,-1.337931,-0.304388,0.741761,-0.012616,-0.017355
16.466667,0.003521,0.023868,0.008783,-0.297395,-1.219398,0.789407,-1.105956,0.007255,0.008650,-0.184991,-1.340568,-0.312524,0.702094,-0.017333,-0.010661
16.500000,0.010199,0.026571,0.010304,-0.297065,-1.224354,0.804078,-1.089511,0.007754,0.001534,-0.181342,-1.335276,-0.333398,0.686459,-0.016870,-0.008781
16.533333,0.001217,0.029639,0.003745,-0.292780,-1.242388,0.818399,-1.081599,0.003743,0.001201,-0.165989,-1.323114,-0.353204,0.671600,-0.007136,0.000674
16.566667,-0.002181,0.038544,0.001589,-0.299147,-1.239156,0.805334,-1.063096,0.004218,0.010980,-0.161320,-1.316295,-0.362219,0.676937,-0.004185,0.008570
16.600000,-0.001751,0.039200,0.002333,-0.296019,-1.256710,0.758770,-1.038488,0.002728,0.019474,-0.159598,-1.331866,-0.360546,0.675754,-0.004636,0.012489
16.633333,-0.011659,0.035180,-0.003810,-0.285692,-1.286814,0.680949,-1.011443,-0.000553,0.012626,-0.161503,-1.332827,-0.334235,0.654892,0.002702,0.004637
16.666667,-0.014191,0.035346,-0.017177,-0.262659,-1.300220,0.612799,-0.956465,0.005623,0.017892,-0.160474,-1.332294,-0.304775,0.626166,0.005632,0.003326
16.700000,-0.008375,0.035840,-0.008282,-0.242360,-1.310402,0.543497,-0.894176,0.008045,0.015830,-0.170589,-1.338041,-0.269073,0.573181,0.006585,0.005049
16.733333,-0.004657,0.027488,-0.005713,-0.203661,-1.326122,0.472148,-0.834256,0.007476,0.006041,-0.178024,-1.333943,-0.231702,0.502167,0.006288,-0.003666
16.766667,-0.008430,0.029658,-0.010138,-0.189329,-1.342848,0.440798,-0.799160,0.007664,0.006388,-0.184030,-1.321084,-0.203443,0.465326,0.006585,-0.001471
16.800000,-0.008594,0.029581,-0.007043,-0.192397,-1.353070,0.432862,-0.796295,0.004898,0.008352,-0.182891,-1.324233,-0.206380,0.446733,0.004196,0.000562
16.833333,-0.009205,0.029180,0.001783,-0.206384,-1.347996,0.448541,-0.816908,-0.002012,0.006386,-0.191224,-1.319515,-0.231760,0.443740,0.001379,0.001503
16.866667,-0.015957,0.031968,-0.001636,-0.228066,-1.326279,0.494326,-0.853043,-0.000950,0.014643,-0.199968,-1.313039,-0.285429,0.476864,-0.001532,-0.006721
16.900000,-0.016517,0.031563,-0.000494,-0.261649,-1.313015,0.571026,-0.913115,0.001013,0.014116,-0.213874,-1.308362,-0.366051,0.539799,-0.000313,-0.007576
16.933333,-0.014619,0.026956,0.003422,-0.292284,-1.288226,0.631570,-0.968862,0.000952,0.011522,-0.233877,-1.313706,-0.457248,0.592133,0.002358,-0.008401
16.966667,-0.013219,0.033206,-0.000666,-0.312508,-1.269081,0.684558,-1.008860,0.001895,0.009948,-0.266832,-1.309947,-0.557248,0.656706,-0.000117,-0.009419
17.000000,-0.020094,0.032712,-0.002425,-0.320493,-1.264725,0.728012,-1.039857,0.003153,0.008505,-0.288161,-1.309808,-0.648290,0.697721,-0.001625,-0.011579
17.033333,-0.009899,0.029719,-0.001720,-0.313428,-1.269945,0.731466,-1.049429,0.000728,-0.001083,-0.301303,-1.323514,-0.700878,0.723140,-0.003081,-0.015824
17.066667,-0.004888,0.030068,-0.006622,-0.297432,-1.273898,0.694920,-1.025867,0.003314,0.003859,-0.300889,-1.341663,-0.713466,0.721709,-0.019136,-0.010161
17.100000,-0.007060,0.030026,-0.009077,-0.266627,-1.294381,0.634530,-0.992469,0.006098,-0.003358,-0.280151,-1.345764,-0.686053,0.690879,-0.023963,-0.011188
17.133333,-0.006703,0.022319,-0.005710,-0.237203,-1.298100,0.570045,-0.947177,0.004166,-0.004946,-0.252954,-1.346595,-0.618641,0.637671,-0.019994,-0.015084
17.166667,0.002301,0.020942,-0.006322,-0.207836,-1.308543,0.481808,-0.896789,-0.002608,-0.008628,-0.226650,-1.352708,-0.520187,0.577079,-0.023632,-0.017299
17.200000,0.000837,0.020221,-0.004524,-0.179860,-1.326470,0.393663,-0.842607,0.000822,-0.005644,-0.201036,-1.348637,-0.420187,0.515516,-0.020545,-0.009781
17.233333,-0.004504,0.024412,0.002232,-0.152825,-1.335760,0.341211,-0.790302,0.000249,-0.009116,-0.184618,-1.328421,-0.320187,0.462639,-0.005124,-0.009619
17.266667,0.008060,0.034625,0.007869,-0.139308,-1.322819,0.297478,-0.727334,0.002412,0.008769,-0.168459,-1.322303,-0.221244,0.433711,-0.006161,-0.005777
17.300000,0.010109,0.038932,0.012515,-0.130707,-1.341394,0.250858,-0.685413,0.002457,0.014160,-0.155581,-1.307078,-0.136347,0.404407,-0.008009,-0.000782
17.333333,0.004559,0.040113,0.005187,-0.121623,-1.344659,0.232321,-0.657313,0.011730,0.015626,-0.145415,-1.284232,-0.066128,0.408271,-0.002628,0.004619
17.366667,0.001117,0.047762,0.004139,-0.137391,-1.337913,0.253692,-0.659327,0.006729,0.020555,-0.137644,-1.254174,-0.026397,0.432221,-0.001095,0.008693
17.400000,0.003569,0.041885,0.003048,-0.171179,-1.340059,0.279370,-0.693607,0.003291,0.016671,-0.120954,-1.217885,0.001976,0.477898,-0.001681,0.005854
17.433333,-0.006718,0.035889,-0.004108,-0.221512,-1.332680,0.336329,-0.767886,0.001999,0.004873,-0.117650,-1.162452,0.012455,0.539626,0.004592,0.004512
17.466667,-0.011706,0.037748,-0.010508,-0.293658,-1.301086,0.424412,-0.851774,0.006753,0.001840,-0.096268,-1.122825,0.007984,0.633621,0.001774,0.011668
17.500000,-0.012425,0.035976,0.000006,-0.388206,-1.278642,0.524412,-0.950050,0.005442,0.006155,-0.080895,-1.089168,0.013376,0.733621,0.000522,0.007140
17.533333,-0.009723,0.029981,-0.001623,-0.482754,-1.260791,0.624412,-1.050050,0.011759,0.003128,-0.064988,-1.071065,0.019448,0.833621,-0.001091,0.005180
17.566667,-0.011583,0.027670,-0.001233,-0.582754,-1.246165,0.724412,-1.150050,0.017255,0.013298,-0.058809,-1.059145,0.014474,0.933621,-0.007079,0.007871
17.600000,-0.011653,0.021547,0.001258,-0.666663,-1.239399,0.824412,-1.243319,0.018669,0.008262,-0.047841,-1.063684,0.014747,1.025480,-0.008766,0.002212
17.633333,-0.008673,0.019170,0.006024,-0.722374,-1.219118,0.924412,-1.307236,0.014914,0.008637,-0.055480,-1.060377,0.013124,1.093127,-0.003724,-0.010689
17.666667,-0.006443,0.022882,0.002344,-0.738085,-1.207504,1.024412,-1.331153,0.018120,0.009669,-0.064452,-1.070448,-0.015548,1.120775,-0.006061,-0.012300
17.700000,-0.007742,0.021715,0.003670,-0.713796,-1.209613,1.084412,-1.315069,0.015204,0.005031,-0.063642,-1.080672,-0.039203,1.113263,-0.003582,-0.015430
17.733333,-0.002982,0.021963,-0.002184,-0.649508,-1.204213,1.104412,-1.258986,0.013917,-0.001291,-0.079215,-1.114507,-0.079044,1.097403,0.002818,-0.020761
17.766667,-0.003111,0.026291,-0.009239,-0.561311,-1.230347,1.084412,-1.169634,0.011419,-0.001725,-0.099549,-1.151887,-0.145180,1.049685,0.002084,-0.018557
17.800000,-0.004182,0.028806,-0.010783,-0.474901,-1.269181,1.024412,-1.081914,0.012302,-0.005216,-0.132383,-1.194030,-0.220425,0.998245,0.001309,-0.016449
17.833333,-0.007638,0.025003,-0.007033,-0.413405,-1.282449,0.932494,-1.018553,0.010450,-0.008899,-0.179550,-1.208208,-0.303806,0.978446,0.001222,-0.010306
17.866667,-0.006875,0.028048,-0.003180,-0.391909,-1.273731,0.880576,-0.988647,0.012316,0.000082,-0.256601,-1.221967,-0.402397,0.993807,-0.003858,-0.011805
17.900000,-0.011592,0.031132,0.004625,-0.410414,-1.263804,0.868658,-0.998741,0.011673,0.000680,-0.333720,-1.195727,-0.502397,1.017515,-0.004994,-0.012760
17.933333,-0.012553,0.028648,0.014340,-0.468918,-1.233877,0.896740,-1.048835,0.014696,0.004079,-0.430973,-1.152113,-0.602397,1.081223,-0.004562,-0.016821
17.966667,-0.004504,0.023323,0.016459,-0.513831,-1.224258,0.924821,-1.086648,0.020479,0.006659,-0.488226,-1.135776,-0.662397,1.132865,-0.001135,-0.020179
18.000000,0.006121,0.024492,0.016575,-0.533831,-1.245066,0.944821,-1.100103,0.017929,0.012011,-0.508226,-1.147403,-0.682397,1.152865,-0.003661,-0.020560
18.033333,0.009321,0.021194,0.011167,-0.513831,-1.275863,0.924821,-1.080103,0.012581,0.008498,-0.488226,-1.174588,-0.662397,1.132865,-0.000356,-0.022892
18.066667,0.011403,0.022265,0.004027,-0.453831,-1.303949,0.864821,-1.020103,0.005870,0.009079,-0.428226,-1.218008,-0.602397,1.072865,0.002836,-0.025028
18.100000,0.017780,0.022923,-0.002176,-0.358066,-1.323387,0.764821,-0.920103,-0.004266,0.010040,-0.336971,-1.282796,-0.502397,0.972865,-0.001649,-0.021437
18.133333,0.014222,0.027385,-0.005567,-0.283376,-1.341334,0.664821,-0.820103,-0.012891,0.011675,-0.267374,-1.327299,-0.409025,0.872865,-0.008953,-0.019655
18.166667,-0.000577,0.028975,-0.018487,-0.219690,-1.340450,0.564821,-0.720103,-0.012024,0.000756,-0.217365,-1.339186,-0.332788,0.775082,-0.005173,-0.026678
18.200000,0.001014,0.031973,-0.023120,-0.189246,-1.326614,0.464821,-0.638010,-0.008837,-0.003571,-0.183182,-1.348027,-0.278862,0.697054,-0.001506,-0.015857
18.233333,0.003375,0.029915,-0.019758,-0.172533,-1.330985,0.364821,-0.581434,-0.006586,-0.004857,-0.171152,-1.358024,-0.232515,0.634016,-0.006252,-0.013603
18.266667,-0.001183,0.030848,-0.024881,-0.159055,-1.352132,0.264821,-0.548635,-0.001385,-0.012711,-0.159972,-1.347134,-0.188304,0.584709,-0.008448,-0.012586
18.300000,-0.001521,0.038506,-0.026533,-0.164502,-1.353008,0.172918,-0.537544,0.000219,-0.008585,-0.157731,-1.356276,-0.177465,0.573871,-0.006076,-0.006458
18.333333,0.006927,0.037416,-0.016720,-0.175666,-1.362552,0.100553,-0.552170,-0.005675,-0.002912,-0.154977,-1.374674,-0.167479,0.565105,-0.008525,-0.005958
18.366667,0.009455,0.037137,-0.013215,-0.175903,-1.361038,0.062303,-0.573325,-0.002035,0.005979,-0.157335,-1.368302,-0.167672,0.559496,-0.017960,-0.016787
18.400000,0.012978,0.046745,-0.014327,-0.198675,-1.366709,0.064052,-0.608963,-0.004467,0.005975,-0.150406,-1.354501,-0.200287,0.573002,-0.021335,-0.009823
18.433333,0.019593,0.045837,-0.006405,-0.235640,-1.364671,0.105802,-0.660824,-0.004071,0.008790,-0.160688,-1.371279,-0.242896,0.602226,-0.016451,-0.013904
18.466667,0.022018,0.041537,-0.004529,-0.264684,-1.362763,0.179455,-0.730978,-0.004220,0.003197,-0.175066,-1.365512,-0.281766,0.632546,-0.014215,-0.018880
18.500000,0.028076,0.042633,-0.005077,-0.317008,-1.365291,0.273569,-0.815414,-0.002034,0.005976,-0.182392,-1.349166,-0.342553,0.694467,-0.012362,-0.009803
18.533333,0.023600,0.041726,-0.002181,-0.376811,-1.378331,0.373569,-0.914325,-0.007909,0.000214,-0.187050,-1.351370,-0.379601,0.773478,-0.007743,-0.008231
18.566667,0.026926,0.038078,0.000986,-0.433887,-1.371958,0.473569,-1.009552,-0.000140,0.004836,-0.205944,-1.369684,-0.403131,0.858384,-0.002652,-0.011189
18.600000,0.025294,0.040517,0.005374,-0.499019,-1.364201,0.573569,-1.092862,0.002535,0.012552,-0.230640,-1.366080,-0.441517,0.953841,-0.005407,-0.009974
18.633333,0.021095,0.036591,0.005374,-0.560247,-1.348029,0.673569,-1.174219,0.002008,0.010861,-0.241712,-1.345274,-0.461864,1.049733,-0.006251,-0.009571
18.666667,0.019292,0.035637,0.007560,-0.599204,-1.318746,0.773569,-1.226614,0.003373,0.009517,-0.280759,-1.337530,-0.460588,1.149733,-0.007830,-0.021069
18.700000,0.028498,0.032701,0.005777,-0.639066,-1.298113,0.873569,-1.274264,0.006020,0.002216,-0.337978,-1.325961,-0.467389,1.249733,-0.007685,-0.019997
18.733333,0.022686,0.029033,0.005540,-0.661807,-1.280004,0.973569,-1.307174,0.002687,-0.001393,-0.378246,-1.293665,-0.467058,1.328805,-0.006395,-0.019789
18.766667,0.018358,0.030566,-0.002290,-0.660541,-1.248613,1.060719,-1.315320,0.007741,-0.001620,-0.406556,-1.246717,-0.454391,1.392170,-0.006353,-0.016860
18.800000,0.019370,0.035765,-0.000304,-0.663702,-1.236447,1.122287,-1.306615,0.011578,0.005647,-0.443472,-1.223239,-0.443473,1.442063,-0.005774,-0.008793
18.833333,0.014311,0.033032,-0.003873,-0.653913,-1.242787,1.145706,-1.301505,0.013829,0.002989,-0.465171,-1.196460,-0.429601,1.480583,-0.001038,-0.006222
18.866667,0.000943,0.029322,-0.010284,-0.613424,-1.249337,1.129126,-1.262229,0.020559,0.007037,-0.457901,-1.142774,-0.404959,1.504482,0.003445,-0.000792
18.900000,0.000416,0.033986,-0.013591,-0.556517,-1.260940,1.072545,-1.201377,0.020465,0.004913,-0.460409,-1.120150,-0.360970,1.529463,0.004632,0.002798
18.933333,-0.001995,0.028917,-0.012800,-0.493900,-1.286927,0.988814,-1.137205,0.014103,-0.000934,-0.459497,-1.096758,-0.302330,1.549071,0.008312,-0.000590
18.966667,-0.003018,0.027715,-0.024099,-0.408796,-1.290168,0.890665,-1.051839,0.017845,-0.002728,-0.445268,-1.080434,-0.223717,1.563231,0.010843,-0.008008
19.000000,0.000915,0.032069,-0.025575,-0.336858,-1.259931,0.790665,-0.951839,0.017032,0.002443,-0.408834,-1.055014,-0.141821,1.568764,0.014089,-0.002517
19.033333,0.003281,0.037372,-0.022737,-0.277131,-1.228190,0.690665,-0.851839,0.009625,0.006546,-0.386126,-1.051821,-0.053861,1.568919,0.009545,-0.008064
19.066667,-0.001325,0.038502,-0.028534,-0.234442,-1.182769,0.590665,-0.751839,0.003780,0.012670,-0.359510,-1.028270,0.019891,1.568919,0.006800,-0.013840
19.100000,0.002552,0.040189,-0.026256,-0.220858,-1.139185,0.490665,-0.651839,0.001891,0.015350,-0.339423,-1.022170,0.061885,1.570000,0.007432,-0.005834
19.133333,0.001644,0.036377,-0.017157,-0.216819,-1.095600,0.390665,-0.551839,-0.004404,0.015597,-0.318605,-1.002738,0.101616,1.570000,0.002679,-0.002880
19.166667,-0.000146,0.042225,-0.016139,-0.211709,-1.075412,0.290665,-0.459760,-0.003825,0.017261,-0.310131,-0.991628,0.121158,1.570000,-0.004741,-0.000200
19.200000,-0.002407,0.042728,-0.013783,-0.218109,-1.058136,0.190665,-0.395284,-0.002852,0.019212,-0.287827,-0.988449,0.121629,1.560864,-0.006349,0.005872
19.233333,0.006658,0.032591,-0.007962,-0.225603,-1.047727,0.090665,-0.358435,-0.001646,0.012989,-0.270089,-1.002100,0.117737,1.540144,-0.004743,0.005811
19.266667,0.009744,0.032204,-0.011236,-0.219316,-1.045076,0.003187,-0.331806,0.005566,0.019461,-0.240657,-1.026710,0.117211,1.499424,-0.015457,-0.001761
19.300000,0.016075,0.032305,-0.012370,-0.215540,-1.082426,-0.044434,-0.345177,0.005762,0.017491,-0.220749,-1.059504,0.078948,1.438704,-0.017459,-0.002596
19.333333,0.019010,0.022010,-0.006820,-0.225664,-1.128392,-0.063854,-0.390627,0.006748,0.016862,-0.209723,-1.117249,0.032914,1.357984,-0.014885,-0.007217
19.366667,0.026339,0.016829,-0.005272,-0.239693,-1.171667,-0.044110,-0.448475,0.005956,0.016796,-0.221599,-1.178038,-0.034048,1.266401,-0.016451,-0.015822
19.400000,0.022450,0.021896,-0.006179,-0.275590,-1.220953,0.015635,-0.518695,0.015527,0.019675,-0.235686,-1.232855,-0.122440,1.166401,-0.018285,-0.016234
19.433333,0.019408,0.023110,-0.000995,-0.325239,-1.242857,0.102857,-0.618695,0.009031,0.011523,-0.261869,-1.258355,-0.222440,1.066401,-0.005901,-0.019571
19.466667,0.022940,0.025339,0.001876,-0.354988,-1.240283,0.190222,-0.706929,0.014036,0.017461,-0.283438,-1.276922,-0.322440,0.980185,-0.008300,-0.014328
19.500000,0.024918,0.030602,0.005692,-0.362643,-1.245697,0.289387,-0.766899,0.012498,0.014212,-0.308757,-1.285690,-0.422440,0.914021,-0.010011,-0.014453
19.533333,0.013023,0.035701,-0.000595,-0.352372,-1.264134,0.368082,-0.801636,0.010542,0.010861,-0.312950,-1.270249,-0.522440,0.867477,-0.005088,-0.009454
19.566667,0.007413,0.042845,-0.001876,-0.320248,-1.255208,0.406777,-0.796373,0.003550,0.018849,-0.294500,-1.251849,-0.612785,0.837889,-0.004786,-0.001992
19.600000,0.011439,0.044754,0.000086,-0.263175,-1.243934,0.405473,-0.754567,0.001095,0.024867,-0.259671,-1.233449,-0.663130,0.836981,-0.006491,0.005377
19.633333,0.000538,0.039179,-0.005644,-0.215851,-1.217139,0.364168,-0.717181,0.000145,0.016849,-0.227605,-1.196591,-0.673475,0.822289,-0.001030,-0.003247
19.666667,-0.000555,0.039135,-0.019439,-0.180760,-1.150597,0.282864,-0.676339,0.003688,0.019751,-0.189129,-1.138357,-0.643819,0.787545,0.002113,-0.002106
19.700000,0.005135,0.039277,-0.010397,-0.162302,-1.074800,0.182864,-0.641500,0.005665,0.020884,-0.169907,-1.081531,-0.574164,0.733181,0.002092,-0.000627
19.733333,0.010444,0.030535,-0.009088,-0.139623,-1.013629,0.082864,-0.619182,0.005833,0.010843,-0.169102,-1.023002,-0.474164,0.661861,0.001049,-0.008502
19.766667,0.002929,0.031558,-0.015595,-0.140628,-0.992047,0.015689,-0.604162,0.006095,0.011947,-0.182352,-0.989178,-0.374164,0.601861,-0.001257,-0.008393
19.800000,0.005666,0.030367,-0.012680,-0.149838,-0.993246,-0.043268,-0.579393,0.004933,0.012013,-0.186899,-0.978662,-0.274164,0.557755,0.000465,-0.003810
19.833333,0.003012,0.028483,-0.005815,-0.162969,-1.016900,-0.082270,-0.546802,-0.002793,0.011862,-0.189013,-0.989678,-0.193283,0.545657,0.002723,-0.004838
19.866667,-0.000588,0.030929,-0.009444,-0.174021,-1.051117,-0.095302,-0.493443,-0.000761,0.018785,-0.175775,-1.011382,-0.137641,0.573180,-0.000978,-0.010601
19.900000,-0.002218,0.030244,-0.008056,-0.190778,-1.110709,-0.071803,-0.444811,0.000508,0.021687,-0.164933,-1.042444,-0.091316,0.635051,0.003096,-0.010736
19.933333,-0.000345,0.024199,-0.003764,-0.204966,-1.161178,-0.058826,-0.408003,0.005601,0.020279,-0.155747,-1.077297,-0.061021,0.678707,0.007666,-0.011587
19.966667,-0.001351,0.031415,-0.007650,-0.221885,-1.225520,-0.014066,-0.388290,0.001815,0.024889,-0.157810,-1.102757,-0.046094,0.724258,0.003489,-0.012531
20.000000,-0.009452,0.031006,-0.008650,-0.240137,-1.287114,0.050738,-0.408118,0.003863,0.021966,-0.152725,-1.121777,-0.026723,0.740104,0.001206,-0.012433
20.033333,-0.001780,0.029101,-0.008707,-0.274138,-1.329082,0.129571,-0.467945,-0.000785,0.010791,-0.157988,-1.141859,0.005296,0.756330,-0.002394,-0.012672
20.066667,-0.002354,0.031230,-0.011980,-0.328508,-1.336865,0.211874,-0.550524,0.002283,0.016648,-0.159480,-1.159590,0.036828,0.778208,-0.019230,-0.008642
20.100000,-0.003871,0.032830,-0.012135,-0.397635,-1.340224,0.311874,-0.650524,0.002995,0.009611,-0.147356,-1.155036,0.063508,0.816281,-0.024403,-0.006692
20.133333,-0.002942,0.024989,-0.007423,-0.483806,-1.306930,0.411874,-0.750524,0.003693,0.007400,-0.134245,-1.143717,0.087275,0.876565,-0.020050,-0.011597
20.166667,0.005038,0.025233,-0.004482,-0.583806,-1.271412,0.511874,-0.850524,0.003668,0.002746,-0.130552,-1.135330,0.119254,0.974544,-0.024935,-0.014298
20.200000,0.005675,0.024528,0.000489,-0.683806,-1.247165,0.611874,-0.950524,0.008776,0.005550,-0.124384,-1.122833,0.146249,1.072524,-0.015975,-0.010505
20.233333,0.004332,0.028393,0.009434,-0.755319,-1.231276,0.711874,-1.050524,0.010238,0.000224,-0.123245,-1.097725,0.161452,1.170503,-0.000949,-0.009925
20.266667,0.017517,0.038165,0.015352,-0.809877,-1.190961,0.811875,-1.147710,0.014316,0.014789,-0.113632,-1.097186,0.164682,1.236024,-0.000762,-0.007872
20.300000,0.017900,0.044992,0.021335,-0.838192,-1.185086,0.911875,-1.244896,0.012103,0.016496,-0.107352,-1.090315,0.157241,1.261545,-0.001547,-0.003103
20.333333,0.015205,0.045887,0.013282,-0.834651,-1.170611,1.011875,-1.334774,0.017609,0.018470,-0.096650,-1.078547,0.142402,1.257775,0.005045,-0.000364
20.366667,0.012215,0.052623,0.011263,-0.791111,-1.135552,1.107889,-1.384652,0.011139,0.024993,-0.103142,-1.064987,0.105137,1.214004,0.004274,0.003143
20.400000,0.014285,0.046568,0.008616,-0.736057,-1.101260,1.163904,-1.417492,0.005639,0.020043,-0.114288,-1.051589,0.060240,1.130233,0.004954,0.001524
20.433333,0.004267,0.041584,-0.000837,-0.657958,-1.080074,1.179918,-1.413146,-0.000861,0.012156,-0.149639,-1.019483,0.027285,1.040941,0.009276,0.001001
20.466667,0.002127,0.041996,-0.009450,-0.566102,-1.044866,1.155933,-1.371534,0.001798,0.008545,-0.171788,-1.007995,-0.013211,0.951650,0.002876,0.006543
20.500000,-0.000085,0.039508,-0.002377,-0.466102,-1.018158,1.091947,-1.297230,-0.001408,0.010288,-0.199011,-1.006005,-0.044206,0.851650,0.000463,0.002677
20.533333,0.000464,0.034111,-0.004642,-0.366102,-1.017791,0.991947,-1.222927,0.003194,0.009738,-0.206194,-1.013238,-0.057254,0.751650,-0.002081,-0.000534
20.566667,-0.001559,0.031880,-0.006323,-0.281623,-1.033550,0.891947,-1.125662,0.009355,0.016454,-0.213350,-1.022990,-0.053593,0.651650,-0.007874,0.003235
20.600000,-0.004966,0.024825,-0.004418,-0.216945,-1.048623,0.791947,-1.028397,0.010586,0.009247,-0.212934,-1.042429,-0.041564,0.551650,-0.010133,-0.004420
20.633333,-0.004206,0.020388,-0.000256,-0.176771,-1.044205,0.691947,-0.928397,0.008421,0.009787,-0.224924,-1.049590,-0.021694,0.451650,-0.001601,-0.014460
20.666667,-0.001441,0.024039,-0.002844,-0.156899,-1.049902,0.591947,-0.832865,0.009913,0.014769,-0.236277,-1.058799,-0.014355,0.380002,-0.006504,-0.014843
20.700000,-0.003988,0.021300,-0.002113,-0.155033,-1.058894,0.491947,-0.756888,0.008130,0.009874,-0.236289,-1.059507,0.001216,0.326989,-0.008043,-0.015854
20.733333,0.003119,0.022062,-0.007588,-0.153891,-1.053002,0.391947,-0.691527,0.006232,0.006810,-0.244495,-1.080895,0.005945,0.313977,-0.004637,-0.023461
20.766667,0.007145,0.026139,-0.014139,-0.155701,-1.068755,0.291947,-0.655836,0.004250,0.007296,-0.235045,-1.087469,0.012733,0.320564,-0.005246,-0.021108
20.800000,0.007820,0.029836,-0.015453,-0.156099,-1.099316,0.191947,-0.641018,0.005157,0.007557,-0.218649,-1.099566,0.018952,0.351596,-0.008887,-0.020918
20.833333,0.003568,0.025975,-0.013627,-0.157827,-1.106089,0.092700,-0.645544,0.006209,0.003032,-0.202092,-1.095152,0.029864,0.378039,-0.006870,-0.013414
20.866667,0.004872,0.031616,-0.011958,-0.173552,-1.104658,0.004613,-0.644476,0.008668,0.008182,-0.195995,-1.113769,0.036104,0.424699,-0.008975,-0.010651
20.900000,-0.001360,0.033728,-0.005709,-0.177830,-1.121387,-0.049203,-0.654368,0.006134,0.006560,-0.173283,-1.098429,0.036124,0.440268,-0.009473,-0.009368
20.933333,-0.003402,0.031660,0.002131,-0.179356,-1.122430,-0.083019,-0.654589,0.007625,0.008778,-0.170192,-1.096142,0.026626,0.456237,-0.008987,-0.010990
20.966667,-0.002469,0.027585,0.006023,-0.197790,-1.135362,-0.076835,-0.673936,0.013289,0.008929,-0.169859,-1.114323,0.006671,0.487760,-0.005094,-0.011478
21.000000,0.006629,0.028114,0.010927,-0.221436,-1.181054,-0.031403,-0.669473,0.011511,0.013862,-0.177875,-1.133163,-0.001087,0.495521,-0.009403,-0.013053
21.033333,0.006020,0.022843,0.009576,-0.233438,-1.225790,0.042869,-0.651048,0.007227,0.006898,-0.182077,-1.138368,0.002021,0.465185,-0.006186,-0.017961
21.066667,0.003305,0.025055,0.005611,-0.253264,-1.246259,0.122869,-0.611047,0.003041,0.007213,-0.193381,-1.139344,0.010088,0.448241,-0.003606,-0.020440
21.100000,0.006104,0.025866,0.002926,-0.267496,-1.246729,0.182869,-0.560376,-0.005751,0.006461,-0.204212,-1.139337,0.019783,0.411297,-0.005653,-0.020305
21.133333,0.004084,0.029269,-0.000682,-0.263798,-1.236828,0.202869,-0.488505,-0.014181,0.007340,-0.212901,-1.122174,0.063947,0.343541,-0.012956,-0.018559
21.166667,-0.008651,0.030167,-0.015631,-0.244112,-1.203832,0.198346,-0.429949,-0.014171,-0.003143,-0.215021,-1.092883,0.083263,0.292956,-0.009350,-0.023294
21.200000,-0.006113,0.032641,-0.019987,-0.239772,-1.153495,0.162922,-0.381486,-0.011953,-0.003099,-0.220579,-1.070471,0.084976,0.250987,-0.005308,-0.015508
21.233333,-0.002231,0.029780,-0.016533,-0.237094,-1.128222,0.097512,-0.356052,-0.011615,-0.002657,-0.223198,-1.064411,0.104781,0.201195,-0.011884,-0.012801
21.266667,-0.007090,0.030580,-0.022951,-0.228921,-1.134817,0.041031,-0.338329,-0.005608,-0.006685,-0.217283,-1.046744,0.136213,0.175353,-0.018383,-0.009294
21.300000,-0.007607,0.037172,-0.024972,-0.238678,-1.137540,0.021355,-0.319666,-0.001240,-0.003297,-0.218233,-1.051087,0.134560,0.180323,-0.014547,-0.005843
21.333333,-0.001462,0.035923,-0.013914,-0.249816,-1.152361,0.008645,-0.315965,-0.004695,0.004454,-0.212377,-1.067483,0.143858,0.200146,-0.014980,-0.005281
21.366667,-0.000199,0.036187,-0.012169,-0.240182,-1.163938,0.016628,-0.336911,-0.000706,0.011240,-0.201184,-1.062258,0.152248,0.250599,-0.024616,-0.013496
21.400000,0.002459,0.045421,-0.013749,-0.240162,-1.180374,0.054598,-0.374830,-0.004357,0.012660,-0.178633,-1.044536,0.136397,0.326573,-0.027742,-0.005866
21.433333,0.005387,0.044476,-0.005940,-0.250330,-1.182900,0.113722,-0.435708,-0.001925,0.015557,-0.168295,-1.058359,0.123497,0.418599,-0.018332,-0.011842
21.466667,0.010748,0.039869,-0.003778,-0.237195,-1.182755,0.163868,-0.518726,-0.004211,0.010288,-0.159334,-1.047507,0.127843,0.510624,-0.015408,-0.015811
21.500000,0.015521,0.042446,-0.005312,-0.242928,-1.183090,0.226757,-0.613468,-0.004122,0.009709,-0.146523,-1.023723,0.118398,0.610624,-0.014340,-0.007674
21.533333,0.013708,0.043436,-0.001870,-0.258068,-1.191297,0.291090,-0.713468,-0.011138,0.004036,-0.136659,-1.019400,0.127763,0.710624,-0.011618,-0.004761
21.566667,0.017171,0.039391,0.002206,-0.289311,-1.178883,0.355422,-0.813468,0.000371,0.006235,-0.139189,-1.038385,0.144462,0.810624,-0.007998,-0.013458
21.600000,0.019378,0.043342,0.007901,-0.341453,-1.170875,0.429670,-0.913468,0.002048,0.012013,-0.144110,-1.037079,0.140369,0.910624,-0.012317,-0.010357
21.633333,0.014670,0.042374,0.007607,-0.416899,-1.159486,0.516091,-1.013468,0.005298,0.010939,-0.128231,-1.022260,0.132765,0.980543,-0.016537,-0.012462
21.666667,0.013759,0.042660,0.010600,-0.501238,-1.147376,0.607325,-1.113468,0.006873,0.012373,-0.134752,-1.035104,0.124867,1.012669,-0.020893,-0.021744
21.700000,0.019650,0.039170,0.009964,-0.601238,-1.150459,0.707325,-1.213468,0.008338,0.003858,-0.148642,-1.049094,0.111279,1.004795,-0.018738,-0.021703
21.733333,0.014543,0.036479,0.008734,-0.701238,-1.161663,0.807325,-1.313468,0.004432,0.000635,-0.150303,-1.044222,0.097083,0.956921,-0.015287,-0.020894
21.766667,0.010420,0.037235,0.002247,-0.801238,-1.167676,0.907325,-1.395089,0.005576,0.004012,-0.143831,-1.034869,0.087823,0.869047,-0.021288,-0.020503
21.800000,0.011285,0.040269,0.006936,-0.898288,-1.189124,1.007325,-1.465564,0.004035,0.012060,-0.154045,-1.061867,0.083776,0.771253,-0.020623,-0.011509
21.833333,0.007952,0.037875,0.003719,-0.969313,-1.219209,1.107325,-1.516871,0.007082,0.006196,-0.153764,-1.078033,0.087036,0.683710,-0.014873,-0.009398
21.866667,-0.000340,0.033455,-0.002981,-1.008489,-1.236292,1.201735,-1.546073,0.015164,0.010530,-0.144335,-1.065117,0.082130,0.619490,-0.010829,-0.005187
21.900000,0.000853,0.039358,-0.003653,-1.035673,-1.249023,1.285746,-1.548914,0.013245,0.004973,-0.146404,-1.082085,0.070698,0.578837,-0.008849,-0.000359
21.933333,0.001081,0.034963,-0.003053,-1.032971,-1.269826,1.349984,-1.537122,0.008015,-0.005676,-0.153220,-1.093407,0.063583,0.552204,0.002316,-0.003662
21.966667,0.000725,0.036864,-0.015815,-0.993218,-1.273420,1.381647,-1.496477,0.016776,-0.008264,-0.168829,-1.106567,0.047919,0.557260,0.005544,-0.010480
22.000000,0.003111,0.039390,-0.016864,-0.939491,-1.282893,1.373309,-1.434999,0.009595,-0.002378,-0.174103,-1.118722,0.012929,0.555006,0.005839,-0.005368
22.033333,0.003456,0.045811,-0.011373,-0.877613,-1.312202,1.330561,-1.355627,0.002227,0.002719,-0.191304,-1.156066,-0.013655,0.534886,-0.000162,-0.010375
22.066667,-0.001408,0.046033,-0.016600,-0.787726,-1.338361,1.258211,-1.262614,-0.000535,0.010296,-0.210093,-1.169976,-0.031557,0.501618,-0.003190,-0.014632
22.100000,-0.002986,0.047466,-0.014710,-0.687726,-1.359276,1.165635,-1.162614,-0.004011,0.016120,-0.232062,-1.194392,-0.067425,0.475237,-0.004880,-0.006833
22.133333,-0.006250,0.041953,-0.004361,-0.592904,-1.388059,1.065635,-1.062614,-0.016468,0.014086,-0.237234,-1.198096,-0.084282,0.421293,-0.010982,-0.003720
22.166667,-0.005793,0.047616,-0.002750,-0.517276,-1.397813,0.965635,-0.962614,-0.016042,0.018399,-0.248489,-1.193774,-0.089367,0.385448,-0.015616,-0.003557
22.200000,-0.007589,0.048213,-0.001078,-0.473412,-1.397813,0.865635,-0.862614,-0.013933,0.020610,-0.252108,-1.188332,-0.100916,0.351329,-0.014501,0.002308
22.233333,-0.001269,0.038658,0.002622,-0.453644,-1.396757,0.773601,-0.772703,-0.013363,0.015444,-0.256841,-1.196993,-0.102875,0.334501,-0.010285,0.002328
22.266667,0.004467,0.039217,0.000797,-0.454736,-1.395662,0.713163,-0.692683,-0.005065,0.019730,-0.255274,-1.209145,-0.085991,0.322808,-0.017677,-0.006259
22.300000,0.009526,0.038681,-0.001647,-0.481574,-1.402242,0.692725,-0.652662,-0.002945,0.016316,-0.255234,-1.206199,-0.083522,0.322691,-0.018654,-0.004876
22.333333,0.007572,0.030096,0.003543,-0.517463,-1.405979,0.707261,-0.647890,-0.000957,0.016852,-0.253363,-1.224730,-0.067760,0.333844,-0.015894,-0.008973
22.366667,0.014164,0.025078,0.003319,-0.539213,-1.399828,0.725967,-0.662971,-0.000744,0.019464,-0.261127,-1.231077,-0.045539,0.371189,-0.020820,-0.019935
22.400000,0.008496,0.027577,0.003036,-0.549449,-1.398935,0.763212,-0.701630,0.006340,0.024291,-0.254409,-1.235459,-0.029906,0.384919,-0.025986,-0.020026
22.433333,0.004343,0.026277,0.005938,-0.544394,-1.386273,0.795839,-0.738912,0.001105,0.016806,-0.246049,-1.217307,-0.030790,0.388711,-0.020228,-0.019637
22.466667,0.011593,0.027860,0.009070,-0.524186,-1.361360,0.824971,-0.756080,0.007184,0.024721,-0.236520,-1.214934,-0.032002,0.396530,-0.022395,-0.015316
22.500000,0.015826,0.031920,0.012015,-0.513516,-1.350891,0.828593,-0.778000,0.007741,0.017177,-0.224641,-1.206284,-0.032967,0.396523,-0.020244,-0.013403
22.533333,0.004565,0.035402,0.006043,-0.509559,-1.354776,0.853092,-0.814233,0.003477,0.011374,-0.202095,-1.192857,-0.037127,0.388415,-0.014548,-0.004852
22.566667,0.000300,0.044484,0.003576,-0.533021,-1.343037,0.886988,-0.840974,-0.000776,0.017685,-0.191395,-1.187179,-0.043321,0.414204,-0.015477,0.004818
22.600000,0.005355,0.047098,0.004582,-0.575279,-1.346132,0.933907,-0.870804,0.000397,0.026001,-0.183641,-1.210240,-0.058495,0.446249,-0.012594,0.012044
22.633333,-0.005870,0.042590,-0.000514,-0.609231,-1.362464,0.973693,-0.906479,-0.001801,0.018804,-0.181607,-1.220891,-0.060593,0.466343,-0.004971,0.005741
22.666667,-0.006509,0.042656,-0.013478,-0.613836,-1.367243,1.018273,-0.902154,0.002084,0.023996,-0.183000,-1.230389,-0.073588,0.474324,-0.003021,0.005737
22.700000,-0.002176,0.042527,-0.005500,-0.608055,-1.368442,1.045246,-0.879453,0.005864,0.025813,-0.196820,-1.243461,-0.088457,0.457030,-0.001140,0.008901
22.733333,0.003319,0.032050,-0.003468,-0.562274,-1.379090,1.036315,-0.832576,0.004230,0.017586,-0.209872,-1.232571,-0.093030,0.401743,0.000958,-0.001528
22.766667,-0.003243,0.031967,-0.009705,-0.492127,-1.389084,0.987384,-0.774097,0.003811,0.016060,-0.223510,-1.192942,-0.071095,0.364097,-0.001517,-0.001691
22.800000,-0.002369,0.030884,-0.008337,-0.414514,-1.376999,0.909081,-0.694938,0.001719,0.018041,-0.222009,-1.145754,-0.052775,0.355710,-0.002396,-0.000948
22.833333,-0.004509,0.029445,-0.003377,-0.348397,-1.343893,0.816521,-0.615780,-0.003792,0.017882,-0.213981,-1.072074,-0.014547,0.372747,-0.002624,0.001595
22.866667,-0.009120,0.032279,-0.008101,-0.290532,-1.286610,0.716521,-0.521092,-0.001469,0.023206,-0.190571,-0.984566,0.024152,0.427190,-0.005007,-0.005449
22.900000,-0.011691,0.033190,-0.007823,-0.251320,-1.231796,0.616521,-0.445220,0.002206,0.023798,-0.165597,-0.884566,0.067891,0.513054,-0.004109,-0.004355
22.933333,-0.011033,0.029554,-0.004219,-0.236154,-1.170366,0.516521,-0.384406,0.003616,0.025489,-0.143744,-0.806990,0.104966,0.582469,-0.000921,-0.004941
22.966667,-0.008932,0.035915,-0.009153,-0.238757,-1.136771,0.416521,-0.333085,0.003330,0.027061,-0.140283,-0.748633,0.135254,0.632367,-0.007923,-0.002345
23.000000,-0.015773,0.034609,-0.011590,-0.241649,-1.122746,0.316521,-0.295210,0.006209,0.022338,-0.135546,-0.720284,0.149392,0.643226,-0.010309,-0.006593
23.033333,-0.003517,0.031326,-0.012857,-0.245711,-1.125817,0.216521,-0.272007,0.000477,0.014892,-0.144757,-0.726388,0.156868,0.637067,-0.013023,-0.011047
23.066667,0.000529,0.031230,-0.018464,-0.257953,-1.129218,0.116521,-0.246689,0.001563,0.018993,-0.156788,-0.772492,0.149219,0.612434,-0.025916,-0.010384
23.100000,0.000837,0.029878,-0.021269,-0.262626,-1.151637,0.034186,-0.224006,0.001555,0.010762,-0.158293,-0.824807,0.132540,0.564250,-0.030489,-0.011541
23.133333,-0.000879,0.021793,-0.017888,-0.264211,-1.157399,-0.016657,-0.210357,-0.000201,0.009755,-0.159166,-0.880491,0.102180,0.516854,-0.024269,-0.020361
23.166667,0.008915,0.019346,-0.016988,-0.270386,-1.168273,-0.050824,-0.215109,-0.004584,0.006737,-0.167087,-0.946167,0.070600,0.490838,-0.029188,-0.019380
23.200000,0.005822,0.018513,-0.013317,-0.270985,-1.190928,-0.060471,-0.228056,0.000659,0.009259,-0.165105,-1.013106,0.031834,0.476956,-0.025129,-0.012704
23.233333,0.002347,0.023426,-0.004103,-0.256619,-1.209623,-0.030117,-0.245183,0.001530,0.007182,-0.161987,-1.061207,-0.017993,0.485078,-0.011165,-0.010334
23.266667,0.014679,0.035685,0.002986,-0.253339,-1.210500,0.017741,-0.278313,0.007784,0.024497,-0.173090,-1.115510,-0.078681,0.533199,-0.011042,-0.008379
23.300000,0.016949,0.042518,0.009986,-0.256491,-1.237147,0.069660,-0.327864,0.011888,0.027564,-0.198303,-1.147226,-0.144731,0.603013,-0.009969,-0.006249
23.333333,0.011073,0.046463,0.004791,-0.248727,-1.252008,0.116813,-0.385568,0.020731,0.028027,-0.229400,-1.163164,-0.227737,0.690486,-0.005487,-0.008947
23.366667,0.007084,0.054600,0.006352,-0.252326,-1.259725,0.179444,-0.441733,0.015063,0.030678,-0.267297,-1.165387,-0.319509,0.785437,-0.005198,-0.008252
23.400000,0.008149,0.049318,0.005825,-0.250708,-1.277804,0.207638,-0.510169,0.010565,0.029126,-0.295031,-1.168368,-0.419509,0.858609,-0.005742,-0.011304
23.433333,-0.001479,0.041431,-0.000558,-0.236635,-1.294112,0.221966,-0.565852,0.005126,0.018889,-0.301179,-1.153810,-0.493994,0.891782,0.000128,-0.012188
23.466667,-0.002912,0.041222,-0.008115,-0.228570,-1.295313,0.213025,-0.608564,0.005200,0.015368,-0.271303,-1.165356,-0.536665,0.884954,-0.005780,-0.002786
23.500000,-0.003180,0.037882,-0.000017,-0.218716,-1.304252,0.198655,-0.617231,0.003218,0.017415,-0.237218,-1.183737,-0.539337,0.838126,-0.007592,-0.002300
23.533333,-0.003771,0.032334,-0.003346,-0.189224,-1.314622,0.166963,-0.628608,0.008359,0.014471,-0.196896,-1.201273,-0.516965,0.768451,-0.008648,-0.002085
23.566667,-0.005124,0.029871,-0.004871,-0.182224,-1.322828,0.158911,-0.635266,0.016172,0.019279,-0.170016,-1.206596,-0.471985,0.725604,-0.013722,0.001368
23.600000,-0.006603,0.025216,-0.003417,-0.178813,-1.325058,0.142571,-0.640163,0.015745,0.013827,-0.153932,-1.215036,-0.428336,0.697910,-0.017183,-0.004512
23.633333,-0.006587,0.022180,0.002583,-0.173034,-1.305779,0.140012,-0.639277,0.012552,0.014813,-0.161020,-1.203702,-0.407726,0.693587,-0.012951,-0.013378
23.666667,-0.007283,0.026566,0.000783,-0.178521,-1.284272,0.170973,-0.660888,0.014618,0.017092,-0.173622,-1.191274,-0.401618,0.712970,-0.013900,-0.016308
23.700000,-0.007691,0.024893,0.003608,-0.193314,-1.270259,0.195653,-0.689420,0.012159,0.015882,-0.176550,-1.172312,-0.394254,0.734045,-0.011982,-0.021111
23.733333,-0.000779,0.024927,-0.000366,-0.195421,-1.244384,0.221068,-0.700986,0.008302,0.008552,-0.189258,-1.183645,-0.388625,0.750031,-0.009019,-0.027670
23.766667,0.000234,0.027818,-0.006395,-0.209141,-1.237500,0.249937,-0.733370,0.008676,0.005916,-0.184957,-1.177563,-0.369258,0.751708,-0.013128,-0.021949
23.800000,-0.002660,0.030845,-0.007984,-0.229306,-1.236434,0.292742,-0.784510,0.008267,0.001678,-0.173713,-1.173915,-0.342914,0.750055,-0.011000,-0.022793
23.833333,-0.005706,0.027073,-0.005337,-0.251971,-1.216961,0.316473,-0.842420,0.005675,-0.002088,-0.159705,-1.155040,-0.314267,0.746602,-0.010342,-0.014938
23.866667,-0.004257,0.032772,-0.004185,-0.295806,-1.176016,0.341352,-0.909112,0.008076,0.002869,-0.150515,-1.156366,-0.287434,0.761984,-0.016245,-0.010977
23.900000,-0.010503,0.036826,0.001363,-0.363183,-1.128202,0.367804,-1.004336,0.002446,0.001443,-0.117124,-1.117692,-0.270875,0.748217,-0.015748,-0.012013
23.933333,-0.012618,0.036598,0.009426,-0.420251,-1.072186,0.397785,-1.079560,-0.000645,0.000986,-0.103733,-1.096016,-0.272238,0.753606,-0.012647,-0.019058
23.966667,-0.011679,0.037038,0.010233,-0.466119,-1.030020,0.407766,-1.134784,-0.002377,0.002141,-0.090137,-1.085575,-0.269353,0.758954,-0.015996,-0.021688
