time_sec,joint_pelvisYaw,joint_pelvisPitch,joint_pelvisRoll,joint_lShoulderPitch,joint_lShoulderRoll,joint_lShoulderYaw,joint_lElbow,joint_lWristRoll,joint_lWristPitch,joint_rShoulderPitch,joint_rShoulderRoll,joint_rShoulderYaw,joint_rElbow,joint_rWristRoll,joint_rWristPitch
0.000000,0.015900,0.005741,0.015119,-0.572635,-1.410000,1.045188,-0.695529,-0.020655,-0.001870,-0.601504,-1.410000,-1.229711,0.732210,-0.017615,-0.009399
0.033333,0.025932,0.006354,0.023713,-0.547708,-1.395308,1.039263,-0.689652,-0.004614,0.004667,-0.613832,-1.400906,-1.251535,0.714053,-0.010711,-0.008727
0.066667,0.016936,0.009735,0.018630,-0.546975,-1.395308,1.048085,-0.690782,-0.006671,0.009149,-0.621116,-1.388267,-1.263965,0.732070,-0.004267,-0.013108
0.100000,0.018284,0.010822,0.012954,-0.541098,-1.390480,1.050348,-0.692107,-0.015551,0.008754,-0.621834,-1.387325,-1.283085,0.736759,-0.003091,-0.010579
0.133333,0.011865,0.012007,0.008500,-0.562222,-1.405171,1.048231,-0.697452,-0.028338,0.011030,-0.625437,-1.391259,-1.276103,0.750463,-0.013831,-0.008246
0.166667,-0.009931,0.014441,-0.015529,-0.552136,-1.405171,1.067087,-0.692066,-0.027351,-0.009387,-0.619074,-1.376419,-1.272189,0.758998,-0.006511,-0.017437
0.200000,-0.009452,0.018625,-0.024564,-0.557679,-1.397787,1.090994,-0.687365,-0.022279,-0.012676,-0.613768,-1.376419,-1.293460,0.763429,0.002996,-0.003851
0.233333,-0.000935,0.015454,-0.019979,-0.559039,-1.397787,1.083062,-0.686927,-0.020656,-0.016865,-0.608270,-1.389058,-1.282883,0.743306,-0.003949,-0.000429
0.266667,-0.007586,0.017861,-0.027136,-0.545543,-1.402616,1.062642,-0.683468,-0.010948,-0.029452,-0.598668,-1.373673,-1.245616,0.729541,-0.015780,0.002965
0.300000,-0.012125,0.028240,-0.029036,-0.544669,-1.402616,1.067422,-0.685354,-0.009229,-0.021095,-0.599487,-1.373673,-1.243272,0.740570,-0.012426,0.016764
0.333333,0.005259,0.026611,-0.009282,-0.563070,-1.402616,1.052279,-0.692738,-0.015004,-0.010714,-0.594906,-1.393673,-1.230739,0.731058,-0.014375,0.018966
0.366667,0.013667,0.023057,-0.001552,-0.557856,-1.390000,1.022233,-0.678187,-0.008906,0.007929,-0.599670,-1.387353,-1.206060,0.714437,-0.033935,0.007239
0.400000,0.014155,0.038676,-0.001386,-0.554860,-1.390000,1.020277,-0.671436,-0.017397,0.009877,-0.582319,-1.362420,-1.217273,0.702796,-0.041541,0.019545
0.433333,0.020719,0.035686,0.011450,-0.575222,-1.390000,1.033327,-0.670949,-0.018961,0.023309,-0.589414,-1.373814,-1.228485,0.711141,-0.030115,0.011262
0.466667,0.031281,0.029150,0.015401,-0.570771,-1.387144,1.027007,-0.672284,-0.018695,0.018000,-0.602186,-1.373813,-1.221608,0.698600,-0.025188,0.000983
0.500000,0.033488,0.028627,0.014291,-0.578740,-1.387144,1.017892,-0.677987,-0.020491,0.021239,-0.605076,-1.356581,-1.234435,0.695694,-0.021269,0.018306
0.533333,0.025046,0.029555,0.017554,-0.579912,-1.407144,1.018609,-0.693156,-0.031855,0.007804,-0.599449,-1.362901,-1.223703,0.711757,-0.012794,0.019460
0.566667,0.032875,0.020157,0.023461,-0.590153,-1.407144,1.007605,-0.694901,-0.014526,0.014734,-0.615491,-1.387835,-1.197002,0.741629,-0.005046,0.011134
0.600000,0.034455,0.022048,0.030874,-0.596040,-1.407144,1.005646,-0.683009,-0.006062,0.025673,-0.629099,-1.392768,-1.201727,0.753177,-0.009230,0.014505
0.633333,0.028520,0.017019,0.028633,-0.602544,-1.410000,1.001444,-0.683336,-0.008206,0.023239,-0.603839,-1.388509,-1.194393,0.747982,-0.015384,0.013744
0.666667,0.027429,0.017413,0.032143,-0.587700,-1.410000,1.019961,-0.661625,-0.004412,0.024662,-0.614562,-1.405741,-1.181409,0.767874,-0.019943,-0.008223
0.700000,0.037194,0.013672,0.028790,-0.585224,-1.409369,1.034246,-0.660478,-0.006795,0.011505,-0.634403,-1.405741,-1.194402,0.773014,-0.017615,-0.013542
0.733333,0.028803,0.007276,0.025389,-0.581976,-1.409369,1.051922,-0.667086,-0.017006,0.006025,-0.631635,-1.405252,-1.201912,0.758933,-0.013877,-0.014913
0.766667,0.022865,0.009683,0.012007,-0.563579,-1.405739,1.073375,-0.666659,-0.018566,0.006773,-0.611752,-1.388885,-1.195037,0.750560,-0.021857,-0.013904
0.800000,0.018849,0.018591,0.016585,-0.569378,-1.399933,1.095323,-0.655908,-0.015168,0.020429,-0.606998,-1.393144,-1.193575,0.749871,-0.021609,-0.003102
0.833333,0.014615,0.016041,0.011690,-0.574544,-1.399933,1.093738,-0.672024,-0.014207,0.014565,-0.593167,-1.393144,-1.189709,0.739923,-0.017710,0.004124
0.866667,-0.000133,0.016041,-0.000075,-0.563655,-1.400564,1.096868,-0.673300,-0.000306,0.018708,-0.563239,-1.373144,-1.175525,0.749688,-0.009549,0.015351
0.900000,0.000914,0.027572,-0.003836,-0.560544,-1.400564,1.099399,-0.671339,0.001051,0.011139,-0.556493,-1.373633,-1.173888,0.762140,-0.006074,0.018516
0.933333,-0.002178,0.024617,-0.000927,-0.573524,-1.404194,1.086566,-0.687436,-0.008383,-0.008535,-0.558065,-1.378172,-1.156988,0.755764,0.005803,0.013346
0.966667,-0.004506,0.022897,-0.022732,-0.575798,-1.390000,1.094849,-0.702091,0.005045,-0.017051,-0.582162,-1.378172,-1.144412,0.779332,0.017484,0.002561
1.000000,0.001522,0.029887,-0.025653,-0.578512,-1.386921,1.098145,-0.699941,0.000920,-0.011192,-0.575336,-1.373601,-1.147866,0.783844,0.020995,0.008977
1.033333,0.005803,0.034479,-0.015730,-0.589342,-1.386921,1.082499,-0.693777,-0.010078,-0.001709,-0.581879,-1.393601,-1.136978,0.762416,0.009430,-0.000591
1.066667,0.001036,0.036517,-0.020236,-0.579584,-1.386921,1.061992,-0.691637,-0.018780,0.006452,-0.589412,-1.391643,-1.123754,0.753719,0.003108,-0.008024
1.100000,0.003815,0.040332,-0.014400,-0.583657,-1.386921,1.068070,-0.690524,-0.020848,0.016298,-0.595664,-1.400079,-1.145720,0.772509,0.005757,0.004561
1.133333,0.008438,0.036196,0.006576,-0.582752,-1.403186,1.041676,-0.682508,-0.039033,0.014721,-0.579024,-1.392478,-1.148723,0.751298,-0.010035,0.006481
1.166667,0.004614,0.049129,0.010572,-0.583668,-1.406265,1.043802,-0.671460,-0.043842,0.014707,-0.583668,-1.375918,-1.139848,0.746751,-0.021890,0.008858
1.200000,0.001710,0.048345,0.015382,-0.591253,-1.406265,1.064399,-0.681657,-0.035672,0.012074,-0.582808,-1.369846,-1.162683,0.740046,-0.024740,0.020383
1.233333,0.016843,0.033592,0.019336,-0.606583,-1.406265,1.080446,-0.688540,-0.029338,0.002371,-0.583328,-1.371804,-1.165831,0.732002,-0.021536,0.022051
1.266667,0.025704,0.031551,0.013012,-0.600797,-1.406265,1.077866,-0.673573,-0.014424,0.006402,-0.581226,-1.375196,-1.141786,0.719425,-0.040936,0.009765
1.300000,0.033819,0.029638,0.007230,-0.597085,-1.410000,1.093789,-0.672990,-0.010520,0.001437,-0.583564,-1.371349,-1.144317,0.725146,-0.041654,0.011829
1.333333,0.036973,0.010025,0.014830,-0.611816,-1.410000,1.088697,-0.685399,-0.001972,0.003858,-0.580518,-1.392481,-1.120697,0.737186,-0.032094,0.001256
1.366667,0.051567,0.006217,0.012990,-0.622970,-1.410000,1.065136,-0.682734,-0.007989,0.007095,-0.597236,-1.398552,-1.077471,0.783318,-0.040603,-0.019570
1.400000,0.041037,0.009086,0.011000,-0.623758,-1.410000,1.066417,-0.683104,-0.002459,0.012780,-0.586303,-1.398552,-1.043584,0.800810,-0.042513,-0.019305
1.433333,0.037385,0.009410,0.017494,-0.616994,-1.408522,1.084443,-0.685960,-0.015337,0.005070,-0.574036,-1.389825,-1.025311,0.798679,-0.024817,-0.020615
1.466667,0.045537,0.014962,0.021053,-0.594110,-1.393973,1.116174,-0.663337,-0.007158,0.014876,-0.559165,-1.389909,-1.001313,0.789302,-0.028133,-0.010573
1.500000,0.051451,0.022504,0.023334,-0.570720,-1.393973,1.128918,-0.657210,-0.011667,0.004352,-0.541945,-1.389008,-0.984877,0.768046,-0.028330,-0.005856
1.533333,0.030675,0.025052,0.012052,-0.551219,-1.393973,1.141663,-0.665039,-0.017232,-0.002889,-0.501027,-1.371836,-0.971224,0.734183,-0.015562,0.009373
1.566667,0.021619,0.035886,0.007795,-0.561083,-1.390616,1.149679,-0.677246,-0.018164,0.012645,-0.495909,-1.371836,-0.973012,0.740321,-0.017587,0.022793
1.600000,0.024740,0.038430,0.008130,-0.578334,-1.392094,1.133343,-0.686968,-0.017583,0.023556,-0.494293,-1.380563,-0.982165,0.757689,-0.016071,0.031341
1.633333,0.008114,0.031739,-0.001564,-0.594492,-1.406643,1.084933,-0.715607,-0.020236,0.012017,-0.500396,-1.385538,-0.979894,0.774455,-0.006125,0.018349
1.666667,0.014561,0.029275,-0.022631,-0.589021,-1.406643,1.076524,-0.710399,-0.009619,0.018245,-0.508908,-1.386439,-1.008646,0.808433,-0.003654,0.018268
1.700000,0.024528,0.029408,-0.007632,-0.596897,-1.406643,1.084622,-0.706373,-0.003219,0.020190,-0.536003,-1.403604,-1.050647,0.820524,0.002973,0.021374
1.733333,0.038273,0.018023,-0.001608,-0.571347,-1.407812,1.072377,-0.688386,-0.005512,0.005950,-0.553868,-1.403604,-1.081158,0.797678,0.005820,0.007432
1.766667,0.030347,0.021707,-0.007753,-0.564305,-1.407812,1.086366,-0.683907,-0.005956,0.008179,-0.572676,-1.403604,-1.095764,0.798697,0.004971,0.007647
1.800000,0.035877,0.021707,0.000992,-0.570849,-1.407811,1.106051,-0.688797,-0.008521,0.009578,-0.579458,-1.405130,-1.140318,0.800516,0.004803,0.008924
1.833333,0.029217,0.022280,0.016142,-0.595621,-1.407811,1.103416,-0.699565,-0.017449,0.010788,-0.599935,-1.401371,-1.175182,0.770028,0.005047,0.011126
1.866667,0.017234,0.027630,0.012671,-0.603209,-1.407811,1.108317,-0.683889,-0.013821,0.019989,-0.604089,-1.385467,-1.205511,0.756505,-0.002847,-0.002198
1.900000,0.008986,0.029905,0.014285,-0.618803,-1.410000,1.140450,-0.687851,-0.009963,0.020685,-0.607737,-1.384958,-1.235068,0.764263,-0.001144,-0.001733
1.933333,0.008692,0.022097,0.022071,-0.634156,-1.410000,1.137934,-0.694089,-0.004612,0.017324,-0.616548,-1.384958,-1.260483,0.755517,0.004412,-0.000064
1.966667,0.005187,0.030453,0.012029,-0.637737,-1.410000,1.136048,-0.685704,-0.008569,0.021826,-0.642943,-1.380162,-1.272206,0.763803,-0.004912,0.004150
2.000000,-0.006804,0.028277,0.007814,-0.626470,-1.410000,1.149274,-0.691429,-0.008542,0.016488,-0.639683,-1.383096,-1.270795,0.767520,-0.008677,-0.000853
2.033333,0.011930,0.022417,0.006497,-0.623013,-1.410000,1.141316,-0.703693,-0.020471,0.005046,-0.654803,-1.399008,-1.265176,0.775615,-0.012906,-0.004259
2.066667,0.019196,0.022402,-0.003013,-0.630857,-1.403123,1.125169,-0.701261,-0.019907,0.014010,-0.665559,-1.399517,-1.258605,0.784385,-0.036914,0.002895
2.100000,0.022495,0.022969,-0.007263,-0.619207,-1.403123,1.123561,-0.700415,-0.021222,0.003905,-0.650346,-1.398758,-1.259515,0.774806,-0.044700,0.000495
2.133333,0.024972,0.014613,-0.001410,-0.613176,-1.394735,1.133986,-0.697372,-0.025005,0.000153,-0.635185,-1.395314,-1.254513,0.757419,-0.035693,-0.012871
2.166667,0.039746,0.011713,-0.001443,-0.623235,-1.384268,1.127273,-0.707955,-0.029188,-0.008755,-0.642027,-1.396138,-1.250729,0.751499,-0.040820,-0.016178
2.200000,0.035958,0.010654,0.001584,-0.629136,-1.384268,1.137123,-0.713000,-0.021676,-0.006084,-0.634562,-1.396138,-1.250128,0.746783,-0.032898,-0.006371
2.233333,0.030428,0.016809,0.015430,-0.617510,-1.386495,1.158111,-0.703654,-0.021010,-0.015008,-0.625675,-1.396138,-1.248836,0.739980,-0.009512,-0.008736
2.266667,0.048942,0.030370,0.026769,-0.632195,-1.376881,1.180514,-0.676938,-0.015673,0.008981,-0.618422,-1.396897,-1.254578,0.759472,-0.015776,-0.002399
2.300000,0.048231,0.032733,0.037083,-0.642508,-1.385269,1.181171,-0.669423,-0.013613,0.014324,-0.613687,-1.408767,-1.260053,0.759154,-0.017310,0.004886
2.333333,0.037738,0.034328,0.025543,-0.633631,-1.385070,1.190172,-0.652569,-0.002205,0.019020,-0.603814,-1.408767,-1.261959,0.775209,-0.011825,0.011312
2.366667,0.031350,0.045352,0.026022,-0.642800,-1.385070,1.217358,-0.635256,-0.012322,0.031745,-0.604661,-1.408767,-1.274473,0.803209,-0.012799,0.018300
2.400000,0.036020,0.036404,0.024596,-0.653227,-1.389719,1.211324,-0.648055,-0.016007,0.028092,-0.603062,-1.408767,-1.284595,0.806279,-0.013682,0.017773
2.433333,0.020832,0.028661,0.007702,-0.644827,-1.399333,1.210002,-0.688021,-0.021118,0.014832,-0.624715,-1.396569,-1.272848,0.793852,-0.001387,0.014567
2.466667,0.019923,0.030535,-0.006749,-0.650641,-1.399333,1.221861,-0.714935,-0.015298,0.008680,-0.616368,-1.389135,-1.280972,0.794755,-0.008677,0.027209
2.500000,0.017392,0.029228,0.007011,-0.662233,-1.410000,1.225127,-0.719571,-0.019910,0.016250,-0.620262,-1.389135,-1.284309,0.784860,-0.009991,0.024338
2.533333,0.018929,0.022164,0.002050,-0.634968,-1.410000,1.205329,-0.739625,-0.008505,0.012455,-0.615150,-1.389135,-1.278667,0.743892,-0.010592,0.020866
2.566667,0.012676,0.020377,-0.000083,-0.634372,-1.410000,1.201301,-0.740829,-0.000697,0.025650,-0.617607,-1.389135,-1.276157,0.742924,-0.020571,0.026796
2.600000,0.008994,0.011290,0.005075,-0.629377,-1.410000,1.184912,-0.728630,-0.002327,0.016778,-0.608477,-1.401333,-1.280713,0.736917,-0.024134,0.018335
2.633333,0.012340,0.007052,0.016414,-0.626514,-1.395060,1.171201,-0.707265,-0.008645,0.020122,-0.629111,-1.392690,-1.279632,0.733974,-0.015213,-0.000241
2.666667,0.014230,0.012962,0.010139,-0.618734,-1.380980,1.182085,-0.697838,-0.005317,0.024200,-0.643457,-1.392690,-1.284885,0.737597,-0.017405,-0.006686
2.700000,0.013734,0.009750,0.013245,-0.629453,-1.380980,1.178425,-0.691747,-0.009173,0.016020,-0.642460,-1.392689,-1.271277,0.747602,-0.015896,-0.010511
2.733333,0.024850,0.009750,0.005092,-0.614505,-1.380980,1.178965,-0.665234,-0.013953,0.008228,-0.655149,-1.392689,-1.269725,0.757607,-0.008744,-0.022032
2.766667,0.027544,0.013908,-0.003842,-0.609101,-1.380980,1.165848,-0.657411,-0.014331,0.006284,-0.653595,-1.392689,-1.266770,0.757826,-0.007835,-0.016451
2.800000,0.022149,0.016375,-0.005454,-0.601797,-1.395921,1.157267,-0.657708,-0.013283,0.004855,-0.640273,-1.410000,-1.250927,0.760827,-0.008858,-0.012148
2.833333,0.018301,0.009892,0.003812,-0.603784,-1.395322,1.120686,-0.667880,-0.014183,-0.002112,-0.630066,-1.407749,-1.233145,0.754479,-0.012283,0.001948
2.866667,0.020988,0.019205,0.007636,-0.627270,-1.394434,1.089856,-0.661004,-0.013248,0.011457,-0.632718,-1.407749,-1.223484,0.772820,-0.015936,0.005775
2.900000,0.013856,0.022020,0.017170,-0.640142,-1.394434,1.071981,-0.679348,-0.018162,0.008681,-0.614315,-1.407749,-1.215963,0.754915,-0.014407,0.008472
2.933333,0.012431,0.019870,0.027234,-0.644387,-1.394434,1.074106,-0.685241,-0.018250,0.011730,-0.615912,-1.407749,-1.217427,0.755890,-0.016103,0.004973
2.966667,0.018152,0.017402,0.030209,-0.621945,-1.374434,1.051562,-0.705231,-0.001477,0.005739,-0.635932,-1.387749,-1.237416,0.777023,-0.009171,0.002095
3.000000,0.025687,0.018587,0.031140,-0.577212,-1.349111,1.017018,-0.738739,0.001754,0.012221,-0.670021,-1.350000,-1.282970,0.820778,-0.013493,-0.000833
3.033333,0.023344,0.009620,0.027683,-0.494286,-1.301417,0.976722,-0.803959,0.006933,-0.004281,-0.728967,-1.293460,-1.353744,0.864532,-0.012959,-0.005199
3.066667,0.012482,0.011801,0.021861,-0.432307,-1.255129,0.910880,-0.883959,0.010796,-0.004547,-0.808967,-1.222528,-1.433744,0.944533,-0.010192,-0.009144
3.100000,0.012673,0.011806,0.015920,-0.375402,-1.193994,0.846650,-0.983959,0.008418,-0.008873,-0.890345,-1.166325,-1.533744,1.044533,-0.012551,-0.005673
3.133333,0.006772,0.012703,0.011214,-0.344272,-1.163716,0.798155,-1.080559,-0.003963,-0.006415,-0.958601,-1.130730,-1.620850,1.144532,-0.023804,-0.002542
3.166667,-0.014932,0.014722,-0.012200,-0.319687,-1.148197,0.789660,-1.146543,-0.001000,-0.025043,-1.004314,-1.096005,-1.687646,1.244532,-0.015872,-0.011303
3.200000,-0.013853,0.019040,-0.021194,-0.333294,-1.130328,0.811076,-1.196677,0.002873,-0.026760,-1.022258,-1.097822,-1.754091,1.339987,-0.005992,0.003183
3.233333,-0.004768,0.015008,-0.017545,-0.342512,-1.126843,0.818335,-1.234743,0.003403,-0.030994,-1.028256,-1.117054,-1.780535,1.412120,-0.011672,0.006100
3.266667,-0.012231,0.016361,-0.025441,-0.331389,-1.142361,0.805344,-1.253775,0.013715,-0.045552,-1.024314,-1.103477,-1.768420,1.459482,-0.024286,0.009778
3.300000,-0.015405,0.026827,-0.026848,-0.334492,-1.138852,0.816618,-1.256147,0.017542,-0.039030,-1.025157,-1.109293,-1.769199,1.504576,-0.022156,0.022668
3.333333,0.002285,0.025365,-0.007193,-0.354655,-1.139932,0.811872,-1.270121,0.011317,-0.029997,-1.024038,-1.135333,-1.768044,1.515828,-0.024013,0.025179
3.366667,0.010222,0.020498,-0.000051,-0.351890,-1.131946,0.787088,-1.259946,0.017321,-0.012851,-1.029254,-1.133850,-1.746753,1.499758,-0.045378,0.012714
3.400000,0.010858,0.036292,0.000762,-0.349265,-1.127280,0.791725,-1.256772,0.010435,-0.011937,-1.012952,-1.110047,-1.765462,1.488800,-0.054326,0.025901
3.433333,0.017981,0.033146,0.013711,-0.370838,-1.115639,0.812625,-1.254856,0.006925,0.002885,-1.020231,-1.124324,-1.782731,1.495127,-0.040820,0.016075
3.466667,0.027013,0.026538,0.017482,-0.366495,-1.104729,0.812009,-1.260301,0.005816,-0.002097,-1.035045,-1.127861,-1.782578,1.482071,-0.035893,0.006152
3.500000,0.028865,0.026227,0.015758,-0.370712,-1.111948,0.806557,-1.267518,0.006009,0.002079,-1.039127,-1.110302,-1.798949,1.479688,-0.031321,0.022928
3.533333,0.021194,0.028816,0.019249,-0.368352,-1.132813,0.805793,-1.283245,-0.005470,-0.011929,-1.039203,-1.120265,-1.799410,1.496986,-0.019993,0.023562
3.566667,0.028030,0.019723,0.025672,-0.373228,-1.139728,0.788907,-1.284912,0.011292,-0.003968,-1.059547,-1.164444,-1.780787,1.520904,-0.010986,0.014247
3.600000,0.029222,0.022169,0.033055,-0.371604,-1.150734,0.774945,-1.273365,0.020281,0.006915,-1.076610,-1.186725,-1.795071,1.532308,-0.016088,0.018244
3.633333,0.022900,0.017413,0.030843,-0.369727,-1.159323,0.755506,-1.266554,0.017568,0.006633,-1.054475,-1.179746,-1.796132,1.527511,-0.021647,0.017719
3.666667,0.022673,0.017287,0.035225,-0.348152,-1.152266,0.756921,-1.236983,0.019049,0.008484,-1.067156,-1.194412,-1.781221,1.543259,-0.027231,-0.005976
3.700000,0.032243,0.013448,0.032329,-0.335739,-1.147431,0.745805,-1.227047,0.015405,-0.005500,-1.086635,-1.196801,-1.790998,1.549426,-0.024929,-0.009764
3.733333,0.024307,0.007406,0.028533,-0.324386,-1.148065,0.741199,-1.219138,0.004759,-0.011829,-1.079337,-1.170147,-1.791598,1.537401,-0.020822,-0.011335
3.766667,0.017522,0.009659,0.016206,-0.295642,-1.138970,0.734700,-1.202218,0.002972,-0.012263,-1.047794,-1.127701,-1.762369,1.522462,-0.029248,-0.009402
3.800000,0.014028,0.018748,0.021741,-0.293066,-1.140362,0.720519,-1.172724,0.006904,0.000190,-1.019697,-1.117858,-1.723784,1.514442,-0.028836,-0.001172
3.833333,0.008033,0.016844,0.017053,-0.286679,-1.153962,0.680616,-1.168594,0.007755,-0.006422,-0.980153,-1.108557,-1.680193,1.499572,-0.024612,0.007177
3.866667,-0.006611,0.016436,0.004979,-0.268076,-1.170212,0.655409,-1.147279,0.021190,0.001849,-0.919253,-1.071532,-1.610112,1.494280,-0.017665,0.018115
3.900000,-0.005417,0.027532,0.001630,-0.256686,-1.179153,0.630000,-1.132048,0.022405,-0.004319,-0.874114,-1.068632,-1.544328,1.497299,-0.014760,0.020298
3.933333,-0.007767,0.024217,0.003814,-0.266247,-1.192293,0.600445,-1.137807,0.014035,-0.021974,-0.841973,-1.069403,-1.475467,1.483530,-0.001282,0.013332
3.966667,-0.010728,0.021296,-0.018488,-0.265448,-1.184799,0.605566,-1.153147,0.027254,-0.029971,-0.846386,-1.077571,-1.434421,1.500696,0.009114,0.005292
4.000000,-0.003768,0.027761,-0.021699,-0.271999,-1.173432,0.615687,-1.154077,0.023294,-0.025214,-0.826400,-1.069822,-1.420073,1.503623,0.010715,0.011754
4.033333,-0.000815,0.032017,-0.011830,-0.284457,-1.179172,0.609082,-1.157132,0.013927,-0.018961,-0.840472,-1.090570,-1.420724,1.490720,-0.002068,0.002214
4.066667,-0.006151,0.033492,-0.016377,-0.280189,-1.181960,0.605485,-1.160677,0.006893,-0.012004,-0.878757,-1.085402,-1.445338,1.491429,-0.009284,-0.003198
4.100000,-0.004868,0.037651,-0.010373,-0.292621,-1.201994,0.627378,-1.163973,0.004026,-0.002524,-0.921346,-1.095837,-1.509952,1.518117,-0.007443,0.009934
4.133333,0.000410,0.034323,0.010241,-0.296487,-1.222028,0.618841,-1.162526,-0.015798,-0.005226,-0.945139,-1.081773,-1.568026,1.506331,-0.021224,0.010608
4.166667,-0.002770,0.047165,0.014952,-0.302866,-1.225985,0.631027,-1.153201,-0.019315,-0.003621,-0.983091,-1.070063,-1.611648,1.503198,-0.032535,0.012568
4.200000,-0.005918,0.046283,0.020264,-0.313500,-1.214635,0.661021,-1.169672,-0.011040,-0.005161,-1.007321,-1.061342,-1.678471,1.503535,-0.034169,0.023501
4.233333,0.009580,0.032090,0.024301,-0.331641,-1.204727,0.681332,-1.179407,-0.005359,-0.013690,-1.020122,-1.076133,-1.713591,1.497308,-0.031074,0.024214
4.266667,0.019298,0.030025,0.018965,-0.320372,-1.178327,0.678918,-1.168399,0.010541,-0.010956,-1.029716,-1.087587,-1.722283,1.493355,-0.051363,0.013242
4.300000,0.026678,0.028982,0.013989,-0.315262,-1.181113,0.689820,-1.165031,0.015664,-0.016605,-1.038253,-1.083541,-1.741493,1.502725,-0.050266,0.016236
4.333333,0.027829,0.009780,0.021208,-0.324094,-1.189860,0.675687,-1.174761,0.023164,-0.015004,-1.045058,-1.110871,-1.739855,1.518277,-0.039530,0.006077
4.366667,0.042723,0.006406,0.019406,-0.332785,-1.198468,0.643747,-1.160907,0.017653,-0.011598,-1.065009,-1.117735,-1.712850,1.538381,-0.046718,-0.016541
4.400000,0.029041,0.009586,0.018422,-0.327067,-1.214476,0.623723,-1.149349,0.021966,-0.006331,-1.056997,-1.116859,-1.701023,1.548063,-0.047578,-0.016269
4.433333,0.024524,0.009958,0.025448,-0.317653,-1.222024,0.623843,-1.137790,0.007592,-0.012009,-1.040027,-1.097734,-1.694922,1.533676,-0.029508,-0.018678
4.466667,0.031870,0.014722,0.028213,-0.292068,-1.209791,0.636629,-1.099420,0.015413,-0.000734,-1.018694,-1.093804,-1.676584,1.515821,-0.034589,-0.010067
4.500000,0.038030,0.021968,0.031305,-0.264785,-1.217509,0.634448,-1.078425,0.011852,-0.011862,-0.989762,-1.078307,-1.659226,1.489998,-0.035907,-0.005502
4.533333,0.015330,0.024936,0.021025,-0.238053,-1.241293,0.632268,-1.073071,0.005553,-0.018322,-0.934167,-1.053835,-1.640494,1.471749,-0.024544,0.011172
4.566667,0.007897,0.035417,0.017186,-0.242741,-1.234974,0.621297,-1.077293,0.006041,-0.002525,-0.912577,-1.039508,-1.618175,1.476591,-0.027030,0.026169
4.600000,0.011365,0.037998,0.016773,-0.257084,-1.246971,0.589656,-1.081515,0.008191,0.008085,-0.891087,-1.054650,-1.597750,1.489257,-0.025497,0.034361
4.633333,-0.004327,0.031438,0.008523,-0.269570,-1.267836,0.533223,-1.100664,0.006269,-0.002913,-0.875699,-1.058949,-1.559097,1.496175,-0.015584,0.022714
4.666667,0.001851,0.029155,-0.013179,-0.263001,-1.267862,0.516790,-1.090294,0.015340,0.004427,-0.868295,-1.071947,-1.553612,1.519937,-0.012178,0.021233
4.700000,0.015500,0.028852,0.001024,-0.271335,-1.256997,0.512689,-1.082760,0.021847,0.007003,-0.880806,-1.090181,-1.554509,1.526508,-0.004465,0.022614
4.733333,0.030045,0.017493,0.005813,-0.246182,-1.256358,0.502067,-1.060885,0.019630,-0.007162,-0.885557,-1.096597,-1.548186,1.501008,-0.002852,0.007068
4.766667,0.022096,0.020901,-0.000009,-0.239219,-1.269370,0.514697,-1.051883,0.017226,-0.006270,-0.898866,-1.087596,-1.536716,1.503201,-0.002306,0.007610
4.800000,0.026039,0.020901,0.008202,-0.243255,-1.276444,0.528831,-1.062828,0.012985,-0.005713,-0.907467,-1.086210,-1.561155,1.513684,-0.003035,0.008215
4.833333,0.020321,0.021094,0.023431,-0.264973,-1.273768,0.521302,-1.078499,0.003321,-0.003969,-0.930238,-1.068457,-1.578809,1.492808,-0.002873,0.012872
4.866667,0.007540,0.026618,0.020107,-0.271241,-1.263066,0.522032,-1.067059,0.007243,0.005233,-0.939374,-1.050502,-1.602441,1.484854,-0.012513,0.002938
4.900000,-0.001845,0.029366,0.022112,-0.283103,-1.275962,0.546289,-1.074449,0.010268,0.005415,-0.952609,-1.038797,-1.635644,1.499444,-0.009930,0.002479
4.933333,-0.001148,0.021805,0.029784,-0.292037,-1.262052,0.535508,-1.084049,0.018007,0.001713,-0.971216,-1.041548,-1.664304,1.496588,-0.006272,0.004405
4.966667,-0.003196,0.030414,0.019142,-0.288210,-1.262355,0.521225,-1.076380,0.015755,0.005044,-1.002443,-1.033283,-1.680295,1.508166,-0.015371,0.007232
5.000000,-0.016027,0.029110,0.014868,-0.271179,-1.270207,0.519804,-1.079315,0.016831,-0.002375,-1.002955,-1.033908,-1.679277,1.517056,-0.017680,0.001927
5.033333,0.002536,0.022677,0.013767,-0.260112,-1.271376,0.497791,-1.089198,0.006614,-0.015936,-1.012338,-1.049858,-1.660921,1.528017,-0.021550,-0.002418
5.066667,0.010672,0.022274,0.003930,-0.262220,-1.246505,0.469555,-1.083237,0.007034,-0.007583,-1.001582,-1.062497,-1.620700,1.537423,-0.045592,0.006194
5.100000,0.013265,0.022820,-0.001399,-0.246153,-1.248441,0.454532,-1.075979,0.004564,-0.016474,-0.964164,-1.052397,-1.573185,1.524275,-0.053252,0.002552
5.133333,0.016305,0.014210,0.003678,-0.241352,-1.225273,0.458252,-1.064220,-0.000428,-0.018845,-0.906357,-1.051092,-1.508932,1.496324,-0.044123,-0.010863
5.166667,0.031110,0.010803,0.002904,-0.249130,-1.201130,0.441031,-1.069455,-0.006462,-0.026088,-0.862581,-1.055528,-1.429623,1.477388,-0.048626,-0.013536
5.200000,0.024853,0.009923,0.004894,-0.251198,-1.199134,0.441302,-1.068316,-0.000085,-0.022011,-0.810380,-1.059011,-1.364132,1.463809,-0.040435,-0.003326
5.233333,0.018903,0.016058,0.018071,-0.238007,-1.202535,0.454730,-1.051677,0.003222,-0.029449,-0.766373,-1.055366,-1.311940,1.444392,-0.017768,-0.005544
5.266667,0.037049,0.029643,0.029211,-0.248276,-1.179227,0.467322,-1.021253,0.008106,-0.005326,-0.729129,-1.083340,-1.286343,1.460505,-0.024254,0.000928
5.300000,0.037075,0.031595,0.040171,-0.252484,-1.192161,0.457461,-1.012598,0.012521,0.000034,-0.716343,-1.101568,-1.271821,1.463064,-0.027346,0.008400
5.333333,0.027607,0.033310,0.028881,-0.237890,-1.189198,0.458521,-0.996533,0.027139,0.003775,-0.712186,-1.107518,-1.279372,1.483732,-0.024044,0.013977
5.366667,0.022627,0.044271,0.029915,-0.245575,-1.191084,0.482089,-0.978366,0.016471,0.015716,-0.734482,-1.107813,-1.304824,1.505980,-0.024211,0.019653
5.400000,0.027266,0.035261,0.029397,-0.253825,-1.210429,0.473600,-0.992444,0.009366,0.010595,-0.764842,-1.100518,-1.356006,1.510364,-0.024698,0.018787
5.433333,0.012872,0.027174,0.012857,-0.249745,-1.234030,0.483127,-1.033073,0.003395,-0.003379,-0.821549,-1.064916,-1.393983,1.500102,-0.011817,0.016055
5.466667,0.009237,0.030007,-0.000585,-0.257176,-1.239494,0.503977,-1.066880,0.007060,-0.008526,-0.854695,-1.048071,-1.453059,1.510776,-0.017051,0.029643
5.500000,0.006919,0.028465,0.013843,-0.272951,-1.264019,0.520925,-1.078746,0.001287,-0.001054,-0.902584,-1.041003,-1.517230,1.510627,-0.018180,0.028034
5.533333,0.008649,0.021078,0.009731,-0.250210,-1.278509,0.522196,-1.110933,0.012413,-0.006216,-0.930368,-1.047084,-1.573763,1.486243,-0.020469,0.023771
5.566667,0.003155,0.019308,0.007714,-0.256881,-1.292536,0.546969,-1.130757,0.021545,0.008738,-0.962585,-1.053501,-1.619529,1.498397,-0.029589,0.029466
5.600000,-0.000468,0.011057,0.013097,-0.258900,-1.289017,0.562647,-1.145086,0.021216,-0.000737,-0.981789,-1.073527,-1.669668,1.502758,-0.033116,0.020788
5.633333,0.004902,0.006272,0.023977,-0.267185,-1.265948,0.585209,-1.144829,0.017398,0.000631,-1.021537,-1.077410,-1.710632,1.499969,-0.025322,0.002775
5.666667,0.006252,0.011969,0.017040,-0.275180,-1.235340,0.630493,-1.157563,0.020882,0.004841,-1.048654,-1.088395,-1.749190,1.501620,-0.026934,-0.004123
5.700000,0.006191,0.009656,0.018950,-0.298499,-1.217124,0.661608,-1.176861,0.019128,-0.002015,-1.061302,-1.092869,-1.769059,1.515050,-0.022675,-0.007061
5.733333,0.016496,0.009656,0.010226,-0.292249,-1.184846,0.693017,-1.168521,0.014658,-0.011618,-1.082448,-1.120602,-1.786742,1.519434,-0.014682,-0.017726
5.766667,0.019631,0.013684,0.000916,-0.294393,-1.189344,0.698167,-1.174895,0.014905,-0.013146,-1.083587,-1.132856,-1.798732,1.524941,-0.014021,-0.011122
5.800000,0.013718,0.015681,-0.002071,-0.293442,-1.203986,0.709174,-1.186415,0.013937,-0.012852,-1.076748,-1.155728,-1.797840,1.533000,-0.014444,-0.008225
5.833333,0.010422,0.009986,0.007259,-0.297286,-1.207023,0.690826,-1.202750,0.012665,-0.018208,-1.071546,-1.153661,-1.786339,1.530983,-0.019039,0.005482
5.866667,0.012779,0.019052,0.011477,-0.324320,-1.200989,0.667494,-1.192725,0.011398,-0.003954,-1.074931,-1.169162,-1.775714,1.541938,-0.024195,0.009956
5.900000,0.005380,0.021513,0.020617,-0.340924,-1.211860,0.645271,-1.204184,0.006141,-0.004890,-1.056472,-1.146831,-1.766998,1.533198,-0.023021,0.010604
5.933333,0.002311,0.018848,0.030389,-0.346014,-1.205955,0.643049,-1.199875,0.005499,-0.000618,-1.057922,-1.137290,-1.762004,1.530244,-0.023659,0.005109
5.966667,0.009610,0.016852,0.035766,-0.323776,-1.225010,0.611712,-1.171828,0.015608,-0.005451,-1.036501,-1.154519,-1.774169,1.510951,-0.015138,0.002420
6.000000,0.018351,0.016883,0.037446,-0.298223,-1.281585,0.569730,-1.118973,0.011752,0.001313,-1.004580,-1.178503,-1.798769,1.475042,-0.014439,-0.002006
6.033333,0.018312,0.006148,0.035586,-0.254341,-1.327230,0.522579,-1.060456,0.008561,-0.014313,-0.970881,-1.190331,-1.822767,1.425646,-0.009694,-0.007602
6.066667,0.010585,0.007570,0.031494,-0.229867,-1.359855,0.459362,-0.980456,0.003586,-0.014848,-0.944410,-1.204028,-1.844929,1.402207,-0.002981,-0.010512
6.100000,0.012577,0.006962,0.026965,-0.207039,-1.382807,0.390384,-0.880456,-0.008301,-0.019729,-0.911057,-1.231387,-1.873011,1.364963,-0.003001,-0.008029
6.133333,0.007690,0.006962,0.022463,-0.209602,-1.400328,0.332577,-0.800169,-0.021523,-0.018440,-0.904746,-1.238315,-1.878080,1.347914,-0.013712,-0.005643
6.166667,-0.013708,0.008455,0.000652,-0.198155,-1.399969,0.314769,-0.730316,-0.018696,-0.037368,-0.899900,-1.223426,-1.875031,1.353693,-0.006388,-0.014113
6.200000,-0.013205,0.013600,-0.007856,-0.205039,-1.389348,0.317545,-0.680654,-0.015048,-0.039836,-0.893838,-1.220695,-1.897339,1.359950,0.003651,-0.000235
6.233333,-0.004388,0.009925,-0.002844,-0.205165,-1.389348,0.303537,-0.658006,-0.013084,-0.043882,-0.891929,-1.233541,-1.893126,1.345858,-0.003980,0.001861
6.266667,-0.011190,0.010837,-0.009252,-0.188693,-1.399021,0.275289,-0.651340,-0.002091,-0.058130,-0.887170,-1.212726,-1.863960,1.342247,-0.015373,0.006591
6.300000,-0.014789,0.021045,-0.009318,-0.186829,-1.399020,0.275872,-0.649024,0.001490,-0.051745,-0.886371,-1.212341,-1.862104,1.358440,-0.011807,0.020154
6.333333,0.001669,0.019805,0.010711,-0.201093,-1.399379,0.254101,-0.654968,-0.005219,-0.042852,-0.883601,-1.230574,-1.856096,1.352996,-0.013983,0.021302
6.366667,0.009089,0.014898,0.017869,-0.193984,-1.390000,0.225250,-0.640722,0.002037,-0.026396,-0.889698,-1.220350,-1.831231,1.336826,-0.035382,0.008264
6.400000,0.009493,0.030113,0.018351,-0.193614,-1.390000,0.230089,-0.636938,-0.005548,-0.025608,-0.869285,-1.190511,-1.844060,1.324411,-0.043873,0.021716
6.433333,0.016953,0.027348,0.030326,-0.217158,-1.390000,0.254187,-0.641481,-0.008732,-0.010374,-0.873252,-1.200673,-1.855920,1.327502,-0.031660,0.012864
6.466667,0.025561,0.021075,0.032742,-0.217416,-1.382349,0.266376,-0.653210,-0.010302,-0.015550,-0.883537,-1.196272,-1.845414,1.309143,-0.026095,0.003142
6.500000,0.027994,0.021477,0.030317,-0.231163,-1.382349,0.282747,-0.668345,-0.011040,-0.010805,-0.879968,-1.173252,-1.851630,1.304690,-0.021664,0.020475
6.533333,0.021422,0.023804,0.033038,-0.238381,-1.402349,0.306874,-0.695114,-0.023386,-0.023279,-0.870951,-1.177939,-1.839992,1.320001,-0.011042,0.021403
6.566667,0.028082,0.015241,0.038209,-0.251164,-1.402349,0.311441,-0.703693,-0.007701,-0.015323,-0.886782,-1.217032,-1.814930,1.350984,-0.000856,0.011724
6.600000,0.029337,0.017410,0.045994,-0.258923,-1.402349,0.319762,-0.698075,0.001187,-0.005036,-0.899858,-1.234612,-1.823775,1.367327,-0.005606,0.014869
6.633333,0.023321,0.013476,0.043893,-0.265310,-1.407339,0.317163,-0.697094,-0.000758,-0.005519,-0.877822,-1.226755,-1.825073,1.365121,-0.012317,0.013064
6.666667,0.022844,0.013579,0.047436,-0.248490,-1.404495,0.332735,-0.674012,0.001678,-0.004119,-0.894238,-1.246071,-1.818209,1.385373,-0.019231,-0.009769
6.700000,0.031222,0.010545,0.044590,-0.239315,-1.399126,0.327050,-0.662959,-0.000810,-0.017503,-0.921189,-1.255666,-1.843737,1.395484,-0.018824,-0.013030
6.733333,0.024328,0.003863,0.041248,-0.231743,-1.399126,0.325839,-0.659785,-0.009290,-0.022553,-0.922155,-1.237772,-1.857194,1.380730,-0.017371,-0.014793
6.766667,0.018062,0.005781,0.028024,-0.207738,-1.391762,0.325719,-0.646498,-0.011914,-0.022392,-0.905648,-1.208323,-1.849543,1.365493,-0.025313,-0.013665
6.800000,0.015445,0.014715,0.033240,-0.208391,-1.386749,0.321505,-0.621752,-0.008015,-0.008670,-0.904368,-1.213072,-1.853143,1.363556,-0.024487,-0.003433
6.833333,0.009595,0.013199,0.029083,-0.208750,-1.389593,0.291637,-0.621954,-0.007921,-0.015625,-0.892289,-1.213471,-1.855266,1.352571,-0.018288,0.003800
6.866667,-0.004215,0.013199,0.017161,-0.196530,-1.394962,0.280650,-0.610865,0.006196,-0.008693,-0.858077,-1.184343,-1.834156,1.352265,-0.009224,0.014495
6.900000,-0.003868,0.024808,0.014221,-0.190104,-1.394962,0.269815,-0.598395,0.007045,-0.014842,-0.847344,-1.188296,-1.826782,1.356293,-0.004375,0.017605
6.933333,-0.006835,0.022239,0.017244,-0.203249,-1.402326,0.248437,-0.603937,-0.000627,-0.032778,-0.842784,-1.190172,-1.808905,1.344519,0.009151,0.011401
6.966667,-0.009228,0.018908,-0.004431,-0.205280,-1.390000,0.253982,-0.613487,0.012323,-0.041749,-0.841230,-1.197850,-1.770290,1.349533,0.019140,0.002002
7.000000,-0.000587,0.024552,-0.008143,-0.212777,-1.381989,0.269504,-0.608801,0.009965,-0.036746,-0.810475,-1.198316,-1.710275,1.326040,0.022048,0.008336
7.033333,0.003371,0.027858,0.000882,-0.226551,-1.381989,0.266143,-0.604688,-0.001383,-0.030426,-0.776879,-1.231044,-1.638505,1.273150,0.009772,-0.001574
7.066667,-0.002004,0.028526,-0.005235,-0.221514,-1.381989,0.268008,-0.607264,-0.010817,-0.024342,-0.717912,-1.262513,-1.540802,1.204495,0.001143,-0.007468
7.100000,0.001193,0.032863,-0.001722,-0.230975,-1.381989,0.296309,-0.613731,-0.014017,-0.015553,-0.638352,-1.309985,-1.440802,1.134584,0.001541,0.005127
7.133333,0.005909,0.028724,0.016340,-0.233414,-1.390513,0.293173,-0.614589,-0.034576,-0.016523,-0.538352,-1.339713,-1.340802,1.034584,-0.013198,0.005094
7.166667,0.001305,0.041142,0.019050,-0.235886,-1.392356,0.305715,-0.610010,-0.040728,-0.014908,-0.447817,-1.362042,-1.240802,0.934584,-0.027578,0.008496
7.200000,-0.002508,0.039323,0.023163,-0.241448,-1.387105,0.326818,-0.621770,-0.032925,-0.016807,-0.369206,-1.385686,-1.140802,0.834584,-0.032384,0.019140
7.233333,0.014026,0.026868,0.026268,-0.254888,-1.384056,0.332972,-0.623730,-0.027808,-0.026145,-0.324486,-1.390589,-1.040802,0.734584,-0.029521,0.020528
7.266667,0.022324,0.023612,0.021310,-0.242203,-1.377702,0.312743,-0.603788,-0.013533,-0.023060,-0.297429,-1.394634,-0.940802,0.637787,-0.050243,0.010195
7.300000,0.029183,0.022471,0.017288,-0.234687,-1.389178,0.305382,-0.586731,-0.009637,-0.030499,-0.298291,-1.384885,-0.840802,0.545288,-0.050666,0.014534
7.333333,0.030640,0.004409,0.025558,-0.242635,-1.395099,0.271482,-0.578881,-0.002371,-0.029473,-0.310258,-1.398461,-0.740802,0.483449,-0.040608,0.005413
7.366667,0.045339,0.002923,0.024271,-0.252141,-1.398885,0.229021,-0.557390,-0.007645,-0.025776,-0.347053,-1.398461,-0.640802,0.461610,-0.048520,-0.014675
7.400000,0.031717,0.004373,0.023455,-0.249165,-1.401934,0.204626,-0.537710,-0.001722,-0.019509,-0.353113,-1.398461,-0.550662,0.451710,-0.050086,-0.013570
7.433333,0.028139,0.005111,0.030476,-0.242857,-1.400477,0.206614,-0.522370,-0.014344,-0.024972,-0.359830,-1.392877,-0.500523,0.462922,-0.033099,-0.016245
7.466667,0.035302,0.009387,0.033487,-0.218059,-1.380892,0.227172,-0.492611,-0.005952,-0.011868,-0.361359,-1.396109,-0.490383,0.502338,-0.036851,-0.007227
7.500000,0.042132,0.014985,0.036919,-0.194776,-1.381140,0.234270,-0.485262,-0.008277,-0.021423,-0.377107,-1.391590,-0.520243,0.551095,-0.036515,-0.003096
7.533333,0.020580,0.015347,0.027076,-0.172520,-1.382604,0.241367,-0.496314,-0.013862,-0.028083,-0.388047,-1.367070,-0.590103,0.599851,-0.023529,0.012227
7.566667,0.012812,0.025357,0.024286,-0.181322,-1.374014,0.248384,-0.518408,-0.014251,-0.013940,-0.435831,-1.352184,-0.690103,0.676669,-0.024578,0.024098
7.600000,0.015468,0.027659,0.024884,-0.197898,-1.381825,0.237529,-0.536163,-0.012061,-0.003651,-0.505295,-1.341097,-0.790103,0.769173,-0.020827,0.032533
7.633333,0.000682,0.023060,0.017266,-0.215683,-1.399908,0.199314,-0.576270,-0.012402,-0.016376,-0.592028,-1.316118,-0.890103,0.869173,-0.010304,0.019165
7.666667,0.007086,0.020767,-0.003837,-0.210225,-1.397580,0.201099,-0.585441,-0.001244,-0.008921,-0.674309,-1.304842,-0.990103,0.969173,-0.003967,0.016825
7.700000,0.019809,0.021443,0.010989,-0.218868,-1.397580,0.217399,-0.594205,0.004634,-0.006640,-0.755326,-1.300226,-1.090103,1.069173,0.002518,0.017671
7.733333,0.034205,0.010907,0.016485,-0.194299,-1.399658,0.217672,-0.589034,0.003730,-0.020608,-0.821607,-1.294152,-1.190103,1.147776,0.005326,0.002533
7.766667,0.026684,0.014759,0.010605,-0.186080,-1.399658,0.235817,-0.598332,0.002377,-0.018549,-0.867483,-1.284514,-1.290103,1.226379,0.006559,0.003333
7.800000,0.030486,0.014759,0.019000,-0.188462,-1.401160,0.251379,-0.612407,-0.002369,-0.017829,-0.887282,-1.283635,-1.390103,1.278428,0.006812,0.004384
7.833333,0.023913,0.015395,0.033758,-0.208985,-1.400448,0.244927,-0.629390,-0.013576,-0.017368,-0.903158,-1.266718,-1.490103,1.297519,0.004470,0.008900
7.866667,0.010965,0.021159,0.030170,-0.214341,-1.395723,0.245103,-0.618797,-0.009862,-0.009703,-0.899122,-1.251361,-1.590104,1.299560,-0.001902,-0.002551
7.900000,0.003056,0.023779,0.031733,-0.224185,-1.402235,0.266895,-0.625084,-0.007902,-0.008794,-0.897778,-1.242341,-1.689717,1.311036,0.000126,-0.001342
7.933333,0.003054,0.016178,0.039751,-0.233765,-1.402235,0.255098,-0.632512,-0.001458,-0.012968,-0.902515,-1.247379,-1.757254,1.304851,0.003669,0.000224
7.966667,0.001841,0.023081,0.029257,-0.232151,-1.402235,0.243319,-0.623655,-0.003970,-0.008289,-0.924425,-1.242802,-1.813549,1.316170,-0.006324,0.003507
8.000000,-0.010562,0.021774,0.025391,-0.217690,-1.405275,0.246710,-0.626624,-0.001927,-0.015458,-0.919921,-1.247251,-1.846879,1.322562,-0.009460,-0.001967
8.033333,0.007869,0.015411,0.024187,-0.209487,-1.409166,0.230190,-0.637720,-0.012972,-0.026864,-0.936386,-1.267565,-1.860904,1.333096,-0.013965,-0.005029
8.066667,0.014423,0.014693,0.014556,-0.215452,-1.398014,0.208403,-0.632891,-0.011769,-0.017808,-0.948102,-1.285222,-1.853657,1.344322,-0.037856,0.002461
8.100000,0.017509,0.015596,0.009764,-0.202617,-1.398014,0.201770,-0.629805,-0.013979,-0.028070,-0.934142,-1.279899,-1.858965,1.336918,-0.045051,0.000037
8.133333,0.019464,0.008693,0.014964,-0.199513,-1.386064,0.214403,-0.624864,-0.018511,-0.032032,-0.918163,-1.281915,-1.850124,1.314217,-0.036534,-0.012033
8.166667,0.035661,0.006060,0.015337,-0.210669,-1.371264,0.206597,-0.634666,-0.024561,-0.039795,-0.924821,-1.289832,-1.843838,1.305922,-0.041683,-0.014862
8.200000,0.031427,0.005620,0.018094,-0.215751,-1.372047,0.214202,-0.638312,-0.016384,-0.036278,-0.917717,-1.296167,-1.844325,1.301759,-0.032852,-0.004731
8.233333,0.025663,0.012605,0.031969,-0.205410,-1.374458,0.234469,-0.627667,-0.014096,-0.044737,-0.905852,-1.293578,-1.839415,1.291002,-0.009342,-0.006814
8.266667,0.043510,0.025513,0.043126,-0.218438,-1.360284,0.250565,-0.599669,-0.008358,-0.020021,-0.898141,-1.320171,-1.843461,1.310696,-0.015938,-0.001441
8.300000,0.043464,0.026341,0.054314,-0.225781,-1.372234,0.243429,-0.591390,-0.004659,-0.014566,-0.896074,-1.336898,-1.852037,1.314737,-0.017423,0.005760
8.333333,0.032402,0.026926,0.042473,-0.211806,-1.371515,0.242089,-0.573068,0.009071,-0.011281,-0.888664,-1.342420,-1.857187,1.336302,-0.011555,0.011105
8.366667,0.025990,0.037004,0.043376,-0.219601,-1.370659,0.264090,-0.552107,-0.002447,0.000467,-0.887812,-1.338770,-1.864670,1.366643,-0.011809,0.016636
8.400000,0.029973,0.027193,0.042303,-0.226081,-1.379400,0.250763,-0.561835,-0.008129,-0.003985,-0.889372,-1.327549,-1.875870,1.374848,-0.012572,0.015180
8.433333,0.015637,0.019633,0.024967,-0.218223,-1.393574,0.252803,-0.598933,-0.014130,-0.016614,-0.911075,-1.288557,-1.860638,1.361667,0.000600,0.013469
8.466667,0.012428,0.022180,0.010423,-0.221451,-1.393574,0.261500,-0.622757,-0.009809,-0.021451,-0.904175,-1.269800,-1.866266,1.366598,-0.005952,0.026481
8.500000,0.009410,0.021595,0.024458,-0.233087,-1.409093,0.265661,-0.626687,-0.016179,-0.013531,-0.909977,-1.257596,-1.870307,1.359059,-0.007298,0.024060
8.533333,0.012138,0.015059,0.019768,-0.205431,-1.410000,0.248905,-0.648094,-0.003983,-0.016919,-0.908585,-1.259514,-1.869893,1.319066,-0.008569,0.020697
8.566667,0.007410,0.015059,0.017391,-0.206024,-1.410000,0.250727,-0.651543,0.004600,-0.002345,-0.912295,-1.260101,-1.873182,1.319073,-0.018693,0.026715
8.600000,0.003638,0.006917,0.023484,-0.202563,-1.410000,0.235994,-0.641803,0.003741,-0.012288,-0.907681,-1.271477,-1.885557,1.317845,-0.023560,0.017346
8.633333,0.008627,0.003541,0.035224,-0.204464,-1.392278,0.231559,-0.623526,-0.001190,-0.010584,-0.928442,-1.264869,-1.887656,1.313173,-0.015631,-0.000537
8.666667,0.010869,0.008816,0.028446,-0.203108,-1.373897,0.253148,-0.616497,0.003432,-0.004596,-0.941899,-1.266533,-1.894237,1.311827,-0.018723,-0.008110
8.700000,0.010025,0.005884,0.030861,-0.217925,-1.373896,0.255669,-0.610994,0.000628,-0.012953,-0.943158,-1.259030,-1.888979,1.323142,-0.015952,-0.012509
8.733333,0.020425,0.005884,0.022944,-0.206059,-1.373896,0.260311,-0.584507,-0.004991,-0.022422,-0.958459,-1.277498,-1.888883,1.334457,-0.008201,-0.022217
8.766667,0.023422,0.009216,0.013554,-0.201252,-1.373896,0.248748,-0.574403,-0.005133,-0.025088,-0.957785,-1.285081,-1.893924,1.338172,-0.007013,-0.016660
8.800000,0.017743,0.009743,0.011360,-0.194473,-1.391618,0.237359,-0.568812,-0.004351,-0.024972,-0.948651,-1.302301,-1.887719,1.346356,-0.007253,-0.013294
8.833333,0.013816,0.004468,0.020961,-0.196215,-1.392585,0.197893,-0.571615,-0.006016,-0.031859,-0.942771,-1.295918,-1.877389,1.346678,-0.010263,0.001775
8.866667,0.014743,0.013508,0.025108,-0.221075,-1.389367,0.166808,-0.557709,-0.006573,-0.018299,-0.945334,-1.311248,-1.867959,1.366792,-0.014947,0.006324
8.900000,0.007027,0.014426,0.034065,-0.235661,-1.389367,0.149210,-0.568705,-0.010351,-0.019259,-0.926762,-1.290908,-1.861485,1.348951,-0.012685,0.005677
8.933333,0.004076,0.012011,0.043962,-0.243239,-1.389367,0.151611,-0.569137,-0.010404,-0.014329,-0.928191,-1.283523,-1.857787,1.347173,-0.012934,-0.000106
8.966667,0.015418,0.011484,0.040549,-0.263136,-1.369367,0.170774,-0.586867,0.003595,-0.016185,-0.906587,-1.264251,-1.835610,1.339820,-0.001474,-0.007374
9.000000,0.027083,0.013426,0.034335,-0.300288,-1.346782,0.218013,-0.619456,0.004262,-0.006646,-0.859037,-1.237496,-1.798500,1.349913,-0.000793,-0.013983
9.033333,0.029581,0.006629,0.024120,-0.337440,-1.290000,0.296872,-0.684358,0.007748,-0.017735,-0.797903,-1.198013,-1.746983,1.344166,0.005426,-0.022298
9.066667,0.026046,0.010705,0.011193,-0.414592,-1.210183,0.376872,-0.764358,0.008572,-0.014019,-0.728154,-1.158598,-1.666983,1.374160,0.011272,-0.027955
9.100000,0.031432,0.012633,-0.001473,-0.514592,-1.116872,0.476872,-0.864358,0.002618,-0.016132,-0.649752,-1.132266,-1.566983,1.389533,0.011907,-0.027801
9.133333,0.024079,0.014952,-0.006489,-0.614592,-1.054514,0.576872,-0.964358,-0.009678,-0.016117,-0.593743,-1.125207,-1.466983,1.409855,0.001013,-0.025392
9.166667,0.003630,0.018185,-0.030088,-0.708663,-1.009824,0.676872,-1.064358,-0.007098,-0.034606,-0.556034,-1.109234,-1.367207,1.416961,0.010166,-0.034537
9.200000,0.004863,0.022808,-0.038561,-0.802734,-0.971757,0.776872,-1.164358,-0.001597,-0.038836,-0.527457,-1.105989,-1.301938,1.418260,0.017579,-0.020459
9.233333,0.011938,0.020146,-0.033694,-0.870063,-0.971374,0.876872,-1.264358,0.000083,-0.043356,-0.515877,-1.119807,-1.236669,1.397195,0.011979,-0.016030
9.266667,0.005452,0.022740,-0.041988,-0.897392,-0.991130,0.976872,-1.345867,0.011177,-0.057190,-0.499903,-1.100541,-1.171400,1.385129,0.001538,-0.011668
9.300000,0.002783,0.033539,-0.043681,-0.924721,-0.992532,1.076872,-1.408028,0.013432,-0.049753,-0.495731,-1.102003,-1.146098,1.394554,0.005852,0.002010
9.333333,0.020096,0.031880,-0.024075,-0.943227,-0.995582,1.176872,-1.451837,0.007101,-0.040390,-0.488836,-1.122994,-1.131678,1.386439,0.003445,0.002593
9.366667,0.027267,0.027729,-0.017897,-0.938104,-0.992009,1.276872,-1.455646,0.010430,-0.023712,-0.494721,-1.115834,-1.107347,1.368706,-0.016266,-0.009619
9.400000,0.027817,0.043066,-0.017990,-0.939235,-0.990569,1.376872,-1.452472,0.004372,-0.021572,-0.475886,-1.088349,-1.121683,1.357391,-0.024882,0.000401
9.433333,0.033166,0.039709,-0.004263,-0.966362,-0.982284,1.468021,-1.451904,0.001057,-0.007321,-0.486087,-1.100864,-1.136019,1.363645,-0.012481,-0.008421
9.466667,0.040976,0.032551,-0.000160,-0.968722,-0.972742,1.542363,-1.458443,0.002069,-0.011592,-0.502092,-1.100420,-1.134760,1.350242,-0.008541,-0.019528
9.500000,0.042527,0.032322,-0.001789,-0.984398,-0.981450,1.600906,-1.469079,0.002586,-0.007570,-0.507554,-1.080518,-1.156888,1.347904,-0.006525,0.000136
9.533333,0.035841,0.034431,0.002461,-0.993144,-1.004671,1.637642,-1.488996,-0.007902,-0.018728,-0.505550,-1.088766,-1.155391,1.365413,0.005103,0.002358
9.566667,0.043623,0.025506,0.008328,-1.010387,-1.012117,1.651151,-1.499352,0.008245,-0.012798,-0.527105,-1.132557,-1.138826,1.399212,0.015098,-0.005835
9.600000,0.046408,0.027540,0.015393,-1.020444,-1.019508,1.659608,-1.496452,0.018004,-0.000271,-0.543640,-1.154567,-1.153718,1.417196,0.009620,-0.002646
9.633333,0.042911,0.021580,0.013495,-1.029207,-1.024927,1.658715,-1.498373,0.015475,-0.002129,-0.522754,-1.149536,-1.157621,1.414836,0.004192,-0.000782
9.666667,0.041219,0.021609,0.017851,-1.010693,-1.013127,1.673620,-1.474550,0.017645,0.000588,-0.536833,-1.167955,-1.154148,1.435045,-0.000199,-0.025599
9.700000,0.050922,0.017078,0.015030,-1.007257,-1.001377,1.683806,-1.476307,0.013821,-0.013453,-0.559913,-1.177537,-1.173946,1.443235,-0.000672,-0.030689
9.733333,0.042067,0.010574,0.012720,-1.000546,-0.997971,1.693297,-1.475593,0.002229,-0.018751,-0.560099,-1.157415,-1.186048,1.426054,0.001384,-0.030719
9.766667,0.036423,0.012332,-0.000106,-0.975025,-0.983701,1.700585,-1.464019,-0.001468,-0.019113,-0.545796,-1.124815,-1.185104,1.411424,-0.007569,-0.030419
9.800000,0.032277,0.022867,0.004914,-0.975566,-0.978273,1.712878,-1.448587,-0.000725,-0.006422,-0.544184,-1.126138,-1.187662,1.409722,-0.007887,-0.022215
9.833333,0.027897,0.019550,0.000715,-0.978781,-0.984965,1.702671,-1.460965,0.000402,-0.014148,-0.535795,-1.125988,-1.186498,1.400940,-0.003554,-0.013854
9.866667,0.014337,0.018649,-0.010746,-0.962317,-0.997061,1.693300,-1.447933,0.013608,-0.007914,-0.509311,-1.094673,-1.178361,1.405614,0.006547,-0.002039
9.900000,0.016210,0.030136,-0.014421,-0.955418,-1.000303,1.689260,-1.442096,0.015072,-0.014009,-0.507214,-1.096383,-1.184724,1.417677,0.011467,-0.000407
9.933333,0.012984,0.027928,-0.010865,-0.968692,-1.010645,1.674438,-1.456602,0.006931,-0.032073,-0.513206,-1.098887,-1.175124,1.412968,0.026057,-0.003683
9.966667,0.010143,0.025088,-0.032629,-0.970755,-1.002775,1.680769,-1.468361,0.022529,-0.038242,-0.543476,-1.107467,-1.170212,1.435331,0.036831,-0.013019
10.000000,0.016298,0.032645,-0.036257,-0.973177,-0.991609,1.682999,-1.464330,0.017682,-0.034605,-0.540524,-1.103027,-1.181903,1.440278,0.039435,-0.004985
10.033333,0.018950,0.037399,-0.027890,-0.982508,-0.997356,1.670920,-1.464674,0.010132,-0.027672,-0.552793,-1.125355,-1.181038,1.424525,0.026465,-0.015449
10.066667,0.012951,0.039121,-0.033115,-0.969494,-1.001088,1.650559,-1.463991,0.002779,-0.021454,-0.565665,-1.122148,-1.175812,1.417801,0.019287,-0.022109
10.100000,0.014599,0.043266,-0.028134,-0.971504,-1.022423,1.657084,-1.460735,0.000303,-0.011539,-0.575115,-1.131855,-1.207409,1.434822,0.021190,-0.009639
10.133333,0.018390,0.038535,-0.008217,-0.966851,-1.043758,1.628986,-1.453689,-0.018569,-0.013648,-0.562753,-1.116755,-1.219199,1.412966,0.008167,-0.009271
10.166667,0.014854,0.050899,-0.003790,-0.962997,-1.051471,1.624155,-1.437221,-0.022018,-0.009369,-0.572340,-1.102606,-1.221329,1.405546,-0.002673,-0.009516
10.200000,0.012352,0.049725,0.001357,-0.970183,-1.038507,1.643889,-1.446925,-0.014363,-0.010965,-0.573967,-1.093452,-1.253750,1.401707,-0.005742,0.001248
10.233333,0.027703,0.034279,0.005815,-0.986603,-1.026782,1.657758,-1.451462,-0.008842,-0.019227,-0.579478,-1.105834,-1.265849,1.394603,-0.001549,0.001892
10.266667,0.036970,0.031534,-0.000464,-0.979832,-0.994383,1.656498,-1.438228,0.007292,-0.017208,-0.582868,-1.118915,-1.252740,1.389139,-0.020588,-0.010656
10.300000,0.045396,0.031048,-0.005880,-0.979332,-0.992433,1.677922,-1.442571,0.009340,-0.024474,-0.592140,-1.117491,-1.272633,1.398823,-0.021012,-0.007391
10.333333,0.048540,0.011982,0.001361,-0.998758,-0.993936,1.680367,-1.462855,0.016299,-0.024292,-0.598495,-1.146091,-1.269311,1.413699,-0.010519,-0.017869
10.366667,0.061918,0.008401,-0.000350,-1.016459,-0.998560,1.659395,-1.461897,0.007493,-0.021011,-0.630645,-1.158165,-1.250823,1.455074,-0.018836,-0.037732
10.400000,0.050686,0.012591,-0.001513,-1.023278,-1.006923,1.671164,-1.468083,0.012557,-0.015066,-0.630727,-1.167379,-1.253323,1.470539,-0.020331,-0.035626
10.433333,0.046621,0.013006,0.005571,-1.020665,-1.011497,1.691562,-1.474269,-0.003106,-0.020098,-0.631149,-1.156716,-1.267302,1.460865,-0.005550,-0.039099
10.466667,0.052258,0.017621,0.009370,-1.002662,-0.992702,1.723898,-1.449076,0.006578,-0.009673,-0.625620,-1.160635,-1.271166,1.446780,-0.012596,-0.030969
10.500000,0.058428,0.024558,0.012316,-0.984615,-0.994904,1.738546,-1.443850,0.004544,-0.020152,-0.616320,-1.155424,-1.282346,1.422680,-0.013249,-0.025791
10.533333,0.037196,0.028004,0.001975,-0.967473,-1.009260,1.760275,-1.452981,0.000373,-0.026029,-0.577336,-1.136625,-1.289209,1.386204,-0.000749,-0.010099
10.566667,0.028117,0.038262,-0.002383,-0.980024,-0.996939,1.773371,-1.463439,0.000305,-0.010931,-0.573481,-1.124685,-1.292206,1.389727,-0.003636,0.002182
10.600000,0.031959,0.040831,-0.002089,-1.004324,-1.002135,1.768006,-1.473898,0.004056,-0.000924,-0.568711,-1.142323,-1.297734,1.405228,-0.001158,0.011799
10.633333,0.017386,0.033736,-0.011023,-1.022221,-1.020863,1.730603,-1.501675,0.002736,-0.011085,-0.572863,-1.148438,-1.283603,1.415779,0.009072,0.000886
10.666667,0.022614,0.031343,-0.032281,-1.016575,-1.018691,1.733201,-1.494761,0.011233,-0.004318,-0.574381,-1.160979,-1.291508,1.443853,0.012479,0.002243
10.700000,0.034115,0.031223,-0.017198,-1.024391,-1.010461,1.743753,-1.488671,0.017287,-0.002292,-0.592896,-1.178401,-1.302467,1.453031,0.019510,0.003045
10.733333,0.049077,0.020138,-0.012937,-0.997996,-1.012423,1.730897,-1.470396,0.014962,-0.016131,-0.602148,-1.184950,-1.302699,1.428888,0.021725,-0.011564
10.766667,0.040603,0.023735,-0.019277,-0.987568,-1.027745,1.740024,-1.461657,0.013373,-0.014715,-0.612109,-1.175559,-1.284999,1.430609,0.021562,-0.008706
10.800000,0.045986,0.023735,-0.011277,-0.992920,-1.037704,1.751995,-1.467215,0.008182,-0.013528,-0.606373,-1.173401,-1.294521,1.436755,0.023614,-0.009085
10.833333,0.039044,0.024982,0.003171,-1.014300,-1.039158,1.738250,-1.476547,-0.002347,-0.013642,-0.614846,-1.155102,-1.289824,1.410118,0.023098,-0.005634
10.866667,0.027747,0.030323,-0.001582,-1.016501,-1.033912,1.725776,-1.455755,0.000832,-0.004234,-0.605233,-1.136478,-1.286818,1.399087,0.014032,-0.018519
10.900000,0.019562,0.032723,0.000794,-1.026368,-1.053228,1.742560,-1.456694,0.001804,-0.004533,-0.594982,-1.122301,-1.282746,1.408199,0.015200,-0.016208
10.933333,0.020479,0.025326,0.007873,-1.034989,-1.045078,1.723134,-1.461021,0.007514,-0.009171,-0.591710,-1.121435,-1.275851,1.399544,0.019892,-0.015362
10.966667,0.019118,0.034684,-0.002359,-1.032535,-1.048869,1.709150,-1.452015,0.005251,-0.005390,-0.606679,-1.111253,-1.258832,1.409677,0.011635,-0.008752
11.000000,0.007125,0.032987,-0.007063,-1.015953,-1.060757,1.711290,-1.453879,0.008071,-0.011071,-0.594811,-1.110628,-1.236105,1.414133,0.006235,-0.014933
11.033333,0.024893,0.027066,-0.008633,-1.007956,-1.064634,1.699879,-1.467851,-0.002311,-0.023464,-0.601666,-1.125329,-1.207635,1.421060,0.003839,-0.016832
11.066667,0.031568,0.026877,-0.018645,-1.011569,-1.041517,1.679734,-1.465748,-0.000065,-0.012872,-0.602556,-1.138820,-1.182596,1.430960,-0.019372,-0.011028
11.100000,0.032754,0.028019,-0.022827,-0.997241,-1.045868,1.677448,-1.464015,-0.002999,-0.022195,-0.577307,-1.130580,-1.165786,1.418626,-0.026219,-0.013649
11.133333,0.034971,0.018661,-0.017002,-0.986830,-1.028836,1.680214,-1.450391,-0.007569,-0.025481,-0.553038,-1.131131,-1.144703,1.391810,-0.018967,-0.028098
11.166667,0.049972,0.015839,-0.016213,-0.997819,-1.008822,1.670148,-1.458310,-0.014338,-0.032235,-0.547580,-1.139332,-1.120829,1.377578,-0.021033,-0.032329
11.200000,0.046221,0.015215,-0.013134,-1.002760,-1.012039,1.677559,-1.459737,-0.007025,-0.029322,-0.529986,-1.147807,-1.103479,1.366687,-0.014219,-0.022387
11.233333,0.040643,0.021343,0.000459,-0.987760,-1.021316,1.696490,-1.441285,-0.005827,-0.039116,-0.513097,-1.147541,-1.084892,1.348154,0.007875,-0.024278
11.266667,0.059963,0.034698,0.011633,-1.001496,-1.001512,1.716737,-1.409539,0.002870,-0.014354,-0.496940,-1.179135,-1.076699,1.362920,0.001253,-0.020240
11.300000,0.059731,0.037306,0.021637,-1.011410,-1.014316,1.717935,-1.403018,0.007909,-0.008518,-0.484726,-1.200271,-1.069366,1.362043,-0.000005,-0.013005
11.333333,0.050764,0.038474,0.009440,-0.998314,-1.011409,1.725105,-1.386897,0.022250,-0.004408,-0.469820,-1.204942,-1.061405,1.378892,0.003693,-0.007086
11.366667,0.045852,0.049081,0.010560,-1.003825,-1.010500,1.744724,-1.364862,0.013069,0.006705,-0.469575,-1.202532,-1.068334,1.406194,0.004036,-0.000590
11.400000,0.050732,0.040104,0.009765,-1.014080,-1.025609,1.732350,-1.378782,0.008386,0.003528,-0.469044,-1.193243,-1.078365,1.411344,0.003868,-0.000967
11.433333,0.035073,0.031508,-0.006742,-1.000896,-1.047650,1.722608,-1.415714,0.000463,-0.008758,-0.496619,-1.154471,-1.072148,1.397034,0.017731,-0.003075
11.466667,0.032514,0.033861,-0.020180,-1.005642,-1.049031,1.732141,-1.445722,0.004587,-0.015108,-0.491059,-1.135408,-1.087252,1.400430,0.009939,0.008984
11.500000,0.030545,0.032404,-0.005701,-1.015949,-1.069739,1.731299,-1.450899,-0.000946,-0.008395,-0.498710,-1.124970,-1.097054,1.395012,0.008001,0.006976
11.533333,0.032390,0.024707,-0.010358,-0.988861,-1.082806,1.714037,-1.474280,0.007931,-0.011746,-0.496996,-1.127424,-1.101158,1.358040,0.004656,0.001504
11.566667,0.026994,0.021980,-0.012175,-0.990266,-1.097188,1.714605,-1.479745,0.014811,0.000516,-0.501836,-1.128262,-1.109375,1.361068,-0.005614,0.007633
11.600000,0.024246,0.013722,-0.007512,-0.988155,-1.096267,1.706446,-1.476605,0.014494,-0.010596,-0.494706,-1.138347,-1.120770,1.363276,-0.010190,0.000549
11.633333,0.027212,0.008762,0.003319,-0.986242,-1.077592,1.696226,-1.455932,0.007905,-0.008149,-0.521495,-1.130197,-1.129063,1.363039,-0.002062,-0.016575
11.666667,0.028953,0.014519,-0.002798,-0.980364,-1.054937,1.712836,-1.447269,0.009581,-0.003705,-0.542831,-1.131529,-1.150869,1.366806,-0.005572,-0.022868
11.700000,0.027653,0.012258,-0.000261,-0.994473,-1.043985,1.713297,-1.445408,0.009211,-0.011334,-0.546379,-1.123975,-1.148916,1.381283,-0.001483,-0.025162
11.733333,0.036821,0.012258,-0.009494,-0.980325,-1.015655,1.721642,-1.421462,0.004117,-0.019213,-0.563690,-1.141295,-1.154453,1.395759,0.007556,-0.035869
11.766667,0.038978,0.016578,-0.018241,-0.980195,-1.022522,1.716094,-1.421283,0.003918,-0.020878,-0.564132,-1.146641,-1.160927,1.403090,0.007785,-0.031832
11.800000,0.034982,0.019901,-0.020726,-0.976197,-1.039844,1.717552,-1.426845,0.005239,-0.021136,-0.555922,-1.165324,-1.155010,1.414460,0.008724,-0.029402
11.833333,0.030885,0.014248,-0.012404,-0.981778,-1.041821,1.689251,-1.440251,0.004797,-0.027837,-0.550570,-1.158975,-1.144864,1.414810,0.006217,-0.014465
11.866667,0.032549,0.023848,-0.008016,-1.007372,-1.031818,1.669907,-1.434388,0.004526,-0.012806,-0.560077,-1.173891,-1.147239,1.436005,-0.000167,-0.010655
11.900000,0.027107,0.027478,0.001844,-1.022866,-1.038935,1.656845,-1.455709,0.002334,-0.015726,-0.550720,-1.154290,-1.154008,1.423430,0.001041,-0.010830
11.933333,0.026564,0.024895,0.011738,-1.028802,-1.028309,1.664791,-1.458856,0.002033,-0.012375,-0.561362,-1.149551,-1.166968,1.424981,0.000904,-0.015711
11.966667,0.032872,0.021571,0.015114,-1.009075,-1.032735,1.646263,-1.440719,0.011176,-0.017189,-0.545820,-1.155926,-1.155421,1.427159,0.002919,-0.015566
12.000000,0.040701,0.020365,0.015954,-0.966422,-1.075231,1.617495,-1.423485,0.006298,-0.008477,-0.503541,-1.165233,-1.126764,1.449078,-0.003485,-0.016572
12.033333,0.039001,0.009211,0.012102,-0.883770,-1.108879,1.578503,-1.420872,0.000263,-0.024329,-0.444676,-1.163093,-1.079102,1.456365,-0.004179,-0.018897
12.066667,0.029393,0.010233,0.007476,-0.801117,-1.133923,1.499512,-1.407869,-0.006635,-0.021866,-0.376989,-1.158538,-0.999102,1.486427,-0.006069,-0.019843
12.100000,0.030234,0.009093,0.002803,-0.701117,-1.144996,1.399512,-1.393327,-0.020489,-0.025201,-0.303241,-1.166447,-0.899102,1.508838,-0.014701,-0.013667
12.133333,0.023754,0.009480,-0.000615,-0.613258,-1.163144,1.299512,-1.401630,-0.033494,-0.023440,-0.251638,-1.168775,-0.799102,1.530760,-0.026705,-0.012104
12.166667,0.002237,0.012364,-0.022465,-0.527831,-1.158543,1.199512,-1.389935,-0.030940,-0.042672,-0.220766,-1.153202,-0.699102,1.538502,-0.019767,-0.021440
12.200000,0.003039,0.016947,-0.030938,-0.482405,-1.144167,1.118072,-1.379116,-0.027048,-0.046645,-0.200526,-1.149075,-0.599102,1.542130,-0.010034,-0.007392
12.233333,0.010650,0.013291,-0.026943,-0.451911,-1.144390,1.036631,-1.379424,-0.025618,-0.052998,-0.195998,-1.158747,-0.499102,1.531926,-0.016655,-0.004152
12.266667,0.002475,0.014559,-0.035314,-0.421418,-1.167711,0.955191,-1.380771,-0.015125,-0.067339,-0.188689,-1.135955,-0.399102,1.526800,-0.028647,0.000361
12.300000,-0.001357,0.025707,-0.037305,-0.418783,-1.168473,0.908468,-1.380307,-0.013732,-0.060837,-0.191723,-1.132820,-0.299102,1.535015,-0.025553,0.014459
12.333333,0.014882,0.024341,-0.018321,-0.435064,-1.171628,0.877401,-1.396138,-0.020204,-0.051733,-0.190471,-1.145120,-0.199102,1.532770,-0.028353,0.015767
12.366667,0.023911,0.020236,-0.011296,-0.427038,-1.165385,0.828658,-1.387216,-0.013375,-0.033756,-0.201843,-1.125306,-0.099102,1.518215,-0.049215,0.003636
12.400000,0.024430,0.035373,-0.011461,-0.422146,-1.162252,0.794201,-1.390374,-0.020148,-0.031570,-0.186631,-1.088627,-0.021039,1.512881,-0.057050,0.016344
12.433333,0.031807,0.032001,0.001475,-0.442786,-1.143393,0.769145,-1.400325,-0.021861,-0.017039,-0.195510,-1.091675,0.057024,1.521553,-0.043164,0.007801
12.466667,0.039674,0.024357,0.004570,-0.442280,-1.120469,0.712467,-1.421417,-0.023049,-0.022195,-0.209555,-1.065518,0.113327,1.516983,-0.037641,-0.002391
12.500000,0.042828,0.024019,0.002688,-0.455818,-1.112732,0.644347,-1.448827,-0.022724,-0.018077,-0.208030,-1.023927,0.140839,1.517357,-0.032203,0.014537
12.533333,0.033875,0.026483,0.006384,-0.463625,-1.112375,0.576714,-1.490367,-0.033953,-0.030085,-0.196748,-1.008121,0.166091,1.537288,-0.021232,0.015807
12.566667,0.040087,0.017824,0.012708,-0.473855,-1.078812,0.494794,-1.521037,-0.018149,-0.023371,-0.212065,-1.022529,0.195992,1.552826,-0.011701,0.007636
12.600000,0.039261,0.020644,0.020477,-0.474282,-1.034439,0.403475,-1.545256,-0.009768,-0.012907,-0.223467,-1.012216,0.194471,1.556930,-0.016671,0.011450
12.633333,0.033482,0.016754,0.019685,-0.463014,-0.984109,0.309060,-1.557456,-0.010247,-0.014669,-0.204835,-0.991108,0.188737,1.557207,-0.022103,0.012614
12.666667,0.030377,0.016317,0.024410,-0.422717,-0.900876,0.210431,-1.551019,-0.006868,-0.014821,-0.225328,-0.993622,0.179829,1.565708,-0.027918,-0.007355
12.700000,0.038021,0.012298,0.021640,-0.391724,-0.810262,0.110431,-1.560148,-0.007784,-0.030574,-0.254202,-0.988081,0.153774,1.565708,-0.026040,-0.010443
12.733333,0.029636,0.005095,0.018734,-0.364657,-0.714453,0.010431,-1.560148,-0.015918,-0.038962,-0.258163,-0.960248,0.120612,1.565708,-0.023747,-0.011103
12.766667,0.023360,0.006484,0.005407,-0.323228,-0.620803,-0.074604,-1.551854,-0.017894,-0.041490,-0.242459,-0.924610,0.097944,1.565708,-0.031834,-0.010410
12.800000,0.017928,0.015595,0.010647,-0.314641,-0.540259,-0.145862,-1.551854,-0.014127,-0.027647,-0.235496,-0.924789,0.085146,1.564866,-0.030313,-0.000058
12.833333,0.012689,0.014119,0.006071,-0.311698,-0.497299,-0.198380,-1.561550,-0.014552,-0.035146,-0.218998,-0.925273,0.076611,1.564866,-0.026528,0.006552
12.866667,-0.000981,0.013980,-0.005049,-0.297452,-0.479346,-0.227121,-1.556571,-0.003149,-0.029526,-0.186472,-0.900138,0.060736,1.564866,-0.019819,0.018685
12.900000,-0.000810,0.025859,-0.008207,-0.291156,-0.492555,-0.238305,-1.556571,-0.001823,-0.034720,-0.176138,-0.907082,0.036990,1.564866,-0.014924,0.021613
12.933333,-0.004295,0.022605,-0.004381,-0.308089,-0.524581,-0.246358,-1.565021,-0.009903,-0.051347,-0.175430,-0.923506,0.023155,1.559579,-0.001433,0.016040
12.966667,-0.005830,0.019288,-0.026351,-0.317253,-0.552570,-0.228188,-1.565021,0.003572,-0.060511,-0.198362,-0.944114,-0.009637,1.564712,0.007905,0.004803
13.000000,0.001748,0.024539,-0.029210,-0.334020,-0.582975,-0.194206,-1.565021,0.000460,-0.054316,-0.190829,-0.960584,-0.054725,1.564713,0.012959,0.010420
13.033333,0.004333,0.027657,-0.020444,-0.358901,-0.628373,-0.180918,-1.569919,-0.008867,-0.046432,-0.201498,-1.007941,-0.090846,1.559488,0.002067,-0.000721
13.066667,-0.000968,0.028235,-0.025092,-0.378878,-0.681011,-0.145187,-1.569919,-0.019572,-0.039224,-0.219769,-1.034578,-0.125037,1.559488,-0.005009,-0.006849
13.100000,0.001733,0.032680,-0.020112,-0.413404,-0.750080,-0.087552,-1.569919,-0.021693,-0.028159,-0.243514,-1.066696,-0.188212,1.564775,-0.001508,0.005948
13.133333,0.007179,0.028118,-0.000239,-0.442110,-0.840191,-0.029917,-1.569919,-0.041866,-0.028709,-0.246276,-1.077098,-0.231693,1.551372,-0.014433,0.006739
13.166667,0.003832,0.040696,0.003622,-0.470800,-0.917961,0.033166,-1.550444,-0.046545,-0.026195,-0.271091,-1.076210,-0.267478,1.541768,-0.026521,0.009630
13.200000,0.001937,0.039635,0.008297,-0.507364,-0.976018,0.133166,-1.550525,-0.039183,-0.027340,-0.276871,-1.077246,-0.305776,1.531180,-0.029550,0.019908
13.233333,0.019670,0.026905,0.010754,-0.537677,-1.017752,0.233166,-1.547691,-0.032098,-0.035571,-0.277815,-1.097731,-0.318485,1.518461,-0.026061,0.018838
13.266667,0.029988,0.024835,0.004117,-0.537528,-1.033257,0.333166,-1.524856,-0.017777,-0.033097,-0.260691,-1.117516,-0.291194,1.515606,-0.046474,0.006547
13.300000,0.039201,0.024068,-0.002330,-0.532194,-1.051455,0.433166,-1.499498,-0.013919,-0.040312,-0.240542,-1.119143,-0.265653,1.514196,-0.047417,0.008609
13.333333,0.041973,0.006238,0.004075,-0.539143,-1.062325,0.533166,-1.488766,-0.007230,-0.039804,-0.215260,-1.152270,-0.210038,1.520882,-0.036787,-0.003046
13.366667,0.057571,0.004181,0.001522,-0.539866,-1.072687,0.633166,-1.454766,-0.013003,-0.035100,-0.221068,-1.171883,-0.149688,1.536695,-0.045601,-0.025595
13.400000,0.045582,0.006486,0.000382,-0.530886,-1.087556,0.733166,-1.432473,-0.008090,-0.027885,-0.198792,-1.185587,-0.105572,1.539000,-0.046924,-0.024313
13.433333,0.042304,0.006816,0.007472,-0.517652,-1.096931,0.833166,-1.410181,-0.021967,-0.033601,-0.186973,-1.177830,-0.095073,1.516854,-0.031056,-0.026469
13.466667,0.049368,0.012133,0.010935,-0.494259,-1.079067,0.933166,-1.377238,-0.014370,-0.021396,-0.177001,-1.187661,-0.092093,1.498541,-0.035604,-0.016551
13.500000,0.055586,0.018642,0.013835,-0.471383,-1.080872,0.993166,-1.367059,-0.018629,-0.029876,-0.164122,-1.189881,-0.101570,1.473378,-0.036827,-0.012145
13.533333,0.034466,0.021275,0.003522,-0.451457,-1.095706,1.029216,-1.372901,-0.024719,-0.037369,-0.122996,-1.173798,-0.113545,1.454713,-0.024263,0.005525
13.566667,0.025506,0.032107,-0.000005,-0.460026,-1.082355,1.059017,-1.384725,-0.025516,-0.023320,-0.115887,-1.164893,-0.129674,1.465126,-0.027245,0.019420
13.600000,0.027936,0.035458,0.000134,-0.475894,-1.087062,1.070612,-1.396549,-0.023486,-0.012253,-0.108642,-1.183923,-0.152186,1.486618,-0.024320,0.026911
13.633333,0.012597,0.029676,-0.007782,-0.492501,-1.104562,1.053894,-1.420917,-0.024286,-0.024905,-0.109266,-1.190295,-0.163432,1.503546,-0.013203,0.014655
13.666667,0.019238,0.027662,-0.029096,-0.485519,-1.101955,1.071337,-1.411899,-0.013495,-0.019059,-0.107353,-1.198582,-0.191623,1.531626,-0.009749,0.013144
13.700000,0.030913,0.026894,-0.014120,-0.491040,-1.091864,1.083263,-1.406047,-0.007483,-0.016348,-0.122596,-1.213503,-0.217393,1.543805,-0.003378,0.013816
13.733333,0.045995,0.015819,-0.009537,-0.457223,-1.092702,1.061440,-1.383216,-0.010476,-0.029992,-0.125786,-1.216127,-0.223141,1.524361,-0.001216,-0.002346
13.766667,0.039055,0.018837,-0.016093,-0.441845,-1.107206,1.036223,-1.370073,-0.011565,-0.028095,-0.133035,-1.202517,-0.199410,1.527871,-0.001553,-0.000420
13.800000,0.044523,0.018837,-0.007458,-0.437992,-1.115822,0.999320,-1.377559,-0.015517,-0.026318,-0.122811,-1.190879,-0.167836,1.538576,-0.003123,0.000305
13.833333,0.037958,0.019235,0.008529,-0.449353,-1.113951,0.928257,-1.418037,-0.025551,-0.025780,-0.132508,-1.157652,-0.116733,1.522890,-0.003577,0.003888
13.866667,0.024235,0.025308,0.005314,-0.439977,-1.103253,0.846659,-1.433302,-0.021697,-0.017449,-0.129438,-1.118560,-0.061914,1.521186,-0.011161,-0.007418
13.900000,0.013956,0.027363,0.007303,-0.437262,-1.110225,0.765062,-1.469436,-0.018429,-0.018814,-0.133817,-1.079364,-0.006748,1.540630,-0.009031,-0.004897
13.933333,0.013119,0.019166,0.015861,-0.428375,-1.080233,0.665062,-1.515883,-0.012168,-0.023562,-0.146855,-1.049163,0.048869,1.540630,-0.005697,-0.002569
13.966667,0.008906,0.027207,0.004681,-0.400935,-1.057481,0.565062,-1.542329,-0.014866,-0.019539,-0.183240,-1.011933,0.092415,1.546123,-0.016723,0.002772
14.000000,-0.005226,0.025438,0.000029,-0.361295,-1.031583,0.465062,-1.551255,-0.011979,-0.025503,-0.189450,-0.985066,0.130274,1.561810,-0.019514,0.000276
14.033333,0.013005,0.018418,-0.001530,-0.328387,-0.991804,0.365062,-1.570000,-0.021904,-0.037630,-0.216871,-0.979816,0.164231,1.570000,-0.023798,-0.001782
14.066667,0.019304,0.017409,-0.011284,-0.311739,-0.926148,0.265062,-1.570000,-0.019522,-0.027185,-0.237823,-0.978973,0.186508,1.570000,-0.048703,0.006643
14.100000,0.020997,0.018125,-0.016491,-0.279293,-0.896736,0.165062,-1.570000,-0.021762,-0.037392,-0.229430,-0.963294,0.190600,1.570000,-0.056879,0.005116
14.133333,0.023416,0.010084,-0.010616,-0.259371,-0.852430,0.065062,-1.567694,-0.025966,-0.040554,-0.221951,-0.960954,0.181104,1.562947,-0.047743,-0.007125
14.166667,0.038241,0.006961,-0.011295,-0.257575,-0.820098,-0.034938,-1.567694,-0.032563,-0.048901,-0.236023,-0.973100,0.174982,1.555024,-0.054734,-0.010263
14.200000,0.033567,0.006154,-0.008226,-0.254725,-0.817873,-0.127653,-1.567694,-0.026010,-0.046127,-0.231987,-0.984714,0.161933,1.555024,-0.047127,-0.001958
14.233333,0.027649,0.013393,0.005975,-0.236281,-0.829747,-0.180368,-1.557394,-0.024433,-0.055365,-0.225377,-0.988232,0.142927,1.555024,-0.022969,-0.005550
14.266667,0.045288,0.027556,0.017966,-0.242948,-0.819712,-0.216015,-1.527095,-0.018552,-0.031497,-0.216366,-1.024222,0.131450,1.555024,-0.028003,0.000231
14.300000,0.044482,0.029033,0.028929,-0.244749,-0.843395,-0.243585,-1.519101,-0.014276,-0.027486,-0.208759,-1.046874,0.125910,1.553780,-0.028366,0.006075
14.333333,0.035006,0.030985,0.018266,-0.225262,-0.850022,-0.252082,-1.514095,-0.000867,-0.023339,-0.190145,-1.054211,0.125017,1.561702,-0.022731,0.012771
14.366667,0.028704,0.042032,0.019721,-0.215522,-0.863924,-0.227864,-1.489089,-0.010838,-0.011047,-0.164739,-1.056571,0.111126,1.561702,-0.021370,0.020598
14.400000,0.033986,0.032574,0.020055,-0.198624,-0.901008,-0.232168,-1.454791,-0.015853,-0.015133,-0.129052,-1.051895,0.108930,1.541703,-0.021984,0.020235
14.433333,0.019490,0.023285,0.004200,-0.171869,-0.958454,-0.213541,-1.420494,-0.021248,-0.028274,-0.118323,-1.018425,0.108848,1.501703,-0.010558,0.018078
14.466667,0.017889,0.025810,-0.008776,-0.157126,-1.006171,-0.179638,-1.346196,-0.017917,-0.032677,-0.073694,-1.004462,0.103195,1.450000,-0.016920,0.030739
14.500000,0.015149,0.024913,0.006677,-0.155658,-1.092712,-0.142304,-1.246604,-0.023117,-0.026451,-0.047494,-1.001597,0.098219,1.370000,-0.017698,0.027801
14.533333,0.018388,0.018205,0.002984,-0.130965,-1.177786,-0.121064,-1.147013,-0.011997,-0.031095,-0.037016,-1.006683,0.096421,1.270000,-0.020290,0.023271
14.566667,0.013466,0.017316,0.001935,-0.145442,-1.255406,-0.085965,-1.047013,-0.003966,-0.016913,-0.049553,-1.006176,0.086899,1.170000,-0.030957,0.029960
14.600000,0.010196,0.010485,0.009227,-0.159480,-1.313981,-0.070374,-0.947013,-0.004650,-0.027854,-0.057768,-1.014064,0.080008,1.070000,-0.033761,0.021797
14.633333,0.012817,0.006483,0.022433,-0.179351,-1.343748,-0.054374,-0.847013,-0.009761,-0.025676,-0.099601,-1.003718,0.067324,0.970000,-0.025544,0.005304
14.666667,0.015040,0.010870,0.017076,-0.193310,-1.348955,-0.020878,-0.747013,-0.006623,-0.020427,-0.138901,-1.000026,0.044007,0.872225,-0.027432,-0.000745
14.700000,0.012929,0.008886,0.021007,-0.221076,-1.355628,-0.011110,-0.647013,-0.008711,-0.028118,-0.156855,-0.988043,0.047840,0.781935,-0.024167,-0.001650
14.733333,0.022339,0.008886,0.013026,-0.219488,-1.349345,0.003993,-0.547013,-0.013814,-0.037995,-0.181706,-1.004781,0.045987,0.731645,-0.016657,-0.011231
14.766667,0.025096,0.012450,0.003139,-0.219994,-1.350658,-0.001396,-0.472802,-0.014930,-0.040246,-0.185924,-1.010276,0.049895,0.691430,-0.015995,-0.004873
14.800000,0.020487,0.014321,0.000771,-0.216835,-1.371970,0.004145,-0.427936,-0.014422,-0.042142,-0.177763,-1.030419,0.062034,0.677297,-0.017611,-0.001307
14.833333,0.016617,0.009161,0.009962,-0.220210,-1.377843,-0.019378,-0.409322,-0.015486,-0.048139,-0.165748,-1.027861,0.079357,0.681139,-0.021527,0.013889
14.866667,0.018681,0.017438,0.013878,-0.245135,-1.374608,-0.030823,-0.404738,-0.014509,-0.034892,-0.166951,-1.047772,0.084814,0.717497,-0.026474,0.017176
14.900000,0.011601,0.019434,0.023125,-0.259415,-1.380891,-0.032938,-0.425453,-0.018406,-0.035741,-0.146386,-1.038745,0.084156,0.725995,-0.024049,0.017801
14.933333,0.009298,0.016890,0.033239,-0.263742,-1.380891,-0.014025,-0.440379,-0.018124,-0.030038,-0.145821,-1.043029,0.073720,0.744418,-0.024014,0.011975
14.966667,0.013791,0.015019,0.034329,-0.281455,-1.360891,0.010196,-0.465960,-0.000292,-0.026428,-0.164013,-1.043959,0.051664,0.776759,-0.014933,0.009148
15.000000,0.019455,0.018228,0.034273,-0.316610,-1.340891,0.063481,-0.505289,0.003472,-0.011040,-0.198403,-1.041728,0.004149,0.828900,-0.015568,0.005736
15.033333,0.015768,0.011069,0.028770,-0.351766,-1.302539,0.144509,-0.570589,0.007286,-0.018099,-0.256635,-1.026238,-0.066084,0.881041,-0.011365,-0.000021
15.066667,0.005541,0.015841,0.021903,-0.426921,-1.256751,0.225538,-0.650589,0.010330,-0.009659,-0.336635,-1.005985,-0.146084,0.961041,-0.006300,-0.003472
15.100000,0.004643,0.018340,0.014846,-0.526921,-1.199524,0.325538,-0.750589,0.006098,-0.006178,-0.436635,-0.997833,-0.246084,1.061041,-0.006412,-0.001168
15.133333,-0.001453,0.021279,0.010697,-0.626921,-1.173353,0.425538,-0.850589,-0.009200,-0.005406,-0.536635,-0.997582,-0.346084,1.161041,-0.016650,0.000679
15.166667,-0.022922,0.023803,-0.013384,-0.726921,-1.163752,0.525538,-0.950589,-0.007390,-0.025783,-0.636635,-0.983193,-0.446084,1.261041,-0.008497,-0.010269
15.200000,-0.020520,0.028759,-0.021863,-0.826921,-1.149096,0.625538,-1.050589,-0.004130,-0.030235,-0.731526,-0.982062,-0.546084,1.346317,0.001582,0.004034
15.233333,-0.012657,0.025174,-0.018031,-0.905550,-1.151196,0.725538,-1.150589,-0.001069,-0.035782,-0.814097,-0.994826,-0.646084,1.409688,-0.003400,0.007005
15.266667,-0.018904,0.027191,-0.026071,-0.944178,-1.171204,0.825538,-1.237556,0.011773,-0.050472,-0.866754,-0.975516,-0.746084,1.446827,-0.014042,0.012667
15.300000,-0.021448,0.038140,-0.027479,-0.982806,-1.172143,0.925538,-1.304149,0.017712,-0.043229,-0.911496,-0.975737,-0.846084,1.483965,-0.010207,0.025107
15.333333,-0.005473,0.036669,-0.007347,-1.004869,-1.175179,1.025538,-1.352113,0.010670,-0.033994,-0.933558,-0.997585,-0.946084,1.486215,-0.013165,0.028731
15.366667,0.002187,0.031981,-0.000058,-1.002589,-1.170732,1.125538,-1.360076,0.017138,-0.014673,-0.939675,-0.991875,-1.046084,1.471149,-0.034052,0.017087
15.400000,0.003116,0.047516,0.000728,-0.999481,-1.167853,1.225538,-1.361436,0.008624,-0.012715,-0.923610,-0.966029,-1.146084,1.460118,-0.043589,0.029120
15.433333,0.010773,0.044033,0.013817,-1.021518,-1.157782,1.325538,-1.360291,0.004048,0.001171,-0.931187,-0.980156,-1.246084,1.467443,-0.030890,0.018367
15.466667,0.017692,0.037044,0.017846,-1.020180,-1.145367,1.425538,-1.365762,0.003101,-0.005275,-0.946621,-0.983395,-1.346084,1.452863,-0.025758,0.007463
15.500000,0.022387,0.036574,0.016036,-1.031657,-1.152504,1.524928,-1.373843,0.002586,-0.000806,-0.949097,-0.965009,-1.446084,1.449970,-0.022680,0.023502
15.533333,0.014990,0.038402,0.019831,-1.037865,-1.174334,1.601047,-1.391137,-0.010495,-0.014491,-0.946439,-0.974180,-1.533384,1.467025,-0.012209,0.022876
15.566667,0.021314,0.029267,0.025431,-1.053651,-1.180491,1.654210,-1.397612,0.005002,-0.006409,-0.966605,-1.020412,-1.602646,1.496477,-0.000952,0.013872
15.600000,0.021314,0.031790,0.033237,-1.062749,-1.187367,1.695438,-1.390173,0.014127,0.005824,-0.982651,-1.045174,-1.663655,1.512272,-0.006004,0.019046
15.633333,0.016914,0.024914,0.031019,-1.068240,-1.192864,1.709205,-1.390495,0.012417,0.006821,-0.958754,-1.040824,-1.694608,1.509973,-0.013134,0.021146
15.666667,0.015112,0.024479,0.034895,-1.049908,-1.181161,1.723581,-1.366837,0.018233,0.008391,-0.970496,-1.063853,-1.706121,1.526077,-0.016819,-0.001987
15.700000,0.023924,0.020694,0.031712,-1.046099,-1.168987,1.734892,-1.367071,0.017082,-0.005542,-0.989823,-1.076469,-1.720880,1.531641,-0.015966,-0.006057
15.733333,0.017138,0.014238,0.028427,-1.036794,-1.165162,1.744316,-1.367202,0.005760,-0.011484,-0.982611,-1.059904,-1.726239,1.514126,-0.015152,-0.006064
15.766667,0.010198,0.015386,0.015248,-1.010141,-1.149558,1.749122,-1.356919,0.002100,-0.012542,-0.957703,-1.029942,-1.713210,1.494263,-0.025060,-0.006571
15.800000,0.007709,0.025973,0.020416,-1.010470,-1.141918,1.760330,-1.341834,0.004579,-0.000390,-0.950344,-1.036987,-1.707819,1.488536,-0.021942,0.003228
15.833333,0.002266,0.022336,0.016049,-1.012399,-1.148210,1.747861,-1.353864,0.002747,-0.007417,-0.933720,-1.038194,-1.704815,1.478551,-0.017417,0.012075
15.866667,-0.011316,0.020440,0.003694,-0.995416,-1.158437,1.735875,-1.342764,0.015867,-0.001493,-0.901582,-1.009815,-1.685422,1.479934,-0.008330,0.024440
15.900000,-0.009618,0.031342,0.000228,-0.989164,-1.160883,1.732614,-1.338452,0.019584,-0.009252,-0.893659,-1.013495,-1.685239,1.490394,-0.004149,0.025936
15.933333,-0.012284,0.029199,0.002756,-1.003623,-1.170440,1.718545,-1.354573,0.012672,-0.027741,-0.896939,-1.017440,-1.672770,1.486192,0.009908,0.021111
15.966667,-0.016608,0.027374,-0.018709,-1.006462,-1.163765,1.725536,-1.367855,0.025881,-0.036323,-0.922599,-1.024379,-1.662344,1.507853,0.018369,0.011235
16.000000,-0.008347,0.034871,-0.021923,-1.009170,-1.152824,1.730258,-1.364416,0.024021,-0.032420,-0.917525,-1.018649,-1.668970,1.511290,0.022451,0.017658
16.033333,-0.005573,0.041195,-0.012621,-1.019667,-1.159101,1.720835,-1.364980,0.015175,-0.025354,-0.927114,-1.041020,-1.666891,1.496251,0.009816,0.007435
16.066667,-0.012805,0.044119,-0.017237,-1.009167,-1.164124,1.701569,-1.363758,0.006744,-0.017364,-0.937224,-1.036749,-1.654445,1.488862,0.003010,0.001532
16.100000,-0.010802,0.047724,-0.011814,-1.012235,-1.185426,1.709663,-1.360327,0.003639,-0.007976,-0.943095,-1.047664,-1.678883,1.506613,0.003768,0.014504
16.133333,-0.005016,0.043295,0.008019,-1.010053,-1.206729,1.682459,-1.352721,-0.015488,-0.009507,-0.926641,-1.033242,-1.685900,1.484558,-0.010803,0.013923
16.166667,-0.010027,0.056924,0.011859,-1.008642,-1.212684,1.679479,-1.339124,-0.021068,-0.006844,-0.930068,-1.018491,-1.680060,1.475708,-0.024676,0.015947
16.200000,-0.013659,0.056123,0.017667,-1.018081,-1.201694,1.702455,-1.349757,-0.013960,-0.009278,-0.929774,-1.007154,-1.706725,1.471123,-0.026109,0.026900
16.233333,0.002610,0.040421,0.021996,-1.034890,-1.189999,1.716420,-1.354223,-0.009453,-0.018563,-0.932617,-1.019104,-1.717815,1.465288,-0.022748,0.026842
16.266667,0.012399,0.038775,0.015807,-1.029447,-1.160520,1.716255,-1.340331,0.006239,-0.015452,-0.936416,-1.029753,-1.703329,1.458951,-0.041196,0.015271
16.300000,0.021000,0.037760,0.010606,-1.027629,-1.159584,1.736874,-1.342602,0.011172,-0.020584,-0.945881,-1.025741,-1.721965,1.468642,-0.039049,0.018164
16.333333,0.023356,0.018379,0.018529,-1.045630,-1.161444,1.736820,-1.358567,0.019906,-0.017504,-0.953054,-1.053184,-1.720323,1.485953,-0.028385,0.006815
16.366667,0.039525,0.012856,0.016939,-1.058800,-1.164511,1.712759,-1.355567,0.013457,-0.011621,-0.980962,-1.063159,-1.700137,1.513157,-0.036655,-0.015288
16.400000,0.027475,0.016369,0.015238,-1.065114,-1.172352,1.723670,-1.360333,0.019380,-0.005427,-0.981706,-1.069391,-1.703012,1.523772,-0.038768,-0.012093
16.433333,0.022764,0.015557,0.023090,-1.058292,-1.173415,1.739723,-1.365099,0.005834,-0.010537,-0.978599,-1.056341,-1.712495,1.513565,-0.022445,-0.015374
16.466667,0.028748,0.020163,0.026530,-1.037858,-1.153835,1.770291,-1.340886,0.013800,-0.000029,-0.970005,-1.059244,-1.712419,1.499059,-0.028617,-0.006024
16.500000,0.035329,0.027501,0.029648,-1.017613,-1.156100,1.783252,-1.338037,0.010237,-0.012079,-0.960182,-1.052224,-1.720974,1.474963,-0.028516,-0.000918
16.533333,0.013950,0.031985,0.019012,-0.999076,-1.170105,1.801455,-1.347165,0.005151,-0.020007,-0.921485,-1.031689,-1.726273,1.454283,-0.017556,0.016688
16.566667,0.005468,0.042873,0.014905,-1.008407,-1.156395,1.811372,-1.361662,0.005691,-0.006495,-0.916715,-1.018251,-1.725165,1.463266,-0.019019,0.028205
16.600000,0.009924,0.046030,0.014624,-1.030347,-1.162099,1.804546,-1.376158,0.007935,0.004164,-0.912882,-1.035233,-1.731709,1.478920,-0.016403,0.037114
16.633333,-0.006220,0.038080,0.005397,-1.048089,-1.177408,1.764360,-1.403623,0.003327,-0.007663,-0.915312,-1.040449,-1.714168,1.490529,-0.005884,0.026247
16.666667,-0.000439,0.035894,-0.016798,-1.042992,-1.172564,1.764175,-1.394774,0.011837,0.000785,-0.913923,-1.053212,-1.719280,1.518184,-0.003968,0.026804
16.700000,0.011477,0.035644,-0.002451,-1.051152,-1.161890,1.772568,-1.389813,0.017881,0.003673,-0.932973,-1.072170,-1.728169,1.527480,0.002170,0.027926
16.733333,0.026639,0.024136,0.002785,-1.025011,-1.161802,1.756943,-1.368591,0.016210,-0.008223,-0.939913,-1.078485,-1.723890,1.501335,0.003023,0.013805
16.766667,0.019722,0.027347,-0.003367,-1.015160,-1.175260,1.764495,-1.359518,0.013217,-0.006249,-0.948306,-1.070622,-1.704196,1.503247,0.001752,0.015586
16.800000,0.024895,0.027347,0.004853,-1.021361,-1.185059,1.777650,-1.367797,0.010835,-0.004725,-0.946320,-1.069155,-1.718202,1.510534,0.001710,0.015806
16.833333,0.017827,0.027960,0.019857,-1.041681,-1.185193,1.763817,-1.380418,0.000524,-0.006050,-0.957723,-1.052016,-1.719122,1.484872,0.002682,0.017196
16.866667,0.004882,0.033541,0.015483,-1.044149,-1.177338,1.753780,-1.362401,0.004274,0.002024,-0.950279,-1.033890,-1.721217,1.472966,-0.003377,0.005165
16.900000,-0.003910,0.035391,0.017166,-1.055503,-1.192777,1.774014,-1.366202,0.005320,0.000278,-0.947788,-1.023355,-1.732364,1.484867,-0.001488,0.005270
16.933333,-0.004882,0.027686,0.024388,-1.067833,-1.182126,1.758237,-1.371745,0.012226,-0.003259,-0.952484,-1.024255,-1.740139,1.479129,0.004000,0.005751
16.966667,-0.006026,0.037088,0.013954,-1.066966,-1.183403,1.747291,-1.364749,0.011219,0.001048,-0.975764,-1.015187,-1.740074,1.491353,-0.005396,0.009226
17.000000,-0.018415,0.034797,0.009469,-1.053380,-1.191835,1.752319,-1.369626,0.014441,-0.004639,-0.973114,-1.015555,-1.733047,1.498586,-0.008650,0.004884
17.033333,-0.000855,0.028707,0.008244,-1.049516,-1.194075,1.743169,-1.384955,0.003139,-0.016651,-0.992019,-1.032651,-1.724021,1.510803,-0.012806,0.001441
17.066667,0.004442,0.028904,-0.001505,-1.055567,-1.170062,1.723745,-1.384868,0.004395,-0.006625,-1.003916,-1.044695,-1.714003,1.524658,-0.034729,0.009278
17.100000,0.006992,0.029854,-0.005597,-1.042100,-1.172139,1.722229,-1.385202,0.000359,-0.016960,-0.991477,-1.035046,-1.716292,1.517832,-0.041667,0.007117
17.133333,0.008468,0.020452,0.000359,-1.032938,-1.151712,1.725166,-1.375923,-0.006291,-0.020545,-0.974578,-1.035738,-1.709785,1.495447,-0.032566,-0.006151
17.166667,0.023707,0.018046,0.001429,-1.044430,-1.128373,1.716602,-1.387281,-0.012245,-0.029283,-0.981353,-1.041243,-1.703972,1.488504,-0.036759,-0.009201
17.200000,0.018736,0.017082,0.004474,-1.049103,-1.127907,1.723028,-1.391931,-0.005106,-0.024742,-0.972739,-1.046079,-1.705614,1.483785,-0.027626,0.001245
17.233333,0.014656,0.023845,0.018487,-1.034158,-1.132917,1.741761,-1.377475,-0.002206,-0.032869,-0.960776,-1.045750,-1.702693,1.470318,-0.005737,-0.001507
17.266667,0.033441,0.037457,0.029758,-1.048107,-1.109935,1.760541,-1.348708,0.006144,-0.008482,-0.950566,-1.074863,-1.707015,1.489706,-0.012795,0.005546
17.300000,0.033349,0.041482,0.040459,-1.057510,-1.123389,1.761029,-1.342402,0.011054,-0.003758,-0.946729,-1.093017,-1.711398,1.493440,-0.015265,0.013923
17.333333,0.024546,0.042842,0.028421,-1.046022,-1.122440,1.768352,-1.325092,0.024608,0.001795,-0.936508,-1.096320,-1.708423,1.510683,-0.012892,0.020950
17.366667,0.019432,0.053948,0.029562,-1.051903,-1.123341,1.788685,-1.302434,0.014528,0.013282,-0.934271,-1.093253,-1.712711,1.526476,-0.015500,0.026326
17.400000,0.024052,0.043563,0.028844,-1.063752,-1.140181,1.777470,-1.314297,0.008591,0.007858,-0.934552,-1.082315,-1.720922,1.525047,-0.014535,0.024403
17.433333,0.007943,0.034968,0.011888,-1.052068,-1.162711,1.770328,-1.351403,0.001679,-0.005930,-0.955314,-1.044463,-1.705567,1.507861,-0.002605,0.021096
17.466667,0.006085,0.037317,-0.002396,-1.058696,-1.165368,1.782105,-1.379722,0.005299,-0.010545,-0.946852,-1.024553,-1.711404,1.510525,-0.008910,0.033114
17.500000,0.002423,0.035383,0.011728,-1.069219,-1.186691,1.783810,-1.384208,-0.000300,-0.003866,-0.950599,-1.015478,-1.715246,1.501966,-0.007871,0.030537
17.533333,0.004452,0.028058,0.006746,-1.042554,-1.200944,1.768920,-1.408687,0.010752,-0.007561,-0.945686,-1.019357,-1.712305,1.472167,-0.007766,0.025850
17.566667,-0.001302,0.025488,0.003874,-1.043264,-1.217755,1.771293,-1.415242,0.019793,0.008052,-0.947025,-1.019701,-1.711454,1.478333,-0.019877,0.032940
17.600000,-0.003675,0.017854,0.009227,-1.043460,-1.218292,1.764958,-1.409502,0.019029,-0.001477,-0.939443,-1.030880,-1.718965,1.477208,-0.025201,0.023994
17.633333,-0.000448,0.012801,0.020855,-1.041637,-1.198997,1.755312,-1.388831,0.013805,0.000712,-0.959556,-1.025916,-1.719981,1.471103,-0.017524,0.005914
17.666667,0.002215,0.018499,0.014542,-1.037614,-1.177354,1.771420,-1.380853,0.017281,0.006559,-0.974539,-1.028766,-1.731157,1.471957,-0.021421,-0.001794
17.700000,0.001421,0.016283,0.016960,-1.053492,-1.166693,1.773683,-1.377461,0.016150,-0.001314,-0.976981,-1.020941,-1.723124,1.483774,-0.018808,-0.005542
17.733333,0.012462,0.016283,0.008555,-1.041022,-1.140394,1.781075,-1.351992,0.009611,-0.011209,-0.991744,-1.039790,-1.724024,1.493574,-0.010497,-0.015661
17.766667,0.016010,0.020564,-0.001035,-1.040132,-1.149106,1.775121,-1.351599,0.009967,-0.012838,-0.991974,-1.044754,-1.727268,1.498405,-0.008046,-0.009671
17.800000,0.011214,0.022538,-0.003848,-1.035271,-1.169063,1.776359,-1.356654,0.011651,-0.012676,-0.982354,-1.061699,-1.715621,1.504951,-0.008447,-0.006765
17.833333,0.008253,0.017114,0.005341,-1.039802,-1.172704,1.749633,-1.369556,0.011003,-0.019944,-0.973331,-1.054255,-1.698883,1.500327,-0.011774,0.008239
17.866667,0.011097,0.025433,0.009555,-1.064431,-1.165472,1.727822,-1.363566,0.009375,-0.006363,-0.976846,-1.069108,-1.692334,1.516993,-0.017442,0.014486
17.900000,0.004482,0.029864,0.018922,-1.079182,-1.171452,1.714606,-1.382545,0.006000,-0.007386,-0.957400,-1.049049,-1.685922,1.501688,-0.013915,0.014593
17.933333,0.002707,0.027317,0.028977,-1.082851,-1.160999,1.719981,-1.383499,0.005963,-0.003171,-0.957954,-1.043529,-1.684971,1.499862,-0.012308,0.008630
17.966667,0.016665,0.024021,0.028833,-1.075645,-1.139299,1.718342,-1.402724,0.013233,-0.008522,-0.935723,-1.064229,-1.665404,1.481452,-0.006425,0.001475
18.000000,0.029393,0.022349,0.025793,-1.084356,-1.145499,1.731942,-1.426338,0.007101,-0.000587,-0.888528,-1.109318,-1.631326,1.470095,-0.008296,-0.007393
18.033333,0.032561,0.011332,0.018294,-1.079703,-1.140678,1.757909,-1.465696,0.000658,-0.015773,-0.825567,-1.154407,-1.579227,1.445878,-0.006247,-0.018215
18.066667,0.029528,0.010384,0.008735,-1.090942,-1.128451,1.771182,-1.497486,-0.006418,-0.014922,-0.745567,-1.220710,-1.499227,1.449573,-0.006098,-0.026845
18.100000,0.034569,0.007210,0.000291,-1.101436,-1.104307,1.777073,-1.529068,-0.019482,-0.020349,-0.655985,-1.295829,-1.399227,1.442693,-0.011696,-0.028775
18.133333,0.027231,0.007740,-0.003870,-1.127727,-1.110965,1.782460,-1.544147,-0.033560,-0.019399,-0.590196,-1.350947,-1.299227,1.453946,-0.021215,-0.027755
18.166667,0.005402,0.009992,-0.027447,-1.114747,-1.107076,1.794882,-1.537694,-0.031913,-0.038678,-0.543556,-1.367832,-1.199227,1.463590,-0.014680,-0.037727
18.200000,0.006315,0.014555,-0.036189,-1.115133,-1.091865,1.811837,-1.529552,-0.025551,-0.041633,-0.509130,-1.382951,-1.099227,1.466508,-0.006001,-0.025546
18.233333,0.012720,0.011125,-0.031973,-1.116441,-1.092160,1.802047,-1.532490,-0.023869,-0.047009,-0.502111,-1.391766,-0.999227,1.452607,-0.011243,-0.021965
18.266667,0.006897,0.013322,-0.041350,-1.102792,-1.111860,1.779640,-1.535633,-0.013757,-0.060140,-0.496433,-1.376795,-0.899227,1.443445,-0.022420,-0.018130
18.300000,0.003131,0.024502,-0.043897,-1.100337,-1.111428,1.776902,-1.534454,-0.010398,-0.052763,-0.499056,-1.376795,-0.799227,1.456150,-0.020517,-0.003812
18.333333,0.021088,0.023551,-0.024187,-1.121991,-1.110841,1.760927,-1.546195,-0.018779,-0.043696,-0.497344,-1.395029,-0.699227,1.451345,-0.022607,-0.002505
18.366667,0.030191,0.018358,-0.017039,-1.118066,-1.103472,1.728211,-1.535331,-0.012363,-0.026359,-0.505320,-1.390633,-0.599227,1.433975,-0.044537,-0.014238
18.400000,0.032499,0.034089,-0.016174,-1.116764,-1.098829,1.727447,-1.530518,-0.019262,-0.023636,-0.489808,-1.369243,-0.499227,1.422068,-0.054239,-0.000910
18.433333,0.038697,0.031346,-0.002653,-1.140477,-1.083519,1.744490,-1.528898,-0.022335,-0.008590,-0.497235,-1.382824,-0.399227,1.427266,-0.041109,-0.010034
18.466667,0.046909,0.024138,0.001624,-1.138763,-1.067944,1.744792,-1.532757,-0.024459,-0.015039,-0.512486,-1.382824,-0.324563,1.411013,-0.035204,-0.022245
18.500000,0.047814,0.023647,-0.000022,-1.150613,-1.072583,1.748099,-1.535132,-0.020790,-0.011251,-0.517279,-1.368327,-0.281449,1.406924,-0.031561,-0.003013
18.533333,0.041087,0.025602,0.003502,-1.157317,-1.089653,1.761021,-1.554633,-0.032826,-0.022709,-0.513898,-1.372723,-0.241272,1.423381,-0.019315,0.000077
18.566667,0.048413,0.017001,0.009489,-1.172989,-1.090502,1.759048,-1.562475,-0.016149,-0.016912,-0.533482,-1.394113,-0.221997,1.452882,-0.009436,-0.009482
18.600000,0.049068,0.018786,0.017278,-1.182919,-1.095517,1.766594,-1.560450,-0.007884,-0.006317,-0.549599,-1.395503,-0.231497,1.467917,-0.014654,-0.005418
18.633333,0.045296,0.014284,0.015165,-1.190199,-1.097113,1.765423,-1.560450,-0.007527,-0.006567,-0.527661,-1.392338,-0.236976,1.464402,-0.020590,-0.004396
18.666667,0.045304,0.013931,0.018902,-1.169082,-1.080497,1.780174,-1.540450,-0.006547,-0.002843,-0.541366,-1.406835,-0.235926,1.477222,-0.023536,-0.028588
18.700000,0.053896,0.010979,0.015849,-1.166050,-1.067175,1.792519,-1.543324,-0.008777,-0.018976,-0.562002,-1.406835,-0.252480,1.480161,-0.022262,-0.034637
18.733333,0.046105,0.003795,0.013492,-1.155518,-1.060758,1.801309,-1.543324,-0.019979,-0.025361,-0.557917,-1.406835,-0.268321,1.459220,-0.020147,-0.034681
18.766667,0.040734,0.006076,0.001314,-1.127884,-1.041726,1.805564,-1.531355,-0.021487,-0.025029,-0.537191,-1.391569,-0.271506,1.436070,-0.026850,-0.034294
18.800000,0.036115,0.014987,0.007193,-1.128327,-1.032022,1.814966,-1.521183,-0.020699,-0.009274,-0.530764,-1.394734,-0.267826,1.428961,-0.026020,-0.023962
18.833333,0.030184,0.013687,0.002751,-1.132156,-1.035496,1.802502,-1.539728,-0.021862,-0.017042,-0.515579,-1.394734,-0.260019,1.419070,-0.023447,-0.016127
18.866667,0.016157,0.013687,-0.008059,-1.111629,-1.043675,1.790471,-1.526964,-0.009805,-0.010530,-0.485865,-1.374734,-0.251624,1.419012,-0.016390,-0.003876
18.900000,0.016653,0.025669,-0.011789,-1.104333,-1.044860,1.784500,-1.521605,-0.007558,-0.016003,-0.479353,-1.374734,-0.248542,1.428419,-0.011337,-0.001812
18.933333,0.014673,0.021987,-0.009192,-1.115380,-1.052394,1.768813,-1.537139,-0.014758,-0.034057,-0.480685,-1.380714,-0.229344,1.424890,0.000188,-0.006798
18.966667,0.012538,0.019027,-0.031946,-1.114813,-1.043615,1.775248,-1.547311,-0.002049,-0.043180,-0.504433,-1.380714,-0.215930,1.445319,0.009384,-0.018279
19.000000,0.020885,0.024648,-0.034140,-1.115427,-1.030945,1.778197,-1.541374,-0.003606,-0.040149,-0.496939,-1.380714,-0.219955,1.447391,0.013722,-0.012244
19.033333,0.024064,0.028223,-0.025733,-1.126011,-1.032977,1.765481,-1.542613,-0.013361,-0.032660,-0.502094,-1.400714,-0.204026,1.430794,0.002185,-0.023171
19.066667,0.017795,0.030091,-0.031413,-1.113957,-1.032444,1.745312,-1.542468,-0.023820,-0.026027,-0.509527,-1.400714,-0.186053,1.421554,-0.006205,-0.031389
19.100000,0.019776,0.035045,-0.025967,-1.114358,-1.049436,1.752066,-1.537131,-0.027808,-0.016818,-0.513916,-1.410000,-0.208075,1.437057,-0.004212,-0.017744
19.133333,0.023821,0.031076,-0.005401,-1.109877,-1.066428,1.723377,-1.531425,-0.045442,-0.019515,-0.495537,-1.406991,-0.210226,1.412561,-0.018988,-0.017017
19.166667,0.019811,0.044319,-0.002058,-1.103424,-1.069280,1.716298,-1.514041,-0.051058,-0.016750,-0.499077,-1.390261,-0.207761,1.400553,-0.031610,-0.013816
19.200000,0.015647,0.042971,0.003103,-1.111721,-1.054501,1.736139,-1.520789,-0.042478,-0.018292,-0.495175,-1.389338,-0.226828,1.394248,-0.034331,-0.002609
19.233333,0.030244,0.029121,0.006955,-1.126241,-1.040730,1.748464,-1.525269,-0.034280,-0.027230,-0.492225,-1.389338,-0.234571,1.384934,-0.029816,-0.001803
19.266667,0.038654,0.026395,-0.000081,-1.122414,-1.009313,1.746055,-1.512692,-0.019438,-0.025003,-0.488833,-1.389338,-0.207228,1.379032,-0.049392,-0.015143
19.300000,0.046375,0.024921,-0.005688,-1.122712,-1.007135,1.766274,-1.515715,-0.015125,-0.031509,-0.490801,-1.383382,-0.214585,1.386679,-0.048267,-0.010396
19.333333,0.047893,0.006057,0.002066,-1.144580,-1.008482,1.768092,-1.537210,-0.006660,-0.030053,-0.488754,-1.400111,-0.194912,1.404010,-0.039299,-0.021341
19.366667,0.062518,0.003830,0.000210,-1.158594,-1.011651,1.744413,-1.536516,-0.012589,-0.025454,-0.511017,-1.401035,-0.171831,1.445958,-0.045689,-0.040857
19.400000,0.051831,0.006349,-0.000430,-1.167890,-1.018796,1.756141,-1.537541,-0.007684,-0.017979,-0.506696,-1.401035,-0.158727,1.462365,-0.047244,-0.038332
19.433333,0.048037,0.006556,0.006895,-1.162563,-1.021011,1.773831,-1.538565,-0.020472,-0.023538,-0.502025,-1.396276,-0.172358,1.449307,-0.031170,-0.039783
19.466667,0.054114,0.011937,0.010485,-1.141862,-1.000518,1.804337,-1.512542,-0.012918,-0.012134,-0.493845,-1.397731,-0.172875,1.432953,-0.035205,-0.031234
19.500000,0.060936,0.018331,0.013375,-1.123032,-1.002066,1.816986,-1.507000,-0.016085,-0.021845,-0.482400,-1.397731,-0.178687,1.408300,-0.034434,-0.026103
19.533333,0.039865,0.019630,0.003401,-1.106396,-1.015152,1.834999,-1.512470,-0.022104,-0.028449,-0.443183,-1.385108,-0.178305,1.370944,-0.024183,-0.010879
19.566667,0.030868,0.029743,-0.001241,-1.116755,-1.002131,1.845054,-1.512470,-0.022660,-0.014425,-0.438129,-1.385108,-0.175877,1.373589,-0.025631,0.000825
19.600000,0.032600,0.031910,-0.001193,-1.141048,-1.005416,1.839070,-1.515442,-0.021331,-0.003027,-0.431170,-1.389867,-0.175347,1.389930,-0.023680,0.009236
19.633333,0.017100,0.026021,-0.009988,-1.158263,-1.020418,1.797656,-1.541926,-0.021576,-0.013665,-0.431139,-1.395944,-0.159797,1.403081,-0.014600,-0.001463
19.666667,0.021559,0.023764,-0.031378,-1.152067,-1.015772,1.796242,-1.533437,-0.013856,-0.006465,-0.431698,-1.395944,-0.167090,1.431487,-0.012804,-0.002378
19.700000,0.032571,0.023532,-0.017009,-1.160601,-1.005471,1.807250,-1.530486,-0.008645,-0.005156,-0.448430,-1.408566,-0.176430,1.440542,-0.006250,-0.000742
19.733333,0.047131,0.012284,-0.012228,-1.130998,-1.005222,1.792335,-1.525629,-0.011156,-0.019234,-0.453936,-1.408566,-0.178168,1.418661,-0.004630,-0.015034
19.766667,0.040455,0.016804,-0.018106,-1.116857,-1.018995,1.798735,-1.526842,-0.011455,-0.018005,-0.463875,-1.408566,-0.163151,1.422734,-0.002258,-0.012910
19.800000,0.047380,0.016804,-0.009807,-1.123793,-1.029532,1.811798,-1.529066,-0.016705,-0.018552,-0.460636,-1.410000,-0.164577,1.432905,-0.002278,-0.012932
19.833333,0.041384,0.017304,0.004136,-1.142005,-1.029901,1.799168,-1.539667,-0.025152,-0.019421,-0.469203,-1.410000,-0.161115,1.410721,-0.002301,-0.010620
19.866667,0.030837,0.023305,-0.000365,-1.140038,-1.023077,1.785679,-1.519098,-0.021510,-0.011697,-0.464992,-1.401011,-0.163124,1.406860,-0.009994,-0.023306
19.900000,0.022889,0.025092,0.001652,-1.151207,-1.040489,1.803840,-1.520434,-0.018762,-0.013453,-0.460389,-1.401011,-0.164747,1.420196,-0.008316,-0.022098
19.933333,0.023718,0.017411,0.008672,-1.162111,-1.030497,1.786569,-1.527157,-0.013671,-0.017231,-0.462528,-1.401011,-0.164240,1.416411,-0.005708,-0.022375
19.966667,0.021579,0.025308,-0.002624,-1.159042,-1.032540,1.774970,-1.524370,-0.015741,-0.011543,-0.484549,-1.397388,-0.159747,1.429050,-0.014678,-0.018898
20.000000,0.010076,0.024031,-0.006708,-1.146152,-1.041968,1.779592,-1.528053,-0.013649,-0.017229,-0.479533,-1.397388,-0.147984,1.437907,-0.019019,-0.022673
20.033333,0.028681,0.017654,-0.007799,-1.141316,-1.044128,1.770128,-1.544489,-0.024526,-0.028388,-0.493237,-1.406376,-0.133422,1.446056,-0.022851,-0.026024
20.066667,0.035034,0.018319,-0.017048,-1.146674,-1.020020,1.751771,-1.546061,-0.022358,-0.017732,-0.504894,-1.406376,-0.124456,1.458205,-0.047156,-0.019343
20.100000,0.038067,0.018814,-0.021458,-1.132632,-1.023317,1.750883,-1.545670,-0.023651,-0.028844,-0.488894,-1.406376,-0.126828,1.447745,-0.054174,-0.021335
20.133333,0.039771,0.010916,-0.015192,-1.121093,-1.004975,1.755374,-1.533390,-0.028108,-0.031915,-0.473090,-1.400671,-0.137838,1.420307,-0.046695,-0.034459
20.166667,0.053644,0.007558,-0.015121,-1.128766,-0.982327,1.746924,-1.536418,-0.033865,-0.039702,-0.480241,-1.400671,-0.144680,1.405468,-0.050147,-0.037958
20.200000,0.048229,0.006866,-0.012066,-1.132454,-0.984196,1.756842,-1.539760,-0.025637,-0.036105,-0.471935,-1.400671,-0.154765,1.393386,-0.042676,-0.027111
20.233333,0.042288,0.013203,0.001511,-1.115943,-0.989675,1.777884,-1.520418,-0.023925,-0.044004,-0.460509,-1.400671,-0.169022,1.368267,-0.017285,-0.028778
20.266667,0.059433,0.026939,0.013177,-1.128146,-0.966814,1.799712,-1.488859,-0.018235,-0.018722,-0.450411,-1.400671,-0.181822,1.369395,-0.024009,-0.023675
20.300000,0.058168,0.028519,0.024099,-1.137088,-0.976816,1.803831,-1.482885,-0.015665,-0.015477,-0.442183,-1.409734,-0.189325,1.357919,-0.024125,-0.015582
20.333333,0.049643,0.029867,0.012937,-1.126393,-0.973642,1.815361,-1.475354,-0.003766,-0.011065,-0.426462,-1.409734,-0.186517,1.356262,-0.019901,-0.010359
20.366667,0.042810,0.041130,0.013758,-1.128793,-0.969758,1.837111,-1.452619,-0.014447,0.001994,-0.419156,-1.409734,-0.203484,1.359488,-0.020447,-0.005621
20.400000,0.046396,0.031795,0.013058,-1.136384,-0.982355,1.828085,-1.467431,-0.020503,-0.001767,-0.409844,-1.409734,-0.211794,1.345490,-0.024004,-0.006611
20.433333,0.030453,0.023908,-0.003603,-1.122471,-1.000424,1.818143,-1.505037,-0.027771,-0.014909,-0.422417,-1.398965,-0.206245,1.304974,-0.012136,-0.007619
20.466667,0.027944,0.026460,-0.018306,-1.127130,-0.997693,1.829281,-1.526078,-0.022004,-0.019244,-0.402163,-1.391677,-0.208767,1.264459,-0.018821,0.004557
20.500000,0.024244,0.025244,-0.004566,-1.132161,-1.011765,1.828137,-1.530053,-0.026808,-0.012471,-0.392241,-1.391677,-0.207056,1.203955,-0.021514,0.002589
20.533333,0.028268,0.017901,-0.010054,-1.103411,-1.018960,1.808959,-1.554157,-0.015721,-0.017525,-0.375843,-1.391677,-0.191510,1.113309,-0.023623,-0.001469
20.566667,0.023955,0.017064,-0.012664,-1.103833,-1.028346,1.807704,-1.560635,-0.006598,-0.003464,-0.366229,-1.391677,-0.176916,1.061165,-0.033849,0.005194
20.600000,0.021837,0.008303,-0.008366,-1.098743,-1.020601,1.800886,-1.560513,-0.004861,-0.014557,-0.345424,-1.402446,-0.160964,1.009020,-0.036867,-0.004616
20.633333,0.025011,0.004170,0.002982,-1.091494,-0.995383,1.786453,-1.550786,-0.009814,-0.011108,-0.359296,-1.392355,-0.150766,0.972687,-0.029771,-0.021786
20.666667,0.027243,0.010564,-0.003834,-1.083681,-0.968078,1.799304,-1.541900,-0.005242,-0.005649,-0.370748,-1.392355,-0.153587,0.953804,-0.032430,-0.026895
20.700000,0.024610,0.008213,-0.000900,-1.094456,-0.949576,1.797992,-1.541972,-0.008475,-0.013675,-0.365730,-1.392048,-0.130794,0.940455,-0.029630,-0.030587
20.733333,0.034377,0.008213,-0.010293,-1.075666,-0.914350,1.800374,-1.519827,-0.013647,-0.024174,-0.376545,-1.392048,-0.120697,0.928603,-0.021756,-0.042886
20.766667,0.035860,0.012150,-0.019057,-1.073693,-0.917371,1.789909,-1.519151,-0.015703,-0.026209,-0.375126,-1.392048,-0.110464,0.921305,-0.022756,-0.035268
20.800000,0.031217,0.013334,-0.021378,-1.068238,-0.930072,1.786973,-1.526075,-0.016346,-0.029617,-0.358210,-1.406947,-0.089092,0.917681,-0.024311,-0.033176
20.833333,0.026351,0.006808,-0.012056,-1.072682,-0.928058,1.755347,-1.538516,-0.018500,-0.036153,-0.345652,-1.399960,-0.066763,0.911095,-0.026479,-0.018991
20.866667,0.026234,0.015227,-0.007825,-1.098537,-0.922640,1.732583,-1.528375,-0.017669,-0.020905,-0.349803,-1.400267,-0.064771,0.935915,-0.029617,-0.013643
20.900000,0.018047,0.016792,0.002335,-1.114601,-0.938051,1.718979,-1.545569,-0.023335,-0.021598,-0.336617,-1.397615,-0.068529,0.953479,-0.026560,-0.012195
20.933333,0.015478,0.014301,0.012276,-1.121726,-0.935215,1.728161,-1.544850,-0.023998,-0.016219,-0.343431,-1.394963,-0.083096,0.986489,-0.025140,-0.019153
20.966667,0.019575,0.013118,0.017388,-1.104397,-0.962699,1.711774,-1.536481,-0.011596,-0.016395,-0.330537,-1.375056,-0.112252,1.038584,-0.014986,-0.012942
21.000000,0.025292,0.014661,0.019792,-1.063704,-1.030183,1.684077,-1.536481,-0.011313,-0.004388,-0.292492,-1.339390,-0.128459,1.069897,-0.013620,-0.008591
21.033333,0.023857,0.007343,0.017884,-0.983010,-1.094413,1.646864,-1.548925,-0.012379,-0.016674,-0.246613,-1.284265,-0.126244,1.061210,-0.010949,-0.004217
21.066667,0.014365,0.011464,0.014333,-0.902316,-1.145055,1.569651,-1.553877,-0.013057,-0.012835,-0.208019,-1.215956,-0.122100,1.039826,-0.006529,0.002559
21.100000,0.014641,0.013338,0.010471,-0.815838,-1.182201,1.469651,-1.558829,-0.020671,-0.012689,-0.167338,-1.161374,-0.120299,0.998442,-0.007487,0.015601
21.133333,0.009128,0.014497,0.006113,-0.756794,-1.211460,1.369651,-1.570000,-0.031964,-0.011438,-0.150010,-1.127415,-0.078498,0.918487,-0.018392,0.020445
21.166667,-0.011989,0.017126,-0.016896,-0.700790,-1.216256,1.269651,-1.569559,-0.031568,-0.031076,-0.152839,-1.093455,-0.056704,0.847760,-0.012962,0.012684
21.200000,-0.010788,0.020537,-0.025078,-0.684786,-1.198432,1.169651,-1.569559,-0.026670,-0.034269,-0.157284,-1.091969,-0.062903,0.785452,-0.001671,0.028132
21.233333,-0.004087,0.016172,-0.020672,-0.681519,-1.197531,1.069651,-1.569559,-0.026073,-0.038038,-0.160730,-1.105224,-0.038444,0.718470,-0.008238,0.032507
21.266667,-0.011429,0.017883,-0.027394,-0.664730,-1.216634,0.969651,-1.569559,-0.015355,-0.051932,-0.156506,-1.084752,0.008358,0.660936,-0.020791,0.039265
21.300000,-0.015643,0.029214,-0.028563,-0.660508,-1.213757,0.869651,-1.569559,-0.013562,-0.043353,-0.161984,-1.083658,0.015159,0.643402,-0.017361,0.051800
21.333333,0.001920,0.027555,-0.008457,-0.672252,-1.214273,0.769651,-1.570000,-0.018959,-0.034565,-0.159584,-1.101604,0.032070,0.618177,-0.018212,0.053433
21.366667,0.009395,0.023964,-0.001506,-0.658872,-1.207589,0.669651,-1.556702,-0.011828,-0.016867,-0.170110,-1.091694,0.052253,0.593803,-0.040732,0.041010
21.400000,0.010767,0.039494,-0.000522,-0.648491,-1.203159,0.569651,-1.556702,-0.017054,-0.014989,-0.151686,-1.063682,0.043067,0.570265,-0.049604,0.053941
21.433333,0.018054,0.036239,0.012151,-0.660522,-1.189166,0.469651,-1.556702,-0.020026,-0.001377,-0.158345,-1.075670,0.033881,0.574051,-0.037037,0.043770
21.466667,0.026409,0.028439,0.016665,-0.646876,-1.174738,0.384889,-1.556702,-0.020501,-0.008313,-0.169789,-1.077628,0.042103,0.556738,-0.032313,0.034382
21.500000,0.027732,0.029156,0.015470,-0.649800,-1.179064,0.318750,-1.556702,-0.021262,-0.005014,-0.169619,-1.060547,0.030979,0.557198,-0.029955,0.051836
21.533333,0.020884,0.031500,0.019904,-0.650284,-1.197217,0.276975,-1.570000,-0.034527,-0.017750,-0.159905,-1.071321,0.040454,0.585053,-0.018473,0.053232
21.566667,0.027961,0.023526,0.026219,-0.665050,-1.200606,0.263945,-1.570000,-0.017838,-0.011969,-0.173729,-1.117317,0.049897,0.636700,-0.008027,0.043253
21.600000,0.028294,0.026377,0.033593,-0.679991,-1.208290,0.287072,-1.570000,-0.008928,-0.000240,-0.177731,-1.140815,0.026114,0.691575,-0.012865,0.047272
21.633333,0.024055,0.021687,0.031143,-0.697787,-1.216236,0.334960,-1.570000,-0.010470,-0.000484,-0.143989,-1.134342,-0.015076,0.767550,-0.018715,0.046075
21.666667,0.023326,0.021323,0.034041,-0.693533,-1.207815,0.404226,-1.550000,-0.008978,0.001972,-0.146999,-1.150208,-0.063952,0.864216,-0.021406,0.021014
21.700000,0.032516,0.016489,0.030580,-0.695174,-1.201032,0.489128,-1.541256,-0.009655,-0.013611,-0.176136,-1.156508,-0.146579,0.964216,-0.018354,0.014533
21.733333,0.024207,0.008926,0.026807,-0.686997,-1.199297,0.585284,-1.529853,-0.020479,-0.019111,-0.196237,-1.135633,-0.239805,1.064216,-0.014540,0.012615
21.766667,0.019421,0.010123,0.013650,-0.658800,-1.186406,0.685284,-1.498451,-0.021744,-0.020796,-0.211695,-1.106645,-0.339805,1.164216,-0.019754,0.010281
21.800000,0.015752,0.019373,0.018701,-0.653424,-1.181754,0.785284,-1.472170,-0.018446,-0.007377,-0.246873,-1.116564,-0.439805,1.264216,-0.017472,0.017380
21.833333,0.011100,0.016508,0.015614,-0.649387,-1.188804,0.870387,-1.473033,-0.016862,-0.014514,-0.275022,-1.125965,-0.539805,1.357186,-0.013534,0.024707
21.866667,-0.002930,0.016508,0.004237,-0.634448,-1.199225,0.934884,-1.451829,-0.005059,-0.006823,-0.270998,-1.104932,-0.638366,1.438343,-0.006814,0.035660
21.900000,-0.001810,0.028143,0.000909,-0.631755,-1.204374,0.980836,-1.442289,-0.005467,-0.014027,-0.279329,-1.115050,-0.725048,1.499500,-0.002480,0.037644
21.933333,-0.004950,0.025401,0.004472,-0.649844,-1.216275,1.002857,-1.452320,-0.014537,-0.031324,-0.290718,-1.125513,-0.778355,1.525158,0.009992,0.032833
21.966667,-0.008984,0.022937,-0.017481,-0.656441,-1.209976,1.024878,-1.463224,-0.001610,-0.039566,-0.322293,-1.137070,-0.811146,1.546315,0.018700,0.025192
22.000000,-0.000971,0.029727,-0.020547,-0.662585,-1.200606,1.036742,-1.457973,-0.003562,-0.034426,-0.320897,-1.134608,-0.843938,1.551884,0.022826,0.032080
22.033333,0.001590,0.034791,-0.011281,-0.673731,-1.208317,1.029213,-1.458297,-0.013329,-0.027483,-0.331008,-1.161021,-0.842808,1.539770,0.012722,0.022738
22.066667,-0.004580,0.036745,-0.016098,-0.664146,-1.214339,1.010835,-1.456051,-0.020917,-0.020379,-0.339493,-1.160913,-0.835818,1.538110,0.004549,0.017585
22.100000,-0.003344,0.040701,-0.010937,-0.667869,-1.233792,1.016388,-1.452426,-0.024133,-0.012321,-0.346756,-1.170350,-0.861342,1.553608,0.004758,0.029921
22.133333,0.002167,0.036933,0.009240,-0.663945,-1.253245,0.988171,-1.446117,-0.042939,-0.015369,-0.330403,-1.154897,-0.869444,1.537257,-0.008194,0.030208
22.166667,-0.002718,0.049660,0.012519,-0.662398,-1.257543,0.985007,-1.430052,-0.048250,-0.013829,-0.336108,-1.137873,-0.866518,1.528078,-0.021541,0.032599
22.200000,-0.006606,0.048091,0.017542,-0.668568,-1.246265,0.998084,-1.439223,-0.040495,-0.016071,-0.332189,-1.124271,-0.890140,1.524304,-0.026201,0.045071
22.233333,0.009451,0.033188,0.021083,-0.684326,-1.233418,1.010098,-1.446616,-0.034661,-0.024377,-0.335027,-1.133403,-0.897932,1.515138,-0.020890,0.045233
22.266667,0.017817,0.030615,0.015032,-0.674723,-1.204252,1.002331,-1.435818,-0.018948,-0.020692,-0.332753,-1.143416,-0.877850,1.515013,-0.037862,0.035613
22.300000,0.025363,0.028522,0.009741,-0.672124,-1.203655,1.016286,-1.439475,-0.014748,-0.026130,-0.337886,-1.138320,-0.890381,1.523191,-0.036392,0.038864
22.333333,0.027758,0.009005,0.017538,-0.686966,-1.207165,1.009930,-1.460463,-0.006657,-0.024773,-0.339292,-1.166992,-0.879402,1.534988,-0.025289,0.029403
22.366667,0.042728,0.005510,0.015604,-0.698895,-1.209168,0.987333,-1.458424,-0.011617,-0.020642,-0.366806,-1.175971,-0.852676,1.550876,-0.032264,0.007139
22.400000,0.030922,0.009150,0.014972,-0.702066,-1.217162,0.993017,-1.463548,-0.005627,-0.013119,-0.363015,-1.180345,-0.847295,1.561360,-0.034854,0.008150
22.433333,0.027944,0.009531,0.022329,-0.698590,-1.217191,1.016901,-1.468673,-0.018796,-0.018423,-0.361841,-1.164557,-0.857282,1.546007,-0.020328,0.004121
22.466667,0.034621,0.014580,0.026226,-0.677789,-1.197257,1.052833,-1.443217,-0.012051,-0.007138,-0.353221,-1.164799,-0.854278,1.529233,-0.026744,0.011824
22.500000,0.040244,0.021904,0.029120,-0.656146,-1.197623,1.069076,-1.438302,-0.015170,-0.017349,-0.340149,-1.154580,-0.859653,1.510233,-0.027416,0.017762
22.533333,0.018703,0.025296,0.018624,-0.639626,-1.211614,1.085319,-1.449270,-0.020890,-0.024815,-0.298500,-1.134040,-0.863974,1.499492,-0.015547,0.033682
22.566667,0.010177,0.035775,0.014670,-0.650562,-1.197861,1.092567,-1.459941,-0.021672,-0.011473,-0.288913,-1.121891,-0.860623,1.499835,-0.017943,0.049194
22.600000,0.011960,0.038349,0.014389,-0.669315,-1.204406,1.077806,-1.470612,-0.020686,-0.001257,-0.278602,-1.139149,-0.859509,1.515312,-0.013913,0.058440
22.633333,-0.002860,0.032376,0.005224,-0.685059,-1.220239,1.032164,-1.498807,-0.020189,-0.013067,-0.277369,-1.144106,-0.841484,1.526719,-0.002430,0.047515
22.666667,0.004192,0.030632,-0.016154,-0.678966,-1.216254,1.025960,-1.491307,-0.012013,-0.006297,-0.273275,-1.155820,-0.843334,1.545719,0.001141,0.045173
22.700000,0.016760,0.029600,-0.001202,-0.684098,-1.205319,1.030873,-1.486529,-0.006694,-0.003396,-0.287785,-1.172318,-0.847039,1.551462,0.007437,0.047310
22.733333,0.031084,0.017770,0.003010,-0.653752,-1.204458,1.013610,-1.467258,-0.009742,-0.018414,-0.292855,-1.177709,-0.841191,1.533843,0.008436,0.031015
22.766667,0.024129,0.020976,-0.003786,-0.641703,-1.217318,1.019937,-1.456000,-0.010051,-0.016189,-0.299520,-1.167252,-0.818999,1.533843,0.007412,0.032593
22.800000,0.028780,0.020976,0.004497,-0.643809,-1.228068,1.023005,-1.460030,-0.015310,-0.014604,-0.289232,-1.164246,-0.820374,1.540731,0.006176,0.033206
22.833333,0.020954,0.021655,0.019156,-0.661481,-1.228832,0.999946,-1.470302,-0.024877,-0.013987,-0.295505,-1.144575,-0.815764,1.520699,0.005868,0.036714
22.866667,0.008145,0.028130,0.015125,-0.662099,-1.222717,0.985523,-1.449323,-0.021228,-0.004255,-0.284067,-1.124739,-0.816180,1.511346,-0.003061,0.025196
22.900000,-0.001134,0.030908,0.016941,-0.670664,-1.239960,0.998451,-1.451311,-0.016751,-0.004206,-0.275998,-1.109379,-0.818946,1.522493,-0.000067,0.026577
22.933333,-0.000364,0.023955,0.025390,-0.677170,-1.229819,0.973365,-1.459528,-0.012181,-0.008158,-0.273481,-1.106213,-0.819417,1.518677,0.004813,0.028499
22.966667,-0.002851,0.032824,0.014535,-0.672099,-1.230958,0.952639,-1.454527,-0.015558,-0.005109,-0.292105,-1.092686,-0.814289,1.525328,-0.004865,0.031867
23.000000,-0.015058,0.031123,0.010490,-0.655915,-1.240482,0.951870,-1.459341,-0.014392,-0.010984,-0.283149,-1.088326,-0.801499,1.536182,-0.008787,0.026644
23.033333,0.004684,0.024777,0.009183,-0.645962,-1.241969,0.932041,-1.475824,-0.023940,-0.024482,-0.297259,-1.098987,-0.785289,1.548464,-0.011675,0.022812
23.066667,0.012245,0.024619,0.000014,-0.650205,-1.218058,0.906308,-1.477089,-0.023228,-0.014161,-0.307003,-1.107570,-0.772372,1.554937,-0.034427,0.028774
23.100000,0.014131,0.025454,-0.004505,-0.635766,-1.221531,0.898306,-1.477940,-0.023467,-0.023654,-0.292496,-1.093624,-0.773352,1.549722,-0.042784,0.026659
23.133333,0.017027,0.016585,0.001316,-0.627126,-1.200823,0.905365,-1.467224,-0.026500,-0.026705,-0.282750,-1.089042,-0.772962,1.533867,-0.033766,0.014233
23.166667,0.032486,0.012720,0.001223,-0.634128,-1.177180,0.892285,-1.476806,-0.031332,-0.034468,-0.295229,-1.090470,-0.769279,1.527909,-0.039538,0.011730
23.200000,0.027434,0.011049,0.004117,-0.638264,-1.176278,0.897839,-1.479969,-0.025712,-0.029398,-0.291204,-1.091008,-0.769881,1.523362,-0.031855,0.022057
23.233333,0.022097,0.017425,0.018041,-0.622901,-1.179449,0.915295,-1.462903,-0.022939,-0.036770,-0.286238,-1.082811,-0.769575,1.518383,-0.009007,0.019615
23.266667,0.040658,0.030209,0.029216,-0.635137,-1.155181,0.930283,-1.432009,-0.018186,-0.012615,-0.280551,-1.107729,-0.768015,1.527413,-0.014656,0.023948
23.300000,0.040699,0.033056,0.040466,-0.642812,-1.167264,0.924408,-1.425900,-0.015063,-0.005428,-0.275215,-1.122467,-0.765713,1.530656,-0.016814,0.031579
23.333333,0.031256,0.034585,0.029532,-0.630266,-1.164504,0.927286,-1.412851,-0.002590,-0.001754,-0.262905,-1.123285,-0.758865,1.545794,-0.012068,0.038583
23.366667,0.024910,0.046307,0.030664,-0.635832,-1.164596,0.947017,-1.392150,-0.013402,0.007992,-0.264710,-1.118474,-0.764714,1.552410,-0.010942,0.044699
23.400000,0.029331,0.036918,0.029655,-0.643550,-1.181432,0.932442,-1.406894,-0.020133,0.002621,-0.264279,-1.105400,-0.767278,1.549463,-0.012158,0.044311
23.433333,0.014803,0.028704,0.012951,-0.632201,-1.202716,0.929172,-1.442521,-0.025690,-0.011664,-0.291014,-1.064583,-0.757656,1.538899,0.000223,0.042081
23.466667,0.012292,0.030851,-0.001345,-0.636314,-1.205129,0.936931,-1.474900,-0.021835,-0.018541,-0.283030,-1.040760,-0.765912,1.543675,-0.006570,0.054446
23.500000,0.007919,0.029801,0.012503,-0.646880,-1.227341,0.938243,-1.478843,-0.026992,-0.011257,-0.290462,-1.027957,-0.768794,1.537154,-0.006931,0.050800
23.533333,0.010303,0.022179,0.007802,-0.619437,-1.242160,0.922170,-1.502438,-0.015756,-0.014813,-0.287208,-1.026747,-0.765594,1.518253,-0.009527,0.045971
23.566667,0.006155,0.020281,0.005299,-0.620886,-1.259306,0.924757,-1.509403,-0.007127,-0.000999,-0.291528,-1.025237,-0.769384,1.526180,-0.019378,0.051626
23.600000,0.002478,0.011977,0.010519,-0.619203,-1.261012,0.916053,-1.508408,-0.008400,-0.011284,-0.282016,-1.032956,-0.774635,1.529501,-0.023838,0.043612
23.633333,0.005901,0.006983,0.021814,-0.620581,-1.242350,0.912543,-1.486248,-0.012084,-0.008511,-0.307649,-1.025600,-0.779322,1.523937,-0.015189,0.025862
23.666667,0.010016,0.012659,0.015337,-0.621426,-1.219713,0.933598,-1.476453,-0.007992,-0.001640,-0.325612,-1.026335,-0.794125,1.522135,-0.018589,0.018063
23.700000,0.008998,0.010501,0.017403,-0.638371,-1.208281,0.939772,-1.474568,-0.009730,-0.009264,-0.326199,-1.018282,-0.786566,1.533439,-0.015172,0.014996
23.733333,0.018283,0.010501,0.009071,-0.628138,-1.181150,0.952169,-1.449313,-0.015048,-0.017847,-0.340085,-1.036236,-0.785811,1.533439,-0.008140,0.005263
23.766667,0.020789,0.014252,-0.000342,-0.630517,-1.190820,0.948554,-1.449699,-0.015895,-0.018760,-0.338976,-1.043557,-0.786339,1.538836,-0.008032,0.011151
23.800000,0.014843,0.016748,-0.003065,-0.629871,-1.210757,0.955752,-1.455725,-0.017464,-0.019110,-0.325924,-1.062375,-0.772454,1.546938,-0.008900,0.014654
23.833333,0.009878,0.010080,0.005419,-0.635048,-1.214870,0.937060,-1.470888,-0.018928,-0.027423,-0.316930,-1.057917,-0.758495,1.547626,-0.011180,0.029442
23.866667,0.011026,0.018859,0.009343,-0.664126,-1.207301,0.922815,-1.463568,-0.020475,-0.012416,-0.323016,-1.075251,-0.754066,1.555224,-0.016155,0.034154
23.900000,0.003282,0.021300,0.018577,-0.682171,-1.215019,0.917990,-1.483168,-0.025042,-0.013092,-0.308571,-1.057323,-0.755065,1.552290,-0.014683,0.034707
23.933333,0.000795,0.019096,0.028474,-0.692183,-1.204368,0.931914,-1.484204,-0.024629,-0.007957,-0.314126,-1.052202,-0.762632,1.551201,-0.014577,0.029302
23.966667,0.002906,0.019041,0.028466,-0.695348,-1.203451,0.934386,-1.484013,-0.024390,-0.005660,-0.316481,-1.053665,-0.766668,1.553564,-0.016177,0.028289
