time_sec,joint_pelvisYaw,joint_pelvisPitch,joint_pelvisRoll,joint_lShoulderPitch,joint_lShoulderRoll,joint_lShoulderYaw,joint_lElbow,joint_lWristRoll,joint_lWristPitch,joint_rShoulderPitch,joint_rShoulderRoll,joint_rShoulderYaw,joint_rElbow,joint_rWristRoll,joint_rWristPitch
0.000000,-0.011191,0.031581,0.003105,-0.752720,-1.196991,1.134428,-1.453855,-0.012409,-0.028239,-0.214216,-0.876816,0.070731,1.568507,0.007543,-0.006583
0.033333,-0.002461,0.023985,0.009518,-0.730605,-1.177308,1.133850,-1.441666,0.004621,-0.018618,-0.229097,-0.866715,0.038943,1.545866,0.008584,-0.004993
0.066667,-0.009739,0.025712,0.003854,-0.730983,-1.176423,1.139205,-1.440658,0.004744,-0.012964,-0.236774,-0.855337,0.022454,1.546165,0.012002,-0.006579
0.100000,-0.009012,0.025505,-0.000243,-0.728058,-1.164117,1.141510,-1.438684,-0.002264,-0.011819,-0.237997,-0.853920,-0.000807,1.545670,0.011305,-0.002613
0.133333,-0.014735,0.028766,-0.004947,-0.748195,-1.182860,1.138319,-1.453939,-0.013533,-0.009575,-0.235569,-0.855557,0.015931,1.565922,0.004294,0.001174
0.166667,-0.033550,0.030234,-0.024671,-0.739484,-1.181318,1.149616,-1.446325,-0.012658,-0.024177,-0.227271,-0.842832,0.022175,1.569161,0.010994,-0.006483
0.200000,-0.034586,0.033723,-0.030924,-0.745005,-1.167584,1.166893,-1.443948,-0.009512,-0.027483,-0.219647,-0.843751,0.000278,1.569161,0.017377,0.007492
0.233333,-0.029674,0.030593,-0.026530,-0.744042,-1.169173,1.156874,-1.447953,-0.010813,-0.033448,-0.211858,-0.854780,0.015998,1.568190,0.012133,0.009732
0.266667,-0.036118,0.032236,-0.033596,-0.726382,-1.190976,1.129905,-1.450773,-0.001407,-0.045850,-0.198631,-0.838861,0.058491,1.560744,0.004640,0.013858
0.300000,-0.038592,0.041936,-0.035299,-0.724682,-1.191052,1.128506,-1.448117,0.001366,-0.038249,-0.196570,-0.842808,0.060983,1.560790,0.006629,0.024293
0.333333,-0.026166,0.041131,-0.018327,-0.737842,-1.192360,1.109731,-1.459261,-0.004946,-0.032737,-0.194563,-0.862568,0.069800,1.555728,0.004377,0.027371
0.366667,-0.021504,0.038209,-0.013514,-0.728658,-1.183426,1.078132,-1.441935,0.000648,-0.020577,-0.204590,-0.857041,0.083599,1.539967,-0.013852,0.017445
0.400000,-0.019271,0.051092,-0.012864,-0.728626,-1.180502,1.078348,-1.435430,-0.001804,-0.017103,-0.193848,-0.832713,0.067644,1.528758,-0.019726,0.029362
0.433333,-0.013577,0.047704,-0.001501,-0.748523,-1.170389,1.093619,-1.431231,-0.004476,-0.003328,-0.205439,-0.845372,0.047965,1.533019,-0.010829,0.019627
0.466667,-0.007892,0.041551,0.001867,-0.745003,-1.161512,1.091578,-1.432390,-0.005934,-0.009050,-0.224268,-0.842832,0.041730,1.526763,-0.007736,0.010674
0.500000,-0.003418,0.041126,-0.000614,-0.755220,-1.170923,1.092247,-1.439711,-0.006196,-0.003227,-0.228474,-0.824204,0.022919,1.525471,-0.004691,0.023467
0.533333,-0.006493,0.042005,0.003337,-0.761081,-1.195226,1.101785,-1.456776,-0.015251,-0.012770,-0.227889,-0.830073,0.028484,1.540366,0.005430,0.023739
0.566667,0.000313,0.035107,0.008062,-0.769929,-1.201806,1.096151,-1.462864,-0.003587,-0.006344,-0.243259,-0.867520,0.045768,1.552546,0.012297,0.013577
0.600000,0.002642,0.038265,0.013997,-0.782029,-1.210130,1.097972,-1.463397,0.002367,0.003603,-0.259019,-0.884079,0.043889,1.556525,0.007377,0.018347
0.633333,-0.000592,0.033466,0.013906,-0.790200,-1.213299,1.094813,-1.464597,-0.001170,0.001732,-0.240071,-0.875837,0.043512,1.555348,0.002687,0.018902
0.666667,-0.001918,0.034151,0.017272,-0.775443,-1.199927,1.110085,-1.439482,0.001611,0.001982,-0.256110,-0.892944,0.043731,1.561702,-0.001244,0.001032
0.700000,0.004807,0.031127,0.014553,-0.770167,-1.189621,1.116167,-1.441606,-0.001016,-0.009137,-0.273644,-0.897262,0.034044,1.562567,-0.001092,-0.002130
0.733333,-0.002303,0.024496,0.011931,-0.764319,-1.187750,1.121245,-1.439152,-0.009473,-0.014394,-0.276257,-0.879273,0.018955,1.559068,0.000719,-0.001672
0.766667,-0.008145,0.024615,0.001654,-0.738897,-1.169635,1.128358,-1.422189,-0.009265,-0.016605,-0.264953,-0.850368,0.006009,1.553027,-0.005587,-0.001569
0.800000,-0.009995,0.032399,0.004585,-0.740819,-1.163339,1.137604,-1.412385,-0.003788,-0.005273,-0.264633,-0.859125,0.003513,1.552876,-0.003160,0.004949
0.833333,-0.014051,0.027632,0.000964,-0.743314,-1.170242,1.121517,-1.429049,-0.001636,-0.011956,-0.254626,-0.861595,0.008192,1.552877,-0.000026,0.010140
0.866667,-0.026304,0.023705,-0.007751,-0.729256,-1.175693,1.113490,-1.420825,0.010657,-0.008025,-0.236548,-0.837647,-0.001674,1.552877,0.006546,0.018627
0.900000,-0.025612,0.033348,-0.009810,-0.725083,-1.177602,1.113065,-1.422223,0.011999,-0.012426,-0.233124,-0.844082,-0.011016,1.556375,0.011110,0.020557
0.933333,-0.028064,0.031502,-0.007376,-0.736050,-1.190511,1.098537,-1.441044,0.005349,-0.027080,-0.238394,-0.855599,-0.012137,1.556519,0.022249,0.015700
0.966667,-0.030889,0.030966,-0.024615,-0.733028,-1.184341,1.104170,-1.449301,0.015641,-0.034339,-0.267951,-0.869455,-0.038653,1.564102,0.030513,0.007647
1.000000,-0.025988,0.038045,-0.026191,-0.734946,-1.174291,1.112774,-1.445850,0.011518,-0.029317,-0.282422,-0.880774,-0.083279,1.564102,0.034342,0.015314
1.033333,-0.022733,0.045468,-0.019390,-0.744848,-1.183769,1.104331,-1.445448,0.000149,-0.019941,-0.316192,-0.921151,-0.138714,1.561327,0.024950,0.005057
1.066667,-0.028194,0.048472,-0.023849,-0.735307,-1.185875,1.097894,-1.440393,-0.008786,-0.012495,-0.353781,-0.933690,-0.211238,1.561327,0.018014,0.000492
1.100000,-0.025516,0.051162,-0.019251,-0.738661,-1.197678,1.121015,-1.435607,-0.013404,-0.006090,-0.391282,-0.949055,-0.311238,1.567226,0.018145,0.011356
1.133333,-0.021320,0.046206,-0.003106,-0.738906,-1.209481,1.114678,-1.429076,-0.028468,-0.008250,-0.406888,-0.941821,-0.411238,1.554281,0.005906,0.013726
1.166667,-0.024403,0.055936,-0.000020,-0.736996,-1.206958,1.129626,-1.413229,-0.033123,-0.006866,-0.429688,-0.923673,-0.511238,1.542322,-0.005334,0.014699
1.200000,-0.026105,0.053406,0.004089,-0.741967,-1.191115,1.161654,-1.422235,-0.025052,-0.010874,-0.434686,-0.905855,-0.611238,1.534292,-0.009517,0.027325
1.233333,-0.012074,0.038896,0.008599,-0.753447,-1.177690,1.179682,-1.427076,-0.019737,-0.023547,-0.445026,-0.912767,-0.711238,1.527574,-0.007240,0.027604
1.266667,-0.006231,0.037332,0.003560,-0.746729,-1.152273,1.177154,-1.414132,-0.009733,-0.018244,-0.447114,-0.925467,-0.807315,1.527574,-0.023417,0.016762
1.300000,0.000182,0.035575,-0.000900,-0.742269,-1.153819,1.191479,-1.418038,-0.007091,-0.022790,-0.455854,-0.922323,-0.897174,1.535808,-0.023996,0.018918
1.333333,0.002092,0.019204,0.005029,-0.755052,-1.158136,1.187194,-1.434343,0.000589,-0.021604,-0.460436,-0.952055,-0.956618,1.547766,-0.014377,0.009989
1.366667,0.014339,0.014310,0.003557,-0.764239,-1.157698,1.165828,-1.426665,-0.002670,-0.018059,-0.484684,-0.965469,-0.990897,1.558571,-0.019780,-0.007873
1.400000,0.005062,0.016080,0.001065,-0.768590,-1.163902,1.172624,-1.431431,0.002814,-0.009985,-0.481100,-0.973235,-1.012440,1.565289,-0.020432,-0.006267
1.433333,0.003734,0.015511,0.006282,-0.761914,-1.162205,1.191003,-1.436198,-0.003674,-0.015951,-0.481259,-0.960083,-1.024316,1.552164,-0.007280,-0.007829
1.466667,0.010717,0.018869,0.010033,-0.741906,-1.140206,1.221601,-1.410731,0.003690,-0.006936,-0.474477,-0.964788,-1.021017,1.536268,-0.010405,-0.000502
1.500000,0.017163,0.025678,0.012047,-0.724027,-1.139942,1.231886,-1.405622,-0.001418,-0.016247,-0.460878,-0.957072,-1.023960,1.518887,-0.012793,0.005967
1.533333,-0.000506,0.031190,0.001966,-0.706627,-1.151505,1.242397,-1.415264,-0.007899,-0.022468,-0.426281,-0.940510,-1.028948,1.510807,-0.003117,0.019275
1.566667,-0.007230,0.042975,-0.000707,-0.712992,-1.134208,1.243688,-1.423395,-0.009895,-0.013400,-0.417715,-0.932702,-1.026927,1.510807,-0.006622,0.031400
1.600000,-0.006830,0.046375,-0.000763,-0.729178,-1.139024,1.230453,-1.431526,-0.009963,-0.005160,-0.408485,-0.952555,-1.025114,1.523932,-0.005404,0.038650
1.633333,-0.021071,0.039615,-0.008365,-0.742094,-1.153998,1.189933,-1.454664,-0.012023,-0.016366,-0.405045,-0.957580,-1.009669,1.532089,0.001542,0.028225
1.666667,-0.019250,0.038454,-0.026256,-0.735242,-1.149264,1.187615,-1.447046,-0.001483,-0.009740,-0.404212,-0.969793,-1.012692,1.549470,0.004162,0.026180
1.700000,-0.012365,0.037680,-0.012658,-0.743712,-1.141164,1.199255,-1.440371,0.003399,-0.007771,-0.415298,-0.988991,-1.015909,1.555973,0.009789,0.027447
1.733333,-0.003689,0.025777,-0.009835,-0.716615,-1.144837,1.188406,-1.421959,0.000068,-0.017285,-0.419117,-0.995193,-1.011774,1.543181,0.012517,0.013217
1.766667,-0.008486,0.027428,-0.015335,-0.706746,-1.158088,1.199396,-1.410060,-0.000346,-0.016853,-0.423922,-0.986185,-0.994213,1.543181,0.013850,0.014294
1.800000,-0.005967,0.028445,-0.009167,-0.710737,-1.164753,1.206997,-1.415199,-0.005333,-0.015617,-0.417244,-0.986708,-1.001220,1.551207,0.014958,0.015316
1.833333,-0.010918,0.028744,0.003901,-0.724934,-1.164122,1.190279,-1.423927,-0.016993,-0.016396,-0.423742,-0.974833,-1.000690,1.535778,0.013730,0.017782
1.866667,-0.019212,0.033856,0.000841,-0.724924,-1.156651,1.178844,-1.409041,-0.017384,-0.009486,-0.419039,-0.959954,-1.005143,1.526849,0.005654,0.008139
1.900000,-0.024930,0.035473,0.003834,-0.735858,-1.168713,1.195937,-1.411603,-0.013174,-0.010733,-0.416701,-0.949973,-1.009539,1.533054,0.006896,0.008886
1.933333,-0.024203,0.029879,0.010531,-0.744267,-1.155307,1.179176,-1.424195,-0.010296,-0.013383,-0.418142,-0.953943,-1.015487,1.531678,0.009038,0.009364
1.966667,-0.024797,0.038856,0.001490,-0.740943,-1.156132,1.168923,-1.422342,-0.010976,-0.007222,-0.434219,-0.948584,-1.013876,1.536101,-0.001988,0.012360
2.000000,-0.033845,0.037827,-0.003871,-0.731180,-1.164165,1.175615,-1.427989,-0.009326,-0.011526,-0.429228,-0.947345,-1.006039,1.543934,-0.003215,0.006847
2.033333,-0.016921,0.032835,-0.005571,-0.726733,-1.166171,1.169771,-1.441488,-0.015712,-0.019836,-0.440315,-0.960971,-0.994957,1.554440,-0.007074,0.002183
2.066667,-0.009441,0.033438,-0.013879,-0.733443,-1.145857,1.156202,-1.444850,-0.014673,-0.011320,-0.447836,-0.973596,-0.985244,1.561027,-0.027390,0.006323
2.100000,-0.007713,0.033248,-0.017996,-0.725192,-1.149751,1.156625,-1.446921,-0.015847,-0.020613,-0.434380,-0.966022,-0.986710,1.555280,-0.033706,0.005957
2.133333,-0.005360,0.023254,-0.012245,-0.723834,-1.131943,1.168484,-1.437686,-0.020447,-0.025609,-0.426027,-0.965032,-0.987200,1.543569,-0.024514,-0.005965
2.166667,0.007788,0.020181,-0.011537,-0.736328,-1.113170,1.168130,-1.447408,-0.024666,-0.032626,-0.428893,-0.968448,-0.985122,1.538772,-0.028440,-0.007925
2.200000,0.002461,0.018098,-0.008768,-0.742328,-1.113164,1.178505,-1.453790,-0.017758,-0.030906,-0.421213,-0.972628,-0.987105,1.533660,-0.020708,-0.000304
2.233333,-0.003137,0.023869,0.002647,-0.734045,-1.118660,1.200143,-1.437193,-0.015538,-0.037181,-0.413320,-0.969256,-0.988191,1.528286,-0.001087,-0.000665
2.266667,0.014932,0.036503,0.010609,-0.748838,-1.095327,1.221803,-1.406914,-0.009495,-0.014732,-0.404104,-0.992844,-0.988247,1.535409,-0.002952,0.004638
2.300000,0.015940,0.041304,0.017789,-0.759516,-1.108748,1.221793,-1.402386,-0.005759,-0.008900,-0.396416,-1.005057,-0.987788,1.539961,-0.004576,0.011810
2.333333,0.007891,0.044182,0.007844,-0.752233,-1.108883,1.228358,-1.392839,0.006491,-0.002379,-0.384942,-1.009430,-0.985350,1.552354,-0.002568,0.019099
2.366667,0.003706,0.055641,0.008355,-0.762990,-1.108176,1.252635,-1.373894,-0.005565,0.007241,-0.382654,-1.007788,-0.991192,1.557467,-0.002340,0.026419
2.400000,0.007399,0.049012,0.007584,-0.771353,-1.123121,1.245577,-1.390035,-0.012133,0.003589,-0.379298,-0.997256,-0.996557,1.559098,-0.001371,0.025445
2.433333,-0.008468,0.042557,-0.004329,-0.763635,-1.144644,1.248083,-1.421862,-0.017739,-0.009437,-0.396979,-0.962043,-0.984943,1.551262,0.007506,0.023057
2.466667,-0.012956,0.045506,-0.014302,-0.770013,-1.148183,1.263213,-1.448651,-0.015891,-0.015181,-0.384191,-0.944132,-0.986530,1.554416,0.002831,0.034093
2.500000,-0.016706,0.044301,-0.001257,-0.778939,-1.169714,1.268959,-1.449968,-0.020712,-0.012282,-0.384256,-0.936109,-0.982558,1.552173,0.004845,0.029331
2.533333,-0.016633,0.038082,-0.004657,-0.756400,-1.187063,1.258948,-1.467830,-0.008799,-0.016121,-0.374730,-0.936949,-0.969979,1.536443,0.005073,0.024348
2.566667,-0.020145,0.034513,-0.006566,-0.760708,-1.203851,1.266947,-1.468491,-0.001069,-0.006603,-0.365710,-0.937473,-0.958808,1.540185,-0.003872,0.028935
2.600000,-0.023542,0.027324,-0.002288,-0.762338,-1.209938,1.264442,-1.466738,-0.000870,-0.014083,-0.345452,-0.948746,-0.948290,1.541648,-0.007920,0.019496
2.633333,-0.020334,0.022055,0.006755,-0.763124,-1.194493,1.262311,-1.446378,-0.004779,-0.011894,-0.351989,-0.947003,-0.935106,1.534242,-0.001959,0.003671
2.666667,-0.017704,0.025141,0.001529,-0.767292,-1.175575,1.284375,-1.436944,-0.002593,-0.007426,-0.350263,-0.951246,-0.916685,1.527321,-0.006374,-0.002249
2.700000,-0.016765,0.021236,0.003399,-0.786338,-1.169361,1.293914,-1.433010,-0.004863,-0.012523,-0.331269,-0.946230,-0.883495,1.531727,-0.005153,-0.005173
2.733333,-0.007382,0.020419,-0.004818,-0.779472,-1.149973,1.306629,-1.411329,-0.008063,-0.017752,-0.331783,-0.967068,-0.861088,1.531727,-0.000010,-0.014887
2.766667,-0.004320,0.022224,-0.014128,-0.782647,-1.161137,1.303663,-1.411407,-0.009503,-0.019062,-0.319685,-0.971624,-0.845084,1.534994,0.000484,-0.010463
2.800000,-0.006766,0.024741,-0.016569,-0.782611,-1.180375,1.308801,-1.415198,-0.008376,-0.019017,-0.304920,-0.987662,-0.827336,1.540173,-0.001445,-0.008299
2.833333,-0.010122,0.020361,-0.009700,-0.784440,-1.180791,1.288044,-1.423930,-0.008603,-0.026230,-0.298682,-0.977716,-0.823954,1.539767,-0.004481,0.002771
2.866667,-0.008384,0.028411,-0.006822,-0.805247,-1.169542,1.268282,-1.419003,-0.008184,-0.017034,-0.311332,-0.990352,-0.835356,1.551091,-0.009047,0.007594
2.900000,-0.015849,0.033440,0.001489,-0.815262,-1.171146,1.251899,-1.435085,-0.012292,-0.020774,-0.311725,-0.967895,-0.856801,1.546291,-0.006705,0.010038
2.933333,-0.017213,0.033087,0.011029,-0.815658,-1.156813,1.253638,-1.434565,-0.012068,-0.019255,-0.332119,-0.961516,-0.883275,1.544597,-0.006755,0.007747
2.966667,-0.008138,0.028635,0.014912,-0.792554,-1.144846,1.229059,-1.444440,0.003891,-0.019774,-0.349755,-0.979370,-0.880464,1.533654,0.006337,0.003561
3.000000,0.004886,0.030665,0.016520,-0.748086,-1.172880,1.190374,-1.461489,0.007510,-0.007637,-0.368159,-1.024277,-0.858100,1.543224,0.010398,-0.000799
3.033333,0.008915,0.023877,0.013349,-0.691308,-1.195174,1.143606,-1.491159,0.011823,-0.013330,-0.378962,-1.069184,-0.813173,1.543224,0.021398,-0.007282
3.066667,0.006982,0.025588,0.008175,-0.653450,-1.208707,1.063606,-1.511811,0.015215,-0.008103,-0.387111,-1.117481,-0.733173,1.548024,0.030544,-0.011695
3.100000,0.011505,0.025633,0.004587,-0.617116,-1.209689,0.963606,-1.532299,0.013201,-0.005189,-0.389960,-1.174950,-0.633173,1.552824,0.034047,-0.010806
3.133333,0.005836,0.028797,0.000221,-0.601701,-1.231372,0.863606,-1.548741,0.001573,-0.002503,-0.388235,-1.214864,-0.533173,1.570000,0.026439,-0.007624
3.166667,-0.013638,0.029749,-0.018960,-0.585821,-1.224192,0.763606,-1.540929,0.003572,-0.018547,-0.379404,-1.214777,-0.433173,1.570000,0.033233,-0.012861
3.200000,-0.015837,0.032564,-0.024930,-0.577961,-1.200969,0.663606,-1.536481,0.004530,-0.022366,-0.371322,-1.212323,-0.333173,1.570000,0.037955,-0.000383
3.233333,-0.012389,0.029392,-0.020306,-0.558259,-1.191968,0.563606,-1.542733,0.005298,-0.024923,-0.364323,-1.218797,-0.233173,1.570000,0.031250,0.001280
3.266667,-0.016939,0.029407,-0.028091,-0.520308,-1.196726,0.463606,-1.549150,0.014553,-0.036077,-0.352390,-1.196098,-0.133173,1.567416,0.022943,0.005239
3.300000,-0.018679,0.039777,-0.029886,-0.501439,-1.177953,0.363606,-1.547391,0.016234,-0.031328,-0.350883,-1.190955,-0.053228,1.567416,0.026328,0.017016
3.333333,-0.006854,0.038424,-0.013587,-0.492721,-1.162553,0.273676,-1.560706,0.010399,-0.025474,-0.348232,-1.194614,0.012104,1.566822,0.024540,0.016593
3.366667,0.001629,0.035689,-0.008305,-0.463896,-1.140600,0.195909,-1.546439,0.017742,-0.012872,-0.357797,-1.173432,0.047534,1.554478,0.008245,0.005854
3.400000,0.002541,0.047454,-0.008214,-0.447656,-1.123929,0.143438,-1.540377,0.013466,-0.009923,-0.348573,-1.135732,0.047924,1.547637,0.002458,0.018000
3.433333,0.005678,0.045796,0.003068,-0.454028,-1.099735,0.107970,-1.534618,0.010578,0.000633,-0.361098,-1.138031,0.041404,1.550221,0.011709,0.010365
3.466667,0.012530,0.038107,0.006660,-0.439113,-1.077413,0.099266,-1.536377,0.010061,-0.004831,-0.383480,-1.126743,0.021287,1.548334,0.013191,0.002030
3.500000,0.017993,0.037433,0.003948,-0.448583,-1.073089,0.103728,-1.537278,0.009504,0.001048,-0.397500,-1.106653,-0.021258,1.545720,0.014364,0.017169
3.533333,0.012111,0.038163,0.007008,-0.459197,-1.082499,0.122036,-1.556325,-0.000083,-0.008308,-0.408678,-1.113772,-0.054287,1.558064,0.024005,0.017877
3.566667,0.020272,0.031582,0.012070,-0.479546,-1.071405,0.141854,-1.562387,0.010188,-0.004061,-0.444295,-1.155013,-0.091680,1.564905,0.031014,0.011597
3.600000,0.022880,0.034518,0.018026,-0.500442,-1.065332,0.177250,-1.566320,0.015033,0.005124,-0.488396,-1.180660,-0.162164,1.564905,0.025682,0.013351
3.633333,0.019102,0.031607,0.016900,-0.522736,-1.052087,0.225880,-1.566320,0.013172,0.004504,-0.512922,-1.184237,-0.238996,1.561761,0.020979,0.011495
3.666667,0.018064,0.032744,0.020228,-0.529065,-1.021813,0.291276,-1.546320,0.012824,0.004907,-0.566580,-1.219571,-0.318786,1.564970,0.018393,-0.005036
3.700000,0.025356,0.029938,0.017454,-0.547284,-0.993104,0.370661,-1.540578,0.007655,-0.008603,-0.638826,-1.253981,-0.418192,1.564970,0.018512,-0.007324
3.733333,0.019510,0.023032,0.014170,-0.563036,-0.976537,0.463241,-1.531283,-0.001046,-0.015940,-0.698363,-1.261495,-0.518192,1.564970,0.018848,-0.009890
3.766667,0.015468,0.023026,0.004636,-0.565353,-0.952717,0.563241,-1.503814,-0.003030,-0.017369,-0.734163,-1.253762,-0.618192,1.562766,0.013700,-0.006875
3.800000,0.013100,0.029994,0.008069,-0.587556,-0.949319,0.663241,-1.481291,-0.001468,-0.006784,-0.770115,-1.281686,-0.718192,1.564663,0.013539,0.002149
3.833333,0.008457,0.024095,0.004761,-0.608135,-0.962431,0.763241,-1.486477,-0.000575,-0.013527,-0.797284,-1.302505,-0.818192,1.564663,0.015160,0.005127
3.866667,-0.003852,0.020719,-0.004297,-0.615251,-0.980923,0.863241,-1.468524,0.011432,-0.007512,-0.790627,-1.284249,-0.918192,1.564663,0.018919,0.013404
3.900000,-0.003041,0.030058,-0.005625,-0.631388,-0.994891,0.956834,-1.458404,0.013608,-0.009917,-0.787374,-1.298060,-1.018192,1.564663,0.023148,0.018428
3.933333,-0.005503,0.027687,-0.002476,-0.660640,-1.019625,1.025578,-1.466793,0.009525,-0.022738,-0.791505,-1.308658,-1.115837,1.561325,0.031635,0.012380
3.966667,-0.007047,0.026477,-0.019191,-0.679442,-1.021629,1.094323,-1.469470,0.017194,-0.028393,-0.809604,-1.316250,-1.193358,1.564459,0.038754,0.005175
4.000000,-0.001989,0.033869,-0.020524,-0.703693,-1.027190,1.144258,-1.461006,0.016267,-0.024415,-0.796485,-1.306238,-1.270879,1.564459,0.042544,0.011709
4.033333,0.002813,0.040888,-0.013697,-0.727604,-1.050442,1.157542,-1.455878,0.007690,-0.017761,-0.796780,-1.321360,-1.320070,1.562571,0.034206,0.002567
4.066667,-0.003299,0.045373,-0.019596,-0.734027,-1.071728,1.158043,-1.453452,-0.000791,-0.011410,-0.789494,-1.304876,-1.358160,1.562571,0.029414,-0.006382
4.100000,-0.001554,0.048004,-0.016542,-0.750788,-1.099680,1.183391,-1.446867,-0.008537,-0.006256,-0.780608,-1.296574,-1.392971,1.568112,0.029793,0.005294
4.133333,-0.000508,0.044241,-0.000855,-0.764647,-1.127631,1.181364,-1.445402,-0.022915,-0.008149,-0.752372,-1.268312,-1.413566,1.562319,0.015913,0.004866
4.166667,-0.003702,0.055311,0.001649,-0.770362,-1.136871,1.189326,-1.431593,-0.028048,-0.007487,-0.742257,-1.237561,-1.419485,1.556551,0.003307,0.006603
4.200000,-0.007924,0.053395,0.006167,-0.779983,-1.128645,1.207903,-1.445184,-0.020357,-0.008892,-0.722530,-1.211302,-1.445249,1.550407,0.002207,0.016749
4.233333,0.005217,0.038135,0.011735,-0.788122,-1.116056,1.208699,-1.454491,-0.015322,-0.018710,-0.709406,-1.208265,-1.443534,1.544634,0.005870,0.018288
4.266667,0.014096,0.035655,0.006176,-0.763083,-1.088942,1.169496,-1.449447,-0.000633,-0.016171,-0.674235,-1.209973,-1.407453,1.529538,-0.007087,0.008569
4.300000,0.021230,0.033088,0.001326,-0.711397,-1.091157,1.117669,-1.442347,0.004337,-0.023029,-0.623871,-1.194649,-1.365712,1.500236,-0.003823,0.011791
4.333333,0.022735,0.017229,0.006998,-0.645462,-1.090724,1.034660,-1.445401,0.011289,-0.020856,-0.555383,-1.191768,-1.298646,1.450908,0.007550,0.004505
4.366667,0.035542,0.012126,0.004421,-0.562441,-1.085405,0.937690,-1.432539,0.007498,-0.018164,-0.476921,-1.165551,-1.200066,1.383844,-0.000527,-0.011774
4.400000,0.024787,0.015423,-0.000111,-0.462441,-1.091605,0.837690,-1.435125,0.013602,-0.011559,-0.378218,-1.136472,-1.100066,1.294521,-0.004839,-0.008252
4.433333,0.018628,0.015745,0.005145,-0.362441,-1.093266,0.737690,-1.437869,0.004806,-0.016460,-0.299500,-1.090187,-1.000066,1.194522,0.009375,-0.010054
4.466667,0.024299,0.019536,0.008252,-0.262441,-1.072342,0.637690,-1.430827,0.013750,-0.006864,-0.241896,-1.063295,-0.900066,1.094522,0.006803,-0.001648
4.500000,0.029909,0.024557,0.009927,-0.190882,-1.076204,0.537690,-1.447984,0.014370,-0.018030,-0.198910,-1.051312,-0.800066,0.994521,0.005752,0.005761
4.533333,0.010154,0.028476,-0.000322,-0.139626,-1.095599,0.437690,-1.473781,0.009223,-0.024984,-0.165090,-1.038748,-0.700066,0.914611,0.016643,0.018606
4.566667,0.004356,0.039237,-0.001975,-0.128369,-1.082692,0.337690,-1.483730,0.008117,-0.014795,-0.159454,-1.037428,-0.600066,0.874374,0.017936,0.029932
4.600000,0.004227,0.042817,-0.002400,-0.129204,-1.086537,0.237690,-1.493519,0.010331,-0.005155,-0.158490,-1.065194,-0.500066,0.844792,0.017111,0.037156
4.633333,-0.008960,0.036116,-0.010695,-0.143464,-1.101509,0.137690,-1.516673,0.006754,-0.017802,-0.160881,-1.080579,-0.400066,0.821289,0.023791,0.025070
4.666667,-0.008346,0.034803,-0.028353,-0.143899,-1.094296,0.040902,-1.510405,0.011777,-0.010361,-0.160411,-1.101148,-0.300066,0.837785,0.027902,0.021156
4.700000,-0.000100,0.034159,-0.014758,-0.154898,-1.082470,-0.045117,-1.502257,0.017071,-0.007420,-0.177148,-1.128636,-0.200066,0.846446,0.032975,0.024767
4.733333,0.008455,0.022789,-0.011557,-0.137204,-1.082130,-0.117090,-1.489509,0.017143,-0.018918,-0.188160,-1.146936,-0.112706,0.835361,0.033512,0.009786
4.766667,0.004396,0.024514,-0.016299,-0.140504,-1.094180,-0.149063,-1.483620,0.014408,-0.018694,-0.199539,-1.149441,-0.062376,0.853620,0.034400,0.010140
4.800000,0.008646,0.024775,-0.008760,-0.156178,-1.097415,-0.168564,-1.490032,0.012536,-0.013492,-0.214681,-1.161082,-0.052046,0.905802,0.037105,0.011698
4.833333,0.006349,0.026131,0.004238,-0.195541,-1.094475,-0.168211,-1.495770,0.003820,-0.012137,-0.258065,-1.157542,-0.081716,0.957983,0.037251,0.012931
4.866667,-0.000289,0.033216,0.002448,-0.226019,-1.081717,-0.154094,-1.479372,0.003615,-0.005074,-0.315078,-1.147134,-0.151386,1.037911,0.030994,0.000789
4.900000,-0.004016,0.035226,0.005172,-0.265972,-1.089112,-0.115658,-1.479406,0.004362,-0.006335,-0.388334,-1.138422,-0.248416,1.137911,0.032778,-0.000521
4.933333,-0.002728,0.030919,0.011209,-0.305402,-1.070974,-0.104104,-1.488294,0.009058,-0.008333,-0.476566,-1.140857,-0.348416,1.237911,0.035272,-0.000177
4.966667,-0.004354,0.041075,0.002340,-0.341009,-1.069776,-0.075413,-1.487703,0.004944,-0.005853,-0.576566,-1.130192,-0.448416,1.337911,0.024693,0.002911
5.000000,-0.011833,0.040577,-0.003035,-0.364050,-1.080403,-0.029791,-1.495438,0.006558,-0.010428,-0.674132,-1.125930,-0.548416,1.423879,0.020951,0.000092
5.033333,0.004862,0.036630,-0.005204,-0.405110,-1.095118,0.031300,-1.515352,-0.001032,-0.018992,-0.745361,-1.139960,-0.648416,1.490297,0.017347,-0.002722
5.066667,0.012096,0.038920,-0.014072,-0.465390,-1.098215,0.094025,-1.523089,-0.001006,-0.010350,-0.782209,-1.148854,-0.748416,1.536714,-0.002563,0.004417
5.100000,0.013272,0.040424,-0.018112,-0.533106,-1.127880,0.183632,-1.524204,-0.003203,-0.020653,-0.779058,-1.131643,-0.842382,1.558629,-0.007239,0.002159
5.133333,0.015598,0.030006,-0.014838,-0.618845,-1.140724,0.283632,-1.507445,-0.008478,-0.023626,-0.744738,-1.111387,-0.896348,1.555239,0.000655,-0.010321
5.166667,0.025776,0.026832,-0.015408,-0.718845,-1.153767,0.383632,-1.503650,-0.015235,-0.031309,-0.672852,-1.062808,-0.910314,1.545712,-0.003181,-0.014319
5.200000,0.018550,0.023945,-0.014785,-0.818845,-1.179217,0.483632,-1.490594,-0.011094,-0.029749,-0.589554,-1.001755,-0.884280,1.541871,0.005296,-0.007355
5.233333,0.013275,0.028218,-0.003922,-0.891149,-1.199110,0.583632,-1.458767,-0.009148,-0.036544,-0.517164,-0.926498,-0.818246,1.533739,0.024901,-0.009092
5.266667,0.031162,0.038606,0.004117,-0.963453,-1.196423,0.683632,-1.422048,-0.002840,-0.011609,-0.444773,-0.865264,-0.718246,1.538242,0.023591,-0.003904
5.300000,0.030707,0.044850,0.012770,-1.008393,-1.224105,0.783632,-1.412682,0.001694,-0.005635,-0.392859,-0.804029,-0.618246,1.540146,0.024527,0.004557
5.333333,0.022897,0.047867,0.002465,-1.032663,-1.233057,0.883632,-1.404936,0.014733,-0.000149,-0.354434,-0.758439,-0.518246,1.550123,0.034232,0.011446
5.366667,0.019253,0.059780,0.004493,-1.047756,-1.241513,0.983632,-1.389332,0.007225,0.009951,-0.341723,-0.715174,-0.418246,1.553965,0.035282,0.018950
5.400000,0.019864,0.053425,0.004075,-1.061144,-1.264991,1.083632,-1.407197,0.002711,0.006742,-0.332894,-0.671858,-0.318246,1.562097,0.036517,0.019479
5.433333,0.003147,0.047598,-0.008654,-1.049829,-1.285766,1.183632,-1.437952,-0.003748,-0.008581,-0.350835,-0.630144,-0.218246,1.558196,0.046499,0.017823
5.466667,-0.000959,0.050173,-0.019445,-1.056244,-1.287784,1.283633,-1.464988,0.000258,-0.015577,-0.346802,-0.604039,-0.118246,1.566100,0.042435,0.028569
5.500000,-0.005898,0.049694,-0.005131,-1.061811,-1.308760,1.383633,-1.468148,-0.004364,-0.012567,-0.356491,-0.593116,-0.024022,1.566100,0.039259,0.026174
5.533333,-0.004272,0.043374,-0.008835,-1.037649,-1.322516,1.470316,-1.484757,0.006507,-0.016266,-0.358225,-0.598443,0.040652,1.557934,0.036523,0.021904
5.566667,-0.006717,0.040629,-0.010625,-1.038747,-1.334923,1.542592,-1.487441,0.012561,-0.006051,-0.367450,-0.608047,0.079836,1.557934,0.028461,0.025946
5.600000,-0.008393,0.033682,-0.005332,-1.041217,-1.338821,1.595529,-1.484330,0.012830,-0.014448,-0.365413,-0.621395,0.110114,1.561835,0.024839,0.020448
5.633333,-0.005079,0.029240,0.003943,-1.038395,-1.321930,1.623780,-1.461759,0.007475,-0.012102,-0.388422,-0.625250,0.103507,1.558055,0.030539,0.003793
5.666667,-0.000901,0.032666,-0.001515,-1.033492,-1.296286,1.652030,-1.449806,0.009471,-0.007361,-0.408630,-0.638279,0.080484,1.558055,0.026171,-0.002673
5.700000,-0.002403,0.029689,0.000964,-1.050127,-1.283906,1.664386,-1.445334,0.005371,-0.014731,-0.411621,-0.642417,0.081962,1.565616,0.029415,-0.006511
5.733333,0.006194,0.028648,-0.007381,-1.040081,-1.257577,1.681171,-1.420574,0.001775,-0.021283,-0.426711,-0.669161,0.082969,1.565616,0.034207,-0.015703
5.766667,0.009583,0.031956,-0.016508,-1.040454,-1.257541,1.694148,-1.415966,0.000754,-0.021989,-0.426295,-0.689075,0.082852,1.565616,0.033836,-0.012257
5.800000,0.006828,0.034333,-0.019449,-1.036442,-1.262503,1.727164,-1.406837,0.002007,-0.023048,-0.417541,-0.726443,0.095139,1.569395,0.031940,-0.009879
5.833333,0.003931,0.029334,-0.012900,-1.039479,-1.253354,1.738499,-1.402991,0.001476,-0.028611,-0.409089,-0.740983,0.112914,1.566128,0.029864,0.001783
5.866667,0.006864,0.036629,-0.011323,-1.056346,-1.231758,1.747305,-1.383717,0.003089,-0.017936,-0.414538,-0.774264,0.113310,1.566733,0.024877,0.007083
5.900000,0.001077,0.041309,-0.003798,-1.064038,-1.225085,1.765196,-1.383766,0.000203,-0.019974,-0.400546,-0.781193,0.114660,1.565107,0.027106,0.008808
5.933333,0.000033,0.039632,0.004033,-1.062221,-1.205912,1.786234,-1.372370,0.000881,-0.017129,-0.406554,-0.795584,0.106040,1.563481,0.026741,0.004801
5.966667,0.003630,0.032877,0.009019,-1.039716,-1.181740,1.771918,-1.388673,0.011911,-0.016479,-0.388518,-0.786405,0.081901,1.541855,0.028661,0.004852
6.000000,0.009331,0.032938,0.011411,-0.993762,-1.157567,1.739285,-1.421556,0.012604,-0.006884,-0.348245,-0.760054,0.037705,1.503497,0.021767,0.004226
6.033333,0.004334,0.024372,0.009136,-0.911344,-1.106677,1.698390,-1.466140,0.012678,-0.015595,-0.299036,-0.701442,0.006908,1.441871,0.023026,0.002230
6.066667,-0.005003,0.023673,0.005263,-0.854103,-1.030055,1.618390,-1.507105,0.011547,-0.011788,-0.256948,-0.633606,-0.037370,1.386869,0.023868,0.003504
6.100000,-0.007968,0.022694,0.002515,-0.819280,-0.935681,1.518390,-1.544937,0.005532,-0.009127,-0.210342,-0.574673,-0.091525,1.343527,0.017700,0.009843
6.133333,-0.013717,0.027852,-0.002077,-0.824456,-0.870238,1.418390,-1.565369,-0.005083,-0.007112,-0.185466,-0.532607,-0.110745,1.323769,0.010800,0.012286
6.166667,-0.033354,0.030180,-0.021302,-0.869632,-0.827803,1.343207,-1.548357,-0.004993,-0.021926,-0.198115,-0.505730,-0.133206,1.344011,0.019510,0.003556
6.200000,-0.032411,0.032794,-0.025914,-0.954808,-0.805511,1.308024,-1.530657,-0.002293,-0.021543,-0.243006,-0.511112,-0.186636,1.402554,0.025709,0.014395
6.233333,-0.028423,0.030509,-0.020717,-1.046954,-0.816178,1.312841,-1.518016,-0.003617,-0.023579,-0.296611,-0.547972,-0.241578,1.450608,0.019071,0.015299
6.266667,-0.034100,0.031139,-0.027076,-1.099099,-0.853564,1.357658,-1.504539,0.001940,-0.035644,-0.353660,-0.563435,-0.306644,1.482251,0.010521,0.018566
6.300000,-0.037789,0.038329,-0.027847,-1.137525,-0.873052,1.442475,-1.489088,0.001954,-0.029071,-0.423282,-0.602032,-0.406644,1.523635,0.013488,0.032296
6.333333,-0.024576,0.035112,-0.010960,-1.148358,-0.887012,1.542475,-1.493703,-0.004598,-0.022817,-0.472358,-0.649750,-0.506644,1.534121,0.012986,0.034279
6.366667,-0.018006,0.032834,-0.005090,-1.133712,-0.880829,1.615590,-1.478041,-0.002674,-0.009103,-0.505792,-0.674369,-0.606644,1.517613,-0.007893,0.022364
6.400000,-0.016462,0.044842,-0.004537,-1.106153,-0.878308,1.679318,-1.470685,-0.008202,-0.007435,-0.508480,-0.664215,-0.706644,1.506642,-0.016824,0.034089
6.433333,-0.010185,0.042084,0.006582,-1.103345,-0.867843,1.719818,-1.468979,-0.011195,0.002929,-0.524491,-0.686552,-0.806644,1.512090,-0.005074,0.022845
6.466667,-0.003029,0.036864,0.009765,-1.088250,-0.859949,1.739883,-1.471421,-0.010896,-0.002803,-0.546201,-0.697116,-0.906644,1.501781,-0.000002,0.010210
6.500000,0.001316,0.035828,0.008102,-1.097262,-0.869536,1.747441,-1.478080,-0.011663,0.003077,-0.553645,-0.685867,-1.006644,1.499927,-0.000211,0.024467
6.533333,-0.001793,0.036379,0.010193,-1.103794,-0.893808,1.758529,-1.495724,-0.019684,-0.008728,-0.552713,-0.697427,-1.087068,1.512326,0.011907,0.025769
6.566667,0.005810,0.029488,0.015769,-1.116981,-0.899153,1.756882,-1.502432,-0.006244,-0.004678,-0.570057,-0.740925,-1.150388,1.531870,0.021100,0.018407
6.600000,0.007253,0.031502,0.022714,-1.126906,-0.906067,1.767240,-1.500563,0.000732,0.005405,-0.583692,-0.761806,-1.202015,1.539747,0.013679,0.021990
6.633333,0.005768,0.025916,0.022121,-1.134708,-0.910525,1.766728,-1.501637,-0.002991,0.004999,-0.561076,-0.757522,-1.225720,1.536983,0.007093,0.022441
6.666667,0.005189,0.027663,0.024754,-1.116235,-0.900078,1.778724,-1.475872,-0.001385,0.005768,-0.573270,-0.779748,-1.230764,1.549734,0.004422,0.005939
6.700000,0.011877,0.024347,0.023115,-1.112872,-0.891301,1.787784,-1.475667,-0.002081,-0.006427,-0.593687,-0.787179,-1.241767,1.556926,0.003437,0.005415
6.733333,0.005595,0.018134,0.020201,-1.105945,-0.892409,1.790331,-1.471695,-0.011046,-0.010982,-0.595573,-0.770389,-1.243223,1.547244,0.005886,0.004584
6.766667,-0.000364,0.018345,0.009497,-1.077880,-0.881103,1.786427,-1.454618,-0.011415,-0.013666,-0.585138,-0.743518,-1.228620,1.536618,0.002550,0.007059
6.800000,-0.003534,0.026532,0.013149,-1.077944,-0.876808,1.796667,-1.442571,-0.006230,-0.003752,-0.590590,-0.750860,-1.221699,1.536693,0.001922,0.015170
6.833333,-0.008220,0.021689,0.010374,-1.081908,-0.884450,1.782829,-1.457944,-0.004590,-0.011058,-0.585219,-0.751234,-1.216067,1.532867,0.004757,0.020083
6.866667,-0.021713,0.019249,0.000936,-1.064776,-0.894977,1.768748,-1.450782,0.007115,-0.005946,-0.563449,-0.726692,-1.195986,1.532867,0.012547,0.026106
6.900000,-0.019254,0.028650,-0.001893,-1.059253,-0.897845,1.768441,-1.452683,0.010426,-0.009369,-0.562903,-0.733307,-1.190277,1.542549,0.017905,0.028713
6.933333,-0.020223,0.025941,0.000490,-1.077086,-0.908461,1.760024,-1.471110,0.003988,-0.022989,-0.569281,-0.738142,-1.179122,1.542194,0.028175,0.024562
6.966667,-0.023477,0.025063,-0.016725,-1.080937,-0.900919,1.765906,-1.481362,0.012779,-0.028988,-0.591888,-0.743671,-1.162111,1.555192,0.037743,0.017027
7.000000,-0.016079,0.033438,-0.018671,-1.088047,-0.891554,1.769285,-1.480118,0.011003,-0.024732,-0.588777,-0.734511,-1.155586,1.559018,0.043198,0.021568
7.033333,-0.012469,0.039996,-0.012469,-1.103420,-0.900416,1.762202,-1.481198,0.001059,-0.015951,-0.605385,-0.750317,-1.138730,1.555243,0.032985,0.014576
7.066667,-0.020081,0.043455,-0.017445,-1.110564,-0.908270,1.741458,-1.481520,-0.008599,-0.007331,-0.633106,-0.734654,-1.102250,1.555243,0.025695,0.007510
7.100000,-0.018302,0.048386,-0.013012,-1.122029,-0.925709,1.744157,-1.482092,-0.010757,-0.000551,-0.661638,-0.733661,-1.091217,1.566225,0.025481,0.015723
7.133333,-0.013310,0.044817,0.002629,-1.138095,-0.943148,1.709718,-1.479195,-0.023988,-0.002886,-0.674986,-0.708223,-1.066280,1.560324,0.012761,0.017521
7.166667,-0.018976,0.054658,0.004327,-1.151549,-0.946361,1.684366,-1.468705,-0.026371,-0.002091,-0.704085,-0.683833,-1.028297,1.556966,0.001562,0.020547
7.200000,-0.022722,0.053628,0.008753,-1.183372,-0.931091,1.674580,-1.481880,-0.019530,-0.005357,-0.720780,-0.656512,-1.005770,1.555794,0.001958,0.031713
7.233333,-0.008650,0.039521,0.013443,-1.206099,-0.916458,1.655490,-1.490341,-0.013257,-0.015729,-0.725909,-0.657947,-0.975146,1.555176,0.005450,0.032354
7.266667,0.000760,0.038046,0.007734,-1.218165,-0.887186,1.609667,-1.482027,-0.000839,-0.010159,-0.721265,-0.656876,-0.912275,1.555176,-0.011239,0.024232
7.300000,0.007016,0.036907,0.003784,-1.221764,-0.887248,1.581759,-1.491425,0.003081,-0.015574,-0.714526,-0.645363,-0.864876,1.561077,-0.007634,0.026647
7.333333,0.009062,0.021367,0.011305,-1.236310,-0.888993,1.538252,-1.512416,0.008486,-0.013549,-0.701878,-0.665452,-0.797409,1.564434,-0.000230,0.020020
7.366667,0.023767,0.015839,0.009840,-1.230844,-0.892145,1.476174,-1.511489,0.005613,-0.009387,-0.702496,-0.677099,-0.714693,1.569381,-0.007021,0.001847
7.400000,0.014545,0.018688,0.006531,-1.214483,-0.900859,1.411922,-1.518067,0.012375,-0.006209,-0.676949,-0.680485,-0.633706,1.570000,-0.008158,0.002884
7.433333,0.010863,0.017314,0.012052,-1.180752,-0.908155,1.352362,-1.526054,0.004730,-0.011058,-0.652572,-0.669953,-0.573002,1.561027,0.008545,0.000734
7.466667,0.019156,0.020105,0.013732,-1.124870,-0.894504,1.286343,-1.510878,0.012804,-0.001267,-0.625266,-0.676143,-0.507718,1.546243,0.002278,0.008287
7.500000,0.024953,0.026102,0.013836,-1.043254,-0.897100,1.213415,-1.515193,0.009342,-0.010392,-0.589906,-0.670792,-0.442435,1.535126,0.000414,0.013807
7.533333,0.007148,0.031411,0.002718,-0.949811,-0.907900,1.140487,-1.524949,0.005920,-0.015627,-0.531556,-0.654866,-0.375340,1.529283,0.008212,0.028306
7.566667,0.000445,0.042827,0.000866,-0.890659,-0.890210,1.067559,-1.524949,0.003142,-0.001614,-0.501728,-0.649917,-0.311928,1.529283,0.004646,0.040418
7.600000,0.000302,0.046081,0.000060,-0.831507,-0.880750,0.979013,-1.536059,0.003069,0.005577,-0.474850,-0.669576,-0.252612,1.538256,0.004842,0.051957
7.633333,-0.015752,0.039149,-0.007411,-0.772355,-0.883608,0.879013,-1.558995,0.002003,-0.004055,-0.453247,-0.674593,-0.192314,1.543380,0.013606,0.041271
7.666667,-0.012056,0.037717,-0.025216,-0.720960,-0.866540,0.779013,-1.552133,0.012497,0.003939,-0.439779,-0.686944,-0.162485,1.554497,0.018671,0.038333
7.700000,-0.004414,0.037305,-0.011792,-0.698959,-0.845967,0.679013,-1.552133,0.016032,0.004345,-0.444527,-0.703905,-0.145600,1.560340,0.024698,0.038963
7.733333,0.004137,0.024417,-0.009009,-0.642197,-0.838307,0.579013,-1.552133,0.017540,-0.006456,-0.442366,-0.710736,-0.135341,1.547961,0.028523,0.025667
7.766667,0.000711,0.026760,-0.013258,-0.612595,-0.850962,0.479013,-1.547381,0.017295,-0.004885,-0.444192,-0.704712,-0.122271,1.547961,0.030290,0.022462
7.800000,0.004473,0.026978,-0.006264,-0.604092,-0.851602,0.379013,-1.547381,0.012817,-0.003442,-0.439769,-0.706318,-0.123192,1.554967,0.030967,0.023654
7.833333,-0.001293,0.027062,0.007121,-0.613500,-0.851300,0.292318,-1.556514,0.002407,-0.003657,-0.446871,-0.696565,-0.120652,1.541992,0.031083,0.025770
7.866667,-0.011466,0.031484,0.004499,-0.609012,-0.845564,0.222403,-1.544033,0.004253,0.004453,-0.444244,-0.688563,-0.125583,1.533838,0.022997,0.014795
7.900000,-0.016054,0.033226,0.006761,-0.615347,-0.858650,0.187172,-1.544033,0.005981,0.002881,-0.444957,-0.686267,-0.134830,1.545018,0.020898,0.016384
7.933333,-0.017838,0.027294,0.012248,-0.618653,-0.847586,0.153536,-1.555854,0.011228,-0.000470,-0.447941,-0.698981,-0.134924,1.544489,0.021666,0.017480
7.966667,-0.018500,0.036775,0.002889,-0.612152,-0.855079,0.132579,-1.555854,0.010137,0.003853,-0.465535,-0.703566,-0.133189,1.547144,0.011539,0.022815
8.000000,-0.025711,0.036112,-0.001788,-0.596938,-0.869898,0.129255,-1.557107,0.013187,-0.000594,-0.461019,-0.715467,-0.122951,1.555085,0.006874,0.019513
8.033333,-0.007765,0.030998,-0.002869,-0.586196,-0.880949,0.111325,-1.568540,0.005701,-0.009509,-0.470980,-0.743011,-0.106760,1.563239,0.004116,0.017782
8.066667,-0.002057,0.031569,-0.011666,-0.583669,-0.871760,0.086924,-1.568540,0.006088,-0.001824,-0.476085,-0.767893,-0.087747,1.564437,-0.014809,0.021714
8.100000,0.001398,0.032125,-0.015795,-0.566993,-0.886720,0.076364,-1.567578,0.002886,-0.010650,-0.459448,-0.771972,-0.079826,1.560315,-0.022266,0.022165
8.133333,0.002304,0.022426,-0.010140,-0.555177,-0.884583,0.085143,-1.561499,-0.002009,-0.015717,-0.444499,-0.785341,-0.077042,1.552749,-0.012438,0.009470
8.166667,0.013627,0.019163,-0.010324,-0.555759,-0.886098,0.070604,-1.561499,-0.008466,-0.023477,-0.443130,-0.800949,-0.062887,1.550399,-0.017930,0.006567
8.200000,0.008091,0.017675,-0.007842,-0.551552,-0.905308,0.069633,-1.562547,-0.002286,-0.020938,-0.430146,-0.814549,-0.052928,1.549184,-0.009983,0.013584
8.233333,0.004948,0.023546,0.004488,-0.537840,-0.930620,0.080451,-1.551879,0.001088,-0.026159,-0.417752,-0.818251,-0.047686,1.546822,0.009948,0.012727
8.266667,0.023416,0.035740,0.012948,-0.554145,-0.935668,0.106954,-1.524319,0.007256,-0.002019,-0.404925,-0.848569,-0.033224,1.551473,0.006497,0.018106
8.300000,0.026502,0.041041,0.020480,-0.573949,-0.969198,0.115661,-1.521463,0.010828,0.003933,-0.395204,-0.864934,-0.015014,1.555128,0.003498,0.024449
8.333333,0.018073,0.043695,0.011760,-0.582402,-0.985834,0.146624,-1.521463,0.023402,0.011846,-0.382069,-0.869557,0.000305,1.562512,0.010152,0.030528
8.366667,0.013724,0.055840,0.012489,-0.614827,-1.008890,0.201845,-1.503051,0.014426,0.022986,-0.381020,-0.865328,-0.003663,1.563727,0.010717,0.037385
8.400000,0.016199,0.049530,0.011646,-0.672481,-1.054350,0.257065,-1.509876,0.005667,0.018239,-0.381740,-0.853724,-0.001296,1.566089,0.011021,0.035325
8.433333,-0.000167,0.043256,0.000015,-0.709073,-1.112381,0.321163,-1.521584,-0.000286,0.002026,-0.401484,-0.815092,-0.007427,1.561768,0.023273,0.031800
8.466667,-0.006322,0.046105,-0.009723,-0.735171,-1.156684,0.411040,-1.514571,0.001679,-0.004521,-0.389759,-0.792843,-0.020564,1.560600,0.019380,0.042647
8.500000,-0.008795,0.044391,0.002590,-0.751959,-1.220694,0.511040,-1.478624,-0.004162,-0.004410,-0.385511,-0.781519,-0.030279,1.551091,0.018503,0.038601
8.533333,-0.006686,0.038020,-0.000893,-0.728747,-1.272633,0.611040,-1.441089,0.003755,-0.011201,-0.360734,-0.789225,-0.037573,1.521581,0.014649,0.031518
8.566667,-0.011290,0.034704,-0.003032,-0.695578,-1.314469,0.711040,-1.372857,0.011045,-0.002970,-0.323565,-0.814799,-0.060896,1.472071,0.004399,0.036687
8.600000,-0.017611,0.026455,0.000924,-0.657099,-1.330867,0.811040,-1.300254,0.008853,-0.010010,-0.276136,-0.868272,-0.072211,1.406883,-0.002889,0.028441
8.633333,-0.015469,0.021292,0.008987,-0.636757,-1.322364,0.911040,-1.226929,0.004850,-0.006488,-0.257414,-0.910129,-0.087249,1.322452,0.000006,0.012210
8.666667,-0.015016,0.025116,0.002512,-0.624382,-1.302229,1.011040,-1.172493,0.006496,-0.001455,-0.245152,-0.958815,-0.114110,1.222452,-0.005916,0.006426
8.700000,-0.016858,0.020060,0.004142,-0.628195,-1.294165,1.078060,-1.142301,0.003719,-0.008605,-0.226233,-0.994853,-0.114904,1.122452,-0.004188,0.007467
8.733333,-0.007829,0.019247,-0.004020,-0.614699,-1.273201,1.135186,-1.117683,-0.000672,-0.014538,-0.237249,-1.037381,-0.121329,1.055440,0.000494,-0.000821
8.766667,-0.003976,0.023029,-0.013554,-0.616633,-1.284756,1.155230,-1.130821,-0.001166,-0.016800,-0.248475,-1.042695,-0.146579,1.028428,0.001517,0.005114
8.800000,-0.006440,0.025324,-0.015378,-0.620012,-1.311608,1.168235,-1.163400,-0.002017,-0.018659,-0.268379,-1.043242,-0.177635,1.041415,0.000566,0.008350
8.833333,-0.007900,0.023186,-0.006481,-0.632587,-1.323291,1.160830,-1.207957,-0.001221,-0.025952,-0.301382,-1.003788,-0.230266,1.094403,-0.004049,0.021144
8.866667,-0.005417,0.034416,-0.002976,-0.666448,-1.321602,1.157473,-1.234713,-0.001505,-0.016643,-0.372741,-0.943788,-0.313441,1.187391,-0.007939,0.023125
8.900000,-0.013674,0.040474,0.007694,-0.687574,-1.336748,1.151217,-1.256775,-0.005222,-0.019450,-0.444101,-0.843788,-0.403039,1.287391,-0.004089,0.023870
8.933333,-0.015386,0.040156,0.019631,-0.689442,-1.332506,1.162042,-1.258837,-0.005992,-0.017111,-0.544101,-0.743788,-0.503039,1.383913,-0.003154,0.018211
8.966667,-0.007750,0.034875,0.022700,-0.662570,-1.312967,1.139906,-1.245752,0.005924,-0.018085,-0.604101,-0.683788,-0.601651,1.440435,0.005236,0.013701
9.000000,0.001334,0.033277,0.022117,-0.609844,-1.299456,1.098181,-1.224832,0.004185,-0.008282,-0.624101,-0.663788,-0.676851,1.491706,0.007124,0.007412
9.033333,0.002132,0.023226,0.017900,-0.519643,-1.279016,1.045386,-1.220212,0.003916,-0.015882,-0.604101,-0.683788,-0.726316,1.525973,0.012445,-0.001032
9.066667,-0.001494,0.022382,0.009657,-0.432417,-1.245432,0.965386,-1.225696,0.003402,-0.009759,-0.544101,-0.743788,-0.766811,1.542495,0.016526,-0.006117
9.100000,0.002314,0.019688,0.002225,-0.351090,-1.203731,0.865386,-1.222044,-0.004114,-0.008092,-0.444101,-0.843788,-0.789607,1.539029,0.015106,-0.004953
9.133333,-0.003517,0.023379,-0.002795,-0.290939,-1.197144,0.765386,-1.214041,-0.016047,-0.006677,-0.352794,-0.929949,-0.780419,1.555208,0.008896,-0.003446
9.166667,-0.022476,0.024919,-0.021466,-0.235518,-1.201409,0.671831,-1.186121,-0.012954,-0.022454,-0.282957,-0.978000,-0.777016,1.556987,0.016626,-0.010609
9.200000,-0.022102,0.027110,-0.027473,-0.220097,-1.197665,0.595621,-1.155159,-0.010776,-0.022700,-0.225812,-1.026052,-0.795464,1.558112,0.022209,0.001446
9.233333,-0.017385,0.024780,-0.022491,-0.212345,-1.209813,0.519949,-1.133781,-0.011121,-0.028626,-0.197375,-1.054152,-0.782883,1.553442,0.014768,0.003648
9.266667,-0.022050,0.026763,-0.029282,-0.188893,-1.240694,0.444278,-1.115456,-0.001663,-0.038586,-0.172351,-1.043682,-0.756239,1.544170,0.005803,0.007644
9.300000,-0.024398,0.037000,-0.029658,-0.184267,-1.246366,0.408607,-1.097108,0.000455,-0.030575,-0.175564,-1.047051,-0.762966,1.547991,0.005944,0.019262
9.333333,-0.010851,0.035605,-0.013355,-0.197207,-1.253967,0.385312,-1.093426,-0.008382,-0.022935,-0.174941,-1.065956,-0.759424,1.541950,0.003363,0.019769
9.366667,-0.004831,0.033355,-0.007613,-0.190207,-1.249877,0.359926,-1.070043,-0.000573,-0.011015,-0.185171,-1.059133,-0.745210,1.521608,-0.013962,0.008067
9.400000,-0.002468,0.046417,-0.006476,-0.191930,-1.249205,0.361570,-1.055692,-0.004604,-0.008441,-0.172721,-1.034119,-0.767073,1.507744,-0.020583,0.019987
9.433333,0.000081,0.044146,0.005031,-0.218524,-1.238167,0.383142,-1.049476,-0.008244,0.000744,-0.188968,-1.047674,-0.781809,1.513698,-0.010703,0.009143
9.466667,0.008180,0.037158,0.008457,-0.222874,-1.231087,0.387277,-1.049280,-0.009298,-0.006575,-0.208234,-1.045513,-0.780765,1.503572,-0.004889,-0.000934
9.500000,0.011218,0.036314,0.007349,-0.237060,-1.239132,0.393965,-1.055815,-0.010177,-0.002203,-0.216258,-1.026975,-0.800520,1.501384,-0.001659,0.013899
9.533333,0.007574,0.036662,0.009599,-0.245726,-1.263026,0.406619,-1.076808,-0.021753,-0.012112,-0.216986,-1.032399,-0.797554,1.517846,0.008135,0.015623
9.566667,0.013200,0.028847,0.013082,-0.260942,-1.266547,0.409221,-1.087560,-0.009590,-0.004403,-0.235453,-1.068278,-0.777699,1.536381,0.017896,0.006722
9.600000,0.016970,0.031605,0.020104,-0.272921,-1.274260,0.415103,-1.092569,-0.003441,0.007897,-0.250791,-1.082224,-0.788746,1.543164,0.012547,0.011654
9.633333,0.012508,0.027341,0.018728,-0.280668,-1.273061,0.420292,-1.103550,-0.005356,0.009038,-0.229995,-1.071886,-0.789803,1.542702,0.005880,0.013104
9.666667,0.012955,0.028777,0.020741,-0.274162,-1.255217,0.444108,-1.094535,-0.002451,0.010901,-0.242809,-1.081980,-0.782220,1.554404,-0.000065,-0.004423
9.700000,0.019679,0.026162,0.017736,-0.275180,-1.236826,0.464570,-1.111062,-0.004649,-0.000794,-0.261581,-1.079983,-0.795510,1.559412,0.001049,-0.005727
9.733333,0.013710,0.020361,0.015236,-0.277261,-1.227605,0.492241,-1.132300,-0.013414,-0.007132,-0.263729,-1.052562,-0.806559,1.551698,0.001576,-0.004208
9.766667,0.007927,0.020400,0.003235,-0.273557,-1.196491,0.536701,-1.150176,-0.011733,-0.010318,-0.253691,-1.008348,-0.799290,1.543401,-0.003665,-0.001689
9.800000,0.006260,0.027129,0.005801,-0.296329,-1.170623,0.599292,-1.175579,-0.008399,-0.000018,-0.258803,-0.996776,-0.801390,1.545292,-0.000623,0.006276
9.833333,0.001525,0.022203,0.002409,-0.341221,-1.154815,0.661883,-1.236468,-0.008617,-0.007146,-0.255605,-0.982868,-0.804925,1.545292,0.005224,0.012221
9.866667,-0.013083,0.019914,-0.006257,-0.399711,-1.131249,0.746608,-1.280198,0.002919,-0.002284,-0.244949,-0.942814,-0.805576,1.545292,0.011582,0.020250
9.900000,-0.011602,0.029497,-0.008347,-0.471222,-1.086523,0.846608,-1.332760,0.004022,-0.007444,-0.258636,-0.931708,-0.824192,1.553005,0.015824,0.019496
9.933333,-0.012895,0.026710,-0.005380,-0.566884,-1.049106,0.946608,-1.398277,-0.001966,-0.019209,-0.284542,-0.919328,-0.843913,1.557212,0.028599,0.013087
9.966667,-0.016390,0.026089,-0.021875,-0.662546,-1.001491,1.046608,-1.449152,0.008171,-0.026826,-0.328392,-0.902979,-0.865512,1.565910,0.036802,0.004992
10.000000,-0.010292,0.033285,-0.024349,-0.758208,-0.941434,1.146608,-1.480887,0.008775,-0.019771,-0.340834,-0.869838,-0.901414,1.565910,0.041598,0.010631
10.033333,-0.004146,0.039537,-0.018000,-0.858208,-0.905374,1.246608,-1.506449,-0.000838,-0.011524,-0.364619,-0.861953,-0.927267,1.565910,0.034875,0.000303
10.066667,-0.008592,0.042556,-0.024669,-0.938590,-0.880220,1.346608,-1.521783,-0.008768,-0.002829,-0.380724,-0.829320,-0.940765,1.565910,0.030931,-0.003195
10.100000,-0.005740,0.046315,-0.021498,-1.005642,-0.873218,1.446608,-1.527510,-0.013388,0.001428,-0.393652,-0.816768,-0.977494,1.570000,0.030623,0.007113
10.133333,0.000215,0.042570,-0.006912,-1.061036,-0.866216,1.545008,-1.530586,-0.029157,0.000336,-0.387139,-0.793167,-0.988748,1.570000,0.019374,0.007596
10.166667,-0.003115,0.053289,-0.004515,-1.087041,-0.862467,1.633866,-1.516578,-0.033919,-0.000499,-0.402795,-0.777459,-0.985160,1.570000,0.006252,0.007713
10.200000,-0.005941,0.052519,-0.000856,-1.100445,-0.847049,1.706911,-1.525902,-0.025930,-0.003916,-0.409818,-0.768938,-0.992702,1.570000,0.002402,0.020046
10.233333,0.006174,0.038411,0.003637,-1.111509,-0.840936,1.743970,-1.529356,-0.020057,-0.013509,-0.427756,-0.789331,-0.977687,1.570000,0.006611,0.019846
10.266667,0.014897,0.038083,-0.001667,-1.113984,-0.828708,1.745054,-1.522051,-0.008007,-0.008702,-0.448843,-0.825050,-0.924639,1.570000,-0.007413,0.011589
10.300000,0.020366,0.037314,-0.006382,-1.100631,-0.856480,1.707737,-1.528040,-0.002259,-0.014135,-0.478943,-0.856482,-0.871592,1.570000,-0.006622,0.015115
10.333333,0.022697,0.021924,-0.000572,-1.086333,-0.894676,1.639964,-1.550252,0.004895,-0.010732,-0.500873,-0.917672,-0.793387,1.570000,0.004676,0.008738
10.366667,0.036164,0.016441,-0.002976,-1.044634,-0.932856,1.548003,-1.552464,0.003117,-0.005819,-0.531659,-0.959557,-0.693387,1.570000,-0.001790,-0.006871
10.400000,0.027715,0.020188,-0.005526,-0.984894,-0.966162,1.452029,-1.554000,0.011885,-0.000560,-0.528377,-0.981629,-0.593387,1.570000,-0.004580,-0.002862
10.433333,0.022520,0.018753,0.000027,-0.907073,-0.979018,1.352028,-1.566052,0.004602,-0.007334,-0.512050,-0.968293,-0.493387,1.570000,0.008494,-0.004136
10.466667,0.029767,0.021680,0.003507,-0.816738,-0.956567,1.252028,-1.555954,0.012480,0.002623,-0.479350,-0.942800,-0.393387,1.567758,0.003413,0.003852
10.500000,0.036269,0.027939,0.005877,-0.716738,-0.937593,1.152028,-1.555954,0.010296,-0.008825,-0.432371,-0.890338,-0.293387,1.566285,0.000935,0.008631
10.533333,0.016955,0.033606,-0.003688,-0.616738,-0.928059,1.052028,-1.555954,0.005735,-0.015770,-0.359074,-0.825144,-0.193387,1.566285,0.009764,0.021690
10.566667,0.009693,0.045334,-0.005992,-0.516738,-0.895803,0.952028,-1.555954,0.002813,-0.004200,-0.309704,-0.778347,-0.093387,1.566285,0.006958,0.032780
10.600000,0.011409,0.049243,-0.006055,-0.416738,-0.891335,0.852028,-1.553125,0.004222,0.005437,-0.263045,-0.755211,-0.002496,1.566285,0.007809,0.040404
10.633333,-0.004903,0.042508,-0.013058,-0.322852,-0.903715,0.752028,-1.563223,0.003395,-0.007009,-0.229549,-0.736498,0.074627,1.564679,0.014218,0.028987
10.666667,-0.004573,0.041784,-0.030841,-0.238973,-0.902902,0.652028,-1.550386,0.011966,-0.000846,-0.208153,-0.738413,0.121522,1.566151,0.016821,0.027568
10.700000,0.002684,0.041899,-0.016423,-0.182324,-0.899559,0.552028,-1.549891,0.015494,0.000914,-0.209474,-0.751046,0.155349,1.566151,0.022636,0.028691
10.733333,0.011269,0.030248,-0.012473,-0.131990,-0.911445,0.452028,-1.546638,0.013485,-0.010759,-0.210173,-0.754678,0.179304,1.560467,0.024644,0.014897
10.766667,0.005803,0.032125,-0.016293,-0.110549,-0.934101,0.352028,-1.533862,0.011940,-0.010671,-0.213637,-0.750584,0.187692,1.560467,0.025447,0.014113
10.800000,0.009846,0.033573,-0.009126,-0.096054,-0.952113,0.252028,-1.533862,0.007381,-0.007799,-0.206263,-0.756907,0.190676,1.564316,0.028024,0.014725
10.833333,0.005396,0.033195,0.003427,-0.101018,-0.971704,0.152028,-1.527491,-0.002770,-0.007220,-0.214189,-0.756134,0.199167,1.563091,0.027504,0.016453
10.866667,-0.003420,0.038273,0.000459,-0.106490,-0.993055,0.071661,-1.489833,-0.000610,0.001735,-0.211234,-0.757170,0.201499,1.563091,0.020735,0.007150
10.900000,-0.008620,0.040290,0.002700,-0.136370,-1.038923,0.031293,-1.465869,0.001979,-0.000075,-0.208734,-0.768486,0.196820,1.568775,0.022316,0.006544
10.933333,-0.008363,0.034964,0.007163,-0.177357,-1.066295,0.030926,-1.456104,0.006248,-0.001584,-0.206284,-0.797571,0.193632,1.568775,0.025077,0.007134
10.966667,-0.009535,0.044610,-0.002513,-0.245284,-1.102834,0.070558,-1.435515,0.005129,0.003881,-0.209980,-0.818209,0.169614,1.568775,0.016614,0.011139
11.000000,-0.018199,0.044431,-0.006734,-0.323744,-1.135449,0.150190,-1.433970,0.006785,0.000142,-0.186276,-0.839465,0.130317,1.564972,0.014189,0.007449
11.033333,-0.003910,0.039235,-0.008225,-0.407322,-1.147993,0.250190,-1.450233,-0.001735,-0.011002,-0.161627,-0.863383,0.070248,1.564972,0.011837,0.003261
11.066667,0.001630,0.037652,-0.015625,-0.490589,-1.128920,0.350190,-1.463517,-0.000985,-0.001592,-0.129544,-0.874111,-0.012938,1.564972,-0.008693,0.007578
11.100000,0.001614,0.037341,-0.018812,-0.549449,-1.124821,0.450190,-1.471429,-0.004250,-0.010214,-0.078938,-0.855756,-0.112938,1.559764,-0.013812,0.007430
11.133333,0.002370,0.025781,-0.013521,-0.582188,-1.097761,0.550190,-1.467412,-0.010237,-0.014595,-0.045094,-0.841254,-0.212938,1.550549,-0.008519,-0.004606
11.166667,0.014545,0.020515,-0.012902,-0.601557,-1.071532,0.650190,-1.480469,-0.016122,-0.021800,-0.024505,-0.831253,-0.304409,1.544600,-0.013796,-0.008233
11.200000,0.012271,0.018403,-0.010593,-0.606380,-1.067678,0.730552,-1.486707,-0.009987,-0.018745,-0.011925,-0.828740,-0.379233,1.542007,-0.009156,-0.001333
11.233333,0.009065,0.024323,0.000237,-0.590113,-1.069168,0.809792,-1.470667,-0.007533,-0.025672,-0.004905,-0.824107,-0.429850,1.537767,0.009857,-0.002240
11.266667,0.028825,0.035931,0.008549,-0.584236,-1.043441,0.852483,-1.443979,-0.001756,-0.003117,0.005055,-0.849581,-0.462590,1.542975,0.006049,0.001936
11.300000,0.030852,0.041334,0.016192,-0.575128,-1.052671,0.859777,-1.440491,0.001011,0.004150,0.015422,-0.863630,-0.479288,1.543767,0.005366,0.008032
11.333333,0.021355,0.045281,0.005675,-0.550477,-1.046206,0.847810,-1.430515,0.011654,0.009167,0.028829,-0.869109,-0.475326,1.554744,0.013063,0.013206
11.366667,0.015761,0.055379,0.006481,-0.536313,-1.043225,0.841634,-1.411456,0.002230,0.018810,0.031828,-0.871166,-0.479584,1.557336,0.014671,0.020708
11.400000,0.017096,0.047741,0.005386,-0.517504,-1.053782,0.800499,-1.425431,-0.005275,0.015210,0.039475,-0.865501,-0.482035,1.556506,0.017625,0.021018
11.433333,-0.000185,0.040817,-0.006886,-0.492870,-1.073498,0.783397,-1.453664,-0.010485,0.001636,0.018087,-0.836492,-0.474501,1.549132,0.024733,0.019239
11.466667,-0.004159,0.043138,-0.016511,-0.480397,-1.072806,0.772839,-1.478285,-0.007860,-0.006466,0.030946,-0.823464,-0.478529,1.554389,0.020773,0.030683
11.500000,-0.006166,0.041047,-0.002389,-0.470971,-1.094325,0.758631,-1.479549,-0.011277,-0.002538,0.028652,-0.819940,-0.478159,1.553282,0.018850,0.030037
11.533333,-0.004784,0.035415,-0.005752,-0.437120,-1.107328,0.734147,-1.498382,-0.003298,-0.006964,0.036432,-0.823723,-0.474592,1.539123,0.017183,0.023721
11.566667,-0.008247,0.033135,-0.006878,-0.436603,-1.123443,0.731970,-1.501361,0.005265,0.003229,0.034153,-0.826295,-0.480524,1.544193,0.007253,0.027524
11.600000,-0.010255,0.026877,-0.002058,-0.430500,-1.125310,0.718203,-1.501278,0.004675,-0.006477,0.045625,-0.837935,-0.486587,1.548630,0.004907,0.018692
11.633333,-0.006635,0.022047,0.006464,-0.430397,-1.109523,0.712125,-1.480481,0.001124,-0.004268,0.023565,-0.838716,-0.493227,1.544038,0.009306,0.002784
11.666667,-0.005682,0.025619,0.000376,-0.437203,-1.087957,0.728958,-1.469976,0.004585,0.000336,-0.001746,-0.846878,-0.513701,1.540674,0.005154,-0.004178
11.700000,-0.005325,0.022205,0.003082,-0.459807,-1.080595,0.740007,-1.466846,0.002583,-0.005485,-0.008763,-0.849174,-0.519005,1.549064,0.005944,-0.007145
11.733333,0.003118,0.021616,-0.005056,-0.455146,-1.058678,0.755395,-1.444723,-0.001567,-0.012593,-0.027826,-0.875847,-0.528619,1.549064,0.009448,-0.017797
11.766667,0.006451,0.024040,-0.014115,-0.466257,-1.071090,0.760227,-1.447208,-0.001568,-0.011972,-0.031606,-0.897321,-0.540609,1.552001,0.009235,-0.013420
11.800000,0.003482,0.025990,-0.016661,-0.475012,-1.091949,0.776848,-1.451818,-0.000853,-0.011784,-0.033371,-0.942206,-0.543319,1.556449,0.006922,-0.009649
11.833333,0.003802,0.021068,-0.009711,-0.487969,-1.094718,0.770224,-1.463390,-0.003221,-0.018114,-0.031112,-0.963664,-0.541120,1.555590,0.002384,0.002183
11.866667,0.006521,0.027919,-0.007237,-0.518510,-1.087693,0.765046,-1.457026,-0.001997,-0.006633,-0.046907,-1.004023,-0.547966,1.561359,-0.001882,0.008161
11.900000,0.001487,0.031883,0.001234,-0.538305,-1.095647,0.762067,-1.471047,-0.005529,-0.008074,-0.046521,-1.016052,-0.556092,1.557782,0.002705,0.011756
11.933333,-0.000025,0.030258,0.010821,-0.545419,-1.085101,0.773751,-1.467384,-0.006102,-0.006138,-0.066135,-1.032829,-0.569575,1.554206,0.004651,0.008761
11.966667,0.003727,0.025611,0.015006,-0.566080,-1.096664,0.794809,-1.445923,0.006212,-0.009276,-0.093540,-1.021072,-0.596238,1.533942,0.013209,0.004028
12.000000,0.009048,0.027111,0.016569,-0.601495,-1.148059,0.839110,-1.418618,0.007256,-0.000362,-0.136350,-1.003055,-0.647565,1.500902,0.014059,-0.002160
12.033333,0.006221,0.020437,0.013349,-0.639157,-1.189414,0.911876,-1.403717,0.007834,-0.009596,-0.200169,-0.970176,-0.716640,1.464445,0.017875,-0.008526
12.066667,-0.001417,0.022378,0.007851,-0.716820,-1.217722,0.991876,-1.380994,0.008751,-0.006096,-0.280169,-0.934018,-0.796640,1.443315,0.019737,-0.012007
12.100000,-0.002087,0.022307,0.003932,-0.798450,-1.237804,1.091876,-1.354986,0.004024,-0.005546,-0.380169,-0.911707,-0.896640,1.405518,0.017592,-0.011739
12.133333,-0.008181,0.025599,-0.001432,-0.865783,-1.259361,1.191876,-1.354441,-0.009808,-0.002653,-0.466532,-0.908775,-0.996640,1.386622,0.010134,-0.008111
12.166667,-0.028419,0.028102,-0.021539,-0.895284,-1.257344,1.291876,-1.342759,-0.007795,-0.018049,-0.532386,-0.900987,-1.096640,1.381312,0.016321,-0.015530
12.200000,-0.029114,0.031777,-0.027842,-0.924786,-1.244871,1.391876,-1.331571,-0.005191,-0.021370,-0.570218,-0.908062,-1.196640,1.371584,0.022449,-0.004758
12.233333,-0.025695,0.028948,-0.023899,-0.926180,-1.251094,1.474000,-1.331925,-0.006282,-0.025765,-0.596209,-0.928909,-1.280118,1.346008,0.016380,-0.002614
12.266667,-0.032861,0.030248,-0.031593,-0.909177,-1.272541,1.520877,-1.333882,0.001881,-0.038593,-0.588328,-0.916767,-1.329760,1.326331,0.004192,0.001724
12.300000,-0.035245,0.040302,-0.031893,-0.906471,-1.273501,1.565331,-1.327238,0.008174,-0.032294,-0.583715,-0.925246,-1.378379,1.327752,0.007975,0.011638
12.333333,-0.021835,0.038660,-0.014238,-0.920693,-1.274929,1.585670,-1.334633,0.002463,-0.027093,-0.577846,-0.950557,-1.397654,1.310655,0.006856,0.016429
12.366667,-0.015984,0.036106,-0.008440,-0.909183,-1.266649,1.574504,-1.319161,0.006891,-0.014049,-0.581749,-0.952605,-1.398110,1.282886,-0.007899,0.005314
12.400000,-0.014784,0.048986,-0.007985,-0.909126,-1.261918,1.574794,-1.308017,0.003027,-0.009642,-0.561880,-0.934611,-1.409152,1.256445,-0.015392,0.017239
12.433333,-0.009235,0.046574,0.003530,-0.927929,-1.252062,1.586434,-1.303385,-0.001033,0.002637,-0.565509,-0.955760,-1.414030,1.250121,-0.003252,0.007322
12.466667,-0.003147,0.039735,0.006276,-0.923456,-1.244313,1.582296,-1.305102,-0.003262,-0.001653,-0.578805,-0.966955,-1.402345,1.216451,-0.002808,-0.002171
12.500000,0.000614,0.038643,0.004490,-0.934186,-1.254999,1.587596,-1.311474,-0.003787,0.003445,-0.579516,-0.957336,-1.410271,1.196950,-0.001578,0.010381
12.533333,-0.002780,0.038812,0.006363,-0.943246,-1.281658,1.598853,-1.328683,-0.012605,-0.005285,-0.569782,-0.970979,-1.397017,1.195595,0.006729,0.011331
12.566667,0.005189,0.031440,0.011071,-0.957806,-1.289903,1.596928,-1.335586,0.000547,-0.002408,-0.580057,-1.016531,-1.372591,1.207453,0.015536,0.000737
12.600000,0.009567,0.033960,0.017263,-0.971768,-1.300464,1.605139,-1.332753,0.007465,0.009503,-0.591020,-1.040150,-1.376159,1.209070,0.008693,0.005559
12.633333,0.006990,0.029733,0.016559,-0.980209,-1.304335,1.605120,-1.334317,0.003813,0.006241,-0.566174,-1.038378,-1.369152,1.198031,0.006542,0.006199
12.666667,0.006824,0.030327,0.018646,-0.963541,-1.291990,1.619778,-1.309848,0.005857,0.007821,-0.575680,-1.059482,-1.357954,1.211805,0.002796,-0.012646
12.700000,0.013176,0.026829,0.016655,-0.959927,-1.282284,1.629992,-1.306241,0.005114,-0.004866,-0.595512,-1.067633,-1.374166,1.215080,0.002066,-0.014217
12.733333,0.005688,0.019342,0.014343,-0.951018,-1.278969,1.631838,-1.304679,-0.003698,-0.008518,-0.596368,-1.048770,-1.380041,1.200446,0.003934,-0.013071
12.766667,-0.001018,0.019342,0.003435,-0.921350,-1.260806,1.629507,-1.288024,-0.002606,-0.011881,-0.583587,-1.017915,-1.374554,1.190848,-0.001405,-0.011731
12.800000,-0.002174,0.026275,0.006115,-0.920479,-1.254348,1.634242,-1.273787,0.003214,-0.000047,-0.583647,-1.017670,-1.377235,1.198652,-0.002222,-0.004004
12.833333,-0.006617,0.021434,0.002111,-0.920901,-1.260617,1.612431,-1.287307,0.003469,-0.007517,-0.573852,-1.015348,-1.377789,1.199550,0.002201,0.002553
12.866667,-0.018484,0.018861,-0.006998,-0.900791,-1.265039,1.594892,-1.282552,0.015680,-0.003693,-0.551101,-0.985979,-1.368323,1.216828,0.009606,0.011227
12.900000,-0.016547,0.029020,-0.009213,-0.889323,-1.268690,1.591201,-1.277195,0.019043,-0.007440,-0.549295,-0.989593,-1.380518,1.248793,0.011311,0.013961
12.933333,-0.018216,0.027499,-0.005987,-0.896338,-1.279304,1.570768,-1.293758,0.011481,-0.021969,-0.553115,-0.987743,-1.377569,1.262644,0.024649,0.008995
12.966667,-0.019851,0.027713,-0.022582,-0.885729,-1.271254,1.565987,-1.303264,0.018750,-0.026909,-0.576372,-0.988108,-1.375657,1.299093,0.034881,0.000168
13.000000,-0.014302,0.036587,-0.024087,-0.878534,-1.259650,1.555407,-1.297295,0.017514,-0.019841,-0.570879,-0.973390,-1.389796,1.333018,0.036367,0.006028
13.033333,-0.009624,0.043007,-0.016938,-0.876908,-1.267131,1.530547,-1.293312,0.007003,-0.011711,-0.583399,-0.985225,-1.392807,1.347895,0.027170,-0.004169
13.066667,-0.014654,0.047396,-0.022847,-0.851545,-1.272639,1.491821,-1.290246,-0.003629,-0.005627,-0.594184,-0.970560,-1.387505,1.369018,0.024278,-0.010909
13.100000,-0.012653,0.050937,-0.019841,-0.838533,-1.286210,1.487773,-1.282413,-0.006909,0.002007,-0.605820,-0.972810,-1.414884,1.407207,0.023734,-0.000156
13.133333,-0.010887,0.047019,-0.003636,-0.823559,-1.299781,1.447439,-1.273208,-0.020150,0.000649,-0.598492,-0.955033,-1.421216,1.411362,0.010564,0.000623
13.166667,-0.014338,0.057052,-0.000592,-0.807029,-1.301258,1.429375,-1.255773,-0.025681,0.001399,-0.609005,-0.938380,-1.413399,1.407284,-0.001043,0.002976
13.200000,-0.019328,0.057121,0.003612,-0.791901,-1.291204,1.413795,-1.257645,-0.019072,0.001261,-0.599243,-0.927071,-1.418479,1.406152,-0.000907,0.013528
13.233333,-0.005234,0.042642,0.009423,-0.783010,-1.278887,1.386206,-1.253518,-0.012818,-0.009737,-0.586919,-0.940874,-1.397653,1.392561,0.000865,0.014581
13.266667,0.003413,0.041169,0.005079,-0.742548,-1.259139,1.318617,-1.232237,-0.001394,-0.006684,-0.553560,-0.963800,-1.342661,1.378514,-0.017036,0.004544
13.300000,0.009340,0.039471,-0.000112,-0.692656,-1.267170,1.251027,-1.218014,0.002636,-0.011816,-0.510162,-0.980804,-1.287669,1.362660,-0.017045,0.008271
13.333333,0.012651,0.023069,0.006169,-0.652264,-1.276303,1.153511,-1.211076,0.012738,-0.010358,-0.456456,-1.029492,-1.206826,1.349159,-0.007869,0.000144
13.366667,0.027128,0.016579,0.004213,-0.613671,-1.279642,1.053511,-1.185145,0.011007,-0.007869,-0.427839,-1.064921,-1.106826,1.358083,-0.018036,-0.016846
13.400000,0.017617,0.018530,0.001096,-0.568081,-1.290473,0.962830,-1.166262,0.017548,0.001143,-0.377157,-1.095304,-1.006826,1.346001,-0.019792,-0.015062
13.433333,0.013865,0.017816,0.005986,-0.526696,-1.291131,0.904036,-1.147378,0.010027,-0.004194,-0.340864,-1.100346,-0.933096,1.311280,-0.004816,-0.015287
13.466667,0.022308,0.020617,0.009613,-0.489131,-1.269875,0.885242,-1.111655,0.018217,0.003710,-0.321084,-1.107772,-0.892414,1.287282,-0.010199,-0.006972
13.500000,0.028012,0.027388,0.010900,-0.466392,-1.268850,0.866448,-1.102753,0.014366,-0.004792,-0.310637,-1.098753,-0.875744,1.268957,-0.010177,-0.003571
13.533333,0.009951,0.032956,0.000866,-0.452672,-1.281473,0.867399,-1.110311,0.009946,-0.010887,-0.281235,-1.072478,-0.882028,1.244640,-0.002480,0.011112
13.566667,0.002715,0.045147,-0.002005,-0.471257,-1.263635,0.899031,-1.125393,0.006812,-0.001808,-0.287073,-1.050143,-0.921518,1.260323,-0.005562,0.023392
13.600000,0.004664,0.047935,-0.002030,-0.506142,-1.266708,0.928381,-1.140475,0.006628,0.008623,-0.305186,-1.049938,-0.974738,1.297439,-0.004981,0.030070
13.633333,-0.009786,0.041127,-0.009552,-0.539404,-1.280143,0.937613,-1.174541,0.005689,-0.002332,-0.327997,-1.037076,-1.006077,1.329716,0.003838,0.018641
13.666667,-0.009762,0.039525,-0.027009,-0.556091,-1.274638,0.986845,-1.181453,0.012270,0.003279,-0.351522,-1.034352,-1.053404,1.372379,0.006613,0.018448
13.700000,-0.002474,0.039450,-0.014141,-0.584742,-1.263186,1.044482,-1.188971,0.015795,0.005586,-0.389335,-1.037111,-1.104691,1.398976,0.014461,0.019170
13.733333,0.005167,0.028415,-0.010923,-0.583778,-1.264414,1.075518,-1.183518,0.015822,-0.005795,-0.422001,-1.029087,-1.142444,1.395420,0.017360,0.003585
13.766667,-0.001253,0.030779,-0.015801,-0.596590,-1.276679,1.116947,-1.190668,0.014752,-0.006757,-0.452049,-1.009214,-1.161892,1.410432,0.018723,0.003612
13.800000,0.003003,0.032289,-0.008782,-0.624395,-1.284714,1.171235,-1.207021,0.007912,-0.003884,-0.476411,-1.000500,-1.210172,1.430242,0.018405,0.003544
13.833333,0.000441,0.032861,0.004587,-0.666443,-1.284346,1.213761,-1.226635,-0.001834,-0.005254,-0.516925,-0.976644,-1.258453,1.423193,0.018683,0.005263
13.866667,-0.008836,0.038094,0.002329,-0.697580,-1.276109,1.257357,-1.223627,-0.000718,0.000903,-0.547870,-0.952201,-1.312439,1.426163,0.012208,-0.005793
13.900000,-0.012961,0.039583,0.005297,-0.739293,-1.288342,1.327554,-1.239802,-0.000383,-0.000212,-0.578515,-0.933219,-1.370729,1.445836,0.011940,-0.004105
13.933333,-0.012200,0.033713,0.011205,-0.777835,-1.275080,1.375647,-1.261543,0.003973,-0.002465,-0.613686,-0.930510,-1.424403,1.449035,0.014967,-0.005368
13.966667,-0.014499,0.043284,0.001899,-0.805237,-1.276614,1.414282,-1.269327,0.003045,0.001492,-0.658610,-0.916866,-1.470157,1.469196,0.008239,-0.001598
14.000000,-0.023154,0.042857,-0.003684,-0.819117,-1.286380,1.456792,-1.281729,0.005530,-0.001595,-0.672439,-0.911656,-1.494314,1.480929,0.004437,-0.005395
14.033333,-0.005341,0.038600,-0.005250,-0.830829,-1.291368,1.479708,-1.301258,-0.000801,-0.011219,-0.701209,-0.923650,-1.506761,1.495553,-0.000632,-0.008249
14.066667,0.001139,0.038920,-0.014018,-0.851035,-1.273653,1.492888,-1.305953,0.001594,-0.002813,-0.720166,-0.933044,-1.512397,1.512830,-0.021839,-0.002744
14.100000,0.001866,0.040321,-0.017667,-0.851508,-1.280498,1.505640,-1.307981,-0.001471,-0.011351,-0.713517,-0.923452,-1.525442,1.509298,-0.028358,-0.001294
14.133333,0.003627,0.029241,-0.012487,-0.850332,-1.262608,1.516732,-1.299847,-0.006653,-0.016966,-0.704006,-0.923723,-1.522678,1.488824,-0.021867,-0.011368
14.166667,0.014505,0.025794,-0.011116,-0.860607,-1.244809,1.514922,-1.307539,-0.011691,-0.024637,-0.709419,-0.929803,-1.520189,1.482799,-0.025321,-0.014353
14.200000,0.008575,0.023760,-0.008648,-0.865586,-1.245513,1.520757,-1.311379,-0.008019,-0.023208,-0.700695,-0.934896,-1.521318,1.476241,-0.016178,-0.005464
14.233333,0.004643,0.029181,0.002839,-0.851418,-1.248100,1.536328,-1.296944,-0.005506,-0.029994,-0.689536,-0.933406,-1.514103,1.460704,0.005457,-0.007684
14.266667,0.024378,0.041487,0.011323,-0.858357,-1.226117,1.546914,-1.267007,0.001495,-0.007377,-0.674454,-0.961033,-1.505764,1.476737,0.002040,-0.004305
14.300000,0.024277,0.047285,0.019047,-0.861730,-1.240344,1.537912,-1.261188,0.005344,-0.001463,-0.662398,-0.977316,-1.498943,1.479793,0.001094,0.001715
14.333333,0.014848,0.049359,0.008488,-0.845327,-1.238995,1.535055,-1.251440,0.018128,0.004718,-0.643013,-0.982775,-1.488403,1.498706,0.007514,0.006667
14.366667,0.010111,0.059118,0.009170,-0.845820,-1.236090,1.540462,-1.229550,0.010337,0.016179,-0.629376,-0.984462,-1.476022,1.517476,0.006731,0.013878
14.400000,0.013001,0.051784,0.008407,-0.840715,-1.251402,1.510070,-1.238993,0.002616,0.012287,-0.615108,-0.980011,-1.467588,1.516843,0.006798,0.013843
14.433333,-0.005089,0.044863,-0.004311,-0.821972,-1.269367,1.489686,-1.268754,-0.002537,-0.001823,-0.621775,-0.947567,-1.439123,1.496830,0.017308,0.012652
14.466667,-0.007937,0.047604,-0.014463,-0.815767,-1.269168,1.484157,-1.290996,-0.000054,-0.005760,-0.601407,-0.933259,-1.432223,1.496171,0.011997,0.024617
14.500000,-0.009785,0.046468,-0.001679,-0.813247,-1.288151,1.468562,-1.290192,-0.005987,-0.002477,-0.596760,-0.929956,-1.418598,1.483083,0.012038,0.023036
14.533333,-0.008221,0.041566,-0.004935,-0.781699,-1.305117,1.446157,-1.307168,0.000764,-0.007006,-0.585271,-0.936079,-1.407073,1.449550,0.012348,0.016170
14.566667,-0.012418,0.038698,-0.006511,-0.781218,-1.318879,1.444098,-1.310876,0.009003,0.004515,-0.583221,-0.937864,-1.403275,1.455196,0.003503,0.019712
14.600000,-0.015314,0.031097,-0.001539,-0.779015,-1.321908,1.434209,-1.307348,0.007807,-0.004656,-0.574286,-0.950224,-1.409869,1.455375,-0.000805,0.011851
14.633333,-0.012359,0.026329,0.007183,-0.776978,-1.304836,1.426088,-1.290292,0.002892,-0.004609,-0.592481,-0.947112,-1.407887,1.451074,0.004899,-0.004350
14.666667,-0.009974,0.029972,0.002214,-0.778670,-1.283483,1.442677,-1.283131,0.005737,-0.000727,-0.605679,-0.951027,-1.415828,1.448053,-0.000681,-0.011281
14.700000,-0.010094,0.025827,0.003684,-0.796171,-1.273623,1.447554,-1.283537,0.004893,-0.005793,-0.605070,-0.941421,-1.408763,1.455382,-0.000197,-0.013272
14.733333,-0.001680,0.025339,-0.004620,-0.789478,-1.251428,1.457087,-1.262031,0.000870,-0.012218,-0.618107,-0.959291,-1.409728,1.462712,0.005081,-0.021429
14.766667,0.002290,0.028262,-0.013985,-0.792940,-1.261306,1.458697,-1.265560,0.000636,-0.011920,-0.615933,-0.962412,-1.411355,1.464033,0.005011,-0.017565
14.800000,-0.000911,0.030681,-0.016298,-0.799635,-1.279014,1.472965,-1.270876,0.003814,-0.012274,-0.602417,-0.979652,-1.400125,1.466357,0.001228,-0.016959
14.833333,-0.002181,0.025992,-0.009562,-0.808240,-1.279054,1.461967,-1.283221,0.003806,-0.018510,-0.591925,-0.969983,-1.388477,1.462511,-0.001720,-0.004859
14.866667,-0.000475,0.033285,-0.006977,-0.836549,-1.266730,1.454297,-1.281681,0.005317,-0.008463,-0.593428,-0.985684,-1.382192,1.481409,-0.004978,-0.000278
14.900000,-0.005895,0.038002,0.001284,-0.853968,-1.269274,1.454903,-1.301985,0.003134,-0.010114,-0.576880,-0.967770,-1.376587,1.462258,-0.001213,0.001503
14.933333,-0.006779,0.037005,0.010107,-0.864111,-1.254616,1.468771,-1.304170,0.004509,-0.006951,-0.580332,-0.964028,-1.376593,1.459675,0.000174,-0.001195
14.966667,0.003596,0.032189,0.012284,-0.886500,-1.232128,1.467898,-1.325616,0.014843,-0.007970,-0.562819,-0.948459,-1.358681,1.439327,0.013172,0.000418
15.000000,0.013418,0.033560,0.012366,-0.927074,-1.209640,1.482203,-1.362404,0.014122,0.001819,-0.519936,-0.931534,-1.323030,1.401278,0.016599,-0.001034
15.033333,0.015380,0.026325,0.007746,-0.967767,-1.159516,1.502894,-1.413022,0.011560,-0.008379,-0.461884,-0.900949,-1.272235,1.323230,0.022451,-0.004354
15.066667,0.012429,0.027636,0.000370,-1.024070,-1.079516,1.512741,-1.458300,0.010318,-0.006111,-0.391630,-0.868813,-1.192235,1.243230,0.029361,-0.006743
15.100000,0.014402,0.026693,-0.005317,-1.075913,-0.979516,1.520216,-1.501129,0.001730,-0.008615,-0.316311,-0.842610,-1.092235,1.143230,0.032084,-0.003629
15.133333,0.008486,0.030599,-0.010461,-1.114918,-0.908997,1.530572,-1.530274,-0.009857,-0.004832,-0.258948,-0.829068,-0.992235,1.043230,0.025122,-0.002109
15.166667,-0.009054,0.033239,-0.030438,-1.116263,-0.854234,1.543990,-1.529585,-0.009029,-0.019419,-0.224416,-0.803791,-0.892235,0.955271,0.030156,-0.010754
15.200000,-0.008643,0.037688,-0.037149,-1.117608,-0.807901,1.566995,-1.530050,-0.003859,-0.021298,-0.200945,-0.792032,-0.792235,0.887902,0.039499,0.001071
15.233333,-0.004497,0.035018,-0.031528,-1.117545,-0.798218,1.564980,-1.536219,-0.005735,-0.025798,-0.195630,-0.792692,-0.692235,0.836322,0.032516,0.006568
15.266667,-0.008319,0.037616,-0.038178,-1.101942,-0.812170,1.546753,-1.543682,0.002765,-0.034451,-0.181899,-0.772205,-0.592235,0.784742,0.021402,0.010021
15.300000,-0.011713,0.048244,-0.039346,-1.099177,-0.808254,1.547537,-1.541813,0.003834,-0.030471,-0.183651,-0.774101,-0.492235,0.768047,0.023531,0.021068
15.333333,0.000189,0.046793,-0.022709,-1.113025,-0.807448,1.532803,-1.549935,-0.001159,-0.025764,-0.180440,-0.803084,-0.392235,0.739312,0.022927,0.025713
15.366667,0.006535,0.044049,-0.016594,-1.098636,-0.798211,1.499805,-1.530312,0.003172,-0.012070,-0.190291,-0.809453,-0.293927,0.689987,0.004671,0.015369
15.400000,0.007167,0.056250,-0.017244,-1.091479,-0.792325,1.497504,-1.520447,-0.000417,-0.007958,-0.180253,-0.800774,-0.226728,0.624872,-0.000316,0.024415
15.433333,0.010885,0.052840,-0.006584,-1.106480,-0.781393,1.508487,-1.513760,-0.003243,0.003042,-0.195128,-0.827309,-0.159529,0.585385,0.009763,0.017163
15.466667,0.016891,0.045760,-0.004045,-1.097581,-0.770655,1.502320,-1.513439,-0.001226,-0.002668,-0.216564,-0.839865,-0.116424,0.519548,0.013218,0.007534
15.500000,0.019254,0.044535,-0.005934,-1.102685,-0.774372,1.502782,-1.518719,-0.002970,0.000518,-0.228167,-0.828871,-0.102781,0.465122,0.015255,0.021191
15.533333,0.014588,0.045063,-0.003044,-1.108636,-0.793050,1.512790,-1.536974,-0.012791,-0.009587,-0.232884,-0.840219,-0.089121,0.432793,0.023812,0.022400
15.566667,0.021942,0.038578,0.002210,-1.120766,-0.792574,1.508107,-1.544759,-0.000901,-0.005532,-0.252740,-0.880594,-0.064700,0.431566,0.029794,0.016743
15.600000,0.025336,0.041244,0.008242,-1.131430,-0.793536,1.514286,-1.543701,0.005038,0.004729,-0.269868,-0.898170,-0.066568,0.420965,0.026387,0.020691
15.633333,0.022808,0.036518,0.007676,-1.137105,-0.795736,1.514167,-1.545202,0.000801,0.004259,-0.252279,-0.894516,-0.064807,0.404693,0.022181,0.022877
15.666667,0.022413,0.037208,0.011126,-1.121858,-0.787608,1.529959,-1.520944,0.005303,0.007004,-0.264827,-0.915747,-0.059040,0.417008,0.019077,0.003646
15.700000,0.029866,0.033278,0.008418,-1.119619,-0.781243,1.538304,-1.520866,0.004976,-0.005487,-0.275437,-0.924756,-0.067420,0.426066,0.020291,0.000459
15.733333,0.023601,0.026552,0.005554,-1.110088,-0.787773,1.542998,-1.515582,-0.002227,-0.012082,-0.272698,-0.912859,-0.077320,0.419986,0.023623,-0.001631
15.766667,0.017077,0.027248,-0.004909,-1.083861,-0.785985,1.546067,-1.497120,-0.002332,-0.015390,-0.254299,-0.893492,-0.077857,0.425543,0.017533,-0.000544
15.800000,0.014561,0.033899,-0.001384,-1.086524,-0.791753,1.553828,-1.484427,0.002230,-0.004250,-0.242488,-0.906525,-0.076790,0.450237,0.018256,0.007072
15.833333,0.011931,0.028917,-0.005242,-1.088595,-0.806267,1.537616,-1.500292,0.002319,-0.010779,-0.222363,-0.911630,-0.073092,0.466087,0.023331,0.012320
15.866667,-0.000882,0.025407,-0.014149,-1.071210,-0.824643,1.527572,-1.490211,0.013635,-0.006896,-0.196278,-0.889372,-0.074547,0.495654,0.029382,0.021467
15.900000,-0.001066,0.033861,-0.016434,-1.065855,-0.834807,1.526798,-1.489523,0.016749,-0.008895,-0.181354,-0.896788,-0.079708,0.532563,0.032240,0.023620
15.933333,-0.002478,0.031261,-0.013515,-1.076688,-0.854370,1.514517,-1.507810,0.012155,-0.022067,-0.175627,-0.902533,-0.074932,0.548127,0.043211,0.019688
15.966667,-0.003276,0.030464,-0.030394,-1.073506,-0.853332,1.521901,-1.517720,0.023636,-0.027916,-0.193571,-0.910459,-0.073279,0.579733,0.050012,0.012010
16.000000,0.001205,0.038123,-0.032547,-1.074791,-0.848914,1.526727,-1.515453,0.022668,-0.021388,-0.181657,-0.906991,-0.084452,0.593034,0.050460,0.020045
16.033333,0.006719,0.045673,-0.025241,-1.085280,-0.860337,1.515243,-1.517891,0.013213,-0.012649,-0.181671,-0.929108,-0.074649,0.579661,0.040713,0.011461
16.066667,0.003771,0.050400,-0.029833,-1.077109,-0.866594,1.500475,-1.517265,0.003854,-0.006788,-0.189512,-0.926196,-0.061712,0.556639,0.034087,0.007009
16.100000,0.006188,0.054067,-0.025518,-1.075559,-0.883148,1.513275,-1.514538,-0.001208,0.000359,-0.198897,-0.935525,-0.081244,0.554790,0.035336,0.015606
16.133333,0.008082,0.050137,-0.009798,-1.071559,-0.899702,1.489990,-1.509101,-0.018327,-0.002636,-0.189752,-0.923500,-0.078793,0.514896,0.024389,0.016773
16.166667,0.004736,0.060252,-0.006796,-1.064628,-0.904971,1.487922,-1.493144,-0.023389,-0.004407,-0.203973,-0.913250,-0.074530,0.485927,0.013412,0.017931
16.200000,0.001484,0.059680,-0.002742,-1.069783,-0.890738,1.509753,-1.501271,-0.016973,-0.007993,-0.210109,-0.904605,-0.090474,0.453155,0.011319,0.027403
16.233333,0.014321,0.045361,0.001322,-1.077607,-0.878320,1.518765,-1.503077,-0.012635,-0.018426,-0.215175,-0.919370,-0.094970,0.435105,0.016199,0.029099
16.266667,0.021386,0.044168,-0.004377,-1.075955,-0.848218,1.507583,-1.491200,0.001065,-0.014277,-0.214713,-0.931869,-0.069408,0.412332,-0.001420,0.020167
16.300000,0.029378,0.042906,-0.009011,-1.075241,-0.848193,1.521855,-1.496105,0.004452,-0.018176,-0.221837,-0.931714,-0.079077,0.410135,0.001367,0.021824
16.333333,0.032638,0.026856,-0.002869,-1.093694,-0.846305,1.520710,-1.512148,0.009225,-0.014690,-0.224743,-0.960686,-0.065740,0.417231,0.010903,0.013838
16.366667,0.044333,0.019878,-0.004967,-1.102387,-0.847859,1.498228,-1.506631,0.005619,-0.009386,-0.244759,-0.976309,-0.047819,0.462249,0.004889,-0.002995
16.400000,0.033492,0.022544,-0.007588,-1.111258,-0.855308,1.504368,-1.513549,0.012947,-0.001431,-0.243505,-0.983545,-0.042489,0.478886,0.004714,-0.003720
16.433333,0.029623,0.021067,-0.002196,-1.102797,-0.858309,1.517971,-1.517274,0.003543,-0.009502,-0.243378,-0.974884,-0.061528,0.483960,0.019664,-0.004224
16.466667,0.034121,0.023853,0.002013,-1.081354,-0.839391,1.541136,-1.491738,0.012530,-0.000937,-0.237673,-0.979236,-0.064770,0.487447,0.012739,0.003338
16.500000,0.038904,0.029761,0.004067,-1.062734,-0.841669,1.545033,-1.487428,0.010292,-0.009529,-0.222856,-0.970486,-0.070739,0.484612,0.012910,0.008002
16.533333,0.020381,0.036059,-0.006189,-1.048182,-0.851741,1.546368,-1.495922,0.005068,-0.016393,-0.186579,-0.949251,-0.077166,0.468863,0.021425,0.020293
16.566667,0.014174,0.046298,-0.008561,-1.056400,-0.833740,1.541867,-1.497143,0.004227,-0.004161,-0.173251,-0.937643,-0.079109,0.493114,0.016770,0.032755
16.600000,0.015938,0.050171,-0.008532,-1.073896,-0.834484,1.521789,-1.498363,0.005583,0.005482,-0.161831,-0.949721,-0.080399,0.530331,0.018780,0.038383
16.633333,0.002231,0.043382,-0.016412,-1.088486,-0.848007,1.473301,-1.520179,0.002135,-0.005670,-0.156043,-0.948016,-0.071206,0.559568,0.027244,0.027443
16.666667,0.004211,0.042289,-0.034371,-1.083675,-0.840971,1.464813,-1.513793,0.011720,0.001920,-0.152114,-0.954217,-0.081925,0.601069,0.029541,0.025327
16.700000,0.013573,0.041458,-0.021063,-1.089803,-0.831510,1.468752,-1.508454,0.018000,0.005153,-0.164823,-0.968952,-0.089354,0.621691,0.036711,0.026548
16.733333,0.022695,0.030400,-0.018300,-1.062141,-0.834976,1.448128,-1.497323,0.012661,-0.005471,-0.170903,-0.970526,-0.091852,0.608031,0.037840,0.013360
16.766667,0.017477,0.032472,-0.023962,-1.051821,-0.850421,1.453573,-1.495224,0.010594,-0.003912,-0.177672,-0.961120,-0.077226,0.609972,0.036202,0.015686
16.800000,0.021744,0.033405,-0.017695,-1.058864,-0.851927,1.459821,-1.504419,0.007773,-0.002504,-0.172492,-0.960717,-0.077765,0.608616,0.036322,0.017419
16.833333,0.017820,0.033545,-0.005430,-1.074773,-0.850307,1.436341,-1.512217,-0.001912,-0.004121,-0.182752,-0.947239,-0.074477,0.578320,0.037989,0.020988
16.866667,0.007427,0.038529,-0.008569,-1.076545,-0.839194,1.420394,-1.495983,-0.000701,0.002635,-0.178642,-0.932718,-0.079755,0.563676,0.029898,0.012084
16.900000,0.000766,0.040574,-0.006002,-1.089028,-0.846396,1.432337,-1.499381,0.004941,-0.000941,-0.176914,-0.923723,-0.080806,0.566816,0.032632,0.011581
16.933333,0.001005,0.034793,0.000985,-1.100562,-0.826197,1.408233,-1.508510,0.008839,-0.004070,-0.179860,-0.929123,-0.083994,0.553095,0.036303,0.012576
16.966667,0.000703,0.044356,-0.007899,-1.101417,-0.824125,1.389605,-1.506446,0.008046,0.001159,-0.198337,-0.925392,-0.082079,0.558641,0.028373,0.014833
17.000000,-0.007272,0.044133,-0.012880,-1.093276,-0.827305,1.388660,-1.514730,0.009266,-0.004745,-0.194396,-0.927598,-0.071360,0.557774,0.024011,0.010343
17.033333,0.008553,0.039758,-0.014250,-1.090482,-0.825193,1.371047,-1.529433,-0.001995,-0.012961,-0.206981,-0.945939,-0.058043,0.559269,0.021235,0.005525
17.066667,0.016267,0.040026,-0.022547,-1.097915,-0.804519,1.344980,-1.534742,-0.002333,-0.004878,-0.216172,-0.964033,-0.050708,0.567691,0.001740,0.010927
17.100000,0.020112,0.040475,-0.026552,-1.088235,-0.810543,1.329856,-1.536676,-0.005256,-0.012560,-0.204683,-0.962395,-0.053609,0.555831,-0.003887,0.007907
17.133333,0.021842,0.029217,-0.021705,-1.077706,-0.795955,1.323023,-1.525120,-0.010215,-0.016307,-0.199142,-0.968174,-0.065317,0.540549,0.003094,-0.001747
17.166667,0.033733,0.025403,-0.020645,-1.083960,-0.778932,1.304115,-1.530309,-0.015057,-0.023192,-0.205389,-0.979371,-0.071438,0.532538,-0.001997,-0.002722
17.200000,0.031901,0.024281,-0.017672,-1.082981,-0.784755,1.298468,-1.533394,-0.006864,-0.021348,-0.202889,-0.989552,-0.079243,0.529135,0.003950,0.007890
17.233333,0.027040,0.028995,-0.006170,-1.066383,-0.792771,1.308022,-1.514243,-0.005470,-0.027389,-0.202560,-0.990255,-0.092340,0.514754,0.024013,0.004983
17.266667,0.044361,0.040390,0.002389,-1.077522,-0.769334,1.331032,-1.486842,0.002817,-0.003832,-0.199572,-1.017765,-0.094646,0.527401,0.016885,0.011797
17.300000,0.044175,0.046193,0.010067,-1.087983,-0.781387,1.342196,-1.484124,0.007325,0.003049,-0.194756,-1.033387,-0.092344,0.519371,0.018071,0.017040
17.333333,0.035966,0.049807,-0.000496,-1.082392,-0.777942,1.361237,-1.476603,0.019806,0.011176,-0.187291,-1.039606,-0.086500,0.525822,0.025292,0.021207
17.366667,0.030016,0.060451,-0.000369,-1.094433,-0.775681,1.403725,-1.458392,0.012274,0.020794,-0.189278,-1.038534,-0.094731,0.543446,0.026111,0.028142
17.400000,0.034477,0.053572,-0.001619,-1.103045,-0.789262,1.423763,-1.472277,0.007298,0.017719,-0.189719,-1.031628,-0.092242,0.541617,0.025870,0.030112
17.433333,0.017096,0.047394,-0.014219,-1.091612,-0.815808,1.445486,-1.499363,0.000111,0.002632,-0.213411,-0.998650,-0.088007,0.515956,0.039097,0.025310
17.466667,0.014165,0.050281,-0.024686,-1.093488,-0.818597,1.475856,-1.517799,0.001290,-0.004576,-0.211017,-0.981332,-0.088792,0.496818,0.031792,0.036483
17.500000,0.011102,0.048780,-0.011294,-1.095477,-0.844009,1.498458,-1.517085,-0.006055,-0.001897,-0.222160,-0.971746,-0.085530,0.468567,0.028437,0.033848
17.533333,0.011647,0.043158,-0.014343,-1.063401,-0.862649,1.499853,-1.535664,0.000099,-0.007346,-0.225422,-0.970271,-0.076792,0.408175,0.027435,0.028686
17.566667,0.006365,0.040675,-0.015429,-1.058082,-0.880499,1.508860,-1.538367,0.007398,0.001469,-0.233965,-0.964767,-0.074783,0.385583,0.016965,0.032483
17.600000,0.003237,0.032956,-0.011380,-1.048773,-0.881906,1.505059,-1.535970,0.005738,-0.008835,-0.232531,-0.965074,-0.070355,0.358310,0.012517,0.027424
17.633333,0.005735,0.028022,-0.003760,-1.036747,-0.867070,1.496523,-1.519537,0.000402,-0.007769,-0.256754,-0.953897,-0.073792,0.341423,0.017972,0.012553
17.666667,0.006989,0.032009,-0.009820,-1.019111,-0.852907,1.512000,-1.507236,0.003850,-0.004968,-0.278382,-0.945443,-0.087545,0.334987,0.013406,0.006787
17.700000,0.006268,0.028277,-0.008334,-1.010892,-0.848613,1.508682,-1.496649,0.001599,-0.009823,-0.281941,-0.923216,-0.081397,0.329753,0.012977,0.003405
17.733333,0.015650,0.028211,-0.017612,-0.969897,-0.830494,1.495462,-1.465203,-0.004619,-0.017229,-0.297838,-0.928590,-0.085601,0.326721,0.016199,-0.005379
17.766667,0.018678,0.031988,-0.027707,-0.916644,-0.848005,1.467250,-1.443292,-0.005051,-0.016291,-0.297144,-0.917914,-0.088943,0.330151,0.013019,-0.002445
17.800000,0.014551,0.034980,-0.029175,-0.839056,-0.889027,1.422509,-1.404067,-0.004754,-0.017452,-0.283525,-0.903062,-0.088580,0.341558,0.008547,-0.000315
17.833333,0.012741,0.029810,-0.021771,-0.752555,-0.906714,1.337769,-1.369308,-0.005526,-0.022827,-0.266601,-0.860579,-0.086123,0.343971,0.004450,0.010088
17.866667,0.014678,0.037811,-0.018460,-0.690170,-0.920734,1.253029,-1.316834,-0.004785,-0.013620,-0.263119,-0.847082,-0.091772,0.377320,-0.001595,0.015306
17.900000,0.007165,0.042509,-0.009924,-0.625704,-0.952152,1.160077,-1.283734,-0.007405,-0.016001,-0.242280,-0.796586,-0.099381,0.373294,0.000584,0.018050
17.933333,0.005695,0.041253,-0.000361,-0.573541,-0.963570,1.087126,-1.249860,-0.006832,-0.015594,-0.241440,-0.766091,-0.114443,0.381435,0.001611,0.016723
17.966667,0.009861,0.034504,0.007342,-0.521378,-0.991478,1.014175,-1.215987,0.007286,-0.015176,-0.228512,-0.775595,-0.109610,0.389239,0.011947,0.012531
18.000000,0.014847,0.034293,0.011990,-0.467457,-1.059386,0.941224,-1.161751,0.008995,-0.005970,-0.221085,-0.818597,-0.099991,0.411553,0.012944,0.007937
18.033333,0.012137,0.024824,0.011986,-0.379761,-1.127216,0.868273,-1.102340,0.010702,-0.013826,-0.209402,-0.861598,-0.085140,0.413778,0.020968,0.000216
18.066667,0.003164,0.024543,0.010699,-0.311198,-1.181175,0.788273,-1.022340,0.012424,-0.007198,-0.200749,-0.911739,-0.074337,0.452571,0.027954,-0.006449
18.100000,0.001497,0.022329,0.009976,-0.247700,-1.222462,0.688273,-0.922340,0.008003,-0.004835,-0.186123,-0.972408,-0.068029,0.477465,0.029880,-0.007536
18.133333,-0.003905,0.026430,0.005151,-0.209852,-1.257505,0.588273,-0.822340,-0.003222,-0.002149,-0.184838,-1.013994,-0.051685,0.491780,0.022507,-0.004623
18.166667,-0.023506,0.028258,-0.014229,-0.176774,-1.266640,0.488273,-0.722340,-0.001603,-0.018136,-0.176872,-1.016913,-0.051169,0.501251,0.029260,-0.012037
18.200000,-0.023538,0.031840,-0.020699,-0.183696,-1.249199,0.388273,-0.622340,0.002130,-0.020078,-0.166671,-1.019832,-0.068947,0.512158,0.035363,-0.000538
18.233333,-0.019225,0.029006,-0.016246,-0.181713,-1.248832,0.288273,-0.535377,0.003370,-0.024795,-0.158448,-1.030062,-0.053142,0.500102,0.029294,0.002776
18.266667,-0.025024,0.030560,-0.021830,-0.162361,-1.266095,0.188273,-0.470600,0.014520,-0.035329,-0.142335,-1.009763,-0.016615,0.500869,0.020821,0.005702
18.300000,-0.028289,0.041410,-0.021930,-0.157359,-1.259234,0.097498,-0.432758,0.018100,-0.029067,-0.136949,-1.008546,-0.017629,0.524785,0.023988,0.016410
18.333333,-0.015524,0.040142,-0.004618,-0.166442,-1.254236,0.023430,-0.416760,0.012242,-0.021463,-0.129496,-1.022492,-0.007326,0.533061,0.022672,0.018855
18.366667,-0.009159,0.037570,0.001580,-0.152091,-1.241477,-0.035783,-0.404839,0.017556,-0.007329,-0.133578,-1.008687,0.007091,0.535631,0.007256,0.008519
18.400000,-0.006586,0.050162,0.002735,-0.147279,-1.232021,-0.066035,-0.417637,0.012138,-0.005118,-0.115569,-0.978218,-0.008579,0.547827,0.001798,0.018893
18.433333,-0.000815,0.048013,0.013835,-0.162988,-1.215647,-0.081956,-0.432731,0.007075,0.006598,-0.120630,-0.987749,-0.021169,0.573172,0.011228,0.011393
18.466667,0.006335,0.040377,0.016376,-0.156585,-1.201123,-0.081483,-0.448989,0.007011,0.001207,-0.132169,-0.983354,-0.020197,0.579044,0.015836,0.002078
18.500000,0.010223,0.039351,0.014223,-0.163557,-1.206612,-0.080246,-0.467118,0.006850,0.005423,-0.130908,-0.962784,-0.033830,0.593734,0.018612,0.015270
18.533333,0.005773,0.039913,0.017293,-0.166615,-1.225328,-0.074097,-0.492552,-0.002047,-0.004657,-0.125393,-0.969963,-0.023587,0.620078,0.026946,0.016083
18.566667,0.013442,0.032977,0.021788,-0.175127,-1.227537,-0.083394,-0.499621,0.010864,0.002321,-0.137428,-1.009067,-0.002770,0.653254,0.032902,0.007946
18.600000,0.016583,0.035618,0.028140,-0.186116,-1.233551,-0.084494,-0.491671,0.018482,0.012159,-0.149931,-1.027650,-0.009131,0.672407,0.029788,0.011201
18.633333,0.013269,0.031356,0.027229,-0.193484,-1.236532,-0.090349,-0.485800,0.014154,0.011068,-0.130731,-1.021268,-0.008696,0.671033,0.023562,0.011731
18.666667,0.013023,0.032568,0.030516,-0.181926,-1.222213,-0.073675,-0.456213,0.016158,0.012157,-0.145883,-1.039529,-0.003303,0.683123,0.019678,-0.006568
18.700000,0.020267,0.029055,0.027669,-0.181153,-1.212601,-0.074100,-0.437582,0.013505,-0.000373,-0.163862,-1.046137,-0.013098,0.676776,0.020107,-0.009195
18.733333,0.013141,0.022300,0.025097,-0.180666,-1.210631,-0.064964,-0.426555,0.005264,-0.006166,-0.167581,-1.029662,-0.025357,0.649858,0.022860,-0.009602
18.766667,0.006333,0.022152,0.013558,-0.163427,-1.194637,-0.050043,-0.406063,0.004454,-0.008488,-0.157755,-1.000592,-0.026393,0.620823,0.015713,-0.007895
18.800000,0.003599,0.029145,0.016168,-0.171921,-1.188766,-0.038800,-0.382466,0.008949,0.002228,-0.159532,-1.007021,-0.024259,0.602797,0.016607,-0.000235
18.833333,-0.000896,0.024155,0.012316,-0.177671,-1.195565,-0.053253,-0.384160,0.010965,-0.004076,-0.151172,-1.010552,-0.020647,0.580186,0.021362,0.005793
18.866667,-0.015182,0.021321,0.002618,-0.168358,-1.201622,-0.049471,-0.380842,0.023109,0.000257,-0.133541,-0.985736,-0.021484,0.575113,0.027156,0.014772
18.900000,-0.014642,0.030917,0.000072,-0.165594,-1.203132,-0.050418,-0.372946,0.024807,-0.004840,-0.130502,-0.991293,-0.021830,0.573577,0.031316,0.017642
18.933333,-0.017492,0.028936,0.003307,-0.177422,-1.213452,-0.065692,-0.384395,0.018593,-0.018527,-0.135465,-0.996565,-0.014541,0.556532,0.041933,0.012860
18.966667,-0.018892,0.028292,-0.013292,-0.174428,-1.205200,-0.058928,-0.395464,0.030286,-0.024915,-0.158086,-1.004929,-0.011011,0.565176,0.049631,0.004136
19.000000,-0.013844,0.036426,-0.015700,-0.175875,-1.195578,-0.055150,-0.395531,0.027498,-0.020146,-0.150843,-0.998246,-0.020073,0.554987,0.052833,0.010738
19.033333,-0.008644,0.043269,-0.007798,-0.183560,-1.202781,-0.072276,-0.391488,0.019411,-0.012301,-0.156351,-1.017247,-0.008594,0.524145,0.044579,0.002772
19.066667,-0.013920,0.047512,-0.012004,-0.171349,-1.207228,-0.086973,-0.395445,0.011577,-0.006169,-0.164042,-1.010653,-0.000678,0.505101,0.039057,-0.001292
19.100000,-0.010782,0.051191,-0.008887,-0.170302,-1.222084,-0.075655,-0.401651,0.007893,0.000459,-0.171625,-1.016447,-0.021452,0.509800,0.040131,0.008624
19.133333,-0.007685,0.047176,0.006481,-0.166345,-1.236940,-0.099990,-0.402317,-0.010001,-0.001618,-0.160310,-0.998708,-0.023190,0.479112,0.029053,0.010383
19.166667,-0.010905,0.056953,0.009090,-0.164615,-1.236615,-0.095641,-0.400219,-0.014232,-0.000803,-0.171105,-0.983174,-0.021131,0.464143,0.016453,0.011923
19.200000,-0.013798,0.056056,0.012668,-0.168014,-1.223767,-0.081240,-0.412225,-0.008175,-0.003797,-0.174596,-0.967962,-0.041889,0.449473,0.015102,0.021381
19.233333,-0.000331,0.041401,0.016049,-0.177964,-1.209282,-0.073503,-0.418722,-0.002787,-0.013197,-0.179706,-0.977642,-0.048935,0.432455,0.018521,0.020311
19.266667,0.007163,0.039772,0.011386,-0.169270,-1.183180,-0.090022,-0.403625,0.009782,-0.011145,-0.181598,-0.988792,-0.028836,0.414808,0.002131,0.011569
19.300000,0.013415,0.038397,0.007236,-0.165281,-1.184390,-0.079041,-0.402952,0.014205,-0.016650,-0.191539,-0.984910,-0.041335,0.407419,0.002758,0.014855
19.333333,0.015874,0.022320,0.013692,-0.174676,-1.188225,-0.088988,-0.408092,0.021068,-0.015657,-0.200039,-1.011808,-0.032494,0.403113,0.013129,0.007220
19.366667,0.028289,0.016374,0.011469,-0.184679,-1.188046,-0.106162,-0.401687,0.017405,-0.012967,-0.226818,-1.025226,-0.016374,0.428483,0.005065,-0.010011
19.400000,0.018804,0.018847,0.008379,-0.189752,-1.194086,-0.103278,-0.395822,0.023094,-0.007419,-0.233417,-1.032654,-0.011664,0.428754,0.002974,-0.008642
19.433333,0.014752,0.018256,0.013152,-0.187967,-1.191343,-0.076140,-0.394432,0.013622,-0.012691,-0.239708,-1.020397,-0.027877,0.405485,0.017772,-0.011334
19.466667,0.021024,0.020797,0.015771,-0.169386,-1.169257,-0.042264,-0.370713,0.021000,-0.003743,-0.240359,-1.024728,-0.030115,0.379874,0.012914,-0.004468
19.500000,0.026918,0.027671,0.017486,-0.153285,-1.166495,-0.027461,-0.365150,0.016776,-0.012135,-0.235374,-1.016910,-0.035564,0.342603,0.011063,0.000420
19.533333,0.009106,0.033452,0.006624,-0.137808,-1.176700,-0.015482,-0.373505,0.010989,-0.017326,-0.208129,-1.000876,-0.040737,0.297250,0.020051,0.013977
19.566667,0.000834,0.044294,0.004755,-0.148551,-1.161011,-0.010176,-0.388777,0.008533,-0.003752,-0.201087,-0.991534,-0.040330,0.291896,0.016061,0.026298
19.600000,0.002711,0.047585,0.004878,-0.162542,-1.166545,-0.024217,-0.399574,0.008392,0.006127,-0.194396,-1.008069,-0.039814,0.310982,0.016552,0.034611
19.633333,-0.011816,0.041033,-0.002934,-0.176020,-1.182916,-0.058358,-0.434584,0.007063,-0.004238,-0.190778,-1.009215,-0.030687,0.337059,0.024265,0.024334
19.666667,-0.009455,0.039467,-0.020913,-0.169134,-1.180029,-0.057068,-0.442112,0.016779,0.002455,-0.183034,-1.017584,-0.038391,0.385350,0.027675,0.022805
19.700000,-0.001591,0.038518,-0.006784,-0.172409,-1.175065,-0.043614,-0.451108,0.021381,0.004248,-0.187485,-1.030217,-0.045362,0.422627,0.033560,0.024107
19.733333,0.009138,0.027756,-0.003561,-0.142202,-1.178949,-0.046739,-0.448074,0.019473,-0.008739,-0.186169,-1.029596,-0.047726,0.430885,0.037558,0.009628
19.766667,0.003648,0.028998,-0.008757,-0.130768,-1.193688,-0.030517,-0.459215,0.018778,-0.008278,-0.184879,-1.017363,-0.036600,0.454704,0.037712,0.009520
19.800000,0.007466,0.029833,-0.001448,-0.128510,-1.200982,-0.028086,-0.471548,0.014297,-0.006442,-0.174996,-1.015255,-0.041146,0.475015,0.039154,0.009616
19.833333,0.002539,0.030025,0.011692,-0.141502,-1.200923,-0.044032,-0.485992,0.004357,-0.006807,-0.180163,-0.999148,-0.040033,0.465874,0.039173,0.011013
19.866667,-0.006273,0.034931,0.009050,-0.141596,-1.190741,-0.051449,-0.478888,0.007063,0.001201,-0.175078,-0.981682,-0.044363,0.460177,0.032223,0.000757
19.900000,-0.011819,0.035827,0.011086,-0.146781,-1.201964,-0.039303,-0.487270,0.010358,0.000174,-0.173965,-0.970019,-0.049629,0.464287,0.032820,0.000878
19.933333,-0.010039,0.030146,0.018003,-0.150736,-1.188805,-0.058521,-0.500269,0.014454,-0.001742,-0.179112,-0.969875,-0.054462,0.451399,0.036217,0.001834
19.966667,-0.010391,0.039757,0.008864,-0.146753,-1.189408,-0.069906,-0.499928,0.012762,0.002590,-0.198885,-0.959315,-0.051753,0.448770,0.027022,0.007067
20.000000,-0.019003,0.039387,0.003462,-0.131031,-1.198087,-0.067268,-0.512377,0.014178,-0.002682,-0.199845,-0.954859,-0.044864,0.435593,0.023126,0.003694
20.033333,-0.002300,0.035307,0.001757,-0.119374,-1.201036,-0.079482,-0.531830,0.004635,-0.013518,-0.215208,-0.965933,-0.035353,0.429135,0.019288,0.001465
20.066667,0.003830,0.036157,-0.006807,-0.122366,-1.182511,-0.092891,-0.545031,0.006163,-0.004603,-0.227132,-0.974280,-0.027832,0.429410,-0.001402,0.007259
20.100000,0.004166,0.036811,-0.011707,-0.109295,-1.186462,-0.095107,-0.559054,0.005201,-0.014026,-0.216951,-0.960843,-0.031219,0.411465,-0.007765,0.006072
20.133333,0.004798,0.026366,-0.007239,-0.102318,-1.168118,-0.078772,-0.570119,0.000504,-0.018870,-0.209622,-0.955954,-0.041087,0.394263,-0.001297,-0.005897
20.166667,0.016500,0.022780,-0.007307,-0.106624,-1.148992,-0.081016,-0.596546,-0.004371,-0.025875,-0.213148,-0.953221,-0.043237,0.391106,-0.006319,-0.008323
20.200000,0.011454,0.020951,-0.005267,-0.106735,-1.149414,-0.071168,-0.620413,0.001935,-0.022733,-0.206007,-0.950642,-0.050583,0.391086,0.000329,-0.001251
20.233333,0.006806,0.026963,0.005989,-0.091890,-1.151493,-0.050611,-0.626464,0.002498,-0.029606,-0.198541,-0.938728,-0.062162,0.386817,0.019641,-0.001964
20.266667,0.025362,0.039277,0.015070,-0.098375,-1.128200,-0.034322,-0.612901,0.007108,-0.006489,-0.189352,-0.954824,-0.064489,0.408078,0.013968,0.002800
20.300000,0.026301,0.045591,0.023082,-0.102297,-1.138996,-0.037462,-0.616986,0.011298,0.000644,-0.182254,-0.960326,-0.064450,0.412720,0.013414,0.009914
20.333333,0.017525,0.049065,0.014520,-0.089173,-1.135928,-0.032769,-0.614849,0.022946,0.006608,-0.170113,-0.957028,-0.064919,0.434173,0.020187,0.016533
20.366667,0.013407,0.060081,0.015463,-0.096698,-1.133265,-0.010099,-0.607992,0.013560,0.016864,-0.166798,-0.946439,-0.074242,0.465705,0.021143,0.023122
20.400000,0.015546,0.052730,0.014882,-0.101470,-1.147963,-0.020508,-0.626510,0.008391,0.013226,-0.160949,-0.928729,-0.076714,0.473964,0.021600,0.022948
20.433333,-0.001379,0.045917,0.001763,-0.094585,-1.167644,-0.011154,-0.668340,0.003595,-0.000786,-0.177019,-0.887871,-0.075977,0.473270,0.033080,0.021023
20.466667,-0.005010,0.047738,-0.008366,-0.096187,-1.170282,-0.004121,-0.700158,0.005927,-0.006789,-0.163494,-0.862334,-0.083118,0.480840,0.027791,0.031488
20.500000,-0.007840,0.045983,0.004288,-0.103291,-1.190936,-0.002406,-0.709748,0.001669,-0.003342,-0.164205,-0.844140,-0.084800,0.478951,0.027170,0.027673
20.533333,-0.006969,0.040248,0.001603,-0.076270,-1.206990,-0.016127,-0.731541,0.010942,-0.007942,-0.157797,-0.835787,-0.082553,0.449069,0.025416,0.023003
20.566667,-0.009714,0.037426,0.000051,-0.074590,-1.222334,-0.012880,-0.738783,0.018144,0.002182,-0.155873,-0.826726,-0.085278,0.459188,0.016052,0.026741
20.600000,-0.011783,0.031202,0.005174,-0.068591,-1.225954,-0.029004,-0.739233,0.017725,-0.006728,-0.144629,-0.823514,-0.086404,0.457976,0.012893,0.019485
20.633333,-0.008216,0.026905,0.014010,-0.066959,-1.209700,-0.032200,-0.727918,0.013535,-0.005602,-0.162274,-0.809479,-0.091824,0.460896,0.019088,0.003749
20.666667,-0.005771,0.030558,0.008250,-0.068290,-1.190013,-0.010410,-0.721991,0.015828,-0.001304,-0.176780,-0.807565,-0.105083,0.464672,0.013855,-0.002510
20.700000,-0.005923,0.026733,0.010072,-0.082988,-1.182172,-0.009092,-0.720557,0.015154,-0.007467,-0.176115,-0.793629,-0.099471,0.470431,0.016181,-0.005295
20.733333,0.003041,0.026239,0.002271,-0.074285,-1.159833,-0.002655,-0.699893,0.012182,-0.014344,-0.191797,-0.807034,-0.102067,0.476190,0.021993,-0.015008
20.766667,0.006291,0.028432,-0.007012,-0.075954,-1.170395,-0.012170,-0.694157,0.011954,-0.014866,-0.191571,-0.811471,-0.100829,0.471923,0.020636,-0.011089
20.800000,0.003284,0.030242,-0.009219,-0.075617,-1.190248,-0.013108,-0.692141,0.013671,-0.015414,-0.184926,-0.827212,-0.089292,0.463172,0.018551,-0.008796
20.833333,0.001350,0.025423,-0.002307,-0.078903,-1.191966,-0.039532,-0.698164,0.013509,-0.021791,-0.177508,-0.817522,-0.074788,0.449544,0.016414,0.003217
20.866667,0.003126,0.033261,-0.000157,-0.103868,-1.183617,-0.057955,-0.688285,0.014069,-0.012088,-0.183055,-0.834407,-0.066875,0.461924,0.011572,0.007466
20.900000,-0.003503,0.037884,0.008171,-0.118343,-1.190269,-0.067282,-0.698916,0.009802,-0.014534,-0.171178,-0.819820,-0.062837,0.435204,0.014506,0.010087
20.933333,-0.005361,0.036982,0.017617,-0.124601,-1.179321,-0.056608,-0.698097,0.009636,-0.012734,-0.179301,-0.818719,-0.068337,0.428485,0.016018,0.006710
20.966667,0.002874,0.033689,0.018553,-0.145578,-1.190522,-0.035986,-0.715334,0.018211,-0.012782,-0.201976,-0.801817,-0.088509,0.446758,0.025634,0.001680
21.000000,0.013762,0.036616,0.018058,-0.183995,-1.241724,0.010121,-0.749320,0.016420,-0.002727,-0.241371,-0.785014,-0.135038,0.487658,0.026897,-0.004420
21.033333,0.014588,0.030540,0.013302,-0.222735,-1.288404,0.088228,-0.813174,0.012081,-0.009040,-0.303947,-0.756237,-0.204962,0.528558,0.034327,-0.010879
21.066667,0.009317,0.034008,0.005022,-0.301474,-1.322110,0.168228,-0.893174,0.011167,-0.005104,-0.383947,-0.725604,-0.284962,0.608558,0.041417,-0.016891
21.100000,0.012078,0.035033,-0.001513,-0.401474,-1.342276,0.268228,-0.993174,0.002005,-0.004238,-0.483947,-0.706482,-0.384962,0.708558,0.041050,-0.018821
21.133333,0.006306,0.039523,-0.005168,-0.501474,-1.364486,0.368228,-1.093174,-0.010795,-0.002275,-0.583947,-0.704717,-0.484962,0.808558,0.033310,-0.015984
21.166667,-0.014539,0.040757,-0.024917,-0.601474,-1.358082,0.468228,-1.193174,-0.009930,-0.018034,-0.659327,-0.688281,-0.572510,0.908558,0.041212,-0.022198
21.200000,-0.014725,0.043461,-0.031195,-0.701474,-1.333368,0.568228,-1.284220,-0.004585,-0.021433,-0.694977,-0.672181,-0.631514,1.008558,0.048129,-0.012733
21.233333,-0.011232,0.040075,-0.026363,-0.783222,-1.327329,0.668228,-1.358390,-0.004819,-0.023525,-0.713706,-0.665142,-0.650518,1.108558,0.041237,-0.010146
21.266667,-0.018250,0.041473,-0.034008,-0.835919,-1.337471,0.768228,-1.410814,0.006056,-0.034122,-0.692434,-0.626591,-0.629523,1.208558,0.035910,-0.004796
21.300000,-0.022462,0.051584,-0.035922,-0.888615,-1.319459,0.868228,-1.443333,0.010274,-0.028798,-0.631163,-0.598847,-0.568527,1.308558,0.040410,0.005555
21.333333,-0.009566,0.050987,-0.019560,-0.927868,-1.307591,0.968228,-1.457950,0.006411,-0.020632,-0.554511,-0.580111,-0.479983,1.396242,0.036691,0.004350
21.366667,-0.002453,0.049070,-0.014437,-0.941321,-1.288908,1.065315,-1.441521,0.014221,-0.006241,-0.484255,-0.545943,-0.379983,1.453569,0.018367,-0.005493
21.400000,-0.000410,0.060932,-0.014055,-0.954854,-1.274411,1.150341,-1.435373,0.010236,-0.003408,-0.393584,-0.496221,-0.279983,1.494087,0.014962,0.005007
21.433333,0.004300,0.058055,-0.002294,-0.977839,-1.255044,1.211181,-1.432901,0.007985,0.008644,-0.332763,-0.486499,-0.179983,1.522840,0.024307,-0.003889
21.466667,0.011731,0.051170,0.000515,-0.976152,-1.246225,1.250395,-1.436301,0.009048,0.003774,-0.311280,-0.476826,-0.094553,1.529414,0.028574,-0.013961
21.500000,0.016401,0.050381,-0.001679,-0.979512,-1.254781,1.267209,-1.443562,0.007764,0.007433,-0.295838,-0.458144,-0.041754,1.527284,0.034139,0.001324
21.533333,0.009631,0.051475,0.001994,-0.979629,-1.279322,1.265366,-1.459724,-0.003097,-0.002385,-0.292408,-0.466533,0.008169,1.541282,0.044029,0.001679
21.566667,0.018572,0.045584,0.007034,-0.984592,-1.286690,1.249117,-1.468152,0.010011,0.002212,-0.310344,-0.503410,0.039696,1.553052,0.050400,-0.007673
21.600000,0.021744,0.048802,0.013927,-0.989426,-1.301120,1.239270,-1.468765,0.015494,0.012408,-0.327925,-0.513470,0.043682,1.556588,0.045959,-0.004488
21.633333,0.017303,0.044540,0.013820,-0.991275,-1.309003,1.224951,-1.468485,0.010541,0.012032,-0.314143,-0.497421,0.038222,1.555712,0.041044,-0.003480
21.666667,0.014705,0.045678,0.017792,-0.972328,-1.301163,1.233032,-1.442245,0.013309,0.011654,-0.334320,-0.507999,0.030748,1.562447,0.035651,-0.020444
21.700000,0.023224,0.042221,0.014279,-0.967919,-1.295597,1.232684,-1.445054,0.011844,0.000002,-0.362424,-0.501154,0.004358,1.563410,0.036000,-0.022299
21.733333,0.014342,0.035464,0.011135,-0.957126,-1.297808,1.235307,-1.442444,0.004015,-0.005451,-0.375706,-0.477195,-0.029252,1.562923,0.037066,-0.021463
21.766667,0.008165,0.035452,0.000432,-0.929361,-1.285088,1.241692,-1.425718,0.003864,-0.008080,-0.389202,-0.452868,-0.075322,1.560277,0.029655,-0.020516
21.800000,0.007393,0.041916,0.003938,-0.929253,-1.282091,1.255376,-1.416993,0.008855,0.002093,-0.434725,-0.466436,-0.137376,1.563808,0.027544,-0.011326
21.833333,0.001946,0.037013,0.000352,-0.927772,-1.292575,1.243885,-1.435245,0.008691,-0.004872,-0.480248,-0.483317,-0.204785,1.563808,0.031188,-0.007067
21.866667,-0.011762,0.031540,-0.007281,-0.903681,-1.302794,1.234807,-1.427837,0.019289,-0.002806,-0.533248,-0.488938,-0.290402,1.563808,0.036518,0.002191
21.900000,-0.010501,0.041204,-0.008483,-0.887650,-1.311054,1.223485,-1.426961,0.019214,-0.008193,-0.617041,-0.523008,-0.390402,1.564295,0.038327,0.006936
21.933333,-0.011700,0.039294,-0.005407,-0.881464,-1.332142,1.186828,-1.443696,0.012638,-0.021960,-0.711123,-0.584264,-0.490402,1.561370,0.049447,0.003708
21.966667,-0.015382,0.038594,-0.021551,-0.858623,-1.334174,1.159250,-1.449994,0.022076,-0.027297,-0.805204,-0.645519,-0.590402,1.564430,0.059011,-0.005219
22.000000,-0.006019,0.045595,-0.022773,-0.833193,-1.339016,1.116847,-1.441783,0.020146,-0.021242,-0.867839,-0.716837,-0.690402,1.564430,0.062926,0.000704
22.033333,-0.001127,0.054194,-0.016165,-0.814830,-1.356861,1.062032,-1.436226,0.010387,-0.012486,-0.923067,-0.813773,-0.790402,1.559945,0.053737,-0.008033
22.066667,-0.004942,0.056453,-0.021096,-0.776627,-1.366061,0.992954,-1.428722,0.001916,-0.005054,-0.961887,-0.899360,-0.890402,1.559945,0.048884,-0.014610
22.100000,-0.001862,0.059289,-0.018035,-0.756186,-1.372532,0.963234,-1.420430,-0.002172,0.000515,-0.978902,-0.964680,-0.990402,1.565515,0.049314,-0.005037
22.133333,0.002588,0.055032,-0.003198,-0.734103,-1.395570,0.903234,-1.411855,-0.017198,-0.002266,-0.975514,-1.009361,-1.090402,1.550936,0.037151,-0.003356
22.166667,-0.003065,0.064935,-0.001266,-0.720799,-1.403110,0.881886,-1.395752,-0.022367,-0.002724,-0.978571,-1.022701,-1.190402,1.537557,0.022855,0.000237
22.200000,-0.004437,0.063399,0.002787,-0.718243,-1.403110,0.872424,-1.404096,-0.016288,-0.006862,-0.977712,-1.030362,-1.290402,1.528546,0.019540,0.010047
22.233333,0.008643,0.048854,0.006964,-0.727820,-1.403110,0.876088,-1.409295,-0.010367,-0.018099,-0.978485,-1.043324,-1.390402,1.517782,0.022145,0.009785
22.266667,0.014818,0.047696,0.002767,-0.720513,-1.403110,0.858878,-1.397669,0.000950,-0.014945,-0.983346,-1.058987,-1.490402,1.514581,0.005879,-0.000273
22.300000,0.021517,0.046081,-0.001112,-0.718981,-1.406543,0.872520,-1.403689,0.004285,-0.021336,-0.992766,-1.055590,-1.590402,1.520834,0.006712,0.002638
22.333333,0.024742,0.030190,0.006166,-0.734931,-1.410000,0.869640,-1.421911,0.009531,-0.018379,-1.002135,-1.083535,-1.669872,1.534212,0.017550,-0.007026
22.366667,0.036818,0.023489,0.004899,-0.749024,-1.410000,0.860915,-1.418625,0.005847,-0.013576,-1.022384,-1.089418,-1.722969,1.547709,0.012394,-0.024768
22.400000,0.026677,0.026578,0.002975,-0.760913,-1.410000,0.877504,-1.425648,0.009938,-0.007074,-1.024731,-1.093192,-1.765209,1.557509,0.011682,-0.023431
22.433333,0.024015,0.025613,0.007665,-0.763062,-1.402797,0.912606,-1.432672,0.002557,-0.012286,-1.019543,-1.074533,-1.781939,1.544800,0.024331,-0.025659
22.466667,0.030155,0.028054,0.010834,-0.756534,-1.378005,0.956856,-1.410652,0.010459,-0.002345,-1.004460,-1.066264,-1.758670,1.536388,0.018737,-0.019178
22.500000,0.035630,0.034115,0.011826,-0.756899,-1.354696,1.005365,-1.411492,0.006709,-0.009403,-0.974430,-1.032036,-1.715930,1.527311,0.017577,-0.013353
22.533333,0.017399,0.041882,0.000404,-0.771321,-1.338002,1.071260,-1.430301,0.001615,-0.015079,-0.910759,-0.988613,-1.659564,1.524344,0.027776,-0.000071
22.566667,0.012153,0.054132,-0.004103,-0.807304,-1.301308,1.138716,-1.447986,0.000219,-0.002921,-0.860830,-0.944330,-1.574055,1.525308,0.025377,0.011742
22.600000,0.013654,0.057545,-0.004359,-0.863244,-1.268873,1.205638,-1.465672,0.000219,0.006899,-0.809992,-0.918787,-1.474055,1.541217,0.028157,0.021683
22.633333,0.000028,0.051430,-0.013004,-0.909558,-1.250274,1.248261,-1.500132,-0.001745,-0.002519,-0.762473,-0.884020,-1.374055,1.551881,0.037898,0.011405
22.666667,0.002933,0.050618,-0.031664,-0.933252,-1.230014,1.304496,-1.501058,0.010877,0.003888,-0.721997,-0.860162,-1.274055,1.560958,0.043137,0.009177
22.700000,0.010209,0.050367,-0.018013,-0.958136,-1.211282,1.356717,-1.497162,0.017634,0.006615,-0.699312,-0.836578,-1.174055,1.563925,0.048162,0.010307
22.733333,0.018905,0.039156,-0.014186,-0.949607,-1.206982,1.378085,-1.479784,0.016014,-0.004232,-0.670069,-0.801182,-1.074055,1.557397,0.051822,-0.002069
22.766667,0.013687,0.041184,-0.019656,-0.941432,-1.225515,1.396905,-1.469715,0.012997,-0.003299,-0.640296,-0.755845,-0.974055,1.557397,0.052175,-0.003084
22.800000,0.018132,0.042983,-0.012624,-0.948852,-1.244396,1.410012,-1.471913,0.008736,-0.002213,-0.596355,-0.709039,-0.874055,1.563472,0.051036,-0.003590
22.833333,0.013408,0.043778,0.000026,-0.961428,-1.255274,1.395672,-1.474384,-0.003459,-0.003183,-0.563929,-0.646946,-0.774055,1.557472,0.049269,-0.000225
22.866667,0.003641,0.047654,-0.003485,-0.958410,-1.258426,1.380986,-1.453263,-0.004168,0.005027,-0.522894,-0.584580,-0.674055,1.555404,0.042489,-0.008591
22.900000,-0.002888,0.049155,-0.001275,-0.964850,-1.279419,1.392656,-1.452317,0.000421,0.003738,-0.486969,-0.531749,-0.574055,1.561931,0.041582,-0.010608
22.933333,-0.003766,0.044258,0.004375,-0.973312,-1.274101,1.374496,-1.459081,0.006311,0.000739,-0.459978,-0.493240,-0.474055,1.561932,0.046063,-0.008525
22.966667,-0.006726,0.053857,-0.005704,-0.970011,-1.280679,1.361516,-1.452596,0.006373,0.004063,-0.454449,-0.454730,-0.374055,1.561932,0.038555,-0.002511
23.000000,-0.016207,0.053535,-0.010021,-0.960379,-1.292744,1.368415,-1.455844,0.010919,-0.000056,-0.433560,-0.430954,-0.274055,1.566422,0.036151,-0.007264
23.033333,0.000011,0.049460,-0.011279,-0.957703,-1.296363,1.364388,-1.469499,0.005523,-0.011796,-0.430182,-0.427320,-0.178221,1.568490,0.035237,-0.009928
23.066667,0.006413,0.049589,-0.019743,-0.964879,-1.278701,1.356113,-1.471679,0.006109,-0.003326,-0.427519,-0.423396,-0.096659,1.568490,0.016132,-0.002423
23.100000,0.008049,0.049794,-0.023377,-0.957104,-1.285742,1.358515,-1.469853,0.004783,-0.010481,-0.406381,-0.404635,-0.039845,1.566202,0.010786,-0.005009
23.133333,0.010538,0.036371,-0.017689,-0.951118,-1.265946,1.371681,-1.458390,0.001220,-0.013915,-0.392074,-0.403459,-0.014360,1.560027,0.018266,-0.016802
23.166667,0.022437,0.031652,-0.017491,-0.961120,-1.249000,1.370983,-1.466492,-0.005295,-0.021257,-0.393998,-0.404174,-0.000613,1.554198,0.013776,-0.018518
23.200000,0.017145,0.030406,-0.015794,-0.963759,-1.252932,1.379485,-1.469390,-0.000972,-0.017232,-0.383543,-0.408254,-0.003128,1.554198,0.016782,-0.011415
23.233333,0.013119,0.036084,-0.004692,-0.951249,-1.258082,1.396733,-1.452473,0.000530,-0.023404,-0.376038,-0.408741,-0.012473,1.551988,0.036036,-0.012946
23.266667,0.031920,0.048448,0.002732,-0.962532,-1.237077,1.413638,-1.426543,0.008920,-0.000988,-0.366924,-0.434186,-0.015471,1.554276,0.031615,-0.009536
23.300000,0.031666,0.056308,0.010400,-0.971919,-1.251932,1.413204,-1.423499,0.011412,0.006046,-0.359156,-0.442046,-0.008314,1.558159,0.031572,-0.003688
23.333333,0.022507,0.060594,-0.000418,-0.964683,-1.250582,1.418191,-1.412627,0.024115,0.010884,-0.345366,-0.445317,-0.000926,1.565497,0.035660,0.000650
23.366667,0.018972,0.071680,0.001122,-0.973906,-1.249832,1.440506,-1.393650,0.015282,0.021440,-0.347220,-0.450293,-0.013111,1.565497,0.039179,0.006788
23.400000,0.020751,0.064420,0.000605,-0.981453,-1.265514,1.430288,-1.407030,0.007672,0.018047,-0.345921,-0.448278,-0.018705,1.567707,0.040054,0.005132
23.433333,0.004149,0.056997,-0.010896,-0.970827,-1.284440,1.432265,-1.435666,-0.000067,0.003042,-0.370632,-0.432527,-0.029546,1.565427,0.048589,0.005216
23.466667,0.000504,0.060213,-0.021078,-0.976495,-1.287526,1.445914,-1.459647,0.002795,-0.003045,-0.368481,-0.433827,-0.050517,1.567719,0.044477,0.017473
23.500000,-0.001362,0.058572,-0.007014,-0.985193,-1.308258,1.452198,-1.462776,-0.002572,0.002074,-0.383128,-0.447630,-0.066619,1.567719,0.045492,0.016105
23.533333,0.000653,0.052537,-0.009892,-0.962769,-1.320681,1.444672,-1.482147,0.006571,-0.002321,-0.388708,-0.470662,-0.076347,1.561322,0.044252,0.011439
23.566667,-0.002427,0.049613,-0.010928,-0.966663,-1.334106,1.457117,-1.486709,0.015272,0.007506,-0.406590,-0.498361,-0.100143,1.561322,0.035676,0.017005
23.600000,-0.003418,0.042432,-0.005863,-0.971263,-1.336649,1.460104,-1.486583,0.014106,0.000314,-0.413839,-0.532738,-0.114927,1.563603,0.032970,0.009024
23.633333,0.001091,0.037147,0.002954,-0.972570,-1.317516,1.460125,-1.469199,0.008782,0.002300,-0.448005,-0.556154,-0.135860,1.561857,0.037914,-0.007602
23.666667,0.003428,0.039822,-0.002193,-0.973060,-1.292570,1.483522,-1.461938,0.010628,0.005428,-0.479442,-0.585369,-0.177344,1.561857,0.033854,-0.014236
23.700000,0.003065,0.036104,-0.000520,-0.990319,-1.281601,1.494697,-1.458740,0.008057,0.000198,-0.493571,-0.606258,-0.191921,1.568014,0.035314,-0.016388
23.733333,0.013556,0.036006,-0.008953,-0.983631,-1.255477,1.508569,-1.438816,0.005894,-0.005433,-0.515272,-0.644647,-0.206894,1.568014,0.041053,-0.026958
23.766667,0.016326,0.038681,-0.018016,-0.987028,-1.263063,1.508318,-1.441194,0.004480,-0.005420,-0.519960,-0.667072,-0.217519,1.568014,0.039598,-0.021524
23.800000,0.012418,0.040416,-0.020320,-0.989211,-1.278684,1.519195,-1.444047,0.005216,-0.005182,-0.517943,-0.703247,-0.216374,1.569760,0.036974,-0.020115
23.833333,0.009333,0.035884,-0.013821,-0.997858,-1.278524,1.505271,-1.453243,0.004965,-0.010052,-0.513974,-0.715207,-0.205163,1.567877,0.034415,-0.009408
23.866667,0.011187,0.042879,-0.011765,-1.022062,-1.265795,1.492209,-1.449939,0.005770,-0.000690,-0.523987,-0.741052,-0.211588,1.568118,0.029736,-0.005034
23.900000,0.004069,0.046419,-0.004051,-1.034824,-1.268226,1.485108,-1.462902,0.000420,-0.003437,-0.515016,-0.735823,-0.216023,1.568118,0.031221,-0.001624
23.933333,0.002289,0.045047,0.004184,-1.039509,-1.252461,1.494333,-1.460996,0.001588,-0.002394,-0.525523,-0.740376,-0.230175,1.568118,0.032377,-0.005760
23.966667,0.004420,0.045818,0.003526,-1.039512,-1.248661,1.495128,-1.460529,0.001539,-0.002410,-0.529627,-0.745088,-0.238641,1.568118,0.033459,-0.004464
