time_sec,joint_pelvisYaw,joint_pelvisPitch,joint_pelvisRoll,joint_lShoulderPitch,joint_lShoulderRoll,joint_lShoulderYaw,joint_lElbow,joint_lWristRoll,joint_lWristPitch,joint_rShoulderPitch,joint_rShoulderRoll,joint_rShoulderYaw,joint_rElbow,joint_rWristRoll,joint_rWristPitch
0.000000,-0.006792,0.011236,0.008223,-0.232202,-0.981890,-0.063805,-0.158733,-0.016593,-0.020730,-0.185111,-0.877145,-0.035696,0.315502,0.002604,-0.021630
0.033333,-0.000860,0.008261,0.017630,-0.186887,-0.891814,-0.059308,-0.258733,-0.003742,-0.013398,-0.169510,-0.800488,-0.052782,0.386240,0.004805,-0.017188
0.066667,-0.005080,0.010267,0.014874,-0.171846,-0.851775,-0.052140,-0.309336,-0.003669,-0.011893,-0.162319,-0.754999,-0.061839,0.439493,0.008527,-0.017553
0.100000,-0.004638,0.010814,0.012338,-0.151933,-0.791737,-0.046328,-0.373149,-0.007493,-0.010418,-0.145917,-0.710856,-0.071195,0.497859,0.008524,-0.013814
0.133333,-0.009900,0.012240,0.010307,-0.152186,-0.758479,-0.053911,-0.419258,-0.016518,-0.010275,-0.133438,-0.680174,-0.050129,0.546944,0.001181,-0.013080
0.166667,-0.025888,0.013186,-0.005496,-0.133268,-0.730974,-0.041939,-0.450689,-0.014052,-0.025110,-0.118222,-0.645520,-0.045821,0.587520,0.006841,-0.017726
0.200000,-0.024014,0.014706,-0.010752,-0.128148,-0.680652,-0.028992,-0.488572,-0.008513,-0.026920,-0.102900,-0.613266,-0.054181,0.634109,0.011142,-0.009613
0.233333,-0.021258,0.010453,-0.008104,-0.116966,-0.649438,-0.035618,-0.522807,-0.010107,-0.028764,-0.086818,-0.594621,-0.035489,0.659682,0.006840,-0.007482
0.266667,-0.026942,0.009540,-0.013988,-0.092836,-0.638553,-0.058781,-0.544742,0.000629,-0.037413,-0.064574,-0.554630,0.001517,0.688283,-0.002185,-0.007543
0.300000,-0.027495,0.016840,-0.015413,-0.087321,-0.606438,-0.053125,-0.568107,0.002493,-0.035247,-0.053111,-0.533294,0.004827,0.737423,-0.000238,-0.000398
0.333333,-0.018016,0.014790,-0.002714,-0.095009,-0.585432,-0.065727,-0.584102,-0.003045,-0.026485,-0.038762,-0.522407,0.019602,0.774446,-0.001491,0.000629
0.366667,-0.012789,0.012907,0.001099,-0.085526,-0.564310,-0.080862,-0.570538,0.001793,-0.016571,-0.031288,-0.497950,0.034201,0.805232,-0.014330,-0.007252
0.400000,-0.011005,0.023625,0.002524,-0.089234,-0.550546,-0.075085,-0.553827,-0.001188,-0.013146,-0.007781,-0.457129,0.023181,0.850442,-0.019978,0.000031
0.433333,-0.007424,0.021829,0.012147,-0.111926,-0.532792,-0.056316,-0.534635,-0.006583,-0.003839,-0.007144,-0.454350,0.012508,0.899828,-0.010108,-0.004809
0.466667,-0.002820,0.016224,0.013590,-0.115106,-0.527695,-0.054715,-0.505058,-0.007267,-0.004618,-0.011057,-0.433611,0.018104,0.930496,-0.005665,-0.009806
0.500000,-0.000551,0.016251,0.012738,-0.127960,-0.531994,-0.053106,-0.472631,-0.009555,-0.002012,-0.005718,-0.402692,0.008713,0.965354,-0.002672,0.002638
0.533333,-0.006568,0.016383,0.016077,-0.138984,-0.557285,-0.043746,-0.446011,-0.017382,-0.010576,0.002264,-0.397010,0.018581,1.001033,0.005147,0.002365
0.566667,-0.002325,0.011151,0.019872,-0.152524,-0.566030,-0.053197,-0.416379,-0.005906,-0.004899,-0.006851,-0.425440,0.041768,1.032224,0.007151,-0.004506
0.600000,0.002160,0.014123,0.024861,-0.166465,-0.585992,-0.054171,-0.376747,-0.000822,0.001559,-0.019258,-0.441051,0.041085,1.038913,-0.000061,-0.001488
0.633333,-0.003106,0.011002,0.023939,-0.177748,-0.613589,-0.056766,-0.351864,-0.004015,-0.000952,-0.007116,-0.460967,0.038092,1.024320,-0.004967,0.000584
0.666667,-0.001888,0.011338,0.025418,-0.177411,-0.637085,-0.039072,-0.321447,0.000248,0.000791,-0.027973,-0.518025,0.037983,1.000710,-0.010397,-0.015364
0.700000,0.006138,0.009790,0.022379,-0.180551,-0.658022,-0.040967,-0.312813,-0.002611,-0.007053,-0.054738,-0.568335,0.027434,0.956743,-0.010942,-0.017231
0.733333,0.000802,0.005656,0.019296,-0.180807,-0.690411,-0.033651,-0.315615,-0.008294,-0.012314,-0.069311,-0.597397,0.010296,0.895560,-0.005796,-0.016637
0.766667,-0.004919,0.007050,0.010384,-0.160074,-0.705138,-0.023789,-0.335138,-0.009540,-0.012512,-0.066642,-0.615970,0.001741,0.856861,-0.007317,-0.016288
0.800000,-0.002493,0.013484,0.013536,-0.155963,-0.710279,-0.016750,-0.366570,-0.004584,-0.002142,-0.072490,-0.652274,0.000945,0.846623,-0.008750,-0.011399
0.833333,-0.006921,0.012238,0.010769,-0.145018,-0.723715,-0.034537,-0.429974,-0.006088,-0.008095,-0.063882,-0.673564,0.003824,0.851835,-0.005542,-0.009158
0.866667,-0.017385,0.012238,0.002537,-0.118463,-0.736865,-0.035015,-0.505788,0.005203,-0.003845,-0.044638,-0.669166,0.003165,0.883207,0.000630,-0.001926
0.900000,-0.014499,0.019157,0.001914,-0.089699,-0.737295,-0.042878,-0.590967,0.006624,-0.009017,-0.034849,-0.691906,0.004004,0.925771,0.003130,0.000513
0.933333,-0.016196,0.016328,0.003871,-0.075425,-0.749583,-0.065037,-0.690967,0.002668,-0.021857,-0.034866,-0.720740,0.010624,0.942980,0.010458,-0.003916
0.966667,-0.017667,0.014681,-0.009013,-0.055135,-0.747575,-0.068170,-0.788310,0.012065,-0.026608,-0.052824,-0.747847,0.014330,0.962770,0.015754,-0.011815
1.000000,-0.012859,0.018524,-0.009544,-0.046468,-0.743028,-0.069006,-0.855977,0.013619,-0.022207,-0.045239,-0.765443,-0.001059,0.957125,0.018926,-0.004596
1.033333,-0.008991,0.021014,-0.001976,-0.043135,-0.756515,-0.088058,-0.889980,0.007511,-0.019102,-0.050538,-0.803842,0.003546,0.922810,0.013059,-0.009647
1.066667,-0.015406,0.023927,-0.007811,-0.055003,-0.786099,-0.091272,-0.883984,0.001772,-0.014035,-0.064605,-0.818291,0.003839,0.865604,0.011150,-0.013270
1.100000,-0.012118,0.027163,-0.004693,-0.085784,-0.824231,-0.066310,-0.837987,-0.001219,-0.007021,-0.083342,-0.833545,-0.019645,0.809099,0.013732,-0.004356
1.133333,-0.012211,0.024646,0.005871,-0.115492,-0.867885,-0.071538,-0.754648,-0.013904,-0.009452,-0.083220,-0.833939,-0.030198,0.721550,0.006705,-0.002704
1.166667,-0.013758,0.032759,0.007339,-0.145030,-0.908739,-0.054422,-0.660984,-0.017388,-0.008928,-0.108576,-0.835702,-0.034349,0.629440,-0.000868,-0.001850
1.200000,-0.018293,0.032244,0.009566,-0.183903,-0.937136,-0.027846,-0.560984,-0.013758,-0.008430,-0.123781,-0.840927,-0.056473,0.535085,-0.004517,0.006068
1.233333,-0.006958,0.021059,0.014499,-0.205865,-0.954387,-0.016057,-0.461167,-0.009858,-0.014103,-0.143550,-0.867444,-0.064986,0.448005,-0.003396,0.004495
1.266667,-0.000115,0.019701,0.009532,-0.210320,-0.962815,-0.027705,-0.361350,0.000233,-0.011122,-0.152565,-0.897452,-0.049901,0.368921,-0.016642,-0.001814
1.300000,0.006712,0.018264,0.007508,-0.212342,-0.994987,-0.015698,-0.291606,0.002421,-0.014079,-0.171969,-0.916876,-0.061851,0.289837,-0.015618,-0.001596
1.333333,0.008247,0.006308,0.013037,-0.222661,-1.020070,-0.024629,-0.240980,0.005990,-0.011530,-0.185665,-0.962048,-0.054886,0.223855,-0.007908,-0.008388
1.366667,0.019699,0.004332,0.013069,-0.232789,-1.043785,-0.037982,-0.204274,0.003709,-0.008309,-0.215413,-1.003962,-0.046578,0.197874,-0.011516,-0.026111
1.400000,0.013181,0.005944,0.012103,-0.240534,-1.074029,-0.035459,-0.189299,0.007921,-0.004548,-0.217836,-1.048532,-0.049940,0.178646,-0.013309,-0.026164
1.433333,0.009139,0.006655,0.018425,-0.239205,-1.095369,-0.012325,-0.183266,0.000719,-0.009998,-0.220651,-1.075760,-0.078847,0.172322,-0.001599,-0.029882
1.466667,0.015561,0.009063,0.022614,-0.226926,-1.095844,0.019934,-0.167347,0.008891,-0.002809,-0.212233,-1.112850,-0.112452,0.205997,-0.004608,-0.022276
1.500000,0.020249,0.013579,0.025115,-0.214977,-1.114799,0.034016,-0.154887,0.008109,-0.012310,-0.195206,-1.142081,-0.172363,0.266571,-0.006417,-0.016126
1.533333,0.006388,0.015337,0.015758,-0.201529,-1.144892,0.047500,-0.160686,0.005291,-0.020157,-0.162966,-1.148424,-0.253561,0.327144,0.001135,-0.001870
1.566667,-0.000375,0.024439,0.012809,-0.209893,-1.147864,0.070177,-0.184571,0.001478,-0.011287,-0.158971,-1.145269,-0.350431,0.413688,-0.000861,0.010622
1.600000,-0.000241,0.026217,0.014262,-0.216479,-1.161634,0.081595,-0.224299,-0.001068,-0.005868,-0.169442,-1.152933,-0.450431,0.513688,-0.000535,0.019706
1.633333,-0.012907,0.022978,0.007211,-0.218190,-1.186580,0.088047,-0.283840,-0.002746,-0.016907,-0.200380,-1.137904,-0.550431,0.613688,0.006031,0.013643
1.666667,-0.011960,0.023625,-0.007640,-0.221177,-1.180259,0.134499,-0.360804,0.002763,-0.013112,-0.260158,-1.101462,-0.650431,0.713688,0.008693,0.010139
1.700000,-0.003800,0.023685,0.003052,-0.243583,-1.158100,0.215450,-0.445588,0.005414,-0.010766,-0.345772,-1.068511,-0.750431,0.813688,0.010125,0.012548
1.733333,0.003138,0.015969,0.005877,-0.250702,-1.137767,0.296401,-0.530373,0.005070,-0.021817,-0.432388,-1.027222,-0.850431,0.913688,0.014685,0.000109
1.766667,-0.000911,0.017911,-0.001084,-0.292197,-1.118577,0.391435,-0.630373,0.007784,-0.022387,-0.518670,-0.982936,-0.950431,1.013688,0.013964,0.000186
1.800000,0.001055,0.017911,0.003046,-0.364587,-1.086699,0.491435,-0.730373,0.005371,-0.021537,-0.597391,-0.958013,-1.050431,1.113688,0.012401,-0.000799
1.833333,-0.003724,0.017242,0.012054,-0.446143,-1.057291,0.591435,-0.830373,-0.001004,-0.019861,-0.663952,-0.945432,-1.150431,1.213688,0.011973,-0.000896
1.866667,-0.011924,0.021969,0.010163,-0.507874,-1.030574,0.691435,-0.930373,-0.000644,-0.014206,-0.705735,-0.939700,-1.250431,1.313688,0.009587,-0.010849
1.900000,-0.015223,0.022036,0.011040,-0.563471,-1.025188,0.791435,-1.030373,0.001870,-0.015992,-0.739331,-0.942654,-1.350431,1.404951,0.006590,-0.010241
1.933333,-0.015711,0.016592,0.016432,-0.593879,-1.012449,0.891435,-1.130373,0.007238,-0.016851,-0.762557,-0.956990,-1.450431,1.475823,0.007425,-0.013434
1.966667,-0.017371,0.020959,0.009883,-0.584286,-1.022488,0.971162,-1.206313,0.003326,-0.013930,-0.777112,-0.962164,-1.550431,1.527085,-0.001421,-0.010585
2.000000,-0.026210,0.018048,0.005952,-0.535080,-1.044549,1.010889,-1.245096,0.004457,-0.018739,-0.770865,-0.973517,-1.638298,1.538348,-0.002789,-0.009299
2.033333,-0.015550,0.011937,0.003518,-0.474279,-1.070243,1.010617,-1.243880,0.001195,-0.028577,-0.769521,-0.999413,-1.701924,1.520781,-0.005672,-0.011724
2.066667,-0.013006,0.012054,-0.003132,-0.412255,-1.087804,0.970344,-1.202663,0.005873,-0.020734,-0.754450,-1.033475,-1.727313,1.479523,-0.020400,-0.006539
2.100000,-0.012078,0.013070,-0.006667,-0.347598,-1.128207,0.890072,-1.121447,0.001651,-0.029420,-0.720971,-1.050943,-1.729005,1.418654,-0.025307,-0.003371
2.133333,-0.010011,0.008702,-0.002321,-0.300226,-1.143931,0.790071,-1.030199,0.000370,-0.028447,-0.686901,-1.074697,-1.699299,1.337396,-0.017048,-0.013777
2.166667,0.001483,0.007335,-0.000886,-0.288716,-1.158597,0.710328,-0.968812,-0.004330,-0.032474,-0.661294,-1.106654,-1.655348,1.259224,-0.019904,-0.016452
2.200000,-0.000824,0.007830,0.001815,-0.288818,-1.178708,0.651234,-0.919288,-0.000264,-0.028680,-0.636153,-1.133890,-1.620205,1.197825,-0.016524,-0.011641
2.233333,-0.002590,0.013309,0.011535,-0.289982,-1.193677,0.632140,-0.879663,-0.000235,-0.033095,-0.612300,-1.143038,-1.583676,1.138648,-0.002374,-0.010482
2.266667,0.015129,0.023153,0.018967,-0.315315,-1.182197,0.645087,-0.840037,0.003894,-0.012310,-0.585433,-1.181798,-1.530845,1.083210,-0.003632,-0.008379
2.300000,0.016376,0.024867,0.025246,-0.348975,-1.200764,0.689058,-0.834504,0.005297,-0.011215,-0.554104,-1.211015,-1.484896,1.036039,-0.003680,-0.001240
2.333333,0.010446,0.027034,0.016886,-0.352637,-1.210260,0.712772,-0.816675,0.013224,-0.010356,-0.507276,-1.238153,-1.425325,0.998188,-0.000689,0.001736
2.366667,0.007447,0.035126,0.016474,-0.352513,-1.226450,0.715837,-0.786982,0.005103,-0.004224,-0.439854,-1.271584,-1.341186,0.932394,0.000170,0.008554
2.400000,0.010075,0.027380,0.015142,-0.338374,-1.257548,0.678903,-0.747392,0.000534,-0.008140,-0.360875,-1.306247,-1.256670,0.856807,0.003579,0.005756
2.433333,-0.004296,0.020497,0.004857,-0.303536,-1.289308,0.609926,-0.711376,-0.002174,-0.018328,-0.306100,-1.304986,-1.172153,0.777482,0.013296,0.005454
2.466667,-0.005984,0.021806,-0.003769,-0.263995,-1.303726,0.509926,-0.641346,0.002097,-0.019673,-0.243043,-1.315743,-1.072153,0.689890,0.010554,0.014375
2.500000,-0.007373,0.019422,0.006678,-0.234143,-1.327254,0.409926,-0.550907,-0.000175,-0.013548,-0.210238,-1.315671,-0.972153,0.589890,0.008334,0.011207
2.533333,-0.005890,0.014120,0.004543,-0.196373,-1.336475,0.309926,-0.467545,0.008875,-0.015970,-0.194929,-1.304008,-0.872153,0.489890,0.009811,0.008388
2.566667,-0.008983,0.013205,0.002897,-0.186642,-1.338475,0.209926,-0.396751,0.014807,-0.006255,-0.200294,-1.275755,-0.772153,0.408300,0.001753,0.010889
2.600000,-0.012267,0.007146,0.005310,-0.183448,-1.329470,0.114622,-0.322690,0.015254,-0.013422,-0.201418,-1.253851,-0.672153,0.332364,0.000319,0.005592
2.633333,-0.011698,0.004803,0.010933,-0.186517,-1.300810,0.042018,-0.263555,0.009896,-0.013985,-0.221495,-1.218464,-0.572153,0.279179,0.003201,-0.006898
2.666667,-0.010819,0.010397,0.006297,-0.191451,-1.267768,0.009415,-0.217326,0.014284,-0.010713,-0.234536,-1.185792,-0.472153,0.250456,0.002060,-0.010460
2.700000,-0.012566,0.008094,0.007891,-0.208458,-1.248070,-0.023188,-0.182681,0.012131,-0.012695,-0.237946,-1.146807,-0.372153,0.235130,0.003207,-0.013938
2.733333,-0.003109,0.008094,0.001488,-0.206047,-1.218414,-0.033784,-0.140220,0.010169,-0.017997,-0.256318,-1.142252,-0.272153,0.239076,0.009170,-0.022456
2.766667,0.000790,0.011462,-0.005414,-0.208013,-1.218420,-0.046874,-0.129494,0.009326,-0.017724,-0.254727,-1.131740,-0.181409,0.237367,0.007308,-0.021802
2.800000,-0.000615,0.012197,-0.006904,-0.207312,-1.229612,-0.050926,-0.120873,0.011084,-0.017512,-0.249222,-1.128573,-0.116324,0.224611,0.007692,-0.020948
2.833333,-0.000942,0.007277,-0.002716,-0.214291,-1.224774,-0.078341,-0.120569,0.009423,-0.022823,-0.242719,-1.114116,-0.066072,0.205607,0.005674,-0.013332
2.866667,0.002296,0.012927,-0.001352,-0.236886,-1.212522,-0.097410,-0.112996,0.010148,-0.014354,-0.247562,-1.127379,-0.032918,0.205102,0.000774,-0.011344
2.900000,-0.004245,0.014856,0.005141,-0.251671,-1.217575,-0.103397,-0.118598,0.003479,-0.015751,-0.235085,-1.104063,-0.026123,0.166915,0.000638,-0.009299
2.933333,-0.005613,0.013013,0.012893,-0.259893,-1.209758,-0.091585,-0.112159,0.000725,-0.014816,-0.242607,-1.096276,-0.030072,0.140674,0.000467,-0.012059
2.966667,0.001436,0.011598,0.016517,-0.283608,-1.190754,-0.071511,-0.122702,0.010254,-0.017985,-0.238783,-1.115667,-0.046594,0.142729,0.003414,-0.012718
3.000000,0.009461,0.014301,0.020150,-0.322228,-1.186815,-0.028075,-0.152023,0.011352,-0.010726,-0.242089,-1.157549,-0.061350,0.166570,-0.000562,-0.016365
3.033333,0.007036,0.010915,0.020297,-0.366262,-1.176441,0.047016,-0.209951,0.011207,-0.022494,-0.242796,-1.186163,-0.071121,0.198363,-0.000443,-0.019839
3.066667,0.004286,0.013366,0.016566,-0.446262,-1.154315,0.127016,-0.289951,0.013067,-0.021611,-0.246198,-1.216089,-0.086776,0.268647,0.002555,-0.022421
3.100000,0.007302,0.015818,0.015304,-0.546262,-1.115120,0.227016,-0.389951,0.010112,-0.021523,-0.248586,-1.241023,-0.109589,0.342408,-0.001890,-0.020564
3.133333,0.000166,0.017175,0.013749,-0.644619,-1.106405,0.327016,-0.489951,0.002654,-0.019572,-0.265947,-1.239173,-0.107961,0.399388,-0.006223,-0.023310
3.166667,-0.017663,0.018423,-0.002643,-0.702975,-1.090001,0.427016,-0.589951,0.004338,-0.034658,-0.293960,-1.198863,-0.133265,0.456368,-0.000089,-0.026256
3.200000,-0.017521,0.018770,-0.008616,-0.721332,-1.052292,0.487016,-0.651112,0.003180,-0.033857,-0.305361,-1.131820,-0.160248,0.495331,0.005922,-0.015724
3.233333,-0.016284,0.015544,-0.005922,-0.699688,-1.023239,0.507016,-0.684238,0.001844,-0.036754,-0.297039,-1.060044,-0.158703,0.510904,0.000044,-0.012707
3.266667,-0.023326,0.014642,-0.013049,-0.638045,-1.030086,0.487016,-0.707055,0.007966,-0.045473,-0.279820,-0.973261,-0.130000,0.517178,-0.003335,-0.010985
3.300000,-0.025508,0.022681,-0.016811,-0.538045,-1.023207,0.427016,-0.711668,0.005343,-0.038750,-0.260550,-0.889240,-0.121010,0.540232,-0.002458,-0.000657
3.333333,-0.015905,0.019205,-0.004175,-0.438045,-1.028206,0.327016,-0.716280,0.000978,-0.032055,-0.219415,-0.830398,-0.085189,0.530688,-0.003996,-0.000084
3.366667,-0.010138,0.017010,-0.001623,-0.338045,-1.035530,0.227016,-0.759732,0.007025,-0.020541,-0.194781,-0.803668,-0.058738,0.513148,-0.015310,-0.009152
3.400000,-0.008514,0.027811,-0.000625,-0.254882,-1.054487,0.133287,-0.831218,0.005526,-0.017785,-0.171437,-0.798151,-0.065061,0.494868,-0.022138,0.000430
3.433333,-0.005911,0.026358,0.008190,-0.194699,-1.057882,0.056220,-0.913013,0.004720,-0.009663,-0.165756,-0.832633,-0.075761,0.498200,-0.015125,-0.004689
3.466667,0.001349,0.021545,0.010758,-0.174517,-1.072664,0.019153,-1.013013,0.007313,-0.016805,-0.167363,-0.878276,-0.075406,0.461533,-0.013687,-0.008851
3.500000,0.006255,0.022558,0.009771,-0.194334,-1.103120,0.022086,-1.113014,0.003947,-0.012481,-0.159378,-0.903130,-0.089839,0.417463,-0.012872,0.001657
3.533333,0.001804,0.024609,0.013970,-0.254152,-1.149496,0.065018,-1.213014,-0.004319,-0.020811,-0.148945,-0.932076,-0.086285,0.376064,-0.007271,-0.000053
3.566667,0.007901,0.019388,0.017010,-0.337132,-1.177522,0.138491,-1.313013,0.003849,-0.016437,-0.153896,-0.971628,-0.064084,0.352921,-0.003360,-0.007661
3.600000,0.011798,0.022235,0.021737,-0.402785,-1.199924,0.201372,-1.404411,0.009646,-0.007205,-0.160067,-0.995369,-0.065570,0.330349,-0.008814,-0.005118
3.633333,0.005861,0.017653,0.021541,-0.428437,-1.194184,0.224254,-1.455808,0.007121,-0.006574,-0.136061,-1.012863,-0.068024,0.347777,-0.013436,-0.007052
3.666667,0.005533,0.016714,0.021917,-0.414090,-1.151723,0.207136,-1.467205,0.009226,-0.007873,-0.134657,-1.052964,-0.068247,0.405204,-0.015424,-0.020548
3.700000,0.013854,0.012831,0.018273,-0.359743,-1.104013,0.150018,-1.441336,0.008327,-0.016165,-0.139518,-1.089604,-0.083263,0.480527,-0.015160,-0.022897
3.733333,0.007456,0.007018,0.015647,-0.265395,-1.060963,0.064551,-1.390382,0.003383,-0.020162,-0.129075,-1.101247,-0.103397,0.537883,-0.010230,-0.022926
3.766667,0.001216,0.006481,0.006471,-0.165395,-1.009696,0.001627,-1.308030,0.002320,-0.023042,-0.105552,-1.097917,-0.112080,0.587695,-0.012902,-0.021425
3.800000,0.002899,0.012589,0.008024,-0.105395,-0.978763,-0.040210,-1.225679,0.005392,-0.014878,-0.105310,-1.113695,-0.120355,0.613431,-0.009385,-0.012818
3.833333,-0.000489,0.011365,0.005753,-0.061079,-0.979217,-0.065033,-1.143704,0.005278,-0.017608,-0.098470,-1.123276,-0.123480,0.627962,-0.002470,-0.009117
3.866667,-0.012221,0.011365,-0.002826,-0.037326,-0.986068,-0.067298,-1.058995,0.014649,-0.013873,-0.087593,-1.100197,-0.127599,0.629262,0.003553,-0.000107
3.900000,-0.009390,0.019735,-0.004691,-0.053574,-0.994715,-0.053775,-0.959372,0.016805,-0.015376,-0.099243,-1.110295,-0.133922,0.623090,0.005981,0.002843
3.933333,-0.010798,0.017719,-0.002997,-0.095070,-1.017778,-0.053586,-0.859748,0.012388,-0.026353,-0.124450,-1.127049,-0.133652,0.596155,0.013392,-0.001535
3.966667,-0.013168,0.017539,-0.016899,-0.121363,-1.020643,-0.037697,-0.771289,0.016081,-0.032649,-0.160691,-1.141833,-0.128123,0.568144,0.019598,-0.010585
4.000000,-0.008633,0.023027,-0.018616,-0.152286,-1.021445,-0.024641,-0.696491,0.016503,-0.027509,-0.186366,-1.152602,-0.136317,0.511337,0.019447,-0.006342
4.033333,-0.005049,0.026480,-0.010752,-0.173839,-1.037925,-0.032391,-0.633994,0.009314,-0.022370,-0.225306,-1.191438,-0.126297,0.433360,0.013035,-0.014158
4.066667,-0.011279,0.028661,-0.014362,-0.171100,-1.048957,-0.043869,-0.597497,0.003850,-0.017637,-0.251136,-1.213808,-0.113839,0.368754,0.007608,-0.019443
4.100000,-0.007618,0.031235,-0.010927,-0.173966,-1.059906,-0.030627,-0.583263,0.000712,-0.009922,-0.272122,-1.240360,-0.126720,0.330878,0.010140,-0.012082
4.133333,-0.006472,0.028276,0.002241,-0.173605,-1.070718,-0.050775,-0.576684,-0.008832,-0.007309,-0.270570,-1.252327,-0.129686,0.287008,0.002289,-0.012779
4.166667,-0.009425,0.035617,0.004933,-0.170853,-1.069906,-0.045105,-0.570833,-0.012541,-0.006807,-0.271519,-1.260410,-0.135277,0.280066,-0.007064,-0.010186
4.200000,-0.013752,0.034911,0.007121,-0.172863,-1.052972,-0.031274,-0.579252,-0.003958,-0.007664,-0.252564,-1.274973,-0.178123,0.300743,-0.008216,-0.003608
4.233333,-0.003728,0.023439,0.011392,-0.181738,-1.030047,-0.021539,-0.584203,-0.003440,-0.015115,-0.246087,-1.299431,-0.232661,0.340873,-0.003627,-0.006632
4.266667,0.002150,0.023326,0.006618,-0.174497,-0.993617,-0.035864,-0.568828,0.004819,-0.013088,-0.244378,-1.328579,-0.287750,0.394273,-0.016903,-0.014454
4.300000,0.007221,0.022386,0.002627,-0.173181,-0.976707,-0.021198,-0.570885,0.008226,-0.017470,-0.268317,-1.338122,-0.375007,0.476503,-0.017541,-0.012322
4.333333,0.006965,0.010006,0.008131,-0.184463,-0.959365,-0.025803,-0.586439,0.012447,-0.016164,-0.293060,-1.370653,-0.465339,0.550210,-0.009019,-0.020755
4.366667,0.017737,0.007259,0.007896,-0.197549,-0.958981,-0.018504,-0.615421,0.005706,-0.012982,-0.311731,-1.369474,-0.515670,0.596298,-0.016249,-0.033818
4.400000,0.011881,0.009261,0.007474,-0.209999,-0.981930,0.012367,-0.661873,0.010339,-0.010075,-0.323090,-1.343541,-0.531581,0.602386,-0.020347,-0.029978
4.433333,0.008355,0.008700,0.014767,-0.222340,-1.010700,0.067298,-0.746386,0.002326,-0.016176,-0.315777,-1.292866,-0.511581,0.568473,-0.009726,-0.031340
4.466667,0.016351,0.010203,0.020861,-0.243009,-1.041397,0.129842,-0.834648,0.009171,-0.010541,-0.268463,-1.238352,-0.451581,0.496877,-0.013508,-0.024623
4.500000,0.022488,0.015352,0.025352,-0.273158,-1.094828,0.211656,-0.934648,0.006623,-0.018508,-0.203864,-1.147949,-0.351581,0.396877,-0.015979,-0.020102
4.533333,0.009278,0.018727,0.018861,-0.317405,-1.150905,0.311656,-1.034648,0.002868,-0.026918,-0.135694,-1.056625,-0.259165,0.325969,-0.009170,-0.006988
4.566667,0.002728,0.029720,0.016171,-0.379717,-1.176153,0.411656,-1.134648,0.000753,-0.017653,-0.046395,-0.962258,-0.206749,0.295060,-0.007930,0.001492
4.600000,0.005128,0.032127,0.017414,-0.448293,-1.214747,0.511656,-1.234648,-0.000368,-0.009107,0.053605,-0.876206,-0.194333,0.304151,-0.005608,0.009766
4.633333,-0.007854,0.028594,0.010836,-0.489233,-1.253226,0.611656,-1.334648,-0.003532,-0.016958,0.153605,-0.790153,-0.221916,0.353243,0.002635,0.003393
4.666667,-0.008323,0.026813,-0.005504,-0.503135,-1.272740,0.710200,-1.407003,0.002298,-0.012230,0.253605,-0.708006,-0.289500,0.442334,0.007386,0.004387
4.700000,-0.002965,0.024996,0.004916,-0.508757,-1.281733,0.783023,-1.471500,0.005284,-0.009722,0.353605,-0.628460,-0.389500,0.542334,0.014888,0.005980
4.733333,0.002079,0.014444,0.008248,-0.481011,-1.298813,0.818846,-1.516543,0.006451,-0.017822,0.453605,-0.559342,-0.489500,0.642334,0.016062,-0.004276
4.766667,-0.003411,0.015638,0.001960,-0.452531,-1.317404,0.842807,-1.528842,0.006559,-0.017416,0.553605,-0.501438,-0.589500,0.742334,0.015664,-0.004327
4.800000,-0.002741,0.015638,0.005068,-0.436167,-1.333814,0.838256,-1.535912,0.002606,-0.016347,0.653605,-0.452054,-0.689500,0.842334,0.015661,-0.002748
4.833333,-0.006256,0.015556,0.014126,-0.426659,-1.341822,0.801382,-1.545349,-0.006853,-0.015928,0.753605,-0.419362,-0.789500,0.942334,0.015058,-0.000396
4.866667,-0.013870,0.019990,0.010528,-0.412077,-1.341233,0.768883,-1.536089,-0.007160,-0.008048,0.853606,-0.392578,-0.889500,1.042334,0.008324,-0.008446
4.900000,-0.016312,0.019303,0.010746,-0.403444,-1.352137,0.761968,-1.538117,-0.008996,-0.011241,0.953606,-0.378458,-0.989500,1.142334,0.009654,-0.006697
4.933333,-0.016018,0.013837,0.014465,-0.396491,-1.349528,0.728129,-1.543990,-0.007584,-0.012122,1.053606,-0.370094,-1.064965,1.242334,0.011230,-0.009148
4.966667,-0.016813,0.018194,0.007514,-0.381602,-1.349550,0.694818,-1.533779,-0.007103,-0.010337,1.153606,-0.357633,-1.116600,1.342334,0.001051,-0.011106
5.000000,-0.025406,0.016516,0.003044,-0.359668,-1.356294,0.681035,-1.523705,-0.004609,-0.016305,1.253606,-0.349430,-1.140120,1.427868,-0.000938,-0.015186
5.033333,-0.015408,0.013242,0.001603,-0.333794,-1.357513,0.648597,-1.500186,-0.008679,-0.024086,1.353606,-0.352735,-1.136132,1.493401,-0.005008,-0.019973
5.066667,-0.010936,0.014081,-0.005691,-0.309967,-1.345513,0.587576,-1.444834,-0.007579,-0.014919,1.453606,-0.355598,-1.097874,1.538934,-0.022139,-0.019150
5.100000,-0.012247,0.014112,-0.008275,-0.269302,-1.349275,0.525340,-1.378380,-0.007613,-0.022224,1.553606,-0.334125,-1.060173,1.564467,-0.025342,-0.018169
5.133333,-0.012057,0.009755,-0.004222,-0.228505,-1.336087,0.453736,-1.293239,-0.012376,-0.022273,1.653606,-0.324488,-1.019315,1.570000,-0.016726,-0.025544
5.166667,-0.002797,0.008125,-0.003149,-0.198961,-1.327614,0.356385,-1.193239,-0.016088,-0.024424,1.753606,-0.315250,-0.982860,1.570000,-0.021715,-0.028977
5.200000,-0.006235,0.005871,-0.001374,-0.170132,-1.337487,0.261872,-1.093239,-0.012572,-0.023124,1.847907,-0.304782,-0.951902,1.570000,-0.013722,-0.022173
5.233333,-0.011946,0.011977,0.008514,-0.143303,-1.344772,0.207359,-0.993239,-0.010367,-0.027855,1.911981,-0.288689,-0.934306,1.570000,0.004279,-0.021515
5.266667,0.003283,0.022737,0.015950,-0.148975,-1.327929,0.183385,-0.911783,-0.005525,-0.010246,1.976055,-0.310874,-0.936930,1.570000,-0.001079,-0.018987
5.300000,0.003782,0.025498,0.022181,-0.159540,-1.344753,0.170967,-0.870328,-0.003343,-0.006055,2.014977,-0.316802,-0.953885,1.570000,-0.001335,-0.011277
5.333333,-0.004858,0.028715,0.013436,-0.161771,-1.345578,0.183529,-0.868872,0.004634,-0.005472,2.053899,-0.320132,-0.977315,1.570000,0.001367,-0.004003
5.366667,-0.007291,0.038186,0.013879,-0.188723,-1.339814,0.233253,-0.891273,-0.002769,0.000459,2.076635,-0.333541,-1.014475,1.570000,0.002005,0.002610
5.400000,-0.005407,0.032074,0.012737,-0.215088,-1.352555,0.260164,-0.950176,-0.008008,-0.003813,2.119600,-0.342844,-1.050478,1.570000,0.002452,0.002342
5.433333,-0.018541,0.025318,0.001421,-0.223374,-1.368632,0.289692,-1.012563,-0.011081,-0.015907,2.124332,-0.331812,-1.050241,1.567170,0.012358,0.002680
5.466667,-0.021144,0.026281,-0.007484,-0.242546,-1.368930,0.324071,-1.074236,-0.008454,-0.021317,2.154216,-0.337503,-1.051995,1.567170,0.007571,0.011677
5.500000,-0.021459,0.023267,0.003566,-0.264067,-1.384418,0.348787,-1.106388,-0.010670,-0.016838,2.184100,-0.351620,-1.034690,1.567170,0.009593,0.007493
5.533333,-0.020214,0.016398,0.000886,-0.251119,-1.395869,0.352641,-1.137026,-0.003027,-0.018434,2.235868,-0.364587,-0.998454,1.553151,0.008131,0.002916
5.566667,-0.021436,0.013807,-0.001064,-0.256994,-1.395869,0.368038,-1.158117,0.004322,-0.010087,2.297636,-0.374007,-0.944715,1.548651,-0.000864,0.006403
5.600000,-0.022935,0.008137,0.002206,-0.263325,-1.403204,0.368577,-1.177597,0.003714,-0.017132,2.397635,-0.381079,-0.890977,1.526981,-0.004548,-0.000164
5.633333,-0.019467,0.004413,0.008038,-0.268936,-1.387820,0.369081,-1.175561,0.000223,-0.015047,2.497635,-0.377251,-0.834701,1.494202,0.000371,-0.013432
5.666667,-0.016382,0.008540,0.003403,-0.274900,-1.369745,0.394268,-1.183378,0.003324,-0.011800,2.597635,-0.367100,-0.774723,1.446143,-0.003955,-0.018332
5.700000,-0.015570,0.008071,0.005030,-0.292557,-1.366399,0.404525,-1.197582,0.003406,-0.017861,2.697635,-0.329233,-0.701957,1.399715,-0.002750,-0.022176
5.733333,-0.007198,0.008071,0.000055,-0.288038,-1.358570,0.413639,-1.188678,0.001257,-0.024052,2.797635,-0.316363,-0.641949,1.363767,0.001676,-0.031498
5.766667,-0.004032,0.010026,-0.007127,-0.292266,-1.358844,0.410222,-1.199273,0.000227,-0.024922,2.897635,-0.286948,-0.590482,1.335534,0.000618,-0.030009
5.800000,-0.005690,0.010109,-0.007331,-0.294500,-1.378804,0.419605,-1.214996,0.002182,-0.027002,2.997635,-0.251710,-0.537108,1.329206,-0.001358,-0.029081
5.833333,-0.004795,0.005350,-0.002017,-0.300519,-1.380872,0.406197,-1.231195,0.000938,-0.030942,3.097635,-0.198523,-0.503598,1.340730,-0.002838,-0.020665
5.866667,-0.002592,0.007274,-0.000296,-0.324584,-1.371548,0.398725,-1.233633,0.001352,-0.021213,3.197634,-0.185308,-0.497637,1.384643,-0.007419,-0.018270
5.900000,-0.007113,0.007274,0.005569,-0.338193,-1.379377,0.403666,-1.259799,-0.001846,-0.023380,3.259349,-0.132093,-0.518484,1.420808,-0.006306,-0.014264
5.933333,-0.007703,0.004600,0.013646,-0.343177,-1.379377,0.424375,-1.266049,-0.000752,-0.022321,3.301062,-0.089684,-0.556663,1.469260,-0.006531,-0.014883
5.966667,-0.002775,0.004517,0.018503,-0.322858,-1.359692,0.413265,-1.249402,0.004764,-0.019779,3.302776,-0.087276,-0.569948,1.484085,0.000477,-0.015232
6.000000,0.003408,0.006361,0.022584,-0.280362,-1.337331,0.384944,-1.211948,0.002923,-0.011022,3.264491,-0.118054,-0.563368,1.476338,-0.000819,-0.017282
6.033333,0.002751,0.003765,0.022475,-0.224145,-1.290000,0.346481,-1.159522,-0.000394,-0.016433,3.186204,-0.148861,-0.529239,1.428591,0.003391,-0.018241
6.066667,-0.002475,0.007842,0.020969,-0.184992,-1.212624,0.268018,-1.079522,-0.005295,-0.011701,3.106205,-0.219668,-0.455110,1.348591,0.007468,-0.021545
6.100000,-0.001583,0.011028,0.019495,-0.145753,-1.122385,0.173455,-0.979522,-0.014639,-0.008516,3.006205,-0.319668,-0.355110,1.248591,0.007638,-0.018839
6.133333,-0.005271,0.012640,0.016732,-0.128018,-1.063332,0.090065,-0.880190,-0.024433,-0.010128,2.906205,-0.419668,-0.255110,1.148591,-0.000973,-0.018431
6.166667,-0.022425,0.014055,0.001067,-0.119443,-1.021214,0.044578,-0.786305,-0.022792,-0.022263,2.806205,-0.519668,-0.169695,1.048591,0.005230,-0.024238
6.200000,-0.022297,0.016397,-0.003581,-0.127870,-0.990998,0.014434,-0.703892,-0.020330,-0.025286,2.706205,-0.619668,-0.114124,0.964653,0.009829,-0.016468
6.233333,-0.019207,0.012955,-0.001026,-0.129989,-0.995024,-0.007744,-0.646199,-0.018322,-0.027296,2.606205,-0.719668,-0.063558,0.897479,0.006673,-0.014549
6.266667,-0.027119,0.011752,-0.005722,-0.120336,-1.031914,-0.024261,-0.613840,-0.012920,-0.037344,2.506205,-0.819668,-0.023909,0.830305,0.000248,-0.015165
6.300000,-0.029949,0.020170,-0.008222,-0.129181,-1.056122,-0.011951,-0.605303,-0.008058,-0.029797,2.406205,-0.919668,-0.024260,0.796695,0.004647,-0.007045
6.333333,-0.020056,0.018461,0.004219,-0.164722,-1.089957,0.002456,-0.621922,-0.011952,-0.025576,2.306206,-1.016268,-0.033568,0.763085,0.002444,-0.005389
6.366667,-0.016228,0.016441,0.007886,-0.201712,-1.115579,0.041520,-0.657930,-0.008422,-0.017171,2.206206,-1.094465,-0.043488,0.716955,-0.008215,-0.012013
6.400000,-0.014008,0.027955,0.008255,-0.265712,-1.143674,0.112618,-0.709219,-0.011701,-0.016749,2.106206,-1.144420,-0.084215,0.670716,-0.013643,-0.002854
6.433333,-0.004096,0.026691,0.015481,-0.361570,-1.144203,0.212617,-0.775174,-0.010767,-0.008945,2.006206,-1.194375,-0.118983,0.654173,-0.006317,-0.006846
6.466667,0.001522,0.021349,0.019142,-0.457427,-1.136695,0.312617,-0.856638,-0.015167,-0.016179,1.906206,-1.227527,-0.134379,0.622999,-0.003691,-0.013147
6.500000,0.007756,0.021424,0.019712,-0.557427,-1.126920,0.412617,-0.947500,-0.016611,-0.013154,1.806206,-1.230390,-0.150005,0.609199,-0.001240,-0.002528
6.533333,0.006334,0.022291,0.023450,-0.644143,-1.126662,0.512617,-1.040183,-0.024111,-0.020772,1.706206,-1.241940,-0.135459,0.625013,0.003438,-0.003531
6.566667,0.012645,0.015340,0.027903,-0.717402,-1.102528,0.612617,-1.116879,-0.012828,-0.014006,1.606206,-1.264573,-0.096048,0.664174,0.006795,-0.006832
6.600000,0.015327,0.016333,0.036627,-0.770177,-1.084187,0.712618,-1.167698,-0.007663,-0.004661,1.506206,-1.249826,-0.064377,0.713638,0.002350,-0.005507
6.633333,0.014289,0.011645,0.038733,-0.799389,-1.055380,0.812618,-1.204294,-0.006755,-0.002994,1.406206,-1.211882,-0.012079,0.784170,-0.003481,-0.007368
6.666667,0.013356,0.011667,0.040826,-0.795951,-1.018363,0.912618,-1.200889,-0.003025,-0.003226,1.306206,-1.174568,0.051883,0.877328,-0.005177,-0.020697
6.700000,0.021170,0.008557,0.040692,-0.783745,-0.985549,1.012618,-1.180168,-0.003772,-0.010496,1.206206,-1.134187,0.106505,0.977328,-0.004269,-0.025253
6.733333,0.016477,0.003877,0.040600,-0.761641,-0.966602,1.112618,-1.156168,-0.012596,-0.018434,1.106206,-1.077650,0.148720,1.077328,-0.000512,-0.030087
6.766667,0.007727,0.007285,0.030362,-0.720019,-0.944971,1.212618,-1.118046,-0.013633,-0.021135,1.006206,-1.025652,0.186251,1.177328,-0.002532,-0.028285
6.800000,0.004488,0.014869,0.031101,-0.661962,-0.955434,1.272618,-1.054147,-0.011558,-0.014048,0.906206,-1.005610,0.205414,1.266290,-0.001255,-0.018725
6.833333,-0.003730,0.013222,0.027655,-0.596554,-0.983789,1.292618,-0.990248,-0.014797,-0.017439,0.806206,-0.995798,0.214773,1.342938,-0.000861,-0.016335
6.866667,-0.018240,0.013222,0.017340,-0.513198,-1.014395,1.272618,-0.910982,-0.006173,-0.013154,0.706205,-0.958768,0.207189,1.393815,0.004341,-0.006551
6.900000,-0.018012,0.022156,0.014735,-0.413198,-1.037343,1.212618,-0.810982,-0.006050,-0.014688,0.606205,-0.955055,0.191561,1.413216,0.004779,-0.002154
6.933333,-0.019309,0.019227,0.016245,-0.314222,-1.061696,1.112618,-0.712770,-0.010348,-0.025498,0.506205,-0.948046,0.180362,1.392616,0.012715,-0.005759
6.966667,-0.018913,0.018625,0.002084,-0.250494,-1.054688,1.012618,-0.636906,-0.002306,-0.029922,0.406205,-0.949081,0.159369,1.356710,0.020061,-0.013477
7.000000,-0.010482,0.023581,-0.000327,-0.209659,-1.042721,0.912618,-0.563484,-0.004240,-0.025728,0.306205,-0.951603,0.120336,1.293117,0.024442,-0.004748
7.033333,-0.006077,0.024859,0.005424,-0.180936,-1.042237,0.812618,-0.499432,-0.010807,-0.021678,0.206205,-0.979879,0.102965,1.215296,0.016576,-0.010467
7.066667,-0.012670,0.026806,-0.000412,-0.169168,-1.041198,0.712618,-0.455553,-0.015090,-0.012553,0.106205,-0.990535,0.090694,1.132985,0.016557,-0.015005
7.100000,-0.012066,0.029225,0.001538,-0.186575,-1.047191,0.612618,-0.427316,-0.017767,-0.004126,0.017255,-1.015910,0.054276,1.068546,0.016158,-0.006913
7.133333,-0.013296,0.024025,0.012072,-0.191623,-1.052453,0.512618,-0.390679,-0.030894,-0.005633,-0.049967,-1.022311,0.038744,0.990452,0.007966,-0.006000
7.166667,-0.016691,0.031530,0.014053,-0.189929,-1.047518,0.412618,-0.363540,-0.031297,-0.002073,-0.099077,-1.022178,0.030028,0.922892,-0.001984,-0.007362
7.200000,-0.021410,0.032099,0.017375,-0.193477,-1.030144,0.312618,-0.350401,-0.025220,-0.001730,-0.126118,-1.025795,0.005478,0.858588,-0.004439,0.000060
7.233333,-0.010499,0.020700,0.020436,-0.201776,-1.013167,0.212618,-0.341274,-0.020321,-0.008603,-0.142531,-1.042186,-0.005735,0.803880,-0.005454,-0.000874
7.266667,-0.004718,0.019505,0.016458,-0.194414,-0.987773,0.121101,-0.314717,-0.011781,-0.005231,-0.150503,-1.061844,0.005418,0.748249,-0.022512,-0.010435
7.300000,0.001242,0.019319,0.013167,-0.188141,-0.985549,0.057138,-0.311021,-0.008276,-0.006443,-0.168294,-1.065656,-0.010516,0.692619,-0.024543,-0.009077
7.333333,0.000867,0.006858,0.018227,-0.194213,-0.981631,0.010651,-0.316708,-0.004677,-0.005486,-0.185947,-1.097344,-0.006558,0.636881,-0.017161,-0.015799
7.366667,0.011746,0.005011,0.017006,-0.202488,-0.976441,-0.029108,-0.317898,-0.009283,-0.001012,-0.214507,-1.113897,0.001809,0.613700,-0.022157,-0.030982
7.400000,0.004892,0.006874,0.016325,-0.202846,-0.977121,-0.038783,-0.325145,-0.006784,0.000478,-0.223197,-1.126603,0.000152,0.576889,-0.024228,-0.029704
7.433333,0.002917,0.007642,0.022122,-0.195902,-0.971529,-0.020408,-0.343145,-0.013645,-0.005307,-0.230853,-1.117458,-0.019794,0.536109,-0.008817,-0.029448
7.466667,0.008844,0.009903,0.026643,-0.177056,-0.952317,0.007843,-0.348176,-0.005836,0.001727,-0.227294,-1.124914,-0.024884,0.519226,-0.010743,-0.023221
7.500000,0.014938,0.015020,0.029375,-0.156054,-0.949168,0.018617,-0.371884,-0.007445,-0.006570,-0.215176,-1.118928,-0.032606,0.516091,-0.011585,-0.018804
7.533333,0.001846,0.017012,0.020917,-0.133413,-0.959295,0.026819,-0.407402,-0.010655,-0.012958,-0.187424,-1.105716,-0.041489,0.505484,-0.004089,-0.006687
7.566667,-0.003920,0.026696,0.018065,-0.136982,-0.944588,0.031181,-0.440245,-0.011617,-0.004351,-0.177188,-1.101198,-0.045210,0.533952,-0.005462,0.004909
7.600000,-0.002660,0.028469,0.018235,-0.144671,-0.949376,0.022204,-0.463320,-0.010273,0.002849,-0.167755,-1.121931,-0.048965,0.566140,-0.003980,0.013455
7.633333,-0.014996,0.024612,0.011290,-0.153394,-0.970479,-0.008271,-0.493148,-0.013999,-0.007645,-0.166802,-1.127771,-0.043736,0.586368,0.002084,0.005756
7.666667,-0.014449,0.023753,-0.003799,-0.156533,-0.980652,-0.006082,-0.482975,-0.007169,-0.002236,-0.167509,-1.141123,-0.052715,0.617311,0.005251,0.005899
7.700000,-0.007536,0.023794,0.007242,-0.171472,-0.988957,0.007927,-0.463712,-0.004534,0.000644,-0.177975,-1.161086,-0.062103,0.628046,0.010094,0.007623
7.733333,-0.000514,0.014284,0.010401,-0.155997,-1.012100,0.007071,-0.432934,-0.007826,-0.007853,-0.183744,-1.168630,-0.067767,0.606782,0.014115,-0.004460
7.766667,-0.004082,0.016089,0.004565,-0.156634,-1.046454,0.023019,-0.416580,-0.009042,-0.006808,-0.192542,-1.167374,-0.059880,0.608818,0.013450,-0.006353
7.800000,-0.000886,0.016089,0.009155,-0.167598,-1.077316,0.032506,-0.400619,-0.010862,-0.004232,-0.193560,-1.179447,-0.066852,0.604248,0.013784,-0.004449
7.833333,-0.003468,0.015065,0.017945,-0.181707,-1.104950,0.030352,-0.399253,-0.018276,-0.004302,-0.204757,-1.180720,-0.069429,0.576434,0.014992,-0.003698
7.866667,-0.009792,0.018724,0.014475,-0.185543,-1.129566,0.035926,-0.392498,-0.017764,0.001396,-0.208449,-1.180236,-0.078765,0.562638,0.009361,-0.011933
7.900000,-0.013673,0.018924,0.015280,-0.196492,-1.174182,0.066185,-0.407199,-0.013412,0.001072,-0.212275,-1.185809,-0.086041,0.566209,0.009159,-0.011563
7.933333,-0.012913,0.013192,0.019945,-0.206360,-1.198410,0.069679,-0.432201,-0.009565,-0.001028,-0.218000,-1.203027,-0.096526,0.555649,0.014273,-0.010962
7.966667,-0.012186,0.017561,0.014382,-0.206526,-1.232254,0.088983,-0.458088,-0.010791,0.000854,-0.231725,-1.210065,-0.102202,0.568505,0.010409,-0.011265
8.000000,-0.019780,0.015834,0.011692,-0.202704,-1.265464,0.126365,-0.495533,-0.008418,-0.004056,-0.227561,-1.220561,-0.106103,0.578131,0.007370,-0.015239
8.033333,-0.008584,0.012069,0.010520,-0.202344,-1.288408,0.147148,-0.536857,-0.011678,-0.011912,-0.237163,-1.244928,-0.107590,0.597326,0.007139,-0.018870
8.066667,-0.003702,0.013086,0.003603,-0.208978,-1.289390,0.157502,-0.562937,-0.009855,-0.008259,-0.244359,-1.266767,-0.119533,0.622292,-0.006089,-0.014075
8.100000,-0.003424,0.014398,0.000352,-0.200927,-1.305978,0.173083,-0.584241,-0.010237,-0.017509,-0.236472,-1.264787,-0.144725,0.629980,-0.013294,-0.016021
8.133333,-0.003532,0.010029,0.003026,-0.198487,-1.293066,0.197031,-0.598727,-0.013652,-0.019370,-0.234346,-1.264346,-0.188435,0.637995,-0.009919,-0.022368
8.166667,0.006107,0.008984,0.003160,-0.206827,-1.281625,0.207356,-0.627059,-0.019613,-0.023087,-0.247839,-1.271427,-0.245549,0.660247,-0.014714,-0.022839
8.200000,0.004160,0.008006,0.005536,-0.212212,-1.284615,0.231715,-0.654748,-0.016222,-0.022827,-0.250440,-1.274557,-0.310589,0.681911,-0.012025,-0.014109
8.233333,-0.000144,0.013394,0.015520,-0.209600,-1.284755,0.270440,-0.678326,-0.015534,-0.026053,-0.261834,-1.264399,-0.383938,0.700852,0.000890,-0.013647
8.266667,0.014208,0.023637,0.023141,-0.235286,-1.256935,0.330703,-0.695996,-0.013094,-0.009003,-0.281104,-1.285330,-0.461321,0.751202,-0.003971,-0.008982
8.300000,0.013811,0.025904,0.030030,-0.262855,-1.262603,0.395096,-0.728614,-0.010298,-0.005166,-0.305448,-1.294685,-0.539613,0.787703,-0.004313,-0.004633
8.333333,0.006624,0.027370,0.022430,-0.274400,-1.257646,0.452937,-0.757243,-0.001041,-0.003720,-0.323924,-1.295639,-0.620590,0.833536,0.002949,0.002020
8.366667,0.000757,0.035652,0.022744,-0.305993,-1.247669,0.529640,-0.780567,-0.009217,0.001128,-0.363468,-1.291046,-0.711389,0.888232,0.002112,0.004914
8.400000,0.003730,0.028676,0.022275,-0.337628,-1.252424,0.597358,-0.821038,-0.012137,-0.002343,-0.402356,-1.284016,-0.811389,0.928188,0.002888,0.003074
8.433333,-0.008666,0.021977,0.011777,-0.348325,-1.263844,0.648910,-0.866552,-0.016420,-0.011293,-0.450713,-1.249299,-0.911389,0.954217,0.013869,0.002321
8.466667,-0.010498,0.022966,0.002796,-0.360780,-1.261215,0.677298,-0.902345,-0.015327,-0.016152,-0.479945,-1.236105,-1.011389,0.991415,0.008442,0.011721
8.500000,-0.013329,0.021200,0.012830,-0.373174,-1.272538,0.696378,-0.907982,-0.018101,-0.013510,-0.522394,-1.225972,-1.111389,1.020334,0.005368,0.008391
8.533333,-0.011053,0.014497,0.009438,-0.349132,-1.284048,0.688186,-0.919239,-0.010702,-0.014357,-0.547808,-1.225171,-1.206160,1.025019,0.005753,0.003702
8.566667,-0.014899,0.012830,0.006777,-0.339484,-1.298283,0.666648,-0.914497,-0.007233,-0.005191,-0.575004,-1.222678,-1.296004,1.056957,-0.001397,0.006167
8.600000,-0.018204,0.006576,0.009460,-0.325622,-1.307241,0.628518,-0.899476,-0.006419,-0.012738,-0.601909,-1.233809,-1.384195,1.087030,-0.005192,0.001313
8.633333,-0.016451,0.003320,0.015254,-0.315311,-1.294271,0.594825,-0.873154,-0.010293,-0.012329,-0.643259,-1.229072,-1.466450,1.112041,-0.000587,-0.010749
8.666667,-0.014436,0.007997,0.010539,-0.307199,-1.277609,0.587697,-0.852125,-0.008170,-0.008186,-0.683367,-1.233209,-1.539260,1.144160,-0.004338,-0.016359
8.700000,-0.015517,0.006442,0.012120,-0.308904,-1.273371,0.567841,-0.833155,-0.008839,-0.011938,-0.715368,-1.229567,-1.606780,1.185373,-0.002435,-0.017414
8.733333,-0.006760,0.006442,0.006622,-0.290175,-1.253642,0.538654,-0.796394,-0.011594,-0.018135,-0.756788,-1.252234,-1.658962,1.224867,0.004025,-0.025651
8.766667,-0.003909,0.008643,-0.001163,-0.278027,-1.262626,0.502225,-0.776852,-0.014650,-0.017979,-0.771031,-1.262032,-1.686135,1.240152,0.002806,-0.022674
8.800000,-0.006996,0.010203,-0.003460,-0.256871,-1.282381,0.446749,-0.746285,-0.011546,-0.018768,-0.758427,-1.281943,-1.679243,1.234105,0.003721,-0.021457
8.833333,-0.009879,0.005787,-0.000047,-0.240869,-1.285182,0.360984,-0.721958,-0.012484,-0.024508,-0.732783,-1.282143,-1.645509,1.210477,0.001211,-0.014660
8.866667,-0.007893,0.011545,0.001528,-0.242893,-1.278769,0.275219,-0.675821,-0.012235,-0.016615,-0.692880,-1.304418,-1.582292,1.175295,-0.002494,-0.010815
8.900000,-0.013908,0.013029,0.007721,-0.238014,-1.287981,0.197102,-0.637914,-0.016499,-0.016502,-0.613589,-1.299562,-1.499341,1.101832,-0.003026,-0.007156
8.933333,-0.014862,0.011683,0.016594,-0.231708,-1.279831,0.138985,-0.592999,-0.016166,-0.012895,-0.540370,-1.306270,-1.403052,1.028369,-0.001726,-0.009873
8.966667,-0.012644,0.010123,0.022678,-0.207871,-1.260912,0.120868,-0.580131,-0.005759,-0.014719,-0.462269,-1.297212,-1.306764,0.994906,0.003230,-0.006742
9.000000,-0.007417,0.009700,0.027253,-0.196241,-1.271551,0.136854,-0.589875,-0.000948,-0.007962,-0.368340,-1.270081,-1.206764,0.988212,0.000970,-0.002598
9.033333,-0.013115,0.003646,0.027918,-0.174950,-1.277118,0.192841,-0.639619,0.001560,-0.019876,-0.274411,-1.202950,-1.106764,0.994639,0.001839,-0.001145
9.066667,-0.021176,0.005205,0.026425,-0.184818,-1.272701,0.272841,-0.717486,0.004998,-0.021565,-0.180482,-1.122949,-1.006764,1.033987,0.002180,0.002864
9.100000,-0.021665,0.005517,0.023125,-0.214686,-1.260040,0.372841,-0.811056,0.006171,-0.027638,-0.080482,-1.022949,-0.906764,1.075600,0.000764,0.008122
9.133333,-0.024227,0.006553,0.020253,-0.283490,-1.281531,0.472841,-0.891894,-0.002345,-0.029619,0.019518,-0.922949,-0.806764,1.096394,-0.008863,0.007173
9.166667,-0.039707,0.009871,0.005522,-0.346485,-1.288030,0.572841,-0.957044,0.000012,-0.044362,0.119518,-0.828784,-0.706764,1.109161,-0.000894,-0.001600
9.200000,-0.038411,0.014423,0.000177,-0.427735,-1.281234,0.672841,-1.015435,0.003253,-0.044354,0.219518,-0.774618,-0.606764,1.110429,0.005422,0.005203
9.233333,-0.035362,0.013473,0.002623,-0.496342,-1.290122,0.772841,-1.063005,0.006107,-0.047122,0.319518,-0.760452,-0.506764,1.092977,0.003251,0.003294
9.266667,-0.041512,0.014472,-0.002625,-0.524950,-1.315892,0.872841,-1.096429,0.012498,-0.054265,0.419518,-0.784939,-0.406764,1.073260,-0.001055,0.000480
9.300000,-0.041634,0.023427,-0.006193,-0.554622,-1.319702,0.972841,-1.129568,0.015536,-0.047968,0.479518,-0.849426,-0.332794,1.034362,0.004357,0.006964
9.333333,-0.029381,0.022186,0.005558,-0.567823,-1.328358,1.042021,-1.163457,0.011481,-0.040851,0.499518,-0.948079,-0.261416,0.963491,0.004859,0.006935
9.366667,-0.023711,0.019026,0.007644,-0.559618,-1.327016,1.078662,-1.169289,0.017802,-0.029259,0.479518,-1.046403,-0.209454,0.877693,-0.005406,-0.003080
9.400000,-0.020388,0.028088,0.006744,-0.556699,-1.329812,1.115303,-1.188075,0.014164,-0.026971,0.419518,-1.116931,-0.191302,0.777693,-0.012821,0.004124
9.433333,-0.013074,0.025896,0.015547,-0.576736,-1.320754,1.129015,-1.212112,0.010495,-0.017670,0.319518,-1.188805,-0.174771,0.679543,-0.006596,-0.000255
9.466667,-0.007772,0.019709,0.018241,-0.587829,-1.312554,1.140608,-1.242155,0.011671,-0.017738,0.219518,-1.244275,-0.155615,0.610550,-0.003444,-0.005230
9.500000,-0.001528,0.020036,0.016481,-0.623690,-1.313877,1.181069,-1.282187,0.008083,-0.016336,0.119518,-1.266509,-0.164693,0.563872,-0.001479,0.002383
9.533333,-0.004687,0.022043,0.019631,-0.661756,-1.332157,1.231787,-1.331875,-0.000957,-0.023392,0.031893,-1.284463,-0.159703,0.548075,0.001204,0.004188
9.566667,0.005037,0.018214,0.023098,-0.695655,-1.334406,1.261832,-1.364421,0.010653,-0.018370,-0.035667,-1.321036,-0.139431,0.567046,0.007896,-0.005514
9.600000,0.007395,0.021287,0.028023,-0.725702,-1.340922,1.295770,-1.385638,0.015646,-0.009612,-0.091957,-1.337837,-0.146498,0.601925,0.005941,-0.002622
9.633333,0.004022,0.017483,0.026995,-0.733449,-1.342087,1.293339,-1.389321,0.010875,-0.013651,-0.122429,-1.331852,-0.155068,0.614653,0.002715,-0.004726
9.666667,0.002983,0.017230,0.027842,-0.704537,-1.328164,1.269672,-1.357953,0.017064,-0.010980,-0.150394,-1.345599,-0.167570,0.645066,-0.004069,-0.016066
9.700000,0.011922,0.013153,0.025536,-0.663215,-1.317934,1.228287,-1.314399,0.017642,-0.019442,-0.170657,-1.354149,-0.196522,0.654956,-0.001080,-0.017935
9.733333,0.003046,0.007315,0.021880,-0.618325,-1.308212,1.167576,-1.266253,0.010010,-0.023583,-0.181017,-1.337107,-0.229397,0.645615,0.000944,-0.018678
9.766667,-0.003835,0.008884,0.011866,-0.554332,-1.285719,1.090000,-1.202628,0.014222,-0.022149,-0.181410,-1.306555,-0.254583,0.637351,-0.004321,-0.016716
9.800000,-0.003090,0.014608,0.014034,-0.508790,-1.274152,1.019493,-1.135028,0.017807,-0.011751,-0.188355,-1.313209,-0.279694,0.634018,-0.003927,-0.008729
9.833333,-0.008844,0.012456,0.011620,-0.476968,-1.277858,0.948829,-1.094158,0.015398,-0.015812,-0.185920,-1.311134,-0.290051,0.620452,0.001987,-0.003933
9.866667,-0.018675,0.012456,0.002129,-0.462386,-1.276114,0.918166,-1.072682,0.021691,-0.012462,-0.183223,-1.278865,-0.303181,0.611890,0.007203,-0.000404
9.900000,-0.013932,0.018944,0.002044,-0.468942,-1.272995,0.927503,-1.065479,0.022470,-0.016628,-0.206306,-1.281364,-0.331163,0.587792,0.012646,0.004107
9.933333,-0.015048,0.016034,0.004401,-0.513687,-1.282360,0.972740,-1.080516,0.015230,-0.030226,-0.240600,-1.283675,-0.351117,0.544858,0.019471,-0.001800
9.966667,-0.018396,0.016774,-0.008712,-0.556969,-1.274189,1.049396,-1.093403,0.024173,-0.036011,-0.275801,-1.280209,-0.367757,0.529987,0.023961,-0.008180
10.000000,-0.012269,0.021926,-0.009059,-0.602838,-1.270393,1.133550,-1.079561,0.021603,-0.033170,-0.282889,-1.264946,-0.401317,0.522294,0.027000,-0.003426
10.033333,-0.010885,0.023931,-0.000875,-0.626143,-1.289315,1.177704,-1.043670,0.017365,-0.028047,-0.280137,-1.270848,-0.410307,0.515639,0.018782,-0.009918
10.066667,-0.020620,0.027029,-0.007110,-0.609448,-1.285136,1.181858,-0.975240,0.011181,-0.020382,-0.241572,-1.236749,-0.381993,0.548985,0.015499,-0.011674
10.100000,-0.018306,0.028696,-0.004737,-0.554563,-1.266434,1.146012,-0.884571,0.008577,-0.013292,-0.196454,-1.210832,-0.340437,0.622331,0.018149,-0.003465
10.133333,-0.016621,0.022594,0.005959,-0.473934,-1.246646,1.070166,-0.784571,-0.005165,-0.011704,-0.151263,-1.168660,-0.277361,0.695676,0.008892,-0.006061
10.166667,-0.019270,0.029943,0.006139,-0.385898,-1.190810,0.970166,-0.684571,-0.008061,-0.008224,-0.128865,-1.131571,-0.181762,0.772078,-0.001422,-0.004889
10.200000,-0.021908,0.030343,0.008134,-0.301165,-1.104009,0.870166,-0.624571,-0.005696,-0.008009,-0.123574,-1.111582,-0.107028,0.872078,-0.003391,0.006817
10.233333,-0.009391,0.019269,0.012708,-0.232704,-1.036259,0.770166,-0.604571,-0.002271,-0.013528,-0.158283,-1.131593,-0.052433,0.972078,-0.002804,0.004692
10.266667,-0.004771,0.016729,0.009459,-0.166343,-0.972695,0.670165,-0.624571,0.005680,-0.010307,-0.196532,-1.170893,-0.016803,1.072078,-0.019384,0.000021
10.300000,-0.001037,0.016365,0.007245,-0.121362,-0.933868,0.570165,-0.684571,0.009748,-0.015577,-0.247566,-1.207844,-0.021172,1.172078,-0.018239,0.005539
10.333333,-0.002284,0.003865,0.013367,-0.101041,-0.912125,0.470165,-0.784571,0.014825,-0.015009,-0.295630,-1.273741,-0.045383,1.272078,-0.011738,0.002377
10.366667,0.007094,0.001460,0.013336,-0.096380,-0.903272,0.370165,-0.884570,0.012663,-0.013953,-0.338166,-1.312547,-0.053909,1.371662,-0.017715,-0.014286
10.400000,-0.000019,0.001460,0.013499,-0.095737,-0.905177,0.270165,-0.984571,0.017123,-0.014602,-0.347328,-1.338584,-0.049179,1.451247,-0.024542,-0.013401
10.433333,-0.001443,0.001479,0.019270,-0.101718,-0.906113,0.170165,-1.084571,0.011419,-0.022051,-0.345541,-1.330623,-0.051661,1.510831,-0.012276,-0.016971
10.466667,0.006396,0.003661,0.023520,-0.098198,-0.893454,0.097055,-1.184571,0.018247,-0.016003,-0.324861,-1.326224,-0.031437,1.548356,-0.016507,-0.011904
10.500000,0.013273,0.005956,0.026523,-0.087307,-0.898473,0.023944,-1.284571,0.016372,-0.023962,-0.291227,-1.304542,0.005777,1.567941,-0.016719,-0.009901
10.533333,-0.000875,0.005956,0.018891,-0.073478,-0.911928,-0.047316,-1.381657,0.013049,-0.030152,-0.247181,-1.277649,0.032280,1.567941,-0.007728,0.001288
10.566667,-0.006888,0.015435,0.015552,-0.078407,-0.902370,-0.086641,-1.458742,0.011318,-0.019401,-0.212074,-1.260054,0.044463,1.567941,-0.005989,0.011408
10.600000,-0.006022,0.017836,0.015038,-0.078566,-0.909932,-0.099343,-1.495828,0.009300,-0.009944,-0.171453,-1.266159,0.053506,1.567941,-0.005976,0.021428
10.633333,-0.018661,0.015654,0.008102,-0.079634,-0.935692,-0.115657,-1.492914,0.006067,-0.018754,-0.141582,-1.263331,0.063848,1.550000,-0.000106,0.013461
10.666667,-0.017228,0.017397,-0.007282,-0.085309,-0.961714,-0.092074,-1.450000,0.010598,-0.011558,-0.128419,-1.277787,0.041441,1.510000,0.003393,0.012436
10.700000,-0.009338,0.019152,0.003395,-0.105060,-0.994799,-0.053656,-1.370000,0.011062,-0.007810,-0.136431,-1.306797,0.003672,1.450000,0.008535,0.014712
10.733333,-0.001297,0.012182,0.005527,-0.105313,-1.049368,-0.034766,-1.270000,0.009773,-0.017459,-0.161549,-1.328389,-0.036573,1.370000,0.013206,0.005267
10.766667,-0.005117,0.015502,0.000125,-0.135367,-1.117356,-0.002499,-1.170000,0.010868,-0.016863,-0.206239,-1.340930,-0.085971,1.270000,0.014740,0.000137
10.800000,-0.002413,0.015502,0.003721,-0.181849,-1.191627,0.023776,-1.070000,0.007539,-0.013457,-0.252730,-1.363086,-0.159375,1.170000,0.018074,0.000426
10.833333,-0.006054,0.016146,0.013007,-0.228110,-1.247025,0.050154,-0.970000,0.003446,-0.013152,-0.310428,-1.362810,-0.232779,1.070000,0.016221,0.001651
10.866667,-0.013418,0.021011,0.009663,-0.278576,-1.289547,0.099846,-0.870000,0.006676,-0.008259,-0.360247,-1.349535,-0.314927,0.992268,0.012075,-0.008289
10.900000,-0.019412,0.021931,0.012649,-0.342677,-1.333147,0.177131,-0.807923,0.007715,-0.008194,-0.401707,-1.335089,-0.413398,0.952155,0.008633,-0.010046
10.933333,-0.018517,0.017957,0.018122,-0.413024,-1.351136,0.254417,-0.780245,0.011709,-0.012612,-0.430862,-1.328780,-0.513398,0.944698,0.011591,-0.006782
10.966667,-0.020000,0.023392,0.013720,-0.491636,-1.357244,0.354417,-0.792567,0.010672,-0.011418,-0.447558,-1.308521,-0.613398,0.977241,0.001175,-0.004573
11.000000,-0.026874,0.022257,0.011689,-0.568412,-1.364469,0.454417,-0.842157,0.009784,-0.015868,-0.433325,-1.293587,-0.713398,1.017740,-0.002466,-0.008988
11.033333,-0.016479,0.019200,0.011710,-0.633896,-1.364174,0.554417,-0.908071,0.003867,-0.023573,-0.406864,-1.286562,-0.813398,1.070774,-0.005067,-0.009473
11.066667,-0.010250,0.018792,0.005285,-0.692454,-1.349075,0.654417,-0.951359,0.007322,-0.016097,-0.356090,-1.263285,-0.908352,1.126189,-0.020381,-0.004405
11.100000,-0.010418,0.020429,0.004923,-0.719464,-1.352957,0.754417,-0.967869,0.004616,-0.020276,-0.287550,-1.217222,-0.994946,1.174727,-0.024809,-0.006333
11.133333,-0.010521,0.014994,0.009424,-0.718411,-1.333097,0.854417,-0.948555,0.003097,-0.022419,-0.203461,-1.167230,-1.066846,1.223028,-0.016312,-0.013525
11.166667,-0.003084,0.011446,0.009699,-0.705086,-1.315615,0.954417,-0.907949,-0.000202,-0.029557,-0.115514,-1.094346,-1.128683,1.303373,-0.021114,-0.009786
11.200000,-0.005536,0.008341,0.010929,-0.680473,-1.312479,1.047622,-0.859285,0.003924,-0.029679,-0.015514,-1.006035,-1.176781,1.388072,-0.018444,-0.002224
11.233333,-0.013495,0.013140,0.020083,-0.636159,-1.307058,1.131437,-0.799341,0.001002,-0.035480,0.084486,-0.906035,-1.205289,1.451303,-0.002182,-0.000773
11.266667,-0.001471,0.019373,0.027404,-0.606658,-1.273159,1.175252,-0.731776,0.005127,-0.018697,0.184486,-0.810964,-1.227818,1.510222,-0.012013,0.007192
11.300000,-0.000286,0.020464,0.033933,-0.581067,-1.276719,1.186118,-0.696881,0.006575,-0.016210,0.284486,-0.715894,-1.249036,1.543680,-0.017007,0.017195
11.333333,-0.009217,0.022745,0.025535,-0.551147,-1.267350,1.171169,-0.661270,0.014956,-0.015034,0.384486,-0.631133,-1.260890,1.562836,-0.013785,0.021114
11.366667,-0.015325,0.028823,0.028534,-0.533275,-1.251594,1.140884,-0.623475,0.008279,-0.006206,0.484486,-0.558104,-1.278853,1.562836,-0.013088,0.026211
11.400000,-0.010819,0.021512,0.028576,-0.516086,-1.250992,1.079989,-0.604035,0.004510,-0.012804,0.584486,-0.490947,-1.305769,1.563925,-0.017535,0.026905
11.433333,-0.022507,0.014693,0.016330,-0.486144,-1.261292,1.023147,-0.606893,0.002437,-0.027199,0.684486,-0.442524,-1.308187,1.554302,-0.005531,0.025217
11.466667,-0.028089,0.015733,0.007379,-0.461397,-1.251426,0.959254,-0.596305,0.006771,-0.028910,0.784486,-0.412072,-1.326609,1.553919,-0.009442,0.032795
11.500000,-0.032543,0.013452,0.017462,-0.428967,-1.258374,0.881176,-0.570933,0.003688,-0.021898,0.884486,-0.408364,-1.333973,1.538768,-0.009704,0.027684
11.533333,-0.033314,0.008311,0.012327,-0.369694,-1.270933,0.785229,-0.557939,0.012092,-0.025115,0.984486,-0.432923,-1.315035,1.504608,-0.011175,0.026121
11.566667,-0.035689,0.007802,0.007809,-0.324104,-1.284346,0.689283,-0.540316,0.019160,-0.013676,1.084486,-0.486907,-1.271780,1.475377,-0.014943,0.027544
11.600000,-0.039361,0.003572,0.010582,-0.279737,-1.291437,0.589283,-0.501457,0.017541,-0.018311,1.184486,-0.557227,-1.227364,1.435391,-0.015701,0.021649
11.633333,-0.035230,0.001441,0.015253,-0.247023,-1.281234,0.489283,-0.456405,0.010694,-0.016682,1.244486,-0.632698,-1.142947,1.371861,-0.008344,0.006248
11.666667,-0.028694,0.006963,0.010695,-0.235731,-1.275161,0.398334,-0.418550,0.013328,-0.012896,1.264486,-0.711117,-1.049017,1.297403,-0.008200,0.001791
11.700000,-0.024564,0.007224,0.011636,-0.245886,-1.280101,0.307386,-0.376775,0.010859,-0.015646,1.244486,-0.789535,-0.949017,1.221954,-0.003946,-0.003425
11.733333,-0.018580,0.007224,0.006318,-0.247545,-1.270875,0.233972,-0.327056,0.008200,-0.018741,1.184486,-0.872658,-0.849017,1.121954,0.002745,-0.013504
11.766667,-0.012354,0.011657,-0.001707,-0.267585,-1.290819,0.178470,-0.316274,0.009503,-0.015917,1.084486,-0.955780,-0.751564,1.021954,0.000762,-0.015559
11.800000,-0.012631,0.013581,-0.002715,-0.288057,-1.321130,0.162967,-0.328284,0.010083,-0.015196,0.984486,-1.055780,-0.694112,0.943383,0.001057,-0.016061
11.833333,-0.012077,0.010379,0.001519,-0.308471,-1.325032,0.176719,-0.372624,0.011303,-0.020329,0.884486,-1.140049,-0.676660,0.900648,-0.000161,-0.009598
11.866667,-0.009856,0.016649,0.003100,-0.343476,-1.314891,0.203827,-0.423027,0.013071,-0.011890,0.784486,-1.217241,-0.699208,0.897912,-0.007973,-0.007682
11.900000,-0.014214,0.018020,0.009231,-0.366058,-1.314433,0.213401,-0.470679,0.011143,-0.014562,0.684486,-1.254434,-0.761756,0.935176,-0.007349,-0.005461
11.933333,-0.017792,0.014912,0.016919,-0.368312,-1.295335,0.218261,-0.498332,0.009917,-0.014176,0.584486,-1.251627,-0.847884,1.012440,-0.006891,-0.006924
11.966667,-0.014455,0.012988,0.021310,-0.377870,-1.297673,0.223121,-0.525984,0.016488,-0.016946,0.524486,-1.208819,-0.894012,1.068274,-0.004304,-0.005483
12.000000,-0.009852,0.010668,0.024675,-0.392837,-1.329169,0.229674,-0.553636,0.012325,-0.011896,0.504486,-1.141743,-0.900141,1.088274,-0.009248,-0.005155
12.033333,-0.013232,0.002743,0.024975,-0.395870,-1.355174,0.262871,-0.600683,0.006187,-0.022670,0.524486,-1.041743,-0.866269,1.068274,-0.007631,-0.006871
12.066667,-0.018628,0.003797,0.022973,-0.414277,-1.377384,0.336068,-0.680683,0.001950,-0.022352,0.584486,-0.941743,-0.792397,1.013966,-0.007280,-0.006225
12.100000,-0.018080,0.003391,0.020315,-0.435561,-1.394589,0.422535,-0.765634,-0.006135,-0.024846,0.684486,-0.841743,-0.692397,0.924010,-0.011448,-0.001818
12.133333,-0.022276,0.003391,0.016722,-0.439519,-1.404995,0.479685,-0.831163,-0.014050,-0.027298,0.784486,-0.741743,-0.592397,0.851480,-0.019392,-0.001357
12.166667,-0.039154,0.004602,0.000936,-0.412256,-1.404995,0.523450,-0.865233,-0.013612,-0.042721,0.884486,-0.641743,-0.492397,0.796658,-0.014168,-0.007916
12.200000,-0.038323,0.008654,-0.005365,-0.383390,-1.397470,0.527214,-0.866772,-0.008858,-0.044832,0.984486,-0.581743,-0.392397,0.741836,-0.007052,0.002033
12.233333,-0.034392,0.007059,-0.003410,-0.349036,-1.397470,0.492992,-0.850828,-0.007433,-0.049841,1.084486,-0.543136,-0.292397,0.686726,-0.008931,0.001984
12.266667,-0.040225,0.009476,-0.009606,-0.302016,-1.402476,0.432303,-0.811182,-0.000613,-0.058087,1.184486,-0.535836,-0.192397,0.627262,-0.011276,0.002555
12.300000,-0.044111,0.019690,-0.011834,-0.269582,-1.402476,0.376643,-0.758799,-0.000558,-0.052130,1.284486,-0.568536,-0.102705,0.552380,-0.005477,0.010448
12.333333,-0.034156,0.020777,0.000470,-0.249100,-1.402476,0.303244,-0.710246,-0.004827,-0.043311,1.344486,-0.641237,-0.022915,0.459790,-0.003912,0.012288
12.366667,-0.028475,0.019458,0.003130,-0.223366,-1.390077,0.234521,-0.654225,-0.000545,-0.029846,1.364486,-0.710414,0.028573,0.367199,-0.013339,0.002101
12.400000,-0.026723,0.029480,0.003060,-0.211504,-1.390077,0.189453,-0.588099,-0.004953,-0.024608,1.344486,-0.778767,0.040292,0.290566,-0.016347,0.013297
12.433333,-0.020179,0.027734,0.012068,-0.222489,-1.390077,0.155846,-0.536314,-0.006663,-0.014642,1.284486,-0.855813,0.045810,0.240225,-0.008050,0.009084
12.466667,-0.012626,0.022580,0.013491,-0.220176,-1.385687,0.129328,-0.489960,-0.004671,-0.014924,1.184486,-0.932860,0.027616,0.219361,-0.003294,0.003375
12.500000,-0.007094,0.021635,0.012349,-0.237118,-1.385687,0.114245,-0.448012,-0.005897,-0.009330,1.084486,-1.009906,-0.020468,0.221188,-0.001293,0.014341
12.533333,-0.010693,0.021967,0.014705,-0.254477,-1.405610,0.114375,-0.415912,-0.012313,-0.017380,0.984486,-1.090475,-0.054198,0.256429,0.004764,0.014526
12.566667,-0.005651,0.017740,0.018147,-0.272365,-1.405610,0.104316,-0.393959,-0.001393,-0.012008,0.884486,-1.190475,-0.075668,0.307875,0.009400,0.005465
12.600000,-0.005919,0.019355,0.023893,-0.290000,-1.405610,0.110789,-0.369916,0.003419,-0.004161,0.784486,-1.274380,-0.130935,0.360333,0.005653,0.005335
12.633333,-0.007691,0.014295,0.023695,-0.302639,-1.406348,0.120089,-0.366412,0.001666,-0.004391,0.684486,-1.329421,-0.192184,0.401319,0.001869,0.004550
12.666667,-0.008437,0.015177,0.024579,-0.300514,-1.400820,0.149078,-0.357230,0.005161,-0.005283,0.584486,-1.367220,-0.253640,0.459614,0.000529,-0.009092
12.700000,-0.003483,0.012112,0.022445,-0.303711,-1.395269,0.175440,-0.370286,0.004295,-0.013336,0.484486,-1.391125,-0.332171,0.501288,0.000339,-0.012120
12.733333,-0.007709,0.006927,0.020231,-0.305440,-1.395269,0.206908,-0.388624,-0.000770,-0.016266,0.384486,-1.386695,-0.402940,0.522564,0.002996,-0.012049
12.766667,-0.009269,0.008517,0.010186,-0.292708,-1.382220,0.240711,-0.401425,-0.000296,-0.014970,0.284486,-1.366781,-0.443343,0.534030,-0.000841,-0.010562
12.800000,-0.009339,0.015270,0.011975,-0.302581,-1.373976,0.269699,-0.411627,0.002026,-0.007872,0.184486,-1.372504,-0.455251,0.540115,-0.001398,-0.004814
12.833333,-0.012633,0.013035,0.009182,-0.305518,-1.379503,0.273591,-0.434931,0.002780,-0.010576,0.084486,-1.374892,-0.443923,0.534890,0.002672,-0.003159
12.866667,-0.021369,0.013035,0.000726,-0.297760,-1.379324,0.280415,-0.448417,0.010915,-0.006434,-0.015514,-1.351175,-0.411932,0.536886,0.008643,0.004395
12.900000,-0.019489,0.020009,-0.001305,-0.294445,-1.379324,0.284020,-0.451040,0.011903,-0.010920,-0.092190,-1.355791,-0.368389,0.534427,0.011811,0.005804
12.933333,-0.022399,0.016080,0.000283,-0.303275,-1.391054,0.270078,-0.464952,0.005075,-0.022561,-0.152575,-1.353694,-0.315212,0.514471,0.019958,0.002936
12.966667,-0.024774,0.015156,-0.012608,-0.299314,-1.381631,0.275324,-0.487653,0.013850,-0.027323,-0.202006,-1.348096,-0.267347,0.515806,0.026519,-0.003044
13.000000,-0.019203,0.019530,-0.014009,-0.311548,-1.366886,0.305666,-0.525422,0.011924,-0.025962,-0.215071,-1.330360,-0.229172,0.493380,0.027041,0.004312
13.033333,-0.014303,0.020820,-0.006699,-0.325432,-1.370098,0.327107,-0.564356,0.007586,-0.020539,-0.211196,-1.336051,-0.180636,0.454078,0.021035,-0.003407
13.066667,-0.018996,0.023204,-0.010647,-0.344884,-1.363043,0.371182,-0.626311,0.002304,-0.015490,-0.212485,-1.315007,-0.138413,0.418261,0.016407,-0.007563
13.100000,-0.016063,0.026917,-0.006855,-0.375873,-1.358904,0.442475,-0.709015,0.002899,-0.013332,-0.217070,-1.309869,-0.127817,0.406544,0.016930,-0.000996
13.133333,-0.014788,0.021961,0.005884,-0.410797,-1.354764,0.513768,-0.791720,-0.008509,-0.015793,-0.209119,-1.289310,-0.103085,0.358907,0.008147,-0.001719
13.166667,-0.015858,0.029125,0.008392,-0.436583,-1.339860,0.585062,-0.875154,-0.011234,-0.013679,-0.215676,-1.273371,-0.083906,0.329011,-0.000323,-0.001371
13.200000,-0.018875,0.029318,0.012470,-0.463346,-1.317762,0.661596,-0.975154,-0.007140,-0.015343,-0.218145,-1.264179,-0.085275,0.299295,-0.003061,0.008271
13.233333,-0.008270,0.018518,0.017019,-0.470270,-1.302181,0.698131,-1.072745,-0.004855,-0.023081,-0.225426,-1.275153,-0.085528,0.279956,-0.002952,0.009050
13.266667,-0.002634,0.016948,0.013095,-0.454662,-1.284824,0.707048,-1.136795,0.004160,-0.018686,-0.225618,-1.292204,-0.068956,0.258321,-0.016468,0.000358
13.300000,0.002179,0.016075,0.009758,-0.431232,-1.293279,0.696581,-1.193649,0.008212,-0.022521,-0.234378,-1.295585,-0.080045,0.246441,-0.016570,0.003874
13.333333,-0.000277,0.004537,0.015105,-0.420258,-1.302029,0.661715,-1.226135,0.013674,-0.021189,-0.246940,-1.323686,-0.070435,0.240885,-0.008662,-0.002067
13.366667,0.009514,0.003054,0.013795,-0.414915,-1.303036,0.619002,-1.230676,0.009857,-0.018398,-0.269099,-1.331597,-0.051410,0.254722,-0.013753,-0.017915
13.400000,0.001997,0.003813,0.012747,-0.412443,-1.311362,0.611882,-1.216198,0.013874,-0.013146,-0.280101,-1.333981,-0.040468,0.241986,-0.014372,-0.018527
13.433333,-0.000767,0.004056,0.017941,-0.407136,-1.307400,0.623581,-1.195262,0.005393,-0.017116,-0.291865,-1.312676,-0.042769,0.207446,-0.002345,-0.019096
13.466667,0.006166,0.006799,0.021521,-0.385261,-1.286915,0.634267,-1.141521,0.011617,-0.008893,-0.294478,-1.293272,-0.035187,0.182322,-0.004466,-0.013984
13.500000,0.011065,0.010835,0.024173,-0.356406,-1.285435,0.629352,-1.072148,0.008829,-0.014297,-0.290079,-1.250016,-0.028010,0.143497,-0.006917,-0.010395
13.533333,-0.004638,0.012193,0.015129,-0.327477,-1.294918,0.615749,-1.007885,0.004214,-0.020954,-0.270621,-1.197369,-0.026077,0.099343,0.000851,0.001035
13.566667,-0.010160,0.022477,0.011873,-0.322686,-1.275103,0.599226,-0.965050,0.002504,-0.011205,-0.258831,-1.138505,-0.021809,0.080062,0.000747,0.010631
13.600000,-0.007361,0.023945,0.012972,-0.334220,-1.247756,0.578591,-0.962216,0.002103,-0.004599,-0.244523,-1.091108,-0.016398,0.069278,0.002653,0.018735
13.633333,-0.019589,0.021203,0.006489,-0.360002,-1.216828,0.565717,-0.999381,-0.001785,-0.013967,-0.233632,-1.037628,0.004243,0.053842,0.009239,0.010533
13.666667,-0.016369,0.021193,-0.008796,-0.394405,-1.154973,0.592843,-1.076546,0.004382,-0.010436,-0.212974,-0.992783,0.006061,0.063113,0.013768,0.007479
13.700000,-0.007604,0.021175,0.002863,-0.438870,-1.082791,0.641847,-1.176546,0.006277,-0.008491,-0.198761,-0.956015,0.005714,0.089508,0.015787,0.008647
13.733333,-0.000406,0.011760,0.005065,-0.451536,-1.018482,0.658180,-1.276546,0.006195,-0.020246,-0.182538,-0.921242,0.012239,0.124776,0.016928,-0.000844
13.766667,-0.005866,0.013032,-0.001033,-0.460271,-0.984001,0.665165,-1.369379,0.005404,-0.018729,-0.166226,-0.892431,0.026878,0.191547,0.016418,-0.001722
13.800000,-0.005290,0.013032,0.003124,-0.461515,-0.943812,0.644787,-1.448069,0.004033,-0.016712,-0.145858,-0.875112,0.030693,0.283799,0.015292,-0.000392
13.833333,-0.009264,0.011967,0.012789,-0.450744,-0.904672,0.584409,-1.506760,-0.002340,-0.015472,-0.145378,-0.859509,0.044228,0.376052,0.014667,0.002577
13.866667,-0.016997,0.014687,0.009012,-0.425348,-0.863845,0.502152,-1.542481,-0.000635,-0.008186,-0.140998,-0.847298,0.050511,0.469798,0.010459,-0.004045
13.900000,-0.021543,0.013997,0.011708,-0.405668,-0.846527,0.419896,-1.561171,0.002170,-0.005350,-0.141674,-0.847309,0.055000,0.569798,0.011322,-0.005916
13.933333,-0.022316,0.008748,0.016272,-0.393166,-0.817424,0.321655,-1.567030,0.005433,-0.008645,-0.150098,-0.863777,0.054810,0.669798,0.014870,-0.005528
13.966667,-0.020789,0.012505,0.009925,-0.389660,-0.828320,0.240145,-1.567030,0.004520,-0.004919,-0.174038,-0.905967,0.033154,0.733414,0.006749,-0.001840
14.000000,-0.029212,0.011415,0.006398,-0.391806,-0.870157,0.191699,-1.567030,0.006582,-0.009862,-0.192112,-0.965030,0.001478,0.757031,0.003858,-0.004027
14.033333,-0.016357,0.008816,0.005716,-0.418036,-0.921860,0.165087,-1.570000,0.002645,-0.018433,-0.222702,-1.052033,-0.029274,0.740647,0.002043,-0.006473
14.066667,-0.009755,0.011288,-0.001277,-0.470349,-0.970548,0.178474,-1.570000,0.003133,-0.014230,-0.248155,-1.143132,-0.069703,0.717663,-0.013620,-0.003152
14.100000,-0.008689,0.014292,-0.003279,-0.536643,-1.041196,0.230103,-1.570000,0.004831,-0.019973,-0.257946,-1.227381,-0.118036,0.663819,-0.020961,-0.005090
14.133333,-0.007016,0.010535,0.000774,-0.615431,-1.077558,0.305000,-1.567601,0.000472,-0.022343,-0.265941,-1.285286,-0.158817,0.631311,-0.013421,-0.016679
14.166667,0.005743,0.009219,0.001822,-0.706769,-1.097500,0.386833,-1.567601,-0.005449,-0.027047,-0.271703,-1.337824,-0.183326,0.613386,-0.017332,-0.020899
14.200000,0.000171,0.008718,0.004482,-0.782532,-1.121060,0.486833,-1.567601,-0.001690,-0.024603,-0.263816,-1.371755,-0.199211,0.618315,-0.013974,-0.016501
14.233333,-0.003257,0.013829,0.013596,-0.818422,-1.132667,0.578570,-1.563761,-0.001947,-0.030044,-0.260228,-1.381222,-0.212626,0.611413,0.001917,-0.015298
14.266667,0.013223,0.022476,0.020110,-0.814311,-1.117294,0.630306,-1.548608,-0.001139,-0.011849,-0.254032,-1.388116,-0.225775,0.619317,-0.001349,-0.009591
14.300000,0.011502,0.023957,0.027370,-0.775706,-1.133561,0.642043,-1.551006,0.001176,-0.009278,-0.248679,-1.384142,-0.230804,0.602268,-0.001714,-0.003703
14.333333,0.001919,0.025092,0.020024,-0.700257,-1.138733,0.613779,-1.551006,0.010634,-0.009044,-0.245592,-1.368871,-0.248641,0.610636,0.002688,0.000227
14.366667,-0.002008,0.032860,0.019865,-0.608798,-1.142504,0.545516,-1.531006,0.003857,-0.002776,-0.267580,-1.336498,-0.290235,0.636150,0.003765,0.007713
14.400000,-0.002514,0.024515,0.018339,-0.517211,-1.160050,0.445516,-1.494846,-0.000134,-0.006592,-0.304203,-1.289559,-0.350562,0.680095,0.003400,0.006089
14.433333,-0.017057,0.017427,0.007707,-0.426993,-1.178619,0.345516,-1.450000,-0.003653,-0.018933,-0.373271,-1.219592,-0.419782,0.740095,0.010285,0.003102
14.466667,-0.017777,0.018158,-0.002836,-0.358034,-1.179080,0.252958,-1.370000,-0.001086,-0.021543,-0.452492,-1.161382,-0.507157,0.840095,0.005514,0.014978
14.500000,-0.022305,0.016467,0.005325,-0.304582,-1.193101,0.168999,-1.270000,-0.005710,-0.016352,-0.552492,-1.101539,-0.607157,0.940095,0.004678,0.013404
14.533333,-0.020524,0.010218,0.001171,-0.250206,-1.203131,0.109571,-1.170000,-0.000838,-0.017271,-0.612492,-1.058733,-0.707157,1.040095,0.005363,0.008115
14.566667,-0.024017,0.010042,-0.000132,-0.231618,-1.207604,0.081076,-1.070000,0.003602,-0.007255,-0.632492,-1.025856,-0.767157,1.102391,-0.001599,0.012995
14.600000,-0.025462,0.004691,0.002690,-0.233437,-1.206150,0.065379,-0.970000,0.002013,-0.012827,-0.612492,-1.010099,-0.787157,1.124686,-0.001001,0.006935
14.633333,-0.023948,0.002479,0.009394,-0.241514,-1.185450,0.063960,-0.870000,-0.003364,-0.010075,-0.552492,-0.986359,-0.767157,1.106981,0.003763,-0.007937
14.666667,-0.020127,0.006903,0.006380,-0.253580,-1.159556,0.093941,-0.770000,-0.000912,-0.003517,-0.452492,-0.974561,-0.707157,1.069405,0.000967,-0.011294
14.700000,-0.021238,0.004424,0.009523,-0.276000,-1.143703,0.099393,-0.670000,-0.000700,-0.006138,-0.352492,-0.958567,-0.607157,1.010009,0.002822,-0.013750
14.733333,-0.013301,0.004424,0.003427,-0.274173,-1.119054,0.097232,-0.570000,-0.002507,-0.009512,-0.284552,-0.971674,-0.507157,0.985812,0.007471,-0.020931
14.766667,-0.012545,0.006703,-0.003336,-0.272709,-1.123506,0.082939,-0.478115,-0.001216,-0.007726,-0.217620,-0.982066,-0.407157,0.961615,0.005242,-0.017075
14.800000,-0.014556,0.006703,-0.004389,-0.264443,-1.145096,0.074826,-0.420057,0.001453,-0.008167,-0.179499,-1.012591,-0.307157,0.937418,0.005079,-0.014484
14.833333,-0.016529,0.002279,-0.000518,-0.260566,-1.151612,0.043867,-0.387639,0.000759,-0.012897,-0.165964,-1.027670,-0.210316,0.900857,0.002997,-0.005099
14.866667,-0.012260,0.007561,0.001258,-0.272164,-1.161410,0.024047,-0.379824,0.000930,-0.007068,-0.173292,-1.065616,-0.132217,0.861950,-0.002954,-0.000506
14.900000,-0.017819,0.008597,0.008226,-0.272825,-1.195371,0.019532,-0.412009,-0.002214,-0.008963,-0.177157,-1.099013,-0.082428,0.785549,-0.002253,0.001349
14.933333,-0.018962,0.007355,0.016653,-0.271346,-1.214878,0.034351,-0.456140,-0.002201,-0.007839,-0.200017,-1.136569,-0.052639,0.709147,-0.002289,-0.000488
14.966667,-0.015558,0.007355,0.019657,-0.256608,-1.238356,0.047092,-0.466446,0.004450,-0.010455,-0.213118,-1.185648,-0.062849,0.637599,0.003150,0.000273
15.000000,-0.005927,0.009559,0.023057,-0.249167,-1.297651,0.071755,-0.488121,0.004439,-0.004713,-0.227915,-1.240898,-0.095524,0.593257,0.002367,-0.002019
15.033333,-0.008774,0.004521,0.022136,-0.231464,-1.341776,0.098153,-0.508880,-0.000663,-0.013395,-0.235369,-1.281422,-0.121957,0.549708,0.008578,-0.003558
15.066667,-0.010830,0.006712,0.018576,-0.231722,-1.363146,0.120634,-0.514963,-0.001683,-0.011937,-0.236731,-1.293246,-0.155076,0.545294,0.012706,-0.006593
15.100000,-0.007478,0.008062,0.014346,-0.231637,-1.371878,0.151567,-0.534995,-0.007211,-0.014406,-0.231143,-1.314782,-0.194055,0.552951,0.016319,-0.004607
15.133333,-0.011131,0.009546,0.012026,-0.246768,-1.391414,0.170645,-0.578299,-0.014158,-0.012038,-0.227366,-1.325057,-0.200693,0.575199,0.007693,-0.004865
15.166667,-0.028158,0.009769,-0.002875,-0.238522,-1.386347,0.200647,-0.600838,-0.013844,-0.025038,-0.219294,-1.313268,-0.212823,0.592968,0.011575,-0.010622
15.200000,-0.024698,0.013555,-0.008153,-0.245124,-1.371238,0.231068,-0.617928,-0.007264,-0.028490,-0.210889,-1.316205,-0.250329,0.618385,0.014499,-0.003387
15.233333,-0.022450,0.010328,-0.004268,-0.243275,-1.373994,0.231686,-0.634465,-0.005047,-0.033126,-0.205064,-1.331800,-0.259053,0.620476,0.011124,0.000505
15.266667,-0.028668,0.010688,-0.007747,-0.225638,-1.386624,0.203852,-0.618447,0.002498,-0.042039,-0.195080,-1.324821,-0.251578,0.626488,0.000296,0.004051
15.300000,-0.030501,0.017420,-0.009198,-0.225330,-1.383790,0.182758,-0.587954,0.002701,-0.038859,-0.201463,-1.333674,-0.276444,0.653055,0.005026,0.012525
15.333333,-0.020395,0.016862,0.002669,-0.233059,-1.389901,0.137206,-0.561489,-0.003133,-0.032761,-0.199571,-1.354605,-0.290939,0.656516,0.005103,0.012533
15.366667,-0.017786,0.014131,0.006511,-0.223503,-1.383569,0.098185,-0.524328,0.000301,-0.020349,-0.206086,-1.348430,-0.291670,0.650647,-0.004035,0.002799
15.400000,-0.017255,0.023933,0.005932,-0.226911,-1.382128,0.094258,-0.502395,-0.007762,-0.015809,-0.197165,-1.326229,-0.315847,0.650402,-0.008397,0.010645
15.433333,-0.013100,0.022350,0.013541,-0.249159,-1.375529,0.119060,-0.519006,-0.010751,-0.006062,-0.205114,-1.336890,-0.332246,0.661763,-0.003087,0.003050
15.466667,-0.007545,0.018667,0.016786,-0.256619,-1.363546,0.163156,-0.566820,-0.013563,-0.009485,-0.207224,-1.323454,-0.317737,0.648652,-0.000231,-0.003184
15.500000,-0.001482,0.018440,0.016379,-0.288028,-1.348810,0.231710,-0.634360,-0.012764,-0.008241,-0.202125,-1.295635,-0.294198,0.634711,0.004257,0.008609
15.533333,-0.003794,0.020644,0.020327,-0.326553,-1.342119,0.313381,-0.734360,-0.018952,-0.016305,-0.194017,-1.276169,-0.246547,0.630413,0.006564,0.008194
15.566667,0.005432,0.017017,0.024049,-0.370085,-1.313366,0.371261,-0.834360,-0.005572,-0.013299,-0.197535,-1.281607,-0.178136,0.631575,0.005117,0.001330
15.600000,0.008789,0.019509,0.030238,-0.416961,-1.289901,0.418098,-0.934361,0.000694,-0.005257,-0.204977,-1.264246,-0.131874,0.621473,0.003239,0.003127
15.633333,0.005812,0.014975,0.029353,-0.459536,-1.260037,0.437800,-1.034361,0.001098,-0.006503,-0.191489,-1.230982,-0.094754,0.599684,-0.001898,0.003370
15.666667,0.003244,0.013674,0.031036,-0.462318,-1.231946,0.440909,-1.112960,0.004163,-0.004155,-0.206920,-1.217589,-0.069378,0.608346,-0.008344,-0.011825
15.700000,0.007785,0.010172,0.026331,-0.437366,-1.219100,0.411076,-1.160305,0.002970,-0.013116,-0.221100,-1.209002,-0.060918,0.598917,-0.006571,-0.011933
15.733333,0.001057,0.005919,0.023587,-0.398699,-1.213901,0.374818,-1.183084,-0.002942,-0.016644,-0.225467,-1.178509,-0.065154,0.576004,0.001329,-0.012140
15.766667,-0.005272,0.007721,0.012659,-0.335057,-1.204015,0.334331,-1.165863,-0.003442,-0.016799,-0.218280,-1.135470,-0.062601,0.549463,-0.001182,-0.009898
15.800000,-0.004668,0.014735,0.013880,-0.285995,-1.214606,0.286871,-1.108642,-0.000404,-0.008058,-0.224637,-1.127053,-0.059567,0.527234,0.000190,-0.004537
15.833333,-0.009295,0.014393,0.008987,-0.248423,-1.236749,0.231807,-1.032821,0.000714,-0.012517,-0.221910,-1.117656,-0.052902,0.497073,0.005518,0.000515
15.866667,-0.019397,0.014393,0.000604,-0.225407,-1.251571,0.196040,-0.948255,0.007684,-0.006531,-0.213639,-1.082204,-0.048031,0.487062,0.010935,0.006187
15.900000,-0.017952,0.021135,-0.001585,-0.222161,-1.264872,0.173065,-0.848255,0.007252,-0.011714,-0.216916,-1.080371,-0.046152,0.484207,0.010845,0.006436
15.933333,-0.018024,0.018423,0.000429,-0.236214,-1.282254,0.160968,-0.756445,0.001716,-0.022885,-0.222317,-1.073884,-0.035500,0.479806,0.017404,0.003127
15.966667,-0.021159,0.016633,-0.013540,-0.246242,-1.274490,0.182980,-0.704635,0.010800,-0.026568,-0.231585,-1.058829,-0.025610,0.507252,0.020850,-0.004808
16.000000,-0.014687,0.021503,-0.012010,-0.279512,-1.253144,0.229190,-0.692825,0.009256,-0.024700,-0.214515,-1.024884,-0.029956,0.545625,0.022452,0.002108
16.033333,-0.010617,0.024468,-0.004402,-0.315487,-1.246456,0.296102,-0.721015,0.003465,-0.020136,-0.203649,-1.011155,-0.018750,0.575141,0.019143,-0.001804
16.066667,-0.016807,0.026695,-0.006633,-0.357325,-1.231603,0.380440,-0.789205,-0.000855,-0.011332,-0.192338,-0.967877,-0.003945,0.611576,0.017049,-0.007371
16.100000,-0.013335,0.028580,-0.001911,-0.420571,-1.221238,0.480440,-0.889206,-0.002168,-0.007772,-0.186559,-0.943742,-0.010836,0.661992,0.017738,-0.000373
16.133333,-0.011819,0.025409,0.012619,-0.485153,-1.210873,0.580440,-0.989206,-0.014333,-0.012575,-0.170415,-0.907791,-0.005192,0.673517,0.011363,-0.001530
16.166667,-0.014274,0.033034,0.013524,-0.535860,-1.201535,0.680440,-1.074394,-0.015997,-0.008376,-0.175361,-0.884571,0.003299,0.669074,0.002979,-0.002680
16.200000,-0.015155,0.030787,0.017308,-0.588953,-1.185205,0.780440,-1.152828,-0.010954,-0.010843,-0.176984,-0.867199,-0.003796,0.657798,-0.006735,0.004499
16.233333,-0.005346,0.019894,0.021253,-0.619275,-1.176162,0.880440,-1.210281,-0.007029,-0.018437,-0.182334,-0.871875,-0.000544,0.646617,-0.007139,0.007741
16.266667,-0.002420,0.018449,0.016751,-0.609809,-1.164075,0.947981,-1.227734,0.001719,-0.015574,-0.179894,-0.876383,0.017824,0.638137,-0.017934,-0.002212
16.300000,0.005707,0.016990,0.013006,-0.568961,-1.184461,0.975521,-1.209381,0.002806,-0.016310,-0.183056,-0.876905,0.006846,0.643616,-0.018656,0.003586
16.333333,0.003218,0.004495,0.019244,-0.528213,-1.203258,0.967338,-1.175685,0.005687,-0.015722,-0.185185,-0.904695,0.012797,0.653086,-0.013568,0.000210
16.366667,0.010719,0.003777,0.018120,-0.490862,-1.220616,0.928069,-1.130737,0.005427,-0.010195,-0.206283,-0.925898,0.024580,0.666957,-0.015732,-0.016381
16.400000,0.006231,0.005568,0.016932,-0.457688,-1.247472,0.888800,-1.100760,0.010975,-0.009589,-0.218205,-0.950503,0.025292,0.653251,-0.014390,-0.015672
16.433333,0.005055,0.005547,0.023263,-0.431983,-1.261255,0.880417,-1.071862,0.003091,-0.012457,-0.235104,-0.959165,0.011103,0.611701,-0.005530,-0.013636
16.466667,0.010337,0.008444,0.027312,-0.415246,-1.256266,0.899641,-1.044260,0.012981,-0.005538,-0.251024,-0.984741,0.012797,0.555083,-0.008387,-0.010314
16.500000,0.019301,0.012203,0.028738,-0.401792,-1.272475,0.914588,-1.029401,0.010810,-0.014339,-0.267445,-0.997500,0.015934,0.470442,-0.008671,-0.011615
16.533333,0.007651,0.012767,0.019772,-0.381051,-1.302323,0.920621,-1.015072,0.004734,-0.021173,-0.264356,-0.997992,0.015731,0.370442,-0.000189,-0.000256
16.566667,0.000905,0.022327,0.015233,-0.368713,-1.308948,0.886655,-0.969352,-0.000487,-0.009972,-0.274237,-1.002583,0.017489,0.306963,-0.002726,0.006792
16.600000,0.001893,0.024946,0.014863,-0.350426,-1.332467,0.814260,-0.922551,-0.001126,-0.002456,-0.280438,-1.034254,0.012097,0.262682,0.002041,0.011313
16.633333,-0.011383,0.021456,0.006045,-0.331677,-1.363000,0.714260,-0.870263,-0.005502,-0.011902,-0.288840,-1.046589,0.015122,0.241587,0.009872,0.004775
16.666667,-0.012408,0.022379,-0.009335,-0.304504,-1.369429,0.616350,-0.808945,0.002911,-0.005609,-0.284112,-1.067849,-0.002802,0.260492,0.012870,0.009991
16.700000,-0.008581,0.023772,0.002469,-0.288354,-1.365993,0.535223,-0.758268,0.006260,-0.003133,-0.286488,-1.098580,-0.024560,0.311595,0.015741,0.013355
16.733333,-0.000662,0.014322,0.006250,-0.251622,-1.365711,0.466378,-0.734045,0.004597,-0.012892,-0.275414,-1.117372,-0.043716,0.353446,0.017680,0.003686
16.766667,-0.003619,0.016526,0.000340,-0.241980,-1.367365,0.437533,-0.739455,0.004546,-0.013198,-0.260011,-1.126173,-0.057347,0.416099,0.015620,0.004288
16.800000,-0.000137,0.016526,0.006521,-0.244781,-1.359169,0.436848,-0.784866,0.001937,-0.013132,-0.230216,-1.150177,-0.099953,0.495566,0.016301,0.006440
16.833333,-0.002036,0.015939,0.016272,-0.258813,-1.340794,0.457646,-0.852634,-0.008579,-0.012136,-0.224129,-1.157455,-0.148764,0.575032,0.016197,0.002960
16.866667,-0.009962,0.018768,0.014104,-0.268617,-1.312216,0.489965,-0.906224,-0.007700,-0.007490,-0.228915,-1.154976,-0.217490,0.662302,0.009317,-0.006717
16.900000,-0.015371,0.019767,0.016742,-0.289727,-1.300031,0.550003,-0.970762,-0.004641,-0.007430,-0.256275,-1.154924,-0.309067,0.762302,0.008973,-0.005849
16.933333,-0.015344,0.014339,0.022253,-0.308008,-1.276739,0.577444,-1.025891,-0.001639,-0.011112,-0.305845,-1.161723,-0.409067,0.862302,0.012444,-0.008170
16.966667,-0.017891,0.019476,0.016416,-0.319542,-1.269222,0.597654,-1.059182,-0.003810,-0.005894,-0.385471,-1.158272,-0.509067,0.962302,0.004111,-0.006299
17.000000,-0.025456,0.018416,0.012383,-0.324013,-1.276544,0.627292,-1.073700,-0.000031,-0.012832,-0.463469,-1.165120,-0.609067,1.062302,0.000323,-0.007624
17.033333,-0.011693,0.014389,0.008625,-0.311421,-1.293163,0.628626,-1.069232,-0.005535,-0.020201,-0.509361,-1.198660,-0.709067,1.135460,0.001295,-0.012036
17.066667,-0.007234,0.014997,0.000052,-0.291637,-1.300528,0.589961,-1.024763,-0.006372,-0.014984,-0.516041,-1.241714,-0.769067,1.168618,-0.013797,-0.010518
17.100000,-0.006591,0.016051,-0.003558,-0.263370,-1.323855,0.543892,-0.960071,-0.004487,-0.021032,-0.485548,-1.268657,-0.789067,1.161776,-0.018138,-0.009097
17.133333,-0.004771,0.010914,-0.001262,-0.244508,-1.320538,0.476893,-0.877218,-0.006320,-0.023044,-0.427137,-1.287552,-0.769067,1.114934,-0.011532,-0.019647
17.166667,0.005273,0.009050,-0.000121,-0.236414,-1.309065,0.376893,-0.777218,-0.014128,-0.024701,-0.364966,-1.304474,-0.709067,1.028092,-0.014483,-0.022191
17.200000,0.002704,0.009940,0.002777,-0.245016,-1.301671,0.276893,-0.677218,-0.011481,-0.021025,-0.321037,-1.306515,-0.609067,0.928092,-0.008994,-0.013917
17.233333,-0.001480,0.015426,0.012832,-0.252747,-1.288733,0.199890,-0.577218,-0.008289,-0.024066,-0.296936,-1.287247,-0.509067,0.828092,0.006709,-0.012044
17.266667,0.014481,0.024573,0.020182,-0.266233,-1.259775,0.138125,-0.478316,-0.006646,-0.004629,-0.272834,-1.297117,-0.409067,0.760620,-0.000456,-0.009010
17.300000,0.015266,0.027707,0.027124,-0.270200,-1.267816,0.092129,-0.419414,-0.005241,-0.000164,-0.259859,-1.302251,-0.321211,0.717197,0.000161,-0.003189
17.333333,0.005583,0.028154,0.020155,-0.255096,-1.274707,0.067375,-0.400512,0.005578,0.000000,-0.235700,-1.309118,-0.255797,0.709251,0.006528,0.002423
17.366667,0.000169,0.036620,0.021851,-0.252658,-1.282447,0.082622,-0.421610,0.001261,0.004899,-0.222869,-1.319671,-0.230382,0.741305,0.006323,0.008861
17.400000,0.001882,0.029891,0.020700,-0.248530,-1.302470,0.114871,-0.482708,-0.001724,0.001364,-0.212563,-1.330819,-0.244967,0.805983,0.005412,0.010138
17.433333,-0.014465,0.023932,0.010767,-0.246587,-1.317250,0.171883,-0.582708,-0.005181,-0.012513,-0.232121,-1.309521,-0.299553,0.863305,0.014755,0.010135
17.466667,-0.018969,0.024713,0.002227,-0.256250,-1.314380,0.253126,-0.682708,-0.002808,-0.017311,-0.241350,-1.311521,-0.381994,0.923207,0.009565,0.019551
17.500000,-0.020012,0.024018,0.012140,-0.274002,-1.320040,0.344758,-0.782708,-0.004036,-0.012431,-0.261750,-1.313823,-0.481994,0.971170,0.004866,0.016584
17.533333,-0.017800,0.016791,0.008581,-0.264592,-1.319951,0.418837,-0.882708,-0.000427,-0.016482,-0.273499,-1.317480,-0.581994,0.990689,0.002852,0.011281
17.566667,-0.019398,0.014525,0.007507,-0.283001,-1.319123,0.491422,-0.978985,0.006078,-0.009978,-0.288930,-1.317068,-0.669033,1.017586,-0.005464,0.013154
17.600000,-0.019605,0.008534,0.010353,-0.298012,-1.311001,0.548860,-1.059498,0.005083,-0.015755,-0.295376,-1.329568,-0.743698,1.037676,-0.007749,0.006660
17.633333,-0.016051,0.005859,0.017710,-0.314705,-1.283528,0.591336,-1.121348,0.002027,-0.015782,-0.321447,-1.325117,-0.813956,1.050874,-0.002598,-0.005307
17.666667,-0.014101,0.010173,0.013739,-0.343851,-1.250126,0.642179,-1.173265,0.003624,-0.013896,-0.350786,-1.322123,-0.875893,1.070122,-0.004891,-0.010382
17.700000,-0.013458,0.009516,0.016908,-0.395405,-1.224604,0.710576,-1.224457,0.005965,-0.017431,-0.371660,-1.311947,-0.924596,1.105183,-0.007163,-0.014093
17.733333,-0.005065,0.009516,0.010668,-0.426216,-1.185088,0.779248,-1.247679,-0.000045,-0.023075,-0.405576,-1.326556,-0.969281,1.140245,-0.000640,-0.020148
17.766667,-0.001797,0.012691,0.004055,-0.475187,-1.177127,0.863066,-1.286665,0.000707,-0.022239,-0.418613,-1.326142,-1.008969,1.165395,-0.002771,-0.016188
17.800000,-0.005134,0.012047,0.000975,-0.535363,-1.175702,0.961847,-1.342235,0.003638,-0.020830,-0.427969,-1.329962,-1.043926,1.197997,-0.006068,-0.015799
17.833333,-0.006766,0.008199,0.004003,-0.603317,-1.162021,1.060627,-1.390465,0.003703,-0.024537,-0.432137,-1.316694,-1.063006,1.220695,-0.007472,-0.009899
17.866667,-0.006349,0.013795,0.004725,-0.681173,-1.140652,1.152563,-1.419100,0.004779,-0.015269,-0.443454,-1.325327,-1.075578,1.256023,-0.008954,-0.004190
17.900000,-0.012205,0.014237,0.010574,-0.781173,-1.119485,1.230310,-1.477059,0.004710,-0.018424,-0.454310,-1.293960,-1.099742,1.282319,-0.007911,-0.004647
17.933333,-0.014563,0.010694,0.017382,-0.881173,-1.083743,1.288056,-1.515018,0.005053,-0.019841,-0.485166,-1.263325,-1.121277,1.320160,-0.006923,-0.008574
17.966667,-0.009582,0.010100,0.020044,-0.941173,-1.058333,1.305803,-1.515057,0.012877,-0.021613,-0.487197,-1.234768,-1.111951,1.330813,0.000650,-0.007731
18.000000,-0.000490,0.009581,0.022922,-0.961173,-1.063800,1.283550,-1.504321,0.012309,-0.012492,-0.465415,-1.214432,-1.086823,1.361782,0.002571,-0.004504
18.033333,-0.003509,0.002571,0.021691,-0.941173,-1.066821,1.228141,-1.499834,0.009675,-0.021431,-0.424029,-1.178996,-1.041435,1.376979,0.009612,-0.008140
18.066667,-0.010035,0.005431,0.018198,-0.882446,-1.077799,1.176897,-1.475075,0.006015,-0.014855,-0.344029,-1.151290,-0.961435,1.396022,0.014335,-0.009600
18.100000,-0.010115,0.007522,0.014855,-0.811973,-1.079909,1.143689,-1.449432,-0.002975,-0.011575,-0.246192,-1.146836,-0.861436,1.406639,0.014790,-0.004513
18.133333,-0.010990,0.008366,0.012329,-0.767856,-1.096903,1.129308,-1.447315,-0.010591,-0.012371,-0.167003,-1.151222,-0.761436,1.437817,0.005638,-0.002208
18.166667,-0.028346,0.010163,-0.004098,-0.741351,-1.101906,1.154927,-1.433656,-0.012064,-0.028052,-0.108995,-1.133279,-0.661435,1.451118,0.008932,-0.010081
18.200000,-0.022217,0.013369,-0.008894,-0.754845,-1.102134,1.220546,-1.401602,-0.010205,-0.029539,-0.056864,-1.125331,-0.561435,1.472170,0.009425,0.002314
18.233333,-0.019645,0.010067,-0.005570,-0.782529,-1.118620,1.297409,-1.375546,-0.005559,-0.035853,-0.029995,-1.127108,-0.461435,1.475379,0.003148,0.003508
18.266667,-0.024731,0.009717,-0.009550,-0.788582,-1.153777,1.376237,-1.350639,0.003817,-0.043727,-0.008069,-1.099872,-0.361435,1.472281,-0.005882,0.000896
18.300000,-0.030032,0.017497,-0.009672,-0.808279,-1.166150,1.476237,-1.320822,0.003290,-0.038154,0.001140,-1.091134,-0.261435,1.486040,0.002572,0.006362
18.333333,-0.019174,0.016334,0.004839,-0.829055,-1.180466,1.562038,-1.312769,0.004725,-0.032561,0.014068,-1.101234,-0.161435,1.477674,0.003656,0.008385
18.366667,-0.016548,0.013830,0.007989,-0.827920,-1.177566,1.612146,-1.299480,0.013642,-0.020310,0.006345,-1.092498,-0.061435,1.437330,-0.007921,-0.007287
18.400000,-0.014055,0.025504,0.008753,-0.834006,-1.178488,1.657349,-1.302838,0.008402,-0.015936,0.005374,-1.078804,-0.001435,1.380013,-0.011441,0.003950
18.433333,-0.007677,0.023322,0.015533,-0.858394,-1.161841,1.677648,-1.308726,0.009356,-0.008502,-0.023439,-1.104697,0.042666,1.317429,-0.001948,0.003676
18.466667,0.001219,0.019806,0.016547,-0.856731,-1.151030,1.674884,-1.318823,0.008658,-0.013016,-0.060887,-1.121739,0.054114,1.217429,-0.002616,-0.003403
18.500000,0.004861,0.020208,0.015613,-0.864468,-1.145996,1.668698,-1.332575,0.003082,-0.008396,-0.101618,-1.131013,0.031963,1.117429,-0.000815,0.009605
18.533333,-0.000957,0.022780,0.018533,-0.867574,-1.156873,1.670268,-1.354692,-0.006452,-0.017437,-0.132966,-1.161863,0.002586,1.017429,0.008713,0.013979
18.566667,0.008015,0.015909,0.021703,-0.874169,-1.150257,1.653397,-1.361564,0.000855,-0.013553,-0.170143,-1.212015,-0.005111,0.917429,0.012706,0.005871
18.600000,0.010899,0.019624,0.027508,-0.871406,-1.149965,1.645783,-1.359419,0.006877,-0.006097,-0.195409,-1.236824,-0.021159,0.817429,0.007952,0.006996
18.633333,0.008554,0.014516,0.027401,-0.859525,-1.146759,1.621232,-1.351952,0.002253,-0.005468,-0.183530,-1.230486,-0.027977,0.717429,0.004896,0.006870
18.666667,0.006474,0.013730,0.027523,-0.850976,-1.132800,1.614300,-1.334368,0.007167,-0.002808,-0.185903,-1.231713,-0.019122,0.653130,0.001546,-0.009961
18.700000,0.015139,0.009639,0.025126,-0.858521,-1.120388,1.635308,-1.343328,0.007461,-0.011407,-0.185918,-1.223829,-0.017083,0.598958,0.000403,-0.012132
18.733333,0.007638,0.005798,0.022219,-0.859898,-1.113809,1.651340,-1.348608,0.003559,-0.013132,-0.172891,-1.189809,-0.020301,0.562843,0.003809,-0.010880
18.766667,0.000571,0.007361,0.013113,-0.853785,-1.098318,1.671049,-1.344115,0.001059,-0.011748,-0.150245,-1.146652,-0.015674,0.551644,0.001562,-0.014075
18.800000,0.000783,0.014502,0.015760,-0.882841,-1.090212,1.716165,-1.354136,0.007219,-0.003281,-0.145055,-1.141938,-0.006126,0.560104,0.001250,-0.005756
18.833333,-0.001590,0.013381,0.013596,-0.892783,-1.095399,1.738689,-1.373224,0.006452,-0.011479,-0.132353,-1.136979,0.003014,0.560725,0.005369,-0.003824
18.866667,-0.011815,0.013381,0.004843,-0.880927,-1.101310,1.736646,-1.367849,0.015810,-0.005960,-0.117427,-1.106910,0.004831,0.571985,0.011518,0.002954
18.900000,-0.010042,0.022077,0.004197,-0.877801,-1.101542,1.751571,-1.358421,0.019612,-0.012677,-0.119380,-1.111179,0.002272,0.572353,0.014432,0.000950
18.933333,-0.010802,0.017572,0.006947,-0.880987,-1.113289,1.754570,-1.358652,0.014696,-0.024044,-0.134708,-1.132653,0.007238,0.547806,0.022526,-0.001778
18.966667,-0.016357,0.016996,-0.007079,-0.844173,-1.112285,1.732161,-1.326869,0.022774,-0.030185,-0.166806,-1.155682,0.002560,0.524967,0.028510,-0.006558
19.000000,-0.012705,0.020861,-0.008513,-0.795050,-1.120811,1.692345,-1.270307,0.020252,-0.023785,-0.179442,-1.190089,-0.023784,0.474265,0.030758,0.003597
19.033333,-0.011071,0.021443,-0.002105,-0.738174,-1.151157,1.637095,-1.200998,0.009159,-0.018625,-0.204195,-1.250807,-0.037681,0.404612,0.021457,-0.002316
19.066667,-0.016297,0.021909,-0.009016,-0.652563,-1.197465,1.553197,-1.114667,-0.001040,-0.010225,-0.223759,-1.291928,-0.046989,0.352804,0.017675,-0.003596
19.100000,-0.014004,0.024380,-0.007943,-0.552563,-1.248720,1.453197,-1.014667,-0.001388,-0.006624,-0.243210,-1.331186,-0.082492,0.325598,0.021991,0.005335
19.133333,-0.012398,0.019434,0.002395,-0.452563,-1.295008,1.353197,-0.914667,-0.012410,-0.004796,-0.241997,-1.348482,-0.096698,0.279925,0.014673,0.001951
19.166667,-0.014514,0.028409,0.003230,-0.370091,-1.322753,1.253196,-0.814667,-0.013782,-0.004107,-0.253674,-1.346610,-0.103237,0.259775,0.005498,0.000998
19.200000,-0.019159,0.030044,0.005845,-0.303419,-1.335035,1.153196,-0.714667,-0.007542,-0.004519,-0.255626,-1.346837,-0.120354,0.245583,0.006571,0.007718
19.233333,-0.009090,0.019921,0.010542,-0.257095,-1.329343,1.053197,-0.614667,-0.003058,-0.011192,-0.262088,-1.357287,-0.125881,0.232259,0.008140,0.006856
19.266667,-0.004875,0.019500,0.006088,-0.223489,-1.320264,0.953197,-0.528009,0.003240,-0.004216,-0.255808,-1.366875,-0.107231,0.234332,-0.008987,-0.002038
19.300000,0.000130,0.017930,0.003720,-0.219648,-1.329373,0.853197,-0.481352,0.003171,-0.007518,-0.242207,-1.358425,-0.108830,0.273507,-0.009539,0.000712
19.333333,0.000723,0.005090,0.009416,-0.238278,-1.331593,0.753196,-0.474695,0.008582,-0.006786,-0.216217,-1.369608,-0.084658,0.327158,-0.003829,-0.005195
19.366667,0.012341,0.002873,0.008988,-0.281108,-1.311648,0.693196,-0.508038,0.007269,-0.006343,-0.184015,-1.350463,-0.043802,0.413039,-0.009242,-0.017438
19.400000,0.005005,0.003814,0.009026,-0.343591,-1.289148,0.673196,-0.581380,0.010885,-0.002016,-0.124315,-1.316034,0.008826,0.513039,-0.011325,-0.016208
19.433333,0.002875,0.004538,0.017591,-0.433356,-1.249923,0.693196,-0.681380,0.002707,-0.010474,-0.067442,-1.261605,0.060934,0.613039,0.001511,-0.016098
19.466667,0.010022,0.007537,0.022991,-0.533356,-1.199187,0.753196,-0.781380,0.012971,-0.004222,-0.035254,-1.224242,0.106062,0.713039,-0.001363,-0.010812
19.500000,0.015850,0.012213,0.027480,-0.633356,-1.167637,0.853196,-0.881380,0.007575,-0.010133,-0.028799,-1.184922,0.142626,0.813039,0.000870,-0.008069
19.533333,0.002537,0.013929,0.021429,-0.724728,-1.162979,0.953196,-0.981380,0.003412,-0.013375,-0.043323,-1.161998,0.142002,0.904369,0.008127,-0.000040
19.566667,-0.002566,0.024665,0.019620,-0.816099,-1.145525,1.053196,-1.081380,0.003103,-0.007045,-0.097846,-1.163734,0.101378,0.968233,0.008284,0.010606
19.600000,-0.000942,0.026108,0.019770,-0.870993,-1.146600,1.153196,-1.158995,0.004123,0.000641,-0.171520,-1.196325,0.032173,1.016852,0.007996,0.014162
19.633333,-0.014097,0.023060,0.012093,-0.890608,-1.157404,1.253196,-1.219356,-0.000006,-0.008217,-0.251410,-1.213873,-0.042954,1.049863,0.013194,0.006773
19.666667,-0.012684,0.021748,-0.004845,-0.875958,-1.150858,1.353196,-1.239718,0.005948,-0.003769,-0.337046,-1.234083,-0.142954,1.082873,0.012248,0.006797
19.700000,-0.006232,0.021248,0.003836,-0.851606,-1.139805,1.431064,-1.231037,0.004932,-0.005414,-0.432959,-1.251705,-0.242954,1.124554,0.015263,0.009876
19.733333,-0.000163,0.011148,0.004116,-0.787255,-1.139961,1.468933,-1.189303,0.001368,-0.013898,-0.528872,-1.254632,-0.342954,1.182351,0.017572,-0.003332
19.766667,-0.004392,0.013434,-0.003873,-0.729429,-1.153379,1.466801,-1.129954,-0.000192,-0.013617,-0.615044,-1.242942,-0.442954,1.255393,0.017377,-0.001044
19.800000,-0.002922,0.013434,-0.001478,-0.667821,-1.176554,1.424669,-1.054646,-0.002856,-0.015304,-0.679079,-1.246834,-0.542954,1.310554,0.016066,0.002475
19.833333,-0.006291,0.013890,0.006704,-0.613244,-1.201148,1.342537,-0.979338,-0.011241,-0.015681,-0.707737,-1.243957,-0.642954,1.325715,0.016805,0.000614
19.866667,-0.014450,0.018191,0.002338,-0.553486,-1.222864,1.242537,-0.900779,-0.008209,-0.005967,-0.696395,-1.249047,-0.742954,1.300876,0.013085,-0.007434
19.900000,-0.017209,0.018934,0.003761,-0.507281,-1.262175,1.149202,-0.843369,-0.006043,-0.006318,-0.645054,-1.268533,-0.842954,1.247386,0.012401,-0.004354
19.933333,-0.017153,0.013832,0.008009,-0.485584,-1.275405,1.077428,-0.812520,-0.002857,-0.007292,-0.567539,-1.302061,-0.942954,1.153897,0.017162,-0.002421
19.966667,-0.015033,0.018554,0.004060,-0.502948,-1.274414,1.045653,-0.814883,-0.004614,-0.001073,-0.476489,-1.331377,-1.002954,1.053897,0.011505,-0.002569
20.000000,-0.020709,0.018412,0.002912,-0.547545,-1.272264,1.053878,-0.857247,-0.002642,-0.004372,-0.400359,-1.357056,-1.022954,0.953897,0.010519,-0.003049
20.033333,-0.008839,0.015818,0.004804,-0.615653,-1.261675,1.102103,-0.931904,-0.004509,-0.015626,-0.354062,-1.379275,-1.002954,0.853896,0.007430,-0.006749
20.066667,-0.001067,0.018131,0.000440,-0.708248,-1.232158,1.183663,-1.007760,-0.000344,-0.010577,-0.332296,-1.388393,-0.950943,0.793896,-0.006726,-0.006182
20.100000,-0.000808,0.020201,-0.000630,-0.780900,-1.224971,1.283663,-1.073962,-0.000009,-0.017091,-0.328155,-1.367232,-0.898932,0.773249,-0.012009,-0.007172
20.133333,0.001188,0.015479,0.002341,-0.824911,-1.205971,1.383663,-1.110105,-0.004954,-0.020634,-0.359687,-1.332678,-0.886920,0.792601,-0.003503,-0.017283
20.166667,0.007192,0.012264,0.001980,-0.841210,-1.183650,1.459101,-1.125222,-0.008451,-0.023459,-0.411675,-1.296456,-0.914909,0.851954,-0.010399,-0.019938
20.200000,0.005152,0.009341,0.001875,-0.833318,-1.174030,1.505013,-1.109603,-0.007548,-0.022085,-0.473830,-1.263812,-0.982898,0.951306,-0.003574,-0.013735
20.233333,-0.001976,0.011991,0.009875,-0.787388,-1.161503,1.525900,-1.072608,-0.006781,-0.025018,-0.538677,-1.215234,-1.082898,1.050659,0.010698,-0.013192
20.266667,0.011809,0.019900,0.017235,-0.726845,-1.122773,1.506786,-1.018704,-0.004223,-0.009388,-0.585900,-1.184563,-1.142898,1.150659,0.005104,-0.010320
20.300000,0.009779,0.020447,0.023957,-0.654941,-1.117012,1.447672,-0.994860,-0.002608,-0.005115,-0.593123,-1.153893,-1.162898,1.250659,0.004180,-0.001968
20.333333,0.002708,0.020671,0.016225,-0.570751,-1.115569,1.373121,-0.953880,0.005793,-0.004621,-0.560346,-1.123493,-1.142898,1.350659,0.012294,0.002891
20.366667,-0.001839,0.028263,0.017357,-0.500043,-1.127419,1.288095,-0.903636,-0.002877,0.005636,-0.487569,-1.087998,-1.082898,1.434527,0.011254,0.008429
20.400000,-0.002571,0.022239,0.017357,-0.436737,-1.163384,1.188095,-0.845475,-0.008100,0.001989,-0.387569,-1.055694,-0.982898,1.498395,0.013462,0.010629
20.433333,-0.015615,0.016076,0.005906,-0.413431,-1.203332,1.123846,-0.827313,-0.010948,-0.008556,-0.309131,-1.009364,-0.882898,1.542264,0.023706,0.011546
20.466667,-0.019920,0.017686,-0.001610,-0.430125,-1.224561,1.099598,-0.809151,-0.006550,-0.014593,-0.241263,-0.975824,-0.782898,1.566132,0.018268,0.019429
20.500000,-0.023075,0.016998,0.009643,-0.486819,-1.243644,1.115349,-0.829151,-0.006812,-0.008977,-0.198084,-0.943716,-0.682898,1.570000,0.014709,0.017268
20.533333,-0.023952,0.011750,0.006679,-0.537215,-1.247154,1.171101,-0.889151,0.003561,-0.014429,-0.173592,-0.918590,-0.582897,1.563176,0.014128,0.014689
20.566667,-0.024404,0.010493,0.005714,-0.620210,-1.236745,1.266852,-0.989151,0.009312,-0.005421,-0.173383,-0.891976,-0.482897,1.563176,0.006039,0.016712
20.600000,-0.024458,0.005287,0.011178,-0.692725,-1.219725,1.366852,-1.081914,0.010968,-0.011400,-0.169985,-0.875993,-0.382897,1.550158,0.000234,0.006828
20.633333,-0.020850,0.003741,0.017856,-0.750891,-1.186770,1.466852,-1.152921,0.008688,-0.006334,-0.184830,-0.854303,-0.282898,1.535387,0.004187,-0.006480
20.666667,-0.016032,0.009170,0.014287,-0.792599,-1.160439,1.566852,-1.207295,0.010435,-0.003524,-0.197904,-0.846968,-0.182898,1.520648,0.001291,-0.012608
20.700000,-0.015986,0.008481,0.018268,-0.834815,-1.145472,1.666852,-1.252210,0.006514,-0.006294,-0.196695,-0.826964,-0.082898,1.513051,0.002914,-0.016410
20.733333,-0.006977,0.008481,0.012774,-0.849561,-1.123476,1.753317,-1.265521,0.004880,-0.012783,-0.211203,-0.834590,0.014231,1.513051,0.007283,-0.026788
20.766667,-0.004529,0.009582,0.005971,-0.866046,-1.131861,1.806533,-1.283046,0.004538,-0.010507,-0.207340,-0.831352,0.102687,1.520537,0.009360,-0.020823
20.800000,-0.007547,0.009313,0.003774,-0.885632,-1.152862,1.835768,-1.303342,0.008022,-0.011161,-0.196115,-0.835937,0.160772,1.530749,0.012366,-0.018336
20.833333,-0.008314,0.004032,0.009217,-0.907271,-1.153607,1.844201,-1.323516,0.008046,-0.016321,-0.186497,-0.822967,0.204685,1.541020,0.009403,-0.009238
20.866667,-0.003324,0.009134,0.011139,-0.939318,-1.143742,1.815855,-1.327605,0.011018,-0.007022,-0.188880,-0.838887,0.229010,1.555441,0.004032,-0.005299
20.900000,-0.010894,0.010125,0.017767,-0.962816,-1.151717,1.792267,-1.348983,0.007370,-0.006500,-0.172329,-0.831710,0.229461,1.555441,0.002366,-0.001170
20.933333,-0.013985,0.009228,0.025503,-0.975054,-1.144107,1.781929,-1.353386,0.004970,-0.005650,-0.175777,-0.840885,0.218583,1.560973,0.000081,-0.004577
20.966667,-0.007893,0.008886,0.028603,-0.958540,-1.160662,1.755571,-1.336773,0.007360,-0.007555,-0.197773,-0.875154,0.198076,1.545532,0.000640,-0.005146
21.000000,-0.001853,0.010299,0.028276,-0.916432,-1.210255,1.710016,-1.296914,0.006516,-0.002658,-0.235244,-0.932058,0.151741,1.510000,-0.001779,-0.004119
21.033333,-0.006721,0.005077,0.024058,-0.840414,-1.258165,1.661238,-1.242601,0.005567,-0.013185,-0.296309,-0.983500,0.084995,1.450000,0.000813,-0.005593
21.066667,-0.010510,0.008285,0.018838,-0.760414,-1.291386,1.581238,-1.162601,0.002971,-0.012630,-0.367830,-1.025636,0.004995,1.374691,0.006176,-0.007106
21.100000,-0.010237,0.010005,0.014121,-0.660414,-1.319155,1.481238,-1.062601,-0.004579,-0.012086,-0.419351,-1.086501,-0.095005,1.279383,0.008280,-0.002460
21.133333,-0.016034,0.010651,0.010203,-0.560414,-1.342225,1.381238,-0.962601,-0.012434,-0.013977,-0.430873,-1.133491,-0.195005,1.184075,0.003412,-0.000572
21.166667,-0.033338,0.011515,-0.005268,-0.460414,-1.341365,1.281238,-0.862601,-0.014028,-0.024181,-0.402394,-1.149850,-0.295005,1.088766,0.013030,-0.005667
21.200000,-0.031803,0.014616,-0.008990,-0.384351,-1.317570,1.181238,-0.762601,-0.013721,-0.024439,-0.349551,-1.167374,-0.355005,0.993458,0.019552,0.002836
21.233333,-0.028020,0.010915,-0.005506,-0.319512,-1.305659,1.081238,-0.662601,-0.012436,-0.028027,-0.290596,-1.193330,-0.375005,0.893458,0.014439,0.004859
21.266667,-0.034350,0.011724,-0.011299,-0.259853,-1.316895,0.981238,-0.564654,-0.005213,-0.037883,-0.255091,-1.196427,-0.355005,0.793458,0.007680,0.006613
21.300000,-0.036640,0.020583,-0.012082,-0.240194,-1.311383,0.881238,-0.504613,-0.002666,-0.030148,-0.250958,-1.213400,-0.335005,0.693458,0.010817,0.016601
21.333333,-0.025978,0.020749,0.000474,-0.239922,-1.318043,0.781238,-0.479942,-0.003188,-0.026203,-0.270614,-1.245913,-0.304627,0.611623,0.006474,0.017407
21.366667,-0.019052,0.019882,0.002420,-0.238001,-1.326490,0.681238,-0.476632,0.001430,-0.016299,-0.307766,-1.255655,-0.314249,0.569788,-0.006778,0.006823
21.400000,-0.019547,0.031388,0.002742,-0.251335,-1.344468,0.610716,-0.513323,-0.002086,-0.015032,-0.339260,-1.257751,-0.363871,0.567954,-0.011753,0.017939
21.433333,-0.013414,0.029179,0.011914,-0.283387,-1.343894,0.565672,-0.578643,-0.002280,-0.007579,-0.380162,-1.283205,-0.453493,0.606119,-0.005204,0.011311
21.466667,-0.007733,0.023374,0.014444,-0.289704,-1.344443,0.539807,-0.626323,-0.003229,-0.011151,-0.414805,-1.289493,-0.543115,0.656710,-0.006041,0.005343
21.500000,-0.002272,0.022414,0.013694,-0.304457,-1.352545,0.525814,-0.660824,-0.007037,-0.006592,-0.425968,-1.278833,-0.613795,0.693183,-0.002724,0.014654
21.533333,-0.008855,0.020657,0.017576,-0.308210,-1.374929,0.519258,-0.681004,-0.015661,-0.014634,-0.410847,-1.290119,-0.644475,0.698541,0.002318,0.017061
21.566667,-0.001009,0.015071,0.019616,-0.306306,-1.380437,0.485163,-0.676963,-0.005894,-0.007935,-0.394332,-1.326103,-0.635156,0.677585,0.007432,0.008083
21.600000,0.000325,0.016909,0.024221,-0.298084,-1.388997,0.433832,-0.642238,-0.000479,0.000330,-0.370217,-1.339012,-0.585836,0.616628,0.004118,0.010459
21.633333,-0.001529,0.013209,0.023674,-0.290247,-1.386257,0.363469,-0.601005,-0.001685,-0.003586,-0.333822,-1.331086,-0.496516,0.543246,0.002532,0.008158
21.666667,-0.003255,0.013161,0.025069,-0.265938,-1.368023,0.303923,-0.539994,0.001926,-0.002401,-0.332345,-1.321686,-0.396516,0.465817,-0.000944,-0.005828
21.700000,0.004984,0.011282,0.021456,-0.249686,-1.350002,0.236940,-0.500765,0.003291,-0.009964,-0.340961,-1.302969,-0.296516,0.389318,0.001896,-0.009049
21.733333,-0.001670,0.006290,0.019518,-0.236754,-1.335312,0.181926,-0.472533,-0.001765,-0.014285,-0.340640,-1.255795,-0.215935,0.317148,0.002824,-0.008566
21.766667,-0.004759,0.008327,0.009564,-0.214124,-1.307502,0.144092,-0.452371,-0.002696,-0.013451,-0.329161,-1.201231,-0.150866,0.277547,-0.001392,-0.007862
21.800000,-0.005627,0.015319,0.010965,-0.213372,-1.293197,0.125029,-0.453092,0.001720,-0.002395,-0.320437,-1.185551,-0.106315,0.265342,-0.000199,-0.001327
21.833333,-0.008962,0.013737,0.007743,-0.212283,-1.296729,0.097747,-0.476537,0.001855,-0.007572,-0.301130,-1.183219,-0.080972,0.285249,0.004624,0.001406
21.866667,-0.018922,0.013603,-0.000318,-0.205067,-1.297871,0.093527,-0.495560,0.011353,-0.002934,-0.274207,-1.157754,-0.076427,0.334693,0.009421,0.009345
21.900000,-0.017093,0.021597,-0.000970,-0.203712,-1.298250,0.102402,-0.518862,0.011641,-0.005926,-0.252408,-1.167664,-0.081956,0.403908,0.012444,0.011879
21.933333,-0.018496,0.019165,0.002760,-0.215986,-1.310553,0.107611,-0.562298,0.006714,-0.019729,-0.234716,-1.188917,-0.086361,0.459892,0.019295,0.010138
21.966667,-0.019451,0.018034,-0.010215,-0.231731,-1.304193,0.133901,-0.605038,0.015824,-0.028362,-0.238369,-1.211286,-0.104063,0.528479,0.023167,0.003237
22.000000,-0.015836,0.021299,-0.010380,-0.276464,-1.292447,0.185722,-0.651210,0.014421,-0.025469,-0.232867,-1.229908,-0.142557,0.604955,0.022967,0.012107
22.033333,-0.011939,0.024379,-0.002858,-0.337657,-1.299992,0.254481,-0.691526,0.005769,-0.022739,-0.250817,-1.273341,-0.182047,0.682079,0.014416,0.005485
22.066667,-0.016709,0.025998,-0.006773,-0.408846,-1.295114,0.336236,-0.733314,0.000420,-0.016229,-0.294222,-1.292206,-0.232045,0.761416,0.010680,-0.000670
22.100000,-0.016445,0.026660,-0.003540,-0.498524,-1.292591,0.436236,-0.769039,-0.001614,-0.012124,-0.359421,-1.309872,-0.307656,0.861417,0.010164,0.004659
22.133333,-0.016798,0.023273,0.011106,-0.588201,-1.290068,0.536236,-0.784067,-0.012201,-0.013065,-0.427686,-1.311612,-0.361971,0.961417,0.004414,0.006672
22.166667,-0.017738,0.031327,0.014254,-0.655335,-1.271496,0.636236,-0.778125,-0.011830,-0.012321,-0.518336,-1.306999,-0.407862,1.061417,-0.003497,0.008554
22.200000,-0.021946,0.030159,0.021248,-0.714550,-1.238675,0.736236,-0.778203,-0.003120,-0.014509,-0.595835,-1.306589,-0.455320,1.161417,-0.002834,0.017309
22.233333,-0.012070,0.019120,0.026406,-0.748760,-1.209900,0.836236,-0.763666,-0.002061,-0.023202,-0.657880,-1.320601,-0.469152,1.261417,-0.002598,0.020239
22.266667,-0.005493,0.018390,0.024107,-0.755729,-1.169531,0.922867,-0.730297,0.006830,-0.017684,-0.694328,-1.338337,-0.455568,1.361417,-0.014687,0.017161
22.300000,0.001945,0.015916,0.021263,-0.740575,-1.144146,0.999400,-0.723685,0.008236,-0.017345,-0.701233,-1.334262,-0.455839,1.443133,-0.016063,0.020684
22.333333,0.002806,0.004597,0.027554,-0.732462,-1.115535,1.049717,-0.749115,0.009538,-0.016229,-0.680093,-1.357964,-0.427512,1.504850,-0.008931,0.012907
22.366667,0.010912,0.002684,0.026178,-0.714685,-1.077026,1.060861,-0.786664,0.003893,-0.009703,-0.662718,-1.364071,-0.382525,1.546567,-0.017306,0.000586
22.400000,0.002404,0.003154,0.027231,-0.694064,-1.044819,1.061217,-0.846304,0.010699,-0.008094,-0.626416,-1.370493,-0.336704,1.568283,-0.019353,0.001978
22.433333,0.001958,0.001952,0.033450,-0.660686,-1.005997,1.056452,-0.925409,0.002137,-0.014979,-0.590545,-1.358050,-0.298364,1.570000,-0.008199,-0.002209
22.466667,0.006870,0.004702,0.037025,-0.609430,-0.964846,1.026631,-0.979149,0.008970,-0.011421,-0.556438,-1.363221,-0.247273,1.567688,-0.012460,0.001216
22.500000,0.009657,0.009439,0.039036,-0.541945,-0.946127,0.983026,-1.029259,0.008009,-0.019976,-0.520361,-1.356051,-0.196306,1.567688,-0.013659,0.005830
22.533333,-0.003822,0.009990,0.030814,-0.468007,-0.951479,0.938594,-1.061591,0.004331,-0.027222,-0.464458,-1.342796,-0.152889,1.562647,-0.005642,0.014749
22.566667,-0.007808,0.018695,0.024961,-0.402119,-0.946142,0.864950,-1.056069,0.000301,-0.015653,-0.402934,-1.335825,-0.121415,1.537606,-0.002913,0.020861
22.600000,-0.007505,0.021560,0.023533,-0.336229,-0.969380,0.769796,-1.027769,0.001223,-0.007390,-0.330892,-1.352059,-0.098855,1.492565,-0.000126,0.027233
22.633333,-0.019576,0.018810,0.014815,-0.277873,-1.006112,0.669797,-0.984836,-0.003709,-0.014503,-0.279062,-1.359625,-0.069342,1.429837,0.007790,0.017179
22.666667,-0.018592,0.017935,-0.001839,-0.230221,-1.033670,0.569797,-0.905887,0.000453,-0.007719,-0.237562,-1.370811,-0.068835,1.344796,0.011260,0.014444
22.700000,-0.009514,0.019624,0.005990,-0.204344,-1.055831,0.469797,-0.827618,0.002610,-0.005053,-0.220096,-1.394095,-0.072649,1.244796,0.015879,0.015466
22.733333,-0.003606,0.012975,0.008104,-0.167878,-1.083135,0.369797,-0.763928,0.003272,-0.012777,-0.228897,-1.401067,-0.070863,1.144796,0.017180,0.005367
22.766667,-0.007960,0.016656,0.001190,-0.158392,-1.113004,0.284012,-0.714652,0.002897,-0.011012,-0.255350,-1.400388,-0.059476,1.044796,0.016728,0.003373
22.800000,-0.005141,0.016656,0.005714,-0.161523,-1.133390,0.203841,-0.697372,0.001156,-0.008516,-0.267684,-1.408360,-0.066663,0.944796,0.017244,0.005920
22.833333,-0.006461,0.016907,0.015028,-0.169078,-1.146940,0.137770,-0.687583,-0.005930,-0.007817,-0.286422,-1.405403,-0.066407,0.844796,0.016432,0.006376
22.866667,-0.015508,0.020945,0.012132,-0.166226,-1.155756,0.091816,-0.668849,-0.004103,-0.002064,-0.294192,-1.394917,-0.070587,0.744796,0.009983,-0.003266
22.900000,-0.018186,0.021307,0.013021,-0.171009,-1.178109,0.075673,-0.663789,-0.002242,-0.004634,-0.300261,-1.394917,-0.073945,0.644796,0.009363,-0.003064
22.933333,-0.019381,0.015918,0.016817,-0.174489,-1.181391,0.052833,-0.662727,0.000602,-0.006450,-0.307035,-1.395595,-0.076401,0.544796,0.011464,-0.003307
22.966667,-0.021010,0.020837,0.010876,-0.171869,-1.195689,0.039451,-0.650025,-0.000654,-0.003710,-0.320259,-1.391045,-0.074360,0.446442,0.003531,-0.002225
23.000000,-0.030107,0.019852,0.007132,-0.164216,-1.218364,0.043352,-0.648289,0.001320,-0.007784,-0.321909,-1.393682,-0.065291,0.351366,0.001344,-0.006627
23.033333,-0.016306,0.016413,0.006497,-0.161281,-1.233341,0.036024,-0.654551,-0.002792,-0.015514,-0.326524,-1.404308,-0.049437,0.280423,0.002253,-0.008863
23.066667,-0.012009,0.016714,0.000108,-0.166077,-1.231807,0.034330,-0.661491,-0.000126,-0.008282,-0.306573,-1.404308,-0.032113,0.232151,-0.012407,-0.006972
23.100000,-0.010075,0.018647,-0.000356,-0.157497,-1.245838,0.048579,-0.677235,-0.002880,-0.016282,-0.263951,-1.384308,-0.017123,0.183879,-0.017059,-0.006472
23.133333,-0.009150,0.013728,0.003162,-0.149646,-1.232184,0.080716,-0.706830,-0.008661,-0.019650,-0.196565,-1.349680,-0.007731,0.159984,-0.009015,-0.016301
23.166667,0.000860,0.012672,0.005006,-0.134023,-1.195336,0.092340,-0.757968,-0.017467,-0.026223,-0.116162,-1.290000,0.000863,0.146507,-0.012231,-0.017948
23.200000,-0.005325,0.012664,0.008821,-0.105162,-1.155069,0.116269,-0.830466,-0.019544,-0.025477,-0.016162,-1.210000,0.002842,0.132685,-0.005717,-0.013338
23.233333,-0.011245,0.020229,0.020474,-0.060409,-1.105085,0.144464,-0.911889,-0.025378,-0.032914,0.083838,-1.110000,-0.015074,0.134019,0.009807,-0.015395
23.266667,-0.000864,0.029468,0.030857,-0.028205,-1.022429,0.151535,-1.004157,-0.024863,-0.015820,0.183838,-1.014260,-0.052181,0.175354,0.007474,-0.013757
23.300000,-0.003300,0.033108,0.041511,0.006685,-0.970653,0.136040,-1.102218,-0.027830,-0.012862,0.283838,-0.918520,-0.102940,0.219395,0.008428,-0.012613
23.333333,-0.014605,0.035764,0.035603,0.036324,-0.925925,0.127881,-1.197439,-0.018473,-0.013734,0.383838,-0.838341,-0.158608,0.289741,0.015803,-0.011564
23.366667,-0.020784,0.043435,0.037683,0.036848,-0.899519,0.126730,-1.253167,-0.025172,-0.010826,0.483838,-0.766220,-0.231437,0.376300,0.018246,-0.005778
23.400000,-0.020853,0.034423,0.038055,0.035880,-0.892181,0.085868,-1.294415,-0.028067,-0.017316,0.583838,-0.694100,-0.312762,0.465030,0.019920,-0.005618
23.433333,-0.031544,0.027648,0.025581,0.029550,-0.919218,0.078784,-1.297601,-0.030668,-0.029590,0.683838,-0.636669,-0.361574,0.553761,0.029643,-0.005648
23.466667,-0.033385,0.026941,0.013825,0.004074,-0.943391,0.075337,-1.260787,-0.023944,-0.035751,0.783838,-0.590709,-0.403227,0.653761,0.023774,0.006859
23.500000,-0.033420,0.022913,0.021798,-0.032055,-0.996099,0.064472,-1.186814,-0.024617,-0.029974,0.883838,-0.560751,-0.425483,0.753761,0.020989,0.009527
23.533333,-0.032904,0.015114,0.016700,-0.043363,-1.056981,0.044712,-1.112333,-0.015008,-0.029706,0.983838,-0.562734,-0.421196,0.853761,0.015351,0.007346
23.566667,-0.033470,0.013371,0.011823,-0.084098,-1.133416,0.051947,-1.012333,-0.006711,-0.017697,1.083838,-0.604718,-0.400093,0.953761,0.007336,0.014004
23.600000,-0.035452,0.006336,0.013637,-0.123658,-1.194552,0.036591,-0.912333,-0.003871,-0.021573,1.143838,-0.667751,-0.383856,1.039789,0.003825,0.008624
23.633333,-0.032461,0.003403,0.019026,-0.160015,-1.228066,0.026416,-0.812333,-0.007275,-0.017885,1.163838,-0.759314,-0.360052,1.088719,0.008403,-0.000576
23.666667,-0.028968,0.007623,0.013923,-0.191277,-1.259198,0.045450,-0.712333,-0.003214,-0.011940,1.143838,-0.859314,-0.332302,1.097649,0.003346,-0.004576
23.700000,-0.025331,0.006493,0.014207,-0.229458,-1.290307,0.051384,-0.612333,-0.002188,-0.015178,1.083838,-0.959314,-0.291095,1.066578,0.004140,-0.007256
23.733333,-0.015863,0.006493,0.007299,-0.238140,-1.297737,0.057046,-0.516271,-0.002685,-0.017346,0.983838,-1.059314,-0.249488,0.995508,0.007686,-0.013884
23.766667,-0.011510,0.009728,-0.000843,-0.242467,-1.318888,0.053602,-0.454120,-0.000936,-0.017216,0.883838,-1.159314,-0.204936,0.898410,0.006391,-0.010931
23.800000,-0.010548,0.011334,-0.002692,-0.240646,-1.350999,0.059550,-0.421358,0.003295,-0.016758,0.783838,-1.242520,-0.158410,0.798410,0.003512,-0.011064
23.833333,-0.013121,0.007362,0.001088,-0.240558,-1.352453,0.041142,-0.411368,0.004364,-0.021657,0.683838,-1.300929,-0.127872,0.698546,0.002152,-0.003281
23.866667,-0.008684,0.013370,0.003094,-0.255078,-1.339709,0.026648,-0.420013,0.004230,-0.011738,0.583838,-1.351066,-0.115619,0.637781,-0.003323,0.000452
23.900000,-0.014291,0.015750,0.010528,-0.259728,-1.341763,0.020243,-0.454166,0.001838,-0.013216,0.483838,-1.372807,-0.111635,0.577016,-0.002441,0.001489
23.933333,-0.016387,0.014894,0.018530,-0.259692,-1.330909,0.029420,-0.474407,0.001893,-0.010691,0.403838,-1.374547,-0.118244,0.536251,-0.003420,-0.000398
23.966667,-0.016902,0.015668,0.018598,-0.257767,-1.328703,0.029996,-0.485260,0.002155,-0.008016,0.343838,-1.373082,-0.121553,0.515486,-0.003784,0.000647
